agg_level_desc,asd_desc,commodity_desc,state_alpha,freq_desc,country_code,domain_desc,watershed_code,county_ansi,group_desc,end_code,state_ansi,begin_code,sector_desc,zip_5,year,Value,unit_desc,location_desc,asd_code,reference_period_desc,watershed_desc,util_practice_desc,county_name,country_name,region_desc,class_desc,load_time,prodn_practice_desc,state_fips_code,week_ending,short_desc,statisticcat_desc,congr_district_code,state_name,domaincat_desc,source_desc,CV (%),county_code
STATE,,CORN,IA,ANNUAL,9000,CHEMICAL,00000000,,FIELD CROPS,00,19,00,ENVIRONMENTAL,,2018,"6,230",ACRES,IOWA,,YEAR,,GRAIN,,UNITED STATES,,ALL CLASSES,2018-02-01 00:00:00.000,"IRRIGATED, CHEMIGATION",19,,"CORN, GRAIN, IRRIGATED, CHEMIGATION - TREATED, MEASURED IN ACRES",TREATED,,IOWA,CHEMICAL: (TOTAL),CENSUS,70.4,
STATE,,CORN,IA,ANNUAL,9000,CHEMICAL,00000000,,FIELD CROPS,00,19,00,ENVIRONMENTAL,,2013,                 (D),ACRES,IOWA,,YEAR,,GRAIN,,UNITED STATES,,ALL CLASSES,2012-12-31 00:00:00.000,"IRRIGATED, CHEMIGATION",19,,"CORN, GRAIN, IRRIGATED, CHEMIGATION - TREATED, MEASURED IN ACRES",TREATED,,IOWA,CHEMICAL: (TOTAL),CENSUS,,
STATE,,CORN,IA,ANNUAL,9000,FERTILIZER,00000000,,FIELD CROPS,00,19,00,ENVIRONMENTAL,,2023,"16,971",ACRES,IOWA,,YEAR,,GRAIN,,UNITED STATES,,ALL CLASSES,2024-10-31 12:00:00.000,"IRRIGATED, CHEMIGATION",19,,"CORN, GRAIN, IRRIGATED, CHEMIGATION - TREATED, MEASURED IN ACRES",TREATED,,IOWA,FERTILIZER: (TOTAL),CENSUS,66.1,
STATE,,CORN,IA,ANNUAL,9000,FERTILIZER,00000000,,FIELD CROPS,00,19,00,ENVIRONMENTAL,,2018,"18,807",ACRES,IOWA,,YEAR,,GRAIN,,UNITED STATES,,ALL CLASSES,2018-02-01 00:00:00.000,"IRRIGATED, CHEMIGATION",19,,"CORN, GRAIN, IRRIGATED, CHEMIGATION - TREATED, MEASURED IN ACRES",TREATED,,IOWA,FERTILIZER: (TOTAL),CENSUS,46.1,
STATE,,CORN,IA,ANNUAL,9000,FERTILIZER,00000000,,FIELD CROPS,00,19,00,ENVIRONMENTAL,,2013,"18,000",ACRES,IOWA,,YEAR,,GRAIN,,UNITED STATES,,ALL CLASSES,2012-12-31 00:00:00.000,"IRRIGATED, CHEMIGATION",19,,"CORN, GRAIN, IRRIGATED, CHEMIGATION - TREATED, MEASURED IN ACRES",TREATED,,IOWA,FERTILIZER: (TOTAL),CENSUS,,
STATE,,CORN,IA,ANNUAL,9000,CHEMICAL,00000000,,FIELD CROPS,00,19,00,ENVIRONMENTAL,,2018,52,OPERATIONS,IOWA,,YEAR,,GRAIN,,UNITED STATES,,ALL CLASSES,2018-02-01 00:00:00.000,"IRRIGATED, CHEMIGATION",19,,"CORN, GRAIN, IRRIGATED, CHEMIGATION - OPERATIONS WITH TREATED",TREATED,,IOWA,CHEMICAL: (TOTAL),CENSUS,51.3,
STATE,,CORN,IA,ANNUAL,9000,CHEMICAL,00000000,,FIELD CROPS,00,19,00,ENVIRONMENTAL,,2013,2,OPERATIONS,IOWA,,YEAR,,GRAIN,,UNITED STATES,,ALL CLASSES,2012-12-31 00:00:00.000,"IRRIGATED, CHEMIGATION",19,,"CORN, GRAIN, IRRIGATED, CHEMIGATION - OPERATIONS WITH TREATED",TREATED,,IOWA,CHEMICAL: (TOTAL),CENSUS,,
STATE,,CORN,IA,ANNUAL,9000,FERTILIZER,00000000,,FIELD CROPS,00,19,00,ENVIRONMENTAL,,2023,74,OPERATIONS,IOWA,,YEAR,,GRAIN,,UNITED STATES,,ALL CLASSES,2024-10-31 12:00:00.000,"IRRIGATED, CHEMIGATION",19,,"CORN, GRAIN, IRRIGATED, CHEMIGATION - OPERATIONS WITH TREATED",TREATED,,IOWA,FERTILIZER: (TOTAL),CENSUS,41.5,
STATE,,CORN,IA,ANNUAL,9000,FERTILIZER,00000000,,FIELD CROPS,00,19,00,ENVIRONMENTAL,,2018,101,OPERATIONS,IOWA,,YEAR,,GRAIN,,UNITED STATES,,ALL CLASSES,2018-02-01 00:00:00.000,"IRRIGATED, CHEMIGATION",19,,"CORN, GRAIN, IRRIGATED, CHEMIGATION - OPERATIONS WITH TREATED",TREATED,,IOWA,FERTILIZER: (TOTAL),CENSUS,37.6,
STATE,,CORN,IA,ANNUAL,9000,FERTILIZER,00000000,,FIELD CROPS,00,19,00,ENVIRONMENTAL,,2013,70,OPERATIONS,IOWA,,YEAR,,GRAIN,,UNITED STATES,,ALL CLASSES,2012-12-31 00:00:00.000,"IRRIGATED, CHEMIGATION",19,,"CORN, GRAIN, IRRIGATED, CHEMIGATION - OPERATIONS WITH TREATED",TREATED,,IOWA,FERTILIZER: (TOTAL),CENSUS,,
STATE,,CORN,IA,ANNUAL,9000,CHEMICAL,00000000,,FIELD CROPS,00,19,00,ENVIRONMENTAL,,2013,                 (D),ACRES,IOWA,,YEAR,,SILAGE,,UNITED STATES,,ALL CLASSES,2012-12-31 00:00:00.000,"IRRIGATED, CHEMIGATION",19,,"CORN, SILAGE, IRRIGATED, CHEMIGATION - TREATED, MEASURED IN ACRES",TREATED,,IOWA,CHEMICAL: (TOTAL),CENSUS,,
STATE,,CORN,IA,ANNUAL,9000,FERTILIZER,00000000,,FIELD CROPS,00,19,00,ENVIRONMENTAL,,2013,                 (D),ACRES,IOWA,,YEAR,,SILAGE,,UNITED STATES,,ALL CLASSES,2012-12-31 00:00:00.000,"IRRIGATED, CHEMIGATION",19,,"CORN, SILAGE, IRRIGATED, CHEMIGATION - TREATED, MEASURED IN ACRES",TREATED,,IOWA,FERTILIZER: (TOTAL),CENSUS,,
STATE,,CORN,IA,ANNUAL,9000,CHEMICAL,00000000,,FIELD CROPS,00,19,00,ENVIRONMENTAL,,2013,2,OPERATIONS,IOWA,,YEAR,,SILAGE,,UNITED STATES,,ALL CLASSES,2012-12-31 00:00:00.000,"IRRIGATED, CHEMIGATION",19,,"CORN, SILAGE, IRRIGATED, CHEMIGATION - OPERATIONS WITH TREATED",TREATED,,IOWA,CHEMICAL: (TOTAL),CENSUS,,
STATE,,CORN,IA,ANNUAL,9000,FERTILIZER,00000000,,FIELD CROPS,00,19,00,ENVIRONMENTAL,,2013,2,OPERATIONS,IOWA,,YEAR,,SILAGE,,UNITED STATES,,ALL CLASSES,2012-12-31 00:00:00.000,"IRRIGATED, CHEMIGATION",19,,"CORN, SILAGE, IRRIGATED, CHEMIGATION - OPERATIONS WITH TREATED",TREATED,,IOWA,FERTILIZER: (TOTAL),CENSUS,,
STATE,,CORN,IA,ANNUAL,9000,"CHEMICAL, FUNGICIDE",00000000,,FIELD CROPS,00,19,00,ENVIRONMENTAL,,2021,13,"PCT OF AREA PLANTED, AVG",IOWA,,YEAR,,ALL UTILIZATION PRACTICES,,UNITED STATES,,ALL CLASSES,2021-05-13 15:00:30.000,ALL PRODUCTION PRACTICES,19,,"CORN - TREATED, MEASURED IN PCT OF AREA PLANTED, AVG",TREATED,,IOWA,"CHEMICAL, FUNGICIDE: (AZOXYSTROBIN = 128810)",SURVEY,,
STATE,,CORN,IA,ANNUAL,9000,"CHEMICAL, FUNGICIDE",00000000,,FIELD CROPS,00,19,00,ENVIRONMENTAL,,2018,9,"PCT OF AREA PLANTED, AVG",IOWA,,YEAR,,ALL UTILIZATION PRACTICES,,UNITED STATES,,ALL CLASSES,2018-05-10 15:16:25.000,ALL PRODUCTION PRACTICES,19,,"CORN - TREATED, MEASURED IN PCT OF AREA PLANTED, AVG",TREATED,,IOWA,"CHEMICAL, FUNGICIDE: (AZOXYSTROBIN = 128810)",SURVEY,,
STATE,,CORN,IA,ANNUAL,9000,"CHEMICAL, FUNGICIDE",00000000,,FIELD CROPS,00,19,00,ENVIRONMENTAL,,2016,10,"PCT OF AREA PLANTED, AVG",IOWA,,YEAR,,ALL UTILIZATION PRACTICES,,UNITED STATES,,ALL CLASSES,2016-08-31 14:19:39.000,ALL PRODUCTION PRACTICES,19,,"CORN - TREATED, MEASURED IN PCT OF AREA PLANTED, AVG",TREATED,,IOWA,"CHEMICAL, FUNGICIDE: (AZOXYSTROBIN = 128810)",SURVEY,,
STATE,,CORN,IA,ANNUAL,9000,"CHEMICAL, FUNGICIDE",00000000,,FIELD CROPS,00,19,00,ENVIRONMENTAL,,2014,5,"PCT OF AREA PLANTED, AVG",IOWA,,YEAR,,ALL UTILIZATION PRACTICES,,UNITED STATES,,ALL CLASSES,2014-05-14 15:12:54.000,ALL PRODUCTION PRACTICES,19,,"CORN - TREATED, MEASURED IN PCT OF AREA PLANTED, AVG",TREATED,,IOWA,"CHEMICAL, FUNGICIDE: (AZOXYSTROBIN = 128810)",SURVEY,,
STATE,,CORN,IA,ANNUAL,9000,"CHEMICAL, FUNGICIDE",00000000,,FIELD CROPS,00,19,00,ENVIRONMENTAL,,2010,                 (D),"PCT OF AREA PLANTED, AVG",IOWA,,YEAR,,ALL UTILIZATION PRACTICES,,UNITED STATES,,ALL CLASSES,2012-01-01 00:00:00.000,ALL PRODUCTION PRACTICES,19,,"CORN - TREATED, MEASURED IN PCT OF AREA PLANTED, AVG",TREATED,,IOWA,"CHEMICAL, FUNGICIDE: (AZOXYSTROBIN = 128810)",SURVEY,,
STATE,,CORN,IA,ANNUAL,9000,"CHEMICAL, FUNGICIDE",00000000,,FIELD CROPS,00,19,00,ENVIRONMENTAL,,2021,                 (D),"PCT OF AREA PLANTED, AVG",IOWA,,YEAR,,ALL UTILIZATION PRACTICES,,UNITED STATES,,ALL CLASSES,2021-05-13 15:00:30.000,ALL PRODUCTION PRACTICES,19,,"CORN - TREATED, MEASURED IN PCT OF AREA PLANTED, AVG",TREATED,,IOWA,"CHEMICAL, FUNGICIDE: (BENZOVINDIFLUPYR = 122305)",SURVEY,,
STATE,,CORN,IA,ANNUAL,9000,"CHEMICAL, FUNGICIDE",00000000,,FIELD CROPS,00,19,00,ENVIRONMENTAL,,2018,3,"PCT OF AREA PLANTED, AVG",IOWA,,YEAR,,ALL UTILIZATION PRACTICES,,UNITED STATES,,ALL CLASSES,2018-05-10 15:16:25.000,ALL PRODUCTION PRACTICES,19,,"CORN - TREATED, MEASURED IN PCT OF AREA PLANTED, AVG",TREATED,,IOWA,"CHEMICAL, FUNGICIDE: (BENZOVINDIFLUPYR = 122305)",SURVEY,,
STATE,,CORN,IA,ANNUAL,9000,"CHEMICAL, FUNGICIDE",00000000,,FIELD CROPS,00,19,00,ENVIRONMENTAL,,2018,                 (D),"PCT OF AREA PLANTED, AVG",IOWA,,YEAR,,ALL UTILIZATION PRACTICES,,UNITED STATES,,ALL CLASSES,2018-05-10 15:16:25.000,ALL PRODUCTION PRACTICES,19,,"CORN - TREATED, MEASURED IN PCT OF AREA PLANTED, AVG",TREATED,,IOWA,"CHEMICAL, FUNGICIDE: (CAPTAN = 81301)",SURVEY,,
STATE,,CORN,IA,ANNUAL,9000,"CHEMICAL, FUNGICIDE",00000000,,FIELD CROPS,00,19,00,ENVIRONMENTAL,,2018,                 (D),"PCT OF AREA PLANTED, AVG",IOWA,,YEAR,,ALL UTILIZATION PRACTICES,,UNITED STATES,,ALL CLASSES,2018-05-10 15:16:25.000,ALL PRODUCTION PRACTICES,19,,"CORN - TREATED, MEASURED IN PCT OF AREA PLANTED, AVG",TREATED,,IOWA,"CHEMICAL, FUNGICIDE: (CYPROCONAZOLE = 128993)",SURVEY,,
STATE,,CORN,IA,ANNUAL,9000,"CHEMICAL, FUNGICIDE",00000000,,FIELD CROPS,00,19,00,ENVIRONMENTAL,,2021,                 (D),"PCT OF AREA PLANTED, AVG",IOWA,,YEAR,,ALL UTILIZATION PRACTICES,,UNITED STATES,,ALL CLASSES,2021-05-13 15:00:30.000,ALL PRODUCTION PRACTICES,19,,"CORN - TREATED, MEASURED IN PCT OF AREA PLANTED, AVG",TREATED,,IOWA,"CHEMICAL, FUNGICIDE: (FLUOPYRAM = 80302)",SURVEY,,
STATE,,CORN,IA,ANNUAL,9000,"CHEMICAL, FUNGICIDE",00000000,,FIELD CROPS,00,19,00,ENVIRONMENTAL,,2018,                 (D),"PCT OF AREA PLANTED, AVG",IOWA,,YEAR,,ALL UTILIZATION PRACTICES,,UNITED STATES,,ALL CLASSES,2018-05-10 15:16:25.000,ALL PRODUCTION PRACTICES,19,,"CORN - TREATED, MEASURED IN PCT OF AREA PLANTED, AVG",TREATED,,IOWA,"CHEMICAL, FUNGICIDE: (FLUOXASTROBIN = 28869)",SURVEY,,
STATE,,CORN,IA,ANNUAL,9000,"CHEMICAL, FUNGICIDE",00000000,,FIELD CROPS,00,19,00,ENVIRONMENTAL,,2014,                 (D),"PCT OF AREA PLANTED, AVG",IOWA,,YEAR,,ALL UTILIZATION PRACTICES,,UNITED STATES,,ALL CLASSES,2014-05-14 15:12:54.000,ALL PRODUCTION PRACTICES,19,,"CORN - TREATED, MEASURED IN PCT OF AREA PLANTED, AVG",TREATED,,IOWA,"CHEMICAL, FUNGICIDE: (FLUOXASTROBIN = 28869)",SURVEY,,
STATE,,CORN,IA,ANNUAL,9000,"CHEMICAL, FUNGICIDE",00000000,,FIELD CROPS,00,19,00,ENVIRONMENTAL,,2016,                 (D),"PCT OF AREA PLANTED, AVG",IOWA,,YEAR,,ALL UTILIZATION PRACTICES,,UNITED STATES,,ALL CLASSES,2016-08-31 14:19:39.000,ALL PRODUCTION PRACTICES,19,,"CORN - TREATED, MEASURED IN PCT OF AREA PLANTED, AVG",TREATED,,IOWA,"CHEMICAL, FUNGICIDE: (FLUXAPYROXAD = 138009)",SURVEY,,
STATE,,CORN,IA,ANNUAL,9000,"CHEMICAL, FUNGICIDE",00000000,,FIELD CROPS,00,19,00,ENVIRONMENTAL,,2014,                 (D),"PCT OF AREA PLANTED, AVG",IOWA,,YEAR,,ALL UTILIZATION PRACTICES,,UNITED STATES,,ALL CLASSES,2014-05-14 15:12:54.000,ALL PRODUCTION PRACTICES,19,,"CORN - TREATED, MEASURED IN PCT OF AREA PLANTED, AVG",TREATED,,IOWA,"CHEMICAL, FUNGICIDE: (FLUXAPYROXAD = 138009)",SURVEY,,
STATE,,CORN,IA,ANNUAL,9000,"CHEMICAL, FUNGICIDE",00000000,,FIELD CROPS,00,19,00,ENVIRONMENTAL,,2021,                 (D),"PCT OF AREA PLANTED, AVG",IOWA,,YEAR,,ALL UTILIZATION PRACTICES,,UNITED STATES,,ALL CLASSES,2021-05-13 15:00:30.000,ALL PRODUCTION PRACTICES,19,,"CORN - TREATED, MEASURED IN PCT OF AREA PLANTED, AVG",TREATED,,IOWA,"CHEMICAL, FUNGICIDE: (MEFENTRIFLUCONAZOLE = 122000)",SURVEY,,
STATE,,CORN,IA,ANNUAL,9000,"CHEMICAL, FUNGICIDE",00000000,,FIELD CROPS,00,19,00,ENVIRONMENTAL,,2021,                 (D),"PCT OF AREA PLANTED, AVG",IOWA,,YEAR,,ALL UTILIZATION PRACTICES,,UNITED STATES,,ALL CLASSES,2021-05-13 15:00:30.000,ALL PRODUCTION PRACTICES,19,,"CORN - TREATED, MEASURED IN PCT OF AREA PLANTED, AVG",TREATED,,IOWA,"CHEMICAL, FUNGICIDE: (METCONAZOLE = 125619)",SURVEY,,
STATE,,CORN,IA,ANNUAL,9000,"CHEMICAL, FUNGICIDE",00000000,,FIELD CROPS,00,19,00,ENVIRONMENTAL,,2018,                 (D),"PCT OF AREA PLANTED, AVG",IOWA,,YEAR,,ALL UTILIZATION PRACTICES,,UNITED STATES,,ALL CLASSES,2018-05-10 15:16:25.000,ALL PRODUCTION PRACTICES,19,,"CORN - TREATED, MEASURED IN PCT OF AREA PLANTED, AVG",TREATED,,IOWA,"CHEMICAL, FUNGICIDE: (METCONAZOLE = 125619)",SURVEY,,
STATE,,CORN,IA,ANNUAL,9000,"CHEMICAL, FUNGICIDE",00000000,,FIELD CROPS,00,19,00,ENVIRONMENTAL,,2016,5,"PCT OF AREA PLANTED, AVG",IOWA,,YEAR,,ALL UTILIZATION PRACTICES,,UNITED STATES,,ALL CLASSES,2016-08-31 14:19:39.000,ALL PRODUCTION PRACTICES,19,,"CORN - TREATED, MEASURED IN PCT OF AREA PLANTED, AVG",TREATED,,IOWA,"CHEMICAL, FUNGICIDE: (METCONAZOLE = 125619)",SURVEY,,
STATE,,CORN,IA,ANNUAL,9000,"CHEMICAL, FUNGICIDE",00000000,,FIELD CROPS,00,19,00,ENVIRONMENTAL,,2014,1,"PCT OF AREA PLANTED, AVG",IOWA,,YEAR,,ALL UTILIZATION PRACTICES,,UNITED STATES,,ALL CLASSES,2014-05-14 15:12:54.000,ALL PRODUCTION PRACTICES,19,,"CORN - TREATED, MEASURED IN PCT OF AREA PLANTED, AVG",TREATED,,IOWA,"CHEMICAL, FUNGICIDE: (METCONAZOLE = 125619)",SURVEY,,
STATE,,CORN,IA,ANNUAL,9000,"CHEMICAL, FUNGICIDE",00000000,,FIELD CROPS,00,19,00,ENVIRONMENTAL,,2018,                 (D),"PCT OF AREA PLANTED, AVG",IOWA,,YEAR,,ALL UTILIZATION PRACTICES,,UNITED STATES,,ALL CLASSES,2018-05-10 15:16:25.000,ALL PRODUCTION PRACTICES,19,,"CORN - TREATED, MEASURED IN PCT OF AREA PLANTED, AVG",TREATED,,IOWA,"CHEMICAL, FUNGICIDE: (PICOXYSTROBIN = 129200)",SURVEY,,
STATE,,CORN,IA,ANNUAL,9000,"CHEMICAL, FUNGICIDE",00000000,,FIELD CROPS,00,19,00,ENVIRONMENTAL,,2014,                 (D),"PCT OF AREA PLANTED, AVG",IOWA,,YEAR,,ALL UTILIZATION PRACTICES,,UNITED STATES,,ALL CLASSES,2014-05-14 15:12:54.000,ALL PRODUCTION PRACTICES,19,,"CORN - TREATED, MEASURED IN PCT OF AREA PLANTED, AVG",TREATED,,IOWA,"CHEMICAL, FUNGICIDE: (PICOXYSTROBIN = 129200)",SURVEY,,
STATE,,CORN,IA,ANNUAL,9000,"CHEMICAL, FUNGICIDE",00000000,,FIELD CROPS,00,19,00,ENVIRONMENTAL,,2021,13,"PCT OF AREA PLANTED, AVG",IOWA,,YEAR,,ALL UTILIZATION PRACTICES,,UNITED STATES,,ALL CLASSES,2021-05-13 15:00:30.000,ALL PRODUCTION PRACTICES,19,,"CORN - TREATED, MEASURED IN PCT OF AREA PLANTED, AVG",TREATED,,IOWA,"CHEMICAL, FUNGICIDE: (PROPICONAZOLE = 122101)",SURVEY,,
STATE,,CORN,IA,ANNUAL,9000,"CHEMICAL, FUNGICIDE",00000000,,FIELD CROPS,00,19,00,ENVIRONMENTAL,,2018,9,"PCT OF AREA PLANTED, AVG",IOWA,,YEAR,,ALL UTILIZATION PRACTICES,,UNITED STATES,,ALL CLASSES,2018-05-10 15:16:25.000,ALL PRODUCTION PRACTICES,19,,"CORN - TREATED, MEASURED IN PCT OF AREA PLANTED, AVG",TREATED,,IOWA,"CHEMICAL, FUNGICIDE: (PROPICONAZOLE = 122101)",SURVEY,,
STATE,,CORN,IA,ANNUAL,9000,"CHEMICAL, FUNGICIDE",00000000,,FIELD CROPS,00,19,00,ENVIRONMENTAL,,2016,11,"PCT OF AREA PLANTED, AVG",IOWA,,YEAR,,ALL UTILIZATION PRACTICES,,UNITED STATES,,ALL CLASSES,2016-08-31 14:19:39.000,ALL PRODUCTION PRACTICES,19,,"CORN - TREATED, MEASURED IN PCT OF AREA PLANTED, AVG",TREATED,,IOWA,"CHEMICAL, FUNGICIDE: (PROPICONAZOLE = 122101)",SURVEY,,
STATE,,CORN,IA,ANNUAL,9000,"CHEMICAL, FUNGICIDE",00000000,,FIELD CROPS,00,19,00,ENVIRONMENTAL,,2014,7,"PCT OF AREA PLANTED, AVG",IOWA,,YEAR,,ALL UTILIZATION PRACTICES,,UNITED STATES,,ALL CLASSES,2014-05-14 15:12:54.000,ALL PRODUCTION PRACTICES,19,,"CORN - TREATED, MEASURED IN PCT OF AREA PLANTED, AVG",TREATED,,IOWA,"CHEMICAL, FUNGICIDE: (PROPICONAZOLE = 122101)",SURVEY,,
STATE,,CORN,IA,ANNUAL,9000,"CHEMICAL, FUNGICIDE",00000000,,FIELD CROPS,00,19,00,ENVIRONMENTAL,,2010,                 (D),"PCT OF AREA PLANTED, AVG",IOWA,,YEAR,,ALL UTILIZATION PRACTICES,,UNITED STATES,,ALL CLASSES,2012-01-01 00:00:00.000,ALL PRODUCTION PRACTICES,19,,"CORN - TREATED, MEASURED IN PCT OF AREA PLANTED, AVG",TREATED,,IOWA,"CHEMICAL, FUNGICIDE: (PROPICONAZOLE = 122101)",SURVEY,,
STATE,,CORN,IA,ANNUAL,9000,"CHEMICAL, FUNGICIDE",00000000,,FIELD CROPS,00,19,00,ENVIRONMENTAL,,2021,9,"PCT OF AREA PLANTED, AVG",IOWA,,YEAR,,ALL UTILIZATION PRACTICES,,UNITED STATES,,ALL CLASSES,2021-05-13 15:00:30.000,ALL PRODUCTION PRACTICES,19,,"CORN - TREATED, MEASURED IN PCT OF AREA PLANTED, AVG",TREATED,,IOWA,"CHEMICAL, FUNGICIDE: (PROTHIOCONAZOLE = 113961)",SURVEY,,
STATE,,CORN,IA,ANNUAL,9000,"CHEMICAL, FUNGICIDE",00000000,,FIELD CROPS,00,19,00,ENVIRONMENTAL,,2018,6,"PCT OF AREA PLANTED, AVG",IOWA,,YEAR,,ALL UTILIZATION PRACTICES,,UNITED STATES,,ALL CLASSES,2018-05-10 15:16:25.000,ALL PRODUCTION PRACTICES,19,,"CORN - TREATED, MEASURED IN PCT OF AREA PLANTED, AVG",TREATED,,IOWA,"CHEMICAL, FUNGICIDE: (PROTHIOCONAZOLE = 113961)",SURVEY,,
STATE,,CORN,IA,ANNUAL,9000,"CHEMICAL, FUNGICIDE",00000000,,FIELD CROPS,00,19,00,ENVIRONMENTAL,,2014,                 (D),"PCT OF AREA PLANTED, AVG",IOWA,,YEAR,,ALL UTILIZATION PRACTICES,,UNITED STATES,,ALL CLASSES,2014-05-14 15:12:54.000,ALL PRODUCTION PRACTICES,19,,"CORN - TREATED, MEASURED IN PCT OF AREA PLANTED, AVG",TREATED,,IOWA,"CHEMICAL, FUNGICIDE: (PROTHIOCONAZOLE = 113961)",SURVEY,,
STATE,,CORN,IA,ANNUAL,9000,"CHEMICAL, FUNGICIDE",00000000,,FIELD CROPS,00,19,00,ENVIRONMENTAL,,2021,                 (D),"PCT OF AREA PLANTED, AVG",IOWA,,YEAR,,ALL UTILIZATION PRACTICES,,UNITED STATES,,ALL CLASSES,2021-05-13 15:00:30.000,ALL PRODUCTION PRACTICES,19,,"CORN - TREATED, MEASURED IN PCT OF AREA PLANTED, AVG",TREATED,,IOWA,"CHEMICAL, FUNGICIDE: (PYDIFLUMETOFEN = 90110)",SURVEY,,
STATE,,CORN,IA,ANNUAL,9000,"CHEMICAL, FUNGICIDE",00000000,,FIELD CROPS,00,19,00,ENVIRONMENTAL,,2021,                 (D),"PCT OF AREA PLANTED, AVG",IOWA,,YEAR,,ALL UTILIZATION PRACTICES,,UNITED STATES,,ALL CLASSES,2021-05-13 15:00:30.000,ALL PRODUCTION PRACTICES,19,,"CORN - TREATED, MEASURED IN PCT OF AREA PLANTED, AVG",TREATED,,IOWA,"CHEMICAL, FUNGICIDE: (PYRACLOSTROBIN = 99100)",SURVEY,,
STATE,,CORN,IA,ANNUAL,9000,"CHEMICAL, FUNGICIDE",00000000,,FIELD CROPS,00,19,00,ENVIRONMENTAL,,2018,8,"PCT OF AREA PLANTED, AVG",IOWA,,YEAR,,ALL UTILIZATION PRACTICES,,UNITED STATES,,ALL CLASSES,2018-05-10 15:16:25.000,ALL PRODUCTION PRACTICES,19,,"CORN - TREATED, MEASURED IN PCT OF AREA PLANTED, AVG",TREATED,,IOWA,"CHEMICAL, FUNGICIDE: (PYRACLOSTROBIN = 99100)",SURVEY,,
STATE,,CORN,IA,ANNUAL,9000,"CHEMICAL, FUNGICIDE",00000000,,FIELD CROPS,00,19,00,ENVIRONMENTAL,,2016,12,"PCT OF AREA PLANTED, AVG",IOWA,,YEAR,,ALL UTILIZATION PRACTICES,,UNITED STATES,,ALL CLASSES,2016-08-31 14:19:39.000,ALL PRODUCTION PRACTICES,19,,"CORN - TREATED, MEASURED IN PCT OF AREA PLANTED, AVG",TREATED,,IOWA,"CHEMICAL, FUNGICIDE: (PYRACLOSTROBIN = 99100)",SURVEY,,
STATE,,CORN,IA,ANNUAL,9000,"CHEMICAL, FUNGICIDE",00000000,,FIELD CROPS,00,19,00,ENVIRONMENTAL,,2014,9,"PCT OF AREA PLANTED, AVG",IOWA,,YEAR,,ALL UTILIZATION PRACTICES,,UNITED STATES,,ALL CLASSES,2014-05-14 15:12:54.000,ALL PRODUCTION PRACTICES,19,,"CORN - TREATED, MEASURED IN PCT OF AREA PLANTED, AVG",TREATED,,IOWA,"CHEMICAL, FUNGICIDE: (PYRACLOSTROBIN = 99100)",SURVEY,,
STATE,,CORN,IA,ANNUAL,9000,"CHEMICAL, FUNGICIDE",00000000,,FIELD CROPS,00,19,00,ENVIRONMENTAL,,2010,8,"PCT OF AREA PLANTED, AVG",IOWA,,YEAR,,ALL UTILIZATION PRACTICES,,UNITED STATES,,ALL CLASSES,2012-01-01 00:00:00.000,ALL PRODUCTION PRACTICES,19,,"CORN - TREATED, MEASURED IN PCT OF AREA PLANTED, AVG",TREATED,,IOWA,"CHEMICAL, FUNGICIDE: (PYRACLOSTROBIN = 99100)",SURVEY,,
STATE,,CORN,IA,ANNUAL,9000,"CHEMICAL, FUNGICIDE",00000000,,FIELD CROPS,00,19,00,ENVIRONMENTAL,,2021,                 (D),"PCT OF AREA PLANTED, AVG",IOWA,,YEAR,,ALL UTILIZATION PRACTICES,,UNITED STATES,,ALL CLASSES,2021-05-13 15:00:30.000,ALL PRODUCTION PRACTICES,19,,"CORN - TREATED, MEASURED IN PCT OF AREA PLANTED, AVG",TREATED,,IOWA,"CHEMICAL, FUNGICIDE: (TEBUCONAZOLE = 128997)",SURVEY,,
STATE,,CORN,IA,ANNUAL,9000,"CHEMICAL, FUNGICIDE",00000000,,FIELD CROPS,00,19,00,ENVIRONMENTAL,,2014,                 (D),"PCT OF AREA PLANTED, AVG",IOWA,,YEAR,,ALL UTILIZATION PRACTICES,,UNITED STATES,,ALL CLASSES,2014-05-14 15:12:54.000,ALL PRODUCTION PRACTICES,19,,"CORN - TREATED, MEASURED IN PCT OF AREA PLANTED, AVG",TREATED,,IOWA,"CHEMICAL, FUNGICIDE: (TEBUCONAZOLE = 128997)",SURVEY,,
STATE,,CORN,IA,ANNUAL,9000,"CHEMICAL, FUNGICIDE",00000000,,FIELD CROPS,00,19,00,ENVIRONMENTAL,,2018,                 (D),"PCT OF AREA PLANTED, AVG",IOWA,,YEAR,,ALL UTILIZATION PRACTICES,,UNITED STATES,,ALL CLASSES,2018-05-10 15:16:25.000,ALL PRODUCTION PRACTICES,19,,"CORN - TREATED, MEASURED IN PCT OF AREA PLANTED, AVG",TREATED,,IOWA,"CHEMICAL, FUNGICIDE: (TETRACONAZOLE = 120603)",SURVEY,,
STATE,,CORN,IA,ANNUAL,9000,"CHEMICAL, FUNGICIDE",00000000,,FIELD CROPS,00,19,00,ENVIRONMENTAL,,2016,                 (D),"PCT OF AREA PLANTED, AVG",IOWA,,YEAR,,ALL UTILIZATION PRACTICES,,UNITED STATES,,ALL CLASSES,2016-08-31 14:19:39.000,ALL PRODUCTION PRACTICES,19,,"CORN - TREATED, MEASURED IN PCT OF AREA PLANTED, AVG",TREATED,,IOWA,"CHEMICAL, FUNGICIDE: (TETRACONAZOLE = 120603)",SURVEY,,
STATE,,CORN,IA,ANNUAL,9000,"CHEMICAL, FUNGICIDE",00000000,,FIELD CROPS,00,19,00,ENVIRONMENTAL,,2021,26,"PCT OF AREA PLANTED, AVG",IOWA,,YEAR,,ALL UTILIZATION PRACTICES,,UNITED STATES,,ALL CLASSES,2021-05-13 15:00:30.000,ALL PRODUCTION PRACTICES,19,,"CORN - TREATED, MEASURED IN PCT OF AREA PLANTED, AVG",TREATED,,IOWA,"CHEMICAL, FUNGICIDE: (TOTAL)",SURVEY,,
STATE,,CORN,IA,ANNUAL,9000,"CHEMICAL, FUNGICIDE",00000000,,FIELD CROPS,00,19,00,ENVIRONMENTAL,,2018,32,"PCT OF AREA PLANTED, AVG",IOWA,,YEAR,,ALL UTILIZATION PRACTICES,,UNITED STATES,,ALL CLASSES,2018-05-10 15:16:25.000,ALL PRODUCTION PRACTICES,19,,"CORN - TREATED, MEASURED IN PCT OF AREA PLANTED, AVG",TREATED,,IOWA,"CHEMICAL, FUNGICIDE: (TOTAL)",SURVEY,,
STATE,,CORN,IA,ANNUAL,9000,"CHEMICAL, FUNGICIDE",00000000,,FIELD CROPS,00,19,00,ENVIRONMENTAL,,2016,22,"PCT OF AREA PLANTED, AVG",IOWA,,YEAR,,ALL UTILIZATION PRACTICES,,UNITED STATES,,ALL CLASSES,2016-08-31 14:19:39.000,ALL PRODUCTION PRACTICES,19,,"CORN - TREATED, MEASURED IN PCT OF AREA PLANTED, AVG",TREATED,,IOWA,"CHEMICAL, FUNGICIDE: (TOTAL)",SURVEY,,
STATE,,CORN,IA,ANNUAL,9000,"CHEMICAL, FUNGICIDE",00000000,,FIELD CROPS,00,19,00,ENVIRONMENTAL,,2014,19,"PCT OF AREA PLANTED, AVG",IOWA,,YEAR,,ALL UTILIZATION PRACTICES,,UNITED STATES,,ALL CLASSES,2014-05-14 15:12:54.000,ALL PRODUCTION PRACTICES,19,,"CORN - TREATED, MEASURED IN PCT OF AREA PLANTED, AVG",TREATED,,IOWA,"CHEMICAL, FUNGICIDE: (TOTAL)",SURVEY,,
STATE,,CORN,IA,ANNUAL,9000,"CHEMICAL, FUNGICIDE",00000000,,FIELD CROPS,00,19,00,ENVIRONMENTAL,,2010,11,"PCT OF AREA PLANTED, AVG",IOWA,,YEAR,,ALL UTILIZATION PRACTICES,,UNITED STATES,,ALL CLASSES,2012-01-01 00:00:00.000,ALL PRODUCTION PRACTICES,19,,"CORN - TREATED, MEASURED IN PCT OF AREA PLANTED, AVG",TREATED,,IOWA,"CHEMICAL, FUNGICIDE: (TOTAL)",SURVEY,,
STATE,,CORN,IA,ANNUAL,9000,"CHEMICAL, FUNGICIDE",00000000,,FIELD CROPS,00,19,00,ENVIRONMENTAL,,2021,9,"PCT OF AREA PLANTED, AVG",IOWA,,YEAR,,ALL UTILIZATION PRACTICES,,UNITED STATES,,ALL CLASSES,2021-05-13 15:00:30.000,ALL PRODUCTION PRACTICES,19,,"CORN - TREATED, MEASURED IN PCT OF AREA PLANTED, AVG",TREATED,,IOWA,"CHEMICAL, FUNGICIDE: (TRIFLOXYSTROBIN = 129112)",SURVEY,,
STATE,,CORN,IA,ANNUAL,9000,"CHEMICAL, FUNGICIDE",00000000,,FIELD CROPS,00,19,00,ENVIRONMENTAL,,2018,7,"PCT OF AREA PLANTED, AVG",IOWA,,YEAR,,ALL UTILIZATION PRACTICES,,UNITED STATES,,ALL CLASSES,2018-05-10 15:16:25.000,ALL PRODUCTION PRACTICES,19,,"CORN - TREATED, MEASURED IN PCT OF AREA PLANTED, AVG",TREATED,,IOWA,"CHEMICAL, FUNGICIDE: (TRIFLOXYSTROBIN = 129112)",SURVEY,,
STATE,,CORN,IA,ANNUAL,9000,"CHEMICAL, FUNGICIDE",00000000,,FIELD CROPS,00,19,00,ENVIRONMENTAL,,2016,                 (D),"PCT OF AREA PLANTED, AVG",IOWA,,YEAR,,ALL UTILIZATION PRACTICES,,UNITED STATES,,ALL CLASSES,2016-08-31 14:19:39.000,ALL PRODUCTION PRACTICES,19,,"CORN - TREATED, MEASURED IN PCT OF AREA PLANTED, AVG",TREATED,,IOWA,"CHEMICAL, FUNGICIDE: (TRIFLOXYSTROBIN = 129112)",SURVEY,,
STATE,,CORN,IA,ANNUAL,9000,"CHEMICAL, FUNGICIDE",00000000,,FIELD CROPS,00,19,00,ENVIRONMENTAL,,2014,4,"PCT OF AREA PLANTED, AVG",IOWA,,YEAR,,ALL UTILIZATION PRACTICES,,UNITED STATES,,ALL CLASSES,2014-05-14 15:12:54.000,ALL PRODUCTION PRACTICES,19,,"CORN - TREATED, MEASURED IN PCT OF AREA PLANTED, AVG",TREATED,,IOWA,"CHEMICAL, FUNGICIDE: (TRIFLOXYSTROBIN = 129112)",SURVEY,,
STATE,,CORN,IA,ANNUAL,9000,"CHEMICAL, FUNGICIDE",00000000,,FIELD CROPS,00,19,00,ENVIRONMENTAL,,2010,                 (D),"PCT OF AREA PLANTED, AVG",IOWA,,YEAR,,ALL UTILIZATION PRACTICES,,UNITED STATES,,ALL CLASSES,2012-01-01 00:00:00.000,ALL PRODUCTION PRACTICES,19,,"CORN - TREATED, MEASURED IN PCT OF AREA PLANTED, AVG",TREATED,,IOWA,"CHEMICAL, FUNGICIDE: (TRIFLOXYSTROBIN = 129112)",SURVEY,,
STATE,,CORN,IA,ANNUAL,9000,"CHEMICAL, HERBICIDE",00000000,,FIELD CROPS,00,19,00,ENVIRONMENTAL,,2010,                 (D),"PCT OF AREA PLANTED, AVG",IOWA,,YEAR,,ALL UTILIZATION PRACTICES,,UNITED STATES,,ALL CLASSES,2012-01-01 00:00:00.000,ALL PRODUCTION PRACTICES,19,,"CORN - TREATED, MEASURED IN PCT OF AREA PLANTED, AVG",TREATED,,IOWA,"CHEMICAL, HERBICIDE: (2,4-D = 30001)",SURVEY,,
STATE,,CORN,IA,ANNUAL,9000,"CHEMICAL, HERBICIDE",00000000,,FIELD CROPS,00,19,00,ENVIRONMENTAL,,2003,3,"PCT OF AREA PLANTED, AVG",IOWA,,YEAR,,ALL UTILIZATION PRACTICES,,UNITED STATES,,ALL CLASSES,2003-06-11 10:11:36.000,ALL PRODUCTION PRACTICES,19,,"CORN - TREATED, MEASURED IN PCT OF AREA PLANTED, AVG",TREATED,,IOWA,"CHEMICAL, HERBICIDE: (2,4-D = 30001)",SURVEY,,
STATE,,CORN,IA,ANNUAL,9000,"CHEMICAL, HERBICIDE",00000000,,FIELD CROPS,00,19,00,ENVIRONMENTAL,,2002,4,"PCT OF AREA PLANTED, AVG",IOWA,,YEAR,,ALL UTILIZATION PRACTICES,,UNITED STATES,,ALL CLASSES,2002-06-11 10:11:36.000,ALL PRODUCTION PRACTICES,19,,"CORN - TREATED, MEASURED IN PCT OF AREA PLANTED, AVG",TREATED,,IOWA,"CHEMICAL, HERBICIDE: (2,4-D = 30001)",SURVEY,,
STATE,,CORN,IA,ANNUAL,9000,"CHEMICAL, HERBICIDE",00000000,,FIELD CROPS,00,19,00,ENVIRONMENTAL,,2001,3,"PCT OF AREA PLANTED, AVG",IOWA,,YEAR,,ALL UTILIZATION PRACTICES,,UNITED STATES,,ALL CLASSES,2001-06-11 10:11:36.000,ALL PRODUCTION PRACTICES,19,,"CORN - TREATED, MEASURED IN PCT OF AREA PLANTED, AVG",TREATED,,IOWA,"CHEMICAL, HERBICIDE: (2,4-D = 30001)",SURVEY,,
STATE,,CORN,IA,ANNUAL,9000,"CHEMICAL, HERBICIDE",00000000,,FIELD CROPS,00,19,00,ENVIRONMENTAL,,2000,10,"PCT OF AREA PLANTED, AVG",IOWA,,YEAR,,ALL UTILIZATION PRACTICES,,UNITED STATES,,ALL CLASSES,2000-06-11 10:11:36.000,ALL PRODUCTION PRACTICES,19,,"CORN - TREATED, MEASURED IN PCT OF AREA PLANTED, AVG",TREATED,,IOWA,"CHEMICAL, HERBICIDE: (2,4-D = 30001)",SURVEY,,
STATE,,CORN,IA,ANNUAL,9000,"CHEMICAL, HERBICIDE",00000000,,FIELD CROPS,00,19,00,ENVIRONMENTAL,,2021,                 (D),"PCT OF AREA PLANTED, AVG",IOWA,,YEAR,,ALL UTILIZATION PRACTICES,,UNITED STATES,,ALL CLASSES,2021-05-13 15:00:30.000,ALL PRODUCTION PRACTICES,19,,"CORN - TREATED, MEASURED IN PCT OF AREA PLANTED, AVG",TREATED,,IOWA,"CHEMICAL, HERBICIDE: (2,4-D, 2-EHE = 30063)",SURVEY,,
STATE,,CORN,IA,ANNUAL,9000,"CHEMICAL, HERBICIDE",00000000,,FIELD CROPS,00,19,00,ENVIRONMENTAL,,2018,                 (D),"PCT OF AREA PLANTED, AVG",IOWA,,YEAR,,ALL UTILIZATION PRACTICES,,UNITED STATES,,ALL CLASSES,2018-05-10 15:16:25.000,ALL PRODUCTION PRACTICES,19,,"CORN - TREATED, MEASURED IN PCT OF AREA PLANTED, AVG",TREATED,,IOWA,"CHEMICAL, HERBICIDE: (2,4-D, 2-EHE = 30063)",SURVEY,,
STATE,,CORN,IA,ANNUAL,9000,"CHEMICAL, HERBICIDE",00000000,,FIELD CROPS,00,19,00,ENVIRONMENTAL,,2016,4,"PCT OF AREA PLANTED, AVG",IOWA,,YEAR,,ALL UTILIZATION PRACTICES,,UNITED STATES,,ALL CLASSES,2016-08-31 14:19:39.000,ALL PRODUCTION PRACTICES,19,,"CORN - TREATED, MEASURED IN PCT OF AREA PLANTED, AVG",TREATED,,IOWA,"CHEMICAL, HERBICIDE: (2,4-D, 2-EHE = 30063)",SURVEY,,
STATE,,CORN,IA,ANNUAL,9000,"CHEMICAL, HERBICIDE",00000000,,FIELD CROPS,00,19,00,ENVIRONMENTAL,,2014,4,"PCT OF AREA PLANTED, AVG",IOWA,,YEAR,,ALL UTILIZATION PRACTICES,,UNITED STATES,,ALL CLASSES,2014-05-14 15:12:54.000,ALL PRODUCTION PRACTICES,19,,"CORN - TREATED, MEASURED IN PCT OF AREA PLANTED, AVG",TREATED,,IOWA,"CHEMICAL, HERBICIDE: (2,4-D, 2-EHE = 30063)",SURVEY,,
STATE,,CORN,IA,ANNUAL,9000,"CHEMICAL, HERBICIDE",00000000,,FIELD CROPS,00,19,00,ENVIRONMENTAL,,2010,3,"PCT OF AREA PLANTED, AVG",IOWA,,YEAR,,ALL UTILIZATION PRACTICES,,UNITED STATES,,ALL CLASSES,2012-01-01 00:00:00.000,ALL PRODUCTION PRACTICES,19,,"CORN - TREATED, MEASURED IN PCT OF AREA PLANTED, AVG",TREATED,,IOWA,"CHEMICAL, HERBICIDE: (2,4-D, 2-EHE = 30063)",SURVEY,,
STATE,,CORN,IA,ANNUAL,9000,"CHEMICAL, HERBICIDE",00000000,,FIELD CROPS,00,19,00,ENVIRONMENTAL,,2005,2,"PCT OF AREA PLANTED, AVG",IOWA,,YEAR,,ALL UTILIZATION PRACTICES,,UNITED STATES,,ALL CLASSES,2005-06-11 10:11:36.000,ALL PRODUCTION PRACTICES,19,,"CORN - TREATED, MEASURED IN PCT OF AREA PLANTED, AVG",TREATED,,IOWA,"CHEMICAL, HERBICIDE: (2,4-D, 2-EHE = 30063)",SURVEY,,
STATE,,CORN,IA,ANNUAL,9000,"CHEMICAL, HERBICIDE",00000000,,FIELD CROPS,00,19,00,ENVIRONMENTAL,,2018,                 (D),"PCT OF AREA PLANTED, AVG",IOWA,,YEAR,,ALL UTILIZATION PRACTICES,,UNITED STATES,,ALL CLASSES,2018-05-10 15:16:25.000,ALL PRODUCTION PRACTICES,19,,"CORN - TREATED, MEASURED IN PCT OF AREA PLANTED, AVG",TREATED,,IOWA,"CHEMICAL, HERBICIDE: (2,4-D, DIMETH. SALT = 30019)",SURVEY,,
STATE,,CORN,IA,ANNUAL,9000,"CHEMICAL, HERBICIDE",00000000,,FIELD CROPS,00,19,00,ENVIRONMENTAL,,2016,2,"PCT OF AREA PLANTED, AVG",IOWA,,YEAR,,ALL UTILIZATION PRACTICES,,UNITED STATES,,ALL CLASSES,2016-08-31 14:19:39.000,ALL PRODUCTION PRACTICES,19,,"CORN - TREATED, MEASURED IN PCT OF AREA PLANTED, AVG",TREATED,,IOWA,"CHEMICAL, HERBICIDE: (2,4-D, DIMETH. SALT = 30019)",SURVEY,,
STATE,,CORN,IA,ANNUAL,9000,"CHEMICAL, HERBICIDE",00000000,,FIELD CROPS,00,19,00,ENVIRONMENTAL,,2014,                 (D),"PCT OF AREA PLANTED, AVG",IOWA,,YEAR,,ALL UTILIZATION PRACTICES,,UNITED STATES,,ALL CLASSES,2014-05-14 15:12:54.000,ALL PRODUCTION PRACTICES,19,,"CORN - TREATED, MEASURED IN PCT OF AREA PLANTED, AVG",TREATED,,IOWA,"CHEMICAL, HERBICIDE: (2,4-D, DIMETH. SALT = 30019)",SURVEY,,
STATE,,CORN,IA,ANNUAL,9000,"CHEMICAL, HERBICIDE",00000000,,FIELD CROPS,00,19,00,ENVIRONMENTAL,,2010,                 (D),"PCT OF AREA PLANTED, AVG",IOWA,,YEAR,,ALL UTILIZATION PRACTICES,,UNITED STATES,,ALL CLASSES,2012-01-01 00:00:00.000,ALL PRODUCTION PRACTICES,19,,"CORN - TREATED, MEASURED IN PCT OF AREA PLANTED, AVG",TREATED,,IOWA,"CHEMICAL, HERBICIDE: (2,4-D, DIMETH. SALT = 30019)",SURVEY,,
STATE,,CORN,IA,ANNUAL,9000,"CHEMICAL, HERBICIDE",00000000,,FIELD CROPS,00,19,00,ENVIRONMENTAL,,2016,                 (D),"PCT OF AREA PLANTED, AVG",IOWA,,YEAR,,ALL UTILIZATION PRACTICES,,UNITED STATES,,ALL CLASSES,2016-08-31 14:19:39.000,ALL PRODUCTION PRACTICES,19,,"CORN - TREATED, MEASURED IN PCT OF AREA PLANTED, AVG",TREATED,,IOWA,"CHEMICAL, HERBICIDE: (2,4-D, ISOPROP. SALT = 30025)",SURVEY,,
STATE,,CORN,IA,ANNUAL,9000,"CHEMICAL, HERBICIDE",00000000,,FIELD CROPS,00,19,00,ENVIRONMENTAL,,2018,                 (D),"PCT OF AREA PLANTED, AVG",IOWA,,YEAR,,ALL UTILIZATION PRACTICES,,UNITED STATES,,ALL CLASSES,2018-05-10 15:16:25.000,ALL PRODUCTION PRACTICES,19,,"CORN - TREATED, MEASURED IN PCT OF AREA PLANTED, AVG",TREATED,,IOWA,"CHEMICAL, HERBICIDE: (2,4-DB, DIMETH. SALT = 30819)",SURVEY,,
STATE,,CORN,IA,ANNUAL,9000,"CHEMICAL, HERBICIDE",00000000,,FIELD CROPS,00,19,00,ENVIRONMENTAL,,2021,48,"PCT OF AREA PLANTED, AVG",IOWA,,YEAR,,ALL UTILIZATION PRACTICES,,UNITED STATES,,ALL CLASSES,2021-05-13 15:00:30.000,ALL PRODUCTION PRACTICES,19,,"CORN - TREATED, MEASURED IN PCT OF AREA PLANTED, AVG",TREATED,,IOWA,"CHEMICAL, HERBICIDE: (ACETOCHLOR = 121601)",SURVEY,,
STATE,,CORN,IA,ANNUAL,9000,"CHEMICAL, HERBICIDE",00000000,,FIELD CROPS,00,19,00,ENVIRONMENTAL,,2018,49,"PCT OF AREA PLANTED, AVG",IOWA,,YEAR,,ALL UTILIZATION PRACTICES,,UNITED STATES,,ALL CLASSES,2018-05-10 15:16:25.000,ALL PRODUCTION PRACTICES,19,,"CORN - TREATED, MEASURED IN PCT OF AREA PLANTED, AVG",TREATED,,IOWA,"CHEMICAL, HERBICIDE: (ACETOCHLOR = 121601)",SURVEY,,
STATE,,CORN,IA,ANNUAL,9000,"CHEMICAL, HERBICIDE",00000000,,FIELD CROPS,00,19,00,ENVIRONMENTAL,,2016,46,"PCT OF AREA PLANTED, AVG",IOWA,,YEAR,,ALL UTILIZATION PRACTICES,,UNITED STATES,,ALL CLASSES,2016-08-31 14:19:39.000,ALL PRODUCTION PRACTICES,19,,"CORN - TREATED, MEASURED IN PCT OF AREA PLANTED, AVG",TREATED,,IOWA,"CHEMICAL, HERBICIDE: (ACETOCHLOR = 121601)",SURVEY,,
STATE,,CORN,IA,ANNUAL,9000,"CHEMICAL, HERBICIDE",00000000,,FIELD CROPS,00,19,00,ENVIRONMENTAL,,2014,42,"PCT OF AREA PLANTED, AVG",IOWA,,YEAR,,ALL UTILIZATION PRACTICES,,UNITED STATES,,ALL CLASSES,2014-05-14 15:12:54.000,ALL PRODUCTION PRACTICES,19,,"CORN - TREATED, MEASURED IN PCT OF AREA PLANTED, AVG",TREATED,,IOWA,"CHEMICAL, HERBICIDE: (ACETOCHLOR = 121601)",SURVEY,,
STATE,,CORN,IA,ANNUAL,9000,"CHEMICAL, HERBICIDE",00000000,,FIELD CROPS,00,19,00,ENVIRONMENTAL,,2010,32,"PCT OF AREA PLANTED, AVG",IOWA,,YEAR,,ALL UTILIZATION PRACTICES,,UNITED STATES,,ALL CLASSES,2012-01-01 00:00:00.000,ALL PRODUCTION PRACTICES,19,,"CORN - TREATED, MEASURED IN PCT OF AREA PLANTED, AVG",TREATED,,IOWA,"CHEMICAL, HERBICIDE: (ACETOCHLOR = 121601)",SURVEY,,
STATE,,CORN,IA,ANNUAL,9000,"CHEMICAL, HERBICIDE",00000000,,FIELD CROPS,00,19,00,ENVIRONMENTAL,,2005,32,"PCT OF AREA PLANTED, AVG",IOWA,,YEAR,,ALL UTILIZATION PRACTICES,,UNITED STATES,,ALL CLASSES,2005-06-11 10:11:36.000,ALL PRODUCTION PRACTICES,19,,"CORN - TREATED, MEASURED IN PCT OF AREA PLANTED, AVG",TREATED,,IOWA,"CHEMICAL, HERBICIDE: (ACETOCHLOR = 121601)",SURVEY,,
STATE,,CORN,IA,ANNUAL,9000,"CHEMICAL, HERBICIDE",00000000,,FIELD CROPS,00,19,00,ENVIRONMENTAL,,2003,37,"PCT OF AREA PLANTED, AVG",IOWA,,YEAR,,ALL UTILIZATION PRACTICES,,UNITED STATES,,ALL CLASSES,2003-06-11 10:11:36.000,ALL PRODUCTION PRACTICES,19,,"CORN - TREATED, MEASURED IN PCT OF AREA PLANTED, AVG",TREATED,,IOWA,"CHEMICAL, HERBICIDE: (ACETOCHLOR = 121601)",SURVEY,,
STATE,,CORN,IA,ANNUAL,9000,"CHEMICAL, HERBICIDE",00000000,,FIELD CROPS,00,19,00,ENVIRONMENTAL,,2002,29,"PCT OF AREA PLANTED, AVG",IOWA,,YEAR,,ALL UTILIZATION PRACTICES,,UNITED STATES,,ALL CLASSES,2002-06-11 10:11:36.000,ALL PRODUCTION PRACTICES,19,,"CORN - TREATED, MEASURED IN PCT OF AREA PLANTED, AVG",TREATED,,IOWA,"CHEMICAL, HERBICIDE: (ACETOCHLOR = 121601)",SURVEY,,
STATE,,CORN,IA,ANNUAL,9000,"CHEMICAL, HERBICIDE",00000000,,FIELD CROPS,00,19,00,ENVIRONMENTAL,,2001,17,"PCT OF AREA PLANTED, AVG",IOWA,,YEAR,,ALL UTILIZATION PRACTICES,,UNITED STATES,,ALL CLASSES,2001-06-11 10:11:36.000,ALL PRODUCTION PRACTICES,19,,"CORN - TREATED, MEASURED IN PCT OF AREA PLANTED, AVG",TREATED,,IOWA,"CHEMICAL, HERBICIDE: (ACETOCHLOR = 121601)",SURVEY,,
STATE,,CORN,IA,ANNUAL,9000,"CHEMICAL, HERBICIDE",00000000,,FIELD CROPS,00,19,00,ENVIRONMENTAL,,2000,32,"PCT OF AREA PLANTED, AVG",IOWA,,YEAR,,ALL UTILIZATION PRACTICES,,UNITED STATES,,ALL CLASSES,2000-06-11 10:11:36.000,ALL PRODUCTION PRACTICES,19,,"CORN - TREATED, MEASURED IN PCT OF AREA PLANTED, AVG",TREATED,,IOWA,"CHEMICAL, HERBICIDE: (ACETOCHLOR = 121601)",SURVEY,,
STATE,,CORN,IA,ANNUAL,9000,"CHEMICAL, HERBICIDE",00000000,,FIELD CROPS,00,19,00,ENVIRONMENTAL,,2010,                 (D),"PCT OF AREA PLANTED, AVG",IOWA,,YEAR,,ALL UTILIZATION PRACTICES,,UNITED STATES,,ALL CLASSES,2012-01-01 00:00:00.000,ALL PRODUCTION PRACTICES,19,,"CORN - TREATED, MEASURED IN PCT OF AREA PLANTED, AVG",TREATED,,IOWA,"CHEMICAL, HERBICIDE: (ACIFLUORFEN, SODIUM = 114402)",SURVEY,,
STATE,,CORN,IA,ANNUAL,9000,"CHEMICAL, HERBICIDE",00000000,,FIELD CROPS,00,19,00,ENVIRONMENTAL,,2021,                 (D),"PCT OF AREA PLANTED, AVG",IOWA,,YEAR,,ALL UTILIZATION PRACTICES,,UNITED STATES,,ALL CLASSES,2021-05-13 15:00:30.000,ALL PRODUCTION PRACTICES,19,,"CORN - TREATED, MEASURED IN PCT OF AREA PLANTED, AVG",TREATED,,IOWA,"CHEMICAL, HERBICIDE: (ALACHLOR = 90501)",SURVEY,,
STATE,,CORN,IA,ANNUAL,9000,"CHEMICAL, HERBICIDE",00000000,,FIELD CROPS,00,19,00,ENVIRONMENTAL,,2010,                 (D),"PCT OF AREA PLANTED, AVG",IOWA,,YEAR,,ALL UTILIZATION PRACTICES,,UNITED STATES,,ALL CLASSES,2012-01-01 00:00:00.000,ALL PRODUCTION PRACTICES,19,,"CORN - TREATED, MEASURED IN PCT OF AREA PLANTED, AVG",TREATED,,IOWA,"CHEMICAL, HERBICIDE: (ALACHLOR = 90501)",SURVEY,,
STATE,,CORN,IA,ANNUAL,9000,"CHEMICAL, HERBICIDE",00000000,,FIELD CROPS,00,19,00,ENVIRONMENTAL,,2021,69,"PCT OF AREA PLANTED, AVG",IOWA,,YEAR,,ALL UTILIZATION PRACTICES,,UNITED STATES,,ALL CLASSES,2021-05-13 15:00:30.000,ALL PRODUCTION PRACTICES,19,,"CORN - TREATED, MEASURED IN PCT OF AREA PLANTED, AVG",TREATED,,IOWA,"CHEMICAL, HERBICIDE: (ATRAZINE = 80803)",SURVEY,,
STATE,,CORN,IA,ANNUAL,9000,"CHEMICAL, HERBICIDE",00000000,,FIELD CROPS,00,19,00,ENVIRONMENTAL,,2018,56,"PCT OF AREA PLANTED, AVG",IOWA,,YEAR,,ALL UTILIZATION PRACTICES,,UNITED STATES,,ALL CLASSES,2018-05-10 15:16:25.000,ALL PRODUCTION PRACTICES,19,,"CORN - TREATED, MEASURED IN PCT OF AREA PLANTED, AVG",TREATED,,IOWA,"CHEMICAL, HERBICIDE: (ATRAZINE = 80803)",SURVEY,,
STATE,,CORN,IA,ANNUAL,9000,"CHEMICAL, HERBICIDE",00000000,,FIELD CROPS,00,19,00,ENVIRONMENTAL,,2016,58,"PCT OF AREA PLANTED, AVG",IOWA,,YEAR,,ALL UTILIZATION PRACTICES,,UNITED STATES,,ALL CLASSES,2016-08-31 14:19:39.000,ALL PRODUCTION PRACTICES,19,,"CORN - TREATED, MEASURED IN PCT OF AREA PLANTED, AVG",TREATED,,IOWA,"CHEMICAL, HERBICIDE: (ATRAZINE = 80803)",SURVEY,,
STATE,,CORN,IA,ANNUAL,9000,"CHEMICAL, HERBICIDE",00000000,,FIELD CROPS,00,19,00,ENVIRONMENTAL,,2014,56,"PCT OF AREA PLANTED, AVG",IOWA,,YEAR,,ALL UTILIZATION PRACTICES,,UNITED STATES,,ALL CLASSES,2014-05-14 15:12:54.000,ALL PRODUCTION PRACTICES,19,,"CORN - TREATED, MEASURED IN PCT OF AREA PLANTED, AVG",TREATED,,IOWA,"CHEMICAL, HERBICIDE: (ATRAZINE = 80803)",SURVEY,,
STATE,,CORN,IA,ANNUAL,9000,"CHEMICAL, HERBICIDE",00000000,,FIELD CROPS,00,19,00,ENVIRONMENTAL,,2010,65,"PCT OF AREA PLANTED, AVG",IOWA,,YEAR,,ALL UTILIZATION PRACTICES,,UNITED STATES,,ALL CLASSES,2012-01-01 00:00:00.000,ALL PRODUCTION PRACTICES,19,,"CORN - TREATED, MEASURED IN PCT OF AREA PLANTED, AVG",TREATED,,IOWA,"CHEMICAL, HERBICIDE: (ATRAZINE = 80803)",SURVEY,,
STATE,,CORN,IA,ANNUAL,9000,"CHEMICAL, HERBICIDE",00000000,,FIELD CROPS,00,19,00,ENVIRONMENTAL,,2005,61,"PCT OF AREA PLANTED, AVG",IOWA,,YEAR,,ALL UTILIZATION PRACTICES,,UNITED STATES,,ALL CLASSES,2005-06-11 10:11:36.000,ALL PRODUCTION PRACTICES,19,,"CORN - TREATED, MEASURED IN PCT OF AREA PLANTED, AVG",TREATED,,IOWA,"CHEMICAL, HERBICIDE: (ATRAZINE = 80803)",SURVEY,,
STATE,,CORN,IA,ANNUAL,9000,"CHEMICAL, HERBICIDE",00000000,,FIELD CROPS,00,19,00,ENVIRONMENTAL,,2003,70,"PCT OF AREA PLANTED, AVG",IOWA,,YEAR,,ALL UTILIZATION PRACTICES,,UNITED STATES,,ALL CLASSES,2003-06-11 10:11:36.000,ALL PRODUCTION PRACTICES,19,,"CORN - TREATED, MEASURED IN PCT OF AREA PLANTED, AVG",TREATED,,IOWA,"CHEMICAL, HERBICIDE: (ATRAZINE = 80803)",SURVEY,,
STATE,,CORN,IA,ANNUAL,9000,"CHEMICAL, HERBICIDE",00000000,,FIELD CROPS,00,19,00,ENVIRONMENTAL,,2002,60,"PCT OF AREA PLANTED, AVG",IOWA,,YEAR,,ALL UTILIZATION PRACTICES,,UNITED STATES,,ALL CLASSES,2002-06-11 10:11:36.000,ALL PRODUCTION PRACTICES,19,,"CORN - TREATED, MEASURED IN PCT OF AREA PLANTED, AVG",TREATED,,IOWA,"CHEMICAL, HERBICIDE: (ATRAZINE = 80803)",SURVEY,,
STATE,,CORN,IA,ANNUAL,9000,"CHEMICAL, HERBICIDE",00000000,,FIELD CROPS,00,19,00,ENVIRONMENTAL,,2001,67,"PCT OF AREA PLANTED, AVG",IOWA,,YEAR,,ALL UTILIZATION PRACTICES,,UNITED STATES,,ALL CLASSES,2001-06-11 10:11:36.000,ALL PRODUCTION PRACTICES,19,,"CORN - TREATED, MEASURED IN PCT OF AREA PLANTED, AVG",TREATED,,IOWA,"CHEMICAL, HERBICIDE: (ATRAZINE = 80803)",SURVEY,,
STATE,,CORN,IA,ANNUAL,9000,"CHEMICAL, HERBICIDE",00000000,,FIELD CROPS,00,19,00,ENVIRONMENTAL,,2000,64,"PCT OF AREA PLANTED, AVG",IOWA,,YEAR,,ALL UTILIZATION PRACTICES,,UNITED STATES,,ALL CLASSES,2000-06-11 10:11:36.000,ALL PRODUCTION PRACTICES,19,,"CORN - TREATED, MEASURED IN PCT OF AREA PLANTED, AVG",TREATED,,IOWA,"CHEMICAL, HERBICIDE: (ATRAZINE = 80803)",SURVEY,,
STATE,,CORN,IA,ANNUAL,9000,"CHEMICAL, HERBICIDE",00000000,,FIELD CROPS,00,19,00,ENVIRONMENTAL,,2014,                 (D),"PCT OF AREA PLANTED, AVG",IOWA,,YEAR,,ALL UTILIZATION PRACTICES,,UNITED STATES,,ALL CLASSES,2014-05-14 15:12:54.000,ALL PRODUCTION PRACTICES,19,,"CORN - TREATED, MEASURED IN PCT OF AREA PLANTED, AVG",TREATED,,IOWA,"CHEMICAL, HERBICIDE: (BENTAZON = 103901)",SURVEY,,
STATE,,CORN,IA,ANNUAL,9000,"CHEMICAL, HERBICIDE",00000000,,FIELD CROPS,00,19,00,ENVIRONMENTAL,,2021,                 (D),"PCT OF AREA PLANTED, AVG",IOWA,,YEAR,,ALL UTILIZATION PRACTICES,,UNITED STATES,,ALL CLASSES,2021-05-13 15:00:30.000,ALL PRODUCTION PRACTICES,19,,"CORN - TREATED, MEASURED IN PCT OF AREA PLANTED, AVG",TREATED,,IOWA,"CHEMICAL, HERBICIDE: (BICYCLOPYRONE = 18986)",SURVEY,,
STATE,,CORN,IA,ANNUAL,9000,"CHEMICAL, HERBICIDE",00000000,,FIELD CROPS,00,19,00,ENVIRONMENTAL,,2018,5,"PCT OF AREA PLANTED, AVG",IOWA,,YEAR,,ALL UTILIZATION PRACTICES,,UNITED STATES,,ALL CLASSES,2018-05-10 15:16:25.000,ALL PRODUCTION PRACTICES,19,,"CORN - TREATED, MEASURED IN PCT OF AREA PLANTED, AVG",TREATED,,IOWA,"CHEMICAL, HERBICIDE: (BICYCLOPYRONE = 18986)",SURVEY,,
STATE,,CORN,IA,ANNUAL,9000,"CHEMICAL, HERBICIDE",00000000,,FIELD CROPS,00,19,00,ENVIRONMENTAL,,2016,5,"PCT OF AREA PLANTED, AVG",IOWA,,YEAR,,ALL UTILIZATION PRACTICES,,UNITED STATES,,ALL CLASSES,2016-08-31 14:19:39.000,ALL PRODUCTION PRACTICES,19,,"CORN - TREATED, MEASURED IN PCT OF AREA PLANTED, AVG",TREATED,,IOWA,"CHEMICAL, HERBICIDE: (BICYCLOPYRONE = 18986)",SURVEY,,
STATE,,CORN,IA,ANNUAL,9000,"CHEMICAL, HERBICIDE",00000000,,FIELD CROPS,00,19,00,ENVIRONMENTAL,,2002,3,"PCT OF AREA PLANTED, AVG",IOWA,,YEAR,,ALL UTILIZATION PRACTICES,,UNITED STATES,,ALL CLASSES,2002-06-11 10:11:36.000,ALL PRODUCTION PRACTICES,19,,"CORN - TREATED, MEASURED IN PCT OF AREA PLANTED, AVG",TREATED,,IOWA,"CHEMICAL, HERBICIDE: (BROMOXYNIL = 35301)",SURVEY,,
STATE,,CORN,IA,ANNUAL,9000,"CHEMICAL, HERBICIDE",00000000,,FIELD CROPS,00,19,00,ENVIRONMENTAL,,2001,2,"PCT OF AREA PLANTED, AVG",IOWA,,YEAR,,ALL UTILIZATION PRACTICES,,UNITED STATES,,ALL CLASSES,2001-06-11 10:11:36.000,ALL PRODUCTION PRACTICES,19,,"CORN - TREATED, MEASURED IN PCT OF AREA PLANTED, AVG",TREATED,,IOWA,"CHEMICAL, HERBICIDE: (BROMOXYNIL = 35301)",SURVEY,,
STATE,,CORN,IA,ANNUAL,9000,"CHEMICAL, HERBICIDE",00000000,,FIELD CROPS,00,19,00,ENVIRONMENTAL,,2000,12,"PCT OF AREA PLANTED, AVG",IOWA,,YEAR,,ALL UTILIZATION PRACTICES,,UNITED STATES,,ALL CLASSES,2000-06-11 10:11:36.000,ALL PRODUCTION PRACTICES,19,,"CORN - TREATED, MEASURED IN PCT OF AREA PLANTED, AVG",TREATED,,IOWA,"CHEMICAL, HERBICIDE: (BROMOXYNIL = 35301)",SURVEY,,
STATE,,CORN,IA,ANNUAL,9000,"CHEMICAL, HERBICIDE",00000000,,FIELD CROPS,00,19,00,ENVIRONMENTAL,,2000,3,"PCT OF AREA PLANTED, AVG",IOWA,,YEAR,,ALL UTILIZATION PRACTICES,,UNITED STATES,,ALL CLASSES,2000-06-11 10:11:36.000,ALL PRODUCTION PRACTICES,19,,"CORN - TREATED, MEASURED IN PCT OF AREA PLANTED, AVG",TREATED,,IOWA,"CHEMICAL, HERBICIDE: (CARFENTRAZONE-ETHYL = 128712)",SURVEY,,
STATE,,CORN,IA,ANNUAL,9000,"CHEMICAL, HERBICIDE",00000000,,FIELD CROPS,00,19,00,ENVIRONMENTAL,,2010,                 (D),"PCT OF AREA PLANTED, AVG",IOWA,,YEAR,,ALL UTILIZATION PRACTICES,,UNITED STATES,,ALL CLASSES,2012-01-01 00:00:00.000,ALL PRODUCTION PRACTICES,19,,"CORN - TREATED, MEASURED IN PCT OF AREA PLANTED, AVG",TREATED,,IOWA,"CHEMICAL, HERBICIDE: (CLOMAZONE = 125401)",SURVEY,,
STATE,,CORN,IA,ANNUAL,9000,"CHEMICAL, HERBICIDE",00000000,,FIELD CROPS,00,19,00,ENVIRONMENTAL,,2021,14,"PCT OF AREA PLANTED, AVG",IOWA,,YEAR,,ALL UTILIZATION PRACTICES,,UNITED STATES,,ALL CLASSES,2021-05-13 15:00:30.000,ALL PRODUCTION PRACTICES,19,,"CORN - TREATED, MEASURED IN PCT OF AREA PLANTED, AVG",TREATED,,IOWA,"CHEMICAL, HERBICIDE: (CLOPYRALID = 117403)",SURVEY,,
STATE,,CORN,IA,ANNUAL,9000,"CHEMICAL, HERBICIDE",00000000,,FIELD CROPS,00,19,00,ENVIRONMENTAL,,2018,23,"PCT OF AREA PLANTED, AVG",IOWA,,YEAR,,ALL UTILIZATION PRACTICES,,UNITED STATES,,ALL CLASSES,2018-05-10 15:16:25.000,ALL PRODUCTION PRACTICES,19,,"CORN - TREATED, MEASURED IN PCT OF AREA PLANTED, AVG",TREATED,,IOWA,"CHEMICAL, HERBICIDE: (CLOPYRALID = 117403)",SURVEY,,
STATE,,CORN,IA,ANNUAL,9000,"CHEMICAL, HERBICIDE",00000000,,FIELD CROPS,00,19,00,ENVIRONMENTAL,,2016,10,"PCT OF AREA PLANTED, AVG",IOWA,,YEAR,,ALL UTILIZATION PRACTICES,,UNITED STATES,,ALL CLASSES,2016-08-31 14:19:39.000,ALL PRODUCTION PRACTICES,19,,"CORN - TREATED, MEASURED IN PCT OF AREA PLANTED, AVG",TREATED,,IOWA,"CHEMICAL, HERBICIDE: (CLOPYRALID = 117403)",SURVEY,,
STATE,,CORN,IA,ANNUAL,9000,"CHEMICAL, HERBICIDE",00000000,,FIELD CROPS,00,19,00,ENVIRONMENTAL,,2014,17,"PCT OF AREA PLANTED, AVG",IOWA,,YEAR,,ALL UTILIZATION PRACTICES,,UNITED STATES,,ALL CLASSES,2014-05-14 15:12:54.000,ALL PRODUCTION PRACTICES,19,,"CORN - TREATED, MEASURED IN PCT OF AREA PLANTED, AVG",TREATED,,IOWA,"CHEMICAL, HERBICIDE: (CLOPYRALID = 117403)",SURVEY,,
STATE,,CORN,IA,ANNUAL,9000,"CHEMICAL, HERBICIDE",00000000,,FIELD CROPS,00,19,00,ENVIRONMENTAL,,2010,4,"PCT OF AREA PLANTED, AVG",IOWA,,YEAR,,ALL UTILIZATION PRACTICES,,UNITED STATES,,ALL CLASSES,2012-01-01 00:00:00.000,ALL PRODUCTION PRACTICES,19,,"CORN - TREATED, MEASURED IN PCT OF AREA PLANTED, AVG",TREATED,,IOWA,"CHEMICAL, HERBICIDE: (CLOPYRALID = 117403)",SURVEY,,
STATE,,CORN,IA,ANNUAL,9000,"CHEMICAL, HERBICIDE",00000000,,FIELD CROPS,00,19,00,ENVIRONMENTAL,,2005,7,"PCT OF AREA PLANTED, AVG",IOWA,,YEAR,,ALL UTILIZATION PRACTICES,,UNITED STATES,,ALL CLASSES,2005-06-11 10:11:36.000,ALL PRODUCTION PRACTICES,19,,"CORN - TREATED, MEASURED IN PCT OF AREA PLANTED, AVG",TREATED,,IOWA,"CHEMICAL, HERBICIDE: (CLOPYRALID = 117403)",SURVEY,,
STATE,,CORN,IA,ANNUAL,9000,"CHEMICAL, HERBICIDE",00000000,,FIELD CROPS,00,19,00,ENVIRONMENTAL,,2003,9,"PCT OF AREA PLANTED, AVG",IOWA,,YEAR,,ALL UTILIZATION PRACTICES,,UNITED STATES,,ALL CLASSES,2003-06-11 10:11:36.000,ALL PRODUCTION PRACTICES,19,,"CORN - TREATED, MEASURED IN PCT OF AREA PLANTED, AVG",TREATED,,IOWA,"CHEMICAL, HERBICIDE: (CLOPYRALID = 117403)",SURVEY,,
STATE,,CORN,IA,ANNUAL,9000,"CHEMICAL, HERBICIDE",00000000,,FIELD CROPS,00,19,00,ENVIRONMENTAL,,2002,14,"PCT OF AREA PLANTED, AVG",IOWA,,YEAR,,ALL UTILIZATION PRACTICES,,UNITED STATES,,ALL CLASSES,2002-06-11 10:11:36.000,ALL PRODUCTION PRACTICES,19,,"CORN - TREATED, MEASURED IN PCT OF AREA PLANTED, AVG",TREATED,,IOWA,"CHEMICAL, HERBICIDE: (CLOPYRALID = 117403)",SURVEY,,
STATE,,CORN,IA,ANNUAL,9000,"CHEMICAL, HERBICIDE",00000000,,FIELD CROPS,00,19,00,ENVIRONMENTAL,,2001,14,"PCT OF AREA PLANTED, AVG",IOWA,,YEAR,,ALL UTILIZATION PRACTICES,,UNITED STATES,,ALL CLASSES,2001-06-11 10:11:36.000,ALL PRODUCTION PRACTICES,19,,"CORN - TREATED, MEASURED IN PCT OF AREA PLANTED, AVG",TREATED,,IOWA,"CHEMICAL, HERBICIDE: (CLOPYRALID = 117403)",SURVEY,,
STATE,,CORN,IA,ANNUAL,9000,"CHEMICAL, HERBICIDE",00000000,,FIELD CROPS,00,19,00,ENVIRONMENTAL,,2000,9,"PCT OF AREA PLANTED, AVG",IOWA,,YEAR,,ALL UTILIZATION PRACTICES,,UNITED STATES,,ALL CLASSES,2000-06-11 10:11:36.000,ALL PRODUCTION PRACTICES,19,,"CORN - TREATED, MEASURED IN PCT OF AREA PLANTED, AVG",TREATED,,IOWA,"CHEMICAL, HERBICIDE: (CLOPYRALID = 117403)",SURVEY,,
STATE,,CORN,IA,ANNUAL,9000,"CHEMICAL, HERBICIDE",00000000,,FIELD CROPS,00,19,00,ENVIRONMENTAL,,2021,                 (D),"PCT OF AREA PLANTED, AVG",IOWA,,YEAR,,ALL UTILIZATION PRACTICES,,UNITED STATES,,ALL CLASSES,2021-05-13 15:00:30.000,ALL PRODUCTION PRACTICES,19,,"CORN - TREATED, MEASURED IN PCT OF AREA PLANTED, AVG",TREATED,,IOWA,"CHEMICAL, HERBICIDE: (CLOPYRALID MONO SALT = 117401)",SURVEY,,
STATE,,CORN,IA,ANNUAL,9000,"CHEMICAL, HERBICIDE",00000000,,FIELD CROPS,00,19,00,ENVIRONMENTAL,,2018,3,"PCT OF AREA PLANTED, AVG",IOWA,,YEAR,,ALL UTILIZATION PRACTICES,,UNITED STATES,,ALL CLASSES,2018-05-10 15:16:25.000,ALL PRODUCTION PRACTICES,19,,"CORN - TREATED, MEASURED IN PCT OF AREA PLANTED, AVG",TREATED,,IOWA,"CHEMICAL, HERBICIDE: (CLOPYRALID MONO SALT = 117401)",SURVEY,,
STATE,,CORN,IA,ANNUAL,9000,"CHEMICAL, HERBICIDE",00000000,,FIELD CROPS,00,19,00,ENVIRONMENTAL,,2016,2,"PCT OF AREA PLANTED, AVG",IOWA,,YEAR,,ALL UTILIZATION PRACTICES,,UNITED STATES,,ALL CLASSES,2016-08-31 14:19:39.000,ALL PRODUCTION PRACTICES,19,,"CORN - TREATED, MEASURED IN PCT OF AREA PLANTED, AVG",TREATED,,IOWA,"CHEMICAL, HERBICIDE: (CLOPYRALID MONO SALT = 117401)",SURVEY,,
STATE,,CORN,IA,ANNUAL,9000,"CHEMICAL, HERBICIDE",00000000,,FIELD CROPS,00,19,00,ENVIRONMENTAL,,2014,                 (D),"PCT OF AREA PLANTED, AVG",IOWA,,YEAR,,ALL UTILIZATION PRACTICES,,UNITED STATES,,ALL CLASSES,2014-05-14 15:12:54.000,ALL PRODUCTION PRACTICES,19,,"CORN - TREATED, MEASURED IN PCT OF AREA PLANTED, AVG",TREATED,,IOWA,"CHEMICAL, HERBICIDE: (CLOPYRALID MONO SALT = 117401)",SURVEY,,
STATE,,CORN,IA,ANNUAL,9000,"CHEMICAL, HERBICIDE",00000000,,FIELD CROPS,00,19,00,ENVIRONMENTAL,,2018,                 (D),"PCT OF AREA PLANTED, AVG",IOWA,,YEAR,,ALL UTILIZATION PRACTICES,,UNITED STATES,,ALL CLASSES,2018-05-10 15:16:25.000,ALL PRODUCTION PRACTICES,19,,"CORN - TREATED, MEASURED IN PCT OF AREA PLANTED, AVG",TREATED,,IOWA,"CHEMICAL, HERBICIDE: (CLORANSULAM-METHYL = 129116)",SURVEY,,
STATE,,CORN,IA,ANNUAL,9000,"CHEMICAL, HERBICIDE",00000000,,FIELD CROPS,00,19,00,ENVIRONMENTAL,,2014,                 (D),"PCT OF AREA PLANTED, AVG",IOWA,,YEAR,,ALL UTILIZATION PRACTICES,,UNITED STATES,,ALL CLASSES,2014-05-14 15:12:54.000,ALL PRODUCTION PRACTICES,19,,"CORN - TREATED, MEASURED IN PCT OF AREA PLANTED, AVG",TREATED,,IOWA,"CHEMICAL, HERBICIDE: (CLORANSULAM-METHYL = 129116)",SURVEY,,
STATE,,CORN,IA,ANNUAL,9000,"CHEMICAL, HERBICIDE",00000000,,FIELD CROPS,00,19,00,ENVIRONMENTAL,,2018,                 (D),"PCT OF AREA PLANTED, AVG",IOWA,,YEAR,,ALL UTILIZATION PRACTICES,,UNITED STATES,,ALL CLASSES,2018-05-10 15:16:25.000,ALL PRODUCTION PRACTICES,19,,"CORN - TREATED, MEASURED IN PCT OF AREA PLANTED, AVG",TREATED,,IOWA,"CHEMICAL, HERBICIDE: (DICAMBA = 29801)",SURVEY,,
STATE,,CORN,IA,ANNUAL,9000,"CHEMICAL, HERBICIDE",00000000,,FIELD CROPS,00,19,00,ENVIRONMENTAL,,2014,                 (D),"PCT OF AREA PLANTED, AVG",IOWA,,YEAR,,ALL UTILIZATION PRACTICES,,UNITED STATES,,ALL CLASSES,2014-05-14 15:12:54.000,ALL PRODUCTION PRACTICES,19,,"CORN - TREATED, MEASURED IN PCT OF AREA PLANTED, AVG",TREATED,,IOWA,"CHEMICAL, HERBICIDE: (DICAMBA = 29801)",SURVEY,,
STATE,,CORN,IA,ANNUAL,9000,"CHEMICAL, HERBICIDE",00000000,,FIELD CROPS,00,19,00,ENVIRONMENTAL,,2003,3,"PCT OF AREA PLANTED, AVG",IOWA,,YEAR,,ALL UTILIZATION PRACTICES,,UNITED STATES,,ALL CLASSES,2003-06-11 10:11:36.000,ALL PRODUCTION PRACTICES,19,,"CORN - TREATED, MEASURED IN PCT OF AREA PLANTED, AVG",TREATED,,IOWA,"CHEMICAL, HERBICIDE: (DICAMBA = 29801)",SURVEY,,
STATE,,CORN,IA,ANNUAL,9000,"CHEMICAL, HERBICIDE",00000000,,FIELD CROPS,00,19,00,ENVIRONMENTAL,,2002,11,"PCT OF AREA PLANTED, AVG",IOWA,,YEAR,,ALL UTILIZATION PRACTICES,,UNITED STATES,,ALL CLASSES,2002-06-11 10:11:36.000,ALL PRODUCTION PRACTICES,19,,"CORN - TREATED, MEASURED IN PCT OF AREA PLANTED, AVG",TREATED,,IOWA,"CHEMICAL, HERBICIDE: (DICAMBA = 29801)",SURVEY,,
STATE,,CORN,IA,ANNUAL,9000,"CHEMICAL, HERBICIDE",00000000,,FIELD CROPS,00,19,00,ENVIRONMENTAL,,2001,13,"PCT OF AREA PLANTED, AVG",IOWA,,YEAR,,ALL UTILIZATION PRACTICES,,UNITED STATES,,ALL CLASSES,2001-06-11 10:11:36.000,ALL PRODUCTION PRACTICES,19,,"CORN - TREATED, MEASURED IN PCT OF AREA PLANTED, AVG",TREATED,,IOWA,"CHEMICAL, HERBICIDE: (DICAMBA = 29801)",SURVEY,,
STATE,,CORN,IA,ANNUAL,9000,"CHEMICAL, HERBICIDE",00000000,,FIELD CROPS,00,19,00,ENVIRONMENTAL,,2000,19,"PCT OF AREA PLANTED, AVG",IOWA,,YEAR,,ALL UTILIZATION PRACTICES,,UNITED STATES,,ALL CLASSES,2000-06-11 10:11:36.000,ALL PRODUCTION PRACTICES,19,,"CORN - TREATED, MEASURED IN PCT OF AREA PLANTED, AVG",TREATED,,IOWA,"CHEMICAL, HERBICIDE: (DICAMBA = 29801)",SURVEY,,
STATE,,CORN,IA,ANNUAL,9000,"CHEMICAL, HERBICIDE",00000000,,FIELD CROPS,00,19,00,ENVIRONMENTAL,,2018,                 (D),"PCT OF AREA PLANTED, AVG",IOWA,,YEAR,,ALL UTILIZATION PRACTICES,,UNITED STATES,,ALL CLASSES,2018-05-10 15:16:25.000,ALL PRODUCTION PRACTICES,19,,"CORN - TREATED, MEASURED IN PCT OF AREA PLANTED, AVG",TREATED,,IOWA,"CHEMICAL, HERBICIDE: (DICAMBA BAPMA SALT = 100094)",SURVEY,,
STATE,,CORN,IA,ANNUAL,9000,"CHEMICAL, HERBICIDE",00000000,,FIELD CROPS,00,19,00,ENVIRONMENTAL,,2021,8,"PCT OF AREA PLANTED, AVG",IOWA,,YEAR,,ALL UTILIZATION PRACTICES,,UNITED STATES,,ALL CLASSES,2021-05-13 15:00:30.000,ALL PRODUCTION PRACTICES,19,,"CORN - TREATED, MEASURED IN PCT OF AREA PLANTED, AVG",TREATED,,IOWA,"CHEMICAL, HERBICIDE: (DICAMBA, DIGLY. SALT = 128931)",SURVEY,,
STATE,,CORN,IA,ANNUAL,9000,"CHEMICAL, HERBICIDE",00000000,,FIELD CROPS,00,19,00,ENVIRONMENTAL,,2018,3,"PCT OF AREA PLANTED, AVG",IOWA,,YEAR,,ALL UTILIZATION PRACTICES,,UNITED STATES,,ALL CLASSES,2018-05-10 15:16:25.000,ALL PRODUCTION PRACTICES,19,,"CORN - TREATED, MEASURED IN PCT OF AREA PLANTED, AVG",TREATED,,IOWA,"CHEMICAL, HERBICIDE: (DICAMBA, DIGLY. SALT = 128931)",SURVEY,,
STATE,,CORN,IA,ANNUAL,9000,"CHEMICAL, HERBICIDE",00000000,,FIELD CROPS,00,19,00,ENVIRONMENTAL,,2016,                 (D),"PCT OF AREA PLANTED, AVG",IOWA,,YEAR,,ALL UTILIZATION PRACTICES,,UNITED STATES,,ALL CLASSES,2016-08-31 14:19:39.000,ALL PRODUCTION PRACTICES,19,,"CORN - TREATED, MEASURED IN PCT OF AREA PLANTED, AVG",TREATED,,IOWA,"CHEMICAL, HERBICIDE: (DICAMBA, DIGLY. SALT = 128931)",SURVEY,,
STATE,,CORN,IA,ANNUAL,9000,"CHEMICAL, HERBICIDE",00000000,,FIELD CROPS,00,19,00,ENVIRONMENTAL,,2014,                 (D),"PCT OF AREA PLANTED, AVG",IOWA,,YEAR,,ALL UTILIZATION PRACTICES,,UNITED STATES,,ALL CLASSES,2014-05-14 15:12:54.000,ALL PRODUCTION PRACTICES,19,,"CORN - TREATED, MEASURED IN PCT OF AREA PLANTED, AVG",TREATED,,IOWA,"CHEMICAL, HERBICIDE: (DICAMBA, DIMET. SALT = 29802)",SURVEY,,
STATE,,CORN,IA,ANNUAL,9000,"CHEMICAL, HERBICIDE",00000000,,FIELD CROPS,00,19,00,ENVIRONMENTAL,,2003,4,"PCT OF AREA PLANTED, AVG",IOWA,,YEAR,,ALL UTILIZATION PRACTICES,,UNITED STATES,,ALL CLASSES,2003-06-11 10:11:36.000,ALL PRODUCTION PRACTICES,19,,"CORN - TREATED, MEASURED IN PCT OF AREA PLANTED, AVG",TREATED,,IOWA,"CHEMICAL, HERBICIDE: (DICAMBA, DIMET. SALT = 29802)",SURVEY,,
STATE,,CORN,IA,ANNUAL,9000,"CHEMICAL, HERBICIDE",00000000,,FIELD CROPS,00,19,00,ENVIRONMENTAL,,2002,8,"PCT OF AREA PLANTED, AVG",IOWA,,YEAR,,ALL UTILIZATION PRACTICES,,UNITED STATES,,ALL CLASSES,2002-06-11 10:11:36.000,ALL PRODUCTION PRACTICES,19,,"CORN - TREATED, MEASURED IN PCT OF AREA PLANTED, AVG",TREATED,,IOWA,"CHEMICAL, HERBICIDE: (DICAMBA, DIMET. SALT = 29802)",SURVEY,,
STATE,,CORN,IA,ANNUAL,9000,"CHEMICAL, HERBICIDE",00000000,,FIELD CROPS,00,19,00,ENVIRONMENTAL,,2001,8,"PCT OF AREA PLANTED, AVG",IOWA,,YEAR,,ALL UTILIZATION PRACTICES,,UNITED STATES,,ALL CLASSES,2001-06-11 10:11:36.000,ALL PRODUCTION PRACTICES,19,,"CORN - TREATED, MEASURED IN PCT OF AREA PLANTED, AVG",TREATED,,IOWA,"CHEMICAL, HERBICIDE: (DICAMBA, DIMET. SALT = 29802)",SURVEY,,
STATE,,CORN,IA,ANNUAL,9000,"CHEMICAL, HERBICIDE",00000000,,FIELD CROPS,00,19,00,ENVIRONMENTAL,,2000,3,"PCT OF AREA PLANTED, AVG",IOWA,,YEAR,,ALL UTILIZATION PRACTICES,,UNITED STATES,,ALL CLASSES,2000-06-11 10:11:36.000,ALL PRODUCTION PRACTICES,19,,"CORN - TREATED, MEASURED IN PCT OF AREA PLANTED, AVG",TREATED,,IOWA,"CHEMICAL, HERBICIDE: (DICAMBA, DIMET. SALT = 29802)",SURVEY,,
STATE,,CORN,IA,ANNUAL,9000,"CHEMICAL, HERBICIDE",00000000,,FIELD CROPS,00,19,00,ENVIRONMENTAL,,2005,3,"PCT OF AREA PLANTED, AVG",IOWA,,YEAR,,ALL UTILIZATION PRACTICES,,UNITED STATES,,ALL CLASSES,2005-06-11 10:11:36.000,ALL PRODUCTION PRACTICES,19,,"CORN - TREATED, MEASURED IN PCT OF AREA PLANTED, AVG",TREATED,,IOWA,"CHEMICAL, HERBICIDE: (DICAMBA, POT. SALT = 129043)",SURVEY,,
STATE,,CORN,IA,ANNUAL,9000,"CHEMICAL, HERBICIDE",00000000,,FIELD CROPS,00,19,00,ENVIRONMENTAL,,2002,4,"PCT OF AREA PLANTED, AVG",IOWA,,YEAR,,ALL UTILIZATION PRACTICES,,UNITED STATES,,ALL CLASSES,2002-06-11 10:11:36.000,ALL PRODUCTION PRACTICES,19,,"CORN - TREATED, MEASURED IN PCT OF AREA PLANTED, AVG",TREATED,,IOWA,"CHEMICAL, HERBICIDE: (DICAMBA, POT. SALT = 129043)",SURVEY,,
STATE,,CORN,IA,ANNUAL,9000,"CHEMICAL, HERBICIDE",00000000,,FIELD CROPS,00,19,00,ENVIRONMENTAL,,2001,10,"PCT OF AREA PLANTED, AVG",IOWA,,YEAR,,ALL UTILIZATION PRACTICES,,UNITED STATES,,ALL CLASSES,2001-06-11 10:11:36.000,ALL PRODUCTION PRACTICES,19,,"CORN - TREATED, MEASURED IN PCT OF AREA PLANTED, AVG",TREATED,,IOWA,"CHEMICAL, HERBICIDE: (DICAMBA, POT. SALT = 129043)",SURVEY,,
STATE,,CORN,IA,ANNUAL,9000,"CHEMICAL, HERBICIDE",00000000,,FIELD CROPS,00,19,00,ENVIRONMENTAL,,2000,9,"PCT OF AREA PLANTED, AVG",IOWA,,YEAR,,ALL UTILIZATION PRACTICES,,UNITED STATES,,ALL CLASSES,2000-06-11 10:11:36.000,ALL PRODUCTION PRACTICES,19,,"CORN - TREATED, MEASURED IN PCT OF AREA PLANTED, AVG",TREATED,,IOWA,"CHEMICAL, HERBICIDE: (DICAMBA, POT. SALT = 129043)",SURVEY,,
STATE,,CORN,IA,ANNUAL,9000,"CHEMICAL, HERBICIDE",00000000,,FIELD CROPS,00,19,00,ENVIRONMENTAL,,2021,                 (D),"PCT OF AREA PLANTED, AVG",IOWA,,YEAR,,ALL UTILIZATION PRACTICES,,UNITED STATES,,ALL CLASSES,2021-05-13 15:00:30.000,ALL PRODUCTION PRACTICES,19,,"CORN - TREATED, MEASURED IN PCT OF AREA PLANTED, AVG",TREATED,,IOWA,"CHEMICAL, HERBICIDE: (DICAMBA, SODIUM SALT = 29806)",SURVEY,,
STATE,,CORN,IA,ANNUAL,9000,"CHEMICAL, HERBICIDE",00000000,,FIELD CROPS,00,19,00,ENVIRONMENTAL,,2018,8,"PCT OF AREA PLANTED, AVG",IOWA,,YEAR,,ALL UTILIZATION PRACTICES,,UNITED STATES,,ALL CLASSES,2018-05-10 15:16:25.000,ALL PRODUCTION PRACTICES,19,,"CORN - TREATED, MEASURED IN PCT OF AREA PLANTED, AVG",TREATED,,IOWA,"CHEMICAL, HERBICIDE: (DICAMBA, SODIUM SALT = 29806)",SURVEY,,
STATE,,CORN,IA,ANNUAL,9000,"CHEMICAL, HERBICIDE",00000000,,FIELD CROPS,00,19,00,ENVIRONMENTAL,,2016,5,"PCT OF AREA PLANTED, AVG",IOWA,,YEAR,,ALL UTILIZATION PRACTICES,,UNITED STATES,,ALL CLASSES,2016-08-31 14:19:39.000,ALL PRODUCTION PRACTICES,19,,"CORN - TREATED, MEASURED IN PCT OF AREA PLANTED, AVG",TREATED,,IOWA,"CHEMICAL, HERBICIDE: (DICAMBA, SODIUM SALT = 29806)",SURVEY,,
STATE,,CORN,IA,ANNUAL,9000,"CHEMICAL, HERBICIDE",00000000,,FIELD CROPS,00,19,00,ENVIRONMENTAL,,2014,6,"PCT OF AREA PLANTED, AVG",IOWA,,YEAR,,ALL UTILIZATION PRACTICES,,UNITED STATES,,ALL CLASSES,2014-05-14 15:12:54.000,ALL PRODUCTION PRACTICES,19,,"CORN - TREATED, MEASURED IN PCT OF AREA PLANTED, AVG",TREATED,,IOWA,"CHEMICAL, HERBICIDE: (DICAMBA, SODIUM SALT = 29806)",SURVEY,,
STATE,,CORN,IA,ANNUAL,9000,"CHEMICAL, HERBICIDE",00000000,,FIELD CROPS,00,19,00,ENVIRONMENTAL,,2010,1,"PCT OF AREA PLANTED, AVG",IOWA,,YEAR,,ALL UTILIZATION PRACTICES,,UNITED STATES,,ALL CLASSES,2012-01-01 00:00:00.000,ALL PRODUCTION PRACTICES,19,,"CORN - TREATED, MEASURED IN PCT OF AREA PLANTED, AVG",TREATED,,IOWA,"CHEMICAL, HERBICIDE: (DICAMBA, SODIUM SALT = 29806)",SURVEY,,
STATE,,CORN,IA,ANNUAL,9000,"CHEMICAL, HERBICIDE",00000000,,FIELD CROPS,00,19,00,ENVIRONMENTAL,,2005,1,"PCT OF AREA PLANTED, AVG",IOWA,,YEAR,,ALL UTILIZATION PRACTICES,,UNITED STATES,,ALL CLASSES,2005-06-11 10:11:36.000,ALL PRODUCTION PRACTICES,19,,"CORN - TREATED, MEASURED IN PCT OF AREA PLANTED, AVG",TREATED,,IOWA,"CHEMICAL, HERBICIDE: (DICAMBA, SODIUM SALT = 29806)",SURVEY,,
STATE,,CORN,IA,ANNUAL,9000,"CHEMICAL, HERBICIDE",00000000,,FIELD CROPS,00,19,00,ENVIRONMENTAL,,2003,2,"PCT OF AREA PLANTED, AVG",IOWA,,YEAR,,ALL UTILIZATION PRACTICES,,UNITED STATES,,ALL CLASSES,2003-06-11 10:11:36.000,ALL PRODUCTION PRACTICES,19,,"CORN - TREATED, MEASURED IN PCT OF AREA PLANTED, AVG",TREATED,,IOWA,"CHEMICAL, HERBICIDE: (DICAMBA, SODIUM SALT = 29806)",SURVEY,,
STATE,,CORN,IA,ANNUAL,9000,"CHEMICAL, HERBICIDE",00000000,,FIELD CROPS,00,19,00,ENVIRONMENTAL,,2021,                 (D),"PCT OF AREA PLANTED, AVG",IOWA,,YEAR,,ALL UTILIZATION PRACTICES,,UNITED STATES,,ALL CLASSES,2021-05-13 15:00:30.000,ALL PRODUCTION PRACTICES,19,,"CORN - TREATED, MEASURED IN PCT OF AREA PLANTED, AVG",TREATED,,IOWA,"CHEMICAL, HERBICIDE: (DIFLUFENZOPYR-SODIUM = 5107)",SURVEY,,
STATE,,CORN,IA,ANNUAL,9000,"CHEMICAL, HERBICIDE",00000000,,FIELD CROPS,00,19,00,ENVIRONMENTAL,,2018,8,"PCT OF AREA PLANTED, AVG",IOWA,,YEAR,,ALL UTILIZATION PRACTICES,,UNITED STATES,,ALL CLASSES,2018-05-10 15:16:25.000,ALL PRODUCTION PRACTICES,19,,"CORN - TREATED, MEASURED IN PCT OF AREA PLANTED, AVG",TREATED,,IOWA,"CHEMICAL, HERBICIDE: (DIFLUFENZOPYR-SODIUM = 5107)",SURVEY,,
STATE,,CORN,IA,ANNUAL,9000,"CHEMICAL, HERBICIDE",00000000,,FIELD CROPS,00,19,00,ENVIRONMENTAL,,2016,5,"PCT OF AREA PLANTED, AVG",IOWA,,YEAR,,ALL UTILIZATION PRACTICES,,UNITED STATES,,ALL CLASSES,2016-08-31 14:19:39.000,ALL PRODUCTION PRACTICES,19,,"CORN - TREATED, MEASURED IN PCT OF AREA PLANTED, AVG",TREATED,,IOWA,"CHEMICAL, HERBICIDE: (DIFLUFENZOPYR-SODIUM = 5107)",SURVEY,,
STATE,,CORN,IA,ANNUAL,9000,"CHEMICAL, HERBICIDE",00000000,,FIELD CROPS,00,19,00,ENVIRONMENTAL,,2014,6,"PCT OF AREA PLANTED, AVG",IOWA,,YEAR,,ALL UTILIZATION PRACTICES,,UNITED STATES,,ALL CLASSES,2014-05-14 15:12:54.000,ALL PRODUCTION PRACTICES,19,,"CORN - TREATED, MEASURED IN PCT OF AREA PLANTED, AVG",TREATED,,IOWA,"CHEMICAL, HERBICIDE: (DIFLUFENZOPYR-SODIUM = 5107)",SURVEY,,
STATE,,CORN,IA,ANNUAL,9000,"CHEMICAL, HERBICIDE",00000000,,FIELD CROPS,00,19,00,ENVIRONMENTAL,,2010,1,"PCT OF AREA PLANTED, AVG",IOWA,,YEAR,,ALL UTILIZATION PRACTICES,,UNITED STATES,,ALL CLASSES,2012-01-01 00:00:00.000,ALL PRODUCTION PRACTICES,19,,"CORN - TREATED, MEASURED IN PCT OF AREA PLANTED, AVG",TREATED,,IOWA,"CHEMICAL, HERBICIDE: (DIFLUFENZOPYR-SODIUM = 5107)",SURVEY,,
STATE,,CORN,IA,ANNUAL,9000,"CHEMICAL, HERBICIDE",00000000,,FIELD CROPS,00,19,00,ENVIRONMENTAL,,2005,1,"PCT OF AREA PLANTED, AVG",IOWA,,YEAR,,ALL UTILIZATION PRACTICES,,UNITED STATES,,ALL CLASSES,2005-06-11 10:11:36.000,ALL PRODUCTION PRACTICES,19,,"CORN - TREATED, MEASURED IN PCT OF AREA PLANTED, AVG",TREATED,,IOWA,"CHEMICAL, HERBICIDE: (DIFLUFENZOPYR-SODIUM = 5107)",SURVEY,,
STATE,,CORN,IA,ANNUAL,9000,"CHEMICAL, HERBICIDE",00000000,,FIELD CROPS,00,19,00,ENVIRONMENTAL,,2003,4,"PCT OF AREA PLANTED, AVG",IOWA,,YEAR,,ALL UTILIZATION PRACTICES,,UNITED STATES,,ALL CLASSES,2003-06-11 10:11:36.000,ALL PRODUCTION PRACTICES,19,,"CORN - TREATED, MEASURED IN PCT OF AREA PLANTED, AVG",TREATED,,IOWA,"CHEMICAL, HERBICIDE: (DIFLUFENZOPYR-SODIUM = 5107)",SURVEY,,
STATE,,CORN,IA,ANNUAL,9000,"CHEMICAL, HERBICIDE",00000000,,FIELD CROPS,00,19,00,ENVIRONMENTAL,,2002,8,"PCT OF AREA PLANTED, AVG",IOWA,,YEAR,,ALL UTILIZATION PRACTICES,,UNITED STATES,,ALL CLASSES,2002-06-11 10:11:36.000,ALL PRODUCTION PRACTICES,19,,"CORN - TREATED, MEASURED IN PCT OF AREA PLANTED, AVG",TREATED,,IOWA,"CHEMICAL, HERBICIDE: (DIFLUFENZOPYR-SODIUM = 5107)",SURVEY,,
STATE,,CORN,IA,ANNUAL,9000,"CHEMICAL, HERBICIDE",00000000,,FIELD CROPS,00,19,00,ENVIRONMENTAL,,2001,8,"PCT OF AREA PLANTED, AVG",IOWA,,YEAR,,ALL UTILIZATION PRACTICES,,UNITED STATES,,ALL CLASSES,2001-06-11 10:11:36.000,ALL PRODUCTION PRACTICES,19,,"CORN - TREATED, MEASURED IN PCT OF AREA PLANTED, AVG",TREATED,,IOWA,"CHEMICAL, HERBICIDE: (DIFLUFENZOPYR-SODIUM = 5107)",SURVEY,,
STATE,,CORN,IA,ANNUAL,9000,"CHEMICAL, HERBICIDE",00000000,,FIELD CROPS,00,19,00,ENVIRONMENTAL,,2000,3,"PCT OF AREA PLANTED, AVG",IOWA,,YEAR,,ALL UTILIZATION PRACTICES,,UNITED STATES,,ALL CLASSES,2000-06-11 10:11:36.000,ALL PRODUCTION PRACTICES,19,,"CORN - TREATED, MEASURED IN PCT OF AREA PLANTED, AVG",TREATED,,IOWA,"CHEMICAL, HERBICIDE: (DIFLUFENZOPYR-SODIUM = 5107)",SURVEY,,
STATE,,CORN,IA,ANNUAL,9000,"CHEMICAL, HERBICIDE",00000000,,FIELD CROPS,00,19,00,ENVIRONMENTAL,,2014,                 (D),"PCT OF AREA PLANTED, AVG",IOWA,,YEAR,,ALL UTILIZATION PRACTICES,,UNITED STATES,,ALL CLASSES,2014-05-14 15:12:54.000,ALL PRODUCTION PRACTICES,19,,"CORN - TREATED, MEASURED IN PCT OF AREA PLANTED, AVG",TREATED,,IOWA,"CHEMICAL, HERBICIDE: (DIMETHENAMID = 129051)",SURVEY,,
STATE,,CORN,IA,ANNUAL,9000,"CHEMICAL, HERBICIDE",00000000,,FIELD CROPS,00,19,00,ENVIRONMENTAL,,2010,                 (D),"PCT OF AREA PLANTED, AVG",IOWA,,YEAR,,ALL UTILIZATION PRACTICES,,UNITED STATES,,ALL CLASSES,2012-01-01 00:00:00.000,ALL PRODUCTION PRACTICES,19,,"CORN - TREATED, MEASURED IN PCT OF AREA PLANTED, AVG",TREATED,,IOWA,"CHEMICAL, HERBICIDE: (DIMETHENAMID = 129051)",SURVEY,,
STATE,,CORN,IA,ANNUAL,9000,"CHEMICAL, HERBICIDE",00000000,,FIELD CROPS,00,19,00,ENVIRONMENTAL,,2002,8,"PCT OF AREA PLANTED, AVG",IOWA,,YEAR,,ALL UTILIZATION PRACTICES,,UNITED STATES,,ALL CLASSES,2002-06-11 10:11:36.000,ALL PRODUCTION PRACTICES,19,,"CORN - TREATED, MEASURED IN PCT OF AREA PLANTED, AVG",TREATED,,IOWA,"CHEMICAL, HERBICIDE: (DIMETHENAMID = 129051)",SURVEY,,
STATE,,CORN,IA,ANNUAL,9000,"CHEMICAL, HERBICIDE",00000000,,FIELD CROPS,00,19,00,ENVIRONMENTAL,,2001,19,"PCT OF AREA PLANTED, AVG",IOWA,,YEAR,,ALL UTILIZATION PRACTICES,,UNITED STATES,,ALL CLASSES,2001-06-11 10:11:36.000,ALL PRODUCTION PRACTICES,19,,"CORN - TREATED, MEASURED IN PCT OF AREA PLANTED, AVG",TREATED,,IOWA,"CHEMICAL, HERBICIDE: (DIMETHENAMID = 129051)",SURVEY,,
STATE,,CORN,IA,ANNUAL,9000,"CHEMICAL, HERBICIDE",00000000,,FIELD CROPS,00,19,00,ENVIRONMENTAL,,2000,7,"PCT OF AREA PLANTED, AVG",IOWA,,YEAR,,ALL UTILIZATION PRACTICES,,UNITED STATES,,ALL CLASSES,2000-06-11 10:11:36.000,ALL PRODUCTION PRACTICES,19,,"CORN - TREATED, MEASURED IN PCT OF AREA PLANTED, AVG",TREATED,,IOWA,"CHEMICAL, HERBICIDE: (DIMETHENAMID = 129051)",SURVEY,,
STATE,,CORN,IA,ANNUAL,9000,"CHEMICAL, HERBICIDE",00000000,,FIELD CROPS,00,19,00,ENVIRONMENTAL,,2021,                 (D),"PCT OF AREA PLANTED, AVG",IOWA,,YEAR,,ALL UTILIZATION PRACTICES,,UNITED STATES,,ALL CLASSES,2021-05-13 15:00:30.000,ALL PRODUCTION PRACTICES,19,,"CORN - TREATED, MEASURED IN PCT OF AREA PLANTED, AVG",TREATED,,IOWA,"CHEMICAL, HERBICIDE: (DIMETHENAMID-P = 120051)",SURVEY,,
STATE,,CORN,IA,ANNUAL,9000,"CHEMICAL, HERBICIDE",00000000,,FIELD CROPS,00,19,00,ENVIRONMENTAL,,2018,7,"PCT OF AREA PLANTED, AVG",IOWA,,YEAR,,ALL UTILIZATION PRACTICES,,UNITED STATES,,ALL CLASSES,2018-05-10 15:16:25.000,ALL PRODUCTION PRACTICES,19,,"CORN - TREATED, MEASURED IN PCT OF AREA PLANTED, AVG",TREATED,,IOWA,"CHEMICAL, HERBICIDE: (DIMETHENAMID-P = 120051)",SURVEY,,
STATE,,CORN,IA,ANNUAL,9000,"CHEMICAL, HERBICIDE",00000000,,FIELD CROPS,00,19,00,ENVIRONMENTAL,,2016,3,"PCT OF AREA PLANTED, AVG",IOWA,,YEAR,,ALL UTILIZATION PRACTICES,,UNITED STATES,,ALL CLASSES,2016-08-31 14:19:39.000,ALL PRODUCTION PRACTICES,19,,"CORN - TREATED, MEASURED IN PCT OF AREA PLANTED, AVG",TREATED,,IOWA,"CHEMICAL, HERBICIDE: (DIMETHENAMID-P = 120051)",SURVEY,,
STATE,,CORN,IA,ANNUAL,9000,"CHEMICAL, HERBICIDE",00000000,,FIELD CROPS,00,19,00,ENVIRONMENTAL,,2014,5,"PCT OF AREA PLANTED, AVG",IOWA,,YEAR,,ALL UTILIZATION PRACTICES,,UNITED STATES,,ALL CLASSES,2014-05-14 15:12:54.000,ALL PRODUCTION PRACTICES,19,,"CORN - TREATED, MEASURED IN PCT OF AREA PLANTED, AVG",TREATED,,IOWA,"CHEMICAL, HERBICIDE: (DIMETHENAMID-P = 120051)",SURVEY,,
STATE,,CORN,IA,ANNUAL,9000,"CHEMICAL, HERBICIDE",00000000,,FIELD CROPS,00,19,00,ENVIRONMENTAL,,2010,8,"PCT OF AREA PLANTED, AVG",IOWA,,YEAR,,ALL UTILIZATION PRACTICES,,UNITED STATES,,ALL CLASSES,2012-01-01 00:00:00.000,ALL PRODUCTION PRACTICES,19,,"CORN - TREATED, MEASURED IN PCT OF AREA PLANTED, AVG",TREATED,,IOWA,"CHEMICAL, HERBICIDE: (DIMETHENAMID-P = 120051)",SURVEY,,
STATE,,CORN,IA,ANNUAL,9000,"CHEMICAL, HERBICIDE",00000000,,FIELD CROPS,00,19,00,ENVIRONMENTAL,,2005,6,"PCT OF AREA PLANTED, AVG",IOWA,,YEAR,,ALL UTILIZATION PRACTICES,,UNITED STATES,,ALL CLASSES,2005-06-11 10:11:36.000,ALL PRODUCTION PRACTICES,19,,"CORN - TREATED, MEASURED IN PCT OF AREA PLANTED, AVG",TREATED,,IOWA,"CHEMICAL, HERBICIDE: (DIMETHENAMID-P = 120051)",SURVEY,,
STATE,,CORN,IA,ANNUAL,9000,"CHEMICAL, HERBICIDE",00000000,,FIELD CROPS,00,19,00,ENVIRONMENTAL,,2003,6,"PCT OF AREA PLANTED, AVG",IOWA,,YEAR,,ALL UTILIZATION PRACTICES,,UNITED STATES,,ALL CLASSES,2003-06-11 10:11:36.000,ALL PRODUCTION PRACTICES,19,,"CORN - TREATED, MEASURED IN PCT OF AREA PLANTED, AVG",TREATED,,IOWA,"CHEMICAL, HERBICIDE: (DIMETHENAMID-P = 120051)",SURVEY,,
STATE,,CORN,IA,ANNUAL,9000,"CHEMICAL, HERBICIDE",00000000,,FIELD CROPS,00,19,00,ENVIRONMENTAL,,2002,2,"PCT OF AREA PLANTED, AVG",IOWA,,YEAR,,ALL UTILIZATION PRACTICES,,UNITED STATES,,ALL CLASSES,2002-06-11 10:11:36.000,ALL PRODUCTION PRACTICES,19,,"CORN - TREATED, MEASURED IN PCT OF AREA PLANTED, AVG",TREATED,,IOWA,"CHEMICAL, HERBICIDE: (DIMETHENAMID-P = 120051)",SURVEY,,
STATE,,CORN,IA,ANNUAL,9000,"CHEMICAL, HERBICIDE",00000000,,FIELD CROPS,00,19,00,ENVIRONMENTAL,,2018,                 (D),"PCT OF AREA PLANTED, AVG",IOWA,,YEAR,,ALL UTILIZATION PRACTICES,,UNITED STATES,,ALL CLASSES,2018-05-10 15:16:25.000,ALL PRODUCTION PRACTICES,19,,"CORN - TREATED, MEASURED IN PCT OF AREA PLANTED, AVG",TREATED,,IOWA,"CHEMICAL, HERBICIDE: (DIQUAT DIBROMIDE = 32201)",SURVEY,,
STATE,,CORN,IA,ANNUAL,9000,"CHEMICAL, HERBICIDE",00000000,,FIELD CROPS,00,19,00,ENVIRONMENTAL,,2005,3,"PCT OF AREA PLANTED, AVG",IOWA,,YEAR,,ALL UTILIZATION PRACTICES,,UNITED STATES,,ALL CLASSES,2005-06-11 10:11:36.000,ALL PRODUCTION PRACTICES,19,,"CORN - TREATED, MEASURED IN PCT OF AREA PLANTED, AVG",TREATED,,IOWA,"CHEMICAL, HERBICIDE: (FLUFENACET = 121903)",SURVEY,,
STATE,,CORN,IA,ANNUAL,9000,"CHEMICAL, HERBICIDE",00000000,,FIELD CROPS,00,19,00,ENVIRONMENTAL,,2003,4,"PCT OF AREA PLANTED, AVG",IOWA,,YEAR,,ALL UTILIZATION PRACTICES,,UNITED STATES,,ALL CLASSES,2003-06-11 10:11:36.000,ALL PRODUCTION PRACTICES,19,,"CORN - TREATED, MEASURED IN PCT OF AREA PLANTED, AVG",TREATED,,IOWA,"CHEMICAL, HERBICIDE: (FLUFENACET = 121903)",SURVEY,,
STATE,,CORN,IA,ANNUAL,9000,"CHEMICAL, HERBICIDE",00000000,,FIELD CROPS,00,19,00,ENVIRONMENTAL,,2002,3,"PCT OF AREA PLANTED, AVG",IOWA,,YEAR,,ALL UTILIZATION PRACTICES,,UNITED STATES,,ALL CLASSES,2002-06-11 10:11:36.000,ALL PRODUCTION PRACTICES,19,,"CORN - TREATED, MEASURED IN PCT OF AREA PLANTED, AVG",TREATED,,IOWA,"CHEMICAL, HERBICIDE: (FLUFENACET = 121903)",SURVEY,,
STATE,,CORN,IA,ANNUAL,9000,"CHEMICAL, HERBICIDE",00000000,,FIELD CROPS,00,19,00,ENVIRONMENTAL,,2001,5,"PCT OF AREA PLANTED, AVG",IOWA,,YEAR,,ALL UTILIZATION PRACTICES,,UNITED STATES,,ALL CLASSES,2001-06-11 10:11:36.000,ALL PRODUCTION PRACTICES,19,,"CORN - TREATED, MEASURED IN PCT OF AREA PLANTED, AVG",TREATED,,IOWA,"CHEMICAL, HERBICIDE: (FLUFENACET = 121903)",SURVEY,,
STATE,,CORN,IA,ANNUAL,9000,"CHEMICAL, HERBICIDE",00000000,,FIELD CROPS,00,19,00,ENVIRONMENTAL,,2021,8,"PCT OF AREA PLANTED, AVG",IOWA,,YEAR,,ALL UTILIZATION PRACTICES,,UNITED STATES,,ALL CLASSES,2021-05-13 15:00:30.000,ALL PRODUCTION PRACTICES,19,,"CORN - TREATED, MEASURED IN PCT OF AREA PLANTED, AVG",TREATED,,IOWA,"CHEMICAL, HERBICIDE: (FLUMETSULAM = 129016)",SURVEY,,
STATE,,CORN,IA,ANNUAL,9000,"CHEMICAL, HERBICIDE",00000000,,FIELD CROPS,00,19,00,ENVIRONMENTAL,,2018,18,"PCT OF AREA PLANTED, AVG",IOWA,,YEAR,,ALL UTILIZATION PRACTICES,,UNITED STATES,,ALL CLASSES,2018-05-10 15:16:25.000,ALL PRODUCTION PRACTICES,19,,"CORN - TREATED, MEASURED IN PCT OF AREA PLANTED, AVG",TREATED,,IOWA,"CHEMICAL, HERBICIDE: (FLUMETSULAM = 129016)",SURVEY,,
STATE,,CORN,IA,ANNUAL,9000,"CHEMICAL, HERBICIDE",00000000,,FIELD CROPS,00,19,00,ENVIRONMENTAL,,2016,13,"PCT OF AREA PLANTED, AVG",IOWA,,YEAR,,ALL UTILIZATION PRACTICES,,UNITED STATES,,ALL CLASSES,2016-08-31 14:19:39.000,ALL PRODUCTION PRACTICES,19,,"CORN - TREATED, MEASURED IN PCT OF AREA PLANTED, AVG",TREATED,,IOWA,"CHEMICAL, HERBICIDE: (FLUMETSULAM = 129016)",SURVEY,,
STATE,,CORN,IA,ANNUAL,9000,"CHEMICAL, HERBICIDE",00000000,,FIELD CROPS,00,19,00,ENVIRONMENTAL,,2014,17,"PCT OF AREA PLANTED, AVG",IOWA,,YEAR,,ALL UTILIZATION PRACTICES,,UNITED STATES,,ALL CLASSES,2014-05-14 15:12:54.000,ALL PRODUCTION PRACTICES,19,,"CORN - TREATED, MEASURED IN PCT OF AREA PLANTED, AVG",TREATED,,IOWA,"CHEMICAL, HERBICIDE: (FLUMETSULAM = 129016)",SURVEY,,
STATE,,CORN,IA,ANNUAL,9000,"CHEMICAL, HERBICIDE",00000000,,FIELD CROPS,00,19,00,ENVIRONMENTAL,,2010,4,"PCT OF AREA PLANTED, AVG",IOWA,,YEAR,,ALL UTILIZATION PRACTICES,,UNITED STATES,,ALL CLASSES,2012-01-01 00:00:00.000,ALL PRODUCTION PRACTICES,19,,"CORN - TREATED, MEASURED IN PCT OF AREA PLANTED, AVG",TREATED,,IOWA,"CHEMICAL, HERBICIDE: (FLUMETSULAM = 129016)",SURVEY,,
STATE,,CORN,IA,ANNUAL,9000,"CHEMICAL, HERBICIDE",00000000,,FIELD CROPS,00,19,00,ENVIRONMENTAL,,2005,7,"PCT OF AREA PLANTED, AVG",IOWA,,YEAR,,ALL UTILIZATION PRACTICES,,UNITED STATES,,ALL CLASSES,2005-06-11 10:11:36.000,ALL PRODUCTION PRACTICES,19,,"CORN - TREATED, MEASURED IN PCT OF AREA PLANTED, AVG",TREATED,,IOWA,"CHEMICAL, HERBICIDE: (FLUMETSULAM = 129016)",SURVEY,,
STATE,,CORN,IA,ANNUAL,9000,"CHEMICAL, HERBICIDE",00000000,,FIELD CROPS,00,19,00,ENVIRONMENTAL,,2003,9,"PCT OF AREA PLANTED, AVG",IOWA,,YEAR,,ALL UTILIZATION PRACTICES,,UNITED STATES,,ALL CLASSES,2003-06-11 10:11:36.000,ALL PRODUCTION PRACTICES,19,,"CORN - TREATED, MEASURED IN PCT OF AREA PLANTED, AVG",TREATED,,IOWA,"CHEMICAL, HERBICIDE: (FLUMETSULAM = 129016)",SURVEY,,
STATE,,CORN,IA,ANNUAL,9000,"CHEMICAL, HERBICIDE",00000000,,FIELD CROPS,00,19,00,ENVIRONMENTAL,,2002,14,"PCT OF AREA PLANTED, AVG",IOWA,,YEAR,,ALL UTILIZATION PRACTICES,,UNITED STATES,,ALL CLASSES,2002-06-11 10:11:36.000,ALL PRODUCTION PRACTICES,19,,"CORN - TREATED, MEASURED IN PCT OF AREA PLANTED, AVG",TREATED,,IOWA,"CHEMICAL, HERBICIDE: (FLUMETSULAM = 129016)",SURVEY,,
STATE,,CORN,IA,ANNUAL,9000,"CHEMICAL, HERBICIDE",00000000,,FIELD CROPS,00,19,00,ENVIRONMENTAL,,2001,14,"PCT OF AREA PLANTED, AVG",IOWA,,YEAR,,ALL UTILIZATION PRACTICES,,UNITED STATES,,ALL CLASSES,2001-06-11 10:11:36.000,ALL PRODUCTION PRACTICES,19,,"CORN - TREATED, MEASURED IN PCT OF AREA PLANTED, AVG",TREATED,,IOWA,"CHEMICAL, HERBICIDE: (FLUMETSULAM = 129016)",SURVEY,,
STATE,,CORN,IA,ANNUAL,9000,"CHEMICAL, HERBICIDE",00000000,,FIELD CROPS,00,19,00,ENVIRONMENTAL,,2000,10,"PCT OF AREA PLANTED, AVG",IOWA,,YEAR,,ALL UTILIZATION PRACTICES,,UNITED STATES,,ALL CLASSES,2000-06-11 10:11:36.000,ALL PRODUCTION PRACTICES,19,,"CORN - TREATED, MEASURED IN PCT OF AREA PLANTED, AVG",TREATED,,IOWA,"CHEMICAL, HERBICIDE: (FLUMETSULAM = 129016)",SURVEY,,
STATE,,CORN,IA,ANNUAL,9000,"CHEMICAL, HERBICIDE",00000000,,FIELD CROPS,00,19,00,ENVIRONMENTAL,,2021,                 (D),"PCT OF AREA PLANTED, AVG",IOWA,,YEAR,,ALL UTILIZATION PRACTICES,,UNITED STATES,,ALL CLASSES,2021-05-13 15:00:30.000,ALL PRODUCTION PRACTICES,19,,"CORN - TREATED, MEASURED IN PCT OF AREA PLANTED, AVG",TREATED,,IOWA,"CHEMICAL, HERBICIDE: (FLUMICLORAC-PENTYL = 128724)",SURVEY,,
STATE,,CORN,IA,ANNUAL,9000,"CHEMICAL, HERBICIDE",00000000,,FIELD CROPS,00,19,00,ENVIRONMENTAL,,2010,                 (D),"PCT OF AREA PLANTED, AVG",IOWA,,YEAR,,ALL UTILIZATION PRACTICES,,UNITED STATES,,ALL CLASSES,2012-01-01 00:00:00.000,ALL PRODUCTION PRACTICES,19,,"CORN - TREATED, MEASURED IN PCT OF AREA PLANTED, AVG",TREATED,,IOWA,"CHEMICAL, HERBICIDE: (FLUMICLORAC-PENTYL = 128724)",SURVEY,,
STATE,,CORN,IA,ANNUAL,9000,"CHEMICAL, HERBICIDE",00000000,,FIELD CROPS,00,19,00,ENVIRONMENTAL,,2016,                 (D),"PCT OF AREA PLANTED, AVG",IOWA,,YEAR,,ALL UTILIZATION PRACTICES,,UNITED STATES,,ALL CLASSES,2016-08-31 14:19:39.000,ALL PRODUCTION PRACTICES,19,,"CORN - TREATED, MEASURED IN PCT OF AREA PLANTED, AVG",TREATED,,IOWA,"CHEMICAL, HERBICIDE: (FLUMIOXAZIN = 129034)",SURVEY,,
STATE,,CORN,IA,ANNUAL,9000,"CHEMICAL, HERBICIDE",00000000,,FIELD CROPS,00,19,00,ENVIRONMENTAL,,2014,                 (D),"PCT OF AREA PLANTED, AVG",IOWA,,YEAR,,ALL UTILIZATION PRACTICES,,UNITED STATES,,ALL CLASSES,2014-05-14 15:12:54.000,ALL PRODUCTION PRACTICES,19,,"CORN - TREATED, MEASURED IN PCT OF AREA PLANTED, AVG",TREATED,,IOWA,"CHEMICAL, HERBICIDE: (FLUROXYPYR 1-MHE = 128968)",SURVEY,,
STATE,,CORN,IA,ANNUAL,9000,"CHEMICAL, HERBICIDE",00000000,,FIELD CROPS,00,19,00,ENVIRONMENTAL,,2016,                 (D),"PCT OF AREA PLANTED, AVG",IOWA,,YEAR,,ALL UTILIZATION PRACTICES,,UNITED STATES,,ALL CLASSES,2016-08-31 14:19:39.000,ALL PRODUCTION PRACTICES,19,,"CORN - TREATED, MEASURED IN PCT OF AREA PLANTED, AVG",TREATED,,IOWA,"CHEMICAL, HERBICIDE: (FLUTHIACET-METHYL = 108803)",SURVEY,,
STATE,,CORN,IA,ANNUAL,9000,"CHEMICAL, HERBICIDE",00000000,,FIELD CROPS,00,19,00,ENVIRONMENTAL,,2014,                 (D),"PCT OF AREA PLANTED, AVG",IOWA,,YEAR,,ALL UTILIZATION PRACTICES,,UNITED STATES,,ALL CLASSES,2014-05-14 15:12:54.000,ALL PRODUCTION PRACTICES,19,,"CORN - TREATED, MEASURED IN PCT OF AREA PLANTED, AVG",TREATED,,IOWA,"CHEMICAL, HERBICIDE: (FLUTHIACET-METHYL = 108803)",SURVEY,,
STATE,,CORN,IA,ANNUAL,9000,"CHEMICAL, HERBICIDE",00000000,,FIELD CROPS,00,19,00,ENVIRONMENTAL,,2021,                 (D),"PCT OF AREA PLANTED, AVG",IOWA,,YEAR,,ALL UTILIZATION PRACTICES,,UNITED STATES,,ALL CLASSES,2021-05-13 15:00:30.000,ALL PRODUCTION PRACTICES,19,,"CORN - TREATED, MEASURED IN PCT OF AREA PLANTED, AVG",TREATED,,IOWA,"CHEMICAL, HERBICIDE: (GLUFOSINATE-AMMONIUM = 128850)",SURVEY,,
STATE,,CORN,IA,ANNUAL,9000,"CHEMICAL, HERBICIDE",00000000,,FIELD CROPS,00,19,00,ENVIRONMENTAL,,2018,                 (D),"PCT OF AREA PLANTED, AVG",IOWA,,YEAR,,ALL UTILIZATION PRACTICES,,UNITED STATES,,ALL CLASSES,2018-05-10 15:16:25.000,ALL PRODUCTION PRACTICES,19,,"CORN - TREATED, MEASURED IN PCT OF AREA PLANTED, AVG",TREATED,,IOWA,"CHEMICAL, HERBICIDE: (GLUFOSINATE-AMMONIUM = 128850)",SURVEY,,
STATE,,CORN,IA,ANNUAL,9000,"CHEMICAL, HERBICIDE",00000000,,FIELD CROPS,00,19,00,ENVIRONMENTAL,,2016,                 (D),"PCT OF AREA PLANTED, AVG",IOWA,,YEAR,,ALL UTILIZATION PRACTICES,,UNITED STATES,,ALL CLASSES,2016-08-31 14:19:39.000,ALL PRODUCTION PRACTICES,19,,"CORN - TREATED, MEASURED IN PCT OF AREA PLANTED, AVG",TREATED,,IOWA,"CHEMICAL, HERBICIDE: (GLUFOSINATE-AMMONIUM = 128850)",SURVEY,,
STATE,,CORN,IA,ANNUAL,9000,"CHEMICAL, HERBICIDE",00000000,,FIELD CROPS,00,19,00,ENVIRONMENTAL,,2014,2,"PCT OF AREA PLANTED, AVG",IOWA,,YEAR,,ALL UTILIZATION PRACTICES,,UNITED STATES,,ALL CLASSES,2014-05-14 15:12:54.000,ALL PRODUCTION PRACTICES,19,,"CORN - TREATED, MEASURED IN PCT OF AREA PLANTED, AVG",TREATED,,IOWA,"CHEMICAL, HERBICIDE: (GLUFOSINATE-AMMONIUM = 128850)",SURVEY,,
STATE,,CORN,IA,ANNUAL,9000,"CHEMICAL, HERBICIDE",00000000,,FIELD CROPS,00,19,00,ENVIRONMENTAL,,2010,9,"PCT OF AREA PLANTED, AVG",IOWA,,YEAR,,ALL UTILIZATION PRACTICES,,UNITED STATES,,ALL CLASSES,2012-01-01 00:00:00.000,ALL PRODUCTION PRACTICES,19,,"CORN - TREATED, MEASURED IN PCT OF AREA PLANTED, AVG",TREATED,,IOWA,"CHEMICAL, HERBICIDE: (GLUFOSINATE-AMMONIUM = 128850)",SURVEY,,
STATE,,CORN,IA,ANNUAL,9000,"CHEMICAL, HERBICIDE",00000000,,FIELD CROPS,00,19,00,ENVIRONMENTAL,,2005,13,"PCT OF AREA PLANTED, AVG",IOWA,,YEAR,,ALL UTILIZATION PRACTICES,,UNITED STATES,,ALL CLASSES,2005-06-11 10:11:36.000,ALL PRODUCTION PRACTICES,19,,"CORN - TREATED, MEASURED IN PCT OF AREA PLANTED, AVG",TREATED,,IOWA,"CHEMICAL, HERBICIDE: (GLUFOSINATE-AMMONIUM = 128850)",SURVEY,,
STATE,,CORN,IA,ANNUAL,9000,"CHEMICAL, HERBICIDE",00000000,,FIELD CROPS,00,19,00,ENVIRONMENTAL,,2003,7,"PCT OF AREA PLANTED, AVG",IOWA,,YEAR,,ALL UTILIZATION PRACTICES,,UNITED STATES,,ALL CLASSES,2003-06-11 10:11:36.000,ALL PRODUCTION PRACTICES,19,,"CORN - TREATED, MEASURED IN PCT OF AREA PLANTED, AVG",TREATED,,IOWA,"CHEMICAL, HERBICIDE: (GLUFOSINATE-AMMONIUM = 128850)",SURVEY,,
STATE,,CORN,IA,ANNUAL,9000,"CHEMICAL, HERBICIDE",00000000,,FIELD CROPS,00,19,00,ENVIRONMENTAL,,2002,5,"PCT OF AREA PLANTED, AVG",IOWA,,YEAR,,ALL UTILIZATION PRACTICES,,UNITED STATES,,ALL CLASSES,2002-06-11 10:11:36.000,ALL PRODUCTION PRACTICES,19,,"CORN - TREATED, MEASURED IN PCT OF AREA PLANTED, AVG",TREATED,,IOWA,"CHEMICAL, HERBICIDE: (GLUFOSINATE-AMMONIUM = 128850)",SURVEY,,
STATE,,CORN,IA,ANNUAL,9000,"CHEMICAL, HERBICIDE",00000000,,FIELD CROPS,00,19,00,ENVIRONMENTAL,,2001,4,"PCT OF AREA PLANTED, AVG",IOWA,,YEAR,,ALL UTILIZATION PRACTICES,,UNITED STATES,,ALL CLASSES,2001-06-11 10:11:36.000,ALL PRODUCTION PRACTICES,19,,"CORN - TREATED, MEASURED IN PCT OF AREA PLANTED, AVG",TREATED,,IOWA,"CHEMICAL, HERBICIDE: (GLUFOSINATE-AMMONIUM = 128850)",SURVEY,,
STATE,,CORN,IA,ANNUAL,9000,"CHEMICAL, HERBICIDE",00000000,,FIELD CROPS,00,19,00,ENVIRONMENTAL,,2000,7,"PCT OF AREA PLANTED, AVG",IOWA,,YEAR,,ALL UTILIZATION PRACTICES,,UNITED STATES,,ALL CLASSES,2000-06-11 10:11:36.000,ALL PRODUCTION PRACTICES,19,,"CORN - TREATED, MEASURED IN PCT OF AREA PLANTED, AVG",TREATED,,IOWA,"CHEMICAL, HERBICIDE: (GLUFOSINATE-AMMONIUM = 128850)",SURVEY,,
STATE,,CORN,IA,ANNUAL,9000,"CHEMICAL, HERBICIDE",00000000,,FIELD CROPS,00,19,00,ENVIRONMENTAL,,2021,11,"PCT OF AREA PLANTED, AVG",IOWA,,YEAR,,ALL UTILIZATION PRACTICES,,UNITED STATES,,ALL CLASSES,2021-05-13 15:00:30.000,ALL PRODUCTION PRACTICES,19,,"CORN - TREATED, MEASURED IN PCT OF AREA PLANTED, AVG",TREATED,,IOWA,"CHEMICAL, HERBICIDE: (GLYPHOSATE = 417300)",SURVEY,,
STATE,,CORN,IA,ANNUAL,9000,"CHEMICAL, HERBICIDE",00000000,,FIELD CROPS,00,19,00,ENVIRONMENTAL,,2018,14,"PCT OF AREA PLANTED, AVG",IOWA,,YEAR,,ALL UTILIZATION PRACTICES,,UNITED STATES,,ALL CLASSES,2018-05-10 15:16:25.000,ALL PRODUCTION PRACTICES,19,,"CORN - TREATED, MEASURED IN PCT OF AREA PLANTED, AVG",TREATED,,IOWA,"CHEMICAL, HERBICIDE: (GLYPHOSATE = 417300)",SURVEY,,
STATE,,CORN,IA,ANNUAL,9000,"CHEMICAL, HERBICIDE",00000000,,FIELD CROPS,00,19,00,ENVIRONMENTAL,,2016,14,"PCT OF AREA PLANTED, AVG",IOWA,,YEAR,,ALL UTILIZATION PRACTICES,,UNITED STATES,,ALL CLASSES,2016-08-31 14:19:39.000,ALL PRODUCTION PRACTICES,19,,"CORN - TREATED, MEASURED IN PCT OF AREA PLANTED, AVG",TREATED,,IOWA,"CHEMICAL, HERBICIDE: (GLYPHOSATE = 417300)",SURVEY,,
STATE,,CORN,IA,ANNUAL,9000,"CHEMICAL, HERBICIDE",00000000,,FIELD CROPS,00,19,00,ENVIRONMENTAL,,2014,12,"PCT OF AREA PLANTED, AVG",IOWA,,YEAR,,ALL UTILIZATION PRACTICES,,UNITED STATES,,ALL CLASSES,2014-05-14 15:12:54.000,ALL PRODUCTION PRACTICES,19,,"CORN - TREATED, MEASURED IN PCT OF AREA PLANTED, AVG",TREATED,,IOWA,"CHEMICAL, HERBICIDE: (GLYPHOSATE = 417300)",SURVEY,,
STATE,,CORN,IA,ANNUAL,9000,"CHEMICAL, HERBICIDE",00000000,,FIELD CROPS,00,19,00,ENVIRONMENTAL,,2010,4,"PCT OF AREA PLANTED, AVG",IOWA,,YEAR,,ALL UTILIZATION PRACTICES,,UNITED STATES,,ALL CLASSES,2012-01-01 00:00:00.000,ALL PRODUCTION PRACTICES,19,,"CORN - TREATED, MEASURED IN PCT OF AREA PLANTED, AVG",TREATED,,IOWA,"CHEMICAL, HERBICIDE: (GLYPHOSATE = 417300)",SURVEY,,
STATE,,CORN,IA,ANNUAL,9000,"CHEMICAL, HERBICIDE",00000000,,FIELD CROPS,00,19,00,ENVIRONMENTAL,,2003,10,"PCT OF AREA PLANTED, AVG",IOWA,,YEAR,,ALL UTILIZATION PRACTICES,,UNITED STATES,,ALL CLASSES,2003-06-11 10:11:36.000,ALL PRODUCTION PRACTICES,19,,"CORN - TREATED, MEASURED IN PCT OF AREA PLANTED, AVG",TREATED,,IOWA,"CHEMICAL, HERBICIDE: (GLYPHOSATE = 417300)",SURVEY,,
STATE,,CORN,IA,ANNUAL,9000,"CHEMICAL, HERBICIDE",00000000,,FIELD CROPS,00,19,00,ENVIRONMENTAL,,2002,8,"PCT OF AREA PLANTED, AVG",IOWA,,YEAR,,ALL UTILIZATION PRACTICES,,UNITED STATES,,ALL CLASSES,2002-06-11 10:11:36.000,ALL PRODUCTION PRACTICES,19,,"CORN - TREATED, MEASURED IN PCT OF AREA PLANTED, AVG",TREATED,,IOWA,"CHEMICAL, HERBICIDE: (GLYPHOSATE = 417300)",SURVEY,,
STATE,,CORN,IA,ANNUAL,9000,"CHEMICAL, HERBICIDE",00000000,,FIELD CROPS,00,19,00,ENVIRONMENTAL,,2001,5,"PCT OF AREA PLANTED, AVG",IOWA,,YEAR,,ALL UTILIZATION PRACTICES,,UNITED STATES,,ALL CLASSES,2001-06-11 10:11:36.000,ALL PRODUCTION PRACTICES,19,,"CORN - TREATED, MEASURED IN PCT OF AREA PLANTED, AVG",TREATED,,IOWA,"CHEMICAL, HERBICIDE: (GLYPHOSATE = 417300)",SURVEY,,
STATE,,CORN,IA,ANNUAL,9000,"CHEMICAL, HERBICIDE",00000000,,FIELD CROPS,00,19,00,ENVIRONMENTAL,,2000,7,"PCT OF AREA PLANTED, AVG",IOWA,,YEAR,,ALL UTILIZATION PRACTICES,,UNITED STATES,,ALL CLASSES,2000-06-11 10:11:36.000,ALL PRODUCTION PRACTICES,19,,"CORN - TREATED, MEASURED IN PCT OF AREA PLANTED, AVG",TREATED,,IOWA,"CHEMICAL, HERBICIDE: (GLYPHOSATE = 417300)",SURVEY,,
STATE,,CORN,IA,ANNUAL,9000,"CHEMICAL, HERBICIDE",00000000,,FIELD CROPS,00,19,00,ENVIRONMENTAL,,2016,                 (D),"PCT OF AREA PLANTED, AVG",IOWA,,YEAR,,ALL UTILIZATION PRACTICES,,UNITED STATES,,ALL CLASSES,2016-08-31 14:19:39.000,ALL PRODUCTION PRACTICES,19,,"CORN - TREATED, MEASURED IN PCT OF AREA PLANTED, AVG",TREATED,,IOWA,"CHEMICAL, HERBICIDE: (GLYPHOSATE AMM. SALT = 103604)",SURVEY,,
STATE,,CORN,IA,ANNUAL,9000,"CHEMICAL, HERBICIDE",00000000,,FIELD CROPS,00,19,00,ENVIRONMENTAL,,2014,                 (D),"PCT OF AREA PLANTED, AVG",IOWA,,YEAR,,ALL UTILIZATION PRACTICES,,UNITED STATES,,ALL CLASSES,2014-05-14 15:12:54.000,ALL PRODUCTION PRACTICES,19,,"CORN - TREATED, MEASURED IN PCT OF AREA PLANTED, AVG",TREATED,,IOWA,"CHEMICAL, HERBICIDE: (GLYPHOSATE AMM. SALT = 103604)",SURVEY,,
STATE,,CORN,IA,ANNUAL,9000,"CHEMICAL, HERBICIDE",00000000,,FIELD CROPS,00,19,00,ENVIRONMENTAL,,2018,6,"PCT OF AREA PLANTED, AVG",IOWA,,YEAR,,ALL UTILIZATION PRACTICES,,UNITED STATES,,ALL CLASSES,2018-05-10 15:16:25.000,ALL PRODUCTION PRACTICES,19,,"CORN - TREATED, MEASURED IN PCT OF AREA PLANTED, AVG",TREATED,,IOWA,"CHEMICAL, HERBICIDE: (GLYPHOSATE DIM. SALT = 103608)",SURVEY,,
STATE,,CORN,IA,ANNUAL,9000,"CHEMICAL, HERBICIDE",00000000,,FIELD CROPS,00,19,00,ENVIRONMENTAL,,2016,5,"PCT OF AREA PLANTED, AVG",IOWA,,YEAR,,ALL UTILIZATION PRACTICES,,UNITED STATES,,ALL CLASSES,2016-08-31 14:19:39.000,ALL PRODUCTION PRACTICES,19,,"CORN - TREATED, MEASURED IN PCT OF AREA PLANTED, AVG",TREATED,,IOWA,"CHEMICAL, HERBICIDE: (GLYPHOSATE DIM. SALT = 103608)",SURVEY,,
STATE,,CORN,IA,ANNUAL,9000,"CHEMICAL, HERBICIDE",00000000,,FIELD CROPS,00,19,00,ENVIRONMENTAL,,2014,7,"PCT OF AREA PLANTED, AVG",IOWA,,YEAR,,ALL UTILIZATION PRACTICES,,UNITED STATES,,ALL CLASSES,2014-05-14 15:12:54.000,ALL PRODUCTION PRACTICES,19,,"CORN - TREATED, MEASURED IN PCT OF AREA PLANTED, AVG",TREATED,,IOWA,"CHEMICAL, HERBICIDE: (GLYPHOSATE DIM. SALT = 103608)",SURVEY,,
STATE,,CORN,IA,ANNUAL,9000,"CHEMICAL, HERBICIDE",00000000,,FIELD CROPS,00,19,00,ENVIRONMENTAL,,2021,25,"PCT OF AREA PLANTED, AVG",IOWA,,YEAR,,ALL UTILIZATION PRACTICES,,UNITED STATES,,ALL CLASSES,2021-05-13 15:00:30.000,ALL PRODUCTION PRACTICES,19,,"CORN - TREATED, MEASURED IN PCT OF AREA PLANTED, AVG",TREATED,,IOWA,"CHEMICAL, HERBICIDE: (GLYPHOSATE ISO. SALT = 103601)",SURVEY,,
STATE,,CORN,IA,ANNUAL,9000,"CHEMICAL, HERBICIDE",00000000,,FIELD CROPS,00,19,00,ENVIRONMENTAL,,2018,23,"PCT OF AREA PLANTED, AVG",IOWA,,YEAR,,ALL UTILIZATION PRACTICES,,UNITED STATES,,ALL CLASSES,2018-05-10 15:16:25.000,ALL PRODUCTION PRACTICES,19,,"CORN - TREATED, MEASURED IN PCT OF AREA PLANTED, AVG",TREATED,,IOWA,"CHEMICAL, HERBICIDE: (GLYPHOSATE ISO. SALT = 103601)",SURVEY,,
STATE,,CORN,IA,ANNUAL,9000,"CHEMICAL, HERBICIDE",00000000,,FIELD CROPS,00,19,00,ENVIRONMENTAL,,2016,35,"PCT OF AREA PLANTED, AVG",IOWA,,YEAR,,ALL UTILIZATION PRACTICES,,UNITED STATES,,ALL CLASSES,2016-08-31 14:19:39.000,ALL PRODUCTION PRACTICES,19,,"CORN - TREATED, MEASURED IN PCT OF AREA PLANTED, AVG",TREATED,,IOWA,"CHEMICAL, HERBICIDE: (GLYPHOSATE ISO. SALT = 103601)",SURVEY,,
STATE,,CORN,IA,ANNUAL,9000,"CHEMICAL, HERBICIDE",00000000,,FIELD CROPS,00,19,00,ENVIRONMENTAL,,2014,27,"PCT OF AREA PLANTED, AVG",IOWA,,YEAR,,ALL UTILIZATION PRACTICES,,UNITED STATES,,ALL CLASSES,2014-05-14 15:12:54.000,ALL PRODUCTION PRACTICES,19,,"CORN - TREATED, MEASURED IN PCT OF AREA PLANTED, AVG",TREATED,,IOWA,"CHEMICAL, HERBICIDE: (GLYPHOSATE ISO. SALT = 103601)",SURVEY,,
STATE,,CORN,IA,ANNUAL,9000,"CHEMICAL, HERBICIDE",00000000,,FIELD CROPS,00,19,00,ENVIRONMENTAL,,2010,68,"PCT OF AREA PLANTED, AVG",IOWA,,YEAR,,ALL UTILIZATION PRACTICES,,UNITED STATES,,ALL CLASSES,2012-01-01 00:00:00.000,ALL PRODUCTION PRACTICES,19,,"CORN - TREATED, MEASURED IN PCT OF AREA PLANTED, AVG",TREATED,,IOWA,"CHEMICAL, HERBICIDE: (GLYPHOSATE ISO. SALT = 103601)",SURVEY,,
STATE,,CORN,IA,ANNUAL,9000,"CHEMICAL, HERBICIDE",00000000,,FIELD CROPS,00,19,00,ENVIRONMENTAL,,2005,21,"PCT OF AREA PLANTED, AVG",IOWA,,YEAR,,ALL UTILIZATION PRACTICES,,UNITED STATES,,ALL CLASSES,2005-06-11 10:11:36.000,ALL PRODUCTION PRACTICES,19,,"CORN - TREATED, MEASURED IN PCT OF AREA PLANTED, AVG",TREATED,,IOWA,"CHEMICAL, HERBICIDE: (GLYPHOSATE ISO. SALT = 103601)",SURVEY,,
STATE,,CORN,IA,ANNUAL,9000,"CHEMICAL, HERBICIDE",00000000,,FIELD CROPS,00,19,00,ENVIRONMENTAL,,2021,24,"PCT OF AREA PLANTED, AVG",IOWA,,YEAR,,ALL UTILIZATION PRACTICES,,UNITED STATES,,ALL CLASSES,2021-05-13 15:00:30.000,ALL PRODUCTION PRACTICES,19,,"CORN - TREATED, MEASURED IN PCT OF AREA PLANTED, AVG",TREATED,,IOWA,"CHEMICAL, HERBICIDE: (GLYPHOSATE POT. SALT = 103613)",SURVEY,,
STATE,,CORN,IA,ANNUAL,9000,"CHEMICAL, HERBICIDE",00000000,,FIELD CROPS,00,19,00,ENVIRONMENTAL,,2018,28,"PCT OF AREA PLANTED, AVG",IOWA,,YEAR,,ALL UTILIZATION PRACTICES,,UNITED STATES,,ALL CLASSES,2018-05-10 15:16:25.000,ALL PRODUCTION PRACTICES,19,,"CORN - TREATED, MEASURED IN PCT OF AREA PLANTED, AVG",TREATED,,IOWA,"CHEMICAL, HERBICIDE: (GLYPHOSATE POT. SALT = 103613)",SURVEY,,
STATE,,CORN,IA,ANNUAL,9000,"CHEMICAL, HERBICIDE",00000000,,FIELD CROPS,00,19,00,ENVIRONMENTAL,,2016,29,"PCT OF AREA PLANTED, AVG",IOWA,,YEAR,,ALL UTILIZATION PRACTICES,,UNITED STATES,,ALL CLASSES,2016-08-31 14:19:39.000,ALL PRODUCTION PRACTICES,19,,"CORN - TREATED, MEASURED IN PCT OF AREA PLANTED, AVG",TREATED,,IOWA,"CHEMICAL, HERBICIDE: (GLYPHOSATE POT. SALT = 103613)",SURVEY,,
STATE,,CORN,IA,ANNUAL,9000,"CHEMICAL, HERBICIDE",00000000,,FIELD CROPS,00,19,00,ENVIRONMENTAL,,2014,24,"PCT OF AREA PLANTED, AVG",IOWA,,YEAR,,ALL UTILIZATION PRACTICES,,UNITED STATES,,ALL CLASSES,2014-05-14 15:12:54.000,ALL PRODUCTION PRACTICES,19,,"CORN - TREATED, MEASURED IN PCT OF AREA PLANTED, AVG",TREATED,,IOWA,"CHEMICAL, HERBICIDE: (GLYPHOSATE POT. SALT = 103613)",SURVEY,,
STATE,,CORN,IA,ANNUAL,9000,"CHEMICAL, HERBICIDE",00000000,,FIELD CROPS,00,19,00,ENVIRONMENTAL,,2010,                 (D),"PCT OF AREA PLANTED, AVG",IOWA,,YEAR,,ALL UTILIZATION PRACTICES,,UNITED STATES,,ALL CLASSES,2012-01-01 00:00:00.000,ALL PRODUCTION PRACTICES,19,,"CORN - TREATED, MEASURED IN PCT OF AREA PLANTED, AVG",TREATED,,IOWA,"CHEMICAL, HERBICIDE: (GLYPHOSATE POT. SALT = 103613)",SURVEY,,
STATE,,CORN,IA,ANNUAL,9000,"CHEMICAL, HERBICIDE",00000000,,FIELD CROPS,00,19,00,ENVIRONMENTAL,,2001,3,"PCT OF AREA PLANTED, AVG",IOWA,,YEAR,,ALL UTILIZATION PRACTICES,,UNITED STATES,,ALL CLASSES,2001-06-11 10:11:36.000,ALL PRODUCTION PRACTICES,19,,"CORN - TREATED, MEASURED IN PCT OF AREA PLANTED, AVG",TREATED,,IOWA,"CHEMICAL, HERBICIDE: (IMAZAPYR = 128821)",SURVEY,,
STATE,,CORN,IA,ANNUAL,9000,"CHEMICAL, HERBICIDE",00000000,,FIELD CROPS,00,19,00,ENVIRONMENTAL,,2000,2,"PCT OF AREA PLANTED, AVG",IOWA,,YEAR,,ALL UTILIZATION PRACTICES,,UNITED STATES,,ALL CLASSES,2000-06-11 10:11:36.000,ALL PRODUCTION PRACTICES,19,,"CORN - TREATED, MEASURED IN PCT OF AREA PLANTED, AVG",TREATED,,IOWA,"CHEMICAL, HERBICIDE: (IMAZAPYR = 128821)",SURVEY,,
STATE,,CORN,IA,ANNUAL,9000,"CHEMICAL, HERBICIDE",00000000,,FIELD CROPS,00,19,00,ENVIRONMENTAL,,2014,                 (D),"PCT OF AREA PLANTED, AVG",IOWA,,YEAR,,ALL UTILIZATION PRACTICES,,UNITED STATES,,ALL CLASSES,2014-05-14 15:12:54.000,ALL PRODUCTION PRACTICES,19,,"CORN - TREATED, MEASURED IN PCT OF AREA PLANTED, AVG",TREATED,,IOWA,"CHEMICAL, HERBICIDE: (IMAZAPYR, ISO. SALT = 128829)",SURVEY,,
STATE,,CORN,IA,ANNUAL,9000,"CHEMICAL, HERBICIDE",00000000,,FIELD CROPS,00,19,00,ENVIRONMENTAL,,2018,                 (D),"PCT OF AREA PLANTED, AVG",IOWA,,YEAR,,ALL UTILIZATION PRACTICES,,UNITED STATES,,ALL CLASSES,2018-05-10 15:16:25.000,ALL PRODUCTION PRACTICES,19,,"CORN - TREATED, MEASURED IN PCT OF AREA PLANTED, AVG",TREATED,,IOWA,"CHEMICAL, HERBICIDE: (IMAZETHAPYR = 128922)",SURVEY,,
STATE,,CORN,IA,ANNUAL,9000,"CHEMICAL, HERBICIDE",00000000,,FIELD CROPS,00,19,00,ENVIRONMENTAL,,2001,3,"PCT OF AREA PLANTED, AVG",IOWA,,YEAR,,ALL UTILIZATION PRACTICES,,UNITED STATES,,ALL CLASSES,2001-06-11 10:11:36.000,ALL PRODUCTION PRACTICES,19,,"CORN - TREATED, MEASURED IN PCT OF AREA PLANTED, AVG",TREATED,,IOWA,"CHEMICAL, HERBICIDE: (IMAZETHAPYR = 128922)",SURVEY,,
STATE,,CORN,IA,ANNUAL,9000,"CHEMICAL, HERBICIDE",00000000,,FIELD CROPS,00,19,00,ENVIRONMENTAL,,2000,2,"PCT OF AREA PLANTED, AVG",IOWA,,YEAR,,ALL UTILIZATION PRACTICES,,UNITED STATES,,ALL CLASSES,2000-06-11 10:11:36.000,ALL PRODUCTION PRACTICES,19,,"CORN - TREATED, MEASURED IN PCT OF AREA PLANTED, AVG",TREATED,,IOWA,"CHEMICAL, HERBICIDE: (IMAZETHAPYR = 128922)",SURVEY,,
STATE,,CORN,IA,ANNUAL,9000,"CHEMICAL, HERBICIDE",00000000,,FIELD CROPS,00,19,00,ENVIRONMENTAL,,2021,                 (D),"PCT OF AREA PLANTED, AVG",IOWA,,YEAR,,ALL UTILIZATION PRACTICES,,UNITED STATES,,ALL CLASSES,2021-05-13 15:00:30.000,ALL PRODUCTION PRACTICES,19,,"CORN - TREATED, MEASURED IN PCT OF AREA PLANTED, AVG",TREATED,,IOWA,"CHEMICAL, HERBICIDE: (ISOXAFLUTOLE = 123000)",SURVEY,,
STATE,,CORN,IA,ANNUAL,9000,"CHEMICAL, HERBICIDE",00000000,,FIELD CROPS,00,19,00,ENVIRONMENTAL,,2018,12,"PCT OF AREA PLANTED, AVG",IOWA,,YEAR,,ALL UTILIZATION PRACTICES,,UNITED STATES,,ALL CLASSES,2018-05-10 15:16:25.000,ALL PRODUCTION PRACTICES,19,,"CORN - TREATED, MEASURED IN PCT OF AREA PLANTED, AVG",TREATED,,IOWA,"CHEMICAL, HERBICIDE: (ISOXAFLUTOLE = 123000)",SURVEY,,
STATE,,CORN,IA,ANNUAL,9000,"CHEMICAL, HERBICIDE",00000000,,FIELD CROPS,00,19,00,ENVIRONMENTAL,,2016,9,"PCT OF AREA PLANTED, AVG",IOWA,,YEAR,,ALL UTILIZATION PRACTICES,,UNITED STATES,,ALL CLASSES,2016-08-31 14:19:39.000,ALL PRODUCTION PRACTICES,19,,"CORN - TREATED, MEASURED IN PCT OF AREA PLANTED, AVG",TREATED,,IOWA,"CHEMICAL, HERBICIDE: (ISOXAFLUTOLE = 123000)",SURVEY,,
STATE,,CORN,IA,ANNUAL,9000,"CHEMICAL, HERBICIDE",00000000,,FIELD CROPS,00,19,00,ENVIRONMENTAL,,2014,14,"PCT OF AREA PLANTED, AVG",IOWA,,YEAR,,ALL UTILIZATION PRACTICES,,UNITED STATES,,ALL CLASSES,2014-05-14 15:12:54.000,ALL PRODUCTION PRACTICES,19,,"CORN - TREATED, MEASURED IN PCT OF AREA PLANTED, AVG",TREATED,,IOWA,"CHEMICAL, HERBICIDE: (ISOXAFLUTOLE = 123000)",SURVEY,,
STATE,,CORN,IA,ANNUAL,9000,"CHEMICAL, HERBICIDE",00000000,,FIELD CROPS,00,19,00,ENVIRONMENTAL,,2010,12,"PCT OF AREA PLANTED, AVG",IOWA,,YEAR,,ALL UTILIZATION PRACTICES,,UNITED STATES,,ALL CLASSES,2012-01-01 00:00:00.000,ALL PRODUCTION PRACTICES,19,,"CORN - TREATED, MEASURED IN PCT OF AREA PLANTED, AVG",TREATED,,IOWA,"CHEMICAL, HERBICIDE: (ISOXAFLUTOLE = 123000)",SURVEY,,
STATE,,CORN,IA,ANNUAL,9000,"CHEMICAL, HERBICIDE",00000000,,FIELD CROPS,00,19,00,ENVIRONMENTAL,,2005,6,"PCT OF AREA PLANTED, AVG",IOWA,,YEAR,,ALL UTILIZATION PRACTICES,,UNITED STATES,,ALL CLASSES,2005-06-11 10:11:36.000,ALL PRODUCTION PRACTICES,19,,"CORN - TREATED, MEASURED IN PCT OF AREA PLANTED, AVG",TREATED,,IOWA,"CHEMICAL, HERBICIDE: (ISOXAFLUTOLE = 123000)",SURVEY,,
STATE,,CORN,IA,ANNUAL,9000,"CHEMICAL, HERBICIDE",00000000,,FIELD CROPS,00,19,00,ENVIRONMENTAL,,2003,17,"PCT OF AREA PLANTED, AVG",IOWA,,YEAR,,ALL UTILIZATION PRACTICES,,UNITED STATES,,ALL CLASSES,2003-06-11 10:11:36.000,ALL PRODUCTION PRACTICES,19,,"CORN - TREATED, MEASURED IN PCT OF AREA PLANTED, AVG",TREATED,,IOWA,"CHEMICAL, HERBICIDE: (ISOXAFLUTOLE = 123000)",SURVEY,,
STATE,,CORN,IA,ANNUAL,9000,"CHEMICAL, HERBICIDE",00000000,,FIELD CROPS,00,19,00,ENVIRONMENTAL,,2002,15,"PCT OF AREA PLANTED, AVG",IOWA,,YEAR,,ALL UTILIZATION PRACTICES,,UNITED STATES,,ALL CLASSES,2002-06-11 10:11:36.000,ALL PRODUCTION PRACTICES,19,,"CORN - TREATED, MEASURED IN PCT OF AREA PLANTED, AVG",TREATED,,IOWA,"CHEMICAL, HERBICIDE: (ISOXAFLUTOLE = 123000)",SURVEY,,
STATE,,CORN,IA,ANNUAL,9000,"CHEMICAL, HERBICIDE",00000000,,FIELD CROPS,00,19,00,ENVIRONMENTAL,,2001,23,"PCT OF AREA PLANTED, AVG",IOWA,,YEAR,,ALL UTILIZATION PRACTICES,,UNITED STATES,,ALL CLASSES,2001-06-11 10:11:36.000,ALL PRODUCTION PRACTICES,19,,"CORN - TREATED, MEASURED IN PCT OF AREA PLANTED, AVG",TREATED,,IOWA,"CHEMICAL, HERBICIDE: (ISOXAFLUTOLE = 123000)",SURVEY,,
STATE,,CORN,IA,ANNUAL,9000,"CHEMICAL, HERBICIDE",00000000,,FIELD CROPS,00,19,00,ENVIRONMENTAL,,2000,6,"PCT OF AREA PLANTED, AVG",IOWA,,YEAR,,ALL UTILIZATION PRACTICES,,UNITED STATES,,ALL CLASSES,2000-06-11 10:11:36.000,ALL PRODUCTION PRACTICES,19,,"CORN - TREATED, MEASURED IN PCT OF AREA PLANTED, AVG",TREATED,,IOWA,"CHEMICAL, HERBICIDE: (ISOXAFLUTOLE = 123000)",SURVEY,,
STATE,,CORN,IA,ANNUAL,9000,"CHEMICAL, HERBICIDE",00000000,,FIELD CROPS,00,19,00,ENVIRONMENTAL,,2010,                 (D),"PCT OF AREA PLANTED, AVG",IOWA,,YEAR,,ALL UTILIZATION PRACTICES,,UNITED STATES,,ALL CLASSES,2012-01-01 00:00:00.000,ALL PRODUCTION PRACTICES,19,,"CORN - TREATED, MEASURED IN PCT OF AREA PLANTED, AVG",TREATED,,IOWA,"CHEMICAL, HERBICIDE: (MCPA, SODIUM SALT = 30502)",SURVEY,,
STATE,,CORN,IA,ANNUAL,9000,"CHEMICAL, HERBICIDE",00000000,,FIELD CROPS,00,19,00,ENVIRONMENTAL,,2021,47,"PCT OF AREA PLANTED, AVG",IOWA,,YEAR,,ALL UTILIZATION PRACTICES,,UNITED STATES,,ALL CLASSES,2021-05-13 15:00:30.000,ALL PRODUCTION PRACTICES,19,,"CORN - TREATED, MEASURED IN PCT OF AREA PLANTED, AVG",TREATED,,IOWA,"CHEMICAL, HERBICIDE: (MESOTRIONE = 122990)",SURVEY,,
STATE,,CORN,IA,ANNUAL,9000,"CHEMICAL, HERBICIDE",00000000,,FIELD CROPS,00,19,00,ENVIRONMENTAL,,2018,46,"PCT OF AREA PLANTED, AVG",IOWA,,YEAR,,ALL UTILIZATION PRACTICES,,UNITED STATES,,ALL CLASSES,2018-05-10 15:16:25.000,ALL PRODUCTION PRACTICES,19,,"CORN - TREATED, MEASURED IN PCT OF AREA PLANTED, AVG",TREATED,,IOWA,"CHEMICAL, HERBICIDE: (MESOTRIONE = 122990)",SURVEY,,
STATE,,CORN,IA,ANNUAL,9000,"CHEMICAL, HERBICIDE",00000000,,FIELD CROPS,00,19,00,ENVIRONMENTAL,,2016,40,"PCT OF AREA PLANTED, AVG",IOWA,,YEAR,,ALL UTILIZATION PRACTICES,,UNITED STATES,,ALL CLASSES,2016-08-31 14:19:39.000,ALL PRODUCTION PRACTICES,19,,"CORN - TREATED, MEASURED IN PCT OF AREA PLANTED, AVG",TREATED,,IOWA,"CHEMICAL, HERBICIDE: (MESOTRIONE = 122990)",SURVEY,,
STATE,,CORN,IA,ANNUAL,9000,"CHEMICAL, HERBICIDE",00000000,,FIELD CROPS,00,19,00,ENVIRONMENTAL,,2014,34,"PCT OF AREA PLANTED, AVG",IOWA,,YEAR,,ALL UTILIZATION PRACTICES,,UNITED STATES,,ALL CLASSES,2014-05-14 15:12:54.000,ALL PRODUCTION PRACTICES,19,,"CORN - TREATED, MEASURED IN PCT OF AREA PLANTED, AVG",TREATED,,IOWA,"CHEMICAL, HERBICIDE: (MESOTRIONE = 122990)",SURVEY,,
STATE,,CORN,IA,ANNUAL,9000,"CHEMICAL, HERBICIDE",00000000,,FIELD CROPS,00,19,00,ENVIRONMENTAL,,2010,13,"PCT OF AREA PLANTED, AVG",IOWA,,YEAR,,ALL UTILIZATION PRACTICES,,UNITED STATES,,ALL CLASSES,2012-01-01 00:00:00.000,ALL PRODUCTION PRACTICES,19,,"CORN - TREATED, MEASURED IN PCT OF AREA PLANTED, AVG",TREATED,,IOWA,"CHEMICAL, HERBICIDE: (MESOTRIONE = 122990)",SURVEY,,
STATE,,CORN,IA,ANNUAL,9000,"CHEMICAL, HERBICIDE",00000000,,FIELD CROPS,00,19,00,ENVIRONMENTAL,,2005,32,"PCT OF AREA PLANTED, AVG",IOWA,,YEAR,,ALL UTILIZATION PRACTICES,,UNITED STATES,,ALL CLASSES,2005-06-11 10:11:36.000,ALL PRODUCTION PRACTICES,19,,"CORN - TREATED, MEASURED IN PCT OF AREA PLANTED, AVG",TREATED,,IOWA,"CHEMICAL, HERBICIDE: (MESOTRIONE = 122990)",SURVEY,,
STATE,,CORN,IA,ANNUAL,9000,"CHEMICAL, HERBICIDE",00000000,,FIELD CROPS,00,19,00,ENVIRONMENTAL,,2003,27,"PCT OF AREA PLANTED, AVG",IOWA,,YEAR,,ALL UTILIZATION PRACTICES,,UNITED STATES,,ALL CLASSES,2003-06-11 10:11:36.000,ALL PRODUCTION PRACTICES,19,,"CORN - TREATED, MEASURED IN PCT OF AREA PLANTED, AVG",TREATED,,IOWA,"CHEMICAL, HERBICIDE: (MESOTRIONE = 122990)",SURVEY,,
STATE,,CORN,IA,ANNUAL,9000,"CHEMICAL, HERBICIDE",00000000,,FIELD CROPS,00,19,00,ENVIRONMENTAL,,2002,12,"PCT OF AREA PLANTED, AVG",IOWA,,YEAR,,ALL UTILIZATION PRACTICES,,UNITED STATES,,ALL CLASSES,2002-06-11 10:11:36.000,ALL PRODUCTION PRACTICES,19,,"CORN - TREATED, MEASURED IN PCT OF AREA PLANTED, AVG",TREATED,,IOWA,"CHEMICAL, HERBICIDE: (MESOTRIONE = 122990)",SURVEY,,
STATE,,CORN,IA,ANNUAL,9000,"CHEMICAL, HERBICIDE",00000000,,FIELD CROPS,00,19,00,ENVIRONMENTAL,,2021,                 (D),"PCT OF AREA PLANTED, AVG",IOWA,,YEAR,,ALL UTILIZATION PRACTICES,,UNITED STATES,,ALL CLASSES,2021-05-13 15:00:30.000,ALL PRODUCTION PRACTICES,19,,"CORN - TREATED, MEASURED IN PCT OF AREA PLANTED, AVG",TREATED,,IOWA,"CHEMICAL, HERBICIDE: (METOLACHLOR = 108801)",SURVEY,,
STATE,,CORN,IA,ANNUAL,9000,"CHEMICAL, HERBICIDE",00000000,,FIELD CROPS,00,19,00,ENVIRONMENTAL,,2018,                 (D),"PCT OF AREA PLANTED, AVG",IOWA,,YEAR,,ALL UTILIZATION PRACTICES,,UNITED STATES,,ALL CLASSES,2018-05-10 15:16:25.000,ALL PRODUCTION PRACTICES,19,,"CORN - TREATED, MEASURED IN PCT OF AREA PLANTED, AVG",TREATED,,IOWA,"CHEMICAL, HERBICIDE: (METOLACHLOR = 108801)",SURVEY,,
STATE,,CORN,IA,ANNUAL,9000,"CHEMICAL, HERBICIDE",00000000,,FIELD CROPS,00,19,00,ENVIRONMENTAL,,2016,                 (D),"PCT OF AREA PLANTED, AVG",IOWA,,YEAR,,ALL UTILIZATION PRACTICES,,UNITED STATES,,ALL CLASSES,2016-08-31 14:19:39.000,ALL PRODUCTION PRACTICES,19,,"CORN - TREATED, MEASURED IN PCT OF AREA PLANTED, AVG",TREATED,,IOWA,"CHEMICAL, HERBICIDE: (METOLACHLOR = 108801)",SURVEY,,
STATE,,CORN,IA,ANNUAL,9000,"CHEMICAL, HERBICIDE",00000000,,FIELD CROPS,00,19,00,ENVIRONMENTAL,,2014,                 (D),"PCT OF AREA PLANTED, AVG",IOWA,,YEAR,,ALL UTILIZATION PRACTICES,,UNITED STATES,,ALL CLASSES,2014-05-14 15:12:54.000,ALL PRODUCTION PRACTICES,19,,"CORN - TREATED, MEASURED IN PCT OF AREA PLANTED, AVG",TREATED,,IOWA,"CHEMICAL, HERBICIDE: (METOLACHLOR = 108801)",SURVEY,,
STATE,,CORN,IA,ANNUAL,9000,"CHEMICAL, HERBICIDE",00000000,,FIELD CROPS,00,19,00,ENVIRONMENTAL,,2003,3,"PCT OF AREA PLANTED, AVG",IOWA,,YEAR,,ALL UTILIZATION PRACTICES,,UNITED STATES,,ALL CLASSES,2003-06-11 10:11:36.000,ALL PRODUCTION PRACTICES,19,,"CORN - TREATED, MEASURED IN PCT OF AREA PLANTED, AVG",TREATED,,IOWA,"CHEMICAL, HERBICIDE: (METOLACHLOR = 108801)",SURVEY,,
STATE,,CORN,IA,ANNUAL,9000,"CHEMICAL, HERBICIDE",00000000,,FIELD CROPS,00,19,00,ENVIRONMENTAL,,2002,11,"PCT OF AREA PLANTED, AVG",IOWA,,YEAR,,ALL UTILIZATION PRACTICES,,UNITED STATES,,ALL CLASSES,2002-06-11 10:11:36.000,ALL PRODUCTION PRACTICES,19,,"CORN - TREATED, MEASURED IN PCT OF AREA PLANTED, AVG",TREATED,,IOWA,"CHEMICAL, HERBICIDE: (METOLACHLOR = 108801)",SURVEY,,
STATE,,CORN,IA,ANNUAL,9000,"CHEMICAL, HERBICIDE",00000000,,FIELD CROPS,00,19,00,ENVIRONMENTAL,,2001,5,"PCT OF AREA PLANTED, AVG",IOWA,,YEAR,,ALL UTILIZATION PRACTICES,,UNITED STATES,,ALL CLASSES,2001-06-11 10:11:36.000,ALL PRODUCTION PRACTICES,19,,"CORN - TREATED, MEASURED IN PCT OF AREA PLANTED, AVG",TREATED,,IOWA,"CHEMICAL, HERBICIDE: (METOLACHLOR = 108801)",SURVEY,,
STATE,,CORN,IA,ANNUAL,9000,"CHEMICAL, HERBICIDE",00000000,,FIELD CROPS,00,19,00,ENVIRONMENTAL,,2000,10,"PCT OF AREA PLANTED, AVG",IOWA,,YEAR,,ALL UTILIZATION PRACTICES,,UNITED STATES,,ALL CLASSES,2000-06-11 10:11:36.000,ALL PRODUCTION PRACTICES,19,,"CORN - TREATED, MEASURED IN PCT OF AREA PLANTED, AVG",TREATED,,IOWA,"CHEMICAL, HERBICIDE: (METOLACHLOR = 108801)",SURVEY,,
STATE,,CORN,IA,ANNUAL,9000,"CHEMICAL, HERBICIDE",00000000,,FIELD CROPS,00,19,00,ENVIRONMENTAL,,2018,                 (D),"PCT OF AREA PLANTED, AVG",IOWA,,YEAR,,ALL UTILIZATION PRACTICES,,UNITED STATES,,ALL CLASSES,2018-05-10 15:16:25.000,ALL PRODUCTION PRACTICES,19,,"CORN - TREATED, MEASURED IN PCT OF AREA PLANTED, AVG",TREATED,,IOWA,"CHEMICAL, HERBICIDE: (METRIBUZIN = 101101)",SURVEY,,
STATE,,CORN,IA,ANNUAL,9000,"CHEMICAL, HERBICIDE",00000000,,FIELD CROPS,00,19,00,ENVIRONMENTAL,,2018,                 (D),"PCT OF AREA PLANTED, AVG",IOWA,,YEAR,,ALL UTILIZATION PRACTICES,,UNITED STATES,,ALL CLASSES,2018-05-10 15:16:25.000,ALL PRODUCTION PRACTICES,19,,"CORN - TREATED, MEASURED IN PCT OF AREA PLANTED, AVG",TREATED,,IOWA,"CHEMICAL, HERBICIDE: (NICOSULFURON = 129008)",SURVEY,,
STATE,,CORN,IA,ANNUAL,9000,"CHEMICAL, HERBICIDE",00000000,,FIELD CROPS,00,19,00,ENVIRONMENTAL,,2014,                 (D),"PCT OF AREA PLANTED, AVG",IOWA,,YEAR,,ALL UTILIZATION PRACTICES,,UNITED STATES,,ALL CLASSES,2014-05-14 15:12:54.000,ALL PRODUCTION PRACTICES,19,,"CORN - TREATED, MEASURED IN PCT OF AREA PLANTED, AVG",TREATED,,IOWA,"CHEMICAL, HERBICIDE: (NICOSULFURON = 129008)",SURVEY,,
STATE,,CORN,IA,ANNUAL,9000,"CHEMICAL, HERBICIDE",00000000,,FIELD CROPS,00,19,00,ENVIRONMENTAL,,2010,                 (D),"PCT OF AREA PLANTED, AVG",IOWA,,YEAR,,ALL UTILIZATION PRACTICES,,UNITED STATES,,ALL CLASSES,2012-01-01 00:00:00.000,ALL PRODUCTION PRACTICES,19,,"CORN - TREATED, MEASURED IN PCT OF AREA PLANTED, AVG",TREATED,,IOWA,"CHEMICAL, HERBICIDE: (NICOSULFURON = 129008)",SURVEY,,
STATE,,CORN,IA,ANNUAL,9000,"CHEMICAL, HERBICIDE",00000000,,FIELD CROPS,00,19,00,ENVIRONMENTAL,,2005,14,"PCT OF AREA PLANTED, AVG",IOWA,,YEAR,,ALL UTILIZATION PRACTICES,,UNITED STATES,,ALL CLASSES,2005-06-11 10:11:36.000,ALL PRODUCTION PRACTICES,19,,"CORN - TREATED, MEASURED IN PCT OF AREA PLANTED, AVG",TREATED,,IOWA,"CHEMICAL, HERBICIDE: (NICOSULFURON = 129008)",SURVEY,,
STATE,,CORN,IA,ANNUAL,9000,"CHEMICAL, HERBICIDE",00000000,,FIELD CROPS,00,19,00,ENVIRONMENTAL,,2003,15,"PCT OF AREA PLANTED, AVG",IOWA,,YEAR,,ALL UTILIZATION PRACTICES,,UNITED STATES,,ALL CLASSES,2003-06-11 10:11:36.000,ALL PRODUCTION PRACTICES,19,,"CORN - TREATED, MEASURED IN PCT OF AREA PLANTED, AVG",TREATED,,IOWA,"CHEMICAL, HERBICIDE: (NICOSULFURON = 129008)",SURVEY,,
STATE,,CORN,IA,ANNUAL,9000,"CHEMICAL, HERBICIDE",00000000,,FIELD CROPS,00,19,00,ENVIRONMENTAL,,2002,14,"PCT OF AREA PLANTED, AVG",IOWA,,YEAR,,ALL UTILIZATION PRACTICES,,UNITED STATES,,ALL CLASSES,2002-06-11 10:11:36.000,ALL PRODUCTION PRACTICES,19,,"CORN - TREATED, MEASURED IN PCT OF AREA PLANTED, AVG",TREATED,,IOWA,"CHEMICAL, HERBICIDE: (NICOSULFURON = 129008)",SURVEY,,
STATE,,CORN,IA,ANNUAL,9000,"CHEMICAL, HERBICIDE",00000000,,FIELD CROPS,00,19,00,ENVIRONMENTAL,,2001,16,"PCT OF AREA PLANTED, AVG",IOWA,,YEAR,,ALL UTILIZATION PRACTICES,,UNITED STATES,,ALL CLASSES,2001-06-11 10:11:36.000,ALL PRODUCTION PRACTICES,19,,"CORN - TREATED, MEASURED IN PCT OF AREA PLANTED, AVG",TREATED,,IOWA,"CHEMICAL, HERBICIDE: (NICOSULFURON = 129008)",SURVEY,,
STATE,,CORN,IA,ANNUAL,9000,"CHEMICAL, HERBICIDE",00000000,,FIELD CROPS,00,19,00,ENVIRONMENTAL,,2000,18,"PCT OF AREA PLANTED, AVG",IOWA,,YEAR,,ALL UTILIZATION PRACTICES,,UNITED STATES,,ALL CLASSES,2000-06-11 10:11:36.000,ALL PRODUCTION PRACTICES,19,,"CORN - TREATED, MEASURED IN PCT OF AREA PLANTED, AVG",TREATED,,IOWA,"CHEMICAL, HERBICIDE: (NICOSULFURON = 129008)",SURVEY,,
STATE,,CORN,IA,ANNUAL,9000,"CHEMICAL, HERBICIDE",00000000,,FIELD CROPS,00,19,00,ENVIRONMENTAL,,2016,                 (D),"PCT OF AREA PLANTED, AVG",IOWA,,YEAR,,ALL UTILIZATION PRACTICES,,UNITED STATES,,ALL CLASSES,2016-08-31 14:19:39.000,ALL PRODUCTION PRACTICES,19,,"CORN - TREATED, MEASURED IN PCT OF AREA PLANTED, AVG",TREATED,,IOWA,"CHEMICAL, HERBICIDE: (PARAQUAT = 61601)",SURVEY,,
STATE,,CORN,IA,ANNUAL,9000,"CHEMICAL, HERBICIDE",00000000,,FIELD CROPS,00,19,00,ENVIRONMENTAL,,2014,                 (D),"PCT OF AREA PLANTED, AVG",IOWA,,YEAR,,ALL UTILIZATION PRACTICES,,UNITED STATES,,ALL CLASSES,2014-05-14 15:12:54.000,ALL PRODUCTION PRACTICES,19,,"CORN - TREATED, MEASURED IN PCT OF AREA PLANTED, AVG",TREATED,,IOWA,"CHEMICAL, HERBICIDE: (PARAQUAT = 61601)",SURVEY,,
STATE,,CORN,IA,ANNUAL,9000,"CHEMICAL, HERBICIDE",00000000,,FIELD CROPS,00,19,00,ENVIRONMENTAL,,2010,                 (D),"PCT OF AREA PLANTED, AVG",IOWA,,YEAR,,ALL UTILIZATION PRACTICES,,UNITED STATES,,ALL CLASSES,2012-01-01 00:00:00.000,ALL PRODUCTION PRACTICES,19,,"CORN - TREATED, MEASURED IN PCT OF AREA PLANTED, AVG",TREATED,,IOWA,"CHEMICAL, HERBICIDE: (PENDIMETHALIN = 108501)",SURVEY,,
STATE,,CORN,IA,ANNUAL,9000,"CHEMICAL, HERBICIDE",00000000,,FIELD CROPS,00,19,00,ENVIRONMENTAL,,2014,                 (D),"PCT OF AREA PLANTED, AVG",IOWA,,YEAR,,ALL UTILIZATION PRACTICES,,UNITED STATES,,ALL CLASSES,2014-05-14 15:12:54.000,ALL PRODUCTION PRACTICES,19,,"CORN - TREATED, MEASURED IN PCT OF AREA PLANTED, AVG",TREATED,,IOWA,"CHEMICAL, HERBICIDE: (PRIMISULFURON = 128973)",SURVEY,,
STATE,,CORN,IA,ANNUAL,9000,"CHEMICAL, HERBICIDE",00000000,,FIELD CROPS,00,19,00,ENVIRONMENTAL,,2002,5,"PCT OF AREA PLANTED, AVG",IOWA,,YEAR,,ALL UTILIZATION PRACTICES,,UNITED STATES,,ALL CLASSES,2002-06-11 10:11:36.000,ALL PRODUCTION PRACTICES,19,,"CORN - TREATED, MEASURED IN PCT OF AREA PLANTED, AVG",TREATED,,IOWA,"CHEMICAL, HERBICIDE: (PRIMISULFURON = 128973)",SURVEY,,
STATE,,CORN,IA,ANNUAL,9000,"CHEMICAL, HERBICIDE",00000000,,FIELD CROPS,00,19,00,ENVIRONMENTAL,,2001,6,"PCT OF AREA PLANTED, AVG",IOWA,,YEAR,,ALL UTILIZATION PRACTICES,,UNITED STATES,,ALL CLASSES,2001-06-11 10:11:36.000,ALL PRODUCTION PRACTICES,19,,"CORN - TREATED, MEASURED IN PCT OF AREA PLANTED, AVG",TREATED,,IOWA,"CHEMICAL, HERBICIDE: (PRIMISULFURON = 128973)",SURVEY,,
STATE,,CORN,IA,ANNUAL,9000,"CHEMICAL, HERBICIDE",00000000,,FIELD CROPS,00,19,00,ENVIRONMENTAL,,2000,8,"PCT OF AREA PLANTED, AVG",IOWA,,YEAR,,ALL UTILIZATION PRACTICES,,UNITED STATES,,ALL CLASSES,2000-06-11 10:11:36.000,ALL PRODUCTION PRACTICES,19,,"CORN - TREATED, MEASURED IN PCT OF AREA PLANTED, AVG",TREATED,,IOWA,"CHEMICAL, HERBICIDE: (PRIMISULFURON = 128973)",SURVEY,,
STATE,,CORN,IA,ANNUAL,9000,"CHEMICAL, HERBICIDE",00000000,,FIELD CROPS,00,19,00,ENVIRONMENTAL,,2016,                 (D),"PCT OF AREA PLANTED, AVG",IOWA,,YEAR,,ALL UTILIZATION PRACTICES,,UNITED STATES,,ALL CLASSES,2016-08-31 14:19:39.000,ALL PRODUCTION PRACTICES,19,,"CORN - TREATED, MEASURED IN PCT OF AREA PLANTED, AVG",TREATED,,IOWA,"CHEMICAL, HERBICIDE: (PROPOXYCARBAZONE-SOD = 122019)",SURVEY,,
STATE,,CORN,IA,ANNUAL,9000,"CHEMICAL, HERBICIDE",00000000,,FIELD CROPS,00,19,00,ENVIRONMENTAL,,2000,20,"PCT OF AREA PLANTED, AVG",IOWA,,YEAR,,ALL UTILIZATION PRACTICES,,UNITED STATES,,ALL CLASSES,2000-06-11 10:11:36.000,ALL PRODUCTION PRACTICES,19,,"CORN - TREATED, MEASURED IN PCT OF AREA PLANTED, AVG",TREATED,,IOWA,"CHEMICAL, HERBICIDE: (PYRIDATE = 128834)",SURVEY,,
STATE,,CORN,IA,ANNUAL,9000,"CHEMICAL, HERBICIDE",00000000,,FIELD CROPS,00,19,00,ENVIRONMENTAL,,2018,                 (D),"PCT OF AREA PLANTED, AVG",IOWA,,YEAR,,ALL UTILIZATION PRACTICES,,UNITED STATES,,ALL CLASSES,2018-05-10 15:16:25.000,ALL PRODUCTION PRACTICES,19,,"CORN - TREATED, MEASURED IN PCT OF AREA PLANTED, AVG",TREATED,,IOWA,"CHEMICAL, HERBICIDE: (PYROXASULFONE = 90099)",SURVEY,,
STATE,,CORN,IA,ANNUAL,9000,"CHEMICAL, HERBICIDE",00000000,,FIELD CROPS,00,19,00,ENVIRONMENTAL,,2016,                 (D),"PCT OF AREA PLANTED, AVG",IOWA,,YEAR,,ALL UTILIZATION PRACTICES,,UNITED STATES,,ALL CLASSES,2016-08-31 14:19:39.000,ALL PRODUCTION PRACTICES,19,,"CORN - TREATED, MEASURED IN PCT OF AREA PLANTED, AVG",TREATED,,IOWA,"CHEMICAL, HERBICIDE: (PYROXASULFONE = 90099)",SURVEY,,
STATE,,CORN,IA,ANNUAL,9000,"CHEMICAL, HERBICIDE",00000000,,FIELD CROPS,00,19,00,ENVIRONMENTAL,,2018,                 (D),"PCT OF AREA PLANTED, AVG",IOWA,,YEAR,,ALL UTILIZATION PRACTICES,,UNITED STATES,,ALL CLASSES,2018-05-10 15:16:25.000,ALL PRODUCTION PRACTICES,19,,"CORN - TREATED, MEASURED IN PCT OF AREA PLANTED, AVG",TREATED,,IOWA,"CHEMICAL, HERBICIDE: (PYROXSULAM = 108702)",SURVEY,,
STATE,,CORN,IA,ANNUAL,9000,"CHEMICAL, HERBICIDE",00000000,,FIELD CROPS,00,19,00,ENVIRONMENTAL,,2018,3,"PCT OF AREA PLANTED, AVG",IOWA,,YEAR,,ALL UTILIZATION PRACTICES,,UNITED STATES,,ALL CLASSES,2018-05-10 15:16:25.000,ALL PRODUCTION PRACTICES,19,,"CORN - TREATED, MEASURED IN PCT OF AREA PLANTED, AVG",TREATED,,IOWA,"CHEMICAL, HERBICIDE: (RIMSULFURON = 129009)",SURVEY,,
STATE,,CORN,IA,ANNUAL,9000,"CHEMICAL, HERBICIDE",00000000,,FIELD CROPS,00,19,00,ENVIRONMENTAL,,2016,7,"PCT OF AREA PLANTED, AVG",IOWA,,YEAR,,ALL UTILIZATION PRACTICES,,UNITED STATES,,ALL CLASSES,2016-08-31 14:19:39.000,ALL PRODUCTION PRACTICES,19,,"CORN - TREATED, MEASURED IN PCT OF AREA PLANTED, AVG",TREATED,,IOWA,"CHEMICAL, HERBICIDE: (RIMSULFURON = 129009)",SURVEY,,
STATE,,CORN,IA,ANNUAL,9000,"CHEMICAL, HERBICIDE",00000000,,FIELD CROPS,00,19,00,ENVIRONMENTAL,,2014,6,"PCT OF AREA PLANTED, AVG",IOWA,,YEAR,,ALL UTILIZATION PRACTICES,,UNITED STATES,,ALL CLASSES,2014-05-14 15:12:54.000,ALL PRODUCTION PRACTICES,19,,"CORN - TREATED, MEASURED IN PCT OF AREA PLANTED, AVG",TREATED,,IOWA,"CHEMICAL, HERBICIDE: (RIMSULFURON = 129009)",SURVEY,,
STATE,,CORN,IA,ANNUAL,9000,"CHEMICAL, HERBICIDE",00000000,,FIELD CROPS,00,19,00,ENVIRONMENTAL,,2010,6,"PCT OF AREA PLANTED, AVG",IOWA,,YEAR,,ALL UTILIZATION PRACTICES,,UNITED STATES,,ALL CLASSES,2012-01-01 00:00:00.000,ALL PRODUCTION PRACTICES,19,,"CORN - TREATED, MEASURED IN PCT OF AREA PLANTED, AVG",TREATED,,IOWA,"CHEMICAL, HERBICIDE: (RIMSULFURON = 129009)",SURVEY,,
STATE,,CORN,IA,ANNUAL,9000,"CHEMICAL, HERBICIDE",00000000,,FIELD CROPS,00,19,00,ENVIRONMENTAL,,2005,13,"PCT OF AREA PLANTED, AVG",IOWA,,YEAR,,ALL UTILIZATION PRACTICES,,UNITED STATES,,ALL CLASSES,2005-06-11 10:11:36.000,ALL PRODUCTION PRACTICES,19,,"CORN - TREATED, MEASURED IN PCT OF AREA PLANTED, AVG",TREATED,,IOWA,"CHEMICAL, HERBICIDE: (RIMSULFURON = 129009)",SURVEY,,
STATE,,CORN,IA,ANNUAL,9000,"CHEMICAL, HERBICIDE",00000000,,FIELD CROPS,00,19,00,ENVIRONMENTAL,,2003,14,"PCT OF AREA PLANTED, AVG",IOWA,,YEAR,,ALL UTILIZATION PRACTICES,,UNITED STATES,,ALL CLASSES,2003-06-11 10:11:36.000,ALL PRODUCTION PRACTICES,19,,"CORN - TREATED, MEASURED IN PCT OF AREA PLANTED, AVG",TREATED,,IOWA,"CHEMICAL, HERBICIDE: (RIMSULFURON = 129009)",SURVEY,,
STATE,,CORN,IA,ANNUAL,9000,"CHEMICAL, HERBICIDE",00000000,,FIELD CROPS,00,19,00,ENVIRONMENTAL,,2002,12,"PCT OF AREA PLANTED, AVG",IOWA,,YEAR,,ALL UTILIZATION PRACTICES,,UNITED STATES,,ALL CLASSES,2002-06-11 10:11:36.000,ALL PRODUCTION PRACTICES,19,,"CORN - TREATED, MEASURED IN PCT OF AREA PLANTED, AVG",TREATED,,IOWA,"CHEMICAL, HERBICIDE: (RIMSULFURON = 129009)",SURVEY,,
STATE,,CORN,IA,ANNUAL,9000,"CHEMICAL, HERBICIDE",00000000,,FIELD CROPS,00,19,00,ENVIRONMENTAL,,2001,11,"PCT OF AREA PLANTED, AVG",IOWA,,YEAR,,ALL UTILIZATION PRACTICES,,UNITED STATES,,ALL CLASSES,2001-06-11 10:11:36.000,ALL PRODUCTION PRACTICES,19,,"CORN - TREATED, MEASURED IN PCT OF AREA PLANTED, AVG",TREATED,,IOWA,"CHEMICAL, HERBICIDE: (RIMSULFURON = 129009)",SURVEY,,
STATE,,CORN,IA,ANNUAL,9000,"CHEMICAL, HERBICIDE",00000000,,FIELD CROPS,00,19,00,ENVIRONMENTAL,,2000,10,"PCT OF AREA PLANTED, AVG",IOWA,,YEAR,,ALL UTILIZATION PRACTICES,,UNITED STATES,,ALL CLASSES,2000-06-11 10:11:36.000,ALL PRODUCTION PRACTICES,19,,"CORN - TREATED, MEASURED IN PCT OF AREA PLANTED, AVG",TREATED,,IOWA,"CHEMICAL, HERBICIDE: (RIMSULFURON = 129009)",SURVEY,,
STATE,,CORN,IA,ANNUAL,9000,"CHEMICAL, HERBICIDE",00000000,,FIELD CROPS,00,19,00,ENVIRONMENTAL,,2021,16,"PCT OF AREA PLANTED, AVG",IOWA,,YEAR,,ALL UTILIZATION PRACTICES,,UNITED STATES,,ALL CLASSES,2021-05-13 15:00:30.000,ALL PRODUCTION PRACTICES,19,,"CORN - TREATED, MEASURED IN PCT OF AREA PLANTED, AVG",TREATED,,IOWA,"CHEMICAL, HERBICIDE: (S-METOLACHLOR = 108800)",SURVEY,,
STATE,,CORN,IA,ANNUAL,9000,"CHEMICAL, HERBICIDE",00000000,,FIELD CROPS,00,19,00,ENVIRONMENTAL,,2018,24,"PCT OF AREA PLANTED, AVG",IOWA,,YEAR,,ALL UTILIZATION PRACTICES,,UNITED STATES,,ALL CLASSES,2018-05-10 15:16:25.000,ALL PRODUCTION PRACTICES,19,,"CORN - TREATED, MEASURED IN PCT OF AREA PLANTED, AVG",TREATED,,IOWA,"CHEMICAL, HERBICIDE: (S-METOLACHLOR = 108800)",SURVEY,,
STATE,,CORN,IA,ANNUAL,9000,"CHEMICAL, HERBICIDE",00000000,,FIELD CROPS,00,19,00,ENVIRONMENTAL,,2016,23,"PCT OF AREA PLANTED, AVG",IOWA,,YEAR,,ALL UTILIZATION PRACTICES,,UNITED STATES,,ALL CLASSES,2016-08-31 14:19:39.000,ALL PRODUCTION PRACTICES,19,,"CORN - TREATED, MEASURED IN PCT OF AREA PLANTED, AVG",TREATED,,IOWA,"CHEMICAL, HERBICIDE: (S-METOLACHLOR = 108800)",SURVEY,,
STATE,,CORN,IA,ANNUAL,9000,"CHEMICAL, HERBICIDE",00000000,,FIELD CROPS,00,19,00,ENVIRONMENTAL,,2014,18,"PCT OF AREA PLANTED, AVG",IOWA,,YEAR,,ALL UTILIZATION PRACTICES,,UNITED STATES,,ALL CLASSES,2014-05-14 15:12:54.000,ALL PRODUCTION PRACTICES,19,,"CORN - TREATED, MEASURED IN PCT OF AREA PLANTED, AVG",TREATED,,IOWA,"CHEMICAL, HERBICIDE: (S-METOLACHLOR = 108800)",SURVEY,,
STATE,,CORN,IA,ANNUAL,9000,"CHEMICAL, HERBICIDE",00000000,,FIELD CROPS,00,19,00,ENVIRONMENTAL,,2010,19,"PCT OF AREA PLANTED, AVG",IOWA,,YEAR,,ALL UTILIZATION PRACTICES,,UNITED STATES,,ALL CLASSES,2012-01-01 00:00:00.000,ALL PRODUCTION PRACTICES,19,,"CORN - TREATED, MEASURED IN PCT OF AREA PLANTED, AVG",TREATED,,IOWA,"CHEMICAL, HERBICIDE: (S-METOLACHLOR = 108800)",SURVEY,,
STATE,,CORN,IA,ANNUAL,9000,"CHEMICAL, HERBICIDE",00000000,,FIELD CROPS,00,19,00,ENVIRONMENTAL,,2005,22,"PCT OF AREA PLANTED, AVG",IOWA,,YEAR,,ALL UTILIZATION PRACTICES,,UNITED STATES,,ALL CLASSES,2005-06-11 10:11:36.000,ALL PRODUCTION PRACTICES,19,,"CORN - TREATED, MEASURED IN PCT OF AREA PLANTED, AVG",TREATED,,IOWA,"CHEMICAL, HERBICIDE: (S-METOLACHLOR = 108800)",SURVEY,,
STATE,,CORN,IA,ANNUAL,9000,"CHEMICAL, HERBICIDE",00000000,,FIELD CROPS,00,19,00,ENVIRONMENTAL,,2003,17,"PCT OF AREA PLANTED, AVG",IOWA,,YEAR,,ALL UTILIZATION PRACTICES,,UNITED STATES,,ALL CLASSES,2003-06-11 10:11:36.000,ALL PRODUCTION PRACTICES,19,,"CORN - TREATED, MEASURED IN PCT OF AREA PLANTED, AVG",TREATED,,IOWA,"CHEMICAL, HERBICIDE: (S-METOLACHLOR = 108800)",SURVEY,,
STATE,,CORN,IA,ANNUAL,9000,"CHEMICAL, HERBICIDE",00000000,,FIELD CROPS,00,19,00,ENVIRONMENTAL,,2002,12,"PCT OF AREA PLANTED, AVG",IOWA,,YEAR,,ALL UTILIZATION PRACTICES,,UNITED STATES,,ALL CLASSES,2002-06-11 10:11:36.000,ALL PRODUCTION PRACTICES,19,,"CORN - TREATED, MEASURED IN PCT OF AREA PLANTED, AVG",TREATED,,IOWA,"CHEMICAL, HERBICIDE: (S-METOLACHLOR = 108800)",SURVEY,,
STATE,,CORN,IA,ANNUAL,9000,"CHEMICAL, HERBICIDE",00000000,,FIELD CROPS,00,19,00,ENVIRONMENTAL,,2001,14,"PCT OF AREA PLANTED, AVG",IOWA,,YEAR,,ALL UTILIZATION PRACTICES,,UNITED STATES,,ALL CLASSES,2001-06-11 10:11:36.000,ALL PRODUCTION PRACTICES,19,,"CORN - TREATED, MEASURED IN PCT OF AREA PLANTED, AVG",TREATED,,IOWA,"CHEMICAL, HERBICIDE: (S-METOLACHLOR = 108800)",SURVEY,,
STATE,,CORN,IA,ANNUAL,9000,"CHEMICAL, HERBICIDE",00000000,,FIELD CROPS,00,19,00,ENVIRONMENTAL,,2000,3,"PCT OF AREA PLANTED, AVG",IOWA,,YEAR,,ALL UTILIZATION PRACTICES,,UNITED STATES,,ALL CLASSES,2000-06-11 10:11:36.000,ALL PRODUCTION PRACTICES,19,,"CORN - TREATED, MEASURED IN PCT OF AREA PLANTED, AVG",TREATED,,IOWA,"CHEMICAL, HERBICIDE: (S-METOLACHLOR = 108800)",SURVEY,,
STATE,,CORN,IA,ANNUAL,9000,"CHEMICAL, HERBICIDE",00000000,,FIELD CROPS,00,19,00,ENVIRONMENTAL,,2021,                 (D),"PCT OF AREA PLANTED, AVG",IOWA,,YEAR,,ALL UTILIZATION PRACTICES,,UNITED STATES,,ALL CLASSES,2021-05-13 15:00:30.000,ALL PRODUCTION PRACTICES,19,,"CORN - TREATED, MEASURED IN PCT OF AREA PLANTED, AVG",TREATED,,IOWA,"CHEMICAL, HERBICIDE: (SAFLUFENACIL = 118203)",SURVEY,,
STATE,,CORN,IA,ANNUAL,9000,"CHEMICAL, HERBICIDE",00000000,,FIELD CROPS,00,19,00,ENVIRONMENTAL,,2018,6,"PCT OF AREA PLANTED, AVG",IOWA,,YEAR,,ALL UTILIZATION PRACTICES,,UNITED STATES,,ALL CLASSES,2018-05-10 15:16:25.000,ALL PRODUCTION PRACTICES,19,,"CORN - TREATED, MEASURED IN PCT OF AREA PLANTED, AVG",TREATED,,IOWA,"CHEMICAL, HERBICIDE: (SAFLUFENACIL = 118203)",SURVEY,,
STATE,,CORN,IA,ANNUAL,9000,"CHEMICAL, HERBICIDE",00000000,,FIELD CROPS,00,19,00,ENVIRONMENTAL,,2016,                 (D),"PCT OF AREA PLANTED, AVG",IOWA,,YEAR,,ALL UTILIZATION PRACTICES,,UNITED STATES,,ALL CLASSES,2016-08-31 14:19:39.000,ALL PRODUCTION PRACTICES,19,,"CORN - TREATED, MEASURED IN PCT OF AREA PLANTED, AVG",TREATED,,IOWA,"CHEMICAL, HERBICIDE: (SAFLUFENACIL = 118203)",SURVEY,,
STATE,,CORN,IA,ANNUAL,9000,"CHEMICAL, HERBICIDE",00000000,,FIELD CROPS,00,19,00,ENVIRONMENTAL,,2014,4,"PCT OF AREA PLANTED, AVG",IOWA,,YEAR,,ALL UTILIZATION PRACTICES,,UNITED STATES,,ALL CLASSES,2014-05-14 15:12:54.000,ALL PRODUCTION PRACTICES,19,,"CORN - TREATED, MEASURED IN PCT OF AREA PLANTED, AVG",TREATED,,IOWA,"CHEMICAL, HERBICIDE: (SAFLUFENACIL = 118203)",SURVEY,,
STATE,,CORN,IA,ANNUAL,9000,"CHEMICAL, HERBICIDE",00000000,,FIELD CROPS,00,19,00,ENVIRONMENTAL,,2010,                 (D),"PCT OF AREA PLANTED, AVG",IOWA,,YEAR,,ALL UTILIZATION PRACTICES,,UNITED STATES,,ALL CLASSES,2012-01-01 00:00:00.000,ALL PRODUCTION PRACTICES,19,,"CORN - TREATED, MEASURED IN PCT OF AREA PLANTED, AVG",TREATED,,IOWA,"CHEMICAL, HERBICIDE: (SAFLUFENACIL = 118203)",SURVEY,,
STATE,,CORN,IA,ANNUAL,9000,"CHEMICAL, HERBICIDE",00000000,,FIELD CROPS,00,19,00,ENVIRONMENTAL,,2014,                 (D),"PCT OF AREA PLANTED, AVG",IOWA,,YEAR,,ALL UTILIZATION PRACTICES,,UNITED STATES,,ALL CLASSES,2014-05-14 15:12:54.000,ALL PRODUCTION PRACTICES,19,,"CORN - TREATED, MEASURED IN PCT OF AREA PLANTED, AVG",TREATED,,IOWA,"CHEMICAL, HERBICIDE: (SIMAZINE = 80807)",SURVEY,,
STATE,,CORN,IA,ANNUAL,9000,"CHEMICAL, HERBICIDE",00000000,,FIELD CROPS,00,19,00,ENVIRONMENTAL,,2018,                 (D),"PCT OF AREA PLANTED, AVG",IOWA,,YEAR,,ALL UTILIZATION PRACTICES,,UNITED STATES,,ALL CLASSES,2018-05-10 15:16:25.000,ALL PRODUCTION PRACTICES,19,,"CORN - TREATED, MEASURED IN PCT OF AREA PLANTED, AVG",TREATED,,IOWA,"CHEMICAL, HERBICIDE: (SULFENTRAZONE = 129081)",SURVEY,,
STATE,,CORN,IA,ANNUAL,9000,"CHEMICAL, HERBICIDE",00000000,,FIELD CROPS,00,19,00,ENVIRONMENTAL,,2014,                 (D),"PCT OF AREA PLANTED, AVG",IOWA,,YEAR,,ALL UTILIZATION PRACTICES,,UNITED STATES,,ALL CLASSES,2014-05-14 15:12:54.000,ALL PRODUCTION PRACTICES,19,,"CORN - TREATED, MEASURED IN PCT OF AREA PLANTED, AVG",TREATED,,IOWA,"CHEMICAL, HERBICIDE: (SULFENTRAZONE = 129081)",SURVEY,,
STATE,,CORN,IA,ANNUAL,9000,"CHEMICAL, HERBICIDE",00000000,,FIELD CROPS,00,19,00,ENVIRONMENTAL,,2010,                 (D),"PCT OF AREA PLANTED, AVG",IOWA,,YEAR,,ALL UTILIZATION PRACTICES,,UNITED STATES,,ALL CLASSES,2012-01-01 00:00:00.000,ALL PRODUCTION PRACTICES,19,,"CORN - TREATED, MEASURED IN PCT OF AREA PLANTED, AVG",TREATED,,IOWA,"CHEMICAL, HERBICIDE: (SULFENTRAZONE = 129081)",SURVEY,,
STATE,,CORN,IA,ANNUAL,9000,"CHEMICAL, HERBICIDE",00000000,,FIELD CROPS,00,19,00,ENVIRONMENTAL,,2021,8,"PCT OF AREA PLANTED, AVG",IOWA,,YEAR,,ALL UTILIZATION PRACTICES,,UNITED STATES,,ALL CLASSES,2021-05-13 15:00:30.000,ALL PRODUCTION PRACTICES,19,,"CORN - TREATED, MEASURED IN PCT OF AREA PLANTED, AVG",TREATED,,IOWA,"CHEMICAL, HERBICIDE: (TEMBOTRIONE = 12801)",SURVEY,,
STATE,,CORN,IA,ANNUAL,9000,"CHEMICAL, HERBICIDE",00000000,,FIELD CROPS,00,19,00,ENVIRONMENTAL,,2018,4,"PCT OF AREA PLANTED, AVG",IOWA,,YEAR,,ALL UTILIZATION PRACTICES,,UNITED STATES,,ALL CLASSES,2018-05-10 15:16:25.000,ALL PRODUCTION PRACTICES,19,,"CORN - TREATED, MEASURED IN PCT OF AREA PLANTED, AVG",TREATED,,IOWA,"CHEMICAL, HERBICIDE: (TEMBOTRIONE = 12801)",SURVEY,,
STATE,,CORN,IA,ANNUAL,9000,"CHEMICAL, HERBICIDE",00000000,,FIELD CROPS,00,19,00,ENVIRONMENTAL,,2016,5,"PCT OF AREA PLANTED, AVG",IOWA,,YEAR,,ALL UTILIZATION PRACTICES,,UNITED STATES,,ALL CLASSES,2016-08-31 14:19:39.000,ALL PRODUCTION PRACTICES,19,,"CORN - TREATED, MEASURED IN PCT OF AREA PLANTED, AVG",TREATED,,IOWA,"CHEMICAL, HERBICIDE: (TEMBOTRIONE = 12801)",SURVEY,,
STATE,,CORN,IA,ANNUAL,9000,"CHEMICAL, HERBICIDE",00000000,,FIELD CROPS,00,19,00,ENVIRONMENTAL,,2014,6,"PCT OF AREA PLANTED, AVG",IOWA,,YEAR,,ALL UTILIZATION PRACTICES,,UNITED STATES,,ALL CLASSES,2014-05-14 15:12:54.000,ALL PRODUCTION PRACTICES,19,,"CORN - TREATED, MEASURED IN PCT OF AREA PLANTED, AVG",TREATED,,IOWA,"CHEMICAL, HERBICIDE: (TEMBOTRIONE = 12801)",SURVEY,,
STATE,,CORN,IA,ANNUAL,9000,"CHEMICAL, HERBICIDE",00000000,,FIELD CROPS,00,19,00,ENVIRONMENTAL,,2010,3,"PCT OF AREA PLANTED, AVG",IOWA,,YEAR,,ALL UTILIZATION PRACTICES,,UNITED STATES,,ALL CLASSES,2012-01-01 00:00:00.000,ALL PRODUCTION PRACTICES,19,,"CORN - TREATED, MEASURED IN PCT OF AREA PLANTED, AVG",TREATED,,IOWA,"CHEMICAL, HERBICIDE: (TEMBOTRIONE = 12801)",SURVEY,,
STATE,,CORN,IA,ANNUAL,9000,"CHEMICAL, HERBICIDE",00000000,,FIELD CROPS,00,19,00,ENVIRONMENTAL,,2021,                 (D),"PCT OF AREA PLANTED, AVG",IOWA,,YEAR,,ALL UTILIZATION PRACTICES,,UNITED STATES,,ALL CLASSES,2021-05-13 15:00:30.000,ALL PRODUCTION PRACTICES,19,,"CORN - TREATED, MEASURED IN PCT OF AREA PLANTED, AVG",TREATED,,IOWA,"CHEMICAL, HERBICIDE: (THIENCARBAZONE-METHY = 15804)",SURVEY,,
STATE,,CORN,IA,ANNUAL,9000,"CHEMICAL, HERBICIDE",00000000,,FIELD CROPS,00,19,00,ENVIRONMENTAL,,2018,8,"PCT OF AREA PLANTED, AVG",IOWA,,YEAR,,ALL UTILIZATION PRACTICES,,UNITED STATES,,ALL CLASSES,2018-05-10 15:16:25.000,ALL PRODUCTION PRACTICES,19,,"CORN - TREATED, MEASURED IN PCT OF AREA PLANTED, AVG",TREATED,,IOWA,"CHEMICAL, HERBICIDE: (THIENCARBAZONE-METHY = 15804)",SURVEY,,
STATE,,CORN,IA,ANNUAL,9000,"CHEMICAL, HERBICIDE",00000000,,FIELD CROPS,00,19,00,ENVIRONMENTAL,,2016,6,"PCT OF AREA PLANTED, AVG",IOWA,,YEAR,,ALL UTILIZATION PRACTICES,,UNITED STATES,,ALL CLASSES,2016-08-31 14:19:39.000,ALL PRODUCTION PRACTICES,19,,"CORN - TREATED, MEASURED IN PCT OF AREA PLANTED, AVG",TREATED,,IOWA,"CHEMICAL, HERBICIDE: (THIENCARBAZONE-METHY = 15804)",SURVEY,,
STATE,,CORN,IA,ANNUAL,9000,"CHEMICAL, HERBICIDE",00000000,,FIELD CROPS,00,19,00,ENVIRONMENTAL,,2014,10,"PCT OF AREA PLANTED, AVG",IOWA,,YEAR,,ALL UTILIZATION PRACTICES,,UNITED STATES,,ALL CLASSES,2014-05-14 15:12:54.000,ALL PRODUCTION PRACTICES,19,,"CORN - TREATED, MEASURED IN PCT OF AREA PLANTED, AVG",TREATED,,IOWA,"CHEMICAL, HERBICIDE: (THIENCARBAZONE-METHY = 15804)",SURVEY,,
STATE,,CORN,IA,ANNUAL,9000,"CHEMICAL, HERBICIDE",00000000,,FIELD CROPS,00,19,00,ENVIRONMENTAL,,2010,3,"PCT OF AREA PLANTED, AVG",IOWA,,YEAR,,ALL UTILIZATION PRACTICES,,UNITED STATES,,ALL CLASSES,2012-01-01 00:00:00.000,ALL PRODUCTION PRACTICES,19,,"CORN - TREATED, MEASURED IN PCT OF AREA PLANTED, AVG",TREATED,,IOWA,"CHEMICAL, HERBICIDE: (THIENCARBAZONE-METHY = 15804)",SURVEY,,
STATE,,CORN,IA,ANNUAL,9000,"CHEMICAL, HERBICIDE",00000000,,FIELD CROPS,00,19,00,ENVIRONMENTAL,,2018,                 (D),"PCT OF AREA PLANTED, AVG",IOWA,,YEAR,,ALL UTILIZATION PRACTICES,,UNITED STATES,,ALL CLASSES,2018-05-10 15:16:25.000,ALL PRODUCTION PRACTICES,19,,"CORN - TREATED, MEASURED IN PCT OF AREA PLANTED, AVG",TREATED,,IOWA,"CHEMICAL, HERBICIDE: (THIFENSULFURON = 128845)",SURVEY,,
STATE,,CORN,IA,ANNUAL,9000,"CHEMICAL, HERBICIDE",00000000,,FIELD CROPS,00,19,00,ENVIRONMENTAL,,2010,                 (D),"PCT OF AREA PLANTED, AVG",IOWA,,YEAR,,ALL UTILIZATION PRACTICES,,UNITED STATES,,ALL CLASSES,2012-01-01 00:00:00.000,ALL PRODUCTION PRACTICES,19,,"CORN - TREATED, MEASURED IN PCT OF AREA PLANTED, AVG",TREATED,,IOWA,"CHEMICAL, HERBICIDE: (THIFENSULFURON = 128845)",SURVEY,,
STATE,,CORN,IA,ANNUAL,9000,"CHEMICAL, HERBICIDE",00000000,,FIELD CROPS,00,19,00,ENVIRONMENTAL,,2021,                 (D),"PCT OF AREA PLANTED, AVG",IOWA,,YEAR,,ALL UTILIZATION PRACTICES,,UNITED STATES,,ALL CLASSES,2021-05-13 15:00:30.000,ALL PRODUCTION PRACTICES,19,,"CORN - TREATED, MEASURED IN PCT OF AREA PLANTED, AVG",TREATED,,IOWA,"CHEMICAL, HERBICIDE: (TOPRAMEZONE = 123009)",SURVEY,,
STATE,,CORN,IA,ANNUAL,9000,"CHEMICAL, HERBICIDE",00000000,,FIELD CROPS,00,19,00,ENVIRONMENTAL,,2018,13,"PCT OF AREA PLANTED, AVG",IOWA,,YEAR,,ALL UTILIZATION PRACTICES,,UNITED STATES,,ALL CLASSES,2018-05-10 15:16:25.000,ALL PRODUCTION PRACTICES,19,,"CORN - TREATED, MEASURED IN PCT OF AREA PLANTED, AVG",TREATED,,IOWA,"CHEMICAL, HERBICIDE: (TOPRAMEZONE = 123009)",SURVEY,,
STATE,,CORN,IA,ANNUAL,9000,"CHEMICAL, HERBICIDE",00000000,,FIELD CROPS,00,19,00,ENVIRONMENTAL,,2016,12,"PCT OF AREA PLANTED, AVG",IOWA,,YEAR,,ALL UTILIZATION PRACTICES,,UNITED STATES,,ALL CLASSES,2016-08-31 14:19:39.000,ALL PRODUCTION PRACTICES,19,,"CORN - TREATED, MEASURED IN PCT OF AREA PLANTED, AVG",TREATED,,IOWA,"CHEMICAL, HERBICIDE: (TOPRAMEZONE = 123009)",SURVEY,,
STATE,,CORN,IA,ANNUAL,9000,"CHEMICAL, HERBICIDE",00000000,,FIELD CROPS,00,19,00,ENVIRONMENTAL,,2014,7,"PCT OF AREA PLANTED, AVG",IOWA,,YEAR,,ALL UTILIZATION PRACTICES,,UNITED STATES,,ALL CLASSES,2014-05-14 15:12:54.000,ALL PRODUCTION PRACTICES,19,,"CORN - TREATED, MEASURED IN PCT OF AREA PLANTED, AVG",TREATED,,IOWA,"CHEMICAL, HERBICIDE: (TOPRAMEZONE = 123009)",SURVEY,,
STATE,,CORN,IA,ANNUAL,9000,"CHEMICAL, HERBICIDE",00000000,,FIELD CROPS,00,19,00,ENVIRONMENTAL,,2010,                 (D),"PCT OF AREA PLANTED, AVG",IOWA,,YEAR,,ALL UTILIZATION PRACTICES,,UNITED STATES,,ALL CLASSES,2012-01-01 00:00:00.000,ALL PRODUCTION PRACTICES,19,,"CORN - TREATED, MEASURED IN PCT OF AREA PLANTED, AVG",TREATED,,IOWA,"CHEMICAL, HERBICIDE: (TOPRAMEZONE = 123009)",SURVEY,,
STATE,,CORN,IA,ANNUAL,9000,"CHEMICAL, HERBICIDE",00000000,,FIELD CROPS,00,19,00,ENVIRONMENTAL,,2021,96,"PCT OF AREA PLANTED, AVG",IOWA,,YEAR,,ALL UTILIZATION PRACTICES,,UNITED STATES,,ALL CLASSES,2021-05-13 15:00:30.000,ALL PRODUCTION PRACTICES,19,,"CORN - TREATED, MEASURED IN PCT OF AREA PLANTED, AVG",TREATED,,IOWA,"CHEMICAL, HERBICIDE: (TOTAL)",SURVEY,,
STATE,,CORN,IA,ANNUAL,9000,"CHEMICAL, HERBICIDE",00000000,,FIELD CROPS,00,19,00,ENVIRONMENTAL,,2018,95,"PCT OF AREA PLANTED, AVG",IOWA,,YEAR,,ALL UTILIZATION PRACTICES,,UNITED STATES,,ALL CLASSES,2018-05-10 15:16:25.000,ALL PRODUCTION PRACTICES,19,,"CORN - TREATED, MEASURED IN PCT OF AREA PLANTED, AVG",TREATED,,IOWA,"CHEMICAL, HERBICIDE: (TOTAL)",SURVEY,,
STATE,,CORN,IA,ANNUAL,9000,"CHEMICAL, HERBICIDE",00000000,,FIELD CROPS,00,19,00,ENVIRONMENTAL,,2016,97,"PCT OF AREA PLANTED, AVG",IOWA,,YEAR,,ALL UTILIZATION PRACTICES,,UNITED STATES,,ALL CLASSES,2016-08-31 14:19:39.000,ALL PRODUCTION PRACTICES,19,,"CORN - TREATED, MEASURED IN PCT OF AREA PLANTED, AVG",TREATED,,IOWA,"CHEMICAL, HERBICIDE: (TOTAL)",SURVEY,,
STATE,,CORN,IA,ANNUAL,9000,"CHEMICAL, HERBICIDE",00000000,,FIELD CROPS,00,19,00,ENVIRONMENTAL,,2014,95,"PCT OF AREA PLANTED, AVG",IOWA,,YEAR,,ALL UTILIZATION PRACTICES,,UNITED STATES,,ALL CLASSES,2014-05-14 15:12:54.000,ALL PRODUCTION PRACTICES,19,,"CORN - TREATED, MEASURED IN PCT OF AREA PLANTED, AVG",TREATED,,IOWA,"CHEMICAL, HERBICIDE: (TOTAL)",SURVEY,,
STATE,,CORN,IA,ANNUAL,9000,"CHEMICAL, HERBICIDE",00000000,,FIELD CROPS,00,19,00,ENVIRONMENTAL,,2010,100,"PCT OF AREA PLANTED, AVG",IOWA,,YEAR,,ALL UTILIZATION PRACTICES,,UNITED STATES,,ALL CLASSES,2012-01-01 00:00:00.000,ALL PRODUCTION PRACTICES,19,,"CORN - TREATED, MEASURED IN PCT OF AREA PLANTED, AVG",TREATED,,IOWA,"CHEMICAL, HERBICIDE: (TOTAL)",SURVEY,,
STATE,,CORN,IA,ANNUAL,9000,"CHEMICAL, HERBICIDE",00000000,,FIELD CROPS,00,19,00,ENVIRONMENTAL,,2005,96,"PCT OF AREA PLANTED, AVG",IOWA,,YEAR,,ALL UTILIZATION PRACTICES,,UNITED STATES,,ALL CLASSES,2005-06-11 10:11:36.000,ALL PRODUCTION PRACTICES,19,,"CORN - TREATED, MEASURED IN PCT OF AREA PLANTED, AVG",TREATED,,IOWA,"CHEMICAL, HERBICIDE: (TOTAL)",SURVEY,,
STATE,,CORN,IA,ANNUAL,9000,"CHEMICAL, HERBICIDE",00000000,,FIELD CROPS,00,19,00,ENVIRONMENTAL,,2003,96,"PCT OF AREA PLANTED, AVG",IOWA,,YEAR,,ALL UTILIZATION PRACTICES,,UNITED STATES,,ALL CLASSES,2003-06-11 10:11:36.000,ALL PRODUCTION PRACTICES,19,,"CORN - TREATED, MEASURED IN PCT OF AREA PLANTED, AVG",TREATED,,IOWA,"CHEMICAL, HERBICIDE: (TOTAL)",SURVEY,,
STATE,,CORN,IA,ANNUAL,9000,"CHEMICAL, HERBICIDE",00000000,,FIELD CROPS,00,19,00,ENVIRONMENTAL,,2002,91,"PCT OF AREA PLANTED, AVG",IOWA,,YEAR,,ALL UTILIZATION PRACTICES,,UNITED STATES,,ALL CLASSES,2002-06-11 10:11:36.000,ALL PRODUCTION PRACTICES,19,,"CORN - TREATED, MEASURED IN PCT OF AREA PLANTED, AVG",TREATED,,IOWA,"CHEMICAL, HERBICIDE: (TOTAL)",SURVEY,,
STATE,,CORN,IA,ANNUAL,9000,"CHEMICAL, HERBICIDE",00000000,,FIELD CROPS,00,19,00,ENVIRONMENTAL,,2001,99,"PCT OF AREA PLANTED, AVG",IOWA,,YEAR,,ALL UTILIZATION PRACTICES,,UNITED STATES,,ALL CLASSES,2001-06-11 10:11:36.000,ALL PRODUCTION PRACTICES,19,,"CORN - TREATED, MEASURED IN PCT OF AREA PLANTED, AVG",TREATED,,IOWA,"CHEMICAL, HERBICIDE: (TOTAL)",SURVEY,,
STATE,,CORN,IA,ANNUAL,9000,"CHEMICAL, HERBICIDE",00000000,,FIELD CROPS,00,19,00,ENVIRONMENTAL,,2000,100,"PCT OF AREA PLANTED, AVG",IOWA,,YEAR,,ALL UTILIZATION PRACTICES,,UNITED STATES,,ALL CLASSES,2000-06-11 10:11:36.000,ALL PRODUCTION PRACTICES,19,,"CORN - TREATED, MEASURED IN PCT OF AREA PLANTED, AVG",TREATED,,IOWA,"CHEMICAL, HERBICIDE: (TOTAL)",SURVEY,,
STATE,,CORN,IA,ANNUAL,9000,"CHEMICAL, HERBICIDE",00000000,,FIELD CROPS,00,19,00,ENVIRONMENTAL,,2018,                 (D),"PCT OF AREA PLANTED, AVG",IOWA,,YEAR,,ALL UTILIZATION PRACTICES,,UNITED STATES,,ALL CLASSES,2018-05-10 15:16:25.000,ALL PRODUCTION PRACTICES,19,,"CORN - TREATED, MEASURED IN PCT OF AREA PLANTED, AVG",TREATED,,IOWA,"CHEMICAL, HERBICIDE: (TRIBENURON-METHYL = 128887)",SURVEY,,
STATE,,CORN,IA,ANNUAL,9000,"CHEMICAL, HERBICIDE",00000000,,FIELD CROPS,00,19,00,ENVIRONMENTAL,,2018,                 (D),"PCT OF AREA PLANTED, AVG",IOWA,,YEAR,,ALL UTILIZATION PRACTICES,,UNITED STATES,,ALL CLASSES,2018-05-10 15:16:25.000,ALL PRODUCTION PRACTICES,19,,"CORN - TREATED, MEASURED IN PCT OF AREA PLANTED, AVG",TREATED,,IOWA,"CHEMICAL, HERBICIDE: (TRIFLURALIN = 36101)",SURVEY,,
STATE,,CORN,IA,ANNUAL,9000,"CHEMICAL, HERBICIDE",00000000,,FIELD CROPS,00,19,00,ENVIRONMENTAL,,2014,                 (D),"PCT OF AREA PLANTED, AVG",IOWA,,YEAR,,ALL UTILIZATION PRACTICES,,UNITED STATES,,ALL CLASSES,2014-05-14 15:12:54.000,ALL PRODUCTION PRACTICES,19,,"CORN - TREATED, MEASURED IN PCT OF AREA PLANTED, AVG",TREATED,,IOWA,"CHEMICAL, HERBICIDE: (TRIFLURALIN = 36101)",SURVEY,,
STATE,,CORN,IA,ANNUAL,9000,"CHEMICAL, HERBICIDE",00000000,,FIELD CROPS,00,19,00,ENVIRONMENTAL,,2010,                 (D),"PCT OF AREA PLANTED, AVG",IOWA,,YEAR,,ALL UTILIZATION PRACTICES,,UNITED STATES,,ALL CLASSES,2012-01-01 00:00:00.000,ALL PRODUCTION PRACTICES,19,,"CORN - TREATED, MEASURED IN PCT OF AREA PLANTED, AVG",TREATED,,IOWA,"CHEMICAL, HERBICIDE: (TRIFLURALIN = 36101)",SURVEY,,
STATE,,CORN,IA,ANNUAL,9000,"CHEMICAL, INSECTICIDE",00000000,,FIELD CROPS,00,19,00,ENVIRONMENTAL,,2014,                 (D),"PCT OF AREA PLANTED, AVG",IOWA,,YEAR,,ALL UTILIZATION PRACTICES,,UNITED STATES,,ALL CLASSES,2014-05-14 15:12:54.000,ALL PRODUCTION PRACTICES,19,,"CORN - TREATED, MEASURED IN PCT OF AREA PLANTED, AVG",TREATED,,IOWA,"CHEMICAL, INSECTICIDE: (BETA-CYFLUTHRIN = 118831)",SURVEY,,
STATE,,CORN,IA,ANNUAL,9000,"CHEMICAL, INSECTICIDE",00000000,,FIELD CROPS,00,19,00,ENVIRONMENTAL,,2021,7,"PCT OF AREA PLANTED, AVG",IOWA,,YEAR,,ALL UTILIZATION PRACTICES,,UNITED STATES,,ALL CLASSES,2021-05-13 15:00:30.000,ALL PRODUCTION PRACTICES,19,,"CORN - TREATED, MEASURED IN PCT OF AREA PLANTED, AVG",TREATED,,IOWA,"CHEMICAL, INSECTICIDE: (BIFENTHRIN = 128825)",SURVEY,,
STATE,,CORN,IA,ANNUAL,9000,"CHEMICAL, INSECTICIDE",00000000,,FIELD CROPS,00,19,00,ENVIRONMENTAL,,2018,12,"PCT OF AREA PLANTED, AVG",IOWA,,YEAR,,ALL UTILIZATION PRACTICES,,UNITED STATES,,ALL CLASSES,2018-05-10 15:16:25.000,ALL PRODUCTION PRACTICES,19,,"CORN - TREATED, MEASURED IN PCT OF AREA PLANTED, AVG",TREATED,,IOWA,"CHEMICAL, INSECTICIDE: (BIFENTHRIN = 128825)",SURVEY,,
STATE,,CORN,IA,ANNUAL,9000,"CHEMICAL, INSECTICIDE",00000000,,FIELD CROPS,00,19,00,ENVIRONMENTAL,,2016,1,"PCT OF AREA PLANTED, AVG",IOWA,,YEAR,,ALL UTILIZATION PRACTICES,,UNITED STATES,,ALL CLASSES,2016-08-31 14:19:39.000,ALL PRODUCTION PRACTICES,19,,"CORN - TREATED, MEASURED IN PCT OF AREA PLANTED, AVG",TREATED,,IOWA,"CHEMICAL, INSECTICIDE: (BIFENTHRIN = 128825)",SURVEY,,
STATE,,CORN,IA,ANNUAL,9000,"CHEMICAL, INSECTICIDE",00000000,,FIELD CROPS,00,19,00,ENVIRONMENTAL,,2014,2,"PCT OF AREA PLANTED, AVG",IOWA,,YEAR,,ALL UTILIZATION PRACTICES,,UNITED STATES,,ALL CLASSES,2014-05-14 15:12:54.000,ALL PRODUCTION PRACTICES,19,,"CORN - TREATED, MEASURED IN PCT OF AREA PLANTED, AVG",TREATED,,IOWA,"CHEMICAL, INSECTICIDE: (BIFENTHRIN = 128825)",SURVEY,,
STATE,,CORN,IA,ANNUAL,9000,"CHEMICAL, INSECTICIDE",00000000,,FIELD CROPS,00,19,00,ENVIRONMENTAL,,2010,                 (D),"PCT OF AREA PLANTED, AVG",IOWA,,YEAR,,ALL UTILIZATION PRACTICES,,UNITED STATES,,ALL CLASSES,2012-01-01 00:00:00.000,ALL PRODUCTION PRACTICES,19,,"CORN - TREATED, MEASURED IN PCT OF AREA PLANTED, AVG",TREATED,,IOWA,"CHEMICAL, INSECTICIDE: (BIFENTHRIN = 128825)",SURVEY,,
STATE,,CORN,IA,ANNUAL,9000,"CHEMICAL, INSECTICIDE",00000000,,FIELD CROPS,00,19,00,ENVIRONMENTAL,,2002,2,"PCT OF AREA PLANTED, AVG",IOWA,,YEAR,,ALL UTILIZATION PRACTICES,,UNITED STATES,,ALL CLASSES,2002-06-11 10:11:36.000,ALL PRODUCTION PRACTICES,19,,"CORN - TREATED, MEASURED IN PCT OF AREA PLANTED, AVG",TREATED,,IOWA,"CHEMICAL, INSECTICIDE: (BIFENTHRIN = 128825)",SURVEY,,
STATE,,CORN,IA,ANNUAL,9000,"CHEMICAL, INSECTICIDE",00000000,,FIELD CROPS,00,19,00,ENVIRONMENTAL,,2014,                 (D),"PCT OF AREA PLANTED, AVG",IOWA,,YEAR,,ALL UTILIZATION PRACTICES,,UNITED STATES,,ALL CLASSES,2014-05-14 15:12:54.000,ALL PRODUCTION PRACTICES,19,,"CORN - TREATED, MEASURED IN PCT OF AREA PLANTED, AVG",TREATED,,IOWA,"CHEMICAL, INSECTICIDE: (CHLORETHOXYFOS = 129006)",SURVEY,,
STATE,,CORN,IA,ANNUAL,9000,"CHEMICAL, INSECTICIDE",00000000,,FIELD CROPS,00,19,00,ENVIRONMENTAL,,2010,                 (D),"PCT OF AREA PLANTED, AVG",IOWA,,YEAR,,ALL UTILIZATION PRACTICES,,UNITED STATES,,ALL CLASSES,2012-01-01 00:00:00.000,ALL PRODUCTION PRACTICES,19,,"CORN - TREATED, MEASURED IN PCT OF AREA PLANTED, AVG",TREATED,,IOWA,"CHEMICAL, INSECTICIDE: (CHLORETHOXYFOS = 129006)",SURVEY,,
STATE,,CORN,IA,ANNUAL,9000,"CHEMICAL, INSECTICIDE",00000000,,FIELD CROPS,00,19,00,ENVIRONMENTAL,,2021,                 (D),"PCT OF AREA PLANTED, AVG",IOWA,,YEAR,,ALL UTILIZATION PRACTICES,,UNITED STATES,,ALL CLASSES,2021-05-13 15:00:30.000,ALL PRODUCTION PRACTICES,19,,"CORN - TREATED, MEASURED IN PCT OF AREA PLANTED, AVG",TREATED,,IOWA,"CHEMICAL, INSECTICIDE: (CHLORPYRIFOS = 59101)",SURVEY,,
STATE,,CORN,IA,ANNUAL,9000,"CHEMICAL, INSECTICIDE",00000000,,FIELD CROPS,00,19,00,ENVIRONMENTAL,,2018,                 (D),"PCT OF AREA PLANTED, AVG",IOWA,,YEAR,,ALL UTILIZATION PRACTICES,,UNITED STATES,,ALL CLASSES,2018-05-10 15:16:25.000,ALL PRODUCTION PRACTICES,19,,"CORN - TREATED, MEASURED IN PCT OF AREA PLANTED, AVG",TREATED,,IOWA,"CHEMICAL, INSECTICIDE: (CHLORPYRIFOS = 59101)",SURVEY,,
STATE,,CORN,IA,ANNUAL,9000,"CHEMICAL, INSECTICIDE",00000000,,FIELD CROPS,00,19,00,ENVIRONMENTAL,,2016,                 (D),"PCT OF AREA PLANTED, AVG",IOWA,,YEAR,,ALL UTILIZATION PRACTICES,,UNITED STATES,,ALL CLASSES,2016-08-31 14:19:39.000,ALL PRODUCTION PRACTICES,19,,"CORN - TREATED, MEASURED IN PCT OF AREA PLANTED, AVG",TREATED,,IOWA,"CHEMICAL, INSECTICIDE: (CHLORPYRIFOS = 59101)",SURVEY,,
STATE,,CORN,IA,ANNUAL,9000,"CHEMICAL, INSECTICIDE",00000000,,FIELD CROPS,00,19,00,ENVIRONMENTAL,,2014,                 (D),"PCT OF AREA PLANTED, AVG",IOWA,,YEAR,,ALL UTILIZATION PRACTICES,,UNITED STATES,,ALL CLASSES,2014-05-14 15:12:54.000,ALL PRODUCTION PRACTICES,19,,"CORN - TREATED, MEASURED IN PCT OF AREA PLANTED, AVG",TREATED,,IOWA,"CHEMICAL, INSECTICIDE: (CHLORPYRIFOS = 59101)",SURVEY,,
STATE,,CORN,IA,ANNUAL,9000,"CHEMICAL, INSECTICIDE",00000000,,FIELD CROPS,00,19,00,ENVIRONMENTAL,,2010,                 (D),"PCT OF AREA PLANTED, AVG",IOWA,,YEAR,,ALL UTILIZATION PRACTICES,,UNITED STATES,,ALL CLASSES,2012-01-01 00:00:00.000,ALL PRODUCTION PRACTICES,19,,"CORN - TREATED, MEASURED IN PCT OF AREA PLANTED, AVG",TREATED,,IOWA,"CHEMICAL, INSECTICIDE: (CHLORPYRIFOS = 59101)",SURVEY,,
STATE,,CORN,IA,ANNUAL,9000,"CHEMICAL, INSECTICIDE",00000000,,FIELD CROPS,00,19,00,ENVIRONMENTAL,,2003,3,"PCT OF AREA PLANTED, AVG",IOWA,,YEAR,,ALL UTILIZATION PRACTICES,,UNITED STATES,,ALL CLASSES,2003-06-11 10:11:36.000,ALL PRODUCTION PRACTICES,19,,"CORN - TREATED, MEASURED IN PCT OF AREA PLANTED, AVG",TREATED,,IOWA,"CHEMICAL, INSECTICIDE: (CHLORPYRIFOS = 59101)",SURVEY,,
STATE,,CORN,IA,ANNUAL,9000,"CHEMICAL, INSECTICIDE",00000000,,FIELD CROPS,00,19,00,ENVIRONMENTAL,,2002,2,"PCT OF AREA PLANTED, AVG",IOWA,,YEAR,,ALL UTILIZATION PRACTICES,,UNITED STATES,,ALL CLASSES,2002-06-11 10:11:36.000,ALL PRODUCTION PRACTICES,19,,"CORN - TREATED, MEASURED IN PCT OF AREA PLANTED, AVG",TREATED,,IOWA,"CHEMICAL, INSECTICIDE: (CHLORPYRIFOS = 59101)",SURVEY,,
STATE,,CORN,IA,ANNUAL,9000,"CHEMICAL, INSECTICIDE",00000000,,FIELD CROPS,00,19,00,ENVIRONMENTAL,,2000,3,"PCT OF AREA PLANTED, AVG",IOWA,,YEAR,,ALL UTILIZATION PRACTICES,,UNITED STATES,,ALL CLASSES,2000-06-11 10:11:36.000,ALL PRODUCTION PRACTICES,19,,"CORN - TREATED, MEASURED IN PCT OF AREA PLANTED, AVG",TREATED,,IOWA,"CHEMICAL, INSECTICIDE: (CHLORPYRIFOS = 59101)",SURVEY,,
STATE,,CORN,IA,ANNUAL,9000,"CHEMICAL, INSECTICIDE",00000000,,FIELD CROPS,00,19,00,ENVIRONMENTAL,,2021,                 (D),"PCT OF AREA PLANTED, AVG",IOWA,,YEAR,,ALL UTILIZATION PRACTICES,,UNITED STATES,,ALL CLASSES,2021-05-13 15:00:30.000,ALL PRODUCTION PRACTICES,19,,"CORN - TREATED, MEASURED IN PCT OF AREA PLANTED, AVG",TREATED,,IOWA,"CHEMICAL, INSECTICIDE: (CYFLUTHRIN = 128831)",SURVEY,,
STATE,,CORN,IA,ANNUAL,9000,"CHEMICAL, INSECTICIDE",00000000,,FIELD CROPS,00,19,00,ENVIRONMENTAL,,2018,                 (D),"PCT OF AREA PLANTED, AVG",IOWA,,YEAR,,ALL UTILIZATION PRACTICES,,UNITED STATES,,ALL CLASSES,2018-05-10 15:16:25.000,ALL PRODUCTION PRACTICES,19,,"CORN - TREATED, MEASURED IN PCT OF AREA PLANTED, AVG",TREATED,,IOWA,"CHEMICAL, INSECTICIDE: (CYFLUTHRIN = 128831)",SURVEY,,
STATE,,CORN,IA,ANNUAL,9000,"CHEMICAL, INSECTICIDE",00000000,,FIELD CROPS,00,19,00,ENVIRONMENTAL,,2016,4,"PCT OF AREA PLANTED, AVG",IOWA,,YEAR,,ALL UTILIZATION PRACTICES,,UNITED STATES,,ALL CLASSES,2016-08-31 14:19:39.000,ALL PRODUCTION PRACTICES,19,,"CORN - TREATED, MEASURED IN PCT OF AREA PLANTED, AVG",TREATED,,IOWA,"CHEMICAL, INSECTICIDE: (CYFLUTHRIN = 128831)",SURVEY,,
STATE,,CORN,IA,ANNUAL,9000,"CHEMICAL, INSECTICIDE",00000000,,FIELD CROPS,00,19,00,ENVIRONMENTAL,,2014,4,"PCT OF AREA PLANTED, AVG",IOWA,,YEAR,,ALL UTILIZATION PRACTICES,,UNITED STATES,,ALL CLASSES,2014-05-14 15:12:54.000,ALL PRODUCTION PRACTICES,19,,"CORN - TREATED, MEASURED IN PCT OF AREA PLANTED, AVG",TREATED,,IOWA,"CHEMICAL, INSECTICIDE: (CYFLUTHRIN = 128831)",SURVEY,,
STATE,,CORN,IA,ANNUAL,9000,"CHEMICAL, INSECTICIDE",00000000,,FIELD CROPS,00,19,00,ENVIRONMENTAL,,2010,1,"PCT OF AREA PLANTED, AVG",IOWA,,YEAR,,ALL UTILIZATION PRACTICES,,UNITED STATES,,ALL CLASSES,2012-01-01 00:00:00.000,ALL PRODUCTION PRACTICES,19,,"CORN - TREATED, MEASURED IN PCT OF AREA PLANTED, AVG",TREATED,,IOWA,"CHEMICAL, INSECTICIDE: (CYFLUTHRIN = 128831)",SURVEY,,
STATE,,CORN,IA,ANNUAL,9000,"CHEMICAL, INSECTICIDE",00000000,,FIELD CROPS,00,19,00,ENVIRONMENTAL,,2005,6,"PCT OF AREA PLANTED, AVG",IOWA,,YEAR,,ALL UTILIZATION PRACTICES,,UNITED STATES,,ALL CLASSES,2005-06-11 10:11:36.000,ALL PRODUCTION PRACTICES,19,,"CORN - TREATED, MEASURED IN PCT OF AREA PLANTED, AVG",TREATED,,IOWA,"CHEMICAL, INSECTICIDE: (CYFLUTHRIN = 128831)",SURVEY,,
STATE,,CORN,IA,ANNUAL,9000,"CHEMICAL, INSECTICIDE",00000000,,FIELD CROPS,00,19,00,ENVIRONMENTAL,,2003,5,"PCT OF AREA PLANTED, AVG",IOWA,,YEAR,,ALL UTILIZATION PRACTICES,,UNITED STATES,,ALL CLASSES,2003-06-11 10:11:36.000,ALL PRODUCTION PRACTICES,19,,"CORN - TREATED, MEASURED IN PCT OF AREA PLANTED, AVG",TREATED,,IOWA,"CHEMICAL, INSECTICIDE: (CYFLUTHRIN = 128831)",SURVEY,,
STATE,,CORN,IA,ANNUAL,9000,"CHEMICAL, INSECTICIDE",00000000,,FIELD CROPS,00,19,00,ENVIRONMENTAL,,2000,5,"PCT OF AREA PLANTED, AVG",IOWA,,YEAR,,ALL UTILIZATION PRACTICES,,UNITED STATES,,ALL CLASSES,2000-06-11 10:11:36.000,ALL PRODUCTION PRACTICES,19,,"CORN - TREATED, MEASURED IN PCT OF AREA PLANTED, AVG",TREATED,,IOWA,"CHEMICAL, INSECTICIDE: (CYFLUTHRIN = 128831)",SURVEY,,
STATE,,CORN,IA,ANNUAL,9000,"CHEMICAL, INSECTICIDE",00000000,,FIELD CROPS,00,19,00,ENVIRONMENTAL,,2014,                 (D),"PCT OF AREA PLANTED, AVG",IOWA,,YEAR,,ALL UTILIZATION PRACTICES,,UNITED STATES,,ALL CLASSES,2014-05-14 15:12:54.000,ALL PRODUCTION PRACTICES,19,,"CORN - TREATED, MEASURED IN PCT OF AREA PLANTED, AVG",TREATED,,IOWA,"CHEMICAL, INSECTICIDE: (ESFENVALERATE = 109303)",SURVEY,,
STATE,,CORN,IA,ANNUAL,9000,"CHEMICAL, INSECTICIDE",00000000,,FIELD CROPS,00,19,00,ENVIRONMENTAL,,2016,                 (D),"PCT OF AREA PLANTED, AVG",IOWA,,YEAR,,ALL UTILIZATION PRACTICES,,UNITED STATES,,ALL CLASSES,2016-08-31 14:19:39.000,ALL PRODUCTION PRACTICES,19,,"CORN - TREATED, MEASURED IN PCT OF AREA PLANTED, AVG",TREATED,,IOWA,"CHEMICAL, INSECTICIDE: (GAMMA-CYHALOTHRIN = 128807)",SURVEY,,
STATE,,CORN,IA,ANNUAL,9000,"CHEMICAL, INSECTICIDE",00000000,,FIELD CROPS,00,19,00,ENVIRONMENTAL,,2014,                 (D),"PCT OF AREA PLANTED, AVG",IOWA,,YEAR,,ALL UTILIZATION PRACTICES,,UNITED STATES,,ALL CLASSES,2014-05-14 15:12:54.000,ALL PRODUCTION PRACTICES,19,,"CORN - TREATED, MEASURED IN PCT OF AREA PLANTED, AVG",TREATED,,IOWA,"CHEMICAL, INSECTICIDE: (GAMMA-CYHALOTHRIN = 128807)",SURVEY,,
STATE,,CORN,IA,ANNUAL,9000,"CHEMICAL, INSECTICIDE",00000000,,FIELD CROPS,00,19,00,ENVIRONMENTAL,,2010,                 (D),"PCT OF AREA PLANTED, AVG",IOWA,,YEAR,,ALL UTILIZATION PRACTICES,,UNITED STATES,,ALL CLASSES,2012-01-01 00:00:00.000,ALL PRODUCTION PRACTICES,19,,"CORN - TREATED, MEASURED IN PCT OF AREA PLANTED, AVG",TREATED,,IOWA,"CHEMICAL, INSECTICIDE: (GAMMA-CYHALOTHRIN = 128807)",SURVEY,,
STATE,,CORN,IA,ANNUAL,9000,"CHEMICAL, INSECTICIDE",00000000,,FIELD CROPS,00,19,00,ENVIRONMENTAL,,2021,                 (D),"PCT OF AREA PLANTED, AVG",IOWA,,YEAR,,ALL UTILIZATION PRACTICES,,UNITED STATES,,ALL CLASSES,2021-05-13 15:00:30.000,ALL PRODUCTION PRACTICES,19,,"CORN - TREATED, MEASURED IN PCT OF AREA PLANTED, AVG",TREATED,,IOWA,"CHEMICAL, INSECTICIDE: (LAMBDA-CYHALOTHRIN = 128897)",SURVEY,,
STATE,,CORN,IA,ANNUAL,9000,"CHEMICAL, INSECTICIDE",00000000,,FIELD CROPS,00,19,00,ENVIRONMENTAL,,2018,2,"PCT OF AREA PLANTED, AVG",IOWA,,YEAR,,ALL UTILIZATION PRACTICES,,UNITED STATES,,ALL CLASSES,2018-05-10 15:16:25.000,ALL PRODUCTION PRACTICES,19,,"CORN - TREATED, MEASURED IN PCT OF AREA PLANTED, AVG",TREATED,,IOWA,"CHEMICAL, INSECTICIDE: (LAMBDA-CYHALOTHRIN = 128897)",SURVEY,,
STATE,,CORN,IA,ANNUAL,9000,"CHEMICAL, INSECTICIDE",00000000,,FIELD CROPS,00,19,00,ENVIRONMENTAL,,2016,                 (D),"PCT OF AREA PLANTED, AVG",IOWA,,YEAR,,ALL UTILIZATION PRACTICES,,UNITED STATES,,ALL CLASSES,2016-08-31 14:19:39.000,ALL PRODUCTION PRACTICES,19,,"CORN - TREATED, MEASURED IN PCT OF AREA PLANTED, AVG",TREATED,,IOWA,"CHEMICAL, INSECTICIDE: (LAMBDA-CYHALOTHRIN = 128897)",SURVEY,,
STATE,,CORN,IA,ANNUAL,9000,"CHEMICAL, INSECTICIDE",00000000,,FIELD CROPS,00,19,00,ENVIRONMENTAL,,2014,                 (D),"PCT OF AREA PLANTED, AVG",IOWA,,YEAR,,ALL UTILIZATION PRACTICES,,UNITED STATES,,ALL CLASSES,2014-05-14 15:12:54.000,ALL PRODUCTION PRACTICES,19,,"CORN - TREATED, MEASURED IN PCT OF AREA PLANTED, AVG",TREATED,,IOWA,"CHEMICAL, INSECTICIDE: (LAMBDA-CYHALOTHRIN = 128897)",SURVEY,,
STATE,,CORN,IA,ANNUAL,9000,"CHEMICAL, INSECTICIDE",00000000,,FIELD CROPS,00,19,00,ENVIRONMENTAL,,2010,                 (D),"PCT OF AREA PLANTED, AVG",IOWA,,YEAR,,ALL UTILIZATION PRACTICES,,UNITED STATES,,ALL CLASSES,2012-01-01 00:00:00.000,ALL PRODUCTION PRACTICES,19,,"CORN - TREATED, MEASURED IN PCT OF AREA PLANTED, AVG",TREATED,,IOWA,"CHEMICAL, INSECTICIDE: (LAMBDA-CYHALOTHRIN = 128897)",SURVEY,,
STATE,,CORN,IA,ANNUAL,9000,"CHEMICAL, INSECTICIDE",00000000,,FIELD CROPS,00,19,00,ENVIRONMENTAL,,2016,                 (D),"PCT OF AREA PLANTED, AVG",IOWA,,YEAR,,ALL UTILIZATION PRACTICES,,UNITED STATES,,ALL CLASSES,2016-08-31 14:19:39.000,ALL PRODUCTION PRACTICES,19,,"CORN - TREATED, MEASURED IN PCT OF AREA PLANTED, AVG",TREATED,,IOWA,"CHEMICAL, INSECTICIDE: (PERMETHRIN = 109701)",SURVEY,,
STATE,,CORN,IA,ANNUAL,9000,"CHEMICAL, INSECTICIDE",00000000,,FIELD CROPS,00,19,00,ENVIRONMENTAL,,2014,                 (D),"PCT OF AREA PLANTED, AVG",IOWA,,YEAR,,ALL UTILIZATION PRACTICES,,UNITED STATES,,ALL CLASSES,2014-05-14 15:12:54.000,ALL PRODUCTION PRACTICES,19,,"CORN - TREATED, MEASURED IN PCT OF AREA PLANTED, AVG",TREATED,,IOWA,"CHEMICAL, INSECTICIDE: (PERMETHRIN = 109701)",SURVEY,,
STATE,,CORN,IA,ANNUAL,9000,"CHEMICAL, INSECTICIDE",00000000,,FIELD CROPS,00,19,00,ENVIRONMENTAL,,2000,1,"PCT OF AREA PLANTED, AVG",IOWA,,YEAR,,ALL UTILIZATION PRACTICES,,UNITED STATES,,ALL CLASSES,2000-06-11 10:11:36.000,ALL PRODUCTION PRACTICES,19,,"CORN - TREATED, MEASURED IN PCT OF AREA PLANTED, AVG",TREATED,,IOWA,"CHEMICAL, INSECTICIDE: (PERMETHRIN = 109701)",SURVEY,,
STATE,,CORN,IA,ANNUAL,9000,"CHEMICAL, INSECTICIDE",00000000,,FIELD CROPS,00,19,00,ENVIRONMENTAL,,2018,                 (D),"PCT OF AREA PLANTED, AVG",IOWA,,YEAR,,ALL UTILIZATION PRACTICES,,UNITED STATES,,ALL CLASSES,2018-05-10 15:16:25.000,ALL PRODUCTION PRACTICES,19,,"CORN - TREATED, MEASURED IN PCT OF AREA PLANTED, AVG",TREATED,,IOWA,"CHEMICAL, INSECTICIDE: (SPINETORAM = 110007)",SURVEY,,
STATE,,CORN,IA,ANNUAL,9000,"CHEMICAL, INSECTICIDE",00000000,,FIELD CROPS,00,19,00,ENVIRONMENTAL,,2014,                 (D),"PCT OF AREA PLANTED, AVG",IOWA,,YEAR,,ALL UTILIZATION PRACTICES,,UNITED STATES,,ALL CLASSES,2014-05-14 15:12:54.000,ALL PRODUCTION PRACTICES,19,,"CORN - TREATED, MEASURED IN PCT OF AREA PLANTED, AVG",TREATED,,IOWA,"CHEMICAL, INSECTICIDE: (SPINOSAD = 110003)",SURVEY,,
STATE,,CORN,IA,ANNUAL,9000,"CHEMICAL, INSECTICIDE",00000000,,FIELD CROPS,00,19,00,ENVIRONMENTAL,,2021,                 (D),"PCT OF AREA PLANTED, AVG",IOWA,,YEAR,,ALL UTILIZATION PRACTICES,,UNITED STATES,,ALL CLASSES,2021-05-13 15:00:30.000,ALL PRODUCTION PRACTICES,19,,"CORN - TREATED, MEASURED IN PCT OF AREA PLANTED, AVG",TREATED,,IOWA,"CHEMICAL, INSECTICIDE: (TEBUPIRIMPHOS = 129086)",SURVEY,,
STATE,,CORN,IA,ANNUAL,9000,"CHEMICAL, INSECTICIDE",00000000,,FIELD CROPS,00,19,00,ENVIRONMENTAL,,2018,                 (D),"PCT OF AREA PLANTED, AVG",IOWA,,YEAR,,ALL UTILIZATION PRACTICES,,UNITED STATES,,ALL CLASSES,2018-05-10 15:16:25.000,ALL PRODUCTION PRACTICES,19,,"CORN - TREATED, MEASURED IN PCT OF AREA PLANTED, AVG",TREATED,,IOWA,"CHEMICAL, INSECTICIDE: (TEBUPIRIMPHOS = 129086)",SURVEY,,
STATE,,CORN,IA,ANNUAL,9000,"CHEMICAL, INSECTICIDE",00000000,,FIELD CROPS,00,19,00,ENVIRONMENTAL,,2016,4,"PCT OF AREA PLANTED, AVG",IOWA,,YEAR,,ALL UTILIZATION PRACTICES,,UNITED STATES,,ALL CLASSES,2016-08-31 14:19:39.000,ALL PRODUCTION PRACTICES,19,,"CORN - TREATED, MEASURED IN PCT OF AREA PLANTED, AVG",TREATED,,IOWA,"CHEMICAL, INSECTICIDE: (TEBUPIRIMPHOS = 129086)",SURVEY,,
STATE,,CORN,IA,ANNUAL,9000,"CHEMICAL, INSECTICIDE",00000000,,FIELD CROPS,00,19,00,ENVIRONMENTAL,,2014,4,"PCT OF AREA PLANTED, AVG",IOWA,,YEAR,,ALL UTILIZATION PRACTICES,,UNITED STATES,,ALL CLASSES,2014-05-14 15:12:54.000,ALL PRODUCTION PRACTICES,19,,"CORN - TREATED, MEASURED IN PCT OF AREA PLANTED, AVG",TREATED,,IOWA,"CHEMICAL, INSECTICIDE: (TEBUPIRIMPHOS = 129086)",SURVEY,,
STATE,,CORN,IA,ANNUAL,9000,"CHEMICAL, INSECTICIDE",00000000,,FIELD CROPS,00,19,00,ENVIRONMENTAL,,2010,1,"PCT OF AREA PLANTED, AVG",IOWA,,YEAR,,ALL UTILIZATION PRACTICES,,UNITED STATES,,ALL CLASSES,2012-01-01 00:00:00.000,ALL PRODUCTION PRACTICES,19,,"CORN - TREATED, MEASURED IN PCT OF AREA PLANTED, AVG",TREATED,,IOWA,"CHEMICAL, INSECTICIDE: (TEBUPIRIMPHOS = 129086)",SURVEY,,
STATE,,CORN,IA,ANNUAL,9000,"CHEMICAL, INSECTICIDE",00000000,,FIELD CROPS,00,19,00,ENVIRONMENTAL,,2005,6,"PCT OF AREA PLANTED, AVG",IOWA,,YEAR,,ALL UTILIZATION PRACTICES,,UNITED STATES,,ALL CLASSES,2005-06-11 10:11:36.000,ALL PRODUCTION PRACTICES,19,,"CORN - TREATED, MEASURED IN PCT OF AREA PLANTED, AVG",TREATED,,IOWA,"CHEMICAL, INSECTICIDE: (TEBUPIRIMPHOS = 129086)",SURVEY,,
STATE,,CORN,IA,ANNUAL,9000,"CHEMICAL, INSECTICIDE",00000000,,FIELD CROPS,00,19,00,ENVIRONMENTAL,,2003,5,"PCT OF AREA PLANTED, AVG",IOWA,,YEAR,,ALL UTILIZATION PRACTICES,,UNITED STATES,,ALL CLASSES,2003-06-11 10:11:36.000,ALL PRODUCTION PRACTICES,19,,"CORN - TREATED, MEASURED IN PCT OF AREA PLANTED, AVG",TREATED,,IOWA,"CHEMICAL, INSECTICIDE: (TEBUPIRIMPHOS = 129086)",SURVEY,,
STATE,,CORN,IA,ANNUAL,9000,"CHEMICAL, INSECTICIDE",00000000,,FIELD CROPS,00,19,00,ENVIRONMENTAL,,2000,5,"PCT OF AREA PLANTED, AVG",IOWA,,YEAR,,ALL UTILIZATION PRACTICES,,UNITED STATES,,ALL CLASSES,2000-06-11 10:11:36.000,ALL PRODUCTION PRACTICES,19,,"CORN - TREATED, MEASURED IN PCT OF AREA PLANTED, AVG",TREATED,,IOWA,"CHEMICAL, INSECTICIDE: (TEBUPIRIMPHOS = 129086)",SURVEY,,
STATE,,CORN,IA,ANNUAL,9000,"CHEMICAL, INSECTICIDE",00000000,,FIELD CROPS,00,19,00,ENVIRONMENTAL,,2018,                 (D),"PCT OF AREA PLANTED, AVG",IOWA,,YEAR,,ALL UTILIZATION PRACTICES,,UNITED STATES,,ALL CLASSES,2018-05-10 15:16:25.000,ALL PRODUCTION PRACTICES,19,,"CORN - TREATED, MEASURED IN PCT OF AREA PLANTED, AVG",TREATED,,IOWA,"CHEMICAL, INSECTICIDE: (TEFLUTHRIN = 128912)",SURVEY,,
STATE,,CORN,IA,ANNUAL,9000,"CHEMICAL, INSECTICIDE",00000000,,FIELD CROPS,00,19,00,ENVIRONMENTAL,,2016,                 (D),"PCT OF AREA PLANTED, AVG",IOWA,,YEAR,,ALL UTILIZATION PRACTICES,,UNITED STATES,,ALL CLASSES,2016-08-31 14:19:39.000,ALL PRODUCTION PRACTICES,19,,"CORN - TREATED, MEASURED IN PCT OF AREA PLANTED, AVG",TREATED,,IOWA,"CHEMICAL, INSECTICIDE: (TEFLUTHRIN = 128912)",SURVEY,,
STATE,,CORN,IA,ANNUAL,9000,"CHEMICAL, INSECTICIDE",00000000,,FIELD CROPS,00,19,00,ENVIRONMENTAL,,2014,                 (D),"PCT OF AREA PLANTED, AVG",IOWA,,YEAR,,ALL UTILIZATION PRACTICES,,UNITED STATES,,ALL CLASSES,2014-05-14 15:12:54.000,ALL PRODUCTION PRACTICES,19,,"CORN - TREATED, MEASURED IN PCT OF AREA PLANTED, AVG",TREATED,,IOWA,"CHEMICAL, INSECTICIDE: (TEFLUTHRIN = 128912)",SURVEY,,
STATE,,CORN,IA,ANNUAL,9000,"CHEMICAL, INSECTICIDE",00000000,,FIELD CROPS,00,19,00,ENVIRONMENTAL,,2005,2,"PCT OF AREA PLANTED, AVG",IOWA,,YEAR,,ALL UTILIZATION PRACTICES,,UNITED STATES,,ALL CLASSES,2005-06-11 10:11:36.000,ALL PRODUCTION PRACTICES,19,,"CORN - TREATED, MEASURED IN PCT OF AREA PLANTED, AVG",TREATED,,IOWA,"CHEMICAL, INSECTICIDE: (TEFLUTHRIN = 128912)",SURVEY,,
STATE,,CORN,IA,ANNUAL,9000,"CHEMICAL, INSECTICIDE",00000000,,FIELD CROPS,00,19,00,ENVIRONMENTAL,,2002,2,"PCT OF AREA PLANTED, AVG",IOWA,,YEAR,,ALL UTILIZATION PRACTICES,,UNITED STATES,,ALL CLASSES,2002-06-11 10:11:36.000,ALL PRODUCTION PRACTICES,19,,"CORN - TREATED, MEASURED IN PCT OF AREA PLANTED, AVG",TREATED,,IOWA,"CHEMICAL, INSECTICIDE: (TEFLUTHRIN = 128912)",SURVEY,,
STATE,,CORN,IA,ANNUAL,9000,"CHEMICAL, INSECTICIDE",00000000,,FIELD CROPS,00,19,00,ENVIRONMENTAL,,2016,                 (D),"PCT OF AREA PLANTED, AVG",IOWA,,YEAR,,ALL UTILIZATION PRACTICES,,UNITED STATES,,ALL CLASSES,2016-08-31 14:19:39.000,ALL PRODUCTION PRACTICES,19,,"CORN - TREATED, MEASURED IN PCT OF AREA PLANTED, AVG",TREATED,,IOWA,"CHEMICAL, INSECTICIDE: (TERBUFOS = 105001)",SURVEY,,
STATE,,CORN,IA,ANNUAL,9000,"CHEMICAL, INSECTICIDE",00000000,,FIELD CROPS,00,19,00,ENVIRONMENTAL,,2010,                 (D),"PCT OF AREA PLANTED, AVG",IOWA,,YEAR,,ALL UTILIZATION PRACTICES,,UNITED STATES,,ALL CLASSES,2012-01-01 00:00:00.000,ALL PRODUCTION PRACTICES,19,,"CORN - TREATED, MEASURED IN PCT OF AREA PLANTED, AVG",TREATED,,IOWA,"CHEMICAL, INSECTICIDE: (TERBUFOS = 105001)",SURVEY,,
STATE,,CORN,IA,ANNUAL,9000,"CHEMICAL, INSECTICIDE",00000000,,FIELD CROPS,00,19,00,ENVIRONMENTAL,,2021,13,"PCT OF AREA PLANTED, AVG",IOWA,,YEAR,,ALL UTILIZATION PRACTICES,,UNITED STATES,,ALL CLASSES,2021-05-13 15:00:30.000,ALL PRODUCTION PRACTICES,19,,"CORN - TREATED, MEASURED IN PCT OF AREA PLANTED, AVG",TREATED,,IOWA,"CHEMICAL, INSECTICIDE: (TOTAL)",SURVEY,,
STATE,,CORN,IA,ANNUAL,9000,"CHEMICAL, INSECTICIDE",00000000,,FIELD CROPS,00,19,00,ENVIRONMENTAL,,2018,18,"PCT OF AREA PLANTED, AVG",IOWA,,YEAR,,ALL UTILIZATION PRACTICES,,UNITED STATES,,ALL CLASSES,2018-05-10 15:16:25.000,ALL PRODUCTION PRACTICES,19,,"CORN - TREATED, MEASURED IN PCT OF AREA PLANTED, AVG",TREATED,,IOWA,"CHEMICAL, INSECTICIDE: (TOTAL)",SURVEY,,
STATE,,CORN,IA,ANNUAL,9000,"CHEMICAL, INSECTICIDE",00000000,,FIELD CROPS,00,19,00,ENVIRONMENTAL,,2016,10,"PCT OF AREA PLANTED, AVG",IOWA,,YEAR,,ALL UTILIZATION PRACTICES,,UNITED STATES,,ALL CLASSES,2016-08-31 14:19:39.000,ALL PRODUCTION PRACTICES,19,,"CORN - TREATED, MEASURED IN PCT OF AREA PLANTED, AVG",TREATED,,IOWA,"CHEMICAL, INSECTICIDE: (TOTAL)",SURVEY,,
STATE,,CORN,IA,ANNUAL,9000,"CHEMICAL, INSECTICIDE",00000000,,FIELD CROPS,00,19,00,ENVIRONMENTAL,,2014,13,"PCT OF AREA PLANTED, AVG",IOWA,,YEAR,,ALL UTILIZATION PRACTICES,,UNITED STATES,,ALL CLASSES,2014-05-14 15:12:54.000,ALL PRODUCTION PRACTICES,19,,"CORN - TREATED, MEASURED IN PCT OF AREA PLANTED, AVG",TREATED,,IOWA,"CHEMICAL, INSECTICIDE: (TOTAL)",SURVEY,,
STATE,,CORN,IA,ANNUAL,9000,"CHEMICAL, INSECTICIDE",00000000,,FIELD CROPS,00,19,00,ENVIRONMENTAL,,2010,8,"PCT OF AREA PLANTED, AVG",IOWA,,YEAR,,ALL UTILIZATION PRACTICES,,UNITED STATES,,ALL CLASSES,2012-01-01 00:00:00.000,ALL PRODUCTION PRACTICES,19,,"CORN - TREATED, MEASURED IN PCT OF AREA PLANTED, AVG",TREATED,,IOWA,"CHEMICAL, INSECTICIDE: (TOTAL)",SURVEY,,
STATE,,CORN,IA,ANNUAL,9000,"CHEMICAL, INSECTICIDE",00000000,,FIELD CROPS,00,19,00,ENVIRONMENTAL,,2005,11,"PCT OF AREA PLANTED, AVG",IOWA,,YEAR,,ALL UTILIZATION PRACTICES,,UNITED STATES,,ALL CLASSES,2005-06-11 10:11:36.000,ALL PRODUCTION PRACTICES,19,,"CORN - TREATED, MEASURED IN PCT OF AREA PLANTED, AVG",TREATED,,IOWA,"CHEMICAL, INSECTICIDE: (TOTAL)",SURVEY,,
STATE,,CORN,IA,ANNUAL,9000,"CHEMICAL, INSECTICIDE",00000000,,FIELD CROPS,00,19,00,ENVIRONMENTAL,,2003,14,"PCT OF AREA PLANTED, AVG",IOWA,,YEAR,,ALL UTILIZATION PRACTICES,,UNITED STATES,,ALL CLASSES,2003-06-11 10:11:36.000,ALL PRODUCTION PRACTICES,19,,"CORN - TREATED, MEASURED IN PCT OF AREA PLANTED, AVG",TREATED,,IOWA,"CHEMICAL, INSECTICIDE: (TOTAL)",SURVEY,,
STATE,,CORN,IA,ANNUAL,9000,"CHEMICAL, INSECTICIDE",00000000,,FIELD CROPS,00,19,00,ENVIRONMENTAL,,2002,12,"PCT OF AREA PLANTED, AVG",IOWA,,YEAR,,ALL UTILIZATION PRACTICES,,UNITED STATES,,ALL CLASSES,2002-06-11 10:11:36.000,ALL PRODUCTION PRACTICES,19,,"CORN - TREATED, MEASURED IN PCT OF AREA PLANTED, AVG",TREATED,,IOWA,"CHEMICAL, INSECTICIDE: (TOTAL)",SURVEY,,
STATE,,CORN,IA,ANNUAL,9000,"CHEMICAL, INSECTICIDE",00000000,,FIELD CROPS,00,19,00,ENVIRONMENTAL,,2001,7,"PCT OF AREA PLANTED, AVG",IOWA,,YEAR,,ALL UTILIZATION PRACTICES,,UNITED STATES,,ALL CLASSES,2001-06-11 10:11:36.000,ALL PRODUCTION PRACTICES,19,,"CORN - TREATED, MEASURED IN PCT OF AREA PLANTED, AVG",TREATED,,IOWA,"CHEMICAL, INSECTICIDE: (TOTAL)",SURVEY,,
STATE,,CORN,IA,ANNUAL,9000,"CHEMICAL, INSECTICIDE",00000000,,FIELD CROPS,00,19,00,ENVIRONMENTAL,,2000,16,"PCT OF AREA PLANTED, AVG",IOWA,,YEAR,,ALL UTILIZATION PRACTICES,,UNITED STATES,,ALL CLASSES,2000-06-11 10:11:36.000,ALL PRODUCTION PRACTICES,19,,"CORN - TREATED, MEASURED IN PCT OF AREA PLANTED, AVG",TREATED,,IOWA,"CHEMICAL, INSECTICIDE: (TOTAL)",SURVEY,,
STATE,,CORN,IA,ANNUAL,9000,"CHEMICAL, INSECTICIDE",00000000,,FIELD CROPS,00,19,00,ENVIRONMENTAL,,2018,                 (D),"PCT OF AREA PLANTED, AVG",IOWA,,YEAR,,ALL UTILIZATION PRACTICES,,UNITED STATES,,ALL CLASSES,2018-05-10 15:16:25.000,ALL PRODUCTION PRACTICES,19,,"CORN - TREATED, MEASURED IN PCT OF AREA PLANTED, AVG",TREATED,,IOWA,"CHEMICAL, INSECTICIDE: (ZETA-CYPERMETHRIN = 129064)",SURVEY,,
STATE,,CORN,IA,ANNUAL,9000,"CHEMICAL, INSECTICIDE",00000000,,FIELD CROPS,00,19,00,ENVIRONMENTAL,,2016,                 (D),"PCT OF AREA PLANTED, AVG",IOWA,,YEAR,,ALL UTILIZATION PRACTICES,,UNITED STATES,,ALL CLASSES,2016-08-31 14:19:39.000,ALL PRODUCTION PRACTICES,19,,"CORN - TREATED, MEASURED IN PCT OF AREA PLANTED, AVG",TREATED,,IOWA,"CHEMICAL, INSECTICIDE: (ZETA-CYPERMETHRIN = 129064)",SURVEY,,
STATE,,CORN,IA,ANNUAL,9000,"CHEMICAL, OTHER",00000000,,FIELD CROPS,00,19,00,ENVIRONMENTAL,,2016,                 (D),"PCT OF AREA PLANTED, AVG",IOWA,,YEAR,,ALL UTILIZATION PRACTICES,,UNITED STATES,,ALL CLASSES,2016-08-31 14:19:39.000,ALL PRODUCTION PRACTICES,19,,"CORN - TREATED, MEASURED IN PCT OF AREA PLANTED, AVG",TREATED,,IOWA,"CHEMICAL, OTHER: (CLOPYRALID POTASSIUM = 117423)",SURVEY,,
STATE,,CORN,IA,ANNUAL,9000,"CHEMICAL, OTHER",00000000,,FIELD CROPS,00,19,00,ENVIRONMENTAL,,2018,                 (D),"PCT OF AREA PLANTED, AVG",IOWA,,YEAR,,ALL UTILIZATION PRACTICES,,UNITED STATES,,ALL CLASSES,2018-05-10 15:16:25.000,ALL PRODUCTION PRACTICES,19,,"CORN - TREATED, MEASURED IN PCT OF AREA PLANTED, AVG",TREATED,,IOWA,"CHEMICAL, OTHER: (FLUTRIAFOL = 128940)",SURVEY,,
STATE,,CORN,IA,ANNUAL,9000,"CHEMICAL, OTHER",00000000,,FIELD CROPS,00,19,00,ENVIRONMENTAL,,2014,                 (D),"PCT OF AREA PLANTED, AVG",IOWA,,YEAR,,ALL UTILIZATION PRACTICES,,UNITED STATES,,ALL CLASSES,2014-05-14 15:12:54.000,ALL PRODUCTION PRACTICES,19,,"CORN - TREATED, MEASURED IN PCT OF AREA PLANTED, AVG",TREATED,,IOWA,"CHEMICAL, OTHER: (FLUTRIAFOL = 128940)",SURVEY,,
STATE,,CORN,IA,ANNUAL,9000,"CHEMICAL, OTHER",00000000,,FIELD CROPS,00,19,00,ENVIRONMENTAL,,2018,                 (D),"PCT OF AREA PLANTED, AVG",IOWA,,YEAR,,ALL UTILIZATION PRACTICES,,UNITED STATES,,ALL CLASSES,2018-05-10 15:16:25.000,ALL PRODUCTION PRACTICES,19,,"CORN - TREATED, MEASURED IN PCT OF AREA PLANTED, AVG",TREATED,,IOWA,"CHEMICAL, OTHER: (TOTAL)",SURVEY,,
STATE,,CORN,IA,ANNUAL,9000,"CHEMICAL, OTHER",00000000,,FIELD CROPS,00,19,00,ENVIRONMENTAL,,2016,                 (D),"PCT OF AREA PLANTED, AVG",IOWA,,YEAR,,ALL UTILIZATION PRACTICES,,UNITED STATES,,ALL CLASSES,2016-08-31 14:19:39.000,ALL PRODUCTION PRACTICES,19,,"CORN - TREATED, MEASURED IN PCT OF AREA PLANTED, AVG",TREATED,,IOWA,"CHEMICAL, OTHER: (TOTAL)",SURVEY,,
STATE,,CORN,IA,ANNUAL,9000,"CHEMICAL, OTHER",00000000,,FIELD CROPS,00,19,00,ENVIRONMENTAL,,2014,                 (D),"PCT OF AREA PLANTED, AVG",IOWA,,YEAR,,ALL UTILIZATION PRACTICES,,UNITED STATES,,ALL CLASSES,2014-05-14 15:12:54.000,ALL PRODUCTION PRACTICES,19,,"CORN - TREATED, MEASURED IN PCT OF AREA PLANTED, AVG",TREATED,,IOWA,"CHEMICAL, OTHER: (TOTAL)",SURVEY,,
STATE,,CORN,IA,ANNUAL,9000,FERTILIZER,00000000,,FIELD CROPS,00,19,00,ENVIRONMENTAL,,2021,87,"PCT OF AREA PLANTED, AVG",IOWA,,YEAR,,ALL UTILIZATION PRACTICES,,UNITED STATES,,ALL CLASSES,2021-05-13 15:00:30.000,ALL PRODUCTION PRACTICES,19,,"CORN - TREATED, MEASURED IN PCT OF AREA PLANTED, AVG",TREATED,,IOWA,FERTILIZER: (NITROGEN),SURVEY,,
STATE,,CORN,IA,ANNUAL,9000,FERTILIZER,00000000,,FIELD CROPS,00,19,00,ENVIRONMENTAL,,2018,97,"PCT OF AREA PLANTED, AVG",IOWA,,YEAR,,ALL UTILIZATION PRACTICES,,UNITED STATES,,ALL CLASSES,2018-05-10 15:16:25.000,ALL PRODUCTION PRACTICES,19,,"CORN - TREATED, MEASURED IN PCT OF AREA PLANTED, AVG",TREATED,,IOWA,FERTILIZER: (NITROGEN),SURVEY,,
STATE,,CORN,IA,ANNUAL,9000,FERTILIZER,00000000,,FIELD CROPS,00,19,00,ENVIRONMENTAL,,2016,98,"PCT OF AREA PLANTED, AVG",IOWA,,YEAR,,ALL UTILIZATION PRACTICES,,UNITED STATES,,ALL CLASSES,2016-08-31 14:19:39.000,ALL PRODUCTION PRACTICES,19,,"CORN - TREATED, MEASURED IN PCT OF AREA PLANTED, AVG",TREATED,,IOWA,FERTILIZER: (NITROGEN),SURVEY,,
STATE,,CORN,IA,ANNUAL,9000,FERTILIZER,00000000,,FIELD CROPS,00,19,00,ENVIRONMENTAL,,2014,96,"PCT OF AREA PLANTED, AVG",IOWA,,YEAR,,ALL UTILIZATION PRACTICES,,UNITED STATES,,ALL CLASSES,2014-05-14 15:12:54.000,ALL PRODUCTION PRACTICES,19,,"CORN - TREATED, MEASURED IN PCT OF AREA PLANTED, AVG",TREATED,,IOWA,FERTILIZER: (NITROGEN),SURVEY,,
STATE,,CORN,IA,ANNUAL,9000,FERTILIZER,00000000,,FIELD CROPS,00,19,00,ENVIRONMENTAL,,2010,95,"PCT OF AREA PLANTED, AVG",IOWA,,YEAR,,ALL UTILIZATION PRACTICES,,UNITED STATES,,ALL CLASSES,2012-01-01 00:00:00.000,ALL PRODUCTION PRACTICES,19,,"CORN - TREATED, MEASURED IN PCT OF AREA PLANTED, AVG",TREATED,,IOWA,FERTILIZER: (NITROGEN),SURVEY,,
STATE,,CORN,IA,ANNUAL,9000,FERTILIZER,00000000,,FIELD CROPS,00,19,00,ENVIRONMENTAL,,2005,92,"PCT OF AREA PLANTED, AVG",IOWA,,YEAR,,ALL UTILIZATION PRACTICES,,UNITED STATES,,ALL CLASSES,2005-06-11 10:11:36.000,ALL PRODUCTION PRACTICES,19,,"CORN - TREATED, MEASURED IN PCT OF AREA PLANTED, AVG",TREATED,,IOWA,FERTILIZER: (NITROGEN),SURVEY,,
STATE,,CORN,IA,ANNUAL,9000,FERTILIZER,00000000,,FIELD CROPS,00,19,00,ENVIRONMENTAL,,2003,93,"PCT OF AREA PLANTED, AVG",IOWA,,YEAR,,ALL UTILIZATION PRACTICES,,UNITED STATES,,ALL CLASSES,2003-06-11 10:11:36.000,ALL PRODUCTION PRACTICES,19,,"CORN - TREATED, MEASURED IN PCT OF AREA PLANTED, AVG",TREATED,,IOWA,FERTILIZER: (NITROGEN),SURVEY,,
STATE,,CORN,IA,ANNUAL,9000,FERTILIZER,00000000,,FIELD CROPS,00,19,00,ENVIRONMENTAL,,2002,94,"PCT OF AREA PLANTED, AVG",IOWA,,YEAR,,ALL UTILIZATION PRACTICES,,UNITED STATES,,ALL CLASSES,2002-06-11 10:11:36.000,ALL PRODUCTION PRACTICES,19,,"CORN - TREATED, MEASURED IN PCT OF AREA PLANTED, AVG",TREATED,,IOWA,FERTILIZER: (NITROGEN),SURVEY,,
STATE,,CORN,IA,ANNUAL,9000,FERTILIZER,00000000,,FIELD CROPS,00,19,00,ENVIRONMENTAL,,2001,87,"PCT OF AREA PLANTED, AVG",IOWA,,YEAR,,ALL UTILIZATION PRACTICES,,UNITED STATES,,ALL CLASSES,2001-06-11 10:11:36.000,ALL PRODUCTION PRACTICES,19,,"CORN - TREATED, MEASURED IN PCT OF AREA PLANTED, AVG",TREATED,,IOWA,FERTILIZER: (NITROGEN),SURVEY,,
STATE,,CORN,IA,ANNUAL,9000,FERTILIZER,00000000,,FIELD CROPS,00,19,00,ENVIRONMENTAL,,2000,95,"PCT OF AREA PLANTED, AVG",IOWA,,YEAR,,ALL UTILIZATION PRACTICES,,UNITED STATES,,ALL CLASSES,2000-06-11 10:11:36.000,ALL PRODUCTION PRACTICES,19,,"CORN - TREATED, MEASURED IN PCT OF AREA PLANTED, AVG",TREATED,,IOWA,FERTILIZER: (NITROGEN),SURVEY,,
STATE,,CORN,IA,ANNUAL,9000,FERTILIZER,00000000,,FIELD CROPS,00,19,00,ENVIRONMENTAL,,2021,49,"PCT OF AREA PLANTED, AVG",IOWA,,YEAR,,ALL UTILIZATION PRACTICES,,UNITED STATES,,ALL CLASSES,2021-05-13 15:00:30.000,ALL PRODUCTION PRACTICES,19,,"CORN - TREATED, MEASURED IN PCT OF AREA PLANTED, AVG",TREATED,,IOWA,FERTILIZER: (PHOSPHATE),SURVEY,,
STATE,,CORN,IA,ANNUAL,9000,FERTILIZER,00000000,,FIELD CROPS,00,19,00,ENVIRONMENTAL,,2018,71,"PCT OF AREA PLANTED, AVG",IOWA,,YEAR,,ALL UTILIZATION PRACTICES,,UNITED STATES,,ALL CLASSES,2018-05-10 15:16:25.000,ALL PRODUCTION PRACTICES,19,,"CORN - TREATED, MEASURED IN PCT OF AREA PLANTED, AVG",TREATED,,IOWA,FERTILIZER: (PHOSPHATE),SURVEY,,
STATE,,CORN,IA,ANNUAL,9000,FERTILIZER,00000000,,FIELD CROPS,00,19,00,ENVIRONMENTAL,,2016,67,"PCT OF AREA PLANTED, AVG",IOWA,,YEAR,,ALL UTILIZATION PRACTICES,,UNITED STATES,,ALL CLASSES,2016-08-31 14:19:39.000,ALL PRODUCTION PRACTICES,19,,"CORN - TREATED, MEASURED IN PCT OF AREA PLANTED, AVG",TREATED,,IOWA,FERTILIZER: (PHOSPHATE),SURVEY,,
STATE,,CORN,IA,ANNUAL,9000,FERTILIZER,00000000,,FIELD CROPS,00,19,00,ENVIRONMENTAL,,2014,64,"PCT OF AREA PLANTED, AVG",IOWA,,YEAR,,ALL UTILIZATION PRACTICES,,UNITED STATES,,ALL CLASSES,2014-05-14 15:12:54.000,ALL PRODUCTION PRACTICES,19,,"CORN - TREATED, MEASURED IN PCT OF AREA PLANTED, AVG",TREATED,,IOWA,FERTILIZER: (PHOSPHATE),SURVEY,,
STATE,,CORN,IA,ANNUAL,9000,FERTILIZER,00000000,,FIELD CROPS,00,19,00,ENVIRONMENTAL,,2010,72,"PCT OF AREA PLANTED, AVG",IOWA,,YEAR,,ALL UTILIZATION PRACTICES,,UNITED STATES,,ALL CLASSES,2012-01-01 00:00:00.000,ALL PRODUCTION PRACTICES,19,,"CORN - TREATED, MEASURED IN PCT OF AREA PLANTED, AVG",TREATED,,IOWA,FERTILIZER: (PHOSPHATE),SURVEY,,
STATE,,CORN,IA,ANNUAL,9000,FERTILIZER,00000000,,FIELD CROPS,00,19,00,ENVIRONMENTAL,,2005,70,"PCT OF AREA PLANTED, AVG",IOWA,,YEAR,,ALL UTILIZATION PRACTICES,,UNITED STATES,,ALL CLASSES,2005-06-11 10:11:36.000,ALL PRODUCTION PRACTICES,19,,"CORN - TREATED, MEASURED IN PCT OF AREA PLANTED, AVG",TREATED,,IOWA,FERTILIZER: (PHOSPHATE),SURVEY,,
STATE,,CORN,IA,ANNUAL,9000,FERTILIZER,00000000,,FIELD CROPS,00,19,00,ENVIRONMENTAL,,2003,59,"PCT OF AREA PLANTED, AVG",IOWA,,YEAR,,ALL UTILIZATION PRACTICES,,UNITED STATES,,ALL CLASSES,2003-06-11 10:11:36.000,ALL PRODUCTION PRACTICES,19,,"CORN - TREATED, MEASURED IN PCT OF AREA PLANTED, AVG",TREATED,,IOWA,FERTILIZER: (PHOSPHATE),SURVEY,,
STATE,,CORN,IA,ANNUAL,9000,FERTILIZER,00000000,,FIELD CROPS,00,19,00,ENVIRONMENTAL,,2002,72,"PCT OF AREA PLANTED, AVG",IOWA,,YEAR,,ALL UTILIZATION PRACTICES,,UNITED STATES,,ALL CLASSES,2002-06-11 10:11:36.000,ALL PRODUCTION PRACTICES,19,,"CORN - TREATED, MEASURED IN PCT OF AREA PLANTED, AVG",TREATED,,IOWA,FERTILIZER: (PHOSPHATE),SURVEY,,
STATE,,CORN,IA,ANNUAL,9000,FERTILIZER,00000000,,FIELD CROPS,00,19,00,ENVIRONMENTAL,,2001,62,"PCT OF AREA PLANTED, AVG",IOWA,,YEAR,,ALL UTILIZATION PRACTICES,,UNITED STATES,,ALL CLASSES,2001-06-11 10:11:36.000,ALL PRODUCTION PRACTICES,19,,"CORN - TREATED, MEASURED IN PCT OF AREA PLANTED, AVG",TREATED,,IOWA,FERTILIZER: (PHOSPHATE),SURVEY,,
STATE,,CORN,IA,ANNUAL,9000,FERTILIZER,00000000,,FIELD CROPS,00,19,00,ENVIRONMENTAL,,2000,74,"PCT OF AREA PLANTED, AVG",IOWA,,YEAR,,ALL UTILIZATION PRACTICES,,UNITED STATES,,ALL CLASSES,2000-06-11 10:11:36.000,ALL PRODUCTION PRACTICES,19,,"CORN - TREATED, MEASURED IN PCT OF AREA PLANTED, AVG",TREATED,,IOWA,FERTILIZER: (PHOSPHATE),SURVEY,,
STATE,,CORN,IA,ANNUAL,9000,FERTILIZER,00000000,,FIELD CROPS,00,19,00,ENVIRONMENTAL,,2021,46,"PCT OF AREA PLANTED, AVG",IOWA,,YEAR,,ALL UTILIZATION PRACTICES,,UNITED STATES,,ALL CLASSES,2021-05-13 15:00:30.000,ALL PRODUCTION PRACTICES,19,,"CORN - TREATED, MEASURED IN PCT OF AREA PLANTED, AVG",TREATED,,IOWA,FERTILIZER: (POTASH),SURVEY,,
STATE,,CORN,IA,ANNUAL,9000,FERTILIZER,00000000,,FIELD CROPS,00,19,00,ENVIRONMENTAL,,2018,70,"PCT OF AREA PLANTED, AVG",IOWA,,YEAR,,ALL UTILIZATION PRACTICES,,UNITED STATES,,ALL CLASSES,2018-05-10 15:16:25.000,ALL PRODUCTION PRACTICES,19,,"CORN - TREATED, MEASURED IN PCT OF AREA PLANTED, AVG",TREATED,,IOWA,FERTILIZER: (POTASH),SURVEY,,
STATE,,CORN,IA,ANNUAL,9000,FERTILIZER,00000000,,FIELD CROPS,00,19,00,ENVIRONMENTAL,,2016,70,"PCT OF AREA PLANTED, AVG",IOWA,,YEAR,,ALL UTILIZATION PRACTICES,,UNITED STATES,,ALL CLASSES,2016-08-31 14:19:39.000,ALL PRODUCTION PRACTICES,19,,"CORN - TREATED, MEASURED IN PCT OF AREA PLANTED, AVG",TREATED,,IOWA,FERTILIZER: (POTASH),SURVEY,,
STATE,,CORN,IA,ANNUAL,9000,FERTILIZER,00000000,,FIELD CROPS,00,19,00,ENVIRONMENTAL,,2014,63,"PCT OF AREA PLANTED, AVG",IOWA,,YEAR,,ALL UTILIZATION PRACTICES,,UNITED STATES,,ALL CLASSES,2014-05-14 15:12:54.000,ALL PRODUCTION PRACTICES,19,,"CORN - TREATED, MEASURED IN PCT OF AREA PLANTED, AVG",TREATED,,IOWA,FERTILIZER: (POTASH),SURVEY,,
STATE,,CORN,IA,ANNUAL,9000,FERTILIZER,00000000,,FIELD CROPS,00,19,00,ENVIRONMENTAL,,2010,68,"PCT OF AREA PLANTED, AVG",IOWA,,YEAR,,ALL UTILIZATION PRACTICES,,UNITED STATES,,ALL CLASSES,2012-01-01 00:00:00.000,ALL PRODUCTION PRACTICES,19,,"CORN - TREATED, MEASURED IN PCT OF AREA PLANTED, AVG",TREATED,,IOWA,FERTILIZER: (POTASH),SURVEY,,
STATE,,CORN,IA,ANNUAL,9000,FERTILIZER,00000000,,FIELD CROPS,00,19,00,ENVIRONMENTAL,,2005,71,"PCT OF AREA PLANTED, AVG",IOWA,,YEAR,,ALL UTILIZATION PRACTICES,,UNITED STATES,,ALL CLASSES,2005-06-11 10:11:36.000,ALL PRODUCTION PRACTICES,19,,"CORN - TREATED, MEASURED IN PCT OF AREA PLANTED, AVG",TREATED,,IOWA,FERTILIZER: (POTASH),SURVEY,,
STATE,,CORN,IA,ANNUAL,9000,FERTILIZER,00000000,,FIELD CROPS,00,19,00,ENVIRONMENTAL,,2003,65,"PCT OF AREA PLANTED, AVG",IOWA,,YEAR,,ALL UTILIZATION PRACTICES,,UNITED STATES,,ALL CLASSES,2003-06-11 10:11:36.000,ALL PRODUCTION PRACTICES,19,,"CORN - TREATED, MEASURED IN PCT OF AREA PLANTED, AVG",TREATED,,IOWA,FERTILIZER: (POTASH),SURVEY,,
STATE,,CORN,IA,ANNUAL,9000,FERTILIZER,00000000,,FIELD CROPS,00,19,00,ENVIRONMENTAL,,2002,69,"PCT OF AREA PLANTED, AVG",IOWA,,YEAR,,ALL UTILIZATION PRACTICES,,UNITED STATES,,ALL CLASSES,2002-06-11 10:11:36.000,ALL PRODUCTION PRACTICES,19,,"CORN - TREATED, MEASURED IN PCT OF AREA PLANTED, AVG",TREATED,,IOWA,FERTILIZER: (POTASH),SURVEY,,
STATE,,CORN,IA,ANNUAL,9000,FERTILIZER,00000000,,FIELD CROPS,00,19,00,ENVIRONMENTAL,,2001,60,"PCT OF AREA PLANTED, AVG",IOWA,,YEAR,,ALL UTILIZATION PRACTICES,,UNITED STATES,,ALL CLASSES,2001-06-11 10:11:36.000,ALL PRODUCTION PRACTICES,19,,"CORN - TREATED, MEASURED IN PCT OF AREA PLANTED, AVG",TREATED,,IOWA,FERTILIZER: (POTASH),SURVEY,,
STATE,,CORN,IA,ANNUAL,9000,FERTILIZER,00000000,,FIELD CROPS,00,19,00,ENVIRONMENTAL,,2000,74,"PCT OF AREA PLANTED, AVG",IOWA,,YEAR,,ALL UTILIZATION PRACTICES,,UNITED STATES,,ALL CLASSES,2000-06-11 10:11:36.000,ALL PRODUCTION PRACTICES,19,,"CORN - TREATED, MEASURED IN PCT OF AREA PLANTED, AVG",TREATED,,IOWA,FERTILIZER: (POTASH),SURVEY,,
STATE,,CORN,IA,ANNUAL,9000,FERTILIZER,00000000,,FIELD CROPS,00,19,00,ENVIRONMENTAL,,2021,16,"PCT OF AREA PLANTED, AVG",IOWA,,YEAR,,ALL UTILIZATION PRACTICES,,UNITED STATES,,ALL CLASSES,2021-05-13 15:00:30.000,ALL PRODUCTION PRACTICES,19,,"CORN - TREATED, MEASURED IN PCT OF AREA PLANTED, AVG",TREATED,,IOWA,FERTILIZER: (SULFUR),SURVEY,,
STATE,,CORN,IA,ANNUAL,9000,FERTILIZER,00000000,,FIELD CROPS,00,19,00,ENVIRONMENTAL,,2018,22,"PCT OF AREA PLANTED, AVG",IOWA,,YEAR,,ALL UTILIZATION PRACTICES,,UNITED STATES,,ALL CLASSES,2018-05-10 15:16:25.000,ALL PRODUCTION PRACTICES,19,,"CORN - TREATED, MEASURED IN PCT OF AREA PLANTED, AVG",TREATED,,IOWA,FERTILIZER: (SULFUR),SURVEY,,
STATE,,CORN,IA,ANNUAL,9000,FERTILIZER,00000000,,FIELD CROPS,00,19,00,ENVIRONMENTAL,,2016,21,"PCT OF AREA PLANTED, AVG",IOWA,,YEAR,,ALL UTILIZATION PRACTICES,,UNITED STATES,,ALL CLASSES,2016-08-31 14:19:39.000,ALL PRODUCTION PRACTICES,19,,"CORN - TREATED, MEASURED IN PCT OF AREA PLANTED, AVG",TREATED,,IOWA,FERTILIZER: (SULFUR),SURVEY,,
STATE,,CORN,IA,ANNUAL,9000,FERTILIZER,00000000,,FIELD CROPS,00,19,00,ENVIRONMENTAL,,2014,18,"PCT OF AREA PLANTED, AVG",IOWA,,YEAR,,ALL UTILIZATION PRACTICES,,UNITED STATES,,ALL CLASSES,2014-05-14 15:12:54.000,ALL PRODUCTION PRACTICES,19,,"CORN - TREATED, MEASURED IN PCT OF AREA PLANTED, AVG",TREATED,,IOWA,FERTILIZER: (SULFUR),SURVEY,,
STATE,,CORN,IA,ANNUAL,9000,FERTILIZER,00000000,,FIELD CROPS,00,19,00,ENVIRONMENTAL,,2010,8,"PCT OF AREA PLANTED, AVG",IOWA,,YEAR,,ALL UTILIZATION PRACTICES,,UNITED STATES,,ALL CLASSES,2012-01-01 00:00:00.000,ALL PRODUCTION PRACTICES,19,,"CORN - TREATED, MEASURED IN PCT OF AREA PLANTED, AVG",TREATED,,IOWA,FERTILIZER: (SULFUR),SURVEY,,
STATE,,CORN,IA,ANNUAL,9000,FERTILIZER,00000000,,FIELD CROPS,00,19,00,ENVIRONMENTAL,,2005,5,"PCT OF AREA PLANTED, AVG",IOWA,,YEAR,,ALL UTILIZATION PRACTICES,,UNITED STATES,,ALL CLASSES,2005-06-11 10:11:36.000,ALL PRODUCTION PRACTICES,19,,"CORN - TREATED, MEASURED IN PCT OF AREA PLANTED, AVG",TREATED,,IOWA,FERTILIZER: (SULFUR),SURVEY,,
STATE,,CORN,IA,ANNUAL,9000,FERTILIZER,00000000,,FIELD CROPS,00,19,00,ENVIRONMENTAL,,2010,18,"PCT OF AREA PLANTED, AVG",IOWA,,YEAR,,ALL UTILIZATION PRACTICES,,UNITED STATES,,ALL CLASSES,2012-01-01 00:00:00.000,ORGANIC,19,,"CORN, ORGANIC - TREATED, MEASURED IN PCT OF AREA PLANTED, AVG",TREATED,,IOWA,FERTILIZER: (NITROGEN),SURVEY,,
STATE,,CORN,IA,ANNUAL,9000,FERTILIZER,00000000,,FIELD CROPS,00,19,00,ENVIRONMENTAL,,2010,20,"PCT OF AREA PLANTED, AVG",IOWA,,YEAR,,ALL UTILIZATION PRACTICES,,UNITED STATES,,ALL CLASSES,2012-01-01 00:00:00.000,ORGANIC,19,,"CORN, ORGANIC - TREATED, MEASURED IN PCT OF AREA PLANTED, AVG",TREATED,,IOWA,FERTILIZER: (PHOSPHATE),SURVEY,,
STATE,,CORN,IA,ANNUAL,9000,FERTILIZER,00000000,,FIELD CROPS,00,19,00,ENVIRONMENTAL,,2010,21,"PCT OF AREA PLANTED, AVG",IOWA,,YEAR,,ALL UTILIZATION PRACTICES,,UNITED STATES,,ALL CLASSES,2012-01-01 00:00:00.000,ORGANIC,19,,"CORN, ORGANIC - TREATED, MEASURED IN PCT OF AREA PLANTED, AVG",TREATED,,IOWA,FERTILIZER: (POTASH),SURVEY,,
STATE,,CORN,IA,ANNUAL,9000,FERTILIZER,00000000,,FIELD CROPS,00,19,00,ENVIRONMENTAL,,2010,4,"PCT OF AREA PLANTED, AVG",IOWA,,YEAR,,ALL UTILIZATION PRACTICES,,UNITED STATES,,ALL CLASSES,2012-01-01 00:00:00.000,ORGANIC,19,,"CORN, ORGANIC - TREATED, MEASURED IN PCT OF AREA PLANTED, AVG",TREATED,,IOWA,FERTILIZER: (SULFUR),SURVEY,,
