2026-02-08 21:32:22,669 [DEBUG] START: Barisal | Month 01 | EVI
2026-02-08 21:32:22,669 [DEBUG] START: Bhola | Month 01 | EVI
2026-02-08 21:32:22,669 [DEBUG] START: Jhalokati | Month 01 | EVI
2026-02-08 21:32:22,675 [DEBUG] START: Patuakhali | Month 01 | EVI
2026-02-08 21:32:22,679 [DEBUG] START: Pirojpur | Month 01 | EVI
2026-02-08 21:32:22,680 [DEBUG] START: Bandarban | Month 01 | EVI
2026-02-08 21:32:22,681 [DEBUG] START: Brahamanbaria | Month 01 | EVI
2026-02-08 21:32:22,682 [DEBUG] START: Chandpur | Month 01 | EVI
2026-02-08 21:32:23,602 [DEBUG] RETRY 1/3: Brahamanbaria | 01 | EVI | Invalid format specifier '.4f if result['value'] e | Delay: 1.0s
2026-02-08 21:32:23,735 [DEBUG] RETRY 1/3: Barisal | 01 | EVI | Invalid format specifier '.4f if result['value'] e | Delay: 1.0s
2026-02-08 21:32:23,735 [DEBUG] RETRY 1/3: Chandpur | 01 | EVI | Invalid format specifier '.4f if result['value'] e | Delay: 1.0s
2026-02-08 21:32:23,738 [DEBUG] RETRY 1/3: Bandarban | 01 | EVI | Invalid format specifier '.4f if result['value'] e | Delay: 1.0s
2026-02-08 21:32:23,806 [DEBUG] RETRY 1/3: Jhalokati | 01 | EVI | Invalid format specifier '.4f if result['value'] e | Delay: 1.0s
2026-02-08 21:32:23,848 [DEBUG] RETRY 1/3: Patuakhali | 01 | EVI | Invalid format specifier '.4f if result['value'] e | Delay: 1.0s
2026-02-08 21:32:23,908 [DEBUG] RETRY 1/3: Bhola | 01 | EVI | Invalid format specifier '.4f if result['value'] e | Delay: 1.0s
2026-02-08 21:32:24,668 [DEBUG] RETRY 1/3: Pirojpur | 01 | EVI | Invalid format specifier '.4f if result['value'] e | Delay: 1.0s
2026-02-08 21:32:25,588 [DEBUG] RETRY 2/3: Brahamanbaria | 01 | EVI | Invalid format specifier '.4f if result['value'] e | Delay: 1.5s
2026-02-08 21:32:25,596 [DEBUG] RETRY 2/3: Chandpur | 01 | EVI | Invalid format specifier '.4f if result['value'] e | Delay: 1.5s
2026-02-08 21:32:25,672 [DEBUG] RETRY 2/3: Barisal | 01 | EVI | Invalid format specifier '.4f if result['value'] e | Delay: 1.5s
2026-02-08 21:32:25,747 [DEBUG] RETRY 2/3: Patuakhali | 01 | EVI | Invalid format specifier '.4f if result['value'] e | Delay: 1.5s
2026-02-08 21:32:25,798 [DEBUG] RETRY 2/3: Bandarban | 01 | EVI | Invalid format specifier '.4f if result['value'] e | Delay: 1.5s
2026-02-08 21:32:25,877 [DEBUG] RETRY 2/3: Bhola | 01 | EVI | Invalid format specifier '.4f if result['value'] e | Delay: 1.5s
2026-02-08 21:32:26,551 [DEBUG] RETRY 2/3: Pirojpur | 01 | EVI | Invalid format specifier '.4f if result['value'] e | Delay: 1.5s
2026-02-08 21:32:27,168 [DEBUG] RETRY 2/3: Jhalokati | 01 | EVI | Invalid format specifier '.4f if result['value'] e | Delay: 1.5s
2026-02-08 21:32:27,922 [DEBUG] FAILED: Brahamanbaria | 01 | EVI | Invalid format specifier '.4f if result['value'] else 'NULL'' for object of type 'float'
2026-02-08 21:32:27,923 [DEBUG] START: Brahamanbaria | Month 01 | LAI
2026-02-08 21:32:28,012 [DEBUG] FAILED: Chandpur | 01 | EVI | Invalid format specifier '.4f if result['value'] else 'NULL'' for object of type 'float'
2026-02-08 21:32:28,013 [DEBUG] START: Chandpur | Month 01 | LAI
2026-02-08 21:32:28,185 [DEBUG] FAILED: Patuakhali | 01 | EVI | Invalid format specifier '.4f if result['value'] else 'NULL'' for object of type 'float'
2026-02-08 21:32:28,185 [DEBUG] START: Patuakhali | Month 01 | LAI
2026-02-08 21:32:28,225 [DEBUG] FAILED: Barisal | 01 | EVI | Invalid format specifier '.4f if result['value'] else 'NULL'' for object of type 'float'
2026-02-08 21:32:28,225 [DEBUG] START: Barisal | Month 01 | LAI
2026-02-08 21:32:28,283 [DEBUG] FAILED: Bandarban | 01 | EVI | Invalid format specifier '.4f if result['value'] else 'NULL'' for object of type 'float'
2026-02-08 21:32:28,283 [DEBUG] START: Bandarban | Month 01 | LAI
2026-02-08 21:32:28,834 [DEBUG] FAILED: Pirojpur | 01 | EVI | Invalid format specifier '.4f if result['value'] else 'NULL'' for object of type 'float'
2026-02-08 21:32:28,834 [DEBUG] START: Pirojpur | Month 01 | LAI
2026-02-08 21:32:29,011 [DEBUG] FAILED: Bhola | 01 | EVI | Invalid format specifier '.4f if result['value'] else 'NULL'' for object of type 'float'
2026-02-08 21:32:29,011 [DEBUG] START: Bhola | Month 01 | LAI
2026-02-08 21:32:29,068 [DEBUG] RETRY 1/3: Brahamanbaria | 01 | LAI | Invalid format specifier '.4f if result['value'] e | Delay: 1.0s
2026-02-08 21:32:29,147 [DEBUG] RETRY 1/3: Barisal | 01 | LAI | Invalid format specifier '.4f if result['value'] e | Delay: 1.0s
2026-02-08 21:32:29,191 [DEBUG] RETRY 1/3: Patuakhali | 01 | LAI | Invalid format specifier '.4f if result['value'] e | Delay: 1.0s
2026-02-08 21:32:29,484 [DEBUG] RETRY 1/3: Chandpur | 01 | LAI | Invalid format specifier '.4f if result['value'] e | Delay: 1.0s
2026-02-08 21:32:29,817 [DEBUG] RETRY 1/3: Bandarban | 01 | LAI | Invalid format specifier '.4f if result['value'] e | Delay: 1.0s
2026-02-08 21:32:29,848 [DEBUG] RETRY 1/3: Pirojpur | 01 | LAI | Invalid format specifier '.4f if result['value'] e | Delay: 1.0s
2026-02-08 21:32:30,311 [DEBUG] FAILED: Jhalokati | 01 | EVI | Invalid format specifier '.4f if result['value'] else 'NULL'' for object of type 'float'
2026-02-08 21:32:30,311 [DEBUG] START: Jhalokati | Month 01 | LAI
2026-02-08 21:32:30,740 [DEBUG] RETRY 1/3: Bhola | 01 | LAI | Invalid format specifier '.4f if result['value'] e | Delay: 1.0s
2026-02-08 21:32:30,932 [DEBUG] RETRY 2/3: Barisal | 01 | LAI | Invalid format specifier '.4f if result['value'] e | Delay: 1.5s
2026-02-08 21:32:31,035 [DEBUG] RETRY 2/3: Brahamanbaria | 01 | LAI | Invalid format specifier '.4f if result['value'] e | Delay: 1.5s
2026-02-08 21:32:31,082 [DEBUG] RETRY 2/3: Patuakhali | 01 | LAI | Invalid format specifier '.4f if result['value'] e | Delay: 1.5s
2026-02-08 21:32:31,679 [DEBUG] RETRY 2/3: Bandarban | 01 | LAI | Invalid format specifier '.4f if result['value'] e | Delay: 1.5s
2026-02-08 21:32:31,824 [DEBUG] RETRY 2/3: Pirojpur | 01 | LAI | Invalid format specifier '.4f if result['value'] e | Delay: 1.5s
2026-02-08 21:32:31,931 [DEBUG] RETRY 1/3: Jhalokati | 01 | LAI | Invalid format specifier '.4f if result['value'] e | Delay: 1.0s
2026-02-08 21:32:32,146 [DEBUG] RETRY 2/3: Chandpur | 01 | LAI | Invalid format specifier '.4f if result['value'] e | Delay: 1.5s
2026-02-08 21:32:32,533 [DEBUG] RETRY 2/3: Bhola | 01 | LAI | Invalid format specifier '.4f if result['value'] e | Delay: 1.5s
2026-02-08 21:32:33,314 [DEBUG] FAILED: Barisal | 01 | LAI | Invalid format specifier '.4f if result['value'] else 'NULL'' for object of type 'float'
2026-02-08 21:32:33,314 [DEBUG] START: Barisal | Month 01 | FPAR
2026-02-08 21:32:33,359 [DEBUG] FAILED: Brahamanbaria | 01 | LAI | Invalid format specifier '.4f if result['value'] else 'NULL'' for object of type 'float'
2026-02-08 21:32:33,360 [DEBUG] START: Brahamanbaria | Month 01 | FPAR
2026-02-08 21:32:33,441 [DEBUG] FAILED: Patuakhali | 01 | LAI | Invalid format specifier '.4f if result['value'] else 'NULL'' for object of type 'float'
2026-02-08 21:32:33,441 [DEBUG] START: Patuakhali | Month 01 | FPAR
2026-02-08 21:32:34,082 [DEBUG] FAILED: Bandarban | 01 | LAI | Invalid format specifier '.4f if result['value'] else 'NULL'' for object of type 'float'
2026-02-08 21:32:34,083 [DEBUG] START: Bandarban | Month 01 | FPAR
2026-02-08 21:32:34,286 [DEBUG] RETRY 1/3: Brahamanbaria | 01 | FPAR | Invalid format specifier '.4f if result['value'] e | Delay: 1.0s
2026-02-08 21:32:34,384 [DEBUG] RETRY 1/3: Patuakhali | 01 | FPAR | Invalid format specifier '.4f if result['value'] e | Delay: 1.0s
2026-02-08 21:32:34,475 [DEBUG] RETRY 2/3: Jhalokati | 01 | LAI | Invalid format specifier '.4f if result['value'] e | Delay: 1.5s
2026-02-08 21:32:34,533 [DEBUG] FAILED: Chandpur | 01 | LAI | Invalid format specifier '.4f if result['value'] else 'NULL'' for object of type 'float'
2026-02-08 21:32:34,533 [DEBUG] START: Chandpur | Month 01 | FPAR
2026-02-08 21:32:34,934 [DEBUG] RETRY 1/3: Barisal | 01 | FPAR | Invalid format specifier '.4f if result['value'] e | Delay: 1.0s
2026-02-08 21:32:34,937 [DEBUG] FAILED: Bhola | 01 | LAI | Invalid format specifier '.4f if result['value'] else 'NULL'' for object of type 'float'
2026-02-08 21:32:34,938 [DEBUG] START: Bhola | Month 01 | FPAR
2026-02-08 21:32:34,977 [DEBUG] FAILED: Pirojpur | 01 | LAI | Invalid format specifier '.4f if result['value'] else 'NULL'' for object of type 'float'
2026-02-08 21:32:34,978 [DEBUG] START: Pirojpur | Month 01 | FPAR
2026-02-08 21:32:35,416 [DEBUG] RETRY 1/3: Chandpur | 01 | FPAR | Invalid format specifier '.4f if result['value'] e | Delay: 1.0s
2026-02-08 21:32:35,731 [DEBUG] RETRY 1/3: Bhola | 01 | FPAR | Invalid format specifier '.4f if result['value'] e | Delay: 1.0s
2026-02-08 21:32:35,814 [DEBUG] RETRY 1/3: Pirojpur | 01 | FPAR | Invalid format specifier '.4f if result['value'] e | Delay: 1.0s
2026-02-08 21:32:35,828 [DEBUG] RETRY 1/3: Bandarban | 01 | FPAR | Invalid format specifier '.4f if result['value'] e | Delay: 1.0s
2026-02-08 21:32:36,271 [DEBUG] RETRY 2/3: Patuakhali | 01 | FPAR | Invalid format specifier '.4f if result['value'] e | Delay: 1.5s
2026-02-08 21:32:36,876 [DEBUG] RETRY 2/3: Brahamanbaria | 01 | FPAR | Invalid format specifier '.4f if result['value'] e | Delay: 1.5s
2026-02-08 21:32:36,891 [DEBUG] RETRY 2/3: Barisal | 01 | FPAR | Invalid format specifier '.4f if result['value'] e | Delay: 1.5s
2026-02-08 21:32:37,284 [DEBUG] RETRY 2/3: Chandpur | 01 | FPAR | Invalid format specifier '.4f if result['value'] e | Delay: 1.5s
2026-02-08 21:32:37,545 [DEBUG] RETRY 2/3: Bhola | 01 | FPAR | Invalid format specifier '.4f if result['value'] e | Delay: 1.5s
2026-02-08 21:32:37,561 [DEBUG] FAILED: Jhalokati | 01 | LAI | Invalid format specifier '.4f if result['value'] else 'NULL'' for object of type 'float'
2026-02-08 21:32:37,561 [DEBUG] START: Jhalokati | Month 01 | FPAR
2026-02-08 21:32:37,566 [DEBUG] RETRY 2/3: Pirojpur | 01 | FPAR | Invalid format specifier '.4f if result['value'] e | Delay: 1.5s
2026-02-08 21:32:37,704 [DEBUG] RETRY 2/3: Bandarban | 01 | FPAR | Invalid format specifier '.4f if result['value'] e | Delay: 1.5s
2026-02-08 21:32:38,395 [DEBUG] RETRY 1/3: Jhalokati | 01 | FPAR | Invalid format specifier '.4f if result['value'] e | Delay: 1.0s
2026-02-08 21:32:39,180 [DEBUG] FAILED: Brahamanbaria | 01 | FPAR | Invalid format specifier '.4f if result['value'] else 'NULL'' for object of type 'float'
2026-02-08 21:32:39,180 [DEBUG] START: Brahamanbaria | Month 01 | SOIL_MOISTURE
2026-02-08 21:32:39,251 [DEBUG] FAILED: Barisal | 01 | FPAR | Invalid format specifier '.4f if result['value'] else 'NULL'' for object of type 'float'
2026-02-08 21:32:39,251 [DEBUG] START: Barisal | Month 01 | SOIL_MOISTURE
2026-02-08 21:32:39,572 [DEBUG] FAILED: Patuakhali | 01 | FPAR | Invalid format specifier '.4f if result['value'] else 'NULL'' for object of type 'float'
2026-02-08 21:32:39,572 [DEBUG] START: Patuakhali | Month 01 | SOIL_MOISTURE
2026-02-08 21:32:39,650 [DEBUG] FAILED: Chandpur | 01 | FPAR | Invalid format specifier '.4f if result['value'] else 'NULL'' for object of type 'float'
2026-02-08 21:32:39,650 [DEBUG] START: Chandpur | Month 01 | SOIL_MOISTURE
2026-02-08 21:32:39,792 [DEBUG] FAILED: Bhola | 01 | FPAR | Invalid format specifier '.4f if result['value'] else 'NULL'' for object of type 'float'
2026-02-08 21:32:39,792 [DEBUG] START: Bhola | Month 01 | SOIL_MOISTURE
2026-02-08 21:32:39,871 [DEBUG] FAILED: Pirojpur | 01 | FPAR | Invalid format specifier '.4f if result['value'] else 'NULL'' for object of type 'float'
2026-02-08 21:32:39,871 [DEBUG] START: Pirojpur | Month 01 | SOIL_MOISTURE
2026-02-08 21:32:40,612 [DEBUG] RETRY 2/3: Jhalokati | 01 | FPAR | Invalid format specifier '.4f if result['value'] e | Delay: 1.5s
2026-02-08 21:32:42,752 [DEBUG] RETRY 1/3: Bhola | 01 | SOIL_MOISTURE | Invalid format specifier '.4f if result['value'] e | Delay: 1.0s
2026-02-08 21:32:42,905 [DEBUG] FAILED: Jhalokati | 01 | FPAR | Invalid format specifier '.4f if result['value'] else 'NULL'' for object of type 'float'
2026-02-08 21:32:42,905 [DEBUG] START: Jhalokati | Month 01 | SOIL_MOISTURE
2026-02-08 21:32:43,071 [DEBUG] FAILED: Bandarban | 01 | FPAR | Invalid format specifier '.4f if result['value'] else 'NULL'' for object of type 'float'
2026-02-08 21:32:43,072 [DEBUG] START: Bandarban | Month 01 | SOIL_MOISTURE
2026-02-08 21:32:43,072 [DEBUG] RETRY 1/3: Chandpur | 01 | SOIL_MOISTURE | Invalid format specifier '.4f if result['value'] e | Delay: 1.0s
2026-02-08 21:32:43,868 [DEBUG] RETRY 1/3: Patuakhali | 01 | SOIL_MOISTURE | Invalid format specifier '.4f if result['value'] e | Delay: 1.0s
2026-02-08 21:32:44,206 [DEBUG] RETRY 1/3: Brahamanbaria | 01 | SOIL_MOISTURE | Invalid format specifier '.4f if result['value'] e | Delay: 1.0s
2026-02-08 21:32:45,035 [DEBUG] RETRY 1/3: Barisal | 01 | SOIL_MOISTURE | Invalid format specifier '.4f if result['value'] e | Delay: 1.0s
2026-02-08 21:32:45,468 [DEBUG] RETRY 1/3: Bandarban | 01 | SOIL_MOISTURE | Invalid format specifier '.4f if result['value'] e | Delay: 1.0s
2026-02-08 21:32:46,277 [DEBUG] RETRY 1/3: Jhalokati | 01 | SOIL_MOISTURE | Invalid format specifier '.4f if result['value'] e | Delay: 1.0s
2026-02-08 21:32:46,308 [DEBUG] RETRY 1/3: Pirojpur | 01 | SOIL_MOISTURE | Invalid format specifier '.4f if result['value'] e | Delay: 1.0s
2026-02-08 21:32:48,018 [DEBUG] RETRY 2/3: Bhola | 01 | SOIL_MOISTURE | Invalid format specifier '.4f if result['value'] e | Delay: 1.5s
2026-02-08 21:32:48,534 [DEBUG] RETRY 2/3: Chandpur | 01 | SOIL_MOISTURE | Invalid format specifier '.4f if result['value'] e | Delay: 1.5s
2026-02-08 21:32:48,683 [DEBUG] RETRY 2/3: Patuakhali | 01 | SOIL_MOISTURE | Invalid format specifier '.4f if result['value'] e | Delay: 1.5s
2026-02-08 21:32:48,921 [DEBUG] RETRY 2/3: Brahamanbaria | 01 | SOIL_MOISTURE | Invalid format specifier '.4f if result['value'] e | Delay: 1.5s
2026-02-08 21:32:50,959 [DEBUG] RETRY 2/3: Bandarban | 01 | SOIL_MOISTURE | Invalid format specifier '.4f if result['value'] e | Delay: 1.5s
2026-02-08 21:32:50,973 [DEBUG] RETRY 2/3: Pirojpur | 01 | SOIL_MOISTURE | Invalid format specifier '.4f if result['value'] e | Delay: 1.5s
2026-02-08 21:32:51,050 [DEBUG] RETRY 2/3: Barisal | 01 | SOIL_MOISTURE | Invalid format specifier '.4f if result['value'] e | Delay: 1.5s
2026-02-08 21:32:51,174 [DEBUG] RETRY 2/3: Jhalokati | 01 | SOIL_MOISTURE | Invalid format specifier '.4f if result['value'] e | Delay: 1.5s
2026-02-08 21:32:52,738 [DEBUG] FAILED: Chandpur | 01 | SOIL_MOISTURE | Invalid format specifier '.4f if result['value'] else 'NULL'' for object of type 'float'
2026-02-08 21:32:52,739 [DEBUG] START: Chandpur | Month 01 | LST
2026-02-08 21:32:53,599 [DEBUG] RETRY 1/3: Chandpur | 01 | LST | Invalid format specifier '.4f if result['value'] e | Delay: 1.0s
2026-02-08 21:32:54,835 [DEBUG] FAILED: Bhola | 01 | SOIL_MOISTURE | Invalid format specifier '.4f if result['value'] else 'NULL'' for object of type 'float'
2026-02-08 21:32:54,835 [DEBUG] START: Bhola | Month 01 | LST
2026-02-08 21:32:55,210 [DEBUG] FAILED: Brahamanbaria | 01 | SOIL_MOISTURE | Invalid format specifier '.4f if result['value'] else 'NULL'' for object of type 'float'
2026-02-08 21:32:55,210 [DEBUG] START: Brahamanbaria | Month 01 | LST
2026-02-08 21:32:55,242 [DEBUG] FAILED: Patuakhali | 01 | SOIL_MOISTURE | Invalid format specifier '.4f if result['value'] else 'NULL'' for object of type 'float'
2026-02-08 21:32:55,243 [DEBUG] START: Patuakhali | Month 01 | LST
2026-02-08 21:32:55,375 [DEBUG] RETRY 2/3: Chandpur | 01 | LST | Invalid format specifier '.4f if result['value'] e | Delay: 1.5s
2026-02-08 21:32:55,580 [DEBUG] FAILED: Jhalokati | 01 | SOIL_MOISTURE | Invalid format specifier '.4f if result['value'] else 'NULL'' for object of type 'float'
2026-02-08 21:32:55,580 [DEBUG] START: Jhalokati | Month 01 | LST
2026-02-08 21:32:55,643 [DEBUG] RETRY 1/3: Bhola | 01 | LST | Invalid format specifier '.4f if result['value'] e | Delay: 1.0s
2026-02-08 21:32:56,252 [DEBUG] RETRY 1/3: Patuakhali | 01 | LST | Invalid format specifier '.4f if result['value'] e | Delay: 1.0s
2026-02-08 21:32:56,435 [DEBUG] RETRY 1/3: Jhalokati | 01 | LST | Invalid format specifier '.4f if result['value'] e | Delay: 1.0s
2026-02-08 21:32:56,889 [DEBUG] RETRY 1/3: Brahamanbaria | 01 | LST | Invalid format specifier '.4f if result['value'] e | Delay: 1.0s
2026-02-08 21:32:57,005 [DEBUG] FAILED: Barisal | 01 | SOIL_MOISTURE | Invalid format specifier '.4f if result['value'] else 'NULL'' for object of type 'float'
2026-02-08 21:32:57,006 [DEBUG] START: Barisal | Month 01 | LST
2026-02-08 21:32:57,170 [DEBUG] FAILED: Bandarban | 01 | SOIL_MOISTURE | Invalid format specifier '.4f if result['value'] else 'NULL'' for object of type 'float'
2026-02-08 21:32:57,170 [DEBUG] START: Bandarban | Month 01 | LST
2026-02-08 21:32:57,384 [DEBUG] RETRY 2/3: Bhola | 01 | LST | Invalid format specifier '.4f if result['value'] e | Delay: 1.5s
2026-02-08 21:32:57,421 [DEBUG] FAILED: Pirojpur | 01 | SOIL_MOISTURE | Invalid format specifier '.4f if result['value'] else 'NULL'' for object of type 'float'
2026-02-08 21:32:57,421 [DEBUG] START: Pirojpur | Month 01 | LST
2026-02-08 21:32:57,712 [DEBUG] FAILED: Chandpur | 01 | LST | Invalid format specifier '.4f if result['value'] else 'NULL'' for object of type 'float'
2026-02-08 21:32:57,712 [DEBUG] START: Chandpur | Month 02 | EVI
2026-02-08 21:32:57,849 [DEBUG] RETRY 1/3: Barisal | 01 | LST | Invalid format specifier '.4f if result['value'] e | Delay: 1.0s
2026-02-08 21:32:57,993 [DEBUG] RETRY 1/3: Bandarban | 01 | LST | Invalid format specifier '.4f if result['value'] e | Delay: 1.0s
2026-02-08 21:32:58,087 [DEBUG] RETRY 2/3: Patuakhali | 01 | LST | Invalid format specifier '.4f if result['value'] e | Delay: 1.5s
2026-02-08 21:32:58,194 [DEBUG] RETRY 1/3: Pirojpur | 01 | LST | Invalid format specifier '.4f if result['value'] e | Delay: 1.0s
2026-02-08 21:32:58,243 [DEBUG] RETRY 2/3: Jhalokati | 01 | LST | Invalid format specifier '.4f if result['value'] e | Delay: 1.5s
2026-02-08 21:32:58,628 [DEBUG] RETRY 2/3: Brahamanbaria | 01 | LST | Invalid format specifier '.4f if result['value'] e | Delay: 1.5s
2026-02-08 21:32:59,344 [DEBUG] RETRY 1/3: Chandpur | 02 | EVI | Invalid format specifier '.4f if result['value'] e | Delay: 1.0s
2026-02-08 21:32:59,579 [DEBUG] FAILED: Bhola | 01 | LST | Invalid format specifier '.4f if result['value'] else 'NULL'' for object of type 'float'
2026-02-08 21:32:59,579 [DEBUG] START: Bhola | Month 02 | EVI
2026-02-08 21:32:59,656 [DEBUG] RETRY 2/3: Barisal | 01 | LST | Invalid format specifier '.4f if result['value'] e | Delay: 1.5s
2026-02-08 21:32:59,675 [DEBUG] RETRY 2/3: Bandarban | 01 | LST | Invalid format specifier '.4f if result['value'] e | Delay: 1.5s
2026-02-08 21:33:00,064 [DEBUG] RETRY 2/3: Pirojpur | 01 | LST | Invalid format specifier '.4f if result['value'] e | Delay: 1.5s
2026-02-08 21:33:00,253 [DEBUG] RETRY 1/3: Bhola | 02 | EVI | Invalid format specifier '.4f if result['value'] e | Delay: 1.0s
2026-02-08 21:33:00,476 [DEBUG] FAILED: Patuakhali | 01 | LST | Invalid format specifier '.4f if result['value'] else 'NULL'' for object of type 'float'
2026-02-08 21:33:00,476 [DEBUG] START: Patuakhali | Month 02 | EVI
2026-02-08 21:33:00,534 [DEBUG] FAILED: Jhalokati | 01 | LST | Invalid format specifier '.4f if result['value'] else 'NULL'' for object of type 'float'
2026-02-08 21:33:00,535 [DEBUG] START: Jhalokati | Month 02 | EVI
2026-02-08 21:33:00,959 [DEBUG] FAILED: Brahamanbaria | 01 | LST | Invalid format specifier '.4f if result['value'] else 'NULL'' for object of type 'float'
2026-02-08 21:33:00,959 [DEBUG] START: Brahamanbaria | Month 02 | EVI
2026-02-08 21:33:01,275 [DEBUG] RETRY 2/3: Chandpur | 02 | EVI | Invalid format specifier '.4f if result['value'] e | Delay: 1.5s
2026-02-08 21:33:01,332 [DEBUG] RETRY 1/3: Patuakhali | 02 | EVI | Invalid format specifier '.4f if result['value'] e | Delay: 1.0s
2026-02-08 21:33:01,350 [DEBUG] RETRY 1/3: Jhalokati | 02 | EVI | Invalid format specifier '.4f if result['value'] e | Delay: 1.0s
2026-02-08 21:33:02,039 [DEBUG] FAILED: Barisal | 01 | LST | Invalid format specifier '.4f if result['value'] else 'NULL'' for object of type 'float'
2026-02-08 21:33:02,039 [DEBUG] START: Barisal | Month 02 | EVI
2026-02-08 21:33:02,290 [DEBUG] RETRY 2/3: Bhola | 02 | EVI | Invalid format specifier '.4f if result['value'] e | Delay: 1.5s
2026-02-08 21:33:02,606 [DEBUG] RETRY 1/3: Brahamanbaria | 02 | EVI | Invalid format specifier '.4f if result['value'] e | Delay: 1.0s
2026-02-08 21:33:02,788 [DEBUG] FAILED: Bandarban | 01 | LST | Invalid format specifier '.4f if result['value'] else 'NULL'' for object of type 'float'
2026-02-08 21:33:02,788 [DEBUG] START: Bandarban | Month 02 | EVI
2026-02-08 21:33:02,853 [DEBUG] RETRY 1/3: Barisal | 02 | EVI | Invalid format specifier '.4f if result['value'] e | Delay: 1.0s
2026-02-08 21:33:03,159 [DEBUG] FAILED: Pirojpur | 01 | LST | Invalid format specifier '.4f if result['value'] else 'NULL'' for object of type 'float'
2026-02-08 21:33:03,159 [DEBUG] START: Pirojpur | Month 02 | EVI
2026-02-08 21:33:03,235 [DEBUG] RETRY 2/3: Patuakhali | 02 | EVI | Invalid format specifier '.4f if result['value'] e | Delay: 1.5s
2026-02-08 21:33:03,589 [DEBUG] RETRY 1/3: Bandarban | 02 | EVI | Invalid format specifier '.4f if result['value'] e | Delay: 1.0s
2026-02-08 21:33:03,708 [DEBUG] FAILED: Chandpur | 02 | EVI | Invalid format specifier '.4f if result['value'] else 'NULL'' for object of type 'float'
2026-02-08 21:33:03,708 [DEBUG] START: Chandpur | Month 02 | LAI
2026-02-08 21:33:04,102 [DEBUG] RETRY 1/3: Pirojpur | 02 | EVI | Invalid format specifier '.4f if result['value'] e | Delay: 1.0s
2026-02-08 21:33:04,308 [DEBUG] RETRY 2/3: Jhalokati | 02 | EVI | Invalid format specifier '.4f if result['value'] e | Delay: 1.5s
2026-02-08 21:33:04,309 [DEBUG] RETRY 2/3: Brahamanbaria | 02 | EVI | Invalid format specifier '.4f if result['value'] e | Delay: 1.5s
2026-02-08 21:33:04,461 [DEBUG] FAILED: Bhola | 02 | EVI | Invalid format specifier '.4f if result['value'] else 'NULL'' for object of type 'float'
2026-02-08 21:33:04,461 [DEBUG] START: Bhola | Month 02 | LAI
2026-02-08 21:33:04,564 [DEBUG] RETRY 1/3: Chandpur | 02 | LAI | Invalid format specifier '.4f if result['value'] e | Delay: 1.0s
2026-02-08 21:33:04,693 [DEBUG] RETRY 2/3: Barisal | 02 | EVI | Invalid format specifier '.4f if result['value'] e | Delay: 1.5s
2026-02-08 21:33:05,347 [DEBUG] RETRY 1/3: Bhola | 02 | LAI | Invalid format specifier '.4f if result['value'] e | Delay: 1.0s
2026-02-08 21:33:05,348 [DEBUG] RETRY 2/3: Bandarban | 02 | EVI | Invalid format specifier '.4f if result['value'] e | Delay: 1.5s
2026-02-08 21:33:05,529 [DEBUG] FAILED: Patuakhali | 02 | EVI | Invalid format specifier '.4f if result['value'] else 'NULL'' for object of type 'float'
2026-02-08 21:33:05,530 [DEBUG] START: Patuakhali | Month 02 | LAI
2026-02-08 21:33:05,933 [DEBUG] RETRY 2/3: Pirojpur | 02 | EVI | Invalid format specifier '.4f if result['value'] e | Delay: 1.5s
2026-02-08 21:33:06,237 [DEBUG] RETRY 2/3: Chandpur | 02 | LAI | Invalid format specifier '.4f if result['value'] e | Delay: 1.5s
2026-02-08 21:33:06,489 [DEBUG] RETRY 1/3: Patuakhali | 02 | LAI | Invalid format specifier '.4f if result['value'] e | Delay: 1.0s
2026-02-08 21:33:06,525 [DEBUG] FAILED: Jhalokati | 02 | EVI | Invalid format specifier '.4f if result['value'] else 'NULL'' for object of type 'float'
2026-02-08 21:33:06,525 [DEBUG] START: Jhalokati | Month 02 | LAI
2026-02-08 21:33:06,635 [DEBUG] FAILED: Brahamanbaria | 02 | EVI | Invalid format specifier '.4f if result['value'] else 'NULL'' for object of type 'float'
2026-02-08 21:33:06,635 [DEBUG] START: Brahamanbaria | Month 02 | LAI
2026-02-08 21:33:07,003 [DEBUG] FAILED: Barisal | 02 | EVI | Invalid format specifier '.4f if result['value'] else 'NULL'' for object of type 'float'
2026-02-08 21:33:07,003 [DEBUG] START: Barisal | Month 02 | LAI
2026-02-08 21:33:07,210 [DEBUG] RETRY 2/3: Bhola | 02 | LAI | Invalid format specifier '.4f if result['value'] e | Delay: 1.5s
2026-02-08 21:33:07,362 [DEBUG] RETRY 1/3: Jhalokati | 02 | LAI | Invalid format specifier '.4f if result['value'] e | Delay: 1.0s
2026-02-08 21:33:07,480 [DEBUG] RETRY 1/3: Brahamanbaria | 02 | LAI | Invalid format specifier '.4f if result['value'] e | Delay: 1.0s
2026-02-08 21:33:07,705 [DEBUG] FAILED: Bandarban | 02 | EVI | Invalid format specifier '.4f if result['value'] else 'NULL'' for object of type 'float'
2026-02-08 21:33:07,705 [DEBUG] START: Bandarban | Month 02 | LAI
2026-02-08 21:33:07,871 [DEBUG] RETRY 1/3: Barisal | 02 | LAI | Invalid format specifier '.4f if result['value'] e | Delay: 1.0s
2026-02-08 21:33:08,151 [DEBUG] FAILED: Pirojpur | 02 | EVI | Invalid format specifier '.4f if result['value'] else 'NULL'' for object of type 'float'
2026-02-08 21:33:08,151 [DEBUG] START: Pirojpur | Month 02 | LAI
2026-02-08 21:33:08,378 [DEBUG] RETRY 1/3: Bandarban | 02 | LAI | Invalid format specifier '.4f if result['value'] e | Delay: 1.0s
2026-02-08 21:33:08,413 [DEBUG] FAILED: Chandpur | 02 | LAI | Invalid format specifier '.4f if result['value'] else 'NULL'' for object of type 'float'
2026-02-08 21:33:08,413 [DEBUG] START: Chandpur | Month 02 | FPAR
2026-02-08 21:33:08,467 [DEBUG] RETRY 2/3: Patuakhali | 02 | LAI | Invalid format specifier '.4f if result['value'] e | Delay: 1.5s
2026-02-08 21:33:08,936 [DEBUG] RETRY 1/3: Pirojpur | 02 | LAI | Invalid format specifier '.4f if result['value'] e | Delay: 1.0s
2026-02-08 21:33:09,185 [DEBUG] RETRY 2/3: Brahamanbaria | 02 | LAI | Invalid format specifier '.4f if result['value'] e | Delay: 1.5s
2026-02-08 21:33:09,382 [DEBUG] RETRY 2/3: Jhalokati | 02 | LAI | Invalid format specifier '.4f if result['value'] e | Delay: 1.5s
2026-02-08 21:33:09,902 [DEBUG] RETRY 1/3: Chandpur | 02 | FPAR | Invalid format specifier '.4f if result['value'] e | Delay: 1.0s
2026-02-08 21:33:10,122 [DEBUG] RETRY 2/3: Bandarban | 02 | LAI | Invalid format specifier '.4f if result['value'] e | Delay: 1.5s
2026-02-08 21:33:10,218 [DEBUG] FAILED: Bhola | 02 | LAI | Invalid format specifier '.4f if result['value'] else 'NULL'' for object of type 'float'
2026-02-08 21:33:10,219 [DEBUG] START: Bhola | Month 02 | FPAR
2026-02-08 21:33:10,533 [DEBUG] RETRY 2/3: Barisal | 02 | LAI | Invalid format specifier '.4f if result['value'] e | Delay: 1.5s
2026-02-08 21:33:10,720 [DEBUG] RETRY 2/3: Pirojpur | 02 | LAI | Invalid format specifier '.4f if result['value'] e | Delay: 1.5s
2026-02-08 21:33:10,830 [DEBUG] FAILED: Patuakhali | 02 | LAI | Invalid format specifier '.4f if result['value'] else 'NULL'' for object of type 'float'
2026-02-08 21:33:10,830 [DEBUG] START: Patuakhali | Month 02 | FPAR
2026-02-08 21:33:10,919 [DEBUG] RETRY 1/3: Bhola | 02 | FPAR | Invalid format specifier '.4f if result['value'] e | Delay: 1.0s
2026-02-08 21:33:11,441 [DEBUG] FAILED: Brahamanbaria | 02 | LAI | Invalid format specifier '.4f if result['value'] else 'NULL'' for object of type 'float'
2026-02-08 21:33:11,441 [DEBUG] START: Brahamanbaria | Month 02 | FPAR
2026-02-08 21:33:11,712 [DEBUG] FAILED: Jhalokati | 02 | LAI | Invalid format specifier '.4f if result['value'] else 'NULL'' for object of type 'float'
2026-02-08 21:33:11,712 [DEBUG] START: Jhalokati | Month 02 | FPAR
2026-02-08 21:33:11,750 [DEBUG] RETRY 2/3: Chandpur | 02 | FPAR | Invalid format specifier '.4f if result['value'] e | Delay: 1.5s
2026-02-08 21:33:12,242 [DEBUG] RETRY 1/3: Brahamanbaria | 02 | FPAR | Invalid format specifier '.4f if result['value'] e | Delay: 1.0s
2026-02-08 21:33:12,466 [DEBUG] RETRY 1/3: Jhalokati | 02 | FPAR | Invalid format specifier '.4f if result['value'] e | Delay: 1.0s
2026-02-08 21:33:12,578 [DEBUG] FAILED: Bandarban | 02 | LAI | Invalid format specifier '.4f if result['value'] else 'NULL'' for object of type 'float'
2026-02-08 21:33:12,578 [DEBUG] START: Bandarban | Month 02 | FPAR
2026-02-08 21:33:12,593 [DEBUG] RETRY 1/3: Patuakhali | 02 | FPAR | Invalid format specifier '.4f if result['value'] e | Delay: 1.0s
2026-02-08 21:33:12,726 [DEBUG] RETRY 2/3: Bhola | 02 | FPAR | Invalid format specifier '.4f if result['value'] e | Delay: 1.5s
2026-02-08 21:33:12,998 [DEBUG] FAILED: Barisal | 02 | LAI | Invalid format specifier '.4f if result['value'] else 'NULL'' for object of type 'float'
2026-02-08 21:33:12,998 [DEBUG] START: Barisal | Month 02 | FPAR
2026-02-08 21:33:13,103 [DEBUG] FAILED: Pirojpur | 02 | LAI | Invalid format specifier '.4f if result['value'] else 'NULL'' for object of type 'float'
2026-02-08 21:33:13,104 [DEBUG] START: Pirojpur | Month 02 | FPAR
2026-02-08 21:33:13,402 [DEBUG] RETRY 1/3: Bandarban | 02 | FPAR | Invalid format specifier '.4f if result['value'] e | Delay: 1.0s
2026-02-08 21:33:13,744 [DEBUG] RETRY 1/3: Barisal | 02 | FPAR | Invalid format specifier '.4f if result['value'] e | Delay: 1.0s
2026-02-08 21:33:13,999 [DEBUG] RETRY 1/3: Pirojpur | 02 | FPAR | Invalid format specifier '.4f if result['value'] e | Delay: 1.0s
2026-02-08 21:33:14,083 [DEBUG] RETRY 2/3: Brahamanbaria | 02 | FPAR | Invalid format specifier '.4f if result['value'] e | Delay: 1.5s
2026-02-08 21:33:14,102 [DEBUG] FAILED: Chandpur | 02 | FPAR | Invalid format specifier '.4f if result['value'] else 'NULL'' for object of type 'float'
2026-02-08 21:33:14,102 [DEBUG] START: Chandpur | Month 02 | SOIL_MOISTURE
2026-02-08 21:33:14,145 [DEBUG] RETRY 2/3: Jhalokati | 02 | FPAR | Invalid format specifier '.4f if result['value'] e | Delay: 1.5s
2026-02-08 21:33:14,261 [DEBUG] RETRY 2/3: Patuakhali | 02 | FPAR | Invalid format specifier '.4f if result['value'] e | Delay: 1.5s
2026-02-08 21:33:14,970 [DEBUG] FAILED: Bhola | 02 | FPAR | Invalid format specifier '.4f if result['value'] else 'NULL'' for object of type 'float'
2026-02-08 21:33:14,970 [DEBUG] START: Bhola | Month 02 | SOIL_MOISTURE
2026-02-08 21:33:15,209 [DEBUG] RETRY 2/3: Bandarban | 02 | FPAR | Invalid format specifier '.4f if result['value'] e | Delay: 1.5s
2026-02-08 21:33:15,740 [DEBUG] RETRY 2/3: Barisal | 02 | FPAR | Invalid format specifier '.4f if result['value'] e | Delay: 1.5s
2026-02-08 21:33:15,747 [DEBUG] RETRY 2/3: Pirojpur | 02 | FPAR | Invalid format specifier '.4f if result['value'] e | Delay: 1.5s
2026-02-08 21:33:16,407 [DEBUG] FAILED: Jhalokati | 02 | FPAR | Invalid format specifier '.4f if result['value'] else 'NULL'' for object of type 'float'
2026-02-08 21:33:16,407 [DEBUG] START: Jhalokati | Month 02 | SOIL_MOISTURE
2026-02-08 21:33:16,745 [DEBUG] FAILED: Brahamanbaria | 02 | FPAR | Invalid format specifier '.4f if result['value'] else 'NULL'' for object of type 'float'
2026-02-08 21:33:16,745 [DEBUG] START: Brahamanbaria | Month 02 | SOIL_MOISTURE
2026-02-08 21:33:16,805 [DEBUG] RETRY 1/3: Chandpur | 02 | SOIL_MOISTURE | Invalid format specifier '.4f if result['value'] e | Delay: 1.0s
2026-02-08 21:33:17,275 [DEBUG] FAILED: Patuakhali | 02 | FPAR | Invalid format specifier '.4f if result['value'] else 'NULL'' for object of type 'float'
2026-02-08 21:33:17,275 [DEBUG] START: Patuakhali | Month 02 | SOIL_MOISTURE
2026-02-08 21:33:17,619 [DEBUG] FAILED: Bandarban | 02 | FPAR | Invalid format specifier '.4f if result['value'] else 'NULL'' for object of type 'float'
2026-02-08 21:33:17,619 [DEBUG] START: Bandarban | Month 02 | SOIL_MOISTURE
2026-02-08 21:33:18,031 [DEBUG] FAILED: Pirojpur | 02 | FPAR | Invalid format specifier '.4f if result['value'] else 'NULL'' for object of type 'float'
2026-02-08 21:33:18,032 [DEBUG] START: Pirojpur | Month 02 | SOIL_MOISTURE
2026-02-08 21:33:18,063 [DEBUG] FAILED: Barisal | 02 | FPAR | Invalid format specifier '.4f if result['value'] else 'NULL'' for object of type 'float'
2026-02-08 21:33:18,064 [DEBUG] START: Barisal | Month 02 | SOIL_MOISTURE
2026-02-08 21:33:19,206 [DEBUG] RETRY 1/3: Bhola | 02 | SOIL_MOISTURE | Invalid format specifier '.4f if result['value'] e | Delay: 1.0s
2026-02-08 21:33:19,693 [DEBUG] RETRY 1/3: Patuakhali | 02 | SOIL_MOISTURE | Invalid format specifier '.4f if result['value'] e | Delay: 1.0s
2026-02-08 21:33:19,778 [DEBUG] RETRY 1/3: Jhalokati | 02 | SOIL_MOISTURE | Invalid format specifier '.4f if result['value'] e | Delay: 1.0s
2026-02-08 21:33:20,100 [DEBUG] RETRY 1/3: Brahamanbaria | 02 | SOIL_MOISTURE | Invalid format specifier '.4f if result['value'] e | Delay: 1.0s
2026-02-08 21:33:20,645 [DEBUG] RETRY 1/3: Bandarban | 02 | SOIL_MOISTURE | Invalid format specifier '.4f if result['value'] e | Delay: 1.0s
2026-02-08 21:33:20,944 [DEBUG] RETRY 1/3: Pirojpur | 02 | SOIL_MOISTURE | Invalid format specifier '.4f if result['value'] e | Delay: 1.0s
2026-02-08 21:33:20,973 [DEBUG] RETRY 2/3: Chandpur | 02 | SOIL_MOISTURE | Invalid format specifier '.4f if result['value'] e | Delay: 1.5s
2026-02-08 21:33:21,931 [DEBUG] RETRY 1/3: Barisal | 02 | SOIL_MOISTURE | Invalid format specifier '.4f if result['value'] e | Delay: 1.0s
2026-02-08 21:33:22,825 [DEBUG] RETRY 2/3: Patuakhali | 02 | SOIL_MOISTURE | Invalid format specifier '.4f if result['value'] e | Delay: 1.5s
2026-02-08 21:33:23,534 [DEBUG] RETRY 2/3: Bhola | 02 | SOIL_MOISTURE | Invalid format specifier '.4f if result['value'] e | Delay: 1.5s
2026-02-08 21:33:24,008 [DEBUG] RETRY 2/3: Jhalokati | 02 | SOIL_MOISTURE | Invalid format specifier '.4f if result['value'] e | Delay: 1.5s
2026-02-08 21:33:24,201 [DEBUG] RETRY 2/3: Brahamanbaria | 02 | SOIL_MOISTURE | Invalid format specifier '.4f if result['value'] e | Delay: 1.5s
2026-02-08 21:33:25,476 [DEBUG] RETRY 2/3: Bandarban | 02 | SOIL_MOISTURE | Invalid format specifier '.4f if result['value'] e | Delay: 1.5s
2026-02-08 21:33:25,501 [DEBUG] RETRY 2/3: Barisal | 02 | SOIL_MOISTURE | Invalid format specifier '.4f if result['value'] e | Delay: 1.5s
2026-02-08 21:33:25,703 [DEBUG] FAILED: Chandpur | 02 | SOIL_MOISTURE | Invalid format specifier '.4f if result['value'] else 'NULL'' for object of type 'float'
2026-02-08 21:33:25,704 [DEBUG] START: Chandpur | Month 02 | LST
2026-02-08 21:33:25,795 [DEBUG] RETRY 2/3: Pirojpur | 02 | SOIL_MOISTURE | Invalid format specifier '.4f if result['value'] e | Delay: 1.5s
2026-02-08 21:33:26,455 [DEBUG] RETRY 1/3: Chandpur | 02 | LST | Invalid format specifier '.4f if result['value'] e | Delay: 1.0s
2026-02-08 21:33:28,116 [DEBUG] FAILED: Bhola | 02 | SOIL_MOISTURE | Invalid format specifier '.4f if result['value'] else 'NULL'' for object of type 'float'
2026-02-08 21:33:28,117 [DEBUG] START: Bhola | Month 02 | LST
2026-02-08 21:33:28,235 [DEBUG] RETRY 2/3: Chandpur | 02 | LST | Invalid format specifier '.4f if result['value'] e | Delay: 1.5s
2026-02-08 21:33:28,313 [DEBUG] FAILED: Patuakhali | 02 | SOIL_MOISTURE | Invalid format specifier '.4f if result['value'] else 'NULL'' for object of type 'float'
2026-02-08 21:33:28,313 [DEBUG] START: Patuakhali | Month 02 | LST
2026-02-08 21:33:28,829 [DEBUG] RETRY 1/3: Bhola | 02 | LST | Invalid format specifier '.4f if result['value'] e | Delay: 1.0s
2026-02-08 21:33:28,990 [DEBUG] FAILED: Jhalokati | 02 | SOIL_MOISTURE | Invalid format specifier '.4f if result['value'] else 'NULL'' for object of type 'float'
2026-02-08 21:33:28,990 [DEBUG] START: Jhalokati | Month 02 | LST
2026-02-08 21:33:29,138 [DEBUG] RETRY 1/3: Patuakhali | 02 | LST | Invalid format specifier '.4f if result['value'] e | Delay: 1.0s
2026-02-08 21:33:29,707 [DEBUG] FAILED: Barisal | 02 | SOIL_MOISTURE | Invalid format specifier '.4f if result['value'] else 'NULL'' for object of type 'float'
2026-02-08 21:33:29,708 [DEBUG] START: Barisal | Month 02 | LST
2026-02-08 21:33:29,819 [DEBUG] RETRY 1/3: Jhalokati | 02 | LST | Invalid format specifier '.4f if result['value'] e | Delay: 1.0s
2026-02-08 21:33:29,846 [DEBUG] FAILED: Pirojpur | 02 | SOIL_MOISTURE | Invalid format specifier '.4f if result['value'] else 'NULL'' for object of type 'float'
2026-02-08 21:33:29,846 [DEBUG] START: Pirojpur | Month 02 | LST
2026-02-08 21:33:30,416 [DEBUG] RETRY 1/3: Barisal | 02 | LST | Invalid format specifier '.4f if result['value'] e | Delay: 1.0s
2026-02-08 21:33:30,453 [DEBUG] FAILED: Chandpur | 02 | LST | Invalid format specifier '.4f if result['value'] else 'NULL'' for object of type 'float'
2026-02-08 21:33:30,453 [DEBUG] START: Chandpur | Month 03 | EVI
2026-02-08 21:33:30,544 [DEBUG] RETRY 2/3: Bhola | 02 | LST | Invalid format specifier '.4f if result['value'] e | Delay: 1.5s
2026-02-08 21:33:30,589 [DEBUG] RETRY 1/3: Pirojpur | 02 | LST | Invalid format specifier '.4f if result['value'] e | Delay: 1.0s
2026-02-08 21:33:30,932 [DEBUG] FAILED: Brahamanbaria | 02 | SOIL_MOISTURE | Invalid format specifier '.4f if result['value'] else 'NULL'' for object of type 'float'
2026-02-08 21:33:30,932 [DEBUG] START: Brahamanbaria | Month 02 | LST
2026-02-08 21:33:31,252 [DEBUG] RETRY 1/3: Chandpur | 03 | EVI | Invalid format specifier '.4f if result['value'] e | Delay: 1.0s
2026-02-08 21:33:31,510 [DEBUG] FAILED: Bandarban | 02 | SOIL_MOISTURE | Invalid format specifier '.4f if result['value'] else 'NULL'' for object of type 'float'
2026-02-08 21:33:31,510 [DEBUG] START: Bandarban | Month 02 | LST
2026-02-08 21:33:31,661 [DEBUG] RETRY 2/3: Jhalokati | 02 | LST | Invalid format specifier '.4f if result['value'] e | Delay: 1.5s
2026-02-08 21:33:31,797 [DEBUG] RETRY 2/3: Patuakhali | 02 | LST | Invalid format specifier '.4f if result['value'] e | Delay: 1.5s
2026-02-08 21:33:31,903 [DEBUG] RETRY 1/3: Brahamanbaria | 02 | LST | Invalid format specifier '.4f if result['value'] e | Delay: 1.0s
2026-02-08 21:33:32,315 [DEBUG] RETRY 1/3: Bandarban | 02 | LST | Invalid format specifier '.4f if result['value'] e | Delay: 1.0s
2026-02-08 21:33:32,400 [DEBUG] RETRY 2/3: Barisal | 02 | LST | Invalid format specifier '.4f if result['value'] e | Delay: 1.5s
2026-02-08 21:33:33,076 [DEBUG] RETRY 2/3: Pirojpur | 02 | LST | Invalid format specifier '.4f if result['value'] e | Delay: 1.5s
2026-02-08 21:33:33,804 [DEBUG] RETRY 2/3: Chandpur | 03 | EVI | Invalid format specifier '.4f if result['value'] e | Delay: 1.5s
2026-02-08 21:33:34,017 [DEBUG] FAILED: Jhalokati | 02 | LST | Invalid format specifier '.4f if result['value'] else 'NULL'' for object of type 'float'
2026-02-08 21:33:34,017 [DEBUG] START: Jhalokati | Month 03 | EVI
2026-02-08 21:33:34,066 [DEBUG] RETRY 2/3: Bandarban | 02 | LST | Invalid format specifier '.4f if result['value'] e | Delay: 1.5s
2026-02-08 21:33:34,319 [DEBUG] FAILED: Bhola | 02 | LST | Invalid format specifier '.4f if result['value'] else 'NULL'' for object of type 'float'
2026-02-08 21:33:34,319 [DEBUG] START: Bhola | Month 03 | EVI
2026-02-08 21:33:34,448 [DEBUG] RETRY 2/3: Brahamanbaria | 02 | LST | Invalid format specifier '.4f if result['value'] e | Delay: 1.5s
2026-02-08 21:33:34,708 [DEBUG] RETRY 1/3: Jhalokati | 03 | EVI | Invalid format specifier '.4f if result['value'] e | Delay: 1.0s
2026-02-08 21:33:34,764 [DEBUG] FAILED: Barisal | 02 | LST | Invalid format specifier '.4f if result['value'] else 'NULL'' for object of type 'float'
2026-02-08 21:33:34,765 [DEBUG] START: Barisal | Month 03 | EVI
2026-02-08 21:33:34,877 [DEBUG] FAILED: Patuakhali | 02 | LST | Invalid format specifier '.4f if result['value'] else 'NULL'' for object of type 'float'
2026-02-08 21:33:34,878 [DEBUG] START: Patuakhali | Month 03 | EVI
2026-02-08 21:33:35,349 [DEBUG] FAILED: Pirojpur | 02 | LST | Invalid format specifier '.4f if result['value'] else 'NULL'' for object of type 'float'
2026-02-08 21:33:35,351 [DEBUG] START: Pirojpur | Month 03 | EVI
2026-02-08 21:33:35,659 [DEBUG] RETRY 1/3: Barisal | 03 | EVI | Invalid format specifier '.4f if result['value'] e | Delay: 1.0s
2026-02-08 21:33:35,829 [DEBUG] RETRY 1/3: Bhola | 03 | EVI | Invalid format specifier '.4f if result['value'] e | Delay: 1.0s
2026-02-08 21:33:35,892 [DEBUG] RETRY 1/3: Patuakhali | 03 | EVI | Invalid format specifier '.4f if result['value'] e | Delay: 1.0s
2026-02-08 21:33:36,337 [DEBUG] FAILED: Bandarban | 02 | LST | Invalid format specifier '.4f if result['value'] else 'NULL'' for object of type 'float'
2026-02-08 21:33:36,339 [DEBUG] START: Bandarban | Month 03 | EVI
2026-02-08 21:33:36,421 [DEBUG] RETRY 2/3: Jhalokati | 03 | EVI | Invalid format specifier '.4f if result['value'] e | Delay: 1.5s
2026-02-08 21:33:36,702 [DEBUG] FAILED: Brahamanbaria | 02 | LST | Invalid format specifier '.4f if result['value'] else 'NULL'' for object of type 'float'
2026-02-08 21:33:36,702 [DEBUG] START: Brahamanbaria | Month 03 | EVI
2026-02-08 21:33:36,770 [DEBUG] FAILED: Chandpur | 03 | EVI | Invalid format specifier '.4f if result['value'] else 'NULL'' for object of type 'float'
2026-02-08 21:33:36,770 [DEBUG] START: Chandpur | Month 03 | LAI
2026-02-08 21:33:37,026 [DEBUG] RETRY 1/3: Pirojpur | 03 | EVI | Invalid format specifier '.4f if result['value'] e | Delay: 1.0s
2026-02-08 21:33:37,075 [DEBUG] RETRY 1/3: Bandarban | 03 | EVI | Invalid format specifier '.4f if result['value'] e | Delay: 1.0s
2026-02-08 21:33:37,370 [DEBUG] RETRY 1/3: Brahamanbaria | 03 | EVI | Invalid format specifier '.4f if result['value'] e | Delay: 1.0s
2026-02-08 21:33:37,624 [DEBUG] RETRY 1/3: Chandpur | 03 | LAI | Invalid format specifier '.4f if result['value'] e | Delay: 1.0s
2026-02-08 21:33:37,664 [DEBUG] RETRY 2/3: Patuakhali | 03 | EVI | Invalid format specifier '.4f if result['value'] e | Delay: 1.5s
2026-02-08 21:33:37,695 [DEBUG] RETRY 2/3: Bhola | 03 | EVI | Invalid format specifier '.4f if result['value'] e | Delay: 1.5s
2026-02-08 21:33:38,449 [DEBUG] RETRY 2/3: Barisal | 03 | EVI | Invalid format specifier '.4f if result['value'] e | Delay: 1.5s
2026-02-08 21:33:38,692 [DEBUG] FAILED: Jhalokati | 03 | EVI | Invalid format specifier '.4f if result['value'] else 'NULL'' for object of type 'float'
2026-02-08 21:33:38,692 [DEBUG] START: Jhalokati | Month 03 | LAI
2026-02-08 21:33:38,796 [DEBUG] RETRY 2/3: Bandarban | 03 | EVI | Invalid format specifier '.4f if result['value'] e | Delay: 1.5s
2026-02-08 21:33:38,915 [DEBUG] RETRY 2/3: Pirojpur | 03 | EVI | Invalid format specifier '.4f if result['value'] e | Delay: 1.5s
2026-02-08 21:33:39,284 [DEBUG] RETRY 2/3: Brahamanbaria | 03 | EVI | Invalid format specifier '.4f if result['value'] e | Delay: 1.5s
2026-02-08 21:33:39,382 [DEBUG] RETRY 2/3: Chandpur | 03 | LAI | Invalid format specifier '.4f if result['value'] e | Delay: 1.5s
2026-02-08 21:33:40,052 [DEBUG] RETRY 1/3: Jhalokati | 03 | LAI | Invalid format specifier '.4f if result['value'] e | Delay: 1.0s
2026-02-08 21:33:40,097 [DEBUG] FAILED: Patuakhali | 03 | EVI | Invalid format specifier '.4f if result['value'] else 'NULL'' for object of type 'float'
2026-02-08 21:33:40,097 [DEBUG] START: Patuakhali | Month 03 | LAI
2026-02-08 21:33:40,702 [DEBUG] FAILED: Barisal | 03 | EVI | Invalid format specifier '.4f if result['value'] else 'NULL'' for object of type 'float'
2026-02-08 21:33:40,702 [DEBUG] START: Barisal | Month 03 | LAI
2026-02-08 21:33:40,832 [DEBUG] FAILED: Bhola | 03 | EVI | Invalid format specifier '.4f if result['value'] else 'NULL'' for object of type 'float'
2026-02-08 21:33:40,832 [DEBUG] START: Bhola | Month 03 | LAI
2026-02-08 21:33:40,999 [DEBUG] FAILED: Bandarban | 03 | EVI | Invalid format specifier '.4f if result['value'] else 'NULL'' for object of type 'float'
2026-02-08 21:33:40,999 [DEBUG] START: Bandarban | Month 03 | LAI
2026-02-08 21:33:41,183 [DEBUG] FAILED: Pirojpur | 03 | EVI | Invalid format specifier '.4f if result['value'] else 'NULL'' for object of type 'float'
2026-02-08 21:33:41,184 [DEBUG] START: Pirojpur | Month 03 | LAI
2026-02-08 21:33:41,589 [DEBUG] RETRY 1/3: Barisal | 03 | LAI | Invalid format specifier '.4f if result['value'] e | Delay: 1.0s
2026-02-08 21:33:41,638 [DEBUG] FAILED: Chandpur | 03 | LAI | Invalid format specifier '.4f if result['value'] else 'NULL'' for object of type 'float'
2026-02-08 21:33:41,638 [DEBUG] START: Chandpur | Month 03 | FPAR
2026-02-08 21:33:41,660 [DEBUG] FAILED: Brahamanbaria | 03 | EVI | Invalid format specifier '.4f if result['value'] else 'NULL'' for object of type 'float'
2026-02-08 21:33:41,660 [DEBUG] START: Brahamanbaria | Month 03 | LAI
2026-02-08 21:33:41,832 [DEBUG] RETRY 1/3: Patuakhali | 03 | LAI | Invalid format specifier '.4f if result['value'] e | Delay: 1.0s
2026-02-08 21:33:41,863 [DEBUG] RETRY 1/3: Bandarban | 03 | LAI | Invalid format specifier '.4f if result['value'] e | Delay: 1.0s
2026-02-08 21:33:41,879 [DEBUG] RETRY 2/3: Jhalokati | 03 | LAI | Invalid format specifier '.4f if result['value'] e | Delay: 1.5s
2026-02-08 21:33:42,026 [DEBUG] RETRY 1/3: Pirojpur | 03 | LAI | Invalid format specifier '.4f if result['value'] e | Delay: 1.0s
2026-02-08 21:33:42,306 [DEBUG] RETRY 1/3: Bhola | 03 | LAI | Invalid format specifier '.4f if result['value'] e | Delay: 1.0s
2026-02-08 21:33:42,320 [DEBUG] RETRY 1/3: Chandpur | 03 | FPAR | Invalid format specifier '.4f if result['value'] e | Delay: 1.0s
2026-02-08 21:33:42,467 [DEBUG] RETRY 1/3: Brahamanbaria | 03 | LAI | Invalid format specifier '.4f if result['value'] e | Delay: 1.0s
2026-02-08 21:33:43,419 [DEBUG] RETRY 2/3: Barisal | 03 | LAI | Invalid format specifier '.4f if result['value'] e | Delay: 1.5s
2026-02-08 21:33:43,621 [DEBUG] RETRY 2/3: Patuakhali | 03 | LAI | Invalid format specifier '.4f if result['value'] e | Delay: 1.5s
2026-02-08 21:33:43,685 [DEBUG] RETRY 2/3: Bandarban | 03 | LAI | Invalid format specifier '.4f if result['value'] e | Delay: 1.5s
2026-02-08 21:33:43,763 [DEBUG] RETRY 2/3: Pirojpur | 03 | LAI | Invalid format specifier '.4f if result['value'] e | Delay: 1.5s
2026-02-08 21:33:44,053 [DEBUG] RETRY 2/3: Chandpur | 03 | FPAR | Invalid format specifier '.4f if result['value'] e | Delay: 1.5s
2026-02-08 21:33:44,118 [DEBUG] FAILED: Jhalokati | 03 | LAI | Invalid format specifier '.4f if result['value'] else 'NULL'' for object of type 'float'
2026-02-08 21:33:44,119 [DEBUG] START: Jhalokati | Month 03 | FPAR
2026-02-08 21:33:44,179 [DEBUG] RETRY 2/3: Brahamanbaria | 03 | LAI | Invalid format specifier '.4f if result['value'] e | Delay: 1.5s
2026-02-08 21:33:44,878 [DEBUG] RETRY 2/3: Bhola | 03 | LAI | Invalid format specifier '.4f if result['value'] e | Delay: 1.5s
2026-02-08 21:33:44,886 [DEBUG] RETRY 1/3: Jhalokati | 03 | FPAR | Invalid format specifier '.4f if result['value'] e | Delay: 1.0s
2026-02-08 21:33:45,756 [DEBUG] FAILED: Barisal | 03 | LAI | Invalid format specifier '.4f if result['value'] else 'NULL'' for object of type 'float'
2026-02-08 21:33:45,757 [DEBUG] START: Barisal | Month 03 | FPAR
2026-02-08 21:33:46,017 [DEBUG] FAILED: Bandarban | 03 | LAI | Invalid format specifier '.4f if result['value'] else 'NULL'' for object of type 'float'
2026-02-08 21:33:46,017 [DEBUG] START: Bandarban | Month 03 | FPAR
2026-02-08 21:33:46,258 [DEBUG] FAILED: Patuakhali | 03 | LAI | Invalid format specifier '.4f if result['value'] else 'NULL'' for object of type 'float'
2026-02-08 21:33:46,258 [DEBUG] START: Patuakhali | Month 03 | FPAR
2026-02-08 21:33:46,325 [DEBUG] FAILED: Chandpur | 03 | FPAR | Invalid format specifier '.4f if result['value'] else 'NULL'' for object of type 'float'
2026-02-08 21:33:46,325 [DEBUG] START: Chandpur | Month 03 | SOIL_MOISTURE
2026-02-08 21:33:46,339 [DEBUG] FAILED: Brahamanbaria | 03 | LAI | Invalid format specifier '.4f if result['value'] else 'NULL'' for object of type 'float'
2026-02-08 21:33:46,340 [DEBUG] START: Brahamanbaria | Month 03 | FPAR
2026-02-08 21:33:46,347 [DEBUG] FAILED: Pirojpur | 03 | LAI | Invalid format specifier '.4f if result['value'] else 'NULL'' for object of type 'float'
2026-02-08 21:33:46,347 [DEBUG] START: Pirojpur | Month 03 | FPAR
2026-02-08 21:33:46,579 [DEBUG] RETRY 1/3: Barisal | 03 | FPAR | Invalid format specifier '.4f if result['value'] e | Delay: 1.0s
2026-02-08 21:33:46,792 [DEBUG] RETRY 1/3: Bandarban | 03 | FPAR | Invalid format specifier '.4f if result['value'] e | Delay: 1.0s
2026-02-08 21:33:47,021 [DEBUG] RETRY 1/3: Pirojpur | 03 | FPAR | Invalid format specifier '.4f if result['value'] e | Delay: 1.0s
2026-02-08 21:33:47,116 [DEBUG] FAILED: Bhola | 03 | LAI | Invalid format specifier '.4f if result['value'] else 'NULL'' for object of type 'float'
2026-02-08 21:33:47,117 [DEBUG] START: Bhola | Month 03 | FPAR
2026-02-08 21:33:47,286 [DEBUG] RETRY 1/3: Brahamanbaria | 03 | FPAR | Invalid format specifier '.4f if result['value'] e | Delay: 1.0s
2026-02-08 21:33:47,297 [DEBUG] RETRY 1/3: Patuakhali | 03 | FPAR | Invalid format specifier '.4f if result['value'] e | Delay: 1.0s
2026-02-08 21:33:47,394 [DEBUG] RETRY 2/3: Jhalokati | 03 | FPAR | Invalid format specifier '.4f if result['value'] e | Delay: 1.5s
2026-02-08 21:33:47,897 [DEBUG] RETRY 1/3: Bhola | 03 | FPAR | Invalid format specifier '.4f if result['value'] e | Delay: 1.0s
2026-02-08 21:33:48,493 [DEBUG] RETRY 2/3: Barisal | 03 | FPAR | Invalid format specifier '.4f if result['value'] e | Delay: 1.5s
2026-02-08 21:33:48,613 [DEBUG] RETRY 2/3: Bandarban | 03 | FPAR | Invalid format specifier '.4f if result['value'] e | Delay: 1.5s
2026-02-08 21:33:48,811 [DEBUG] RETRY 2/3: Pirojpur | 03 | FPAR | Invalid format specifier '.4f if result['value'] e | Delay: 1.5s
2026-02-08 21:33:49,077 [DEBUG] RETRY 2/3: Brahamanbaria | 03 | FPAR | Invalid format specifier '.4f if result['value'] e | Delay: 1.5s
2026-02-08 21:33:49,283 [DEBUG] RETRY 2/3: Patuakhali | 03 | FPAR | Invalid format specifier '.4f if result['value'] e | Delay: 1.5s
2026-02-08 21:33:49,640 [DEBUG] RETRY 2/3: Bhola | 03 | FPAR | Invalid format specifier '.4f if result['value'] e | Delay: 1.5s
2026-02-08 21:33:50,392 [DEBUG] FAILED: Jhalokati | 03 | FPAR | Invalid format specifier '.4f if result['value'] else 'NULL'' for object of type 'float'
2026-02-08 21:33:50,393 [DEBUG] START: Jhalokati | Month 03 | SOIL_MOISTURE
2026-02-08 21:33:50,791 [DEBUG] FAILED: Barisal | 03 | FPAR | Invalid format specifier '.4f if result['value'] else 'NULL'' for object of type 'float'
2026-02-08 21:33:50,791 [DEBUG] START: Barisal | Month 03 | SOIL_MOISTURE
2026-02-08 21:33:50,945 [DEBUG] FAILED: Bandarban | 03 | FPAR | Invalid format specifier '.4f if result['value'] else 'NULL'' for object of type 'float'
2026-02-08 21:33:50,945 [DEBUG] START: Bandarban | Month 03 | SOIL_MOISTURE
2026-02-08 21:33:51,137 [DEBUG] FAILED: Pirojpur | 03 | FPAR | Invalid format specifier '.4f if result['value'] else 'NULL'' for object of type 'float'
2026-02-08 21:33:51,138 [DEBUG] START: Pirojpur | Month 03 | SOIL_MOISTURE
2026-02-08 21:33:51,210 [DEBUG] RETRY 1/3: Chandpur | 03 | SOIL_MOISTURE | Invalid format specifier '.4f if result['value'] e | Delay: 1.0s
2026-02-08 21:33:51,441 [DEBUG] FAILED: Brahamanbaria | 03 | FPAR | Invalid format specifier '.4f if result['value'] else 'NULL'' for object of type 'float'
2026-02-08 21:33:51,442 [DEBUG] START: Brahamanbaria | Month 03 | SOIL_MOISTURE
2026-02-08 21:33:51,785 [DEBUG] FAILED: Patuakhali | 03 | FPAR | Invalid format specifier '.4f if result['value'] else 'NULL'' for object of type 'float'
2026-02-08 21:33:51,785 [DEBUG] START: Patuakhali | Month 03 | SOIL_MOISTURE
2026-02-08 21:33:51,947 [DEBUG] FAILED: Bhola | 03 | FPAR | Invalid format specifier '.4f if result['value'] else 'NULL'' for object of type 'float'
2026-02-08 21:33:51,947 [DEBUG] START: Bhola | Month 03 | SOIL_MOISTURE
2026-02-08 21:33:52,370 [DEBUG] RETRY 1/3: Jhalokati | 03 | SOIL_MOISTURE | Invalid format specifier '.4f if result['value'] e | Delay: 1.0s
2026-02-08 21:33:54,158 [DEBUG] RETRY 1/3: Barisal | 03 | SOIL_MOISTURE | Invalid format specifier '.4f if result['value'] e | Delay: 1.0s
2026-02-08 21:33:54,475 [DEBUG] RETRY 1/3: Pirojpur | 03 | SOIL_MOISTURE | Invalid format specifier '.4f if result['value'] e | Delay: 1.0s
2026-02-08 21:33:54,757 [DEBUG] RETRY 1/3: Brahamanbaria | 03 | SOIL_MOISTURE | Invalid format specifier '.4f if result['value'] e | Delay: 1.0s
2026-02-08 21:33:54,795 [DEBUG] RETRY 2/3: Chandpur | 03 | SOIL_MOISTURE | Invalid format specifier '.4f if result['value'] e | Delay: 1.5s
2026-02-08 21:33:54,974 [DEBUG] RETRY 1/3: Bandarban | 03 | SOIL_MOISTURE | Invalid format specifier '.4f if result['value'] e | Delay: 1.0s
2026-02-08 21:33:55,026 [DEBUG] RETRY 1/3: Patuakhali | 03 | SOIL_MOISTURE | Invalid format specifier '.4f if result['value'] e | Delay: 1.0s
2026-02-08 21:33:56,283 [DEBUG] RETRY 1/3: Bhola | 03 | SOIL_MOISTURE | Invalid format specifier '.4f if result['value'] e | Delay: 1.0s
2026-02-08 21:33:56,818 [DEBUG] RETRY 2/3: Jhalokati | 03 | SOIL_MOISTURE | Invalid format specifier '.4f if result['value'] e | Delay: 1.5s
2026-02-08 21:33:57,897 [DEBUG] RETRY 2/3: Pirojpur | 03 | SOIL_MOISTURE | Invalid format specifier '.4f if result['value'] e | Delay: 1.5s
2026-02-08 21:33:58,764 [DEBUG] RETRY 2/3: Patuakhali | 03 | SOIL_MOISTURE | Invalid format specifier '.4f if result['value'] e | Delay: 1.5s
2026-02-08 21:33:58,767 [DEBUG] RETRY 2/3: Bandarban | 03 | SOIL_MOISTURE | Invalid format specifier '.4f if result['value'] e | Delay: 1.5s
2026-02-08 21:34:00,276 [DEBUG] RETRY 2/3: Brahamanbaria | 03 | SOIL_MOISTURE | Invalid format specifier '.4f if result['value'] e | Delay: 1.5s
2026-02-08 21:34:00,793 [DEBUG] RETRY 2/3: Bhola | 03 | SOIL_MOISTURE | Invalid format specifier '.4f if result['value'] e | Delay: 1.5s
2026-02-08 21:34:00,977 [DEBUG] FAILED: Chandpur | 03 | SOIL_MOISTURE | Invalid format specifier '.4f if result['value'] else 'NULL'' for object of type 'float'
2026-02-08 21:34:00,977 [DEBUG] START: Chandpur | Month 03 | LST
2026-02-08 21:34:01,084 [DEBUG] RETRY 2/3: Barisal | 03 | SOIL_MOISTURE | Invalid format specifier '.4f if result['value'] e | Delay: 1.5s
2026-02-08 21:34:01,259 [DEBUG] FAILED: Jhalokati | 03 | SOIL_MOISTURE | Invalid format specifier '.4f if result['value'] else 'NULL'' for object of type 'float'
2026-02-08 21:34:01,259 [DEBUG] START: Jhalokati | Month 03 | LST
2026-02-08 21:34:01,638 [DEBUG] RETRY 1/3: Chandpur | 03 | LST | Invalid format specifier '.4f if result['value'] e | Delay: 1.0s
2026-02-08 21:34:01,975 [DEBUG] RETRY 1/3: Jhalokati | 03 | LST | Invalid format specifier '.4f if result['value'] e | Delay: 1.0s
2026-02-08 21:34:02,921 [DEBUG] FAILED: Patuakhali | 03 | SOIL_MOISTURE | Invalid format specifier '.4f if result['value'] else 'NULL'' for object of type 'float'
2026-02-08 21:34:02,921 [DEBUG] START: Patuakhali | Month 03 | LST
2026-02-08 21:34:03,066 [DEBUG] FAILED: Pirojpur | 03 | SOIL_MOISTURE | Invalid format specifier '.4f if result['value'] else 'NULL'' for object of type 'float'
2026-02-08 21:34:03,066 [DEBUG] START: Pirojpur | Month 03 | LST
2026-02-08 21:34:03,832 [DEBUG] RETRY 2/3: Jhalokati | 03 | LST | Invalid format specifier '.4f if result['value'] e | Delay: 1.5s
2026-02-08 21:34:03,884 [DEBUG] RETRY 1/3: Patuakhali | 03 | LST | Invalid format specifier '.4f if result['value'] e | Delay: 1.0s
2026-02-08 21:34:03,942 [DEBUG] RETRY 1/3: Pirojpur | 03 | LST | Invalid format specifier '.4f if result['value'] e | Delay: 1.0s
2026-02-08 21:34:04,176 [DEBUG] RETRY 2/3: Chandpur | 03 | LST | Invalid format specifier '.4f if result['value'] e | Delay: 1.5s
2026-02-08 21:34:04,353 [DEBUG] FAILED: Bandarban | 03 | SOIL_MOISTURE | Invalid format specifier '.4f if result['value'] else 'NULL'' for object of type 'float'
2026-02-08 21:34:04,355 [DEBUG] START: Bandarban | Month 03 | LST
2026-02-08 21:34:05,215 [DEBUG] RETRY 1/3: Bandarban | 03 | LST | Invalid format specifier '.4f if result['value'] e | Delay: 1.0s
2026-02-08 21:34:05,354 [DEBUG] FAILED: Bhola | 03 | SOIL_MOISTURE | Invalid format specifier '.4f if result['value'] else 'NULL'' for object of type 'float'
2026-02-08 21:34:05,358 [DEBUG] START: Bhola | Month 03 | LST
2026-02-08 21:34:05,768 [DEBUG] RETRY 2/3: Patuakhali | 03 | LST | Invalid format specifier '.4f if result['value'] e | Delay: 1.5s
2026-02-08 21:34:05,777 [DEBUG] RETRY 2/3: Pirojpur | 03 | LST | Invalid format specifier '.4f if result['value'] e | Delay: 1.5s
2026-02-08 21:34:06,094 [DEBUG] FAILED: Barisal | 03 | SOIL_MOISTURE | Invalid format specifier '.4f if result['value'] else 'NULL'' for object of type 'float'
2026-02-08 21:34:06,094 [DEBUG] START: Barisal | Month 03 | LST
2026-02-08 21:34:06,144 [DEBUG] FAILED: Jhalokati | 03 | LST | Invalid format specifier '.4f if result['value'] else 'NULL'' for object of type 'float'
2026-02-08 21:34:06,144 [DEBUG] START: Jhalokati | Month 04 | EVI
2026-02-08 21:34:06,184 [DEBUG] RETRY 1/3: Bhola | 03 | LST | Invalid format specifier '.4f if result['value'] e | Delay: 1.0s
2026-02-08 21:34:06,533 [DEBUG] FAILED: Brahamanbaria | 03 | SOIL_MOISTURE | Invalid format specifier '.4f if result['value'] else 'NULL'' for object of type 'float'
2026-02-08 21:34:06,534 [DEBUG] START: Brahamanbaria | Month 03 | LST
2026-02-08 21:34:06,672 [DEBUG] FAILED: Chandpur | 03 | LST | Invalid format specifier '.4f if result['value'] else 'NULL'' for object of type 'float'
2026-02-08 21:34:06,672 [DEBUG] START: Chandpur | Month 04 | EVI
2026-02-08 21:34:06,936 [DEBUG] RETRY 1/3: Jhalokati | 04 | EVI | Invalid format specifier '.4f if result['value'] e | Delay: 1.0s
2026-02-08 21:34:06,946 [DEBUG] RETRY 1/3: Barisal | 03 | LST | Invalid format specifier '.4f if result['value'] e | Delay: 1.0s
2026-02-08 21:34:06,992 [DEBUG] RETRY 2/3: Bandarban | 03 | LST | Invalid format specifier '.4f if result['value'] e | Delay: 1.5s
2026-02-08 21:34:07,308 [DEBUG] RETRY 1/3: Brahamanbaria | 03 | LST | Invalid format specifier '.4f if result['value'] e | Delay: 1.0s
2026-02-08 21:34:07,809 [DEBUG] RETRY 1/3: Chandpur | 04 | EVI | Invalid format specifier '.4f if result['value'] e | Delay: 1.0s
2026-02-08 21:34:08,172 [DEBUG] RETRY 2/3: Bhola | 03 | LST | Invalid format specifier '.4f if result['value'] e | Delay: 1.5s
2026-02-08 21:34:08,203 [DEBUG] FAILED: Pirojpur | 03 | LST | Invalid format specifier '.4f if result['value'] else 'NULL'' for object of type 'float'
2026-02-08 21:34:08,203 [DEBUG] START: Pirojpur | Month 04 | EVI
2026-02-08 21:34:08,295 [DEBUG] FAILED: Patuakhali | 03 | LST | Invalid format specifier '.4f if result['value'] else 'NULL'' for object of type 'float'
2026-02-08 21:34:08,295 [DEBUG] START: Patuakhali | Month 04 | EVI
2026-02-08 21:34:08,748 [DEBUG] RETRY 2/3: Barisal | 03 | LST | Invalid format specifier '.4f if result['value'] e | Delay: 1.5s
2026-02-08 21:34:08,841 [DEBUG] RETRY 2/3: Jhalokati | 04 | EVI | Invalid format specifier '.4f if result['value'] e | Delay: 1.5s
2026-02-08 21:34:09,013 [DEBUG] RETRY 1/3: Pirojpur | 04 | EVI | Invalid format specifier '.4f if result['value'] e | Delay: 1.0s
2026-02-08 21:34:09,141 [DEBUG] RETRY 1/3: Patuakhali | 04 | EVI | Invalid format specifier '.4f if result['value'] e | Delay: 1.0s
2026-02-08 21:34:09,193 [DEBUG] RETRY 2/3: Brahamanbaria | 03 | LST | Invalid format specifier '.4f if result['value'] e | Delay: 1.5s
2026-02-08 21:34:09,228 [DEBUG] FAILED: Bandarban | 03 | LST | Invalid format specifier '.4f if result['value'] else 'NULL'' for object of type 'float'
2026-02-08 21:34:09,228 [DEBUG] START: Bandarban | Month 04 | EVI
2026-02-08 21:34:09,667 [DEBUG] RETRY 2/3: Chandpur | 04 | EVI | Invalid format specifier '.4f if result['value'] e | Delay: 1.5s
2026-02-08 21:34:10,046 [DEBUG] RETRY 1/3: Bandarban | 04 | EVI | Invalid format specifier '.4f if result['value'] e | Delay: 1.0s
2026-02-08 21:34:10,917 [DEBUG] RETRY 2/3: Patuakhali | 04 | EVI | Invalid format specifier '.4f if result['value'] e | Delay: 1.5s
2026-02-08 21:34:10,985 [DEBUG] RETRY 2/3: Pirojpur | 04 | EVI | Invalid format specifier '.4f if result['value'] e | Delay: 1.5s
2026-02-08 21:34:11,081 [DEBUG] FAILED: Jhalokati | 04 | EVI | Invalid format specifier '.4f if result['value'] else 'NULL'' for object of type 'float'
2026-02-08 21:34:11,081 [DEBUG] START: Jhalokati | Month 04 | LAI
2026-02-08 21:34:11,161 [DEBUG] FAILED: Barisal | 03 | LST | Invalid format specifier '.4f if result['value'] else 'NULL'' for object of type 'float'
2026-02-08 21:34:11,161 [DEBUG] START: Barisal | Month 04 | EVI
2026-02-08 21:34:11,287 [DEBUG] FAILED: Bhola | 03 | LST | Invalid format specifier '.4f if result['value'] else 'NULL'' for object of type 'float'
2026-02-08 21:34:11,288 [DEBUG] START: Bhola | Month 04 | EVI
2026-02-08 21:34:11,580 [DEBUG] FAILED: Brahamanbaria | 03 | LST | Invalid format specifier '.4f if result['value'] else 'NULL'' for object of type 'float'
2026-02-08 21:34:11,580 [DEBUG] START: Brahamanbaria | Month 04 | EVI
2026-02-08 21:34:11,946 [DEBUG] RETRY 2/3: Bandarban | 04 | EVI | Invalid format specifier '.4f if result['value'] e | Delay: 1.5s
2026-02-08 21:34:11,961 [DEBUG] FAILED: Chandpur | 04 | EVI | Invalid format specifier '.4f if result['value'] else 'NULL'' for object of type 'float'
2026-02-08 21:34:11,961 [DEBUG] START: Chandpur | Month 04 | LAI
2026-02-08 21:34:11,971 [DEBUG] RETRY 1/3: Jhalokati | 04 | LAI | Invalid format specifier '.4f if result['value'] e | Delay: 1.0s
2026-02-08 21:34:12,001 [DEBUG] RETRY 1/3: Barisal | 04 | EVI | Invalid format specifier '.4f if result['value'] e | Delay: 1.0s
2026-02-08 21:34:12,159 [DEBUG] RETRY 1/3: Bhola | 04 | EVI | Invalid format specifier '.4f if result['value'] e | Delay: 1.0s
2026-02-08 21:34:13,246 [DEBUG] FAILED: Patuakhali | 04 | EVI | Invalid format specifier '.4f if result['value'] else 'NULL'' for object of type 'float'
2026-02-08 21:34:13,247 [DEBUG] START: Patuakhali | Month 04 | LAI
2026-02-08 21:34:13,273 [DEBUG] RETRY 1/3: Brahamanbaria | 04 | EVI | Invalid format specifier '.4f if result['value'] e | Delay: 1.0s
2026-02-08 21:34:13,503 [DEBUG] RETRY 1/3: Chandpur | 04 | LAI | Invalid format specifier '.4f if result['value'] e | Delay: 1.0s
2026-02-08 21:34:13,742 [DEBUG] RETRY 2/3: Jhalokati | 04 | LAI | Invalid format specifier '.4f if result['value'] e | Delay: 1.5s
2026-02-08 21:34:13,791 [DEBUG] RETRY 2/3: Barisal | 04 | EVI | Invalid format specifier '.4f if result['value'] e | Delay: 1.5s
2026-02-08 21:34:14,006 [DEBUG] FAILED: Pirojpur | 04 | EVI | Invalid format specifier '.4f if result['value'] else 'NULL'' for object of type 'float'
2026-02-08 21:34:14,007 [DEBUG] START: Pirojpur | Month 04 | LAI
2026-02-08 21:34:14,013 [DEBUG] RETRY 2/3: Bhola | 04 | EVI | Invalid format specifier '.4f if result['value'] e | Delay: 1.5s
2026-02-08 21:34:14,060 [DEBUG] RETRY 1/3: Patuakhali | 04 | LAI | Invalid format specifier '.4f if result['value'] e | Delay: 1.0s
2026-02-08 21:34:14,379 [DEBUG] FAILED: Bandarban | 04 | EVI | Invalid format specifier '.4f if result['value'] else 'NULL'' for object of type 'float'
2026-02-08 21:34:14,379 [DEBUG] START: Bandarban | Month 04 | LAI
2026-02-08 21:34:15,142 [DEBUG] RETRY 1/3: Pirojpur | 04 | LAI | Invalid format specifier '.4f if result['value'] e | Delay: 1.0s
2026-02-08 21:34:15,242 [DEBUG] RETRY 1/3: Bandarban | 04 | LAI | Invalid format specifier '.4f if result['value'] e | Delay: 1.0s
2026-02-08 21:34:15,394 [DEBUG] RETRY 2/3: Chandpur | 04 | LAI | Invalid format specifier '.4f if result['value'] e | Delay: 1.5s
2026-02-08 21:34:15,927 [DEBUG] RETRY 2/3: Patuakhali | 04 | LAI | Invalid format specifier '.4f if result['value'] e | Delay: 1.5s
2026-02-08 21:34:15,985 [DEBUG] RETRY 2/3: Brahamanbaria | 04 | EVI | Invalid format specifier '.4f if result['value'] e | Delay: 1.5s
2026-02-08 21:34:16,012 [DEBUG] FAILED: Jhalokati | 04 | LAI | Invalid format specifier '.4f if result['value'] else 'NULL'' for object of type 'float'
2026-02-08 21:34:16,013 [DEBUG] START: Jhalokati | Month 04 | FPAR
2026-02-08 21:34:16,186 [DEBUG] FAILED: Barisal | 04 | EVI | Invalid format specifier '.4f if result['value'] else 'NULL'' for object of type 'float'
2026-02-08 21:34:16,187 [DEBUG] START: Barisal | Month 04 | LAI
2026-02-08 21:34:16,946 [DEBUG] RETRY 1/3: Jhalokati | 04 | FPAR | Invalid format specifier '.4f if result['value'] e | Delay: 1.0s
2026-02-08 21:34:16,947 [DEBUG] RETRY 2/3: Pirojpur | 04 | LAI | Invalid format specifier '.4f if result['value'] e | Delay: 1.5s
2026-02-08 21:34:17,033 [DEBUG] RETRY 2/3: Bandarban | 04 | LAI | Invalid format specifier '.4f if result['value'] e | Delay: 1.5s
2026-02-08 21:34:17,161 [DEBUG] FAILED: Bhola | 04 | EVI | Invalid format specifier '.4f if result['value'] else 'NULL'' for object of type 'float'
2026-02-08 21:34:17,161 [DEBUG] START: Bhola | Month 04 | LAI
2026-02-08 21:34:17,835 [DEBUG] RETRY 1/3: Barisal | 04 | LAI | Invalid format specifier '.4f if result['value'] e | Delay: 1.0s
2026-02-08 21:34:17,848 [DEBUG] FAILED: Chandpur | 04 | LAI | Invalid format specifier '.4f if result['value'] else 'NULL'' for object of type 'float'
2026-02-08 21:34:17,848 [DEBUG] START: Chandpur | Month 04 | FPAR
2026-02-08 21:34:17,877 [DEBUG] RETRY 1/3: Bhola | 04 | LAI | Invalid format specifier '.4f if result['value'] e | Delay: 1.0s
2026-02-08 21:34:18,290 [DEBUG] FAILED: Brahamanbaria | 04 | EVI | Invalid format specifier '.4f if result['value'] else 'NULL'' for object of type 'float'
2026-02-08 21:34:18,291 [DEBUG] START: Brahamanbaria | Month 04 | LAI
2026-02-08 21:34:18,344 [DEBUG] FAILED: Patuakhali | 04 | LAI | Invalid format specifier '.4f if result['value'] else 'NULL'' for object of type 'float'
2026-02-08 21:34:18,345 [DEBUG] START: Patuakhali | Month 04 | FPAR
2026-02-08 21:34:18,544 [DEBUG] RETRY 1/3: Chandpur | 04 | FPAR | Invalid format specifier '.4f if result['value'] e | Delay: 1.0s
2026-02-08 21:34:18,714 [DEBUG] RETRY 2/3: Jhalokati | 04 | FPAR | Invalid format specifier '.4f if result['value'] e | Delay: 1.5s
2026-02-08 21:34:19,015 [DEBUG] RETRY 1/3: Brahamanbaria | 04 | LAI | Invalid format specifier '.4f if result['value'] e | Delay: 1.0s
2026-02-08 21:34:19,175 [DEBUG] FAILED: Pirojpur | 04 | LAI | Invalid format specifier '.4f if result['value'] else 'NULL'' for object of type 'float'
2026-02-08 21:34:19,175 [DEBUG] START: Pirojpur | Month 04 | FPAR
2026-02-08 21:34:19,269 [DEBUG] RETRY 1/3: Patuakhali | 04 | FPAR | Invalid format specifier '.4f if result['value'] e | Delay: 1.0s
2026-02-08 21:34:19,678 [DEBUG] RETRY 2/3: Bhola | 04 | LAI | Invalid format specifier '.4f if result['value'] e | Delay: 1.5s
2026-02-08 21:34:19,929 [DEBUG] RETRY 1/3: Pirojpur | 04 | FPAR | Invalid format specifier '.4f if result['value'] e | Delay: 1.0s
2026-02-08 21:34:20,329 [DEBUG] RETRY 2/3: Chandpur | 04 | FPAR | Invalid format specifier '.4f if result['value'] e | Delay: 1.5s
2026-02-08 21:34:20,577 [DEBUG] RETRY 2/3: Barisal | 04 | LAI | Invalid format specifier '.4f if result['value'] e | Delay: 1.5s
2026-02-08 21:34:20,744 [DEBUG] FAILED: Bandarban | 04 | LAI | Invalid format specifier '.4f if result['value'] else 'NULL'' for object of type 'float'
2026-02-08 21:34:20,744 [DEBUG] START: Bandarban | Month 04 | FPAR
2026-02-08 21:34:20,824 [DEBUG] RETRY 2/3: Brahamanbaria | 04 | LAI | Invalid format specifier '.4f if result['value'] e | Delay: 1.5s
2026-02-08 21:34:21,144 [DEBUG] RETRY 2/3: Patuakhali | 04 | FPAR | Invalid format specifier '.4f if result['value'] e | Delay: 1.5s
2026-02-08 21:34:21,568 [DEBUG] RETRY 1/3: Bandarban | 04 | FPAR | Invalid format specifier '.4f if result['value'] e | Delay: 1.0s
2026-02-08 21:34:21,762 [DEBUG] RETRY 2/3: Pirojpur | 04 | FPAR | Invalid format specifier '.4f if result['value'] e | Delay: 1.5s
2026-02-08 21:34:21,913 [DEBUG] FAILED: Bhola | 04 | LAI | Invalid format specifier '.4f if result['value'] else 'NULL'' for object of type 'float'
2026-02-08 21:34:21,913 [DEBUG] START: Bhola | Month 04 | FPAR
2026-02-08 21:34:22,071 [DEBUG] FAILED: Jhalokati | 04 | FPAR | Invalid format specifier '.4f if result['value'] else 'NULL'' for object of type 'float'
2026-02-08 21:34:22,071 [DEBUG] START: Jhalokati | Month 04 | SOIL_MOISTURE
2026-02-08 21:34:22,602 [DEBUG] RETRY 1/3: Bhola | 04 | FPAR | Invalid format specifier '.4f if result['value'] e | Delay: 1.0s
2026-02-08 21:34:22,897 [DEBUG] FAILED: Chandpur | 04 | FPAR | Invalid format specifier '.4f if result['value'] else 'NULL'' for object of type 'float'
2026-02-08 21:34:22,897 [DEBUG] START: Chandpur | Month 04 | SOIL_MOISTURE
2026-02-08 21:34:23,309 [DEBUG] RETRY 2/3: Bandarban | 04 | FPAR | Invalid format specifier '.4f if result['value'] e | Delay: 1.5s
2026-02-08 21:34:23,336 [DEBUG] FAILED: Brahamanbaria | 04 | LAI | Invalid format specifier '.4f if result['value'] else 'NULL'' for object of type 'float'
2026-02-08 21:34:23,337 [DEBUG] START: Brahamanbaria | Month 04 | FPAR
2026-02-08 21:34:23,448 [DEBUG] FAILED: Barisal | 04 | LAI | Invalid format specifier '.4f if result['value'] else 'NULL'' for object of type 'float'
2026-02-08 21:34:23,449 [DEBUG] START: Barisal | Month 04 | FPAR
2026-02-08 21:34:23,594 [DEBUG] FAILED: Patuakhali | 04 | FPAR | Invalid format specifier '.4f if result['value'] else 'NULL'' for object of type 'float'
2026-02-08 21:34:23,594 [DEBUG] START: Patuakhali | Month 04 | SOIL_MOISTURE
2026-02-08 21:34:24,024 [DEBUG] RETRY 1/3: Brahamanbaria | 04 | FPAR | Invalid format specifier '.4f if result['value'] e | Delay: 1.0s
2026-02-08 21:34:24,203 [DEBUG] RETRY 1/3: Jhalokati | 04 | SOIL_MOISTURE | Invalid format specifier '.4f if result['value'] e | Delay: 1.0s
2026-02-08 21:34:24,260 [DEBUG] RETRY 1/3: Barisal | 04 | FPAR | Invalid format specifier '.4f if result['value'] e | Delay: 1.0s
2026-02-08 21:34:24,813 [DEBUG] FAILED: Pirojpur | 04 | FPAR | Invalid format specifier '.4f if result['value'] else 'NULL'' for object of type 'float'
2026-02-08 21:34:24,813 [DEBUG] START: Pirojpur | Month 04 | SOIL_MOISTURE
2026-02-08 21:34:25,177 [DEBUG] RETRY 2/3: Bhola | 04 | FPAR | Invalid format specifier '.4f if result['value'] e | Delay: 1.5s
2026-02-08 21:34:25,424 [DEBUG] RETRY 1/3: Chandpur | 04 | SOIL_MOISTURE | Invalid format specifier '.4f if result['value'] e | Delay: 1.0s
2026-02-08 21:34:25,685 [DEBUG] FAILED: Bandarban | 04 | FPAR | Invalid format specifier '.4f if result['value'] else 'NULL'' for object of type 'float'
2026-02-08 21:34:25,686 [DEBUG] START: Bandarban | Month 04 | SOIL_MOISTURE
2026-02-08 21:34:25,933 [DEBUG] RETRY 1/3: Patuakhali | 04 | SOIL_MOISTURE | Invalid format specifier '.4f if result['value'] e | Delay: 1.0s
2026-02-08 21:34:26,646 [DEBUG] RETRY 2/3: Brahamanbaria | 04 | FPAR | Invalid format specifier '.4f if result['value'] e | Delay: 1.5s
2026-02-08 21:34:26,702 [DEBUG] RETRY 2/3: Barisal | 04 | FPAR | Invalid format specifier '.4f if result['value'] e | Delay: 1.5s
2026-02-08 21:34:27,608 [DEBUG] FAILED: Bhola | 04 | FPAR | Invalid format specifier '.4f if result['value'] else 'NULL'' for object of type 'float'
2026-02-08 21:34:27,609 [DEBUG] START: Bhola | Month 04 | SOIL_MOISTURE
2026-02-08 21:34:28,459 [DEBUG] RETRY 2/3: Jhalokati | 04 | SOIL_MOISTURE | Invalid format specifier '.4f if result['value'] e | Delay: 1.5s
2026-02-08 21:34:28,951 [DEBUG] FAILED: Brahamanbaria | 04 | FPAR | Invalid format specifier '.4f if result['value'] else 'NULL'' for object of type 'float'
2026-02-08 21:34:28,951 [DEBUG] START: Brahamanbaria | Month 04 | SOIL_MOISTURE
2026-02-08 21:34:29,105 [DEBUG] FAILED: Barisal | 04 | FPAR | Invalid format specifier '.4f if result['value'] else 'NULL'' for object of type 'float'
2026-02-08 21:34:29,105 [DEBUG] START: Barisal | Month 04 | SOIL_MOISTURE
2026-02-08 21:34:29,919 [DEBUG] RETRY 2/3: Chandpur | 04 | SOIL_MOISTURE | Invalid format specifier '.4f if result['value'] e | Delay: 1.5s
2026-02-08 21:34:29,930 [DEBUG] RETRY 1/3: Bandarban | 04 | SOIL_MOISTURE | Invalid format specifier '.4f if result['value'] e | Delay: 1.0s
2026-02-08 21:34:30,118 [DEBUG] RETRY 1/3: Pirojpur | 04 | SOIL_MOISTURE | Invalid format specifier '.4f if result['value'] e | Delay: 1.0s
2026-02-08 21:34:31,524 [DEBUG] RETRY 1/3: Brahamanbaria | 04 | SOIL_MOISTURE | Invalid format specifier '.4f if result['value'] e | Delay: 1.0s
2026-02-08 21:34:33,061 [DEBUG] RETRY 1/3: Bhola | 04 | SOIL_MOISTURE | Invalid format specifier '.4f if result['value'] e | Delay: 1.0s
2026-02-08 21:34:33,132 [DEBUG] RETRY 2/3: Patuakhali | 04 | SOIL_MOISTURE | Invalid format specifier '.4f if result['value'] e | Delay: 1.5s
2026-02-08 21:34:33,699 [DEBUG] RETRY 1/3: Barisal | 04 | SOIL_MOISTURE | Invalid format specifier '.4f if result['value'] e | Delay: 1.0s
2026-02-08 21:34:33,795 [DEBUG] FAILED: Jhalokati | 04 | SOIL_MOISTURE | Invalid format specifier '.4f if result['value'] else 'NULL'' for object of type 'float'
2026-02-08 21:34:33,795 [DEBUG] START: Jhalokati | Month 04 | LST
2026-02-08 21:34:34,163 [DEBUG] RETRY 2/3: Pirojpur | 04 | SOIL_MOISTURE | Invalid format specifier '.4f if result['value'] e | Delay: 1.5s
2026-02-08 21:34:34,589 [DEBUG] RETRY 1/3: Jhalokati | 04 | LST | Invalid format specifier '.4f if result['value'] e | Delay: 1.0s
2026-02-08 21:34:35,181 [DEBUG] FAILED: Chandpur | 04 | SOIL_MOISTURE | Invalid format specifier '.4f if result['value'] else 'NULL'' for object of type 'float'
2026-02-08 21:34:35,181 [DEBUG] START: Chandpur | Month 04 | LST
2026-02-08 21:34:35,358 [DEBUG] RETRY 2/3: Bandarban | 04 | SOIL_MOISTURE | Invalid format specifier '.4f if result['value'] e | Delay: 1.5s
2026-02-08 21:34:36,661 [DEBUG] RETRY 1/3: Chandpur | 04 | LST | Invalid format specifier '.4f if result['value'] e | Delay: 1.0s
2026-02-08 21:34:37,121 [DEBUG] RETRY 2/3: Jhalokati | 04 | LST | Invalid format specifier '.4f if result['value'] e | Delay: 1.5s
2026-02-08 21:34:37,292 [DEBUG] RETRY 2/3: Brahamanbaria | 04 | SOIL_MOISTURE | Invalid format specifier '.4f if result['value'] e | Delay: 1.5s
2026-02-08 21:34:38,235 [DEBUG] FAILED: Patuakhali | 04 | SOIL_MOISTURE | Invalid format specifier '.4f if result['value'] else 'NULL'' for object of type 'float'
2026-02-08 21:34:38,235 [DEBUG] START: Patuakhali | Month 04 | LST
2026-02-08 21:34:38,558 [DEBUG] RETRY 2/3: Bhola | 04 | SOIL_MOISTURE | Invalid format specifier '.4f if result['value'] e | Delay: 1.5s
2026-02-08 21:34:38,575 [DEBUG] RETRY 2/3: Chandpur | 04 | LST | Invalid format specifier '.4f if result['value'] e | Delay: 1.5s
2026-02-08 21:34:39,356 [DEBUG] FAILED: Jhalokati | 04 | LST | Invalid format specifier '.4f if result['value'] else 'NULL'' for object of type 'float'
2026-02-08 21:34:39,357 [DEBUG] START: Jhalokati | Month 05 | EVI
2026-02-08 21:34:39,439 [DEBUG] RETRY 1/3: Patuakhali | 04 | LST | Invalid format specifier '.4f if result['value'] e | Delay: 1.0s
2026-02-08 21:34:39,518 [DEBUG] RETRY 2/3: Barisal | 04 | SOIL_MOISTURE | Invalid format specifier '.4f if result['value'] e | Delay: 1.5s
2026-02-08 21:34:40,129 [DEBUG] RETRY 1/3: Jhalokati | 05 | EVI | Invalid format specifier '.4f if result['value'] e | Delay: 1.0s
2026-02-08 21:34:41,247 [DEBUG] FAILED: Chandpur | 04 | LST | Invalid format specifier '.4f if result['value'] else 'NULL'' for object of type 'float'
2026-02-08 21:34:41,247 [DEBUG] START: Chandpur | Month 05 | EVI
2026-02-08 21:34:41,395 [DEBUG] FAILED: Bandarban | 04 | SOIL_MOISTURE | Invalid format specifier '.4f if result['value'] else 'NULL'' for object of type 'float'
2026-02-08 21:34:41,396 [DEBUG] START: Bandarban | Month 04 | LST
2026-02-08 21:34:41,829 [DEBUG] FAILED: Pirojpur | 04 | SOIL_MOISTURE | Invalid format specifier '.4f if result['value'] else 'NULL'' for object of type 'float'
2026-02-08 21:34:41,830 [DEBUG] START: Pirojpur | Month 04 | LST
2026-02-08 21:34:41,968 [DEBUG] RETRY 2/3: Jhalokati | 05 | EVI | Invalid format specifier '.4f if result['value'] e | Delay: 1.5s
2026-02-08 21:34:42,063 [DEBUG] RETRY 1/3: Chandpur | 05 | EVI | Invalid format specifier '.4f if result['value'] e | Delay: 1.0s
2026-02-08 21:34:42,127 [DEBUG] RETRY 2/3: Patuakhali | 04 | LST | Invalid format specifier '.4f if result['value'] e | Delay: 1.5s
2026-02-08 21:34:42,223 [DEBUG] RETRY 1/3: Bandarban | 04 | LST | Invalid format specifier '.4f if result['value'] e | Delay: 1.0s
2026-02-08 21:34:42,674 [DEBUG] RETRY 1/3: Pirojpur | 04 | LST | Invalid format specifier '.4f if result['value'] e | Delay: 1.0s
2026-02-08 21:34:43,558 [DEBUG] FAILED: Brahamanbaria | 04 | SOIL_MOISTURE | Invalid format specifier '.4f if result['value'] else 'NULL'' for object of type 'float'
2026-02-08 21:34:43,558 [DEBUG] START: Brahamanbaria | Month 04 | LST
2026-02-08 21:34:44,031 [DEBUG] RETRY 2/3: Chandpur | 05 | EVI | Invalid format specifier '.4f if result['value'] e | Delay: 1.5s
2026-02-08 21:34:44,204 [DEBUG] RETRY 2/3: Bandarban | 04 | LST | Invalid format specifier '.4f if result['value'] e | Delay: 1.5s
2026-02-08 21:34:44,237 [DEBUG] FAILED: Barisal | 04 | SOIL_MOISTURE | Invalid format specifier '.4f if result['value'] else 'NULL'' for object of type 'float'
2026-02-08 21:34:44,237 [DEBUG] START: Barisal | Month 04 | LST
2026-02-08 21:34:44,359 [DEBUG] RETRY 1/3: Brahamanbaria | 04 | LST | Invalid format specifier '.4f if result['value'] e | Delay: 1.0s
2026-02-08 21:34:44,425 [DEBUG] RETRY 2/3: Pirojpur | 04 | LST | Invalid format specifier '.4f if result['value'] e | Delay: 1.5s
2026-02-08 21:34:44,653 [DEBUG] FAILED: Patuakhali | 04 | LST | Invalid format specifier '.4f if result['value'] else 'NULL'' for object of type 'float'
2026-02-08 21:34:44,653 [DEBUG] START: Patuakhali | Month 05 | EVI
2026-02-08 21:34:44,668 [DEBUG] FAILED: Bhola | 04 | SOIL_MOISTURE | Invalid format specifier '.4f if result['value'] else 'NULL'' for object of type 'float'
2026-02-08 21:34:44,669 [DEBUG] START: Bhola | Month 04 | LST
2026-02-08 21:34:44,979 [DEBUG] FAILED: Jhalokati | 05 | EVI | Invalid format specifier '.4f if result['value'] else 'NULL'' for object of type 'float'
2026-02-08 21:34:44,979 [DEBUG] START: Jhalokati | Month 05 | LAI
2026-02-08 21:34:45,086 [DEBUG] RETRY 1/3: Barisal | 04 | LST | Invalid format specifier '.4f if result['value'] e | Delay: 1.0s
2026-02-08 21:34:45,596 [DEBUG] RETRY 1/3: Bhola | 04 | LST | Invalid format specifier '.4f if result['value'] e | Delay: 1.0s
2026-02-08 21:34:45,802 [DEBUG] RETRY 1/3: Jhalokati | 05 | LAI | Invalid format specifier '.4f if result['value'] e | Delay: 1.0s
2026-02-08 21:34:46,187 [DEBUG] RETRY 2/3: Brahamanbaria | 04 | LST | Invalid format specifier '.4f if result['value'] e | Delay: 1.5s
2026-02-08 21:34:46,329 [DEBUG] RETRY 1/3: Patuakhali | 05 | EVI | Invalid format specifier '.4f if result['value'] e | Delay: 1.0s
2026-02-08 21:34:46,434 [DEBUG] FAILED: Chandpur | 05 | EVI | Invalid format specifier '.4f if result['value'] else 'NULL'' for object of type 'float'
2026-02-08 21:34:46,435 [DEBUG] START: Chandpur | Month 05 | LAI
2026-02-08 21:34:46,857 [DEBUG] FAILED: Bandarban | 04 | LST | Invalid format specifier '.4f if result['value'] else 'NULL'' for object of type 'float'
2026-02-08 21:34:46,857 [DEBUG] START: Bandarban | Month 05 | EVI
2026-02-08 21:34:46,886 [DEBUG] FAILED: Pirojpur | 04 | LST | Invalid format specifier '.4f if result['value'] else 'NULL'' for object of type 'float'
2026-02-08 21:34:46,886 [DEBUG] START: Pirojpur | Month 05 | EVI
2026-02-08 21:34:47,146 [DEBUG] RETRY 2/3: Barisal | 04 | LST | Invalid format specifier '.4f if result['value'] e | Delay: 1.5s
2026-02-08 21:34:47,147 [DEBUG] RETRY 1/3: Chandpur | 05 | LAI | Invalid format specifier '.4f if result['value'] e | Delay: 1.0s
2026-02-08 21:34:47,421 [DEBUG] RETRY 2/3: Bhola | 04 | LST | Invalid format specifier '.4f if result['value'] e | Delay: 1.5s
2026-02-08 21:34:47,657 [DEBUG] RETRY 1/3: Bandarban | 05 | EVI | Invalid format specifier '.4f if result['value'] e | Delay: 1.0s
2026-02-08 21:34:47,710 [DEBUG] RETRY 1/3: Pirojpur | 05 | EVI | Invalid format specifier '.4f if result['value'] e | Delay: 1.0s
2026-02-08 21:34:47,823 [DEBUG] RETRY 2/3: Jhalokati | 05 | LAI | Invalid format specifier '.4f if result['value'] e | Delay: 1.5s
2026-02-08 21:34:48,210 [DEBUG] RETRY 2/3: Patuakhali | 05 | EVI | Invalid format specifier '.4f if result['value'] e | Delay: 1.5s
2026-02-08 21:34:48,560 [DEBUG] FAILED: Brahamanbaria | 04 | LST | Invalid format specifier '.4f if result['value'] else 'NULL'' for object of type 'float'
2026-02-08 21:34:48,561 [DEBUG] START: Brahamanbaria | Month 05 | EVI
2026-02-08 21:34:49,036 [DEBUG] RETRY 2/3: Chandpur | 05 | LAI | Invalid format specifier '.4f if result['value'] e | Delay: 1.5s
2026-02-08 21:34:49,369 [DEBUG] RETRY 2/3: Bandarban | 05 | EVI | Invalid format specifier '.4f if result['value'] e | Delay: 1.5s
2026-02-08 21:34:49,412 [DEBUG] FAILED: Barisal | 04 | LST | Invalid format specifier '.4f if result['value'] else 'NULL'' for object of type 'float'
2026-02-08 21:34:49,412 [DEBUG] START: Barisal | Month 05 | EVI
2026-02-08 21:34:49,435 [DEBUG] RETRY 1/3: Brahamanbaria | 05 | EVI | Invalid format specifier '.4f if result['value'] e | Delay: 1.0s
2026-02-08 21:34:49,562 [DEBUG] RETRY 2/3: Pirojpur | 05 | EVI | Invalid format specifier '.4f if result['value'] e | Delay: 1.5s
2026-02-08 21:34:49,688 [DEBUG] FAILED: Bhola | 04 | LST | Invalid format specifier '.4f if result['value'] else 'NULL'' for object of type 'float'
2026-02-08 21:34:49,689 [DEBUG] START: Bhola | Month 05 | EVI
2026-02-08 21:34:50,256 [DEBUG] RETRY 1/3: Barisal | 05 | EVI | Invalid format specifier '.4f if result['value'] e | Delay: 1.0s
2026-02-08 21:34:50,257 [DEBUG] FAILED: Jhalokati | 05 | LAI | Invalid format specifier '.4f if result['value'] else 'NULL'' for object of type 'float'
2026-02-08 21:34:50,257 [DEBUG] START: Jhalokati | Month 05 | FPAR
2026-02-08 21:34:50,404 [DEBUG] RETRY 1/3: Bhola | 05 | EVI | Invalid format specifier '.4f if result['value'] e | Delay: 1.0s
2026-02-08 21:34:50,728 [DEBUG] FAILED: Patuakhali | 05 | EVI | Invalid format specifier '.4f if result['value'] else 'NULL'' for object of type 'float'
2026-02-08 21:34:50,729 [DEBUG] START: Patuakhali | Month 05 | LAI
2026-02-08 21:34:51,020 [DEBUG] RETRY 1/3: Jhalokati | 05 | FPAR | Invalid format specifier '.4f if result['value'] e | Delay: 1.0s
2026-02-08 21:34:51,237 [DEBUG] RETRY 2/3: Brahamanbaria | 05 | EVI | Invalid format specifier '.4f if result['value'] e | Delay: 1.5s
2026-02-08 21:34:51,376 [DEBUG] FAILED: Chandpur | 05 | LAI | Invalid format specifier '.4f if result['value'] else 'NULL'' for object of type 'float'
2026-02-08 21:34:51,377 [DEBUG] START: Chandpur | Month 05 | FPAR
2026-02-08 21:34:51,556 [DEBUG] RETRY 1/3: Patuakhali | 05 | LAI | Invalid format specifier '.4f if result['value'] e | Delay: 1.0s
2026-02-08 21:34:51,808 [DEBUG] FAILED: Pirojpur | 05 | EVI | Invalid format specifier '.4f if result['value'] else 'NULL'' for object of type 'float'
2026-02-08 21:34:51,808 [DEBUG] START: Pirojpur | Month 05 | LAI
2026-02-08 21:34:52,143 [DEBUG] RETRY 2/3: Barisal | 05 | EVI | Invalid format specifier '.4f if result['value'] e | Delay: 1.5s
2026-02-08 21:34:52,180 [DEBUG] RETRY 1/3: Chandpur | 05 | FPAR | Invalid format specifier '.4f if result['value'] e | Delay: 1.0s
2026-02-08 21:34:52,234 [DEBUG] RETRY 2/3: Bhola | 05 | EVI | Invalid format specifier '.4f if result['value'] e | Delay: 1.5s
2026-02-08 21:34:52,404 [DEBUG] FAILED: Bandarban | 05 | EVI | Invalid format specifier '.4f if result['value'] else 'NULL'' for object of type 'float'
2026-02-08 21:34:52,404 [DEBUG] START: Bandarban | Month 05 | LAI
2026-02-08 21:34:52,621 [DEBUG] RETRY 1/3: Pirojpur | 05 | LAI | Invalid format specifier '.4f if result['value'] e | Delay: 1.0s
2026-02-08 21:34:52,777 [DEBUG] RETRY 2/3: Jhalokati | 05 | FPAR | Invalid format specifier '.4f if result['value'] e | Delay: 1.5s
2026-02-08 21:34:53,334 [DEBUG] RETRY 1/3: Bandarban | 05 | LAI | Invalid format specifier '.4f if result['value'] e | Delay: 1.0s
2026-02-08 21:34:53,422 [DEBUG] RETRY 2/3: Patuakhali | 05 | LAI | Invalid format specifier '.4f if result['value'] e | Delay: 1.5s
2026-02-08 21:34:53,460 [DEBUG] FAILED: Brahamanbaria | 05 | EVI | Invalid format specifier '.4f if result['value'] else 'NULL'' for object of type 'float'
2026-02-08 21:34:53,460 [DEBUG] START: Brahamanbaria | Month 05 | LAI
2026-02-08 21:34:54,011 [DEBUG] RETRY 2/3: Chandpur | 05 | FPAR | Invalid format specifier '.4f if result['value'] e | Delay: 1.5s
2026-02-08 21:34:54,230 [DEBUG] RETRY 1/3: Brahamanbaria | 05 | LAI | Invalid format specifier '.4f if result['value'] e | Delay: 1.0s
2026-02-08 21:34:54,546 [DEBUG] FAILED: Barisal | 05 | EVI | Invalid format specifier '.4f if result['value'] else 'NULL'' for object of type 'float'
2026-02-08 21:34:54,551 [DEBUG] RETRY 2/3: Pirojpur | 05 | LAI | Invalid format specifier '.4f if result['value'] e | Delay: 1.5s
2026-02-08 21:34:54,551 [DEBUG] START: Barisal | Month 05 | LAI
2026-02-08 21:34:55,163 [DEBUG] FAILED: Jhalokati | 05 | FPAR | Invalid format specifier '.4f if result['value'] else 'NULL'' for object of type 'float'
2026-02-08 21:34:55,163 [DEBUG] START: Jhalokati | Month 05 | SOIL_MOISTURE
2026-02-08 21:34:55,327 [DEBUG] FAILED: Bhola | 05 | EVI | Invalid format specifier '.4f if result['value'] else 'NULL'' for object of type 'float'
2026-02-08 21:34:55,327 [DEBUG] START: Bhola | Month 05 | LAI
2026-02-08 21:34:55,505 [DEBUG] RETRY 1/3: Barisal | 05 | LAI | Invalid format specifier '.4f if result['value'] e | Delay: 1.0s
2026-02-08 21:34:55,863 [DEBUG] FAILED: Patuakhali | 05 | LAI | Invalid format specifier '.4f if result['value'] else 'NULL'' for object of type 'float'
2026-02-08 21:34:55,863 [DEBUG] START: Patuakhali | Month 05 | FPAR
2026-02-08 21:34:56,040 [DEBUG] RETRY 2/3: Bandarban | 05 | LAI | Invalid format specifier '.4f if result['value'] e | Delay: 1.5s
2026-02-08 21:34:56,096 [DEBUG] RETRY 2/3: Brahamanbaria | 05 | LAI | Invalid format specifier '.4f if result['value'] e | Delay: 1.5s
2026-02-08 21:34:56,103 [DEBUG] RETRY 1/3: Bhola | 05 | LAI | Invalid format specifier '.4f if result['value'] e | Delay: 1.0s
2026-02-08 21:34:56,235 [DEBUG] FAILED: Chandpur | 05 | FPAR | Invalid format specifier '.4f if result['value'] else 'NULL'' for object of type 'float'
2026-02-08 21:34:56,235 [DEBUG] START: Chandpur | Month 05 | SOIL_MOISTURE
2026-02-08 21:34:56,622 [DEBUG] RETRY 1/3: Patuakhali | 05 | FPAR | Invalid format specifier '.4f if result['value'] e | Delay: 1.0s
2026-02-08 21:34:56,885 [DEBUG] FAILED: Pirojpur | 05 | LAI | Invalid format specifier '.4f if result['value'] else 'NULL'' for object of type 'float'
2026-02-08 21:34:56,886 [DEBUG] START: Pirojpur | Month 05 | FPAR
2026-02-08 21:34:57,304 [DEBUG] RETRY 2/3: Barisal | 05 | LAI | Invalid format specifier '.4f if result['value'] e | Delay: 1.5s
2026-02-08 21:34:57,795 [DEBUG] RETRY 1/3: Pirojpur | 05 | FPAR | Invalid format specifier '.4f if result['value'] e | Delay: 1.0s
2026-02-08 21:34:57,954 [DEBUG] RETRY 2/3: Bhola | 05 | LAI | Invalid format specifier '.4f if result['value'] e | Delay: 1.5s
2026-02-08 21:34:58,339 [DEBUG] FAILED: Brahamanbaria | 05 | LAI | Invalid format specifier '.4f if result['value'] else 'NULL'' for object of type 'float'
2026-02-08 21:34:58,340 [DEBUG] START: Brahamanbaria | Month 05 | FPAR
2026-02-08 21:34:58,429 [DEBUG] FAILED: Bandarban | 05 | LAI | Invalid format specifier '.4f if result['value'] else 'NULL'' for object of type 'float'
2026-02-08 21:34:58,429 [DEBUG] START: Bandarban | Month 05 | FPAR
2026-02-08 21:34:58,553 [DEBUG] RETRY 2/3: Patuakhali | 05 | FPAR | Invalid format specifier '.4f if result['value'] e | Delay: 1.5s
2026-02-08 21:34:59,029 [DEBUG] RETRY 1/3: Jhalokati | 05 | SOIL_MOISTURE | Invalid format specifier '.4f if result['value'] e | Delay: 1.0s
2026-02-08 21:34:59,176 [DEBUG] RETRY 1/3: Bandarban | 05 | FPAR | Invalid format specifier '.4f if result['value'] e | Delay: 1.0s
2026-02-08 21:34:59,226 [DEBUG] RETRY 1/3: Brahamanbaria | 05 | FPAR | Invalid format specifier '.4f if result['value'] e | Delay: 1.0s
2026-02-08 21:34:59,613 [DEBUG] FAILED: Barisal | 05 | LAI | Invalid format specifier '.4f if result['value'] else 'NULL'' for object of type 'float'
2026-02-08 21:34:59,613 [DEBUG] START: Barisal | Month 05 | FPAR
2026-02-08 21:35:00,274 [DEBUG] FAILED: Bhola | 05 | LAI | Invalid format specifier '.4f if result['value'] else 'NULL'' for object of type 'float'
2026-02-08 21:35:00,274 [DEBUG] START: Bhola | Month 05 | FPAR
2026-02-08 21:35:00,563 [DEBUG] RETRY 2/3: Pirojpur | 05 | FPAR | Invalid format specifier '.4f if result['value'] e | Delay: 1.5s
2026-02-08 21:35:00,925 [DEBUG] FAILED: Patuakhali | 05 | FPAR | Invalid format specifier '.4f if result['value'] else 'NULL'' for object of type 'float'
2026-02-08 21:35:00,925 [DEBUG] START: Patuakhali | Month 05 | SOIL_MOISTURE
2026-02-08 21:35:00,981 [DEBUG] RETRY 1/3: Chandpur | 05 | SOIL_MOISTURE | Invalid format specifier '.4f if result['value'] e | Delay: 1.0s
2026-02-08 21:35:01,022 [DEBUG] RETRY 2/3: Bandarban | 05 | FPAR | Invalid format specifier '.4f if result['value'] e | Delay: 1.5s
2026-02-08 21:35:01,039 [DEBUG] RETRY 1/3: Bhola | 05 | FPAR | Invalid format specifier '.4f if result['value'] e | Delay: 1.0s
2026-02-08 21:35:01,103 [DEBUG] RETRY 2/3: Brahamanbaria | 05 | FPAR | Invalid format specifier '.4f if result['value'] e | Delay: 1.5s
2026-02-08 21:35:01,496 [DEBUG] RETRY 1/3: Barisal | 05 | FPAR | Invalid format specifier '.4f if result['value'] e | Delay: 1.0s
2026-02-08 21:35:02,676 [DEBUG] RETRY 2/3: Jhalokati | 05 | SOIL_MOISTURE | Invalid format specifier '.4f if result['value'] e | Delay: 1.5s
2026-02-08 21:35:02,756 [DEBUG] RETRY 2/3: Bhola | 05 | FPAR | Invalid format specifier '.4f if result['value'] e | Delay: 1.5s
2026-02-08 21:35:03,029 [DEBUG] FAILED: Pirojpur | 05 | FPAR | Invalid format specifier '.4f if result['value'] else 'NULL'' for object of type 'float'
2026-02-08 21:35:03,029 [DEBUG] START: Pirojpur | Month 05 | SOIL_MOISTURE
2026-02-08 21:35:03,248 [DEBUG] RETRY 2/3: Barisal | 05 | FPAR | Invalid format specifier '.4f if result['value'] e | Delay: 1.5s
2026-02-08 21:35:03,333 [DEBUG] FAILED: Bandarban | 05 | FPAR | Invalid format specifier '.4f if result['value'] else 'NULL'' for object of type 'float'
2026-02-08 21:35:03,333 [DEBUG] START: Bandarban | Month 05 | SOIL_MOISTURE
2026-02-08 21:35:04,150 [DEBUG] FAILED: Brahamanbaria | 05 | FPAR | Invalid format specifier '.4f if result['value'] else 'NULL'' for object of type 'float'
2026-02-08 21:35:04,150 [DEBUG] START: Brahamanbaria | Month 05 | SOIL_MOISTURE
2026-02-08 21:35:05,074 [DEBUG] FAILED: Bhola | 05 | FPAR | Invalid format specifier '.4f if result['value'] else 'NULL'' for object of type 'float'
2026-02-08 21:35:05,075 [DEBUG] START: Bhola | Month 05 | SOIL_MOISTURE
2026-02-08 21:35:05,543 [DEBUG] FAILED: Barisal | 05 | FPAR | Invalid format specifier '.4f if result['value'] else 'NULL'' for object of type 'float'
2026-02-08 21:35:05,544 [DEBUG] START: Barisal | Month 05 | SOIL_MOISTURE
2026-02-08 21:35:05,645 [DEBUG] RETRY 1/3: Bandarban | 05 | SOIL_MOISTURE | Invalid format specifier '.4f if result['value'] e | Delay: 1.0s
2026-02-08 21:35:06,287 [DEBUG] RETRY 2/3: Chandpur | 05 | SOIL_MOISTURE | Invalid format specifier '.4f if result['value'] e | Delay: 1.5s
2026-02-08 21:35:07,261 [DEBUG] RETRY 1/3: Pirojpur | 05 | SOIL_MOISTURE | Invalid format specifier '.4f if result['value'] e | Delay: 1.0s
2026-02-08 21:35:08,159 [DEBUG] FAILED: Jhalokati | 05 | SOIL_MOISTURE | Invalid format specifier '.4f if result['value'] else 'NULL'' for object of type 'float'
2026-02-08 21:35:08,159 [DEBUG] START: Jhalokati | Month 05 | LST
2026-02-08 21:35:08,232 [DEBUG] RETRY 1/3: Brahamanbaria | 05 | SOIL_MOISTURE | Invalid format specifier '.4f if result['value'] e | Delay: 1.0s
2026-02-08 21:35:08,614 [DEBUG] RETRY 1/3: Barisal | 05 | SOIL_MOISTURE | Invalid format specifier '.4f if result['value'] e | Delay: 1.0s
2026-02-08 21:35:08,652 [DEBUG] RETRY 1/3: Bhola | 05 | SOIL_MOISTURE | Invalid format specifier '.4f if result['value'] e | Delay: 1.0s
2026-02-08 21:35:09,030 [DEBUG] RETRY 1/3: Jhalokati | 05 | LST | Invalid format specifier '.4f if result['value'] e | Delay: 1.0s
2026-02-08 21:35:09,817 [DEBUG] RETRY 2/3: Bandarban | 05 | SOIL_MOISTURE | Invalid format specifier '.4f if result['value'] e | Delay: 1.5s
2026-02-08 21:35:10,708 [DEBUG] RETRY 1/3: Patuakhali | 05 | SOIL_MOISTURE | Invalid format specifier '.4f if result['value'] e | Delay: 1.0s
2026-02-08 21:35:10,762 [DEBUG] RETRY 2/3: Jhalokati | 05 | LST | Invalid format specifier '.4f if result['value'] e | Delay: 1.5s
2026-02-08 21:35:10,771 [DEBUG] RETRY 2/3: Pirojpur | 05 | SOIL_MOISTURE | Invalid format specifier '.4f if result['value'] e | Delay: 1.5s
2026-02-08 21:35:11,508 [DEBUG] FAILED: Chandpur | 05 | SOIL_MOISTURE | Invalid format specifier '.4f if result['value'] else 'NULL'' for object of type 'float'
2026-02-08 21:35:11,508 [DEBUG] START: Chandpur | Month 05 | LST
2026-02-08 21:35:12,267 [DEBUG] RETRY 1/3: Chandpur | 05 | LST | Invalid format specifier '.4f if result['value'] e | Delay: 1.0s
2026-02-08 21:35:12,988 [DEBUG] FAILED: Jhalokati | 05 | LST | Invalid format specifier '.4f if result['value'] else 'NULL'' for object of type 'float'
2026-02-08 21:35:12,989 [DEBUG] START: Jhalokati | Month 06 | EVI
2026-02-08 21:35:13,269 [DEBUG] RETRY 2/3: Brahamanbaria | 05 | SOIL_MOISTURE | Invalid format specifier '.4f if result['value'] e | Delay: 1.5s
2026-02-08 21:35:13,777 [DEBUG] RETRY 1/3: Jhalokati | 06 | EVI | Invalid format specifier '.4f if result['value'] e | Delay: 1.0s
2026-02-08 21:35:13,950 [DEBUG] RETRY 2/3: Bhola | 05 | SOIL_MOISTURE | Invalid format specifier '.4f if result['value'] e | Delay: 1.5s
2026-02-08 21:35:14,016 [DEBUG] RETRY 2/3: Chandpur | 05 | LST | Invalid format specifier '.4f if result['value'] e | Delay: 1.5s
2026-02-08 21:35:14,957 [DEBUG] RETRY 2/3: Patuakhali | 05 | SOIL_MOISTURE | Invalid format specifier '.4f if result['value'] e | Delay: 1.5s
2026-02-08 21:35:15,592 [DEBUG] RETRY 2/3: Jhalokati | 06 | EVI | Invalid format specifier '.4f if result['value'] e | Delay: 1.5s
2026-02-08 21:35:15,851 [DEBUG] RETRY 2/3: Barisal | 05 | SOIL_MOISTURE | Invalid format specifier '.4f if result['value'] e | Delay: 1.5s
2026-02-08 21:35:16,008 [DEBUG] FAILED: Pirojpur | 05 | SOIL_MOISTURE | Invalid format specifier '.4f if result['value'] else 'NULL'' for object of type 'float'
2026-02-08 21:35:16,011 [DEBUG] START: Pirojpur | Month 05 | LST
2026-02-08 21:35:16,167 [DEBUG] FAILED: Chandpur | 05 | LST | Invalid format specifier '.4f if result['value'] else 'NULL'' for object of type 'float'
2026-02-08 21:35:16,167 [DEBUG] START: Chandpur | Month 06 | EVI
2026-02-08 21:35:16,550 [DEBUG] FAILED: Bandarban | 05 | SOIL_MOISTURE | Invalid format specifier '.4f if result['value'] else 'NULL'' for object of type 'float'
2026-02-08 21:35:16,551 [DEBUG] START: Bandarban | Month 05 | LST
2026-02-08 21:35:16,821 [DEBUG] RETRY 1/3: Pirojpur | 05 | LST | Invalid format specifier '.4f if result['value'] e | Delay: 1.0s
2026-02-08 21:35:17,002 [DEBUG] RETRY 1/3: Chandpur | 06 | EVI | Invalid format specifier '.4f if result['value'] e | Delay: 1.0s
2026-02-08 21:35:17,319 [DEBUG] RETRY 1/3: Bandarban | 05 | LST | Invalid format specifier '.4f if result['value'] e | Delay: 1.0s
2026-02-08 21:35:17,928 [DEBUG] FAILED: Jhalokati | 06 | EVI | Invalid format specifier '.4f if result['value'] else 'NULL'' for object of type 'float'
2026-02-08 21:35:17,928 [DEBUG] START: Jhalokati | Month 06 | LAI
2026-02-08 21:35:18,506 [DEBUG] RETRY 2/3: Pirojpur | 05 | LST | Invalid format specifier '.4f if result['value'] e | Delay: 1.5s
2026-02-08 21:35:18,518 [DEBUG] FAILED: Bhola | 05 | SOIL_MOISTURE | Invalid format specifier '.4f if result['value'] else 'NULL'' for object of type 'float'
2026-02-08 21:35:18,518 [DEBUG] START: Bhola | Month 05 | LST
2026-02-08 21:35:18,674 [DEBUG] RETRY 1/3: Jhalokati | 06 | LAI | Invalid format specifier '.4f if result['value'] e | Delay: 1.0s
2026-02-08 21:35:18,750 [DEBUG] RETRY 2/3: Chandpur | 06 | EVI | Invalid format specifier '.4f if result['value'] e | Delay: 1.5s
2026-02-08 21:35:19,136 [DEBUG] RETRY 2/3: Bandarban | 05 | LST | Invalid format specifier '.4f if result['value'] e | Delay: 1.5s
2026-02-08 21:35:19,273 [DEBUG] FAILED: Brahamanbaria | 05 | SOIL_MOISTURE | Invalid format specifier '.4f if result['value'] else 'NULL'' for object of type 'float'
2026-02-08 21:35:19,273 [DEBUG] START: Brahamanbaria | Month 05 | LST
2026-02-08 21:35:19,294 [DEBUG] RETRY 1/3: Bhola | 05 | LST | Invalid format specifier '.4f if result['value'] e | Delay: 1.0s
2026-02-08 21:35:20,131 [DEBUG] RETRY 1/3: Brahamanbaria | 05 | LST | Invalid format specifier '.4f if result['value'] e | Delay: 1.0s
2026-02-08 21:35:20,390 [DEBUG] FAILED: Barisal | 05 | SOIL_MOISTURE | Invalid format specifier '.4f if result['value'] else 'NULL'' for object of type 'float'
2026-02-08 21:35:20,390 [DEBUG] START: Barisal | Month 05 | LST
2026-02-08 21:35:20,561 [DEBUG] RETRY 2/3: Jhalokati | 06 | LAI | Invalid format specifier '.4f if result['value'] e | Delay: 1.5s
2026-02-08 21:35:21,031 [DEBUG] FAILED: Chandpur | 06 | EVI | Invalid format specifier '.4f if result['value'] else 'NULL'' for object of type 'float'
2026-02-08 21:35:21,032 [DEBUG] START: Chandpur | Month 06 | LAI
2026-02-08 21:35:21,088 [DEBUG] RETRY 2/3: Bhola | 05 | LST | Invalid format specifier '.4f if result['value'] e | Delay: 1.5s
2026-02-08 21:35:21,343 [DEBUG] FAILED: Pirojpur | 05 | LST | Invalid format specifier '.4f if result['value'] else 'NULL'' for object of type 'float'
2026-02-08 21:35:21,343 [DEBUG] START: Pirojpur | Month 06 | EVI
2026-02-08 21:35:21,492 [DEBUG] FAILED: Bandarban | 05 | LST | Invalid format specifier '.4f if result['value'] else 'NULL'' for object of type 'float'
2026-02-08 21:35:21,492 [DEBUG] START: Bandarban | Month 06 | EVI
2026-02-08 21:35:21,624 [DEBUG] FAILED: Patuakhali | 05 | SOIL_MOISTURE | Invalid format specifier '.4f if result['value'] else 'NULL'' for object of type 'float'
2026-02-08 21:35:21,624 [DEBUG] START: Patuakhali | Month 05 | LST
2026-02-08 21:35:21,856 [DEBUG] RETRY 1/3: Chandpur | 06 | LAI | Invalid format specifier '.4f if result['value'] e | Delay: 1.0s
2026-02-08 21:35:21,885 [DEBUG] RETRY 1/3: Barisal | 05 | LST | Invalid format specifier '.4f if result['value'] e | Delay: 1.0s
2026-02-08 21:35:22,003 [DEBUG] RETRY 2/3: Brahamanbaria | 05 | LST | Invalid format specifier '.4f if result['value'] e | Delay: 1.5s
2026-02-08 21:35:22,117 [DEBUG] RETRY 1/3: Pirojpur | 06 | EVI | Invalid format specifier '.4f if result['value'] e | Delay: 1.0s
2026-02-08 21:35:22,325 [DEBUG] RETRY 1/3: Bandarban | 06 | EVI | Invalid format specifier '.4f if result['value'] e | Delay: 1.0s
2026-02-08 21:35:22,767 [DEBUG] FAILED: Jhalokati | 06 | LAI | Invalid format specifier '.4f if result['value'] else 'NULL'' for object of type 'float'
2026-02-08 21:35:22,767 [DEBUG] START: Jhalokati | Month 06 | FPAR
2026-02-08 21:35:22,897 [DEBUG] RETRY 1/3: Patuakhali | 05 | LST | Invalid format specifier '.4f if result['value'] e | Delay: 1.0s
2026-02-08 21:35:23,407 [DEBUG] FAILED: Bhola | 05 | LST | Invalid format specifier '.4f if result['value'] else 'NULL'' for object of type 'float'
2026-02-08 21:35:23,407 [DEBUG] START: Bhola | Month 06 | EVI
2026-02-08 21:35:23,559 [DEBUG] RETRY 2/3: Chandpur | 06 | LAI | Invalid format specifier '.4f if result['value'] e | Delay: 1.5s
2026-02-08 21:35:23,563 [DEBUG] RETRY 1/3: Jhalokati | 06 | FPAR | Invalid format specifier '.4f if result['value'] e | Delay: 1.0s
2026-02-08 21:35:23,803 [DEBUG] RETRY 2/3: Barisal | 05 | LST | Invalid format specifier '.4f if result['value'] e | Delay: 1.5s
2026-02-08 21:35:24,014 [DEBUG] RETRY 2/3: Pirojpur | 06 | EVI | Invalid format specifier '.4f if result['value'] e | Delay: 1.5s
2026-02-08 21:35:24,158 [DEBUG] RETRY 1/3: Bhola | 06 | EVI | Invalid format specifier '.4f if result['value'] e | Delay: 1.0s
2026-02-08 21:35:24,161 [DEBUG] RETRY 2/3: Bandarban | 06 | EVI | Invalid format specifier '.4f if result['value'] e | Delay: 1.5s
2026-02-08 21:35:24,284 [DEBUG] FAILED: Brahamanbaria | 05 | LST | Invalid format specifier '.4f if result['value'] else 'NULL'' for object of type 'float'
2026-02-08 21:35:24,284 [DEBUG] START: Brahamanbaria | Month 06 | EVI
2026-02-08 21:35:24,839 [DEBUG] RETRY 2/3: Patuakhali | 05 | LST | Invalid format specifier '.4f if result['value'] e | Delay: 1.5s
2026-02-08 21:35:25,192 [DEBUG] RETRY 1/3: Brahamanbaria | 06 | EVI | Invalid format specifier '.4f if result['value'] e | Delay: 1.0s
2026-02-08 21:35:25,305 [DEBUG] RETRY 2/3: Jhalokati | 06 | FPAR | Invalid format specifier '.4f if result['value'] e | Delay: 1.5s
2026-02-08 21:35:25,902 [DEBUG] RETRY 2/3: Bhola | 06 | EVI | Invalid format specifier '.4f if result['value'] e | Delay: 1.5s
2026-02-08 21:35:25,918 [DEBUG] FAILED: Chandpur | 06 | LAI | Invalid format specifier '.4f if result['value'] else 'NULL'' for object of type 'float'
2026-02-08 21:35:25,919 [DEBUG] START: Chandpur | Month 06 | FPAR
2026-02-08 21:35:26,281 [DEBUG] FAILED: Barisal | 05 | LST | Invalid format specifier '.4f if result['value'] else 'NULL'' for object of type 'float'
2026-02-08 21:35:26,281 [DEBUG] START: Barisal | Month 06 | EVI
2026-02-08 21:35:26,522 [DEBUG] FAILED: Pirojpur | 06 | EVI | Invalid format specifier '.4f if result['value'] else 'NULL'' for object of type 'float'
2026-02-08 21:35:26,522 [DEBUG] START: Pirojpur | Month 06 | LAI
2026-02-08 21:35:26,781 [DEBUG] FAILED: Bandarban | 06 | EVI | Invalid format specifier '.4f if result['value'] else 'NULL'' for object of type 'float'
2026-02-08 21:35:26,781 [DEBUG] START: Bandarban | Month 06 | LAI
2026-02-08 21:35:26,935 [DEBUG] RETRY 1/3: Chandpur | 06 | FPAR | Invalid format specifier '.4f if result['value'] e | Delay: 1.0s
2026-02-08 21:35:27,078 [DEBUG] RETRY 2/3: Brahamanbaria | 06 | EVI | Invalid format specifier '.4f if result['value'] e | Delay: 1.5s
2026-02-08 21:35:27,089 [DEBUG] RETRY 1/3: Barisal | 06 | EVI | Invalid format specifier '.4f if result['value'] e | Delay: 1.0s
2026-02-08 21:35:27,093 [DEBUG] FAILED: Patuakhali | 05 | LST | Invalid format specifier '.4f if result['value'] else 'NULL'' for object of type 'float'
2026-02-08 21:35:27,093 [DEBUG] START: Patuakhali | Month 06 | EVI
2026-02-08 21:35:27,267 [DEBUG] RETRY 1/3: Pirojpur | 06 | LAI | Invalid format specifier '.4f if result['value'] e | Delay: 1.0s
2026-02-08 21:35:27,508 [DEBUG] RETRY 1/3: Bandarban | 06 | LAI | Invalid format specifier '.4f if result['value'] e | Delay: 1.0s
2026-02-08 21:35:27,634 [DEBUG] FAILED: Jhalokati | 06 | FPAR | Invalid format specifier '.4f if result['value'] else 'NULL'' for object of type 'float'
2026-02-08 21:35:27,634 [DEBUG] START: Jhalokati | Month 06 | SOIL_MOISTURE
2026-02-08 21:35:28,180 [DEBUG] FAILED: Bhola | 06 | EVI | Invalid format specifier '.4f if result['value'] else 'NULL'' for object of type 'float'
2026-02-08 21:35:28,180 [DEBUG] START: Bhola | Month 06 | LAI
2026-02-08 21:35:28,636 [DEBUG] RETRY 1/3: Patuakhali | 06 | EVI | Invalid format specifier '.4f if result['value'] e | Delay: 1.0s
2026-02-08 21:35:28,780 [DEBUG] RETRY 2/3: Chandpur | 06 | FPAR | Invalid format specifier '.4f if result['value'] e | Delay: 1.5s
2026-02-08 21:35:28,898 [DEBUG] RETRY 2/3: Barisal | 06 | EVI | Invalid format specifier '.4f if result['value'] e | Delay: 1.5s
2026-02-08 21:35:29,048 [DEBUG] RETRY 1/3: Bhola | 06 | LAI | Invalid format specifier '.4f if result['value'] e | Delay: 1.0s
2026-02-08 21:35:29,076 [DEBUG] RETRY 2/3: Pirojpur | 06 | LAI | Invalid format specifier '.4f if result['value'] e | Delay: 1.5s
2026-02-08 21:35:29,436 [DEBUG] RETRY 2/3: Bandarban | 06 | LAI | Invalid format specifier '.4f if result['value'] e | Delay: 1.5s
2026-02-08 21:35:29,472 [DEBUG] FAILED: Brahamanbaria | 06 | EVI | Invalid format specifier '.4f if result['value'] else 'NULL'' for object of type 'float'
2026-02-08 21:35:29,473 [DEBUG] START: Brahamanbaria | Month 06 | LAI
2026-02-08 21:35:30,278 [DEBUG] RETRY 1/3: Brahamanbaria | 06 | LAI | Invalid format specifier '.4f if result['value'] e | Delay: 1.0s
2026-02-08 21:35:30,461 [DEBUG] RETRY 2/3: Patuakhali | 06 | EVI | Invalid format specifier '.4f if result['value'] e | Delay: 1.5s
2026-02-08 21:35:30,743 [DEBUG] RETRY 1/3: Jhalokati | 06 | SOIL_MOISTURE | Invalid format specifier '.4f if result['value'] e | Delay: 1.0s
2026-02-08 21:35:31,175 [DEBUG] FAILED: Chandpur | 06 | FPAR | Invalid format specifier '.4f if result['value'] else 'NULL'' for object of type 'float'
2026-02-08 21:35:31,177 [DEBUG] START: Chandpur | Month 06 | SOIL_MOISTURE
2026-02-08 21:35:31,286 [DEBUG] FAILED: Barisal | 06 | EVI | Invalid format specifier '.4f if result['value'] else 'NULL'' for object of type 'float'
2026-02-08 21:35:31,286 [DEBUG] START: Barisal | Month 06 | LAI
2026-02-08 21:35:31,532 [DEBUG] FAILED: Pirojpur | 06 | LAI | Invalid format specifier '.4f if result['value'] else 'NULL'' for object of type 'float'
2026-02-08 21:35:31,532 [DEBUG] START: Pirojpur | Month 06 | FPAR
2026-02-08 21:35:31,633 [DEBUG] RETRY 2/3: Bhola | 06 | LAI | Invalid format specifier '.4f if result['value'] e | Delay: 1.5s
2026-02-08 21:35:31,822 [DEBUG] FAILED: Bandarban | 06 | LAI | Invalid format specifier '.4f if result['value'] else 'NULL'' for object of type 'float'
2026-02-08 21:35:31,822 [DEBUG] START: Bandarban | Month 06 | FPAR
2026-02-08 21:35:32,000 [DEBUG] RETRY 2/3: Brahamanbaria | 06 | LAI | Invalid format specifier '.4f if result['value'] e | Delay: 1.5s
2026-02-08 21:35:32,084 [DEBUG] RETRY 1/3: Barisal | 06 | LAI | Invalid format specifier '.4f if result['value'] e | Delay: 1.0s
2026-02-08 21:35:32,320 [DEBUG] RETRY 1/3: Pirojpur | 06 | FPAR | Invalid format specifier '.4f if result['value'] e | Delay: 1.0s
2026-02-08 21:35:32,597 [DEBUG] RETRY 1/3: Bandarban | 06 | FPAR | Invalid format specifier '.4f if result['value'] e | Delay: 1.0s
2026-02-08 21:35:32,748 [DEBUG] FAILED: Patuakhali | 06 | EVI | Invalid format specifier '.4f if result['value'] else 'NULL'' for object of type 'float'
2026-02-08 21:35:32,749 [DEBUG] START: Patuakhali | Month 06 | LAI
2026-02-08 21:35:33,815 [DEBUG] RETRY 1/3: Patuakhali | 06 | LAI | Invalid format specifier '.4f if result['value'] e | Delay: 1.0s
2026-02-08 21:35:33,851 [DEBUG] RETRY 2/3: Barisal | 06 | LAI | Invalid format specifier '.4f if result['value'] e | Delay: 1.5s
2026-02-08 21:35:33,984 [DEBUG] FAILED: Bhola | 06 | LAI | Invalid format specifier '.4f if result['value'] else 'NULL'' for object of type 'float'
2026-02-08 21:35:33,984 [DEBUG] START: Bhola | Month 06 | FPAR
2026-02-08 21:35:34,168 [DEBUG] RETRY 2/3: Pirojpur | 06 | FPAR | Invalid format specifier '.4f if result['value'] e | Delay: 1.5s
2026-02-08 21:35:34,360 [DEBUG] FAILED: Brahamanbaria | 06 | LAI | Invalid format specifier '.4f if result['value'] else 'NULL'' for object of type 'float'
2026-02-08 21:35:34,360 [DEBUG] START: Brahamanbaria | Month 06 | FPAR
2026-02-08 21:35:34,403 [DEBUG] RETRY 2/3: Bandarban | 06 | FPAR | Invalid format specifier '.4f if result['value'] e | Delay: 1.5s
2026-02-08 21:35:34,773 [DEBUG] RETRY 1/3: Bhola | 06 | FPAR | Invalid format specifier '.4f if result['value'] e | Delay: 1.0s
2026-02-08 21:35:35,177 [DEBUG] RETRY 1/3: Brahamanbaria | 06 | FPAR | Invalid format specifier '.4f if result['value'] e | Delay: 1.0s
2026-02-08 21:35:35,611 [DEBUG] RETRY 2/3: Patuakhali | 06 | LAI | Invalid format specifier '.4f if result['value'] e | Delay: 1.5s
2026-02-08 21:35:35,728 [DEBUG] RETRY 1/3: Chandpur | 06 | SOIL_MOISTURE | Invalid format specifier '.4f if result['value'] e | Delay: 1.0s
2026-02-08 21:35:36,530 [DEBUG] RETRY 2/3: Bhola | 06 | FPAR | Invalid format specifier '.4f if result['value'] e | Delay: 1.5s
2026-02-08 21:35:36,847 [DEBUG] FAILED: Bandarban | 06 | FPAR | Invalid format specifier '.4f if result['value'] else 'NULL'' for object of type 'float'
2026-02-08 21:35:36,847 [DEBUG] START: Bandarban | Month 06 | SOIL_MOISTURE
2026-02-08 21:35:36,854 [DEBUG] RETRY 2/3: Brahamanbaria | 06 | FPAR | Invalid format specifier '.4f if result['value'] e | Delay: 1.5s
2026-02-08 21:35:36,889 [DEBUG] FAILED: Pirojpur | 06 | FPAR | Invalid format specifier '.4f if result['value'] else 'NULL'' for object of type 'float'
2026-02-08 21:35:36,889 [DEBUG] START: Pirojpur | Month 06 | SOIL_MOISTURE
2026-02-08 21:35:36,912 [DEBUG] RETRY 2/3: Jhalokati | 06 | SOIL_MOISTURE | Invalid format specifier '.4f if result['value'] e | Delay: 1.5s
2026-02-08 21:35:36,923 [DEBUG] FAILED: Barisal | 06 | LAI | Invalid format specifier '.4f if result['value'] else 'NULL'' for object of type 'float'
2026-02-08 21:35:36,923 [DEBUG] START: Barisal | Month 06 | FPAR
2026-02-08 21:35:37,704 [DEBUG] RETRY 1/3: Barisal | 06 | FPAR | Invalid format specifier '.4f if result['value'] e | Delay: 1.0s
2026-02-08 21:35:38,000 [DEBUG] FAILED: Patuakhali | 06 | LAI | Invalid format specifier '.4f if result['value'] else 'NULL'' for object of type 'float'
2026-02-08 21:35:38,001 [DEBUG] START: Patuakhali | Month 06 | FPAR
2026-02-08 21:35:38,733 [DEBUG] FAILED: Bhola | 06 | FPAR | Invalid format specifier '.4f if result['value'] else 'NULL'' for object of type 'float'
2026-02-08 21:35:38,734 [DEBUG] START: Bhola | Month 06 | SOIL_MOISTURE
2026-02-08 21:35:38,950 [DEBUG] RETRY 1/3: Bandarban | 06 | SOIL_MOISTURE | Invalid format specifier '.4f if result['value'] e | Delay: 1.0s
2026-02-08 21:35:39,081 [DEBUG] FAILED: Brahamanbaria | 06 | FPAR | Invalid format specifier '.4f if result['value'] else 'NULL'' for object of type 'float'
2026-02-08 21:35:39,081 [DEBUG] START: Brahamanbaria | Month 06 | SOIL_MOISTURE
2026-02-08 21:35:39,142 [DEBUG] RETRY 1/3: Patuakhali | 06 | FPAR | Invalid format specifier '.4f if result['value'] e | Delay: 1.0s
2026-02-08 21:35:39,546 [DEBUG] RETRY 2/3: Barisal | 06 | FPAR | Invalid format specifier '.4f if result['value'] e | Delay: 1.5s
2026-02-08 21:35:39,722 [DEBUG] RETRY 1/3: Pirojpur | 06 | SOIL_MOISTURE | Invalid format specifier '.4f if result['value'] e | Delay: 1.0s
2026-02-08 21:35:40,461 [DEBUG] RETRY 2/3: Chandpur | 06 | SOIL_MOISTURE | Invalid format specifier '.4f if result['value'] e | Delay: 1.5s
2026-02-08 21:35:41,019 [DEBUG] RETRY 2/3: Patuakhali | 06 | FPAR | Invalid format specifier '.4f if result['value'] e | Delay: 1.5s
2026-02-08 21:35:41,616 [DEBUG] FAILED: Jhalokati | 06 | SOIL_MOISTURE | Invalid format specifier '.4f if result['value'] else 'NULL'' for object of type 'float'
2026-02-08 21:35:41,616 [DEBUG] START: Jhalokati | Month 06 | LST
2026-02-08 21:35:41,761 [DEBUG] FAILED: Barisal | 06 | FPAR | Invalid format specifier '.4f if result['value'] else 'NULL'' for object of type 'float'
2026-02-08 21:35:41,761 [DEBUG] START: Barisal | Month 06 | SOIL_MOISTURE
2026-02-08 21:35:42,147 [DEBUG] RETRY 1/3: Bhola | 06 | SOIL_MOISTURE | Invalid format specifier '.4f if result['value'] e | Delay: 1.0s
2026-02-08 21:35:42,416 [DEBUG] RETRY 1/3: Jhalokati | 06 | LST | Invalid format specifier '.4f if result['value'] e | Delay: 1.0s
2026-02-08 21:35:44,045 [DEBUG] RETRY 2/3: Bandarban | 06 | SOIL_MOISTURE | Invalid format specifier '.4f if result['value'] e | Delay: 1.5s
2026-02-08 21:35:44,054 [DEBUG] RETRY 1/3: Brahamanbaria | 06 | SOIL_MOISTURE | Invalid format specifier '.4f if result['value'] e | Delay: 1.0s
2026-02-08 21:35:44,100 [DEBUG] RETRY 2/3: Jhalokati | 06 | LST | Invalid format specifier '.4f if result['value'] e | Delay: 1.5s
2026-02-08 21:35:44,360 [DEBUG] FAILED: Patuakhali | 06 | FPAR | Invalid format specifier '.4f if result['value'] else 'NULL'' for object of type 'float'
2026-02-08 21:35:44,360 [DEBUG] START: Patuakhali | Month 06 | SOIL_MOISTURE
2026-02-08 21:35:45,278 [DEBUG] RETRY 2/3: Pirojpur | 06 | SOIL_MOISTURE | Invalid format specifier '.4f if result['value'] e | Delay: 1.5s
2026-02-08 21:35:46,627 [DEBUG] FAILED: Jhalokati | 06 | LST | Invalid format specifier '.4f if result['value'] else 'NULL'' for object of type 'float'
2026-02-08 21:35:46,628 [DEBUG] START: Jhalokati | Month 07 | EVI
2026-02-08 21:35:46,698 [DEBUG] RETRY 1/3: Barisal | 06 | SOIL_MOISTURE | Invalid format specifier '.4f if result['value'] e | Delay: 1.0s
2026-02-08 21:35:46,756 [DEBUG] FAILED: Chandpur | 06 | SOIL_MOISTURE | Invalid format specifier '.4f if result['value'] else 'NULL'' for object of type 'float'
2026-02-08 21:35:46,756 [DEBUG] START: Chandpur | Month 06 | LST
2026-02-08 21:35:47,432 [DEBUG] RETRY 1/3: Jhalokati | 07 | EVI | Invalid format specifier '.4f if result['value'] e | Delay: 1.0s
2026-02-08 21:35:47,482 [DEBUG] RETRY 1/3: Chandpur | 06 | LST | Invalid format specifier '.4f if result['value'] e | Delay: 1.0s
2026-02-08 21:35:48,148 [DEBUG] RETRY 2/3: Bhola | 06 | SOIL_MOISTURE | Invalid format specifier '.4f if result['value'] e | Delay: 1.5s
2026-02-08 21:35:49,193 [DEBUG] RETRY 2/3: Chandpur | 06 | LST | Invalid format specifier '.4f if result['value'] e | Delay: 1.5s
2026-02-08 21:35:49,222 [DEBUG] RETRY 2/3: Jhalokati | 07 | EVI | Invalid format specifier '.4f if result['value'] e | Delay: 1.5s
2026-02-08 21:35:49,538 [DEBUG] RETRY 2/3: Brahamanbaria | 06 | SOIL_MOISTURE | Invalid format specifier '.4f if result['value'] e | Delay: 1.5s
2026-02-08 21:35:50,555 [DEBUG] FAILED: Bandarban | 06 | SOIL_MOISTURE | Invalid format specifier '.4f if result['value'] else 'NULL'' for object of type 'float'
2026-02-08 21:35:50,555 [DEBUG] START: Bandarban | Month 06 | LST
2026-02-08 21:35:51,126 [DEBUG] FAILED: Pirojpur | 06 | SOIL_MOISTURE | Invalid format specifier '.4f if result['value'] else 'NULL'' for object of type 'float'
2026-02-08 21:35:51,127 [DEBUG] START: Pirojpur | Month 06 | LST
2026-02-08 21:35:51,301 [DEBUG] RETRY 1/3: Bandarban | 06 | LST | Invalid format specifier '.4f if result['value'] e | Delay: 1.0s
2026-02-08 21:35:51,384 [DEBUG] RETRY 2/3: Barisal | 06 | SOIL_MOISTURE | Invalid format specifier '.4f if result['value'] e | Delay: 1.5s
2026-02-08 21:35:51,478 [DEBUG] FAILED: Chandpur | 06 | LST | Invalid format specifier '.4f if result['value'] else 'NULL'' for object of type 'float'
2026-02-08 21:35:51,478 [DEBUG] START: Chandpur | Month 07 | EVI
2026-02-08 21:35:51,659 [DEBUG] FAILED: Jhalokati | 07 | EVI | Invalid format specifier '.4f if result['value'] else 'NULL'' for object of type 'float'
2026-02-08 21:35:51,659 [DEBUG] START: Jhalokati | Month 07 | LAI
2026-02-08 21:35:52,330 [DEBUG] RETRY 1/3: Chandpur | 07 | EVI | Invalid format specifier '.4f if result['value'] e | Delay: 1.0s
2026-02-08 21:35:52,338 [DEBUG] RETRY 1/3: Pirojpur | 06 | LST | Invalid format specifier '.4f if result['value'] e | Delay: 1.0s
2026-02-08 21:35:52,422 [DEBUG] RETRY 1/3: Jhalokati | 07 | LAI | Invalid format specifier '.4f if result['value'] e | Delay: 1.0s
2026-02-08 21:35:53,008 [DEBUG] RETRY 1/3: Patuakhali | 06 | SOIL_MOISTURE | Invalid format specifier '.4f if result['value'] e | Delay: 1.0s
2026-02-08 21:35:53,155 [DEBUG] RETRY 2/3: Bandarban | 06 | LST | Invalid format specifier '.4f if result['value'] e | Delay: 1.5s
2026-02-08 21:35:53,442 [DEBUG] FAILED: Brahamanbaria | 06 | SOIL_MOISTURE | Invalid format specifier '.4f if result['value'] else 'NULL'' for object of type 'float'
2026-02-08 21:35:53,442 [DEBUG] START: Brahamanbaria | Month 06 | LST
2026-02-08 21:35:53,998 [DEBUG] RETRY 2/3: Chandpur | 07 | EVI | Invalid format specifier '.4f if result['value'] e | Delay: 1.5s
2026-02-08 21:35:54,225 [DEBUG] RETRY 2/3: Pirojpur | 06 | LST | Invalid format specifier '.4f if result['value'] e | Delay: 1.5s
2026-02-08 21:35:54,277 [DEBUG] RETRY 2/3: Jhalokati | 07 | LAI | Invalid format specifier '.4f if result['value'] e | Delay: 1.5s
2026-02-08 21:35:54,296 [DEBUG] RETRY 1/3: Brahamanbaria | 06 | LST | Invalid format specifier '.4f if result['value'] e | Delay: 1.0s
2026-02-08 21:35:54,662 [DEBUG] FAILED: Bhola | 06 | SOIL_MOISTURE | Invalid format specifier '.4f if result['value'] else 'NULL'' for object of type 'float'
2026-02-08 21:35:54,662 [DEBUG] START: Bhola | Month 06 | LST
2026-02-08 21:35:55,485 [DEBUG] RETRY 1/3: Bhola | 06 | LST | Invalid format specifier '.4f if result['value'] e | Delay: 1.0s
2026-02-08 21:35:55,493 [DEBUG] FAILED: Bandarban | 06 | LST | Invalid format specifier '.4f if result['value'] else 'NULL'' for object of type 'float'
2026-02-08 21:35:55,493 [DEBUG] START: Bandarban | Month 07 | EVI
2026-02-08 21:35:55,871 [DEBUG] FAILED: Barisal | 06 | SOIL_MOISTURE | Invalid format specifier '.4f if result['value'] else 'NULL'' for object of type 'float'
2026-02-08 21:35:55,872 [DEBUG] START: Barisal | Month 06 | LST
2026-02-08 21:35:56,271 [DEBUG] FAILED: Chandpur | 07 | EVI | Invalid format specifier '.4f if result['value'] else 'NULL'' for object of type 'float'
2026-02-08 21:35:56,271 [DEBUG] START: Chandpur | Month 07 | LAI
2026-02-08 21:35:56,458 [DEBUG] FAILED: Pirojpur | 06 | LST | Invalid format specifier '.4f if result['value'] else 'NULL'' for object of type 'float'
2026-02-08 21:35:56,460 [DEBUG] RETRY 1/3: Bandarban | 07 | EVI | Invalid format specifier '.4f if result['value'] e | Delay: 1.0s
2026-02-08 21:35:56,460 [DEBUG] START: Pirojpur | Month 07 | EVI
2026-02-08 21:35:56,461 [DEBUG] RETRY 2/3: Brahamanbaria | 06 | LST | Invalid format specifier '.4f if result['value'] e | Delay: 1.5s
2026-02-08 21:35:56,590 [DEBUG] FAILED: Jhalokati | 07 | LAI | Invalid format specifier '.4f if result['value'] else 'NULL'' for object of type 'float'
2026-02-08 21:35:56,590 [DEBUG] START: Jhalokati | Month 07 | FPAR
2026-02-08 21:35:56,784 [DEBUG] RETRY 1/3: Barisal | 06 | LST | Invalid format specifier '.4f if result['value'] e | Delay: 1.0s
2026-02-08 21:35:57,134 [DEBUG] RETRY 1/3: Chandpur | 07 | LAI | Invalid format specifier '.4f if result['value'] e | Delay: 1.0s
2026-02-08 21:35:57,315 [DEBUG] RETRY 2/3: Bhola | 06 | LST | Invalid format specifier '.4f if result['value'] e | Delay: 1.5s
2026-02-08 21:35:57,333 [DEBUG] RETRY 1/3: Pirojpur | 07 | EVI | Invalid format specifier '.4f if result['value'] e | Delay: 1.0s
2026-02-08 21:35:57,334 [DEBUG] RETRY 2/3: Patuakhali | 06 | SOIL_MOISTURE | Invalid format specifier '.4f if result['value'] e | Delay: 1.5s
2026-02-08 21:35:57,457 [DEBUG] RETRY 1/3: Jhalokati | 07 | FPAR | Invalid format specifier '.4f if result['value'] e | Delay: 1.0s
2026-02-08 21:35:58,322 [DEBUG] RETRY 2/3: Bandarban | 07 | EVI | Invalid format specifier '.4f if result['value'] e | Delay: 1.5s
2026-02-08 21:35:58,730 [DEBUG] RETRY 2/3: Barisal | 06 | LST | Invalid format specifier '.4f if result['value'] e | Delay: 1.5s
2026-02-08 21:35:58,865 [DEBUG] FAILED: Brahamanbaria | 06 | LST | Invalid format specifier '.4f if result['value'] else 'NULL'' for object of type 'float'
2026-02-08 21:35:58,865 [DEBUG] START: Brahamanbaria | Month 07 | EVI
2026-02-08 21:35:58,939 [DEBUG] RETRY 2/3: Chandpur | 07 | LAI | Invalid format specifier '.4f if result['value'] e | Delay: 1.5s
2026-02-08 21:35:59,635 [DEBUG] RETRY 1/3: Brahamanbaria | 07 | EVI | Invalid format specifier '.4f if result['value'] e | Delay: 1.0s
2026-02-08 21:35:59,636 [DEBUG] FAILED: Bhola | 06 | LST | Invalid format specifier '.4f if result['value'] else 'NULL'' for object of type 'float'
2026-02-08 21:35:59,636 [DEBUG] START: Bhola | Month 07 | EVI
2026-02-08 21:35:59,680 [DEBUG] RETRY 2/3: Jhalokati | 07 | FPAR | Invalid format specifier '.4f if result['value'] e | Delay: 1.5s
2026-02-08 21:36:00,148 [DEBUG] RETRY 2/3: Pirojpur | 07 | EVI | Invalid format specifier '.4f if result['value'] e | Delay: 1.5s
2026-02-08 21:36:00,408 [DEBUG] RETRY 1/3: Bhola | 07 | EVI | Invalid format specifier '.4f if result['value'] e | Delay: 1.0s
2026-02-08 21:36:00,804 [DEBUG] FAILED: Bandarban | 07 | EVI | Invalid format specifier '.4f if result['value'] else 'NULL'' for object of type 'float'
2026-02-08 21:36:00,805 [DEBUG] START: Bandarban | Month 07 | LAI
2026-02-08 21:36:01,099 [DEBUG] FAILED: Barisal | 06 | LST | Invalid format specifier '.4f if result['value'] else 'NULL'' for object of type 'float'
2026-02-08 21:36:01,100 [DEBUG] START: Barisal | Month 07 | EVI
2026-02-08 21:36:01,179 [DEBUG] FAILED: Patuakhali | 06 | SOIL_MOISTURE | Invalid format specifier '.4f if result['value'] else 'NULL'' for object of type 'float'
2026-02-08 21:36:01,179 [DEBUG] START: Patuakhali | Month 06 | LST
2026-02-08 21:36:01,326 [DEBUG] FAILED: Chandpur | 07 | LAI | Invalid format specifier '.4f if result['value'] else 'NULL'' for object of type 'float'
2026-02-08 21:36:01,327 [DEBUG] START: Chandpur | Month 07 | FPAR
2026-02-08 21:36:01,413 [DEBUG] RETRY 2/3: Brahamanbaria | 07 | EVI | Invalid format specifier '.4f if result['value'] e | Delay: 1.5s
2026-02-08 21:36:01,552 [DEBUG] RETRY 1/3: Bandarban | 07 | LAI | Invalid format specifier '.4f if result['value'] e | Delay: 1.0s
2026-02-08 21:36:01,952 [DEBUG] RETRY 1/3: Barisal | 07 | EVI | Invalid format specifier '.4f if result['value'] e | Delay: 1.0s
2026-02-08 21:36:02,049 [DEBUG] RETRY 1/3: Chandpur | 07 | FPAR | Invalid format specifier '.4f if result['value'] e | Delay: 1.0s
2026-02-08 21:36:02,215 [DEBUG] RETRY 2/3: Bhola | 07 | EVI | Invalid format specifier '.4f if result['value'] e | Delay: 1.5s
2026-02-08 21:36:02,270 [DEBUG] RETRY 1/3: Patuakhali | 06 | LST | Invalid format specifier '.4f if result['value'] e | Delay: 1.0s
2026-02-08 21:36:02,559 [DEBUG] FAILED: Pirojpur | 07 | EVI | Invalid format specifier '.4f if result['value'] else 'NULL'' for object of type 'float'
2026-02-08 21:36:02,560 [DEBUG] START: Pirojpur | Month 07 | LAI
2026-02-08 21:36:03,243 [DEBUG] FAILED: Jhalokati | 07 | FPAR | Invalid format specifier '.4f if result['value'] else 'NULL'' for object of type 'float'
2026-02-08 21:36:03,244 [DEBUG] START: Jhalokati | Month 07 | SOIL_MOISTURE
2026-02-08 21:36:03,371 [DEBUG] RETRY 2/3: Bandarban | 07 | LAI | Invalid format specifier '.4f if result['value'] e | Delay: 1.5s
2026-02-08 21:36:03,389 [DEBUG] RETRY 1/3: Pirojpur | 07 | LAI | Invalid format specifier '.4f if result['value'] e | Delay: 1.0s
2026-02-08 21:36:03,830 [DEBUG] RETRY 2/3: Chandpur | 07 | FPAR | Invalid format specifier '.4f if result['value'] e | Delay: 1.5s
2026-02-08 21:36:03,853 [DEBUG] FAILED: Brahamanbaria | 07 | EVI | Invalid format specifier '.4f if result['value'] else 'NULL'' for object of type 'float'
2026-02-08 21:36:03,854 [DEBUG] START: Brahamanbaria | Month 07 | LAI
2026-02-08 21:36:03,865 [DEBUG] RETRY 2/3: Barisal | 07 | EVI | Invalid format specifier '.4f if result['value'] e | Delay: 1.5s
2026-02-08 21:36:04,226 [DEBUG] RETRY 2/3: Patuakhali | 06 | LST | Invalid format specifier '.4f if result['value'] e | Delay: 1.5s
2026-02-08 21:36:04,482 [DEBUG] FAILED: Bhola | 07 | EVI | Invalid format specifier '.4f if result['value'] else 'NULL'' for object of type 'float'
2026-02-08 21:36:04,483 [DEBUG] START: Bhola | Month 07 | LAI
2026-02-08 21:36:04,699 [DEBUG] RETRY 1/3: Brahamanbaria | 07 | LAI | Invalid format specifier '.4f if result['value'] e | Delay: 1.0s
2026-02-08 21:36:05,274 [DEBUG] RETRY 2/3: Pirojpur | 07 | LAI | Invalid format specifier '.4f if result['value'] e | Delay: 1.5s
2026-02-08 21:36:05,485 [DEBUG] RETRY 1/3: Bhola | 07 | LAI | Invalid format specifier '.4f if result['value'] e | Delay: 1.0s
2026-02-08 21:36:05,647 [DEBUG] FAILED: Bandarban | 07 | LAI | Invalid format specifier '.4f if result['value'] else 'NULL'' for object of type 'float'
2026-02-08 21:36:05,648 [DEBUG] START: Bandarban | Month 07 | FPAR
2026-02-08 21:36:06,187 [DEBUG] FAILED: Chandpur | 07 | FPAR | Invalid format specifier '.4f if result['value'] else 'NULL'' for object of type 'float'
2026-02-08 21:36:06,193 [DEBUG] START: Chandpur | Month 07 | SOIL_MOISTURE
2026-02-08 21:36:06,210 [DEBUG] FAILED: Barisal | 07 | EVI | Invalid format specifier '.4f if result['value'] else 'NULL'' for object of type 'float'
2026-02-08 21:36:06,210 [DEBUG] START: Barisal | Month 07 | LAI
2026-02-08 21:36:06,596 [DEBUG] RETRY 1/3: Bandarban | 07 | FPAR | Invalid format specifier '.4f if result['value'] e | Delay: 1.0s
2026-02-08 21:36:06,596 [DEBUG] RETRY 2/3: Brahamanbaria | 07 | LAI | Invalid format specifier '.4f if result['value'] e | Delay: 1.5s
2026-02-08 21:36:06,686 [DEBUG] FAILED: Patuakhali | 06 | LST | Invalid format specifier '.4f if result['value'] else 'NULL'' for object of type 'float'
2026-02-08 21:36:06,686 [DEBUG] START: Patuakhali | Month 07 | EVI
2026-02-08 21:36:07,324 [DEBUG] RETRY 1/3: Barisal | 07 | LAI | Invalid format specifier '.4f if result['value'] e | Delay: 1.0s
2026-02-08 21:36:07,416 [DEBUG] RETRY 2/3: Bhola | 07 | LAI | Invalid format specifier '.4f if result['value'] e | Delay: 1.5s
2026-02-08 21:36:07,473 [DEBUG] RETRY 1/3: Patuakhali | 07 | EVI | Invalid format specifier '.4f if result['value'] e | Delay: 1.0s
2026-02-08 21:36:07,663 [DEBUG] FAILED: Pirojpur | 07 | LAI | Invalid format specifier '.4f if result['value'] else 'NULL'' for object of type 'float'
2026-02-08 21:36:07,663 [DEBUG] START: Pirojpur | Month 07 | FPAR
2026-02-08 21:36:07,746 [DEBUG] RETRY 1/3: Jhalokati | 07 | SOIL_MOISTURE | Invalid format specifier '.4f if result['value'] e | Delay: 1.0s
2026-02-08 21:36:08,441 [DEBUG] RETRY 2/3: Bandarban | 07 | FPAR | Invalid format specifier '.4f if result['value'] e | Delay: 1.5s
2026-02-08 21:36:08,466 [DEBUG] RETRY 1/3: Pirojpur | 07 | FPAR | Invalid format specifier '.4f if result['value'] e | Delay: 1.0s
2026-02-08 21:36:08,931 [DEBUG] FAILED: Brahamanbaria | 07 | LAI | Invalid format specifier '.4f if result['value'] else 'NULL'' for object of type 'float'
2026-02-08 21:36:08,932 [DEBUG] START: Brahamanbaria | Month 07 | FPAR
2026-02-08 21:36:09,265 [DEBUG] RETRY 1/3: Chandpur | 07 | SOIL_MOISTURE | Invalid format specifier '.4f if result['value'] e | Delay: 1.0s
2026-02-08 21:36:09,341 [DEBUG] RETRY 2/3: Barisal | 07 | LAI | Invalid format specifier '.4f if result['value'] e | Delay: 1.5s
2026-02-08 21:36:09,406 [DEBUG] RETRY 2/3: Patuakhali | 07 | EVI | Invalid format specifier '.4f if result['value'] e | Delay: 1.5s
2026-02-08 21:36:09,616 [DEBUG] FAILED: Bhola | 07 | LAI | Invalid format specifier '.4f if result['value'] else 'NULL'' for object of type 'float'
2026-02-08 21:36:09,616 [DEBUG] START: Bhola | Month 07 | FPAR
2026-02-08 21:36:09,873 [DEBUG] RETRY 1/3: Brahamanbaria | 07 | FPAR | Invalid format specifier '.4f if result['value'] e | Delay: 1.0s
2026-02-08 21:36:10,342 [DEBUG] RETRY 2/3: Pirojpur | 07 | FPAR | Invalid format specifier '.4f if result['value'] e | Delay: 1.5s
2026-02-08 21:36:10,396 [DEBUG] RETRY 1/3: Bhola | 07 | FPAR | Invalid format specifier '.4f if result['value'] e | Delay: 1.0s
2026-02-08 21:36:10,795 [DEBUG] FAILED: Bandarban | 07 | FPAR | Invalid format specifier '.4f if result['value'] else 'NULL'' for object of type 'float'
2026-02-08 21:36:10,795 [DEBUG] START: Bandarban | Month 07 | SOIL_MOISTURE
2026-02-08 21:36:11,582 [DEBUG] FAILED: Barisal | 07 | LAI | Invalid format specifier '.4f if result['value'] else 'NULL'' for object of type 'float'
2026-02-08 21:36:11,582 [DEBUG] START: Barisal | Month 07 | FPAR
2026-02-08 21:36:11,698 [DEBUG] RETRY 2/3: Brahamanbaria | 07 | FPAR | Invalid format specifier '.4f if result['value'] e | Delay: 1.5s
2026-02-08 21:36:11,897 [DEBUG] FAILED: Patuakhali | 07 | EVI | Invalid format specifier '.4f if result['value'] else 'NULL'' for object of type 'float'
2026-02-08 21:36:11,899 [DEBUG] START: Patuakhali | Month 07 | LAI
2026-02-08 21:36:12,105 [DEBUG] RETRY 2/3: Bhola | 07 | FPAR | Invalid format specifier '.4f if result['value'] e | Delay: 1.5s
2026-02-08 21:36:12,141 [DEBUG] RETRY 2/3: Jhalokati | 07 | SOIL_MOISTURE | Invalid format specifier '.4f if result['value'] e | Delay: 1.5s
2026-02-08 21:36:12,489 [DEBUG] RETRY 1/3: Barisal | 07 | FPAR | Invalid format specifier '.4f if result['value'] e | Delay: 1.0s
2026-02-08 21:36:12,552 [DEBUG] FAILED: Pirojpur | 07 | FPAR | Invalid format specifier '.4f if result['value'] else 'NULL'' for object of type 'float'
2026-02-08 21:36:12,552 [DEBUG] START: Pirojpur | Month 07 | SOIL_MOISTURE
2026-02-08 21:36:12,723 [DEBUG] RETRY 1/3: Patuakhali | 07 | LAI | Invalid format specifier '.4f if result['value'] e | Delay: 1.0s
2026-02-08 21:36:14,009 [DEBUG] FAILED: Brahamanbaria | 07 | FPAR | Invalid format specifier '.4f if result['value'] else 'NULL'' for object of type 'float'
2026-02-08 21:36:14,010 [DEBUG] START: Brahamanbaria | Month 07 | SOIL_MOISTURE
2026-02-08 21:36:14,264 [DEBUG] RETRY 2/3: Barisal | 07 | FPAR | Invalid format specifier '.4f if result['value'] e | Delay: 1.5s
2026-02-08 21:36:14,410 [DEBUG] RETRY 2/3: Chandpur | 07 | SOIL_MOISTURE | Invalid format specifier '.4f if result['value'] e | Delay: 1.5s
2026-02-08 21:36:14,416 [DEBUG] FAILED: Bhola | 07 | FPAR | Invalid format specifier '.4f if result['value'] else 'NULL'' for object of type 'float'
2026-02-08 21:36:14,418 [DEBUG] START: Bhola | Month 07 | SOIL_MOISTURE
2026-02-08 21:36:14,697 [DEBUG] RETRY 2/3: Patuakhali | 07 | LAI | Invalid format specifier '.4f if result['value'] e | Delay: 1.5s
2026-02-08 21:36:15,141 [DEBUG] RETRY 1/3: Bandarban | 07 | SOIL_MOISTURE | Invalid format specifier '.4f if result['value'] e | Delay: 1.0s
2026-02-08 21:36:15,667 [DEBUG] RETRY 1/3: Pirojpur | 07 | SOIL_MOISTURE | Invalid format specifier '.4f if result['value'] e | Delay: 1.0s
2026-02-08 21:36:16,742 [DEBUG] FAILED: Barisal | 07 | FPAR | Invalid format specifier '.4f if result['value'] else 'NULL'' for object of type 'float'
2026-02-08 21:36:16,742 [DEBUG] START: Barisal | Month 07 | SOIL_MOISTURE
2026-02-08 21:36:17,625 [DEBUG] RETRY 1/3: Brahamanbaria | 07 | SOIL_MOISTURE | Invalid format specifier '.4f if result['value'] e | Delay: 1.0s
2026-02-08 21:36:18,122 [DEBUG] FAILED: Patuakhali | 07 | LAI | Invalid format specifier '.4f if result['value'] else 'NULL'' for object of type 'float'
2026-02-08 21:36:18,123 [DEBUG] START: Patuakhali | Month 07 | FPAR
2026-02-08 21:36:18,130 [DEBUG] FAILED: Jhalokati | 07 | SOIL_MOISTURE | Invalid format specifier '.4f if result['value'] else 'NULL'' for object of type 'float'
2026-02-08 21:36:18,131 [DEBUG] START: Jhalokati | Month 07 | LST
2026-02-08 21:36:18,751 [DEBUG] RETRY 1/3: Bhola | 07 | SOIL_MOISTURE | Invalid format specifier '.4f if result['value'] e | Delay: 1.0s
2026-02-08 21:36:18,920 [DEBUG] RETRY 1/3: Patuakhali | 07 | FPAR | Invalid format specifier '.4f if result['value'] e | Delay: 1.0s
2026-02-08 21:36:18,939 [DEBUG] RETRY 1/3: Jhalokati | 07 | LST | Invalid format specifier '.4f if result['value'] e | Delay: 1.0s
2026-02-08 21:36:19,569 [DEBUG] FAILED: Chandpur | 07 | SOIL_MOISTURE | Invalid format specifier '.4f if result['value'] else 'NULL'' for object of type 'float'
2026-02-08 21:36:19,570 [DEBUG] START: Chandpur | Month 07 | LST
2026-02-08 21:36:20,391 [DEBUG] RETRY 1/3: Chandpur | 07 | LST | Invalid format specifier '.4f if result['value'] e | Delay: 1.0s
2026-02-08 21:36:20,757 [DEBUG] RETRY 2/3: Jhalokati | 07 | LST | Invalid format specifier '.4f if result['value'] e | Delay: 1.5s
2026-02-08 21:36:20,805 [DEBUG] RETRY 2/3: Patuakhali | 07 | FPAR | Invalid format specifier '.4f if result['value'] e | Delay: 1.5s
2026-02-08 21:36:20,998 [DEBUG] RETRY 2/3: Pirojpur | 07 | SOIL_MOISTURE | Invalid format specifier '.4f if result['value'] e | Delay: 1.5s
2026-02-08 21:36:21,314 [DEBUG] RETRY 1/3: Barisal | 07 | SOIL_MOISTURE | Invalid format specifier '.4f if result['value'] e | Delay: 1.0s
2026-02-08 21:36:21,449 [DEBUG] RETRY 2/3: Bandarban | 07 | SOIL_MOISTURE | Invalid format specifier '.4f if result['value'] e | Delay: 1.5s
2026-02-08 21:36:22,144 [DEBUG] RETRY 2/3: Chandpur | 07 | LST | Invalid format specifier '.4f if result['value'] e | Delay: 1.5s
2026-02-08 21:36:22,707 [DEBUG] RETRY 2/3: Brahamanbaria | 07 | SOIL_MOISTURE | Invalid format specifier '.4f if result['value'] e | Delay: 1.5s
2026-02-08 21:36:23,230 [DEBUG] FAILED: Patuakhali | 07 | FPAR | Invalid format specifier '.4f if result['value'] else 'NULL'' for object of type 'float'
2026-02-08 21:36:23,230 [DEBUG] START: Patuakhali | Month 07 | SOIL_MOISTURE
2026-02-08 21:36:23,592 [DEBUG] FAILED: Jhalokati | 07 | LST | Invalid format specifier '.4f if result['value'] else 'NULL'' for object of type 'float'
2026-02-08 21:36:23,593 [DEBUG] START: Jhalokati | Month 08 | EVI
2026-02-08 21:36:24,064 [DEBUG] RETRY 2/3: Bhola | 07 | SOIL_MOISTURE | Invalid format specifier '.4f if result['value'] e | Delay: 1.5s
2026-02-08 21:36:24,331 [DEBUG] RETRY 1/3: Jhalokati | 08 | EVI | Invalid format specifier '.4f if result['value'] e | Delay: 1.0s
2026-02-08 21:36:24,421 [DEBUG] FAILED: Chandpur | 07 | LST | Invalid format specifier '.4f if result['value'] else 'NULL'' for object of type 'float'
2026-02-08 21:36:24,422 [DEBUG] START: Chandpur | Month 08 | EVI
2026-02-08 21:36:25,146 [DEBUG] RETRY 1/3: Chandpur | 08 | EVI | Invalid format specifier '.4f if result['value'] e | Delay: 1.0s
2026-02-08 21:36:25,950 [DEBUG] FAILED: Pirojpur | 07 | SOIL_MOISTURE | Invalid format specifier '.4f if result['value'] else 'NULL'' for object of type 'float'
2026-02-08 21:36:25,950 [DEBUG] START: Pirojpur | Month 07 | LST
2026-02-08 21:36:26,274 [DEBUG] RETRY 2/3: Jhalokati | 08 | EVI | Invalid format specifier '.4f if result['value'] e | Delay: 1.5s
2026-02-08 21:36:26,971 [DEBUG] RETRY 1/3: Pirojpur | 07 | LST | Invalid format specifier '.4f if result['value'] e | Delay: 1.0s
2026-02-08 21:36:27,110 [DEBUG] RETRY 2/3: Barisal | 07 | SOIL_MOISTURE | Invalid format specifier '.4f if result['value'] e | Delay: 1.5s
2026-02-08 21:36:27,485 [DEBUG] FAILED: Bandarban | 07 | SOIL_MOISTURE | Invalid format specifier '.4f if result['value'] else 'NULL'' for object of type 'float'
2026-02-08 21:36:27,486 [DEBUG] START: Bandarban | Month 07 | LST
2026-02-08 21:36:27,534 [DEBUG] RETRY 1/3: Patuakhali | 07 | SOIL_MOISTURE | Invalid format specifier '.4f if result['value'] e | Delay: 1.0s
2026-02-08 21:36:27,700 [DEBUG] RETRY 2/3: Chandpur | 08 | EVI | Invalid format specifier '.4f if result['value'] e | Delay: 1.5s
2026-02-08 21:36:28,342 [DEBUG] RETRY 1/3: Bandarban | 07 | LST | Invalid format specifier '.4f if result['value'] e | Delay: 1.0s
2026-02-08 21:36:28,716 [DEBUG] FAILED: Brahamanbaria | 07 | SOIL_MOISTURE | Invalid format specifier '.4f if result['value'] else 'NULL'' for object of type 'float'
2026-02-08 21:36:28,716 [DEBUG] START: Brahamanbaria | Month 07 | LST
2026-02-08 21:36:28,768 [DEBUG] RETRY 2/3: Pirojpur | 07 | LST | Invalid format specifier '.4f if result['value'] e | Delay: 1.5s
2026-02-08 21:36:29,535 [DEBUG] FAILED: Jhalokati | 08 | EVI | Invalid format specifier '.4f if result['value'] else 'NULL'' for object of type 'float'
2026-02-08 21:36:29,535 [DEBUG] START: Jhalokati | Month 08 | LAI
2026-02-08 21:36:29,536 [DEBUG] RETRY 1/3: Brahamanbaria | 07 | LST | Invalid format specifier '.4f if result['value'] e | Delay: 1.0s
2026-02-08 21:36:30,151 [DEBUG] FAILED: Chandpur | 08 | EVI | Invalid format specifier '.4f if result['value'] else 'NULL'' for object of type 'float'
2026-02-08 21:36:30,152 [DEBUG] RETRY 2/3: Bandarban | 07 | LST | Invalid format specifier '.4f if result['value'] e | Delay: 1.5s
2026-02-08 21:36:30,157 [DEBUG] FAILED: Bhola | 07 | SOIL_MOISTURE | Invalid format specifier '.4f if result['value'] else 'NULL'' for object of type 'float'
2026-02-08 21:36:30,158 [DEBUG] START: Chandpur | Month 08 | LAI
2026-02-08 21:36:30,158 [DEBUG] START: Bhola | Month 07 | LST
2026-02-08 21:36:30,355 [DEBUG] RETRY 1/3: Jhalokati | 08 | LAI | Invalid format specifier '.4f if result['value'] e | Delay: 1.0s
2026-02-08 21:36:31,241 [DEBUG] FAILED: Pirojpur | 07 | LST | Invalid format specifier '.4f if result['value'] else 'NULL'' for object of type 'float'
2026-02-08 21:36:31,242 [DEBUG] START: Pirojpur | Month 08 | EVI
2026-02-08 21:36:31,256 [DEBUG] RETRY 1/3: Chandpur | 08 | LAI | Invalid format specifier '.4f if result['value'] e | Delay: 1.0s
2026-02-08 21:36:31,582 [DEBUG] RETRY 2/3: Brahamanbaria | 07 | LST | Invalid format specifier '.4f if result['value'] e | Delay: 1.5s
2026-02-08 21:36:31,791 [DEBUG] FAILED: Barisal | 07 | SOIL_MOISTURE | Invalid format specifier '.4f if result['value'] else 'NULL'' for object of type 'float'
2026-02-08 21:36:31,794 [DEBUG] START: Barisal | Month 07 | LST
2026-02-08 21:36:31,795 [DEBUG] RETRY 1/3: Bhola | 07 | LST | Invalid format specifier '.4f if result['value'] e | Delay: 1.0s
2026-02-08 21:36:32,018 [DEBUG] RETRY 1/3: Pirojpur | 08 | EVI | Invalid format specifier '.4f if result['value'] e | Delay: 1.0s
2026-02-08 21:36:32,441 [DEBUG] RETRY 2/3: Jhalokati | 08 | LAI | Invalid format specifier '.4f if result['value'] e | Delay: 1.5s
2026-02-08 21:36:32,484 [DEBUG] FAILED: Bandarban | 07 | LST | Invalid format specifier '.4f if result['value'] else 'NULL'' for object of type 'float'
2026-02-08 21:36:32,484 [DEBUG] START: Bandarban | Month 08 | EVI
2026-02-08 21:36:32,633 [DEBUG] RETRY 1/3: Barisal | 07 | LST | Invalid format specifier '.4f if result['value'] e | Delay: 1.0s
2026-02-08 21:36:33,087 [DEBUG] RETRY 2/3: Chandpur | 08 | LAI | Invalid format specifier '.4f if result['value'] e | Delay: 1.5s
2026-02-08 21:36:33,443 [DEBUG] RETRY 1/3: Bandarban | 08 | EVI | Invalid format specifier '.4f if result['value'] e | Delay: 1.0s
2026-02-08 21:36:33,628 [DEBUG] RETRY 2/3: Patuakhali | 07 | SOIL_MOISTURE | Invalid format specifier '.4f if result['value'] e | Delay: 1.5s
2026-02-08 21:36:33,708 [DEBUG] RETRY 2/3: Bhola | 07 | LST | Invalid format specifier '.4f if result['value'] e | Delay: 1.5s
2026-02-08 21:36:33,833 [DEBUG] RETRY 2/3: Pirojpur | 08 | EVI | Invalid format specifier '.4f if result['value'] e | Delay: 1.5s
2026-02-08 21:36:33,865 [DEBUG] FAILED: Brahamanbaria | 07 | LST | Invalid format specifier '.4f if result['value'] else 'NULL'' for object of type 'float'
2026-02-08 21:36:33,866 [DEBUG] START: Brahamanbaria | Month 08 | EVI
2026-02-08 21:36:34,764 [DEBUG] FAILED: Jhalokati | 08 | LAI | Invalid format specifier '.4f if result['value'] else 'NULL'' for object of type 'float'
2026-02-08 21:36:34,764 [DEBUG] START: Jhalokati | Month 08 | FPAR
2026-02-08 21:36:34,836 [DEBUG] RETRY 1/3: Brahamanbaria | 08 | EVI | Invalid format specifier '.4f if result['value'] e | Delay: 1.0s
2026-02-08 21:36:35,239 [DEBUG] RETRY 2/3: Barisal | 07 | LST | Invalid format specifier '.4f if result['value'] e | Delay: 1.5s
2026-02-08 21:36:35,451 [DEBUG] FAILED: Chandpur | 08 | LAI | Invalid format specifier '.4f if result['value'] else 'NULL'' for object of type 'float'
2026-02-08 21:36:35,453 [DEBUG] START: Chandpur | Month 08 | FPAR
2026-02-08 21:36:35,528 [DEBUG] RETRY 2/3: Bandarban | 08 | EVI | Invalid format specifier '.4f if result['value'] e | Delay: 1.5s
2026-02-08 21:36:35,647 [DEBUG] RETRY 1/3: Jhalokati | 08 | FPAR | Invalid format specifier '.4f if result['value'] e | Delay: 1.0s
2026-02-08 21:36:36,003 [DEBUG] FAILED: Bhola | 07 | LST | Invalid format specifier '.4f if result['value'] else 'NULL'' for object of type 'float'
2026-02-08 21:36:36,004 [DEBUG] START: Bhola | Month 08 | EVI
2026-02-08 21:36:36,188 [DEBUG] FAILED: Pirojpur | 08 | EVI | Invalid format specifier '.4f if result['value'] else 'NULL'' for object of type 'float'
2026-02-08 21:36:36,189 [DEBUG] START: Pirojpur | Month 08 | LAI
2026-02-08 21:36:36,397 [DEBUG] RETRY 1/3: Chandpur | 08 | FPAR | Invalid format specifier '.4f if result['value'] e | Delay: 1.0s
2026-02-08 21:36:36,664 [DEBUG] RETRY 2/3: Brahamanbaria | 08 | EVI | Invalid format specifier '.4f if result['value'] e | Delay: 1.5s
2026-02-08 21:36:36,803 [DEBUG] RETRY 1/3: Bhola | 08 | EVI | Invalid format specifier '.4f if result['value'] e | Delay: 1.0s
2026-02-08 21:36:37,087 [DEBUG] RETRY 1/3: Pirojpur | 08 | LAI | Invalid format specifier '.4f if result['value'] e | Delay: 1.0s
2026-02-08 21:36:37,472 [DEBUG] RETRY 2/3: Jhalokati | 08 | FPAR | Invalid format specifier '.4f if result['value'] e | Delay: 1.5s
2026-02-08 21:36:37,662 [DEBUG] FAILED: Barisal | 07 | LST | Invalid format specifier '.4f if result['value'] else 'NULL'' for object of type 'float'
2026-02-08 21:36:37,664 [DEBUG] START: Barisal | Month 08 | EVI
2026-02-08 21:36:37,828 [DEBUG] FAILED: Bandarban | 08 | EVI | Invalid format specifier '.4f if result['value'] else 'NULL'' for object of type 'float'
2026-02-08 21:36:37,832 [DEBUG] START: Bandarban | Month 08 | LAI
2026-02-08 21:36:38,273 [DEBUG] RETRY 2/3: Chandpur | 08 | FPAR | Invalid format specifier '.4f if result['value'] e | Delay: 1.5s
2026-02-08 21:36:38,402 [DEBUG] RETRY 1/3: Barisal | 08 | EVI | Invalid format specifier '.4f if result['value'] e | Delay: 1.0s
2026-02-08 21:36:38,561 [DEBUG] RETRY 2/3: Bhola | 08 | EVI | Invalid format specifier '.4f if result['value'] e | Delay: 1.5s
2026-02-08 21:36:38,655 [DEBUG] RETRY 1/3: Bandarban | 08 | LAI | Invalid format specifier '.4f if result['value'] e | Delay: 1.0s
2026-02-08 21:36:38,952 [DEBUG] RETRY 2/3: Pirojpur | 08 | LAI | Invalid format specifier '.4f if result['value'] e | Delay: 1.5s
2026-02-08 21:36:38,965 [DEBUG] FAILED: Brahamanbaria | 08 | EVI | Invalid format specifier '.4f if result['value'] else 'NULL'' for object of type 'float'
2026-02-08 21:36:38,965 [DEBUG] START: Brahamanbaria | Month 08 | LAI
2026-02-08 21:36:39,440 [DEBUG] FAILED: Patuakhali | 07 | SOIL_MOISTURE | Invalid format specifier '.4f if result['value'] else 'NULL'' for object of type 'float'
2026-02-08 21:36:39,441 [DEBUG] START: Patuakhali | Month 07 | LST
2026-02-08 21:36:39,783 [DEBUG] RETRY 1/3: Brahamanbaria | 08 | LAI | Invalid format specifier '.4f if result['value'] e | Delay: 1.0s
2026-02-08 21:36:39,804 [DEBUG] FAILED: Jhalokati | 08 | FPAR | Invalid format specifier '.4f if result['value'] else 'NULL'' for object of type 'float'
2026-02-08 21:36:39,804 [DEBUG] START: Jhalokati | Month 08 | SOIL_MOISTURE
2026-02-08 21:36:40,239 [DEBUG] RETRY 2/3: Barisal | 08 | EVI | Invalid format specifier '.4f if result['value'] e | Delay: 1.5s
2026-02-08 21:36:40,476 [DEBUG] FAILED: Chandpur | 08 | FPAR | Invalid format specifier '.4f if result['value'] else 'NULL'' for object of type 'float'
2026-02-08 21:36:40,477 [DEBUG] START: Chandpur | Month 08 | SOIL_MOISTURE
2026-02-08 21:36:40,517 [DEBUG] RETRY 2/3: Bandarban | 08 | LAI | Invalid format specifier '.4f if result['value'] e | Delay: 1.5s
2026-02-08 21:36:40,773 [DEBUG] FAILED: Bhola | 08 | EVI | Invalid format specifier '.4f if result['value'] else 'NULL'' for object of type 'float'
2026-02-08 21:36:40,773 [DEBUG] START: Bhola | Month 08 | LAI
2026-02-08 21:36:40,816 [DEBUG] RETRY 1/3: Patuakhali | 07 | LST | Invalid format specifier '.4f if result['value'] e | Delay: 1.0s
2026-02-08 21:36:41,216 [DEBUG] FAILED: Pirojpur | 08 | LAI | Invalid format specifier '.4f if result['value'] else 'NULL'' for object of type 'float'
2026-02-08 21:36:41,216 [DEBUG] START: Pirojpur | Month 08 | FPAR
2026-02-08 21:36:41,572 [DEBUG] RETRY 1/3: Bhola | 08 | LAI | Invalid format specifier '.4f if result['value'] e | Delay: 1.0s
2026-02-08 21:36:41,627 [DEBUG] RETRY 2/3: Brahamanbaria | 08 | LAI | Invalid format specifier '.4f if result['value'] e | Delay: 1.5s
2026-02-08 21:36:42,025 [DEBUG] RETRY 1/3: Pirojpur | 08 | FPAR | Invalid format specifier '.4f if result['value'] e | Delay: 1.0s
2026-02-08 21:36:42,573 [DEBUG] FAILED: Barisal | 08 | EVI | Invalid format specifier '.4f if result['value'] else 'NULL'' for object of type 'float'
2026-02-08 21:36:42,574 [DEBUG] START: Barisal | Month 08 | LAI
2026-02-08 21:36:42,753 [DEBUG] RETRY 2/3: Patuakhali | 07 | LST | Invalid format specifier '.4f if result['value'] e | Delay: 1.5s
2026-02-08 21:36:42,890 [DEBUG] FAILED: Bandarban | 08 | LAI | Invalid format specifier '.4f if result['value'] else 'NULL'' for object of type 'float'
2026-02-08 21:36:42,891 [DEBUG] START: Bandarban | Month 08 | FPAR
2026-02-08 21:36:43,340 [DEBUG] RETRY 1/3: Jhalokati | 08 | SOIL_MOISTURE | Invalid format specifier '.4f if result['value'] e | Delay: 1.0s
2026-02-08 21:36:43,473 [DEBUG] RETRY 2/3: Bhola | 08 | LAI | Invalid format specifier '.4f if result['value'] e | Delay: 1.5s
2026-02-08 21:36:43,553 [DEBUG] RETRY 1/3: Barisal | 08 | LAI | Invalid format specifier '.4f if result['value'] e | Delay: 1.0s
2026-02-08 21:36:43,628 [DEBUG] RETRY 1/3: Bandarban | 08 | FPAR | Invalid format specifier '.4f if result['value'] e | Delay: 1.0s
2026-02-08 21:36:43,926 [DEBUG] RETRY 2/3: Pirojpur | 08 | FPAR | Invalid format specifier '.4f if result['value'] e | Delay: 1.5s
2026-02-08 21:36:44,036 [DEBUG] FAILED: Brahamanbaria | 08 | LAI | Invalid format specifier '.4f if result['value'] else 'NULL'' for object of type 'float'
2026-02-08 21:36:44,037 [DEBUG] START: Brahamanbaria | Month 08 | FPAR
2026-02-08 21:36:44,792 [DEBUG] RETRY 1/3: Brahamanbaria | 08 | FPAR | Invalid format specifier '.4f if result['value'] e | Delay: 1.0s
2026-02-08 21:36:45,027 [DEBUG] FAILED: Patuakhali | 07 | LST | Invalid format specifier '.4f if result['value'] else 'NULL'' for object of type 'float'
2026-02-08 21:36:45,027 [DEBUG] START: Patuakhali | Month 08 | EVI
2026-02-08 21:36:45,354 [DEBUG] RETRY 2/3: Barisal | 08 | LAI | Invalid format specifier '.4f if result['value'] e | Delay: 1.5s
2026-02-08 21:36:45,457 [DEBUG] RETRY 2/3: Bandarban | 08 | FPAR | Invalid format specifier '.4f if result['value'] e | Delay: 1.5s
2026-02-08 21:36:45,825 [DEBUG] FAILED: Bhola | 08 | LAI | Invalid format specifier '.4f if result['value'] else 'NULL'' for object of type 'float'
2026-02-08 21:36:45,826 [DEBUG] START: Bhola | Month 08 | FPAR
2026-02-08 21:36:45,964 [DEBUG] RETRY 1/3: Patuakhali | 08 | EVI | Invalid format specifier '.4f if result['value'] e | Delay: 1.0s
2026-02-08 21:36:46,060 [DEBUG] RETRY 1/3: Chandpur | 08 | SOIL_MOISTURE | Invalid format specifier '.4f if result['value'] e | Delay: 1.0s
2026-02-08 21:36:46,228 [DEBUG] FAILED: Pirojpur | 08 | FPAR | Invalid format specifier '.4f if result['value'] else 'NULL'' for object of type 'float'
2026-02-08 21:36:46,228 [DEBUG] START: Pirojpur | Month 08 | SOIL_MOISTURE
2026-02-08 21:36:46,573 [DEBUG] RETRY 1/3: Bhola | 08 | FPAR | Invalid format specifier '.4f if result['value'] e | Delay: 1.0s
2026-02-08 21:36:46,789 [DEBUG] RETRY 2/3: Brahamanbaria | 08 | FPAR | Invalid format specifier '.4f if result['value'] e | Delay: 1.5s
2026-02-08 21:36:47,685 [DEBUG] FAILED: Bandarban | 08 | FPAR | Invalid format specifier '.4f if result['value'] else 'NULL'' for object of type 'float'
2026-02-08 21:36:47,686 [DEBUG] START: Bandarban | Month 08 | SOIL_MOISTURE
2026-02-08 21:36:47,914 [DEBUG] RETRY 2/3: Patuakhali | 08 | EVI | Invalid format specifier '.4f if result['value'] e | Delay: 1.5s
2026-02-08 21:36:48,362 [DEBUG] RETRY 2/3: Bhola | 08 | FPAR | Invalid format specifier '.4f if result['value'] e | Delay: 1.5s
2026-02-08 21:36:48,375 [DEBUG] FAILED: Barisal | 08 | LAI | Invalid format specifier '.4f if result['value'] else 'NULL'' for object of type 'float'
2026-02-08 21:36:48,375 [DEBUG] START: Barisal | Month 08 | FPAR
2026-02-08 21:36:49,100 [DEBUG] FAILED: Brahamanbaria | 08 | FPAR | Invalid format specifier '.4f if result['value'] else 'NULL'' for object of type 'float'
2026-02-08 21:36:49,102 [DEBUG] START: Brahamanbaria | Month 08 | SOIL_MOISTURE
2026-02-08 21:36:49,334 [DEBUG] RETRY 2/3: Jhalokati | 08 | SOIL_MOISTURE | Invalid format specifier '.4f if result['value'] e | Delay: 1.5s
2026-02-08 21:36:49,671 [DEBUG] RETRY 1/3: Pirojpur | 08 | SOIL_MOISTURE | Invalid format specifier '.4f if result['value'] e | Delay: 1.0s
2026-02-08 21:36:50,445 [DEBUG] FAILED: Patuakhali | 08 | EVI | Invalid format specifier '.4f if result['value'] else 'NULL'' for object of type 'float'
2026-02-08 21:36:50,446 [DEBUG] START: Patuakhali | Month 08 | LAI
2026-02-08 21:36:50,519 [DEBUG] RETRY 1/3: Bandarban | 08 | SOIL_MOISTURE | Invalid format specifier '.4f if result['value'] e | Delay: 1.0s
2026-02-08 21:36:51,200 [DEBUG] FAILED: Bhola | 08 | FPAR | Invalid format specifier '.4f if result['value'] else 'NULL'' for object of type 'float'
2026-02-08 21:36:51,201 [DEBUG] START: Bhola | Month 08 | SOIL_MOISTURE
2026-02-08 21:36:51,318 [DEBUG] RETRY 2/3: Chandpur | 08 | SOIL_MOISTURE | Invalid format specifier '.4f if result['value'] e | Delay: 1.5s
2026-02-08 21:36:51,431 [DEBUG] RETRY 1/3: Patuakhali | 08 | LAI | Invalid format specifier '.4f if result['value'] e | Delay: 1.0s
2026-02-08 21:36:53,249 [DEBUG] RETRY 2/3: Patuakhali | 08 | LAI | Invalid format specifier '.4f if result['value'] e | Delay: 1.5s
2026-02-08 21:36:53,574 [DEBUG] RETRY 1/3: Brahamanbaria | 08 | SOIL_MOISTURE | Invalid format specifier '.4f if result['value'] e | Delay: 1.0s
2026-02-08 21:36:54,137 [DEBUG] RETRY 2/3: Pirojpur | 08 | SOIL_MOISTURE | Invalid format specifier '.4f if result['value'] e | Delay: 1.5s
2026-02-08 21:36:54,306 [DEBUG] RETRY 1/3: Bhola | 08 | SOIL_MOISTURE | Invalid format specifier '.4f if result['value'] e | Delay: 1.0s
2026-02-08 21:36:55,160 [DEBUG] FAILED: Chandpur | 08 | SOIL_MOISTURE | Invalid format specifier '.4f if result['value'] else 'NULL'' for object of type 'float'
2026-02-08 21:36:55,161 [DEBUG] START: Chandpur | Month 08 | LST
2026-02-08 21:36:55,623 [DEBUG] FAILED: Patuakhali | 08 | LAI | Invalid format specifier '.4f if result['value'] else 'NULL'' for object of type 'float'
2026-02-08 21:36:55,623 [DEBUG] START: Patuakhali | Month 08 | FPAR
2026-02-08 21:36:55,744 [DEBUG] FAILED: Jhalokati | 08 | SOIL_MOISTURE | Invalid format specifier '.4f if result['value'] else 'NULL'' for object of type 'float'
2026-02-08 21:36:55,745 [DEBUG] START: Jhalokati | Month 08 | LST
2026-02-08 21:36:55,852 [DEBUG] RETRY 1/3: Chandpur | 08 | LST | Invalid format specifier '.4f if result['value'] e | Delay: 1.0s
2026-02-08 21:36:56,261 [DEBUG] RETRY 2/3: Bandarban | 08 | SOIL_MOISTURE | Invalid format specifier '.4f if result['value'] e | Delay: 1.5s
2026-02-08 21:36:56,500 [DEBUG] RETRY 1/3: Patuakhali | 08 | FPAR | Invalid format specifier '.4f if result['value'] e | Delay: 1.0s
2026-02-08 21:36:56,665 [DEBUG] RETRY 1/3: Jhalokati | 08 | LST | Invalid format specifier '.4f if result['value'] e | Delay: 1.0s
2026-02-08 21:36:57,594 [DEBUG] RETRY 2/3: Chandpur | 08 | LST | Invalid format specifier '.4f if result['value'] e | Delay: 1.5s
2026-02-08 21:36:58,544 [DEBUG] RETRY 2/3: Jhalokati | 08 | LST | Invalid format specifier '.4f if result['value'] e | Delay: 1.5s
2026-02-08 21:36:58,598 [DEBUG] RETRY 2/3: Patuakhali | 08 | FPAR | Invalid format specifier '.4f if result['value'] e | Delay: 1.5s
2026-02-08 21:36:58,604 [DEBUG] FAILED: Pirojpur | 08 | SOIL_MOISTURE | Invalid format specifier '.4f if result['value'] else 'NULL'' for object of type 'float'
2026-02-08 21:36:58,605 [DEBUG] START: Pirojpur | Month 08 | LST
2026-02-08 21:36:59,479 [DEBUG] RETRY 2/3: Brahamanbaria | 08 | SOIL_MOISTURE | Invalid format specifier '.4f if result['value'] e | Delay: 1.5s
2026-02-08 21:36:59,533 [DEBUG] RETRY 1/3: Pirojpur | 08 | LST | Invalid format specifier '.4f if result['value'] e | Delay: 1.0s
2026-02-08 21:36:59,924 [DEBUG] FAILED: Chandpur | 08 | LST | Invalid format specifier '.4f if result['value'] else 'NULL'' for object of type 'float'
2026-02-08 21:36:59,925 [DEBUG] START: Chandpur | Month 09 | EVI
2026-02-08 21:37:00,638 [DEBUG] RETRY 1/3: Chandpur | 09 | EVI | Invalid format specifier '.4f if result['value'] e | Delay: 1.0s
2026-02-08 21:37:00,880 [DEBUG] FAILED: Jhalokati | 08 | LST | Invalid format specifier '.4f if result['value'] else 'NULL'' for object of type 'float'
2026-02-08 21:37:00,880 [DEBUG] START: Jhalokati | Month 09 | EVI
2026-02-08 21:37:01,049 [DEBUG] FAILED: Patuakhali | 08 | FPAR | Invalid format specifier '.4f if result['value'] else 'NULL'' for object of type 'float'
2026-02-08 21:37:01,049 [DEBUG] START: Patuakhali | Month 08 | SOIL_MOISTURE
2026-02-08 21:37:01,423 [DEBUG] RETRY 2/3: Pirojpur | 08 | LST | Invalid format specifier '.4f if result['value'] e | Delay: 1.5s
2026-02-08 21:37:01,459 [DEBUG] RETRY 2/3: Bhola | 08 | SOIL_MOISTURE | Invalid format specifier '.4f if result['value'] e | Delay: 1.5s
2026-02-08 21:37:01,660 [DEBUG] RETRY 1/3: Jhalokati | 09 | EVI | Invalid format specifier '.4f if result['value'] e | Delay: 1.0s
2026-02-08 21:37:02,524 [DEBUG] RETRY 2/3: Chandpur | 09 | EVI | Invalid format specifier '.4f if result['value'] e | Delay: 1.5s
2026-02-08 21:37:02,826 [DEBUG] FAILED: Bandarban | 08 | SOIL_MOISTURE | Invalid format specifier '.4f if result['value'] else 'NULL'' for object of type 'float'
2026-02-08 21:37:02,827 [DEBUG] START: Bandarban | Month 08 | LST
2026-02-08 21:37:03,404 [DEBUG] RETRY 2/3: Jhalokati | 09 | EVI | Invalid format specifier '.4f if result['value'] e | Delay: 1.5s
2026-02-08 21:37:03,613 [DEBUG] RETRY 1/3: Bandarban | 08 | LST | Invalid format specifier '.4f if result['value'] e | Delay: 1.0s
2026-02-08 21:37:03,673 [DEBUG] FAILED: Pirojpur | 08 | LST | Invalid format specifier '.4f if result['value'] else 'NULL'' for object of type 'float'
2026-02-08 21:37:03,673 [DEBUG] START: Pirojpur | Month 09 | EVI
2026-02-08 21:37:04,464 [DEBUG] FAILED: Brahamanbaria | 08 | SOIL_MOISTURE | Invalid format specifier '.4f if result['value'] else 'NULL'' for object of type 'float'
2026-02-08 21:37:04,466 [DEBUG] START: Brahamanbaria | Month 08 | LST
2026-02-08 21:37:04,480 [DEBUG] RETRY 1/3: Pirojpur | 09 | EVI | Invalid format specifier '.4f if result['value'] e | Delay: 1.0s
2026-02-08 21:37:04,874 [DEBUG] FAILED: Chandpur | 09 | EVI | Invalid format specifier '.4f if result['value'] else 'NULL'' for object of type 'float'
2026-02-08 21:37:04,874 [DEBUG] START: Chandpur | Month 09 | LAI
2026-02-08 21:37:05,125 [DEBUG] FAILED: Bhola | 08 | SOIL_MOISTURE | Invalid format specifier '.4f if result['value'] else 'NULL'' for object of type 'float'
2026-02-08 21:37:05,126 [DEBUG] START: Bhola | Month 08 | LST
2026-02-08 21:37:05,357 [DEBUG] RETRY 1/3: Brahamanbaria | 08 | LST | Invalid format specifier '.4f if result['value'] e | Delay: 1.0s
2026-02-08 21:37:05,468 [DEBUG] RETRY 2/3: Bandarban | 08 | LST | Invalid format specifier '.4f if result['value'] e | Delay: 1.5s
2026-02-08 21:37:05,647 [DEBUG] FAILED: Jhalokati | 09 | EVI | Invalid format specifier '.4f if result['value'] else 'NULL'' for object of type 'float'
2026-02-08 21:37:05,648 [DEBUG] START: Jhalokati | Month 09 | LAI
2026-02-08 21:37:05,652 [DEBUG] RETRY 1/3: Chandpur | 09 | LAI | Invalid format specifier '.4f if result['value'] e | Delay: 1.0s
2026-02-08 21:37:05,934 [DEBUG] RETRY 1/3: Patuakhali | 08 | SOIL_MOISTURE | Invalid format specifier '.4f if result['value'] e | Delay: 1.0s
2026-02-08 21:37:06,108 [DEBUG] RETRY 1/3: Bhola | 08 | LST | Invalid format specifier '.4f if result['value'] e | Delay: 1.0s
2026-02-08 21:37:06,355 [DEBUG] RETRY 2/3: Pirojpur | 09 | EVI | Invalid format specifier '.4f if result['value'] e | Delay: 1.5s
2026-02-08 21:37:06,601 [DEBUG] RETRY 1/3: Jhalokati | 09 | LAI | Invalid format specifier '.4f if result['value'] e | Delay: 1.0s
2026-02-08 21:37:07,250 [DEBUG] RETRY 2/3: Brahamanbaria | 08 | LST | Invalid format specifier '.4f if result['value'] e | Delay: 1.5s
2026-02-08 21:37:07,386 [DEBUG] RETRY 2/3: Chandpur | 09 | LAI | Invalid format specifier '.4f if result['value'] e | Delay: 1.5s
2026-02-08 21:37:07,765 [DEBUG] FAILED: Bandarban | 08 | LST | Invalid format specifier '.4f if result['value'] else 'NULL'' for object of type 'float'
2026-02-08 21:37:07,765 [DEBUG] START: Bandarban | Month 09 | EVI
2026-02-08 21:37:07,945 [DEBUG] RETRY 2/3: Bhola | 08 | LST | Invalid format specifier '.4f if result['value'] e | Delay: 1.5s
2026-02-08 21:37:08,423 [DEBUG] RETRY 2/3: Jhalokati | 09 | LAI | Invalid format specifier '.4f if result['value'] e | Delay: 1.5s
2026-02-08 21:37:08,594 [DEBUG] RETRY 1/3: Bandarban | 09 | EVI | Invalid format specifier '.4f if result['value'] e | Delay: 1.0s
2026-02-08 21:37:08,658 [DEBUG] FAILED: Pirojpur | 09 | EVI | Invalid format specifier '.4f if result['value'] else 'NULL'' for object of type 'float'
2026-02-08 21:37:08,658 [DEBUG] START: Pirojpur | Month 09 | LAI
2026-02-08 21:37:09,473 [DEBUG] RETRY 1/3: Pirojpur | 09 | LAI | Invalid format specifier '.4f if result['value'] e | Delay: 1.0s
2026-02-08 21:37:09,537 [DEBUG] FAILED: Brahamanbaria | 08 | LST | Invalid format specifier '.4f if result['value'] else 'NULL'' for object of type 'float'
2026-02-08 21:37:09,538 [DEBUG] START: Brahamanbaria | Month 09 | EVI
2026-02-08 21:37:09,737 [DEBUG] FAILED: Chandpur | 09 | LAI | Invalid format specifier '.4f if result['value'] else 'NULL'' for object of type 'float'
2026-02-08 21:37:09,737 [DEBUG] START: Chandpur | Month 09 | FPAR
2026-02-08 21:37:09,777 [DEBUG] RETRY 2/3: Patuakhali | 08 | SOIL_MOISTURE | Invalid format specifier '.4f if result['value'] e | Delay: 1.5s
2026-02-08 21:37:10,159 [DEBUG] FAILED: Bhola | 08 | LST | Invalid format specifier '.4f if result['value'] else 'NULL'' for object of type 'float'
2026-02-08 21:37:10,159 [DEBUG] START: Bhola | Month 09 | EVI
2026-02-08 21:37:10,311 [DEBUG] RETRY 1/3: Brahamanbaria | 09 | EVI | Invalid format specifier '.4f if result['value'] e | Delay: 1.0s
2026-02-08 21:37:10,344 [DEBUG] RETRY 2/3: Bandarban | 09 | EVI | Invalid format specifier '.4f if result['value'] e | Delay: 1.5s
2026-02-08 21:37:10,661 [DEBUG] RETRY 1/3: Chandpur | 09 | FPAR | Invalid format specifier '.4f if result['value'] e | Delay: 1.0s
2026-02-08 21:37:10,752 [DEBUG] FAILED: Jhalokati | 09 | LAI | Invalid format specifier '.4f if result['value'] else 'NULL'' for object of type 'float'
2026-02-08 21:37:10,752 [DEBUG] START: Jhalokati | Month 09 | FPAR
2026-02-08 21:37:11,017 [DEBUG] RETRY 1/3: Bhola | 09 | EVI | Invalid format specifier '.4f if result['value'] e | Delay: 1.0s
2026-02-08 21:37:11,318 [DEBUG] RETRY 2/3: Pirojpur | 09 | LAI | Invalid format specifier '.4f if result['value'] e | Delay: 1.5s
2026-02-08 21:37:11,455 [DEBUG] RETRY 1/3: Jhalokati | 09 | FPAR | Invalid format specifier '.4f if result['value'] e | Delay: 1.0s
2026-02-08 21:37:12,208 [DEBUG] RETRY 2/3: Brahamanbaria | 09 | EVI | Invalid format specifier '.4f if result['value'] e | Delay: 1.5s
2026-02-08 21:37:12,483 [DEBUG] RETRY 2/3: Chandpur | 09 | FPAR | Invalid format specifier '.4f if result['value'] e | Delay: 1.5s
2026-02-08 21:37:12,714 [DEBUG] FAILED: Bandarban | 09 | EVI | Invalid format specifier '.4f if result['value'] else 'NULL'' for object of type 'float'
2026-02-08 21:37:12,714 [DEBUG] START: Bandarban | Month 09 | LAI
2026-02-08 21:37:12,789 [DEBUG] RETRY 2/3: Bhola | 09 | EVI | Invalid format specifier '.4f if result['value'] e | Delay: 1.5s
2026-02-08 21:37:13,326 [DEBUG] RETRY 2/3: Jhalokati | 09 | FPAR | Invalid format specifier '.4f if result['value'] e | Delay: 1.5s
2026-02-08 21:37:13,529 [DEBUG] RETRY 1/3: Bandarban | 09 | LAI | Invalid format specifier '.4f if result['value'] e | Delay: 1.0s
2026-02-08 21:37:13,558 [DEBUG] FAILED: Pirojpur | 09 | LAI | Invalid format specifier '.4f if result['value'] else 'NULL'' for object of type 'float'
2026-02-08 21:37:13,558 [DEBUG] START: Pirojpur | Month 09 | FPAR
2026-02-08 21:37:14,220 [DEBUG] FAILED: Patuakhali | 08 | SOIL_MOISTURE | Invalid format specifier '.4f if result['value'] else 'NULL'' for object of type 'float'
2026-02-08 21:37:14,221 [DEBUG] START: Patuakhali | Month 08 | LST
2026-02-08 21:37:14,340 [DEBUG] RETRY 1/3: Pirojpur | 09 | FPAR | Invalid format specifier '.4f if result['value'] e | Delay: 1.0s
2026-02-08 21:37:14,556 [DEBUG] FAILED: Brahamanbaria | 09 | EVI | Invalid format specifier '.4f if result['value'] else 'NULL'' for object of type 'float'
2026-02-08 21:37:14,556 [DEBUG] START: Brahamanbaria | Month 09 | LAI
2026-02-08 21:37:14,766 [DEBUG] FAILED: Chandpur | 09 | FPAR | Invalid format specifier '.4f if result['value'] else 'NULL'' for object of type 'float'
2026-02-08 21:37:14,766 [DEBUG] START: Chandpur | Month 09 | SOIL_MOISTURE
2026-02-08 21:37:15,031 [DEBUG] RETRY 1/3: Patuakhali | 08 | LST | Invalid format specifier '.4f if result['value'] e | Delay: 1.0s
2026-02-08 21:37:15,182 [DEBUG] FAILED: Bhola | 09 | EVI | Invalid format specifier '.4f if result['value'] else 'NULL'' for object of type 'float'
2026-02-08 21:37:15,183 [DEBUG] START: Bhola | Month 09 | LAI
2026-02-08 21:37:15,346 [DEBUG] RETRY 1/3: Brahamanbaria | 09 | LAI | Invalid format specifier '.4f if result['value'] e | Delay: 1.0s
2026-02-08 21:37:15,365 [DEBUG] RETRY 2/3: Bandarban | 09 | LAI | Invalid format specifier '.4f if result['value'] e | Delay: 1.5s
2026-02-08 21:37:15,696 [DEBUG] FAILED: Jhalokati | 09 | FPAR | Invalid format specifier '.4f if result['value'] else 'NULL'' for object of type 'float'
2026-02-08 21:37:15,696 [DEBUG] START: Jhalokati | Month 09 | SOIL_MOISTURE
2026-02-08 21:37:16,070 [DEBUG] RETRY 2/3: Pirojpur | 09 | FPAR | Invalid format specifier '.4f if result['value'] e | Delay: 1.5s
2026-02-08 21:37:16,161 [DEBUG] RETRY 1/3: Bhola | 09 | LAI | Invalid format specifier '.4f if result['value'] e | Delay: 1.0s
2026-02-08 21:37:16,943 [DEBUG] RETRY 2/3: Patuakhali | 08 | LST | Invalid format specifier '.4f if result['value'] e | Delay: 1.5s
2026-02-08 21:37:17,113 [DEBUG] RETRY 2/3: Brahamanbaria | 09 | LAI | Invalid format specifier '.4f if result['value'] e | Delay: 1.5s
2026-02-08 21:37:17,780 [DEBUG] FAILED: Bandarban | 09 | LAI | Invalid format specifier '.4f if result['value'] else 'NULL'' for object of type 'float'
2026-02-08 21:37:17,781 [DEBUG] START: Bandarban | Month 09 | FPAR
2026-02-08 21:37:18,012 [DEBUG] RETRY 2/3: Bhola | 09 | LAI | Invalid format specifier '.4f if result['value'] e | Delay: 1.5s
2026-02-08 21:37:18,432 [DEBUG] FAILED: Pirojpur | 09 | FPAR | Invalid format specifier '.4f if result['value'] else 'NULL'' for object of type 'float'
2026-02-08 21:37:18,432 [DEBUG] START: Pirojpur | Month 09 | SOIL_MOISTURE
2026-02-08 21:37:18,519 [DEBUG] RETRY 1/3: Bandarban | 09 | FPAR | Invalid format specifier '.4f if result['value'] e | Delay: 1.0s
2026-02-08 21:37:18,959 [DEBUG] RETRY 1/3: Chandpur | 09 | SOIL_MOISTURE | Invalid format specifier '.4f if result['value'] e | Delay: 1.0s
2026-02-08 21:37:19,334 [DEBUG] FAILED: Patuakhali | 08 | LST | Invalid format specifier '.4f if result['value'] else 'NULL'' for object of type 'float'
2026-02-08 21:37:19,337 [DEBUG] START: Patuakhali | Month 09 | EVI
2026-02-08 21:37:19,424 [DEBUG] FAILED: Brahamanbaria | 09 | LAI | Invalid format specifier '.4f if result['value'] else 'NULL'' for object of type 'float'
2026-02-08 21:37:19,424 [DEBUG] START: Brahamanbaria | Month 09 | FPAR
2026-02-08 21:37:20,042 [DEBUG] RETRY 1/3: Jhalokati | 09 | SOIL_MOISTURE | Invalid format specifier '.4f if result['value'] e | Delay: 1.0s
2026-02-08 21:37:20,144 [DEBUG] RETRY 1/3: Patuakhali | 09 | EVI | Invalid format specifier '.4f if result['value'] e | Delay: 1.0s
2026-02-08 21:37:20,146 [DEBUG] RETRY 1/3: Brahamanbaria | 09 | FPAR | Invalid format specifier '.4f if result['value'] e | Delay: 1.0s
2026-02-08 21:37:20,240 [DEBUG] FAILED: Bhola | 09 | LAI | Invalid format specifier '.4f if result['value'] else 'NULL'' for object of type 'float'
2026-02-08 21:37:20,240 [DEBUG] START: Bhola | Month 09 | FPAR
2026-02-08 21:37:20,471 [DEBUG] RETRY 2/3: Bandarban | 09 | FPAR | Invalid format specifier '.4f if result['value'] e | Delay: 1.5s
2026-02-08 21:37:21,862 [DEBUG] RETRY 1/3: Bhola | 09 | FPAR | Invalid format specifier '.4f if result['value'] e | Delay: 1.0s
2026-02-08 21:37:22,093 [DEBUG] RETRY 2/3: Brahamanbaria | 09 | FPAR | Invalid format specifier '.4f if result['value'] e | Delay: 1.5s
2026-02-08 21:37:22,245 [DEBUG] RETRY 1/3: Pirojpur | 09 | SOIL_MOISTURE | Invalid format specifier '.4f if result['value'] e | Delay: 1.0s
2026-02-08 21:37:22,742 [DEBUG] FAILED: Bandarban | 09 | FPAR | Invalid format specifier '.4f if result['value'] else 'NULL'' for object of type 'float'
2026-02-08 21:37:22,743 [DEBUG] START: Bandarban | Month 09 | SOIL_MOISTURE
2026-02-08 21:37:22,758 [DEBUG] RETRY 2/3: Patuakhali | 09 | EVI | Invalid format specifier '.4f if result['value'] e | Delay: 1.5s
2026-02-08 21:37:23,531 [DEBUG] RETRY 2/3: Chandpur | 09 | SOIL_MOISTURE | Invalid format specifier '.4f if result['value'] e | Delay: 1.5s
2026-02-08 21:37:23,583 [DEBUG] RETRY 2/3: Bhola | 09 | FPAR | Invalid format specifier '.4f if result['value'] e | Delay: 1.5s
2026-02-08 21:37:24,201 [DEBUG] RETRY 2/3: Jhalokati | 09 | SOIL_MOISTURE | Invalid format specifier '.4f if result['value'] e | Delay: 1.5s
2026-02-08 21:37:24,345 [DEBUG] FAILED: Brahamanbaria | 09 | FPAR | Invalid format specifier '.4f if result['value'] else 'NULL'' for object of type 'float'
2026-02-08 21:37:24,345 [DEBUG] START: Brahamanbaria | Month 09 | SOIL_MOISTURE
2026-02-08 21:37:25,031 [DEBUG] FAILED: Patuakhali | 09 | EVI | Invalid format specifier '.4f if result['value'] else 'NULL'' for object of type 'float'
2026-02-08 21:37:25,033 [DEBUG] START: Patuakhali | Month 09 | LAI
2026-02-08 21:37:25,283 [DEBUG] RETRY 1/3: Bandarban | 09 | SOIL_MOISTURE | Invalid format specifier '.4f if result['value'] e | Delay: 1.0s
2026-02-08 21:37:25,892 [DEBUG] FAILED: Bhola | 09 | FPAR | Invalid format specifier '.4f if result['value'] else 'NULL'' for object of type 'float'
2026-02-08 21:37:25,892 [DEBUG] START: Bhola | Month 09 | SOIL_MOISTURE
2026-02-08 21:37:25,937 [DEBUG] RETRY 1/3: Patuakhali | 09 | LAI | Invalid format specifier '.4f if result['value'] e | Delay: 1.0s
2026-02-08 21:37:28,026 [DEBUG] RETRY 2/3: Patuakhali | 09 | LAI | Invalid format specifier '.4f if result['value'] e | Delay: 1.5s
2026-02-08 21:37:28,267 [DEBUG] RETRY 2/3: Pirojpur | 09 | SOIL_MOISTURE | Invalid format specifier '.4f if result['value'] e | Delay: 1.5s
2026-02-08 21:37:28,638 [DEBUG] FAILED: Jhalokati | 09 | SOIL_MOISTURE | Invalid format specifier '.4f if result['value'] else 'NULL'' for object of type 'float'
2026-02-08 21:37:28,639 [DEBUG] START: Jhalokati | Month 09 | LST
2026-02-08 21:37:28,774 [DEBUG] RETRY 2/3: Bandarban | 09 | SOIL_MOISTURE | Invalid format specifier '.4f if result['value'] e | Delay: 1.5s
2026-02-08 21:37:29,002 [DEBUG] RETRY 1/3: Brahamanbaria | 09 | SOIL_MOISTURE | Invalid format specifier '.4f if result['value'] e | Delay: 1.0s
2026-02-08 21:37:29,366 [DEBUG] RETRY 1/3: Bhola | 09 | SOIL_MOISTURE | Invalid format specifier '.4f if result['value'] e | Delay: 1.0s
2026-02-08 21:37:29,474 [DEBUG] RETRY 1/3: Jhalokati | 09 | LST | Invalid format specifier '.4f if result['value'] e | Delay: 1.0s
2026-02-08 21:37:29,553 [DEBUG] FAILED: Chandpur | 09 | SOIL_MOISTURE | Invalid format specifier '.4f if result['value'] else 'NULL'' for object of type 'float'
2026-02-08 21:37:29,553 [DEBUG] START: Chandpur | Month 09 | LST
2026-02-08 21:37:30,419 [DEBUG] RETRY 1/3: Chandpur | 09 | LST | Invalid format specifier '.4f if result['value'] e | Delay: 1.0s
2026-02-08 21:37:30,488 [DEBUG] FAILED: Patuakhali | 09 | LAI | Invalid format specifier '.4f if result['value'] else 'NULL'' for object of type 'float'
2026-02-08 21:37:30,488 [DEBUG] START: Patuakhali | Month 09 | FPAR
2026-02-08 21:37:31,244 [DEBUG] RETRY 1/3: Patuakhali | 09 | FPAR | Invalid format specifier '.4f if result['value'] e | Delay: 1.0s
2026-02-08 21:37:31,275 [DEBUG] RETRY 2/3: Jhalokati | 09 | LST | Invalid format specifier '.4f if result['value'] e | Delay: 1.5s
2026-02-08 21:37:32,372 [DEBUG] RETRY 2/3: Chandpur | 09 | LST | Invalid format specifier '.4f if result['value'] e | Delay: 1.5s
2026-02-08 21:37:33,063 [DEBUG] RETRY 2/3: Patuakhali | 09 | FPAR | Invalid format specifier '.4f if result['value'] e | Delay: 1.5s
2026-02-08 21:37:33,588 [DEBUG] FAILED: Jhalokati | 09 | LST | Invalid format specifier '.4f if result['value'] else 'NULL'' for object of type 'float'
2026-02-08 21:37:33,589 [DEBUG] START: Jhalokati | Month 10 | EVI
2026-02-08 21:37:33,703 [DEBUG] FAILED: Pirojpur | 09 | SOIL_MOISTURE | Invalid format specifier '.4f if result['value'] else 'NULL'' for object of type 'float'
2026-02-08 21:37:33,703 [DEBUG] START: Pirojpur | Month 09 | LST
2026-02-08 21:37:34,362 [DEBUG] RETRY 1/3: Jhalokati | 10 | EVI | Invalid format specifier '.4f if result['value'] e | Delay: 1.0s
2026-02-08 21:37:34,513 [DEBUG] RETRY 2/3: Brahamanbaria | 09 | SOIL_MOISTURE | Invalid format specifier '.4f if result['value'] e | Delay: 1.5s
2026-02-08 21:37:34,550 [DEBUG] RETRY 1/3: Pirojpur | 09 | LST | Invalid format specifier '.4f if result['value'] e | Delay: 1.0s
2026-02-08 21:37:34,574 [DEBUG] FAILED: Chandpur | 09 | LST | Invalid format specifier '.4f if result['value'] else 'NULL'' for object of type 'float'
2026-02-08 21:37:34,574 [DEBUG] START: Chandpur | Month 10 | EVI
2026-02-08 21:37:35,007 [DEBUG] FAILED: Bandarban | 09 | SOIL_MOISTURE | Invalid format specifier '.4f if result['value'] else 'NULL'' for object of type 'float'
2026-02-08 21:37:35,011 [DEBUG] START: Bandarban | Month 09 | LST
2026-02-08 21:37:35,485 [DEBUG] RETRY 1/3: Chandpur | 10 | EVI | Invalid format specifier '.4f if result['value'] e | Delay: 1.0s
2026-02-08 21:37:35,756 [DEBUG] FAILED: Patuakhali | 09 | FPAR | Invalid format specifier '.4f if result['value'] else 'NULL'' for object of type 'float'
2026-02-08 21:37:35,757 [DEBUG] START: Patuakhali | Month 09 | SOIL_MOISTURE
2026-02-08 21:37:35,796 [DEBUG] RETRY 1/3: Bandarban | 09 | LST | Invalid format specifier '.4f if result['value'] e | Delay: 1.0s
2026-02-08 21:37:36,057 [DEBUG] RETRY 2/3: Bhola | 09 | SOIL_MOISTURE | Invalid format specifier '.4f if result['value'] e | Delay: 1.5s
2026-02-08 21:37:36,192 [DEBUG] RETRY 2/3: Jhalokati | 10 | EVI | Invalid format specifier '.4f if result['value'] e | Delay: 1.5s
2026-02-08 21:37:36,437 [DEBUG] RETRY 2/3: Pirojpur | 09 | LST | Invalid format specifier '.4f if result['value'] e | Delay: 1.5s
2026-02-08 21:37:37,277 [DEBUG] RETRY 2/3: Chandpur | 10 | EVI | Invalid format specifier '.4f if result['value'] e | Delay: 1.5s
2026-02-08 21:37:37,608 [DEBUG] RETRY 2/3: Bandarban | 09 | LST | Invalid format specifier '.4f if result['value'] e | Delay: 1.5s
2026-02-08 21:37:38,526 [DEBUG] FAILED: Jhalokati | 10 | EVI | Invalid format specifier '.4f if result['value'] else 'NULL'' for object of type 'float'
2026-02-08 21:37:38,526 [DEBUG] START: Jhalokati | Month 10 | LAI
2026-02-08 21:37:38,773 [DEBUG] FAILED: Pirojpur | 09 | LST | Invalid format specifier '.4f if result['value'] else 'NULL'' for object of type 'float'
2026-02-08 21:37:38,773 [DEBUG] START: Pirojpur | Month 10 | EVI
2026-02-08 21:37:39,341 [DEBUG] RETRY 1/3: Jhalokati | 10 | LAI | Invalid format specifier '.4f if result['value'] e | Delay: 1.0s
2026-02-08 21:37:39,473 [DEBUG] FAILED: Chandpur | 10 | EVI | Invalid format specifier '.4f if result['value'] else 'NULL'' for object of type 'float'
2026-02-08 21:37:39,475 [DEBUG] START: Chandpur | Month 10 | LAI
2026-02-08 21:37:39,664 [DEBUG] FAILED: Brahamanbaria | 09 | SOIL_MOISTURE | Invalid format specifier '.4f if result['value'] else 'NULL'' for object of type 'float'
2026-02-08 21:37:39,665 [DEBUG] START: Brahamanbaria | Month 09 | LST
2026-02-08 21:37:39,694 [DEBUG] RETRY 1/3: Pirojpur | 10 | EVI | Invalid format specifier '.4f if result['value'] e | Delay: 1.0s
2026-02-08 21:37:39,829 [DEBUG] FAILED: Bandarban | 09 | LST | Invalid format specifier '.4f if result['value'] else 'NULL'' for object of type 'float'
2026-02-08 21:37:39,829 [DEBUG] START: Bandarban | Month 10 | EVI
2026-02-08 21:37:39,908 [DEBUG] RETRY 1/3: Patuakhali | 09 | SOIL_MOISTURE | Invalid format specifier '.4f if result['value'] e | Delay: 1.0s
2026-02-08 21:37:40,277 [DEBUG] RETRY 1/3: Chandpur | 10 | LAI | Invalid format specifier '.4f if result['value'] e | Delay: 1.0s
2026-02-08 21:37:40,538 [DEBUG] RETRY 1/3: Bandarban | 10 | EVI | Invalid format specifier '.4f if result['value'] e | Delay: 1.0s
2026-02-08 21:37:40,549 [DEBUG] RETRY 1/3: Brahamanbaria | 09 | LST | Invalid format specifier '.4f if result['value'] e | Delay: 1.0s
2026-02-08 21:37:41,130 [DEBUG] RETRY 2/3: Jhalokati | 10 | LAI | Invalid format specifier '.4f if result['value'] e | Delay: 1.5s
2026-02-08 21:37:41,139 [DEBUG] FAILED: Bhola | 09 | SOIL_MOISTURE | Invalid format specifier '.4f if result['value'] else 'NULL'' for object of type 'float'
2026-02-08 21:37:41,140 [DEBUG] START: Bhola | Month 09 | LST
2026-02-08 21:37:41,440 [DEBUG] RETRY 2/3: Pirojpur | 10 | EVI | Invalid format specifier '.4f if result['value'] e | Delay: 1.5s
2026-02-08 21:37:41,997 [DEBUG] RETRY 1/3: Bhola | 09 | LST | Invalid format specifier '.4f if result['value'] e | Delay: 1.0s
2026-02-08 21:37:42,179 [DEBUG] RETRY 2/3: Chandpur | 10 | LAI | Invalid format specifier '.4f if result['value'] e | Delay: 1.5s
2026-02-08 21:37:42,284 [DEBUG] RETRY 2/3: Bandarban | 10 | EVI | Invalid format specifier '.4f if result['value'] e | Delay: 1.5s
2026-02-08 21:37:42,366 [DEBUG] RETRY 2/3: Brahamanbaria | 09 | LST | Invalid format specifier '.4f if result['value'] e | Delay: 1.5s
2026-02-08 21:37:43,520 [DEBUG] FAILED: Jhalokati | 10 | LAI | Invalid format specifier '.4f if result['value'] else 'NULL'' for object of type 'float'
2026-02-08 21:37:43,520 [DEBUG] START: Jhalokati | Month 10 | FPAR
2026-02-08 21:37:43,790 [DEBUG] RETRY 2/3: Bhola | 09 | LST | Invalid format specifier '.4f if result['value'] e | Delay: 1.5s
2026-02-08 21:37:43,793 [DEBUG] FAILED: Pirojpur | 10 | EVI | Invalid format specifier '.4f if result['value'] else 'NULL'' for object of type 'float'
2026-02-08 21:37:43,793 [DEBUG] START: Pirojpur | Month 10 | LAI
2026-02-08 21:37:43,883 [DEBUG] RETRY 2/3: Patuakhali | 09 | SOIL_MOISTURE | Invalid format specifier '.4f if result['value'] e | Delay: 1.5s
2026-02-08 21:37:44,225 [DEBUG] RETRY 1/3: Jhalokati | 10 | FPAR | Invalid format specifier '.4f if result['value'] e | Delay: 1.0s
2026-02-08 21:37:44,612 [DEBUG] FAILED: Brahamanbaria | 09 | LST | Invalid format specifier '.4f if result['value'] else 'NULL'' for object of type 'float'
2026-02-08 21:37:44,612 [DEBUG] START: Brahamanbaria | Month 10 | EVI
2026-02-08 21:37:44,621 [DEBUG] FAILED: Chandpur | 10 | LAI | Invalid format specifier '.4f if result['value'] else 'NULL'' for object of type 'float'
2026-02-08 21:37:44,622 [DEBUG] START: Chandpur | Month 10 | FPAR
2026-02-08 21:37:44,668 [DEBUG] FAILED: Bandarban | 10 | EVI | Invalid format specifier '.4f if result['value'] else 'NULL'' for object of type 'float'
2026-02-08 21:37:44,668 [DEBUG] START: Bandarban | Month 10 | LAI
2026-02-08 21:37:44,708 [DEBUG] RETRY 1/3: Pirojpur | 10 | LAI | Invalid format specifier '.4f if result['value'] e | Delay: 1.0s
2026-02-08 21:37:45,443 [DEBUG] RETRY 1/3: Brahamanbaria | 10 | EVI | Invalid format specifier '.4f if result['value'] e | Delay: 1.0s
2026-02-08 21:37:45,456 [DEBUG] RETRY 1/3: Chandpur | 10 | FPAR | Invalid format specifier '.4f if result['value'] e | Delay: 1.0s
2026-02-08 21:37:45,503 [DEBUG] RETRY 1/3: Bandarban | 10 | LAI | Invalid format specifier '.4f if result['value'] e | Delay: 1.0s
2026-02-08 21:37:45,980 [DEBUG] RETRY 2/3: Jhalokati | 10 | FPAR | Invalid format specifier '.4f if result['value'] e | Delay: 1.5s
2026-02-08 21:37:46,117 [DEBUG] FAILED: Bhola | 09 | LST | Invalid format specifier '.4f if result['value'] else 'NULL'' for object of type 'float'
2026-02-08 21:37:46,117 [DEBUG] START: Bhola | Month 10 | EVI
2026-02-08 21:37:46,559 [DEBUG] RETRY 2/3: Pirojpur | 10 | LAI | Invalid format specifier '.4f if result['value'] e | Delay: 1.5s
2026-02-08 21:37:47,256 [DEBUG] RETRY 2/3: Chandpur | 10 | FPAR | Invalid format specifier '.4f if result['value'] e | Delay: 1.5s
2026-02-08 21:37:47,345 [DEBUG] RETRY 2/3: Brahamanbaria | 10 | EVI | Invalid format specifier '.4f if result['value'] e | Delay: 1.5s
2026-02-08 21:37:47,352 [DEBUG] RETRY 2/3: Bandarban | 10 | LAI | Invalid format specifier '.4f if result['value'] e | Delay: 1.5s
2026-02-08 21:37:47,657 [DEBUG] RETRY 1/3: Bhola | 10 | EVI | Invalid format specifier '.4f if result['value'] e | Delay: 1.0s
2026-02-08 21:37:48,917 [DEBUG] FAILED: Pirojpur | 10 | LAI | Invalid format specifier '.4f if result['value'] else 'NULL'' for object of type 'float'
2026-02-08 21:37:48,917 [DEBUG] START: Pirojpur | Month 10 | FPAR
2026-02-08 21:37:49,013 [DEBUG] FAILED: Jhalokati | 10 | FPAR | Invalid format specifier '.4f if result['value'] else 'NULL'' for object of type 'float'
2026-02-08 21:37:49,013 [DEBUG] START: Jhalokati | Month 10 | SOIL_MOISTURE
2026-02-08 21:37:49,453 [DEBUG] RETRY 2/3: Bhola | 10 | EVI | Invalid format specifier '.4f if result['value'] e | Delay: 1.5s
2026-02-08 21:37:49,545 [DEBUG] FAILED: Chandpur | 10 | FPAR | Invalid format specifier '.4f if result['value'] else 'NULL'' for object of type 'float'
2026-02-08 21:37:49,545 [DEBUG] START: Chandpur | Month 10 | SOIL_MOISTURE
2026-02-08 21:37:49,656 [DEBUG] FAILED: Bandarban | 10 | LAI | Invalid format specifier '.4f if result['value'] else 'NULL'' for object of type 'float'
2026-02-08 21:37:49,657 [DEBUG] START: Bandarban | Month 10 | FPAR
2026-02-08 21:37:49,695 [DEBUG] RETRY 1/3: Pirojpur | 10 | FPAR | Invalid format specifier '.4f if result['value'] e | Delay: 1.0s
2026-02-08 21:37:49,706 [DEBUG] FAILED: Brahamanbaria | 10 | EVI | Invalid format specifier '.4f if result['value'] else 'NULL'' for object of type 'float'
2026-02-08 21:37:49,706 [DEBUG] START: Brahamanbaria | Month 10 | LAI
2026-02-08 21:37:50,435 [DEBUG] FAILED: Patuakhali | 09 | SOIL_MOISTURE | Invalid format specifier '.4f if result['value'] else 'NULL'' for object of type 'float'
2026-02-08 21:37:50,436 [DEBUG] START: Patuakhali | Month 09 | LST
2026-02-08 21:37:50,470 [DEBUG] RETRY 1/3: Brahamanbaria | 10 | LAI | Invalid format specifier '.4f if result['value'] e | Delay: 1.0s
2026-02-08 21:37:50,497 [DEBUG] RETRY 1/3: Bandarban | 10 | FPAR | Invalid format specifier '.4f if result['value'] e | Delay: 1.0s
2026-02-08 21:37:51,397 [DEBUG] RETRY 1/3: Patuakhali | 09 | LST | Invalid format specifier '.4f if result['value'] e | Delay: 1.0s
2026-02-08 21:37:51,798 [DEBUG] FAILED: Bhola | 10 | EVI | Invalid format specifier '.4f if result['value'] else 'NULL'' for object of type 'float'
2026-02-08 21:37:51,799 [DEBUG] START: Bhola | Month 10 | LAI
2026-02-08 21:37:52,213 [DEBUG] RETRY 2/3: Brahamanbaria | 10 | LAI | Invalid format specifier '.4f if result['value'] e | Delay: 1.5s
2026-02-08 21:37:52,319 [DEBUG] RETRY 1/3: Jhalokati | 10 | SOIL_MOISTURE | Invalid format specifier '.4f if result['value'] e | Delay: 1.0s
2026-02-08 21:37:52,352 [DEBUG] RETRY 2/3: Bandarban | 10 | FPAR | Invalid format specifier '.4f if result['value'] e | Delay: 1.5s
2026-02-08 21:37:52,554 [DEBUG] RETRY 2/3: Pirojpur | 10 | FPAR | Invalid format specifier '.4f if result['value'] e | Delay: 1.5s
2026-02-08 21:37:52,625 [DEBUG] RETRY 1/3: Bhola | 10 | LAI | Invalid format specifier '.4f if result['value'] e | Delay: 1.0s
2026-02-08 21:37:53,300 [DEBUG] RETRY 2/3: Patuakhali | 09 | LST | Invalid format specifier '.4f if result['value'] e | Delay: 1.5s
2026-02-08 21:37:53,950 [DEBUG] RETRY 1/3: Chandpur | 10 | SOIL_MOISTURE | Invalid format specifier '.4f if result['value'] e | Delay: 1.0s
2026-02-08 21:37:54,392 [DEBUG] RETRY 2/3: Bhola | 10 | LAI | Invalid format specifier '.4f if result['value'] e | Delay: 1.5s
2026-02-08 21:37:54,513 [DEBUG] FAILED: Brahamanbaria | 10 | LAI | Invalid format specifier '.4f if result['value'] else 'NULL'' for object of type 'float'
2026-02-08 21:37:54,513 [DEBUG] START: Brahamanbaria | Month 10 | FPAR
2026-02-08 21:37:54,672 [DEBUG] FAILED: Bandarban | 10 | FPAR | Invalid format specifier '.4f if result['value'] else 'NULL'' for object of type 'float'
2026-02-08 21:37:54,672 [DEBUG] START: Bandarban | Month 10 | SOIL_MOISTURE
2026-02-08 21:37:54,835 [DEBUG] FAILED: Pirojpur | 10 | FPAR | Invalid format specifier '.4f if result['value'] else 'NULL'' for object of type 'float'
2026-02-08 21:37:54,836 [DEBUG] START: Pirojpur | Month 10 | SOIL_MOISTURE
2026-02-08 21:37:55,374 [DEBUG] RETRY 1/3: Brahamanbaria | 10 | FPAR | Invalid format specifier '.4f if result['value'] e | Delay: 1.0s
2026-02-08 21:37:55,600 [DEBUG] FAILED: Patuakhali | 09 | LST | Invalid format specifier '.4f if result['value'] else 'NULL'' for object of type 'float'
2026-02-08 21:37:55,601 [DEBUG] START: Patuakhali | Month 10 | EVI
2026-02-08 21:37:56,445 [DEBUG] RETRY 1/3: Patuakhali | 10 | EVI | Invalid format specifier '.4f if result['value'] e | Delay: 1.0s
2026-02-08 21:37:56,657 [DEBUG] FAILED: Bhola | 10 | LAI | Invalid format specifier '.4f if result['value'] else 'NULL'' for object of type 'float'
2026-02-08 21:37:56,659 [DEBUG] START: Bhola | Month 10 | FPAR
2026-02-08 21:37:57,083 [DEBUG] RETRY 2/3: Brahamanbaria | 10 | FPAR | Invalid format specifier '.4f if result['value'] e | Delay: 1.5s
2026-02-08 21:37:57,391 [DEBUG] RETRY 1/3: Bandarban | 10 | SOIL_MOISTURE | Invalid format specifier '.4f if result['value'] e | Delay: 1.0s
2026-02-08 21:37:57,423 [DEBUG] RETRY 2/3: Jhalokati | 10 | SOIL_MOISTURE | Invalid format specifier '.4f if result['value'] e | Delay: 1.5s
2026-02-08 21:37:57,544 [DEBUG] RETRY 1/3: Bhola | 10 | FPAR | Invalid format specifier '.4f if result['value'] e | Delay: 1.0s
2026-02-08 21:37:58,211 [DEBUG] RETRY 2/3: Patuakhali | 10 | EVI | Invalid format specifier '.4f if result['value'] e | Delay: 1.5s
2026-02-08 21:37:58,363 [DEBUG] RETRY 1/3: Pirojpur | 10 | SOIL_MOISTURE | Invalid format specifier '.4f if result['value'] e | Delay: 1.0s
2026-02-08 21:37:58,561 [DEBUG] RETRY 2/3: Chandpur | 10 | SOIL_MOISTURE | Invalid format specifier '.4f if result['value'] e | Delay: 1.5s
2026-02-08 21:37:59,306 [DEBUG] RETRY 2/3: Bhola | 10 | FPAR | Invalid format specifier '.4f if result['value'] e | Delay: 1.5s
2026-02-08 21:37:59,458 [DEBUG] FAILED: Brahamanbaria | 10 | FPAR | Invalid format specifier '.4f if result['value'] else 'NULL'' for object of type 'float'
2026-02-08 21:37:59,459 [DEBUG] START: Brahamanbaria | Month 10 | SOIL_MOISTURE
2026-02-08 21:38:00,710 [DEBUG] FAILED: Patuakhali | 10 | EVI | Invalid format specifier '.4f if result['value'] else 'NULL'' for object of type 'float'
2026-02-08 21:38:00,711 [DEBUG] START: Patuakhali | Month 10 | LAI
2026-02-08 21:38:01,587 [DEBUG] RETRY 1/3: Patuakhali | 10 | LAI | Invalid format specifier '.4f if result['value'] e | Delay: 1.0s
2026-02-08 21:38:01,616 [DEBUG] FAILED: Bhola | 10 | FPAR | Invalid format specifier '.4f if result['value'] else 'NULL'' for object of type 'float'
2026-02-08 21:38:01,616 [DEBUG] START: Bhola | Month 10 | SOIL_MOISTURE
2026-02-08 21:38:01,801 [DEBUG] FAILED: Jhalokati | 10 | SOIL_MOISTURE | Invalid format specifier '.4f if result['value'] else 'NULL'' for object of type 'float'
2026-02-08 21:38:01,802 [DEBUG] START: Jhalokati | Month 10 | LST
2026-02-08 21:38:02,640 [DEBUG] RETRY 1/3: Jhalokati | 10 | LST | Invalid format specifier '.4f if result['value'] e | Delay: 1.0s
2026-02-08 21:38:02,933 [DEBUG] RETRY 2/3: Bandarban | 10 | SOIL_MOISTURE | Invalid format specifier '.4f if result['value'] e | Delay: 1.5s
2026-02-08 21:38:02,984 [DEBUG] RETRY 1/3: Brahamanbaria | 10 | SOIL_MOISTURE | Invalid format specifier '.4f if result['value'] e | Delay: 1.0s
2026-02-08 21:38:03,455 [DEBUG] FAILED: Chandpur | 10 | SOIL_MOISTURE | Invalid format specifier '.4f if result['value'] else 'NULL'' for object of type 'float'
2026-02-08 21:38:03,456 [DEBUG] START: Chandpur | Month 10 | LST
2026-02-08 21:38:03,629 [DEBUG] RETRY 2/3: Patuakhali | 10 | LAI | Invalid format specifier '.4f if result['value'] e | Delay: 1.5s
2026-02-08 21:38:03,784 [DEBUG] RETRY 2/3: Pirojpur | 10 | SOIL_MOISTURE | Invalid format specifier '.4f if result['value'] e | Delay: 1.5s
2026-02-08 21:38:04,331 [DEBUG] RETRY 1/3: Chandpur | 10 | LST | Invalid format specifier '.4f if result['value'] e | Delay: 1.0s
2026-02-08 21:38:04,419 [DEBUG] RETRY 2/3: Jhalokati | 10 | LST | Invalid format specifier '.4f if result['value'] e | Delay: 1.5s
2026-02-08 21:38:05,744 [DEBUG] RETRY 1/3: Bhola | 10 | SOIL_MOISTURE | Invalid format specifier '.4f if result['value'] e | Delay: 1.0s
2026-02-08 21:38:06,038 [DEBUG] RETRY 2/3: Chandpur | 10 | LST | Invalid format specifier '.4f if result['value'] e | Delay: 1.5s
2026-02-08 21:38:06,439 [DEBUG] FAILED: Patuakhali | 10 | LAI | Invalid format specifier '.4f if result['value'] else 'NULL'' for object of type 'float'
2026-02-08 21:38:06,439 [DEBUG] START: Patuakhali | Month 10 | FPAR
2026-02-08 21:38:07,046 [DEBUG] FAILED: Jhalokati | 10 | LST | Invalid format specifier '.4f if result['value'] else 'NULL'' for object of type 'float'
2026-02-08 21:38:07,046 [DEBUG] START: Jhalokati | Month 11 | EVI
2026-02-08 21:38:07,235 [DEBUG] RETRY 2/3: Brahamanbaria | 10 | SOIL_MOISTURE | Invalid format specifier '.4f if result['value'] e | Delay: 1.5s
2026-02-08 21:38:07,504 [DEBUG] RETRY 1/3: Patuakhali | 10 | FPAR | Invalid format specifier '.4f if result['value'] e | Delay: 1.0s
2026-02-08 21:38:07,983 [DEBUG] RETRY 1/3: Jhalokati | 11 | EVI | Invalid format specifier '.4f if result['value'] e | Delay: 1.0s
2026-02-08 21:38:08,286 [DEBUG] FAILED: Chandpur | 10 | LST | Invalid format specifier '.4f if result['value'] else 'NULL'' for object of type 'float'
2026-02-08 21:38:08,286 [DEBUG] START: Chandpur | Month 11 | EVI
2026-02-08 21:38:08,660 [DEBUG] FAILED: Bandarban | 10 | SOIL_MOISTURE | Invalid format specifier '.4f if result['value'] else 'NULL'' for object of type 'float'
2026-02-08 21:38:08,661 [DEBUG] START: Bandarban | Month 10 | LST
2026-02-08 21:38:09,104 [DEBUG] RETRY 1/3: Chandpur | 11 | EVI | Invalid format specifier '.4f if result['value'] e | Delay: 1.0s
2026-02-08 21:38:09,420 [DEBUG] RETRY 2/3: Patuakhali | 10 | FPAR | Invalid format specifier '.4f if result['value'] e | Delay: 1.5s
2026-02-08 21:38:09,589 [DEBUG] RETRY 1/3: Bandarban | 10 | LST | Invalid format specifier '.4f if result['value'] e | Delay: 1.0s
2026-02-08 21:38:09,685 [DEBUG] RETRY 2/3: Jhalokati | 11 | EVI | Invalid format specifier '.4f if result['value'] e | Delay: 1.5s
2026-02-08 21:38:10,044 [DEBUG] RETRY 2/3: Bhola | 10 | SOIL_MOISTURE | Invalid format specifier '.4f if result['value'] e | Delay: 1.5s
2026-02-08 21:38:10,657 [DEBUG] FAILED: Pirojpur | 10 | SOIL_MOISTURE | Invalid format specifier '.4f if result['value'] else 'NULL'' for object of type 'float'
2026-02-08 21:38:10,657 [DEBUG] START: Pirojpur | Month 10 | LST
2026-02-08 21:38:10,868 [DEBUG] RETRY 2/3: Chandpur | 11 | EVI | Invalid format specifier '.4f if result['value'] e | Delay: 1.5s
2026-02-08 21:38:11,395 [DEBUG] RETRY 2/3: Bandarban | 10 | LST | Invalid format specifier '.4f if result['value'] e | Delay: 1.5s
2026-02-08 21:38:11,764 [DEBUG] FAILED: Brahamanbaria | 10 | SOIL_MOISTURE | Invalid format specifier '.4f if result['value'] else 'NULL'' for object of type 'float'
2026-02-08 21:38:11,764 [DEBUG] START: Brahamanbaria | Month 10 | LST
2026-02-08 21:38:11,840 [DEBUG] RETRY 1/3: Pirojpur | 10 | LST | Invalid format specifier '.4f if result['value'] e | Delay: 1.0s
2026-02-08 21:38:11,958 [DEBUG] FAILED: Patuakhali | 10 | FPAR | Invalid format specifier '.4f if result['value'] else 'NULL'' for object of type 'float'
2026-02-08 21:38:11,958 [DEBUG] START: Patuakhali | Month 10 | SOIL_MOISTURE
2026-02-08 21:38:12,590 [DEBUG] RETRY 1/3: Brahamanbaria | 10 | LST | Invalid format specifier '.4f if result['value'] e | Delay: 1.0s
2026-02-08 21:38:12,810 [DEBUG] FAILED: Jhalokati | 11 | EVI | Invalid format specifier '.4f if result['value'] else 'NULL'' for object of type 'float'
2026-02-08 21:38:12,810 [DEBUG] START: Jhalokati | Month 11 | LAI
2026-02-08 21:38:13,232 [DEBUG] FAILED: Chandpur | 11 | EVI | Invalid format specifier '.4f if result['value'] else 'NULL'' for object of type 'float'
2026-02-08 21:38:13,233 [DEBUG] START: Chandpur | Month 11 | LAI
2026-02-08 21:38:13,685 [DEBUG] RETRY 1/3: Jhalokati | 11 | LAI | Invalid format specifier '.4f if result['value'] e | Delay: 1.0s
2026-02-08 21:38:13,745 [DEBUG] FAILED: Bandarban | 10 | LST | Invalid format specifier '.4f if result['value'] else 'NULL'' for object of type 'float'
2026-02-08 21:38:13,746 [DEBUG] START: Bandarban | Month 11 | EVI
2026-02-08 21:38:13,758 [DEBUG] RETRY 2/3: Pirojpur | 10 | LST | Invalid format specifier '.4f if result['value'] e | Delay: 1.5s
2026-02-08 21:38:13,973 [DEBUG] RETRY 1/3: Chandpur | 11 | LAI | Invalid format specifier '.4f if result['value'] e | Delay: 1.0s
2026-02-08 21:38:14,368 [DEBUG] RETRY 2/3: Brahamanbaria | 10 | LST | Invalid format specifier '.4f if result['value'] e | Delay: 1.5s
2026-02-08 21:38:14,606 [DEBUG] RETRY 1/3: Bandarban | 11 | EVI | Invalid format specifier '.4f if result['value'] e | Delay: 1.0s
2026-02-08 21:38:15,519 [DEBUG] RETRY 2/3: Jhalokati | 11 | LAI | Invalid format specifier '.4f if result['value'] e | Delay: 1.5s
2026-02-08 21:38:15,839 [DEBUG] RETRY 2/3: Chandpur | 11 | LAI | Invalid format specifier '.4f if result['value'] e | Delay: 1.5s
2026-02-08 21:38:16,117 [DEBUG] FAILED: Bhola | 10 | SOIL_MOISTURE | Invalid format specifier '.4f if result['value'] else 'NULL'' for object of type 'float'
2026-02-08 21:38:16,118 [DEBUG] START: Bhola | Month 10 | LST
2026-02-08 21:38:16,144 [DEBUG] FAILED: Pirojpur | 10 | LST | Invalid format specifier '.4f if result['value'] else 'NULL'' for object of type 'float'
2026-02-08 21:38:16,144 [DEBUG] START: Pirojpur | Month 11 | EVI
2026-02-08 21:38:16,390 [DEBUG] RETRY 2/3: Bandarban | 11 | EVI | Invalid format specifier '.4f if result['value'] e | Delay: 1.5s
2026-02-08 21:38:16,693 [DEBUG] FAILED: Brahamanbaria | 10 | LST | Invalid format specifier '.4f if result['value'] else 'NULL'' for object of type 'float'
2026-02-08 21:38:16,693 [DEBUG] START: Brahamanbaria | Month 11 | EVI
2026-02-08 21:38:17,156 [DEBUG] RETRY 1/3: Pirojpur | 11 | EVI | Invalid format specifier '.4f if result['value'] e | Delay: 1.0s
2026-02-08 21:38:17,196 [DEBUG] RETRY 1/3: Patuakhali | 10 | SOIL_MOISTURE | Invalid format specifier '.4f if result['value'] e | Delay: 1.0s
2026-02-08 21:38:17,611 [DEBUG] RETRY 1/3: Brahamanbaria | 11 | EVI | Invalid format specifier '.4f if result['value'] e | Delay: 1.0s
2026-02-08 21:38:17,657 [DEBUG] RETRY 1/3: Bhola | 10 | LST | Invalid format specifier '.4f if result['value'] e | Delay: 1.0s
2026-02-08 21:38:17,728 [DEBUG] FAILED: Jhalokati | 11 | LAI | Invalid format specifier '.4f if result['value'] else 'NULL'' for object of type 'float'
2026-02-08 21:38:17,729 [DEBUG] START: Jhalokati | Month 11 | FPAR
2026-02-08 21:38:18,173 [DEBUG] FAILED: Chandpur | 11 | LAI | Invalid format specifier '.4f if result['value'] else 'NULL'' for object of type 'float'
2026-02-08 21:38:18,173 [DEBUG] START: Chandpur | Month 11 | FPAR
2026-02-08 21:38:18,693 [DEBUG] FAILED: Bandarban | 11 | EVI | Invalid format specifier '.4f if result['value'] else 'NULL'' for object of type 'float'
2026-02-08 21:38:18,693 [DEBUG] START: Bandarban | Month 11 | LAI
2026-02-08 21:38:18,727 [DEBUG] RETRY 1/3: Jhalokati | 11 | FPAR | Invalid format specifier '.4f if result['value'] e | Delay: 1.0s
2026-02-08 21:38:18,971 [DEBUG] RETRY 2/3: Pirojpur | 11 | EVI | Invalid format specifier '.4f if result['value'] e | Delay: 1.5s
2026-02-08 21:38:18,993 [DEBUG] RETRY 1/3: Chandpur | 11 | FPAR | Invalid format specifier '.4f if result['value'] e | Delay: 1.0s
2026-02-08 21:38:19,400 [DEBUG] RETRY 2/3: Brahamanbaria | 11 | EVI | Invalid format specifier '.4f if result['value'] e | Delay: 1.5s
2026-02-08 21:38:19,409 [DEBUG] RETRY 1/3: Bandarban | 11 | LAI | Invalid format specifier '.4f if result['value'] e | Delay: 1.0s
2026-02-08 21:38:19,457 [DEBUG] RETRY 2/3: Bhola | 10 | LST | Invalid format specifier '.4f if result['value'] e | Delay: 1.5s
2026-02-08 21:38:20,546 [DEBUG] RETRY 2/3: Jhalokati | 11 | FPAR | Invalid format specifier '.4f if result['value'] e | Delay: 1.5s
2026-02-08 21:38:20,813 [DEBUG] RETRY 2/3: Chandpur | 11 | FPAR | Invalid format specifier '.4f if result['value'] e | Delay: 1.5s
2026-02-08 21:38:21,146 [DEBUG] RETRY 2/3: Bandarban | 11 | LAI | Invalid format specifier '.4f if result['value'] e | Delay: 1.5s
2026-02-08 21:38:21,152 [DEBUG] FAILED: Pirojpur | 11 | EVI | Invalid format specifier '.4f if result['value'] else 'NULL'' for object of type 'float'
2026-02-08 21:38:21,153 [DEBUG] START: Pirojpur | Month 11 | LAI
2026-02-08 21:38:21,732 [DEBUG] FAILED: Brahamanbaria | 11 | EVI | Invalid format specifier '.4f if result['value'] else 'NULL'' for object of type 'float'
2026-02-08 21:38:21,732 [DEBUG] START: Brahamanbaria | Month 11 | LAI
2026-02-08 21:38:22,028 [DEBUG] RETRY 1/3: Pirojpur | 11 | LAI | Invalid format specifier '.4f if result['value'] e | Delay: 1.0s
2026-02-08 21:38:22,048 [DEBUG] FAILED: Bhola | 10 | LST | Invalid format specifier '.4f if result['value'] else 'NULL'' for object of type 'float'
2026-02-08 21:38:22,049 [DEBUG] START: Bhola | Month 11 | EVI
2026-02-08 21:38:22,521 [DEBUG] RETRY 1/3: Brahamanbaria | 11 | LAI | Invalid format specifier '.4f if result['value'] e | Delay: 1.0s
2026-02-08 21:38:22,805 [DEBUG] RETRY 1/3: Bhola | 11 | EVI | Invalid format specifier '.4f if result['value'] e | Delay: 1.0s
2026-02-08 21:38:22,875 [DEBUG] FAILED: Jhalokati | 11 | FPAR | Invalid format specifier '.4f if result['value'] else 'NULL'' for object of type 'float'
2026-02-08 21:38:22,875 [DEBUG] START: Jhalokati | Month 11 | SOIL_MOISTURE
2026-02-08 21:38:22,960 [DEBUG] RETRY 2/3: Patuakhali | 10 | SOIL_MOISTURE | Invalid format specifier '.4f if result['value'] e | Delay: 1.5s
2026-02-08 21:38:23,196 [DEBUG] FAILED: Chandpur | 11 | FPAR | Invalid format specifier '.4f if result['value'] else 'NULL'' for object of type 'float'
2026-02-08 21:38:23,196 [DEBUG] START: Chandpur | Month 11 | SOIL_MOISTURE
2026-02-08 21:38:23,505 [DEBUG] FAILED: Bandarban | 11 | LAI | Invalid format specifier '.4f if result['value'] else 'NULL'' for object of type 'float'
2026-02-08 21:38:23,505 [DEBUG] START: Bandarban | Month 11 | FPAR
2026-02-08 21:38:23,718 [DEBUG] RETRY 2/3: Pirojpur | 11 | LAI | Invalid format specifier '.4f if result['value'] e | Delay: 1.5s
2026-02-08 21:38:24,361 [DEBUG] RETRY 1/3: Bandarban | 11 | FPAR | Invalid format specifier '.4f if result['value'] e | Delay: 1.0s
2026-02-08 21:38:24,422 [DEBUG] RETRY 2/3: Brahamanbaria | 11 | LAI | Invalid format specifier '.4f if result['value'] e | Delay: 1.5s
2026-02-08 21:38:24,543 [DEBUG] RETRY 2/3: Bhola | 11 | EVI | Invalid format specifier '.4f if result['value'] e | Delay: 1.5s
2026-02-08 21:38:25,608 [DEBUG] RETRY 1/3: Chandpur | 11 | SOIL_MOISTURE | Invalid format specifier '.4f if result['value'] e | Delay: 1.0s
2026-02-08 21:38:25,971 [DEBUG] FAILED: Pirojpur | 11 | LAI | Invalid format specifier '.4f if result['value'] else 'NULL'' for object of type 'float'
2026-02-08 21:38:25,972 [DEBUG] START: Pirojpur | Month 11 | FPAR
2026-02-08 21:38:26,215 [DEBUG] RETRY 2/3: Bandarban | 11 | FPAR | Invalid format specifier '.4f if result['value'] e | Delay: 1.5s
2026-02-08 21:38:26,776 [DEBUG] FAILED: Brahamanbaria | 11 | LAI | Invalid format specifier '.4f if result['value'] else 'NULL'' for object of type 'float'
2026-02-08 21:38:26,776 [DEBUG] START: Brahamanbaria | Month 11 | FPAR
2026-02-08 21:38:26,847 [DEBUG] FAILED: Bhola | 11 | EVI | Invalid format specifier '.4f if result['value'] else 'NULL'' for object of type 'float'
2026-02-08 21:38:26,847 [DEBUG] START: Bhola | Month 11 | LAI
2026-02-08 21:38:26,856 [DEBUG] RETRY 1/3: Pirojpur | 11 | FPAR | Invalid format specifier '.4f if result['value'] e | Delay: 1.0s
2026-02-08 21:38:27,395 [DEBUG] FAILED: Patuakhali | 10 | SOIL_MOISTURE | Invalid format specifier '.4f if result['value'] else 'NULL'' for object of type 'float'
2026-02-08 21:38:27,395 [DEBUG] START: Patuakhali | Month 10 | LST
2026-02-08 21:38:27,635 [DEBUG] RETRY 1/3: Brahamanbaria | 11 | FPAR | Invalid format specifier '.4f if result['value'] e | Delay: 1.0s
2026-02-08 21:38:27,643 [DEBUG] RETRY 1/3: Bhola | 11 | LAI | Invalid format specifier '.4f if result['value'] e | Delay: 1.0s
2026-02-08 21:38:27,684 [DEBUG] RETRY 1/3: Jhalokati | 11 | SOIL_MOISTURE | Invalid format specifier '.4f if result['value'] e | Delay: 1.0s
2026-02-08 21:38:29,044 [DEBUG] FAILED: Bandarban | 11 | FPAR | Invalid format specifier '.4f if result['value'] else 'NULL'' for object of type 'float'
2026-02-08 21:38:29,046 [DEBUG] START: Bandarban | Month 11 | SOIL_MOISTURE
2026-02-08 21:38:29,058 [DEBUG] RETRY 1/3: Patuakhali | 10 | LST | Invalid format specifier '.4f if result['value'] e | Delay: 1.0s
2026-02-08 21:38:29,416 [DEBUG] RETRY 2/3: Pirojpur | 11 | FPAR | Invalid format specifier '.4f if result['value'] e | Delay: 1.5s
2026-02-08 21:38:29,447 [DEBUG] RETRY 2/3: Bhola | 11 | LAI | Invalid format specifier '.4f if result['value'] e | Delay: 1.5s
2026-02-08 21:38:29,541 [DEBUG] RETRY 2/3: Brahamanbaria | 11 | FPAR | Invalid format specifier '.4f if result['value'] e | Delay: 1.5s
2026-02-08 21:38:30,220 [DEBUG] RETRY 2/3: Chandpur | 11 | SOIL_MOISTURE | Invalid format specifier '.4f if result['value'] e | Delay: 1.5s
2026-02-08 21:38:31,004 [DEBUG] RETRY 2/3: Patuakhali | 10 | LST | Invalid format specifier '.4f if result['value'] e | Delay: 1.5s
2026-02-08 21:38:31,771 [DEBUG] FAILED: Brahamanbaria | 11 | FPAR | Invalid format specifier '.4f if result['value'] else 'NULL'' for object of type 'float'
2026-02-08 21:38:31,771 [DEBUG] START: Brahamanbaria | Month 11 | SOIL_MOISTURE
2026-02-08 21:38:31,913 [DEBUG] FAILED: Bhola | 11 | LAI | Invalid format specifier '.4f if result['value'] else 'NULL'' for object of type 'float'
2026-02-08 21:38:31,913 [DEBUG] START: Bhola | Month 11 | FPAR
2026-02-08 21:38:31,920 [DEBUG] FAILED: Pirojpur | 11 | FPAR | Invalid format specifier '.4f if result['value'] else 'NULL'' for object of type 'float'
2026-02-08 21:38:31,920 [DEBUG] START: Pirojpur | Month 11 | SOIL_MOISTURE
2026-02-08 21:38:32,734 [DEBUG] RETRY 1/3: Bhola | 11 | FPAR | Invalid format specifier '.4f if result['value'] e | Delay: 1.0s
2026-02-08 21:38:32,933 [DEBUG] RETRY 2/3: Jhalokati | 11 | SOIL_MOISTURE | Invalid format specifier '.4f if result['value'] e | Delay: 1.5s
2026-02-08 21:38:33,421 [DEBUG] FAILED: Patuakhali | 10 | LST | Invalid format specifier '.4f if result['value'] else 'NULL'' for object of type 'float'
2026-02-08 21:38:33,421 [DEBUG] START: Patuakhali | Month 11 | EVI
2026-02-08 21:38:33,610 [DEBUG] RETRY 1/3: Bandarban | 11 | SOIL_MOISTURE | Invalid format specifier '.4f if result['value'] e | Delay: 1.0s
2026-02-08 21:38:34,402 [DEBUG] RETRY 1/3: Patuakhali | 11 | EVI | Invalid format specifier '.4f if result['value'] e | Delay: 1.0s
2026-02-08 21:38:34,551 [DEBUG] RETRY 2/3: Bhola | 11 | FPAR | Invalid format specifier '.4f if result['value'] e | Delay: 1.5s
2026-02-08 21:38:34,814 [DEBUG] RETRY 1/3: Brahamanbaria | 11 | SOIL_MOISTURE | Invalid format specifier '.4f if result['value'] e | Delay: 1.0s
2026-02-08 21:38:35,164 [DEBUG] RETRY 1/3: Pirojpur | 11 | SOIL_MOISTURE | Invalid format specifier '.4f if result['value'] e | Delay: 1.0s
2026-02-08 21:38:36,841 [DEBUG] FAILED: Bhola | 11 | FPAR | Invalid format specifier '.4f if result['value'] else 'NULL'' for object of type 'float'
2026-02-08 21:38:36,842 [DEBUG] START: Bhola | Month 11 | SOIL_MOISTURE
2026-02-08 21:38:36,861 [DEBUG] FAILED: Chandpur | 11 | SOIL_MOISTURE | Invalid format specifier '.4f if result['value'] else 'NULL'' for object of type 'float'
2026-02-08 21:38:36,862 [DEBUG] START: Chandpur | Month 11 | LST
2026-02-08 21:38:37,095 [DEBUG] RETRY 2/3: Patuakhali | 11 | EVI | Invalid format specifier '.4f if result['value'] e | Delay: 1.5s
2026-02-08 21:38:37,790 [DEBUG] RETRY 1/3: Chandpur | 11 | LST | Invalid format specifier '.4f if result['value'] e | Delay: 1.0s
2026-02-08 21:38:38,483 [DEBUG] RETRY 2/3: Bandarban | 11 | SOIL_MOISTURE | Invalid format specifier '.4f if result['value'] e | Delay: 1.5s
2026-02-08 21:38:38,483 [DEBUG] RETRY 2/3: Brahamanbaria | 11 | SOIL_MOISTURE | Invalid format specifier '.4f if result['value'] e | Delay: 1.5s
2026-02-08 21:38:38,727 [DEBUG] RETRY 2/3: Pirojpur | 11 | SOIL_MOISTURE | Invalid format specifier '.4f if result['value'] e | Delay: 1.5s
2026-02-08 21:38:38,838 [DEBUG] FAILED: Jhalokati | 11 | SOIL_MOISTURE | Invalid format specifier '.4f if result['value'] else 'NULL'' for object of type 'float'
2026-02-08 21:38:38,838 [DEBUG] START: Jhalokati | Month 11 | LST
2026-02-08 21:38:39,529 [DEBUG] FAILED: Patuakhali | 11 | EVI | Invalid format specifier '.4f if result['value'] else 'NULL'' for object of type 'float'
2026-02-08 21:38:39,529 [DEBUG] START: Patuakhali | Month 11 | LAI
2026-02-08 21:38:39,648 [DEBUG] RETRY 2/3: Chandpur | 11 | LST | Invalid format specifier '.4f if result['value'] e | Delay: 1.5s
2026-02-08 21:38:39,798 [DEBUG] RETRY 1/3: Jhalokati | 11 | LST | Invalid format specifier '.4f if result['value'] e | Delay: 1.0s
2026-02-08 21:38:40,525 [DEBUG] RETRY 1/3: Patuakhali | 11 | LAI | Invalid format specifier '.4f if result['value'] e | Delay: 1.0s
2026-02-08 21:38:41,625 [DEBUG] RETRY 2/3: Jhalokati | 11 | LST | Invalid format specifier '.4f if result['value'] e | Delay: 1.5s
2026-02-08 21:38:41,720 [DEBUG] RETRY 1/3: Bhola | 11 | SOIL_MOISTURE | Invalid format specifier '.4f if result['value'] e | Delay: 1.0s
2026-02-08 21:38:42,044 [DEBUG] FAILED: Chandpur | 11 | LST | Invalid format specifier '.4f if result['value'] else 'NULL'' for object of type 'float'
2026-02-08 21:38:42,044 [DEBUG] START: Chandpur | Month 12 | EVI
2026-02-08 21:38:42,424 [DEBUG] RETRY 2/3: Patuakhali | 11 | LAI | Invalid format specifier '.4f if result['value'] e | Delay: 1.5s
2026-02-08 21:38:42,770 [DEBUG] RETRY 1/3: Chandpur | 12 | EVI | Invalid format specifier '.4f if result['value'] e | Delay: 1.0s
2026-02-08 21:38:42,826 [DEBUG] FAILED: Pirojpur | 11 | SOIL_MOISTURE | Invalid format specifier '.4f if result['value'] else 'NULL'' for object of type 'float'
2026-02-08 21:38:42,826 [DEBUG] START: Pirojpur | Month 11 | LST
2026-02-08 21:38:43,215 [DEBUG] FAILED: Brahamanbaria | 11 | SOIL_MOISTURE | Invalid format specifier '.4f if result['value'] else 'NULL'' for object of type 'float'
2026-02-08 21:38:43,216 [DEBUG] START: Brahamanbaria | Month 11 | LST
2026-02-08 21:38:43,626 [DEBUG] RETRY 1/3: Pirojpur | 11 | LST | Invalid format specifier '.4f if result['value'] e | Delay: 1.0s
2026-02-08 21:38:43,822 [DEBUG] FAILED: Bandarban | 11 | SOIL_MOISTURE | Invalid format specifier '.4f if result['value'] else 'NULL'' for object of type 'float'
2026-02-08 21:38:43,822 [DEBUG] START: Bandarban | Month 11 | LST
2026-02-08 21:38:43,836 [DEBUG] FAILED: Jhalokati | 11 | LST | Invalid format specifier '.4f if result['value'] else 'NULL'' for object of type 'float'
2026-02-08 21:38:43,836 [DEBUG] START: Jhalokati | Month 12 | EVI
2026-02-08 21:38:44,073 [DEBUG] RETRY 1/3: Brahamanbaria | 11 | LST | Invalid format specifier '.4f if result['value'] e | Delay: 1.0s
2026-02-08 21:38:44,633 [DEBUG] RETRY 2/3: Chandpur | 12 | EVI | Invalid format specifier '.4f if result['value'] e | Delay: 1.5s
2026-02-08 21:38:44,634 [DEBUG] RETRY 1/3: Jhalokati | 12 | EVI | Invalid format specifier '.4f if result['value'] e | Delay: 1.0s
2026-02-08 21:38:44,696 [DEBUG] FAILED: Patuakhali | 11 | LAI | Invalid format specifier '.4f if result['value'] else 'NULL'' for object of type 'float'
2026-02-08 21:38:44,696 [DEBUG] START: Patuakhali | Month 11 | FPAR
2026-02-08 21:38:45,621 [DEBUG] RETRY 2/3: Pirojpur | 11 | LST | Invalid format specifier '.4f if result['value'] e | Delay: 1.5s
2026-02-08 21:38:45,823 [DEBUG] RETRY 1/3: Patuakhali | 11 | FPAR | Invalid format specifier '.4f if result['value'] e | Delay: 1.0s
2026-02-08 21:38:45,944 [DEBUG] RETRY 2/3: Brahamanbaria | 11 | LST | Invalid format specifier '.4f if result['value'] e | Delay: 1.5s
2026-02-08 21:38:46,475 [DEBUG] RETRY 2/3: Jhalokati | 12 | EVI | Invalid format specifier '.4f if result['value'] e | Delay: 1.5s
2026-02-08 21:38:46,879 [DEBUG] FAILED: Chandpur | 12 | EVI | Invalid format specifier '.4f if result['value'] else 'NULL'' for object of type 'float'
2026-02-08 21:38:46,879 [DEBUG] START: Chandpur | Month 12 | LAI
2026-02-08 21:38:47,614 [DEBUG] RETRY 2/3: Patuakhali | 11 | FPAR | Invalid format specifier '.4f if result['value'] e | Delay: 1.5s
2026-02-08 21:38:47,799 [DEBUG] RETRY 1/3: Chandpur | 12 | LAI | Invalid format specifier '.4f if result['value'] e | Delay: 1.0s
2026-02-08 21:38:48,067 [DEBUG] FAILED: Pirojpur | 11 | LST | Invalid format specifier '.4f if result['value'] else 'NULL'' for object of type 'float'
2026-02-08 21:38:48,068 [DEBUG] START: Pirojpur | Month 12 | EVI
2026-02-08 21:38:48,080 [DEBUG] RETRY 2/3: Bhola | 11 | SOIL_MOISTURE | Invalid format specifier '.4f if result['value'] e | Delay: 1.5s
2026-02-08 21:38:48,324 [DEBUG] FAILED: Brahamanbaria | 11 | LST | Invalid format specifier '.4f if result['value'] else 'NULL'' for object of type 'float'
2026-02-08 21:38:48,324 [DEBUG] START: Brahamanbaria | Month 12 | EVI
2026-02-08 21:38:48,758 [DEBUG] FAILED: Jhalokati | 12 | EVI | Invalid format specifier '.4f if result['value'] else 'NULL'' for object of type 'float'
2026-02-08 21:38:48,760 [DEBUG] START: Jhalokati | Month 12 | LAI
2026-02-08 21:38:48,990 [DEBUG] RETRY 1/3: Pirojpur | 12 | EVI | Invalid format specifier '.4f if result['value'] e | Delay: 1.0s
2026-02-08 21:38:49,007 [DEBUG] RETRY 1/3: Brahamanbaria | 12 | EVI | Invalid format specifier '.4f if result['value'] e | Delay: 1.0s
2026-02-08 21:38:49,482 [DEBUG] RETRY 1/3: Jhalokati | 12 | LAI | Invalid format specifier '.4f if result['value'] e | Delay: 1.0s
2026-02-08 21:38:49,535 [DEBUG] RETRY 2/3: Chandpur | 12 | LAI | Invalid format specifier '.4f if result['value'] e | Delay: 1.5s
2026-02-08 21:38:50,177 [DEBUG] FAILED: Patuakhali | 11 | FPAR | Invalid format specifier '.4f if result['value'] else 'NULL'' for object of type 'float'
2026-02-08 21:38:50,177 [DEBUG] START: Patuakhali | Month 11 | SOIL_MOISTURE
2026-02-08 21:38:50,793 [DEBUG] RETRY 2/3: Pirojpur | 12 | EVI | Invalid format specifier '.4f if result['value'] e | Delay: 1.5s
2026-02-08 21:38:50,816 [DEBUG] RETRY 2/3: Brahamanbaria | 12 | EVI | Invalid format specifier '.4f if result['value'] e | Delay: 1.5s
2026-02-08 21:38:51,330 [DEBUG] RETRY 2/3: Jhalokati | 12 | LAI | Invalid format specifier '.4f if result['value'] e | Delay: 1.5s
2026-02-08 21:38:51,869 [DEBUG] FAILED: Chandpur | 12 | LAI | Invalid format specifier '.4f if result['value'] else 'NULL'' for object of type 'float'
2026-02-08 21:38:51,869 [DEBUG] START: Chandpur | Month 12 | FPAR
2026-02-08 21:38:52,663 [DEBUG] RETRY 1/3: Chandpur | 12 | FPAR | Invalid format specifier '.4f if result['value'] e | Delay: 1.0s
2026-02-08 21:38:53,074 [DEBUG] FAILED: Bhola | 11 | SOIL_MOISTURE | Invalid format specifier '.4f if result['value'] else 'NULL'' for object of type 'float'
2026-02-08 21:38:53,074 [DEBUG] START: Bhola | Month 11 | LST
2026-02-08 21:38:53,116 [DEBUG] FAILED: Brahamanbaria | 12 | EVI | Invalid format specifier '.4f if result['value'] else 'NULL'' for object of type 'float'
2026-02-08 21:38:53,116 [DEBUG] START: Brahamanbaria | Month 12 | LAI
2026-02-08 21:38:53,193 [DEBUG] FAILED: Pirojpur | 12 | EVI | Invalid format specifier '.4f if result['value'] else 'NULL'' for object of type 'float'
2026-02-08 21:38:53,193 [DEBUG] START: Pirojpur | Month 12 | LAI
2026-02-08 21:38:53,591 [DEBUG] FAILED: Jhalokati | 12 | LAI | Invalid format specifier '.4f if result['value'] else 'NULL'' for object of type 'float'
2026-02-08 21:38:53,591 [DEBUG] START: Jhalokati | Month 12 | FPAR
2026-02-08 21:38:53,918 [DEBUG] RETRY 1/3: Bhola | 11 | LST | Invalid format specifier '.4f if result['value'] e | Delay: 1.0s
2026-02-08 21:38:53,926 [DEBUG] RETRY 1/3: Pirojpur | 12 | LAI | Invalid format specifier '.4f if result['value'] e | Delay: 1.0s
2026-02-08 21:38:53,971 [DEBUG] RETRY 1/3: Brahamanbaria | 12 | LAI | Invalid format specifier '.4f if result['value'] e | Delay: 1.0s
2026-02-08 21:38:54,131 [DEBUG] RETRY 1/3: Patuakhali | 11 | SOIL_MOISTURE | Invalid format specifier '.4f if result['value'] e | Delay: 1.0s
2026-02-08 21:38:54,339 [DEBUG] RETRY 1/3: Jhalokati | 12 | FPAR | Invalid format specifier '.4f if result['value'] e | Delay: 1.0s
2026-02-08 21:38:54,410 [DEBUG] RETRY 2/3: Chandpur | 12 | FPAR | Invalid format specifier '.4f if result['value'] e | Delay: 1.5s
2026-02-08 21:38:55,686 [DEBUG] RETRY 2/3: Pirojpur | 12 | LAI | Invalid format specifier '.4f if result['value'] e | Delay: 1.5s
2026-02-08 21:38:55,688 [DEBUG] RETRY 2/3: Brahamanbaria | 12 | LAI | Invalid format specifier '.4f if result['value'] e | Delay: 1.5s
2026-02-08 21:38:55,704 [DEBUG] RETRY 2/3: Bhola | 11 | LST | Invalid format specifier '.4f if result['value'] e | Delay: 1.5s
2026-02-08 21:38:56,196 [DEBUG] RETRY 2/3: Jhalokati | 12 | FPAR | Invalid format specifier '.4f if result['value'] e | Delay: 1.5s
2026-02-08 21:38:56,689 [DEBUG] FAILED: Chandpur | 12 | FPAR | Invalid format specifier '.4f if result['value'] else 'NULL'' for object of type 'float'
2026-02-08 21:38:56,690 [DEBUG] START: Chandpur | Month 12 | SOIL_MOISTURE
2026-02-08 21:38:58,110 [DEBUG] FAILED: Pirojpur | 12 | LAI | Invalid format specifier '.4f if result['value'] else 'NULL'' for object of type 'float'
2026-02-08 21:38:58,110 [DEBUG] START: Pirojpur | Month 12 | FPAR
2026-02-08 21:38:58,122 [DEBUG] FAILED: Brahamanbaria | 12 | LAI | Invalid format specifier '.4f if result['value'] else 'NULL'' for object of type 'float'
2026-02-08 21:38:58,123 [DEBUG] START: Brahamanbaria | Month 12 | FPAR
2026-02-08 21:38:58,143 [DEBUG] FAILED: Bhola | 11 | LST | Invalid format specifier '.4f if result['value'] else 'NULL'' for object of type 'float'
2026-02-08 21:38:58,144 [DEBUG] START: Bhola | Month 12 | EVI
2026-02-08 21:38:58,480 [DEBUG] FAILED: Jhalokati | 12 | FPAR | Invalid format specifier '.4f if result['value'] else 'NULL'' for object of type 'float'
2026-02-08 21:38:58,482 [DEBUG] START: Jhalokati | Month 12 | SOIL_MOISTURE
2026-02-08 21:38:58,869 [DEBUG] RETRY 1/3: Pirojpur | 12 | FPAR | Invalid format specifier '.4f if result['value'] e | Delay: 1.0s
2026-02-08 21:38:58,871 [DEBUG] RETRY 2/3: Patuakhali | 11 | SOIL_MOISTURE | Invalid format specifier '.4f if result['value'] e | Delay: 1.5s
2026-02-08 21:38:58,887 [DEBUG] RETRY 1/3: Bhola | 12 | EVI | Invalid format specifier '.4f if result['value'] e | Delay: 1.0s
2026-02-08 21:38:58,898 [DEBUG] RETRY 1/3: Brahamanbaria | 12 | FPAR | Invalid format specifier '.4f if result['value'] e | Delay: 1.0s
2026-02-08 21:38:59,386 [DEBUG] RETRY 1/3: Chandpur | 12 | SOIL_MOISTURE | Invalid format specifier '.4f if result['value'] e | Delay: 1.0s
2026-02-08 21:39:00,734 [DEBUG] RETRY 2/3: Brahamanbaria | 12 | FPAR | Invalid format specifier '.4f if result['value'] e | Delay: 1.5s
2026-02-08 21:39:00,758 [DEBUG] RETRY 2/3: Pirojpur | 12 | FPAR | Invalid format specifier '.4f if result['value'] e | Delay: 1.5s
2026-02-08 21:39:00,774 [DEBUG] RETRY 2/3: Bhola | 12 | EVI | Invalid format specifier '.4f if result['value'] e | Delay: 1.5s
2026-02-08 21:39:01,318 [DEBUG] RETRY 1/3: Jhalokati | 12 | SOIL_MOISTURE | Invalid format specifier '.4f if result['value'] e | Delay: 1.0s
