year,load_time,state_alpha,county_ansi,util_practice_desc,state_ansi,reference_period_desc,asd_desc,state_name,domain_desc,sector_desc,end_code,county_name,region_desc,prodn_practice_desc,domaincat_desc,class_desc,location_desc,agg_level_desc,asd_code,freq_desc,group_desc,Value,unit_desc,zip_5,statisticcat_desc,county_code,begin_code,week_ending,watershed_desc,country_name,short_desc,state_fips_code,commodity_desc,source_desc,watershed_code,congr_district_code,CV (%),country_code
2022,2024-07-02 12:00:00.000,IA,021,GRAIN,19,YEAR,NORTHWEST,IOWA,TOTAL,CROPS,00,BUENA VISTA,,IRRIGATED,NOT SPECIFIED,ALL CLASSES,"IOWA, NORTHWEST, BUENA VISTA",COUNTY,10,ANNUAL,FIELD CROPS,                 (D),ACRES,,AREA HARVESTED,021,00,,,UNITED STATES,"CORN, GRAIN, IRRIGATED - ACRES HARVESTED",19,CORN,CENSUS,00000000,,(D),9000
2017,2018-02-01 00:00:00.000,IA,021,GRAIN,19,YEAR,NORTHWEST,IOWA,TOTAL,CROPS,00,BUENA VISTA,,IRRIGATED,NOT SPECIFIED,ALL CLASSES,"IOWA, NORTHWEST, BUENA VISTA",COUNTY,10,ANNUAL,FIELD CROPS,                 (D),ACRES,,AREA HARVESTED,021,00,,,UNITED STATES,"CORN, GRAIN, IRRIGATED - ACRES HARVESTED",19,CORN,CENSUS,00000000,,(D),9000
2012,2012-12-31 00:00:00.000,IA,021,GRAIN,19,YEAR,NORTHWEST,IOWA,TOTAL,CROPS,00,BUENA VISTA,,IRRIGATED,NOT SPECIFIED,ALL CLASSES,"IOWA, NORTHWEST, BUENA VISTA",COUNTY,10,ANNUAL,FIELD CROPS,618,ACRES,,AREA HARVESTED,021,00,,,UNITED STATES,"CORN, GRAIN, IRRIGATED - ACRES HARVESTED",19,CORN,CENSUS,00000000,,13.0,9000
2002,2012-01-01 00:00:00.000,IA,021,GRAIN,19,YEAR,NORTHWEST,IOWA,TOTAL,CROPS,00,BUENA VISTA,,IRRIGATED,NOT SPECIFIED,ALL CLASSES,"IOWA, NORTHWEST, BUENA VISTA",COUNTY,10,ANNUAL,FIELD CROPS,                 (D),ACRES,,AREA HARVESTED,021,00,,,UNITED STATES,"CORN, GRAIN, IRRIGATED - ACRES HARVESTED",19,CORN,CENSUS,00000000,,,9000
2022,2024-07-02 12:00:00.000,IA,041,GRAIN,19,YEAR,NORTHWEST,IOWA,TOTAL,CROPS,00,CLAY,,IRRIGATED,NOT SPECIFIED,ALL CLASSES,"IOWA, NORTHWEST, CLAY",COUNTY,10,ANNUAL,FIELD CROPS,300,ACRES,,AREA HARVESTED,041,00,,,UNITED STATES,"CORN, GRAIN, IRRIGATED - ACRES HARVESTED",19,CORN,CENSUS,00000000,,18.8,9000
2017,2018-02-01 00:00:00.000,IA,041,GRAIN,19,YEAR,NORTHWEST,IOWA,TOTAL,CROPS,00,CLAY,,IRRIGATED,NOT SPECIFIED,ALL CLASSES,"IOWA, NORTHWEST, CLAY",COUNTY,10,ANNUAL,FIELD CROPS,380,ACRES,,AREA HARVESTED,041,00,,,UNITED STATES,"CORN, GRAIN, IRRIGATED - ACRES HARVESTED",19,CORN,CENSUS,00000000,,25.6,9000
2012,2012-12-31 00:00:00.000,IA,041,GRAIN,19,YEAR,NORTHWEST,IOWA,TOTAL,CROPS,00,CLAY,,IRRIGATED,NOT SPECIFIED,ALL CLASSES,"IOWA, NORTHWEST, CLAY",COUNTY,10,ANNUAL,FIELD CROPS,                 (D),ACRES,,AREA HARVESTED,041,00,,,UNITED STATES,"CORN, GRAIN, IRRIGATED - ACRES HARVESTED",19,CORN,CENSUS,00000000,,(D),9000
2007,2012-01-01 00:00:00.000,IA,041,GRAIN,19,YEAR,NORTHWEST,IOWA,TOTAL,CROPS,00,CLAY,,IRRIGATED,NOT SPECIFIED,ALL CLASSES,"IOWA, NORTHWEST, CLAY",COUNTY,10,ANNUAL,FIELD CROPS,                 (D),ACRES,,AREA HARVESTED,041,00,,,UNITED STATES,"CORN, GRAIN, IRRIGATED - ACRES HARVESTED",19,CORN,CENSUS,00000000,,,9000
2002,2012-01-01 00:00:00.000,IA,041,GRAIN,19,YEAR,NORTHWEST,IOWA,TOTAL,CROPS,00,CLAY,,IRRIGATED,NOT SPECIFIED,ALL CLASSES,"IOWA, NORTHWEST, CLAY",COUNTY,10,ANNUAL,FIELD CROPS,                 (D),ACRES,,AREA HARVESTED,041,00,,,UNITED STATES,"CORN, GRAIN, IRRIGATED - ACRES HARVESTED",19,CORN,CENSUS,00000000,,,9000
2022,2024-07-02 12:00:00.000,IA,059,GRAIN,19,YEAR,NORTHWEST,IOWA,TOTAL,CROPS,00,DICKINSON,,IRRIGATED,NOT SPECIFIED,ALL CLASSES,"IOWA, NORTHWEST, DICKINSON",COUNTY,10,ANNUAL,FIELD CROPS,787,ACRES,,AREA HARVESTED,059,00,,,UNITED STATES,"CORN, GRAIN, IRRIGATED - ACRES HARVESTED",19,CORN,CENSUS,00000000,,18.8,9000
2017,2018-02-01 00:00:00.000,IA,059,GRAIN,19,YEAR,NORTHWEST,IOWA,TOTAL,CROPS,00,DICKINSON,,IRRIGATED,NOT SPECIFIED,ALL CLASSES,"IOWA, NORTHWEST, DICKINSON",COUNTY,10,ANNUAL,FIELD CROPS,785,ACRES,,AREA HARVESTED,059,00,,,UNITED STATES,"CORN, GRAIN, IRRIGATED - ACRES HARVESTED",19,CORN,CENSUS,00000000,,25.6,9000
2012,2012-12-31 00:00:00.000,IA,059,GRAIN,19,YEAR,NORTHWEST,IOWA,TOTAL,CROPS,00,DICKINSON,,IRRIGATED,NOT SPECIFIED,ALL CLASSES,"IOWA, NORTHWEST, DICKINSON",COUNTY,10,ANNUAL,FIELD CROPS,744,ACRES,,AREA HARVESTED,059,00,,,UNITED STATES,"CORN, GRAIN, IRRIGATED - ACRES HARVESTED",19,CORN,CENSUS,00000000,,13.0,9000
2007,2012-01-01 00:00:00.000,IA,059,GRAIN,19,YEAR,NORTHWEST,IOWA,TOTAL,CROPS,00,DICKINSON,,IRRIGATED,NOT SPECIFIED,ALL CLASSES,"IOWA, NORTHWEST, DICKINSON",COUNTY,10,ANNUAL,FIELD CROPS,840,ACRES,,AREA HARVESTED,059,00,,,UNITED STATES,"CORN, GRAIN, IRRIGATED - ACRES HARVESTED",19,CORN,CENSUS,00000000,,,9000
2002,2012-01-01 00:00:00.000,IA,059,GRAIN,19,YEAR,NORTHWEST,IOWA,TOTAL,CROPS,00,DICKINSON,,IRRIGATED,NOT SPECIFIED,ALL CLASSES,"IOWA, NORTHWEST, DICKINSON",COUNTY,10,ANNUAL,FIELD CROPS,                 (D),ACRES,,AREA HARVESTED,059,00,,,UNITED STATES,"CORN, GRAIN, IRRIGATED - ACRES HARVESTED",19,CORN,CENSUS,00000000,,,9000
2022,2024-07-02 12:00:00.000,IA,063,GRAIN,19,YEAR,NORTHWEST,IOWA,TOTAL,CROPS,00,EMMET,,IRRIGATED,NOT SPECIFIED,ALL CLASSES,"IOWA, NORTHWEST, EMMET",COUNTY,10,ANNUAL,FIELD CROPS,                 (D),ACRES,,AREA HARVESTED,063,00,,,UNITED STATES,"CORN, GRAIN, IRRIGATED - ACRES HARVESTED",19,CORN,CENSUS,00000000,,(D),9000
2017,2018-02-01 00:00:00.000,IA,063,GRAIN,19,YEAR,NORTHWEST,IOWA,TOTAL,CROPS,00,EMMET,,IRRIGATED,NOT SPECIFIED,ALL CLASSES,"IOWA, NORTHWEST, EMMET",COUNTY,10,ANNUAL,FIELD CROPS,727,ACRES,,AREA HARVESTED,063,00,,,UNITED STATES,"CORN, GRAIN, IRRIGATED - ACRES HARVESTED",19,CORN,CENSUS,00000000,,25.6,9000
2012,2012-12-31 00:00:00.000,IA,063,GRAIN,19,YEAR,NORTHWEST,IOWA,TOTAL,CROPS,00,EMMET,,IRRIGATED,NOT SPECIFIED,ALL CLASSES,"IOWA, NORTHWEST, EMMET",COUNTY,10,ANNUAL,FIELD CROPS,201,ACRES,,AREA HARVESTED,063,00,,,UNITED STATES,"CORN, GRAIN, IRRIGATED - ACRES HARVESTED",19,CORN,CENSUS,00000000,,13.0,9000
2002,2012-01-01 00:00:00.000,IA,063,GRAIN,19,YEAR,NORTHWEST,IOWA,TOTAL,CROPS,00,EMMET,,IRRIGATED,NOT SPECIFIED,ALL CLASSES,"IOWA, NORTHWEST, EMMET",COUNTY,10,ANNUAL,FIELD CROPS,                 (D),ACRES,,AREA HARVESTED,063,00,,,UNITED STATES,"CORN, GRAIN, IRRIGATED - ACRES HARVESTED",19,CORN,CENSUS,00000000,,,9000
2022,2024-07-02 12:00:00.000,IA,119,GRAIN,19,YEAR,NORTHWEST,IOWA,TOTAL,CROPS,00,LYON,,IRRIGATED,NOT SPECIFIED,ALL CLASSES,"IOWA, NORTHWEST, LYON",COUNTY,10,ANNUAL,FIELD CROPS,196,ACRES,,AREA HARVESTED,119,00,,,UNITED STATES,"CORN, GRAIN, IRRIGATED - ACRES HARVESTED",19,CORN,CENSUS,00000000,,(L),9000
2017,2018-02-01 00:00:00.000,IA,119,GRAIN,19,YEAR,NORTHWEST,IOWA,TOTAL,CROPS,00,LYON,,IRRIGATED,NOT SPECIFIED,ALL CLASSES,"IOWA, NORTHWEST, LYON",COUNTY,10,ANNUAL,FIELD CROPS,822,ACRES,,AREA HARVESTED,119,00,,,UNITED STATES,"CORN, GRAIN, IRRIGATED - ACRES HARVESTED",19,CORN,CENSUS,00000000,,25.6,9000
2012,2012-12-31 00:00:00.000,IA,119,GRAIN,19,YEAR,NORTHWEST,IOWA,TOTAL,CROPS,00,LYON,,IRRIGATED,NOT SPECIFIED,ALL CLASSES,"IOWA, NORTHWEST, LYON",COUNTY,10,ANNUAL,FIELD CROPS,"1,071",ACRES,,AREA HARVESTED,119,00,,,UNITED STATES,"CORN, GRAIN, IRRIGATED - ACRES HARVESTED",19,CORN,CENSUS,00000000,,13.0,9000
2007,2012-01-01 00:00:00.000,IA,119,GRAIN,19,YEAR,NORTHWEST,IOWA,TOTAL,CROPS,00,LYON,,IRRIGATED,NOT SPECIFIED,ALL CLASSES,"IOWA, NORTHWEST, LYON",COUNTY,10,ANNUAL,FIELD CROPS,681,ACRES,,AREA HARVESTED,119,00,,,UNITED STATES,"CORN, GRAIN, IRRIGATED - ACRES HARVESTED",19,CORN,CENSUS,00000000,,,9000
2002,2012-01-01 00:00:00.000,IA,119,GRAIN,19,YEAR,NORTHWEST,IOWA,TOTAL,CROPS,00,LYON,,IRRIGATED,NOT SPECIFIED,ALL CLASSES,"IOWA, NORTHWEST, LYON",COUNTY,10,ANNUAL,FIELD CROPS,254,ACRES,,AREA HARVESTED,119,00,,,UNITED STATES,"CORN, GRAIN, IRRIGATED - ACRES HARVESTED",19,CORN,CENSUS,00000000,,,9000
2022,2024-07-02 12:00:00.000,IA,141,GRAIN,19,YEAR,NORTHWEST,IOWA,TOTAL,CROPS,00,O BRIEN,,IRRIGATED,NOT SPECIFIED,ALL CLASSES,"IOWA, NORTHWEST, O BRIEN",COUNTY,10,ANNUAL,FIELD CROPS,                 (D),ACRES,,AREA HARVESTED,141,00,,,UNITED STATES,"CORN, GRAIN, IRRIGATED - ACRES HARVESTED",19,CORN,CENSUS,00000000,,(D),9000
2017,2018-02-01 00:00:00.000,IA,141,GRAIN,19,YEAR,NORTHWEST,IOWA,TOTAL,CROPS,00,O BRIEN,,IRRIGATED,NOT SPECIFIED,ALL CLASSES,"IOWA, NORTHWEST, O BRIEN",COUNTY,10,ANNUAL,FIELD CROPS,                 (D),ACRES,,AREA HARVESTED,141,00,,,UNITED STATES,"CORN, GRAIN, IRRIGATED - ACRES HARVESTED",19,CORN,CENSUS,00000000,,(D),9000
2012,2012-12-31 00:00:00.000,IA,141,GRAIN,19,YEAR,NORTHWEST,IOWA,TOTAL,CROPS,00,O BRIEN,,IRRIGATED,NOT SPECIFIED,ALL CLASSES,"IOWA, NORTHWEST, O BRIEN",COUNTY,10,ANNUAL,FIELD CROPS,431,ACRES,,AREA HARVESTED,141,00,,,UNITED STATES,"CORN, GRAIN, IRRIGATED - ACRES HARVESTED",19,CORN,CENSUS,00000000,,13.0,9000
2007,2012-01-01 00:00:00.000,IA,141,GRAIN,19,YEAR,NORTHWEST,IOWA,TOTAL,CROPS,00,O BRIEN,,IRRIGATED,NOT SPECIFIED,ALL CLASSES,"IOWA, NORTHWEST, O BRIEN",COUNTY,10,ANNUAL,FIELD CROPS,                 (D),ACRES,,AREA HARVESTED,141,00,,,UNITED STATES,"CORN, GRAIN, IRRIGATED - ACRES HARVESTED",19,CORN,CENSUS,00000000,,,9000
2002,2012-01-01 00:00:00.000,IA,141,GRAIN,19,YEAR,NORTHWEST,IOWA,TOTAL,CROPS,00,O BRIEN,,IRRIGATED,NOT SPECIFIED,ALL CLASSES,"IOWA, NORTHWEST, O BRIEN",COUNTY,10,ANNUAL,FIELD CROPS,                 (D),ACRES,,AREA HARVESTED,141,00,,,UNITED STATES,"CORN, GRAIN, IRRIGATED - ACRES HARVESTED",19,CORN,CENSUS,00000000,,,9000
2022,2024-07-02 12:00:00.000,IA,143,GRAIN,19,YEAR,NORTHWEST,IOWA,TOTAL,CROPS,00,OSCEOLA,,IRRIGATED,NOT SPECIFIED,ALL CLASSES,"IOWA, NORTHWEST, OSCEOLA",COUNTY,10,ANNUAL,FIELD CROPS,975,ACRES,,AREA HARVESTED,143,00,,,UNITED STATES,"CORN, GRAIN, IRRIGATED - ACRES HARVESTED",19,CORN,CENSUS,00000000,,18.8,9000
2017,2018-02-01 00:00:00.000,IA,143,GRAIN,19,YEAR,NORTHWEST,IOWA,TOTAL,CROPS,00,OSCEOLA,,IRRIGATED,NOT SPECIFIED,ALL CLASSES,"IOWA, NORTHWEST, OSCEOLA",COUNTY,10,ANNUAL,FIELD CROPS,"1,117",ACRES,,AREA HARVESTED,143,00,,,UNITED STATES,"CORN, GRAIN, IRRIGATED - ACRES HARVESTED",19,CORN,CENSUS,00000000,,25.6,9000
2012,2012-12-31 00:00:00.000,IA,143,GRAIN,19,YEAR,NORTHWEST,IOWA,TOTAL,CROPS,00,OSCEOLA,,IRRIGATED,NOT SPECIFIED,ALL CLASSES,"IOWA, NORTHWEST, OSCEOLA",COUNTY,10,ANNUAL,FIELD CROPS,"1,057",ACRES,,AREA HARVESTED,143,00,,,UNITED STATES,"CORN, GRAIN, IRRIGATED - ACRES HARVESTED",19,CORN,CENSUS,00000000,,13.0,9000
2007,2012-01-01 00:00:00.000,IA,143,GRAIN,19,YEAR,NORTHWEST,IOWA,TOTAL,CROPS,00,OSCEOLA,,IRRIGATED,NOT SPECIFIED,ALL CLASSES,"IOWA, NORTHWEST, OSCEOLA",COUNTY,10,ANNUAL,FIELD CROPS,"1,478",ACRES,,AREA HARVESTED,143,00,,,UNITED STATES,"CORN, GRAIN, IRRIGATED - ACRES HARVESTED",19,CORN,CENSUS,00000000,,,9000
2002,2012-01-01 00:00:00.000,IA,143,GRAIN,19,YEAR,NORTHWEST,IOWA,TOTAL,CROPS,00,OSCEOLA,,IRRIGATED,NOT SPECIFIED,ALL CLASSES,"IOWA, NORTHWEST, OSCEOLA",COUNTY,10,ANNUAL,FIELD CROPS,941,ACRES,,AREA HARVESTED,143,00,,,UNITED STATES,"CORN, GRAIN, IRRIGATED - ACRES HARVESTED",19,CORN,CENSUS,00000000,,,9000
2022,2024-07-02 12:00:00.000,IA,147,GRAIN,19,YEAR,NORTHWEST,IOWA,TOTAL,CROPS,00,PALO ALTO,,IRRIGATED,NOT SPECIFIED,ALL CLASSES,"IOWA, NORTHWEST, PALO ALTO",COUNTY,10,ANNUAL,FIELD CROPS,"6,813",ACRES,,AREA HARVESTED,147,00,,,UNITED STATES,"CORN, GRAIN, IRRIGATED - ACRES HARVESTED",19,CORN,CENSUS,00000000,,18.8,9000
2017,2018-02-01 00:00:00.000,IA,147,GRAIN,19,YEAR,NORTHWEST,IOWA,TOTAL,CROPS,00,PALO ALTO,,IRRIGATED,NOT SPECIFIED,ALL CLASSES,"IOWA, NORTHWEST, PALO ALTO",COUNTY,10,ANNUAL,FIELD CROPS,"4,896",ACRES,,AREA HARVESTED,147,00,,,UNITED STATES,"CORN, GRAIN, IRRIGATED - ACRES HARVESTED",19,CORN,CENSUS,00000000,,25.6,9000
2012,2012-12-31 00:00:00.000,IA,147,GRAIN,19,YEAR,NORTHWEST,IOWA,TOTAL,CROPS,00,PALO ALTO,,IRRIGATED,NOT SPECIFIED,ALL CLASSES,"IOWA, NORTHWEST, PALO ALTO",COUNTY,10,ANNUAL,FIELD CROPS,"3,455",ACRES,,AREA HARVESTED,147,00,,,UNITED STATES,"CORN, GRAIN, IRRIGATED - ACRES HARVESTED",19,CORN,CENSUS,00000000,,13.0,9000
2007,2012-01-01 00:00:00.000,IA,147,GRAIN,19,YEAR,NORTHWEST,IOWA,TOTAL,CROPS,00,PALO ALTO,,IRRIGATED,NOT SPECIFIED,ALL CLASSES,"IOWA, NORTHWEST, PALO ALTO",COUNTY,10,ANNUAL,FIELD CROPS,"3,671",ACRES,,AREA HARVESTED,147,00,,,UNITED STATES,"CORN, GRAIN, IRRIGATED - ACRES HARVESTED",19,CORN,CENSUS,00000000,,,9000
2002,2012-01-01 00:00:00.000,IA,147,GRAIN,19,YEAR,NORTHWEST,IOWA,TOTAL,CROPS,00,PALO ALTO,,IRRIGATED,NOT SPECIFIED,ALL CLASSES,"IOWA, NORTHWEST, PALO ALTO",COUNTY,10,ANNUAL,FIELD CROPS,"3,015",ACRES,,AREA HARVESTED,147,00,,,UNITED STATES,"CORN, GRAIN, IRRIGATED - ACRES HARVESTED",19,CORN,CENSUS,00000000,,,9000
2022,2024-07-02 12:00:00.000,IA,149,GRAIN,19,YEAR,NORTHWEST,IOWA,TOTAL,CROPS,00,PLYMOUTH,,IRRIGATED,NOT SPECIFIED,ALL CLASSES,"IOWA, NORTHWEST, PLYMOUTH",COUNTY,10,ANNUAL,FIELD CROPS,751,ACRES,,AREA HARVESTED,149,00,,,UNITED STATES,"CORN, GRAIN, IRRIGATED - ACRES HARVESTED",19,CORN,CENSUS,00000000,,18.8,9000
2017,2018-02-01 00:00:00.000,IA,149,GRAIN,19,YEAR,NORTHWEST,IOWA,TOTAL,CROPS,00,PLYMOUTH,,IRRIGATED,NOT SPECIFIED,ALL CLASSES,"IOWA, NORTHWEST, PLYMOUTH",COUNTY,10,ANNUAL,FIELD CROPS,"1,817",ACRES,,AREA HARVESTED,149,00,,,UNITED STATES,"CORN, GRAIN, IRRIGATED - ACRES HARVESTED",19,CORN,CENSUS,00000000,,25.6,9000
2012,2012-12-31 00:00:00.000,IA,149,GRAIN,19,YEAR,NORTHWEST,IOWA,TOTAL,CROPS,00,PLYMOUTH,,IRRIGATED,NOT SPECIFIED,ALL CLASSES,"IOWA, NORTHWEST, PLYMOUTH",COUNTY,10,ANNUAL,FIELD CROPS,"1,420",ACRES,,AREA HARVESTED,149,00,,,UNITED STATES,"CORN, GRAIN, IRRIGATED - ACRES HARVESTED",19,CORN,CENSUS,00000000,,13.0,9000
2007,2012-01-01 00:00:00.000,IA,149,GRAIN,19,YEAR,NORTHWEST,IOWA,TOTAL,CROPS,00,PLYMOUTH,,IRRIGATED,NOT SPECIFIED,ALL CLASSES,"IOWA, NORTHWEST, PLYMOUTH",COUNTY,10,ANNUAL,FIELD CROPS,"2,417",ACRES,,AREA HARVESTED,149,00,,,UNITED STATES,"CORN, GRAIN, IRRIGATED - ACRES HARVESTED",19,CORN,CENSUS,00000000,,,9000
2002,2012-01-01 00:00:00.000,IA,149,GRAIN,19,YEAR,NORTHWEST,IOWA,TOTAL,CROPS,00,PLYMOUTH,,IRRIGATED,NOT SPECIFIED,ALL CLASSES,"IOWA, NORTHWEST, PLYMOUTH",COUNTY,10,ANNUAL,FIELD CROPS,"1,400",ACRES,,AREA HARVESTED,149,00,,,UNITED STATES,"CORN, GRAIN, IRRIGATED - ACRES HARVESTED",19,CORN,CENSUS,00000000,,,9000
2022,2024-07-02 12:00:00.000,IA,151,GRAIN,19,YEAR,NORTHWEST,IOWA,TOTAL,CROPS,00,POCAHONTAS,,IRRIGATED,NOT SPECIFIED,ALL CLASSES,"IOWA, NORTHWEST, POCAHONTAS",COUNTY,10,ANNUAL,FIELD CROPS,263,ACRES,,AREA HARVESTED,151,00,,,UNITED STATES,"CORN, GRAIN, IRRIGATED - ACRES HARVESTED",19,CORN,CENSUS,00000000,,18.8,9000
2017,2018-02-01 00:00:00.000,IA,151,GRAIN,19,YEAR,NORTHWEST,IOWA,TOTAL,CROPS,00,POCAHONTAS,,IRRIGATED,NOT SPECIFIED,ALL CLASSES,"IOWA, NORTHWEST, POCAHONTAS",COUNTY,10,ANNUAL,FIELD CROPS,175,ACRES,,AREA HARVESTED,151,00,,,UNITED STATES,"CORN, GRAIN, IRRIGATED - ACRES HARVESTED",19,CORN,CENSUS,00000000,,25.6,9000
2012,2012-12-31 00:00:00.000,IA,151,GRAIN,19,YEAR,NORTHWEST,IOWA,TOTAL,CROPS,00,POCAHONTAS,,IRRIGATED,NOT SPECIFIED,ALL CLASSES,"IOWA, NORTHWEST, POCAHONTAS",COUNTY,10,ANNUAL,FIELD CROPS,383,ACRES,,AREA HARVESTED,151,00,,,UNITED STATES,"CORN, GRAIN, IRRIGATED - ACRES HARVESTED",19,CORN,CENSUS,00000000,,13.0,9000
2007,2012-01-01 00:00:00.000,IA,151,GRAIN,19,YEAR,NORTHWEST,IOWA,TOTAL,CROPS,00,POCAHONTAS,,IRRIGATED,NOT SPECIFIED,ALL CLASSES,"IOWA, NORTHWEST, POCAHONTAS",COUNTY,10,ANNUAL,FIELD CROPS,                 (D),ACRES,,AREA HARVESTED,151,00,,,UNITED STATES,"CORN, GRAIN, IRRIGATED - ACRES HARVESTED",19,CORN,CENSUS,00000000,,,9000
2022,2024-07-02 12:00:00.000,IA,167,GRAIN,19,YEAR,NORTHWEST,IOWA,TOTAL,CROPS,00,SIOUX,,IRRIGATED,NOT SPECIFIED,ALL CLASSES,"IOWA, NORTHWEST, SIOUX",COUNTY,10,ANNUAL,FIELD CROPS,"8,466",ACRES,,AREA HARVESTED,167,00,,,UNITED STATES,"CORN, GRAIN, IRRIGATED - ACRES HARVESTED",19,CORN,CENSUS,00000000,,18.8,9000
2017,2018-02-01 00:00:00.000,IA,167,GRAIN,19,YEAR,NORTHWEST,IOWA,TOTAL,CROPS,00,SIOUX,,IRRIGATED,NOT SPECIFIED,ALL CLASSES,"IOWA, NORTHWEST, SIOUX",COUNTY,10,ANNUAL,FIELD CROPS,"6,066",ACRES,,AREA HARVESTED,167,00,,,UNITED STATES,"CORN, GRAIN, IRRIGATED - ACRES HARVESTED",19,CORN,CENSUS,00000000,,25.6,9000
2012,2012-12-31 00:00:00.000,IA,167,GRAIN,19,YEAR,NORTHWEST,IOWA,TOTAL,CROPS,00,SIOUX,,IRRIGATED,NOT SPECIFIED,ALL CLASSES,"IOWA, NORTHWEST, SIOUX",COUNTY,10,ANNUAL,FIELD CROPS,"5,033",ACRES,,AREA HARVESTED,167,00,,,UNITED STATES,"CORN, GRAIN, IRRIGATED - ACRES HARVESTED",19,CORN,CENSUS,00000000,,13.0,9000
2007,2012-01-01 00:00:00.000,IA,167,GRAIN,19,YEAR,NORTHWEST,IOWA,TOTAL,CROPS,00,SIOUX,,IRRIGATED,NOT SPECIFIED,ALL CLASSES,"IOWA, NORTHWEST, SIOUX",COUNTY,10,ANNUAL,FIELD CROPS,"6,092",ACRES,,AREA HARVESTED,167,00,,,UNITED STATES,"CORN, GRAIN, IRRIGATED - ACRES HARVESTED",19,CORN,CENSUS,00000000,,,9000
2002,2012-01-01 00:00:00.000,IA,167,GRAIN,19,YEAR,NORTHWEST,IOWA,TOTAL,CROPS,00,SIOUX,,IRRIGATED,NOT SPECIFIED,ALL CLASSES,"IOWA, NORTHWEST, SIOUX",COUNTY,10,ANNUAL,FIELD CROPS,"5,404",ACRES,,AREA HARVESTED,167,00,,,UNITED STATES,"CORN, GRAIN, IRRIGATED - ACRES HARVESTED",19,CORN,CENSUS,00000000,,,9000
2022,2024-07-02 12:00:00.000,IA,023,GRAIN,19,YEAR,NORTH CENTRAL,IOWA,TOTAL,CROPS,00,BUTLER,,IRRIGATED,NOT SPECIFIED,ALL CLASSES,"IOWA, NORTH CENTRAL, BUTLER",COUNTY,20,ANNUAL,FIELD CROPS,989,ACRES,,AREA HARVESTED,023,00,,,UNITED STATES,"CORN, GRAIN, IRRIGATED - ACRES HARVESTED",19,CORN,CENSUS,00000000,,18.8,9000
2017,2018-02-01 00:00:00.000,IA,023,GRAIN,19,YEAR,NORTH CENTRAL,IOWA,TOTAL,CROPS,00,BUTLER,,IRRIGATED,NOT SPECIFIED,ALL CLASSES,"IOWA, NORTH CENTRAL, BUTLER",COUNTY,20,ANNUAL,FIELD CROPS,"1,326",ACRES,,AREA HARVESTED,023,00,,,UNITED STATES,"CORN, GRAIN, IRRIGATED - ACRES HARVESTED",19,CORN,CENSUS,00000000,,25.6,9000
2012,2012-12-31 00:00:00.000,IA,023,GRAIN,19,YEAR,NORTH CENTRAL,IOWA,TOTAL,CROPS,00,BUTLER,,IRRIGATED,NOT SPECIFIED,ALL CLASSES,"IOWA, NORTH CENTRAL, BUTLER",COUNTY,20,ANNUAL,FIELD CROPS,344,ACRES,,AREA HARVESTED,023,00,,,UNITED STATES,"CORN, GRAIN, IRRIGATED - ACRES HARVESTED",19,CORN,CENSUS,00000000,,13.0,9000
2007,2012-01-01 00:00:00.000,IA,023,GRAIN,19,YEAR,NORTH CENTRAL,IOWA,TOTAL,CROPS,00,BUTLER,,IRRIGATED,NOT SPECIFIED,ALL CLASSES,"IOWA, NORTH CENTRAL, BUTLER",COUNTY,20,ANNUAL,FIELD CROPS,                 (D),ACRES,,AREA HARVESTED,023,00,,,UNITED STATES,"CORN, GRAIN, IRRIGATED - ACRES HARVESTED",19,CORN,CENSUS,00000000,,,9000
2002,2012-01-01 00:00:00.000,IA,023,GRAIN,19,YEAR,NORTH CENTRAL,IOWA,TOTAL,CROPS,00,BUTLER,,IRRIGATED,NOT SPECIFIED,ALL CLASSES,"IOWA, NORTH CENTRAL, BUTLER",COUNTY,20,ANNUAL,FIELD CROPS,                 (D),ACRES,,AREA HARVESTED,023,00,,,UNITED STATES,"CORN, GRAIN, IRRIGATED - ACRES HARVESTED",19,CORN,CENSUS,00000000,,,9000
2022,2024-07-02 12:00:00.000,IA,033,GRAIN,19,YEAR,NORTH CENTRAL,IOWA,TOTAL,CROPS,00,CERRO GORDO,,IRRIGATED,NOT SPECIFIED,ALL CLASSES,"IOWA, NORTH CENTRAL, CERRO GORDO",COUNTY,20,ANNUAL,FIELD CROPS,412,ACRES,,AREA HARVESTED,033,00,,,UNITED STATES,"CORN, GRAIN, IRRIGATED - ACRES HARVESTED",19,CORN,CENSUS,00000000,,18.8,9000
2017,2018-02-01 00:00:00.000,IA,033,GRAIN,19,YEAR,NORTH CENTRAL,IOWA,TOTAL,CROPS,00,CERRO GORDO,,IRRIGATED,NOT SPECIFIED,ALL CLASSES,"IOWA, NORTH CENTRAL, CERRO GORDO",COUNTY,20,ANNUAL,FIELD CROPS,392,ACRES,,AREA HARVESTED,033,00,,,UNITED STATES,"CORN, GRAIN, IRRIGATED - ACRES HARVESTED",19,CORN,CENSUS,00000000,,25.6,9000
2012,2012-12-31 00:00:00.000,IA,033,GRAIN,19,YEAR,NORTH CENTRAL,IOWA,TOTAL,CROPS,00,CERRO GORDO,,IRRIGATED,NOT SPECIFIED,ALL CLASSES,"IOWA, NORTH CENTRAL, CERRO GORDO",COUNTY,20,ANNUAL,FIELD CROPS,                 (D),ACRES,,AREA HARVESTED,033,00,,,UNITED STATES,"CORN, GRAIN, IRRIGATED - ACRES HARVESTED",19,CORN,CENSUS,00000000,,(D),9000
2007,2012-01-01 00:00:00.000,IA,033,GRAIN,19,YEAR,NORTH CENTRAL,IOWA,TOTAL,CROPS,00,CERRO GORDO,,IRRIGATED,NOT SPECIFIED,ALL CLASSES,"IOWA, NORTH CENTRAL, CERRO GORDO",COUNTY,20,ANNUAL,FIELD CROPS,402,ACRES,,AREA HARVESTED,033,00,,,UNITED STATES,"CORN, GRAIN, IRRIGATED - ACRES HARVESTED",19,CORN,CENSUS,00000000,,,9000
2002,2012-01-01 00:00:00.000,IA,033,GRAIN,19,YEAR,NORTH CENTRAL,IOWA,TOTAL,CROPS,00,CERRO GORDO,,IRRIGATED,NOT SPECIFIED,ALL CLASSES,"IOWA, NORTH CENTRAL, CERRO GORDO",COUNTY,20,ANNUAL,FIELD CROPS,340,ACRES,,AREA HARVESTED,033,00,,,UNITED STATES,"CORN, GRAIN, IRRIGATED - ACRES HARVESTED",19,CORN,CENSUS,00000000,,,9000
2022,2024-07-02 12:00:00.000,IA,067,GRAIN,19,YEAR,NORTH CENTRAL,IOWA,TOTAL,CROPS,00,FLOYD,,IRRIGATED,NOT SPECIFIED,ALL CLASSES,"IOWA, NORTH CENTRAL, FLOYD",COUNTY,20,ANNUAL,FIELD CROPS,"1,876",ACRES,,AREA HARVESTED,067,00,,,UNITED STATES,"CORN, GRAIN, IRRIGATED - ACRES HARVESTED",19,CORN,CENSUS,00000000,,18.8,9000
2017,2018-02-01 00:00:00.000,IA,067,GRAIN,19,YEAR,NORTH CENTRAL,IOWA,TOTAL,CROPS,00,FLOYD,,IRRIGATED,NOT SPECIFIED,ALL CLASSES,"IOWA, NORTH CENTRAL, FLOYD",COUNTY,20,ANNUAL,FIELD CROPS,920,ACRES,,AREA HARVESTED,067,00,,,UNITED STATES,"CORN, GRAIN, IRRIGATED - ACRES HARVESTED",19,CORN,CENSUS,00000000,,25.6,9000
2012,2012-12-31 00:00:00.000,IA,067,GRAIN,19,YEAR,NORTH CENTRAL,IOWA,TOTAL,CROPS,00,FLOYD,,IRRIGATED,NOT SPECIFIED,ALL CLASSES,"IOWA, NORTH CENTRAL, FLOYD",COUNTY,20,ANNUAL,FIELD CROPS,"1,415",ACRES,,AREA HARVESTED,067,00,,,UNITED STATES,"CORN, GRAIN, IRRIGATED - ACRES HARVESTED",19,CORN,CENSUS,00000000,,13.0,9000
2007,2012-01-01 00:00:00.000,IA,067,GRAIN,19,YEAR,NORTH CENTRAL,IOWA,TOTAL,CROPS,00,FLOYD,,IRRIGATED,NOT SPECIFIED,ALL CLASSES,"IOWA, NORTH CENTRAL, FLOYD",COUNTY,20,ANNUAL,FIELD CROPS,581,ACRES,,AREA HARVESTED,067,00,,,UNITED STATES,"CORN, GRAIN, IRRIGATED - ACRES HARVESTED",19,CORN,CENSUS,00000000,,,9000
2002,2012-01-01 00:00:00.000,IA,067,GRAIN,19,YEAR,NORTH CENTRAL,IOWA,TOTAL,CROPS,00,FLOYD,,IRRIGATED,NOT SPECIFIED,ALL CLASSES,"IOWA, NORTH CENTRAL, FLOYD",COUNTY,20,ANNUAL,FIELD CROPS,560,ACRES,,AREA HARVESTED,067,00,,,UNITED STATES,"CORN, GRAIN, IRRIGATED - ACRES HARVESTED",19,CORN,CENSUS,00000000,,,9000
2022,2024-07-02 12:00:00.000,IA,069,GRAIN,19,YEAR,NORTH CENTRAL,IOWA,TOTAL,CROPS,00,FRANKLIN,,IRRIGATED,NOT SPECIFIED,ALL CLASSES,"IOWA, NORTH CENTRAL, FRANKLIN",COUNTY,20,ANNUAL,FIELD CROPS,                 (D),ACRES,,AREA HARVESTED,069,00,,,UNITED STATES,"CORN, GRAIN, IRRIGATED - ACRES HARVESTED",19,CORN,CENSUS,00000000,,(D),9000
2017,2018-02-01 00:00:00.000,IA,069,GRAIN,19,YEAR,NORTH CENTRAL,IOWA,TOTAL,CROPS,00,FRANKLIN,,IRRIGATED,NOT SPECIFIED,ALL CLASSES,"IOWA, NORTH CENTRAL, FRANKLIN",COUNTY,20,ANNUAL,FIELD CROPS,203,ACRES,,AREA HARVESTED,069,00,,,UNITED STATES,"CORN, GRAIN, IRRIGATED - ACRES HARVESTED",19,CORN,CENSUS,00000000,,25.6,9000
2022,2024-07-02 12:00:00.000,IA,081,GRAIN,19,YEAR,NORTH CENTRAL,IOWA,TOTAL,CROPS,00,HANCOCK,,IRRIGATED,NOT SPECIFIED,ALL CLASSES,"IOWA, NORTH CENTRAL, HANCOCK",COUNTY,20,ANNUAL,FIELD CROPS,"3,363",ACRES,,AREA HARVESTED,081,00,,,UNITED STATES,"CORN, GRAIN, IRRIGATED - ACRES HARVESTED",19,CORN,CENSUS,00000000,,18.8,9000
2017,2018-02-01 00:00:00.000,IA,081,GRAIN,19,YEAR,NORTH CENTRAL,IOWA,TOTAL,CROPS,00,HANCOCK,,IRRIGATED,NOT SPECIFIED,ALL CLASSES,"IOWA, NORTH CENTRAL, HANCOCK",COUNTY,20,ANNUAL,FIELD CROPS,"3,128",ACRES,,AREA HARVESTED,081,00,,,UNITED STATES,"CORN, GRAIN, IRRIGATED - ACRES HARVESTED",19,CORN,CENSUS,00000000,,25.6,9000
2012,2012-12-31 00:00:00.000,IA,081,GRAIN,19,YEAR,NORTH CENTRAL,IOWA,TOTAL,CROPS,00,HANCOCK,,IRRIGATED,NOT SPECIFIED,ALL CLASSES,"IOWA, NORTH CENTRAL, HANCOCK",COUNTY,20,ANNUAL,FIELD CROPS,737,ACRES,,AREA HARVESTED,081,00,,,UNITED STATES,"CORN, GRAIN, IRRIGATED - ACRES HARVESTED",19,CORN,CENSUS,00000000,,13.0,9000
2007,2012-01-01 00:00:00.000,IA,081,GRAIN,19,YEAR,NORTH CENTRAL,IOWA,TOTAL,CROPS,00,HANCOCK,,IRRIGATED,NOT SPECIFIED,ALL CLASSES,"IOWA, NORTH CENTRAL, HANCOCK",COUNTY,20,ANNUAL,FIELD CROPS,"1,029",ACRES,,AREA HARVESTED,081,00,,,UNITED STATES,"CORN, GRAIN, IRRIGATED - ACRES HARVESTED",19,CORN,CENSUS,00000000,,,9000
2002,2012-01-01 00:00:00.000,IA,081,GRAIN,19,YEAR,NORTH CENTRAL,IOWA,TOTAL,CROPS,00,HANCOCK,,IRRIGATED,NOT SPECIFIED,ALL CLASSES,"IOWA, NORTH CENTRAL, HANCOCK",COUNTY,20,ANNUAL,FIELD CROPS,                 (D),ACRES,,AREA HARVESTED,081,00,,,UNITED STATES,"CORN, GRAIN, IRRIGATED - ACRES HARVESTED",19,CORN,CENSUS,00000000,,,9000
2022,2024-07-02 12:00:00.000,IA,091,GRAIN,19,YEAR,NORTH CENTRAL,IOWA,TOTAL,CROPS,00,HUMBOLDT,,IRRIGATED,NOT SPECIFIED,ALL CLASSES,"IOWA, NORTH CENTRAL, HUMBOLDT",COUNTY,20,ANNUAL,FIELD CROPS,648,ACRES,,AREA HARVESTED,091,00,,,UNITED STATES,"CORN, GRAIN, IRRIGATED - ACRES HARVESTED",19,CORN,CENSUS,00000000,,(L),9000
2017,2018-02-01 00:00:00.000,IA,091,GRAIN,19,YEAR,NORTH CENTRAL,IOWA,TOTAL,CROPS,00,HUMBOLDT,,IRRIGATED,NOT SPECIFIED,ALL CLASSES,"IOWA, NORTH CENTRAL, HUMBOLDT",COUNTY,20,ANNUAL,FIELD CROPS,217,ACRES,,AREA HARVESTED,091,00,,,UNITED STATES,"CORN, GRAIN, IRRIGATED - ACRES HARVESTED",19,CORN,CENSUS,00000000,,25.6,9000
2022,2024-07-02 12:00:00.000,IA,109,GRAIN,19,YEAR,NORTH CENTRAL,IOWA,TOTAL,CROPS,00,KOSSUTH,,IRRIGATED,NOT SPECIFIED,ALL CLASSES,"IOWA, NORTH CENTRAL, KOSSUTH",COUNTY,20,ANNUAL,FIELD CROPS,303,ACRES,,AREA HARVESTED,109,00,,,UNITED STATES,"CORN, GRAIN, IRRIGATED - ACRES HARVESTED",19,CORN,CENSUS,00000000,,18.8,9000
2017,2018-02-01 00:00:00.000,IA,109,GRAIN,19,YEAR,NORTH CENTRAL,IOWA,TOTAL,CROPS,00,KOSSUTH,,IRRIGATED,NOT SPECIFIED,ALL CLASSES,"IOWA, NORTH CENTRAL, KOSSUTH",COUNTY,20,ANNUAL,FIELD CROPS,"1,835",ACRES,,AREA HARVESTED,109,00,,,UNITED STATES,"CORN, GRAIN, IRRIGATED - ACRES HARVESTED",19,CORN,CENSUS,00000000,,25.6,9000
2012,2012-12-31 00:00:00.000,IA,109,GRAIN,19,YEAR,NORTH CENTRAL,IOWA,TOTAL,CROPS,00,KOSSUTH,,IRRIGATED,NOT SPECIFIED,ALL CLASSES,"IOWA, NORTH CENTRAL, KOSSUTH",COUNTY,20,ANNUAL,FIELD CROPS,239,ACRES,,AREA HARVESTED,109,00,,,UNITED STATES,"CORN, GRAIN, IRRIGATED - ACRES HARVESTED",19,CORN,CENSUS,00000000,,13.0,9000
2007,2012-01-01 00:00:00.000,IA,109,GRAIN,19,YEAR,NORTH CENTRAL,IOWA,TOTAL,CROPS,00,KOSSUTH,,IRRIGATED,NOT SPECIFIED,ALL CLASSES,"IOWA, NORTH CENTRAL, KOSSUTH",COUNTY,20,ANNUAL,FIELD CROPS,567,ACRES,,AREA HARVESTED,109,00,,,UNITED STATES,"CORN, GRAIN, IRRIGATED - ACRES HARVESTED",19,CORN,CENSUS,00000000,,,9000
2002,2012-01-01 00:00:00.000,IA,109,GRAIN,19,YEAR,NORTH CENTRAL,IOWA,TOTAL,CROPS,00,KOSSUTH,,IRRIGATED,NOT SPECIFIED,ALL CLASSES,"IOWA, NORTH CENTRAL, KOSSUTH",COUNTY,20,ANNUAL,FIELD CROPS,203,ACRES,,AREA HARVESTED,109,00,,,UNITED STATES,"CORN, GRAIN, IRRIGATED - ACRES HARVESTED",19,CORN,CENSUS,00000000,,,9000
2022,2024-07-02 12:00:00.000,IA,131,GRAIN,19,YEAR,NORTH CENTRAL,IOWA,TOTAL,CROPS,00,MITCHELL,,IRRIGATED,NOT SPECIFIED,ALL CLASSES,"IOWA, NORTH CENTRAL, MITCHELL",COUNTY,20,ANNUAL,FIELD CROPS,925,ACRES,,AREA HARVESTED,131,00,,,UNITED STATES,"CORN, GRAIN, IRRIGATED - ACRES HARVESTED",19,CORN,CENSUS,00000000,,18.8,9000
2017,2018-02-01 00:00:00.000,IA,131,GRAIN,19,YEAR,NORTH CENTRAL,IOWA,TOTAL,CROPS,00,MITCHELL,,IRRIGATED,NOT SPECIFIED,ALL CLASSES,"IOWA, NORTH CENTRAL, MITCHELL",COUNTY,20,ANNUAL,FIELD CROPS,"1,652",ACRES,,AREA HARVESTED,131,00,,,UNITED STATES,"CORN, GRAIN, IRRIGATED - ACRES HARVESTED",19,CORN,CENSUS,00000000,,25.6,9000
2012,2012-12-31 00:00:00.000,IA,131,GRAIN,19,YEAR,NORTH CENTRAL,IOWA,TOTAL,CROPS,00,MITCHELL,,IRRIGATED,NOT SPECIFIED,ALL CLASSES,"IOWA, NORTH CENTRAL, MITCHELL",COUNTY,20,ANNUAL,FIELD CROPS,911,ACRES,,AREA HARVESTED,131,00,,,UNITED STATES,"CORN, GRAIN, IRRIGATED - ACRES HARVESTED",19,CORN,CENSUS,00000000,,13.0,9000
2007,2012-01-01 00:00:00.000,IA,131,GRAIN,19,YEAR,NORTH CENTRAL,IOWA,TOTAL,CROPS,00,MITCHELL,,IRRIGATED,NOT SPECIFIED,ALL CLASSES,"IOWA, NORTH CENTRAL, MITCHELL",COUNTY,20,ANNUAL,FIELD CROPS,"1,200",ACRES,,AREA HARVESTED,131,00,,,UNITED STATES,"CORN, GRAIN, IRRIGATED - ACRES HARVESTED",19,CORN,CENSUS,00000000,,,9000
2002,2012-01-01 00:00:00.000,IA,131,GRAIN,19,YEAR,NORTH CENTRAL,IOWA,TOTAL,CROPS,00,MITCHELL,,IRRIGATED,NOT SPECIFIED,ALL CLASSES,"IOWA, NORTH CENTRAL, MITCHELL",COUNTY,20,ANNUAL,FIELD CROPS,                 (D),ACRES,,AREA HARVESTED,131,00,,,UNITED STATES,"CORN, GRAIN, IRRIGATED - ACRES HARVESTED",19,CORN,CENSUS,00000000,,,9000
2022,2024-07-02 12:00:00.000,IA,189,GRAIN,19,YEAR,NORTH CENTRAL,IOWA,TOTAL,CROPS,00,WINNEBAGO,,IRRIGATED,NOT SPECIFIED,ALL CLASSES,"IOWA, NORTH CENTRAL, WINNEBAGO",COUNTY,20,ANNUAL,FIELD CROPS,150,ACRES,,AREA HARVESTED,189,00,,,UNITED STATES,"CORN, GRAIN, IRRIGATED - ACRES HARVESTED",19,CORN,CENSUS,00000000,,18.8,9000
2022,2024-07-02 12:00:00.000,IA,195,GRAIN,19,YEAR,NORTH CENTRAL,IOWA,TOTAL,CROPS,00,WORTH,,IRRIGATED,NOT SPECIFIED,ALL CLASSES,"IOWA, NORTH CENTRAL, WORTH",COUNTY,20,ANNUAL,FIELD CROPS,667,ACRES,,AREA HARVESTED,195,00,,,UNITED STATES,"CORN, GRAIN, IRRIGATED - ACRES HARVESTED",19,CORN,CENSUS,00000000,,18.8,9000
2017,2018-02-01 00:00:00.000,IA,195,GRAIN,19,YEAR,NORTH CENTRAL,IOWA,TOTAL,CROPS,00,WORTH,,IRRIGATED,NOT SPECIFIED,ALL CLASSES,"IOWA, NORTH CENTRAL, WORTH",COUNTY,20,ANNUAL,FIELD CROPS,"1,502",ACRES,,AREA HARVESTED,195,00,,,UNITED STATES,"CORN, GRAIN, IRRIGATED - ACRES HARVESTED",19,CORN,CENSUS,00000000,,25.6,9000
2012,2012-12-31 00:00:00.000,IA,195,GRAIN,19,YEAR,NORTH CENTRAL,IOWA,TOTAL,CROPS,00,WORTH,,IRRIGATED,NOT SPECIFIED,ALL CLASSES,"IOWA, NORTH CENTRAL, WORTH",COUNTY,20,ANNUAL,FIELD CROPS,995,ACRES,,AREA HARVESTED,195,00,,,UNITED STATES,"CORN, GRAIN, IRRIGATED - ACRES HARVESTED",19,CORN,CENSUS,00000000,,13.0,9000
2007,2012-01-01 00:00:00.000,IA,195,GRAIN,19,YEAR,NORTH CENTRAL,IOWA,TOTAL,CROPS,00,WORTH,,IRRIGATED,NOT SPECIFIED,ALL CLASSES,"IOWA, NORTH CENTRAL, WORTH",COUNTY,20,ANNUAL,FIELD CROPS,582,ACRES,,AREA HARVESTED,195,00,,,UNITED STATES,"CORN, GRAIN, IRRIGATED - ACRES HARVESTED",19,CORN,CENSUS,00000000,,,9000
2002,2012-01-01 00:00:00.000,IA,195,GRAIN,19,YEAR,NORTH CENTRAL,IOWA,TOTAL,CROPS,00,WORTH,,IRRIGATED,NOT SPECIFIED,ALL CLASSES,"IOWA, NORTH CENTRAL, WORTH",COUNTY,20,ANNUAL,FIELD CROPS,369,ACRES,,AREA HARVESTED,195,00,,,UNITED STATES,"CORN, GRAIN, IRRIGATED - ACRES HARVESTED",19,CORN,CENSUS,00000000,,,9000
2022,2024-07-02 12:00:00.000,IA,197,GRAIN,19,YEAR,NORTH CENTRAL,IOWA,TOTAL,CROPS,00,WRIGHT,,IRRIGATED,NOT SPECIFIED,ALL CLASSES,"IOWA, NORTH CENTRAL, WRIGHT",COUNTY,20,ANNUAL,FIELD CROPS,                 (D),ACRES,,AREA HARVESTED,197,00,,,UNITED STATES,"CORN, GRAIN, IRRIGATED - ACRES HARVESTED",19,CORN,CENSUS,00000000,,(D),9000
2007,2012-01-01 00:00:00.000,IA,197,GRAIN,19,YEAR,NORTH CENTRAL,IOWA,TOTAL,CROPS,00,WRIGHT,,IRRIGATED,NOT SPECIFIED,ALL CLASSES,"IOWA, NORTH CENTRAL, WRIGHT",COUNTY,20,ANNUAL,FIELD CROPS,21,ACRES,,AREA HARVESTED,197,00,,,UNITED STATES,"CORN, GRAIN, IRRIGATED - ACRES HARVESTED",19,CORN,CENSUS,00000000,,,9000
2012,2012-12-31 00:00:00.000,IA,005,GRAIN,19,YEAR,NORTHEAST,IOWA,TOTAL,CROPS,00,ALLAMAKEE,,IRRIGATED,NOT SPECIFIED,ALL CLASSES,"IOWA, NORTHEAST, ALLAMAKEE",COUNTY,30,ANNUAL,FIELD CROPS,                 (D),ACRES,,AREA HARVESTED,005,00,,,UNITED STATES,"CORN, GRAIN, IRRIGATED - ACRES HARVESTED",19,CORN,CENSUS,00000000,,(D),9000
2022,2024-07-02 12:00:00.000,IA,013,GRAIN,19,YEAR,NORTHEAST,IOWA,TOTAL,CROPS,00,BLACK HAWK,,IRRIGATED,NOT SPECIFIED,ALL CLASSES,"IOWA, NORTHEAST, BLACK HAWK",COUNTY,30,ANNUAL,FIELD CROPS,                 (D),ACRES,,AREA HARVESTED,013,00,,,UNITED STATES,"CORN, GRAIN, IRRIGATED - ACRES HARVESTED",19,CORN,CENSUS,00000000,,(D),9000
2007,2012-01-01 00:00:00.000,IA,013,GRAIN,19,YEAR,NORTHEAST,IOWA,TOTAL,CROPS,00,BLACK HAWK,,IRRIGATED,NOT SPECIFIED,ALL CLASSES,"IOWA, NORTHEAST, BLACK HAWK",COUNTY,30,ANNUAL,FIELD CROPS,                 (D),ACRES,,AREA HARVESTED,013,00,,,UNITED STATES,"CORN, GRAIN, IRRIGATED - ACRES HARVESTED",19,CORN,CENSUS,00000000,,,9000
2022,2024-07-02 12:00:00.000,IA,017,GRAIN,19,YEAR,NORTHEAST,IOWA,TOTAL,CROPS,00,BREMER,,IRRIGATED,NOT SPECIFIED,ALL CLASSES,"IOWA, NORTHEAST, BREMER",COUNTY,30,ANNUAL,FIELD CROPS,                 (D),ACRES,,AREA HARVESTED,017,00,,,UNITED STATES,"CORN, GRAIN, IRRIGATED - ACRES HARVESTED",19,CORN,CENSUS,00000000,,(D),9000
2017,2018-02-01 00:00:00.000,IA,017,GRAIN,19,YEAR,NORTHEAST,IOWA,TOTAL,CROPS,00,BREMER,,IRRIGATED,NOT SPECIFIED,ALL CLASSES,"IOWA, NORTHEAST, BREMER",COUNTY,30,ANNUAL,FIELD CROPS,                 (D),ACRES,,AREA HARVESTED,017,00,,,UNITED STATES,"CORN, GRAIN, IRRIGATED - ACRES HARVESTED",19,CORN,CENSUS,00000000,,(D),9000
2012,2012-12-31 00:00:00.000,IA,017,GRAIN,19,YEAR,NORTHEAST,IOWA,TOTAL,CROPS,00,BREMER,,IRRIGATED,NOT SPECIFIED,ALL CLASSES,"IOWA, NORTHEAST, BREMER",COUNTY,30,ANNUAL,FIELD CROPS,                 (D),ACRES,,AREA HARVESTED,017,00,,,UNITED STATES,"CORN, GRAIN, IRRIGATED - ACRES HARVESTED",19,CORN,CENSUS,00000000,,(D),9000
2007,2012-01-01 00:00:00.000,IA,017,GRAIN,19,YEAR,NORTHEAST,IOWA,TOTAL,CROPS,00,BREMER,,IRRIGATED,NOT SPECIFIED,ALL CLASSES,"IOWA, NORTHEAST, BREMER",COUNTY,30,ANNUAL,FIELD CROPS,286,ACRES,,AREA HARVESTED,017,00,,,UNITED STATES,"CORN, GRAIN, IRRIGATED - ACRES HARVESTED",19,CORN,CENSUS,00000000,,,9000
2002,2012-01-01 00:00:00.000,IA,017,GRAIN,19,YEAR,NORTHEAST,IOWA,TOTAL,CROPS,00,BREMER,,IRRIGATED,NOT SPECIFIED,ALL CLASSES,"IOWA, NORTHEAST, BREMER",COUNTY,30,ANNUAL,FIELD CROPS,                 (D),ACRES,,AREA HARVESTED,017,00,,,UNITED STATES,"CORN, GRAIN, IRRIGATED - ACRES HARVESTED",19,CORN,CENSUS,00000000,,,9000
2022,2024-07-02 12:00:00.000,IA,019,GRAIN,19,YEAR,NORTHEAST,IOWA,TOTAL,CROPS,00,BUCHANAN,,IRRIGATED,NOT SPECIFIED,ALL CLASSES,"IOWA, NORTHEAST, BUCHANAN",COUNTY,30,ANNUAL,FIELD CROPS,"2,149",ACRES,,AREA HARVESTED,019,00,,,UNITED STATES,"CORN, GRAIN, IRRIGATED - ACRES HARVESTED",19,CORN,CENSUS,00000000,,18.8,9000
2007,2012-01-01 00:00:00.000,IA,019,GRAIN,19,YEAR,NORTHEAST,IOWA,TOTAL,CROPS,00,BUCHANAN,,IRRIGATED,NOT SPECIFIED,ALL CLASSES,"IOWA, NORTHEAST, BUCHANAN",COUNTY,30,ANNUAL,FIELD CROPS,                 (D),ACRES,,AREA HARVESTED,019,00,,,UNITED STATES,"CORN, GRAIN, IRRIGATED - ACRES HARVESTED",19,CORN,CENSUS,00000000,,,9000
2022,2024-07-02 12:00:00.000,IA,037,GRAIN,19,YEAR,NORTHEAST,IOWA,TOTAL,CROPS,00,CHICKASAW,,IRRIGATED,NOT SPECIFIED,ALL CLASSES,"IOWA, NORTHEAST, CHICKASAW",COUNTY,30,ANNUAL,FIELD CROPS,"1,588",ACRES,,AREA HARVESTED,037,00,,,UNITED STATES,"CORN, GRAIN, IRRIGATED - ACRES HARVESTED",19,CORN,CENSUS,00000000,,18.8,9000
2017,2018-02-01 00:00:00.000,IA,037,GRAIN,19,YEAR,NORTHEAST,IOWA,TOTAL,CROPS,00,CHICKASAW,,IRRIGATED,NOT SPECIFIED,ALL CLASSES,"IOWA, NORTHEAST, CHICKASAW",COUNTY,30,ANNUAL,FIELD CROPS,                 (D),ACRES,,AREA HARVESTED,037,00,,,UNITED STATES,"CORN, GRAIN, IRRIGATED - ACRES HARVESTED",19,CORN,CENSUS,00000000,,(D),9000
2012,2012-12-31 00:00:00.000,IA,037,GRAIN,19,YEAR,NORTHEAST,IOWA,TOTAL,CROPS,00,CHICKASAW,,IRRIGATED,NOT SPECIFIED,ALL CLASSES,"IOWA, NORTHEAST, CHICKASAW",COUNTY,30,ANNUAL,FIELD CROPS,120,ACRES,,AREA HARVESTED,037,00,,,UNITED STATES,"CORN, GRAIN, IRRIGATED - ACRES HARVESTED",19,CORN,CENSUS,00000000,,13.0,9000
2007,2012-01-01 00:00:00.000,IA,037,GRAIN,19,YEAR,NORTHEAST,IOWA,TOTAL,CROPS,00,CHICKASAW,,IRRIGATED,NOT SPECIFIED,ALL CLASSES,"IOWA, NORTHEAST, CHICKASAW",COUNTY,30,ANNUAL,FIELD CROPS,                 (D),ACRES,,AREA HARVESTED,037,00,,,UNITED STATES,"CORN, GRAIN, IRRIGATED - ACRES HARVESTED",19,CORN,CENSUS,00000000,,,9000
2017,2018-02-01 00:00:00.000,IA,043,GRAIN,19,YEAR,NORTHEAST,IOWA,TOTAL,CROPS,00,CLAYTON,,IRRIGATED,NOT SPECIFIED,ALL CLASSES,"IOWA, NORTHEAST, CLAYTON",COUNTY,30,ANNUAL,FIELD CROPS,210,ACRES,,AREA HARVESTED,043,00,,,UNITED STATES,"CORN, GRAIN, IRRIGATED - ACRES HARVESTED",19,CORN,CENSUS,00000000,,25.6,9000
2012,2012-12-31 00:00:00.000,IA,043,GRAIN,19,YEAR,NORTHEAST,IOWA,TOTAL,CROPS,00,CLAYTON,,IRRIGATED,NOT SPECIFIED,ALL CLASSES,"IOWA, NORTHEAST, CLAYTON",COUNTY,30,ANNUAL,FIELD CROPS,                 (D),ACRES,,AREA HARVESTED,043,00,,,UNITED STATES,"CORN, GRAIN, IRRIGATED - ACRES HARVESTED",19,CORN,CENSUS,00000000,,(D),9000
2002,2012-01-01 00:00:00.000,IA,043,GRAIN,19,YEAR,NORTHEAST,IOWA,TOTAL,CROPS,00,CLAYTON,,IRRIGATED,NOT SPECIFIED,ALL CLASSES,"IOWA, NORTHEAST, CLAYTON",COUNTY,30,ANNUAL,FIELD CROPS,                 (D),ACRES,,AREA HARVESTED,043,00,,,UNITED STATES,"CORN, GRAIN, IRRIGATED - ACRES HARVESTED",19,CORN,CENSUS,00000000,,,9000
2022,2024-07-02 12:00:00.000,IA,055,GRAIN,19,YEAR,NORTHEAST,IOWA,TOTAL,CROPS,00,DELAWARE,,IRRIGATED,NOT SPECIFIED,ALL CLASSES,"IOWA, NORTHEAST, DELAWARE",COUNTY,30,ANNUAL,FIELD CROPS,                 (D),ACRES,,AREA HARVESTED,055,00,,,UNITED STATES,"CORN, GRAIN, IRRIGATED - ACRES HARVESTED",19,CORN,CENSUS,00000000,,(D),9000
2017,2018-02-01 00:00:00.000,IA,055,GRAIN,19,YEAR,NORTHEAST,IOWA,TOTAL,CROPS,00,DELAWARE,,IRRIGATED,NOT SPECIFIED,ALL CLASSES,"IOWA, NORTHEAST, DELAWARE",COUNTY,30,ANNUAL,FIELD CROPS,                 (D),ACRES,,AREA HARVESTED,055,00,,,UNITED STATES,"CORN, GRAIN, IRRIGATED - ACRES HARVESTED",19,CORN,CENSUS,00000000,,(D),9000
2012,2012-12-31 00:00:00.000,IA,055,GRAIN,19,YEAR,NORTHEAST,IOWA,TOTAL,CROPS,00,DELAWARE,,IRRIGATED,NOT SPECIFIED,ALL CLASSES,"IOWA, NORTHEAST, DELAWARE",COUNTY,30,ANNUAL,FIELD CROPS,                 (D),ACRES,,AREA HARVESTED,055,00,,,UNITED STATES,"CORN, GRAIN, IRRIGATED - ACRES HARVESTED",19,CORN,CENSUS,00000000,,(D),9000
2007,2012-01-01 00:00:00.000,IA,055,GRAIN,19,YEAR,NORTHEAST,IOWA,TOTAL,CROPS,00,DELAWARE,,IRRIGATED,NOT SPECIFIED,ALL CLASSES,"IOWA, NORTHEAST, DELAWARE",COUNTY,30,ANNUAL,FIELD CROPS,                 (D),ACRES,,AREA HARVESTED,055,00,,,UNITED STATES,"CORN, GRAIN, IRRIGATED - ACRES HARVESTED",19,CORN,CENSUS,00000000,,,9000
2022,2024-07-02 12:00:00.000,IA,061,GRAIN,19,YEAR,NORTHEAST,IOWA,TOTAL,CROPS,00,DUBUQUE,,IRRIGATED,NOT SPECIFIED,ALL CLASSES,"IOWA, NORTHEAST, DUBUQUE",COUNTY,30,ANNUAL,FIELD CROPS,24,ACRES,,AREA HARVESTED,061,00,,,UNITED STATES,"CORN, GRAIN, IRRIGATED - ACRES HARVESTED",19,CORN,CENSUS,00000000,,(L),9000
2022,2024-07-02 12:00:00.000,IA,065,GRAIN,19,YEAR,NORTHEAST,IOWA,TOTAL,CROPS,00,FAYETTE,,IRRIGATED,NOT SPECIFIED,ALL CLASSES,"IOWA, NORTHEAST, FAYETTE",COUNTY,30,ANNUAL,FIELD CROPS,"1,222",ACRES,,AREA HARVESTED,065,00,,,UNITED STATES,"CORN, GRAIN, IRRIGATED - ACRES HARVESTED",19,CORN,CENSUS,00000000,,18.8,9000
2017,2018-02-01 00:00:00.000,IA,065,GRAIN,19,YEAR,NORTHEAST,IOWA,TOTAL,CROPS,00,FAYETTE,,IRRIGATED,NOT SPECIFIED,ALL CLASSES,"IOWA, NORTHEAST, FAYETTE",COUNTY,30,ANNUAL,FIELD CROPS,484,ACRES,,AREA HARVESTED,065,00,,,UNITED STATES,"CORN, GRAIN, IRRIGATED - ACRES HARVESTED",19,CORN,CENSUS,00000000,,25.6,9000
2012,2012-12-31 00:00:00.000,IA,065,GRAIN,19,YEAR,NORTHEAST,IOWA,TOTAL,CROPS,00,FAYETTE,,IRRIGATED,NOT SPECIFIED,ALL CLASSES,"IOWA, NORTHEAST, FAYETTE",COUNTY,30,ANNUAL,FIELD CROPS,88,ACRES,,AREA HARVESTED,065,00,,,UNITED STATES,"CORN, GRAIN, IRRIGATED - ACRES HARVESTED",19,CORN,CENSUS,00000000,,13.0,9000
2007,2012-01-01 00:00:00.000,IA,065,GRAIN,19,YEAR,NORTHEAST,IOWA,TOTAL,CROPS,00,FAYETTE,,IRRIGATED,NOT SPECIFIED,ALL CLASSES,"IOWA, NORTHEAST, FAYETTE",COUNTY,30,ANNUAL,FIELD CROPS,456,ACRES,,AREA HARVESTED,065,00,,,UNITED STATES,"CORN, GRAIN, IRRIGATED - ACRES HARVESTED",19,CORN,CENSUS,00000000,,,9000
2002,2012-01-01 00:00:00.000,IA,065,GRAIN,19,YEAR,NORTHEAST,IOWA,TOTAL,CROPS,00,FAYETTE,,IRRIGATED,NOT SPECIFIED,ALL CLASSES,"IOWA, NORTHEAST, FAYETTE",COUNTY,30,ANNUAL,FIELD CROPS,                 (D),ACRES,,AREA HARVESTED,065,00,,,UNITED STATES,"CORN, GRAIN, IRRIGATED - ACRES HARVESTED",19,CORN,CENSUS,00000000,,,9000
2022,2024-07-02 12:00:00.000,IA,089,GRAIN,19,YEAR,NORTHEAST,IOWA,TOTAL,CROPS,00,HOWARD,,IRRIGATED,NOT SPECIFIED,ALL CLASSES,"IOWA, NORTHEAST, HOWARD",COUNTY,30,ANNUAL,FIELD CROPS,"1,342",ACRES,,AREA HARVESTED,089,00,,,UNITED STATES,"CORN, GRAIN, IRRIGATED - ACRES HARVESTED",19,CORN,CENSUS,00000000,,18.8,9000
2017,2018-02-01 00:00:00.000,IA,089,GRAIN,19,YEAR,NORTHEAST,IOWA,TOTAL,CROPS,00,HOWARD,,IRRIGATED,NOT SPECIFIED,ALL CLASSES,"IOWA, NORTHEAST, HOWARD",COUNTY,30,ANNUAL,FIELD CROPS,                 (D),ACRES,,AREA HARVESTED,089,00,,,UNITED STATES,"CORN, GRAIN, IRRIGATED - ACRES HARVESTED",19,CORN,CENSUS,00000000,,(D),9000
2012,2012-12-31 00:00:00.000,IA,089,GRAIN,19,YEAR,NORTHEAST,IOWA,TOTAL,CROPS,00,HOWARD,,IRRIGATED,NOT SPECIFIED,ALL CLASSES,"IOWA, NORTHEAST, HOWARD",COUNTY,30,ANNUAL,FIELD CROPS,68,ACRES,,AREA HARVESTED,089,00,,,UNITED STATES,"CORN, GRAIN, IRRIGATED - ACRES HARVESTED",19,CORN,CENSUS,00000000,,13.0,9000
2007,2012-01-01 00:00:00.000,IA,089,GRAIN,19,YEAR,NORTHEAST,IOWA,TOTAL,CROPS,00,HOWARD,,IRRIGATED,NOT SPECIFIED,ALL CLASSES,"IOWA, NORTHEAST, HOWARD",COUNTY,30,ANNUAL,FIELD CROPS,                 (D),ACRES,,AREA HARVESTED,089,00,,,UNITED STATES,"CORN, GRAIN, IRRIGATED - ACRES HARVESTED",19,CORN,CENSUS,00000000,,,9000
2022,2024-07-02 12:00:00.000,IA,191,GRAIN,19,YEAR,NORTHEAST,IOWA,TOTAL,CROPS,00,WINNESHIEK,,IRRIGATED,NOT SPECIFIED,ALL CLASSES,"IOWA, NORTHEAST, WINNESHIEK",COUNTY,30,ANNUAL,FIELD CROPS,                 (D),ACRES,,AREA HARVESTED,191,00,,,UNITED STATES,"CORN, GRAIN, IRRIGATED - ACRES HARVESTED",19,CORN,CENSUS,00000000,,(D),9000
2012,2012-12-31 00:00:00.000,IA,191,GRAIN,19,YEAR,NORTHEAST,IOWA,TOTAL,CROPS,00,WINNESHIEK,,IRRIGATED,NOT SPECIFIED,ALL CLASSES,"IOWA, NORTHEAST, WINNESHIEK",COUNTY,30,ANNUAL,FIELD CROPS,                 (D),ACRES,,AREA HARVESTED,191,00,,,UNITED STATES,"CORN, GRAIN, IRRIGATED - ACRES HARVESTED",19,CORN,CENSUS,00000000,,(D),9000
2007,2012-01-01 00:00:00.000,IA,191,GRAIN,19,YEAR,NORTHEAST,IOWA,TOTAL,CROPS,00,WINNESHIEK,,IRRIGATED,NOT SPECIFIED,ALL CLASSES,"IOWA, NORTHEAST, WINNESHIEK",COUNTY,30,ANNUAL,FIELD CROPS,                 (D),ACRES,,AREA HARVESTED,191,00,,,UNITED STATES,"CORN, GRAIN, IRRIGATED - ACRES HARVESTED",19,CORN,CENSUS,00000000,,,9000
2022,2024-07-02 12:00:00.000,IA,009,GRAIN,19,YEAR,WEST CENTRAL,IOWA,TOTAL,CROPS,00,AUDUBON,,IRRIGATED,NOT SPECIFIED,ALL CLASSES,"IOWA, WEST CENTRAL, AUDUBON",COUNTY,40,ANNUAL,FIELD CROPS,                 (D),ACRES,,AREA HARVESTED,009,00,,,UNITED STATES,"CORN, GRAIN, IRRIGATED - ACRES HARVESTED",19,CORN,CENSUS,00000000,,(D),9000
2022,2024-07-02 12:00:00.000,IA,025,GRAIN,19,YEAR,WEST CENTRAL,IOWA,TOTAL,CROPS,00,CALHOUN,,IRRIGATED,NOT SPECIFIED,ALL CLASSES,"IOWA, WEST CENTRAL, CALHOUN",COUNTY,40,ANNUAL,FIELD CROPS,836,ACRES,,AREA HARVESTED,025,00,,,UNITED STATES,"CORN, GRAIN, IRRIGATED - ACRES HARVESTED",19,CORN,CENSUS,00000000,,18.8,9000
2017,2018-02-01 00:00:00.000,IA,025,GRAIN,19,YEAR,WEST CENTRAL,IOWA,TOTAL,CROPS,00,CALHOUN,,IRRIGATED,NOT SPECIFIED,ALL CLASSES,"IOWA, WEST CENTRAL, CALHOUN",COUNTY,40,ANNUAL,FIELD CROPS,                 (D),ACRES,,AREA HARVESTED,025,00,,,UNITED STATES,"CORN, GRAIN, IRRIGATED - ACRES HARVESTED",19,CORN,CENSUS,00000000,,(D),9000
2012,2012-12-31 00:00:00.000,IA,025,GRAIN,19,YEAR,WEST CENTRAL,IOWA,TOTAL,CROPS,00,CALHOUN,,IRRIGATED,NOT SPECIFIED,ALL CLASSES,"IOWA, WEST CENTRAL, CALHOUN",COUNTY,40,ANNUAL,FIELD CROPS,                 (D),ACRES,,AREA HARVESTED,025,00,,,UNITED STATES,"CORN, GRAIN, IRRIGATED - ACRES HARVESTED",19,CORN,CENSUS,00000000,,(D),9000
2007,2012-01-01 00:00:00.000,IA,025,GRAIN,19,YEAR,WEST CENTRAL,IOWA,TOTAL,CROPS,00,CALHOUN,,IRRIGATED,NOT SPECIFIED,ALL CLASSES,"IOWA, WEST CENTRAL, CALHOUN",COUNTY,40,ANNUAL,FIELD CROPS,                 (D),ACRES,,AREA HARVESTED,025,00,,,UNITED STATES,"CORN, GRAIN, IRRIGATED - ACRES HARVESTED",19,CORN,CENSUS,00000000,,,9000
2022,2024-07-02 12:00:00.000,IA,027,GRAIN,19,YEAR,WEST CENTRAL,IOWA,TOTAL,CROPS,00,CARROLL,,IRRIGATED,NOT SPECIFIED,ALL CLASSES,"IOWA, WEST CENTRAL, CARROLL",COUNTY,40,ANNUAL,FIELD CROPS,"1,362",ACRES,,AREA HARVESTED,027,00,,,UNITED STATES,"CORN, GRAIN, IRRIGATED - ACRES HARVESTED",19,CORN,CENSUS,00000000,,18.8,9000
2017,2018-02-01 00:00:00.000,IA,027,GRAIN,19,YEAR,WEST CENTRAL,IOWA,TOTAL,CROPS,00,CARROLL,,IRRIGATED,NOT SPECIFIED,ALL CLASSES,"IOWA, WEST CENTRAL, CARROLL",COUNTY,40,ANNUAL,FIELD CROPS,329,ACRES,,AREA HARVESTED,027,00,,,UNITED STATES,"CORN, GRAIN, IRRIGATED - ACRES HARVESTED",19,CORN,CENSUS,00000000,,25.6,9000
2012,2012-12-31 00:00:00.000,IA,027,GRAIN,19,YEAR,WEST CENTRAL,IOWA,TOTAL,CROPS,00,CARROLL,,IRRIGATED,NOT SPECIFIED,ALL CLASSES,"IOWA, WEST CENTRAL, CARROLL",COUNTY,40,ANNUAL,FIELD CROPS,                 (D),ACRES,,AREA HARVESTED,027,00,,,UNITED STATES,"CORN, GRAIN, IRRIGATED - ACRES HARVESTED",19,CORN,CENSUS,00000000,,(D),9000
2007,2012-01-01 00:00:00.000,IA,027,GRAIN,19,YEAR,WEST CENTRAL,IOWA,TOTAL,CROPS,00,CARROLL,,IRRIGATED,NOT SPECIFIED,ALL CLASSES,"IOWA, WEST CENTRAL, CARROLL",COUNTY,40,ANNUAL,FIELD CROPS,                 (D),ACRES,,AREA HARVESTED,027,00,,,UNITED STATES,"CORN, GRAIN, IRRIGATED - ACRES HARVESTED",19,CORN,CENSUS,00000000,,,9000
2022,2024-07-02 12:00:00.000,IA,047,GRAIN,19,YEAR,WEST CENTRAL,IOWA,TOTAL,CROPS,00,CRAWFORD,,IRRIGATED,NOT SPECIFIED,ALL CLASSES,"IOWA, WEST CENTRAL, CRAWFORD",COUNTY,40,ANNUAL,FIELD CROPS,237,ACRES,,AREA HARVESTED,047,00,,,UNITED STATES,"CORN, GRAIN, IRRIGATED - ACRES HARVESTED",19,CORN,CENSUS,00000000,,18.8,9000
2017,2018-02-01 00:00:00.000,IA,047,GRAIN,19,YEAR,WEST CENTRAL,IOWA,TOTAL,CROPS,00,CRAWFORD,,IRRIGATED,NOT SPECIFIED,ALL CLASSES,"IOWA, WEST CENTRAL, CRAWFORD",COUNTY,40,ANNUAL,FIELD CROPS,409,ACRES,,AREA HARVESTED,047,00,,,UNITED STATES,"CORN, GRAIN, IRRIGATED - ACRES HARVESTED",19,CORN,CENSUS,00000000,,25.6,9000
2012,2012-12-31 00:00:00.000,IA,047,GRAIN,19,YEAR,WEST CENTRAL,IOWA,TOTAL,CROPS,00,CRAWFORD,,IRRIGATED,NOT SPECIFIED,ALL CLASSES,"IOWA, WEST CENTRAL, CRAWFORD",COUNTY,40,ANNUAL,FIELD CROPS,965,ACRES,,AREA HARVESTED,047,00,,,UNITED STATES,"CORN, GRAIN, IRRIGATED - ACRES HARVESTED",19,CORN,CENSUS,00000000,,13.0,9000
2007,2012-01-01 00:00:00.000,IA,047,GRAIN,19,YEAR,WEST CENTRAL,IOWA,TOTAL,CROPS,00,CRAWFORD,,IRRIGATED,NOT SPECIFIED,ALL CLASSES,"IOWA, WEST CENTRAL, CRAWFORD",COUNTY,40,ANNUAL,FIELD CROPS,                 (D),ACRES,,AREA HARVESTED,047,00,,,UNITED STATES,"CORN, GRAIN, IRRIGATED - ACRES HARVESTED",19,CORN,CENSUS,00000000,,,9000
2022,2024-07-02 12:00:00.000,IA,073,GRAIN,19,YEAR,WEST CENTRAL,IOWA,TOTAL,CROPS,00,GREENE,,IRRIGATED,NOT SPECIFIED,ALL CLASSES,"IOWA, WEST CENTRAL, GREENE",COUNTY,40,ANNUAL,FIELD CROPS,14,ACRES,,AREA HARVESTED,073,00,,,UNITED STATES,"CORN, GRAIN, IRRIGATED - ACRES HARVESTED",19,CORN,CENSUS,00000000,,18.8,9000
2012,2012-12-31 00:00:00.000,IA,073,GRAIN,19,YEAR,WEST CENTRAL,IOWA,TOTAL,CROPS,00,GREENE,,IRRIGATED,NOT SPECIFIED,ALL CLASSES,"IOWA, WEST CENTRAL, GREENE",COUNTY,40,ANNUAL,FIELD CROPS,                 (D),ACRES,,AREA HARVESTED,073,00,,,UNITED STATES,"CORN, GRAIN, IRRIGATED - ACRES HARVESTED",19,CORN,CENSUS,00000000,,(D),9000
2007,2012-01-01 00:00:00.000,IA,073,GRAIN,19,YEAR,WEST CENTRAL,IOWA,TOTAL,CROPS,00,GREENE,,IRRIGATED,NOT SPECIFIED,ALL CLASSES,"IOWA, WEST CENTRAL, GREENE",COUNTY,40,ANNUAL,FIELD CROPS,                 (D),ACRES,,AREA HARVESTED,073,00,,,UNITED STATES,"CORN, GRAIN, IRRIGATED - ACRES HARVESTED",19,CORN,CENSUS,00000000,,,9000
2002,2012-01-01 00:00:00.000,IA,073,GRAIN,19,YEAR,WEST CENTRAL,IOWA,TOTAL,CROPS,00,GREENE,,IRRIGATED,NOT SPECIFIED,ALL CLASSES,"IOWA, WEST CENTRAL, GREENE",COUNTY,40,ANNUAL,FIELD CROPS,                 (D),ACRES,,AREA HARVESTED,073,00,,,UNITED STATES,"CORN, GRAIN, IRRIGATED - ACRES HARVESTED",19,CORN,CENSUS,00000000,,,9000
2022,2024-07-02 12:00:00.000,IA,077,GRAIN,19,YEAR,WEST CENTRAL,IOWA,TOTAL,CROPS,00,GUTHRIE,,IRRIGATED,NOT SPECIFIED,ALL CLASSES,"IOWA, WEST CENTRAL, GUTHRIE",COUNTY,40,ANNUAL,FIELD CROPS,516,ACRES,,AREA HARVESTED,077,00,,,UNITED STATES,"CORN, GRAIN, IRRIGATED - ACRES HARVESTED",19,CORN,CENSUS,00000000,,(L),9000
2017,2018-02-01 00:00:00.000,IA,077,GRAIN,19,YEAR,WEST CENTRAL,IOWA,TOTAL,CROPS,00,GUTHRIE,,IRRIGATED,NOT SPECIFIED,ALL CLASSES,"IOWA, WEST CENTRAL, GUTHRIE",COUNTY,40,ANNUAL,FIELD CROPS,                 (D),ACRES,,AREA HARVESTED,077,00,,,UNITED STATES,"CORN, GRAIN, IRRIGATED - ACRES HARVESTED",19,CORN,CENSUS,00000000,,(D),9000
2012,2012-12-31 00:00:00.000,IA,077,GRAIN,19,YEAR,WEST CENTRAL,IOWA,TOTAL,CROPS,00,GUTHRIE,,IRRIGATED,NOT SPECIFIED,ALL CLASSES,"IOWA, WEST CENTRAL, GUTHRIE",COUNTY,40,ANNUAL,FIELD CROPS,                 (D),ACRES,,AREA HARVESTED,077,00,,,UNITED STATES,"CORN, GRAIN, IRRIGATED - ACRES HARVESTED",19,CORN,CENSUS,00000000,,(D),9000
2007,2012-01-01 00:00:00.000,IA,077,GRAIN,19,YEAR,WEST CENTRAL,IOWA,TOTAL,CROPS,00,GUTHRIE,,IRRIGATED,NOT SPECIFIED,ALL CLASSES,"IOWA, WEST CENTRAL, GUTHRIE",COUNTY,40,ANNUAL,FIELD CROPS,"2,466",ACRES,,AREA HARVESTED,077,00,,,UNITED STATES,"CORN, GRAIN, IRRIGATED - ACRES HARVESTED",19,CORN,CENSUS,00000000,,,9000
2002,2012-01-01 00:00:00.000,IA,077,GRAIN,19,YEAR,WEST CENTRAL,IOWA,TOTAL,CROPS,00,GUTHRIE,,IRRIGATED,NOT SPECIFIED,ALL CLASSES,"IOWA, WEST CENTRAL, GUTHRIE",COUNTY,40,ANNUAL,FIELD CROPS,                 (D),ACRES,,AREA HARVESTED,077,00,,,UNITED STATES,"CORN, GRAIN, IRRIGATED - ACRES HARVESTED",19,CORN,CENSUS,00000000,,,9000
2022,2024-07-02 12:00:00.000,IA,085,GRAIN,19,YEAR,WEST CENTRAL,IOWA,TOTAL,CROPS,00,HARRISON,,IRRIGATED,NOT SPECIFIED,ALL CLASSES,"IOWA, WEST CENTRAL, HARRISON",COUNTY,40,ANNUAL,FIELD CROPS,"21,764",ACRES,,AREA HARVESTED,085,00,,,UNITED STATES,"CORN, GRAIN, IRRIGATED - ACRES HARVESTED",19,CORN,CENSUS,00000000,,18.8,9000
2017,2018-02-01 00:00:00.000,IA,085,GRAIN,19,YEAR,WEST CENTRAL,IOWA,TOTAL,CROPS,00,HARRISON,,IRRIGATED,NOT SPECIFIED,ALL CLASSES,"IOWA, WEST CENTRAL, HARRISON",COUNTY,40,ANNUAL,FIELD CROPS,"24,620",ACRES,,AREA HARVESTED,085,00,,,UNITED STATES,"CORN, GRAIN, IRRIGATED - ACRES HARVESTED",19,CORN,CENSUS,00000000,,25.6,9000
2012,2012-12-31 00:00:00.000,IA,085,GRAIN,19,YEAR,WEST CENTRAL,IOWA,TOTAL,CROPS,00,HARRISON,,IRRIGATED,NOT SPECIFIED,ALL CLASSES,"IOWA, WEST CENTRAL, HARRISON",COUNTY,40,ANNUAL,FIELD CROPS,"17,035",ACRES,,AREA HARVESTED,085,00,,,UNITED STATES,"CORN, GRAIN, IRRIGATED - ACRES HARVESTED",19,CORN,CENSUS,00000000,,13.0,9000
2007,2012-01-01 00:00:00.000,IA,085,GRAIN,19,YEAR,WEST CENTRAL,IOWA,TOTAL,CROPS,00,HARRISON,,IRRIGATED,NOT SPECIFIED,ALL CLASSES,"IOWA, WEST CENTRAL, HARRISON",COUNTY,40,ANNUAL,FIELD CROPS,"20,379",ACRES,,AREA HARVESTED,085,00,,,UNITED STATES,"CORN, GRAIN, IRRIGATED - ACRES HARVESTED",19,CORN,CENSUS,00000000,,,9000
2002,2012-01-01 00:00:00.000,IA,085,GRAIN,19,YEAR,WEST CENTRAL,IOWA,TOTAL,CROPS,00,HARRISON,,IRRIGATED,NOT SPECIFIED,ALL CLASSES,"IOWA, WEST CENTRAL, HARRISON",COUNTY,40,ANNUAL,FIELD CROPS,"15,764",ACRES,,AREA HARVESTED,085,00,,,UNITED STATES,"CORN, GRAIN, IRRIGATED - ACRES HARVESTED",19,CORN,CENSUS,00000000,,,9000
2022,2024-07-02 12:00:00.000,IA,093,GRAIN,19,YEAR,WEST CENTRAL,IOWA,TOTAL,CROPS,00,IDA,,IRRIGATED,NOT SPECIFIED,ALL CLASSES,"IOWA, WEST CENTRAL, IDA",COUNTY,40,ANNUAL,FIELD CROPS,                 (D),ACRES,,AREA HARVESTED,093,00,,,UNITED STATES,"CORN, GRAIN, IRRIGATED - ACRES HARVESTED",19,CORN,CENSUS,00000000,,(D),9000
2012,2012-12-31 00:00:00.000,IA,093,GRAIN,19,YEAR,WEST CENTRAL,IOWA,TOTAL,CROPS,00,IDA,,IRRIGATED,NOT SPECIFIED,ALL CLASSES,"IOWA, WEST CENTRAL, IDA",COUNTY,40,ANNUAL,FIELD CROPS,                 (D),ACRES,,AREA HARVESTED,093,00,,,UNITED STATES,"CORN, GRAIN, IRRIGATED - ACRES HARVESTED",19,CORN,CENSUS,00000000,,(D),9000
2007,2012-01-01 00:00:00.000,IA,093,GRAIN,19,YEAR,WEST CENTRAL,IOWA,TOTAL,CROPS,00,IDA,,IRRIGATED,NOT SPECIFIED,ALL CLASSES,"IOWA, WEST CENTRAL, IDA",COUNTY,40,ANNUAL,FIELD CROPS,                 (D),ACRES,,AREA HARVESTED,093,00,,,UNITED STATES,"CORN, GRAIN, IRRIGATED - ACRES HARVESTED",19,CORN,CENSUS,00000000,,,9000
2022,2024-07-02 12:00:00.000,IA,133,GRAIN,19,YEAR,WEST CENTRAL,IOWA,TOTAL,CROPS,00,MONONA,,IRRIGATED,NOT SPECIFIED,ALL CLASSES,"IOWA, WEST CENTRAL, MONONA",COUNTY,40,ANNUAL,FIELD CROPS,"48,581",ACRES,,AREA HARVESTED,133,00,,,UNITED STATES,"CORN, GRAIN, IRRIGATED - ACRES HARVESTED",19,CORN,CENSUS,00000000,,18.8,9000
2017,2018-02-01 00:00:00.000,IA,133,GRAIN,19,YEAR,WEST CENTRAL,IOWA,TOTAL,CROPS,00,MONONA,,IRRIGATED,NOT SPECIFIED,ALL CLASSES,"IOWA, WEST CENTRAL, MONONA",COUNTY,40,ANNUAL,FIELD CROPS,"33,710",ACRES,,AREA HARVESTED,133,00,,,UNITED STATES,"CORN, GRAIN, IRRIGATED - ACRES HARVESTED",19,CORN,CENSUS,00000000,,25.6,9000
2012,2012-12-31 00:00:00.000,IA,133,GRAIN,19,YEAR,WEST CENTRAL,IOWA,TOTAL,CROPS,00,MONONA,,IRRIGATED,NOT SPECIFIED,ALL CLASSES,"IOWA, WEST CENTRAL, MONONA",COUNTY,40,ANNUAL,FIELD CROPS,"40,063",ACRES,,AREA HARVESTED,133,00,,,UNITED STATES,"CORN, GRAIN, IRRIGATED - ACRES HARVESTED",19,CORN,CENSUS,00000000,,13.0,9000
2007,2012-01-01 00:00:00.000,IA,133,GRAIN,19,YEAR,WEST CENTRAL,IOWA,TOTAL,CROPS,00,MONONA,,IRRIGATED,NOT SPECIFIED,ALL CLASSES,"IOWA, WEST CENTRAL, MONONA",COUNTY,40,ANNUAL,FIELD CROPS,"40,772",ACRES,,AREA HARVESTED,133,00,,,UNITED STATES,"CORN, GRAIN, IRRIGATED - ACRES HARVESTED",19,CORN,CENSUS,00000000,,,9000
2002,2012-01-01 00:00:00.000,IA,133,GRAIN,19,YEAR,WEST CENTRAL,IOWA,TOTAL,CROPS,00,MONONA,,IRRIGATED,NOT SPECIFIED,ALL CLASSES,"IOWA, WEST CENTRAL, MONONA",COUNTY,40,ANNUAL,FIELD CROPS,"32,026",ACRES,,AREA HARVESTED,133,00,,,UNITED STATES,"CORN, GRAIN, IRRIGATED - ACRES HARVESTED",19,CORN,CENSUS,00000000,,,9000
2022,2024-07-02 12:00:00.000,IA,161,GRAIN,19,YEAR,WEST CENTRAL,IOWA,TOTAL,CROPS,00,SAC,,IRRIGATED,NOT SPECIFIED,ALL CLASSES,"IOWA, WEST CENTRAL, SAC",COUNTY,40,ANNUAL,FIELD CROPS,"1,323",ACRES,,AREA HARVESTED,161,00,,,UNITED STATES,"CORN, GRAIN, IRRIGATED - ACRES HARVESTED",19,CORN,CENSUS,00000000,,18.8,9000
2017,2018-02-01 00:00:00.000,IA,161,GRAIN,19,YEAR,WEST CENTRAL,IOWA,TOTAL,CROPS,00,SAC,,IRRIGATED,NOT SPECIFIED,ALL CLASSES,"IOWA, WEST CENTRAL, SAC",COUNTY,40,ANNUAL,FIELD CROPS,275,ACRES,,AREA HARVESTED,161,00,,,UNITED STATES,"CORN, GRAIN, IRRIGATED - ACRES HARVESTED",19,CORN,CENSUS,00000000,,25.6,9000
2012,2012-12-31 00:00:00.000,IA,161,GRAIN,19,YEAR,WEST CENTRAL,IOWA,TOTAL,CROPS,00,SAC,,IRRIGATED,NOT SPECIFIED,ALL CLASSES,"IOWA, WEST CENTRAL, SAC",COUNTY,40,ANNUAL,FIELD CROPS,198,ACRES,,AREA HARVESTED,161,00,,,UNITED STATES,"CORN, GRAIN, IRRIGATED - ACRES HARVESTED",19,CORN,CENSUS,00000000,,13.0,9000
2007,2012-01-01 00:00:00.000,IA,161,GRAIN,19,YEAR,WEST CENTRAL,IOWA,TOTAL,CROPS,00,SAC,,IRRIGATED,NOT SPECIFIED,ALL CLASSES,"IOWA, WEST CENTRAL, SAC",COUNTY,40,ANNUAL,FIELD CROPS,509,ACRES,,AREA HARVESTED,161,00,,,UNITED STATES,"CORN, GRAIN, IRRIGATED - ACRES HARVESTED",19,CORN,CENSUS,00000000,,,9000
2002,2012-01-01 00:00:00.000,IA,161,GRAIN,19,YEAR,WEST CENTRAL,IOWA,TOTAL,CROPS,00,SAC,,IRRIGATED,NOT SPECIFIED,ALL CLASSES,"IOWA, WEST CENTRAL, SAC",COUNTY,40,ANNUAL,FIELD CROPS,495,ACRES,,AREA HARVESTED,161,00,,,UNITED STATES,"CORN, GRAIN, IRRIGATED - ACRES HARVESTED",19,CORN,CENSUS,00000000,,,9000
2022,2024-07-02 12:00:00.000,IA,165,GRAIN,19,YEAR,WEST CENTRAL,IOWA,TOTAL,CROPS,00,SHELBY,,IRRIGATED,NOT SPECIFIED,ALL CLASSES,"IOWA, WEST CENTRAL, SHELBY",COUNTY,40,ANNUAL,FIELD CROPS,                 (D),ACRES,,AREA HARVESTED,165,00,,,UNITED STATES,"CORN, GRAIN, IRRIGATED - ACRES HARVESTED",19,CORN,CENSUS,00000000,,(D),9000
2017,2018-02-01 00:00:00.000,IA,165,GRAIN,19,YEAR,WEST CENTRAL,IOWA,TOTAL,CROPS,00,SHELBY,,IRRIGATED,NOT SPECIFIED,ALL CLASSES,"IOWA, WEST CENTRAL, SHELBY",COUNTY,40,ANNUAL,FIELD CROPS,                 (D),ACRES,,AREA HARVESTED,165,00,,,UNITED STATES,"CORN, GRAIN, IRRIGATED - ACRES HARVESTED",19,CORN,CENSUS,00000000,,(D),9000
2012,2012-12-31 00:00:00.000,IA,165,GRAIN,19,YEAR,WEST CENTRAL,IOWA,TOTAL,CROPS,00,SHELBY,,IRRIGATED,NOT SPECIFIED,ALL CLASSES,"IOWA, WEST CENTRAL, SHELBY",COUNTY,40,ANNUAL,FIELD CROPS,                 (D),ACRES,,AREA HARVESTED,165,00,,,UNITED STATES,"CORN, GRAIN, IRRIGATED - ACRES HARVESTED",19,CORN,CENSUS,00000000,,(D),9000
2022,2024-07-02 12:00:00.000,IA,193,GRAIN,19,YEAR,WEST CENTRAL,IOWA,TOTAL,CROPS,00,WOODBURY,,IRRIGATED,NOT SPECIFIED,ALL CLASSES,"IOWA, WEST CENTRAL, WOODBURY",COUNTY,40,ANNUAL,FIELD CROPS,"5,546",ACRES,,AREA HARVESTED,193,00,,,UNITED STATES,"CORN, GRAIN, IRRIGATED - ACRES HARVESTED",19,CORN,CENSUS,00000000,,18.8,9000
2017,2018-02-01 00:00:00.000,IA,193,GRAIN,19,YEAR,WEST CENTRAL,IOWA,TOTAL,CROPS,00,WOODBURY,,IRRIGATED,NOT SPECIFIED,ALL CLASSES,"IOWA, WEST CENTRAL, WOODBURY",COUNTY,40,ANNUAL,FIELD CROPS,"3,034",ACRES,,AREA HARVESTED,193,00,,,UNITED STATES,"CORN, GRAIN, IRRIGATED - ACRES HARVESTED",19,CORN,CENSUS,00000000,,25.6,9000
2012,2012-12-31 00:00:00.000,IA,193,GRAIN,19,YEAR,WEST CENTRAL,IOWA,TOTAL,CROPS,00,WOODBURY,,IRRIGATED,NOT SPECIFIED,ALL CLASSES,"IOWA, WEST CENTRAL, WOODBURY",COUNTY,40,ANNUAL,FIELD CROPS,"3,618",ACRES,,AREA HARVESTED,193,00,,,UNITED STATES,"CORN, GRAIN, IRRIGATED - ACRES HARVESTED",19,CORN,CENSUS,00000000,,13.0,9000
2007,2012-01-01 00:00:00.000,IA,193,GRAIN,19,YEAR,WEST CENTRAL,IOWA,TOTAL,CROPS,00,WOODBURY,,IRRIGATED,NOT SPECIFIED,ALL CLASSES,"IOWA, WEST CENTRAL, WOODBURY",COUNTY,40,ANNUAL,FIELD CROPS,"8,162",ACRES,,AREA HARVESTED,193,00,,,UNITED STATES,"CORN, GRAIN, IRRIGATED - ACRES HARVESTED",19,CORN,CENSUS,00000000,,,9000
2002,2012-01-01 00:00:00.000,IA,193,GRAIN,19,YEAR,WEST CENTRAL,IOWA,TOTAL,CROPS,00,WOODBURY,,IRRIGATED,NOT SPECIFIED,ALL CLASSES,"IOWA, WEST CENTRAL, WOODBURY",COUNTY,40,ANNUAL,FIELD CROPS,"5,129",ACRES,,AREA HARVESTED,193,00,,,UNITED STATES,"CORN, GRAIN, IRRIGATED - ACRES HARVESTED",19,CORN,CENSUS,00000000,,,9000
2022,2024-07-02 12:00:00.000,IA,015,GRAIN,19,YEAR,CENTRAL,IOWA,TOTAL,CROPS,00,BOONE,,IRRIGATED,NOT SPECIFIED,ALL CLASSES,"IOWA, CENTRAL, BOONE",COUNTY,50,ANNUAL,FIELD CROPS,304,ACRES,,AREA HARVESTED,015,00,,,UNITED STATES,"CORN, GRAIN, IRRIGATED - ACRES HARVESTED",19,CORN,CENSUS,00000000,,18.8,9000
2017,2018-02-01 00:00:00.000,IA,015,GRAIN,19,YEAR,CENTRAL,IOWA,TOTAL,CROPS,00,BOONE,,IRRIGATED,NOT SPECIFIED,ALL CLASSES,"IOWA, CENTRAL, BOONE",COUNTY,50,ANNUAL,FIELD CROPS,                 (D),ACRES,,AREA HARVESTED,015,00,,,UNITED STATES,"CORN, GRAIN, IRRIGATED - ACRES HARVESTED",19,CORN,CENSUS,00000000,,(D),9000
2012,2012-12-31 00:00:00.000,IA,015,GRAIN,19,YEAR,CENTRAL,IOWA,TOTAL,CROPS,00,BOONE,,IRRIGATED,NOT SPECIFIED,ALL CLASSES,"IOWA, CENTRAL, BOONE",COUNTY,50,ANNUAL,FIELD CROPS,                 (D),ACRES,,AREA HARVESTED,015,00,,,UNITED STATES,"CORN, GRAIN, IRRIGATED - ACRES HARVESTED",19,CORN,CENSUS,00000000,,(D),9000
2007,2012-01-01 00:00:00.000,IA,015,GRAIN,19,YEAR,CENTRAL,IOWA,TOTAL,CROPS,00,BOONE,,IRRIGATED,NOT SPECIFIED,ALL CLASSES,"IOWA, CENTRAL, BOONE",COUNTY,50,ANNUAL,FIELD CROPS,                 (D),ACRES,,AREA HARVESTED,015,00,,,UNITED STATES,"CORN, GRAIN, IRRIGATED - ACRES HARVESTED",19,CORN,CENSUS,00000000,,,9000
2022,2024-07-02 12:00:00.000,IA,049,GRAIN,19,YEAR,CENTRAL,IOWA,TOTAL,CROPS,00,DALLAS,,IRRIGATED,NOT SPECIFIED,ALL CLASSES,"IOWA, CENTRAL, DALLAS",COUNTY,50,ANNUAL,FIELD CROPS,                 (D),ACRES,,AREA HARVESTED,049,00,,,UNITED STATES,"CORN, GRAIN, IRRIGATED - ACRES HARVESTED",19,CORN,CENSUS,00000000,,(D),9000
2017,2018-02-01 00:00:00.000,IA,049,GRAIN,19,YEAR,CENTRAL,IOWA,TOTAL,CROPS,00,DALLAS,,IRRIGATED,NOT SPECIFIED,ALL CLASSES,"IOWA, CENTRAL, DALLAS",COUNTY,50,ANNUAL,FIELD CROPS,380,ACRES,,AREA HARVESTED,049,00,,,UNITED STATES,"CORN, GRAIN, IRRIGATED - ACRES HARVESTED",19,CORN,CENSUS,00000000,,25.6,9000
2012,2012-12-31 00:00:00.000,IA,049,GRAIN,19,YEAR,CENTRAL,IOWA,TOTAL,CROPS,00,DALLAS,,IRRIGATED,NOT SPECIFIED,ALL CLASSES,"IOWA, CENTRAL, DALLAS",COUNTY,50,ANNUAL,FIELD CROPS,                 (D),ACRES,,AREA HARVESTED,049,00,,,UNITED STATES,"CORN, GRAIN, IRRIGATED - ACRES HARVESTED",19,CORN,CENSUS,00000000,,(D),9000
2007,2012-01-01 00:00:00.000,IA,049,GRAIN,19,YEAR,CENTRAL,IOWA,TOTAL,CROPS,00,DALLAS,,IRRIGATED,NOT SPECIFIED,ALL CLASSES,"IOWA, CENTRAL, DALLAS",COUNTY,50,ANNUAL,FIELD CROPS,                 (D),ACRES,,AREA HARVESTED,049,00,,,UNITED STATES,"CORN, GRAIN, IRRIGATED - ACRES HARVESTED",19,CORN,CENSUS,00000000,,,9000
2002,2012-01-01 00:00:00.000,IA,049,GRAIN,19,YEAR,CENTRAL,IOWA,TOTAL,CROPS,00,DALLAS,,IRRIGATED,NOT SPECIFIED,ALL CLASSES,"IOWA, CENTRAL, DALLAS",COUNTY,50,ANNUAL,FIELD CROPS,276,ACRES,,AREA HARVESTED,049,00,,,UNITED STATES,"CORN, GRAIN, IRRIGATED - ACRES HARVESTED",19,CORN,CENSUS,00000000,,,9000
2022,2024-07-02 12:00:00.000,IA,075,GRAIN,19,YEAR,CENTRAL,IOWA,TOTAL,CROPS,00,GRUNDY,,IRRIGATED,NOT SPECIFIED,ALL CLASSES,"IOWA, CENTRAL, GRUNDY",COUNTY,50,ANNUAL,FIELD CROPS,                 (D),ACRES,,AREA HARVESTED,075,00,,,UNITED STATES,"CORN, GRAIN, IRRIGATED - ACRES HARVESTED",19,CORN,CENSUS,00000000,,(D),9000
2017,2018-02-01 00:00:00.000,IA,075,GRAIN,19,YEAR,CENTRAL,IOWA,TOTAL,CROPS,00,GRUNDY,,IRRIGATED,NOT SPECIFIED,ALL CLASSES,"IOWA, CENTRAL, GRUNDY",COUNTY,50,ANNUAL,FIELD CROPS,                 (D),ACRES,,AREA HARVESTED,075,00,,,UNITED STATES,"CORN, GRAIN, IRRIGATED - ACRES HARVESTED",19,CORN,CENSUS,00000000,,(D),9000
2012,2012-12-31 00:00:00.000,IA,079,GRAIN,19,YEAR,CENTRAL,IOWA,TOTAL,CROPS,00,HAMILTON,,IRRIGATED,NOT SPECIFIED,ALL CLASSES,"IOWA, CENTRAL, HAMILTON",COUNTY,50,ANNUAL,FIELD CROPS,                 (D),ACRES,,AREA HARVESTED,079,00,,,UNITED STATES,"CORN, GRAIN, IRRIGATED - ACRES HARVESTED",19,CORN,CENSUS,00000000,,(D),9000
2007,2012-01-01 00:00:00.000,IA,079,GRAIN,19,YEAR,CENTRAL,IOWA,TOTAL,CROPS,00,HAMILTON,,IRRIGATED,NOT SPECIFIED,ALL CLASSES,"IOWA, CENTRAL, HAMILTON",COUNTY,50,ANNUAL,FIELD CROPS,                 (D),ACRES,,AREA HARVESTED,079,00,,,UNITED STATES,"CORN, GRAIN, IRRIGATED - ACRES HARVESTED",19,CORN,CENSUS,00000000,,,9000
2022,2024-07-02 12:00:00.000,IA,099,GRAIN,19,YEAR,CENTRAL,IOWA,TOTAL,CROPS,00,JASPER,,IRRIGATED,NOT SPECIFIED,ALL CLASSES,"IOWA, CENTRAL, JASPER",COUNTY,50,ANNUAL,FIELD CROPS,535,ACRES,,AREA HARVESTED,099,00,,,UNITED STATES,"CORN, GRAIN, IRRIGATED - ACRES HARVESTED",19,CORN,CENSUS,00000000,,18.8,9000
2017,2018-02-01 00:00:00.000,IA,099,GRAIN,19,YEAR,CENTRAL,IOWA,TOTAL,CROPS,00,JASPER,,IRRIGATED,NOT SPECIFIED,ALL CLASSES,"IOWA, CENTRAL, JASPER",COUNTY,50,ANNUAL,FIELD CROPS,275,ACRES,,AREA HARVESTED,099,00,,,UNITED STATES,"CORN, GRAIN, IRRIGATED - ACRES HARVESTED",19,CORN,CENSUS,00000000,,25.6,9000
2012,2012-12-31 00:00:00.000,IA,099,GRAIN,19,YEAR,CENTRAL,IOWA,TOTAL,CROPS,00,JASPER,,IRRIGATED,NOT SPECIFIED,ALL CLASSES,"IOWA, CENTRAL, JASPER",COUNTY,50,ANNUAL,FIELD CROPS,687,ACRES,,AREA HARVESTED,099,00,,,UNITED STATES,"CORN, GRAIN, IRRIGATED - ACRES HARVESTED",19,CORN,CENSUS,00000000,,13.0,9000
2007,2012-01-01 00:00:00.000,IA,099,GRAIN,19,YEAR,CENTRAL,IOWA,TOTAL,CROPS,00,JASPER,,IRRIGATED,NOT SPECIFIED,ALL CLASSES,"IOWA, CENTRAL, JASPER",COUNTY,50,ANNUAL,FIELD CROPS,346,ACRES,,AREA HARVESTED,099,00,,,UNITED STATES,"CORN, GRAIN, IRRIGATED - ACRES HARVESTED",19,CORN,CENSUS,00000000,,,9000
2002,2012-01-01 00:00:00.000,IA,099,GRAIN,19,YEAR,CENTRAL,IOWA,TOTAL,CROPS,00,JASPER,,IRRIGATED,NOT SPECIFIED,ALL CLASSES,"IOWA, CENTRAL, JASPER",COUNTY,50,ANNUAL,FIELD CROPS,540,ACRES,,AREA HARVESTED,099,00,,,UNITED STATES,"CORN, GRAIN, IRRIGATED - ACRES HARVESTED",19,CORN,CENSUS,00000000,,,9000
2012,2012-12-31 00:00:00.000,IA,127,GRAIN,19,YEAR,CENTRAL,IOWA,TOTAL,CROPS,00,MARSHALL,,IRRIGATED,NOT SPECIFIED,ALL CLASSES,"IOWA, CENTRAL, MARSHALL",COUNTY,50,ANNUAL,FIELD CROPS,                 (D),ACRES,,AREA HARVESTED,127,00,,,UNITED STATES,"CORN, GRAIN, IRRIGATED - ACRES HARVESTED",19,CORN,CENSUS,00000000,,(D),9000
2007,2012-01-01 00:00:00.000,IA,127,GRAIN,19,YEAR,CENTRAL,IOWA,TOTAL,CROPS,00,MARSHALL,,IRRIGATED,NOT SPECIFIED,ALL CLASSES,"IOWA, CENTRAL, MARSHALL",COUNTY,50,ANNUAL,FIELD CROPS,360,ACRES,,AREA HARVESTED,127,00,,,UNITED STATES,"CORN, GRAIN, IRRIGATED - ACRES HARVESTED",19,CORN,CENSUS,00000000,,,9000
2002,2012-01-01 00:00:00.000,IA,127,GRAIN,19,YEAR,CENTRAL,IOWA,TOTAL,CROPS,00,MARSHALL,,IRRIGATED,NOT SPECIFIED,ALL CLASSES,"IOWA, CENTRAL, MARSHALL",COUNTY,50,ANNUAL,FIELD CROPS,                 (D),ACRES,,AREA HARVESTED,127,00,,,UNITED STATES,"CORN, GRAIN, IRRIGATED - ACRES HARVESTED",19,CORN,CENSUS,00000000,,,9000
2012,2012-12-31 00:00:00.000,IA,153,GRAIN,19,YEAR,CENTRAL,IOWA,TOTAL,CROPS,00,POLK,,IRRIGATED,NOT SPECIFIED,ALL CLASSES,"IOWA, CENTRAL, POLK",COUNTY,50,ANNUAL,FIELD CROPS,                 (D),ACRES,,AREA HARVESTED,153,00,,,UNITED STATES,"CORN, GRAIN, IRRIGATED - ACRES HARVESTED",19,CORN,CENSUS,00000000,,(D),9000
2007,2012-01-01 00:00:00.000,IA,153,GRAIN,19,YEAR,CENTRAL,IOWA,TOTAL,CROPS,00,POLK,,IRRIGATED,NOT SPECIFIED,ALL CLASSES,"IOWA, CENTRAL, POLK",COUNTY,50,ANNUAL,FIELD CROPS,                 (D),ACRES,,AREA HARVESTED,153,00,,,UNITED STATES,"CORN, GRAIN, IRRIGATED - ACRES HARVESTED",19,CORN,CENSUS,00000000,,,9000
2022,2024-07-02 12:00:00.000,IA,169,GRAIN,19,YEAR,CENTRAL,IOWA,TOTAL,CROPS,00,STORY,,IRRIGATED,NOT SPECIFIED,ALL CLASSES,"IOWA, CENTRAL, STORY",COUNTY,50,ANNUAL,FIELD CROPS,                 (D),ACRES,,AREA HARVESTED,169,00,,,UNITED STATES,"CORN, GRAIN, IRRIGATED - ACRES HARVESTED",19,CORN,CENSUS,00000000,,(D),9000
2017,2018-02-01 00:00:00.000,IA,169,GRAIN,19,YEAR,CENTRAL,IOWA,TOTAL,CROPS,00,STORY,,IRRIGATED,NOT SPECIFIED,ALL CLASSES,"IOWA, CENTRAL, STORY",COUNTY,50,ANNUAL,FIELD CROPS,248,ACRES,,AREA HARVESTED,169,00,,,UNITED STATES,"CORN, GRAIN, IRRIGATED - ACRES HARVESTED",19,CORN,CENSUS,00000000,,25.6,9000
2012,2012-12-31 00:00:00.000,IA,169,GRAIN,19,YEAR,CENTRAL,IOWA,TOTAL,CROPS,00,STORY,,IRRIGATED,NOT SPECIFIED,ALL CLASSES,"IOWA, CENTRAL, STORY",COUNTY,50,ANNUAL,FIELD CROPS,269,ACRES,,AREA HARVESTED,169,00,,,UNITED STATES,"CORN, GRAIN, IRRIGATED - ACRES HARVESTED",19,CORN,CENSUS,00000000,,13.0,9000
2007,2012-01-01 00:00:00.000,IA,169,GRAIN,19,YEAR,CENTRAL,IOWA,TOTAL,CROPS,00,STORY,,IRRIGATED,NOT SPECIFIED,ALL CLASSES,"IOWA, CENTRAL, STORY",COUNTY,50,ANNUAL,FIELD CROPS,                 (D),ACRES,,AREA HARVESTED,169,00,,,UNITED STATES,"CORN, GRAIN, IRRIGATED - ACRES HARVESTED",19,CORN,CENSUS,00000000,,,9000
2002,2012-01-01 00:00:00.000,IA,169,GRAIN,19,YEAR,CENTRAL,IOWA,TOTAL,CROPS,00,STORY,,IRRIGATED,NOT SPECIFIED,ALL CLASSES,"IOWA, CENTRAL, STORY",COUNTY,50,ANNUAL,FIELD CROPS,231,ACRES,,AREA HARVESTED,169,00,,,UNITED STATES,"CORN, GRAIN, IRRIGATED - ACRES HARVESTED",19,CORN,CENSUS,00000000,,,9000
2017,2018-02-01 00:00:00.000,IA,171,GRAIN,19,YEAR,CENTRAL,IOWA,TOTAL,CROPS,00,TAMA,,IRRIGATED,NOT SPECIFIED,ALL CLASSES,"IOWA, CENTRAL, TAMA",COUNTY,50,ANNUAL,FIELD CROPS,                 (D),ACRES,,AREA HARVESTED,171,00,,,UNITED STATES,"CORN, GRAIN, IRRIGATED - ACRES HARVESTED",19,CORN,CENSUS,00000000,,(D),9000
2012,2012-12-31 00:00:00.000,IA,187,GRAIN,19,YEAR,CENTRAL,IOWA,TOTAL,CROPS,00,WEBSTER,,IRRIGATED,NOT SPECIFIED,ALL CLASSES,"IOWA, CENTRAL, WEBSTER",COUNTY,50,ANNUAL,FIELD CROPS,                 (D),ACRES,,AREA HARVESTED,187,00,,,UNITED STATES,"CORN, GRAIN, IRRIGATED - ACRES HARVESTED",19,CORN,CENSUS,00000000,,(D),9000
2022,2024-07-02 12:00:00.000,IA,011,GRAIN,19,YEAR,EAST CENTRAL,IOWA,TOTAL,CROPS,00,BENTON,,IRRIGATED,NOT SPECIFIED,ALL CLASSES,"IOWA, EAST CENTRAL, BENTON",COUNTY,60,ANNUAL,FIELD CROPS,                 (D),ACRES,,AREA HARVESTED,011,00,,,UNITED STATES,"CORN, GRAIN, IRRIGATED - ACRES HARVESTED",19,CORN,CENSUS,00000000,,(D),9000
2017,2018-02-01 00:00:00.000,IA,011,GRAIN,19,YEAR,EAST CENTRAL,IOWA,TOTAL,CROPS,00,BENTON,,IRRIGATED,NOT SPECIFIED,ALL CLASSES,"IOWA, EAST CENTRAL, BENTON",COUNTY,60,ANNUAL,FIELD CROPS,                 (D),ACRES,,AREA HARVESTED,011,00,,,UNITED STATES,"CORN, GRAIN, IRRIGATED - ACRES HARVESTED",19,CORN,CENSUS,00000000,,(D),9000
2007,2012-01-01 00:00:00.000,IA,011,GRAIN,19,YEAR,EAST CENTRAL,IOWA,TOTAL,CROPS,00,BENTON,,IRRIGATED,NOT SPECIFIED,ALL CLASSES,"IOWA, EAST CENTRAL, BENTON",COUNTY,60,ANNUAL,FIELD CROPS,                 (D),ACRES,,AREA HARVESTED,011,00,,,UNITED STATES,"CORN, GRAIN, IRRIGATED - ACRES HARVESTED",19,CORN,CENSUS,00000000,,,9000
2022,2024-07-02 12:00:00.000,IA,031,GRAIN,19,YEAR,EAST CENTRAL,IOWA,TOTAL,CROPS,00,CEDAR,,IRRIGATED,NOT SPECIFIED,ALL CLASSES,"IOWA, EAST CENTRAL, CEDAR",COUNTY,60,ANNUAL,FIELD CROPS,                 (D),ACRES,,AREA HARVESTED,031,00,,,UNITED STATES,"CORN, GRAIN, IRRIGATED - ACRES HARVESTED",19,CORN,CENSUS,00000000,,(D),9000
2017,2018-02-01 00:00:00.000,IA,031,GRAIN,19,YEAR,EAST CENTRAL,IOWA,TOTAL,CROPS,00,CEDAR,,IRRIGATED,NOT SPECIFIED,ALL CLASSES,"IOWA, EAST CENTRAL, CEDAR",COUNTY,60,ANNUAL,FIELD CROPS,                 (D),ACRES,,AREA HARVESTED,031,00,,,UNITED STATES,"CORN, GRAIN, IRRIGATED - ACRES HARVESTED",19,CORN,CENSUS,00000000,,(D),9000
2012,2012-12-31 00:00:00.000,IA,031,GRAIN,19,YEAR,EAST CENTRAL,IOWA,TOTAL,CROPS,00,CEDAR,,IRRIGATED,NOT SPECIFIED,ALL CLASSES,"IOWA, EAST CENTRAL, CEDAR",COUNTY,60,ANNUAL,FIELD CROPS,272,ACRES,,AREA HARVESTED,031,00,,,UNITED STATES,"CORN, GRAIN, IRRIGATED - ACRES HARVESTED",19,CORN,CENSUS,00000000,,13.0,9000
2007,2012-01-01 00:00:00.000,IA,031,GRAIN,19,YEAR,EAST CENTRAL,IOWA,TOTAL,CROPS,00,CEDAR,,IRRIGATED,NOT SPECIFIED,ALL CLASSES,"IOWA, EAST CENTRAL, CEDAR",COUNTY,60,ANNUAL,FIELD CROPS,                 (D),ACRES,,AREA HARVESTED,031,00,,,UNITED STATES,"CORN, GRAIN, IRRIGATED - ACRES HARVESTED",19,CORN,CENSUS,00000000,,,9000
2022,2024-07-02 12:00:00.000,IA,045,GRAIN,19,YEAR,EAST CENTRAL,IOWA,TOTAL,CROPS,00,CLINTON,,IRRIGATED,NOT SPECIFIED,ALL CLASSES,"IOWA, EAST CENTRAL, CLINTON",COUNTY,60,ANNUAL,FIELD CROPS,204,ACRES,,AREA HARVESTED,045,00,,,UNITED STATES,"CORN, GRAIN, IRRIGATED - ACRES HARVESTED",19,CORN,CENSUS,00000000,,18.8,9000
2017,2018-02-01 00:00:00.000,IA,045,GRAIN,19,YEAR,EAST CENTRAL,IOWA,TOTAL,CROPS,00,CLINTON,,IRRIGATED,NOT SPECIFIED,ALL CLASSES,"IOWA, EAST CENTRAL, CLINTON",COUNTY,60,ANNUAL,FIELD CROPS,237,ACRES,,AREA HARVESTED,045,00,,,UNITED STATES,"CORN, GRAIN, IRRIGATED - ACRES HARVESTED",19,CORN,CENSUS,00000000,,25.6,9000
2022,2024-07-02 12:00:00.000,IA,095,GRAIN,19,YEAR,EAST CENTRAL,IOWA,TOTAL,CROPS,00,IOWA,,IRRIGATED,NOT SPECIFIED,ALL CLASSES,"IOWA, EAST CENTRAL, IOWA",COUNTY,60,ANNUAL,FIELD CROPS,                 (D),ACRES,,AREA HARVESTED,095,00,,,UNITED STATES,"CORN, GRAIN, IRRIGATED - ACRES HARVESTED",19,CORN,CENSUS,00000000,,(D),9000
2017,2018-02-01 00:00:00.000,IA,095,GRAIN,19,YEAR,EAST CENTRAL,IOWA,TOTAL,CROPS,00,IOWA,,IRRIGATED,NOT SPECIFIED,ALL CLASSES,"IOWA, EAST CENTRAL, IOWA",COUNTY,60,ANNUAL,FIELD CROPS,                 (D),ACRES,,AREA HARVESTED,095,00,,,UNITED STATES,"CORN, GRAIN, IRRIGATED - ACRES HARVESTED",19,CORN,CENSUS,00000000,,(D),9000
2012,2012-12-31 00:00:00.000,IA,095,GRAIN,19,YEAR,EAST CENTRAL,IOWA,TOTAL,CROPS,00,IOWA,,IRRIGATED,NOT SPECIFIED,ALL CLASSES,"IOWA, EAST CENTRAL, IOWA",COUNTY,60,ANNUAL,FIELD CROPS,                 (D),ACRES,,AREA HARVESTED,095,00,,,UNITED STATES,"CORN, GRAIN, IRRIGATED - ACRES HARVESTED",19,CORN,CENSUS,00000000,,(D),9000
2007,2012-01-01 00:00:00.000,IA,095,GRAIN,19,YEAR,EAST CENTRAL,IOWA,TOTAL,CROPS,00,IOWA,,IRRIGATED,NOT SPECIFIED,ALL CLASSES,"IOWA, EAST CENTRAL, IOWA",COUNTY,60,ANNUAL,FIELD CROPS,                 (D),ACRES,,AREA HARVESTED,095,00,,,UNITED STATES,"CORN, GRAIN, IRRIGATED - ACRES HARVESTED",19,CORN,CENSUS,00000000,,,9000
2002,2012-01-01 00:00:00.000,IA,095,GRAIN,19,YEAR,EAST CENTRAL,IOWA,TOTAL,CROPS,00,IOWA,,IRRIGATED,NOT SPECIFIED,ALL CLASSES,"IOWA, EAST CENTRAL, IOWA",COUNTY,60,ANNUAL,FIELD CROPS,                 (D),ACRES,,AREA HARVESTED,095,00,,,UNITED STATES,"CORN, GRAIN, IRRIGATED - ACRES HARVESTED",19,CORN,CENSUS,00000000,,,9000
2022,2024-07-02 12:00:00.000,IA,097,GRAIN,19,YEAR,EAST CENTRAL,IOWA,TOTAL,CROPS,00,JACKSON,,IRRIGATED,NOT SPECIFIED,ALL CLASSES,"IOWA, EAST CENTRAL, JACKSON",COUNTY,60,ANNUAL,FIELD CROPS,                 (D),ACRES,,AREA HARVESTED,097,00,,,UNITED STATES,"CORN, GRAIN, IRRIGATED - ACRES HARVESTED",19,CORN,CENSUS,00000000,,(D),9000
2017,2018-02-01 00:00:00.000,IA,097,GRAIN,19,YEAR,EAST CENTRAL,IOWA,TOTAL,CROPS,00,JACKSON,,IRRIGATED,NOT SPECIFIED,ALL CLASSES,"IOWA, EAST CENTRAL, JACKSON",COUNTY,60,ANNUAL,FIELD CROPS,                 (D),ACRES,,AREA HARVESTED,097,00,,,UNITED STATES,"CORN, GRAIN, IRRIGATED - ACRES HARVESTED",19,CORN,CENSUS,00000000,,(D),9000
2012,2012-12-31 00:00:00.000,IA,097,GRAIN,19,YEAR,EAST CENTRAL,IOWA,TOTAL,CROPS,00,JACKSON,,IRRIGATED,NOT SPECIFIED,ALL CLASSES,"IOWA, EAST CENTRAL, JACKSON",COUNTY,60,ANNUAL,FIELD CROPS,                 (D),ACRES,,AREA HARVESTED,097,00,,,UNITED STATES,"CORN, GRAIN, IRRIGATED - ACRES HARVESTED",19,CORN,CENSUS,00000000,,(D),9000
2022,2024-07-02 12:00:00.000,IA,103,GRAIN,19,YEAR,EAST CENTRAL,IOWA,TOTAL,CROPS,00,JOHNSON,,IRRIGATED,NOT SPECIFIED,ALL CLASSES,"IOWA, EAST CENTRAL, JOHNSON",COUNTY,60,ANNUAL,FIELD CROPS,243,ACRES,,AREA HARVESTED,103,00,,,UNITED STATES,"CORN, GRAIN, IRRIGATED - ACRES HARVESTED",19,CORN,CENSUS,00000000,,18.8,9000
2017,2018-02-01 00:00:00.000,IA,103,GRAIN,19,YEAR,EAST CENTRAL,IOWA,TOTAL,CROPS,00,JOHNSON,,IRRIGATED,NOT SPECIFIED,ALL CLASSES,"IOWA, EAST CENTRAL, JOHNSON",COUNTY,60,ANNUAL,FIELD CROPS,730,ACRES,,AREA HARVESTED,103,00,,,UNITED STATES,"CORN, GRAIN, IRRIGATED - ACRES HARVESTED",19,CORN,CENSUS,00000000,,25.6,9000
2007,2012-01-01 00:00:00.000,IA,103,GRAIN,19,YEAR,EAST CENTRAL,IOWA,TOTAL,CROPS,00,JOHNSON,,IRRIGATED,NOT SPECIFIED,ALL CLASSES,"IOWA, EAST CENTRAL, JOHNSON",COUNTY,60,ANNUAL,FIELD CROPS,"2,449",ACRES,,AREA HARVESTED,103,00,,,UNITED STATES,"CORN, GRAIN, IRRIGATED - ACRES HARVESTED",19,CORN,CENSUS,00000000,,,9000
2012,2012-12-31 00:00:00.000,IA,105,GRAIN,19,YEAR,EAST CENTRAL,IOWA,TOTAL,CROPS,00,JONES,,IRRIGATED,NOT SPECIFIED,ALL CLASSES,"IOWA, EAST CENTRAL, JONES",COUNTY,60,ANNUAL,FIELD CROPS,                 (D),ACRES,,AREA HARVESTED,105,00,,,UNITED STATES,"CORN, GRAIN, IRRIGATED - ACRES HARVESTED",19,CORN,CENSUS,00000000,,(D),9000
2007,2012-01-01 00:00:00.000,IA,105,GRAIN,19,YEAR,EAST CENTRAL,IOWA,TOTAL,CROPS,00,JONES,,IRRIGATED,NOT SPECIFIED,ALL CLASSES,"IOWA, EAST CENTRAL, JONES",COUNTY,60,ANNUAL,FIELD CROPS,                 (D),ACRES,,AREA HARVESTED,105,00,,,UNITED STATES,"CORN, GRAIN, IRRIGATED - ACRES HARVESTED",19,CORN,CENSUS,00000000,,,9000
2022,2024-07-02 12:00:00.000,IA,113,GRAIN,19,YEAR,EAST CENTRAL,IOWA,TOTAL,CROPS,00,LINN,,IRRIGATED,NOT SPECIFIED,ALL CLASSES,"IOWA, EAST CENTRAL, LINN",COUNTY,60,ANNUAL,FIELD CROPS,69,ACRES,,AREA HARVESTED,113,00,,,UNITED STATES,"CORN, GRAIN, IRRIGATED - ACRES HARVESTED",19,CORN,CENSUS,00000000,,18.8,9000
2017,2018-02-01 00:00:00.000,IA,113,GRAIN,19,YEAR,EAST CENTRAL,IOWA,TOTAL,CROPS,00,LINN,,IRRIGATED,NOT SPECIFIED,ALL CLASSES,"IOWA, EAST CENTRAL, LINN",COUNTY,60,ANNUAL,FIELD CROPS,                 (D),ACRES,,AREA HARVESTED,113,00,,,UNITED STATES,"CORN, GRAIN, IRRIGATED - ACRES HARVESTED",19,CORN,CENSUS,00000000,,(D),9000
2012,2012-12-31 00:00:00.000,IA,113,GRAIN,19,YEAR,EAST CENTRAL,IOWA,TOTAL,CROPS,00,LINN,,IRRIGATED,NOT SPECIFIED,ALL CLASSES,"IOWA, EAST CENTRAL, LINN",COUNTY,60,ANNUAL,FIELD CROPS,                 (D),ACRES,,AREA HARVESTED,113,00,,,UNITED STATES,"CORN, GRAIN, IRRIGATED - ACRES HARVESTED",19,CORN,CENSUS,00000000,,(D),9000
2007,2012-01-01 00:00:00.000,IA,113,GRAIN,19,YEAR,EAST CENTRAL,IOWA,TOTAL,CROPS,00,LINN,,IRRIGATED,NOT SPECIFIED,ALL CLASSES,"IOWA, EAST CENTRAL, LINN",COUNTY,60,ANNUAL,FIELD CROPS,                 (D),ACRES,,AREA HARVESTED,113,00,,,UNITED STATES,"CORN, GRAIN, IRRIGATED - ACRES HARVESTED",19,CORN,CENSUS,00000000,,,9000
2022,2024-07-02 12:00:00.000,IA,139,GRAIN,19,YEAR,EAST CENTRAL,IOWA,TOTAL,CROPS,00,MUSCATINE,,IRRIGATED,NOT SPECIFIED,ALL CLASSES,"IOWA, EAST CENTRAL, MUSCATINE",COUNTY,60,ANNUAL,FIELD CROPS,"9,077",ACRES,,AREA HARVESTED,139,00,,,UNITED STATES,"CORN, GRAIN, IRRIGATED - ACRES HARVESTED",19,CORN,CENSUS,00000000,,18.8,9000
2017,2018-02-01 00:00:00.000,IA,139,GRAIN,19,YEAR,EAST CENTRAL,IOWA,TOTAL,CROPS,00,MUSCATINE,,IRRIGATED,NOT SPECIFIED,ALL CLASSES,"IOWA, EAST CENTRAL, MUSCATINE",COUNTY,60,ANNUAL,FIELD CROPS,"5,429",ACRES,,AREA HARVESTED,139,00,,,UNITED STATES,"CORN, GRAIN, IRRIGATED - ACRES HARVESTED",19,CORN,CENSUS,00000000,,25.6,9000
2012,2012-12-31 00:00:00.000,IA,139,GRAIN,19,YEAR,EAST CENTRAL,IOWA,TOTAL,CROPS,00,MUSCATINE,,IRRIGATED,NOT SPECIFIED,ALL CLASSES,"IOWA, EAST CENTRAL, MUSCATINE",COUNTY,60,ANNUAL,FIELD CROPS,"4,841",ACRES,,AREA HARVESTED,139,00,,,UNITED STATES,"CORN, GRAIN, IRRIGATED - ACRES HARVESTED",19,CORN,CENSUS,00000000,,13.0,9000
2007,2012-01-01 00:00:00.000,IA,139,GRAIN,19,YEAR,EAST CENTRAL,IOWA,TOTAL,CROPS,00,MUSCATINE,,IRRIGATED,NOT SPECIFIED,ALL CLASSES,"IOWA, EAST CENTRAL, MUSCATINE",COUNTY,60,ANNUAL,FIELD CROPS,"4,243",ACRES,,AREA HARVESTED,139,00,,,UNITED STATES,"CORN, GRAIN, IRRIGATED - ACRES HARVESTED",19,CORN,CENSUS,00000000,,,9000
2002,2012-01-01 00:00:00.000,IA,139,GRAIN,19,YEAR,EAST CENTRAL,IOWA,TOTAL,CROPS,00,MUSCATINE,,IRRIGATED,NOT SPECIFIED,ALL CLASSES,"IOWA, EAST CENTRAL, MUSCATINE",COUNTY,60,ANNUAL,FIELD CROPS,"2,853",ACRES,,AREA HARVESTED,139,00,,,UNITED STATES,"CORN, GRAIN, IRRIGATED - ACRES HARVESTED",19,CORN,CENSUS,00000000,,,9000
2022,2024-07-02 12:00:00.000,IA,163,GRAIN,19,YEAR,EAST CENTRAL,IOWA,TOTAL,CROPS,00,SCOTT,,IRRIGATED,NOT SPECIFIED,ALL CLASSES,"IOWA, EAST CENTRAL, SCOTT",COUNTY,60,ANNUAL,FIELD CROPS,                 (D),ACRES,,AREA HARVESTED,163,00,,,UNITED STATES,"CORN, GRAIN, IRRIGATED - ACRES HARVESTED",19,CORN,CENSUS,00000000,,(D),9000
2017,2018-02-01 00:00:00.000,IA,163,GRAIN,19,YEAR,EAST CENTRAL,IOWA,TOTAL,CROPS,00,SCOTT,,IRRIGATED,NOT SPECIFIED,ALL CLASSES,"IOWA, EAST CENTRAL, SCOTT",COUNTY,60,ANNUAL,FIELD CROPS,422,ACRES,,AREA HARVESTED,163,00,,,UNITED STATES,"CORN, GRAIN, IRRIGATED - ACRES HARVESTED",19,CORN,CENSUS,00000000,,25.6,9000
2007,2012-01-01 00:00:00.000,IA,163,GRAIN,19,YEAR,EAST CENTRAL,IOWA,TOTAL,CROPS,00,SCOTT,,IRRIGATED,NOT SPECIFIED,ALL CLASSES,"IOWA, EAST CENTRAL, SCOTT",COUNTY,60,ANNUAL,FIELD CROPS,"1,450",ACRES,,AREA HARVESTED,163,00,,,UNITED STATES,"CORN, GRAIN, IRRIGATED - ACRES HARVESTED",19,CORN,CENSUS,00000000,,,9000
2017,2018-02-01 00:00:00.000,IA,001,GRAIN,19,YEAR,SOUTHWEST,IOWA,TOTAL,CROPS,00,ADAIR,,IRRIGATED,NOT SPECIFIED,ALL CLASSES,"IOWA, SOUTHWEST, ADAIR",COUNTY,70,ANNUAL,FIELD CROPS,                 (D),ACRES,,AREA HARVESTED,001,00,,,UNITED STATES,"CORN, GRAIN, IRRIGATED - ACRES HARVESTED",19,CORN,CENSUS,00000000,,(D),9000
2022,2024-07-02 12:00:00.000,IA,029,GRAIN,19,YEAR,SOUTHWEST,IOWA,TOTAL,CROPS,00,CASS,,IRRIGATED,NOT SPECIFIED,ALL CLASSES,"IOWA, SOUTHWEST, CASS",COUNTY,70,ANNUAL,FIELD CROPS,                 (D),ACRES,,AREA HARVESTED,029,00,,,UNITED STATES,"CORN, GRAIN, IRRIGATED - ACRES HARVESTED",19,CORN,CENSUS,00000000,,(D),9000
2012,2012-12-31 00:00:00.000,IA,029,GRAIN,19,YEAR,SOUTHWEST,IOWA,TOTAL,CROPS,00,CASS,,IRRIGATED,NOT SPECIFIED,ALL CLASSES,"IOWA, SOUTHWEST, CASS",COUNTY,70,ANNUAL,FIELD CROPS,330,ACRES,,AREA HARVESTED,029,00,,,UNITED STATES,"CORN, GRAIN, IRRIGATED - ACRES HARVESTED",19,CORN,CENSUS,00000000,,13.0,9000
2007,2012-01-01 00:00:00.000,IA,029,GRAIN,19,YEAR,SOUTHWEST,IOWA,TOTAL,CROPS,00,CASS,,IRRIGATED,NOT SPECIFIED,ALL CLASSES,"IOWA, SOUTHWEST, CASS",COUNTY,70,ANNUAL,FIELD CROPS,                 (D),ACRES,,AREA HARVESTED,029,00,,,UNITED STATES,"CORN, GRAIN, IRRIGATED - ACRES HARVESTED",19,CORN,CENSUS,00000000,,,9000
2022,2024-07-02 12:00:00.000,IA,071,GRAIN,19,YEAR,SOUTHWEST,IOWA,TOTAL,CROPS,00,FREMONT,,IRRIGATED,NOT SPECIFIED,ALL CLASSES,"IOWA, SOUTHWEST, FREMONT",COUNTY,70,ANNUAL,FIELD CROPS,"6,189",ACRES,,AREA HARVESTED,071,00,,,UNITED STATES,"CORN, GRAIN, IRRIGATED - ACRES HARVESTED",19,CORN,CENSUS,00000000,,18.8,9000
2017,2018-02-01 00:00:00.000,IA,071,GRAIN,19,YEAR,SOUTHWEST,IOWA,TOTAL,CROPS,00,FREMONT,,IRRIGATED,NOT SPECIFIED,ALL CLASSES,"IOWA, SOUTHWEST, FREMONT",COUNTY,70,ANNUAL,FIELD CROPS,"9,752",ACRES,,AREA HARVESTED,071,00,,,UNITED STATES,"CORN, GRAIN, IRRIGATED - ACRES HARVESTED",19,CORN,CENSUS,00000000,,25.6,9000
2012,2012-12-31 00:00:00.000,IA,071,GRAIN,19,YEAR,SOUTHWEST,IOWA,TOTAL,CROPS,00,FREMONT,,IRRIGATED,NOT SPECIFIED,ALL CLASSES,"IOWA, SOUTHWEST, FREMONT",COUNTY,70,ANNUAL,FIELD CROPS,"6,175",ACRES,,AREA HARVESTED,071,00,,,UNITED STATES,"CORN, GRAIN, IRRIGATED - ACRES HARVESTED",19,CORN,CENSUS,00000000,,13.0,9000
2007,2012-01-01 00:00:00.000,IA,071,GRAIN,19,YEAR,SOUTHWEST,IOWA,TOTAL,CROPS,00,FREMONT,,IRRIGATED,NOT SPECIFIED,ALL CLASSES,"IOWA, SOUTHWEST, FREMONT",COUNTY,70,ANNUAL,FIELD CROPS,"6,003",ACRES,,AREA HARVESTED,071,00,,,UNITED STATES,"CORN, GRAIN, IRRIGATED - ACRES HARVESTED",19,CORN,CENSUS,00000000,,,9000
2002,2012-01-01 00:00:00.000,IA,071,GRAIN,19,YEAR,SOUTHWEST,IOWA,TOTAL,CROPS,00,FREMONT,,IRRIGATED,NOT SPECIFIED,ALL CLASSES,"IOWA, SOUTHWEST, FREMONT",COUNTY,70,ANNUAL,FIELD CROPS,"1,030",ACRES,,AREA HARVESTED,071,00,,,UNITED STATES,"CORN, GRAIN, IRRIGATED - ACRES HARVESTED",19,CORN,CENSUS,00000000,,,9000
2022,2024-07-02 12:00:00.000,IA,129,GRAIN,19,YEAR,SOUTHWEST,IOWA,TOTAL,CROPS,00,MILLS,,IRRIGATED,NOT SPECIFIED,ALL CLASSES,"IOWA, SOUTHWEST, MILLS",COUNTY,70,ANNUAL,FIELD CROPS,848,ACRES,,AREA HARVESTED,129,00,,,UNITED STATES,"CORN, GRAIN, IRRIGATED - ACRES HARVESTED",19,CORN,CENSUS,00000000,,18.8,9000
2017,2018-02-01 00:00:00.000,IA,129,GRAIN,19,YEAR,SOUTHWEST,IOWA,TOTAL,CROPS,00,MILLS,,IRRIGATED,NOT SPECIFIED,ALL CLASSES,"IOWA, SOUTHWEST, MILLS",COUNTY,70,ANNUAL,FIELD CROPS,944,ACRES,,AREA HARVESTED,129,00,,,UNITED STATES,"CORN, GRAIN, IRRIGATED - ACRES HARVESTED",19,CORN,CENSUS,00000000,,25.6,9000
2012,2012-12-31 00:00:00.000,IA,129,GRAIN,19,YEAR,SOUTHWEST,IOWA,TOTAL,CROPS,00,MILLS,,IRRIGATED,NOT SPECIFIED,ALL CLASSES,"IOWA, SOUTHWEST, MILLS",COUNTY,70,ANNUAL,FIELD CROPS,                 (D),ACRES,,AREA HARVESTED,129,00,,,UNITED STATES,"CORN, GRAIN, IRRIGATED - ACRES HARVESTED",19,CORN,CENSUS,00000000,,(D),9000
2007,2012-01-01 00:00:00.000,IA,129,GRAIN,19,YEAR,SOUTHWEST,IOWA,TOTAL,CROPS,00,MILLS,,IRRIGATED,NOT SPECIFIED,ALL CLASSES,"IOWA, SOUTHWEST, MILLS",COUNTY,70,ANNUAL,FIELD CROPS,                 (D),ACRES,,AREA HARVESTED,129,00,,,UNITED STATES,"CORN, GRAIN, IRRIGATED - ACRES HARVESTED",19,CORN,CENSUS,00000000,,,9000
2002,2012-01-01 00:00:00.000,IA,129,GRAIN,19,YEAR,SOUTHWEST,IOWA,TOTAL,CROPS,00,MILLS,,IRRIGATED,NOT SPECIFIED,ALL CLASSES,"IOWA, SOUTHWEST, MILLS",COUNTY,70,ANNUAL,FIELD CROPS,"1,395",ACRES,,AREA HARVESTED,129,00,,,UNITED STATES,"CORN, GRAIN, IRRIGATED - ACRES HARVESTED",19,CORN,CENSUS,00000000,,,9000
2022,2024-07-02 12:00:00.000,IA,137,GRAIN,19,YEAR,SOUTHWEST,IOWA,TOTAL,CROPS,00,MONTGOMERY,,IRRIGATED,NOT SPECIFIED,ALL CLASSES,"IOWA, SOUTHWEST, MONTGOMERY",COUNTY,70,ANNUAL,FIELD CROPS,                 (D),ACRES,,AREA HARVESTED,137,00,,,UNITED STATES,"CORN, GRAIN, IRRIGATED - ACRES HARVESTED",19,CORN,CENSUS,00000000,,(D),9000
2017,2018-02-01 00:00:00.000,IA,137,GRAIN,19,YEAR,SOUTHWEST,IOWA,TOTAL,CROPS,00,MONTGOMERY,,IRRIGATED,NOT SPECIFIED,ALL CLASSES,"IOWA, SOUTHWEST, MONTGOMERY",COUNTY,70,ANNUAL,FIELD CROPS,                 (D),ACRES,,AREA HARVESTED,137,00,,,UNITED STATES,"CORN, GRAIN, IRRIGATED - ACRES HARVESTED",19,CORN,CENSUS,00000000,,(D),9000
2012,2012-12-31 00:00:00.000,IA,137,GRAIN,19,YEAR,SOUTHWEST,IOWA,TOTAL,CROPS,00,MONTGOMERY,,IRRIGATED,NOT SPECIFIED,ALL CLASSES,"IOWA, SOUTHWEST, MONTGOMERY",COUNTY,70,ANNUAL,FIELD CROPS,                 (D),ACRES,,AREA HARVESTED,137,00,,,UNITED STATES,"CORN, GRAIN, IRRIGATED - ACRES HARVESTED",19,CORN,CENSUS,00000000,,(D),9000
2007,2012-01-01 00:00:00.000,IA,137,GRAIN,19,YEAR,SOUTHWEST,IOWA,TOTAL,CROPS,00,MONTGOMERY,,IRRIGATED,NOT SPECIFIED,ALL CLASSES,"IOWA, SOUTHWEST, MONTGOMERY",COUNTY,70,ANNUAL,FIELD CROPS,                 (D),ACRES,,AREA HARVESTED,137,00,,,UNITED STATES,"CORN, GRAIN, IRRIGATED - ACRES HARVESTED",19,CORN,CENSUS,00000000,,,9000
2022,2024-07-02 12:00:00.000,IA,145,GRAIN,19,YEAR,SOUTHWEST,IOWA,TOTAL,CROPS,00,PAGE,,IRRIGATED,NOT SPECIFIED,ALL CLASSES,"IOWA, SOUTHWEST, PAGE",COUNTY,70,ANNUAL,FIELD CROPS,456,ACRES,,AREA HARVESTED,145,00,,,UNITED STATES,"CORN, GRAIN, IRRIGATED - ACRES HARVESTED",19,CORN,CENSUS,00000000,,18.8,9000
2017,2018-02-01 00:00:00.000,IA,145,GRAIN,19,YEAR,SOUTHWEST,IOWA,TOTAL,CROPS,00,PAGE,,IRRIGATED,NOT SPECIFIED,ALL CLASSES,"IOWA, SOUTHWEST, PAGE",COUNTY,70,ANNUAL,FIELD CROPS,256,ACRES,,AREA HARVESTED,145,00,,,UNITED STATES,"CORN, GRAIN, IRRIGATED - ACRES HARVESTED",19,CORN,CENSUS,00000000,,25.6,9000
2012,2012-12-31 00:00:00.000,IA,145,GRAIN,19,YEAR,SOUTHWEST,IOWA,TOTAL,CROPS,00,PAGE,,IRRIGATED,NOT SPECIFIED,ALL CLASSES,"IOWA, SOUTHWEST, PAGE",COUNTY,70,ANNUAL,FIELD CROPS,                 (D),ACRES,,AREA HARVESTED,145,00,,,UNITED STATES,"CORN, GRAIN, IRRIGATED - ACRES HARVESTED",19,CORN,CENSUS,00000000,,(D),9000
2007,2012-01-01 00:00:00.000,IA,145,GRAIN,19,YEAR,SOUTHWEST,IOWA,TOTAL,CROPS,00,PAGE,,IRRIGATED,NOT SPECIFIED,ALL CLASSES,"IOWA, SOUTHWEST, PAGE",COUNTY,70,ANNUAL,FIELD CROPS,                 (D),ACRES,,AREA HARVESTED,145,00,,,UNITED STATES,"CORN, GRAIN, IRRIGATED - ACRES HARVESTED",19,CORN,CENSUS,00000000,,,9000
2002,2012-01-01 00:00:00.000,IA,145,GRAIN,19,YEAR,SOUTHWEST,IOWA,TOTAL,CROPS,00,PAGE,,IRRIGATED,NOT SPECIFIED,ALL CLASSES,"IOWA, SOUTHWEST, PAGE",COUNTY,70,ANNUAL,FIELD CROPS,                 (D),ACRES,,AREA HARVESTED,145,00,,,UNITED STATES,"CORN, GRAIN, IRRIGATED - ACRES HARVESTED",19,CORN,CENSUS,00000000,,,9000
2022,2024-07-02 12:00:00.000,IA,155,GRAIN,19,YEAR,SOUTHWEST,IOWA,TOTAL,CROPS,00,POTTAWATTAMIE,,IRRIGATED,NOT SPECIFIED,ALL CLASSES,"IOWA, SOUTHWEST, POTTAWATTAMIE",COUNTY,70,ANNUAL,FIELD CROPS,"5,382",ACRES,,AREA HARVESTED,155,00,,,UNITED STATES,"CORN, GRAIN, IRRIGATED - ACRES HARVESTED",19,CORN,CENSUS,00000000,,18.8,9000
2017,2018-02-01 00:00:00.000,IA,155,GRAIN,19,YEAR,SOUTHWEST,IOWA,TOTAL,CROPS,00,POTTAWATTAMIE,,IRRIGATED,NOT SPECIFIED,ALL CLASSES,"IOWA, SOUTHWEST, POTTAWATTAMIE",COUNTY,70,ANNUAL,FIELD CROPS,"1,875",ACRES,,AREA HARVESTED,155,00,,,UNITED STATES,"CORN, GRAIN, IRRIGATED - ACRES HARVESTED",19,CORN,CENSUS,00000000,,25.6,9000
2012,2012-12-31 00:00:00.000,IA,155,GRAIN,19,YEAR,SOUTHWEST,IOWA,TOTAL,CROPS,00,POTTAWATTAMIE,,IRRIGATED,NOT SPECIFIED,ALL CLASSES,"IOWA, SOUTHWEST, POTTAWATTAMIE",COUNTY,70,ANNUAL,FIELD CROPS,"2,378",ACRES,,AREA HARVESTED,155,00,,,UNITED STATES,"CORN, GRAIN, IRRIGATED - ACRES HARVESTED",19,CORN,CENSUS,00000000,,13.0,9000
2007,2012-01-01 00:00:00.000,IA,155,GRAIN,19,YEAR,SOUTHWEST,IOWA,TOTAL,CROPS,00,POTTAWATTAMIE,,IRRIGATED,NOT SPECIFIED,ALL CLASSES,"IOWA, SOUTHWEST, POTTAWATTAMIE",COUNTY,70,ANNUAL,FIELD CROPS,"1,476",ACRES,,AREA HARVESTED,155,00,,,UNITED STATES,"CORN, GRAIN, IRRIGATED - ACRES HARVESTED",19,CORN,CENSUS,00000000,,,9000
2002,2012-01-01 00:00:00.000,IA,155,GRAIN,19,YEAR,SOUTHWEST,IOWA,TOTAL,CROPS,00,POTTAWATTAMIE,,IRRIGATED,NOT SPECIFIED,ALL CLASSES,"IOWA, SOUTHWEST, POTTAWATTAMIE",COUNTY,70,ANNUAL,FIELD CROPS,"2,440",ACRES,,AREA HARVESTED,155,00,,,UNITED STATES,"CORN, GRAIN, IRRIGATED - ACRES HARVESTED",19,CORN,CENSUS,00000000,,,9000
2022,2024-07-02 12:00:00.000,IA,173,GRAIN,19,YEAR,SOUTHWEST,IOWA,TOTAL,CROPS,00,TAYLOR,,IRRIGATED,NOT SPECIFIED,ALL CLASSES,"IOWA, SOUTHWEST, TAYLOR",COUNTY,70,ANNUAL,FIELD CROPS,                 (D),ACRES,,AREA HARVESTED,173,00,,,UNITED STATES,"CORN, GRAIN, IRRIGATED - ACRES HARVESTED",19,CORN,CENSUS,00000000,,(D),9000
2017,2018-02-01 00:00:00.000,IA,173,GRAIN,19,YEAR,SOUTHWEST,IOWA,TOTAL,CROPS,00,TAYLOR,,IRRIGATED,NOT SPECIFIED,ALL CLASSES,"IOWA, SOUTHWEST, TAYLOR",COUNTY,70,ANNUAL,FIELD CROPS,                 (D),ACRES,,AREA HARVESTED,173,00,,,UNITED STATES,"CORN, GRAIN, IRRIGATED - ACRES HARVESTED",19,CORN,CENSUS,00000000,,(D),9000
2007,2012-01-01 00:00:00.000,IA,173,GRAIN,19,YEAR,SOUTHWEST,IOWA,TOTAL,CROPS,00,TAYLOR,,IRRIGATED,NOT SPECIFIED,ALL CLASSES,"IOWA, SOUTHWEST, TAYLOR",COUNTY,70,ANNUAL,FIELD CROPS,                 (D),ACRES,,AREA HARVESTED,173,00,,,UNITED STATES,"CORN, GRAIN, IRRIGATED - ACRES HARVESTED",19,CORN,CENSUS,00000000,,,9000
2007,2012-01-01 00:00:00.000,IA,039,GRAIN,19,YEAR,SOUTH CENTRAL,IOWA,TOTAL,CROPS,00,CLARKE,,IRRIGATED,NOT SPECIFIED,ALL CLASSES,"IOWA, SOUTH CENTRAL, CLARKE",COUNTY,80,ANNUAL,FIELD CROPS,                 (D),ACRES,,AREA HARVESTED,039,00,,,UNITED STATES,"CORN, GRAIN, IRRIGATED - ACRES HARVESTED",19,CORN,CENSUS,00000000,,,9000
2012,2012-12-31 00:00:00.000,IA,053,GRAIN,19,YEAR,SOUTH CENTRAL,IOWA,TOTAL,CROPS,00,DECATUR,,IRRIGATED,NOT SPECIFIED,ALL CLASSES,"IOWA, SOUTH CENTRAL, DECATUR",COUNTY,80,ANNUAL,FIELD CROPS,                 (D),ACRES,,AREA HARVESTED,053,00,,,UNITED STATES,"CORN, GRAIN, IRRIGATED - ACRES HARVESTED",19,CORN,CENSUS,00000000,,(D),9000
2007,2012-01-01 00:00:00.000,IA,121,GRAIN,19,YEAR,SOUTH CENTRAL,IOWA,TOTAL,CROPS,00,MADISON,,IRRIGATED,NOT SPECIFIED,ALL CLASSES,"IOWA, SOUTH CENTRAL, MADISON",COUNTY,80,ANNUAL,FIELD CROPS,                 (D),ACRES,,AREA HARVESTED,121,00,,,UNITED STATES,"CORN, GRAIN, IRRIGATED - ACRES HARVESTED",19,CORN,CENSUS,00000000,,,9000
2017,2018-02-01 00:00:00.000,IA,125,GRAIN,19,YEAR,SOUTH CENTRAL,IOWA,TOTAL,CROPS,00,MARION,,IRRIGATED,NOT SPECIFIED,ALL CLASSES,"IOWA, SOUTH CENTRAL, MARION",COUNTY,80,ANNUAL,FIELD CROPS,                 (D),ACRES,,AREA HARVESTED,125,00,,,UNITED STATES,"CORN, GRAIN, IRRIGATED - ACRES HARVESTED",19,CORN,CENSUS,00000000,,(D),9000
2007,2012-01-01 00:00:00.000,IA,125,GRAIN,19,YEAR,SOUTH CENTRAL,IOWA,TOTAL,CROPS,00,MARION,,IRRIGATED,NOT SPECIFIED,ALL CLASSES,"IOWA, SOUTH CENTRAL, MARION",COUNTY,80,ANNUAL,FIELD CROPS,372,ACRES,,AREA HARVESTED,125,00,,,UNITED STATES,"CORN, GRAIN, IRRIGATED - ACRES HARVESTED",19,CORN,CENSUS,00000000,,,9000
2022,2024-07-02 12:00:00.000,IA,135,GRAIN,19,YEAR,SOUTH CENTRAL,IOWA,TOTAL,CROPS,00,MONROE,,IRRIGATED,NOT SPECIFIED,ALL CLASSES,"IOWA, SOUTH CENTRAL, MONROE",COUNTY,80,ANNUAL,FIELD CROPS,                 (D),ACRES,,AREA HARVESTED,135,00,,,UNITED STATES,"CORN, GRAIN, IRRIGATED - ACRES HARVESTED",19,CORN,CENSUS,00000000,,(D),9000
2012,2012-12-31 00:00:00.000,IA,181,GRAIN,19,YEAR,SOUTH CENTRAL,IOWA,TOTAL,CROPS,00,WARREN,,IRRIGATED,NOT SPECIFIED,ALL CLASSES,"IOWA, SOUTH CENTRAL, WARREN",COUNTY,80,ANNUAL,FIELD CROPS,                 (D),ACRES,,AREA HARVESTED,181,00,,,UNITED STATES,"CORN, GRAIN, IRRIGATED - ACRES HARVESTED",19,CORN,CENSUS,00000000,,(D),9000
2022,2024-07-02 12:00:00.000,IA,185,GRAIN,19,YEAR,SOUTH CENTRAL,IOWA,TOTAL,CROPS,00,WAYNE,,IRRIGATED,NOT SPECIFIED,ALL CLASSES,"IOWA, SOUTH CENTRAL, WAYNE",COUNTY,80,ANNUAL,FIELD CROPS,                 (D),ACRES,,AREA HARVESTED,185,00,,,UNITED STATES,"CORN, GRAIN, IRRIGATED - ACRES HARVESTED",19,CORN,CENSUS,00000000,,(D),9000
2007,2012-01-01 00:00:00.000,IA,185,GRAIN,19,YEAR,SOUTH CENTRAL,IOWA,TOTAL,CROPS,00,WAYNE,,IRRIGATED,NOT SPECIFIED,ALL CLASSES,"IOWA, SOUTH CENTRAL, WAYNE",COUNTY,80,ANNUAL,FIELD CROPS,                 (D),ACRES,,AREA HARVESTED,185,00,,,UNITED STATES,"CORN, GRAIN, IRRIGATED - ACRES HARVESTED",19,CORN,CENSUS,00000000,,,9000
2017,2018-02-01 00:00:00.000,IA,051,GRAIN,19,YEAR,SOUTHEAST,IOWA,TOTAL,CROPS,00,DAVIS,,IRRIGATED,NOT SPECIFIED,ALL CLASSES,"IOWA, SOUTHEAST, DAVIS",COUNTY,90,ANNUAL,FIELD CROPS,                 (D),ACRES,,AREA HARVESTED,051,00,,,UNITED STATES,"CORN, GRAIN, IRRIGATED - ACRES HARVESTED",19,CORN,CENSUS,00000000,,(D),9000
2022,2024-07-02 12:00:00.000,IA,057,GRAIN,19,YEAR,SOUTHEAST,IOWA,TOTAL,CROPS,00,DES MOINES,,IRRIGATED,NOT SPECIFIED,ALL CLASSES,"IOWA, SOUTHEAST, DES MOINES",COUNTY,90,ANNUAL,FIELD CROPS,"1,864",ACRES,,AREA HARVESTED,057,00,,,UNITED STATES,"CORN, GRAIN, IRRIGATED - ACRES HARVESTED",19,CORN,CENSUS,00000000,,18.8,9000
2017,2018-02-01 00:00:00.000,IA,057,GRAIN,19,YEAR,SOUTHEAST,IOWA,TOTAL,CROPS,00,DES MOINES,,IRRIGATED,NOT SPECIFIED,ALL CLASSES,"IOWA, SOUTHEAST, DES MOINES",COUNTY,90,ANNUAL,FIELD CROPS,"3,971",ACRES,,AREA HARVESTED,057,00,,,UNITED STATES,"CORN, GRAIN, IRRIGATED - ACRES HARVESTED",19,CORN,CENSUS,00000000,,25.6,9000
2012,2012-12-31 00:00:00.000,IA,057,GRAIN,19,YEAR,SOUTHEAST,IOWA,TOTAL,CROPS,00,DES MOINES,,IRRIGATED,NOT SPECIFIED,ALL CLASSES,"IOWA, SOUTHEAST, DES MOINES",COUNTY,90,ANNUAL,FIELD CROPS,"2,540",ACRES,,AREA HARVESTED,057,00,,,UNITED STATES,"CORN, GRAIN, IRRIGATED - ACRES HARVESTED",19,CORN,CENSUS,00000000,,13.0,9000
2007,2012-01-01 00:00:00.000,IA,057,GRAIN,19,YEAR,SOUTHEAST,IOWA,TOTAL,CROPS,00,DES MOINES,,IRRIGATED,NOT SPECIFIED,ALL CLASSES,"IOWA, SOUTHEAST, DES MOINES",COUNTY,90,ANNUAL,FIELD CROPS,"2,351",ACRES,,AREA HARVESTED,057,00,,,UNITED STATES,"CORN, GRAIN, IRRIGATED - ACRES HARVESTED",19,CORN,CENSUS,00000000,,,9000
2002,2012-01-01 00:00:00.000,IA,057,GRAIN,19,YEAR,SOUTHEAST,IOWA,TOTAL,CROPS,00,DES MOINES,,IRRIGATED,NOT SPECIFIED,ALL CLASSES,"IOWA, SOUTHEAST, DES MOINES",COUNTY,90,ANNUAL,FIELD CROPS,"2,700",ACRES,,AREA HARVESTED,057,00,,,UNITED STATES,"CORN, GRAIN, IRRIGATED - ACRES HARVESTED",19,CORN,CENSUS,00000000,,,9000
2022,2024-07-02 12:00:00.000,IA,101,GRAIN,19,YEAR,SOUTHEAST,IOWA,TOTAL,CROPS,00,JEFFERSON,,IRRIGATED,NOT SPECIFIED,ALL CLASSES,"IOWA, SOUTHEAST, JEFFERSON",COUNTY,90,ANNUAL,FIELD CROPS,                 (D),ACRES,,AREA HARVESTED,101,00,,,UNITED STATES,"CORN, GRAIN, IRRIGATED - ACRES HARVESTED",19,CORN,CENSUS,00000000,,(D),9000
2017,2018-02-01 00:00:00.000,IA,101,GRAIN,19,YEAR,SOUTHEAST,IOWA,TOTAL,CROPS,00,JEFFERSON,,IRRIGATED,NOT SPECIFIED,ALL CLASSES,"IOWA, SOUTHEAST, JEFFERSON",COUNTY,90,ANNUAL,FIELD CROPS,                 (D),ACRES,,AREA HARVESTED,101,00,,,UNITED STATES,"CORN, GRAIN, IRRIGATED - ACRES HARVESTED",19,CORN,CENSUS,00000000,,(D),9000
2012,2012-12-31 00:00:00.000,IA,101,GRAIN,19,YEAR,SOUTHEAST,IOWA,TOTAL,CROPS,00,JEFFERSON,,IRRIGATED,NOT SPECIFIED,ALL CLASSES,"IOWA, SOUTHEAST, JEFFERSON",COUNTY,90,ANNUAL,FIELD CROPS,                 (D),ACRES,,AREA HARVESTED,101,00,,,UNITED STATES,"CORN, GRAIN, IRRIGATED - ACRES HARVESTED",19,CORN,CENSUS,00000000,,(D),9000
2002,2012-01-01 00:00:00.000,IA,107,GRAIN,19,YEAR,SOUTHEAST,IOWA,TOTAL,CROPS,00,KEOKUK,,IRRIGATED,NOT SPECIFIED,ALL CLASSES,"IOWA, SOUTHEAST, KEOKUK",COUNTY,90,ANNUAL,FIELD CROPS,                 (D),ACRES,,AREA HARVESTED,107,00,,,UNITED STATES,"CORN, GRAIN, IRRIGATED - ACRES HARVESTED",19,CORN,CENSUS,00000000,,,9000
2022,2024-07-02 12:00:00.000,IA,111,GRAIN,19,YEAR,SOUTHEAST,IOWA,TOTAL,CROPS,00,LEE,,IRRIGATED,NOT SPECIFIED,ALL CLASSES,"IOWA, SOUTHEAST, LEE",COUNTY,90,ANNUAL,FIELD CROPS,"1,262",ACRES,,AREA HARVESTED,111,00,,,UNITED STATES,"CORN, GRAIN, IRRIGATED - ACRES HARVESTED",19,CORN,CENSUS,00000000,,18.8,9000
2017,2018-02-01 00:00:00.000,IA,111,GRAIN,19,YEAR,SOUTHEAST,IOWA,TOTAL,CROPS,00,LEE,,IRRIGATED,NOT SPECIFIED,ALL CLASSES,"IOWA, SOUTHEAST, LEE",COUNTY,90,ANNUAL,FIELD CROPS,975,ACRES,,AREA HARVESTED,111,00,,,UNITED STATES,"CORN, GRAIN, IRRIGATED - ACRES HARVESTED",19,CORN,CENSUS,00000000,,25.6,9000
2012,2012-12-31 00:00:00.000,IA,111,GRAIN,19,YEAR,SOUTHEAST,IOWA,TOTAL,CROPS,00,LEE,,IRRIGATED,NOT SPECIFIED,ALL CLASSES,"IOWA, SOUTHEAST, LEE",COUNTY,90,ANNUAL,FIELD CROPS,953,ACRES,,AREA HARVESTED,111,00,,,UNITED STATES,"CORN, GRAIN, IRRIGATED - ACRES HARVESTED",19,CORN,CENSUS,00000000,,13.0,9000
2007,2012-01-01 00:00:00.000,IA,111,GRAIN,19,YEAR,SOUTHEAST,IOWA,TOTAL,CROPS,00,LEE,,IRRIGATED,NOT SPECIFIED,ALL CLASSES,"IOWA, SOUTHEAST, LEE",COUNTY,90,ANNUAL,FIELD CROPS,"1,489",ACRES,,AREA HARVESTED,111,00,,,UNITED STATES,"CORN, GRAIN, IRRIGATED - ACRES HARVESTED",19,CORN,CENSUS,00000000,,,9000
2002,2012-01-01 00:00:00.000,IA,111,GRAIN,19,YEAR,SOUTHEAST,IOWA,TOTAL,CROPS,00,LEE,,IRRIGATED,NOT SPECIFIED,ALL CLASSES,"IOWA, SOUTHEAST, LEE",COUNTY,90,ANNUAL,FIELD CROPS,470,ACRES,,AREA HARVESTED,111,00,,,UNITED STATES,"CORN, GRAIN, IRRIGATED - ACRES HARVESTED",19,CORN,CENSUS,00000000,,,9000
2022,2024-07-02 12:00:00.000,IA,115,GRAIN,19,YEAR,SOUTHEAST,IOWA,TOTAL,CROPS,00,LOUISA,,IRRIGATED,NOT SPECIFIED,ALL CLASSES,"IOWA, SOUTHEAST, LOUISA",COUNTY,90,ANNUAL,FIELD CROPS,"10,122",ACRES,,AREA HARVESTED,115,00,,,UNITED STATES,"CORN, GRAIN, IRRIGATED - ACRES HARVESTED",19,CORN,CENSUS,00000000,,18.8,9000
2017,2018-02-01 00:00:00.000,IA,115,GRAIN,19,YEAR,SOUTHEAST,IOWA,TOTAL,CROPS,00,LOUISA,,IRRIGATED,NOT SPECIFIED,ALL CLASSES,"IOWA, SOUTHEAST, LOUISA",COUNTY,90,ANNUAL,FIELD CROPS,"12,586",ACRES,,AREA HARVESTED,115,00,,,UNITED STATES,"CORN, GRAIN, IRRIGATED - ACRES HARVESTED",19,CORN,CENSUS,00000000,,25.6,9000
2012,2012-12-31 00:00:00.000,IA,115,GRAIN,19,YEAR,SOUTHEAST,IOWA,TOTAL,CROPS,00,LOUISA,,IRRIGATED,NOT SPECIFIED,ALL CLASSES,"IOWA, SOUTHEAST, LOUISA",COUNTY,90,ANNUAL,FIELD CROPS,"7,127",ACRES,,AREA HARVESTED,115,00,,,UNITED STATES,"CORN, GRAIN, IRRIGATED - ACRES HARVESTED",19,CORN,CENSUS,00000000,,13.0,9000
2007,2012-01-01 00:00:00.000,IA,115,GRAIN,19,YEAR,SOUTHEAST,IOWA,TOTAL,CROPS,00,LOUISA,,IRRIGATED,NOT SPECIFIED,ALL CLASSES,"IOWA, SOUTHEAST, LOUISA",COUNTY,90,ANNUAL,FIELD CROPS,"6,985",ACRES,,AREA HARVESTED,115,00,,,UNITED STATES,"CORN, GRAIN, IRRIGATED - ACRES HARVESTED",19,CORN,CENSUS,00000000,,,9000
2002,2012-01-01 00:00:00.000,IA,115,GRAIN,19,YEAR,SOUTHEAST,IOWA,TOTAL,CROPS,00,LOUISA,,IRRIGATED,NOT SPECIFIED,ALL CLASSES,"IOWA, SOUTHEAST, LOUISA",COUNTY,90,ANNUAL,FIELD CROPS,"3,358",ACRES,,AREA HARVESTED,115,00,,,UNITED STATES,"CORN, GRAIN, IRRIGATED - ACRES HARVESTED",19,CORN,CENSUS,00000000,,,9000
2022,2024-07-02 12:00:00.000,IA,123,GRAIN,19,YEAR,SOUTHEAST,IOWA,TOTAL,CROPS,00,MAHASKA,,IRRIGATED,NOT SPECIFIED,ALL CLASSES,"IOWA, SOUTHEAST, MAHASKA",COUNTY,90,ANNUAL,FIELD CROPS,                 (D),ACRES,,AREA HARVESTED,123,00,,,UNITED STATES,"CORN, GRAIN, IRRIGATED - ACRES HARVESTED",19,CORN,CENSUS,00000000,,(D),9000
2012,2012-12-31 00:00:00.000,IA,123,GRAIN,19,YEAR,SOUTHEAST,IOWA,TOTAL,CROPS,00,MAHASKA,,IRRIGATED,NOT SPECIFIED,ALL CLASSES,"IOWA, SOUTHEAST, MAHASKA",COUNTY,90,ANNUAL,FIELD CROPS,                 (D),ACRES,,AREA HARVESTED,123,00,,,UNITED STATES,"CORN, GRAIN, IRRIGATED - ACRES HARVESTED",19,CORN,CENSUS,00000000,,(D),9000
2002,2012-01-01 00:00:00.000,IA,123,GRAIN,19,YEAR,SOUTHEAST,IOWA,TOTAL,CROPS,00,MAHASKA,,IRRIGATED,NOT SPECIFIED,ALL CLASSES,"IOWA, SOUTHEAST, MAHASKA",COUNTY,90,ANNUAL,FIELD CROPS,                 (D),ACRES,,AREA HARVESTED,123,00,,,UNITED STATES,"CORN, GRAIN, IRRIGATED - ACRES HARVESTED",19,CORN,CENSUS,00000000,,,9000
2012,2012-12-31 00:00:00.000,IA,179,GRAIN,19,YEAR,SOUTHEAST,IOWA,TOTAL,CROPS,00,WAPELLO,,IRRIGATED,NOT SPECIFIED,ALL CLASSES,"IOWA, SOUTHEAST, WAPELLO",COUNTY,90,ANNUAL,FIELD CROPS,                 (D),ACRES,,AREA HARVESTED,179,00,,,UNITED STATES,"CORN, GRAIN, IRRIGATED - ACRES HARVESTED",19,CORN,CENSUS,00000000,,(D),9000
2022,2024-07-02 12:00:00.000,IA,183,GRAIN,19,YEAR,SOUTHEAST,IOWA,TOTAL,CROPS,00,WASHINGTON,,IRRIGATED,NOT SPECIFIED,ALL CLASSES,"IOWA, SOUTHEAST, WASHINGTON",COUNTY,90,ANNUAL,FIELD CROPS,                 (D),ACRES,,AREA HARVESTED,183,00,,,UNITED STATES,"CORN, GRAIN, IRRIGATED - ACRES HARVESTED",19,CORN,CENSUS,00000000,,(D),9000
2012,2012-12-31 00:00:00.000,IA,183,GRAIN,19,YEAR,SOUTHEAST,IOWA,TOTAL,CROPS,00,WASHINGTON,,IRRIGATED,NOT SPECIFIED,ALL CLASSES,"IOWA, SOUTHEAST, WASHINGTON",COUNTY,90,ANNUAL,FIELD CROPS,                 (D),ACRES,,AREA HARVESTED,183,00,,,UNITED STATES,"CORN, GRAIN, IRRIGATED - ACRES HARVESTED",19,CORN,CENSUS,00000000,,(D),9000
2007,2012-01-01 00:00:00.000,IA,183,GRAIN,19,YEAR,SOUTHEAST,IOWA,TOTAL,CROPS,00,WASHINGTON,,IRRIGATED,NOT SPECIFIED,ALL CLASSES,"IOWA, SOUTHEAST, WASHINGTON",COUNTY,90,ANNUAL,FIELD CROPS,                 (D),ACRES,,AREA HARVESTED,183,00,,,UNITED STATES,"CORN, GRAIN, IRRIGATED - ACRES HARVESTED",19,CORN,CENSUS,00000000,,,9000
2002,2012-01-01 00:00:00.000,IA,183,GRAIN,19,YEAR,SOUTHEAST,IOWA,TOTAL,CROPS,00,WASHINGTON,,IRRIGATED,NOT SPECIFIED,ALL CLASSES,"IOWA, SOUTHEAST, WASHINGTON",COUNTY,90,ANNUAL,FIELD CROPS,                 (D),ACRES,,AREA HARVESTED,183,00,,,UNITED STATES,"CORN, GRAIN, IRRIGATED - ACRES HARVESTED",19,CORN,CENSUS,00000000,,,9000
2023,2024-10-31 12:00:00.000,IA,,GRAIN,19,YEAR,,IOWA,TOTAL,CROPS,00,,,IRRIGATED,NOT SPECIFIED,ALL CLASSES,IOWA,STATE,,ANNUAL,FIELD CROPS,"139,614",ACRES,,AREA HARVESTED,,00,,,UNITED STATES,"CORN, GRAIN, IRRIGATED - ACRES HARVESTED",19,CORN,CENSUS,00000000,,17.7,9000
2022,2025-08-19 12:00:00.000,IA,,GRAIN,19,YEAR,,IOWA,TOTAL,CROPS,00,,,IRRIGATED,NOT SPECIFIED,ALL CLASSES,IOWA,STATE,,ANNUAL,FIELD CROPS,"155,153",ACRES,,AREA HARVESTED,,00,,,UNITED STATES,"CORN, GRAIN, IRRIGATED - ACRES HARVESTED",19,CORN,CENSUS,00000000,,9.4,9000
2018,2018-02-01 00:00:00.000,IA,,GRAIN,19,YEAR,,IOWA,TOTAL,CROPS,00,,,IRRIGATED,NOT SPECIFIED,ALL CLASSES,IOWA,STATE,,ANNUAL,FIELD CROPS,"109,131",ACRES,,AREA HARVESTED,,00,,,UNITED STATES,"CORN, GRAIN, IRRIGATED - ACRES HARVESTED",19,CORN,CENSUS,00000000,,13.1,9000
2017,2018-02-01 00:00:00.000,IA,,GRAIN,19,YEAR,,IOWA,TOTAL,CROPS,00,,,IRRIGATED,NOT SPECIFIED,ALL CLASSES,IOWA,STATE,,ANNUAL,FIELD CROPS,"133,167",ACRES,,AREA HARVESTED,,00,,,UNITED STATES,"CORN, GRAIN, IRRIGATED - ACRES HARVESTED",19,CORN,CENSUS,00000000,,12.2,9000
2013,2012-12-31 00:00:00.000,IA,,GRAIN,19,YEAR,,IOWA,TOTAL,CROPS,00,,,IRRIGATED,NOT SPECIFIED,ALL CLASSES,IOWA,STATE,,ANNUAL,FIELD CROPS,"117,932",ACRES,,AREA HARVESTED,,00,,,UNITED STATES,"CORN, GRAIN, IRRIGATED - ACRES HARVESTED",19,CORN,CENSUS,00000000,,,9000
2012,2012-12-31 00:00:00.000,IA,,GRAIN,19,YEAR,,IOWA,TOTAL,CROPS,00,,,IRRIGATED,NOT SPECIFIED,ALL CLASSES,IOWA,STATE,,ANNUAL,FIELD CROPS,"111,521",ACRES,,AREA HARVESTED,,00,,,UNITED STATES,"CORN, GRAIN, IRRIGATED - ACRES HARVESTED",19,CORN,CENSUS,00000000,,4.1,9000
2007,2012-01-01 00:00:00.000,IA,,GRAIN,19,YEAR,,IOWA,TOTAL,CROPS,00,,,IRRIGATED,NOT SPECIFIED,ALL CLASSES,IOWA,STATE,,ANNUAL,FIELD CROPS,"126,232",ACRES,,AREA HARVESTED,,00,,,UNITED STATES,"CORN, GRAIN, IRRIGATED - ACRES HARVESTED",19,CORN,CENSUS,00000000,,,9000
2002,2012-01-01 00:00:00.000,IA,,GRAIN,19,YEAR,,IOWA,TOTAL,CROPS,00,,,IRRIGATED,NOT SPECIFIED,ALL CLASSES,IOWA,STATE,,ANNUAL,FIELD CROPS,"86,261",ACRES,,AREA HARVESTED,,00,,,UNITED STATES,"CORN, GRAIN, IRRIGATED - ACRES HARVESTED",19,CORN,CENSUS,00000000,,,9000
2022,2024-07-02 12:00:00.000,IA,021,GRAIN,19,YEAR,NORTHWEST,IOWA,TOTAL,CROPS,00,BUENA VISTA,,IRRIGATED,NOT SPECIFIED,ALL CLASSES,"IOWA, NORTHWEST, BUENA VISTA",COUNTY,10,ANNUAL,FIELD CROPS,2,OPERATIONS,,AREA HARVESTED,021,00,,,UNITED STATES,"CORN, GRAIN, IRRIGATED - OPERATIONS WITH AREA HARVESTED",19,CORN,CENSUS,00000000,,14.4,9000
2017,2018-02-01 00:00:00.000,IA,021,GRAIN,19,YEAR,NORTHWEST,IOWA,TOTAL,CROPS,00,BUENA VISTA,,IRRIGATED,NOT SPECIFIED,ALL CLASSES,"IOWA, NORTHWEST, BUENA VISTA",COUNTY,10,ANNUAL,FIELD CROPS,1,OPERATIONS,,AREA HARVESTED,021,00,,,UNITED STATES,"CORN, GRAIN, IRRIGATED - OPERATIONS WITH AREA HARVESTED",19,CORN,CENSUS,00000000,,32.9,9000
2012,2012-12-31 00:00:00.000,IA,021,GRAIN,19,YEAR,NORTHWEST,IOWA,TOTAL,CROPS,00,BUENA VISTA,,IRRIGATED,NOT SPECIFIED,ALL CLASSES,"IOWA, NORTHWEST, BUENA VISTA",COUNTY,10,ANNUAL,FIELD CROPS,3,OPERATIONS,,AREA HARVESTED,021,00,,,UNITED STATES,"CORN, GRAIN, IRRIGATED - OPERATIONS WITH AREA HARVESTED",19,CORN,CENSUS,00000000,,19.1,9000
2002,2012-01-01 00:00:00.000,IA,021,GRAIN,19,YEAR,NORTHWEST,IOWA,TOTAL,CROPS,00,BUENA VISTA,,IRRIGATED,NOT SPECIFIED,ALL CLASSES,"IOWA, NORTHWEST, BUENA VISTA",COUNTY,10,ANNUAL,FIELD CROPS,1,OPERATIONS,,AREA HARVESTED,021,00,,,UNITED STATES,"CORN, GRAIN, IRRIGATED - OPERATIONS WITH AREA HARVESTED",19,CORN,CENSUS,00000000,,,9000
2022,2024-07-02 12:00:00.000,IA,041,GRAIN,19,YEAR,NORTHWEST,IOWA,TOTAL,CROPS,00,CLAY,,IRRIGATED,NOT SPECIFIED,ALL CLASSES,"IOWA, NORTHWEST, CLAY",COUNTY,10,ANNUAL,FIELD CROPS,6,OPERATIONS,,AREA HARVESTED,041,00,,,UNITED STATES,"CORN, GRAIN, IRRIGATED - OPERATIONS WITH AREA HARVESTED",19,CORN,CENSUS,00000000,,14.4,9000
2017,2018-02-01 00:00:00.000,IA,041,GRAIN,19,YEAR,NORTHWEST,IOWA,TOTAL,CROPS,00,CLAY,,IRRIGATED,NOT SPECIFIED,ALL CLASSES,"IOWA, NORTHWEST, CLAY",COUNTY,10,ANNUAL,FIELD CROPS,6,OPERATIONS,,AREA HARVESTED,041,00,,,UNITED STATES,"CORN, GRAIN, IRRIGATED - OPERATIONS WITH AREA HARVESTED",19,CORN,CENSUS,00000000,,32.9,9000
2012,2012-12-31 00:00:00.000,IA,041,GRAIN,19,YEAR,NORTHWEST,IOWA,TOTAL,CROPS,00,CLAY,,IRRIGATED,NOT SPECIFIED,ALL CLASSES,"IOWA, NORTHWEST, CLAY",COUNTY,10,ANNUAL,FIELD CROPS,1,OPERATIONS,,AREA HARVESTED,041,00,,,UNITED STATES,"CORN, GRAIN, IRRIGATED - OPERATIONS WITH AREA HARVESTED",19,CORN,CENSUS,00000000,,19.1,9000
2007,2012-01-01 00:00:00.000,IA,041,GRAIN,19,YEAR,NORTHWEST,IOWA,TOTAL,CROPS,00,CLAY,,IRRIGATED,NOT SPECIFIED,ALL CLASSES,"IOWA, NORTHWEST, CLAY",COUNTY,10,ANNUAL,FIELD CROPS,2,OPERATIONS,,AREA HARVESTED,041,00,,,UNITED STATES,"CORN, GRAIN, IRRIGATED - OPERATIONS WITH AREA HARVESTED",19,CORN,CENSUS,00000000,,,9000
2002,2012-01-01 00:00:00.000,IA,041,GRAIN,19,YEAR,NORTHWEST,IOWA,TOTAL,CROPS,00,CLAY,,IRRIGATED,NOT SPECIFIED,ALL CLASSES,"IOWA, NORTHWEST, CLAY",COUNTY,10,ANNUAL,FIELD CROPS,1,OPERATIONS,,AREA HARVESTED,041,00,,,UNITED STATES,"CORN, GRAIN, IRRIGATED - OPERATIONS WITH AREA HARVESTED",19,CORN,CENSUS,00000000,,,9000
2022,2024-07-02 12:00:00.000,IA,059,GRAIN,19,YEAR,NORTHWEST,IOWA,TOTAL,CROPS,00,DICKINSON,,IRRIGATED,NOT SPECIFIED,ALL CLASSES,"IOWA, NORTHWEST, DICKINSON",COUNTY,10,ANNUAL,FIELD CROPS,8,OPERATIONS,,AREA HARVESTED,059,00,,,UNITED STATES,"CORN, GRAIN, IRRIGATED - OPERATIONS WITH AREA HARVESTED",19,CORN,CENSUS,00000000,,14.4,9000
2017,2018-02-01 00:00:00.000,IA,059,GRAIN,19,YEAR,NORTHWEST,IOWA,TOTAL,CROPS,00,DICKINSON,,IRRIGATED,NOT SPECIFIED,ALL CLASSES,"IOWA, NORTHWEST, DICKINSON",COUNTY,10,ANNUAL,FIELD CROPS,7,OPERATIONS,,AREA HARVESTED,059,00,,,UNITED STATES,"CORN, GRAIN, IRRIGATED - OPERATIONS WITH AREA HARVESTED",19,CORN,CENSUS,00000000,,32.9,9000
2012,2012-12-31 00:00:00.000,IA,059,GRAIN,19,YEAR,NORTHWEST,IOWA,TOTAL,CROPS,00,DICKINSON,,IRRIGATED,NOT SPECIFIED,ALL CLASSES,"IOWA, NORTHWEST, DICKINSON",COUNTY,10,ANNUAL,FIELD CROPS,8,OPERATIONS,,AREA HARVESTED,059,00,,,UNITED STATES,"CORN, GRAIN, IRRIGATED - OPERATIONS WITH AREA HARVESTED",19,CORN,CENSUS,00000000,,19.1,9000
2007,2012-01-01 00:00:00.000,IA,059,GRAIN,19,YEAR,NORTHWEST,IOWA,TOTAL,CROPS,00,DICKINSON,,IRRIGATED,NOT SPECIFIED,ALL CLASSES,"IOWA, NORTHWEST, DICKINSON",COUNTY,10,ANNUAL,FIELD CROPS,6,OPERATIONS,,AREA HARVESTED,059,00,,,UNITED STATES,"CORN, GRAIN, IRRIGATED - OPERATIONS WITH AREA HARVESTED",19,CORN,CENSUS,00000000,,,9000
2002,2012-01-01 00:00:00.000,IA,059,GRAIN,19,YEAR,NORTHWEST,IOWA,TOTAL,CROPS,00,DICKINSON,,IRRIGATED,NOT SPECIFIED,ALL CLASSES,"IOWA, NORTHWEST, DICKINSON",COUNTY,10,ANNUAL,FIELD CROPS,2,OPERATIONS,,AREA HARVESTED,059,00,,,UNITED STATES,"CORN, GRAIN, IRRIGATED - OPERATIONS WITH AREA HARVESTED",19,CORN,CENSUS,00000000,,,9000
2022,2024-07-02 12:00:00.000,IA,063,GRAIN,19,YEAR,NORTHWEST,IOWA,TOTAL,CROPS,00,EMMET,,IRRIGATED,NOT SPECIFIED,ALL CLASSES,"IOWA, NORTHWEST, EMMET",COUNTY,10,ANNUAL,FIELD CROPS,3,OPERATIONS,,AREA HARVESTED,063,00,,,UNITED STATES,"CORN, GRAIN, IRRIGATED - OPERATIONS WITH AREA HARVESTED",19,CORN,CENSUS,00000000,,14.4,9000
2017,2018-02-01 00:00:00.000,IA,063,GRAIN,19,YEAR,NORTHWEST,IOWA,TOTAL,CROPS,00,EMMET,,IRRIGATED,NOT SPECIFIED,ALL CLASSES,"IOWA, NORTHWEST, EMMET",COUNTY,10,ANNUAL,FIELD CROPS,6,OPERATIONS,,AREA HARVESTED,063,00,,,UNITED STATES,"CORN, GRAIN, IRRIGATED - OPERATIONS WITH AREA HARVESTED",19,CORN,CENSUS,00000000,,32.9,9000
2012,2012-12-31 00:00:00.000,IA,063,GRAIN,19,YEAR,NORTHWEST,IOWA,TOTAL,CROPS,00,EMMET,,IRRIGATED,NOT SPECIFIED,ALL CLASSES,"IOWA, NORTHWEST, EMMET",COUNTY,10,ANNUAL,FIELD CROPS,3,OPERATIONS,,AREA HARVESTED,063,00,,,UNITED STATES,"CORN, GRAIN, IRRIGATED - OPERATIONS WITH AREA HARVESTED",19,CORN,CENSUS,00000000,,19.1,9000
2002,2012-01-01 00:00:00.000,IA,063,GRAIN,19,YEAR,NORTHWEST,IOWA,TOTAL,CROPS,00,EMMET,,IRRIGATED,NOT SPECIFIED,ALL CLASSES,"IOWA, NORTHWEST, EMMET",COUNTY,10,ANNUAL,FIELD CROPS,1,OPERATIONS,,AREA HARVESTED,063,00,,,UNITED STATES,"CORN, GRAIN, IRRIGATED - OPERATIONS WITH AREA HARVESTED",19,CORN,CENSUS,00000000,,,9000
2022,2024-07-02 12:00:00.000,IA,119,GRAIN,19,YEAR,NORTHWEST,IOWA,TOTAL,CROPS,00,LYON,,IRRIGATED,NOT SPECIFIED,ALL CLASSES,"IOWA, NORTHWEST, LYON",COUNTY,10,ANNUAL,FIELD CROPS,4,OPERATIONS,,AREA HARVESTED,119,00,,,UNITED STATES,"CORN, GRAIN, IRRIGATED - OPERATIONS WITH AREA HARVESTED",19,CORN,CENSUS,00000000,,(L),9000
2017,2018-02-01 00:00:00.000,IA,119,GRAIN,19,YEAR,NORTHWEST,IOWA,TOTAL,CROPS,00,LYON,,IRRIGATED,NOT SPECIFIED,ALL CLASSES,"IOWA, NORTHWEST, LYON",COUNTY,10,ANNUAL,FIELD CROPS,11,OPERATIONS,,AREA HARVESTED,119,00,,,UNITED STATES,"CORN, GRAIN, IRRIGATED - OPERATIONS WITH AREA HARVESTED",19,CORN,CENSUS,00000000,,32.9,9000
2012,2012-12-31 00:00:00.000,IA,119,GRAIN,19,YEAR,NORTHWEST,IOWA,TOTAL,CROPS,00,LYON,,IRRIGATED,NOT SPECIFIED,ALL CLASSES,"IOWA, NORTHWEST, LYON",COUNTY,10,ANNUAL,FIELD CROPS,13,OPERATIONS,,AREA HARVESTED,119,00,,,UNITED STATES,"CORN, GRAIN, IRRIGATED - OPERATIONS WITH AREA HARVESTED",19,CORN,CENSUS,00000000,,19.1,9000
2007,2012-01-01 00:00:00.000,IA,119,GRAIN,19,YEAR,NORTHWEST,IOWA,TOTAL,CROPS,00,LYON,,IRRIGATED,NOT SPECIFIED,ALL CLASSES,"IOWA, NORTHWEST, LYON",COUNTY,10,ANNUAL,FIELD CROPS,16,OPERATIONS,,AREA HARVESTED,119,00,,,UNITED STATES,"CORN, GRAIN, IRRIGATED - OPERATIONS WITH AREA HARVESTED",19,CORN,CENSUS,00000000,,,9000
2002,2012-01-01 00:00:00.000,IA,119,GRAIN,19,YEAR,NORTHWEST,IOWA,TOTAL,CROPS,00,LYON,,IRRIGATED,NOT SPECIFIED,ALL CLASSES,"IOWA, NORTHWEST, LYON",COUNTY,10,ANNUAL,FIELD CROPS,4,OPERATIONS,,AREA HARVESTED,119,00,,,UNITED STATES,"CORN, GRAIN, IRRIGATED - OPERATIONS WITH AREA HARVESTED",19,CORN,CENSUS,00000000,,,9000
2022,2024-07-02 12:00:00.000,IA,141,GRAIN,19,YEAR,NORTHWEST,IOWA,TOTAL,CROPS,00,O BRIEN,,IRRIGATED,NOT SPECIFIED,ALL CLASSES,"IOWA, NORTHWEST, O BRIEN",COUNTY,10,ANNUAL,FIELD CROPS,1,OPERATIONS,,AREA HARVESTED,141,00,,,UNITED STATES,"CORN, GRAIN, IRRIGATED - OPERATIONS WITH AREA HARVESTED",19,CORN,CENSUS,00000000,,(L),9000
2017,2018-02-01 00:00:00.000,IA,141,GRAIN,19,YEAR,NORTHWEST,IOWA,TOTAL,CROPS,00,O BRIEN,,IRRIGATED,NOT SPECIFIED,ALL CLASSES,"IOWA, NORTHWEST, O BRIEN",COUNTY,10,ANNUAL,FIELD CROPS,1,OPERATIONS,,AREA HARVESTED,141,00,,,UNITED STATES,"CORN, GRAIN, IRRIGATED - OPERATIONS WITH AREA HARVESTED",19,CORN,CENSUS,00000000,,32.9,9000
2012,2012-12-31 00:00:00.000,IA,141,GRAIN,19,YEAR,NORTHWEST,IOWA,TOTAL,CROPS,00,O BRIEN,,IRRIGATED,NOT SPECIFIED,ALL CLASSES,"IOWA, NORTHWEST, O BRIEN",COUNTY,10,ANNUAL,FIELD CROPS,4,OPERATIONS,,AREA HARVESTED,141,00,,,UNITED STATES,"CORN, GRAIN, IRRIGATED - OPERATIONS WITH AREA HARVESTED",19,CORN,CENSUS,00000000,,19.1,9000
2007,2012-01-01 00:00:00.000,IA,141,GRAIN,19,YEAR,NORTHWEST,IOWA,TOTAL,CROPS,00,O BRIEN,,IRRIGATED,NOT SPECIFIED,ALL CLASSES,"IOWA, NORTHWEST, O BRIEN",COUNTY,10,ANNUAL,FIELD CROPS,1,OPERATIONS,,AREA HARVESTED,141,00,,,UNITED STATES,"CORN, GRAIN, IRRIGATED - OPERATIONS WITH AREA HARVESTED",19,CORN,CENSUS,00000000,,,9000
2002,2012-01-01 00:00:00.000,IA,141,GRAIN,19,YEAR,NORTHWEST,IOWA,TOTAL,CROPS,00,O BRIEN,,IRRIGATED,NOT SPECIFIED,ALL CLASSES,"IOWA, NORTHWEST, O BRIEN",COUNTY,10,ANNUAL,FIELD CROPS,2,OPERATIONS,,AREA HARVESTED,141,00,,,UNITED STATES,"CORN, GRAIN, IRRIGATED - OPERATIONS WITH AREA HARVESTED",19,CORN,CENSUS,00000000,,,9000
2022,2024-07-02 12:00:00.000,IA,143,GRAIN,19,YEAR,NORTHWEST,IOWA,TOTAL,CROPS,00,OSCEOLA,,IRRIGATED,NOT SPECIFIED,ALL CLASSES,"IOWA, NORTHWEST, OSCEOLA",COUNTY,10,ANNUAL,FIELD CROPS,6,OPERATIONS,,AREA HARVESTED,143,00,,,UNITED STATES,"CORN, GRAIN, IRRIGATED - OPERATIONS WITH AREA HARVESTED",19,CORN,CENSUS,00000000,,14.4,9000
2017,2018-02-01 00:00:00.000,IA,143,GRAIN,19,YEAR,NORTHWEST,IOWA,TOTAL,CROPS,00,OSCEOLA,,IRRIGATED,NOT SPECIFIED,ALL CLASSES,"IOWA, NORTHWEST, OSCEOLA",COUNTY,10,ANNUAL,FIELD CROPS,6,OPERATIONS,,AREA HARVESTED,143,00,,,UNITED STATES,"CORN, GRAIN, IRRIGATED - OPERATIONS WITH AREA HARVESTED",19,CORN,CENSUS,00000000,,32.9,9000
2012,2012-12-31 00:00:00.000,IA,143,GRAIN,19,YEAR,NORTHWEST,IOWA,TOTAL,CROPS,00,OSCEOLA,,IRRIGATED,NOT SPECIFIED,ALL CLASSES,"IOWA, NORTHWEST, OSCEOLA",COUNTY,10,ANNUAL,FIELD CROPS,10,OPERATIONS,,AREA HARVESTED,143,00,,,UNITED STATES,"CORN, GRAIN, IRRIGATED - OPERATIONS WITH AREA HARVESTED",19,CORN,CENSUS,00000000,,19.1,9000
2007,2012-01-01 00:00:00.000,IA,143,GRAIN,19,YEAR,NORTHWEST,IOWA,TOTAL,CROPS,00,OSCEOLA,,IRRIGATED,NOT SPECIFIED,ALL CLASSES,"IOWA, NORTHWEST, OSCEOLA",COUNTY,10,ANNUAL,FIELD CROPS,11,OPERATIONS,,AREA HARVESTED,143,00,,,UNITED STATES,"CORN, GRAIN, IRRIGATED - OPERATIONS WITH AREA HARVESTED",19,CORN,CENSUS,00000000,,,9000
2002,2012-01-01 00:00:00.000,IA,143,GRAIN,19,YEAR,NORTHWEST,IOWA,TOTAL,CROPS,00,OSCEOLA,,IRRIGATED,NOT SPECIFIED,ALL CLASSES,"IOWA, NORTHWEST, OSCEOLA",COUNTY,10,ANNUAL,FIELD CROPS,10,OPERATIONS,,AREA HARVESTED,143,00,,,UNITED STATES,"CORN, GRAIN, IRRIGATED - OPERATIONS WITH AREA HARVESTED",19,CORN,CENSUS,00000000,,,9000
2022,2024-07-02 12:00:00.000,IA,147,GRAIN,19,YEAR,NORTHWEST,IOWA,TOTAL,CROPS,00,PALO ALTO,,IRRIGATED,NOT SPECIFIED,ALL CLASSES,"IOWA, NORTHWEST, PALO ALTO",COUNTY,10,ANNUAL,FIELD CROPS,47,OPERATIONS,,AREA HARVESTED,147,00,,,UNITED STATES,"CORN, GRAIN, IRRIGATED - OPERATIONS WITH AREA HARVESTED",19,CORN,CENSUS,00000000,,14.4,9000
2017,2018-02-01 00:00:00.000,IA,147,GRAIN,19,YEAR,NORTHWEST,IOWA,TOTAL,CROPS,00,PALO ALTO,,IRRIGATED,NOT SPECIFIED,ALL CLASSES,"IOWA, NORTHWEST, PALO ALTO",COUNTY,10,ANNUAL,FIELD CROPS,33,OPERATIONS,,AREA HARVESTED,147,00,,,UNITED STATES,"CORN, GRAIN, IRRIGATED - OPERATIONS WITH AREA HARVESTED",19,CORN,CENSUS,00000000,,32.9,9000
2012,2012-12-31 00:00:00.000,IA,147,GRAIN,19,YEAR,NORTHWEST,IOWA,TOTAL,CROPS,00,PALO ALTO,,IRRIGATED,NOT SPECIFIED,ALL CLASSES,"IOWA, NORTHWEST, PALO ALTO",COUNTY,10,ANNUAL,FIELD CROPS,25,OPERATIONS,,AREA HARVESTED,147,00,,,UNITED STATES,"CORN, GRAIN, IRRIGATED - OPERATIONS WITH AREA HARVESTED",19,CORN,CENSUS,00000000,,19.1,9000
2007,2012-01-01 00:00:00.000,IA,147,GRAIN,19,YEAR,NORTHWEST,IOWA,TOTAL,CROPS,00,PALO ALTO,,IRRIGATED,NOT SPECIFIED,ALL CLASSES,"IOWA, NORTHWEST, PALO ALTO",COUNTY,10,ANNUAL,FIELD CROPS,18,OPERATIONS,,AREA HARVESTED,147,00,,,UNITED STATES,"CORN, GRAIN, IRRIGATED - OPERATIONS WITH AREA HARVESTED",19,CORN,CENSUS,00000000,,,9000
2002,2012-01-01 00:00:00.000,IA,147,GRAIN,19,YEAR,NORTHWEST,IOWA,TOTAL,CROPS,00,PALO ALTO,,IRRIGATED,NOT SPECIFIED,ALL CLASSES,"IOWA, NORTHWEST, PALO ALTO",COUNTY,10,ANNUAL,FIELD CROPS,15,OPERATIONS,,AREA HARVESTED,147,00,,,UNITED STATES,"CORN, GRAIN, IRRIGATED - OPERATIONS WITH AREA HARVESTED",19,CORN,CENSUS,00000000,,,9000
2022,2024-07-02 12:00:00.000,IA,149,GRAIN,19,YEAR,NORTHWEST,IOWA,TOTAL,CROPS,00,PLYMOUTH,,IRRIGATED,NOT SPECIFIED,ALL CLASSES,"IOWA, NORTHWEST, PLYMOUTH",COUNTY,10,ANNUAL,FIELD CROPS,5,OPERATIONS,,AREA HARVESTED,149,00,,,UNITED STATES,"CORN, GRAIN, IRRIGATED - OPERATIONS WITH AREA HARVESTED",19,CORN,CENSUS,00000000,,14.4,9000
2017,2018-02-01 00:00:00.000,IA,149,GRAIN,19,YEAR,NORTHWEST,IOWA,TOTAL,CROPS,00,PLYMOUTH,,IRRIGATED,NOT SPECIFIED,ALL CLASSES,"IOWA, NORTHWEST, PLYMOUTH",COUNTY,10,ANNUAL,FIELD CROPS,10,OPERATIONS,,AREA HARVESTED,149,00,,,UNITED STATES,"CORN, GRAIN, IRRIGATED - OPERATIONS WITH AREA HARVESTED",19,CORN,CENSUS,00000000,,32.9,9000
2012,2012-12-31 00:00:00.000,IA,149,GRAIN,19,YEAR,NORTHWEST,IOWA,TOTAL,CROPS,00,PLYMOUTH,,IRRIGATED,NOT SPECIFIED,ALL CLASSES,"IOWA, NORTHWEST, PLYMOUTH",COUNTY,10,ANNUAL,FIELD CROPS,10,OPERATIONS,,AREA HARVESTED,149,00,,,UNITED STATES,"CORN, GRAIN, IRRIGATED - OPERATIONS WITH AREA HARVESTED",19,CORN,CENSUS,00000000,,19.1,9000
2007,2012-01-01 00:00:00.000,IA,149,GRAIN,19,YEAR,NORTHWEST,IOWA,TOTAL,CROPS,00,PLYMOUTH,,IRRIGATED,NOT SPECIFIED,ALL CLASSES,"IOWA, NORTHWEST, PLYMOUTH",COUNTY,10,ANNUAL,FIELD CROPS,12,OPERATIONS,,AREA HARVESTED,149,00,,,UNITED STATES,"CORN, GRAIN, IRRIGATED - OPERATIONS WITH AREA HARVESTED",19,CORN,CENSUS,00000000,,,9000
2002,2012-01-01 00:00:00.000,IA,149,GRAIN,19,YEAR,NORTHWEST,IOWA,TOTAL,CROPS,00,PLYMOUTH,,IRRIGATED,NOT SPECIFIED,ALL CLASSES,"IOWA, NORTHWEST, PLYMOUTH",COUNTY,10,ANNUAL,FIELD CROPS,9,OPERATIONS,,AREA HARVESTED,149,00,,,UNITED STATES,"CORN, GRAIN, IRRIGATED - OPERATIONS WITH AREA HARVESTED",19,CORN,CENSUS,00000000,,,9000
2022,2024-07-02 12:00:00.000,IA,151,GRAIN,19,YEAR,NORTHWEST,IOWA,TOTAL,CROPS,00,POCAHONTAS,,IRRIGATED,NOT SPECIFIED,ALL CLASSES,"IOWA, NORTHWEST, POCAHONTAS",COUNTY,10,ANNUAL,FIELD CROPS,4,OPERATIONS,,AREA HARVESTED,151,00,,,UNITED STATES,"CORN, GRAIN, IRRIGATED - OPERATIONS WITH AREA HARVESTED",19,CORN,CENSUS,00000000,,14.4,9000
2017,2018-02-01 00:00:00.000,IA,151,GRAIN,19,YEAR,NORTHWEST,IOWA,TOTAL,CROPS,00,POCAHONTAS,,IRRIGATED,NOT SPECIFIED,ALL CLASSES,"IOWA, NORTHWEST, POCAHONTAS",COUNTY,10,ANNUAL,FIELD CROPS,3,OPERATIONS,,AREA HARVESTED,151,00,,,UNITED STATES,"CORN, GRAIN, IRRIGATED - OPERATIONS WITH AREA HARVESTED",19,CORN,CENSUS,00000000,,32.9,9000
2012,2012-12-31 00:00:00.000,IA,151,GRAIN,19,YEAR,NORTHWEST,IOWA,TOTAL,CROPS,00,POCAHONTAS,,IRRIGATED,NOT SPECIFIED,ALL CLASSES,"IOWA, NORTHWEST, POCAHONTAS",COUNTY,10,ANNUAL,FIELD CROPS,6,OPERATIONS,,AREA HARVESTED,151,00,,,UNITED STATES,"CORN, GRAIN, IRRIGATED - OPERATIONS WITH AREA HARVESTED",19,CORN,CENSUS,00000000,,19.1,9000
2007,2012-01-01 00:00:00.000,IA,151,GRAIN,19,YEAR,NORTHWEST,IOWA,TOTAL,CROPS,00,POCAHONTAS,,IRRIGATED,NOT SPECIFIED,ALL CLASSES,"IOWA, NORTHWEST, POCAHONTAS",COUNTY,10,ANNUAL,FIELD CROPS,1,OPERATIONS,,AREA HARVESTED,151,00,,,UNITED STATES,"CORN, GRAIN, IRRIGATED - OPERATIONS WITH AREA HARVESTED",19,CORN,CENSUS,00000000,,,9000
2022,2024-07-02 12:00:00.000,IA,167,GRAIN,19,YEAR,NORTHWEST,IOWA,TOTAL,CROPS,00,SIOUX,,IRRIGATED,NOT SPECIFIED,ALL CLASSES,"IOWA, NORTHWEST, SIOUX",COUNTY,10,ANNUAL,FIELD CROPS,49,OPERATIONS,,AREA HARVESTED,167,00,,,UNITED STATES,"CORN, GRAIN, IRRIGATED - OPERATIONS WITH AREA HARVESTED",19,CORN,CENSUS,00000000,,14.4,9000
2017,2018-02-01 00:00:00.000,IA,167,GRAIN,19,YEAR,NORTHWEST,IOWA,TOTAL,CROPS,00,SIOUX,,IRRIGATED,NOT SPECIFIED,ALL CLASSES,"IOWA, NORTHWEST, SIOUX",COUNTY,10,ANNUAL,FIELD CROPS,36,OPERATIONS,,AREA HARVESTED,167,00,,,UNITED STATES,"CORN, GRAIN, IRRIGATED - OPERATIONS WITH AREA HARVESTED",19,CORN,CENSUS,00000000,,32.9,9000
2012,2012-12-31 00:00:00.000,IA,167,GRAIN,19,YEAR,NORTHWEST,IOWA,TOTAL,CROPS,00,SIOUX,,IRRIGATED,NOT SPECIFIED,ALL CLASSES,"IOWA, NORTHWEST, SIOUX",COUNTY,10,ANNUAL,FIELD CROPS,35,OPERATIONS,,AREA HARVESTED,167,00,,,UNITED STATES,"CORN, GRAIN, IRRIGATED - OPERATIONS WITH AREA HARVESTED",19,CORN,CENSUS,00000000,,19.1,9000
2007,2012-01-01 00:00:00.000,IA,167,GRAIN,19,YEAR,NORTHWEST,IOWA,TOTAL,CROPS,00,SIOUX,,IRRIGATED,NOT SPECIFIED,ALL CLASSES,"IOWA, NORTHWEST, SIOUX",COUNTY,10,ANNUAL,FIELD CROPS,44,OPERATIONS,,AREA HARVESTED,167,00,,,UNITED STATES,"CORN, GRAIN, IRRIGATED - OPERATIONS WITH AREA HARVESTED",19,CORN,CENSUS,00000000,,,9000
2002,2012-01-01 00:00:00.000,IA,167,GRAIN,19,YEAR,NORTHWEST,IOWA,TOTAL,CROPS,00,SIOUX,,IRRIGATED,NOT SPECIFIED,ALL CLASSES,"IOWA, NORTHWEST, SIOUX",COUNTY,10,ANNUAL,FIELD CROPS,42,OPERATIONS,,AREA HARVESTED,167,00,,,UNITED STATES,"CORN, GRAIN, IRRIGATED - OPERATIONS WITH AREA HARVESTED",19,CORN,CENSUS,00000000,,,9000
2022,2024-07-02 12:00:00.000,IA,023,GRAIN,19,YEAR,NORTH CENTRAL,IOWA,TOTAL,CROPS,00,BUTLER,,IRRIGATED,NOT SPECIFIED,ALL CLASSES,"IOWA, NORTH CENTRAL, BUTLER",COUNTY,20,ANNUAL,FIELD CROPS,7,OPERATIONS,,AREA HARVESTED,023,00,,,UNITED STATES,"CORN, GRAIN, IRRIGATED - OPERATIONS WITH AREA HARVESTED",19,CORN,CENSUS,00000000,,14.4,9000
2017,2018-02-01 00:00:00.000,IA,023,GRAIN,19,YEAR,NORTH CENTRAL,IOWA,TOTAL,CROPS,00,BUTLER,,IRRIGATED,NOT SPECIFIED,ALL CLASSES,"IOWA, NORTH CENTRAL, BUTLER",COUNTY,20,ANNUAL,FIELD CROPS,9,OPERATIONS,,AREA HARVESTED,023,00,,,UNITED STATES,"CORN, GRAIN, IRRIGATED - OPERATIONS WITH AREA HARVESTED",19,CORN,CENSUS,00000000,,32.9,9000
2012,2012-12-31 00:00:00.000,IA,023,GRAIN,19,YEAR,NORTH CENTRAL,IOWA,TOTAL,CROPS,00,BUTLER,,IRRIGATED,NOT SPECIFIED,ALL CLASSES,"IOWA, NORTH CENTRAL, BUTLER",COUNTY,20,ANNUAL,FIELD CROPS,4,OPERATIONS,,AREA HARVESTED,023,00,,,UNITED STATES,"CORN, GRAIN, IRRIGATED - OPERATIONS WITH AREA HARVESTED",19,CORN,CENSUS,00000000,,19.1,9000
2007,2012-01-01 00:00:00.000,IA,023,GRAIN,19,YEAR,NORTH CENTRAL,IOWA,TOTAL,CROPS,00,BUTLER,,IRRIGATED,NOT SPECIFIED,ALL CLASSES,"IOWA, NORTH CENTRAL, BUTLER",COUNTY,20,ANNUAL,FIELD CROPS,2,OPERATIONS,,AREA HARVESTED,023,00,,,UNITED STATES,"CORN, GRAIN, IRRIGATED - OPERATIONS WITH AREA HARVESTED",19,CORN,CENSUS,00000000,,,9000
2002,2012-01-01 00:00:00.000,IA,023,GRAIN,19,YEAR,NORTH CENTRAL,IOWA,TOTAL,CROPS,00,BUTLER,,IRRIGATED,NOT SPECIFIED,ALL CLASSES,"IOWA, NORTH CENTRAL, BUTLER",COUNTY,20,ANNUAL,FIELD CROPS,2,OPERATIONS,,AREA HARVESTED,023,00,,,UNITED STATES,"CORN, GRAIN, IRRIGATED - OPERATIONS WITH AREA HARVESTED",19,CORN,CENSUS,00000000,,,9000
2022,2024-07-02 12:00:00.000,IA,033,GRAIN,19,YEAR,NORTH CENTRAL,IOWA,TOTAL,CROPS,00,CERRO GORDO,,IRRIGATED,NOT SPECIFIED,ALL CLASSES,"IOWA, NORTH CENTRAL, CERRO GORDO",COUNTY,20,ANNUAL,FIELD CROPS,6,OPERATIONS,,AREA HARVESTED,033,00,,,UNITED STATES,"CORN, GRAIN, IRRIGATED - OPERATIONS WITH AREA HARVESTED",19,CORN,CENSUS,00000000,,14.4,9000
2017,2018-02-01 00:00:00.000,IA,033,GRAIN,19,YEAR,NORTH CENTRAL,IOWA,TOTAL,CROPS,00,CERRO GORDO,,IRRIGATED,NOT SPECIFIED,ALL CLASSES,"IOWA, NORTH CENTRAL, CERRO GORDO",COUNTY,20,ANNUAL,FIELD CROPS,3,OPERATIONS,,AREA HARVESTED,033,00,,,UNITED STATES,"CORN, GRAIN, IRRIGATED - OPERATIONS WITH AREA HARVESTED",19,CORN,CENSUS,00000000,,32.9,9000
2012,2012-12-31 00:00:00.000,IA,033,GRAIN,19,YEAR,NORTH CENTRAL,IOWA,TOTAL,CROPS,00,CERRO GORDO,,IRRIGATED,NOT SPECIFIED,ALL CLASSES,"IOWA, NORTH CENTRAL, CERRO GORDO",COUNTY,20,ANNUAL,FIELD CROPS,2,OPERATIONS,,AREA HARVESTED,033,00,,,UNITED STATES,"CORN, GRAIN, IRRIGATED - OPERATIONS WITH AREA HARVESTED",19,CORN,CENSUS,00000000,,19.1,9000
2007,2012-01-01 00:00:00.000,IA,033,GRAIN,19,YEAR,NORTH CENTRAL,IOWA,TOTAL,CROPS,00,CERRO GORDO,,IRRIGATED,NOT SPECIFIED,ALL CLASSES,"IOWA, NORTH CENTRAL, CERRO GORDO",COUNTY,20,ANNUAL,FIELD CROPS,5,OPERATIONS,,AREA HARVESTED,033,00,,,UNITED STATES,"CORN, GRAIN, IRRIGATED - OPERATIONS WITH AREA HARVESTED",19,CORN,CENSUS,00000000,,,9000
2002,2012-01-01 00:00:00.000,IA,033,GRAIN,19,YEAR,NORTH CENTRAL,IOWA,TOTAL,CROPS,00,CERRO GORDO,,IRRIGATED,NOT SPECIFIED,ALL CLASSES,"IOWA, NORTH CENTRAL, CERRO GORDO",COUNTY,20,ANNUAL,FIELD CROPS,3,OPERATIONS,,AREA HARVESTED,033,00,,,UNITED STATES,"CORN, GRAIN, IRRIGATED - OPERATIONS WITH AREA HARVESTED",19,CORN,CENSUS,00000000,,,9000
2022,2024-07-02 12:00:00.000,IA,067,GRAIN,19,YEAR,NORTH CENTRAL,IOWA,TOTAL,CROPS,00,FLOYD,,IRRIGATED,NOT SPECIFIED,ALL CLASSES,"IOWA, NORTH CENTRAL, FLOYD",COUNTY,20,ANNUAL,FIELD CROPS,11,OPERATIONS,,AREA HARVESTED,067,00,,,UNITED STATES,"CORN, GRAIN, IRRIGATED - OPERATIONS WITH AREA HARVESTED",19,CORN,CENSUS,00000000,,14.4,9000
2017,2018-02-01 00:00:00.000,IA,067,GRAIN,19,YEAR,NORTH CENTRAL,IOWA,TOTAL,CROPS,00,FLOYD,,IRRIGATED,NOT SPECIFIED,ALL CLASSES,"IOWA, NORTH CENTRAL, FLOYD",COUNTY,20,ANNUAL,FIELD CROPS,9,OPERATIONS,,AREA HARVESTED,067,00,,,UNITED STATES,"CORN, GRAIN, IRRIGATED - OPERATIONS WITH AREA HARVESTED",19,CORN,CENSUS,00000000,,32.9,9000
2012,2012-12-31 00:00:00.000,IA,067,GRAIN,19,YEAR,NORTH CENTRAL,IOWA,TOTAL,CROPS,00,FLOYD,,IRRIGATED,NOT SPECIFIED,ALL CLASSES,"IOWA, NORTH CENTRAL, FLOYD",COUNTY,20,ANNUAL,FIELD CROPS,9,OPERATIONS,,AREA HARVESTED,067,00,,,UNITED STATES,"CORN, GRAIN, IRRIGATED - OPERATIONS WITH AREA HARVESTED",19,CORN,CENSUS,00000000,,19.1,9000
2007,2012-01-01 00:00:00.000,IA,067,GRAIN,19,YEAR,NORTH CENTRAL,IOWA,TOTAL,CROPS,00,FLOYD,,IRRIGATED,NOT SPECIFIED,ALL CLASSES,"IOWA, NORTH CENTRAL, FLOYD",COUNTY,20,ANNUAL,FIELD CROPS,5,OPERATIONS,,AREA HARVESTED,067,00,,,UNITED STATES,"CORN, GRAIN, IRRIGATED - OPERATIONS WITH AREA HARVESTED",19,CORN,CENSUS,00000000,,,9000
2002,2012-01-01 00:00:00.000,IA,067,GRAIN,19,YEAR,NORTH CENTRAL,IOWA,TOTAL,CROPS,00,FLOYD,,IRRIGATED,NOT SPECIFIED,ALL CLASSES,"IOWA, NORTH CENTRAL, FLOYD",COUNTY,20,ANNUAL,FIELD CROPS,7,OPERATIONS,,AREA HARVESTED,067,00,,,UNITED STATES,"CORN, GRAIN, IRRIGATED - OPERATIONS WITH AREA HARVESTED",19,CORN,CENSUS,00000000,,,9000
2022,2024-07-02 12:00:00.000,IA,069,GRAIN,19,YEAR,NORTH CENTRAL,IOWA,TOTAL,CROPS,00,FRANKLIN,,IRRIGATED,NOT SPECIFIED,ALL CLASSES,"IOWA, NORTH CENTRAL, FRANKLIN",COUNTY,20,ANNUAL,FIELD CROPS,2,OPERATIONS,,AREA HARVESTED,069,00,,,UNITED STATES,"CORN, GRAIN, IRRIGATED - OPERATIONS WITH AREA HARVESTED",19,CORN,CENSUS,00000000,,14.4,9000
2017,2018-02-01 00:00:00.000,IA,069,GRAIN,19,YEAR,NORTH CENTRAL,IOWA,TOTAL,CROPS,00,FRANKLIN,,IRRIGATED,NOT SPECIFIED,ALL CLASSES,"IOWA, NORTH CENTRAL, FRANKLIN",COUNTY,20,ANNUAL,FIELD CROPS,4,OPERATIONS,,AREA HARVESTED,069,00,,,UNITED STATES,"CORN, GRAIN, IRRIGATED - OPERATIONS WITH AREA HARVESTED",19,CORN,CENSUS,00000000,,32.9,9000
2022,2024-07-02 12:00:00.000,IA,081,GRAIN,19,YEAR,NORTH CENTRAL,IOWA,TOTAL,CROPS,00,HANCOCK,,IRRIGATED,NOT SPECIFIED,ALL CLASSES,"IOWA, NORTH CENTRAL, HANCOCK",COUNTY,20,ANNUAL,FIELD CROPS,20,OPERATIONS,,AREA HARVESTED,081,00,,,UNITED STATES,"CORN, GRAIN, IRRIGATED - OPERATIONS WITH AREA HARVESTED",19,CORN,CENSUS,00000000,,14.4,9000
2017,2018-02-01 00:00:00.000,IA,081,GRAIN,19,YEAR,NORTH CENTRAL,IOWA,TOTAL,CROPS,00,HANCOCK,,IRRIGATED,NOT SPECIFIED,ALL CLASSES,"IOWA, NORTH CENTRAL, HANCOCK",COUNTY,20,ANNUAL,FIELD CROPS,16,OPERATIONS,,AREA HARVESTED,081,00,,,UNITED STATES,"CORN, GRAIN, IRRIGATED - OPERATIONS WITH AREA HARVESTED",19,CORN,CENSUS,00000000,,32.9,9000
2012,2012-12-31 00:00:00.000,IA,081,GRAIN,19,YEAR,NORTH CENTRAL,IOWA,TOTAL,CROPS,00,HANCOCK,,IRRIGATED,NOT SPECIFIED,ALL CLASSES,"IOWA, NORTH CENTRAL, HANCOCK",COUNTY,20,ANNUAL,FIELD CROPS,6,OPERATIONS,,AREA HARVESTED,081,00,,,UNITED STATES,"CORN, GRAIN, IRRIGATED - OPERATIONS WITH AREA HARVESTED",19,CORN,CENSUS,00000000,,19.1,9000
2007,2012-01-01 00:00:00.000,IA,081,GRAIN,19,YEAR,NORTH CENTRAL,IOWA,TOTAL,CROPS,00,HANCOCK,,IRRIGATED,NOT SPECIFIED,ALL CLASSES,"IOWA, NORTH CENTRAL, HANCOCK",COUNTY,20,ANNUAL,FIELD CROPS,5,OPERATIONS,,AREA HARVESTED,081,00,,,UNITED STATES,"CORN, GRAIN, IRRIGATED - OPERATIONS WITH AREA HARVESTED",19,CORN,CENSUS,00000000,,,9000
2002,2012-01-01 00:00:00.000,IA,081,GRAIN,19,YEAR,NORTH CENTRAL,IOWA,TOTAL,CROPS,00,HANCOCK,,IRRIGATED,NOT SPECIFIED,ALL CLASSES,"IOWA, NORTH CENTRAL, HANCOCK",COUNTY,20,ANNUAL,FIELD CROPS,2,OPERATIONS,,AREA HARVESTED,081,00,,,UNITED STATES,"CORN, GRAIN, IRRIGATED - OPERATIONS WITH AREA HARVESTED",19,CORN,CENSUS,00000000,,,9000
2022,2024-07-02 12:00:00.000,IA,091,GRAIN,19,YEAR,NORTH CENTRAL,IOWA,TOTAL,CROPS,00,HUMBOLDT,,IRRIGATED,NOT SPECIFIED,ALL CLASSES,"IOWA, NORTH CENTRAL, HUMBOLDT",COUNTY,20,ANNUAL,FIELD CROPS,4,OPERATIONS,,AREA HARVESTED,091,00,,,UNITED STATES,"CORN, GRAIN, IRRIGATED - OPERATIONS WITH AREA HARVESTED",19,CORN,CENSUS,00000000,,(L),9000
2017,2018-02-01 00:00:00.000,IA,091,GRAIN,19,YEAR,NORTH CENTRAL,IOWA,TOTAL,CROPS,00,HUMBOLDT,,IRRIGATED,NOT SPECIFIED,ALL CLASSES,"IOWA, NORTH CENTRAL, HUMBOLDT",COUNTY,20,ANNUAL,FIELD CROPS,3,OPERATIONS,,AREA HARVESTED,091,00,,,UNITED STATES,"CORN, GRAIN, IRRIGATED - OPERATIONS WITH AREA HARVESTED",19,CORN,CENSUS,00000000,,32.9,9000
2022,2024-07-02 12:00:00.000,IA,109,GRAIN,19,YEAR,NORTH CENTRAL,IOWA,TOTAL,CROPS,00,KOSSUTH,,IRRIGATED,NOT SPECIFIED,ALL CLASSES,"IOWA, NORTH CENTRAL, KOSSUTH",COUNTY,20,ANNUAL,FIELD CROPS,7,OPERATIONS,,AREA HARVESTED,109,00,,,UNITED STATES,"CORN, GRAIN, IRRIGATED - OPERATIONS WITH AREA HARVESTED",19,CORN,CENSUS,00000000,,14.4,9000
2017,2018-02-01 00:00:00.000,IA,109,GRAIN,19,YEAR,NORTH CENTRAL,IOWA,TOTAL,CROPS,00,KOSSUTH,,IRRIGATED,NOT SPECIFIED,ALL CLASSES,"IOWA, NORTH CENTRAL, KOSSUTH",COUNTY,20,ANNUAL,FIELD CROPS,11,OPERATIONS,,AREA HARVESTED,109,00,,,UNITED STATES,"CORN, GRAIN, IRRIGATED - OPERATIONS WITH AREA HARVESTED",19,CORN,CENSUS,00000000,,32.9,9000
2012,2012-12-31 00:00:00.000,IA,109,GRAIN,19,YEAR,NORTH CENTRAL,IOWA,TOTAL,CROPS,00,KOSSUTH,,IRRIGATED,NOT SPECIFIED,ALL CLASSES,"IOWA, NORTH CENTRAL, KOSSUTH",COUNTY,20,ANNUAL,FIELD CROPS,3,OPERATIONS,,AREA HARVESTED,109,00,,,UNITED STATES,"CORN, GRAIN, IRRIGATED - OPERATIONS WITH AREA HARVESTED",19,CORN,CENSUS,00000000,,19.1,9000
2007,2012-01-01 00:00:00.000,IA,109,GRAIN,19,YEAR,NORTH CENTRAL,IOWA,TOTAL,CROPS,00,KOSSUTH,,IRRIGATED,NOT SPECIFIED,ALL CLASSES,"IOWA, NORTH CENTRAL, KOSSUTH",COUNTY,20,ANNUAL,FIELD CROPS,6,OPERATIONS,,AREA HARVESTED,109,00,,,UNITED STATES,"CORN, GRAIN, IRRIGATED - OPERATIONS WITH AREA HARVESTED",19,CORN,CENSUS,00000000,,,9000
2002,2012-01-01 00:00:00.000,IA,109,GRAIN,19,YEAR,NORTH CENTRAL,IOWA,TOTAL,CROPS,00,KOSSUTH,,IRRIGATED,NOT SPECIFIED,ALL CLASSES,"IOWA, NORTH CENTRAL, KOSSUTH",COUNTY,20,ANNUAL,FIELD CROPS,4,OPERATIONS,,AREA HARVESTED,109,00,,,UNITED STATES,"CORN, GRAIN, IRRIGATED - OPERATIONS WITH AREA HARVESTED",19,CORN,CENSUS,00000000,,,9000
2022,2024-07-02 12:00:00.000,IA,131,GRAIN,19,YEAR,NORTH CENTRAL,IOWA,TOTAL,CROPS,00,MITCHELL,,IRRIGATED,NOT SPECIFIED,ALL CLASSES,"IOWA, NORTH CENTRAL, MITCHELL",COUNTY,20,ANNUAL,FIELD CROPS,4,OPERATIONS,,AREA HARVESTED,131,00,,,UNITED STATES,"CORN, GRAIN, IRRIGATED - OPERATIONS WITH AREA HARVESTED",19,CORN,CENSUS,00000000,,14.4,9000
2017,2018-02-01 00:00:00.000,IA,131,GRAIN,19,YEAR,NORTH CENTRAL,IOWA,TOTAL,CROPS,00,MITCHELL,,IRRIGATED,NOT SPECIFIED,ALL CLASSES,"IOWA, NORTH CENTRAL, MITCHELL",COUNTY,20,ANNUAL,FIELD CROPS,5,OPERATIONS,,AREA HARVESTED,131,00,,,UNITED STATES,"CORN, GRAIN, IRRIGATED - OPERATIONS WITH AREA HARVESTED",19,CORN,CENSUS,00000000,,32.9,9000
2012,2012-12-31 00:00:00.000,IA,131,GRAIN,19,YEAR,NORTH CENTRAL,IOWA,TOTAL,CROPS,00,MITCHELL,,IRRIGATED,NOT SPECIFIED,ALL CLASSES,"IOWA, NORTH CENTRAL, MITCHELL",COUNTY,20,ANNUAL,FIELD CROPS,4,OPERATIONS,,AREA HARVESTED,131,00,,,UNITED STATES,"CORN, GRAIN, IRRIGATED - OPERATIONS WITH AREA HARVESTED",19,CORN,CENSUS,00000000,,19.1,9000
2007,2012-01-01 00:00:00.000,IA,131,GRAIN,19,YEAR,NORTH CENTRAL,IOWA,TOTAL,CROPS,00,MITCHELL,,IRRIGATED,NOT SPECIFIED,ALL CLASSES,"IOWA, NORTH CENTRAL, MITCHELL",COUNTY,20,ANNUAL,FIELD CROPS,3,OPERATIONS,,AREA HARVESTED,131,00,,,UNITED STATES,"CORN, GRAIN, IRRIGATED - OPERATIONS WITH AREA HARVESTED",19,CORN,CENSUS,00000000,,,9000
2002,2012-01-01 00:00:00.000,IA,131,GRAIN,19,YEAR,NORTH CENTRAL,IOWA,TOTAL,CROPS,00,MITCHELL,,IRRIGATED,NOT SPECIFIED,ALL CLASSES,"IOWA, NORTH CENTRAL, MITCHELL",COUNTY,20,ANNUAL,FIELD CROPS,1,OPERATIONS,,AREA HARVESTED,131,00,,,UNITED STATES,"CORN, GRAIN, IRRIGATED - OPERATIONS WITH AREA HARVESTED",19,CORN,CENSUS,00000000,,,9000
2022,2024-07-02 12:00:00.000,IA,189,GRAIN,19,YEAR,NORTH CENTRAL,IOWA,TOTAL,CROPS,00,WINNEBAGO,,IRRIGATED,NOT SPECIFIED,ALL CLASSES,"IOWA, NORTH CENTRAL, WINNEBAGO",COUNTY,20,ANNUAL,FIELD CROPS,3,OPERATIONS,,AREA HARVESTED,189,00,,,UNITED STATES,"CORN, GRAIN, IRRIGATED - OPERATIONS WITH AREA HARVESTED",19,CORN,CENSUS,00000000,,14.4,9000
2022,2024-07-02 12:00:00.000,IA,195,GRAIN,19,YEAR,NORTH CENTRAL,IOWA,TOTAL,CROPS,00,WORTH,,IRRIGATED,NOT SPECIFIED,ALL CLASSES,"IOWA, NORTH CENTRAL, WORTH",COUNTY,20,ANNUAL,FIELD CROPS,6,OPERATIONS,,AREA HARVESTED,195,00,,,UNITED STATES,"CORN, GRAIN, IRRIGATED - OPERATIONS WITH AREA HARVESTED",19,CORN,CENSUS,00000000,,14.4,9000
2017,2018-02-01 00:00:00.000,IA,195,GRAIN,19,YEAR,NORTH CENTRAL,IOWA,TOTAL,CROPS,00,WORTH,,IRRIGATED,NOT SPECIFIED,ALL CLASSES,"IOWA, NORTH CENTRAL, WORTH",COUNTY,20,ANNUAL,FIELD CROPS,9,OPERATIONS,,AREA HARVESTED,195,00,,,UNITED STATES,"CORN, GRAIN, IRRIGATED - OPERATIONS WITH AREA HARVESTED",19,CORN,CENSUS,00000000,,32.9,9000
2012,2012-12-31 00:00:00.000,IA,195,GRAIN,19,YEAR,NORTH CENTRAL,IOWA,TOTAL,CROPS,00,WORTH,,IRRIGATED,NOT SPECIFIED,ALL CLASSES,"IOWA, NORTH CENTRAL, WORTH",COUNTY,20,ANNUAL,FIELD CROPS,7,OPERATIONS,,AREA HARVESTED,195,00,,,UNITED STATES,"CORN, GRAIN, IRRIGATED - OPERATIONS WITH AREA HARVESTED",19,CORN,CENSUS,00000000,,19.1,9000
2007,2012-01-01 00:00:00.000,IA,195,GRAIN,19,YEAR,NORTH CENTRAL,IOWA,TOTAL,CROPS,00,WORTH,,IRRIGATED,NOT SPECIFIED,ALL CLASSES,"IOWA, NORTH CENTRAL, WORTH",COUNTY,20,ANNUAL,FIELD CROPS,5,OPERATIONS,,AREA HARVESTED,195,00,,,UNITED STATES,"CORN, GRAIN, IRRIGATED - OPERATIONS WITH AREA HARVESTED",19,CORN,CENSUS,00000000,,,9000
2002,2012-01-01 00:00:00.000,IA,195,GRAIN,19,YEAR,NORTH CENTRAL,IOWA,TOTAL,CROPS,00,WORTH,,IRRIGATED,NOT SPECIFIED,ALL CLASSES,"IOWA, NORTH CENTRAL, WORTH",COUNTY,20,ANNUAL,FIELD CROPS,5,OPERATIONS,,AREA HARVESTED,195,00,,,UNITED STATES,"CORN, GRAIN, IRRIGATED - OPERATIONS WITH AREA HARVESTED",19,CORN,CENSUS,00000000,,,9000
2022,2024-07-02 12:00:00.000,IA,197,GRAIN,19,YEAR,NORTH CENTRAL,IOWA,TOTAL,CROPS,00,WRIGHT,,IRRIGATED,NOT SPECIFIED,ALL CLASSES,"IOWA, NORTH CENTRAL, WRIGHT",COUNTY,20,ANNUAL,FIELD CROPS,2,OPERATIONS,,AREA HARVESTED,197,00,,,UNITED STATES,"CORN, GRAIN, IRRIGATED - OPERATIONS WITH AREA HARVESTED",19,CORN,CENSUS,00000000,,14.4,9000
2007,2012-01-01 00:00:00.000,IA,197,GRAIN,19,YEAR,NORTH CENTRAL,IOWA,TOTAL,CROPS,00,WRIGHT,,IRRIGATED,NOT SPECIFIED,ALL CLASSES,"IOWA, NORTH CENTRAL, WRIGHT",COUNTY,20,ANNUAL,FIELD CROPS,3,OPERATIONS,,AREA HARVESTED,197,00,,,UNITED STATES,"CORN, GRAIN, IRRIGATED - OPERATIONS WITH AREA HARVESTED",19,CORN,CENSUS,00000000,,,9000
2012,2012-12-31 00:00:00.000,IA,005,GRAIN,19,YEAR,NORTHEAST,IOWA,TOTAL,CROPS,00,ALLAMAKEE,,IRRIGATED,NOT SPECIFIED,ALL CLASSES,"IOWA, NORTHEAST, ALLAMAKEE",COUNTY,30,ANNUAL,FIELD CROPS,2,OPERATIONS,,AREA HARVESTED,005,00,,,UNITED STATES,"CORN, GRAIN, IRRIGATED - OPERATIONS WITH AREA HARVESTED",19,CORN,CENSUS,00000000,,19.1,9000
2022,2024-07-02 12:00:00.000,IA,013,GRAIN,19,YEAR,NORTHEAST,IOWA,TOTAL,CROPS,00,BLACK HAWK,,IRRIGATED,NOT SPECIFIED,ALL CLASSES,"IOWA, NORTHEAST, BLACK HAWK",COUNTY,30,ANNUAL,FIELD CROPS,1,OPERATIONS,,AREA HARVESTED,013,00,,,UNITED STATES,"CORN, GRAIN, IRRIGATED - OPERATIONS WITH AREA HARVESTED",19,CORN,CENSUS,00000000,,14.4,9000
2007,2012-01-01 00:00:00.000,IA,013,GRAIN,19,YEAR,NORTHEAST,IOWA,TOTAL,CROPS,00,BLACK HAWK,,IRRIGATED,NOT SPECIFIED,ALL CLASSES,"IOWA, NORTHEAST, BLACK HAWK",COUNTY,30,ANNUAL,FIELD CROPS,1,OPERATIONS,,AREA HARVESTED,013,00,,,UNITED STATES,"CORN, GRAIN, IRRIGATED - OPERATIONS WITH AREA HARVESTED",19,CORN,CENSUS,00000000,,,9000
2022,2024-07-02 12:00:00.000,IA,017,GRAIN,19,YEAR,NORTHEAST,IOWA,TOTAL,CROPS,00,BREMER,,IRRIGATED,NOT SPECIFIED,ALL CLASSES,"IOWA, NORTHEAST, BREMER",COUNTY,30,ANNUAL,FIELD CROPS,2,OPERATIONS,,AREA HARVESTED,017,00,,,UNITED STATES,"CORN, GRAIN, IRRIGATED - OPERATIONS WITH AREA HARVESTED",19,CORN,CENSUS,00000000,,14.4,9000
2017,2018-02-01 00:00:00.000,IA,017,GRAIN,19,YEAR,NORTHEAST,IOWA,TOTAL,CROPS,00,BREMER,,IRRIGATED,NOT SPECIFIED,ALL CLASSES,"IOWA, NORTHEAST, BREMER",COUNTY,30,ANNUAL,FIELD CROPS,3,OPERATIONS,,AREA HARVESTED,017,00,,,UNITED STATES,"CORN, GRAIN, IRRIGATED - OPERATIONS WITH AREA HARVESTED",19,CORN,CENSUS,00000000,,32.9,9000
2012,2012-12-31 00:00:00.000,IA,017,GRAIN,19,YEAR,NORTHEAST,IOWA,TOTAL,CROPS,00,BREMER,,IRRIGATED,NOT SPECIFIED,ALL CLASSES,"IOWA, NORTHEAST, BREMER",COUNTY,30,ANNUAL,FIELD CROPS,1,OPERATIONS,,AREA HARVESTED,017,00,,,UNITED STATES,"CORN, GRAIN, IRRIGATED - OPERATIONS WITH AREA HARVESTED",19,CORN,CENSUS,00000000,,19.1,9000
2007,2012-01-01 00:00:00.000,IA,017,GRAIN,19,YEAR,NORTHEAST,IOWA,TOTAL,CROPS,00,BREMER,,IRRIGATED,NOT SPECIFIED,ALL CLASSES,"IOWA, NORTHEAST, BREMER",COUNTY,30,ANNUAL,FIELD CROPS,3,OPERATIONS,,AREA HARVESTED,017,00,,,UNITED STATES,"CORN, GRAIN, IRRIGATED - OPERATIONS WITH AREA HARVESTED",19,CORN,CENSUS,00000000,,,9000
2002,2012-01-01 00:00:00.000,IA,017,GRAIN,19,YEAR,NORTHEAST,IOWA,TOTAL,CROPS,00,BREMER,,IRRIGATED,NOT SPECIFIED,ALL CLASSES,"IOWA, NORTHEAST, BREMER",COUNTY,30,ANNUAL,FIELD CROPS,1,OPERATIONS,,AREA HARVESTED,017,00,,,UNITED STATES,"CORN, GRAIN, IRRIGATED - OPERATIONS WITH AREA HARVESTED",19,CORN,CENSUS,00000000,,,9000
2022,2024-07-02 12:00:00.000,IA,019,GRAIN,19,YEAR,NORTHEAST,IOWA,TOTAL,CROPS,00,BUCHANAN,,IRRIGATED,NOT SPECIFIED,ALL CLASSES,"IOWA, NORTHEAST, BUCHANAN",COUNTY,30,ANNUAL,FIELD CROPS,7,OPERATIONS,,AREA HARVESTED,019,00,,,UNITED STATES,"CORN, GRAIN, IRRIGATED - OPERATIONS WITH AREA HARVESTED",19,CORN,CENSUS,00000000,,14.4,9000
2007,2012-01-01 00:00:00.000,IA,019,GRAIN,19,YEAR,NORTHEAST,IOWA,TOTAL,CROPS,00,BUCHANAN,,IRRIGATED,NOT SPECIFIED,ALL CLASSES,"IOWA, NORTHEAST, BUCHANAN",COUNTY,30,ANNUAL,FIELD CROPS,1,OPERATIONS,,AREA HARVESTED,019,00,,,UNITED STATES,"CORN, GRAIN, IRRIGATED - OPERATIONS WITH AREA HARVESTED",19,CORN,CENSUS,00000000,,,9000
2022,2024-07-02 12:00:00.000,IA,037,GRAIN,19,YEAR,NORTHEAST,IOWA,TOTAL,CROPS,00,CHICKASAW,,IRRIGATED,NOT SPECIFIED,ALL CLASSES,"IOWA, NORTHEAST, CHICKASAW",COUNTY,30,ANNUAL,FIELD CROPS,11,OPERATIONS,,AREA HARVESTED,037,00,,,UNITED STATES,"CORN, GRAIN, IRRIGATED - OPERATIONS WITH AREA HARVESTED",19,CORN,CENSUS,00000000,,14.4,9000
2017,2018-02-01 00:00:00.000,IA,037,GRAIN,19,YEAR,NORTHEAST,IOWA,TOTAL,CROPS,00,CHICKASAW,,IRRIGATED,NOT SPECIFIED,ALL CLASSES,"IOWA, NORTHEAST, CHICKASAW",COUNTY,30,ANNUAL,FIELD CROPS,1,OPERATIONS,,AREA HARVESTED,037,00,,,UNITED STATES,"CORN, GRAIN, IRRIGATED - OPERATIONS WITH AREA HARVESTED",19,CORN,CENSUS,00000000,,32.9,9000
2012,2012-12-31 00:00:00.000,IA,037,GRAIN,19,YEAR,NORTHEAST,IOWA,TOTAL,CROPS,00,CHICKASAW,,IRRIGATED,NOT SPECIFIED,ALL CLASSES,"IOWA, NORTHEAST, CHICKASAW",COUNTY,30,ANNUAL,FIELD CROPS,3,OPERATIONS,,AREA HARVESTED,037,00,,,UNITED STATES,"CORN, GRAIN, IRRIGATED - OPERATIONS WITH AREA HARVESTED",19,CORN,CENSUS,00000000,,19.1,9000
2007,2012-01-01 00:00:00.000,IA,037,GRAIN,19,YEAR,NORTHEAST,IOWA,TOTAL,CROPS,00,CHICKASAW,,IRRIGATED,NOT SPECIFIED,ALL CLASSES,"IOWA, NORTHEAST, CHICKASAW",COUNTY,30,ANNUAL,FIELD CROPS,1,OPERATIONS,,AREA HARVESTED,037,00,,,UNITED STATES,"CORN, GRAIN, IRRIGATED - OPERATIONS WITH AREA HARVESTED",19,CORN,CENSUS,00000000,,,9000
2017,2018-02-01 00:00:00.000,IA,043,GRAIN,19,YEAR,NORTHEAST,IOWA,TOTAL,CROPS,00,CLAYTON,,IRRIGATED,NOT SPECIFIED,ALL CLASSES,"IOWA, NORTHEAST, CLAYTON",COUNTY,30,ANNUAL,FIELD CROPS,6,OPERATIONS,,AREA HARVESTED,043,00,,,UNITED STATES,"CORN, GRAIN, IRRIGATED - OPERATIONS WITH AREA HARVESTED",19,CORN,CENSUS,00000000,,32.9,9000
2012,2012-12-31 00:00:00.000,IA,043,GRAIN,19,YEAR,NORTHEAST,IOWA,TOTAL,CROPS,00,CLAYTON,,IRRIGATED,NOT SPECIFIED,ALL CLASSES,"IOWA, NORTHEAST, CLAYTON",COUNTY,30,ANNUAL,FIELD CROPS,1,OPERATIONS,,AREA HARVESTED,043,00,,,UNITED STATES,"CORN, GRAIN, IRRIGATED - OPERATIONS WITH AREA HARVESTED",19,CORN,CENSUS,00000000,,19.1,9000
2002,2012-01-01 00:00:00.000,IA,043,GRAIN,19,YEAR,NORTHEAST,IOWA,TOTAL,CROPS,00,CLAYTON,,IRRIGATED,NOT SPECIFIED,ALL CLASSES,"IOWA, NORTHEAST, CLAYTON",COUNTY,30,ANNUAL,FIELD CROPS,2,OPERATIONS,,AREA HARVESTED,043,00,,,UNITED STATES,"CORN, GRAIN, IRRIGATED - OPERATIONS WITH AREA HARVESTED",19,CORN,CENSUS,00000000,,,9000
2022,2024-07-02 12:00:00.000,IA,055,GRAIN,19,YEAR,NORTHEAST,IOWA,TOTAL,CROPS,00,DELAWARE,,IRRIGATED,NOT SPECIFIED,ALL CLASSES,"IOWA, NORTHEAST, DELAWARE",COUNTY,30,ANNUAL,FIELD CROPS,1,OPERATIONS,,AREA HARVESTED,055,00,,,UNITED STATES,"CORN, GRAIN, IRRIGATED - OPERATIONS WITH AREA HARVESTED",19,CORN,CENSUS,00000000,,14.4,9000
2017,2018-02-01 00:00:00.000,IA,055,GRAIN,19,YEAR,NORTHEAST,IOWA,TOTAL,CROPS,00,DELAWARE,,IRRIGATED,NOT SPECIFIED,ALL CLASSES,"IOWA, NORTHEAST, DELAWARE",COUNTY,30,ANNUAL,FIELD CROPS,2,OPERATIONS,,AREA HARVESTED,055,00,,,UNITED STATES,"CORN, GRAIN, IRRIGATED - OPERATIONS WITH AREA HARVESTED",19,CORN,CENSUS,00000000,,32.9,9000
2012,2012-12-31 00:00:00.000,IA,055,GRAIN,19,YEAR,NORTHEAST,IOWA,TOTAL,CROPS,00,DELAWARE,,IRRIGATED,NOT SPECIFIED,ALL CLASSES,"IOWA, NORTHEAST, DELAWARE",COUNTY,30,ANNUAL,FIELD CROPS,2,OPERATIONS,,AREA HARVESTED,055,00,,,UNITED STATES,"CORN, GRAIN, IRRIGATED - OPERATIONS WITH AREA HARVESTED",19,CORN,CENSUS,00000000,,19.1,9000
2007,2012-01-01 00:00:00.000,IA,055,GRAIN,19,YEAR,NORTHEAST,IOWA,TOTAL,CROPS,00,DELAWARE,,IRRIGATED,NOT SPECIFIED,ALL CLASSES,"IOWA, NORTHEAST, DELAWARE",COUNTY,30,ANNUAL,FIELD CROPS,2,OPERATIONS,,AREA HARVESTED,055,00,,,UNITED STATES,"CORN, GRAIN, IRRIGATED - OPERATIONS WITH AREA HARVESTED",19,CORN,CENSUS,00000000,,,9000
2022,2024-07-02 12:00:00.000,IA,061,GRAIN,19,YEAR,NORTHEAST,IOWA,TOTAL,CROPS,00,DUBUQUE,,IRRIGATED,NOT SPECIFIED,ALL CLASSES,"IOWA, NORTHEAST, DUBUQUE",COUNTY,30,ANNUAL,FIELD CROPS,6,OPERATIONS,,AREA HARVESTED,061,00,,,UNITED STATES,"CORN, GRAIN, IRRIGATED - OPERATIONS WITH AREA HARVESTED",19,CORN,CENSUS,00000000,,(L),9000
2022,2024-07-02 12:00:00.000,IA,065,GRAIN,19,YEAR,NORTHEAST,IOWA,TOTAL,CROPS,00,FAYETTE,,IRRIGATED,NOT SPECIFIED,ALL CLASSES,"IOWA, NORTHEAST, FAYETTE",COUNTY,30,ANNUAL,FIELD CROPS,15,OPERATIONS,,AREA HARVESTED,065,00,,,UNITED STATES,"CORN, GRAIN, IRRIGATED - OPERATIONS WITH AREA HARVESTED",19,CORN,CENSUS,00000000,,14.4,9000
2017,2018-02-01 00:00:00.000,IA,065,GRAIN,19,YEAR,NORTHEAST,IOWA,TOTAL,CROPS,00,FAYETTE,,IRRIGATED,NOT SPECIFIED,ALL CLASSES,"IOWA, NORTHEAST, FAYETTE",COUNTY,30,ANNUAL,FIELD CROPS,7,OPERATIONS,,AREA HARVESTED,065,00,,,UNITED STATES,"CORN, GRAIN, IRRIGATED - OPERATIONS WITH AREA HARVESTED",19,CORN,CENSUS,00000000,,32.9,9000
2012,2012-12-31 00:00:00.000,IA,065,GRAIN,19,YEAR,NORTHEAST,IOWA,TOTAL,CROPS,00,FAYETTE,,IRRIGATED,NOT SPECIFIED,ALL CLASSES,"IOWA, NORTHEAST, FAYETTE",COUNTY,30,ANNUAL,FIELD CROPS,5,OPERATIONS,,AREA HARVESTED,065,00,,,UNITED STATES,"CORN, GRAIN, IRRIGATED - OPERATIONS WITH AREA HARVESTED",19,CORN,CENSUS,00000000,,19.1,9000
2007,2012-01-01 00:00:00.000,IA,065,GRAIN,19,YEAR,NORTHEAST,IOWA,TOTAL,CROPS,00,FAYETTE,,IRRIGATED,NOT SPECIFIED,ALL CLASSES,"IOWA, NORTHEAST, FAYETTE",COUNTY,30,ANNUAL,FIELD CROPS,7,OPERATIONS,,AREA HARVESTED,065,00,,,UNITED STATES,"CORN, GRAIN, IRRIGATED - OPERATIONS WITH AREA HARVESTED",19,CORN,CENSUS,00000000,,,9000
2002,2012-01-01 00:00:00.000,IA,065,GRAIN,19,YEAR,NORTHEAST,IOWA,TOTAL,CROPS,00,FAYETTE,,IRRIGATED,NOT SPECIFIED,ALL CLASSES,"IOWA, NORTHEAST, FAYETTE",COUNTY,30,ANNUAL,FIELD CROPS,2,OPERATIONS,,AREA HARVESTED,065,00,,,UNITED STATES,"CORN, GRAIN, IRRIGATED - OPERATIONS WITH AREA HARVESTED",19,CORN,CENSUS,00000000,,,9000
2022,2024-07-02 12:00:00.000,IA,089,GRAIN,19,YEAR,NORTHEAST,IOWA,TOTAL,CROPS,00,HOWARD,,IRRIGATED,NOT SPECIFIED,ALL CLASSES,"IOWA, NORTHEAST, HOWARD",COUNTY,30,ANNUAL,FIELD CROPS,6,OPERATIONS,,AREA HARVESTED,089,00,,,UNITED STATES,"CORN, GRAIN, IRRIGATED - OPERATIONS WITH AREA HARVESTED",19,CORN,CENSUS,00000000,,14.4,9000
2017,2018-02-01 00:00:00.000,IA,089,GRAIN,19,YEAR,NORTHEAST,IOWA,TOTAL,CROPS,00,HOWARD,,IRRIGATED,NOT SPECIFIED,ALL CLASSES,"IOWA, NORTHEAST, HOWARD",COUNTY,30,ANNUAL,FIELD CROPS,2,OPERATIONS,,AREA HARVESTED,089,00,,,UNITED STATES,"CORN, GRAIN, IRRIGATED - OPERATIONS WITH AREA HARVESTED",19,CORN,CENSUS,00000000,,32.9,9000
2012,2012-12-31 00:00:00.000,IA,089,GRAIN,19,YEAR,NORTHEAST,IOWA,TOTAL,CROPS,00,HOWARD,,IRRIGATED,NOT SPECIFIED,ALL CLASSES,"IOWA, NORTHEAST, HOWARD",COUNTY,30,ANNUAL,FIELD CROPS,7,OPERATIONS,,AREA HARVESTED,089,00,,,UNITED STATES,"CORN, GRAIN, IRRIGATED - OPERATIONS WITH AREA HARVESTED",19,CORN,CENSUS,00000000,,19.1,9000
2007,2012-01-01 00:00:00.000,IA,089,GRAIN,19,YEAR,NORTHEAST,IOWA,TOTAL,CROPS,00,HOWARD,,IRRIGATED,NOT SPECIFIED,ALL CLASSES,"IOWA, NORTHEAST, HOWARD",COUNTY,30,ANNUAL,FIELD CROPS,3,OPERATIONS,,AREA HARVESTED,089,00,,,UNITED STATES,"CORN, GRAIN, IRRIGATED - OPERATIONS WITH AREA HARVESTED",19,CORN,CENSUS,00000000,,,9000
2022,2024-07-02 12:00:00.000,IA,191,GRAIN,19,YEAR,NORTHEAST,IOWA,TOTAL,CROPS,00,WINNESHIEK,,IRRIGATED,NOT SPECIFIED,ALL CLASSES,"IOWA, NORTHEAST, WINNESHIEK",COUNTY,30,ANNUAL,FIELD CROPS,1,OPERATIONS,,AREA HARVESTED,191,00,,,UNITED STATES,"CORN, GRAIN, IRRIGATED - OPERATIONS WITH AREA HARVESTED",19,CORN,CENSUS,00000000,,14.4,9000
2012,2012-12-31 00:00:00.000,IA,191,GRAIN,19,YEAR,NORTHEAST,IOWA,TOTAL,CROPS,00,WINNESHIEK,,IRRIGATED,NOT SPECIFIED,ALL CLASSES,"IOWA, NORTHEAST, WINNESHIEK",COUNTY,30,ANNUAL,FIELD CROPS,1,OPERATIONS,,AREA HARVESTED,191,00,,,UNITED STATES,"CORN, GRAIN, IRRIGATED - OPERATIONS WITH AREA HARVESTED",19,CORN,CENSUS,00000000,,19.1,9000
2007,2012-01-01 00:00:00.000,IA,191,GRAIN,19,YEAR,NORTHEAST,IOWA,TOTAL,CROPS,00,WINNESHIEK,,IRRIGATED,NOT SPECIFIED,ALL CLASSES,"IOWA, NORTHEAST, WINNESHIEK",COUNTY,30,ANNUAL,FIELD CROPS,2,OPERATIONS,,AREA HARVESTED,191,00,,,UNITED STATES,"CORN, GRAIN, IRRIGATED - OPERATIONS WITH AREA HARVESTED",19,CORN,CENSUS,00000000,,,9000
2022,2024-07-02 12:00:00.000,IA,009,GRAIN,19,YEAR,WEST CENTRAL,IOWA,TOTAL,CROPS,00,AUDUBON,,IRRIGATED,NOT SPECIFIED,ALL CLASSES,"IOWA, WEST CENTRAL, AUDUBON",COUNTY,40,ANNUAL,FIELD CROPS,1,OPERATIONS,,AREA HARVESTED,009,00,,,UNITED STATES,"CORN, GRAIN, IRRIGATED - OPERATIONS WITH AREA HARVESTED",19,CORN,CENSUS,00000000,,(L),9000
2022,2024-07-02 12:00:00.000,IA,025,GRAIN,19,YEAR,WEST CENTRAL,IOWA,TOTAL,CROPS,00,CALHOUN,,IRRIGATED,NOT SPECIFIED,ALL CLASSES,"IOWA, WEST CENTRAL, CALHOUN",COUNTY,40,ANNUAL,FIELD CROPS,5,OPERATIONS,,AREA HARVESTED,025,00,,,UNITED STATES,"CORN, GRAIN, IRRIGATED - OPERATIONS WITH AREA HARVESTED",19,CORN,CENSUS,00000000,,14.4,9000
2017,2018-02-01 00:00:00.000,IA,025,GRAIN,19,YEAR,WEST CENTRAL,IOWA,TOTAL,CROPS,00,CALHOUN,,IRRIGATED,NOT SPECIFIED,ALL CLASSES,"IOWA, WEST CENTRAL, CALHOUN",COUNTY,40,ANNUAL,FIELD CROPS,2,OPERATIONS,,AREA HARVESTED,025,00,,,UNITED STATES,"CORN, GRAIN, IRRIGATED - OPERATIONS WITH AREA HARVESTED",19,CORN,CENSUS,00000000,,32.9,9000
2012,2012-12-31 00:00:00.000,IA,025,GRAIN,19,YEAR,WEST CENTRAL,IOWA,TOTAL,CROPS,00,CALHOUN,,IRRIGATED,NOT SPECIFIED,ALL CLASSES,"IOWA, WEST CENTRAL, CALHOUN",COUNTY,40,ANNUAL,FIELD CROPS,2,OPERATIONS,,AREA HARVESTED,025,00,,,UNITED STATES,"CORN, GRAIN, IRRIGATED - OPERATIONS WITH AREA HARVESTED",19,CORN,CENSUS,00000000,,19.1,9000
2007,2012-01-01 00:00:00.000,IA,025,GRAIN,19,YEAR,WEST CENTRAL,IOWA,TOTAL,CROPS,00,CALHOUN,,IRRIGATED,NOT SPECIFIED,ALL CLASSES,"IOWA, WEST CENTRAL, CALHOUN",COUNTY,40,ANNUAL,FIELD CROPS,1,OPERATIONS,,AREA HARVESTED,025,00,,,UNITED STATES,"CORN, GRAIN, IRRIGATED - OPERATIONS WITH AREA HARVESTED",19,CORN,CENSUS,00000000,,,9000
2022,2024-07-02 12:00:00.000,IA,027,GRAIN,19,YEAR,WEST CENTRAL,IOWA,TOTAL,CROPS,00,CARROLL,,IRRIGATED,NOT SPECIFIED,ALL CLASSES,"IOWA, WEST CENTRAL, CARROLL",COUNTY,40,ANNUAL,FIELD CROPS,15,OPERATIONS,,AREA HARVESTED,027,00,,,UNITED STATES,"CORN, GRAIN, IRRIGATED - OPERATIONS WITH AREA HARVESTED",19,CORN,CENSUS,00000000,,14.4,9000
2017,2018-02-01 00:00:00.000,IA,027,GRAIN,19,YEAR,WEST CENTRAL,IOWA,TOTAL,CROPS,00,CARROLL,,IRRIGATED,NOT SPECIFIED,ALL CLASSES,"IOWA, WEST CENTRAL, CARROLL",COUNTY,40,ANNUAL,FIELD CROPS,5,OPERATIONS,,AREA HARVESTED,027,00,,,UNITED STATES,"CORN, GRAIN, IRRIGATED - OPERATIONS WITH AREA HARVESTED",19,CORN,CENSUS,00000000,,32.9,9000
2012,2012-12-31 00:00:00.000,IA,027,GRAIN,19,YEAR,WEST CENTRAL,IOWA,TOTAL,CROPS,00,CARROLL,,IRRIGATED,NOT SPECIFIED,ALL CLASSES,"IOWA, WEST CENTRAL, CARROLL",COUNTY,40,ANNUAL,FIELD CROPS,2,OPERATIONS,,AREA HARVESTED,027,00,,,UNITED STATES,"CORN, GRAIN, IRRIGATED - OPERATIONS WITH AREA HARVESTED",19,CORN,CENSUS,00000000,,19.1,9000
2007,2012-01-01 00:00:00.000,IA,027,GRAIN,19,YEAR,WEST CENTRAL,IOWA,TOTAL,CROPS,00,CARROLL,,IRRIGATED,NOT SPECIFIED,ALL CLASSES,"IOWA, WEST CENTRAL, CARROLL",COUNTY,40,ANNUAL,FIELD CROPS,3,OPERATIONS,,AREA HARVESTED,027,00,,,UNITED STATES,"CORN, GRAIN, IRRIGATED - OPERATIONS WITH AREA HARVESTED",19,CORN,CENSUS,00000000,,,9000
2022,2024-07-02 12:00:00.000,IA,047,GRAIN,19,YEAR,WEST CENTRAL,IOWA,TOTAL,CROPS,00,CRAWFORD,,IRRIGATED,NOT SPECIFIED,ALL CLASSES,"IOWA, WEST CENTRAL, CRAWFORD",COUNTY,40,ANNUAL,FIELD CROPS,4,OPERATIONS,,AREA HARVESTED,047,00,,,UNITED STATES,"CORN, GRAIN, IRRIGATED - OPERATIONS WITH AREA HARVESTED",19,CORN,CENSUS,00000000,,14.4,9000
2017,2018-02-01 00:00:00.000,IA,047,GRAIN,19,YEAR,WEST CENTRAL,IOWA,TOTAL,CROPS,00,CRAWFORD,,IRRIGATED,NOT SPECIFIED,ALL CLASSES,"IOWA, WEST CENTRAL, CRAWFORD",COUNTY,40,ANNUAL,FIELD CROPS,3,OPERATIONS,,AREA HARVESTED,047,00,,,UNITED STATES,"CORN, GRAIN, IRRIGATED - OPERATIONS WITH AREA HARVESTED",19,CORN,CENSUS,00000000,,32.9,9000
2012,2012-12-31 00:00:00.000,IA,047,GRAIN,19,YEAR,WEST CENTRAL,IOWA,TOTAL,CROPS,00,CRAWFORD,,IRRIGATED,NOT SPECIFIED,ALL CLASSES,"IOWA, WEST CENTRAL, CRAWFORD",COUNTY,40,ANNUAL,FIELD CROPS,5,OPERATIONS,,AREA HARVESTED,047,00,,,UNITED STATES,"CORN, GRAIN, IRRIGATED - OPERATIONS WITH AREA HARVESTED",19,CORN,CENSUS,00000000,,19.1,9000
2007,2012-01-01 00:00:00.000,IA,047,GRAIN,19,YEAR,WEST CENTRAL,IOWA,TOTAL,CROPS,00,CRAWFORD,,IRRIGATED,NOT SPECIFIED,ALL CLASSES,"IOWA, WEST CENTRAL, CRAWFORD",COUNTY,40,ANNUAL,FIELD CROPS,1,OPERATIONS,,AREA HARVESTED,047,00,,,UNITED STATES,"CORN, GRAIN, IRRIGATED - OPERATIONS WITH AREA HARVESTED",19,CORN,CENSUS,00000000,,,9000
2022,2024-07-02 12:00:00.000,IA,073,GRAIN,19,YEAR,WEST CENTRAL,IOWA,TOTAL,CROPS,00,GREENE,,IRRIGATED,NOT SPECIFIED,ALL CLASSES,"IOWA, WEST CENTRAL, GREENE",COUNTY,40,ANNUAL,FIELD CROPS,4,OPERATIONS,,AREA HARVESTED,073,00,,,UNITED STATES,"CORN, GRAIN, IRRIGATED - OPERATIONS WITH AREA HARVESTED",19,CORN,CENSUS,00000000,,14.4,9000
2012,2012-12-31 00:00:00.000,IA,073,GRAIN,19,YEAR,WEST CENTRAL,IOWA,TOTAL,CROPS,00,GREENE,,IRRIGATED,NOT SPECIFIED,ALL CLASSES,"IOWA, WEST CENTRAL, GREENE",COUNTY,40,ANNUAL,FIELD CROPS,7,OPERATIONS,,AREA HARVESTED,073,00,,,UNITED STATES,"CORN, GRAIN, IRRIGATED - OPERATIONS WITH AREA HARVESTED",19,CORN,CENSUS,00000000,,19.1,9000
2007,2012-01-01 00:00:00.000,IA,073,GRAIN,19,YEAR,WEST CENTRAL,IOWA,TOTAL,CROPS,00,GREENE,,IRRIGATED,NOT SPECIFIED,ALL CLASSES,"IOWA, WEST CENTRAL, GREENE",COUNTY,40,ANNUAL,FIELD CROPS,2,OPERATIONS,,AREA HARVESTED,073,00,,,UNITED STATES,"CORN, GRAIN, IRRIGATED - OPERATIONS WITH AREA HARVESTED",19,CORN,CENSUS,00000000,,,9000
2002,2012-01-01 00:00:00.000,IA,073,GRAIN,19,YEAR,WEST CENTRAL,IOWA,TOTAL,CROPS,00,GREENE,,IRRIGATED,NOT SPECIFIED,ALL CLASSES,"IOWA, WEST CENTRAL, GREENE",COUNTY,40,ANNUAL,FIELD CROPS,2,OPERATIONS,,AREA HARVESTED,073,00,,,UNITED STATES,"CORN, GRAIN, IRRIGATED - OPERATIONS WITH AREA HARVESTED",19,CORN,CENSUS,00000000,,,9000
2022,2024-07-02 12:00:00.000,IA,077,GRAIN,19,YEAR,WEST CENTRAL,IOWA,TOTAL,CROPS,00,GUTHRIE,,IRRIGATED,NOT SPECIFIED,ALL CLASSES,"IOWA, WEST CENTRAL, GUTHRIE",COUNTY,40,ANNUAL,FIELD CROPS,8,OPERATIONS,,AREA HARVESTED,077,00,,,UNITED STATES,"CORN, GRAIN, IRRIGATED - OPERATIONS WITH AREA HARVESTED",19,CORN,CENSUS,00000000,,(L),9000
2017,2018-02-01 00:00:00.000,IA,077,GRAIN,19,YEAR,WEST CENTRAL,IOWA,TOTAL,CROPS,00,GUTHRIE,,IRRIGATED,NOT SPECIFIED,ALL CLASSES,"IOWA, WEST CENTRAL, GUTHRIE",COUNTY,40,ANNUAL,FIELD CROPS,3,OPERATIONS,,AREA HARVESTED,077,00,,,UNITED STATES,"CORN, GRAIN, IRRIGATED - OPERATIONS WITH AREA HARVESTED",19,CORN,CENSUS,00000000,,32.9,9000
2012,2012-12-31 00:00:00.000,IA,077,GRAIN,19,YEAR,WEST CENTRAL,IOWA,TOTAL,CROPS,00,GUTHRIE,,IRRIGATED,NOT SPECIFIED,ALL CLASSES,"IOWA, WEST CENTRAL, GUTHRIE",COUNTY,40,ANNUAL,FIELD CROPS,3,OPERATIONS,,AREA HARVESTED,077,00,,,UNITED STATES,"CORN, GRAIN, IRRIGATED - OPERATIONS WITH AREA HARVESTED",19,CORN,CENSUS,00000000,,19.1,9000
2007,2012-01-01 00:00:00.000,IA,077,GRAIN,19,YEAR,WEST CENTRAL,IOWA,TOTAL,CROPS,00,GUTHRIE,,IRRIGATED,NOT SPECIFIED,ALL CLASSES,"IOWA, WEST CENTRAL, GUTHRIE",COUNTY,40,ANNUAL,FIELD CROPS,8,OPERATIONS,,AREA HARVESTED,077,00,,,UNITED STATES,"CORN, GRAIN, IRRIGATED - OPERATIONS WITH AREA HARVESTED",19,CORN,CENSUS,00000000,,,9000
2002,2012-01-01 00:00:00.000,IA,077,GRAIN,19,YEAR,WEST CENTRAL,IOWA,TOTAL,CROPS,00,GUTHRIE,,IRRIGATED,NOT SPECIFIED,ALL CLASSES,"IOWA, WEST CENTRAL, GUTHRIE",COUNTY,40,ANNUAL,FIELD CROPS,2,OPERATIONS,,AREA HARVESTED,077,00,,,UNITED STATES,"CORN, GRAIN, IRRIGATED - OPERATIONS WITH AREA HARVESTED",19,CORN,CENSUS,00000000,,,9000
2022,2024-07-02 12:00:00.000,IA,085,GRAIN,19,YEAR,WEST CENTRAL,IOWA,TOTAL,CROPS,00,HARRISON,,IRRIGATED,NOT SPECIFIED,ALL CLASSES,"IOWA, WEST CENTRAL, HARRISON",COUNTY,40,ANNUAL,FIELD CROPS,66,OPERATIONS,,AREA HARVESTED,085,00,,,UNITED STATES,"CORN, GRAIN, IRRIGATED - OPERATIONS WITH AREA HARVESTED",19,CORN,CENSUS,00000000,,14.4,9000
2017,2018-02-01 00:00:00.000,IA,085,GRAIN,19,YEAR,WEST CENTRAL,IOWA,TOTAL,CROPS,00,HARRISON,,IRRIGATED,NOT SPECIFIED,ALL CLASSES,"IOWA, WEST CENTRAL, HARRISON",COUNTY,40,ANNUAL,FIELD CROPS,63,OPERATIONS,,AREA HARVESTED,085,00,,,UNITED STATES,"CORN, GRAIN, IRRIGATED - OPERATIONS WITH AREA HARVESTED",19,CORN,CENSUS,00000000,,32.9,9000
2012,2012-12-31 00:00:00.000,IA,085,GRAIN,19,YEAR,WEST CENTRAL,IOWA,TOTAL,CROPS,00,HARRISON,,IRRIGATED,NOT SPECIFIED,ALL CLASSES,"IOWA, WEST CENTRAL, HARRISON",COUNTY,40,ANNUAL,FIELD CROPS,57,OPERATIONS,,AREA HARVESTED,085,00,,,UNITED STATES,"CORN, GRAIN, IRRIGATED - OPERATIONS WITH AREA HARVESTED",19,CORN,CENSUS,00000000,,19.1,9000
2007,2012-01-01 00:00:00.000,IA,085,GRAIN,19,YEAR,WEST CENTRAL,IOWA,TOTAL,CROPS,00,HARRISON,,IRRIGATED,NOT SPECIFIED,ALL CLASSES,"IOWA, WEST CENTRAL, HARRISON",COUNTY,40,ANNUAL,FIELD CROPS,58,OPERATIONS,,AREA HARVESTED,085,00,,,UNITED STATES,"CORN, GRAIN, IRRIGATED - OPERATIONS WITH AREA HARVESTED",19,CORN,CENSUS,00000000,,,9000
2002,2012-01-01 00:00:00.000,IA,085,GRAIN,19,YEAR,WEST CENTRAL,IOWA,TOTAL,CROPS,00,HARRISON,,IRRIGATED,NOT SPECIFIED,ALL CLASSES,"IOWA, WEST CENTRAL, HARRISON",COUNTY,40,ANNUAL,FIELD CROPS,54,OPERATIONS,,AREA HARVESTED,085,00,,,UNITED STATES,"CORN, GRAIN, IRRIGATED - OPERATIONS WITH AREA HARVESTED",19,CORN,CENSUS,00000000,,,9000
2022,2024-07-02 12:00:00.000,IA,093,GRAIN,19,YEAR,WEST CENTRAL,IOWA,TOTAL,CROPS,00,IDA,,IRRIGATED,NOT SPECIFIED,ALL CLASSES,"IOWA, WEST CENTRAL, IDA",COUNTY,40,ANNUAL,FIELD CROPS,1,OPERATIONS,,AREA HARVESTED,093,00,,,UNITED STATES,"CORN, GRAIN, IRRIGATED - OPERATIONS WITH AREA HARVESTED",19,CORN,CENSUS,00000000,,14.4,9000
2012,2012-12-31 00:00:00.000,IA,093,GRAIN,19,YEAR,WEST CENTRAL,IOWA,TOTAL,CROPS,00,IDA,,IRRIGATED,NOT SPECIFIED,ALL CLASSES,"IOWA, WEST CENTRAL, IDA",COUNTY,40,ANNUAL,FIELD CROPS,1,OPERATIONS,,AREA HARVESTED,093,00,,,UNITED STATES,"CORN, GRAIN, IRRIGATED - OPERATIONS WITH AREA HARVESTED",19,CORN,CENSUS,00000000,,19.1,9000
2007,2012-01-01 00:00:00.000,IA,093,GRAIN,19,YEAR,WEST CENTRAL,IOWA,TOTAL,CROPS,00,IDA,,IRRIGATED,NOT SPECIFIED,ALL CLASSES,"IOWA, WEST CENTRAL, IDA",COUNTY,40,ANNUAL,FIELD CROPS,1,OPERATIONS,,AREA HARVESTED,093,00,,,UNITED STATES,"CORN, GRAIN, IRRIGATED - OPERATIONS WITH AREA HARVESTED",19,CORN,CENSUS,00000000,,,9000
2022,2024-07-02 12:00:00.000,IA,133,GRAIN,19,YEAR,WEST CENTRAL,IOWA,TOTAL,CROPS,00,MONONA,,IRRIGATED,NOT SPECIFIED,ALL CLASSES,"IOWA, WEST CENTRAL, MONONA",COUNTY,40,ANNUAL,FIELD CROPS,112,OPERATIONS,,AREA HARVESTED,133,00,,,UNITED STATES,"CORN, GRAIN, IRRIGATED - OPERATIONS WITH AREA HARVESTED",19,CORN,CENSUS,00000000,,14.4,9000
2017,2018-02-01 00:00:00.000,IA,133,GRAIN,19,YEAR,WEST CENTRAL,IOWA,TOTAL,CROPS,00,MONONA,,IRRIGATED,NOT SPECIFIED,ALL CLASSES,"IOWA, WEST CENTRAL, MONONA",COUNTY,40,ANNUAL,FIELD CROPS,84,OPERATIONS,,AREA HARVESTED,133,00,,,UNITED STATES,"CORN, GRAIN, IRRIGATED - OPERATIONS WITH AREA HARVESTED",19,CORN,CENSUS,00000000,,32.9,9000
2012,2012-12-31 00:00:00.000,IA,133,GRAIN,19,YEAR,WEST CENTRAL,IOWA,TOTAL,CROPS,00,MONONA,,IRRIGATED,NOT SPECIFIED,ALL CLASSES,"IOWA, WEST CENTRAL, MONONA",COUNTY,40,ANNUAL,FIELD CROPS,96,OPERATIONS,,AREA HARVESTED,133,00,,,UNITED STATES,"CORN, GRAIN, IRRIGATED - OPERATIONS WITH AREA HARVESTED",19,CORN,CENSUS,00000000,,19.1,9000
2007,2012-01-01 00:00:00.000,IA,133,GRAIN,19,YEAR,WEST CENTRAL,IOWA,TOTAL,CROPS,00,MONONA,,IRRIGATED,NOT SPECIFIED,ALL CLASSES,"IOWA, WEST CENTRAL, MONONA",COUNTY,40,ANNUAL,FIELD CROPS,102,OPERATIONS,,AREA HARVESTED,133,00,,,UNITED STATES,"CORN, GRAIN, IRRIGATED - OPERATIONS WITH AREA HARVESTED",19,CORN,CENSUS,00000000,,,9000
2002,2012-01-01 00:00:00.000,IA,133,GRAIN,19,YEAR,WEST CENTRAL,IOWA,TOTAL,CROPS,00,MONONA,,IRRIGATED,NOT SPECIFIED,ALL CLASSES,"IOWA, WEST CENTRAL, MONONA",COUNTY,40,ANNUAL,FIELD CROPS,92,OPERATIONS,,AREA HARVESTED,133,00,,,UNITED STATES,"CORN, GRAIN, IRRIGATED - OPERATIONS WITH AREA HARVESTED",19,CORN,CENSUS,00000000,,,9000
2022,2024-07-02 12:00:00.000,IA,161,GRAIN,19,YEAR,WEST CENTRAL,IOWA,TOTAL,CROPS,00,SAC,,IRRIGATED,NOT SPECIFIED,ALL CLASSES,"IOWA, WEST CENTRAL, SAC",COUNTY,40,ANNUAL,FIELD CROPS,14,OPERATIONS,,AREA HARVESTED,161,00,,,UNITED STATES,"CORN, GRAIN, IRRIGATED - OPERATIONS WITH AREA HARVESTED",19,CORN,CENSUS,00000000,,14.4,9000
2017,2018-02-01 00:00:00.000,IA,161,GRAIN,19,YEAR,WEST CENTRAL,IOWA,TOTAL,CROPS,00,SAC,,IRRIGATED,NOT SPECIFIED,ALL CLASSES,"IOWA, WEST CENTRAL, SAC",COUNTY,40,ANNUAL,FIELD CROPS,5,OPERATIONS,,AREA HARVESTED,161,00,,,UNITED STATES,"CORN, GRAIN, IRRIGATED - OPERATIONS WITH AREA HARVESTED",19,CORN,CENSUS,00000000,,32.9,9000
2012,2012-12-31 00:00:00.000,IA,161,GRAIN,19,YEAR,WEST CENTRAL,IOWA,TOTAL,CROPS,00,SAC,,IRRIGATED,NOT SPECIFIED,ALL CLASSES,"IOWA, WEST CENTRAL, SAC",COUNTY,40,ANNUAL,FIELD CROPS,3,OPERATIONS,,AREA HARVESTED,161,00,,,UNITED STATES,"CORN, GRAIN, IRRIGATED - OPERATIONS WITH AREA HARVESTED",19,CORN,CENSUS,00000000,,19.1,9000
2007,2012-01-01 00:00:00.000,IA,161,GRAIN,19,YEAR,WEST CENTRAL,IOWA,TOTAL,CROPS,00,SAC,,IRRIGATED,NOT SPECIFIED,ALL CLASSES,"IOWA, WEST CENTRAL, SAC",COUNTY,40,ANNUAL,FIELD CROPS,4,OPERATIONS,,AREA HARVESTED,161,00,,,UNITED STATES,"CORN, GRAIN, IRRIGATED - OPERATIONS WITH AREA HARVESTED",19,CORN,CENSUS,00000000,,,9000
2002,2012-01-01 00:00:00.000,IA,161,GRAIN,19,YEAR,WEST CENTRAL,IOWA,TOTAL,CROPS,00,SAC,,IRRIGATED,NOT SPECIFIED,ALL CLASSES,"IOWA, WEST CENTRAL, SAC",COUNTY,40,ANNUAL,FIELD CROPS,5,OPERATIONS,,AREA HARVESTED,161,00,,,UNITED STATES,"CORN, GRAIN, IRRIGATED - OPERATIONS WITH AREA HARVESTED",19,CORN,CENSUS,00000000,,,9000
2022,2024-07-02 12:00:00.000,IA,165,GRAIN,19,YEAR,WEST CENTRAL,IOWA,TOTAL,CROPS,00,SHELBY,,IRRIGATED,NOT SPECIFIED,ALL CLASSES,"IOWA, WEST CENTRAL, SHELBY",COUNTY,40,ANNUAL,FIELD CROPS,1,OPERATIONS,,AREA HARVESTED,165,00,,,UNITED STATES,"CORN, GRAIN, IRRIGATED - OPERATIONS WITH AREA HARVESTED",19,CORN,CENSUS,00000000,,(L),9000
2017,2018-02-01 00:00:00.000,IA,165,GRAIN,19,YEAR,WEST CENTRAL,IOWA,TOTAL,CROPS,00,SHELBY,,IRRIGATED,NOT SPECIFIED,ALL CLASSES,"IOWA, WEST CENTRAL, SHELBY",COUNTY,40,ANNUAL,FIELD CROPS,1,OPERATIONS,,AREA HARVESTED,165,00,,,UNITED STATES,"CORN, GRAIN, IRRIGATED - OPERATIONS WITH AREA HARVESTED",19,CORN,CENSUS,00000000,,32.9,9000
2012,2012-12-31 00:00:00.000,IA,165,GRAIN,19,YEAR,WEST CENTRAL,IOWA,TOTAL,CROPS,00,SHELBY,,IRRIGATED,NOT SPECIFIED,ALL CLASSES,"IOWA, WEST CENTRAL, SHELBY",COUNTY,40,ANNUAL,FIELD CROPS,2,OPERATIONS,,AREA HARVESTED,165,00,,,UNITED STATES,"CORN, GRAIN, IRRIGATED - OPERATIONS WITH AREA HARVESTED",19,CORN,CENSUS,00000000,,19.1,9000
2022,2024-07-02 12:00:00.000,IA,193,GRAIN,19,YEAR,WEST CENTRAL,IOWA,TOTAL,CROPS,00,WOODBURY,,IRRIGATED,NOT SPECIFIED,ALL CLASSES,"IOWA, WEST CENTRAL, WOODBURY",COUNTY,40,ANNUAL,FIELD CROPS,28,OPERATIONS,,AREA HARVESTED,193,00,,,UNITED STATES,"CORN, GRAIN, IRRIGATED - OPERATIONS WITH AREA HARVESTED",19,CORN,CENSUS,00000000,,14.4,9000
2017,2018-02-01 00:00:00.000,IA,193,GRAIN,19,YEAR,WEST CENTRAL,IOWA,TOTAL,CROPS,00,WOODBURY,,IRRIGATED,NOT SPECIFIED,ALL CLASSES,"IOWA, WEST CENTRAL, WOODBURY",COUNTY,40,ANNUAL,FIELD CROPS,20,OPERATIONS,,AREA HARVESTED,193,00,,,UNITED STATES,"CORN, GRAIN, IRRIGATED - OPERATIONS WITH AREA HARVESTED",19,CORN,CENSUS,00000000,,32.9,9000
2012,2012-12-31 00:00:00.000,IA,193,GRAIN,19,YEAR,WEST CENTRAL,IOWA,TOTAL,CROPS,00,WOODBURY,,IRRIGATED,NOT SPECIFIED,ALL CLASSES,"IOWA, WEST CENTRAL, WOODBURY",COUNTY,40,ANNUAL,FIELD CROPS,15,OPERATIONS,,AREA HARVESTED,193,00,,,UNITED STATES,"CORN, GRAIN, IRRIGATED - OPERATIONS WITH AREA HARVESTED",19,CORN,CENSUS,00000000,,19.1,9000
2007,2012-01-01 00:00:00.000,IA,193,GRAIN,19,YEAR,WEST CENTRAL,IOWA,TOTAL,CROPS,00,WOODBURY,,IRRIGATED,NOT SPECIFIED,ALL CLASSES,"IOWA, WEST CENTRAL, WOODBURY",COUNTY,40,ANNUAL,FIELD CROPS,34,OPERATIONS,,AREA HARVESTED,193,00,,,UNITED STATES,"CORN, GRAIN, IRRIGATED - OPERATIONS WITH AREA HARVESTED",19,CORN,CENSUS,00000000,,,9000
2002,2012-01-01 00:00:00.000,IA,193,GRAIN,19,YEAR,WEST CENTRAL,IOWA,TOTAL,CROPS,00,WOODBURY,,IRRIGATED,NOT SPECIFIED,ALL CLASSES,"IOWA, WEST CENTRAL, WOODBURY",COUNTY,40,ANNUAL,FIELD CROPS,24,OPERATIONS,,AREA HARVESTED,193,00,,,UNITED STATES,"CORN, GRAIN, IRRIGATED - OPERATIONS WITH AREA HARVESTED",19,CORN,CENSUS,00000000,,,9000
2022,2024-07-02 12:00:00.000,IA,015,GRAIN,19,YEAR,CENTRAL,IOWA,TOTAL,CROPS,00,BOONE,,IRRIGATED,NOT SPECIFIED,ALL CLASSES,"IOWA, CENTRAL, BOONE",COUNTY,50,ANNUAL,FIELD CROPS,6,OPERATIONS,,AREA HARVESTED,015,00,,,UNITED STATES,"CORN, GRAIN, IRRIGATED - OPERATIONS WITH AREA HARVESTED",19,CORN,CENSUS,00000000,,14.4,9000
2017,2018-02-01 00:00:00.000,IA,015,GRAIN,19,YEAR,CENTRAL,IOWA,TOTAL,CROPS,00,BOONE,,IRRIGATED,NOT SPECIFIED,ALL CLASSES,"IOWA, CENTRAL, BOONE",COUNTY,50,ANNUAL,FIELD CROPS,1,OPERATIONS,,AREA HARVESTED,015,00,,,UNITED STATES,"CORN, GRAIN, IRRIGATED - OPERATIONS WITH AREA HARVESTED",19,CORN,CENSUS,00000000,,32.9,9000
2012,2012-12-31 00:00:00.000,IA,015,GRAIN,19,YEAR,CENTRAL,IOWA,TOTAL,CROPS,00,BOONE,,IRRIGATED,NOT SPECIFIED,ALL CLASSES,"IOWA, CENTRAL, BOONE",COUNTY,50,ANNUAL,FIELD CROPS,3,OPERATIONS,,AREA HARVESTED,015,00,,,UNITED STATES,"CORN, GRAIN, IRRIGATED - OPERATIONS WITH AREA HARVESTED",19,CORN,CENSUS,00000000,,19.1,9000
2007,2012-01-01 00:00:00.000,IA,015,GRAIN,19,YEAR,CENTRAL,IOWA,TOTAL,CROPS,00,BOONE,,IRRIGATED,NOT SPECIFIED,ALL CLASSES,"IOWA, CENTRAL, BOONE",COUNTY,50,ANNUAL,FIELD CROPS,3,OPERATIONS,,AREA HARVESTED,015,00,,,UNITED STATES,"CORN, GRAIN, IRRIGATED - OPERATIONS WITH AREA HARVESTED",19,CORN,CENSUS,00000000,,,9000
2022,2024-07-02 12:00:00.000,IA,049,GRAIN,19,YEAR,CENTRAL,IOWA,TOTAL,CROPS,00,DALLAS,,IRRIGATED,NOT SPECIFIED,ALL CLASSES,"IOWA, CENTRAL, DALLAS",COUNTY,50,ANNUAL,FIELD CROPS,1,OPERATIONS,,AREA HARVESTED,049,00,,,UNITED STATES,"CORN, GRAIN, IRRIGATED - OPERATIONS WITH AREA HARVESTED",19,CORN,CENSUS,00000000,,(L),9000
2017,2018-02-01 00:00:00.000,IA,049,GRAIN,19,YEAR,CENTRAL,IOWA,TOTAL,CROPS,00,DALLAS,,IRRIGATED,NOT SPECIFIED,ALL CLASSES,"IOWA, CENTRAL, DALLAS",COUNTY,50,ANNUAL,FIELD CROPS,6,OPERATIONS,,AREA HARVESTED,049,00,,,UNITED STATES,"CORN, GRAIN, IRRIGATED - OPERATIONS WITH AREA HARVESTED",19,CORN,CENSUS,00000000,,32.9,9000
2012,2012-12-31 00:00:00.000,IA,049,GRAIN,19,YEAR,CENTRAL,IOWA,TOTAL,CROPS,00,DALLAS,,IRRIGATED,NOT SPECIFIED,ALL CLASSES,"IOWA, CENTRAL, DALLAS",COUNTY,50,ANNUAL,FIELD CROPS,2,OPERATIONS,,AREA HARVESTED,049,00,,,UNITED STATES,"CORN, GRAIN, IRRIGATED - OPERATIONS WITH AREA HARVESTED",19,CORN,CENSUS,00000000,,19.1,9000
2007,2012-01-01 00:00:00.000,IA,049,GRAIN,19,YEAR,CENTRAL,IOWA,TOTAL,CROPS,00,DALLAS,,IRRIGATED,NOT SPECIFIED,ALL CLASSES,"IOWA, CENTRAL, DALLAS",COUNTY,50,ANNUAL,FIELD CROPS,3,OPERATIONS,,AREA HARVESTED,049,00,,,UNITED STATES,"CORN, GRAIN, IRRIGATED - OPERATIONS WITH AREA HARVESTED",19,CORN,CENSUS,00000000,,,9000
2002,2012-01-01 00:00:00.000,IA,049,GRAIN,19,YEAR,CENTRAL,IOWA,TOTAL,CROPS,00,DALLAS,,IRRIGATED,NOT SPECIFIED,ALL CLASSES,"IOWA, CENTRAL, DALLAS",COUNTY,50,ANNUAL,FIELD CROPS,4,OPERATIONS,,AREA HARVESTED,049,00,,,UNITED STATES,"CORN, GRAIN, IRRIGATED - OPERATIONS WITH AREA HARVESTED",19,CORN,CENSUS,00000000,,,9000
2022,2024-07-02 12:00:00.000,IA,075,GRAIN,19,YEAR,CENTRAL,IOWA,TOTAL,CROPS,00,GRUNDY,,IRRIGATED,NOT SPECIFIED,ALL CLASSES,"IOWA, CENTRAL, GRUNDY",COUNTY,50,ANNUAL,FIELD CROPS,1,OPERATIONS,,AREA HARVESTED,075,00,,,UNITED STATES,"CORN, GRAIN, IRRIGATED - OPERATIONS WITH AREA HARVESTED",19,CORN,CENSUS,00000000,,14.4,9000
2017,2018-02-01 00:00:00.000,IA,075,GRAIN,19,YEAR,CENTRAL,IOWA,TOTAL,CROPS,00,GRUNDY,,IRRIGATED,NOT SPECIFIED,ALL CLASSES,"IOWA, CENTRAL, GRUNDY",COUNTY,50,ANNUAL,FIELD CROPS,2,OPERATIONS,,AREA HARVESTED,075,00,,,UNITED STATES,"CORN, GRAIN, IRRIGATED - OPERATIONS WITH AREA HARVESTED",19,CORN,CENSUS,00000000,,32.9,9000
2012,2012-12-31 00:00:00.000,IA,079,GRAIN,19,YEAR,CENTRAL,IOWA,TOTAL,CROPS,00,HAMILTON,,IRRIGATED,NOT SPECIFIED,ALL CLASSES,"IOWA, CENTRAL, HAMILTON",COUNTY,50,ANNUAL,FIELD CROPS,1,OPERATIONS,,AREA HARVESTED,079,00,,,UNITED STATES,"CORN, GRAIN, IRRIGATED - OPERATIONS WITH AREA HARVESTED",19,CORN,CENSUS,00000000,,19.1,9000
2007,2012-01-01 00:00:00.000,IA,079,GRAIN,19,YEAR,CENTRAL,IOWA,TOTAL,CROPS,00,HAMILTON,,IRRIGATED,NOT SPECIFIED,ALL CLASSES,"IOWA, CENTRAL, HAMILTON",COUNTY,50,ANNUAL,FIELD CROPS,1,OPERATIONS,,AREA HARVESTED,079,00,,,UNITED STATES,"CORN, GRAIN, IRRIGATED - OPERATIONS WITH AREA HARVESTED",19,CORN,CENSUS,00000000,,,9000
2022,2024-07-02 12:00:00.000,IA,099,GRAIN,19,YEAR,CENTRAL,IOWA,TOTAL,CROPS,00,JASPER,,IRRIGATED,NOT SPECIFIED,ALL CLASSES,"IOWA, CENTRAL, JASPER",COUNTY,50,ANNUAL,FIELD CROPS,5,OPERATIONS,,AREA HARVESTED,099,00,,,UNITED STATES,"CORN, GRAIN, IRRIGATED - OPERATIONS WITH AREA HARVESTED",19,CORN,CENSUS,00000000,,14.4,9000
2017,2018-02-01 00:00:00.000,IA,099,GRAIN,19,YEAR,CENTRAL,IOWA,TOTAL,CROPS,00,JASPER,,IRRIGATED,NOT SPECIFIED,ALL CLASSES,"IOWA, CENTRAL, JASPER",COUNTY,50,ANNUAL,FIELD CROPS,6,OPERATIONS,,AREA HARVESTED,099,00,,,UNITED STATES,"CORN, GRAIN, IRRIGATED - OPERATIONS WITH AREA HARVESTED",19,CORN,CENSUS,00000000,,32.9,9000
2012,2012-12-31 00:00:00.000,IA,099,GRAIN,19,YEAR,CENTRAL,IOWA,TOTAL,CROPS,00,JASPER,,IRRIGATED,NOT SPECIFIED,ALL CLASSES,"IOWA, CENTRAL, JASPER",COUNTY,50,ANNUAL,FIELD CROPS,5,OPERATIONS,,AREA HARVESTED,099,00,,,UNITED STATES,"CORN, GRAIN, IRRIGATED - OPERATIONS WITH AREA HARVESTED",19,CORN,CENSUS,00000000,,19.1,9000
2007,2012-01-01 00:00:00.000,IA,099,GRAIN,19,YEAR,CENTRAL,IOWA,TOTAL,CROPS,00,JASPER,,IRRIGATED,NOT SPECIFIED,ALL CLASSES,"IOWA, CENTRAL, JASPER",COUNTY,50,ANNUAL,FIELD CROPS,3,OPERATIONS,,AREA HARVESTED,099,00,,,UNITED STATES,"CORN, GRAIN, IRRIGATED - OPERATIONS WITH AREA HARVESTED",19,CORN,CENSUS,00000000,,,9000
2002,2012-01-01 00:00:00.000,IA,099,GRAIN,19,YEAR,CENTRAL,IOWA,TOTAL,CROPS,00,JASPER,,IRRIGATED,NOT SPECIFIED,ALL CLASSES,"IOWA, CENTRAL, JASPER",COUNTY,50,ANNUAL,FIELD CROPS,5,OPERATIONS,,AREA HARVESTED,099,00,,,UNITED STATES,"CORN, GRAIN, IRRIGATED - OPERATIONS WITH AREA HARVESTED",19,CORN,CENSUS,00000000,,,9000
2012,2012-12-31 00:00:00.000,IA,127,GRAIN,19,YEAR,CENTRAL,IOWA,TOTAL,CROPS,00,MARSHALL,,IRRIGATED,NOT SPECIFIED,ALL CLASSES,"IOWA, CENTRAL, MARSHALL",COUNTY,50,ANNUAL,FIELD CROPS,1,OPERATIONS,,AREA HARVESTED,127,00,,,UNITED STATES,"CORN, GRAIN, IRRIGATED - OPERATIONS WITH AREA HARVESTED",19,CORN,CENSUS,00000000,,19.1,9000
2007,2012-01-01 00:00:00.000,IA,127,GRAIN,19,YEAR,CENTRAL,IOWA,TOTAL,CROPS,00,MARSHALL,,IRRIGATED,NOT SPECIFIED,ALL CLASSES,"IOWA, CENTRAL, MARSHALL",COUNTY,50,ANNUAL,FIELD CROPS,6,OPERATIONS,,AREA HARVESTED,127,00,,,UNITED STATES,"CORN, GRAIN, IRRIGATED - OPERATIONS WITH AREA HARVESTED",19,CORN,CENSUS,00000000,,,9000
2002,2012-01-01 00:00:00.000,IA,127,GRAIN,19,YEAR,CENTRAL,IOWA,TOTAL,CROPS,00,MARSHALL,,IRRIGATED,NOT SPECIFIED,ALL CLASSES,"IOWA, CENTRAL, MARSHALL",COUNTY,50,ANNUAL,FIELD CROPS,1,OPERATIONS,,AREA HARVESTED,127,00,,,UNITED STATES,"CORN, GRAIN, IRRIGATED - OPERATIONS WITH AREA HARVESTED",19,CORN,CENSUS,00000000,,,9000
2012,2012-12-31 00:00:00.000,IA,153,GRAIN,19,YEAR,CENTRAL,IOWA,TOTAL,CROPS,00,POLK,,IRRIGATED,NOT SPECIFIED,ALL CLASSES,"IOWA, CENTRAL, POLK",COUNTY,50,ANNUAL,FIELD CROPS,2,OPERATIONS,,AREA HARVESTED,153,00,,,UNITED STATES,"CORN, GRAIN, IRRIGATED - OPERATIONS WITH AREA HARVESTED",19,CORN,CENSUS,00000000,,19.1,9000
2007,2012-01-01 00:00:00.000,IA,153,GRAIN,19,YEAR,CENTRAL,IOWA,TOTAL,CROPS,00,POLK,,IRRIGATED,NOT SPECIFIED,ALL CLASSES,"IOWA, CENTRAL, POLK",COUNTY,50,ANNUAL,FIELD CROPS,1,OPERATIONS,,AREA HARVESTED,153,00,,,UNITED STATES,"CORN, GRAIN, IRRIGATED - OPERATIONS WITH AREA HARVESTED",19,CORN,CENSUS,00000000,,,9000
2022,2024-07-02 12:00:00.000,IA,169,GRAIN,19,YEAR,CENTRAL,IOWA,TOTAL,CROPS,00,STORY,,IRRIGATED,NOT SPECIFIED,ALL CLASSES,"IOWA, CENTRAL, STORY",COUNTY,50,ANNUAL,FIELD CROPS,2,OPERATIONS,,AREA HARVESTED,169,00,,,UNITED STATES,"CORN, GRAIN, IRRIGATED - OPERATIONS WITH AREA HARVESTED",19,CORN,CENSUS,00000000,,14.4,9000
2017,2018-02-01 00:00:00.000,IA,169,GRAIN,19,YEAR,CENTRAL,IOWA,TOTAL,CROPS,00,STORY,,IRRIGATED,NOT SPECIFIED,ALL CLASSES,"IOWA, CENTRAL, STORY",COUNTY,50,ANNUAL,FIELD CROPS,4,OPERATIONS,,AREA HARVESTED,169,00,,,UNITED STATES,"CORN, GRAIN, IRRIGATED - OPERATIONS WITH AREA HARVESTED",19,CORN,CENSUS,00000000,,32.9,9000
2012,2012-12-31 00:00:00.000,IA,169,GRAIN,19,YEAR,CENTRAL,IOWA,TOTAL,CROPS,00,STORY,,IRRIGATED,NOT SPECIFIED,ALL CLASSES,"IOWA, CENTRAL, STORY",COUNTY,50,ANNUAL,FIELD CROPS,4,OPERATIONS,,AREA HARVESTED,169,00,,,UNITED STATES,"CORN, GRAIN, IRRIGATED - OPERATIONS WITH AREA HARVESTED",19,CORN,CENSUS,00000000,,19.1,9000
2007,2012-01-01 00:00:00.000,IA,169,GRAIN,19,YEAR,CENTRAL,IOWA,TOTAL,CROPS,00,STORY,,IRRIGATED,NOT SPECIFIED,ALL CLASSES,"IOWA, CENTRAL, STORY",COUNTY,50,ANNUAL,FIELD CROPS,2,OPERATIONS,,AREA HARVESTED,169,00,,,UNITED STATES,"CORN, GRAIN, IRRIGATED - OPERATIONS WITH AREA HARVESTED",19,CORN,CENSUS,00000000,,,9000
2002,2012-01-01 00:00:00.000,IA,169,GRAIN,19,YEAR,CENTRAL,IOWA,TOTAL,CROPS,00,STORY,,IRRIGATED,NOT SPECIFIED,ALL CLASSES,"IOWA, CENTRAL, STORY",COUNTY,50,ANNUAL,FIELD CROPS,8,OPERATIONS,,AREA HARVESTED,169,00,,,UNITED STATES,"CORN, GRAIN, IRRIGATED - OPERATIONS WITH AREA HARVESTED",19,CORN,CENSUS,00000000,,,9000
2017,2018-02-01 00:00:00.000,IA,171,GRAIN,19,YEAR,CENTRAL,IOWA,TOTAL,CROPS,00,TAMA,,IRRIGATED,NOT SPECIFIED,ALL CLASSES,"IOWA, CENTRAL, TAMA",COUNTY,50,ANNUAL,FIELD CROPS,1,OPERATIONS,,AREA HARVESTED,171,00,,,UNITED STATES,"CORN, GRAIN, IRRIGATED - OPERATIONS WITH AREA HARVESTED",19,CORN,CENSUS,00000000,,32.9,9000
2012,2012-12-31 00:00:00.000,IA,187,GRAIN,19,YEAR,CENTRAL,IOWA,TOTAL,CROPS,00,WEBSTER,,IRRIGATED,NOT SPECIFIED,ALL CLASSES,"IOWA, CENTRAL, WEBSTER",COUNTY,50,ANNUAL,FIELD CROPS,2,OPERATIONS,,AREA HARVESTED,187,00,,,UNITED STATES,"CORN, GRAIN, IRRIGATED - OPERATIONS WITH AREA HARVESTED",19,CORN,CENSUS,00000000,,19.1,9000
2022,2024-07-02 12:00:00.000,IA,011,GRAIN,19,YEAR,EAST CENTRAL,IOWA,TOTAL,CROPS,00,BENTON,,IRRIGATED,NOT SPECIFIED,ALL CLASSES,"IOWA, EAST CENTRAL, BENTON",COUNTY,60,ANNUAL,FIELD CROPS,1,OPERATIONS,,AREA HARVESTED,011,00,,,UNITED STATES,"CORN, GRAIN, IRRIGATED - OPERATIONS WITH AREA HARVESTED",19,CORN,CENSUS,00000000,,14.4,9000
2017,2018-02-01 00:00:00.000,IA,011,GRAIN,19,YEAR,EAST CENTRAL,IOWA,TOTAL,CROPS,00,BENTON,,IRRIGATED,NOT SPECIFIED,ALL CLASSES,"IOWA, EAST CENTRAL, BENTON",COUNTY,60,ANNUAL,FIELD CROPS,1,OPERATIONS,,AREA HARVESTED,011,00,,,UNITED STATES,"CORN, GRAIN, IRRIGATED - OPERATIONS WITH AREA HARVESTED",19,CORN,CENSUS,00000000,,32.9,9000
2007,2012-01-01 00:00:00.000,IA,011,GRAIN,19,YEAR,EAST CENTRAL,IOWA,TOTAL,CROPS,00,BENTON,,IRRIGATED,NOT SPECIFIED,ALL CLASSES,"IOWA, EAST CENTRAL, BENTON",COUNTY,60,ANNUAL,FIELD CROPS,2,OPERATIONS,,AREA HARVESTED,011,00,,,UNITED STATES,"CORN, GRAIN, IRRIGATED - OPERATIONS WITH AREA HARVESTED",19,CORN,CENSUS,00000000,,,9000
2022,2024-07-02 12:00:00.000,IA,031,GRAIN,19,YEAR,EAST CENTRAL,IOWA,TOTAL,CROPS,00,CEDAR,,IRRIGATED,NOT SPECIFIED,ALL CLASSES,"IOWA, EAST CENTRAL, CEDAR",COUNTY,60,ANNUAL,FIELD CROPS,2,OPERATIONS,,AREA HARVESTED,031,00,,,UNITED STATES,"CORN, GRAIN, IRRIGATED - OPERATIONS WITH AREA HARVESTED",19,CORN,CENSUS,00000000,,(L),9000
2017,2018-02-01 00:00:00.000,IA,031,GRAIN,19,YEAR,EAST CENTRAL,IOWA,TOTAL,CROPS,00,CEDAR,,IRRIGATED,NOT SPECIFIED,ALL CLASSES,"IOWA, EAST CENTRAL, CEDAR",COUNTY,60,ANNUAL,FIELD CROPS,2,OPERATIONS,,AREA HARVESTED,031,00,,,UNITED STATES,"CORN, GRAIN, IRRIGATED - OPERATIONS WITH AREA HARVESTED",19,CORN,CENSUS,00000000,,32.9,9000
2012,2012-12-31 00:00:00.000,IA,031,GRAIN,19,YEAR,EAST CENTRAL,IOWA,TOTAL,CROPS,00,CEDAR,,IRRIGATED,NOT SPECIFIED,ALL CLASSES,"IOWA, EAST CENTRAL, CEDAR",COUNTY,60,ANNUAL,FIELD CROPS,3,OPERATIONS,,AREA HARVESTED,031,00,,,UNITED STATES,"CORN, GRAIN, IRRIGATED - OPERATIONS WITH AREA HARVESTED",19,CORN,CENSUS,00000000,,19.1,9000
2007,2012-01-01 00:00:00.000,IA,031,GRAIN,19,YEAR,EAST CENTRAL,IOWA,TOTAL,CROPS,00,CEDAR,,IRRIGATED,NOT SPECIFIED,ALL CLASSES,"IOWA, EAST CENTRAL, CEDAR",COUNTY,60,ANNUAL,FIELD CROPS,2,OPERATIONS,,AREA HARVESTED,031,00,,,UNITED STATES,"CORN, GRAIN, IRRIGATED - OPERATIONS WITH AREA HARVESTED",19,CORN,CENSUS,00000000,,,9000
2022,2024-07-02 12:00:00.000,IA,045,GRAIN,19,YEAR,EAST CENTRAL,IOWA,TOTAL,CROPS,00,CLINTON,,IRRIGATED,NOT SPECIFIED,ALL CLASSES,"IOWA, EAST CENTRAL, CLINTON",COUNTY,60,ANNUAL,FIELD CROPS,5,OPERATIONS,,AREA HARVESTED,045,00,,,UNITED STATES,"CORN, GRAIN, IRRIGATED - OPERATIONS WITH AREA HARVESTED",19,CORN,CENSUS,00000000,,14.4,9000
2017,2018-02-01 00:00:00.000,IA,045,GRAIN,19,YEAR,EAST CENTRAL,IOWA,TOTAL,CROPS,00,CLINTON,,IRRIGATED,NOT SPECIFIED,ALL CLASSES,"IOWA, EAST CENTRAL, CLINTON",COUNTY,60,ANNUAL,FIELD CROPS,5,OPERATIONS,,AREA HARVESTED,045,00,,,UNITED STATES,"CORN, GRAIN, IRRIGATED - OPERATIONS WITH AREA HARVESTED",19,CORN,CENSUS,00000000,,32.9,9000
2022,2024-07-02 12:00:00.000,IA,095,GRAIN,19,YEAR,EAST CENTRAL,IOWA,TOTAL,CROPS,00,IOWA,,IRRIGATED,NOT SPECIFIED,ALL CLASSES,"IOWA, EAST CENTRAL, IOWA",COUNTY,60,ANNUAL,FIELD CROPS,1,OPERATIONS,,AREA HARVESTED,095,00,,,UNITED STATES,"CORN, GRAIN, IRRIGATED - OPERATIONS WITH AREA HARVESTED",19,CORN,CENSUS,00000000,,(L),9000
2017,2018-02-01 00:00:00.000,IA,095,GRAIN,19,YEAR,EAST CENTRAL,IOWA,TOTAL,CROPS,00,IOWA,,IRRIGATED,NOT SPECIFIED,ALL CLASSES,"IOWA, EAST CENTRAL, IOWA",COUNTY,60,ANNUAL,FIELD CROPS,1,OPERATIONS,,AREA HARVESTED,095,00,,,UNITED STATES,"CORN, GRAIN, IRRIGATED - OPERATIONS WITH AREA HARVESTED",19,CORN,CENSUS,00000000,,32.9,9000
2012,2012-12-31 00:00:00.000,IA,095,GRAIN,19,YEAR,EAST CENTRAL,IOWA,TOTAL,CROPS,00,IOWA,,IRRIGATED,NOT SPECIFIED,ALL CLASSES,"IOWA, EAST CENTRAL, IOWA",COUNTY,60,ANNUAL,FIELD CROPS,1,OPERATIONS,,AREA HARVESTED,095,00,,,UNITED STATES,"CORN, GRAIN, IRRIGATED - OPERATIONS WITH AREA HARVESTED",19,CORN,CENSUS,00000000,,19.1,9000
2007,2012-01-01 00:00:00.000,IA,095,GRAIN,19,YEAR,EAST CENTRAL,IOWA,TOTAL,CROPS,00,IOWA,,IRRIGATED,NOT SPECIFIED,ALL CLASSES,"IOWA, EAST CENTRAL, IOWA",COUNTY,60,ANNUAL,FIELD CROPS,2,OPERATIONS,,AREA HARVESTED,095,00,,,UNITED STATES,"CORN, GRAIN, IRRIGATED - OPERATIONS WITH AREA HARVESTED",19,CORN,CENSUS,00000000,,,9000
2002,2012-01-01 00:00:00.000,IA,095,GRAIN,19,YEAR,EAST CENTRAL,IOWA,TOTAL,CROPS,00,IOWA,,IRRIGATED,NOT SPECIFIED,ALL CLASSES,"IOWA, EAST CENTRAL, IOWA",COUNTY,60,ANNUAL,FIELD CROPS,2,OPERATIONS,,AREA HARVESTED,095,00,,,UNITED STATES,"CORN, GRAIN, IRRIGATED - OPERATIONS WITH AREA HARVESTED",19,CORN,CENSUS,00000000,,,9000
2022,2024-07-02 12:00:00.000,IA,097,GRAIN,19,YEAR,EAST CENTRAL,IOWA,TOTAL,CROPS,00,JACKSON,,IRRIGATED,NOT SPECIFIED,ALL CLASSES,"IOWA, EAST CENTRAL, JACKSON",COUNTY,60,ANNUAL,FIELD CROPS,2,OPERATIONS,,AREA HARVESTED,097,00,,,UNITED STATES,"CORN, GRAIN, IRRIGATED - OPERATIONS WITH AREA HARVESTED",19,CORN,CENSUS,00000000,,14.4,9000
2017,2018-02-01 00:00:00.000,IA,097,GRAIN,19,YEAR,EAST CENTRAL,IOWA,TOTAL,CROPS,00,JACKSON,,IRRIGATED,NOT SPECIFIED,ALL CLASSES,"IOWA, EAST CENTRAL, JACKSON",COUNTY,60,ANNUAL,FIELD CROPS,1,OPERATIONS,,AREA HARVESTED,097,00,,,UNITED STATES,"CORN, GRAIN, IRRIGATED - OPERATIONS WITH AREA HARVESTED",19,CORN,CENSUS,00000000,,32.9,9000
2012,2012-12-31 00:00:00.000,IA,097,GRAIN,19,YEAR,EAST CENTRAL,IOWA,TOTAL,CROPS,00,JACKSON,,IRRIGATED,NOT SPECIFIED,ALL CLASSES,"IOWA, EAST CENTRAL, JACKSON",COUNTY,60,ANNUAL,FIELD CROPS,3,OPERATIONS,,AREA HARVESTED,097,00,,,UNITED STATES,"CORN, GRAIN, IRRIGATED - OPERATIONS WITH AREA HARVESTED",19,CORN,CENSUS,00000000,,19.1,9000
2022,2024-07-02 12:00:00.000,IA,103,GRAIN,19,YEAR,EAST CENTRAL,IOWA,TOTAL,CROPS,00,JOHNSON,,IRRIGATED,NOT SPECIFIED,ALL CLASSES,"IOWA, EAST CENTRAL, JOHNSON",COUNTY,60,ANNUAL,FIELD CROPS,3,OPERATIONS,,AREA HARVESTED,103,00,,,UNITED STATES,"CORN, GRAIN, IRRIGATED - OPERATIONS WITH AREA HARVESTED",19,CORN,CENSUS,00000000,,14.4,9000
2017,2018-02-01 00:00:00.000,IA,103,GRAIN,19,YEAR,EAST CENTRAL,IOWA,TOTAL,CROPS,00,JOHNSON,,IRRIGATED,NOT SPECIFIED,ALL CLASSES,"IOWA, EAST CENTRAL, JOHNSON",COUNTY,60,ANNUAL,FIELD CROPS,4,OPERATIONS,,AREA HARVESTED,103,00,,,UNITED STATES,"CORN, GRAIN, IRRIGATED - OPERATIONS WITH AREA HARVESTED",19,CORN,CENSUS,00000000,,32.9,9000
2007,2012-01-01 00:00:00.000,IA,103,GRAIN,19,YEAR,EAST CENTRAL,IOWA,TOTAL,CROPS,00,JOHNSON,,IRRIGATED,NOT SPECIFIED,ALL CLASSES,"IOWA, EAST CENTRAL, JOHNSON",COUNTY,60,ANNUAL,FIELD CROPS,8,OPERATIONS,,AREA HARVESTED,103,00,,,UNITED STATES,"CORN, GRAIN, IRRIGATED - OPERATIONS WITH AREA HARVESTED",19,CORN,CENSUS,00000000,,,9000
2012,2012-12-31 00:00:00.000,IA,105,GRAIN,19,YEAR,EAST CENTRAL,IOWA,TOTAL,CROPS,00,JONES,,IRRIGATED,NOT SPECIFIED,ALL CLASSES,"IOWA, EAST CENTRAL, JONES",COUNTY,60,ANNUAL,FIELD CROPS,1,OPERATIONS,,AREA HARVESTED,105,00,,,UNITED STATES,"CORN, GRAIN, IRRIGATED - OPERATIONS WITH AREA HARVESTED",19,CORN,CENSUS,00000000,,19.1,9000
2007,2012-01-01 00:00:00.000,IA,105,GRAIN,19,YEAR,EAST CENTRAL,IOWA,TOTAL,CROPS,00,JONES,,IRRIGATED,NOT SPECIFIED,ALL CLASSES,"IOWA, EAST CENTRAL, JONES",COUNTY,60,ANNUAL,FIELD CROPS,2,OPERATIONS,,AREA HARVESTED,105,00,,,UNITED STATES,"CORN, GRAIN, IRRIGATED - OPERATIONS WITH AREA HARVESTED",19,CORN,CENSUS,00000000,,,9000
2022,2024-07-02 12:00:00.000,IA,113,GRAIN,19,YEAR,EAST CENTRAL,IOWA,TOTAL,CROPS,00,LINN,,IRRIGATED,NOT SPECIFIED,ALL CLASSES,"IOWA, EAST CENTRAL, LINN",COUNTY,60,ANNUAL,FIELD CROPS,3,OPERATIONS,,AREA HARVESTED,113,00,,,UNITED STATES,"CORN, GRAIN, IRRIGATED - OPERATIONS WITH AREA HARVESTED",19,CORN,CENSUS,00000000,,14.4,9000
2017,2018-02-01 00:00:00.000,IA,113,GRAIN,19,YEAR,EAST CENTRAL,IOWA,TOTAL,CROPS,00,LINN,,IRRIGATED,NOT SPECIFIED,ALL CLASSES,"IOWA, EAST CENTRAL, LINN",COUNTY,60,ANNUAL,FIELD CROPS,2,OPERATIONS,,AREA HARVESTED,113,00,,,UNITED STATES,"CORN, GRAIN, IRRIGATED - OPERATIONS WITH AREA HARVESTED",19,CORN,CENSUS,00000000,,32.9,9000
2012,2012-12-31 00:00:00.000,IA,113,GRAIN,19,YEAR,EAST CENTRAL,IOWA,TOTAL,CROPS,00,LINN,,IRRIGATED,NOT SPECIFIED,ALL CLASSES,"IOWA, EAST CENTRAL, LINN",COUNTY,60,ANNUAL,FIELD CROPS,2,OPERATIONS,,AREA HARVESTED,113,00,,,UNITED STATES,"CORN, GRAIN, IRRIGATED - OPERATIONS WITH AREA HARVESTED",19,CORN,CENSUS,00000000,,19.1,9000
2007,2012-01-01 00:00:00.000,IA,113,GRAIN,19,YEAR,EAST CENTRAL,IOWA,TOTAL,CROPS,00,LINN,,IRRIGATED,NOT SPECIFIED,ALL CLASSES,"IOWA, EAST CENTRAL, LINN",COUNTY,60,ANNUAL,FIELD CROPS,1,OPERATIONS,,AREA HARVESTED,113,00,,,UNITED STATES,"CORN, GRAIN, IRRIGATED - OPERATIONS WITH AREA HARVESTED",19,CORN,CENSUS,00000000,,,9000
2022,2024-07-02 12:00:00.000,IA,139,GRAIN,19,YEAR,EAST CENTRAL,IOWA,TOTAL,CROPS,00,MUSCATINE,,IRRIGATED,NOT SPECIFIED,ALL CLASSES,"IOWA, EAST CENTRAL, MUSCATINE",COUNTY,60,ANNUAL,FIELD CROPS,41,OPERATIONS,,AREA HARVESTED,139,00,,,UNITED STATES,"CORN, GRAIN, IRRIGATED - OPERATIONS WITH AREA HARVESTED",19,CORN,CENSUS,00000000,,14.4,9000
2017,2018-02-01 00:00:00.000,IA,139,GRAIN,19,YEAR,EAST CENTRAL,IOWA,TOTAL,CROPS,00,MUSCATINE,,IRRIGATED,NOT SPECIFIED,ALL CLASSES,"IOWA, EAST CENTRAL, MUSCATINE",COUNTY,60,ANNUAL,FIELD CROPS,40,OPERATIONS,,AREA HARVESTED,139,00,,,UNITED STATES,"CORN, GRAIN, IRRIGATED - OPERATIONS WITH AREA HARVESTED",19,CORN,CENSUS,00000000,,32.9,9000
2012,2012-12-31 00:00:00.000,IA,139,GRAIN,19,YEAR,EAST CENTRAL,IOWA,TOTAL,CROPS,00,MUSCATINE,,IRRIGATED,NOT SPECIFIED,ALL CLASSES,"IOWA, EAST CENTRAL, MUSCATINE",COUNTY,60,ANNUAL,FIELD CROPS,36,OPERATIONS,,AREA HARVESTED,139,00,,,UNITED STATES,"CORN, GRAIN, IRRIGATED - OPERATIONS WITH AREA HARVESTED",19,CORN,CENSUS,00000000,,19.1,9000
2007,2012-01-01 00:00:00.000,IA,139,GRAIN,19,YEAR,EAST CENTRAL,IOWA,TOTAL,CROPS,00,MUSCATINE,,IRRIGATED,NOT SPECIFIED,ALL CLASSES,"IOWA, EAST CENTRAL, MUSCATINE",COUNTY,60,ANNUAL,FIELD CROPS,34,OPERATIONS,,AREA HARVESTED,139,00,,,UNITED STATES,"CORN, GRAIN, IRRIGATED - OPERATIONS WITH AREA HARVESTED",19,CORN,CENSUS,00000000,,,9000
2002,2012-01-01 00:00:00.000,IA,139,GRAIN,19,YEAR,EAST CENTRAL,IOWA,TOTAL,CROPS,00,MUSCATINE,,IRRIGATED,NOT SPECIFIED,ALL CLASSES,"IOWA, EAST CENTRAL, MUSCATINE",COUNTY,60,ANNUAL,FIELD CROPS,24,OPERATIONS,,AREA HARVESTED,139,00,,,UNITED STATES,"CORN, GRAIN, IRRIGATED - OPERATIONS WITH AREA HARVESTED",19,CORN,CENSUS,00000000,,,9000
2022,2024-07-02 12:00:00.000,IA,163,GRAIN,19,YEAR,EAST CENTRAL,IOWA,TOTAL,CROPS,00,SCOTT,,IRRIGATED,NOT SPECIFIED,ALL CLASSES,"IOWA, EAST CENTRAL, SCOTT",COUNTY,60,ANNUAL,FIELD CROPS,1,OPERATIONS,,AREA HARVESTED,163,00,,,UNITED STATES,"CORN, GRAIN, IRRIGATED - OPERATIONS WITH AREA HARVESTED",19,CORN,CENSUS,00000000,,(L),9000
2017,2018-02-01 00:00:00.000,IA,163,GRAIN,19,YEAR,EAST CENTRAL,IOWA,TOTAL,CROPS,00,SCOTT,,IRRIGATED,NOT SPECIFIED,ALL CLASSES,"IOWA, EAST CENTRAL, SCOTT",COUNTY,60,ANNUAL,FIELD CROPS,4,OPERATIONS,,AREA HARVESTED,163,00,,,UNITED STATES,"CORN, GRAIN, IRRIGATED - OPERATIONS WITH AREA HARVESTED",19,CORN,CENSUS,00000000,,32.9,9000
2007,2012-01-01 00:00:00.000,IA,163,GRAIN,19,YEAR,EAST CENTRAL,IOWA,TOTAL,CROPS,00,SCOTT,,IRRIGATED,NOT SPECIFIED,ALL CLASSES,"IOWA, EAST CENTRAL, SCOTT",COUNTY,60,ANNUAL,FIELD CROPS,7,OPERATIONS,,AREA HARVESTED,163,00,,,UNITED STATES,"CORN, GRAIN, IRRIGATED - OPERATIONS WITH AREA HARVESTED",19,CORN,CENSUS,00000000,,,9000
2017,2018-02-01 00:00:00.000,IA,001,GRAIN,19,YEAR,SOUTHWEST,IOWA,TOTAL,CROPS,00,ADAIR,,IRRIGATED,NOT SPECIFIED,ALL CLASSES,"IOWA, SOUTHWEST, ADAIR",COUNTY,70,ANNUAL,FIELD CROPS,1,OPERATIONS,,AREA HARVESTED,001,00,,,UNITED STATES,"CORN, GRAIN, IRRIGATED - OPERATIONS WITH AREA HARVESTED",19,CORN,CENSUS,00000000,,32.9,9000
2022,2024-07-02 12:00:00.000,IA,029,GRAIN,19,YEAR,SOUTHWEST,IOWA,TOTAL,CROPS,00,CASS,,IRRIGATED,NOT SPECIFIED,ALL CLASSES,"IOWA, SOUTHWEST, CASS",COUNTY,70,ANNUAL,FIELD CROPS,1,OPERATIONS,,AREA HARVESTED,029,00,,,UNITED STATES,"CORN, GRAIN, IRRIGATED - OPERATIONS WITH AREA HARVESTED",19,CORN,CENSUS,00000000,,(L),9000
2012,2012-12-31 00:00:00.000,IA,029,GRAIN,19,YEAR,SOUTHWEST,IOWA,TOTAL,CROPS,00,CASS,,IRRIGATED,NOT SPECIFIED,ALL CLASSES,"IOWA, SOUTHWEST, CASS",COUNTY,70,ANNUAL,FIELD CROPS,3,OPERATIONS,,AREA HARVESTED,029,00,,,UNITED STATES,"CORN, GRAIN, IRRIGATED - OPERATIONS WITH AREA HARVESTED",19,CORN,CENSUS,00000000,,19.1,9000
2007,2012-01-01 00:00:00.000,IA,029,GRAIN,19,YEAR,SOUTHWEST,IOWA,TOTAL,CROPS,00,CASS,,IRRIGATED,NOT SPECIFIED,ALL CLASSES,"IOWA, SOUTHWEST, CASS",COUNTY,70,ANNUAL,FIELD CROPS,2,OPERATIONS,,AREA HARVESTED,029,00,,,UNITED STATES,"CORN, GRAIN, IRRIGATED - OPERATIONS WITH AREA HARVESTED",19,CORN,CENSUS,00000000,,,9000
2022,2024-07-02 12:00:00.000,IA,071,GRAIN,19,YEAR,SOUTHWEST,IOWA,TOTAL,CROPS,00,FREMONT,,IRRIGATED,NOT SPECIFIED,ALL CLASSES,"IOWA, SOUTHWEST, FREMONT",COUNTY,70,ANNUAL,FIELD CROPS,19,OPERATIONS,,AREA HARVESTED,071,00,,,UNITED STATES,"CORN, GRAIN, IRRIGATED - OPERATIONS WITH AREA HARVESTED",19,CORN,CENSUS,00000000,,14.4,9000
2017,2018-02-01 00:00:00.000,IA,071,GRAIN,19,YEAR,SOUTHWEST,IOWA,TOTAL,CROPS,00,FREMONT,,IRRIGATED,NOT SPECIFIED,ALL CLASSES,"IOWA, SOUTHWEST, FREMONT",COUNTY,70,ANNUAL,FIELD CROPS,26,OPERATIONS,,AREA HARVESTED,071,00,,,UNITED STATES,"CORN, GRAIN, IRRIGATED - OPERATIONS WITH AREA HARVESTED",19,CORN,CENSUS,00000000,,32.9,9000
2012,2012-12-31 00:00:00.000,IA,071,GRAIN,19,YEAR,SOUTHWEST,IOWA,TOTAL,CROPS,00,FREMONT,,IRRIGATED,NOT SPECIFIED,ALL CLASSES,"IOWA, SOUTHWEST, FREMONT",COUNTY,70,ANNUAL,FIELD CROPS,18,OPERATIONS,,AREA HARVESTED,071,00,,,UNITED STATES,"CORN, GRAIN, IRRIGATED - OPERATIONS WITH AREA HARVESTED",19,CORN,CENSUS,00000000,,19.1,9000
2007,2012-01-01 00:00:00.000,IA,071,GRAIN,19,YEAR,SOUTHWEST,IOWA,TOTAL,CROPS,00,FREMONT,,IRRIGATED,NOT SPECIFIED,ALL CLASSES,"IOWA, SOUTHWEST, FREMONT",COUNTY,70,ANNUAL,FIELD CROPS,27,OPERATIONS,,AREA HARVESTED,071,00,,,UNITED STATES,"CORN, GRAIN, IRRIGATED - OPERATIONS WITH AREA HARVESTED",19,CORN,CENSUS,00000000,,,9000
2002,2012-01-01 00:00:00.000,IA,071,GRAIN,19,YEAR,SOUTHWEST,IOWA,TOTAL,CROPS,00,FREMONT,,IRRIGATED,NOT SPECIFIED,ALL CLASSES,"IOWA, SOUTHWEST, FREMONT",COUNTY,70,ANNUAL,FIELD CROPS,7,OPERATIONS,,AREA HARVESTED,071,00,,,UNITED STATES,"CORN, GRAIN, IRRIGATED - OPERATIONS WITH AREA HARVESTED",19,CORN,CENSUS,00000000,,,9000
2022,2024-07-02 12:00:00.000,IA,129,GRAIN,19,YEAR,SOUTHWEST,IOWA,TOTAL,CROPS,00,MILLS,,IRRIGATED,NOT SPECIFIED,ALL CLASSES,"IOWA, SOUTHWEST, MILLS",COUNTY,70,ANNUAL,FIELD CROPS,5,OPERATIONS,,AREA HARVESTED,129,00,,,UNITED STATES,"CORN, GRAIN, IRRIGATED - OPERATIONS WITH AREA HARVESTED",19,CORN,CENSUS,00000000,,14.4,9000
2017,2018-02-01 00:00:00.000,IA,129,GRAIN,19,YEAR,SOUTHWEST,IOWA,TOTAL,CROPS,00,MILLS,,IRRIGATED,NOT SPECIFIED,ALL CLASSES,"IOWA, SOUTHWEST, MILLS",COUNTY,70,ANNUAL,FIELD CROPS,6,OPERATIONS,,AREA HARVESTED,129,00,,,UNITED STATES,"CORN, GRAIN, IRRIGATED - OPERATIONS WITH AREA HARVESTED",19,CORN,CENSUS,00000000,,32.9,9000
2012,2012-12-31 00:00:00.000,IA,129,GRAIN,19,YEAR,SOUTHWEST,IOWA,TOTAL,CROPS,00,MILLS,,IRRIGATED,NOT SPECIFIED,ALL CLASSES,"IOWA, SOUTHWEST, MILLS",COUNTY,70,ANNUAL,FIELD CROPS,2,OPERATIONS,,AREA HARVESTED,129,00,,,UNITED STATES,"CORN, GRAIN, IRRIGATED - OPERATIONS WITH AREA HARVESTED",19,CORN,CENSUS,00000000,,19.1,9000
2007,2012-01-01 00:00:00.000,IA,129,GRAIN,19,YEAR,SOUTHWEST,IOWA,TOTAL,CROPS,00,MILLS,,IRRIGATED,NOT SPECIFIED,ALL CLASSES,"IOWA, SOUTHWEST, MILLS",COUNTY,70,ANNUAL,FIELD CROPS,2,OPERATIONS,,AREA HARVESTED,129,00,,,UNITED STATES,"CORN, GRAIN, IRRIGATED - OPERATIONS WITH AREA HARVESTED",19,CORN,CENSUS,00000000,,,9000
2002,2012-01-01 00:00:00.000,IA,129,GRAIN,19,YEAR,SOUTHWEST,IOWA,TOTAL,CROPS,00,MILLS,,IRRIGATED,NOT SPECIFIED,ALL CLASSES,"IOWA, SOUTHWEST, MILLS",COUNTY,70,ANNUAL,FIELD CROPS,5,OPERATIONS,,AREA HARVESTED,129,00,,,UNITED STATES,"CORN, GRAIN, IRRIGATED - OPERATIONS WITH AREA HARVESTED",19,CORN,CENSUS,00000000,,,9000
2022,2024-07-02 12:00:00.000,IA,137,GRAIN,19,YEAR,SOUTHWEST,IOWA,TOTAL,CROPS,00,MONTGOMERY,,IRRIGATED,NOT SPECIFIED,ALL CLASSES,"IOWA, SOUTHWEST, MONTGOMERY",COUNTY,70,ANNUAL,FIELD CROPS,2,OPERATIONS,,AREA HARVESTED,137,00,,,UNITED STATES,"CORN, GRAIN, IRRIGATED - OPERATIONS WITH AREA HARVESTED",19,CORN,CENSUS,00000000,,14.4,9000
2017,2018-02-01 00:00:00.000,IA,137,GRAIN,19,YEAR,SOUTHWEST,IOWA,TOTAL,CROPS,00,MONTGOMERY,,IRRIGATED,NOT SPECIFIED,ALL CLASSES,"IOWA, SOUTHWEST, MONTGOMERY",COUNTY,70,ANNUAL,FIELD CROPS,1,OPERATIONS,,AREA HARVESTED,137,00,,,UNITED STATES,"CORN, GRAIN, IRRIGATED - OPERATIONS WITH AREA HARVESTED",19,CORN,CENSUS,00000000,,32.9,9000
2012,2012-12-31 00:00:00.000,IA,137,GRAIN,19,YEAR,SOUTHWEST,IOWA,TOTAL,CROPS,00,MONTGOMERY,,IRRIGATED,NOT SPECIFIED,ALL CLASSES,"IOWA, SOUTHWEST, MONTGOMERY",COUNTY,70,ANNUAL,FIELD CROPS,1,OPERATIONS,,AREA HARVESTED,137,00,,,UNITED STATES,"CORN, GRAIN, IRRIGATED - OPERATIONS WITH AREA HARVESTED",19,CORN,CENSUS,00000000,,19.1,9000
2007,2012-01-01 00:00:00.000,IA,137,GRAIN,19,YEAR,SOUTHWEST,IOWA,TOTAL,CROPS,00,MONTGOMERY,,IRRIGATED,NOT SPECIFIED,ALL CLASSES,"IOWA, SOUTHWEST, MONTGOMERY",COUNTY,70,ANNUAL,FIELD CROPS,1,OPERATIONS,,AREA HARVESTED,137,00,,,UNITED STATES,"CORN, GRAIN, IRRIGATED - OPERATIONS WITH AREA HARVESTED",19,CORN,CENSUS,00000000,,,9000
2022,2024-07-02 12:00:00.000,IA,145,GRAIN,19,YEAR,SOUTHWEST,IOWA,TOTAL,CROPS,00,PAGE,,IRRIGATED,NOT SPECIFIED,ALL CLASSES,"IOWA, SOUTHWEST, PAGE",COUNTY,70,ANNUAL,FIELD CROPS,4,OPERATIONS,,AREA HARVESTED,145,00,,,UNITED STATES,"CORN, GRAIN, IRRIGATED - OPERATIONS WITH AREA HARVESTED",19,CORN,CENSUS,00000000,,14.4,9000
2017,2018-02-01 00:00:00.000,IA,145,GRAIN,19,YEAR,SOUTHWEST,IOWA,TOTAL,CROPS,00,PAGE,,IRRIGATED,NOT SPECIFIED,ALL CLASSES,"IOWA, SOUTHWEST, PAGE",COUNTY,70,ANNUAL,FIELD CROPS,3,OPERATIONS,,AREA HARVESTED,145,00,,,UNITED STATES,"CORN, GRAIN, IRRIGATED - OPERATIONS WITH AREA HARVESTED",19,CORN,CENSUS,00000000,,32.9,9000
2012,2012-12-31 00:00:00.000,IA,145,GRAIN,19,YEAR,SOUTHWEST,IOWA,TOTAL,CROPS,00,PAGE,,IRRIGATED,NOT SPECIFIED,ALL CLASSES,"IOWA, SOUTHWEST, PAGE",COUNTY,70,ANNUAL,FIELD CROPS,2,OPERATIONS,,AREA HARVESTED,145,00,,,UNITED STATES,"CORN, GRAIN, IRRIGATED - OPERATIONS WITH AREA HARVESTED",19,CORN,CENSUS,00000000,,19.1,9000
2007,2012-01-01 00:00:00.000,IA,145,GRAIN,19,YEAR,SOUTHWEST,IOWA,TOTAL,CROPS,00,PAGE,,IRRIGATED,NOT SPECIFIED,ALL CLASSES,"IOWA, SOUTHWEST, PAGE",COUNTY,70,ANNUAL,FIELD CROPS,2,OPERATIONS,,AREA HARVESTED,145,00,,,UNITED STATES,"CORN, GRAIN, IRRIGATED - OPERATIONS WITH AREA HARVESTED",19,CORN,CENSUS,00000000,,,9000
2002,2012-01-01 00:00:00.000,IA,145,GRAIN,19,YEAR,SOUTHWEST,IOWA,TOTAL,CROPS,00,PAGE,,IRRIGATED,NOT SPECIFIED,ALL CLASSES,"IOWA, SOUTHWEST, PAGE",COUNTY,70,ANNUAL,FIELD CROPS,1,OPERATIONS,,AREA HARVESTED,145,00,,,UNITED STATES,"CORN, GRAIN, IRRIGATED - OPERATIONS WITH AREA HARVESTED",19,CORN,CENSUS,00000000,,,9000
2022,2024-07-02 12:00:00.000,IA,155,GRAIN,19,YEAR,SOUTHWEST,IOWA,TOTAL,CROPS,00,POTTAWATTAMIE,,IRRIGATED,NOT SPECIFIED,ALL CLASSES,"IOWA, SOUTHWEST, POTTAWATTAMIE",COUNTY,70,ANNUAL,FIELD CROPS,16,OPERATIONS,,AREA HARVESTED,155,00,,,UNITED STATES,"CORN, GRAIN, IRRIGATED - OPERATIONS WITH AREA HARVESTED",19,CORN,CENSUS,00000000,,14.4,9000
2017,2018-02-01 00:00:00.000,IA,155,GRAIN,19,YEAR,SOUTHWEST,IOWA,TOTAL,CROPS,00,POTTAWATTAMIE,,IRRIGATED,NOT SPECIFIED,ALL CLASSES,"IOWA, SOUTHWEST, POTTAWATTAMIE",COUNTY,70,ANNUAL,FIELD CROPS,10,OPERATIONS,,AREA HARVESTED,155,00,,,UNITED STATES,"CORN, GRAIN, IRRIGATED - OPERATIONS WITH AREA HARVESTED",19,CORN,CENSUS,00000000,,32.9,9000
2012,2012-12-31 00:00:00.000,IA,155,GRAIN,19,YEAR,SOUTHWEST,IOWA,TOTAL,CROPS,00,POTTAWATTAMIE,,IRRIGATED,NOT SPECIFIED,ALL CLASSES,"IOWA, SOUTHWEST, POTTAWATTAMIE",COUNTY,70,ANNUAL,FIELD CROPS,9,OPERATIONS,,AREA HARVESTED,155,00,,,UNITED STATES,"CORN, GRAIN, IRRIGATED - OPERATIONS WITH AREA HARVESTED",19,CORN,CENSUS,00000000,,19.1,9000
2007,2012-01-01 00:00:00.000,IA,155,GRAIN,19,YEAR,SOUTHWEST,IOWA,TOTAL,CROPS,00,POTTAWATTAMIE,,IRRIGATED,NOT SPECIFIED,ALL CLASSES,"IOWA, SOUTHWEST, POTTAWATTAMIE",COUNTY,70,ANNUAL,FIELD CROPS,6,OPERATIONS,,AREA HARVESTED,155,00,,,UNITED STATES,"CORN, GRAIN, IRRIGATED - OPERATIONS WITH AREA HARVESTED",19,CORN,CENSUS,00000000,,,9000
2002,2012-01-01 00:00:00.000,IA,155,GRAIN,19,YEAR,SOUTHWEST,IOWA,TOTAL,CROPS,00,POTTAWATTAMIE,,IRRIGATED,NOT SPECIFIED,ALL CLASSES,"IOWA, SOUTHWEST, POTTAWATTAMIE",COUNTY,70,ANNUAL,FIELD CROPS,17,OPERATIONS,,AREA HARVESTED,155,00,,,UNITED STATES,"CORN, GRAIN, IRRIGATED - OPERATIONS WITH AREA HARVESTED",19,CORN,CENSUS,00000000,,,9000
2022,2024-07-02 12:00:00.000,IA,173,GRAIN,19,YEAR,SOUTHWEST,IOWA,TOTAL,CROPS,00,TAYLOR,,IRRIGATED,NOT SPECIFIED,ALL CLASSES,"IOWA, SOUTHWEST, TAYLOR",COUNTY,70,ANNUAL,FIELD CROPS,1,OPERATIONS,,AREA HARVESTED,173,00,,,UNITED STATES,"CORN, GRAIN, IRRIGATED - OPERATIONS WITH AREA HARVESTED",19,CORN,CENSUS,00000000,,(L),9000
2017,2018-02-01 00:00:00.000,IA,173,GRAIN,19,YEAR,SOUTHWEST,IOWA,TOTAL,CROPS,00,TAYLOR,,IRRIGATED,NOT SPECIFIED,ALL CLASSES,"IOWA, SOUTHWEST, TAYLOR",COUNTY,70,ANNUAL,FIELD CROPS,1,OPERATIONS,,AREA HARVESTED,173,00,,,UNITED STATES,"CORN, GRAIN, IRRIGATED - OPERATIONS WITH AREA HARVESTED",19,CORN,CENSUS,00000000,,32.9,9000
2007,2012-01-01 00:00:00.000,IA,173,GRAIN,19,YEAR,SOUTHWEST,IOWA,TOTAL,CROPS,00,TAYLOR,,IRRIGATED,NOT SPECIFIED,ALL CLASSES,"IOWA, SOUTHWEST, TAYLOR",COUNTY,70,ANNUAL,FIELD CROPS,1,OPERATIONS,,AREA HARVESTED,173,00,,,UNITED STATES,"CORN, GRAIN, IRRIGATED - OPERATIONS WITH AREA HARVESTED",19,CORN,CENSUS,00000000,,,9000
2007,2012-01-01 00:00:00.000,IA,039,GRAIN,19,YEAR,SOUTH CENTRAL,IOWA,TOTAL,CROPS,00,CLARKE,,IRRIGATED,NOT SPECIFIED,ALL CLASSES,"IOWA, SOUTH CENTRAL, CLARKE",COUNTY,80,ANNUAL,FIELD CROPS,1,OPERATIONS,,AREA HARVESTED,039,00,,,UNITED STATES,"CORN, GRAIN, IRRIGATED - OPERATIONS WITH AREA HARVESTED",19,CORN,CENSUS,00000000,,,9000
2012,2012-12-31 00:00:00.000,IA,053,GRAIN,19,YEAR,SOUTH CENTRAL,IOWA,TOTAL,CROPS,00,DECATUR,,IRRIGATED,NOT SPECIFIED,ALL CLASSES,"IOWA, SOUTH CENTRAL, DECATUR",COUNTY,80,ANNUAL,FIELD CROPS,1,OPERATIONS,,AREA HARVESTED,053,00,,,UNITED STATES,"CORN, GRAIN, IRRIGATED - OPERATIONS WITH AREA HARVESTED",19,CORN,CENSUS,00000000,,19.1,9000
2007,2012-01-01 00:00:00.000,IA,121,GRAIN,19,YEAR,SOUTH CENTRAL,IOWA,TOTAL,CROPS,00,MADISON,,IRRIGATED,NOT SPECIFIED,ALL CLASSES,"IOWA, SOUTH CENTRAL, MADISON",COUNTY,80,ANNUAL,FIELD CROPS,3,OPERATIONS,,AREA HARVESTED,121,00,,,UNITED STATES,"CORN, GRAIN, IRRIGATED - OPERATIONS WITH AREA HARVESTED",19,CORN,CENSUS,00000000,,,9000
2017,2018-02-01 00:00:00.000,IA,125,GRAIN,19,YEAR,SOUTH CENTRAL,IOWA,TOTAL,CROPS,00,MARION,,IRRIGATED,NOT SPECIFIED,ALL CLASSES,"IOWA, SOUTH CENTRAL, MARION",COUNTY,80,ANNUAL,FIELD CROPS,1,OPERATIONS,,AREA HARVESTED,125,00,,,UNITED STATES,"CORN, GRAIN, IRRIGATED - OPERATIONS WITH AREA HARVESTED",19,CORN,CENSUS,00000000,,32.9,9000
2007,2012-01-01 00:00:00.000,IA,125,GRAIN,19,YEAR,SOUTH CENTRAL,IOWA,TOTAL,CROPS,00,MARION,,IRRIGATED,NOT SPECIFIED,ALL CLASSES,"IOWA, SOUTH CENTRAL, MARION",COUNTY,80,ANNUAL,FIELD CROPS,4,OPERATIONS,,AREA HARVESTED,125,00,,,UNITED STATES,"CORN, GRAIN, IRRIGATED - OPERATIONS WITH AREA HARVESTED",19,CORN,CENSUS,00000000,,,9000
2022,2024-07-02 12:00:00.000,IA,135,GRAIN,19,YEAR,SOUTH CENTRAL,IOWA,TOTAL,CROPS,00,MONROE,,IRRIGATED,NOT SPECIFIED,ALL CLASSES,"IOWA, SOUTH CENTRAL, MONROE",COUNTY,80,ANNUAL,FIELD CROPS,1,OPERATIONS,,AREA HARVESTED,135,00,,,UNITED STATES,"CORN, GRAIN, IRRIGATED - OPERATIONS WITH AREA HARVESTED",19,CORN,CENSUS,00000000,,(L),9000
2012,2012-12-31 00:00:00.000,IA,181,GRAIN,19,YEAR,SOUTH CENTRAL,IOWA,TOTAL,CROPS,00,WARREN,,IRRIGATED,NOT SPECIFIED,ALL CLASSES,"IOWA, SOUTH CENTRAL, WARREN",COUNTY,80,ANNUAL,FIELD CROPS,1,OPERATIONS,,AREA HARVESTED,181,00,,,UNITED STATES,"CORN, GRAIN, IRRIGATED - OPERATIONS WITH AREA HARVESTED",19,CORN,CENSUS,00000000,,19.1,9000
2022,2024-07-02 12:00:00.000,IA,185,GRAIN,19,YEAR,SOUTH CENTRAL,IOWA,TOTAL,CROPS,00,WAYNE,,IRRIGATED,NOT SPECIFIED,ALL CLASSES,"IOWA, SOUTH CENTRAL, WAYNE",COUNTY,80,ANNUAL,FIELD CROPS,1,OPERATIONS,,AREA HARVESTED,185,00,,,UNITED STATES,"CORN, GRAIN, IRRIGATED - OPERATIONS WITH AREA HARVESTED",19,CORN,CENSUS,00000000,,(L),9000
2007,2012-01-01 00:00:00.000,IA,185,GRAIN,19,YEAR,SOUTH CENTRAL,IOWA,TOTAL,CROPS,00,WAYNE,,IRRIGATED,NOT SPECIFIED,ALL CLASSES,"IOWA, SOUTH CENTRAL, WAYNE",COUNTY,80,ANNUAL,FIELD CROPS,1,OPERATIONS,,AREA HARVESTED,185,00,,,UNITED STATES,"CORN, GRAIN, IRRIGATED - OPERATIONS WITH AREA HARVESTED",19,CORN,CENSUS,00000000,,,9000
2017,2018-02-01 00:00:00.000,IA,051,GRAIN,19,YEAR,SOUTHEAST,IOWA,TOTAL,CROPS,00,DAVIS,,IRRIGATED,NOT SPECIFIED,ALL CLASSES,"IOWA, SOUTHEAST, DAVIS",COUNTY,90,ANNUAL,FIELD CROPS,1,OPERATIONS,,AREA HARVESTED,051,00,,,UNITED STATES,"CORN, GRAIN, IRRIGATED - OPERATIONS WITH AREA HARVESTED",19,CORN,CENSUS,00000000,,32.9,9000
2022,2024-07-02 12:00:00.000,IA,057,GRAIN,19,YEAR,SOUTHEAST,IOWA,TOTAL,CROPS,00,DES MOINES,,IRRIGATED,NOT SPECIFIED,ALL CLASSES,"IOWA, SOUTHEAST, DES MOINES",COUNTY,90,ANNUAL,FIELD CROPS,9,OPERATIONS,,AREA HARVESTED,057,00,,,UNITED STATES,"CORN, GRAIN, IRRIGATED - OPERATIONS WITH AREA HARVESTED",19,CORN,CENSUS,00000000,,14.4,9000
2017,2018-02-01 00:00:00.000,IA,057,GRAIN,19,YEAR,SOUTHEAST,IOWA,TOTAL,CROPS,00,DES MOINES,,IRRIGATED,NOT SPECIFIED,ALL CLASSES,"IOWA, SOUTHEAST, DES MOINES",COUNTY,90,ANNUAL,FIELD CROPS,19,OPERATIONS,,AREA HARVESTED,057,00,,,UNITED STATES,"CORN, GRAIN, IRRIGATED - OPERATIONS WITH AREA HARVESTED",19,CORN,CENSUS,00000000,,32.9,9000
2012,2012-12-31 00:00:00.000,IA,057,GRAIN,19,YEAR,SOUTHEAST,IOWA,TOTAL,CROPS,00,DES MOINES,,IRRIGATED,NOT SPECIFIED,ALL CLASSES,"IOWA, SOUTHEAST, DES MOINES",COUNTY,90,ANNUAL,FIELD CROPS,16,OPERATIONS,,AREA HARVESTED,057,00,,,UNITED STATES,"CORN, GRAIN, IRRIGATED - OPERATIONS WITH AREA HARVESTED",19,CORN,CENSUS,00000000,,19.1,9000
2007,2012-01-01 00:00:00.000,IA,057,GRAIN,19,YEAR,SOUTHEAST,IOWA,TOTAL,CROPS,00,DES MOINES,,IRRIGATED,NOT SPECIFIED,ALL CLASSES,"IOWA, SOUTHEAST, DES MOINES",COUNTY,90,ANNUAL,FIELD CROPS,14,OPERATIONS,,AREA HARVESTED,057,00,,,UNITED STATES,"CORN, GRAIN, IRRIGATED - OPERATIONS WITH AREA HARVESTED",19,CORN,CENSUS,00000000,,,9000
2002,2012-01-01 00:00:00.000,IA,057,GRAIN,19,YEAR,SOUTHEAST,IOWA,TOTAL,CROPS,00,DES MOINES,,IRRIGATED,NOT SPECIFIED,ALL CLASSES,"IOWA, SOUTHEAST, DES MOINES",COUNTY,90,ANNUAL,FIELD CROPS,14,OPERATIONS,,AREA HARVESTED,057,00,,,UNITED STATES,"CORN, GRAIN, IRRIGATED - OPERATIONS WITH AREA HARVESTED",19,CORN,CENSUS,00000000,,,9000
2022,2024-07-02 12:00:00.000,IA,101,GRAIN,19,YEAR,SOUTHEAST,IOWA,TOTAL,CROPS,00,JEFFERSON,,IRRIGATED,NOT SPECIFIED,ALL CLASSES,"IOWA, SOUTHEAST, JEFFERSON",COUNTY,90,ANNUAL,FIELD CROPS,1,OPERATIONS,,AREA HARVESTED,101,00,,,UNITED STATES,"CORN, GRAIN, IRRIGATED - OPERATIONS WITH AREA HARVESTED",19,CORN,CENSUS,00000000,,14.4,9000
2017,2018-02-01 00:00:00.000,IA,101,GRAIN,19,YEAR,SOUTHEAST,IOWA,TOTAL,CROPS,00,JEFFERSON,,IRRIGATED,NOT SPECIFIED,ALL CLASSES,"IOWA, SOUTHEAST, JEFFERSON",COUNTY,90,ANNUAL,FIELD CROPS,1,OPERATIONS,,AREA HARVESTED,101,00,,,UNITED STATES,"CORN, GRAIN, IRRIGATED - OPERATIONS WITH AREA HARVESTED",19,CORN,CENSUS,00000000,,32.9,9000
2012,2012-12-31 00:00:00.000,IA,101,GRAIN,19,YEAR,SOUTHEAST,IOWA,TOTAL,CROPS,00,JEFFERSON,,IRRIGATED,NOT SPECIFIED,ALL CLASSES,"IOWA, SOUTHEAST, JEFFERSON",COUNTY,90,ANNUAL,FIELD CROPS,2,OPERATIONS,,AREA HARVESTED,101,00,,,UNITED STATES,"CORN, GRAIN, IRRIGATED - OPERATIONS WITH AREA HARVESTED",19,CORN,CENSUS,00000000,,19.1,9000
2002,2012-01-01 00:00:00.000,IA,107,GRAIN,19,YEAR,SOUTHEAST,IOWA,TOTAL,CROPS,00,KEOKUK,,IRRIGATED,NOT SPECIFIED,ALL CLASSES,"IOWA, SOUTHEAST, KEOKUK",COUNTY,90,ANNUAL,FIELD CROPS,1,OPERATIONS,,AREA HARVESTED,107,00,,,UNITED STATES,"CORN, GRAIN, IRRIGATED - OPERATIONS WITH AREA HARVESTED",19,CORN,CENSUS,00000000,,,9000
2022,2024-07-02 12:00:00.000,IA,111,GRAIN,19,YEAR,SOUTHEAST,IOWA,TOTAL,CROPS,00,LEE,,IRRIGATED,NOT SPECIFIED,ALL CLASSES,"IOWA, SOUTHEAST, LEE",COUNTY,90,ANNUAL,FIELD CROPS,8,OPERATIONS,,AREA HARVESTED,111,00,,,UNITED STATES,"CORN, GRAIN, IRRIGATED - OPERATIONS WITH AREA HARVESTED",19,CORN,CENSUS,00000000,,14.4,9000
2017,2018-02-01 00:00:00.000,IA,111,GRAIN,19,YEAR,SOUTHEAST,IOWA,TOTAL,CROPS,00,LEE,,IRRIGATED,NOT SPECIFIED,ALL CLASSES,"IOWA, SOUTHEAST, LEE",COUNTY,90,ANNUAL,FIELD CROPS,3,OPERATIONS,,AREA HARVESTED,111,00,,,UNITED STATES,"CORN, GRAIN, IRRIGATED - OPERATIONS WITH AREA HARVESTED",19,CORN,CENSUS,00000000,,32.9,9000
2012,2012-12-31 00:00:00.000,IA,111,GRAIN,19,YEAR,SOUTHEAST,IOWA,TOTAL,CROPS,00,LEE,,IRRIGATED,NOT SPECIFIED,ALL CLASSES,"IOWA, SOUTHEAST, LEE",COUNTY,90,ANNUAL,FIELD CROPS,4,OPERATIONS,,AREA HARVESTED,111,00,,,UNITED STATES,"CORN, GRAIN, IRRIGATED - OPERATIONS WITH AREA HARVESTED",19,CORN,CENSUS,00000000,,19.1,9000
2007,2012-01-01 00:00:00.000,IA,111,GRAIN,19,YEAR,SOUTHEAST,IOWA,TOTAL,CROPS,00,LEE,,IRRIGATED,NOT SPECIFIED,ALL CLASSES,"IOWA, SOUTHEAST, LEE",COUNTY,90,ANNUAL,FIELD CROPS,5,OPERATIONS,,AREA HARVESTED,111,00,,,UNITED STATES,"CORN, GRAIN, IRRIGATED - OPERATIONS WITH AREA HARVESTED",19,CORN,CENSUS,00000000,,,9000
2002,2012-01-01 00:00:00.000,IA,111,GRAIN,19,YEAR,SOUTHEAST,IOWA,TOTAL,CROPS,00,LEE,,IRRIGATED,NOT SPECIFIED,ALL CLASSES,"IOWA, SOUTHEAST, LEE",COUNTY,90,ANNUAL,FIELD CROPS,3,OPERATIONS,,AREA HARVESTED,111,00,,,UNITED STATES,"CORN, GRAIN, IRRIGATED - OPERATIONS WITH AREA HARVESTED",19,CORN,CENSUS,00000000,,,9000
2022,2024-07-02 12:00:00.000,IA,115,GRAIN,19,YEAR,SOUTHEAST,IOWA,TOTAL,CROPS,00,LOUISA,,IRRIGATED,NOT SPECIFIED,ALL CLASSES,"IOWA, SOUTHEAST, LOUISA",COUNTY,90,ANNUAL,FIELD CROPS,40,OPERATIONS,,AREA HARVESTED,115,00,,,UNITED STATES,"CORN, GRAIN, IRRIGATED - OPERATIONS WITH AREA HARVESTED",19,CORN,CENSUS,00000000,,14.4,9000
2017,2018-02-01 00:00:00.000,IA,115,GRAIN,19,YEAR,SOUTHEAST,IOWA,TOTAL,CROPS,00,LOUISA,,IRRIGATED,NOT SPECIFIED,ALL CLASSES,"IOWA, SOUTHEAST, LOUISA",COUNTY,90,ANNUAL,FIELD CROPS,44,OPERATIONS,,AREA HARVESTED,115,00,,,UNITED STATES,"CORN, GRAIN, IRRIGATED - OPERATIONS WITH AREA HARVESTED",19,CORN,CENSUS,00000000,,32.9,9000
2012,2012-12-31 00:00:00.000,IA,115,GRAIN,19,YEAR,SOUTHEAST,IOWA,TOTAL,CROPS,00,LOUISA,,IRRIGATED,NOT SPECIFIED,ALL CLASSES,"IOWA, SOUTHEAST, LOUISA",COUNTY,90,ANNUAL,FIELD CROPS,33,OPERATIONS,,AREA HARVESTED,115,00,,,UNITED STATES,"CORN, GRAIN, IRRIGATED - OPERATIONS WITH AREA HARVESTED",19,CORN,CENSUS,00000000,,19.1,9000
2007,2012-01-01 00:00:00.000,IA,115,GRAIN,19,YEAR,SOUTHEAST,IOWA,TOTAL,CROPS,00,LOUISA,,IRRIGATED,NOT SPECIFIED,ALL CLASSES,"IOWA, SOUTHEAST, LOUISA",COUNTY,90,ANNUAL,FIELD CROPS,39,OPERATIONS,,AREA HARVESTED,115,00,,,UNITED STATES,"CORN, GRAIN, IRRIGATED - OPERATIONS WITH AREA HARVESTED",19,CORN,CENSUS,00000000,,,9000
2002,2012-01-01 00:00:00.000,IA,115,GRAIN,19,YEAR,SOUTHEAST,IOWA,TOTAL,CROPS,00,LOUISA,,IRRIGATED,NOT SPECIFIED,ALL CLASSES,"IOWA, SOUTHEAST, LOUISA",COUNTY,90,ANNUAL,FIELD CROPS,27,OPERATIONS,,AREA HARVESTED,115,00,,,UNITED STATES,"CORN, GRAIN, IRRIGATED - OPERATIONS WITH AREA HARVESTED",19,CORN,CENSUS,00000000,,,9000
2022,2024-07-02 12:00:00.000,IA,123,GRAIN,19,YEAR,SOUTHEAST,IOWA,TOTAL,CROPS,00,MAHASKA,,IRRIGATED,NOT SPECIFIED,ALL CLASSES,"IOWA, SOUTHEAST, MAHASKA",COUNTY,90,ANNUAL,FIELD CROPS,2,OPERATIONS,,AREA HARVESTED,123,00,,,UNITED STATES,"CORN, GRAIN, IRRIGATED - OPERATIONS WITH AREA HARVESTED",19,CORN,CENSUS,00000000,,14.4,9000
2012,2012-12-31 00:00:00.000,IA,123,GRAIN,19,YEAR,SOUTHEAST,IOWA,TOTAL,CROPS,00,MAHASKA,,IRRIGATED,NOT SPECIFIED,ALL CLASSES,"IOWA, SOUTHEAST, MAHASKA",COUNTY,90,ANNUAL,FIELD CROPS,1,OPERATIONS,,AREA HARVESTED,123,00,,,UNITED STATES,"CORN, GRAIN, IRRIGATED - OPERATIONS WITH AREA HARVESTED",19,CORN,CENSUS,00000000,,19.1,9000
2002,2012-01-01 00:00:00.000,IA,123,GRAIN,19,YEAR,SOUTHEAST,IOWA,TOTAL,CROPS,00,MAHASKA,,IRRIGATED,NOT SPECIFIED,ALL CLASSES,"IOWA, SOUTHEAST, MAHASKA",COUNTY,90,ANNUAL,FIELD CROPS,1,OPERATIONS,,AREA HARVESTED,123,00,,,UNITED STATES,"CORN, GRAIN, IRRIGATED - OPERATIONS WITH AREA HARVESTED",19,CORN,CENSUS,00000000,,,9000
2012,2012-12-31 00:00:00.000,IA,179,GRAIN,19,YEAR,SOUTHEAST,IOWA,TOTAL,CROPS,00,WAPELLO,,IRRIGATED,NOT SPECIFIED,ALL CLASSES,"IOWA, SOUTHEAST, WAPELLO",COUNTY,90,ANNUAL,FIELD CROPS,1,OPERATIONS,,AREA HARVESTED,179,00,,,UNITED STATES,"CORN, GRAIN, IRRIGATED - OPERATIONS WITH AREA HARVESTED",19,CORN,CENSUS,00000000,,19.1,9000
2022,2024-07-02 12:00:00.000,IA,183,GRAIN,19,YEAR,SOUTHEAST,IOWA,TOTAL,CROPS,00,WASHINGTON,,IRRIGATED,NOT SPECIFIED,ALL CLASSES,"IOWA, SOUTHEAST, WASHINGTON",COUNTY,90,ANNUAL,FIELD CROPS,2,OPERATIONS,,AREA HARVESTED,183,00,,,UNITED STATES,"CORN, GRAIN, IRRIGATED - OPERATIONS WITH AREA HARVESTED",19,CORN,CENSUS,00000000,,14.4,9000
2012,2012-12-31 00:00:00.000,IA,183,GRAIN,19,YEAR,SOUTHEAST,IOWA,TOTAL,CROPS,00,WASHINGTON,,IRRIGATED,NOT SPECIFIED,ALL CLASSES,"IOWA, SOUTHEAST, WASHINGTON",COUNTY,90,ANNUAL,FIELD CROPS,1,OPERATIONS,,AREA HARVESTED,183,00,,,UNITED STATES,"CORN, GRAIN, IRRIGATED - OPERATIONS WITH AREA HARVESTED",19,CORN,CENSUS,00000000,,19.1,9000
2007,2012-01-01 00:00:00.000,IA,183,GRAIN,19,YEAR,SOUTHEAST,IOWA,TOTAL,CROPS,00,WASHINGTON,,IRRIGATED,NOT SPECIFIED,ALL CLASSES,"IOWA, SOUTHEAST, WASHINGTON",COUNTY,90,ANNUAL,FIELD CROPS,2,OPERATIONS,,AREA HARVESTED,183,00,,,UNITED STATES,"CORN, GRAIN, IRRIGATED - OPERATIONS WITH AREA HARVESTED",19,CORN,CENSUS,00000000,,,9000
2002,2012-01-01 00:00:00.000,IA,183,GRAIN,19,YEAR,SOUTHEAST,IOWA,TOTAL,CROPS,00,WASHINGTON,,IRRIGATED,NOT SPECIFIED,ALL CLASSES,"IOWA, SOUTHEAST, WASHINGTON",COUNTY,90,ANNUAL,FIELD CROPS,1,OPERATIONS,,AREA HARVESTED,183,00,,,UNITED STATES,"CORN, GRAIN, IRRIGATED - OPERATIONS WITH AREA HARVESTED",19,CORN,CENSUS,00000000,,,9000
2023,2024-10-31 12:00:00.000,IA,,GRAIN,19,YEAR,,IOWA,TOTAL,CROPS,00,,,IRRIGATED,NOT SPECIFIED,ALL CLASSES,IOWA,STATE,,ANNUAL,FIELD CROPS,510,OPERATIONS,,AREA HARVESTED,,00,,,UNITED STATES,"CORN, GRAIN, IRRIGATED - OPERATIONS WITH AREA HARVESTED",19,CORN,CENSUS,00000000,,10.7,9000
2022,2025-08-19 12:00:00.000,IA,,GRAIN,19,YEAR,,IOWA,TOTAL,CROPS,00,,,IRRIGATED,NOT SPECIFIED,ALL CLASSES,IOWA,STATE,,ANNUAL,FIELD CROPS,702,OPERATIONS,,AREA HARVESTED,,00,,,UNITED STATES,"CORN, GRAIN, IRRIGATED - OPERATIONS WITH AREA HARVESTED",19,CORN,CENSUS,00000000,,4.2,9000
2018,2018-02-01 00:00:00.000,IA,,GRAIN,19,YEAR,,IOWA,TOTAL,CROPS,00,,,IRRIGATED,NOT SPECIFIED,ALL CLASSES,IOWA,STATE,,ANNUAL,FIELD CROPS,461,OPERATIONS,,AREA HARVESTED,,00,,,UNITED STATES,"CORN, GRAIN, IRRIGATED - OPERATIONS WITH AREA HARVESTED",19,CORN,CENSUS,00000000,,14.1,9000
2017,2018-02-01 00:00:00.000,IA,,GRAIN,19,YEAR,,IOWA,TOTAL,CROPS,00,,,IRRIGATED,NOT SPECIFIED,ALL CLASSES,IOWA,STATE,,ANNUAL,FIELD CROPS,593,OPERATIONS,,AREA HARVESTED,,00,,,UNITED STATES,"CORN, GRAIN, IRRIGATED - OPERATIONS WITH AREA HARVESTED",19,CORN,CENSUS,00000000,,8.8,9000
2013,2012-12-31 00:00:00.000,IA,,GRAIN,19,YEAR,,IOWA,TOTAL,CROPS,00,,,IRRIGATED,NOT SPECIFIED,ALL CLASSES,IOWA,STATE,,ANNUAL,FIELD CROPS,441,OPERATIONS,,AREA HARVESTED,,00,,,UNITED STATES,"CORN, GRAIN, IRRIGATED - OPERATIONS WITH AREA HARVESTED",19,CORN,CENSUS,00000000,,,9000
2012,2012-12-31 00:00:00.000,IA,,GRAIN,19,YEAR,,IOWA,TOTAL,CROPS,00,,,IRRIGATED,NOT SPECIFIED,ALL CLASSES,IOWA,STATE,,ANNUAL,FIELD CROPS,529,OPERATIONS,,AREA HARVESTED,,00,,,UNITED STATES,"CORN, GRAIN, IRRIGATED - OPERATIONS WITH AREA HARVESTED",19,CORN,CENSUS,00000000,,7.1,9000
2007,2012-01-01 00:00:00.000,IA,,GRAIN,19,YEAR,,IOWA,TOTAL,CROPS,00,,,IRRIGATED,NOT SPECIFIED,ALL CLASSES,IOWA,STATE,,ANNUAL,FIELD CROPS,566,OPERATIONS,,AREA HARVESTED,,00,,,UNITED STATES,"CORN, GRAIN, IRRIGATED - OPERATIONS WITH AREA HARVESTED",19,CORN,CENSUS,00000000,,,9000
2002,2012-01-01 00:00:00.000,IA,,GRAIN,19,YEAR,,IOWA,TOTAL,CROPS,00,,,IRRIGATED,NOT SPECIFIED,ALL CLASSES,IOWA,STATE,,ANNUAL,FIELD CROPS,416,OPERATIONS,,AREA HARVESTED,,00,,,UNITED STATES,"CORN, GRAIN, IRRIGATED - OPERATIONS WITH AREA HARVESTED",19,CORN,CENSUS,00000000,,,9000
2022,2024-07-02 12:00:00.000,IA,041,SILAGE,19,YEAR,NORTHWEST,IOWA,TOTAL,CROPS,00,CLAY,,IRRIGATED,NOT SPECIFIED,ALL CLASSES,"IOWA, NORTHWEST, CLAY",COUNTY,10,ANNUAL,FIELD CROPS,                 (D),ACRES,,AREA HARVESTED,041,00,,,UNITED STATES,"CORN, SILAGE, IRRIGATED - ACRES HARVESTED",19,CORN,CENSUS,00000000,,(D),9000
2022,2024-07-02 12:00:00.000,IA,059,SILAGE,19,YEAR,NORTHWEST,IOWA,TOTAL,CROPS,00,DICKINSON,,IRRIGATED,NOT SPECIFIED,ALL CLASSES,"IOWA, NORTHWEST, DICKINSON",COUNTY,10,ANNUAL,FIELD CROPS,                 (D),ACRES,,AREA HARVESTED,059,00,,,UNITED STATES,"CORN, SILAGE, IRRIGATED - ACRES HARVESTED",19,CORN,CENSUS,00000000,,(D),9000
2022,2024-07-02 12:00:00.000,IA,119,SILAGE,19,YEAR,NORTHWEST,IOWA,TOTAL,CROPS,00,LYON,,IRRIGATED,NOT SPECIFIED,ALL CLASSES,"IOWA, NORTHWEST, LYON",COUNTY,10,ANNUAL,FIELD CROPS,997,ACRES,,AREA HARVESTED,119,00,,,UNITED STATES,"CORN, SILAGE, IRRIGATED - ACRES HARVESTED",19,CORN,CENSUS,00000000,,92.2,9000
2017,2018-02-01 00:00:00.000,IA,119,SILAGE,19,YEAR,NORTHWEST,IOWA,TOTAL,CROPS,00,LYON,,IRRIGATED,NOT SPECIFIED,ALL CLASSES,"IOWA, NORTHWEST, LYON",COUNTY,10,ANNUAL,FIELD CROPS,                 (D),ACRES,,AREA HARVESTED,119,00,,,UNITED STATES,"CORN, SILAGE, IRRIGATED - ACRES HARVESTED",19,CORN,CENSUS,00000000,,(D),9000
2002,2012-01-01 00:00:00.000,IA,119,SILAGE,19,YEAR,NORTHWEST,IOWA,TOTAL,CROPS,00,LYON,,IRRIGATED,NOT SPECIFIED,ALL CLASSES,"IOWA, NORTHWEST, LYON",COUNTY,10,ANNUAL,FIELD CROPS,                 (D),ACRES,,AREA HARVESTED,119,00,,,UNITED STATES,"CORN, SILAGE, IRRIGATED - ACRES HARVESTED",19,CORN,CENSUS,00000000,,,9000
2012,2012-12-31 00:00:00.000,IA,141,SILAGE,19,YEAR,NORTHWEST,IOWA,TOTAL,CROPS,00,O BRIEN,,IRRIGATED,NOT SPECIFIED,ALL CLASSES,"IOWA, NORTHWEST, O BRIEN",COUNTY,10,ANNUAL,FIELD CROPS,                 (D),ACRES,,AREA HARVESTED,141,00,,,UNITED STATES,"CORN, SILAGE, IRRIGATED - ACRES HARVESTED",19,CORN,CENSUS,00000000,,(D),9000
2012,2012-12-31 00:00:00.000,IA,143,SILAGE,19,YEAR,NORTHWEST,IOWA,TOTAL,CROPS,00,OSCEOLA,,IRRIGATED,NOT SPECIFIED,ALL CLASSES,"IOWA, NORTHWEST, OSCEOLA",COUNTY,10,ANNUAL,FIELD CROPS,33,ACRES,,AREA HARVESTED,143,00,,,UNITED STATES,"CORN, SILAGE, IRRIGATED - ACRES HARVESTED",19,CORN,CENSUS,00000000,,19.8,9000
2007,2012-01-01 00:00:00.000,IA,143,SILAGE,19,YEAR,NORTHWEST,IOWA,TOTAL,CROPS,00,OSCEOLA,,IRRIGATED,NOT SPECIFIED,ALL CLASSES,"IOWA, NORTHWEST, OSCEOLA",COUNTY,10,ANNUAL,FIELD CROPS,                 (D),ACRES,,AREA HARVESTED,143,00,,,UNITED STATES,"CORN, SILAGE, IRRIGATED - ACRES HARVESTED",19,CORN,CENSUS,00000000,,,9000
2002,2012-01-01 00:00:00.000,IA,143,SILAGE,19,YEAR,NORTHWEST,IOWA,TOTAL,CROPS,00,OSCEOLA,,IRRIGATED,NOT SPECIFIED,ALL CLASSES,"IOWA, NORTHWEST, OSCEOLA",COUNTY,10,ANNUAL,FIELD CROPS,                 (D),ACRES,,AREA HARVESTED,143,00,,,UNITED STATES,"CORN, SILAGE, IRRIGATED - ACRES HARVESTED",19,CORN,CENSUS,00000000,,,9000
2022,2024-07-02 12:00:00.000,IA,147,SILAGE,19,YEAR,NORTHWEST,IOWA,TOTAL,CROPS,00,PALO ALTO,,IRRIGATED,NOT SPECIFIED,ALL CLASSES,"IOWA, NORTHWEST, PALO ALTO",COUNTY,10,ANNUAL,FIELD CROPS,                 (D),ACRES,,AREA HARVESTED,147,00,,,UNITED STATES,"CORN, SILAGE, IRRIGATED - ACRES HARVESTED",19,CORN,CENSUS,00000000,,(D),9000
2017,2018-02-01 00:00:00.000,IA,147,SILAGE,19,YEAR,NORTHWEST,IOWA,TOTAL,CROPS,00,PALO ALTO,,IRRIGATED,NOT SPECIFIED,ALL CLASSES,"IOWA, NORTHWEST, PALO ALTO",COUNTY,10,ANNUAL,FIELD CROPS,118,ACRES,,AREA HARVESTED,147,00,,,UNITED STATES,"CORN, SILAGE, IRRIGATED - ACRES HARVESTED",19,CORN,CENSUS,00000000,,3.0,9000
2012,2012-12-31 00:00:00.000,IA,147,SILAGE,19,YEAR,NORTHWEST,IOWA,TOTAL,CROPS,00,PALO ALTO,,IRRIGATED,NOT SPECIFIED,ALL CLASSES,"IOWA, NORTHWEST, PALO ALTO",COUNTY,10,ANNUAL,FIELD CROPS,                 (D),ACRES,,AREA HARVESTED,147,00,,,UNITED STATES,"CORN, SILAGE, IRRIGATED - ACRES HARVESTED",19,CORN,CENSUS,00000000,,(D),9000
2007,2012-01-01 00:00:00.000,IA,147,SILAGE,19,YEAR,NORTHWEST,IOWA,TOTAL,CROPS,00,PALO ALTO,,IRRIGATED,NOT SPECIFIED,ALL CLASSES,"IOWA, NORTHWEST, PALO ALTO",COUNTY,10,ANNUAL,FIELD CROPS,                 (D),ACRES,,AREA HARVESTED,147,00,,,UNITED STATES,"CORN, SILAGE, IRRIGATED - ACRES HARVESTED",19,CORN,CENSUS,00000000,,,9000
2017,2018-02-01 00:00:00.000,IA,149,SILAGE,19,YEAR,NORTHWEST,IOWA,TOTAL,CROPS,00,PLYMOUTH,,IRRIGATED,NOT SPECIFIED,ALL CLASSES,"IOWA, NORTHWEST, PLYMOUTH",COUNTY,10,ANNUAL,FIELD CROPS,                 (D),ACRES,,AREA HARVESTED,149,00,,,UNITED STATES,"CORN, SILAGE, IRRIGATED - ACRES HARVESTED",19,CORN,CENSUS,00000000,,(D),9000
2012,2012-12-31 00:00:00.000,IA,149,SILAGE,19,YEAR,NORTHWEST,IOWA,TOTAL,CROPS,00,PLYMOUTH,,IRRIGATED,NOT SPECIFIED,ALL CLASSES,"IOWA, NORTHWEST, PLYMOUTH",COUNTY,10,ANNUAL,FIELD CROPS,                 (D),ACRES,,AREA HARVESTED,149,00,,,UNITED STATES,"CORN, SILAGE, IRRIGATED - ACRES HARVESTED",19,CORN,CENSUS,00000000,,(D),9000
2007,2012-01-01 00:00:00.000,IA,149,SILAGE,19,YEAR,NORTHWEST,IOWA,TOTAL,CROPS,00,PLYMOUTH,,IRRIGATED,NOT SPECIFIED,ALL CLASSES,"IOWA, NORTHWEST, PLYMOUTH",COUNTY,10,ANNUAL,FIELD CROPS,                 (D),ACRES,,AREA HARVESTED,149,00,,,UNITED STATES,"CORN, SILAGE, IRRIGATED - ACRES HARVESTED",19,CORN,CENSUS,00000000,,,9000
2022,2024-07-02 12:00:00.000,IA,167,SILAGE,19,YEAR,NORTHWEST,IOWA,TOTAL,CROPS,00,SIOUX,,IRRIGATED,NOT SPECIFIED,ALL CLASSES,"IOWA, NORTHWEST, SIOUX",COUNTY,10,ANNUAL,FIELD CROPS,"3,285",ACRES,,AREA HARVESTED,167,00,,,UNITED STATES,"CORN, SILAGE, IRRIGATED - ACRES HARVESTED",19,CORN,CENSUS,00000000,,92.2,9000
2017,2018-02-01 00:00:00.000,IA,167,SILAGE,19,YEAR,NORTHWEST,IOWA,TOTAL,CROPS,00,SIOUX,,IRRIGATED,NOT SPECIFIED,ALL CLASSES,"IOWA, NORTHWEST, SIOUX",COUNTY,10,ANNUAL,FIELD CROPS,"1,270",ACRES,,AREA HARVESTED,167,00,,,UNITED STATES,"CORN, SILAGE, IRRIGATED - ACRES HARVESTED",19,CORN,CENSUS,00000000,,3.0,9000
2012,2012-12-31 00:00:00.000,IA,167,SILAGE,19,YEAR,NORTHWEST,IOWA,TOTAL,CROPS,00,SIOUX,,IRRIGATED,NOT SPECIFIED,ALL CLASSES,"IOWA, NORTHWEST, SIOUX",COUNTY,10,ANNUAL,FIELD CROPS,"1,550",ACRES,,AREA HARVESTED,167,00,,,UNITED STATES,"CORN, SILAGE, IRRIGATED - ACRES HARVESTED",19,CORN,CENSUS,00000000,,19.8,9000
2007,2012-01-01 00:00:00.000,IA,167,SILAGE,19,YEAR,NORTHWEST,IOWA,TOTAL,CROPS,00,SIOUX,,IRRIGATED,NOT SPECIFIED,ALL CLASSES,"IOWA, NORTHWEST, SIOUX",COUNTY,10,ANNUAL,FIELD CROPS,"1,301",ACRES,,AREA HARVESTED,167,00,,,UNITED STATES,"CORN, SILAGE, IRRIGATED - ACRES HARVESTED",19,CORN,CENSUS,00000000,,,9000
2002,2012-01-01 00:00:00.000,IA,167,SILAGE,19,YEAR,NORTHWEST,IOWA,TOTAL,CROPS,00,SIOUX,,IRRIGATED,NOT SPECIFIED,ALL CLASSES,"IOWA, NORTHWEST, SIOUX",COUNTY,10,ANNUAL,FIELD CROPS,76,ACRES,,AREA HARVESTED,167,00,,,UNITED STATES,"CORN, SILAGE, IRRIGATED - ACRES HARVESTED",19,CORN,CENSUS,00000000,,,9000
2017,2018-02-01 00:00:00.000,IA,067,SILAGE,19,YEAR,NORTH CENTRAL,IOWA,TOTAL,CROPS,00,FLOYD,,IRRIGATED,NOT SPECIFIED,ALL CLASSES,"IOWA, NORTH CENTRAL, FLOYD",COUNTY,20,ANNUAL,FIELD CROPS,                 (D),ACRES,,AREA HARVESTED,067,00,,,UNITED STATES,"CORN, SILAGE, IRRIGATED - ACRES HARVESTED",19,CORN,CENSUS,00000000,,(D),9000
2012,2012-12-31 00:00:00.000,IA,067,SILAGE,19,YEAR,NORTH CENTRAL,IOWA,TOTAL,CROPS,00,FLOYD,,IRRIGATED,NOT SPECIFIED,ALL CLASSES,"IOWA, NORTH CENTRAL, FLOYD",COUNTY,20,ANNUAL,FIELD CROPS,                 (D),ACRES,,AREA HARVESTED,067,00,,,UNITED STATES,"CORN, SILAGE, IRRIGATED - ACRES HARVESTED",19,CORN,CENSUS,00000000,,(D),9000
2007,2012-01-01 00:00:00.000,IA,037,SILAGE,19,YEAR,NORTHEAST,IOWA,TOTAL,CROPS,00,CHICKASAW,,IRRIGATED,NOT SPECIFIED,ALL CLASSES,"IOWA, NORTHEAST, CHICKASAW",COUNTY,30,ANNUAL,FIELD CROPS,                 (D),ACRES,,AREA HARVESTED,037,00,,,UNITED STATES,"CORN, SILAGE, IRRIGATED - ACRES HARVESTED",19,CORN,CENSUS,00000000,,,9000
2012,2012-12-31 00:00:00.000,IA,043,SILAGE,19,YEAR,NORTHEAST,IOWA,TOTAL,CROPS,00,CLAYTON,,IRRIGATED,NOT SPECIFIED,ALL CLASSES,"IOWA, NORTHEAST, CLAYTON",COUNTY,30,ANNUAL,FIELD CROPS,                 (D),ACRES,,AREA HARVESTED,043,00,,,UNITED STATES,"CORN, SILAGE, IRRIGATED - ACRES HARVESTED",19,CORN,CENSUS,00000000,,(D),9000
2022,2024-07-02 12:00:00.000,IA,055,SILAGE,19,YEAR,NORTHEAST,IOWA,TOTAL,CROPS,00,DELAWARE,,IRRIGATED,NOT SPECIFIED,ALL CLASSES,"IOWA, NORTHEAST, DELAWARE",COUNTY,30,ANNUAL,FIELD CROPS,                 (D),ACRES,,AREA HARVESTED,055,00,,,UNITED STATES,"CORN, SILAGE, IRRIGATED - ACRES HARVESTED",19,CORN,CENSUS,00000000,,(D),9000
2012,2012-12-31 00:00:00.000,IA,065,SILAGE,19,YEAR,NORTHEAST,IOWA,TOTAL,CROPS,00,FAYETTE,,IRRIGATED,NOT SPECIFIED,ALL CLASSES,"IOWA, NORTHEAST, FAYETTE",COUNTY,30,ANNUAL,FIELD CROPS,                 (D),ACRES,,AREA HARVESTED,065,00,,,UNITED STATES,"CORN, SILAGE, IRRIGATED - ACRES HARVESTED",19,CORN,CENSUS,00000000,,(D),9000
2002,2012-01-01 00:00:00.000,IA,065,SILAGE,19,YEAR,NORTHEAST,IOWA,TOTAL,CROPS,00,FAYETTE,,IRRIGATED,NOT SPECIFIED,ALL CLASSES,"IOWA, NORTHEAST, FAYETTE",COUNTY,30,ANNUAL,FIELD CROPS,                 (D),ACRES,,AREA HARVESTED,065,00,,,UNITED STATES,"CORN, SILAGE, IRRIGATED - ACRES HARVESTED",19,CORN,CENSUS,00000000,,,9000
2012,2012-12-31 00:00:00.000,IA,089,SILAGE,19,YEAR,NORTHEAST,IOWA,TOTAL,CROPS,00,HOWARD,,IRRIGATED,NOT SPECIFIED,ALL CLASSES,"IOWA, NORTHEAST, HOWARD",COUNTY,30,ANNUAL,FIELD CROPS,9,ACRES,,AREA HARVESTED,089,00,,,UNITED STATES,"CORN, SILAGE, IRRIGATED - ACRES HARVESTED",19,CORN,CENSUS,00000000,,19.8,9000
2007,2012-01-01 00:00:00.000,IA,089,SILAGE,19,YEAR,NORTHEAST,IOWA,TOTAL,CROPS,00,HOWARD,,IRRIGATED,NOT SPECIFIED,ALL CLASSES,"IOWA, NORTHEAST, HOWARD",COUNTY,30,ANNUAL,FIELD CROPS,                 (D),ACRES,,AREA HARVESTED,089,00,,,UNITED STATES,"CORN, SILAGE, IRRIGATED - ACRES HARVESTED",19,CORN,CENSUS,00000000,,,9000
2007,2012-01-01 00:00:00.000,IA,025,SILAGE,19,YEAR,WEST CENTRAL,IOWA,TOTAL,CROPS,00,CALHOUN,,IRRIGATED,NOT SPECIFIED,ALL CLASSES,"IOWA, WEST CENTRAL, CALHOUN",COUNTY,40,ANNUAL,FIELD CROPS,                 (D),ACRES,,AREA HARVESTED,025,00,,,UNITED STATES,"CORN, SILAGE, IRRIGATED - ACRES HARVESTED",19,CORN,CENSUS,00000000,,,9000
2022,2024-07-02 12:00:00.000,IA,047,SILAGE,19,YEAR,WEST CENTRAL,IOWA,TOTAL,CROPS,00,CRAWFORD,,IRRIGATED,NOT SPECIFIED,ALL CLASSES,"IOWA, WEST CENTRAL, CRAWFORD",COUNTY,40,ANNUAL,FIELD CROPS,                 (D),ACRES,,AREA HARVESTED,047,00,,,UNITED STATES,"CORN, SILAGE, IRRIGATED - ACRES HARVESTED",19,CORN,CENSUS,00000000,,(D),9000
2017,2018-02-01 00:00:00.000,IA,093,SILAGE,19,YEAR,WEST CENTRAL,IOWA,TOTAL,CROPS,00,IDA,,IRRIGATED,NOT SPECIFIED,ALL CLASSES,"IOWA, WEST CENTRAL, IDA",COUNTY,40,ANNUAL,FIELD CROPS,                 (D),ACRES,,AREA HARVESTED,093,00,,,UNITED STATES,"CORN, SILAGE, IRRIGATED - ACRES HARVESTED",19,CORN,CENSUS,00000000,,(D),9000
2022,2024-07-02 12:00:00.000,IA,133,SILAGE,19,YEAR,WEST CENTRAL,IOWA,TOTAL,CROPS,00,MONONA,,IRRIGATED,NOT SPECIFIED,ALL CLASSES,"IOWA, WEST CENTRAL, MONONA",COUNTY,40,ANNUAL,FIELD CROPS,                 (D),ACRES,,AREA HARVESTED,133,00,,,UNITED STATES,"CORN, SILAGE, IRRIGATED - ACRES HARVESTED",19,CORN,CENSUS,00000000,,(D),9000
2002,2012-01-01 00:00:00.000,IA,133,SILAGE,19,YEAR,WEST CENTRAL,IOWA,TOTAL,CROPS,00,MONONA,,IRRIGATED,NOT SPECIFIED,ALL CLASSES,"IOWA, WEST CENTRAL, MONONA",COUNTY,40,ANNUAL,FIELD CROPS,                 (D),ACRES,,AREA HARVESTED,133,00,,,UNITED STATES,"CORN, SILAGE, IRRIGATED - ACRES HARVESTED",19,CORN,CENSUS,00000000,,,9000
2017,2018-02-01 00:00:00.000,IA,161,SILAGE,19,YEAR,WEST CENTRAL,IOWA,TOTAL,CROPS,00,SAC,,IRRIGATED,NOT SPECIFIED,ALL CLASSES,"IOWA, WEST CENTRAL, SAC",COUNTY,40,ANNUAL,FIELD CROPS,                 (D),ACRES,,AREA HARVESTED,161,00,,,UNITED STATES,"CORN, SILAGE, IRRIGATED - ACRES HARVESTED",19,CORN,CENSUS,00000000,,(D),9000
2017,2018-02-01 00:00:00.000,IA,165,SILAGE,19,YEAR,WEST CENTRAL,IOWA,TOTAL,CROPS,00,SHELBY,,IRRIGATED,NOT SPECIFIED,ALL CLASSES,"IOWA, WEST CENTRAL, SHELBY",COUNTY,40,ANNUAL,FIELD CROPS,                 (D),ACRES,,AREA HARVESTED,165,00,,,UNITED STATES,"CORN, SILAGE, IRRIGATED - ACRES HARVESTED",19,CORN,CENSUS,00000000,,(D),9000
2022,2024-07-02 12:00:00.000,IA,193,SILAGE,19,YEAR,WEST CENTRAL,IOWA,TOTAL,CROPS,00,WOODBURY,,IRRIGATED,NOT SPECIFIED,ALL CLASSES,"IOWA, WEST CENTRAL, WOODBURY",COUNTY,40,ANNUAL,FIELD CROPS,                 (D),ACRES,,AREA HARVESTED,193,00,,,UNITED STATES,"CORN, SILAGE, IRRIGATED - ACRES HARVESTED",19,CORN,CENSUS,00000000,,(D),9000
2022,2024-07-02 12:00:00.000,IA,157,SILAGE,19,YEAR,CENTRAL,IOWA,TOTAL,CROPS,00,POWESHIEK,,IRRIGATED,NOT SPECIFIED,ALL CLASSES,"IOWA, CENTRAL, POWESHIEK",COUNTY,50,ANNUAL,FIELD CROPS,                 (D),ACRES,,AREA HARVESTED,157,00,,,UNITED STATES,"CORN, SILAGE, IRRIGATED - ACRES HARVESTED",19,CORN,CENSUS,00000000,,(D),9000
2012,2012-12-31 00:00:00.000,IA,169,SILAGE,19,YEAR,CENTRAL,IOWA,TOTAL,CROPS,00,STORY,,IRRIGATED,NOT SPECIFIED,ALL CLASSES,"IOWA, CENTRAL, STORY",COUNTY,50,ANNUAL,FIELD CROPS,                 (D),ACRES,,AREA HARVESTED,169,00,,,UNITED STATES,"CORN, SILAGE, IRRIGATED - ACRES HARVESTED",19,CORN,CENSUS,00000000,,(D),9000
2012,2012-12-31 00:00:00.000,IA,031,SILAGE,19,YEAR,EAST CENTRAL,IOWA,TOTAL,CROPS,00,CEDAR,,IRRIGATED,NOT SPECIFIED,ALL CLASSES,"IOWA, EAST CENTRAL, CEDAR",COUNTY,60,ANNUAL,FIELD CROPS,                 (D),ACRES,,AREA HARVESTED,031,00,,,UNITED STATES,"CORN, SILAGE, IRRIGATED - ACRES HARVESTED",19,CORN,CENSUS,00000000,,(D),9000
2022,2024-07-02 12:00:00.000,IA,095,SILAGE,19,YEAR,EAST CENTRAL,IOWA,TOTAL,CROPS,00,IOWA,,IRRIGATED,NOT SPECIFIED,ALL CLASSES,"IOWA, EAST CENTRAL, IOWA",COUNTY,60,ANNUAL,FIELD CROPS,                 (D),ACRES,,AREA HARVESTED,095,00,,,UNITED STATES,"CORN, SILAGE, IRRIGATED - ACRES HARVESTED",19,CORN,CENSUS,00000000,,(D),9000
2022,2024-07-02 12:00:00.000,IA,097,SILAGE,19,YEAR,EAST CENTRAL,IOWA,TOTAL,CROPS,00,JACKSON,,IRRIGATED,NOT SPECIFIED,ALL CLASSES,"IOWA, EAST CENTRAL, JACKSON",COUNTY,60,ANNUAL,FIELD CROPS,                 (D),ACRES,,AREA HARVESTED,097,00,,,UNITED STATES,"CORN, SILAGE, IRRIGATED - ACRES HARVESTED",19,CORN,CENSUS,00000000,,(D),9000
2022,2024-07-02 12:00:00.000,IA,139,SILAGE,19,YEAR,EAST CENTRAL,IOWA,TOTAL,CROPS,00,MUSCATINE,,IRRIGATED,NOT SPECIFIED,ALL CLASSES,"IOWA, EAST CENTRAL, MUSCATINE",COUNTY,60,ANNUAL,FIELD CROPS,                 (D),ACRES,,AREA HARVESTED,139,00,,,UNITED STATES,"CORN, SILAGE, IRRIGATED - ACRES HARVESTED",19,CORN,CENSUS,00000000,,(D),9000
2002,2012-01-01 00:00:00.000,IA,139,SILAGE,19,YEAR,EAST CENTRAL,IOWA,TOTAL,CROPS,00,MUSCATINE,,IRRIGATED,NOT SPECIFIED,ALL CLASSES,"IOWA, EAST CENTRAL, MUSCATINE",COUNTY,60,ANNUAL,FIELD CROPS,                 (D),ACRES,,AREA HARVESTED,139,00,,,UNITED STATES,"CORN, SILAGE, IRRIGATED - ACRES HARVESTED",19,CORN,CENSUS,00000000,,,9000
2017,2018-02-01 00:00:00.000,IA,029,SILAGE,19,YEAR,SOUTHWEST,IOWA,TOTAL,CROPS,00,CASS,,IRRIGATED,NOT SPECIFIED,ALL CLASSES,"IOWA, SOUTHWEST, CASS",COUNTY,70,ANNUAL,FIELD CROPS,                 (D),ACRES,,AREA HARVESTED,029,00,,,UNITED STATES,"CORN, SILAGE, IRRIGATED - ACRES HARVESTED",19,CORN,CENSUS,00000000,,(D),9000
2007,2012-01-01 00:00:00.000,IA,029,SILAGE,19,YEAR,SOUTHWEST,IOWA,TOTAL,CROPS,00,CASS,,IRRIGATED,NOT SPECIFIED,ALL CLASSES,"IOWA, SOUTHWEST, CASS",COUNTY,70,ANNUAL,FIELD CROPS,                 (D),ACRES,,AREA HARVESTED,029,00,,,UNITED STATES,"CORN, SILAGE, IRRIGATED - ACRES HARVESTED",19,CORN,CENSUS,00000000,,,9000
2002,2012-01-01 00:00:00.000,IA,029,SILAGE,19,YEAR,SOUTHWEST,IOWA,TOTAL,CROPS,00,CASS,,IRRIGATED,NOT SPECIFIED,ALL CLASSES,"IOWA, SOUTHWEST, CASS",COUNTY,70,ANNUAL,FIELD CROPS,                 (D),ACRES,,AREA HARVESTED,029,00,,,UNITED STATES,"CORN, SILAGE, IRRIGATED - ACRES HARVESTED",19,CORN,CENSUS,00000000,,,9000
2017,2018-02-01 00:00:00.000,IA,071,SILAGE,19,YEAR,SOUTHWEST,IOWA,TOTAL,CROPS,00,FREMONT,,IRRIGATED,NOT SPECIFIED,ALL CLASSES,"IOWA, SOUTHWEST, FREMONT",COUNTY,70,ANNUAL,FIELD CROPS,                 (D),ACRES,,AREA HARVESTED,071,00,,,UNITED STATES,"CORN, SILAGE, IRRIGATED - ACRES HARVESTED",19,CORN,CENSUS,00000000,,(D),9000
2012,2012-12-31 00:00:00.000,IA,137,SILAGE,19,YEAR,SOUTHWEST,IOWA,TOTAL,CROPS,00,MONTGOMERY,,IRRIGATED,NOT SPECIFIED,ALL CLASSES,"IOWA, SOUTHWEST, MONTGOMERY",COUNTY,70,ANNUAL,FIELD CROPS,                 (D),ACRES,,AREA HARVESTED,137,00,,,UNITED STATES,"CORN, SILAGE, IRRIGATED - ACRES HARVESTED",19,CORN,CENSUS,00000000,,(D),9000
2012,2012-12-31 00:00:00.000,IA,155,SILAGE,19,YEAR,SOUTHWEST,IOWA,TOTAL,CROPS,00,POTTAWATTAMIE,,IRRIGATED,NOT SPECIFIED,ALL CLASSES,"IOWA, SOUTHWEST, POTTAWATTAMIE",COUNTY,70,ANNUAL,FIELD CROPS,                 (D),ACRES,,AREA HARVESTED,155,00,,,UNITED STATES,"CORN, SILAGE, IRRIGATED - ACRES HARVESTED",19,CORN,CENSUS,00000000,,(D),9000
2012,2012-12-31 00:00:00.000,IA,159,SILAGE,19,YEAR,SOUTH CENTRAL,IOWA,TOTAL,CROPS,00,RINGGOLD,,IRRIGATED,NOT SPECIFIED,ALL CLASSES,"IOWA, SOUTH CENTRAL, RINGGOLD",COUNTY,80,ANNUAL,FIELD CROPS,                 (D),ACRES,,AREA HARVESTED,159,00,,,UNITED STATES,"CORN, SILAGE, IRRIGATED - ACRES HARVESTED",19,CORN,CENSUS,00000000,,(D),9000
2012,2012-12-31 00:00:00.000,IA,051,SILAGE,19,YEAR,SOUTHEAST,IOWA,TOTAL,CROPS,00,DAVIS,,IRRIGATED,NOT SPECIFIED,ALL CLASSES,"IOWA, SOUTHEAST, DAVIS",COUNTY,90,ANNUAL,FIELD CROPS,44,ACRES,,AREA HARVESTED,051,00,,,UNITED STATES,"CORN, SILAGE, IRRIGATED - ACRES HARVESTED",19,CORN,CENSUS,00000000,,19.8,9000
2022,2024-07-02 12:00:00.000,IA,123,SILAGE,19,YEAR,SOUTHEAST,IOWA,TOTAL,CROPS,00,MAHASKA,,IRRIGATED,NOT SPECIFIED,ALL CLASSES,"IOWA, SOUTHEAST, MAHASKA",COUNTY,90,ANNUAL,FIELD CROPS,                 (D),ACRES,,AREA HARVESTED,123,00,,,UNITED STATES,"CORN, SILAGE, IRRIGATED - ACRES HARVESTED",19,CORN,CENSUS,00000000,,(D),9000
2007,2012-01-01 00:00:00.000,IA,183,SILAGE,19,YEAR,SOUTHEAST,IOWA,TOTAL,CROPS,00,WASHINGTON,,IRRIGATED,NOT SPECIFIED,ALL CLASSES,"IOWA, SOUTHEAST, WASHINGTON",COUNTY,90,ANNUAL,FIELD CROPS,                 (D),ACRES,,AREA HARVESTED,183,00,,,UNITED STATES,"CORN, SILAGE, IRRIGATED - ACRES HARVESTED",19,CORN,CENSUS,00000000,,,9000
2023,2024-10-31 12:00:00.000,IA,,SILAGE,19,YEAR,,IOWA,TOTAL,CROPS,00,,,IRRIGATED,NOT SPECIFIED,ALL CLASSES,IOWA,STATE,,ANNUAL,FIELD CROPS,714,ACRES,,AREA HARVESTED,,00,,,UNITED STATES,"CORN, SILAGE, IRRIGATED - ACRES HARVESTED",19,CORN,CENSUS,00000000,,(H),9000
2022,2025-08-19 12:00:00.000,IA,,SILAGE,19,YEAR,,IOWA,TOTAL,CROPS,00,,,IRRIGATED,NOT SPECIFIED,ALL CLASSES,IOWA,STATE,,ANNUAL,FIELD CROPS,"4,945",ACRES,,AREA HARVESTED,,00,,,UNITED STATES,"CORN, SILAGE, IRRIGATED - ACRES HARVESTED",19,CORN,CENSUS,00000000,,60.9,9000
2018,2018-02-01 00:00:00.000,IA,,SILAGE,19,YEAR,,IOWA,TOTAL,CROPS,00,,,IRRIGATED,NOT SPECIFIED,ALL CLASSES,IOWA,STATE,,ANNUAL,FIELD CROPS,720,ACRES,,AREA HARVESTED,,00,,,UNITED STATES,"CORN, SILAGE, IRRIGATED - ACRES HARVESTED",19,CORN,CENSUS,00000000,,28.1,9000
2017,2018-02-01 00:00:00.000,IA,,SILAGE,19,YEAR,,IOWA,TOTAL,CROPS,00,,,IRRIGATED,NOT SPECIFIED,ALL CLASSES,IOWA,STATE,,ANNUAL,FIELD CROPS,"2,259",ACRES,,AREA HARVESTED,,00,,,UNITED STATES,"CORN, SILAGE, IRRIGATED - ACRES HARVESTED",19,CORN,CENSUS,00000000,,8.1,9000
2013,2012-12-31 00:00:00.000,IA,,SILAGE,19,YEAR,,IOWA,TOTAL,CROPS,00,,,IRRIGATED,NOT SPECIFIED,ALL CLASSES,IOWA,STATE,,ANNUAL,FIELD CROPS,762,ACRES,,AREA HARVESTED,,00,,,UNITED STATES,"CORN, SILAGE, IRRIGATED - ACRES HARVESTED",19,CORN,CENSUS,00000000,,,9000
2012,2012-12-31 00:00:00.000,IA,,SILAGE,19,YEAR,,IOWA,TOTAL,CROPS,00,,,IRRIGATED,NOT SPECIFIED,ALL CLASSES,IOWA,STATE,,ANNUAL,FIELD CROPS,"2,484",ACRES,,AREA HARVESTED,,00,,,UNITED STATES,"CORN, SILAGE, IRRIGATED - ACRES HARVESTED",19,CORN,CENSUS,00000000,,13.6,9000
2007,2012-01-01 00:00:00.000,IA,,SILAGE,19,YEAR,,IOWA,TOTAL,CROPS,00,,,IRRIGATED,NOT SPECIFIED,ALL CLASSES,IOWA,STATE,,ANNUAL,FIELD CROPS,"1,889",ACRES,,AREA HARVESTED,,00,,,UNITED STATES,"CORN, SILAGE, IRRIGATED - ACRES HARVESTED",19,CORN,CENSUS,00000000,,,9000
2002,2012-01-01 00:00:00.000,IA,,SILAGE,19,YEAR,,IOWA,TOTAL,CROPS,00,,,IRRIGATED,NOT SPECIFIED,ALL CLASSES,IOWA,STATE,,ANNUAL,FIELD CROPS,514,ACRES,,AREA HARVESTED,,00,,,UNITED STATES,"CORN, SILAGE, IRRIGATED - ACRES HARVESTED",19,CORN,CENSUS,00000000,,,9000
2022,2024-07-02 12:00:00.000,IA,041,SILAGE,19,YEAR,NORTHWEST,IOWA,TOTAL,CROPS,00,CLAY,,IRRIGATED,NOT SPECIFIED,ALL CLASSES,"IOWA, NORTHWEST, CLAY",COUNTY,10,ANNUAL,FIELD CROPS,2,OPERATIONS,,AREA HARVESTED,041,00,,,UNITED STATES,"CORN, SILAGE, IRRIGATED - OPERATIONS WITH AREA HARVESTED",19,CORN,CENSUS,00000000,,29.5,9000
2022,2024-07-02 12:00:00.000,IA,059,SILAGE,19,YEAR,NORTHWEST,IOWA,TOTAL,CROPS,00,DICKINSON,,IRRIGATED,NOT SPECIFIED,ALL CLASSES,"IOWA, NORTHWEST, DICKINSON",COUNTY,10,ANNUAL,FIELD CROPS,1,OPERATIONS,,AREA HARVESTED,059,00,,,UNITED STATES,"CORN, SILAGE, IRRIGATED - OPERATIONS WITH AREA HARVESTED",19,CORN,CENSUS,00000000,,(L),9000
2022,2024-07-02 12:00:00.000,IA,119,SILAGE,19,YEAR,NORTHWEST,IOWA,TOTAL,CROPS,00,LYON,,IRRIGATED,NOT SPECIFIED,ALL CLASSES,"IOWA, NORTHWEST, LYON",COUNTY,10,ANNUAL,FIELD CROPS,9,OPERATIONS,,AREA HARVESTED,119,00,,,UNITED STATES,"CORN, SILAGE, IRRIGATED - OPERATIONS WITH AREA HARVESTED",19,CORN,CENSUS,00000000,,29.5,9000
2017,2018-02-01 00:00:00.000,IA,119,SILAGE,19,YEAR,NORTHWEST,IOWA,TOTAL,CROPS,00,LYON,,IRRIGATED,NOT SPECIFIED,ALL CLASSES,"IOWA, NORTHWEST, LYON",COUNTY,10,ANNUAL,FIELD CROPS,2,OPERATIONS,,AREA HARVESTED,119,00,,,UNITED STATES,"CORN, SILAGE, IRRIGATED - OPERATIONS WITH AREA HARVESTED",19,CORN,CENSUS,00000000,,21.3,9000
2002,2012-01-01 00:00:00.000,IA,119,SILAGE,19,YEAR,NORTHWEST,IOWA,TOTAL,CROPS,00,LYON,,IRRIGATED,NOT SPECIFIED,ALL CLASSES,"IOWA, NORTHWEST, LYON",COUNTY,10,ANNUAL,FIELD CROPS,1,OPERATIONS,,AREA HARVESTED,119,00,,,UNITED STATES,"CORN, SILAGE, IRRIGATED - OPERATIONS WITH AREA HARVESTED",19,CORN,CENSUS,00000000,,,9000
2012,2012-12-31 00:00:00.000,IA,141,SILAGE,19,YEAR,NORTHWEST,IOWA,TOTAL,CROPS,00,O BRIEN,,IRRIGATED,NOT SPECIFIED,ALL CLASSES,"IOWA, NORTHWEST, O BRIEN",COUNTY,10,ANNUAL,FIELD CROPS,1,OPERATIONS,,AREA HARVESTED,141,00,,,UNITED STATES,"CORN, SILAGE, IRRIGATED - OPERATIONS WITH AREA HARVESTED",19,CORN,CENSUS,00000000,,26.9,9000
2012,2012-12-31 00:00:00.000,IA,143,SILAGE,19,YEAR,NORTHWEST,IOWA,TOTAL,CROPS,00,OSCEOLA,,IRRIGATED,NOT SPECIFIED,ALL CLASSES,"IOWA, NORTHWEST, OSCEOLA",COUNTY,10,ANNUAL,FIELD CROPS,3,OPERATIONS,,AREA HARVESTED,143,00,,,UNITED STATES,"CORN, SILAGE, IRRIGATED - OPERATIONS WITH AREA HARVESTED",19,CORN,CENSUS,00000000,,26.9,9000
2007,2012-01-01 00:00:00.000,IA,143,SILAGE,19,YEAR,NORTHWEST,IOWA,TOTAL,CROPS,00,OSCEOLA,,IRRIGATED,NOT SPECIFIED,ALL CLASSES,"IOWA, NORTHWEST, OSCEOLA",COUNTY,10,ANNUAL,FIELD CROPS,2,OPERATIONS,,AREA HARVESTED,143,00,,,UNITED STATES,"CORN, SILAGE, IRRIGATED - OPERATIONS WITH AREA HARVESTED",19,CORN,CENSUS,00000000,,,9000
2002,2012-01-01 00:00:00.000,IA,143,SILAGE,19,YEAR,NORTHWEST,IOWA,TOTAL,CROPS,00,OSCEOLA,,IRRIGATED,NOT SPECIFIED,ALL CLASSES,"IOWA, NORTHWEST, OSCEOLA",COUNTY,10,ANNUAL,FIELD CROPS,2,OPERATIONS,,AREA HARVESTED,143,00,,,UNITED STATES,"CORN, SILAGE, IRRIGATED - OPERATIONS WITH AREA HARVESTED",19,CORN,CENSUS,00000000,,,9000
2022,2024-07-02 12:00:00.000,IA,147,SILAGE,19,YEAR,NORTHWEST,IOWA,TOTAL,CROPS,00,PALO ALTO,,IRRIGATED,NOT SPECIFIED,ALL CLASSES,"IOWA, NORTHWEST, PALO ALTO",COUNTY,10,ANNUAL,FIELD CROPS,2,OPERATIONS,,AREA HARVESTED,147,00,,,UNITED STATES,"CORN, SILAGE, IRRIGATED - OPERATIONS WITH AREA HARVESTED",19,CORN,CENSUS,00000000,,(L),9000
2017,2018-02-01 00:00:00.000,IA,147,SILAGE,19,YEAR,NORTHWEST,IOWA,TOTAL,CROPS,00,PALO ALTO,,IRRIGATED,NOT SPECIFIED,ALL CLASSES,"IOWA, NORTHWEST, PALO ALTO",COUNTY,10,ANNUAL,FIELD CROPS,3,OPERATIONS,,AREA HARVESTED,147,00,,,UNITED STATES,"CORN, SILAGE, IRRIGATED - OPERATIONS WITH AREA HARVESTED",19,CORN,CENSUS,00000000,,21.3,9000
2012,2012-12-31 00:00:00.000,IA,147,SILAGE,19,YEAR,NORTHWEST,IOWA,TOTAL,CROPS,00,PALO ALTO,,IRRIGATED,NOT SPECIFIED,ALL CLASSES,"IOWA, NORTHWEST, PALO ALTO",COUNTY,10,ANNUAL,FIELD CROPS,2,OPERATIONS,,AREA HARVESTED,147,00,,,UNITED STATES,"CORN, SILAGE, IRRIGATED - OPERATIONS WITH AREA HARVESTED",19,CORN,CENSUS,00000000,,26.9,9000
2007,2012-01-01 00:00:00.000,IA,147,SILAGE,19,YEAR,NORTHWEST,IOWA,TOTAL,CROPS,00,PALO ALTO,,IRRIGATED,NOT SPECIFIED,ALL CLASSES,"IOWA, NORTHWEST, PALO ALTO",COUNTY,10,ANNUAL,FIELD CROPS,1,OPERATIONS,,AREA HARVESTED,147,00,,,UNITED STATES,"CORN, SILAGE, IRRIGATED - OPERATIONS WITH AREA HARVESTED",19,CORN,CENSUS,00000000,,,9000
2017,2018-02-01 00:00:00.000,IA,149,SILAGE,19,YEAR,NORTHWEST,IOWA,TOTAL,CROPS,00,PLYMOUTH,,IRRIGATED,NOT SPECIFIED,ALL CLASSES,"IOWA, NORTHWEST, PLYMOUTH",COUNTY,10,ANNUAL,FIELD CROPS,1,OPERATIONS,,AREA HARVESTED,149,00,,,UNITED STATES,"CORN, SILAGE, IRRIGATED - OPERATIONS WITH AREA HARVESTED",19,CORN,CENSUS,00000000,,21.3,9000
2012,2012-12-31 00:00:00.000,IA,149,SILAGE,19,YEAR,NORTHWEST,IOWA,TOTAL,CROPS,00,PLYMOUTH,,IRRIGATED,NOT SPECIFIED,ALL CLASSES,"IOWA, NORTHWEST, PLYMOUTH",COUNTY,10,ANNUAL,FIELD CROPS,2,OPERATIONS,,AREA HARVESTED,149,00,,,UNITED STATES,"CORN, SILAGE, IRRIGATED - OPERATIONS WITH AREA HARVESTED",19,CORN,CENSUS,00000000,,26.9,9000
2007,2012-01-01 00:00:00.000,IA,149,SILAGE,19,YEAR,NORTHWEST,IOWA,TOTAL,CROPS,00,PLYMOUTH,,IRRIGATED,NOT SPECIFIED,ALL CLASSES,"IOWA, NORTHWEST, PLYMOUTH",COUNTY,10,ANNUAL,FIELD CROPS,1,OPERATIONS,,AREA HARVESTED,149,00,,,UNITED STATES,"CORN, SILAGE, IRRIGATED - OPERATIONS WITH AREA HARVESTED",19,CORN,CENSUS,00000000,,,9000
2022,2024-07-02 12:00:00.000,IA,167,SILAGE,19,YEAR,NORTHWEST,IOWA,TOTAL,CROPS,00,SIOUX,,IRRIGATED,NOT SPECIFIED,ALL CLASSES,"IOWA, NORTHWEST, SIOUX",COUNTY,10,ANNUAL,FIELD CROPS,13,OPERATIONS,,AREA HARVESTED,167,00,,,UNITED STATES,"CORN, SILAGE, IRRIGATED - OPERATIONS WITH AREA HARVESTED",19,CORN,CENSUS,00000000,,29.5,9000
2017,2018-02-01 00:00:00.000,IA,167,SILAGE,19,YEAR,NORTHWEST,IOWA,TOTAL,CROPS,00,SIOUX,,IRRIGATED,NOT SPECIFIED,ALL CLASSES,"IOWA, NORTHWEST, SIOUX",COUNTY,10,ANNUAL,FIELD CROPS,7,OPERATIONS,,AREA HARVESTED,167,00,,,UNITED STATES,"CORN, SILAGE, IRRIGATED - OPERATIONS WITH AREA HARVESTED",19,CORN,CENSUS,00000000,,21.3,9000
2012,2012-12-31 00:00:00.000,IA,167,SILAGE,19,YEAR,NORTHWEST,IOWA,TOTAL,CROPS,00,SIOUX,,IRRIGATED,NOT SPECIFIED,ALL CLASSES,"IOWA, NORTHWEST, SIOUX",COUNTY,10,ANNUAL,FIELD CROPS,13,OPERATIONS,,AREA HARVESTED,167,00,,,UNITED STATES,"CORN, SILAGE, IRRIGATED - OPERATIONS WITH AREA HARVESTED",19,CORN,CENSUS,00000000,,26.9,9000
2007,2012-01-01 00:00:00.000,IA,167,SILAGE,19,YEAR,NORTHWEST,IOWA,TOTAL,CROPS,00,SIOUX,,IRRIGATED,NOT SPECIFIED,ALL CLASSES,"IOWA, NORTHWEST, SIOUX",COUNTY,10,ANNUAL,FIELD CROPS,11,OPERATIONS,,AREA HARVESTED,167,00,,,UNITED STATES,"CORN, SILAGE, IRRIGATED - OPERATIONS WITH AREA HARVESTED",19,CORN,CENSUS,00000000,,,9000
2002,2012-01-01 00:00:00.000,IA,167,SILAGE,19,YEAR,NORTHWEST,IOWA,TOTAL,CROPS,00,SIOUX,,IRRIGATED,NOT SPECIFIED,ALL CLASSES,"IOWA, NORTHWEST, SIOUX",COUNTY,10,ANNUAL,FIELD CROPS,5,OPERATIONS,,AREA HARVESTED,167,00,,,UNITED STATES,"CORN, SILAGE, IRRIGATED - OPERATIONS WITH AREA HARVESTED",19,CORN,CENSUS,00000000,,,9000
2017,2018-02-01 00:00:00.000,IA,067,SILAGE,19,YEAR,NORTH CENTRAL,IOWA,TOTAL,CROPS,00,FLOYD,,IRRIGATED,NOT SPECIFIED,ALL CLASSES,"IOWA, NORTH CENTRAL, FLOYD",COUNTY,20,ANNUAL,FIELD CROPS,1,OPERATIONS,,AREA HARVESTED,067,00,,,UNITED STATES,"CORN, SILAGE, IRRIGATED - OPERATIONS WITH AREA HARVESTED",19,CORN,CENSUS,00000000,,21.3,9000
2012,2012-12-31 00:00:00.000,IA,067,SILAGE,19,YEAR,NORTH CENTRAL,IOWA,TOTAL,CROPS,00,FLOYD,,IRRIGATED,NOT SPECIFIED,ALL CLASSES,"IOWA, NORTH CENTRAL, FLOYD",COUNTY,20,ANNUAL,FIELD CROPS,1,OPERATIONS,,AREA HARVESTED,067,00,,,UNITED STATES,"CORN, SILAGE, IRRIGATED - OPERATIONS WITH AREA HARVESTED",19,CORN,CENSUS,00000000,,26.9,9000
2007,2012-01-01 00:00:00.000,IA,037,SILAGE,19,YEAR,NORTHEAST,IOWA,TOTAL,CROPS,00,CHICKASAW,,IRRIGATED,NOT SPECIFIED,ALL CLASSES,"IOWA, NORTHEAST, CHICKASAW",COUNTY,30,ANNUAL,FIELD CROPS,2,OPERATIONS,,AREA HARVESTED,037,00,,,UNITED STATES,"CORN, SILAGE, IRRIGATED - OPERATIONS WITH AREA HARVESTED",19,CORN,CENSUS,00000000,,,9000
2012,2012-12-31 00:00:00.000,IA,043,SILAGE,19,YEAR,NORTHEAST,IOWA,TOTAL,CROPS,00,CLAYTON,,IRRIGATED,NOT SPECIFIED,ALL CLASSES,"IOWA, NORTHEAST, CLAYTON",COUNTY,30,ANNUAL,FIELD CROPS,1,OPERATIONS,,AREA HARVESTED,043,00,,,UNITED STATES,"CORN, SILAGE, IRRIGATED - OPERATIONS WITH AREA HARVESTED",19,CORN,CENSUS,00000000,,26.9,9000
2022,2024-07-02 12:00:00.000,IA,055,SILAGE,19,YEAR,NORTHEAST,IOWA,TOTAL,CROPS,00,DELAWARE,,IRRIGATED,NOT SPECIFIED,ALL CLASSES,"IOWA, NORTHEAST, DELAWARE",COUNTY,30,ANNUAL,FIELD CROPS,2,OPERATIONS,,AREA HARVESTED,055,00,,,UNITED STATES,"CORN, SILAGE, IRRIGATED - OPERATIONS WITH AREA HARVESTED",19,CORN,CENSUS,00000000,,(L),9000
2012,2012-12-31 00:00:00.000,IA,065,SILAGE,19,YEAR,NORTHEAST,IOWA,TOTAL,CROPS,00,FAYETTE,,IRRIGATED,NOT SPECIFIED,ALL CLASSES,"IOWA, NORTHEAST, FAYETTE",COUNTY,30,ANNUAL,FIELD CROPS,1,OPERATIONS,,AREA HARVESTED,065,00,,,UNITED STATES,"CORN, SILAGE, IRRIGATED - OPERATIONS WITH AREA HARVESTED",19,CORN,CENSUS,00000000,,26.9,9000
2002,2012-01-01 00:00:00.000,IA,065,SILAGE,19,YEAR,NORTHEAST,IOWA,TOTAL,CROPS,00,FAYETTE,,IRRIGATED,NOT SPECIFIED,ALL CLASSES,"IOWA, NORTHEAST, FAYETTE",COUNTY,30,ANNUAL,FIELD CROPS,1,OPERATIONS,,AREA HARVESTED,065,00,,,UNITED STATES,"CORN, SILAGE, IRRIGATED - OPERATIONS WITH AREA HARVESTED",19,CORN,CENSUS,00000000,,,9000
2012,2012-12-31 00:00:00.000,IA,089,SILAGE,19,YEAR,NORTHEAST,IOWA,TOTAL,CROPS,00,HOWARD,,IRRIGATED,NOT SPECIFIED,ALL CLASSES,"IOWA, NORTHEAST, HOWARD",COUNTY,30,ANNUAL,FIELD CROPS,3,OPERATIONS,,AREA HARVESTED,089,00,,,UNITED STATES,"CORN, SILAGE, IRRIGATED - OPERATIONS WITH AREA HARVESTED",19,CORN,CENSUS,00000000,,26.9,9000
2007,2012-01-01 00:00:00.000,IA,089,SILAGE,19,YEAR,NORTHEAST,IOWA,TOTAL,CROPS,00,HOWARD,,IRRIGATED,NOT SPECIFIED,ALL CLASSES,"IOWA, NORTHEAST, HOWARD",COUNTY,30,ANNUAL,FIELD CROPS,2,OPERATIONS,,AREA HARVESTED,089,00,,,UNITED STATES,"CORN, SILAGE, IRRIGATED - OPERATIONS WITH AREA HARVESTED",19,CORN,CENSUS,00000000,,,9000
2007,2012-01-01 00:00:00.000,IA,025,SILAGE,19,YEAR,WEST CENTRAL,IOWA,TOTAL,CROPS,00,CALHOUN,,IRRIGATED,NOT SPECIFIED,ALL CLASSES,"IOWA, WEST CENTRAL, CALHOUN",COUNTY,40,ANNUAL,FIELD CROPS,1,OPERATIONS,,AREA HARVESTED,025,00,,,UNITED STATES,"CORN, SILAGE, IRRIGATED - OPERATIONS WITH AREA HARVESTED",19,CORN,CENSUS,00000000,,,9000
2022,2024-07-02 12:00:00.000,IA,047,SILAGE,19,YEAR,WEST CENTRAL,IOWA,TOTAL,CROPS,00,CRAWFORD,,IRRIGATED,NOT SPECIFIED,ALL CLASSES,"IOWA, WEST CENTRAL, CRAWFORD",COUNTY,40,ANNUAL,FIELD CROPS,1,OPERATIONS,,AREA HARVESTED,047,00,,,UNITED STATES,"CORN, SILAGE, IRRIGATED - OPERATIONS WITH AREA HARVESTED",19,CORN,CENSUS,00000000,,29.5,9000
2017,2018-02-01 00:00:00.000,IA,093,SILAGE,19,YEAR,WEST CENTRAL,IOWA,TOTAL,CROPS,00,IDA,,IRRIGATED,NOT SPECIFIED,ALL CLASSES,"IOWA, WEST CENTRAL, IDA",COUNTY,40,ANNUAL,FIELD CROPS,1,OPERATIONS,,AREA HARVESTED,093,00,,,UNITED STATES,"CORN, SILAGE, IRRIGATED - OPERATIONS WITH AREA HARVESTED",19,CORN,CENSUS,00000000,,21.3,9000
2022,2024-07-02 12:00:00.000,IA,133,SILAGE,19,YEAR,WEST CENTRAL,IOWA,TOTAL,CROPS,00,MONONA,,IRRIGATED,NOT SPECIFIED,ALL CLASSES,"IOWA, WEST CENTRAL, MONONA",COUNTY,40,ANNUAL,FIELD CROPS,1,OPERATIONS,,AREA HARVESTED,133,00,,,UNITED STATES,"CORN, SILAGE, IRRIGATED - OPERATIONS WITH AREA HARVESTED",19,CORN,CENSUS,00000000,,(L),9000
2002,2012-01-01 00:00:00.000,IA,133,SILAGE,19,YEAR,WEST CENTRAL,IOWA,TOTAL,CROPS,00,MONONA,,IRRIGATED,NOT SPECIFIED,ALL CLASSES,"IOWA, WEST CENTRAL, MONONA",COUNTY,40,ANNUAL,FIELD CROPS,1,OPERATIONS,,AREA HARVESTED,133,00,,,UNITED STATES,"CORN, SILAGE, IRRIGATED - OPERATIONS WITH AREA HARVESTED",19,CORN,CENSUS,00000000,,,9000
2017,2018-02-01 00:00:00.000,IA,161,SILAGE,19,YEAR,WEST CENTRAL,IOWA,TOTAL,CROPS,00,SAC,,IRRIGATED,NOT SPECIFIED,ALL CLASSES,"IOWA, WEST CENTRAL, SAC",COUNTY,40,ANNUAL,FIELD CROPS,2,OPERATIONS,,AREA HARVESTED,161,00,,,UNITED STATES,"CORN, SILAGE, IRRIGATED - OPERATIONS WITH AREA HARVESTED",19,CORN,CENSUS,00000000,,21.3,9000
2017,2018-02-01 00:00:00.000,IA,165,SILAGE,19,YEAR,WEST CENTRAL,IOWA,TOTAL,CROPS,00,SHELBY,,IRRIGATED,NOT SPECIFIED,ALL CLASSES,"IOWA, WEST CENTRAL, SHELBY",COUNTY,40,ANNUAL,FIELD CROPS,1,OPERATIONS,,AREA HARVESTED,165,00,,,UNITED STATES,"CORN, SILAGE, IRRIGATED - OPERATIONS WITH AREA HARVESTED",19,CORN,CENSUS,00000000,,21.3,9000
2022,2024-07-02 12:00:00.000,IA,193,SILAGE,19,YEAR,WEST CENTRAL,IOWA,TOTAL,CROPS,00,WOODBURY,,IRRIGATED,NOT SPECIFIED,ALL CLASSES,"IOWA, WEST CENTRAL, WOODBURY",COUNTY,40,ANNUAL,FIELD CROPS,1,OPERATIONS,,AREA HARVESTED,193,00,,,UNITED STATES,"CORN, SILAGE, IRRIGATED - OPERATIONS WITH AREA HARVESTED",19,CORN,CENSUS,00000000,,(L),9000
2022,2024-07-02 12:00:00.000,IA,157,SILAGE,19,YEAR,CENTRAL,IOWA,TOTAL,CROPS,00,POWESHIEK,,IRRIGATED,NOT SPECIFIED,ALL CLASSES,"IOWA, CENTRAL, POWESHIEK",COUNTY,50,ANNUAL,FIELD CROPS,2,OPERATIONS,,AREA HARVESTED,157,00,,,UNITED STATES,"CORN, SILAGE, IRRIGATED - OPERATIONS WITH AREA HARVESTED",19,CORN,CENSUS,00000000,,(L),9000
2012,2012-12-31 00:00:00.000,IA,169,SILAGE,19,YEAR,CENTRAL,IOWA,TOTAL,CROPS,00,STORY,,IRRIGATED,NOT SPECIFIED,ALL CLASSES,"IOWA, CENTRAL, STORY",COUNTY,50,ANNUAL,FIELD CROPS,1,OPERATIONS,,AREA HARVESTED,169,00,,,UNITED STATES,"CORN, SILAGE, IRRIGATED - OPERATIONS WITH AREA HARVESTED",19,CORN,CENSUS,00000000,,26.9,9000
2012,2012-12-31 00:00:00.000,IA,031,SILAGE,19,YEAR,EAST CENTRAL,IOWA,TOTAL,CROPS,00,CEDAR,,IRRIGATED,NOT SPECIFIED,ALL CLASSES,"IOWA, EAST CENTRAL, CEDAR",COUNTY,60,ANNUAL,FIELD CROPS,1,OPERATIONS,,AREA HARVESTED,031,00,,,UNITED STATES,"CORN, SILAGE, IRRIGATED - OPERATIONS WITH AREA HARVESTED",19,CORN,CENSUS,00000000,,26.9,9000
2022,2024-07-02 12:00:00.000,IA,095,SILAGE,19,YEAR,EAST CENTRAL,IOWA,TOTAL,CROPS,00,IOWA,,IRRIGATED,NOT SPECIFIED,ALL CLASSES,"IOWA, EAST CENTRAL, IOWA",COUNTY,60,ANNUAL,FIELD CROPS,1,OPERATIONS,,AREA HARVESTED,095,00,,,UNITED STATES,"CORN, SILAGE, IRRIGATED - OPERATIONS WITH AREA HARVESTED",19,CORN,CENSUS,00000000,,(L),9000
2022,2024-07-02 12:00:00.000,IA,097,SILAGE,19,YEAR,EAST CENTRAL,IOWA,TOTAL,CROPS,00,JACKSON,,IRRIGATED,NOT SPECIFIED,ALL CLASSES,"IOWA, EAST CENTRAL, JACKSON",COUNTY,60,ANNUAL,FIELD CROPS,1,OPERATIONS,,AREA HARVESTED,097,00,,,UNITED STATES,"CORN, SILAGE, IRRIGATED - OPERATIONS WITH AREA HARVESTED",19,CORN,CENSUS,00000000,,(L),9000
2022,2024-07-02 12:00:00.000,IA,139,SILAGE,19,YEAR,EAST CENTRAL,IOWA,TOTAL,CROPS,00,MUSCATINE,,IRRIGATED,NOT SPECIFIED,ALL CLASSES,"IOWA, EAST CENTRAL, MUSCATINE",COUNTY,60,ANNUAL,FIELD CROPS,1,OPERATIONS,,AREA HARVESTED,139,00,,,UNITED STATES,"CORN, SILAGE, IRRIGATED - OPERATIONS WITH AREA HARVESTED",19,CORN,CENSUS,00000000,,29.5,9000
2002,2012-01-01 00:00:00.000,IA,139,SILAGE,19,YEAR,EAST CENTRAL,IOWA,TOTAL,CROPS,00,MUSCATINE,,IRRIGATED,NOT SPECIFIED,ALL CLASSES,"IOWA, EAST CENTRAL, MUSCATINE",COUNTY,60,ANNUAL,FIELD CROPS,1,OPERATIONS,,AREA HARVESTED,139,00,,,UNITED STATES,"CORN, SILAGE, IRRIGATED - OPERATIONS WITH AREA HARVESTED",19,CORN,CENSUS,00000000,,,9000
2017,2018-02-01 00:00:00.000,IA,029,SILAGE,19,YEAR,SOUTHWEST,IOWA,TOTAL,CROPS,00,CASS,,IRRIGATED,NOT SPECIFIED,ALL CLASSES,"IOWA, SOUTHWEST, CASS",COUNTY,70,ANNUAL,FIELD CROPS,1,OPERATIONS,,AREA HARVESTED,029,00,,,UNITED STATES,"CORN, SILAGE, IRRIGATED - OPERATIONS WITH AREA HARVESTED",19,CORN,CENSUS,00000000,,21.3,9000
2007,2012-01-01 00:00:00.000,IA,029,SILAGE,19,YEAR,SOUTHWEST,IOWA,TOTAL,CROPS,00,CASS,,IRRIGATED,NOT SPECIFIED,ALL CLASSES,"IOWA, SOUTHWEST, CASS",COUNTY,70,ANNUAL,FIELD CROPS,1,OPERATIONS,,AREA HARVESTED,029,00,,,UNITED STATES,"CORN, SILAGE, IRRIGATED - OPERATIONS WITH AREA HARVESTED",19,CORN,CENSUS,00000000,,,9000
2002,2012-01-01 00:00:00.000,IA,029,SILAGE,19,YEAR,SOUTHWEST,IOWA,TOTAL,CROPS,00,CASS,,IRRIGATED,NOT SPECIFIED,ALL CLASSES,"IOWA, SOUTHWEST, CASS",COUNTY,70,ANNUAL,FIELD CROPS,2,OPERATIONS,,AREA HARVESTED,029,00,,,UNITED STATES,"CORN, SILAGE, IRRIGATED - OPERATIONS WITH AREA HARVESTED",19,CORN,CENSUS,00000000,,,9000
2017,2018-02-01 00:00:00.000,IA,071,SILAGE,19,YEAR,SOUTHWEST,IOWA,TOTAL,CROPS,00,FREMONT,,IRRIGATED,NOT SPECIFIED,ALL CLASSES,"IOWA, SOUTHWEST, FREMONT",COUNTY,70,ANNUAL,FIELD CROPS,2,OPERATIONS,,AREA HARVESTED,071,00,,,UNITED STATES,"CORN, SILAGE, IRRIGATED - OPERATIONS WITH AREA HARVESTED",19,CORN,CENSUS,00000000,,21.3,9000
2012,2012-12-31 00:00:00.000,IA,137,SILAGE,19,YEAR,SOUTHWEST,IOWA,TOTAL,CROPS,00,MONTGOMERY,,IRRIGATED,NOT SPECIFIED,ALL CLASSES,"IOWA, SOUTHWEST, MONTGOMERY",COUNTY,70,ANNUAL,FIELD CROPS,1,OPERATIONS,,AREA HARVESTED,137,00,,,UNITED STATES,"CORN, SILAGE, IRRIGATED - OPERATIONS WITH AREA HARVESTED",19,CORN,CENSUS,00000000,,26.9,9000
2012,2012-12-31 00:00:00.000,IA,155,SILAGE,19,YEAR,SOUTHWEST,IOWA,TOTAL,CROPS,00,POTTAWATTAMIE,,IRRIGATED,NOT SPECIFIED,ALL CLASSES,"IOWA, SOUTHWEST, POTTAWATTAMIE",COUNTY,70,ANNUAL,FIELD CROPS,2,OPERATIONS,,AREA HARVESTED,155,00,,,UNITED STATES,"CORN, SILAGE, IRRIGATED - OPERATIONS WITH AREA HARVESTED",19,CORN,CENSUS,00000000,,26.9,9000
2012,2012-12-31 00:00:00.000,IA,159,SILAGE,19,YEAR,SOUTH CENTRAL,IOWA,TOTAL,CROPS,00,RINGGOLD,,IRRIGATED,NOT SPECIFIED,ALL CLASSES,"IOWA, SOUTH CENTRAL, RINGGOLD",COUNTY,80,ANNUAL,FIELD CROPS,2,OPERATIONS,,AREA HARVESTED,159,00,,,UNITED STATES,"CORN, SILAGE, IRRIGATED - OPERATIONS WITH AREA HARVESTED",19,CORN,CENSUS,00000000,,26.9,9000
2012,2012-12-31 00:00:00.000,IA,051,SILAGE,19,YEAR,SOUTHEAST,IOWA,TOTAL,CROPS,00,DAVIS,,IRRIGATED,NOT SPECIFIED,ALL CLASSES,"IOWA, SOUTHEAST, DAVIS",COUNTY,90,ANNUAL,FIELD CROPS,4,OPERATIONS,,AREA HARVESTED,051,00,,,UNITED STATES,"CORN, SILAGE, IRRIGATED - OPERATIONS WITH AREA HARVESTED",19,CORN,CENSUS,00000000,,26.9,9000
2022,2024-07-02 12:00:00.000,IA,123,SILAGE,19,YEAR,SOUTHEAST,IOWA,TOTAL,CROPS,00,MAHASKA,,IRRIGATED,NOT SPECIFIED,ALL CLASSES,"IOWA, SOUTHEAST, MAHASKA",COUNTY,90,ANNUAL,FIELD CROPS,2,OPERATIONS,,AREA HARVESTED,123,00,,,UNITED STATES,"CORN, SILAGE, IRRIGATED - OPERATIONS WITH AREA HARVESTED",19,CORN,CENSUS,00000000,,29.5,9000
2007,2012-01-01 00:00:00.000,IA,183,SILAGE,19,YEAR,SOUTHEAST,IOWA,TOTAL,CROPS,00,WASHINGTON,,IRRIGATED,NOT SPECIFIED,ALL CLASSES,"IOWA, SOUTHEAST, WASHINGTON",COUNTY,90,ANNUAL,FIELD CROPS,1,OPERATIONS,,AREA HARVESTED,183,00,,,UNITED STATES,"CORN, SILAGE, IRRIGATED - OPERATIONS WITH AREA HARVESTED",19,CORN,CENSUS,00000000,,,9000
2023,2024-10-31 12:00:00.000,IA,,SILAGE,19,YEAR,,IOWA,TOTAL,CROPS,00,,,IRRIGATED,NOT SPECIFIED,ALL CLASSES,IOWA,STATE,,ANNUAL,FIELD CROPS,21,OPERATIONS,,AREA HARVESTED,,00,,,UNITED STATES,"CORN, SILAGE, IRRIGATED - OPERATIONS WITH AREA HARVESTED",19,CORN,CENSUS,00000000,,(H),9000
2022,2025-08-19 12:00:00.000,IA,,SILAGE,19,YEAR,,IOWA,TOTAL,CROPS,00,,,IRRIGATED,NOT SPECIFIED,ALL CLASSES,IOWA,STATE,,ANNUAL,FIELD CROPS,39,OPERATIONS,,AREA HARVESTED,,00,,,UNITED STATES,"CORN, SILAGE, IRRIGATED - OPERATIONS WITH AREA HARVESTED",19,CORN,CENSUS,00000000,,6.9,9000
2018,2018-02-01 00:00:00.000,IA,,SILAGE,19,YEAR,,IOWA,TOTAL,CROPS,00,,,IRRIGATED,NOT SPECIFIED,ALL CLASSES,IOWA,STATE,,ANNUAL,FIELD CROPS,18,OPERATIONS,,AREA HARVESTED,,00,,,UNITED STATES,"CORN, SILAGE, IRRIGATED - OPERATIONS WITH AREA HARVESTED",19,CORN,CENSUS,00000000,,28.1,9000
2017,2018-02-01 00:00:00.000,IA,,SILAGE,19,YEAR,,IOWA,TOTAL,CROPS,00,,,IRRIGATED,NOT SPECIFIED,ALL CLASSES,IOWA,STATE,,ANNUAL,FIELD CROPS,21,OPERATIONS,,AREA HARVESTED,,00,,,UNITED STATES,"CORN, SILAGE, IRRIGATED - OPERATIONS WITH AREA HARVESTED",19,CORN,CENSUS,00000000,,14.9,9000
2013,2012-12-31 00:00:00.000,IA,,SILAGE,19,YEAR,,IOWA,TOTAL,CROPS,00,,,IRRIGATED,NOT SPECIFIED,ALL CLASSES,IOWA,STATE,,ANNUAL,FIELD CROPS,6,OPERATIONS,,AREA HARVESTED,,00,,,UNITED STATES,"CORN, SILAGE, IRRIGATED - OPERATIONS WITH AREA HARVESTED",19,CORN,CENSUS,00000000,,,9000
2012,2012-12-31 00:00:00.000,IA,,SILAGE,19,YEAR,,IOWA,TOTAL,CROPS,00,,,IRRIGATED,NOT SPECIFIED,ALL CLASSES,IOWA,STATE,,ANNUAL,FIELD CROPS,38,OPERATIONS,,AREA HARVESTED,,00,,,UNITED STATES,"CORN, SILAGE, IRRIGATED - OPERATIONS WITH AREA HARVESTED",19,CORN,CENSUS,00000000,,14.1,9000
2007,2012-01-01 00:00:00.000,IA,,SILAGE,19,YEAR,,IOWA,TOTAL,CROPS,00,,,IRRIGATED,NOT SPECIFIED,ALL CLASSES,IOWA,STATE,,ANNUAL,FIELD CROPS,22,OPERATIONS,,AREA HARVESTED,,00,,,UNITED STATES,"CORN, SILAGE, IRRIGATED - OPERATIONS WITH AREA HARVESTED",19,CORN,CENSUS,00000000,,,9000
2002,2012-01-01 00:00:00.000,IA,,SILAGE,19,YEAR,,IOWA,TOTAL,CROPS,00,,,IRRIGATED,NOT SPECIFIED,ALL CLASSES,IOWA,STATE,,ANNUAL,FIELD CROPS,13,OPERATIONS,,AREA HARVESTED,,00,,,UNITED STATES,"CORN, SILAGE, IRRIGATED - OPERATIONS WITH AREA HARVESTED",19,CORN,CENSUS,00000000,,,9000
