Area,AP Ratio,District,Season,Avg Temp,Avg Humidity,Crop Name,Transplant,Growth,Harvest,Production,Max Temp,Min Temp,Max Relative Humidity,Min Relative Humidity,soil_ph,NDVI_early,NDVI_mid,NDVI_late,NDVI_std,NDVI_prev_season
177321,0.8510272331,Bagerhat,Kharif 2,26.0,72.5,Aman,June,July to  Oct,Nov to Dec,150905,40,12.0,60,85,57.0,0.2093828623516599,0.42936616441082,0.5377701709634322,0.14350687159187533,0.2670404721298456
25646,1.175777899,Bandarban,Kharif 2,26.0,72.5,Aman,June,July to  Oct,Nov to Dec,30154,40,12.0,60,85,55.0,0.4365742393395427,0.5387153591391703,0.7658263714527735,0.16507609092429368,0.2612788417491431
231401,0.7705887183,Barguna,Kharif 2,26.0,72.5,Aman,June,July to  Oct,Nov to Dec,178315,40,12.0,60,85,57.0,0.2099802275666429,0.35650536058839993,0.5681901097552411,0.1870942866387383,0.3323424160378924
302665,0.7571043893,Barishal,Kharif 2,26.0,72.5,Aman,June,July to  Oct,Nov to Dec,229149,40,12.0,60,85,,0.1933459589530938,0.3458494890191011,0.45179056214661745,0.1418560705841844,0.309535002934125
388575,1.100652384,Bhola,Kharif 2,26.0,72.5,Aman,June,July to  Oct,Nov to Dec,427686,40,12.0,60,85,56.0,0.1700006675577468,0.2258498120190653,0.3458072626711267,0.1339289927385362,0.1946286534864403
443007,1.192475514,Bogura,Kharif 2,26.0,72.5,Aman,June,July to  Oct,Nov to Dec,528275,40,12.0,60,85,,0.1186313763339489,0.3304685349223847,0.4005603994411503,0.17409923080025236,0.2764687680682978
174588,1.014634454,Brahmanbaria,Kharif 2,26.0,72.5,Aman,June,July to  Oct,Nov to Dec,177143,40,12.0,60,85,54.0,0.0571539099837129,0.26815969379609883,0.4089960858969574,0.14499472587114973,0.2371168297003784
90004,0.7804430914,Chandpur,Kharif 2,26.0,72.5,Aman,June,July to  Oct,Nov to Dec,70243,40,12.0,60,85,,0.2069406843342435,0.3381655668751687,0.45890206290963886,0.13151131914568842,0.244284950998653
140665,1.127252693,Chapai Nawabganj,Kharif 2,26.0,72.5,Aman,June,July to  Oct,Nov to Dec,158565,40,12.0,60,85,,0.372994229085631,0.3733450873553156,0.45156055833113284,0.10892707622844985,0.2662611383381359
444857,0.9779996718,Chattogram,Kharif 2,26.0,72.5,Aman,June,July to  Oct,Nov to Dec,435070,40,12.0,60,85,,0.2968827150300339,0.4499071181374028,0.5954364512295394,0.15956910404566707,0.291756878234579
85718,1.096677477,Chuadanga,Kharif 2,26.0,72.5,Aman,June,July to  Oct,Nov to Dec,94005,40,12.0,60,85,,0.3525594225872085,0.36568262324821127,0.5131006731479145,0.16027937409590187,0.372967925798721
181306,1.110415541,CoxsBazar,Kharif 2,26.0,72.5,Aman,June,July to  Oct,Nov to Dec,201325,40,12.0,60,85,55.0,0.3290250380015852,0.3982229182754804,0.4989627667412272,0.11311292838050216,0.280567372051847
327517,0.9096474381,Cumilla,Kharif 2,26.0,72.5,Aman,June,July to  Oct,Nov to Dec,297925,40,12.0,60,85,,0.1337973760585641,0.4130665815281809,0.5461602242650984,0.18750581768883715,0.2661785623056151
18702,0.9652443589,Dhaka,Kharif 2,26.0,72.5,Aman,June,July to  Oct,Nov to Dec,18052,40,12.0,60,85,,0.2388020657596918,0.28641390234058955,0.41835986146783866,0.10971571478023935,0.2739750686969379
645472,1.078918993,Dinajpur,Kharif 2,26.0,72.5,Aman,June,July to  Oct,Nov to Dec,696412,40,12.0,60,85,,0.0654733330872791,0.36771969324095355,0.41205210415955185,0.21466053590524564,0.3916540989397346
191856,1.040175965,Faridpur,Kharif 2,26.0,72.5,Aman,June,July to  Oct,Nov to Dec,199564,40,12.0,60,85,,0.2985891466935776,0.3361241554727723,0.45084291615574323,0.14143118339749997,0.5012944760184437
163129,1.202152897,Feni,Kharif 2,26.0,72.5,Aman,June,July to  Oct,Nov to Dec,196106,40,12.0,60,85,,0.0507026668147709,0.39601961266635377,0.5325476135732821,0.2323597052398129,0.2107211652615962
293991,1.126656938,Gaibandha,Kharif 2,26.0,72.5,Aman,June,July to  Oct,Nov to Dec,331227,40,12.0,60,85,57.0,0.02131745298654,0.32776272911698345,0.3618278305459197,0.16863448998979516,0.2909507765996219
112432,1.185907927,Gazipur,Kharif 2,26.0,72.5,Aman,June,July to  Oct,Nov to Dec,133334,40,12.0,60,85,,0.1101810937198298,0.3181362406312787,0.5691301388017621,0.21009793854846578,0.2642814227206714
59993,0.7519377261,Gopalganj,Kharif 2,26.0,72.5,Aman,June,July to  Oct,Nov to Dec,45111,40,12.0,60,85,56.0,0.3587029695775944,0.4572368270416179,0.552017666903445,0.12306671378411221,0.3983745038075617
245464,1.064665287,Habiganj,Kharif 2,26.0,72.5,Aman,June,July to  Oct,Nov to Dec,261337,40,12.0,60,85,,0.1404958846908667,0.27489208837518037,0.3918210191073424,0.1376685098647967,0.2185560015489672
265787,0.9535003593,Jamalpur,Kharif 2,26.0,72.5,Aman,June,July to  Oct,Nov to Dec,253428,40,12.0,60,85,,0.0660620517345922,0.29505847386280654,0.4710677583506842,0.19208567286239572,0.2256493291364875
338887,1.14695459,Jashore,Kharif 2,26.0,72.5,Aman,June,July to  Oct,Nov to Dec,388688,40,12.0,60,85,,0.1878303907762366,0.4200312492878573,0.4964347747625161,0.17850647796602828,0.3985753946916057
116665,0.7944799211,Jhallokati,Kharif 2,26.0,72.5,Aman,June,July to  Oct,Nov to Dec,92688,40,12.0,60,85,,0.3198153813956541,0.4636810003902494,0.6529591807167576,0.18391804260868755,0.4467251837879121
252930,1.369529119,Jhenaidah,Kharif 2,26.0,72.5,Aman,June,July to  Oct,Nov to Dec,346395,40,12.0,60,85,,0.3144404421042321,0.41897713564458694,0.4827346712999638,0.17641808245088475,0.408777297617167
170726,1.137928611,Joypurhat,Kharif 2,26.0,72.5,Aman,June,July to  Oct,Nov to Dec,194274,40,12.0,60,85,64.0,0.1336078370665993,0.35565717723262447,0.39594865313298666,0.20064892897584483,0.3944038962894077
66694,1.304375206,Khagrachari,Kharif 2,26.0,72.5,Aman,June,July to  Oct,Nov to Dec,86994,40,12.0,60,85,54.0,0.2320701094515291,0.5428167165599908,0.7658027120474976,0.21968061420814278,0.3644198594801792
237461,1.120950388,Khulna,Kharif 2,26.0,72.5,Aman,June,July to  Oct,Nov to Dec,266182,40,12.0,60,85,59.0,0.2015083923668761,0.36748234954689746,0.49974810124531865,0.14929718720727067,0.2474562801358325
186328,1.158322957,Kishoreganj,Kharif 2,26.0,72.5,Aman,June,July to  Oct,Nov to Dec,215828,40,12.0,60,85,,-0.0336641988977872,0.08114440689233535,0.3150877494091977,0.14331249446134045,0.1332425341291768
283509,1.102067307,Kurigram,Kharif 2,26.0,72.5,Aman,June,July to  Oct,Nov to Dec,312446,40,12.0,60,85,,0.0474631119536175,0.3012334961680515,0.3741169026230573,0.159006735370395,0.2500938130926464
225972,1.200374383,Kushtia,Kharif 2,26.0,72.5,Aman,June,July to  Oct,Nov to Dec,271251,40,12.0,60,85,,0.360379678702526,0.37345597155076815,0.424148835975684,0.13258540255198098,0.2938513007384295
185213,1.053263,Lakshmipur,Kharif 2,26.0,72.5,Aman,June,July to  Oct,Nov to Dec,195078,40,12.0,60,85,56.0,0.1289476151265251,0.2877565737489497,0.4834497322363017,0.17179148045794632,0.2205991932065824
189950,1.141163464,Lalmonirhat,Kharif 2,26.0,72.5,Aman,June,July to  Oct,Nov to Dec,216764,40,12.0,60,85,,0.1387455869466906,0.3797798926567142,0.3885815864462251,0.16185758178517912,0.3339137681224553
40746,0.8303146321,Madaripur,Kharif 2,26.0,72.5,Aman,June,July to  Oct,Nov to Dec,33832,40,12.0,60,85,56.0,0.3559742042723802,0.3785296766459993,0.46460392808766804,0.11706850191643516,0.3999496888165858
143430,1.062643798,Magura,Kharif 2,26.0,72.5,Aman,June,July to  Oct,Nov to Dec,152415,40,12.0,60,85,61.0,0.3192240072859663,0.4003873270867417,0.4710654703602867,0.1697622293446685,0.4952291300988705
19457,0.9198231999,Manikganj,Kharif 2,26.0,72.5,Aman,June,July to  Oct,Nov to Dec,17897,40,12.0,60,85,,0.1685356100952224,0.30872077467055786,0.39800355359045636,0.11736232396915541,0.3258735577731652
82524,1.279203626,Meherpur,Kharif 2,26.0,72.5,Aman,June,July to  Oct,Nov to Dec,105565,40,12.0,60,85,65.0,0.4049998628938372,0.3820955835524377,0.5121802294660983,0.16973584372374573,0.4393863474141398
251081,1.180622986,Moulvibazar,Kharif 2,26.0,72.5,Aman,June,July to  Oct,Nov to Dec,296432,40,12.0,60,85,,0.2872841543480849,0.3694835704020727,0.5588860754213539,0.1384796347100048,0.2272905883804999
41822,0.3934053847,Munshiganj,Kharif 2,26.0,72.5,Aman,June,July to  Oct,Nov to Dec,16453,40,12.0,60,85,,0.3061790651261972,0.31048632812780597,0.3912192081288036,0.11298280133671615,0.3805900028922174
663734,0.9711571202,Mymensingh,Kharif 2,26.0,72.5,Aman,June,July to  Oct,Nov to Dec,644590,40,12.0,60,85,,0.147268203746856,0.3923207473255033,0.498250469533663,0.21280316308286137,0.183712498982838
468054,1.082366565,Naogaon,Kharif 2,26.0,72.5,Aman,June,July to  Oct,Nov to Dec,506606,40,12.0,60,85,,0.151012544621987,0.3847905804572117,0.4140410822243924,0.1680396537802796,0.2178154704904624
85229,1.068098887,Narail,Kharif 2,26.0,72.5,Aman,June,July to  Oct,Nov to Dec,91033,40,12.0,60,85,58.0,0.2931034421079588,0.3905473746608645,0.4760758013708081,0.14084309009123092,0.3738582462137362
19756,0.5482385098,Narayanganj,Kharif 2,26.0,72.5,Aman,June,July to  Oct,Nov to Dec,10831,40,12.0,60,85,,0.2139360142323902,0.31309162962886294,0.44293350929471353,0.10130516948026351,0.2967271553285521
97752,1.039313774,Narsingdi,Kharif 2,26.0,72.5,Aman,June,July to  Oct,Nov to Dec,101595,40,12.0,60,85,,0.0686431818013071,0.35317346137097944,0.5391174286657466,0.17166591555865326,0.2875359195667165
182696,1.119438849,Natore,Kharif 2,26.0,72.5,Aman,June,July to  Oct,Nov to Dec,204517,40,12.0,60,85,,0.2396934944526867,0.35491401631288577,0.43265410897296014,0.16874068728337654,0.2843293374458162
301949,1.091058424,Netrokona,Kharif 2,26.0,72.5,Aman,June,July to  Oct,Nov to Dec,329444,40,12.0,60,85,,-0.0374691032015912,0.22306872607736605,0.38954680697162514,0.17860129019659104,0.1216241284636668
279580,1.103355033,Nilphamari,Kharif 2,26.0,72.5,Aman,June,July to  Oct,Nov to Dec,308476,40,12.0,60,85,,0.1378536434354302,0.3721388005199978,0.41532029963635525,0.1965676970622809,0.3905363140056865
382971,1.033623956,Noakhali,Kharif 2,26.0,72.5,Aman,June,July to  Oct,Nov to Dec,395848,40,12.0,60,85,55.0,0.1125262690416429,0.32052794422417735,0.5250484754670472,0.1979134757110333,0.1658426609921801
221929,0.8668718374,Pabna,Kharif 2,26.0,72.5,Aman,June,July to  Oct,Nov to Dec,192384,40,12.0,60,85,,0.3338369511018429,0.3606929534338934,0.4411475215344412,0.11648939132617295,0.3054242601831844
246162,1.246549021,Panchagar,Kharif 2,26.0,72.5,Aman,June,July to  Oct,Nov to Dec,306853,40,12.0,60,85,,0.194460217324899,0.41111429187383636,0.4205235676579512,0.17328289799858546,0.5473277632011888
431833,0.749345233,Patuakhali,Kharif 2,26.0,72.5,Aman,June,July to  Oct,Nov to Dec,323592,40,12.0,60,85,,0.1845850493144675,0.3395678622280651,0.5170062652631178,0.20610253673946435,0.3357123883791376
155038,0.6449257601,Pirojpur,Kharif 2,26.0,72.5,Aman,June,July to  Oct,Nov to Dec,99988,40,12.0,60,85,57.0,0.264165553095138,0.4463898354492291,0.616086716846273,0.17611001299616574,0.4034404459856785
117377,0.9136968912,Rajbari,Kharif 2,26.0,72.5,Aman,June,July to  Oct,Nov to Dec,107247,40,12.0,60,85,60.0,0.3693864167143024,0.36164674120127466,0.3912510216288543,0.12298514291558149,0.420965323158295
182555,1.273851716,Rajshahi,Kharif 2,26.0,72.5,Aman,June,July to  Oct,Nov to Dec,232548,40,12.0,60,85,65.0,0.309744230953222,0.3497720467554164,0.39444582827032126,0.11690333674366499,0.2148030029570647
23990,1.199041267,Rangamati,Kharif 2,26.0,72.5,Aman,June,July to  Oct,Nov to Dec,28765,40,12.0,60,85,,0.3566101220905236,0.5351978544882356,0.7156570168210046,0.1700681306349054,0.2219434186735245
405055,1.092310921,Rangpur,Kharif 2,26.0,72.5,Aman,June,July to  Oct,Nov to Dec,442446,40,12.0,60,85,59.0,0.0468616342173195,0.3954368005446125,0.4286877219526362,0.21068523158331465,0.4001486941371419
207744,1.108450786,Satkhira,Kharif 2,26.0,72.5,Aman,June,July to  Oct,Nov to Dec,230274,40,12.0,60,85,59.0,0.1194165133466915,0.33327058476068194,0.45327710015963263,0.14742149216508563,0.2245382571010397
32898,0.701501611,Shariatpur,Kharif 2,26.0,72.5,Aman,June,July to  Oct,Nov to Dec,23078,40,12.0,60,85,55.0,0.3246768434248136,0.3466584106781929,0.41999481225805624,0.0921868903853762,0.3404679378482187
202388,0.9527689389,Sherpur,Kharif 2,26.0,72.5,Aman,June,July to  Oct,Nov to Dec,192829,40,12.0,60,85,,0.0528778723675305,0.3749640158582731,0.5107496792524139,0.21548156515168806,0.2278267182217989
200166,1.104498266,Sirajganj,Kharif 2,26.0,72.5,Aman,June,July to  Oct,Nov to Dec,221083,40,12.0,60,85,,0.1381345270632336,0.23993740629396534,0.36772646174850643,0.1264582210695187,0.1547068330441469
198587,1.044851879,Sunamganj,Kharif 2,26.0,72.5,Aman,June,July to  Oct,Nov to Dec,207494,40,12.0,60,85,54.0,-0.1976703408679797,0.008277367429854375,0.2068831847251824,0.14462795620319802,0.0066240920840004
336140,1.05969834,Sylhet,Kharif 2,26.0,72.5,Aman,June,July to  Oct,Nov to Dec,356207,40,12.0,60,85,54.0,0.021092634797125,0.28716042224395744,0.48507682619577996,0.19388777658459755,0.0219238745854215
249183,0.8334115891,Tangail,Kharif 2,26.0,72.5,Aman,June,July to  Oct,Nov to Dec,207672,40,12.0,60,85,60.0,0.1318871049415015,0.312728283594172,0.4953155465948207,0.19513383433990147,0.1960530352637223
322836,1.083695746,Thakurgaon,Kharif 2,26.0,72.5,Aman,June,July to  Oct,Nov to Dec,349856,40,12.0,60,85,,0.1637129632869899,0.41126033896677966,0.38108834891850396,0.17262659546319697,0.4809286896683722
167,6.700598802,Bagerhat,Kharif 1,25.0,70.0,Amra,June,June to August,August to September,1119,30,20.0,60,80,57.0,0.2093828623516599,0.2950134925899327,0.4274038167766788,0.11606441411920058,0.2670404721298456
128,1.3046875,Bandarban,Kharif 1,25.0,70.0,Amra,June,June to August,August to September,167,30,20.0,60,80,55.0,0.4365742393395427,0.4873758494471947,0.4368947017278657,0.06535487820984082,0.2612788417491431
1597,0.9198497182,Barguna,Kharif 1,25.0,70.0,Amra,June,June to August,August to September,1469,30,20.0,60,80,57.0,0.2099802275666429,0.23863117597059522,0.251793712631361,0.08283244986176969,0.3323424160378924
1351,4.071058475,Barishal,Kharif 1,25.0,70.0,Amra,June,June to August,August to September,5500,30,20.0,60,80,,0.1933459589530938,0.23613805496103848,0.25884791955367686,0.07737100330887633,0.309535002934125
148,5.155405405,Bhola,Kharif 1,25.0,70.0,Amra,June,June to August,August to September,763,30,20.0,60,80,56.0,0.1700006675577468,0.13946893734096613,0.14814231615787765,0.07202066392259102,0.1946286534864403
233,3.39055794,Bogura,Kharif 1,25.0,70.0,Amra,June,June to August,August to September,790,30,20.0,60,80,,0.1186313763339489,0.1834073810352517,0.21590492358133406,0.08938370522601545,0.2764687680682978
15,0.8666666667,Brahmanbaria,Kharif 1,25.0,70.0,Amra,June,June to August,August to September,13,30,20.0,60,80,54.0,0.0571539099837129,0.15612526768194146,0.23311424095446215,0.08362303913044793,0.2371168297003784
50,5.26,Chandpur,Kharif 1,25.0,70.0,Amra,June,June to August,August to September,263,30,20.0,60,80,,0.2069406843342435,0.24914948642902943,0.25040468411213634,0.05655934101182492,0.244284950998653
71,2.183098592,Chapai Nawabganj,Kharif 1,25.0,70.0,Amra,June,June to August,August to September,155,30,20.0,60,80,,0.372994229085631,0.36075364542673066,0.3140133434390434,0.07108443191316943,0.2662611383381359
95,4.810526316,Chattogram,Kharif 1,25.0,70.0,Amra,June,June to August,August to September,457,30,20.0,60,80,,0.2968827150300339,0.3344371289648777,0.3420172801180706,0.10400835725159772,0.291756878234579
77,4.701298701,Chuadanga,Kharif 1,25.0,70.0,Amra,June,June to August,August to September,362,30,20.0,60,80,,0.3525594225872085,0.35678541141680853,0.2719459361764927,0.11519656568102589,0.372967925798721
142,2.605633803,CoxsBazar,Kharif 1,25.0,70.0,Amra,June,June to August,August to September,370,30,20.0,60,80,55.0,0.3290250380015852,0.34773760695086736,0.31954097171244267,0.033502691541672826,0.280567372051847
330,1.081818182,Cumilla,Kharif 1,25.0,70.0,Amra,June,June to August,August to September,357,30,20.0,60,80,,0.1337973760585641,0.27041889417165876,0.291481144108595,0.13472550580222473,0.2661785623056151
31,7.580645161,Dhaka,Kharif 1,25.0,70.0,Amra,June,June to August,August to September,235,30,20.0,60,80,,0.2388020657596918,0.21215400231049686,0.24478020581549825,0.06797224647912765,0.2739750686969379
47,12.10638298,Dinajpur,Kharif 1,25.0,70.0,Amra,June,June to August,August to September,569,30,20.0,60,80,,0.0654733330872791,0.16282878044710997,0.29143132236001257,0.1177725127434581,0.3916540989397346
479,1.350730689,Faridpur,Kharif 1,25.0,70.0,Amra,June,June to August,August to September,647,30,20.0,60,80,,0.2985891466935776,0.24173796445702278,0.29755027175904253,0.07382784256738173,0.5012944760184437
28,1.964285714,Feni,Kharif 1,25.0,70.0,Amra,June,June to August,August to September,55,30,20.0,60,80,,0.0507026668147709,0.18850396740869013,0.2778078400860854,0.15400015719354504,0.2107211652615962
11,13.54545455,Gaibandha,Kharif 1,25.0,70.0,Amra,June,June to August,August to September,149,30,20.0,60,80,57.0,0.02131745298654,0.1679196318515741,0.2478348479411857,0.1332979027018208,0.2909507765996219
40,5.9,Gazipur,Kharif 1,25.0,70.0,Amra,June,June to August,August to September,236,30,20.0,60,80,,0.1101810937198298,0.1782788840637368,0.20271260530122726,0.13940917002480466,0.2642814227206714
52,11.36538462,Gopalganj,Kharif 1,25.0,70.0,Amra,June,June to August,August to September,591,30,20.0,60,80,56.0,0.3587029695775944,0.36058273047915157,0.4262801911371143,0.06013122360382198,0.3983745038075617
141,3.780141844,Habiganj,Kharif 1,25.0,70.0,Amra,June,June to August,August to September,533,30,20.0,60,80,,0.1404958846908667,0.18041933275302002,0.19736989304857525,0.055362781741152625,0.2185560015489672
86,4.069767442,Jamalpur,Kharif 1,25.0,70.0,Amra,June,June to August,August to September,350,30,20.0,60,80,,0.0660620517345922,0.1651581312342611,0.1737837077478204,0.08153051012225544,0.2256493291364875
204,5.980392157,Jashore,Kharif 1,25.0,70.0,Amra,June,June to August,August to September,1220,30,20.0,60,80,,0.1878303907762366,0.26040367180119256,0.3564320953995454,0.0845019318060876,0.3985753946916057
742,6.132075472,Jhallokati,Kharif 1,25.0,70.0,Amra,June,June to August,August to September,4550,30,20.0,60,80,,0.3198153813956541,0.3257560376153326,0.37830132123720983,0.1042504750053043,0.4467251837879121
97,14.50515464,Jhenaidah,Kharif 1,25.0,70.0,Amra,June,June to August,August to September,1407,30,20.0,60,80,,0.3144404421042321,0.30816517118693304,0.3402855752061854,0.04441977739214792,0.408777297617167
31,9.774193548,Joypurhat,Kharif 1,25.0,70.0,Amra,June,June to August,August to September,303,30,20.0,60,80,64.0,0.1336078370665993,0.1805981085381633,0.22673930310718554,0.09586610348095315,0.3944038962894077
129,2.062015504,Khagrachari,Kharif 1,25.0,70.0,Amra,June,June to August,August to September,266,30,20.0,60,80,54.0,0.2320701094515291,0.4333408734547521,0.4214656657123207,0.15194708197970208,0.3644198594801792
592,1.491554054,Khulna,Kharif 1,25.0,70.0,Amra,June,June to August,August to September,883,30,20.0,60,80,59.0,0.2015083923668761,0.23922534488555489,0.33800911816002543,0.08652250745761857,0.2474562801358325
60,9.45,Kishoreganj,Kharif 1,25.0,70.0,Amra,June,June to August,August to September,567,30,20.0,60,80,,-0.0336641988977872,0.016074982793197103,0.04304073645143695,0.039501013940257554,0.1332425341291768
24,6.958333333,Kurigram,Kharif 1,25.0,70.0,Amra,June,June to August,August to September,167,30,20.0,60,80,,0.0474631119536175,0.14005288627957205,0.2499837168316994,0.12139004880496265,0.2500938130926464
63,9.238095238,Kushtia,Kharif 1,25.0,70.0,Amra,June,June to August,August to September,582,30,20.0,60,80,,0.360379678702526,0.32281811024020507,0.2806393664739088,0.04135195033548887,0.2938513007384295
13,27.69230769,Lakshmipur,Kharif 1,25.0,70.0,Amra,June,June to August,August to September,360,30,20.0,60,80,56.0,0.1289476151265251,0.17312367993425207,0.2043739971160656,0.047478122595384684,0.2205991932065824
6,1.5,Lalmonirhat,Kharif 1,25.0,70.0,Amra,June,June to August,August to September,9,30,20.0,60,80,,0.1387455869466906,0.20399269667659103,0.3649299840462842,0.13498019150480547,0.3339137681224553
33,21.18181818,Madaripur,Kharif 1,25.0,70.0,Amra,June,June to August,August to September,699,30,20.0,60,80,56.0,0.3559742042723802,0.298561323274337,0.3222855593882866,0.07225857047955984,0.3999496888165858
96,10.33333333,Magura,Kharif 1,25.0,70.0,Amra,June,June to August,August to September,992,30,20.0,60,80,61.0,0.3192240072859663,0.28372301221243107,0.28865274880881886,0.05403289968795251,0.4952291300988705
18,4.111111111,Manikganj,Kharif 1,25.0,70.0,Amra,June,June to August,August to September,74,30,20.0,60,80,,0.1685356100952224,0.19087231609317792,0.296352827831847,0.11267946852874856,0.3258735577731652
101,1.851485149,Meherpur,Kharif 1,25.0,70.0,Amra,June,June to August,August to September,187,30,20.0,60,80,65.0,0.4049998628938372,0.3838808521368812,0.25948503399526074,0.13081014276194805,0.4393863474141398
86,8.976744186,Moulvibazar,Kharif 1,25.0,70.0,Amra,June,June to August,August to September,772,30,20.0,60,80,,0.2872841543480849,0.28293930445605037,0.3190542249067888,0.0752706883926344,0.2272905883804999
15,9.133333333,Munshiganj,Kharif 1,25.0,70.0,Amra,June,June to August,August to September,137,30,20.0,60,80,,0.3061790651261972,0.2515810497126334,0.22296002498692666,0.08977885550589686,0.3805900028922174
407,1.680589681,Mymensingh,Kharif 1,25.0,70.0,Amra,June,June to August,August to September,684,30,20.0,60,80,,0.147268203746856,0.18537890202527174,0.31664926211503513,0.1656546286905534,0.183712498982838
62,5.548387097,Naogaon,Kharif 1,25.0,70.0,Amra,June,June to August,August to September,344,30,20.0,60,80,,0.151012544621987,0.23885959032399665,0.2954428396673448,0.07900979741446207,0.2178154704904624
218,6.119266055,Narail,Kharif 1,25.0,70.0,Amra,June,June to August,August to September,1334,30,20.0,60,80,58.0,0.2931034421079588,0.2835308630843257,0.33682367999562923,0.05008985031836103,0.3738582462137362
8,17.125,Narayanganj,Kharif 1,25.0,70.0,Amra,June,June to August,August to September,137,30,20.0,60,80,,0.2139360142323902,0.2557490787610159,0.2585031197352457,0.07083903222984,0.2967271553285521
28,7.857142857,Narsingdi,Kharif 1,25.0,70.0,Amra,June,June to August,August to September,220,30,20.0,60,80,,0.0686431818013071,0.2247308627605966,0.30355746053955873,0.1520000277951865,0.2875359195667165
270,3.074074074,Natore,Kharif 1,25.0,70.0,Amra,June,June to August,August to September,830,30,20.0,60,80,,0.2396934944526867,0.29576936652511276,0.19738068574590295,0.10444838300920238,0.2843293374458162
64,5.109375,Netrokona,Kharif 1,25.0,70.0,Amra,June,June to August,August to September,327,30,20.0,60,80,,-0.0374691032015912,0.05679763863339246,0.20716307868771594,0.14076763592897118,0.1216241284636668
5,20.8,Nilphamari,Kharif 1,25.0,70.0,Amra,June,June to August,August to September,104,30,20.0,60,80,,0.1378536434354302,0.17637074377700532,0.3705376763987869,0.15971577644896207,0.3905363140056865
79,7.417721519,Noakhali,Kharif 1,25.0,70.0,Amra,June,June to August,August to September,586,30,20.0,60,80,55.0,0.1125262690416429,0.18637884921235115,0.20375110811533592,0.08983987267292985,0.1658426609921801
81,3,Pabna,Kharif 1,25.0,70.0,Amra,June,June to August,August to September,243,30,20.0,60,80,,0.3338369511018429,0.3105245352638637,0.267168065887026,0.03805732263979561,0.3054242601831844
19,6.315789474,Panchagar,Kharif 1,25.0,70.0,Amra,June,June to August,August to September,120,30,20.0,60,80,,0.194460217324899,0.2682288320359047,0.34521671646746704,0.07857028204550696,0.5473277632011888
400,1.2325,Patuakhali,Kharif 1,25.0,70.0,Amra,June,June to August,August to September,493,30,20.0,60,80,,0.1845850493144675,0.1852391110342515,0.23325759894889453,0.11416674756423188,0.3357123883791376
394,11.64720812,Pirojpur,Kharif 1,25.0,70.0,Amra,June,June to August,August to September,4589,30,20.0,60,80,57.0,0.264165553095138,0.30394761567671086,0.3679417832788916,0.10240609714262239,0.4034404459856785
233,2.30472103,Rajbari,Kharif 1,25.0,70.0,Amra,June,June to August,August to September,537,30,20.0,60,80,60.0,0.3693864167143024,0.2970234378073349,0.2690441376442564,0.07630980536681828,0.420965323158295
183,2.912568306,Rajshahi,Kharif 1,25.0,70.0,Amra,June,June to August,August to September,533,30,20.0,60,80,65.0,0.309744230953222,0.3092789883052905,0.2703161097973671,0.04752144075848529,0.2148030029570647
128,1.7265625,Rangamati,Kharif 1,25.0,70.0,Amra,June,June to August,August to September,221,30,20.0,60,80,,0.3566101220905236,0.45438042271379503,0.4020458927209217,0.11362763534434087,0.2219434186735245
12,10,Rangpur,Kharif 1,25.0,70.0,Amra,June,June to August,August to September,120,30,20.0,60,80,59.0,0.0468616342173195,0.18077115804206353,0.3352855188625463,0.1496508226669169,0.4001486941371419
391,2.749360614,Satkhira,Kharif 1,25.0,70.0,Amra,June,June to August,August to September,1075,30,20.0,60,80,59.0,0.1194165133466915,0.209223999439243,0.2781635199485982,0.07696288562519213,0.2245382571010397
84,4.047619048,Shariatpur,Kharif 1,25.0,70.0,Amra,June,June to August,August to September,340,30,20.0,60,80,55.0,0.3246768434248136,0.28948176202032666,0.3219231427759088,0.04451492908033303,0.3404679378482187
58,5.25862069,Sherpur,Kharif 1,25.0,70.0,Amra,June,June to August,August to September,305,30,20.0,60,80,,0.0528778723675305,0.18268127838824996,0.2711154964219722,0.12741452779332943,0.2278267182217989
23,12.13043478,Sirajganj,Kharif 1,25.0,70.0,Amra,June,June to August,August to September,279,30,20.0,60,80,,0.1381345270632336,0.1652585464899234,0.14497477335042325,0.05292213394150377,0.1547068330441469
41,0.756097561,Sunamganj,Kharif 1,25.0,70.0,Amra,June,June to August,August to September,31,30,20.0,60,80,54.0,-0.1976703408679797,-0.08076530955029286,0.0079277229735016,0.09698192383488057,0.0066240920840004
66,2.121212121,Sylhet,Kharif 1,25.0,70.0,Amra,June,June to August,August to September,140,30,20.0,60,80,54.0,0.021092634797125,0.11117789593750627,0.2776328969217867,0.14872227592253864,0.0219238745854215
518,0.9691119691,Tangail,Kharif 1,25.0,70.0,Amra,June,June to August,August to September,502,30,20.0,60,80,60.0,0.1318871049415015,0.15022118097715678,0.2475414525208851,0.09373245073879793,0.1960530352637223
16,6.75,Thakurgaon,Kharif 1,25.0,70.0,Amra,June,June to August,August to September,108,30,20.0,60,80,,0.1637129632869899,0.25305829680575775,0.3704238008493431,0.10751858750299784,0.4809286896683722
0,#DIV/0!,Bagerhat,Kharif 2,28.0,35.0,Arhar,Aug,Sep to Oct,Nov,0,30,26.0,20,50,57.0,0.36797252036576,0.5209035211125709,0.6214849029628107,0.10822922826383441,0.3076850950523782
64,0.265625,Bandarban,Kharif 2,28.0,35.0,Arhar,Aug,Sep to Oct,Nov,17,30,26.0,20,50,55.0,0.4875178800779642,0.56465406377732,0.7636090237183978,0.1874955775464185,0.5380354289240772
0,#DIV/0!,Barguna,Kharif 2,28.0,35.0,Arhar,Aug,Sep to Oct,Nov,0,30,26.0,20,50,57.0,0.1725115850101264,0.46005407100422857,0.6701243948177539,0.22991339401043845,0.3334017153350163
0,#DIV/0!,Barishal,Kharif 2,28.0,35.0,Arhar,Aug,Sep to Oct,Nov,0,30,26.0,20,50,,0.1904844619362955,0.4341648750731914,0.5307537456864099,0.16948812606336158,0.3245837439937262
0,#DIV/0!,Bhola,Kharif 2,28.0,35.0,Arhar,Aug,Sep to Oct,Nov,0,30,26.0,20,50,56.0,0.0628187267415414,0.32749655180555476,0.4295190696079973,0.17467329774529008,0.1855874177236102
6,0.3333333333,Bogura,Kharif 2,28.0,35.0,Arhar,Aug,Sep to Oct,Nov,2,30,26.0,20,50,,0.1458454463723086,0.4451416864588663,0.4866866462303992,0.2044261145515635,0.2857453203994977
0,#DIV/0!,Brahmanbaria,Kharif 2,28.0,35.0,Arhar,Aug,Sep to Oct,Nov,0,30,26.0,20,50,54.0,0.2231572914897405,0.3307084410611419,0.4832769726821609,0.12870941540751957,0.188064601572371
0,#DIV/0!,Chandpur,Kharif 2,28.0,35.0,Arhar,Aug,Sep to Oct,Nov,0,30,26.0,20,50,,0.2156911286424974,0.40607724627391495,0.511193701275472,0.1578404010992369,0.3248166463103474
50,0.38,Chapai Nawabganj,Kharif 2,28.0,35.0,Arhar,Aug,Sep to Oct,Nov,19,30,26.0,20,50,,0.3933928204975689,0.39205682111335066,0.5166230847120769,0.14273479757797486,0.3158738866969921
35,0.6571428571,Chattogram,Kharif 2,28.0,35.0,Arhar,Aug,Sep to Oct,Nov,23,30,26.0,20,50,,0.2472074271527324,0.5465999003425062,0.6490491736260601,0.195392913096605,0.4592212447118667
24,0.25,Chuadanga,Kharif 2,28.0,35.0,Arhar,Aug,Sep to Oct,Nov,6,30,26.0,20,50,,0.4048532779091586,0.37246684066481406,0.5781108306077708,0.21459357175671265,0.3129435337540583
2,2,CoxsBazar,Kharif 2,28.0,35.0,Arhar,Aug,Sep to Oct,Nov,4,30,26.0,20,50,55.0,0.3524293584290747,0.4393519451254522,0.5181658529893575,0.14187426317068147,0.3617584244219423
2,0,Cumilla,Kharif 2,28.0,35.0,Arhar,Aug,Sep to Oct,Nov,0,30,26.0,20,50,,0.2342026799041616,0.4874035098281556,0.6332118144284202,0.20077491227360683,0.4432566265522507
0,#DIV/0!,Dhaka,Kharif 2,28.0,35.0,Arhar,Aug,Sep to Oct,Nov,0,30,26.0,20,50,,0.1617085368810471,0.3739978340952797,0.4637615523232626,0.1337037029818151,0.2359514042907517
15,0.2666666667,Dinajpur,Kharif 2,28.0,35.0,Arhar,Aug,Sep to Oct,Nov,4,30,26.0,20,50,,0.2318182627073085,0.5239328823548817,0.5334847342658163,0.2043221529514548,0.1911947455467423
5,0.4,Faridpur,Kharif 2,28.0,35.0,Arhar,Aug,Sep to Oct,Nov,2,30,26.0,20,50,,0.2343987436039652,0.4589359376067993,0.5431138624575879,0.154787580283514,0.1922260030735255
11,0.1818181818,Feni,Kharif 2,28.0,35.0,Arhar,Aug,Sep to Oct,Nov,2,30,26.0,20,50,,0.1727512973903106,0.5346346076270578,0.6568684139549554,0.24331808040470812,0.3420579380209889
49,0.5918367347,Gaibandha,Kharif 2,28.0,35.0,Arhar,Aug,Sep to Oct,Nov,29,30,26.0,20,50,57.0,0.1862351151714448,0.4143047369498758,0.472527892285157,0.15295885284798005,0.2962063273967376
2,0,Gazipur,Kharif 2,28.0,35.0,Arhar,Aug,Sep to Oct,Nov,0,30,26.0,20,50,,0.0798820916389187,0.4239447020268672,0.6351801312217112,0.24355318686542382,0.3447734668324618
0,#DIV/0!,Gopalganj,Kharif 2,28.0,35.0,Arhar,Aug,Sep to Oct,Nov,0,30,26.0,20,50,56.0,0.373290152738146,0.5529510431533057,0.6431246483263354,0.12814711032020948,0.3497550691217142
0,#DIV/0!,Habiganj,Kharif 2,28.0,35.0,Arhar,Aug,Sep to Oct,Nov,0,30,26.0,20,50,,0.1548294209765824,0.34940311996626405,0.490276717097282,0.16427689652905264,0.245932692591611
8,0.25,Jamalpur,Kharif 2,28.0,35.0,Arhar,Aug,Sep to Oct,Nov,2,30,26.0,20,50,,0.1648097082920677,0.3754107767415175,0.516399347268738,0.2138921242818444,0.2646026336761234
12,0.3333333333,Jashore,Kharif 2,28.0,35.0,Arhar,Aug,Sep to Oct,Nov,4,30,26.0,20,50,,0.3289696423116384,0.543372186262044,0.5761013650280524,0.1728723816297973,0.2644109823157027
0,#DIV/0!,Jhallokati,Kharif 2,28.0,35.0,Arhar,Aug,Sep to Oct,Nov,0,30,26.0,20,50,,0.2577418454737988,0.5986356350553269,0.7413763264744606,0.22111637569532944,0.3997108859765451
0,#DIV/0!,Jhenaidah,Kharif 2,28.0,35.0,Arhar,Aug,Sep to Oct,Nov,0,30,26.0,20,50,,0.3584825905341126,0.5329267355608904,0.5856887814533969,0.19867765564587012,0.2515724809224544
20,0.4,Joypurhat,Kharif 2,28.0,35.0,Arhar,Aug,Sep to Oct,Nov,8,30,26.0,20,50,64.0,0.1340678993163834,0.5072211101913036,0.495012034982754,0.24000823082430392,0.2741185892315073
29,0.3103448276,Khagrachari,Kharif 2,28.0,35.0,Arhar,Aug,Sep to Oct,Nov,9,30,26.0,20,50,54.0,0.5047117029912593,0.551657177663618,0.8046879631390788,0.2211499054194972,0.5632408079214678
0,#DIV/0!,Khulna,Kharif 2,28.0,35.0,Arhar,Aug,Sep to Oct,Nov,0,30,26.0,20,50,59.0,0.2743240682666131,0.4768808779489006,0.5800102272282405,0.14200886304583313,0.2418435740231755
0,#DIV/0!,Kishoreganj,Kharif 2,28.0,35.0,Arhar,Aug,Sep to Oct,Nov,0,30,26.0,20,50,,0.0352614250669803,0.12134424014598144,0.346103638367728,0.14499030181920325,0.0466277222103982
61,0.2950819672,Kurigram,Kharif 2,28.0,35.0,Arhar,Aug,Sep to Oct,Nov,18,30,26.0,20,50,,0.1600381274417598,0.41611921889355363,0.4533404465415963,0.1489942289448691,0.2126574194433389
91,0.4725274725,Kushtia,Kharif 2,28.0,35.0,Arhar,Aug,Sep to Oct,Nov,43,30,26.0,20,50,,0.301738590217574,0.4428746170924917,0.5100774986217015,0.17348596182597667,0.3063360618005153
14,0.1428571429,Lakshmipur,Kharif 2,28.0,35.0,Arhar,Aug,Sep to Oct,Nov,2,30,26.0,20,50,56.0,0.1735118910859101,0.3803014351597838,0.5368424127097657,0.19037127294278444,0.216911533590321
7,0.1428571429,Lalmonirhat,Kharif 2,28.0,35.0,Arhar,Aug,Sep to Oct,Nov,1,30,26.0,20,50,,0.2845360775211245,0.5229435337718871,0.4495769122619324,0.12906022557703567,0.1886964255619581
0,#DIV/0!,Madaripur,Kharif 2,28.0,35.0,Arhar,Aug,Sep to Oct,Nov,0,30,26.0,20,50,56.0,0.2382060091531424,0.48720447051668314,0.5270003205348973,0.14800057976340938,0.3015037563974885
11,0.2727272727,Magura,Kharif 2,28.0,35.0,Arhar,Aug,Sep to Oct,Nov,3,30,26.0,20,50,61.0,0.2250636941149401,0.5348021394978199,0.5564517069988566,0.21780293882979335,0.3068813352363869
0,#DIV/0!,Manikganj,Kharif 2,28.0,35.0,Arhar,Aug,Sep to Oct,Nov,0,30,26.0,20,50,,0.1812878463667706,0.41540088024896,0.4185406978474758,0.11763409955789018,0.2227934918175409
16,0.375,Meherpur,Kharif 2,28.0,35.0,Arhar,Aug,Sep to Oct,Nov,6,30,26.0,20,50,65.0,0.3930040447526618,0.3908698203464722,0.5774080200216897,0.2354072905942809,0.3536386487641446
26,0.2692307692,Moulvibazar,Kharif 2,28.0,35.0,Arhar,Aug,Sep to Oct,Nov,7,30,26.0,20,50,,0.2298372609953658,0.4582002612941123,0.6199927514832799,0.16553386978662127,0.3316964980247003
12,0.25,Munshiganj,Kharif 2,28.0,35.0,Arhar,Aug,Sep to Oct,Nov,3,30,26.0,20,50,,0.1325143943009333,0.3966906142497604,0.4487728540074254,0.15824921213767618,0.3160496897107698
0,#DIV/0!,Mymensingh,Kharif 2,28.0,35.0,Arhar,Aug,Sep to Oct,Nov,0,30,26.0,20,50,,0.1389876607018474,0.5802072434865271,0.6097119497847369,0.23658989780225598,0.2698808416271118
132,0.4166666667,Naogaon,Kharif 2,28.0,35.0,Arhar,Aug,Sep to Oct,Nov,55,30,26.0,20,50,,0.2610506888737964,0.4867980477394219,0.5271957717658298,0.17633304384791004,0.3045155374762066
0,#DIV/0!,Narail,Kharif 2,28.0,35.0,Arhar,Aug,Sep to Oct,Nov,0,30,26.0,20,50,58.0,0.294056796049288,0.5023501757492198,0.5628542478735085,0.15462459861888322,0.2634323510957302
0,#DIV/0!,Narayanganj,Kharif 2,28.0,35.0,Arhar,Aug,Sep to Oct,Nov,0,30,26.0,20,50,,0.2055703158072168,0.3495276482323971,0.484101190508087,0.11791762226445507,0.3477409062434406
0,#DIV/0!,Narsingdi,Kharif 2,28.0,35.0,Arhar,Aug,Sep to Oct,Nov,0,30,26.0,20,50,,0.2212477349859281,0.4035722195017175,0.582228604206656,0.14808093972185832,0.3843016714945546
15,0.2,Natore,Kharif 2,28.0,35.0,Arhar,Aug,Sep to Oct,Nov,3,30,26.0,20,50,,0.2497972959779298,0.3860207300644457,0.5182904304847376,0.2252885638814855,0.3978173091447218
8,0.375,Netrokona,Kharif 2,28.0,35.0,Arhar,Aug,Sep to Oct,Nov,3,30,26.0,20,50,,0.1097388440365386,0.3422064426038478,0.4572107645523022,0.1490505181532676,0.09812317506523
0,#DIV/0!,Nilphamari,Kharif 2,28.0,35.0,Arhar,Aug,Sep to Oct,Nov,0,30,26.0,20,50,,0.2971558927059972,0.5486483070922028,0.4830189104860807,0.14645858826426486,0.0941026951895885
40,0.25,Noakhali,Kharif 2,28.0,35.0,Arhar,Aug,Sep to Oct,Nov,10,30,26.0,20,50,55.0,0.1463623264955313,0.4177507491506494,0.6121314642988956,0.2302222941656167,0.3002479520998793
7,0.7142857143,Pabna,Kharif 2,28.0,35.0,Arhar,Aug,Sep to Oct,Nov,5,30,26.0,20,50,,0.2655064359584098,0.42251757952291263,0.4938904215556714,0.1582751120757719,0.3322302187313384
0,#DIV/0!,Panchagar,Kharif 2,28.0,35.0,Arhar,Aug,Sep to Oct,Nov,0,30,26.0,20,50,,0.369401739785313,0.5171154443562651,0.485823986874206,0.17481938946005385,0.2408245389975022
0,#DIV/0!,Patuakhali,Kharif 2,28.0,35.0,Arhar,Aug,Sep to Oct,Nov,0,30,26.0,20,50,,0.1003055359864112,0.4935695825619868,0.6429891164126075,0.2546624364427509,0.2708267478018758
0,#DIV/0!,Pirojpur,Kharif 2,28.0,35.0,Arhar,Aug,Sep to Oct,Nov,0,30,26.0,20,50,57.0,0.2624382760227538,0.5689410239309609,0.6965960442832237,0.20040124872955173,0.3852390179122407
33,0.2727272727,Rajbari,Kharif 2,28.0,35.0,Arhar,Aug,Sep to Oct,Nov,9,30,26.0,20,50,60.0,0.1969779583846395,0.46245153404869815,0.466512607496879,0.16618861731086929,0.3247059383230628
6,0.1666666667,Rajshahi,Kharif 2,28.0,35.0,Arhar,Aug,Sep to Oct,Nov,1,30,26.0,20,50,65.0,0.3234410436367065,0.3904977265295081,0.4638470315151211,0.1526839228943546,0.2946516903259429
151,0.5298013245,Rangamati,Kharif 2,28.0,35.0,Arhar,Aug,Sep to Oct,Nov,80,30,26.0,20,50,,0.3966247743805545,0.5671301359510404,0.7572250026165042,0.19672046697322976,0.609906371670307
83,0.734939759,Rangpur,Kharif 2,28.0,35.0,Arhar,Aug,Sep to Oct,Nov,61,30,26.0,20,50,59.0,0.2587256418101652,0.5431476811347895,0.5551464143048584,0.17978397391048326,0.2367261980987058
0,#DIV/0!,Satkhira,Kharif 2,28.0,35.0,Arhar,Aug,Sep to Oct,Nov,0,30,26.0,20,50,59.0,0.2608332964740397,0.4124134270358451,0.4949600162131376,0.13655217896357313,0.2474221884969978
0,#DIV/0!,Shariatpur,Kharif 2,28.0,35.0,Arhar,Aug,Sep to Oct,Nov,0,30,26.0,20,50,55.0,0.3060714061064356,0.4214326000383027,0.4604456937918399,0.09551648527698318,0.2376970365297308
8,0.375,Sherpur,Kharif 2,28.0,35.0,Arhar,Aug,Sep to Oct,Nov,3,30,26.0,20,50,,0.2004443254985731,0.5023450503179366,0.6041241456870005,0.2183642629054117,0.2947216372986462
0,#DIV/0!,Sirajganj,Kharif 2,28.0,35.0,Arhar,Aug,Sep to Oct,Nov,0,30,26.0,20,50,,0.1185287326216384,0.3010542563846624,0.3832723887128045,0.15402343289501932,0.2391123797848982
0,#DIV/0!,Sunamganj,Kharif 2,28.0,35.0,Arhar,Aug,Sep to Oct,Nov,0,30,26.0,20,50,54.0,0.0096036979545399,0.0388675287511582,0.1793284797174766,0.08087444789042958,-0.0542292857374388
0,#DIV/0!,Sylhet,Kharif 2,28.0,35.0,Arhar,Aug,Sep to Oct,Nov,0,30,26.0,20,50,54.0,0.1775812226237738,0.41810031798021796,0.5401497904776739,0.15546018917534946,0.13485983039162
3,0,Tangail,Kharif 2,28.0,35.0,Arhar,Aug,Sep to Oct,Nov,0,30,26.0,20,50,60.0,0.1591988119601507,0.4660683481933595,0.5500375193507461,0.20223292786875452,0.1595776260298182
40,0.35,Thakurgaon,Kharif 2,28.0,35.0,Arhar,Aug,Sep to Oct,Nov,14,30,26.0,20,50,,0.3826151757848311,0.5247897143684177,0.4435090691546509,0.1525557259834554,0.2128467513454522
14355,1.118843608,Bagerhat,Kharif 1,26.0,72.5,Aus,March,April to july,Aug,16061,40,12.0,60,85,57.0,0.5711876241926808,0.2671469327157075,0.36797252036576,0.12693899582293255,0.533074061065529
30323,0.80681331,Bandarban,Kharif 1,26.0,72.5,Aus,March,April to july,Aug,24465,40,12.0,60,85,55.0,0.5676824803630925,0.40589161668495505,0.4875178800779642,0.11190336606469355,0.6821383327059017
136821,1.023665958,Barguna,Kharif 1,26.0,72.5,Aus,March,April to july,Aug,140059,40,12.0,60,85,57.0,0.3352139518717137,0.29083352567706255,0.1725115850101264,0.07091003682629747,0.291063589685606
44719,0.7564793488,Barishal,Kharif 1,26.0,72.5,Aus,March,April to july,Aug,33829,40,12.0,60,85,,0.43248229774155,0.2843704036936797,0.1904844619362955,0.09105513728521505,0.2533858903228801
225181,0.7846976432,Bhola,Kharif 1,26.0,72.5,Aus,March,April to july,Aug,176699,40,12.0,60,85,56.0,0.3010654880049462,0.1937122601154376,0.0628187267415414,0.07765386839974579,0.243217327760463
79878,0.9793184607,Bogura,Kharif 1,26.0,72.5,Aus,March,April to july,Aug,78226,40,12.0,60,85,,0.5031143822226227,0.2695753116880148,0.1458454463723086,0.1464830197185685,0.3907901958771589
28171,1.044016897,Brahmanbaria,Kharif 1,26.0,72.5,Aus,March,April to july,Aug,29411,40,12.0,60,85,54.0,0.6120203918074798,0.237264399379824,0.2231572914897405,0.2032114496728545,0.3909190194818471
26157,1.04304775,Chandpur,Kharif 1,26.0,72.5,Aus,March,April to july,Aug,27283,40,12.0,60,85,,0.4859674573852385,0.2646230150831639,0.2156911286424974,0.10403393512170495,0.3913421262911484
112725,1.093138168,Chapai Nawabganj,Kharif 1,26.0,72.5,Aus,March,April to july,Aug,123224,40,12.0,60,85,,0.5329944189746634,0.3232282992721101,0.3933928204975689,0.09149049174816098,0.4431037695451635
87232,1.168241012,Chattogram,Kharif 1,26.0,72.5,Aus,March,April to july,Aug,101908,40,12.0,60,85,,0.4802903771854044,0.3471185291382584,0.2472074271527324,0.09563521988044281,0.5031925773161925
105578,1.08818125,Chuadanga,Kharif 1,26.0,72.5,Aus,March,April to july,Aug,114888,40,12.0,60,85,,0.6064678529651709,0.37676544326040545,0.4048532779091586,0.10543401412767629,0.5937943182711736
7479,1.064447119,CoxsBazar,Kharif 1,26.0,72.5,Aus,March,April to july,Aug,7961,40,12.0,60,85,55.0,0.4628693746612334,0.3333961221277134,0.3524293584290747,0.059826244492437675,0.4613461644922925
194395,0.9509400962,Cumilla,Kharif 1,26.0,72.5,Aus,March,April to july,Aug,184858,40,12.0,60,85,,0.5910383419566766,0.28079746973064335,0.2342026799041616,0.16434842293240054,0.4346417753677448
1454,0.7902338377,Dhaka,Kharif 1,26.0,72.5,Aus,March,April to july,Aug,1149,40,12.0,60,85,,0.4340019668066029,0.2385141396306013,0.1617085368810471,0.0939494112209077,0.344767292591086
28663,0.8469804277,Dinajpur,Kharif 1,26.0,72.5,Aus,March,April to july,Aug,24277,40,12.0,60,85,,0.5768919544682428,0.2587030963099046,0.2318182627073085,0.18095555901585084,0.4042335990913202
21437,0.6256938937,Faridpur,Kharif 1,26.0,72.5,Aus,March,April to july,Aug,13413,40,12.0,60,85,,0.5101997893014788,0.2879453075913369,0.2343987436039652,0.15412206159993855,0.4746373619141085
27313,0.8943726431,Feni,Kharif 1,26.0,72.5,Aus,March,April to july,Aug,24428,40,12.0,60,85,,0.5023790786684436,0.22973413454253871,0.1727512973903106,0.15633876156279713,0.4589202557758623
34902,0.8496074724,Gaibandha,Kharif 1,26.0,72.5,Aus,March,April to july,Aug,29653,40,12.0,60,85,57.0,0.5052634601391561,0.21613397413845883,0.1862351151714448,0.15801678532450694,0.3434167606212545
3943,1.305351255,Gazipur,Kharif 1,26.0,72.5,Aus,March,April to july,Aug,5147,40,12.0,60,85,,0.5111937838721802,0.2551414828258255,0.0798820916389187,0.1590314680447676,0.3482783737758274
9664,1.432326159,Gopalganj,Kharif 1,26.0,72.5,Aus,March,April to july,Aug,13842,40,12.0,60,85,56.0,0.6330877335678394,0.36811427843248734,0.373290152738146,0.10901540388181326,0.4545933382146112
191786,1.085219985,Habiganj,Kharif 1,26.0,72.5,Aus,March,April to july,Aug,208130,40,12.0,60,85,,0.6014605348999472,0.2535987872124722,0.1548294209765824,0.1782012110967459,0.4730658538368976
9975,0.9179949875,Jamalpur,Kharif 1,26.0,72.5,Aus,March,April to july,Aug,9157,40,12.0,60,85,,0.5278123755787749,0.19415434873435433,0.1648097082920677,0.15479060070008038,0.3849267622873427
41981,1.262070937,Jashore,Kharif 1,26.0,72.5,Aus,March,April to july,Aug,52983,40,12.0,60,85,,0.6067794453589154,0.34005460081705996,0.3289696423116384,0.1558013665244629,0.4688805230475235
39679,1.070692306,Jhallokati,Kharif 1,26.0,72.5,Aus,March,April to july,Aug,42484,40,12.0,60,85,,0.5179106140943847,0.38768697005319736,0.2577418454737988,0.09175046296816729,0.4152984185672557
87423,1.223591046,Jhenaidah,Kharif 1,26.0,72.5,Aus,March,April to july,Aug,106970,40,12.0,60,85,,0.6072717913709762,0.3670210897373056,0.3584825905341126,0.1285507300268861,0.5172636126901161
1038,0.9441233141,Joypurhat,Kharif 1,26.0,72.5,Aus,March,April to july,Aug,980,40,12.0,60,85,64.0,0.4871203122169448,0.33757340034884986,0.1340678993163834,0.17691793529555744,0.4013493246727935
11154,1.009144701,Khagrachari,Kharif 1,26.0,72.5,Aus,March,April to july,Aug,11256,40,12.0,60,85,54.0,0.5737845474176946,0.36979625374349245,0.5047117029912593,0.14115472958586703,0.6273542204861793
9017,0.5480758567,Khulna,Kharif 1,26.0,72.5,Aus,March,April to july,Aug,4942,40,12.0,60,85,59.0,0.4979323952822052,0.23638923809094275,0.2743240682666131,0.10639737112880292,0.4395870026247023
66014,1.050216621,Kishoreganj,Kharif 1,26.0,72.5,Aus,March,April to july,Aug,69329,40,12.0,60,85,,0.6380676429483706,0.12845382736010105,0.0352614250669803,0.25678237767030737,0.4131448806084709
16357,0.8437977624,Kurigram,Kharif 1,26.0,72.5,Aus,March,April to july,Aug,13802,40,12.0,60,85,,0.4446969686649252,0.18321190180474756,0.1600381274417598,0.13020606094203807,0.294759011881437
67774,1.167424086,Kushtia,Kharif 1,26.0,72.5,Aus,March,April to july,Aug,79121,40,12.0,60,85,,0.5026391517689011,0.33271675332613654,0.301738590217574,0.07873993233581913,0.5144873456235682
80238,0.8856152945,Lakshmipur,Kharif 1,26.0,72.5,Aus,March,April to july,Aug,71060,40,12.0,60,85,56.0,0.4099483108021562,0.2306600104340929,0.1735118910859101,0.10891756339529524,0.329965698770968
27851,1.01267459,Lalmonirhat,Kharif 1,26.0,72.5,Aus,March,April to july,Aug,28204,40,12.0,60,85,,0.5685270716402814,0.26697516084442463,0.2845360775211245,0.1554352839238054,0.4948821771436415
4854,0.6847960445,Madaripur,Kharif 1,26.0,72.5,Aus,March,April to july,Aug,3324,40,12.0,60,85,56.0,0.5126870864671587,0.3008301047092089,0.2382060091531424,0.12803516004706642,0.434792084871636
14520,0.8349173554,Magura,Kharif 1,26.0,72.5,Aus,March,April to july,Aug,12123,40,12.0,60,85,61.0,0.5805999045721482,0.36824193174872333,0.2250636941149401,0.13218755878830676,0.4803835186927634
8158,0.8540083354,Manikganj,Kharif 1,26.0,72.5,Aus,March,April to july,Aug,6967,40,12.0,60,85,,0.4337041495265221,0.23882780498863038,0.1812878463667706,0.10091547116457279,0.1994612868881428
51464,1.24450101,Meherpur,Kharif 1,26.0,72.5,Aus,March,April to july,Aug,64047,40,12.0,60,85,65.0,0.5708640413836734,0.4055302143644988,0.3930040447526618,0.07454451626078579,0.6363343859653814
129959,1.211181988,Moulvibazar,Kharif 1,26.0,72.5,Aus,March,April to july,Aug,157404,40,12.0,60,85,,0.5076200516171026,0.30588058796669404,0.2298372609953658,0.1059533612549802,0.4889183454377723
447,0.8970917226,Munshiganj,Kharif 1,26.0,72.5,Aus,March,April to july,Aug,401,40,12.0,60,85,,0.4965979715632833,0.2820729865555412,0.1325143943009333,0.14397911074480804,0.521983445304389
58364,0.9350627099,Mymensingh,Kharif 1,26.0,72.5,Aus,March,April to july,Aug,54574,40,12.0,60,85,,0.5686833849186683,0.22003088856632366,0.1389876607018474,0.16049769999078983,0.2832779421973829
158927,1.077677173,Naogaon,Kharif 1,26.0,72.5,Aus,March,April to july,Aug,171272,40,12.0,60,85,,0.6201124466265265,0.2521796061130121,0.2610506888737964,0.16301282684170465,0.3741281428245409
22828,0.8399334151,Narail,Kharif 1,26.0,72.5,Aus,March,April to july,Aug,19174,40,12.0,60,85,58.0,0.574803629810534,0.317807322421931,0.294056796049288,0.11382691642629524,0.4757956922331443
6054,0.9326065411,Narayanganj,Kharif 1,26.0,72.5,Aus,March,April to july,Aug,5646,40,12.0,60,85,,0.4347229780450177,0.27815958888853837,0.2055703158072168,0.08773759084476608,0.3254064295331264
3735,1.089959839,Narsingdi,Kharif 1,26.0,72.5,Aus,March,April to july,Aug,4071,40,12.0,60,85,,0.5675183682230315,0.2787440080498379,0.2212477349859281,0.168707975061572,0.387696320210425
24015,1.151405372,Natore,Kharif 1,26.0,72.5,Aus,March,April to july,Aug,27651,40,12.0,60,85,,0.6157551872850959,0.3289135409255313,0.2497972959779298,0.14160059293577273,0.5612003405949629
3609,0.9614851759,Netrokona,Kharif 1,26.0,72.5,Aus,March,April to july,Aug,3470,40,12.0,60,85,,0.638234140226114,0.1000841505331573,0.1097388440365386,0.23366226353784383,0.3702446184726372
4312,0.8267625232,Nilphamari,Kharif 1,26.0,72.5,Aus,March,April to july,Aug,3565,40,12.0,60,85,,0.604066391741781,0.24263262783215603,0.2971558927059972,0.18482206759308692,0.446760339331025
99075,0.8683017916,Noakhali,Kharif 1,26.0,72.5,Aus,March,April to july,Aug,86027,40,12.0,60,85,55.0,0.4854136963654465,0.23178494208194078,0.1463623264955313,0.14407981417998136,0.4522745592492853
59351,0.8480733265,Pabna,Kharif 1,26.0,72.5,Aus,March,April to july,Aug,50334,40,12.0,60,85,,0.5026473561162811,0.3182950535312654,0.2655064359584098,0.08338433984801406,0.4649989728650389
6020,1.027408638,Panchagar,Kharif 1,26.0,72.5,Aus,March,April to july,Aug,6185,40,12.0,60,85,,0.4949864884497696,0.29635291061791996,0.369401739785313,0.1534247373301173,0.4220167525726432
83287,1.017097506,Patuakhali,Kharif 1,26.0,72.5,Aus,March,April to july,Aug,84711,40,12.0,60,85,,0.3271561678385286,0.2569179102912676,0.1003055359864112,0.0897401333529467,0.2752790517888959
33909,0.948538736,Pirojpur,Kharif 1,26.0,72.5,Aus,March,April to july,Aug,32164,40,12.0,60,85,57.0,0.5271361118307798,0.34802568686775576,0.2624382760227538,0.09951182525553234,0.3932548344744789
6411,0.6995788489,Rajbari,Kharif 1,26.0,72.5,Aus,March,April to july,Aug,4485,40,12.0,60,85,60.0,0.4806919129357807,0.33980066909700984,0.1969779583846395,0.10685403439203088,0.445050413155566
108931,1.151600554,Rajshahi,Kharif 1,26.0,72.5,Aus,March,April to july,Aug,125445,40,12.0,60,85,65.0,0.4771080227246705,0.3026474514785224,0.3234410436367065,0.08968965717572006,0.4500902862447303
14523,0.6259725952,Rangamati,Kharif 1,26.0,72.5,Aus,March,April to july,Aug,9091,40,12.0,60,85,,0.4965180374554424,0.36561785734252367,0.3966247743805545,0.14319174894495704,0.6310743550546144
63967,1.11011928,Rangpur,Kharif 1,26.0,72.5,Aus,March,April to july,Aug,71011,40,12.0,60,85,59.0,0.5272187009814302,0.2434905813790625,0.2587256418101652,0.16203203409088107,0.4282935836855661
19706,1.143306607,Satkhira,Kharif 1,26.0,72.5,Aus,March,April to july,Aug,22530,40,12.0,60,85,59.0,0.4835354065029546,0.2158742168273637,0.2608332964740397,0.1190909447917747,0.416821054986026
30842,0.9831074509,Shariatpur,Kharif 1,26.0,72.5,Aus,March,April to july,Aug,30321,40,12.0,60,85,55.0,0.4511789681561877,0.2488538373233175,0.3060714061064356,0.1197267888049525,0.391216738930908
12847,0.948859656,Sherpur,Kharif 1,26.0,72.5,Aus,March,April to july,Aug,12190,40,12.0,60,85,,0.6297376902178687,0.2108219474749611,0.2004443254985731,0.19147272940963542,0.355035413839545
25932,1.043884004,Sirajganj,Kharif 1,26.0,72.5,Aus,March,April to july,Aug,27070,40,12.0,60,85,,0.4737362339881535,0.1939391519162513,0.1185287326216384,0.13129444935824494,0.3198299670185812
50522,1.088654448,Sunamganj,Kharif 1,26.0,72.5,Aus,March,April to july,Aug,55001,40,12.0,60,85,54.0,0.6219959069450288,-0.0016713237114059521,0.0096036979545399,0.29012700102105315,0.5312190703372729
183424,1.07249324,Sylhet,Kharif 1,26.0,72.5,Aus,March,April to july,Aug,196721,40,12.0,60,85,54.0,0.4933672733095434,0.10451695285413559,0.1775812226237738,0.17555147952189767,0.4606201196420315
2964,0.866734143,Tangail,Kharif 1,26.0,72.5,Aus,March,April to july,Aug,2569,40,12.0,60,85,60.0,0.5155877071618177,0.17667760007117728,0.1591988119601507,0.14312750941343164,0.2360260118339428
61148,1.07875973,Thakurgaon,Kharif 1,26.0,72.5,Aus,March,April to july,Aug,65964,40,12.0,60,85,,0.5465011801065398,0.3076983273566418,0.3826151757848311,0.1485109981471596,0.532704520344867
2077,4.158401541,Bagerhat,Rabi,25.0,80.0,Banana,Jan,Jan to Jan,Jan,8637,35,15.0,75,85,57.0,0.4889194902967873,0.4889194902967873,0.4889194902967873,,0.4540554389640537
3830,4.812010444,Bandarban,Rabi,25.0,80.0,Banana,Jan,Jan to Jan,Jan,18430,35,15.0,75,85,55.0,0.763617739914739,0.763617739914739,0.763617739914739,,0.7680437191871492
305,4.580327869,Barguna,Rabi,25.0,80.0,Banana,Jan,Jan to Jan,Jan,1397,35,15.0,75,85,57.0,0.3499506810824001,0.3499506810824001,0.3499506810824001,,0.4662558246927283
1760,3.284659091,Barishal,Rabi,25.0,80.0,Banana,Jan,Jan to Jan,Jan,5781,35,15.0,75,85,,0.291607379510426,0.291607379510426,0.291607379510426,,0.372827378606825
563,3.621669627,Bhola,Rabi,25.0,80.0,Banana,Jan,Jan to Jan,Jan,2039,35,15.0,75,85,56.0,0.2168086916309753,0.2168086916309753,0.2168086916309753,,0.2620954557342561
2572,7.9062986,Bogura,Rabi,25.0,80.0,Banana,Jan,Jan to Jan,Jan,20335,35,15.0,75,85,,0.3124280312616473,0.3124280312616473,0.3124280312616473,,0.3144341526519014
269,3.828996283,Brahmanbaria,Rabi,25.0,80.0,Banana,Jan,Jan to Jan,Jan,1030,35,15.0,75,85,54.0,0.2811509765621612,0.2811509765621612,0.2811509765621612,,0.3347151991117539
990,5.182828283,Chandpur,Rabi,25.0,80.0,Banana,Jan,Jan to Jan,Jan,5131,35,15.0,75,85,,0.303030026749074,0.303030026749074,0.303030026749074,,0.4066104245438057
419,8.102625298,Chapai Nawabganj,Rabi,25.0,80.0,Banana,Jan,Jan to Jan,Jan,3395,35,15.0,75,85,,0.3537489371617141,0.3537489371617141,0.3537489371617141,,0.3864980319501888
2961,4.901384667,Chattogram,Rabi,25.0,80.0,Banana,Jan,Jan to Jan,Jan,14513,35,15.0,75,85,,0.5249827607431998,0.5249827607431998,0.5249827607431998,,0.5418237288330188
1813,9.927744071,Chuadanga,Rabi,25.0,80.0,Banana,Jan,Jan to Jan,Jan,17999,35,15.0,75,85,,0.5031852308806458,0.5031852308806458,0.5031852308806458,,0.4480905156880582
854,2.710772834,CoxsBazar,Rabi,25.0,80.0,Banana,Jan,Jan to Jan,Jan,2315,35,15.0,75,85,55.0,0.4603922198041147,0.4603922198041147,0.4603922198041147,,0.479759680493097
849,4.628975265,Cumilla,Rabi,25.0,80.0,Banana,Jan,Jan to Jan,Jan,3930,35,15.0,75,85,,0.3645708248943419,0.3645708248943419,0.3645708248943419,,0.4591086341017765
588,6.930272109,Dhaka,Rabi,25.0,80.0,Banana,Jan,Jan to Jan,Jan,4075,35,15.0,75,85,,0.3532928976505518,0.3532928976505518,0.3532928976505518,,0.3729581706124147
2772,10.43001443,Dinajpur,Rabi,25.0,80.0,Banana,Jan,Jan to Jan,Jan,28912,35,15.0,75,85,,0.3363010381782366,0.3363010381782366,0.3363010381782366,,0.2906194740532874
202,3.089108911,Faridpur,Rabi,25.0,80.0,Banana,Jan,Jan to Jan,Jan,624,35,15.0,75,85,,0.4044204909178377,0.4044204909178377,0.4044204909178377,,0.3585719698538986
483,4.461697723,Feni,Rabi,25.0,80.0,Banana,Jan,Jan to Jan,Jan,2155,35,15.0,75,85,,0.4263300065971123,0.4263300065971123,0.4263300065971123,,0.4082268131916088
3459,18.04191963,Gaibandha,Rabi,25.0,80.0,Banana,Jan,Jan to Jan,Jan,62407,35,15.0,75,85,57.0,0.2446402294304136,0.2446402294304136,0.2446402294304136,,0.2511277688066824
1499,6.112741828,Gazipur,Rabi,25.0,80.0,Banana,Jan,Jan to Jan,Jan,9163,35,15.0,75,85,,0.4065387135241315,0.4065387135241315,0.4065387135241315,,0.503080146381813
909,5.922992299,Gopalganj,Rabi,25.0,80.0,Banana,Jan,Jan to Jan,Jan,5384,35,15.0,75,85,56.0,0.3854395052976016,0.3854395052976016,0.3854395052976016,,0.4609106854805545
279,2.777777778,Habiganj,Rabi,25.0,80.0,Banana,Jan,Jan to Jan,Jan,775,35,15.0,75,85,,0.2661294631608376,0.2661294631608376,0.2661294631608376,,0.2933653211174028
1324,5.530966767,Jamalpur,Rabi,25.0,80.0,Banana,Jan,Jan to Jan,Jan,7323,35,15.0,75,85,,0.3204199651621038,0.3204199651621038,0.3204199651621038,,0.4257361694326304
1973,5.144450076,Jashore,Rabi,25.0,80.0,Banana,Jan,Jan to Jan,Jan,10150,35,15.0,75,85,,0.4475073883018984,0.4475073883018984,0.4475073883018984,,0.4167681844969798
2910,3.264604811,Jhallokati,Rabi,25.0,80.0,Banana,Jan,Jan to Jan,Jan,9500,35,15.0,75,85,,0.3980482373190764,0.3980482373190764,0.3980482373190764,,0.5645420349590545
8152,6.176521099,Jhenaidah,Rabi,25.0,80.0,Banana,Jan,Jan to Jan,Jan,50351,35,15.0,75,85,,0.4451787298559849,0.4451787298559849,0.4451787298559849,,0.3797805611465307
416,7.34375,Joypurhat,Rabi,25.0,80.0,Banana,Jan,Jan to Jan,Jan,3055,35,15.0,75,85,64.0,0.4359280719977643,0.4359280719977643,0.4359280719977643,,0.2968852712832193
7462,3.610024122,Khagrachari,Rabi,25.0,80.0,Banana,Jan,Jan to Jan,Jan,26938,35,15.0,75,85,54.0,0.7127123618717103,0.7127123618717103,0.7127123618717103,,0.7269174609559165
305,16.79672131,Khulna,Rabi,25.0,80.0,Banana,Jan,Jan to Jan,Jan,5123,35,15.0,75,85,59.0,0.4342237814545653,0.4342237814545653,0.4342237814545653,,0.4194859752623969
1536,7.524088542,Kishoreganj,Rabi,25.0,80.0,Banana,Jan,Jan to Jan,Jan,11557,35,15.0,75,85,,0.3112699019521303,0.3112699019521303,0.3112699019521303,,0.2840718604506674
520,10.18461538,Kurigram,Rabi,25.0,80.0,Banana,Jan,Jan to Jan,Jan,5296,35,15.0,75,85,,0.2659209949590453,0.2659209949590453,0.2659209949590453,,0.2948933587045184
1760,21.00113636,Kushtia,Rabi,25.0,80.0,Banana,Jan,Jan to Jan,Jan,36962,35,15.0,75,85,,0.4366112739616819,0.4366112739616819,0.4366112739616819,,0.3382201733296665
3250,3.825230769,Lakshmipur,Rabi,25.0,80.0,Banana,Jan,Jan to Jan,Jan,12432,35,15.0,75,85,56.0,0.2635214620314005,0.2635214620314005,0.2635214620314005,,0.4300570517628377
277,10.83393502,Lalmonirhat,Rabi,25.0,80.0,Banana,Jan,Jan to Jan,Jan,3001,35,15.0,75,85,,0.3699886074056321,0.3699886074056321,0.3699886074056321,,0.3275862606305177
1584,7.698863636,Madaripur,Rabi,25.0,80.0,Banana,Jan,Jan to Jan,Jan,12195,35,15.0,75,85,56.0,0.3922893847189875,0.3922893847189875,0.3922893847189875,,0.4022075356404387
563,26.32149201,Magura,Rabi,25.0,80.0,Banana,Jan,Jan to Jan,Jan,14819,35,15.0,75,85,61.0,0.424542540711464,0.424542540711464,0.424542540711464,,0.3856792337217167
601,3.271214642,Manikganj,Rabi,25.0,80.0,Banana,Jan,Jan to Jan,Jan,1966,35,15.0,75,85,,0.4309266104806672,0.4309266104806672,0.4309266104806672,,0.3774664093334369
2432,15.37787829,Meherpur,Rabi,25.0,80.0,Banana,Jan,Jan to Jan,Jan,37399,35,15.0,75,85,65.0,0.5422238526759723,0.5422238526759723,0.5422238526759723,,0.4469524389105069
269,5.289962825,Moulvibazar,Rabi,25.0,80.0,Banana,Jan,Jan to Jan,Jan,1423,35,15.0,75,85,,0.3743598588192403,0.3743598588192403,0.3743598588192403,,0.4977793993594279
170,3.805882353,Munshiganj,Rabi,25.0,80.0,Banana,Jan,Jan to Jan,Jan,647,35,15.0,75,85,,0.3390365963664746,0.3390365963664746,0.3390365963664746,,0.3336655622501818
5325,6.798122066,Mymensingh,Rabi,25.0,80.0,Banana,Jan,Jan to Jan,Jan,36200,35,15.0,75,85,,0.2733859403767918,0.2733859403767918,0.2733859403767918,,0.3867889892825891
1631,8.50030656,Naogaon,Rabi,25.0,80.0,Banana,Jan,Jan to Jan,Jan,13864,35,15.0,75,85,,0.3087416614898178,0.3087416614898178,0.3087416614898178,,0.300886392682955
638,6.887147335,Narail,Rabi,25.0,80.0,Banana,Jan,Jan to Jan,Jan,4394,35,15.0,75,85,58.0,0.3958955094418674,0.3958955094418674,0.3958955094418674,,0.3892973548681078
195,5.128205128,Narayanganj,Rabi,25.0,80.0,Banana,Jan,Jan to Jan,Jan,1000,35,15.0,75,85,,0.3324589299993573,0.3324589299993573,0.3324589299993573,,0.4017658280813401
3677,6.819146043,Narsingdi,Rabi,25.0,80.0,Banana,Jan,Jan to Jan,Jan,25074,35,15.0,75,85,,0.3849029249505548,0.3849029249505548,0.3849029249505548,,0.4960062531248373
856,16.77570093,Natore,Rabi,25.0,80.0,Banana,Jan,Jan to Jan,Jan,14360,35,15.0,75,85,,0.380859152838484,0.380859152838484,0.380859152838484,,0.3470177874611827
804,5.706467662,Netrokona,Rabi,25.0,80.0,Banana,Jan,Jan to Jan,Jan,4588,35,15.0,75,85,,0.2328478871514515,0.2328478871514515,0.2328478871514515,,0.3218828493909481
439,8.364464692,Nilphamari,Rabi,25.0,80.0,Banana,Jan,Jan to Jan,Jan,3672,35,15.0,75,85,,0.3232946510636419,0.3232946510636419,0.3232946510636419,,0.3476216887866298
1212,2.882013201,Noakhali,Rabi,25.0,80.0,Banana,Jan,Jan to Jan,Jan,3493,35,15.0,75,85,55.0,0.3654843450318284,0.3654843450318284,0.3654843450318284,,0.4379654866351988
756,7.35978836,Pabna,Rabi,25.0,80.0,Banana,Jan,Jan to Jan,Jan,5564,35,15.0,75,85,,0.4332378957112088,0.4332378957112088,0.4332378957112088,,0.388404621513211
402,12.6119403,Panchagar,Rabi,25.0,80.0,Banana,Jan,Jan to Jan,Jan,5070,35,15.0,75,85,,0.2851494820813574,0.2851494820813574,0.2851494820813574,,0.3552231484416963
561,3.360071301,Patuakhali,Rabi,25.0,80.0,Banana,Jan,Jan to Jan,Jan,1885,35,15.0,75,85,,0.3066881597522483,0.3066881597522483,0.3066881597522483,,0.3910234141136282
2786,4.829145729,Pirojpur,Rabi,25.0,80.0,Banana,Jan,Jan to Jan,Jan,13454,35,15.0,75,85,57.0,0.4071895891081893,0.4071895891081893,0.4071895891081893,,0.5355773894093223
1071,5.843137255,Rajbari,Rabi,25.0,80.0,Banana,Jan,Jan to Jan,Jan,6258,35,15.0,75,85,60.0,0.3898099099766552,0.3898099099766552,0.3898099099766552,,0.3159894357608295
4672,10.23587329,Rajshahi,Rabi,25.0,80.0,Banana,Jan,Jan to Jan,Jan,47822,35,15.0,75,85,65.0,0.376434231778691,0.376434231778691,0.376434231778691,,0.3250446250255215
9230,4.629902492,Rangamati,Rabi,25.0,80.0,Banana,Jan,Jan to Jan,Jan,42734,35,15.0,75,85,,0.6993863215167584,0.6993863215167584,0.6993863215167584,,0.674089031025505
2321,5.618698837,Rangpur,Rabi,25.0,80.0,Banana,Jan,Jan to Jan,Jan,13041,35,15.0,75,85,59.0,0.2976599417574164,0.2976599417574164,0.2976599417574164,,0.302229029600414
995,6.271356784,Satkhira,Rabi,25.0,80.0,Banana,Jan,Jan to Jan,Jan,6240,35,15.0,75,85,59.0,0.4167558288001258,0.4167558288001258,0.4167558288001258,,0.4115941841061277
413,3.784503632,Shariatpur,Rabi,25.0,80.0,Banana,Jan,Jan to Jan,Jan,1563,35,15.0,75,85,55.0,0.3540776787779843,0.3540776787779843,0.3540776787779843,,0.3795439307242726
623,5.585874799,Sherpur,Rabi,25.0,80.0,Banana,Jan,Jan to Jan,Jan,3480,35,15.0,75,85,,0.2796499492964726,0.2796499492964726,0.2796499492964726,,0.4173752128178273
583,7.468267581,Sirajganj,Rabi,25.0,80.0,Banana,Jan,Jan to Jan,Jan,4354,35,15.0,75,85,,0.3297344337720062,0.3297344337720062,0.3297344337720062,,0.3521805347842084
325,5.996923077,Sunamganj,Rabi,25.0,80.0,Banana,Jan,Jan to Jan,Jan,1949,35,15.0,75,85,54.0,0.2960996814095912,0.2960996814095912,0.2960996814095912,,0.2344378897328882
855,3.907602339,Sylhet,Rabi,25.0,80.0,Banana,Jan,Jan to Jan,Jan,3341,35,15.0,75,85,54.0,0.3607174177912129,0.3607174177912129,0.3607174177912129,,0.430003861913886
11391,7.752962865,Tangail,Rabi,25.0,80.0,Banana,Jan,Jan to Jan,Jan,88314,35,15.0,75,85,60.0,0.3748701758536493,0.3748701758536493,0.3748701758536493,,0.4405935738388953
1161,5.043066322,Thakurgaon,Rabi,25.0,80.0,Banana,Jan,Jan to Jan,Jan,5855,35,15.0,75,85,,0.433583087795228,0.433583087795228,0.433583087795228,,0.3186676286823571
457,1.192560175,Bagerhat,Kharif 2,25.0,72.5,Barbati,Sep,Oct to Dec,December to April,545,30,20.0,60,85,57.0,0.4868351131875976,0.5435040903214695,0.4663431831695994,0.10197697007983066,0.36797252036576
318,1.301886792,Bandarban,Kharif 2,25.0,72.5,Barbati,Sep,Oct to Dec,December to April,414,30,20.0,60,85,55.0,0.3862715233777672,0.7582297823608065,0.6338320457795878,0.16570322419226313,0.4875178800779642
89,1.449438202,Barguna,Kharif 2,25.0,72.5,Barbati,Sep,Oct to Dec,December to April,129,30,20.0,60,85,57.0,0.3310758402525957,0.5751375070887811,0.3460187582202293,0.1450280013753185,0.1725115850101264
325,1.347692308,Barishal,Kharif 2,25.0,72.5,Barbati,Sep,Oct to Dec,December to April,438,30,20.0,60,85,,0.3272113771710582,0.4815664990895199,0.332063971015091,0.10887296570943507,0.1904844619362955
243,1.962962963,Bhola,Kharif 2,25.0,72.5,Barbati,Sep,Oct to Dec,December to April,477,30,20.0,60,85,56.0,0.2334659055742139,0.371047241126383,0.24956385296491873,0.08673580660724999,0.0628187267415414
296,2.043918919,Bogura,Kharif 2,25.0,72.5,Barbati,Sep,Oct to Dec,December to April,605,30,20.0,60,85,,0.2859644007903595,0.4684799236698913,0.38364450879272904,0.11138508824518684,0.1458454463723086
207,1.555555556,Brahmanbaria,Kharif 2,25.0,72.5,Barbati,Sep,Oct to Dec,December to April,322,30,20.0,60,85,54.0,0.2430711904191838,0.4121126211656716,0.4171055686452151,0.11931846151608554,0.2231572914897405
82,0.6463414634,Chandpur,Kharif 2,25.0,72.5,Barbati,Sep,Oct to Dec,December to April,53,30,20.0,60,85,,0.2851182395817753,0.4816134595951107,0.3738799627317356,0.1017165418383669,0.2156911286424974
85,1.117647059,Chapai Nawabganj,Kharif 2,25.0,72.5,Barbati,Sep,Oct to Dec,December to April,95,30,20.0,60,85,,0.2346338663805179,0.48420029750281635,0.41082582011988233,0.11086087129538578,0.3933928204975689
1497,1.936539746,Chattogram,Kharif 2,25.0,72.5,Barbati,Sep,Oct to Dec,December to April,2899,30,20.0,60,85,,0.4368271330834088,0.6157485233535608,0.47818054453087394,0.1046209880751165,0.2472074271527324
638,2.484326019,Chuadanga,Kharif 2,25.0,72.5,Barbati,Sep,Oct to Dec,December to April,1585,30,20.0,60,85,,0.1390385944438268,0.5440321443938768,0.5240257617413365,0.15630949102737682,0.4048532779091586
304,2.029605263,CoxsBazar,Kharif 2,25.0,72.5,Barbati,Sep,Oct to Dec,December to April,617,30,20.0,60,85,55.0,0.2866525849958106,0.5299922795791828,0.4453202186972433,0.09291286190930488,0.3524293584290747
440,1.995454545,Cumilla,Kharif 2,25.0,72.5,Barbati,Sep,Oct to Dec,December to April,878,30,20.0,60,85,,0.3487596083130284,0.5727892866244932,0.42586337806533664,0.1356858527450118,0.2342026799041616
587,1.574105622,Dhaka,Kharif 2,25.0,72.5,Barbati,Sep,Oct to Dec,December to April,924,30,20.0,60,85,,0.3278518747499494,0.41895450545876245,0.3420696694871358,0.0802142444341777,0.1617085368810471
267,1.168539326,Dinajpur,Kharif 2,25.0,72.5,Barbati,Sep,Oct to Dec,December to April,312,30,20.0,60,85,,0.3510443820127166,0.5069751970053835,0.39890725469138993,0.14049365030330097,0.2318182627073085
241,1.564315353,Faridpur,Kharif 2,25.0,72.5,Barbati,Sep,Oct to Dec,December to April,377,30,20.0,60,85,,0.3607017999141199,0.48628530253698843,0.3815002433134249,0.13114232531935713,0.2343987436039652
115,1.07826087,Feni,Kharif 2,25.0,72.5,Barbati,Sep,Oct to Dec,December to April,124,30,20.0,60,85,,0.3828643827818602,0.5838333532062733,0.4222621844611652,0.13058772409167105,0.1727512973903106
153,1.209150327,Gaibandha,Kharif 2,25.0,72.5,Barbati,Sep,Oct to Dec,December to April,185,30,20.0,60,85,57.0,0.3094345807109266,0.41427685142688814,0.3201019117136885,0.11822389311649555,0.1862351151714448
253,1.150197628,Gazipur,Kharif 2,25.0,72.5,Barbati,Sep,Oct to Dec,December to April,291,30,20.0,60,85,,0.3255431189635358,0.5535355208979076,0.41408419311685823,0.11689184723812103,0.0798820916389187
195,1.794871795,Gopalganj,Kharif 2,25.0,72.5,Barbati,Sep,Oct to Dec,December to April,350,30,20.0,60,85,56.0,0.4792702295360826,0.5768890635258062,0.4599311667567371,0.1128442121488592,0.373290152738146
215,3.56744186,Habiganj,Kharif 2,25.0,72.5,Barbati,Sep,Oct to Dec,December to April,767,30,20.0,60,85,,0.2399103651205681,0.4141793043422149,0.4086863486067058,0.1267285910472187,0.1548294209765824
253,1.529644269,Jamalpur,Kharif 2,25.0,72.5,Barbati,Sep,Oct to Dec,December to April,387,30,20.0,60,85,,0.1827577072035731,0.5033997876602768,0.37583973057021314,0.14366579945337943,0.1648097082920677
590,2.462711864,Jashore,Kharif 2,25.0,72.5,Barbati,Sep,Oct to Dec,December to April,1453,30,20.0,60,85,,0.3838945484874524,0.5652397911872226,0.48986743533800237,0.1075629323448328,0.3289696423116384
180,1.033333333,Jhallokati,Kharif 2,25.0,72.5,Barbati,Sep,Oct to Dec,December to April,186,30,20.0,60,85,,0.4988607970006209,0.6681096115145161,0.4560591467984899,0.13471376053449066,0.2577418454737988
313,2.418530351,Jhenaidah,Kharif 2,25.0,72.5,Barbati,Sep,Oct to Dec,December to April,757,30,20.0,60,85,,0.3220885598782582,0.5697447512811501,0.48855776667379536,0.13448972812149923,0.3584825905341126
97,1.515463918,Joypurhat,Kharif 2,25.0,72.5,Barbati,Sep,Oct to Dec,December to April,147,30,20.0,60,85,64.0,0.3194107068979877,0.49564293991686426,0.43388925179572146,0.1283771799782479,0.1340678993163834
971,2.276004119,Khagrachari,Kharif 2,25.0,72.5,Barbati,Sep,Oct to Dec,December to April,2210,30,20.0,60,85,54.0,0.3382196284333821,0.765566716996283,0.5920445657704588,0.1874848970884964,0.5047117029912593
292,1.410958904,Khulna,Kharif 2,25.0,72.5,Barbati,Sep,Oct to Dec,December to April,412,30,20.0,60,85,59.0,0.4016941680534377,0.517187930111667,0.40919557209235136,0.1009325475956968,0.2743240682666131
160,1.65625,Kishoreganj,Kharif 2,25.0,72.5,Barbati,Sep,Oct to Dec,December to April,265,30,20.0,60,85,,0.0508200478358936,0.27401464375815493,0.40283270759165113,0.17021120393016842,0.0352614250669803
218,1.458715596,Kurigram,Kharif 2,25.0,72.5,Barbati,Sep,Oct to Dec,December to April,318,30,20.0,60,85,,0.339929306221639,0.4135143122705276,0.30458071938786263,0.09954966530732433,0.1600381274417598
185,3.794594595,Kushtia,Kharif 2,25.0,72.5,Barbati,Sep,Oct to Dec,December to April,702,30,20.0,60,85,,0.2595401427302436,0.4915022544687025,0.4324515833493786,0.1175158804106486,0.301738590217574
161,2.254658385,Lakshmipur,Kharif 2,25.0,72.5,Barbati,Sep,Oct to Dec,December to April,363,30,20.0,60,85,56.0,0.2352361031462211,0.4974220772153166,0.3579348446360611,0.11113100155982748,0.1735118910859101
163,1.190184049,Lalmonirhat,Kharif 2,25.0,72.5,Barbati,Sep,Oct to Dec,December to April,194,30,20.0,60,85,,0.4453238905714439,0.4592421166215935,0.43350579591333344,0.0937577982799355,0.2845360775211245
67,2.955223881,Madaripur,Kharif 2,25.0,72.5,Barbati,Sep,Oct to Dec,December to April,198,30,20.0,60,85,56.0,0.4063651096234308,0.49908389586175717,0.37757377220972044,0.1300954207193163,0.2382060091531424
59,2.237288136,Magura,Kharif 2,25.0,72.5,Barbati,Sep,Oct to Dec,December to April,132,30,20.0,60,85,61.0,0.3522418035026976,0.5531644720711718,0.4445676904143524,0.12932159370020468,0.2250636941149401
194,1.458762887,Manikganj,Kharif 2,25.0,72.5,Barbati,Sep,Oct to Dec,December to April,283,30,20.0,60,85,,0.4114178092969235,0.40513035279396964,0.3359334032994724,0.09311680811422901,0.1812878463667706
102,5.284313725,Meherpur,Kharif 2,25.0,72.5,Barbati,Sep,Oct to Dec,December to April,539,30,20.0,60,85,65.0,0.1259660232378597,0.5600446921290938,0.5240941434642815,0.17074375245134157,0.3930040447526618
355,2.490140845,Moulvibazar,Kharif 2,25.0,72.5,Barbati,Sep,Oct to Dec,December to April,884,30,20.0,60,85,,0.4082711888182118,0.5419671615375735,0.4491857532694068,0.08280277224175149,0.2298372609953658
100,1.68,Munshiganj,Kharif 2,25.0,72.5,Barbati,Sep,Oct to Dec,December to April,168,30,20.0,60,85,,0.31340565567292,0.4208046630280693,0.3633513527954618,0.13173462981110642,0.1325143943009333
566,2.153710247,Mymensingh,Kharif 2,25.0,72.5,Barbati,Sep,Oct to Dec,December to April,1219,30,20.0,60,85,,0.4943108635282229,0.5542015208373857,0.35827965333678413,0.16044968131904255,0.1389876607018474
153,1.176470588,Naogaon,Kharif 2,25.0,72.5,Barbati,Sep,Oct to Dec,December to April,180,30,20.0,60,85,,0.3298349904608932,0.4906144231555785,0.38784870309744657,0.14380844747750193,0.2610506888737964
184,2.380434783,Narail,Kharif 2,25.0,72.5,Barbati,Sep,Oct to Dec,December to April,438,30,20.0,60,85,58.0,0.3795905639419704,0.5257537967660285,0.43532548732479037,0.10725727652236815,0.294056796049288
154,1.077922078,Narayanganj,Kharif 2,25.0,72.5,Barbati,Sep,Oct to Dec,December to April,166,30,20.0,60,85,,0.3114359236632746,0.4244954637969823,0.34971768908172235,0.07431326893076204,0.2055703158072168
289,1.588235294,Narsingdi,Kharif 2,25.0,72.5,Barbati,Sep,Oct to Dec,December to April,459,30,20.0,60,85,,0.3858671860931894,0.4998373700805796,0.44212382516912435,0.0863298520932437,0.2212477349859281
402,1.099502488,Natore,Kharif 2,25.0,72.5,Barbati,Sep,Oct to Dec,December to April,442,30,20.0,60,85,,0.1449640755138761,0.4974618675203118,0.4597292981677252,0.16363490219356905,0.2497972959779298
125,1.536,Netrokona,Kharif 2,25.0,72.5,Barbati,Sep,Oct to Dec,December to April,192,30,20.0,60,85,,0.3045873133388933,0.3863063952706842,0.35625357940929486,0.1352092423694346,0.1097388440365386
156,2.121794872,Nilphamari,Kharif 2,25.0,72.5,Barbati,Sep,Oct to Dec,December to April,331,30,20.0,60,85,,0.4439194600915765,0.4946725844551798,0.41395618592419936,0.12121679053960968,0.2971558927059972
284,2.408450704,Noakhali,Kharif 2,25.0,72.5,Barbati,Sep,Oct to Dec,December to April,684,30,20.0,60,85,55.0,0.2611398897351406,0.5414861865000843,0.41793219469516396,0.11696989229624684,0.1463623264955313
224,1.205357143,Pabna,Kharif 2,25.0,72.5,Barbati,Sep,Oct to Dec,December to April,270,30,20.0,60,85,,0.2688296958156423,0.48616683543302175,0.41819552606288707,0.10428541968213992,0.2655064359584098
373,3.222520107,Panchagar,Kharif 2,25.0,72.5,Barbati,Sep,Oct to Dec,December to April,1202,30,20.0,60,85,,0.3210316931496211,0.5180821102929372,0.3520349988987113,0.15787963159046012,0.369401739785313
85,1.141176471,Patuakhali,Kharif 2,25.0,72.5,Barbati,Sep,Oct to Dec,December to April,97,30,20.0,60,85,,0.3662096619113779,0.5516473445796105,0.3073388498325781,0.15363393489235877,0.1003055359864112
143,1.132867133,Pirojpur,Kharif 2,25.0,72.5,Barbati,Sep,Oct to Dec,December to April,162,30,20.0,60,85,57.0,0.4734452905350293,0.6322033970064795,0.44048313106014725,0.12765632430991963,0.2624382760227538
277,2.415162455,Rajbari,Kharif 2,25.0,72.5,Barbati,Sep,Oct to Dec,December to April,669,30,20.0,60,85,60.0,0.3411103169038733,0.4554315981504105,0.37513733400424215,0.10763826688744958,0.1969779583846395
245,3.281632653,Rajshahi,Kharif 2,25.0,72.5,Barbati,Sep,Oct to Dec,December to April,804,30,20.0,60,85,65.0,0.2171911759580277,0.45089864454721035,0.40401360949029463,0.10589963790832146,0.3234410436367065
663,1.39668175,Rangamati,Kharif 2,25.0,72.5,Barbati,Sep,Oct to Dec,December to April,926,30,20.0,60,85,,0.407467011061289,0.7193690981609336,0.555015852397612,0.1727711140849012,0.3966247743805545
350,1.425714286,Rangpur,Kharif 2,25.0,72.5,Barbati,Sep,Oct to Dec,December to April,499,30,20.0,60,85,59.0,0.4118453959149274,0.5106084700866413,0.36912541101758195,0.14056040550321255,0.2587256418101652
307,1.631921824,Satkhira,Kharif 2,25.0,72.5,Barbati,Sep,Oct to Dec,December to April,501,30,20.0,60,85,59.0,0.2954937434231568,0.4786291036559329,0.400165276551992,0.09171164750973033,0.2608332964740397
89,1.730337079,Shariatpur,Kharif 2,25.0,72.5,Barbati,Sep,Oct to Dec,December to April,154,30,20.0,60,85,55.0,0.337774879445382,0.4483599817157787,0.33371816961597195,0.12637856817288473,0.3060714061064356
140,1.514285714,Sherpur,Kharif 2,25.0,72.5,Barbati,Sep,Oct to Dec,December to April,212,30,20.0,60,85,,0.3417866673453712,0.5614675972651099,0.3899319656367165,0.1626383087271763,0.2004443254985731
125,1.52,Sirajganj,Kharif 2,25.0,72.5,Barbati,Sep,Oct to Dec,December to April,190,30,20.0,60,85,,0.1714208140792081,0.3887135407290432,0.34385680746713515,0.09731109962370575,0.1185287326216384
82,2.134146341,Sunamganj,Kharif 2,25.0,72.5,Barbati,Sep,Oct to Dec,December to April,175,30,20.0,60,85,54.0,0.0062517479924633,0.1617498929867393,0.3844685576201151,0.2111922675335067,0.0096036979545399
409,1.860635697,Sylhet,Kharif 2,25.0,72.5,Barbati,Sep,Oct to Dec,December to April,761,30,20.0,60,85,54.0,0.3776845712197997,0.4762232390440653,0.3969800288598099,0.0931114685326666,0.1775812226237738
213,1.469483568,Tangail,Kharif 2,25.0,72.5,Barbati,Sep,Oct to Dec,December to April,313,30,20.0,60,85,60.0,0.3358840930816195,0.5289612321649136,0.35725402054759436,0.14130526714883285,0.1591988119601507
166,1.415662651,Thakurgaon,Kharif 2,25.0,72.5,Barbati,Sep,Oct to Dec,December to April,235,30,20.0,60,85,,0.3582324259138552,0.48450790021999607,0.44095226441094904,0.12251374965870192,0.3826151757848311
527,2.055028463,Bagerhat,Kharif 1,16.0,67.5,Beans,June,July to Nov,Nov to April,1083,22,10.0,60,75,57.0,0.2093828623516599,0.4677899121212182,0.492200136468468,0.1329408986168017,0.2670404721298456
566,1.768551237,Bandarban,Kharif 1,16.0,67.5,Beans,June,July to Nov,Nov to April,1001,22,10.0,60,75,55.0,0.4365742393395427,0.5836940920550158,0.6554615421027229,0.15603398038069546,0.2612788417491431
231,1.45021645,Barguna,Kharif 1,16.0,67.5,Beans,June,July to Nov,Nov to April,335,22,10.0,60,75,57.0,0.2099802275666429,0.4192291674342707,0.4000363643198168,0.15142817801713454,0.3323424160378924
576,2.057291667,Barishal,Kharif 1,16.0,67.5,Beans,June,July to Nov,Nov to April,1185,22,10.0,60,75,,0.1933459589530938,0.3828303403525629,0.3651789334603108,0.11891265956389498,0.309535002934125
660,3.53030303,Bhola,Kharif 1,16.0,67.5,Beans,June,July to Nov,Nov to April,2330,22,10.0,60,75,56.0,0.1700006675577468,0.2665836635368517,0.2795563890720985,0.10585503180407708,0.1946286534864403
1276,3.340909091,Bogura,Kharif 1,16.0,67.5,Beans,June,July to Nov,Nov to April,4263,22,10.0,60,75,,0.1186313763339489,0.3617121571839876,0.40081819836567406,0.14725342059938593,0.2764687680682978
932,2.579399142,Brahmanbaria,Kharif 1,16.0,67.5,Beans,June,July to Nov,Nov to April,2404,22,10.0,60,75,54.0,0.0571539099837129,0.3111831495733112,0.4281341359847061,0.15772815238928586,0.2371168297003784
724,3.128453039,Chandpur,Kharif 1,16.0,67.5,Beans,June,July to Nov,Nov to April,2265,22,10.0,60,75,,0.2069406843342435,0.3727711937552294,0.39676558582235844,0.11406341167461116,0.244284950998653
231,2.186147186,Chapai Nawabganj,Kharif 1,16.0,67.5,Beans,June,July to Nov,Nov to April,505,22,10.0,60,75,,0.372994229085631,0.40200068682666784,0.42845869755191474,0.09836346791368279,0.2662611383381359
3745,3.615220294,Chattogram,Kharif 1,16.0,67.5,Beans,June,July to Nov,Nov to April,13539,22,10.0,60,75,,0.2968827150300339,0.48973552923513425,0.5066586493800715,0.13177412127274546,0.291756878234579
776,1.981958763,Chuadanga,Kharif 1,16.0,67.5,Beans,June,July to Nov,Nov to April,1538,22,10.0,60,75,,0.3525594225872085,0.4081682647201232,0.5330399398857422,0.1468673033703867,0.372967925798721
605,2.631404959,CoxsBazar,Kharif 1,16.0,67.5,Beans,June,July to Nov,Nov to April,1592,22,10.0,60,75,55.0,0.3290250380015852,0.42221150521825584,0.45746115774592905,0.09227291153534926,0.280567372051847
1823,3.019199122,Cumilla,Kharif 1,16.0,67.5,Beans,June,July to Nov,Nov to April,5504,22,10.0,60,75,,0.1337973760585641,0.4570956281082287,0.46042145079251723,0.1622289255523623,0.2661785623056151
1416,3.037429379,Dhaka,Kharif 1,16.0,67.5,Beans,June,July to Nov,Nov to April,4301,22,10.0,60,75,,0.2388020657596918,0.32188343233712413,0.36235164995982366,0.10000428250138284,0.2739750686969379
635,1.88503937,Dinajpur,Kharif 1,16.0,67.5,Beans,June,July to Nov,Nov to April,1197,22,10.0,60,75,,0.0654733330872791,0.40087270144592607,0.42133683462046095,0.18148910409124078,0.3916540989397346
496,1.816532258,Faridpur,Kharif 1,16.0,67.5,Beans,June,July to Nov,Nov to April,901,22,10.0,60,75,,0.2985891466935776,0.3775220968697354,0.4084358465041187,0.14010196419523283,0.5012944760184437
319,1.639498433,Feni,Kharif 1,16.0,67.5,Beans,June,July to Nov,Nov to April,523,22,10.0,60,75,,0.0507026668147709,0.4481893729240741,0.46136322271013014,0.18632545273360443,0.2107211652615962
373,2.131367292,Gaibandha,Kharif 1,16.0,67.5,Beans,June,July to Nov,Nov to April,795,22,10.0,60,75,57.0,0.02131745298654,0.35671576175061814,0.34550624180893325,0.14795445068288063,0.2909507765996219
1129,1.568644818,Gazipur,Kharif 1,16.0,67.5,Beans,June,July to Nov,Nov to April,1771,22,10.0,60,75,,0.1101810937198298,0.3815450187493652,0.4509335161343337,0.17086688014695042,0.2642814227206714
331,2.607250755,Gopalganj,Kharif 1,16.0,67.5,Beans,June,July to Nov,Nov to April,863,22,10.0,60,75,56.0,0.3587029695775944,0.49441439129856135,0.4904634136850035,0.11645181192108821,0.3983745038075617
1426,3.512622721,Habiganj,Kharif 1,16.0,67.5,Beans,June,July to Nov,Nov to April,5009,22,10.0,60,75,,0.1404958846908667,0.31796901411960066,0.42228474335513516,0.15102644419444225,0.2185560015489672
1239,2.015334948,Jamalpur,Kharif 1,16.0,67.5,Beans,June,July to Nov,Nov to April,2497,22,10.0,60,75,,0.0660620517345922,0.33932664854399286,0.3992663333533006,0.16665883026389647,0.2256493291364875
2779,3.338611011,Jashore,Kharif 1,16.0,67.5,Beans,June,July to Nov,Nov to April,9278,22,10.0,60,75,,0.1878303907762366,0.45124527243589635,0.5042397569530107,0.15208982473366878,0.3985753946916057
709,1.696755994,Jhallokati,Kharif 1,16.0,67.5,Beans,June,July to Nov,Nov to April,1203,22,10.0,60,75,,0.3198153813956541,0.5192200656070917,0.5036120100778184,0.1502831490036188,0.4467251837879121
1576,4.381979695,Jhenaidah,Kharif 1,16.0,67.5,Beans,June,July to Nov,Nov to April,6906,22,10.0,60,75,,0.3144404421042321,0.45231946480634894,0.5047462691370622,0.1492824424974342,0.408777297617167
219,3.03196347,Joypurhat,Kharif 1,16.0,67.5,Beans,June,July to Nov,Nov to April,664,22,10.0,60,75,64.0,0.1336078370665993,0.3835281487826504,0.44407638232689356,0.17281237027703333,0.3944038962894077
728,2.129120879,Khagrachari,Kharif 1,16.0,67.5,Beans,June,July to Nov,Nov to April,1550,22,10.0,60,75,54.0,0.2320701094515291,0.5951909658758083,0.6274851319985623,0.1937764381098934,0.3644198594801792
586,3.737201365,Khulna,Kharif 1,16.0,67.5,Beans,June,July to Nov,Nov to April,2190,22,10.0,60,75,59.0,0.2015083923668761,0.40998792508316606,0.4376646812816662,0.12984152448735792,0.2474562801358325
1192,3.339765101,Kishoreganj,Kharif 1,16.0,67.5,Beans,June,July to Nov,Nov to April,3981,22,10.0,60,75,,-0.0336641988977872,0.13413625318741387,0.39337786272099723,0.20378861172377502,0.1332425341291768
370,1.608108108,Kurigram,Kharif 1,16.0,67.5,Beans,June,July to Nov,Nov to April,595,22,10.0,60,75,,0.0474631119536175,0.33165488624276046,0.32937400724681826,0.13444634922910656,0.2500938130926464
669,2.92077728,Kushtia,Kharif 1,16.0,67.5,Beans,June,July to Nov,Nov to April,1954,22,10.0,60,75,,0.360379678702526,0.40078027696495483,0.4453892358947658,0.11456016463776145,0.2938513007384295
769,1.357607282,Lakshmipur,Kharif 1,16.0,67.5,Beans,June,July to Nov,Nov to April,1044,22,10.0,60,75,56.0,0.1289476151265251,0.3375737415411129,0.3877527726483452,0.13750982660879152,0.2205991932065824
251,2.6812749,Lalmonirhat,Kharif 1,16.0,67.5,Beans,June,July to Nov,Nov to April,673,22,10.0,60,75,,0.1387455869466906,0.39373929657775786,0.4361843153047666,0.1459941289696967,0.3339137681224553
325,3.135384615,Madaripur,Kharif 1,16.0,67.5,Beans,June,July to Nov,Nov to April,1019,22,10.0,60,75,56.0,0.3559742042723802,0.4082238054237789,0.40247819693058323,0.12631944272537862,0.3999496888165858
186,3.413978495,Magura,Kharif 1,16.0,67.5,Beans,June,July to Nov,Nov to April,635,22,10.0,60,75,61.0,0.3192240072859663,0.4316002030691647,0.4632150265117698,0.14398430407084192,0.4952291300988705
819,5.078144078,Manikganj,Kharif 1,16.0,67.5,Beans,June,July to Nov,Nov to April,4159,22,10.0,60,75,,0.1685356100952224,0.33068475930594143,0.34970128572413967,0.11371768424437247,0.3258735577731652
669,8.476831091,Meherpur,Kharif 1,16.0,67.5,Beans,June,July to Nov,Nov to April,5671,22,10.0,60,75,65.0,0.4049998628938372,0.4211580708462881,0.532979789557183,0.15285940022115638,0.4393863474141398
449,2.902004454,Moulvibazar,Kharif 1,16.0,67.5,Beans,June,July to Nov,Nov to April,1303,22,10.0,60,75,,0.2872841543480849,0.4195854066183141,0.47765358630505234,0.11482602998888329,0.2272905883804999
551,1.843920145,Munshiganj,Kharif 1,16.0,67.5,Beans,June,July to Nov,Nov to April,1016,22,10.0,60,75,,0.3061790651261972,0.3381436333037299,0.3775882696641224,0.1342051544876831,0.3805900028922174
2127,2.968500235,Mymensingh,Kharif 1,16.0,67.5,Beans,June,July to Nov,Nov to April,6314,22,10.0,60,75,,0.147268203746856,0.43579898781735,0.4001850360781096,0.18391062709950984,0.183712498982838
817,3.335373317,Naogaon,Kharif 1,16.0,67.5,Beans,June,July to Nov,Nov to April,2725,22,10.0,60,75,,0.151012544621987,0.4132716187189353,0.4110732145421771,0.15394869432017197,0.2178154704904624
360,3.352777778,Narail,Kharif 1,16.0,67.5,Beans,June,July to Nov,Nov to April,1207,22,10.0,60,75,58.0,0.2931034421079588,0.4250087493033933,0.45658028074957685,0.12465887519395594,0.3738582462137362
785,2.597452229,Narayanganj,Kharif 1,16.0,67.5,Beans,June,July to Nov,Nov to April,2039,22,10.0,60,75,,0.2139360142323902,0.34729354180470773,0.37211493931944983,0.08839244124115098,0.2967271553285521
2661,4.383690342,Narsingdi,Kharif 1,16.0,67.5,Beans,June,July to Nov,Nov to April,11665,22,10.0,60,75,,0.0686431818013071,0.39898448993811475,0.4654746216753796,0.14585137228520517,0.2875359195667165
560,2.371428571,Natore,Kharif 1,16.0,67.5,Beans,June,July to Nov,Nov to April,1328,22,10.0,60,75,,0.2396934944526867,0.38758929914725615,0.46948948688722725,0.15939963183915903,0.2843293374458162
595,2.645378151,Netrokona,Kharif 1,16.0,67.5,Beans,June,July to Nov,Nov to April,1574,22,10.0,60,75,,-0.0374691032015912,0.2698971337723533,0.3730797769331295,0.18684271766628624,0.1216241284636668
400,2.9675,Nilphamari,Kharif 1,16.0,67.5,Beans,June,July to Nov,Nov to April,1187,22,10.0,60,75,,0.1378536434354302,0.39431482251321437,0.42546664001784634,0.17222572359750024,0.3905363140056865
1139,1.762949956,Noakhali,Kharif 1,16.0,67.5,Beans,June,July to Nov,Nov to April,2008,22,10.0,60,75,55.0,0.1125262690416429,0.378848648239121,0.4502987396291192,0.16079197707889661,0.1658426609921801
718,2.777158774,Pabna,Kharif 1,16.0,67.5,Beans,June,July to Nov,Nov to April,1994,22,10.0,60,75,,0.3338369511018429,0.387332447058249,0.4308113419783511,0.10471818172411419,0.3054242601831844
463,2.98488121,Panchagar,Kharif 1,16.0,67.5,Beans,June,July to Nov,Nov to April,1382,22,10.0,60,75,,0.194460217324899,0.4260562308739103,0.3743331635612938,0.1532256142302686,0.5473277632011888
187,0.9090909091,Patuakhali,Kharif 1,16.0,67.5,Beans,June,July to Nov,Nov to April,170,22,10.0,60,75,,0.1845850493144675,0.4002521130649736,0.3632805609292496,0.16629626152652355,0.3357123883791376
326,1.77607362,Pirojpur,Kharif 1,16.0,67.5,Beans,June,July to Nov,Nov to April,579,22,10.0,60,75,57.0,0.264165553095138,0.49643107721602797,0.48316861659732674,0.14554729812817585,0.4034404459856785
468,2.446581197,Rajbari,Kharif 1,16.0,67.5,Beans,June,July to Nov,Nov to April,1145,22,10.0,60,75,60.0,0.3693864167143024,0.38261991446039556,0.390366546253015,0.11143282593685754,0.420965323158295
1097,3.835004558,Rajshahi,Kharif 1,16.0,67.5,Beans,June,July to Nov,Nov to April,4207,22,10.0,60,75,65.0,0.309744230953222,0.37258704370735735,0.4139858464944324,0.10011522190814079,0.2148030029570647
634,1.430599369,Rangamati,Kharif 1,16.0,67.5,Beans,June,July to Nov,Nov to April,907,22,10.0,60,75,,0.3566101220905236,0.5796032841138894,0.588717377434094,0.16801964864943394,0.2219434186735245
544,1.709558824,Rangpur,Kharif 1,16.0,67.5,Beans,June,July to Nov,Nov to April,930,22,10.0,60,75,59.0,0.0468616342173195,0.4273787232966617,0.4001289115654613,0.1753391280581186,0.4001486941371419
689,2.534107402,Satkhira,Kharif 1,16.0,67.5,Beans,June,July to Nov,Nov to April,1746,22,10.0,60,75,59.0,0.1194165133466915,0.36560847105117306,0.4159643998288496,0.12787510536032892,0.2245382571010397
398,2.180904523,Shariatpur,Kharif 1,16.0,67.5,Beans,June,July to Nov,Nov to April,868,22,10.0,60,75,55.0,0.3246768434248136,0.36941586730092235,0.3548394236452832,0.11431056026986082,0.3404679378482187
533,3.150093809,Sherpur,Kharif 1,16.0,67.5,Beans,June,July to Nov,Nov to April,1679,22,10.0,60,75,,0.0528778723675305,0.42079604182401853,0.42563066231176383,0.19099505450447132,0.2278267182217989
490,2.259183673,Sirajganj,Kharif 1,16.0,67.5,Beans,June,July to Nov,Nov to April,1107,22,10.0,60,75,,0.1381345270632336,0.2686044027777332,0.35042607100808004,0.11824855088130096,0.1547068330441469
1620,8.634567901,Sunamganj,Kharif 1,16.0,67.5,Beans,June,July to Nov,Nov to April,13988,22,10.0,60,75,54.0,-0.1976703408679797,0.042487589887378815,0.35027854463634195,0.24635773720454796,0.0066240920840004
2305,2.321475054,Sylhet,Kharif 1,16.0,67.5,Beans,June,July to Nov,Nov to April,5351,22,10.0,60,75,54.0,0.021092634797125,0.3377582958907007,0.4208416557961206,0.16794847469663857,0.0219238745854215
1887,1.815050344,Tangail,Kharif 1,16.0,67.5,Beans,June,July to Nov,Nov to April,3425,22,10.0,60,75,60.0,0.1318871049415015,0.3601901307454868,0.389384603681453,0.16908037897980185,0.1960530352637223
376,2.321808511,Thakurgaon,Kharif 1,16.0,67.5,Beans,June,July to Nov,Nov to April,873,22,10.0,60,75,,0.1637129632869899,0.4177100850043539,0.4413783985348993,0.15063653339182742,0.4809286896683722
4459,2.112805562,Bagerhat,Kharif 2,30.0,80.0,Betelnut,July,Aug to Jan,Jan to March,9421,35,25.0,70,90,57.0,0.3076850950523782,0.49570656580242556,0.5310603918516658,0.0995778911463617,0.2093828623516599
131,1.618320611,Bandarban,Kharif 2,30.0,80.0,Betelnut,July,Aug to Jan,Jan to March,212,35,25.0,70,90,55.0,0.5380354289240772,0.6520160817421483,0.6711461843279111,0.14239154422614234,0.4365742393395427
18624,0.06894329897,Barguna,Kharif 2,30.0,80.0,Betelnut,July,Aug to Jan,Jan to March,1284,35,25.0,70,90,57.0,0.3334017153350163,0.429825104601911,0.3254094075465732,0.15499109467258815,0.2099802275666429
6424,0.4403798257,Barishal,Kharif 2,30.0,80.0,Betelnut,July,Aug to Jan,Jan to March,2829,35,25.0,70,90,,0.3245837439937262,0.3756671193143899,0.3258251891916187,0.11959385728789385,0.1933459589530938
6031,1.975791743,Bhola,Kharif 2,30.0,80.0,Betelnut,July,Aug to Jan,Jan to March,11916,35,25.0,70,90,56.0,0.1855874177236102,0.27103917455431326,0.25369716913212814,0.11388513302689585,0.1700006675577468
221,2.972850679,Bogura,Kharif 2,30.0,80.0,Betelnut,July,Aug to Jan,Jan to March,657,35,25.0,70,90,,0.2857453203994977,0.35827960823899824,0.402110869787143,0.14030367365110893,0.1186313763339489
483,2.389233954,Brahmanbaria,Kharif 2,30.0,80.0,Betelnut,July,Aug to Jan,Jan to March,1154,35,25.0,70,90,54.0,0.188064601572371,0.33061955366135004,0.4280301292838294,0.13757487116938186,0.0571539099837129
614,4.319218241,Chandpur,Kharif 2,30.0,80.0,Betelnut,July,Aug to Jan,Jan to March,2652,35,25.0,70,90,,0.3248166463103474,0.3747799622931131,0.39344653680848696,0.1094082920311148,0.2069406843342435
12,1.75,Chapai Nawabganj,Kharif 2,30.0,80.0,Betelnut,July,Aug to Jan,Jan to March,21,35,25.0,70,90,,0.3158738866969921,0.4057294194247083,0.44328237522718034,0.10636323583278542,0.372994229085631
1067,9.997188379,Chattogram,Kharif 2,30.0,80.0,Betelnut,July,Aug to Jan,Jan to March,10667,35,25.0,70,90,,0.4592212447118667,0.5093771485066706,0.5028219050815989,0.12196196952331136,0.2968827150300339
77,6.363636364,Chuadanga,Kharif 2,30.0,80.0,Betelnut,July,Aug to Jan,Jan to March,490,35,25.0,70,90,,0.3129435337540583,0.4465289227358769,0.5678158007056634,0.1596771126874543,0.3525594225872085
10171,5.466129191,CoxsBazar,Kharif 2,30.0,80.0,Betelnut,July,Aug to Jan,Jan to March,55596,35,25.0,70,90,55.0,0.3617584244219423,0.4482418336610914,0.46153591965254687,0.09319616163318,0.3290250380015852
466,3.418454936,Cumilla,Kharif 2,30.0,80.0,Betelnut,July,Aug to Jan,Jan to March,1593,35,25.0,70,90,,0.4432566265522507,0.44431682883083523,0.4634169807395878,0.13607530917019944,0.1337973760585641
255,3.925490196,Dhaka,Kharif 2,30.0,80.0,Betelnut,July,Aug to Jan,Jan to March,1001,35,25.0,70,90,,0.2359514042907517,0.3499528042763059,0.3773540523494136,0.09636794743294604,0.2388020657596918
154,6.350649351,Dinajpur,Kharif 2,30.0,80.0,Betelnut,July,Aug to Jan,Jan to March,978,35,25.0,70,90,,0.1911947455467423,0.40668154565240205,0.4391421972459331,0.16864004727658488,0.0654733330872791
177,4.615819209,Faridpur,Kharif 2,30.0,80.0,Betelnut,July,Aug to Jan,Jan to March,817,35,25.0,70,90,,0.1922260030735255,0.409729490341148,0.4630858807111416,0.1306872051981825,0.2985891466935776
3289,0.6141684403,Feni,Kharif 2,30.0,80.0,Betelnut,July,Aug to Jan,Jan to March,2020,35,25.0,70,90,,0.3420579380209889,0.4555742910646838,0.46254311368047274,0.15685039204371837,0.0507026668147709
864,5.047453704,Gaibandha,Kharif 2,30.0,80.0,Betelnut,July,Aug to Jan,Jan to March,4361,35,25.0,70,90,57.0,0.2962063273967376,0.3305234132655749,0.3644401500636081,0.12245627462378958,0.02131745298654
777,1.812097812,Gazipur,Kharif 2,30.0,80.0,Betelnut,July,Aug to Jan,Jan to March,1408,35,25.0,70,90,,0.3447734668324618,0.41209508113671817,0.4220036237240463,0.16062355077104268,0.1101810937198298
553,0.9981916817,Gopalganj,Kharif 2,30.0,80.0,Betelnut,July,Aug to Jan,Jan to March,552,35,25.0,70,90,56.0,0.3497550691217142,0.49477784635820815,0.49104019236001745,0.11673983281503432,0.3587029695775944
214,4.294392523,Habiganj,Kharif 2,30.0,80.0,Betelnut,July,Aug to Jan,Jan to March,919,35,25.0,70,90,,0.245932692591611,0.31723452704743876,0.44688528396589416,0.15024574366594798,0.1404958846908667
1948,1.391170431,Jamalpur,Kharif 2,30.0,80.0,Betelnut,July,Aug to Jan,Jan to March,2710,35,25.0,70,90,,0.2646026336761234,0.3630311239397625,0.4110530343427405,0.14981373260400888,0.0660620517345922
1026,1.263157895,Jashore,Kharif 2,30.0,80.0,Betelnut,July,Aug to Jan,Jan to March,1296,35,25.0,70,90,,0.2644109823157027,0.47601515877710954,0.5077224522361125,0.14007555307499653,0.1878303907762366
1896,1.19092827,Jhallokati,Kharif 2,30.0,80.0,Betelnut,July,Aug to Jan,Jan to March,2258,35,25.0,70,90,,0.3997108859765451,0.5264966190561741,0.4437524233269056,0.15347033832135365,0.3198153813956541
296,2.138513514,Jhenaidah,Kharif 2,30.0,80.0,Betelnut,July,Aug to Jan,Jan to March,633,35,25.0,70,90,,0.2515724809224544,0.472497355685301,0.5232380446390258,0.15817274633609676,0.3144404421042321
53,1.320754717,Joypurhat,Kharif 2,30.0,80.0,Betelnut,July,Aug to Jan,Jan to March,70,35,25.0,70,90,64.0,0.2741185892315073,0.39605591632712134,0.4414659029625008,0.16133516770790127,0.1336078370665993
412,0.7839805825,Khagrachari,Kharif 2,30.0,80.0,Betelnut,July,Aug to Jan,Jan to March,323,35,25.0,70,90,54.0,0.5632408079214678,0.6420573073808667,0.6379503765918614,0.1471148918454995,0.2320701094515291
151,18.49006623,Khulna,Kharif 2,30.0,80.0,Betelnut,July,Aug to Jan,Jan to March,2792,35,25.0,70,90,59.0,0.2418435740231755,0.44363430135160287,0.4572477264538242,0.11323944036467896,0.2015083923668761
569,1.9543058,Kishoreganj,Kharif 2,30.0,80.0,Betelnut,July,Aug to Jan,Jan to March,1112,35,25.0,70,90,,0.0466277222103982,0.20323255102157814,0.4541608085029905,0.20043269750018594,-0.0336641988977872
2158,3.120481928,Kurigram,Kharif 2,30.0,80.0,Betelnut,July,Aug to Jan,Jan to March,6734,35,25.0,70,90,,0.2126574194433389,0.33440522757233787,0.3351256585018025,0.11403583162095711,0.0474631119536175
333,5.618618619,Kushtia,Kharif 2,30.0,80.0,Betelnut,July,Aug to Jan,Jan to March,1871,35,25.0,70,90,,0.3063360618005153,0.41206612838593454,0.48457925711805044,0.12548992923829183,0.360379678702526
13581,11.16154922,Lakshmipur,Kharif 2,30.0,80.0,Betelnut,July,Aug to Jan,Jan to March,151585,35,25.0,70,90,56.0,0.216911533590321,0.3607559479849136,0.3344784905348415,0.13485485065749767,0.1289476151265251
1026,2.248538012,Lalmonirhat,Kharif 2,30.0,80.0,Betelnut,July,Aug to Jan,Jan to March,2307,35,25.0,70,90,,0.1886964255619581,0.41292915422716353,0.47779928539651834,0.13434968550593884,0.1387455869466906
422,1.464454976,Madaripur,Kharif 2,30.0,80.0,Betelnut,July,Aug to Jan,Jan to March,618,35,25.0,70,90,56.0,0.3015037563974885,0.4223520318468054,0.4465895186859274,0.10638107035948913,0.3559742042723802
317,1.694006309,Magura,Kharif 2,30.0,80.0,Betelnut,July,Aug to Jan,Jan to March,537,35,25.0,70,90,61.0,0.3068813352363869,0.44355690909043616,0.49517532132545855,0.1525480711977197,0.3192240072859663
284,1.580985915,Manikganj,Kharif 2,30.0,80.0,Betelnut,July,Aug to Jan,Jan to March,449,35,25.0,70,90,,0.2227934918175409,0.3731705540877117,0.3546973489651107,0.10872262552828411,0.1685356100952224
70,0.9714285714,Meherpur,Kharif 2,30.0,80.0,Betelnut,July,Aug to Jan,Jan to March,68,35,25.0,70,90,65.0,0.3536386487641446,0.4568879995089626,0.5831407600083424,0.16840633584721967,0.4049998628938372
1292,2.0874613,Moulvibazar,Kharif 2,30.0,80.0,Betelnut,July,Aug to Jan,Jan to March,2697,35,25.0,70,90,,0.3316964980247003,0.4397282988742564,0.4569660852913717,0.11648575863517802,0.2872841543480849
80,3.0375,Munshiganj,Kharif 2,30.0,80.0,Betelnut,July,Aug to Jan,Jan to March,243,35,25.0,70,90,,0.3160496897107698,0.3412284392374227,0.4525393377447156,0.12344899303886975,0.3061790651261972
6075,1.135967078,Mymensingh,Kharif 2,30.0,80.0,Betelnut,July,Aug to Jan,Jan to March,6901,35,25.0,70,90,,0.2698808416271118,0.4282148378531699,0.3751157558309477,0.1823815450649591,0.147268203746856
41,5.268292683,Naogaon,Kharif 2,30.0,80.0,Betelnut,July,Aug to Jan,Jan to March,216,35,25.0,70,90,,0.3045155374762066,0.39524510171520716,0.43432741698029503,0.14818401540012002,0.151012544621987
858,4.632867133,Narail,Kharif 2,30.0,80.0,Betelnut,July,Aug to Jan,Jan to March,3975,35,25.0,70,90,58.0,0.2634323510957302,0.44113404328853517,0.4821649438285152,0.12720696222802844,0.2931034421079588
53,2.641509434,Narayanganj,Kharif 2,30.0,80.0,Betelnut,July,Aug to Jan,Jan to March,140,35,25.0,70,90,,0.3477409062434406,0.35382526014346594,0.3641961125258338,0.0804634942156633,0.2139360142323902
80,3.6875,Narsingdi,Kharif 2,30.0,80.0,Betelnut,July,Aug to Jan,Jan to March,295,35,25.0,70,90,,0.3843016714945546,0.41525499271190186,0.4467058711280038,0.11055884214768588,0.0686431818013071
431,6.041763341,Natore,Kharif 2,30.0,80.0,Betelnut,July,Aug to Jan,Jan to March,2604,35,25.0,70,90,,0.3978173091447218,0.3780010211485376,0.5192715602395143,0.166705568220282,0.2396934944526867
5734,0.3032786885,Netrokona,Kharif 2,30.0,80.0,Betelnut,July,Aug to Jan,Jan to March,1739,35,25.0,70,90,,0.09812317506523,0.30101553838982265,0.4137755486167342,0.1685824255904806,-0.0374691032015912
387,6.227390181,Nilphamari,Kharif 2,30.0,80.0,Betelnut,July,Aug to Jan,Jan to March,2410,35,25.0,70,90,,0.0941026951895885,0.4247312928711258,0.4580404607121493,0.16906373261829627,0.1378536434354302
1709,2.330602692,Noakhali,Kharif 2,30.0,80.0,Betelnut,July,Aug to Jan,Jan to March,3983,35,25.0,70,90,55.0,0.3002479520998793,0.39957418679379214,0.43439086688218675,0.15061878365592463,0.1125262690416429
176,6.590909091,Pabna,Kharif 2,30.0,80.0,Betelnut,July,Aug to Jan,Jan to March,1160,35,25.0,70,90,,0.3322302187313384,0.40434575563072106,0.46696140823084287,0.10839085144202706,0.3338369511018429
576,5.489583333,Panchagar,Kharif 2,30.0,80.0,Betelnut,July,Aug to Jan,Jan to March,3162,35,25.0,70,90,,0.2408245389975022,0.4216382076491838,0.40071757436792343,0.1422223589323629,0.194460217324899
3284,0.7898903776,Patuakhali,Kharif 2,30.0,80.0,Betelnut,July,Aug to Jan,Jan to March,2594,35,25.0,70,90,,0.2708267478018758,0.40469089856481144,0.3030411264598909,0.17147910410454142,0.1845850493144675
6776,0.9220779221,Pirojpur,Kharif 2,30.0,80.0,Betelnut,July,Aug to Jan,Jan to March,6248,35,25.0,70,90,57.0,0.3852390179122407,0.5066138911142352,0.442526845137816,0.1393520804004506,0.264165553095138
801,2.825218477,Rajbari,Kharif 2,30.0,80.0,Betelnut,July,Aug to Jan,Jan to March,2263,35,25.0,70,90,60.0,0.3247059383230628,0.3823654966193999,0.4385174120226673,0.11397404825191623,0.3693864167143024
161,5.590062112,Rajshahi,Kharif 2,30.0,80.0,Betelnut,July,Aug to Jan,Jan to March,900,35,25.0,70,90,65.0,0.2946516903259429,0.37829373083584267,0.4345441802493639,0.10874851095047659,0.309744230953222
307,2.035830619,Rangamati,Kharif 2,30.0,80.0,Betelnut,July,Aug to Jan,Jan to March,625,35,25.0,70,90,,0.609906371670307,0.6102642335735672,0.608992904675605,0.1352616294491139,0.3566101220905236
540,4.259259259,Rangpur,Kharif 2,30.0,80.0,Betelnut,July,Aug to Jan,Jan to March,2300,35,25.0,70,90,59.0,0.2367261980987058,0.41667606495707216,0.4177240754748042,0.1509228189747832,0.0468616342173195
830,1.356626506,Satkhira,Kharif 2,30.0,80.0,Betelnut,July,Aug to Jan,Jan to March,1126,35,25.0,70,90,59.0,0.2474221884969978,0.40149502994418684,0.4390374300963688,0.10415242387619798,0.1194165133466915
344,3.808139535,Shariatpur,Kharif 2,30.0,80.0,Betelnut,July,Aug to Jan,Jan to March,1310,35,25.0,70,90,55.0,0.2376970365297308,0.390500651579523,0.3988244619550267,0.08327739728011019,0.3246768434248136
1466,1.399727149,Sherpur,Kharif 2,30.0,80.0,Betelnut,July,Aug to Jan,Jan to March,2052,35,25.0,70,90,,0.2947216372986462,0.41771395565595776,0.42147435111796216,0.16986468107290348,0.0528778723675305
75,2.866666667,Sirajganj,Kharif 2,30.0,80.0,Betelnut,July,Aug to Jan,Jan to March,215,35,25.0,70,90,,0.2391123797848982,0.2976374337766637,0.374433544926247,0.11715876677862698,0.1381345270632336
515,2.586407767,Sunamganj,Kharif 2,30.0,80.0,Betelnut,July,Aug to Jan,Jan to March,1332,35,25.0,70,90,54.0,-0.0542292857374388,0.13286746771946872,0.4831048862306309,0.2378405940077418,-0.1976703408679797
2319,3.110823631,Sylhet,Kharif 2,30.0,80.0,Betelnut,July,Aug to Jan,Jan to March,7214,35,25.0,70,90,54.0,0.13485983039162,0.3907754881278304,0.4382349369142626,0.13923399786343987,0.021092634797125
598,3.413043478,Tangail,Kharif 2,30.0,80.0,Betelnut,July,Aug to Jan,Jan to March,2041,35,25.0,70,90,60.0,0.1595776260298182,0.40947279623169347,0.37549463161646995,0.16487633986524503,0.1318871049415015
40,2.925,Thakurgaon,Kharif 2,30.0,80.0,Betelnut,July,Aug to Jan,Jan to March,117,35,25.0,70,90,,0.2128467513454522,0.43799239835898374,0.504262929415545,0.14110581825951832,0.1637129632869899
35,11.02857143,Bagerhat,Kharif 2,25.0,70.0,Black Berry,June,July to August,June  to September,386,30,20.0,65,75,57.0,0.2093828623516599,0.3378288077090691,0.3429688977393489,0.11606441411920058,0.2670404721298456
27,10.25925926,Bandarban,Kharif 2,25.0,70.0,Black Berry,June,July to August,June  to September,277,30,20.0,65,75,55.0,0.4365742393395427,0.5127766545010207,0.4620997679298378,0.06535487820984082,0.2612788417491431
186,0.9569892473,Barguna,Kharif 2,25.0,70.0,Black Berry,June,July to August,June  to September,178,30,20.0,65,75,57.0,0.2099802275666429,0.25295665017257135,0.2617423420410953,0.08283244986176969,0.3323424160378924
506,1.62055336,Barishal,Kharif 2,25.0,70.0,Black Berry,June,July to August,June  to September,820,30,20.0,65,75,,0.1933459589530938,0.25753410296501084,0.2589063855135434,0.07737100330887633,0.309535002934125
69,4.130434783,Bhola,Kharif 2,25.0,70.0,Black Berry,June,July to August,June  to September,285,30,20.0,65,75,56.0,0.1700006675577468,0.1242030722325758,0.16296817939927807,0.07202066392259102,0.1946286534864403
170,10.02352941,Bogura,Kharif 2,25.0,70.0,Black Berry,June,July to August,June  to September,1704,30,20.0,65,75,,0.1186313763339489,0.21579538338590315,0.20904663597402867,0.08938370522601545,0.2764687680682978
274,3.386861314,Brahmanbaria,Kharif 2,25.0,70.0,Black Berry,June,July to August,June  to September,928,30,20.0,65,75,54.0,0.0571539099837129,0.20561094653105577,0.17786174836625204,0.08362303913044793,0.2371168297003784
68,7.367647059,Chandpur,Kharif 2,25.0,70.0,Black Berry,June,July to August,June  to September,501,30,20.0,65,75,,0.2069406843342435,0.2702538874764224,0.2581416747172159,0.05655934101182492,0.244284950998653
70,1.5,Chapai Nawabganj,Kharif 2,25.0,70.0,Black Berry,June,July to August,June  to September,105,30,20.0,65,75,,0.372994229085631,0.35463335359728054,0.3292237006651775,0.07108443191316943,0.2662611383381359
464,3.060344828,Chattogram,Kharif 2,25.0,70.0,Black Berry,June,July to August,June  to September,1420,30,20.0,65,75,,0.2968827150300339,0.35321433593229956,0.36003462999451047,0.10400835725159772,0.291756878234579
52,2.307692308,Chuadanga,Kharif 2,25.0,70.0,Black Berry,June,July to August,June  to September,120,30,20.0,65,75,,0.3525594225872085,0.3588984058316085,0.3023487071735631,0.11519656568102589,0.372967925798721
57,14.94736842,CoxsBazar,Kharif 2,25.0,70.0,Black Berry,June,July to August,June  to September,852,30,20.0,65,75,55.0,0.3290250380015852,0.3570938914255085,0.3324663514621032,0.033502691541672826,0.280567372051847
469,3.268656716,Cumilla,Kharif 2,25.0,70.0,Black Berry,June,July to August,June  to September,1533,30,20.0,65,75,,0.1337973760585641,0.33872965322820614,0.2900040727070012,0.13472550580222473,0.2661785623056151
19,8.578947368,Dhaka,Kharif 2,25.0,70.0,Black Berry,June,July to August,June  to September,163,30,20.0,65,75,,0.2388020657596918,0.1988299705858994,0.24107847042036,0.06797224647912765,0.2739750686969379
111,5.171171171,Dinajpur,Kharif 2,25.0,70.0,Black Berry,June,July to August,June  to September,574,30,20.0,65,75,,0.0654733330872791,0.21150650412702537,0.20988268083851164,0.1177725127434581,0.3916540989397346
193,3.523316062,Faridpur,Kharif 2,25.0,70.0,Black Berry,June,July to August,June  to September,680,30,20.0,65,75,,0.2985891466935776,0.21331237333874536,0.2714789233212971,0.07382784256738173,0.5012944760184437
172,1.459302326,Feni,Kharif 2,25.0,70.0,Black Berry,June,July to August,June  to September,251,30,20.0,65,75,,0.0507026668147709,0.2574046177056497,0.23709407125198265,0.15400015719354504,0.2107211652615962
89,3.449438202,Gaibandha,Kharif 2,25.0,70.0,Black Berry,June,July to August,June  to September,307,30,20.0,65,75,57.0,0.02131745298654,0.2412207212840912,0.20329836906641224,0.1332979027018208,0.2909507765996219
150,2.62,Gazipur,Kharif 2,25.0,70.0,Black Berry,June,July to August,June  to September,393,30,20.0,65,75,,0.1101810937198298,0.21232777923569024,0.21509494278868654,0.13940917002480466,0.2642814227206714
91,4.417582418,Gopalganj,Kharif 2,25.0,70.0,Black Berry,June,July to August,June  to September,402,30,20.0,65,75,56.0,0.3587029695775944,0.3615226109299301,0.39025460524338434,0.06013122360382198,0.3983745038075617
688,1.956395349,Habiganj,Kharif 2,25.0,70.0,Black Berry,June,July to August,June  to September,1346,30,20.0,65,75,,0.1404958846908667,0.20038105678409668,0.19529209084490703,0.055362781741152625,0.2185560015489672
774,2.759689922,Jamalpur,Kharif 2,25.0,70.0,Black Berry,June,July to August,June  to September,2136,30,20.0,65,75,,0.0660620517345922,0.21470617098409556,0.16955802522658908,0.08153051012225544,0.2256493291364875
265,3.403773585,Jashore,Kharif 2,25.0,70.0,Black Berry,June,July to August,June  to September,902,30,20.0,65,75,,0.1878303907762366,0.29669031231367055,0.2912763909727575,0.0845019318060876,0.3985753946916057
166,0.5301204819,Jhallokati,Kharif 2,25.0,70.0,Black Berry,June,July to August,June  to September,88,30,20.0,65,75,,0.3198153813956541,0.32872636572517194,0.3690322274616547,0.1042504750053043,0.4467251837879121
147,10.26530612,Jhenaidah,Kharif 2,25.0,70.0,Black Berry,June,July to August,June  to September,1509,30,20.0,65,75,,0.3144404421042321,0.30502753572828345,0.3116460183597643,0.04441977739214792,0.408777297617167
67,7.402985075,Joypurhat,Kharif 2,25.0,70.0,Black Berry,June,July to August,June  to September,496,30,20.0,65,75,64.0,0.1336078370665993,0.20409324427394535,0.2153012581281194,0.09586610348095315,0.3944038962894077
394,1.875634518,Khagrachari,Kharif 2,25.0,70.0,Black Berry,June,July to August,June  to September,739,30,20.0,65,75,54.0,0.2320701094515291,0.5339762554563636,0.40956056219940956,0.15194708197970208,0.3644198594801792
96,3.270833333,Khulna,Kharif 2,25.0,70.0,Black Berry,June,July to August,June  to September,314,30,20.0,65,75,59.0,0.2015083923668761,0.2580838211448943,0.2798425506775256,0.08652250745761857,0.2474562801358325
239,5.410041841,Kishoreganj,Kharif 2,25.0,70.0,Black Berry,June,July to August,June  to September,1293,30,20.0,65,75,,-0.0336641988977872,0.04094457363868925,0.024761249053871226,0.039501013940257554,0.1332425341291768
191,8.188481675,Kurigram,Kharif 2,25.0,70.0,Black Berry,June,July to August,June  to September,1564,30,20.0,65,75,,0.0474631119536175,0.18634777344254935,0.19002199126508879,0.12139004880496265,0.2500938130926464
1037,7.136933462,Kushtia,Kharif 2,25.0,70.0,Black Berry,June,July to August,June  to September,7401,30,20.0,65,75,,0.360379678702526,0.30403732600904465,0.3069986183627147,0.04135195033548887,0.2938513007384295
27,6,Lakshmipur,Kharif 2,25.0,70.0,Black Berry,June,July to August,June  to September,162,30,20.0,65,75,56.0,0.1289476151265251,0.19521171233811557,0.18865178573724434,0.047478122595384684,0.2205991932065824
37,4.837837838,Lalmonirhat,Kharif 2,25.0,70.0,Black Berry,June,July to August,June  to September,179,30,20.0,65,75,,0.1387455869466906,0.23661625154154128,0.26432549515030423,0.13498019150480547,0.3339137681224553
146,3.630136986,Madaripur,Kharif 2,25.0,70.0,Black Berry,June,July to August,June  to September,530,30,20.0,65,75,56.0,0.3559742042723802,0.26985488277531544,0.32551226986161047,0.07225857047955984,0.3999496888165858
161,4.074534161,Magura,Kharif 2,25.0,70.0,Black Berry,June,July to August,June  to September,656,30,20.0,65,75,61.0,0.3192240072859663,0.2659725146756635,0.3008527100349977,0.05403289968795251,0.4952291300988705
188,1.734042553,Manikganj,Kharif 2,25.0,70.0,Black Berry,June,July to August,June  to September,326,30,20.0,65,75,,0.1685356100952224,0.20204066909215573,0.24600868939411433,0.11267946852874856,0.3258735577731652
102,2.215686275,Meherpur,Kharif 2,25.0,70.0,Black Berry,June,July to August,June  to September,226,30,20.0,65,75,65.0,0.4049998628938372,0.3733213467584032,0.3194021449121258,0.13081014276194805,0.4393863474141398
102,4.333333333,Moulvibazar,Kharif 2,25.0,70.0,Black Berry,June,July to August,June  to September,442,30,20.0,65,75,,0.2872841543480849,0.28076687951003304,0.3142722755465907,0.0752706883926344,0.2272905883804999
16,6.5625,Munshiganj,Kharif 2,25.0,70.0,Black Berry,June,July to August,June  to September,105,30,20.0,65,75,,0.3061790651261972,0.22428204200585156,0.267037201202705,0.08977885550589686,0.3805900028922174
1225,3.000816327,Mymensingh,Kharif 2,25.0,70.0,Black Berry,June,July to August,June  to September,3676,30,20.0,65,75,,0.147268203746856,0.2044342511644796,0.2626118924010095,0.1656546286905534,0.183712498982838
130,3.753846154,Naogaon,Kharif 2,25.0,70.0,Black Berry,June,July to August,June  to September,488,30,20.0,65,75,,0.151012544621987,0.2827831131750015,0.2616034403582208,0.07900979741446207,0.2178154704904624
80,2.8375,Narail,Kharif 2,25.0,70.0,Black Berry,June,July to August,June  to September,227,30,20.0,65,75,58.0,0.2931034421079588,0.27874457357250915,0.30754578829873686,0.05008985031836103,0.3738582462137362
10,12.2,Narayanganj,Kharif 2,25.0,70.0,Black Berry,June,July to August,June  to September,122,30,20.0,65,75,,0.2139360142323902,0.2766556110253287,0.26967078998658056,0.07083903222984,0.2967271553285521
39,13.07692308,Narsingdi,Kharif 2,25.0,70.0,Black Berry,June,July to August,June  to September,510,30,20.0,65,75,,0.0686431818013071,0.30277470324024136,0.2650149435937448,0.1520000277951865,0.2875359195667165
217,8.516129032,Natore,Kharif 2,25.0,70.0,Black Berry,June,July to August,June  to September,1848,30,20.0,65,75,,0.2396934944526867,0.3238073025613258,0.2580680437723036,0.10444838300920238,0.2843293374458162
526,3.899239544,Netrokona,Kharif 2,25.0,70.0,Black Berry,June,July to August,June  to September,2051,30,20.0,65,75,,-0.0374691032015912,0.1039310095508843,0.11874505730976767,0.14076763592897118,0.1216241284636668
62,9.774193548,Nilphamari,Kharif 2,25.0,70.0,Black Berry,June,July to August,June  to September,606,30,20.0,65,75,,0.1378536434354302,0.19562929394779283,0.24325792285564812,0.15971577644896207,0.3905363140056865
51,2.274509804,Noakhali,Kharif 2,25.0,70.0,Black Berry,June,July to August,June  to September,116,30,20.0,65,75,55.0,0.1125262690416429,0.2233051392977053,0.2050691093430485,0.08983987267292985,0.1658426609921801
196,4.219387755,Pabna,Kharif 2,25.0,70.0,Black Berry,June,July to August,June  to September,827,30,20.0,65,75,,0.3338369511018429,0.2988683273448741,0.3001008254018084,0.03805732263979561,0.3054242601831844
78,6.346153846,Panchagar,Kharif 2,25.0,70.0,Black Berry,June,July to August,June  to September,495,30,20.0,65,75,,0.194460217324899,0.3051131393914076,0.2814295473143338,0.07857028204550696,0.5473277632011888
144,1.354166667,Patuakhali,Kharif 2,25.0,70.0,Black Berry,June,July to August,June  to September,195,30,20.0,65,75,,0.1845850493144675,0.1855661418941435,0.2304817487535331,0.11416674756423188,0.3357123883791376
75,1.266666667,Pirojpur,Kharif 2,25.0,70.0,Black Berry,June,July to August,June  to September,95,30,20.0,65,75,57.0,0.264165553095138,0.32383864696749726,0.34632203439129045,0.10240609714262239,0.4034404459856785
258,11.76744186,Rajbari,Kharif 2,25.0,70.0,Black Berry,June,July to August,June  to September,3036,30,20.0,65,75,60.0,0.3693864167143024,0.26084194835385116,0.3080451575814695,0.07630980536681828,0.420965323158295
138,4.101449275,Rajshahi,Kharif 2,25.0,70.0,Black Berry,June,July to August,June  to September,566,30,20.0,65,75,65.0,0.309744230953222,0.3090463669813247,0.2862570352184748,0.04752144075848529,0.2148030029570647
374,1.454545455,Rangamati,Kharif 2,25.0,70.0,Black Berry,June,July to August,June  to September,544,30,20.0,65,75,,0.3566101220905236,0.5032655730254307,0.4426520698006685,0.11362763534434087,0.2219434186735245
52,16.23076923,Rangpur,Kharif 2,25.0,70.0,Black Berry,June,July to August,June  to September,844,30,20.0,65,75,59.0,0.0468616342173195,0.2477259199544355,0.2385397175102795,0.1496508226669169,0.4001486941371419
561,3.251336898,Satkhira,Kharif 2,25.0,70.0,Black Berry,June,July to August,June  to September,1824,30,20.0,65,75,59.0,0.1194165133466915,0.2541277424855187,0.23079143543522146,0.07696288562519213,0.2245382571010397
164,2.445121951,Shariatpur,Kharif 2,25.0,70.0,Black Berry,June,July to August,June  to September,401,30,20.0,65,75,55.0,0.3246768434248136,0.2718842213180832,0.3015550413765905,0.04451492908033303,0.3404679378482187
237,3.383966245,Sherpur,Kharif 2,25.0,70.0,Black Berry,June,July to August,June  to September,802,30,20.0,65,75,,0.0528778723675305,0.24758298139860965,0.22245762562753027,0.12741452779332943,0.2278267182217989
56,10.75,Sirajganj,Kharif 2,25.0,70.0,Black Berry,June,July to August,June  to September,602,30,20.0,65,75,,0.1381345270632336,0.1788205562032683,0.16679911338724457,0.05292213394150377,0.1547068330441469
453,7.545253863,Sunamganj,Kharif 2,25.0,70.0,Black Berry,June,July to August,June  to September,3418,30,20.0,65,75,54.0,-0.1976703408679797,-0.02231279389144945,-0.059011045164603815,0.09698192383488057,0.0066240920840004
361,0.811634349,Sylhet,Kharif 2,25.0,70.0,Black Berry,June,July to August,June  to September,293,30,20.0,65,75,54.0,0.021092634797125,0.1562205265076969,0.17780456475807963,0.14872227592253864,0.0219238745854215
80,6.3875,Tangail,Kharif 2,25.0,70.0,Black Berry,June,July to August,June  to September,511,30,20.0,65,75,60.0,0.1318871049415015,0.15938821899498445,0.19663690900327246,0.09373245073879793,0.1960530352637223
46,11.06521739,Thakurgaon,Kharif 2,25.0,70.0,Black Berry,June,July to August,June  to September,509,30,20.0,65,75,,0.1637129632869899,0.29773096356514167,0.2793518290827821,0.10751858750299784,0.4809286896683722
145439,1.847881242,Bagerhat,Rabi,26.0,72.5,Boro,Nov,Dec to March,April,268754,40,12.0,60,85,57.0,0.6214849029628107,0.5118091536297626,0.2844793013289463,0.11767580695666632,0.5549719290375441
15427,1.563233292,Bandarban,Rabi,26.0,72.5,Boro,Nov,Dec to March,April,24116,40,12.0,60,85,55.0,0.7636090237183978,0.6953705680427206,0.3876779567270571,0.15244228477391433,0.7430366041768727
17220,1.317073171,Barguna,Rabi,26.0,72.5,Boro,Nov,Dec to March,April,22680,40,12.0,60,85,57.0,0.6701243948177539,0.360621011833112,0.2876097437686987,0.14734849343736678,0.5890323017558614
130120,1.61278051,Barishal,Rabi,26.0,72.5,Boro,Nov,Dec to March,April,209855,40,12.0,60,85,,0.5307537456864099,0.3375757365454203,0.3100169088937738,0.10291410690400793,0.5411183729753246
93653,1.548791817,Bhola,Rabi,26.0,72.5,Boro,Nov,Dec to March,April,145049,40,12.0,60,85,56.0,0.4295190696079973,0.2557967407826601,0.2246323016939531,0.0794113182977582,0.4215271980368956
457983,1.571584535,Bogura,Rabi,26.0,72.5,Boro,Nov,Dec to March,April,719759,40,12.0,60,85,,0.4866866462303992,0.38019169050333257,0.3974557819503149,0.08151661332882831,0.6043189721273731
276814,1.86520913,Brahmanbaria,Rabi,26.0,72.5,Boro,Nov,Dec to March,April,516316,40,12.0,60,85,54.0,0.4832769726821609,0.4047013967408105,0.4667222562628336,0.11837232984341166,0.4183456917031
150393,1.659046631,Chandpur,Rabi,26.0,72.5,Boro,Nov,Dec to March,April,249509,40,12.0,60,85,,0.511193701275472,0.3967375087423166,0.2824497786894116,0.09277021187261343,0.5270362529660546
118339,1.802803809,Chapai Nawabganj,Rabi,26.0,72.5,Boro,Nov,Dec to March,April,213342,40,12.0,60,85,,0.5166230847120769,0.4290862894079325,0.3377839429676815,0.08304132853537556,0.5494797758461835
155621,1.620880215,Chattogram,Rabi,26.0,72.5,Boro,Nov,Dec to March,April,252243,40,12.0,60,85,,0.6490491736260601,0.5125723610194539,0.3406132785765541,0.10012570285854629,0.6563726676016034
82100,1.524445798,Chuadanga,Rabi,26.0,72.5,Boro,Nov,Dec to March,April,125157,40,12.0,60,85,,0.5781108306077708,0.5378844794512622,0.4685908909016339,0.06837474144584443,0.6058950868858013
128735,1.600504913,CoxsBazar,Rabi,26.0,72.5,Boro,Nov,Dec to March,April,206041,40,12.0,60,85,55.0,0.5181658529893575,0.46609185986268437,0.362233654035479,0.05158196354664772,0.5920513052550939
369206,1.784729934,Cumilla,Rabi,26.0,72.5,Boro,Nov,Dec to March,April,658933,40,12.0,60,85,,0.6332118144284202,0.462339894080135,0.2799573140061434,0.13366992505916248,0.6260474113432829
110401,1.864394344,Dhaka,Rabi,26.0,72.5,Boro,Nov,Dec to March,April,205831,40,12.0,60,85,,0.4637615523232626,0.3762550819151638,0.2053280197750239,0.09008654231997684,0.42014379344061
429961,1.655352462,Dinajpur,Rabi,26.0,72.5,Boro,Nov,Dec to March,April,711737,40,12.0,60,85,,0.5334847342658163,0.4020115164477718,0.3864902076658625,0.11189233200859884,0.6968213826970469
56903,1.868056166,Faridpur,Rabi,26.0,72.5,Boro,Nov,Dec to March,April,106298,40,12.0,60,85,,0.5431138624575879,0.43695740299683095,0.1596716045798009,0.13947249622248792,0.5571700752994787
66737,1.47762111,Feni,Rabi,26.0,72.5,Boro,Nov,Dec to March,April,98612,40,12.0,60,85,,0.6568684139549554,0.44896403855825673,0.3154547680727988,0.11423714782285695,0.6864048324722554
321264,1.630549953,Gaibandha,Rabi,26.0,72.5,Boro,Nov,Dec to March,April,523837,40,12.0,60,85,57.0,0.472527892285157,0.33611205474937667,0.2560613395709359,0.11725431641154477,0.5191748931888249
146748,1.755812686,Gazipur,Rabi,26.0,72.5,Boro,Nov,Dec to March,April,257662,40,12.0,60,85,,0.6351801312217112,0.442272754388488,0.3013299480303391,0.12262755842472857,0.5223462850901985
183726,1.994410154,Gopalganj,Rabi,26.0,72.5,Boro,Nov,Dec to March,April,366425,40,12.0,60,85,56.0,0.6431246483263354,0.48350781564015166,0.365624571223079,0.12035109734691543,0.6266318567705287
295677,1.479824268,Habiganj,Rabi,26.0,72.5,Boro,Nov,Dec to March,April,437550,40,12.0,60,85,,0.490276717097282,0.4085052932537713,0.4094105700184439,0.12686688082600375,0.45889587481196
322186,1.711852781,Jamalpur,Rabi,26.0,72.5,Boro,Nov,Dec to March,April,551535,40,12.0,60,85,,0.516399347268738,0.4147238181152129,0.2203033803902141,0.1178091607230774,0.5680638462794619
388502,1.809630324,Jashore,Rabi,26.0,72.5,Boro,Nov,Dec to March,April,703045,40,12.0,60,85,,0.5761013650280524,0.4849838853013293,0.5094016354846946,0.07459924458942747,0.7028498240366357
26405,1.516265859,Jhallokati,Rabi,26.0,72.5,Boro,Nov,Dec to March,April,40037,40,12.0,60,85,,0.7413763264744606,0.47394982623494286,0.3844964290526782,0.13680665946358297,0.6984104731100329
197602,1.720068623,Jhenaidah,Rabi,26.0,72.5,Boro,Nov,Dec to March,April,339889,40,12.0,60,85,,0.5856887814533969,0.487373673765902,0.4932941383053687,0.08545844382997583,0.7437649112435227
169581,1.645367111,Joypurhat,Rabi,26.0,72.5,Boro,Nov,Dec to March,April,279023,40,12.0,60,85,64.0,0.495012034982754,0.40532074504268045,0.5481632788078854,0.0881345814288247,0.6950315134846194
26856,1.548555258,Khagrachari,Rabi,26.0,72.5,Boro,Nov,Dec to March,April,41588,40,12.0,60,85,54.0,0.8046879631390788,0.6601921476828752,0.3194542381207939,0.17106613552847702,0.7650947268938538
142077,1.712261661,Khulna,Rabi,26.0,72.5,Boro,Nov,Dec to March,April,243273,40,12.0,60,85,59.0,0.5800102272282405,0.4478072886559674,0.2547487058378869,0.10742318775546496,0.5520675878443635
403798,1.720010996,Kishoreganj,Rabi,26.0,72.5,Boro,Nov,Dec to March,April,694537,40,12.0,60,85,,0.346103638367728,0.4116385714899098,0.3676092519986164,0.12794703316966122,0.1918684324560693
276736,1.607156279,Kurigram,Rabi,26.0,72.5,Boro,Nov,Dec to March,April,444758,40,12.0,60,85,,0.4533404465415963,0.32506758355248144,0.2226332627293874,0.09640959271591053,0.4923091315654682
86620,1.725202032,Kushtia,Rabi,26.0,72.5,Boro,Nov,Dec to March,April,149437,40,12.0,60,85,,0.5100774986217015,0.4479894861709544,0.3702999720630754,0.07672982614327273,0.6262090914547398
76552,1.571219563,Lakshmipur,Rabi,26.0,72.5,Boro,Nov,Dec to March,April,120280,40,12.0,60,85,56.0,0.5368424127097657,0.3583731308418406,0.3561816998129432,0.09410580407591193,0.5253667671733465
114112,1.681689919,Lalmonirhat,Rabi,26.0,72.5,Boro,Nov,Dec to March,April,191901,40,12.0,60,85,,0.4495769122619324,0.4402460292050182,0.4065448627465945,0.08739944183281835,0.6005631769723303
80650,1.722083075,Madaripur,Rabi,26.0,72.5,Boro,Nov,Dec to March,April,138886,40,12.0,60,85,56.0,0.5270003205348973,0.43549402292455525,0.145892769350381,0.13757609730764456,0.5680438314099354
86301,1.535497851,Magura,Rabi,26.0,72.5,Boro,Nov,Dec to March,April,132515,40,12.0,60,85,61.0,0.5564517069988566,0.4678012994245231,0.3516332543736697,0.09243905830795296,0.7173624754929421
118316,1.956793671,Manikganj,Rabi,26.0,72.5,Boro,Nov,Dec to March,April,231520,40,12.0,60,85,,0.4185406978474758,0.3603896140571922,0.238108560268593,0.10410455790614395,0.4193839512009965
47938,1.607493012,Meherpur,Rabi,26.0,72.5,Boro,Nov,Dec to March,April,77060,40,12.0,60,85,65.0,0.5774080200216897,0.5490936797338835,0.4240959983858737,0.08177174883714969,0.6557736174550848
138015,1.312603702,Moulvibazar,Rabi,26.0,72.5,Boro,Nov,Dec to March,April,181159,40,12.0,60,85,,0.6199927514832799,0.4671694138083858,0.3772511111134909,0.09213101681720033,0.5081293337700128
56700,1.787407407,Munshiganj,Rabi,26.0,72.5,Boro,Nov,Dec to March,April,101346,40,12.0,60,85,,0.4487728540074254,0.4228208938710822,0.1254731884929805,0.14632701106561977,0.4799755728266007
645176,1.669687031,Mymensingh,Rabi,26.0,72.5,Boro,Nov,Dec to March,April,1077242,40,12.0,60,85,,0.6097119497847369,0.378034064193858,0.2792620099084889,0.1528661720116616,0.6661036234448312
458122,1.787063271,Naogaon,Rabi,26.0,72.5,Boro,Nov,Dec to March,April,818693,40,12.0,60,85,,0.5271957717658298,0.4009671609059601,0.3353748718633925,0.131825573176569,0.6437611050179507
116842,1.849668783,Narail,Rabi,26.0,72.5,Boro,Nov,Dec to March,April,216119,40,12.0,60,85,58.0,0.5628542478735085,0.45894804658841337,0.3408352502702987,0.09720770962677755,0.6251097875564693
49627,1.741431076,Narayanganj,Rabi,26.0,72.5,Boro,Nov,Dec to March,April,86422,40,12.0,60,85,,0.484101190508087,0.3735885414147103,0.2542342797497706,0.08365404477364341,0.3876193728015197
132083,1.603143478,Narsingdi,Rabi,26.0,72.5,Boro,Nov,Dec to March,April,211748,40,12.0,60,85,,0.582228604206656,0.4590309666272121,0.3744952593367734,0.09570277532944425,0.4212772529102456
148250,1.742569983,Natore,Rabi,26.0,72.5,Boro,Nov,Dec to March,April,258336,40,12.0,60,85,,0.5182904304847376,0.4762081170449314,0.3938140226589006,0.11024291093467746,0.6270773846150153
449438,1.668539376,Netrokona,Rabi,26.0,72.5,Boro,Nov,Dec to March,April,749905,40,12.0,60,85,,0.4572107645523022,0.3908023738102877,0.2180584018053236,0.1572963016873553,0.3798255718688024
204505,1.762934892,Nilphamari,Rabi,26.0,72.5,Boro,Nov,Dec to March,April,360529,40,12.0,60,85,,0.4830189104860807,0.43043576773076947,0.348037858697919,0.1078496404426808,0.653377154092829
166632,1.874573911,Noakhali,Rabi,26.0,72.5,Boro,Nov,Dec to March,April,312364,40,12.0,60,85,55.0,0.6121314642988956,0.43528452182043975,0.3485228861940609,0.0950060101536326,0.5743616085661583
134501,1.747830871,Pabna,Rabi,26.0,72.5,Boro,Nov,Dec to March,April,235085,40,12.0,60,85,,0.4938904215556714,0.4473222115514349,0.3016887841086959,0.07587493705779351,0.576205463230183
77506,1.550641241,Panchagar,Rabi,26.0,72.5,Boro,Nov,Dec to March,April,120184,40,12.0,60,85,,0.485823986874206,0.38934396788636666,0.20279912294809,0.11576182614309145,0.7131991955629091
2655,1.324670433,Patuakhali,Rabi,26.0,72.5,Boro,Nov,Dec to March,April,3517,40,12.0,60,85,,0.6429891164126075,0.3250366983733252,0.2365474556695895,0.14650580817174733,0.6209295032125958
56336,1.710469327,Pirojpur,Rabi,26.0,72.5,Boro,Nov,Dec to March,April,96361,40,12.0,60,85,57.0,0.6965960442832237,0.4657894812056926,0.3392577304779658,0.1302295903171561,0.6644367573268926
32310,1.71999381,Rajbari,Rabi,26.0,72.5,Boro,Nov,Dec to March,April,55573,40,12.0,60,85,60.0,0.466512607496879,0.40788541795720784,0.2441449981923793,0.09365919638252934,0.583792751193523
161465,1.643080544,Rajshahi,Rabi,26.0,72.5,Boro,Nov,Dec to March,April,265300,40,12.0,60,85,65.0,0.4638470315151211,0.4071692914434033,0.39139088167786,0.05933847748736895,0.5638042771009885
17437,1.615816941,Rangamati,Rabi,26.0,72.5,Boro,Nov,Dec to March,April,28175,40,12.0,60,85,,0.7572250026165042,0.62526693626308,0.2740115169357396,0.17735014217280648,0.7267932608407919
326394,1.797211346,Rangpur,Rabi,26.0,72.5,Boro,Nov,Dec to March,April,586599,40,12.0,60,85,59.0,0.5551464143048584,0.3888503140062067,0.2902257990630829,0.12094499599817264,0.6744499663546515
185546,1.593098207,Satkhira,Rabi,26.0,72.5,Boro,Nov,Dec to March,April,295593,40,12.0,60,85,59.0,0.4949600162131376,0.43217661859880857,0.2721199083647258,0.07939501883467998,0.5293331106485334
64104,1.880912268,Shariatpur,Rabi,26.0,72.5,Boro,Nov,Dec to March,April,120574,40,12.0,60,85,55.0,0.4604456937918399,0.3940043291473382,0.0925735314905069,0.1350196965714449,0.5050903206312234
225451,1.672864614,Sherpur,Rabi,26.0,72.5,Boro,Nov,Dec to March,April,377149,40,12.0,60,85,,0.6041241456870005,0.4204495665429284,0.2678615620118689,0.15797018806292643,0.662903433290502
347176,1.710895914,Sirajganj,Rabi,26.0,72.5,Boro,Nov,Dec to March,April,593982,40,12.0,60,85,,0.3832723887128045,0.3688702923907373,0.2438028677727265,0.07618415573212942,0.4306876986901167
546442,1.500594757,Sunamganj,Rabi,26.0,72.5,Boro,Nov,Dec to March,April,819988,40,12.0,60,85,54.0,0.1793284797174766,0.4209381371061953,0.2385902396757943,0.18145104437872384,0.0714833095098531
204408,1.225470627,Sylhet,Rabi,26.0,72.5,Boro,Nov,Dec to March,April,250496,40,12.0,60,85,54.0,0.5401497904776739,0.4361771681641684,0.2401914716423759,0.1071541706460672,0.4585160647406363
420470,1.74931862,Tangail,Rabi,26.0,72.5,Boro,Nov,Dec to March,April,735536,40,12.0,60,85,60.0,0.5500375193507461,0.3917693671720762,0.2191926340496671,0.13932248497746005,0.5962526033050995
144862,1.576106916,Thakurgaon,Rabi,26.0,72.5,Boro,Nov,Dec to March,April,228318,40,12.0,60,85,,0.4435090691546509,0.457864104232248,0.373304905125753,0.08848559193422903,0.6913470028229801
716,1.477653631,Bagerhat,Rabi,20.0,60.0,Boroi,July,No need to do,February to March,1058,25,15.0,50,70,57.0,0.3076850950523782,,0.552130842629105,0.14241161736205643,0.2093828623516599
312,1.727564103,Bandarban,Rabi,20.0,60.0,Boroi,July,No need to do,February to March,539,25,15.0,50,70,55.0,0.5380354289240772,,0.6249104065344971,0.07609723677955324,0.4365742393395427
503,1,Barguna,Rabi,20.0,60.0,Boroi,February,No need to do,February to March,503,25,15.0,50,70,57.0,0.291063589685606,,0.3131387707786598,0.031219020493638908,0.3499506810824001
333,1.501501502,Barishal,Rabi,20.0,60.0,Boroi,February,No need to do,February to March,500,25,15.0,50,70,,0.2533858903228801,,0.3429340940322151,0.1266402841718902,0.291607379510426
310,1.367741935,Bhola,Rabi,20.0,60.0,Boroi,March,No need to do,February to March,424,25,15.0,50,70,56.0,0.3010654880049462,,0.2721414078827046,0.04090482638804011,0.243217327760463
950,3.162105263,Bogura,Rabi,20.0,60.0,Boroi,September,No need to do,February to March,3004,25,15.0,50,70,,0.2859644007903595,,0.4469522890498908,0.10859656577579728,0.1458454463723086
350,3.294285714,Brahmanbaria,Rabi,20.0,60.0,Boroi,August,No need to do,February to March,1153,25,15.0,50,70,54.0,0.2231572914897405,,0.5014697056446634,0.19504030566864028,0.188064601572371
200,2.96,Chandpur,Rabi,20.0,60.0,Boroi,September,No need to do,February to March,592,25,15.0,50,70,,0.2851182395817753,,0.43865479183819345,0.10048040910593377,0.2156911286424974
780,3.51025641,Chapai Nawabganj,Rabi,20.0,60.0,Boroi,January,No need to do,February to March,2738,25,15.0,50,70,,0.3537489371617141,,0.48804909425991344,0.08962287438249968,0.3864980319501888
2186,1.838975297,Chattogram,Rabi,20.0,60.0,Boroi,October,No need to do,February to March,4020,25,15.0,50,70,,0.6563726676016034,,0.4917414772507984,0.09573716087017617,0.4368271330834088
785,2.625477707,Chuadanga,Rabi,20.0,60.0,Boroi,August,No need to do,February to March,2061,25,15.0,50,70,,0.4048532779091586,,0.6001310856181723,0.1129216336593192,0.3129435337540583
300,10.31666667,CoxsBazar,Rabi,20.0,60.0,Boroi,December,No need to do,February to March,3095,25,15.0,50,70,55.0,0.479759680493097,,0.4621077695767629,0.010219753518101863,0.5181658529893575
1526,2.81061599,Cumilla,Rabi,20.0,60.0,Boroi,November,No need to do,February to March,4289,25,15.0,50,70,,0.6332118144284202,,0.5128400586622107,0.10461719762519073,0.6260474113432829
700,2.237142857,Dhaka,Rabi,20.0,60.0,Boroi,June,No need to do,February to March,1566,25,15.0,50,70,,0.2388020657596918,,0.38938462969884446,0.0977193752099195,0.2739750686969379
490,2.328571429,Dinajpur,Rabi,20.0,60.0,Boroi,May,No need to do,February to March,1141,25,15.0,50,70,,0.3916540989397346,,0.4905627767797815,0.103507016369526,0.3864902076658625
500,1.396,Faridpur,Rabi,20.0,60.0,Boroi,July,No need to do,February to March,698,25,15.0,50,70,,0.1922260030735255,,0.4924185756077937,0.17422599814226283,0.2985891466935776
220,1.581818182,Feni,Rabi,20.0,60.0,Boroi,January,No need to do,February to March,348,25,15.0,50,70,,0.4263300065971123,,0.48064966722215297,0.03815375689595171,0.4082268131916088
300,1.733333333,Gaibandha,Rabi,20.0,60.0,Boroi,June,No need to do,February to March,520,25,15.0,50,70,57.0,0.02131745298654,,0.4243401103802053,0.24635545321160113,0.2909507765996219
300,1.99,Gazipur,Rabi,20.0,60.0,Boroi,August,No need to do,February to March,597,25,15.0,50,70,,0.0798820916389187,,0.4297360788240038,0.2177949230235091,0.3447734668324618
503,1.435387674,Gopalganj,Rabi,20.0,60.0,Boroi,September,No need to do,February to March,722,25,15.0,50,70,56.0,0.4792702295360826,,0.5438405358912253,0.09672040691633263,0.373290152738146
181,3.049723757,Habiganj,Rabi,20.0,60.0,Boroi,January,No need to do,February to March,552,25,15.0,50,70,,0.2661294631608376,,0.5372631943684224,0.16919160321216548,0.2933653211174028
950,2.788421053,Jamalpur,Rabi,20.0,60.0,Boroi,May,No need to do,February to March,2649,25,15.0,50,70,,0.2256493291364875,,0.4563695689330588,0.1511556073676383,0.2203033803902141
1100,3.161818182,Jashore,Rabi,20.0,60.0,Boroi,September,No need to do,February to March,3478,25,15.0,50,70,,0.3838945484874524,,0.5378299842032195,0.11248437365546309,0.3289696423116384
447,1.418344519,Jhallokati,Rabi,20.0,60.0,Boroi,April,No need to do,February to March,634,25,15.0,50,70,,0.3844964290526782,,0.4666045163308202,0.06985385935329148,0.5179106140943847
700,3.067142857,Jhenaidah,Rabi,20.0,60.0,Boroi,October,No need to do,February to March,2147,25,15.0,50,70,,0.7437649112435227,,0.5622677020305462,0.11404288831280862,0.3220885598782582
450,3.68,Joypurhat,Rabi,20.0,60.0,Boroi,October,No need to do,February to March,1656,25,15.0,50,70,64.0,0.6950315134846194,,0.4442348184448691,0.15101487671869254,0.3194107068979877
332,2.262048193,Khagrachari,Rabi,20.0,60.0,Boroi,February,No need to do,February to March,751,25,15.0,50,70,54.0,0.6273542204861793,,0.6005693839519369,0.0378794790926719,0.7127123618717103
550,1.967272727,Khulna,Rabi,20.0,60.0,Boroi,November,No need to do,February to March,1082,25,15.0,50,70,59.0,0.5800102272282405,,0.4687596989534537,0.0705450652058379,0.5520675878443635
470,3.391489362,Kishoreganj,Rabi,20.0,60.0,Boroi,October,No need to do,February to March,1594,25,15.0,50,70,,0.1918684324560693,,0.5256062617784207,0.22310208835475093,0.0508200478358936
120,3.333333333,Kurigram,Rabi,20.0,60.0,Boroi,July,No need to do,February to March,400,25,15.0,50,70,,0.2126574194433389,,0.3697279902731811,0.11766082240082841,0.0474631119536175
1400,2.250714286,Kushtia,Rabi,20.0,60.0,Boroi,December,No need to do,February to March,3151,25,15.0,50,70,,0.3382201733296665,,0.5085632486962346,0.09852588170721717,0.5100774986217015
265,2.505660377,Lakshmipur,Rabi,20.0,60.0,Boroi,March,No need to do,February to March,664,25,15.0,50,70,56.0,0.4099483108021562,,0.3699570047865621,0.05655624734426594,0.329965698770968
200,1.15,Lalmonirhat,Rabi,20.0,60.0,Boroi,August,No need to do,February to March,230,25,15.0,50,70,,0.2845360775211245,,0.5317046243919614,0.14737703170927172,0.1886964255619581
400,3.615,Madaripur,Rabi,20.0,60.0,Boroi,November,No need to do,February to March,1446,25,15.0,50,70,56.0,0.5270003205348973,,0.47373958566939733,0.049623345761136604,0.5680438314099354
1300,1.868461538,Magura,Rabi,20.0,60.0,Boroi,January,No need to do,February to March,2429,25,15.0,50,70,61.0,0.424542540711464,,0.5304917116324558,0.07907321463447622,0.3856792337217167
371,2.142857143,Manikganj,Rabi,20.0,60.0,Boroi,December,No need to do,February to March,795,25,15.0,50,70,,0.3774664093334369,,0.3165827182073324,0.12228261373815694,0.4185406978474758
400,2.45,Meherpur,Rabi,20.0,60.0,Boroi,February,No need to do,February to March,980,25,15.0,50,70,65.0,0.6363343859653814,,0.6035992136745274,0.046294524620345646,0.5422238526759723
390,4.907692308,Moulvibazar,Rabi,20.0,60.0,Boroi,February,No need to do,February to March,1914,25,15.0,50,70,,0.4889183454377723,,0.49826919852743745,0.013224103259162784,0.3743598588192403
150,2.153333333,Munshiganj,Rabi,20.0,60.0,Boroi,January,No need to do,February to March,323,25,15.0,50,70,,0.3390365963664746,,0.5092907084338362,0.09911235944395125,0.3336655622501818
2032,3.146653543,Mymensingh,Rabi,20.0,60.0,Boroi,June,No need to do,February to March,6394,25,15.0,50,70,,0.147268203746856,,0.4259806635580256,0.21507582795004535,0.183712498982838
600,4.838333333,Naogaon,Rabi,20.0,60.0,Boroi,November,No need to do,February to March,2903,25,15.0,50,70,,0.5271957717658298,,0.4971202947255337,0.12421183868283525,0.6437611050179507
600,2.08,Narail,Rabi,20.0,60.0,Boroi,March,No need to do,February to March,1248,25,15.0,50,70,58.0,0.574803629810534,,0.5252996610218391,0.07000918405226668,0.4757956922331443
200,2.055,Narayanganj,Rabi,20.0,60.0,Boroi,February,No need to do,February to March,411,25,15.0,50,70,,0.3254064295331264,,0.38006470378907203,0.07729847274866654,0.3324589299993573
376,2.106382979,Narsingdi,Rabi,20.0,60.0,Boroi,March,No need to do,February to March,792,25,15.0,50,70,,0.5675183682230315,,0.47760734421672824,0.12715338955656696,0.387696320210425
900,3.328888889,Natore,Rabi,20.0,60.0,Boroi,December,No need to do,February to March,2996,25,15.0,50,70,,0.3470177874611827,,0.5884777639400294,0.14205057047193104,0.5182904304847376
361,6.202216066,Netrokona,Rabi,20.0,60.0,Boroi,July,No need to do,February to March,2239,25,15.0,50,70,,0.09812317506523,,0.5042393793493756,0.2700581167140416,-0.0374691032015912
650,3.141538462,Nilphamari,Rabi,20.0,60.0,Boroi,September,No need to do,February to March,2042,25,15.0,50,70,,0.4439194600915765,,0.525413365536403,0.09165179070525929,0.2971558927059972
300,3.303333333,Noakhali,Rabi,20.0,60.0,Boroi,April,No need to do,February to March,991,25,15.0,50,70,55.0,0.3485228861940609,,0.4688441278073659,0.07141627496579502,0.4854136963654465
800,2.6125,Pabna,Rabi,20.0,60.0,Boroi,February,No need to do,February to March,2090,25,15.0,50,70,,0.4649989728650389,,0.48382316449066,0.0266214270976634,0.4332378957112088
220,2.204545455,Panchagar,Rabi,20.0,60.0,Boroi,October,No need to do,February to March,485,25,15.0,50,70,,0.7131991955629091,,0.4585016205112064,0.15150829625546464,0.3210316931496211
201,2.656716418,Patuakhali,Rabi,20.0,60.0,Boroi,May,No need to do,February to March,534,25,15.0,50,70,,0.3357123883791376,,0.30121760981371226,0.032702273751214005,0.2365474556695895
81,7.530864198,Pirojpur,Rabi,20.0,60.0,Boroi,June,No need to do,February to March,610,25,15.0,50,70,57.0,0.264165553095138,,0.4601954731526293,0.13149255603475876,0.4034404459856785
320,1.675,Rajbari,Rabi,20.0,60.0,Boroi,April,No need to do,February to March,536,25,15.0,50,70,60.0,0.2441449981923793,,0.46287116304567333,0.12753283573439383,0.4806919129357807
2350,3.968510638,Rajshahi,Rabi,20.0,60.0,Boroi,March,No need to do,February to March,9326,25,15.0,50,70,65.0,0.4771080227246705,,0.4635991544847004,0.01910442467727689,0.4500902862447303
551,3.141560799,Rangamati,Rabi,20.0,60.0,Boroi,May,No need to do,February to March,1731,25,15.0,50,70,,0.2219434186735245,,0.5637961962550284,0.20852048140376692,0.2740115169357396
320,2.61875,Rangpur,Rabi,20.0,60.0,Boroi,November,No need to do,February to March,838,25,15.0,50,70,59.0,0.5551464143048584,,0.47775614233349817,0.06665555320651953,0.6744499663546515
800,4.53375,Satkhira,Rabi,20.0,60.0,Boroi,April,No need to do,February to March,3627,25,15.0,50,70,59.0,0.2721199083647258,,0.4501782307444903,0.1080784741016751,0.4835354065029546
1200,1.671666667,Shariatpur,Rabi,20.0,60.0,Boroi,May,No need to do,February to March,2006,25,15.0,50,70,55.0,0.3404679378482187,,0.4211978535435479,0.055419373833897015,0.0925735314905069
400,3.225,Sherpur,Rabi,20.0,60.0,Boroi,August,No need to do,February to March,1290,25,15.0,50,70,,0.2004443254985731,,0.49238655202870685,0.21742912187419194,0.2947216372986462
350,3.965714286,Sirajganj,Rabi,20.0,60.0,Boroi,April,No need to do,February to March,1388,25,15.0,50,70,,0.2438028677727265,,0.39678310050336735,0.11714422146184163,0.4737362339881535
400,3.1075,Sunamganj,Rabi,20.0,60.0,Boroi,March,No need to do,February to March,1243,25,15.0,50,70,54.0,0.6219959069450288,,0.5766074886411509,0.06418891674000744,0.5312190703372729
680,3.192647059,Sylhet,Rabi,20.0,60.0,Boroi,April,No need to do,February to March,2171,25,15.0,50,70,54.0,0.2401914716423759,,0.47699369647578743,0.13769480229968295,0.4933672733095434
1370,2.239416058,Tangail,Rabi,20.0,60.0,Boroi,June,No need to do,February to March,3068,25,15.0,50,70,60.0,0.1318871049415015,,0.37580685949788023,0.19842118736313644,0.1960530352637223
150,3.706666667,Thakurgaon,Rabi,20.0,60.0,Boroi,December,No need to do,February to March,556,25,15.0,50,70,,0.3186676286823571,,0.5396028502257034,0.1277434055490955,0.4435090691546509
767,6.221642764,Bagerhat,Kharif 2,17.0,75.0,Cabbage,Sep,Oct to Jan,Feb,4772,24,10.0,60,90,57.0,0.4868351131875976,0.529857940315299,0.533074061065529,0.0600756191077152,0.36797252036576
235,2.889361702,Bandarban,Kharif 2,17.0,75.0,Cabbage,Sep,Oct to Jan,Feb,679,24,10.0,60,90,55.0,0.3862715233777672,0.7595767717492896,0.6821383327059017,0.14957922973084498,0.4875178800779642
151,5.397350993,Barguna,Kharif 2,17.0,75.0,Cabbage,Sep,Oct to Jan,Feb,815,24,10.0,60,90,57.0,0.3310758402525957,0.5188408005871858,0.291063589685606,0.15327201114276157,0.1725115850101264
431,3.475638051,Barishal,Kharif 2,17.0,75.0,Cabbage,Sep,Oct to Jan,Feb,1498,24,10.0,60,90,,0.3272113771710582,0.4340767191947464,0.2533858903228801,0.12258981140000894,0.1904844619362955
307,3.267100977,Bhola,Kharif 2,17.0,75.0,Cabbage,Sep,Oct to Jan,Feb,1003,24,10.0,60,90,56.0,0.2334659055742139,0.33248760375253106,0.243217327760463,0.0975144306158075,0.0628187267415414
1056,6.039772727,Bogura,Kharif 2,17.0,75.0,Cabbage,Sep,Oct to Jan,Feb,6378,24,10.0,60,90,,0.2859644007903595,0.42946695056783024,0.3907901958771589,0.12436663504374781,0.1458454463723086
484,8.853305785,Brahmanbaria,Kharif 2,17.0,75.0,Cabbage,Sep,Oct to Jan,Feb,4285,24,10.0,60,90,54.0,0.2430711904191838,0.379372210014794,0.3909190194818471,0.08952558580036515,0.2231572914897405
334,4.329341317,Chandpur,Kharif 2,17.0,75.0,Cabbage,Sep,Oct to Jan,Feb,1446,24,10.0,60,90,,0.2851182395817753,0.4369676013836015,0.3913421262911484,0.1011169970318197,0.2156911286424974
830,4.457831325,Chapai Nawabganj,Kharif 2,17.0,75.0,Cabbage,Sep,Oct to Jan,Feb,3700,24,10.0,60,90,,0.2346338663805179,0.4515874574175408,0.4431037695451635,0.11514517273009026,0.3933928204975689
2025,5.399012346,Chattogram,Kharif 2,17.0,75.0,Cabbage,Sep,Oct to Jan,Feb,10933,24,10.0,60,90,,0.4368271330834088,0.5930570827009705,0.5031925773161925,0.08578184782860372,0.2472074271527324
1686,4.898576512,Chuadanga,Kharif 2,17.0,75.0,Cabbage,Sep,Oct to Jan,Feb,8259,24,10.0,60,90,,0.1390385944438268,0.5338204160155691,0.5937943182711736,0.17675483652412544,0.4048532779091586
313,3.766773163,CoxsBazar,Kharif 2,17.0,75.0,Cabbage,Sep,Oct to Jan,Feb,1179,24,10.0,60,90,55.0,0.2866525849958106,0.5125922646354157,0.4613461644922925,0.1010120812725795,0.3524293584290747
1133,6.350397176,Cumilla,Kharif 2,17.0,75.0,Cabbage,Sep,Oct to Jan,Feb,7195,24,10.0,60,90,,0.3487596083130284,0.5207346711919554,0.4346417753677448,0.124751240532614,0.2342026799041616
852,6,Dhaka,Kharif 2,17.0,75.0,Cabbage,Sep,Oct to Jan,Feb,5112,24,10.0,60,90,,0.3278518747499494,0.4025391035067098,0.344767292591086,0.05167178173736275,0.1617085368810471
2492,9.72070626,Dinajpur,Kharif 2,17.0,75.0,Cabbage,Sep,Oct to Jan,Feb,24224,24,10.0,60,90,,0.3510443820127166,0.46430665729859677,0.4042335990913202,0.15286004864746117,0.2318182627073085
579,2.813471503,Faridpur,Kharif 2,17.0,75.0,Cabbage,Sep,Oct to Jan,Feb,1629,24,10.0,60,90,,0.3607017999141199,0.46581909963220075,0.4746373619141085,0.08851332268215635,0.2343987436039652
92,6.141304348,Feni,Kharif 2,17.0,75.0,Cabbage,Sep,Oct to Jan,Feb,565,24,10.0,60,90,,0.3828643827818602,0.544457516553983,0.4589202557758623,0.1330775879277983,0.1727512973903106
492,6.048780488,Gaibandha,Kharif 2,17.0,75.0,Cabbage,Sep,Oct to Jan,Feb,2976,24,10.0,60,90,57.0,0.3094345807109266,0.37186769592776947,0.3434167606212545,0.11482816862634032,0.1862351151714448
933,7.663451233,Gazipur,Kharif 2,17.0,75.0,Cabbage,Sep,Oct to Jan,Feb,7150,24,10.0,60,90,,0.3255431189635358,0.5167863190544636,0.3482783737758274,0.11814325466447691,0.0798820916389187
626,5.707667732,Gopalganj,Kharif 2,17.0,75.0,Cabbage,Sep,Oct to Jan,Feb,3573,24,10.0,60,90,56.0,0.4792702295360826,0.529026673968755,0.4545933382146112,0.10319659943420882,0.373290152738146
539,7.779220779,Habiganj,Kharif 2,17.0,75.0,Cabbage,Sep,Oct to Jan,Feb,4193,24,10.0,60,90,,0.2399103651205681,0.37716684404687056,0.4730658538368976,0.11539182012690825,0.1548294209765824
1267,8.429360695,Jamalpur,Kharif 2,17.0,75.0,Cabbage,Sep,Oct to Jan,Feb,10680,24,10.0,60,90,,0.1827577072035731,0.45765483203573354,0.3849267622873427,0.13871592092489862,0.1648097082920677
5009,4.941106009,Jashore,Kharif 2,17.0,75.0,Cabbage,Sep,Oct to Jan,Feb,24750,24,10.0,60,90,,0.3838945484874524,0.5358066904658916,0.4688805230475235,0.11922140056187576,0.3289696423116384
279,3.279569892,Jhallokati,Kharif 2,17.0,75.0,Cabbage,Sep,Oct to Jan,Feb,915,24,10.0,60,90,,0.4988607970006209,0.6005942679656562,0.4152984185672557,0.14329377875522473,0.2577418454737988
1874,5.628601921,Jhenaidah,Kharif 2,17.0,75.0,Cabbage,Sep,Oct to Jan,Feb,10548,24,10.0,60,90,,0.3220885598782582,0.5386032459248588,0.5172636126901161,0.1524244195192417,0.3584825905341126
396,6.929292929,Joypurhat,Kharif 2,17.0,75.0,Cabbage,Sep,Oct to Jan,Feb,2744,24,10.0,60,90,64.0,0.3194107068979877,0.48071422293708926,0.4013493246727935,0.14463697659651806,0.1340678993163834
547,4.096892139,Khagrachari,Kharif 2,17.0,75.0,Cabbage,Sep,Oct to Jan,Feb,2241,24,10.0,60,90,54.0,0.3382196284333821,0.7523531282151398,0.6273542204861793,0.16959184566412666,0.5047117029912593
630,7.279365079,Khulna,Kharif 2,17.0,75.0,Cabbage,Sep,Oct to Jan,Feb,4586,24,10.0,60,90,59.0,0.4016941680534377,0.4964468929473915,0.4395870026247023,0.07516814858957135,0.2743240682666131
433,5.498845266,Kishoreganj,Kharif 2,17.0,75.0,Cabbage,Sep,Oct to Jan,Feb,2381,24,10.0,60,90,,0.0508200478358936,0.28332845830664877,0.4131448806084709,0.1282511547809467,0.0352614250669803
582,7.075601375,Kurigram,Kharif 2,17.0,75.0,Cabbage,Sep,Oct to Jan,Feb,4118,24,10.0,60,90,,0.339929306221639,0.376615982942657,0.294759011881437,0.0937100764967085,0.1600381274417598
994,6.142857143,Kushtia,Kharif 2,17.0,75.0,Cabbage,Sep,Oct to Jan,Feb,6106,24,10.0,60,90,,0.2595401427302436,0.47777950934194735,0.5144873456235682,0.13246111615345785,0.301738590217574
167,4.54491018,Lakshmipur,Kharif 2,17.0,75.0,Cabbage,Sep,Oct to Jan,Feb,759,24,10.0,60,90,56.0,0.2352361031462211,0.4389469234193376,0.329965698770968,0.13037176969609657,0.1735118910859101
1097,8.84958979,Lalmonirhat,Kharif 2,17.0,75.0,Cabbage,Sep,Oct to Jan,Feb,9708,24,10.0,60,90,,0.4453238905714439,0.4369287393176031,0.4948821771436415,0.0959878686913291,0.2845360775211245
60,5.35,Madaripur,Kharif 2,17.0,75.0,Cabbage,Sep,Oct to Jan,Feb,321,24,10.0,60,90,56.0,0.4063651096234308,0.47238526807606473,0.434792084871636,0.07410296980832386,0.2382060091531424
212,4.287735849,Magura,Kharif 2,17.0,75.0,Cabbage,Sep,Oct to Jan,Feb,909,24,10.0,60,90,61.0,0.3522418035026976,0.5210089892312448,0.4803835186927634,0.13435478454074143,0.2250636941149401
518,5.513513514,Manikganj,Kharif 2,17.0,75.0,Cabbage,Sep,Oct to Jan,Feb,2856,24,10.0,60,90,,0.4114178092969235,0.41157941721564406,0.1994612868881428,0.08846588136135812,0.1812878463667706
1807,12.76425014,Meherpur,Kharif 2,17.0,75.0,Cabbage,Sep,Oct to Jan,Feb,23065,24,10.0,60,90,65.0,0.1259660232378597,0.5555894822658134,0.6363343859653814,0.1966232802777951,0.3930040447526618
435,5.593103448,Moulvibazar,Kharif 2,17.0,75.0,Cabbage,Sep,Oct to Jan,Feb,2433,24,10.0,60,90,,0.4082711888182118,0.5000653358579903,0.4889183454377723,0.08606855415697863,0.2298372609953658
494,3.170040486,Munshiganj,Kharif 2,17.0,75.0,Cabbage,Sep,Oct to Jan,Feb,1566,24,10.0,60,90,,0.31340565567292,0.4003626463626706,0.521983445304389,0.08836744355197203,0.1325143943009333
2640,8.433712121,Mymensingh,Kharif 2,17.0,75.0,Cabbage,Sep,Oct to Jan,Feb,22265,24,10.0,60,90,,0.4943108635282229,0.4839976257222372,0.2832779421973829,0.165605437803241,0.1389876607018474
1218,6.646962233,Naogaon,Kharif 2,17.0,75.0,Cabbage,Sep,Oct to Jan,Feb,8096,24,10.0,60,90,,0.3298349904608932,0.44514623273913834,0.3741281428245409,0.14010775701142766,0.2610506888737964
357,5.473389356,Narail,Kharif 2,17.0,75.0,Cabbage,Sep,Oct to Jan,Feb,1954,24,10.0,60,90,58.0,0.3795905639419704,0.4932892249349882,0.4757956922331443,0.10284030525116103,0.294056796049288
389,3.804627249,Narayanganj,Kharif 2,17.0,75.0,Cabbage,Sep,Oct to Jan,Feb,1480,24,10.0,60,90,,0.3114359236632746,0.401486330347576,0.3254064295331264,0.06493029332406818,0.2055703158072168
253,4.225296443,Narsingdi,Kharif 2,17.0,75.0,Cabbage,Sep,Oct to Jan,Feb,1069,24,10.0,60,90,,0.3858671860931894,0.4711037587980734,0.387696320210425,0.08045380080086686,0.2212477349859281
667,7.625187406,Natore,Kharif 2,17.0,75.0,Cabbage,Sep,Oct to Jan,Feb,5086,24,10.0,60,90,,0.1449640755138761,0.46831118884985484,0.5612003405949629,0.17572394005350533,0.2497972959779298
421,6.722090261,Netrokona,Kharif 2,17.0,75.0,Cabbage,Sep,Oct to Jan,Feb,2830,24,10.0,60,90,,0.3045873133388933,0.347941768240876,0.3702446184726372,0.076400423318619,0.1097388440365386
1426,10.77068724,Nilphamari,Kharif 2,17.0,75.0,Cabbage,Sep,Oct to Jan,Feb,15359,24,10.0,60,90,,0.4439194600915765,0.4518281011072953,0.446760339331025,0.11750308575111662,0.2971558927059972
298,4.003355705,Noakhali,Kharif 2,17.0,75.0,Cabbage,Sep,Oct to Jan,Feb,1193,24,10.0,60,90,55.0,0.2611398897351406,0.4974857261330203,0.4522745592492853,0.13016265445927308,0.1463623264955313
1206,7.55721393,Pabna,Kharif 2,17.0,75.0,Cabbage,Sep,Oct to Jan,Feb,9114,24,10.0,60,90,,0.2688296958156423,0.4729346005025685,0.4649989728650389,0.10397443755295822,0.2655064359584098
946,5.808668076,Panchagar,Kharif 2,17.0,75.0,Cabbage,Sep,Oct to Jan,Feb,5495,24,10.0,60,90,,0.3210316931496211,0.4598489532400422,0.4220167525726432,0.1560949585042316,0.369401739785313
103,3.737864078,Patuakhali,Kharif 2,17.0,75.0,Cabbage,Sep,Oct to Jan,Feb,385,24,10.0,60,90,,0.3662096619113779,0.4904075483727699,0.2752790517888959,0.1590359214163434,0.1003055359864112
487,3.205338809,Pirojpur,Kharif 2,17.0,75.0,Cabbage,Sep,Oct to Jan,Feb,1561,24,10.0,60,90,57.0,0.4734452905350293,0.575949945031907,0.3932548344744789,0.12870401817940916,0.2624382760227538
1190,6.742016807,Rajbari,Kharif 2,17.0,75.0,Cabbage,Sep,Oct to Jan,Feb,8023,24,10.0,60,90,60.0,0.3411103169038733,0.4390261761069717,0.445050413155566,0.09745728025973632,0.1969779583846395
1617,9.176252319,Rajshahi,Kharif 2,17.0,75.0,Cabbage,Sep,Oct to Jan,Feb,14838,24,10.0,60,90,65.0,0.2171911759580277,0.43228254135508054,0.4500902862447303,0.1208369936348942,0.3234410436367065
307,4.631921824,Rangamati,Kharif 2,17.0,75.0,Cabbage,Sep,Oct to Jan,Feb,1422,24,10.0,60,90,,0.407467011061289,0.7143734039998899,0.6310743550546144,0.1261677508697965,0.3966247743805545
2072,6.564671815,Rangpur,Kharif 2,17.0,75.0,Cabbage,Sep,Oct to Jan,Feb,13602,24,10.0,60,90,59.0,0.4118453959149274,0.4573713380043351,0.4282935836855661,0.14713970979522997,0.2587256418101652
1041,7.923150817,Satkhira,Kharif 2,17.0,75.0,Cabbage,Sep,Oct to Jan,Feb,8248,24,10.0,60,90,59.0,0.2954937434231568,0.46316078494198115,0.416821054986026,0.08102957454291844,0.2608332964740397
112,14.09821429,Shariatpur,Kharif 2,17.0,75.0,Cabbage,Sep,Oct to Jan,Feb,1579,24,10.0,60,90,55.0,0.337774879445382,0.4247894059813301,0.391216738930908,0.06487220628435623,0.3060714061064356
717,8.193863319,Sherpur,Kharif 2,17.0,75.0,Cabbage,Sep,Oct to Jan,Feb,5875,24,10.0,60,90,,0.3417866673453712,0.49101318527295057,0.355035413839545,0.15468607485541516,0.2004443254985731
755,6.901986755,Sirajganj,Kharif 2,17.0,75.0,Cabbage,Sep,Oct to Jan,Feb,5211,24,10.0,60,90,,0.1714208140792081,0.37396876398978396,0.3198299670185812,0.08798901245943389,0.1185287326216384
593,9.822934233,Sunamganj,Kharif 2,17.0,75.0,Cabbage,Sep,Oct to Jan,Feb,5825,24,10.0,60,90,54.0,0.0062517479924633,0.1953373400924523,0.5312190703372729,0.18561055307730134,0.0096036979545399
899,6.165739711,Sylhet,Kharif 2,17.0,75.0,Cabbage,Sep,Oct to Jan,Feb,5543,24,10.0,60,90,54.0,0.3776845712197997,0.44734678373085224,0.4606201196420315,0.06487161055072742,0.1775812226237738
1612,10.19230769,Tangail,Kharif 2,17.0,75.0,Cabbage,Sep,Oct to Jan,Feb,16430,24,10.0,60,90,60.0,0.3358840930816195,0.4904384680870975,0.2360260118339428,0.13514905080019882,0.1591988119601507
706,7.804532578,Thakurgaon,Kharif 2,17.0,75.0,Cabbage,Sep,Oct to Jan,Feb,5510,24,10.0,60,90,,0.3582324259138552,0.47177669711380404,0.532704520344867,0.13420462185402543,0.3826151757848311
45,2.088888889,Bagerhat,Kharif 2,18.0,66.5,Carrot,Oct,Nov to Feb,March,94,21,15.0,47,86,57.0,0.5549719290375441,0.5243834733222952,0.5711876241926808,0.05972596314000151,0.4868351131875976
4,1.25,Bandarban,Kharif 2,18.0,66.5,Carrot,Oct,Nov to Feb,March,5,21,15.0,47,86,55.0,0.7430366041768727,0.744352203881547,0.5676824803630925,0.07887707624298326,0.3862715233777672
24,1.916666667,Barguna,Kharif 2,18.0,66.5,Carrot,Oct,Nov to Feb,March,46,21,15.0,47,86,57.0,0.5890323017558614,0.44434862256962204,0.3352139518717137,0.1526401119449529,0.3310758402525957
0,#DIV/0!,Barishal,Kharif 2,18.0,66.5,Carrot,Oct,Nov to Feb,March,0,21,15.0,47,86,,0.5411183729753246,0.36214359853163525,0.43248229774155,0.11997257184183374,0.3272113771710582
110,2.790909091,Bhola,Kharif 2,18.0,66.5,Carrot,Oct,Nov to Feb,March,307,21,15.0,47,86,56.0,0.4215271980368956,0.2879101361834229,0.3010654880049462,0.09187880701418917,0.2334659055742139
148,5.5,Bogura,Kharif 2,18.0,66.5,Carrot,Oct,Nov to Feb,March,814,21,15.0,47,86,,0.6043189721273731,0.37608475650527673,0.5031143822226227,0.11618432517234287,0.2859644007903595
21,1.523809524,Brahmanbaria,Kharif 2,18.0,66.5,Carrot,Oct,Nov to Feb,March,32,21,15.0,47,86,54.0,0.4183456917031,0.3725155419594808,0.6120203918074798,0.11685612034566988,0.2430711904191838
21,4.047619048,Chandpur,Kharif 2,18.0,66.5,Carrot,Oct,Nov to Feb,March,85,21,15.0,47,86,,0.5270362529660546,0.40304406971487505,0.4859674573852385,0.08598078868236562,0.2851182395817753
0,#DIV/0!,Chapai Nawabganj,Kharif 2,18.0,66.5,Carrot,Oct,Nov to Feb,March,0,21,15.0,47,86,,0.5494797758461835,0.42499345584228587,0.5329944189746634,0.08177323998412978,0.2346338663805179
50,3.46,Chattogram,Kharif 2,18.0,66.5,Carrot,Oct,Nov to Feb,March,173,21,15.0,47,86,,0.6563726676016034,0.5547620601296177,0.4802903771854044,0.0753016228135494,0.4368271330834088
73,3.739726027,Chuadanga,Kharif 2,18.0,66.5,Carrot,Oct,Nov to Feb,March,273,21,15.0,47,86,,0.6058950868858013,0.530795223861912,0.6064678529651709,0.06540282128863378,0.1390385944438268
6,1.666666667,CoxsBazar,Kharif 2,18.0,66.5,Carrot,Oct,Nov to Feb,March,10,21,15.0,47,86,55.0,0.5920513052550939,0.4799159794447154,0.4628693746612334,0.05205196062571201,0.2866525849958106
10,2.5,Cumilla,Kharif 2,18.0,66.5,Carrot,Oct,Nov to Feb,March,25,21,15.0,47,86,,0.6260474113432829,0.47288326219807086,0.5910383419566766,0.11334887668002552,0.3487596083130284
412,7.410194175,Dhaka,Kharif 2,18.0,66.5,Carrot,Oct,Nov to Feb,March,3053,21,15.0,47,86,,0.42014379344061,0.3836949782943288,0.4340019668066029,0.048105025749108334,0.3278518747499494
161,2.118012422,Dinajpur,Kharif 2,18.0,66.5,Carrot,Oct,Nov to Feb,March,341,21,15.0,47,86,,0.6968213826970469,0.3911597113971651,0.5768919544682428,0.15570871026658792,0.3510443820127166
32,2,Faridpur,Kharif 2,18.0,66.5,Carrot,Oct,Nov to Feb,March,64,21,15.0,47,86,,0.5571700752994787,0.44518592128585815,0.5101997893014788,0.07895180352225327,0.3607017999141199
0,#DIV/0!,Feni,Kharif 2,18.0,66.5,Carrot,Oct,Nov to Feb,March,0,21,15.0,47,86,,0.6864048324722554,0.48758637237988467,0.5023790786684436,0.11972559207637044,0.3828643827818602
161,2.155279503,Gaibandha,Kharif 2,18.0,66.5,Carrot,Oct,Nov to Feb,March,347,21,15.0,47,86,57.0,0.5191748931888249,0.3279281627858769,0.5052634601391561,0.12598822154354994,0.3094345807109266
53,3.811320755,Gazipur,Kharif 2,18.0,66.5,Carrot,Oct,Nov to Feb,March,202,21,15.0,47,86,,0.5223462850901985,0.4732693412258707,0.5111937838721802,0.09976449889480261,0.3255431189635358
0,#DIV/0!,Gopalganj,Kharif 2,18.0,66.5,Carrot,Oct,Nov to Feb,March,0,21,15.0,47,86,56.0,0.6266318567705287,0.4860170443297757,0.6330877335678394,0.11315909827907045,0.4792702295360826
0,#DIV/0!,Habiganj,Kharif 2,18.0,66.5,Carrot,Oct,Nov to Feb,March,0,21,15.0,47,86,,0.45889587481196,0.380709338803105,0.6014605348999472,0.12746962406389875,0.2399103651205681
290,4.182758621,Jamalpur,Kharif 2,18.0,66.5,Carrot,Oct,Nov to Feb,March,1213,21,15.0,47,86,,0.5680638462794619,0.4118705610377037,0.5278123755787749,0.09560714406596538,0.1827577072035731
142,3.373239437,Jashore,Kharif 2,18.0,66.5,Carrot,Oct,Nov to Feb,March,479,21,15.0,47,86,,0.7028498240366357,0.4773143652186135,0.6067794453589154,0.11046041518530311,0.3838945484874524
0,#DIV/0!,Jhallokati,Kharif 2,18.0,66.5,Carrot,Oct,Nov to Feb,March,0,21,15.0,47,86,,0.6984104731100329,0.5298162543299618,0.5179106140943847,0.1420665750615579,0.4988607970006209
62,3.451612903,Jhenaidah,Kharif 2,18.0,66.5,Carrot,Oct,Nov to Feb,March,214,21,15.0,47,86,,0.7437649112435227,0.4819779212865072,0.6072717913709762,0.12888642550736648,0.3220885598782582
46,3.760869565,Joypurhat,Kharif 2,18.0,66.5,Carrot,Oct,Nov to Feb,March,173,21,15.0,47,86,64.0,0.6950315134846194,0.4072936757341328,0.4871203122169448,0.13220277732383232,0.3194107068979877
10,2,Khagrachari,Kharif 2,18.0,66.5,Carrot,Oct,Nov to Feb,March,20,21,15.0,47,86,54.0,0.7650947268938538,0.7179180016132212,0.5737845474176946,0.0863391472914,0.3382196284333821
22,1.954545455,Khulna,Kharif 2,18.0,66.5,Carrot,Oct,Nov to Feb,March,43,21,15.0,47,86,59.0,0.5520675878443635,0.4683267466424762,0.4979323952822052,0.06722408947529128,0.4016941680534377
40,3.125,Kishoreganj,Kharif 2,18.0,66.5,Carrot,Oct,Nov to Feb,March,125,21,15.0,47,86,,0.1918684324560693,0.3386475703447491,0.6380676429483706,0.1527394991891828,0.0508200478358936
76,2.118421053,Kurigram,Kharif 2,18.0,66.5,Carrot,Oct,Nov to Feb,March,161,21,15.0,47,86,,0.4923091315654682,0.3272284530216492,0.4446969686649252,0.09950625139097681,0.339929306221639
93,3.182795699,Kushtia,Kharif 2,18.0,66.5,Carrot,Oct,Nov to Feb,March,296,21,15.0,47,86,,0.6262090914547398,0.44984907288415454,0.5026391517689011,0.09547757938265868,0.2595401427302436
3,2.333333333,Lakshmipur,Kharif 2,18.0,66.5,Carrot,Oct,Nov to Feb,March,7,21,15.0,47,86,56.0,0.5253667671733465,0.39009665631874296,0.4099483108021562,0.10719122428326654,0.2352361031462211
101,3.821782178,Lalmonirhat,Kharif 2,18.0,66.5,Carrot,Oct,Nov to Feb,March,386,21,15.0,47,86,,0.6005631769723303,0.41050848936043094,0.5685270716402814,0.1077602655305911,0.4453238905714439
0,#DIV/0!,Madaripur,Kharif 2,18.0,66.5,Carrot,Oct,Nov to Feb,March,0,21,15.0,47,86,56.0,0.5680438314099354,0.4390723314414899,0.5126870864671587,0.07281468335399495,0.4063651096234308
22,3.454545455,Magura,Kharif 2,18.0,66.5,Carrot,Oct,Nov to Feb,March,76,21,15.0,47,86,61.0,0.7173624754929421,0.4617642500312002,0.5805999045721482,0.12047601774437329,0.3522418035026976
1288,6.946428571,Manikganj,Kharif 2,18.0,66.5,Carrot,Oct,Nov to Feb,March,8947,21,15.0,47,86,,0.4193839512009965,0.35659875113743067,0.4337041495265221,0.09068046958183991,0.4114178092969235
33,5.212121212,Meherpur,Kharif 2,18.0,66.5,Carrot,Oct,Nov to Feb,March,172,21,15.0,47,86,65.0,0.6557736174550848,0.5507296743933876,0.5708640413836734,0.07444459084869585,0.1259660232378597
7,5,Moulvibazar,Kharif 2,18.0,66.5,Carrot,Oct,Nov to Feb,March,35,21,15.0,47,86,,0.5081293337700128,0.4952625887749301,0.5076200516171026,0.0780177978799588,0.4082711888182118
0,#DIV/0!,Munshiganj,Kharif 2,18.0,66.5,Carrot,Oct,Nov to Feb,March,0,21,15.0,47,86,,0.4799755728266007,0.4108646144821177,0.4965979715632833,0.08128196985257373,0.31340565567292
210,3.447619048,Mymensingh,Kharif 2,18.0,66.5,Carrot,Oct,Nov to Feb,March,724,21,15.0,47,86,,0.6661036234448312,0.3882912054103752,0.5686833849186683,0.17204044713343142,0.4943108635282229
68,4.764705882,Naogaon,Kharif 2,18.0,66.5,Carrot,Oct,Nov to Feb,March,324,21,15.0,47,86,,0.6437611050179507,0.37773799219078585,0.6201124466265265,0.15456583012200945,0.3298349904608932
30,2.366666667,Narail,Kharif 2,18.0,66.5,Carrot,Oct,Nov to Feb,March,71,21,15.0,47,86,58.0,0.6251097875564693,0.455960701104157,0.574803629810534,0.09877581473228542,0.3795905639419704
47,1.893617021,Narayanganj,Kharif 2,18.0,66.5,Carrot,Oct,Nov to Feb,March,89,21,15.0,47,86,,0.3876193728015197,0.38593309453047764,0.4347229780450177,0.06061232506770721,0.3114359236632746
1,1,Narsingdi,Kharif 2,18.0,66.5,Carrot,Oct,Nov to Feb,March,1,21,15.0,47,86,,0.4212772529102456,0.46270852562311826,0.5675183682230315,0.08843812516016782,0.3858671860931894
63,3.222222222,Natore,Kharif 2,18.0,66.5,Carrot,Oct,Nov to Feb,March,203,21,15.0,47,86,,0.6270773846150153,0.4518419278448418,0.6157551872850959,0.11900086891195562,0.1449640755138761
10,3,Netrokona,Kharif 2,18.0,66.5,Carrot,Oct,Nov to Feb,March,30,21,15.0,47,86,,0.3798255718688024,0.3455465298918347,0.638234140226114,0.13810363891440708,0.3045873133388933
108,3.75,Nilphamari,Kharif 2,18.0,66.5,Carrot,Oct,Nov to Feb,March,405,21,15.0,47,86,,0.653377154092829,0.4001738974168444,0.604066391741781,0.13309172031492777,0.4439194600915765
25,2.92,Noakhali,Kharif 2,18.0,66.5,Carrot,Oct,Nov to Feb,March,73,21,15.0,47,86,55.0,0.5743616085661583,0.466963963803802,0.4854136963654465,0.09128357958863313,0.2611398897351406
439,7.544419134,Pabna,Kharif 2,18.0,66.5,Carrot,Oct,Nov to Feb,March,3312,21,15.0,47,86,,0.576205463230183,0.4451329779112825,0.5026473561162811,0.06433031124661054,0.2688296958156423
201,3.243781095,Panchagar,Kharif 2,18.0,66.5,Carrot,Oct,Nov to Feb,March,652,21,15.0,47,86,,0.7131991955629091,0.38705334249247575,0.4949864884497696,0.14764296359425697,0.3210316931496211
0,#DIV/0!,Patuakhali,Kharif 2,18.0,66.5,Carrot,Oct,Nov to Feb,March,1,21,15.0,47,86,,0.6209295032125958,0.4039949355168449,0.3271561678385286,0.1631051993156744,0.3662096619113779
0,#DIV/0!,Pirojpur,Kharif 2,18.0,66.5,Carrot,Oct,Nov to Feb,March,0,21,15.0,47,86,57.0,0.6644367573268926,0.5081544643188036,0.5271361118307798,0.12595472209252803,0.4734452905350293
52,3.923076923,Rajbari,Kharif 2,18.0,66.5,Carrot,Oct,Nov to Feb,March,204,21,15.0,47,86,60.0,0.583792751193523,0.4043405915974824,0.4806919129357807,0.09018471595093816,0.3411103169038733
112,4.660714286,Rajshahi,Kharif 2,18.0,66.5,Carrot,Oct,Nov to Feb,March,522,21,15.0,47,86,65.0,0.5638042771009885,0.40385404364101596,0.4771080227246705,0.0831695951415607,0.2171911759580277
0,#DIV/0!,Rangamati,Kharif 2,18.0,66.5,Carrot,Oct,Nov to Feb,March,0,21,15.0,47,86,,0.7267932608407919,0.6904436775533455,0.4965180374554424,0.09286763087443722,0.407467011061289
211,2.545023697,Rangpur,Kharif 2,18.0,66.5,Carrot,Oct,Nov to Feb,March,537,21,15.0,47,86,59.0,0.6744499663546515,0.3958322423370637,0.5272187009814302,0.1494704689625681,0.4118453959149274
92,3.836956522,Satkhira,Kharif 2,18.0,66.5,Carrot,Oct,Nov to Feb,March,353,21,15.0,47,86,59.0,0.5293331106485334,0.4350327710263543,0.4835354065029546,0.05030434051973149,0.2954937434231568
14,3.214285714,Shariatpur,Kharif 2,18.0,66.5,Carrot,Oct,Nov to Feb,March,45,21,15.0,47,86,55.0,0.5050903206312234,0.3963210105562512,0.4511789681561877,0.05758791993940459,0.337774879445382
161,3.763975155,Sherpur,Kharif 2,18.0,66.5,Carrot,Oct,Nov to Feb,March,606,21,15.0,47,86,,0.662903433290502,0.41404618041021135,0.6297376902178687,0.1613508601843313,0.3417866673453712
65,4.215384615,Sirajganj,Kharif 2,18.0,66.5,Carrot,Oct,Nov to Feb,March,274,21,15.0,47,86,,0.4306876986901167,0.34625433107190007,0.4737362339881535,0.0604525588020648,0.1714208140792081
18,2.055555556,Sunamganj,Kharif 2,18.0,66.5,Carrot,Oct,Nov to Feb,March,37,21,15.0,47,86,54.0,0.0714833095098531,0.31027128029930723,0.6219959069450288,0.21223609126473966,0.0062517479924633
48,3.854166667,Sylhet,Kharif 2,18.0,66.5,Carrot,Oct,Nov to Feb,March,185,21,15.0,47,86,54.0,0.4585160647406363,0.44787279745620107,0.4933672733095434,0.06041635898250689,0.3776845712197997
102,3.31372549,Tangail,Kharif 2,18.0,66.5,Carrot,Oct,Nov to Feb,March,338,21,15.0,47,86,60.0,0.5962526033050995,0.40038182021930835,0.5155877071618177,0.1320508488727964,0.3358840930816195
81,4.296296296,Thakurgaon,Kharif 2,18.0,66.5,Carrot,Oct,Nov to Feb,March,348,21,15.0,47,86,,0.6913470028229801,0.43211607649427575,0.5465011801065398,0.12660200620312864,0.3582324259138552
470,5.34893617,Bagerhat,Kharif 2,19.0,77.5,Cauliflower,Sep,Nov to Jan,Feb,2514,30,8.0,70,85,57.0,0.4868351131875976,0.5214866107412172,0.533074061065529,0.06487650564982345,0.36797252036576
278,2.81294964,Bandarban,Kharif 2,19.0,77.5,Cauliflower,Sep,Nov to Jan,Feb,782,30,8.0,70,85,55.0,0.3862715233777672,0.7650901609400954,0.6821383327059017,0.16412743421884907,0.4875178800779642
150,2.68,Barguna,Kharif 2,19.0,77.5,Cauliflower,Sep,Nov to Jan,Feb,402,30,8.0,70,85,57.0,0.3310758402525957,0.4954436335309607,0.291063589685606,0.15340019236742677,0.1725115850101264
459,2.169934641,Barishal,Kharif 2,19.0,77.5,Cauliflower,Sep,Nov to Jan,Feb,996,30,8.0,70,85,,0.3272113771710582,0.3983961679345536,0.2533858903228801,0.10761427674828511,0.1904844619362955
291,3.446735395,Bhola,Kharif 2,19.0,77.5,Cauliflower,Sep,Nov to Jan,Feb,1003,30,8.0,70,85,56.0,0.2334659055742139,0.3028077389910762,0.243217327760463,0.08680969083549557,0.0628187267415414
1112,4.705935252,Bogura,Kharif 2,19.0,77.5,Cauliflower,Sep,Nov to Jan,Feb,5233,30,8.0,70,85,,0.2859644007903595,0.371182943381316,0.3907901958771589,0.08185252957829643,0.1458454463723086
930,7.101075269,Brahmanbaria,Kharif 2,19.0,77.5,Cauliflower,Sep,Nov to Jan,Feb,6604,30,8.0,70,85,54.0,0.2430711904191838,0.3663810494520254,0.3909190194818471,0.09458832428853003,0.2231572914897405
287,3.588850174,Chandpur,Kharif 2,19.0,77.5,Cauliflower,Sep,Nov to Jan,Feb,1030,30,8.0,70,85,,0.2851182395817753,0.4069447175227839,0.3913421262911484,0.09079373201628578,0.2156911286424974
833,3.408163265,Chapai Nawabganj,Kharif 2,19.0,77.5,Cauliflower,Sep,Nov to Jan,Feb,2839,30,8.0,70,85,,0.2346338663805179,0.4189566846079933,0.4431037695451635,0.10520345775203055,0.3933928204975689
1969,4.482478415,Chattogram,Kharif 2,19.0,77.5,Cauliflower,Sep,Nov to Jan,Feb,8826,30,8.0,70,85,,0.4368271330834088,0.5719518877340929,0.5031925773161925,0.07702369121208313,0.2472074271527324
1873,3.134543513,Chuadanga,Kharif 2,19.0,77.5,Cauliflower,Sep,Nov to Jan,Feb,5871,30,8.0,70,85,,0.1390385944438268,0.5097955257254916,0.5937943182711736,0.18478950075631928,0.4048532779091586
336,3.633928571,CoxsBazar,Kharif 2,19.0,77.5,Cauliflower,Sep,Nov to Jan,Feb,1221,30,8.0,70,85,55.0,0.2866525849958106,0.48610591776218975,0.4613461644922925,0.0895400527425366,0.3524293584290747
1677,4.844364937,Cumilla,Kharif 2,19.0,77.5,Cauliflower,Sep,Nov to Jan,Feb,8124,30,8.0,70,85,,0.3487596083130284,0.4856304244748462,0.4346417753677448,0.11337363625658123,0.2342026799041616
985,9.72284264,Dhaka,Kharif 2,19.0,77.5,Cauliflower,Sep,Nov to Jan,Feb,9577,30,8.0,70,85,,0.3278518747499494,0.39667087352874303,0.344767292591086,0.053526508172084555,0.1617085368810471
3095,7.099192246,Dinajpur,Kharif 2,19.0,77.5,Cauliflower,Sep,Nov to Jan,Feb,21972,30,8.0,70,85,,0.3510443820127166,0.3868017488324467,0.4042335990913202,0.09331739353920597,0.2318182627073085
666,3.845345345,Faridpur,Kharif 2,19.0,77.5,Cauliflower,Sep,Nov to Jan,Feb,2561,30,8.0,70,85,,0.3607017999141199,0.43536877440977473,0.4746373619141085,0.07957876495040081,0.2343987436039652
124,2.064516129,Feni,Kharif 2,19.0,77.5,Cauliflower,Sep,Nov to Jan,Feb,256,30,8.0,70,85,,0.3828643827818602,0.49714174458122545,0.4589202557758623,0.10988834550208755,0.1727512973903106
487,5.164271047,Gaibandha,Kharif 2,19.0,77.5,Cauliflower,Sep,Nov to Jan,Feb,2515,30,8.0,70,85,57.0,0.3094345807109266,0.322765296840751,0.3434167606212545,0.09254427164136764,0.1862351151714448
757,7.071334214,Gazipur,Kharif 2,19.0,77.5,Cauliflower,Sep,Nov to Jan,Feb,5353,30,8.0,70,85,,0.3255431189635358,0.5149329970425519,0.3482783737758274,0.12711995912700852,0.0798820916389187
425,4.76,Gopalganj,Kharif 2,19.0,77.5,Cauliflower,Sep,Nov to Jan,Feb,2023,30,8.0,70,85,56.0,0.4792702295360826,0.4964916130348305,0.4545933382146112,0.09546312738418265,0.373290152738146
370,5.421621622,Habiganj,Kharif 2,19.0,77.5,Cauliflower,Sep,Nov to Jan,Feb,2006,30,8.0,70,85,,0.2399103651205681,0.34992383379184083,0.4730658538368976,0.11953215297062203,0.1548294209765824
2876,3.85605007,Jamalpur,Kharif 2,19.0,77.5,Cauliflower,Sep,Nov to Jan,Feb,11090,30,8.0,70,85,,0.1827577072035731,0.42085182728782405,0.3849267622873427,0.12470150546185554,0.1648097082920677
1966,4.650559512,Jashore,Kharif 2,19.0,77.5,Cauliflower,Sep,Nov to Jan,Feb,9143,30,8.0,70,85,,0.3838945484874524,0.48012564594231016,0.4688805230475235,0.07308574865265156,0.3289696423116384
196,2.734693878,Jhallokati,Kharif 2,19.0,77.5,Cauliflower,Sep,Nov to Jan,Feb,536,30,8.0,70,85,,0.4988607970006209,0.5679888662508639,0.4152984185672557,0.13893099118952495,0.2577418454737988
1668,5.239208633,Jhenaidah,Kharif 2,19.0,77.5,Cauliflower,Sep,Nov to Jan,Feb,8739,30,8.0,70,85,,0.3220885598782582,0.47021602415197084,0.5172636126901161,0.1051798338051754,0.3584825905341126
323,5.253869969,Joypurhat,Kharif 2,19.0,77.5,Cauliflower,Sep,Nov to Jan,Feb,1697,30,8.0,70,85,64.0,0.3194107068979877,0.40927512608791256,0.4013493246727935,0.0820343270386758,0.1340678993163834
475,3.288421053,Khagrachari,Kharif 2,19.0,77.5,Cauliflower,Sep,Nov to Jan,Feb,1562,30,8.0,70,85,54.0,0.3382196284333821,0.7481059286555686,0.6273542204861793,0.1810908593117954,0.5047117029912593
604,5.427152318,Khulna,Kharif 2,19.0,77.5,Cauliflower,Sep,Nov to Jan,Feb,3278,30,8.0,70,85,59.0,0.4016941680534377,0.47790666131506754,0.4395870026247023,0.07141345519071758,0.2743240682666131
598,6.011705686,Kishoreganj,Kharif 2,19.0,77.5,Cauliflower,Sep,Nov to Jan,Feb,3595,30,8.0,70,85,,0.0508200478358936,0.31381513359017527,0.4131448806084709,0.13748566579358398,0.0352614250669803
916,6.942139738,Kurigram,Kharif 2,19.0,77.5,Cauliflower,Sep,Nov to Jan,Feb,6359,30,8.0,70,85,,0.339929306221639,0.33805160006838664,0.294759011881437,0.07397923964487388,0.1600381274417598
863,4.945538818,Kushtia,Kharif 2,19.0,77.5,Cauliflower,Sep,Nov to Jan,Feb,4268,30,8.0,70,85,,0.2595401427302436,0.4283029819710166,0.5144873456235682,0.11114833694513467,0.301738590217574
175,2.314285714,Lakshmipur,Kharif 2,19.0,77.5,Cauliflower,Sep,Nov to Jan,Feb,405,30,8.0,70,85,56.0,0.2352361031462211,0.41014030883466795,0.329965698770968,0.1244523953470083,0.1735118910859101
1803,7.830282862,Lalmonirhat,Kharif 2,19.0,77.5,Cauliflower,Sep,Nov to Jan,Feb,14118,30,8.0,70,85,,0.4453238905714439,0.3823839267660274,0.4948821771436415,0.06732924223267181,0.2845360775211245
54,4.944444444,Madaripur,Kharif 2,19.0,77.5,Cauliflower,Sep,Nov to Jan,Feb,267,30,8.0,70,85,56.0,0.4063651096234308,0.44049908029810786,0.434792084871636,0.05512059265249103,0.2382060091531424
214,3.429906542,Magura,Kharif 2,19.0,77.5,Cauliflower,Sep,Nov to Jan,Feb,734,30,8.0,70,85,61.0,0.3522418035026976,0.45555782714401244,0.4803835186927634,0.08075102175647922,0.2250636941149401
685,5.321167883,Manikganj,Kharif 2,19.0,77.5,Cauliflower,Sep,Nov to Jan,Feb,3645,30,8.0,70,85,,0.4114178092969235,0.40897790588719335,0.1994612868881428,0.09603798802564364,0.1812878463667706
884,9.90158371,Meherpur,Kharif 2,19.0,77.5,Cauliflower,Sep,Nov to Jan,Feb,8753,30,8.0,70,85,65.0,0.1259660232378597,0.5221947705360562,0.6363343859653814,0.20200327463355955,0.3930040447526618
375,4.64,Moulvibazar,Kharif 2,19.0,77.5,Cauliflower,Sep,Nov to Jan,Feb,1740,30,8.0,70,85,,0.4082711888182118,0.4973773365539827,0.4889183454377723,0.09523086460304371,0.2298372609953658
888,3.031531532,Munshiganj,Kharif 2,19.0,77.5,Cauliflower,Sep,Nov to Jan,Feb,2692,30,8.0,70,85,,0.31340565567292,0.3738250042080273,0.521983445304389,0.09014153587676062,0.1325143943009333
1717,9.880605708,Mymensingh,Kharif 2,19.0,77.5,Cauliflower,Sep,Nov to Jan,Feb,16965,30,8.0,70,85,,0.4943108635282229,0.4232956264813726,0.2832779421973829,0.14339852021692073,0.1389876607018474
1382,6.487698987,Naogaon,Kharif 2,19.0,77.5,Cauliflower,Sep,Nov to Jan,Feb,8966,30,8.0,70,85,,0.3298349904608932,0.37894127531286753,0.3741281428245409,0.09334489668006234,0.2610506888737964
418,3.581339713,Narail,Kharif 2,19.0,77.5,Cauliflower,Sep,Nov to Jan,Feb,1497,30,8.0,70,85,58.0,0.3795905639419704,0.44934903739449455,0.4757956922331443,0.07832209853382768,0.294056796049288
507,3.362919132,Narayanganj,Kharif 2,19.0,77.5,Cauliflower,Sep,Nov to Jan,Feb,1705,30,8.0,70,85,,0.3114359236632746,0.40610864952959475,0.3254064295331264,0.0721984707963722,0.2055703158072168
407,4.302211302,Narsingdi,Kharif 2,19.0,77.5,Cauliflower,Sep,Nov to Jan,Feb,1751,30,8.0,70,85,,0.3858671860931894,0.48771259409401607,0.387696320210425,0.08915997345627034,0.2212477349859281
706,7.478753541,Natore,Kharif 2,19.0,77.5,Cauliflower,Sep,Nov to Jan,Feb,5280,30,8.0,70,85,,0.1449640755138761,0.41538912359480146,0.5612003405949629,0.1641192658542098,0.2497972959779298
381,4.934383202,Netrokona,Kharif 2,19.0,77.5,Cauliflower,Sep,Nov to Jan,Feb,1880,30,8.0,70,85,,0.3045873133388933,0.3373138336982339,0.3702446184726372,0.08318950755463439,0.1097388440365386
1757,5.595902106,Nilphamari,Kharif 2,19.0,77.5,Cauliflower,Sep,Nov to Jan,Feb,9832,30,8.0,70,85,,0.4439194600915765,0.38464508344545084,0.446760339331025,0.06934818908125574,0.2971558927059972
284,4.095070423,Noakhali,Kharif 2,19.0,77.5,Cauliflower,Sep,Nov to Jan,Feb,1163,30,8.0,70,85,55.0,0.2611398897351406,0.47186043198864097,0.4522745592492853,0.12876261693843816,0.1463623264955313
1717,7.220151427,Pabna,Kharif 2,19.0,77.5,Cauliflower,Sep,Nov to Jan,Feb,12397,30,8.0,70,85,,0.2688296958156423,0.4385109795933637,0.4649989728650389,0.08803099353149361,0.2655064359584098
883,5.978482446,Panchagar,Kharif 2,19.0,77.5,Cauliflower,Sep,Nov to Jan,Feb,5279,30,8.0,70,85,,0.3210316931496211,0.37539887246575326,0.4220167525726432,0.08040945964495695,0.369401739785313
67,1.208955224,Patuakhali,Kharif 2,19.0,77.5,Cauliflower,Sep,Nov to Jan,Feb,81,30,8.0,70,85,,0.3662096619113779,0.4469002300928279,0.2752790517888959,0.14531435555741815,0.1003055359864112
365,3.005479452,Pirojpur,Kharif 2,19.0,77.5,Cauliflower,Sep,Nov to Jan,Feb,1097,30,8.0,70,85,57.0,0.4734452905350293,0.5464543409335785,0.3932548344744789,0.12310753250762795,0.2624382760227538
1108,5.972021661,Rajbari,Kharif 2,19.0,77.5,Cauliflower,Sep,Nov to Jan,Feb,6617,30,8.0,70,85,60.0,0.3411103169038733,0.39077065107812126,0.445050413155566,0.06468804118341276,0.1969779583846395
1567,7.863433312,Rajshahi,Kharif 2,19.0,77.5,Cauliflower,Sep,Nov to Jan,Feb,12322,30,8.0,70,85,65.0,0.2171911759580277,0.3884419627731112,0.4500902862447303,0.10071511828737409,0.3234410436367065
200,3.235,Rangamati,Kharif 2,19.0,77.5,Cauliflower,Sep,Nov to Jan,Feb,647,30,8.0,70,85,,0.407467011061289,0.7102334517195891,0.6310743550546144,0.1345293111169661,0.3966247743805545
999,10.51151151,Rangpur,Kharif 2,19.0,77.5,Cauliflower,Sep,Nov to Jan,Feb,10501,30,8.0,70,85,59.0,0.4118453959149274,0.38501179522089624,0.4282935836855661,0.1061122553921763,0.2587256418101652
1110,5.763063063,Satkhira,Kharif 2,19.0,77.5,Cauliflower,Sep,Nov to Jan,Feb,6397,30,8.0,70,85,59.0,0.2954937434231568,0.44110334303979704,0.416821054986026,0.07138499049226846,0.2608332964740397
102,7.31372549,Shariatpur,Kharif 2,19.0,77.5,Cauliflower,Sep,Nov to Jan,Feb,746,30,8.0,70,85,55.0,0.337774879445382,0.3980224344313656,0.391216738930908,0.04729195928154189,0.3060714061064356
1541,6.428942245,Sherpur,Kharif 2,19.0,77.5,Cauliflower,Sep,Nov to Jan,Feb,9907,30,8.0,70,85,,0.3417866673453712,0.4337164359337668,0.355035413839545,0.12436084857388258,0.2004443254985731
845,6.35739645,Sirajganj,Kharif 2,19.0,77.5,Cauliflower,Sep,Nov to Jan,Feb,5372,30,8.0,70,85,,0.1714208140792081,0.3550624524230064,0.3198299670185812,0.08189935505789042,0.1185287326216384
1084,8.277675277,Sunamganj,Kharif 2,19.0,77.5,Cauliflower,Sep,Nov to Jan,Feb,8973,30,8.0,70,85,54.0,0.0062517479924633,0.23662201695331866,0.5312190703372729,0.190956658109911,0.0096036979545399
914,8.009846827,Sylhet,Kharif 2,19.0,77.5,Cauliflower,Sep,Nov to Jan,Feb,7321,30,8.0,70,85,54.0,0.3776845712197997,0.4436236900609243,0.4606201196420315,0.07164845847561509,0.1775812226237738
1822,6.349615807,Tangail,Kharif 2,19.0,77.5,Cauliflower,Sep,Nov to Jan,Feb,11569,30,8.0,70,85,60.0,0.3358840930816195,0.45516708968109687,0.2360260118339428,0.11726620847954329,0.1591988119601507
1002,5.112774451,Thakurgaon,Kharif 2,19.0,77.5,Cauliflower,Sep,Nov to Jan,Feb,5123,30,8.0,70,85,,0.3582324259138552,0.3985865952107453,0.532704520344867,0.0828968829474387,0.3826151757848311
517,2.324951644,Bagerhat,Kharif 1,22.5,75.0,Chalkumra,March,April to July,July to Oct,1202,27,18.0,65,85,57.0,0.5711876241926808,0.2671469327157075,0.42936616441082,0.1388414229890998,0.533074061065529
217,2.350230415,Bandarban,Kharif 1,22.5,75.0,Chalkumra,March,April to July,July to Oct,510,27,18.0,65,85,55.0,0.5676824803630925,0.40589161668495505,0.5387153591391703,0.14501567882028285,0.6821383327059017
114,2.122807018,Barguna,Kharif 1,22.5,75.0,Chalkumra,March,April to July,July to Oct,242,27,18.0,65,85,57.0,0.3352139518717137,0.29083352567706255,0.35650536058839993,0.12412513381923806,0.291063589685606
439,2.041002278,Barishal,Kharif 1,22.5,75.0,Chalkumra,March,April to July,July to Oct,896,27,18.0,65,85,,0.43248229774155,0.2843704036936797,0.3458494890191011,0.11591376845638589,0.2533858903228801
251,2.721115538,Bhola,Kharif 1,22.5,75.0,Chalkumra,March,April to July,July to Oct,683,27,18.0,65,85,56.0,0.3010654880049462,0.1937122601154376,0.2258498120190653,0.10438886589968699,0.243217327760463
407,4.061425061,Bogura,Kharif 1,22.5,75.0,Chalkumra,March,April to July,July to Oct,1653,27,18.0,65,85,,0.5031143822226227,0.2695753116880148,0.3304685349223847,0.16693006961561402,0.3907901958771589
699,2.848354793,Brahmanbaria,Kharif 1,22.5,75.0,Chalkumra,March,April to July,July to Oct,1991,27,18.0,65,85,54.0,0.6120203918074798,0.237264399379824,0.26815969379609883,0.17868646305745714,0.3909190194818471
210,2.642857143,Chandpur,Kharif 1,22.5,75.0,Chalkumra,March,April to July,July to Oct,555,27,18.0,65,85,,0.4859674573852385,0.2646230150831639,0.3381655668751687,0.12096974501188919,0.3913421262911484
249,2.879518072,Chapai Nawabganj,Kharif 1,22.5,75.0,Chalkumra,March,April to July,July to Oct,717,27,18.0,65,85,,0.5329944189746634,0.3232282992721101,0.3733450873553156,0.1147382202205774,0.4431037695451635
588,3.539115646,Chattogram,Kharif 1,22.5,75.0,Chalkumra,March,April to July,July to Oct,2081,27,18.0,65,85,,0.4802903771854044,0.3471185291382584,0.4499071181374028,0.1342962975376958,0.5031925773161925
366,3.12568306,Chuadanga,Kharif 1,22.5,75.0,Chalkumra,March,April to July,July to Oct,1144,27,18.0,65,85,,0.6064678529651709,0.37676544326040545,0.36568262324821127,0.154877798331908,0.5937943182711736
135,3.637037037,CoxsBazar,Kharif 1,22.5,75.0,Chalkumra,March,April to July,July to Oct,491,27,18.0,65,85,55.0,0.4628693746612334,0.3333961221277134,0.3982229182754804,0.10310979022910116,0.4613461644922925
644,2.885093168,Cumilla,Kharif 1,22.5,75.0,Chalkumra,March,April to July,July to Oct,1858,27,18.0,65,85,,0.5910383419566766,0.28079746973064335,0.4130665815281809,0.1745140803405001,0.4346417753677448
776,4.719072165,Dhaka,Kharif 1,22.5,75.0,Chalkumra,March,April to July,July to Oct,3662,27,18.0,65,85,,0.4340019668066029,0.2385141396306013,0.28641390234058955,0.0989027279370771,0.344767292591086
430,2.844186047,Dinajpur,Kharif 1,22.5,75.0,Chalkumra,March,April to July,July to Oct,1223,27,18.0,65,85,,0.5768919544682428,0.2587030963099046,0.36771969324095355,0.20491468513795233,0.4042335990913202
426,3.129107981,Faridpur,Kharif 1,22.5,75.0,Chalkumra,March,April to July,July to Oct,1333,27,18.0,65,85,,0.5101997893014788,0.2879453075913369,0.3361241554727723,0.15523568692448178,0.4746373619141085
117,1.811965812,Feni,Kharif 1,22.5,75.0,Chalkumra,March,April to July,July to Oct,212,27,18.0,65,85,,0.5023790786684436,0.22973413454253871,0.39601961266635377,0.19884813851140481,0.4589202557758623
329,2.37993921,Gaibandha,Kharif 1,22.5,75.0,Chalkumra,March,April to July,July to Oct,783,27,18.0,65,85,57.0,0.5052634601391561,0.21613397413845883,0.32776272911698345,0.1616272406504044,0.3434167606212545
340,2.297058824,Gazipur,Kharif 1,22.5,75.0,Chalkumra,March,April to July,July to Oct,781,27,18.0,65,85,,0.5111937838721802,0.2551414828258255,0.3181362406312787,0.16125202091849702,0.3482783737758274
389,3.424164524,Gopalganj,Kharif 1,22.5,75.0,Chalkumra,March,April to July,July to Oct,1332,27,18.0,65,85,56.0,0.6330877335678394,0.36811427843248734,0.4572368270416179,0.11928390935418799,0.4545933382146112
259,4.111969112,Habiganj,Kharif 1,22.5,75.0,Chalkumra,March,April to July,July to Oct,1065,27,18.0,65,85,,0.6014605348999472,0.2535987872124722,0.27489208837518037,0.1635222211819455,0.4730658538368976
532,3.263157895,Jamalpur,Kharif 1,22.5,75.0,Chalkumra,March,April to July,July to Oct,1736,27,18.0,65,85,,0.5278123755787749,0.19415434873435433,0.29505847386280654,0.1771162374362788,0.3849267622873427
434,4.382488479,Jashore,Kharif 1,22.5,75.0,Chalkumra,March,April to July,July to Oct,1902,27,18.0,65,85,,0.6067794453589154,0.34005460081705996,0.4200312492878573,0.17360816769554424,0.4688805230475235
343,2.556851312,Jhallokati,Kharif 1,22.5,75.0,Chalkumra,March,April to July,July to Oct,877,27,18.0,65,85,,0.5179106140943847,0.38768697005319736,0.4636810003902494,0.135604682477736,0.4152984185672557
435,3.834482759,Jhenaidah,Kharif 1,22.5,75.0,Chalkumra,March,April to July,July to Oct,1668,27,18.0,65,85,,0.6072717913709762,0.3670210897373056,0.41897713564458694,0.16726150326170103,0.5172636126901161
171,4.637426901,Joypurhat,Kharif 1,22.5,75.0,Chalkumra,March,April to July,July to Oct,793,27,18.0,65,85,64.0,0.4871203122169448,0.33757340034884986,0.35565717723262447,0.19817527658994916,0.4013493246727935
519,2.97495183,Khagrachari,Kharif 1,22.5,75.0,Chalkumra,March,April to July,July to Oct,1544,27,18.0,65,85,54.0,0.5737845474176946,0.36979625374349245,0.5428167165599908,0.17497491206229435,0.6273542204861793
260,2.184615385,Khulna,Kharif 1,22.5,75.0,Chalkumra,March,April to July,July to Oct,568,27,18.0,65,85,59.0,0.4979323952822052,0.23638923809094275,0.36748234954689746,0.1322273009222973,0.4395870026247023
366,3.030054645,Kishoreganj,Kharif 1,22.5,75.0,Chalkumra,March,April to July,July to Oct,1109,27,18.0,65,85,,0.6380676429483706,0.12845382736010105,0.08114440689233535,0.22309980642748423,0.4131448806084709
356,2.980337079,Kurigram,Kharif 1,22.5,75.0,Chalkumra,March,April to July,July to Oct,1061,27,18.0,65,85,,0.4446969686649252,0.18321190180474756,0.3012334961680515,0.14753244071088972,0.294759011881437
329,5.389057751,Kushtia,Kharif 1,22.5,75.0,Chalkumra,March,April to July,July to Oct,1773,27,18.0,65,85,,0.5026391517689011,0.33271675332613654,0.37345597155076815,0.1251151309263097,0.5144873456235682
210,2.228571429,Lakshmipur,Kharif 1,22.5,75.0,Chalkumra,March,April to July,July to Oct,468,27,18.0,65,85,56.0,0.4099483108021562,0.2306600104340929,0.2877565737489497,0.13441667120363743,0.329965698770968
209,2.990430622,Lalmonirhat,Kharif 1,22.5,75.0,Chalkumra,March,April to July,July to Oct,625,27,18.0,65,85,,0.5685270716402814,0.26697516084442463,0.3797798926567142,0.1667040205554134,0.4948821771436415
167,4.353293413,Madaripur,Kharif 1,22.5,75.0,Chalkumra,March,April to July,July to Oct,727,27,18.0,65,85,56.0,0.5126870864671587,0.3008301047092089,0.3785296766459993,0.13844001551004356,0.434792084871636
148,2.763513514,Magura,Kharif 1,22.5,75.0,Chalkumra,March,April to July,July to Oct,409,27,18.0,65,85,61.0,0.5805999045721482,0.36824193174872333,0.4003873270867417,0.1647837867147049,0.4803835186927634
849,2.876325088,Manikganj,Kharif 1,22.5,75.0,Chalkumra,March,April to July,July to Oct,2442,27,18.0,65,85,,0.4337041495265221,0.23882780498863038,0.30872077467055786,0.11108516710471565,0.1994612868881428
122,3.68852459,Meherpur,Kharif 1,22.5,75.0,Chalkumra,March,April to July,July to Oct,450,27,18.0,65,85,65.0,0.5708640413836734,0.4055302143644988,0.3820955835524377,0.15608966887371956,0.6363343859653814
249,3.682730924,Moulvibazar,Kharif 1,22.5,75.0,Chalkumra,March,April to July,July to Oct,917,27,18.0,65,85,,0.5076200516171026,0.30588058796669404,0.3694835704020727,0.11148583428925816,0.4889183454377723
529,2.051039698,Munshiganj,Kharif 1,22.5,75.0,Chalkumra,March,April to July,July to Oct,1085,27,18.0,65,85,,0.4965979715632833,0.2820729865555412,0.31048632812780597,0.13819303473137132,0.521983445304389
1908,3.083333333,Mymensingh,Kharif 1,22.5,75.0,Chalkumra,March,April to July,July to Oct,5883,27,18.0,65,85,,0.5686833849186683,0.22003088856632366,0.3923207473255033,0.20456753195614702,0.2832779421973829
359,4.239554318,Naogaon,Kharif 1,22.5,75.0,Chalkumra,March,April to July,July to Oct,1522,27,18.0,65,85,,0.6201124466265265,0.2521796061130121,0.3847905804572117,0.17985023116656124,0.3741281428245409
101,3.881188119,Narail,Kharif 1,22.5,75.0,Chalkumra,March,April to July,July to Oct,392,27,18.0,65,85,58.0,0.574803629810534,0.317807322421931,0.3905473746608645,0.13456367139924813,0.4757956922331443
382,2.282722513,Narayanganj,Kharif 1,22.5,75.0,Chalkumra,March,April to July,July to Oct,872,27,18.0,65,85,,0.4347229780450177,0.27815958888853837,0.31309162962886294,0.08135352045242539,0.3254064295331264
397,3.818639798,Narsingdi,Kharif 1,22.5,75.0,Chalkumra,March,April to July,July to Oct,1516,27,18.0,65,85,,0.5675183682230315,0.2787440080498379,0.35317346137097944,0.1483748537813186,0.387696320210425
335,2.907462687,Natore,Kharif 1,22.5,75.0,Chalkumra,March,April to July,July to Oct,974,27,18.0,65,85,,0.6157551872850959,0.3289135409255313,0.35491401631288577,0.17616092918044354,0.5612003405949629
369,5.471544715,Netrokona,Kharif 1,22.5,75.0,Chalkumra,March,April to July,July to Oct,2019,27,18.0,65,85,,0.638234140226114,0.1000841505331573,0.22306872607736605,0.21042180675129202,0.3702446184726372
330,3.981818182,Nilphamari,Kharif 1,22.5,75.0,Chalkumra,March,April to July,July to Oct,1314,27,18.0,65,85,,0.604066391741781,0.24263262783215603,0.3721388005199978,0.1988413332951838,0.446760339331025
272,1.356617647,Noakhali,Kharif 1,22.5,75.0,Chalkumra,March,April to July,July to Oct,369,27,18.0,65,85,55.0,0.4854136963654465,0.23178494208194078,0.32052794422417735,0.16486462042989006,0.4522745592492853
949,4.979978925,Pabna,Kharif 1,22.5,75.0,Chalkumra,March,April to July,July to Oct,4726,27,18.0,65,85,,0.5026473561162811,0.3182950535312654,0.3606929534338934,0.11474408351960869,0.4649989728650389
332,3.421686747,Panchagar,Kharif 1,22.5,75.0,Chalkumra,March,April to July,July to Oct,1136,27,18.0,65,85,,0.4949864884497696,0.29635291061791996,0.41111429187383636,0.18546635943578177,0.4220167525726432
164,2.073170732,Patuakhali,Kharif 1,22.5,75.0,Chalkumra,March,April to July,July to Oct,340,27,18.0,65,85,,0.3271561678385286,0.2569179102912676,0.3395678622280651,0.1545707053581622,0.2752790517888959
358,2.139664804,Pirojpur,Kharif 1,22.5,75.0,Chalkumra,March,April to July,July to Oct,766,27,18.0,65,85,57.0,0.5271361118307798,0.34802568686775576,0.4463898354492291,0.1367956619562095,0.3932548344744789
384,5.276041667,Rajbari,Kharif 1,22.5,75.0,Chalkumra,March,April to July,July to Oct,2026,27,18.0,65,85,60.0,0.4806919129357807,0.33980066909700984,0.36164674120127466,0.12491126037383062,0.445050413155566
724,5.379834254,Rajshahi,Kharif 1,22.5,75.0,Chalkumra,March,April to July,July to Oct,3895,27,18.0,65,85,65.0,0.4771080227246705,0.3026474514785224,0.3497720467554164,0.12240444790602321,0.4500902862447303
497,3.078470825,Rangamati,Kharif 1,22.5,75.0,Chalkumra,March,April to July,July to Oct,1530,27,18.0,65,85,,0.4965180374554424,0.36561785734252367,0.5351978544882356,0.1686898767010739,0.6310743550546144
587,3.119250426,Rangpur,Kharif 1,22.5,75.0,Chalkumra,March,April to July,July to Oct,1831,27,18.0,65,85,59.0,0.5272187009814302,0.2434905813790625,0.3954368005446125,0.19249302446660657,0.4282935836855661
180,3.75,Satkhira,Kharif 1,22.5,75.0,Chalkumra,March,April to July,July to Oct,675,27,18.0,65,85,59.0,0.4835354065029546,0.2158742168273637,0.33327058476068194,0.13603899379658627,0.416821054986026
118,7.86440678,Shariatpur,Kharif 1,22.5,75.0,Chalkumra,March,April to July,July to Oct,928,27,18.0,65,85,55.0,0.4511789681561877,0.2488538373233175,0.3466584106781929,0.12578659958558797,0.391216738930908
637,4.576138148,Sherpur,Kharif 1,22.5,75.0,Chalkumra,March,April to July,July to Oct,2915,27,18.0,65,85,,0.6297376902178687,0.2108219474749611,0.3749640158582731,0.21035709649956724,0.355035413839545
405,4.735802469,Sirajganj,Kharif 1,22.5,75.0,Chalkumra,March,April to July,July to Oct,1918,27,18.0,65,85,,0.4737362339881535,0.1939391519162513,0.23993740629396534,0.13512186004086055,0.3198299670185812
156,5.102564103,Sunamganj,Kharif 1,22.5,75.0,Chalkumra,March,April to July,July to Oct,796,27,18.0,65,85,54.0,0.6219959069450288,-0.0016713237114059521,0.008277367429854375,0.24767176740922317,0.5312190703372729
322,3.161490683,Sylhet,Kharif 1,22.5,75.0,Chalkumra,March,April to July,July to Oct,1018,27,18.0,65,85,54.0,0.4933672733095434,0.10451695285413559,0.28716042224395744,0.18567487388118223,0.4606201196420315
1111,3.082808281,Tangail,Kharif 1,22.5,75.0,Chalkumra,March,April to July,July to Oct,3425,27,18.0,65,85,60.0,0.5155877071618177,0.17667760007117728,0.312728283594172,0.1771759027310888,0.2360260118339428
309,2.093851133,Thakurgaon,Kharif 1,22.5,75.0,Chalkumra,March,April to July,July to Oct,647,27,18.0,65,85,,0.5465011801065398,0.3076983273566418,0.41126033896677966,0.17175612358544057,0.532704520344867
0,#DIV/0!,Bagerhat,Rabi,21.0,62.5,Cheena,Nov,Dec to Feb,Feb to April,0,25,17.0,40,85,57.0,0.6214849029628107,0.4920163301087899,0.4629136621957188,0.11767580695666632,0.5549719290375441
118,0.2118644068,Bandarban,Rabi,21.0,62.5,Cheena,Nov,Dec to Feb,Feb to April,25,25,17.0,40,85,55.0,0.7636090237183978,0.73793326393593,0.5458329232653505,0.15244228477391433,0.7430366041768727
0,#DIV/0!,Barguna,Rabi,21.0,62.5,Cheena,Nov,Dec to Feb,Feb to April,0,25,17.0,40,85,57.0,0.6701243948177539,0.3690900318202448,0.30462909510867275,0.14734849343736678,0.5890323017558614
0,#DIV/0!,Barishal,Rabi,21.0,62.5,Cheena,Nov,Dec to Feb,Feb to April,0,25,17.0,40,85,,0.5307537456864099,0.30594021614671035,0.33196169898606803,0.10291410690400793,0.5411183729753246
58,0.8448275862,Bhola,Rabi,21.0,62.5,Cheena,Nov,Dec to Feb,Feb to April,49,25,17.0,40,85,56.0,0.4295190696079973,0.24070715837523146,0.25630503915312075,0.0794113182977582,0.4215271980368956
107,0.308411215,Bogura,Rabi,21.0,62.5,Cheena,Nov,Dec to Feb,Feb to April,33,25,17.0,40,85,,0.4866866462303992,0.33921745993023583,0.43045345335003216,0.08151661332882831,0.6043189721273731
0,#DIV/0!,Brahmanbaria,Rabi,21.0,62.5,Cheena,Nov,Dec to Feb,Feb to April,0,25,17.0,40,85,54.0,0.4832769726821609,0.33559506505192077,0.48988722251738687,0.11837232984341166,0.4183456917031
49,0.3265306122,Chandpur,Rabi,21.0,62.5,Cheena,Nov,Dec to Feb,Feb to April,16,25,17.0,40,85,,0.511193701275472,0.36699419252800936,0.3865864541219328,0.09277021187261343,0.5270362529660546
57,0.3157894737,Chapai Nawabganj,Rabi,21.0,62.5,Cheena,Nov,Dec to Feb,Feb to April,18,25,17.0,40,85,,0.5166230847120769,0.3944502462190222,0.4379607104958361,0.08304132853537556,0.5494797758461835
0,#DIV/0!,Chattogram,Rabi,21.0,62.5,Cheena,Nov,Dec to Feb,Feb to April,0,25,17.0,40,85,,0.6490491736260601,0.5233330222974704,0.4413654110260503,0.10012570285854629,0.6563726676016034
0,#DIV/0!,Chuadanga,Rabi,21.0,62.5,Cheena,Nov,Dec to Feb,Feb to April,0,25,17.0,40,85,,0.5781108306077708,0.5150233549466259,0.5562843540459929,0.06837474144584443,0.6058950868858013
0,#DIV/0!,CoxsBazar,Rabi,21.0,62.5,Cheena,Nov,Dec to Feb,Feb to April,0,25,17.0,40,85,55.0,0.5181658529893575,0.4671660215965014,0.42881639772966834,0.05158196354664772,0.5920513052550939
0,#DIV/0!,Cumilla,Rabi,21.0,62.5,Cheena,Nov,Dec to Feb,Feb to April,0,25,17.0,40,85,,0.6332118144284202,0.4194404114546211,0.43521247711018823,0.13366992505916248,0.6260474113432829
0,#DIV/0!,Dhaka,Rabi,21.0,62.5,Cheena,Nov,Dec to Feb,Feb to April,0,25,17.0,40,85,,0.4637615523232626,0.35700612028468415,0.3280324263909043,0.09008654231997684,0.42014379344061
4,0.25,Dinajpur,Rabi,21.0,62.5,Cheena,Nov,Dec to Feb,Feb to April,1,25,17.0,40,85,,0.5334847342658163,0.3437180371076147,0.4558719204084752,0.11189233200859884,0.6968213826970469
0,#DIV/0!,Faridpur,Rabi,21.0,62.5,Cheena,Nov,Dec to Feb,Feb to April,0,25,17.0,40,85,,0.5431138624575879,0.412543274228615,0.3815029185984627,0.13947249622248792,0.5571700752994787
0,#DIV/0!,Feni,Rabi,21.0,62.5,Cheena,Nov,Dec to Feb,Feb to April,0,25,17.0,40,85,,0.6568684139549554,0.4311590251881945,0.42558470083903494,0.11423714782285695,0.6864048324722554
200,0.835,Gaibandha,Rabi,21.0,62.5,Cheena,Nov,Dec to Feb,Feb to April,167,25,17.0,40,85,57.0,0.472527892285157,0.27972825295278353,0.3682471867771155,0.11725431641154477,0.5191748931888249
0,#DIV/0!,Gazipur,Rabi,21.0,62.5,Cheena,Nov,Dec to Feb,Feb to April,0,25,17.0,40,85,,0.6351801312217112,0.419299077893924,0.3869340352261155,0.12262755842472857,0.5223462850901985
0,#DIV/0!,Gopalganj,Rabi,21.0,62.5,Cheena,Nov,Dec to Feb,Feb to April,0,25,17.0,40,85,56.0,0.6431246483263354,0.43364784299758913,0.4844352143351765,0.12035109734691543,0.6266318567705287
0,#DIV/0!,Habiganj,Rabi,21.0,62.5,Cheena,Nov,Dec to Feb,Feb to April,0,25,17.0,40,85,,0.490276717097282,0.34418687937171266,0.49464565291842955,0.12686688082600375,0.45889587481196
20,0.5,Jamalpur,Rabi,21.0,62.5,Cheena,Nov,Dec to Feb,Feb to April,10,25,17.0,40,85,,0.516399347268738,0.3770276322940256,0.3776808394187772,0.1178091607230774,0.5680638462794619
0,#DIV/0!,Jashore,Rabi,21.0,62.5,Cheena,Nov,Dec to Feb,Feb to April,0,25,17.0,40,85,,0.5761013650280524,0.4443853652821339,0.5283538679637112,0.07459924458942747,0.7028498240366357
0,#DIV/0!,Jhallokati,Rabi,21.0,62.5,Cheena,Nov,Dec to Feb,Feb to April,0,25,17.0,40,85,,0.7413763264744606,0.45929623028179556,0.4392351539047728,0.13680665946358297,0.6984104731100329
0,#DIV/0!,Jhenaidah,Rabi,21.0,62.5,Cheena,Nov,Dec to Feb,Feb to April,0,25,17.0,40,85,,0.5856887814533969,0.4474076345642106,0.5392765141221537,0.08545844382997583,0.7437649112435227
0,#DIV/0!,Joypurhat,Rabi,21.0,62.5,Cheena,Nov,Dec to Feb,Feb to April,0,25,17.0,40,85,64.0,0.495012034982754,0.37805422265125904,0.47887763856587456,0.0881345814288247,0.6950315134846194
19,0.3684210526,Khagrachari,Rabi,21.0,62.5,Cheena,Nov,Dec to Feb,Feb to April,7,25,17.0,40,85,54.0,0.8046879631390788,0.688994681104602,0.506864335341556,0.17106613552847702,0.7650947268938538
0,#DIV/0!,Khulna,Rabi,21.0,62.5,Cheena,Nov,Dec to Feb,Feb to April,0,25,17.0,40,85,59.0,0.5800102272282405,0.4310989197805548,0.3974227012482648,0.10742318775546496,0.5520675878443635
0,#DIV/0!,Kishoreganj,Rabi,21.0,62.5,Cheena,Nov,Dec to Feb,Feb to April,0,25,17.0,40,85,,0.346103638367728,0.33616221433708954,0.4729405918518193,0.12794703316966122,0.1918684324560693
812,0.4568965517,Kurigram,Rabi,21.0,62.5,Cheena,Nov,Dec to Feb,Feb to April,371,25,17.0,40,85,,0.4533404465415963,0.28519112184833356,0.3206964144252499,0.09640959271591053,0.4923091315654682
0,#DIV/0!,Kushtia,Rabi,21.0,62.5,Cheena,Nov,Dec to Feb,Feb to April,0,25,17.0,40,85,,0.5100774986217015,0.4297729309716389,0.4624754898185149,0.07672982614327273,0.6262090914547398
2,0,Lakshmipur,Rabi,21.0,62.5,Cheena,Nov,Dec to Feb,Feb to April,0,25,17.0,40,85,56.0,0.5368424127097657,0.34118140418840204,0.3653652364620225,0.09410580407591193,0.5253667671733465
10,0.5,Lalmonirhat,Rabi,21.0,62.5,Cheena,Nov,Dec to Feb,Feb to April,5,25,17.0,40,85,,0.4495769122619324,0.3974856817265971,0.48998470384350573,0.08739944183281835,0.6005631769723303
0,#DIV/0!,Madaripur,Rabi,21.0,62.5,Cheena,Nov,Dec to Feb,Feb to April,0,25,17.0,40,85,56.0,0.5270003205348973,0.40976300174368746,0.3644573135630586,0.13757609730764456,0.5680438314099354
0,#DIV/0!,Magura,Rabi,21.0,62.5,Cheena,Nov,Dec to Feb,Feb to April,0,25,17.0,40,85,61.0,0.5564517069988566,0.4302017643753147,0.4708722258795271,0.09243905830795296,0.7173624754929421
0,#DIV/0!,Manikganj,Rabi,21.0,62.5,Cheena,Nov,Dec to Feb,Feb to April,0,25,17.0,40,85,,0.4185406978474758,0.3359514355674156,0.290424665561086,0.10410455790614395,0.4193839512009965
0,#DIV/0!,Meherpur,Rabi,21.0,62.5,Cheena,Nov,Dec to Feb,Feb to April,0,25,17.0,40,85,65.0,0.5774080200216897,0.5418368925172868,0.5437648085783094,0.08177174883714969,0.6557736174550848
0,#DIV/0!,Moulvibazar,Rabi,21.0,62.5,Cheena,Nov,Dec to Feb,Feb to April,0,25,17.0,40,85,,0.6199927514832799,0.4536858678721469,0.4579298360561219,0.09213101681720033,0.5081293337700128
51,0.4117647059,Munshiganj,Rabi,21.0,62.5,Cheena,Nov,Dec to Feb,Feb to April,21,25,17.0,40,85,,0.4487728540074254,0.39822853464034846,0.38135153512021763,0.14632701106561977,0.4799755728266007
0,#DIV/0!,Mymensingh,Rabi,21.0,62.5,Cheena,Nov,Dec to Feb,Feb to April,0,25,17.0,40,85,,0.6097119497847369,0.31448429061892125,0.3770744456748467,0.1528661720116616,0.6661036234448312
0,#DIV/0!,Naogaon,Rabi,21.0,62.5,Cheena,Nov,Dec to Feb,Feb to April,0,25,17.0,40,85,,0.5271957717658298,0.3279187323324379,0.44320515377148667,0.131825573176569,0.6437611050179507
0,#DIV/0!,Narail,Rabi,21.0,62.5,Cheena,Nov,Dec to Feb,Feb to April,0,25,17.0,40,85,58.0,0.5628542478735085,0.42032951884770653,0.463811524104659,0.09720770962677755,0.6251097875564693
0,#DIV/0!,Narayanganj,Rabi,21.0,62.5,Cheena,Nov,Dec to Feb,Feb to April,0,25,17.0,40,85,,0.484101190508087,0.3532103958712745,0.3381212291093049,0.08365404477364341,0.3876193728015197
0,#DIV/0!,Narsingdi,Rabi,21.0,62.5,Cheena,Nov,Dec to Feb,Feb to April,0,25,17.0,40,85,,0.582228604206656,0.42286849942860566,0.4432366492567433,0.09570277532944425,0.4212772529102456
0,#DIV/0!,Natore,Rabi,21.0,62.5,Cheena,Nov,Dec to Feb,Feb to April,0,25,17.0,40,85,,0.5182904304847376,0.42969242696487653,0.5235898501796531,0.11024291093467746,0.6270773846150153
0,#DIV/0!,Netrokona,Rabi,21.0,62.5,Cheena,Nov,Dec to Feb,Feb to April,0,25,17.0,40,85,,0.4572107645523022,0.3083251183383456,0.4088457201680249,0.1572963016873553,0.3798255718688024
9,0.4444444444,Nilphamari,Rabi,21.0,62.5,Cheena,Nov,Dec to Feb,Feb to April,4,25,17.0,40,85,,0.4830189104860807,0.3725588930604323,0.4662881965902417,0.1078496404426808,0.653377154092829
3,0,Noakhali,Rabi,21.0,62.5,Cheena,Nov,Dec to Feb,Feb to April,0,25,17.0,40,85,55.0,0.6121314642988956,0.41857479697210415,0.42873704726959755,0.0950060101536326,0.5743616085661583
0,#DIV/0!,Pabna,Rabi,21.0,62.5,Cheena,Nov,Dec to Feb,Feb to April,0,25,17.0,40,85,,0.4938904215556714,0.42888049669648626,0.4231117043633386,0.07587493705779351,0.576205463230183
30,0.4333333333,Panchagar,Rabi,21.0,62.5,Cheena,Nov,Dec to Feb,Feb to April,13,25,17.0,40,85,,0.485823986874206,0.35412979436523234,0.37326745465683425,0.11576182614309145,0.7131991955629091
0,#DIV/0!,Patuakhali,Rabi,21.0,62.5,Cheena,Nov,Dec to Feb,Feb to April,0,25,17.0,40,85,,0.6429891164126075,0.3243302085515908,0.2796608917656713,0.14650580817174733,0.6209295032125958
0,#DIV/0!,Pirojpur,Rabi,21.0,62.5,Cheena,Nov,Dec to Feb,Feb to April,0,25,17.0,40,85,57.0,0.6965960442832237,0.4453406043306635,0.41988289226107484,0.1302295903171561,0.6644367573268926
0,#DIV/0!,Rajbari,Rabi,21.0,62.5,Cheena,Nov,Dec to Feb,Feb to April,0,25,17.0,40,85,60.0,0.466512607496879,0.3836165862976835,0.38996244142790865,0.09365919638252934,0.583792751193523
0,#DIV/0!,Rajshahi,Rabi,21.0,62.5,Cheena,Nov,Dec to Feb,Feb to April,0,25,17.0,40,85,65.0,0.4638470315151211,0.38385638101631425,0.43952973021575364,0.05933847748736895,0.5638042771009885
82,0.4390243902,Rangamati,Rabi,21.0,62.5,Cheena,Nov,Dec to Feb,Feb to April,36,25,17.0,40,85,,0.7572250026165042,0.668183235865626,0.4672013031485988,0.17735014217280648,0.7267932608407919
15,0.6,Rangpur,Rabi,21.0,62.5,Cheena,Nov,Dec to Feb,Feb to April,9,25,17.0,40,85,59.0,0.5551464143048584,0.34272751834779885,0.41524602791002635,0.12094499599817264,0.6744499663546515
0,#DIV/0!,Satkhira,Rabi,21.0,62.5,Cheena,Nov,Dec to Feb,Feb to April,0,25,17.0,40,85,59.0,0.4949600162131376,0.4150570226307599,0.39082545661790213,0.07939501883467998,0.5293331106485334
0,#DIV/0!,Shariatpur,Rabi,21.0,62.5,Cheena,Nov,Dec to Feb,Feb to April,0,25,17.0,40,85,55.0,0.4604456937918399,0.37494611614438833,0.3116564128592009,0.1350196965714449,0.5050903206312234
0,#DIV/0!,Sherpur,Rabi,21.0,62.5,Cheena,Nov,Dec to Feb,Feb to April,0,25,17.0,40,85,,0.6041241456870005,0.35068685865128163,0.41754488868976086,0.15797018806292643,0.662903433290502
229,0.5414847162,Sirajganj,Rabi,21.0,62.5,Cheena,Nov,Dec to Feb,Feb to April,124,25,17.0,40,85,,0.3832723887128045,0.33391497852493196,0.34578968959315376,0.07618415573212942,0.4306876986901167
0,#DIV/0!,Sunamganj,Rabi,21.0,62.5,Cheena,Nov,Dec to Feb,Feb to April,0,25,17.0,40,85,54.0,0.1793284797174766,0.35391888049325076,0.46393507231936537,0.18145104437872384,0.0714833095098531
0,#DIV/0!,Sylhet,Rabi,21.0,62.5,Cheena,Nov,Dec to Feb,Feb to April,0,25,17.0,40,85,54.0,0.5401497904776739,0.4171137997823768,0.39805962153131697,0.1071541706460672,0.4585160647406363
0,#DIV/0!,Tangail,Rabi,21.0,62.5,Cheena,Nov,Dec to Feb,Feb to April,0,25,17.0,40,85,60.0,0.5500375193507461,0.35049658717549576,0.3236021176818092,0.13932248497746005,0.5962526033050995
111,0.2522522523,Thakurgaon,Rabi,21.0,62.5,Cheena,Nov,Dec to Feb,Feb to April,28,25,17.0,40,85,,0.4435090691546509,0.42831841227415074,0.48417020185905324,0.08848559193422903,0.6913470028229801
854,0.5655737705,Bagerhat,Rabi,22.5,60.0,Chili,Oct,Nov to March,March to April,483,30,15.0,50,70,57.0,0.5549719290375441,0.5337443034963723,0.4278334627608135,0.1100116478308852,0.4868351131875976
343,0.9212827988,Bandarban,Rabi,22.5,60.0,Chili,Oct,Nov to March,March to April,316,30,15.0,50,70,55.0,0.7430366041768727,0.7090182591778561,0.4776802185450748,0.14304254324966362,0.3862715233777672
896,1.174107143,Barguna,Rabi,22.5,60.0,Chili,Oct,Nov to March,March to April,1052,30,15.0,50,70,57.0,0.5890323017558614,0.4225216884300404,0.3114118478202062,0.15230155193712117,0.3310758402525957
8510,0.4124559342,Barishal,Rabi,22.5,60.0,Chili,Oct,Nov to March,March to April,3510,30,15.0,50,70,,0.5411183729753246,0.3762113383736182,0.3712496033176619,0.11510079301947224,0.3272113771710582
23722,0.4255121828,Bhola,Rabi,22.5,60.0,Chili,Oct,Nov to March,March to April,10094,30,15.0,50,70,56.0,0.4215271980368956,0.2905412065477276,0.2628488948494496,0.09019156532880034,0.2334659055742139
15749,4.118991682,Bogura,Rabi,22.5,60.0,Chili,Oct,Nov to March,March to April,64870,30,15.0,50,70,,0.6043189721273731,0.4014906816487459,0.4502850820864688,0.10702124046307472,0.2859644007903595
2969,0.535197036,Brahmanbaria,Rabi,22.5,60.0,Chili,Oct,Nov to March,March to April,1589,30,15.0,50,70,54.0,0.4183456917031,0.42041651192908064,0.5393713240351568,0.10812197459441848,0.2430711904191838
5824,0.482657967,Chandpur,Rabi,22.5,60.0,Chili,Oct,Nov to March,March to April,2811,30,15.0,50,70,,0.5270362529660546,0.4196287472489478,0.3842086180373251,0.09796058581674542,0.2851182395817753
341,2.958944282,Chapai Nawabganj,Rabi,22.5,60.0,Chili,Oct,Nov to March,March to April,1009,30,15.0,50,70,,0.5494797758461835,0.4465936484687614,0.4353891809711724,0.08853729197097461,0.2346338663805179
5015,0.4354935194,Chattogram,Rabi,22.5,60.0,Chili,Oct,Nov to March,March to April,2184,30,15.0,50,70,,0.6563726676016034,0.5398677235407751,0.4104518278809792,0.10750040936404333,0.4368271330834088
956,1.05334728,Chuadanga,Rabi,22.5,60.0,Chili,Oct,Nov to March,March to April,1007,30,15.0,50,70,,0.6058950868858013,0.5459297496825638,0.5375293719334024,0.06822161350001604,0.1390385944438268
1899,0.757240653,CoxsBazar,Rabi,22.5,60.0,Chili,Oct,Nov to March,March to April,1438,30,15.0,50,70,55.0,0.5920513052550939,0.47650665848801904,0.41255151434835624,0.06931836672637309,0.2866525849958106
6656,0.603515625,Cumilla,Rabi,22.5,60.0,Chili,Oct,Nov to March,March to April,4017,30,15.0,50,70,,0.6260474113432829,0.496514278149792,0.43549782798141,0.1371442986277815,0.3487596083130284
1174,1.807495741,Dhaka,Rabi,22.5,60.0,Chili,Oct,Nov to March,March to April,2122,30,15.0,50,70,,0.42014379344061,0.3937563759967836,0.31966499329081344,0.08508889886739143,0.3278518747499494
2915,5.246998285,Dinajpur,Rabi,22.5,60.0,Chili,Oct,Nov to March,March to April,15295,30,15.0,50,70,,0.6968213826970469,0.42830616001138067,0.48169108106705266,0.1458592526127134,0.3510443820127166
2572,0.9580093313,Faridpur,Rabi,22.5,60.0,Chili,Oct,Nov to March,March to April,2464,30,15.0,50,70,,0.5571700752994787,0.4581886948889823,0.33493569694063985,0.13917883553703742,0.3607017999141199
541,0.3992606285,Feni,Rabi,22.5,60.0,Chili,Oct,Nov to March,March to April,216,30,15.0,50,70,,0.6864048324722554,0.49054491363759645,0.4089169233706212,0.13457311384527107,0.3828643827818602
1270,2.909448819,Gaibandha,Rabi,22.5,60.0,Chili,Oct,Nov to March,March to April,3695,30,15.0,50,70,57.0,0.5191748931888249,0.36339522225653276,0.380662399855046,0.12556206186323002,0.3094345807109266
1368,0.4342105263,Gazipur,Rabi,22.5,60.0,Chili,Oct,Nov to March,March to April,594,30,15.0,50,70,,0.5223462850901985,0.4808542297551326,0.4062618659512596,0.11515122917711507,0.3255431189635358
905,2.036464088,Gopalganj,Rabi,22.5,60.0,Chili,Oct,Nov to March,March to April,1843,30,15.0,50,70,56.0,0.6266318567705287,0.5154311821773885,0.4993561523954592,0.12132253367968518,0.4792702295360826
519,1.603082852,Habiganj,Rabi,22.5,60.0,Chili,Oct,Nov to March,March to April,832,30,15.0,50,70,,0.45889587481196,0.4248595780224734,0.5054355524591956,0.11663684385299297,0.2399103651205681
14272,1.475616592,Jamalpur,Rabi,22.5,60.0,Chili,Oct,Nov to March,March to April,21060,30,15.0,50,70,,0.5680638462794619,0.4350589239459179,0.3740578779844945,0.12504480572978646,0.1827577072035731
2054,1.40993184,Jashore,Rabi,22.5,60.0,Chili,Oct,Nov to March,March to April,2896,30,15.0,50,70,,0.7028498240366357,0.5032073812466739,0.5580905404218051,0.10135421241836014,0.3838945484874524
1391,0.4378145219,Jhallokati,Rabi,22.5,60.0,Chili,Oct,Nov to March,March to April,609,30,15.0,50,70,,0.6984104731100329,0.5274351262828464,0.45120352157353144,0.14497461352264937,0.4988607970006209
1848,1.406385281,Jhenaidah,Rabi,22.5,60.0,Chili,Oct,Nov to March,March to April,2599,30,15.0,50,70,,0.7437649112435227,0.507036695303401,0.5502829648381724,0.11936234993167984,0.3220885598782582
553,5.65641953,Joypurhat,Rabi,22.5,60.0,Chili,Oct,Nov to March,March to April,3128,30,15.0,50,70,64.0,0.6950315134846194,0.4232590030306952,0.5176417955124151,0.12437850475115055,0.3194107068979877
812,0.3830049261,Khagrachari,Rabi,22.5,60.0,Chili,Oct,Nov to March,March to April,311,30,15.0,50,70,54.0,0.7650947268938538,0.6890913107741159,0.44661939276924423,0.16459511644422764,0.3382196284333821
386,1.733160622,Khulna,Rabi,22.5,60.0,Chili,Oct,Nov to March,March to April,669,30,15.0,50,70,59.0,0.5520675878443635,0.474247876370422,0.376340550560046,0.10717354579240082,0.4016941680534377
4034,1.683936539,Kishoreganj,Rabi,22.5,60.0,Chili,Oct,Nov to March,March to April,6793,30,15.0,50,70,,0.1918684324560693,0.3985315848654734,0.5028384474734935,0.13943780131608766,0.0508200478358936
1386,2.497835498,Kurigram,Rabi,22.5,60.0,Chili,Oct,Nov to March,March to April,3462,30,15.0,50,70,,0.4923091315654682,0.3507221561503044,0.3336651156971563,0.10741613154634982,0.339929306221639
902,1.272727273,Kushtia,Rabi,22.5,60.0,Chili,Oct,Nov to March,March to April,1148,30,15.0,50,70,,0.6262090914547398,0.4604070886611039,0.43646956191598824,0.09786242027502172,0.2595401427302436
4000,0.3475,Lakshmipur,Rabi,22.5,60.0,Chili,Oct,Nov to March,March to April,1390,30,15.0,50,70,56.0,0.5253667671733465,0.3940669872154256,0.3830650053075497,0.10042555304230874,0.2352361031462211
600,3.641666667,Lalmonirhat,Rabi,22.5,60.0,Chili,Oct,Nov to March,March to April,2185,30,15.0,50,70,,0.6005631769723303,0.442112205816401,0.48753596719343795,0.10112176136703796,0.4453238905714439
1213,2.615828524,Madaripur,Rabi,22.5,60.0,Chili,Oct,Nov to March,March to April,3173,30,15.0,50,70,56.0,0.5680438314099354,0.45379528244662365,0.3292899279087698,0.1403162469963059,0.4063651096234308
550,0.9690909091,Magura,Rabi,22.5,60.0,Chili,Oct,Nov to March,March to April,533,30,15.0,50,70,61.0,0.7173624754929421,0.48553138093938986,0.46611657947290897,0.12785965496739038,0.3522418035026976
6794,6.386075949,Manikganj,Rabi,22.5,60.0,Chili,Oct,Nov to March,March to April,43387,30,15.0,50,70,,0.4193839512009965,0.372019830815249,0.33590635489755755,0.09861609153404356,0.4114178092969235
403,0.935483871,Meherpur,Rabi,22.5,60.0,Chili,Oct,Nov to March,March to April,377,30,15.0,50,70,65.0,0.6557736174550848,0.5547565477914448,0.4974800198847735,0.08789896889732247,0.1259660232378597
315,1.044444444,Moulvibazar,Rabi,22.5,60.0,Chili,Oct,Nov to March,March to April,329,30,15.0,50,70,,0.5081293337700128,0.49773408134336455,0.4424355813652967,0.08488885957999688,0.4082711888182118
954,1.469601677,Munshiganj,Rabi,22.5,60.0,Chili,Oct,Nov to March,March to April,1402,30,15.0,50,70,,0.4799755728266007,0.4280112858983508,0.3110355800281319,0.13907044762862025,0.31340565567292
3540,1.377966102,Mymensingh,Rabi,22.5,60.0,Chili,Oct,Nov to March,March to April,4878,30,15.0,50,70,,0.6661036234448312,0.4243696413120338,0.42397269741357857,0.17197442360608786,0.4943108635282229
1493,3.261888814,Naogaon,Rabi,22.5,60.0,Chili,Oct,Nov to March,March to April,4870,30,15.0,50,70,,0.6437611050179507,0.42621288307793403,0.47774365924495954,0.1490518675511966,0.3298349904608932
530,2.435849057,Narail,Rabi,22.5,60.0,Chili,Oct,Nov to March,March to April,1291,30,15.0,50,70,58.0,0.6251097875564693,0.4797292868454324,0.45781944004041636,0.10923326137090027,0.3795905639419704
539,0.5139146568,Narayanganj,Rabi,22.5,60.0,Chili,Oct,Nov to March,March to April,277,30,15.0,50,70,,0.3876193728015197,0.39569107123338565,0.3444786288973941,0.07658986271822814,0.3114359236632746
1912,3.472280335,Narsingdi,Rabi,22.5,60.0,Chili,Oct,Nov to March,March to April,6639,30,15.0,50,70,,0.4212772529102456,0.48367049414310087,0.47100681377990244,0.08894703970502957,0.3858671860931894
763,3.598951507,Natore,Rabi,22.5,60.0,Chili,Oct,Nov to March,March to April,2746,30,15.0,50,70,,0.6270773846150153,0.48462457973289264,0.5047846049719983,0.11694281798209018,0.1449640755138761
1011,1.333333333,Netrokona,Rabi,22.5,60.0,Chili,Oct,Nov to March,March to April,1348,30,15.0,50,70,,0.3798255718688024,0.4040840519586906,0.4281462710157188,0.14361385584881256,0.3045873133388933
4526,3.846221829,Nilphamari,Rabi,22.5,60.0,Chili,Oct,Nov to March,March to April,17408,30,15.0,50,70,,0.653377154092829,0.44095239628183175,0.47605212521984996,0.13081823882432134,0.4439194600915765
7760,0.4461340206,Noakhali,Rabi,22.5,60.0,Chili,Oct,Nov to March,March to April,3462,30,15.0,50,70,55.0,0.5743616085661583,0.4706539103161309,0.4169682912797537,0.09859302369303177,0.2611398897351406
1787,3.226636821,Pabna,Rabi,22.5,60.0,Chili,Oct,Nov to March,March to April,5766,30,15.0,50,70,,0.576205463230183,0.4566358535522822,0.40216807011248845,0.08841621209086932,0.2688296958156423
14415,3.610544572,Panchagar,Rabi,22.5,60.0,Chili,Oct,Nov to March,March to April,52046,30,15.0,50,70,,0.7131991955629091,0.4086399716839345,0.3488928056989298,0.1660471203623592,0.3210316931496211
2775,0.3448648649,Patuakhali,Rabi,22.5,60.0,Chili,Oct,Nov to March,March to April,957,30,15.0,50,70,,0.6209295032125958,0.3886271819811816,0.28185181175405905,0.16543853546748835,0.3662096619113779
1004,0.3874501992,Pirojpur,Rabi,22.5,60.0,Chili,Oct,Nov to March,March to April,389,30,15.0,50,70,57.0,0.6644367573268926,0.5119507938211989,0.4331969211543728,0.1372120317729899,0.4734452905350293
618,1.213592233,Rajbari,Rabi,22.5,60.0,Chili,Oct,Nov to March,March to April,750,30,15.0,50,70,60.0,0.583792751193523,0.4196108558651421,0.36241845556408,0.11249378373215907,0.3411103169038733
1575,2.934603175,Rajshahi,Rabi,22.5,60.0,Chili,Oct,Nov to March,March to April,4622,30,15.0,50,70,65.0,0.5638042771009885,0.41850483945774686,0.43424945220126526,0.07836275457077709,0.2171911759580277
1146,0.5436300175,Rangamati,Rabi,22.5,60.0,Chili,Oct,Nov to March,March to April,623,30,15.0,50,70,,0.7267932608407919,0.6516585495337648,0.385264777195591,0.17010131784547686,0.407467011061289
3226,2.243645381,Rangpur,Rabi,22.5,60.0,Chili,Oct,Nov to March,March to April,7238,30,15.0,50,70,59.0,0.6744499663546515,0.422109534065937,0.40872225002225654,0.1514596809934557,0.4118453959149274
634,1.246056782,Satkhira,Rabi,22.5,60.0,Chili,Oct,Nov to March,March to April,790,30,15.0,50,70,59.0,0.5293331106485334,0.4447332981216744,0.3778276574338402,0.08419644024669956,0.2954937434231568
10240,3.793457031,Shariatpur,Rabi,22.5,60.0,Chili,Oct,Nov to March,March to April,38845,30,15.0,50,70,55.0,0.5050903206312234,0.40729260207623846,0.2718762498233473,0.13570917244933095,0.337774879445382
1381,1.171614772,Sherpur,Rabi,22.5,60.0,Chili,Oct,Nov to March,March to April,1618,30,15.0,50,70,,0.662903433290502,0.4571844823717428,0.4487996261148688,0.16981786589011325,0.3417866673453712
3044,4.08804205,Sirajganj,Rabi,22.5,60.0,Chili,Oct,Nov to March,March to April,12444,30,15.0,50,70,,0.4306876986901167,0.3717507116551507,0.35876955088044,0.07587465677817191,0.1714208140792081
963,1.271028037,Sunamganj,Rabi,22.5,60.0,Chili,Oct,Nov to March,March to April,1224,30,15.0,50,70,54.0,0.0714833095098531,0.37261620562845155,0.43029307331041156,0.19631834881919175,0.0062517479924633
658,1.361702128,Sylhet,Rabi,22.5,60.0,Chili,Oct,Nov to March,March to April,896,30,15.0,50,70,54.0,0.4585160647406363,0.45697169262686954,0.36677937247595965,0.09884893917290195,0.3776845712197997
2905,1.33080895,Tangail,Rabi,22.5,60.0,Chili,Oct,Nov to March,March to April,3866,30,15.0,50,70,60.0,0.5962526033050995,0.4234229976078102,0.3673901706057424,0.14929537950302899,0.3358840930816195
854,1.950819672,Thakurgaon,Rabi,22.5,60.0,Chili,Oct,Nov to March,March to April,1666,30,15.0,50,70,,0.6913470028229801,0.45499309721672854,0.4599030426161464,0.12430236925266322,0.3582324259138552
521,2.476007678,Bagerhat,Kharif 2,26.5,75.0,Cucumber,Sep,Nov to March,March to jun,1290,35,18.0,60,90,57.0,0.4868351131875976,0.5337443034963723,0.33302256500078314,0.1460604538976198,0.36797252036576
1855,2.689487871,Bandarban,Kharif 2,26.5,75.0,Cucumber,Sep,Nov to March,March to jun,4989,35,18.0,60,90,55.0,0.3862715233777672,0.7090182591778561,0.41330337954470886,0.19540381198054607,0.4875178800779642
136,2.154411765,Barguna,Kharif 2,26.5,75.0,Cucumber,Sep,Nov to March,March to jun,293,35,18.0,60,90,57.0,0.3310758402525957,0.4225216884300404,0.2912865848112369,0.13330288443481686,0.1725115850101264
317,2.018927445,Barishal,Kharif 2,26.5,75.0,Cucumber,Sep,Nov to March,March to jun,640,35,18.0,60,90,,0.3272113771710582,0.3762113383736182,0.31134504213063563,0.09949368503921646,0.1904844619362955
416,3.009615385,Bhola,Kharif 2,26.5,75.0,Cucumber,Sep,Nov to March,March to jun,1252,35,18.0,60,90,56.0,0.2334659055742139,0.2905412065477276,0.2225817776857716,0.07619026320678793,0.0628187267415414
469,2.978678038,Bogura,Kharif 2,26.5,75.0,Cucumber,Sep,Nov to March,March to jun,1397,35,18.0,60,90,,0.2859644007903595,0.4014906816487459,0.32391757714379604,0.11795289434639485,0.1458454463723086
296,4.037162162,Brahmanbaria,Kharif 2,26.5,75.0,Cucumber,Sep,Nov to March,March to jun,1195,35,18.0,60,90,54.0,0.2430711904191838,0.42041651192908064,0.3432533469386012,0.16447311172286133,0.2231572914897405
195,1.98974359,Chandpur,Kharif 2,26.5,75.0,Cucumber,Sep,Nov to March,March to jun,388,35,18.0,60,90,,0.2851182395817753,0.4196287472489478,0.3049107178518866,0.10717013564929723,0.2156911286424974
352,1.349431818,Chapai Nawabganj,Kharif 2,26.5,75.0,Cucumber,Sep,Nov to March,March to jun,475,35,18.0,60,90,,0.2346338663805179,0.4465936484687614,0.3775084323415279,0.10162322513934222,0.3933928204975689
1156,2.73183391,Chattogram,Kharif 2,26.5,75.0,Cucumber,Sep,Nov to March,March to jun,3158,35,18.0,60,90,,0.4368271330834088,0.5398677235407751,0.35238581225664284,0.12145981601287786,0.2472074271527324
399,2.055137845,Chuadanga,Kharif 2,26.5,75.0,Cucumber,Sep,Nov to March,March to jun,820,35,18.0,60,90,,0.1390385944438268,0.5459297496825638,0.4501465230631836,0.1486845225797103,0.4048532779091586
210,2.266666667,CoxsBazar,Kharif 2,26.5,75.0,Cucumber,Sep,Nov to March,March to jun,476,35,18.0,60,90,55.0,0.2866525849958106,0.47650665848801904,0.3586738596875362,0.09019184446007461,0.3524293584290747
533,3.245778612,Cumilla,Kharif 2,26.5,75.0,Cucumber,Sep,Nov to March,March to jun,1730,35,18.0,60,90,,0.3487596083130284,0.496514278149792,0.3177428985817498,0.15881020668482507,0.2342026799041616
611,2.25695581,Dhaka,Kharif 2,26.5,75.0,Cucumber,Sep,Nov to March,March to jun,1379,35,18.0,60,90,,0.3278518747499494,0.3937563759967836,0.28802678025956413,0.08521720408898431,0.1617085368810471
413,2.389830508,Dinajpur,Kharif 2,26.5,75.0,Cucumber,Sep,Nov to March,March to jun,987,35,18.0,60,90,,0.3510443820127166,0.42830616001138067,0.35512739854027975,0.14661716237919872,0.2318182627073085
282,1.90070922,Faridpur,Kharif 2,26.5,75.0,Cucumber,Sep,Nov to March,March to jun,536,35,18.0,60,90,,0.3607017999141199,0.4581886948889823,0.3674387541483253,0.12235450982387436,0.2343987436039652
111,1.495495495,Feni,Kharif 2,26.5,75.0,Cucumber,Sep,Nov to March,March to jun,166,35,18.0,60,90,,0.3828643827818602,0.49054491363759645,0.2698144197044024,0.17394842331698926,0.1727512973903106
234,2.358974359,Gaibandha,Kharif 2,26.5,75.0,Cucumber,Sep,Nov to March,March to jun,552,35,18.0,60,90,57.0,0.3094345807109266,0.36339522225653276,0.2683982573240635,0.1409785310525387,0.1862351151714448
284,1.693661972,Gazipur,Kharif 2,26.5,75.0,Cucumber,Sep,Nov to March,March to jun,481,35,18.0,60,90,,0.3255431189635358,0.4808542297551326,0.2967465620857551,0.15592968665281673,0.0798820916389187
190,2.057894737,Gopalganj,Kharif 2,26.5,75.0,Cucumber,Sep,Nov to March,March to jun,391,35,18.0,60,90,56.0,0.4792702295360826,0.5154311821773885,0.4389474445440186,0.10738369856511154,0.373290152738146
158,2.113924051,Habiganj,Kharif 2,26.5,75.0,Cucumber,Sep,Nov to March,March to jun,334,35,18.0,60,90,,0.2399103651205681,0.4248595780224734,0.3424807477895563,0.1521029222329595,0.1548294209765824
698,10.52292264,Jamalpur,Kharif 2,26.5,75.0,Cucumber,Sep,Nov to March,March to jun,7345,35,18.0,60,90,,0.1827577072035731,0.4350589239459179,0.25995678421001717,0.15783888796743523,0.1648097082920677
756,4.085978836,Jashore,Kharif 2,26.5,75.0,Cucumber,Sep,Nov to March,March to jun,3089,35,18.0,60,90,,0.3838945484874524,0.5032073812466739,0.4256467165778631,0.12293144815084264,0.3289696423116384
247,2.032388664,Jhallokati,Kharif 2,26.5,75.0,Cucumber,Sep,Nov to March,March to jun,502,35,18.0,60,90,,0.4988607970006209,0.5274351262828464,0.4172369020826573,0.12446237655214717,0.2577418454737988
547,3.314442413,Jhenaidah,Kharif 2,26.5,75.0,Cucumber,Sep,Nov to March,March to jun,1813,35,18.0,60,90,,0.3220885598782582,0.507036695303401,0.455945917349436,0.10657910250533198,0.3584825905341126
131,4.221374046,Joypurhat,Kharif 2,26.5,75.0,Cucumber,Sep,Nov to March,March to jun,553,35,18.0,60,90,64.0,0.3194107068979877,0.4232590030306952,0.39082383109520924,0.1260569532842616,0.1340678993163834
479,2.995824635,Khagrachari,Kharif 2,26.5,75.0,Cucumber,Sep,Nov to March,March to jun,1435,35,18.0,60,90,54.0,0.3382196284333821,0.6890913107741159,0.3724321886175492,0.21087513112397663,0.5047117029912593
273,1.505494505,Khulna,Kharif 2,26.5,75.0,Cucumber,Sep,Nov to March,March to jun,411,35,18.0,60,90,59.0,0.4016941680534377,0.474247876370422,0.30041144340570014,0.12609083339560553,0.2743240682666131
175,6.92,Kishoreganj,Kharif 2,26.5,75.0,Cucumber,Sep,Nov to March,March to jun,1211,35,18.0,60,90,,0.0508200478358936,0.3985315848654734,0.2763138075445941,0.20353630131981043,0.0352614250669803
323,4.13003096,Kurigram,Kharif 2,26.5,75.0,Cucumber,Sep,Nov to March,March to jun,1334,35,18.0,60,90,,0.339929306221639,0.3507221561503044,0.24122178911014414,0.1218010456899045,0.1600381274417598
378,6.275132275,Kushtia,Kharif 2,26.5,75.0,Cucumber,Sep,Nov to March,March to jun,2372,35,18.0,60,90,,0.2595401427302436,0.4604070886611039,0.381792525818233,0.09639973265045566,0.301738590217574
473,1.619450317,Lakshmipur,Kharif 2,26.5,75.0,Cucumber,Sep,Nov to March,March to jun,766,35,18.0,60,90,56.0,0.2352361031462211,0.3940669872154256,0.27891920473705173,0.12513979287370616,0.1735118910859101
252,2.472222222,Lalmonirhat,Kharif 2,26.5,75.0,Cucumber,Sep,Nov to March,March to jun,623,35,18.0,60,90,,0.4453238905714439,0.442112205816401,0.3619328223640055,0.12260530976571159,0.2845360775211245
144,5.0625,Madaripur,Kharif 2,26.5,75.0,Cucumber,Sep,Nov to March,March to jun,729,35,18.0,60,90,56.0,0.4063651096234308,0.45379528244662365,0.3536259372266264,0.10988265177727027,0.2382060091531424
74,2.648648649,Magura,Kharif 2,26.5,75.0,Cucumber,Sep,Nov to March,March to jun,196,35,18.0,60,90,61.0,0.3522418035026976,0.48553138093938986,0.43667157408266366,0.09438968187904906,0.2250636941149401
507,5.605522682,Manikganj,Kharif 2,26.5,75.0,Cucumber,Sep,Nov to March,March to jun,2842,35,18.0,60,90,,0.4114178092969235,0.372019830815249,0.2915554694158757,0.10553765237520576,0.1812878463667706
892,10.93721973,Meherpur,Kharif 2,26.5,75.0,Cucumber,Sep,Nov to March,March to jun,9756,35,18.0,60,90,65.0,0.1259660232378597,0.5547565477914448,0.459836562519381,0.1501372180030806,0.3930040447526618
186,3.596774194,Moulvibazar,Kharif 2,26.5,75.0,Cucumber,Sep,Nov to March,March to jun,669,35,18.0,60,90,,0.4082711888182118,0.49773408134336455,0.34986147636479453,0.12107005952124159,0.2298372609953658
180,5.544444444,Munshiganj,Kharif 2,26.5,75.0,Cucumber,Sep,Nov to March,March to jun,998,35,18.0,60,90,,0.31340565567292,0.4280112858983508,0.32721005701866956,0.11954722697173535,0.1325143943009333
1147,6.238012206,Mymensingh,Kharif 2,26.5,75.0,Cucumber,Sep,Nov to March,March to jun,7155,35,18.0,60,90,,0.4943108635282229,0.4243696413120338,0.2947315243892128,0.16616269059459543,0.1389876607018474
286,3.405594406,Naogaon,Kharif 2,26.5,75.0,Cucumber,Sep,Nov to March,March to jun,974,35,18.0,60,90,,0.3298349904608932,0.42621288307793403,0.33107883340059213,0.144360476167386,0.2610506888737964
214,3.887850467,Narail,Kharif 2,26.5,75.0,Cucumber,Sep,Nov to March,March to jun,832,35,18.0,60,90,58.0,0.3795905639419704,0.4797292868454324,0.39565014210063193,0.09691237710271652,0.294056796049288
221,2.036199095,Narayanganj,Kharif 2,26.5,75.0,Cucumber,Sep,Nov to March,March to jun,450,35,18.0,60,90,,0.3114359236632746,0.39569107123338565,0.2999051068389326,0.0864261017920715,0.2055703158072168
375,4.181333333,Narsingdi,Kharif 2,26.5,75.0,Cucumber,Sep,Nov to March,March to jun,1568,35,18.0,60,90,,0.3858671860931894,0.48367049414310087,0.32454818223195714,0.1556000211932707,0.2212477349859281
284,2.492957746,Natore,Kharif 2,26.5,75.0,Cucumber,Sep,Nov to March,March to jun,708,35,18.0,60,90,,0.1449640755138761,0.48462457973289264,0.3833980104606249,0.1550868708749076,0.2497972959779298
343,6.533527697,Netrokona,Kharif 2,26.5,75.0,Cucumber,Sep,Nov to March,March to jun,2241,35,18.0,60,90,,0.3045873133388933,0.4040840519586906,0.23511189182337827,0.19393633445809214,0.1097388440365386
402,3.082089552,Nilphamari,Kharif 2,26.5,75.0,Cucumber,Sep,Nov to March,March to jun,1239,35,18.0,60,90,,0.4439194600915765,0.44095239628183175,0.3701235519702042,0.12853260066155683,0.2971558927059972
294,2.431972789,Noakhali,Kharif 2,26.5,75.0,Cucumber,Sep,Nov to March,March to jun,715,35,18.0,60,90,55.0,0.2611398897351406,0.4706539103161309,0.2780763781483326,0.15920401108467266,0.1463623264955313
337,2.347181009,Pabna,Kharif 2,26.5,75.0,Cucumber,Sep,Nov to March,March to jun,791,35,18.0,60,90,,0.2688296958156423,0.4566358535522822,0.36089933787750106,0.08925787379353527,0.2655064359584098
280,2.857142857,Panchagar,Kharif 2,26.5,75.0,Cucumber,Sep,Nov to March,March to jun,800,35,18.0,60,90,,0.3210316931496211,0.4086399716839345,0.35989339798098685,0.12831799164940716,0.369401739785313
146,1.952054795,Patuakhali,Kharif 2,26.5,75.0,Cucumber,Sep,Nov to March,March to jun,285,35,18.0,60,90,,0.3662096619113779,0.3886271819811816,0.27100026530043075,0.1301088703483181,0.1003055359864112
235,1.774468085,Pirojpur,Kharif 2,26.5,75.0,Cucumber,Sep,Nov to March,March to jun,417,35,18.0,60,90,57.0,0.4734452905350293,0.5119507938211989,0.38349996034739053,0.12680724423880246,0.2624382760227538
179,4.491620112,Rajbari,Kharif 2,26.5,75.0,Cucumber,Sep,Nov to March,March to jun,804,35,18.0,60,90,60.0,0.3411103169038733,0.4196108558651421,0.3787971627501893,0.07704566954896046,0.1969779583846395
606,3.356435644,Rajshahi,Kharif 2,26.5,75.0,Cucumber,Sep,Nov to March,March to jun,2034,35,18.0,60,90,65.0,0.2171911759580277,0.41850483945774686,0.3482615345782043,0.09941793451530413,0.3234410436367065
602,2.061461794,Rangamati,Kharif 2,26.5,75.0,Cucumber,Sep,Nov to March,March to jun,1241,35,18.0,60,90,,0.407467011061289,0.6516585495337648,0.33727077378880754,0.19713293914117025,0.3966247743805545
554,2.514440433,Rangpur,Kharif 2,26.5,75.0,Cucumber,Sep,Nov to March,March to jun,1393,35,18.0,60,90,59.0,0.4118453959149274,0.422109534065937,0.3161137070997436,0.1521155501154239,0.2587256418101652
246,2.756097561,Satkhira,Kharif 2,26.5,75.0,Cucumber,Sep,Nov to March,March to jun,678,35,18.0,60,90,59.0,0.2954937434231568,0.4447332981216744,0.2749025213288529,0.1272211458019031,0.2608332964740397
119,6.151260504,Shariatpur,Kharif 2,26.5,75.0,Cucumber,Sep,Nov to March,March to jun,732,35,18.0,60,90,55.0,0.337774879445382,0.40729260207623846,0.30222432022993173,0.10731816777469103,0.3060714061064356
757,6.747688243,Sherpur,Kharif 2,26.5,75.0,Cucumber,Sep,Nov to March,March to jun,5108,35,18.0,60,90,,0.3417866673453712,0.4571844823717428,0.2945759607047667,0.18107025662011894,0.2004443254985731
173,2.595375723,Sirajganj,Kharif 2,26.5,75.0,Cucumber,Sep,Nov to March,March to jun,449,35,18.0,60,90,,0.1714208140792081,0.3717507116551507,0.25259511546706515,0.11518962248214541,0.1185287326216384
178,3.662921348,Sunamganj,Kharif 2,26.5,75.0,Cucumber,Sep,Nov to March,March to jun,652,35,18.0,60,90,54.0,0.0062517479924633,0.37261620562845155,0.16738497445921097,0.2577985605790533,0.0096036979545399
310,3.8,Sylhet,Kharif 2,26.5,75.0,Cucumber,Sep,Nov to March,March to jun,1178,35,18.0,60,90,54.0,0.3776845712197997,0.45697169262686954,0.19414381358361643,0.1934768923070168,0.1775812226237738
798,2.617794486,Tangail,Kharif 2,26.5,75.0,Cucumber,Sep,Nov to March,March to jun,2089,35,18.0,60,90,60.0,0.3358840930816195,0.4234229976078102,0.26568012035417715,0.14804442372232807,0.1591988119601507
342,2.289473684,Thakurgaon,Kharif 2,26.5,75.0,Cucumber,Sep,Nov to March,March to jun,783,35,18.0,60,90,,0.3582324259138552,0.45499309721672854,0.3911119345469137,0.11898342228021946,0.3826151757848311
0,#DIV/0!,Bagerhat,Kharif 1,21.5,82.5,Dalim,April,No need to do,Throuout The year,0,38,5.0,70,95,57.0,0.2844793013289463,,0.42892406757796614,0.1366220781093571,0.5711876241926808
21,0.04761904762,Bandarban,Kharif 1,21.5,82.5,Dalim,April,No need to do,Throuout The year,1,38,5.0,70,95,55.0,0.3876779567270571,,0.5654569808551421,0.1769441808000389,0.5676824803630925
0,#DIV/0!,Barguna,Kharif 1,21.5,82.5,Dalim,April,No need to do,Throuout The year,0,38,5.0,70,95,57.0,0.2876097437686987,,0.364046855989753,0.14472591076582558,0.3352139518717137
24,2.583333333,Barishal,Kharif 1,21.5,82.5,Dalim,April,No need to do,Throuout The year,62,38,5.0,70,95,,0.3100169088937738,,0.33977937656045726,0.11377812728746149,0.43248229774155
3,0.3333333333,Bhola,Kharif 1,21.5,82.5,Dalim,April,No need to do,Throuout The year,1,38,5.0,70,95,56.0,0.2246323016939531,,0.24544724196275325,0.10218974413709254,0.3010654880049462
2,4,Bogura,Kharif 1,21.5,82.5,Dalim,April,No need to do,Throuout The year,8,38,5.0,70,95,,0.3974557819503149,,0.34349028952381916,0.14197821095380192,0.5031143822226227
33,0.8787878788,Brahmanbaria,Kharif 1,21.5,82.5,Dalim,April,No need to do,Throuout The year,29,38,5.0,70,95,54.0,0.4667222562628336,,0.3279761942313936,0.15308572102121762,0.6120203918074798
6,1.666666667,Chandpur,Kharif 1,21.5,82.5,Dalim,April,No need to do,Throuout The year,10,38,5.0,70,95,,0.2824497786894116,,0.3487067848139768,0.11361810179232991,0.4859674573852385
23,2.130434783,Chapai Nawabganj,Kharif 1,21.5,82.5,Dalim,April,No need to do,Throuout The year,49,38,5.0,70,95,,0.3377839429676815,,0.3919489918463765,0.10179626949418163,0.5329944189746634
3,2,Chattogram,Kharif 1,21.5,82.5,Dalim,April,No need to do,Throuout The year,6,38,5.0,70,95,,0.3406132785765541,,0.45235166350788775,0.13543850773807248,0.4802903771854044
5,1,Chuadanga,Kharif 1,21.5,82.5,Dalim,April,No need to do,Throuout The year,5,38,5.0,70,95,,0.4685908909016339,,0.448874790057769,0.14205815223018284,0.6064678529651709
6,1.333333333,CoxsBazar,Kharif 1,21.5,82.5,Dalim,April,No need to do,Throuout The year,8,38,5.0,70,95,55.0,0.362233654035479,,0.41227091913591063,0.09726515748487378,0.4628693746612334
44,0.75,Cumilla,Kharif 1,21.5,82.5,Dalim,April,No need to do,Throuout The year,33,38,5.0,70,95,,0.2799573140061434,,0.40123091410266715,0.16041975734538733,0.5910383419566766
5,3.8,Dhaka,Kharif 1,21.5,82.5,Dalim,April,No need to do,Throuout The year,19,38,5.0,70,95,,0.2053280197750239,,0.3193785536314941,0.09641644926606817,0.4340019668066029
26,2.5,Dinajpur,Kharif 1,21.5,82.5,Dalim,April,No need to do,Throuout The year,65,38,5.0,70,95,,0.3864902076658625,,0.37133560105946617,0.17316133345075954,0.5768919544682428
18,3,Faridpur,Kharif 1,21.5,82.5,Dalim,April,No need to do,Throuout The year,54,38,5.0,70,95,,0.1596716045798009,,0.3829162769689853,0.1386863521493636,0.5101997893014788
1,1,Feni,Kharif 1,21.5,82.5,Dalim,April,No need to do,Throuout The year,1,38,5.0,70,95,,0.3154547680727988,,0.38447346825021356,0.18589003081952754,0.5023790786684436
12,1.583333333,Gaibandha,Kharif 1,21.5,82.5,Dalim,April,No need to do,Throuout The year,19,38,5.0,70,95,57.0,0.2560613395709359,,0.30802971640897464,0.1411715275965208,0.5052634601391561
24,0.7083333333,Gazipur,Kharif 1,21.5,82.5,Dalim,April,No need to do,Throuout The year,17,38,5.0,70,95,,0.3013299480303391,,0.3627173813143015,0.16583820741710872,0.5111937838721802
4,7.25,Gopalganj,Kharif 1,21.5,82.5,Dalim,April,No need to do,Throuout The year,29,38,5.0,70,95,56.0,0.365624571223079,,0.46073377197180404,0.11275574548331435,0.6330877335678394
0,#DIV/0!,Habiganj,Kharif 1,21.5,82.5,Dalim,April,No need to do,Throuout The year,0,38,5.0,70,95,,0.4094105700184439,,0.3326940583226139,0.14841639283472494,0.6014605348999472
6,1.5,Jamalpur,Kharif 1,21.5,82.5,Dalim,April,No need to do,Throuout The year,9,38,5.0,70,95,,0.2203033803902141,,0.3222952730368425,0.16179145563794894,0.5278123755787749
13,8.461538462,Jashore,Kharif 1,21.5,82.5,Dalim,April,No need to do,Throuout The year,110,38,5.0,70,95,,0.5094016354846946,,0.44099744369477806,0.1456260406489691,0.6067794453589154
13,0.7692307692,Jhallokati,Kharif 1,21.5,82.5,Dalim,April,No need to do,Throuout The year,10,38,5.0,70,95,,0.3844964290526782,,0.47024471893428954,0.1434806624051544,0.5179106140943847
12,3.833333333,Jhenaidah,Kharif 1,21.5,82.5,Dalim,April,No need to do,Throuout The year,46,38,5.0,70,95,,0.4932941383053687,,0.4523003247601767,0.14299362197185683,0.6072717913709762
5,2.8,Joypurhat,Kharif 1,21.5,82.5,Dalim,April,No need to do,Throuout The year,14,38,5.0,70,95,64.0,0.5481632788078854,,0.3845915613539888,0.1647991030497669,0.4871203122169448
4,0.5,Khagrachari,Kharif 1,21.5,82.5,Dalim,April,No need to do,Throuout The year,2,38,5.0,70,95,54.0,0.3194542381207939,,0.5443889689302538,0.19325593103695812,0.5737845474176946
7,4.714285714,Khulna,Kharif 1,21.5,82.5,Dalim,April,No need to do,Throuout The year,33,38,5.0,70,95,59.0,0.2547487058378869,,0.3787401798650247,0.1305201264005469,0.4979323952822052
11,1.363636364,Kishoreganj,Kharif 1,21.5,82.5,Dalim,April,No need to do,Throuout The year,15,38,5.0,70,95,,0.3676092519986164,,0.23203526159389287,0.196779816657868,0.6380676429483706
6,5.166666667,Kurigram,Kharif 1,21.5,82.5,Dalim,April,No need to do,Throuout The year,31,38,5.0,70,95,,0.2226332627293874,,0.2898945794332816,0.1288008746418592,0.4446969686649252
12,2.583333333,Kushtia,Kharif 1,21.5,82.5,Dalim,April,No need to do,Throuout The year,31,38,5.0,70,95,,0.3702999720630754,,0.4016991900843852,0.11438724471737473,0.5026391517689011
8,1.125,Lakshmipur,Kharif 1,21.5,82.5,Dalim,April,No need to do,Throuout The year,9,38,5.0,70,95,56.0,0.3561816998129432,,0.3189241449349148,0.13471728337173608,0.4099483108021562
8,2.25,Lalmonirhat,Kharif 1,21.5,82.5,Dalim,April,No need to do,Throuout The year,18,38,5.0,70,95,,0.4065448627465945,,0.3840737347937168,0.14009334825838884,0.5685270716402814
7,7,Madaripur,Kharif 1,21.5,82.5,Dalim,April,No need to do,Throuout The year,49,38,5.0,70,95,56.0,0.145892769350381,,0.39040931510470517,0.12047833047901398,0.5126870864671587
46,1.413043478,Magura,Kharif 1,21.5,82.5,Dalim,April,No need to do,Throuout The year,65,38,5.0,70,95,61.0,0.3516332543736697,,0.4329410504002018,0.13867795020185253,0.5805999045721482
2,2,Manikganj,Kharif 1,21.5,82.5,Dalim,April,No need to do,Throuout The year,4,38,5.0,70,95,,0.238108560268593,,0.31895833174128807,0.10844742536645573,0.4337041495265221
14,0.6428571429,Meherpur,Kharif 1,21.5,82.5,Dalim,April,No need to do,Throuout The year,9,38,5.0,70,95,65.0,0.4240959983858737,,0.4642206068217354,0.1459554010688312,0.5708640413836734
5,0.8,Moulvibazar,Kharif 1,21.5,82.5,Dalim,April,No need to do,Throuout The year,4,38,5.0,70,95,,0.3772511111134909,,0.4048692118472657,0.12293793025290647,0.5076200516171026
1,4,Munshiganj,Kharif 1,21.5,82.5,Dalim,April,No need to do,Throuout The year,4,38,5.0,70,95,,0.1254731884929805,,0.3495203332095311,0.12833313043726552,0.4965979715632833
18,0.6111111111,Mymensingh,Kharif 1,21.5,82.5,Dalim,April,No need to do,Throuout The year,11,38,5.0,70,95,,0.2792620099084889,,0.3584478257083638,0.1837832957743008,0.5686833849186683
5,4.2,Naogaon,Kharif 1,21.5,82.5,Dalim,April,No need to do,Throuout The year,21,38,5.0,70,95,,0.3353748718633925,,0.36453580201619656,0.15388479970778424,0.6201124466265265
21,0.380952381,Narail,Kharif 1,21.5,82.5,Dalim,April,No need to do,Throuout The year,8,38,5.0,70,95,58.0,0.3408352502702987,,0.41405273928855113,0.119529692545096,0.574803629810534
4,7.25,Narayanganj,Kharif 1,21.5,82.5,Dalim,April,No need to do,Throuout The year,29,38,5.0,70,95,,0.2542342797497706,,0.33297661033275777,0.08504849755986137,0.4347229780450177
12,2.416666667,Narsingdi,Kharif 1,21.5,82.5,Dalim,April,No need to do,Throuout The year,29,38,5.0,70,95,,0.3744952593367734,,0.3801433897420183,0.1420889673022022,0.5675183682230315
8,6.375,Natore,Kharif 1,21.5,82.5,Dalim,April,No need to do,Throuout The year,51,38,5.0,70,95,,0.3938140226589006,,0.39671798487278404,0.15604833925242145,0.6157551872850959
15,1.733333333,Netrokona,Kharif 1,21.5,82.5,Dalim,April,No need to do,Throuout The year,26,38,5.0,70,95,,0.2180584018053236,,0.26790904926419307,0.18400757850421096,0.638234140226114
6,3,Nilphamari,Kharif 1,21.5,82.5,Dalim,April,No need to do,Throuout The year,18,38,5.0,70,95,,0.348037858697919,,0.3808120833023487,0.16423933638374033,0.604066391741781
2,0.5,Noakhali,Kharif 1,21.5,82.5,Dalim,April,No need to do,Throuout The year,1,38,5.0,70,95,55.0,0.3485228861940609,,0.35518942872543735,0.16449705389699837,0.4854136963654465
4,2,Pabna,Kharif 1,21.5,82.5,Dalim,April,No need to do,Throuout The year,8,38,5.0,70,95,,0.3016887841086959,,0.38890842307422563,0.10324823651826495,0.5026473561162811
21,0.7619047619,Panchagar,Kharif 1,21.5,82.5,Dalim,April,No need to do,Throuout The year,16,38,5.0,70,95,,0.20279912294809,,0.3860203441157663,0.15467456573735447,0.4949864884497696
11,0.6363636364,Patuakhali,Kharif 1,21.5,82.5,Dalim,April,No need to do,Throuout The year,7,38,5.0,70,95,,0.2365474556695895,,0.33818768768178026,0.15855918026038882,0.3271561678385286
1,2,Pirojpur,Kharif 1,21.5,82.5,Dalim,April,No need to do,Throuout The year,2,38,5.0,70,95,57.0,0.3392577304779658,,0.44601475337180774,0.13942006860054418,0.5271361118307798
2,5,Rajbari,Kharif 1,21.5,82.5,Dalim,April,No need to do,Throuout The year,10,38,5.0,70,95,60.0,0.2441449981923793,,0.3815948318496489,0.10696800493376664,0.4806919129357807
16,5.625,Rajshahi,Kharif 1,21.5,82.5,Dalim,April,No need to do,Throuout The year,90,38,5.0,70,95,65.0,0.39139088167786,,0.36729587499154553,0.10685532254132507,0.4771080227246705
2,0.5,Rangamati,Kharif 1,21.5,82.5,Dalim,April,No need to do,Throuout The year,1,38,5.0,70,95,,0.2740115169357396,,0.5209707686101296,0.18582793357866267,0.4965180374554424
7,3.142857143,Rangpur,Kharif 1,21.5,82.5,Dalim,April,No need to do,Throuout The year,22,38,5.0,70,95,59.0,0.2902257990630829,,0.3691275833271399,0.16746448477289969,0.5272187009814302
0,#DIV/0!,Satkhira,Kharif 1,21.5,82.5,Dalim,April,No need to do,Throuout The year,0,38,5.0,70,95,59.0,0.2721199083647258,,0.34773529237196305,0.1279480394533674,0.4835354065029546
3,8.333333333,Shariatpur,Kharif 1,21.5,82.5,Dalim,April,No need to do,Throuout The year,25,38,5.0,70,95,55.0,0.0925735314905069,,0.3484012471547919,0.10901947318552917,0.4511789681561877
3,1.333333333,Sherpur,Kharif 1,21.5,82.5,Dalim,April,No need to do,Throuout The year,4,38,5.0,70,95,,0.2678615620118689,,0.3611953856577504,0.18688726018627783,0.6297376902178687
5,2.8,Sirajganj,Kharif 1,21.5,82.5,Dalim,April,No need to do,Throuout The year,14,38,5.0,70,95,,0.2438028677727265,,0.27959561761097684,0.11940851744109097,0.4737362339881535
4,0.5,Sunamganj,Kharif 1,21.5,82.5,Dalim,April,No need to do,Throuout The year,2,38,5.0,70,95,54.0,0.2385902396757943,,0.16197787406279085,0.23993374405284798,0.6219959069450288
0,#DIV/0!,Sylhet,Kharif 1,21.5,82.5,Dalim,April,No need to do,Throuout The year,0,38,5.0,70,95,54.0,0.2401914716423759,,0.3097256777612583,0.18400266014419997,0.4933672733095434
24,3.416666667,Tangail,Kharif 1,21.5,82.5,Dalim,April,No need to do,Throuout The year,82,38,5.0,70,95,60.0,0.2191926340496671,,0.32626340805588583,0.16634515782490666,0.5155877071618177
12,3,Thakurgaon,Kharif 1,21.5,82.5,Dalim,April,No need to do,Throuout The year,36,38,5.0,70,95,,0.373304905125753,,0.4114961166693231,0.14528116818898248,0.5465011801065398
480,2.322916667,Bagerhat,Rabi,25.0,80.0,Danta,March,April to Aug,Sep,1115,32,18.0,75,85,57.0,0.5711876241926808,0.287312050245718,0.4868351131875976,0.12937403887139512,0.533074061065529
98,1.306122449,Bandarban,Rabi,25.0,80.0,Danta,March,April to Aug,Sep,128,32,18.0,75,85,55.0,0.5676824803630925,0.42221686936355685,0.3862715233777672,0.10465583674630863,0.6821383327059017
95,1.684210526,Barguna,Rabi,25.0,80.0,Danta,March,April to Aug,Sep,160,32,18.0,75,85,57.0,0.3352139518717137,0.26716913754367533,0.3310758402525957,0.06771213747039916,0.291063589685606
355,1.636619718,Barishal,Rabi,25.0,80.0,Danta,March,April to Aug,Sep,581,32,18.0,75,85,,0.43248229774155,0.26559321534220287,0.3272113771710582,0.08409777691480845,0.2533858903228801
244,1.631147541,Bhola,Rabi,25.0,80.0,Danta,March,April to Aug,Sep,398,32,18.0,75,85,56.0,0.3010654880049462,0.16753355344065837,0.2334659055742139,0.07278481203656179,0.243217327760463
325,3.870769231,Bogura,Rabi,25.0,80.0,Danta,March,April to Aug,Sep,1258,32,18.0,75,85,,0.5031143822226227,0.24482933862487358,0.2859644007903595,0.13372204398383788,0.3907901958771589
700,4.314285714,Brahmanbaria,Rabi,25.0,80.0,Danta,March,April to Aug,Sep,3020,32,18.0,75,85,54.0,0.6120203918074798,0.23444297780180728,0.2430711904191838,0.1866377372501262,0.3909190194818471
248,2.350806452,Chandpur,Rabi,25.0,80.0,Danta,March,April to Aug,Sep,583,32,18.0,75,85,,0.4859674573852385,0.2548366377950306,0.2851182395817753,0.09502061098646991,0.3913421262911484
386,2.841968912,Chapai Nawabganj,Rabi,25.0,80.0,Danta,March,April to Aug,Sep,1097,32,18.0,75,85,,0.5329944189746634,0.3372612035172019,0.2346338663805179,0.09792155275751091,0.4431037695451635
370,2.794594595,Chattogram,Rabi,25.0,80.0,Danta,March,April to Aug,Sep,1034,32,18.0,75,85,,0.4802903771854044,0.32713630874115324,0.4368271330834088,0.09291777803308296,0.5031925773161925
475,2.275789474,Chuadanga,Rabi,25.0,80.0,Danta,March,April to Aug,Sep,1081,32,18.0,75,85,,0.6064678529651709,0.3823830101901561,0.1390385944438268,0.1432446473575002,0.5937943182711736
79,6.101265823,CoxsBazar,Rabi,25.0,80.0,Danta,March,April to Aug,Sep,482,32,18.0,75,85,55.0,0.4628693746612334,0.33720276938798566,0.2866525849958106,0.060933251241621064,0.4613461644922925
641,2.845553822,Cumilla,Rabi,25.0,80.0,Danta,March,April to Aug,Sep,1824,32,18.0,75,85,,0.5910383419566766,0.271478511765347,0.3487596083130284,0.15030336235244818,0.4346417753677448
694,2.159942363,Dhaka,Rabi,25.0,80.0,Danta,March,April to Aug,Sep,1499,32,18.0,75,85,,0.4340019668066029,0.22315301908069046,0.3278518747499494,0.08970276008981876,0.344767292591086
440,2.134090909,Dinajpur,Rabi,25.0,80.0,Danta,March,April to Aug,Sep,939,32,18.0,75,85,,0.5768919544682428,0.2533261295893854,0.3510443820127166,0.16601618607251312,0.4042335990913202
545,2.297247706,Faridpur,Rabi,25.0,80.0,Danta,March,April to Aug,Sep,1252,32,18.0,75,85,,0.5101997893014788,0.2772359947938626,0.3607017999141199,0.1417015578467399,0.4746373619141085
141,1.65248227,Feni,Rabi,25.0,80.0,Danta,March,April to Aug,Sep,233,32,18.0,75,85,,0.5023790786684436,0.21833756711209312,0.3828643827818602,0.14943221406193397,0.4589202557758623
248,2.814516129,Gaibandha,Rabi,25.0,80.0,Danta,March,April to Aug,Sep,698,32,18.0,75,85,57.0,0.5052634601391561,0.21015420234505605,0.3094345807109266,0.14548629550204714,0.3434167606212545
359,1.73816156,Gazipur,Rabi,25.0,80.0,Danta,March,April to Aug,Sep,624,32,18.0,75,85,,0.5111937838721802,0.22008960458844412,0.3255431189635358,0.14676151904582918,0.3482783737758274
681,3.468428781,Gopalganj,Rabi,25.0,80.0,Danta,March,April to Aug,Sep,2362,32,18.0,75,85,56.0,0.6330877335678394,0.3691494532936191,0.4792702295360826,0.10260795067770602,0.4545933382146112
216,2.680555556,Habiganj,Rabi,25.0,80.0,Danta,March,April to Aug,Sep,579,32,18.0,75,85,,0.6014605348999472,0.23384491396529422,0.2399103651205681,0.16400735153859544,0.4730658538368976
758,2.774406332,Jamalpur,Rabi,25.0,80.0,Danta,March,April to Aug,Sep,2103,32,18.0,75,85,,0.5278123755787749,0.18828542064589698,0.1827577072035731,0.14324093868016208,0.3849267622873427
1240,4.277419355,Jashore,Rabi,25.0,80.0,Danta,March,April to Aug,Sep,5304,32,18.0,75,85,,0.6067794453589154,0.33783760911597566,0.3838945484874524,0.14222730211032722,0.4688805230475235
338,1.715976331,Jhallokati,Rabi,25.0,80.0,Danta,March,April to Aug,Sep,580,32,18.0,75,85,,0.5179106140943847,0.3616979451373176,0.4988607970006209,0.09369796517703725,0.4152984185672557
722,4.422437673,Jhenaidah,Rabi,25.0,80.0,Danta,March,April to Aug,Sep,3193,32,18.0,75,85,,0.6072717913709762,0.36531338989666695,0.3220885598782582,0.12152503221828147,0.5172636126901161
214,2.696261682,Joypurhat,Rabi,25.0,80.0,Danta,March,April to Aug,Sep,577,32,18.0,75,85,64.0,0.4871203122169448,0.2968723001423566,0.3194107068979877,0.16154042269340954,0.4013493246727935
362,2.116022099,Khagrachari,Rabi,25.0,80.0,Danta,March,April to Aug,Sep,766,32,18.0,75,85,54.0,0.5737845474176946,0.39677934359304584,0.3382196284333821,0.13308527664078024,0.6273542204861793
373,2.932975871,Khulna,Rabi,25.0,80.0,Danta,March,April to Aug,Sep,1094,32,18.0,75,85,59.0,0.4979323952822052,0.24397620412607682,0.4016941680534377,0.1064699609243234,0.4395870026247023
470,3.9,Kishoreganj,Rabi,25.0,80.0,Danta,March,April to Aug,Sep,1833,32,18.0,75,85,,0.6380676429483706,0.1098153469014769,0.0508200478358936,0.2409070914980192,0.4131448806084709
223,2.233183857,Kurigram,Rabi,25.0,80.0,Danta,March,April to Aug,Sep,498,32,18.0,75,85,,0.4446969686649252,0.17857714693215002,0.339929306221639,0.12682093056900298,0.294759011881437
572,4.956293706,Kushtia,Rabi,25.0,80.0,Danta,March,April to Aug,Sep,2835,32,18.0,75,85,,0.5026391517689011,0.326521120704424,0.2595401427302436,0.08057540256061796,0.5144873456235682
185,1.32972973,Lakshmipur,Rabi,25.0,80.0,Danta,March,April to Aug,Sep,246,32,18.0,75,85,56.0,0.4099483108021562,0.21923038656445634,0.2352361031462211,0.0996064172916028,0.329965698770968
175,2.342857143,Lalmonirhat,Rabi,25.0,80.0,Danta,March,April to Aug,Sep,410,32,18.0,75,85,,0.5685270716402814,0.2704873441797646,0.4453238905714439,0.14957077554972734,0.4948821771436415
309,6.478964401,Madaripur,Rabi,25.0,80.0,Danta,March,April to Aug,Sep,2002,32,18.0,75,85,56.0,0.5126870864671587,0.2883052855979956,0.4063651096234308,0.12079045772911617,0.434792084871636
250,3.832,Magura,Rabi,25.0,80.0,Danta,March,April to Aug,Sep,958,32,18.0,75,85,61.0,0.5805999045721482,0.3396062842219667,0.3522418035026976,0.12111797747408684,0.4803835186927634
322,2.565217391,Manikganj,Rabi,25.0,80.0,Danta,March,April to Aug,Sep,826,32,18.0,75,85,,0.4337041495265221,0.22731981326425843,0.4114178092969235,0.10811141310298684,0.1994612868881428
141,4.808510638,Meherpur,Rabi,25.0,80.0,Danta,March,April to Aug,Sep,678,32,18.0,75,85,65.0,0.5708640413836734,0.4030249804421314,0.1259660232378597,0.13387614997922867,0.6363343859653814
256,2.05859375,Moulvibazar,Rabi,25.0,80.0,Danta,March,April to Aug,Sep,527,32,18.0,75,85,,0.5076200516171026,0.2906719225724284,0.4082711888182118,0.1015018267147574,0.4889183454377723
420,1.257142857,Munshiganj,Rabi,25.0,80.0,Danta,March,April to Aug,Sep,528,32,18.0,75,85,,0.4965979715632833,0.2521612681046196,0.31340565567292,0.13166264305725586,0.521983445304389
1467,3.197682345,Mymensingh,Rabi,25.0,80.0,Danta,March,April to Aug,Sep,4691,32,18.0,75,85,,0.5686833849186683,0.20382224299342838,0.4943108635282229,0.17030057443454147,0.2832779421973829
344,4.316860465,Naogaon,Rabi,25.0,80.0,Danta,March,April to Aug,Sep,1485,32,18.0,75,85,,0.6201124466265265,0.25395382266516897,0.3298349904608932,0.14891555118239197,0.3741281428245409
323,4.284829721,Narail,Rabi,25.0,80.0,Danta,March,April to Aug,Sep,1384,32,18.0,75,85,58.0,0.574803629810534,0.3130572171474024,0.3795905639419704,0.10426942665727848,0.4757956922331443
646,1.944272446,Narayanganj,Rabi,25.0,80.0,Danta,March,April to Aug,Sep,1256,32,18.0,75,85,,0.4347229780450177,0.26364173427227405,0.3114359236632746,0.08042394072509865,0.3254064295331264
379,2.656992084,Narsingdi,Rabi,25.0,80.0,Danta,March,April to Aug,Sep,1007,32,18.0,75,85,,0.5675183682230315,0.26724475343705595,0.3858671860931894,0.1561745070626577,0.387696320210425
274,4.562043796,Natore,Rabi,25.0,80.0,Danta,March,April to Aug,Sep,1250,32,18.0,75,85,,0.6157551872850959,0.313090291936011,0.1449640755138761,0.15340682806139228,0.5612003405949629
396,5.143939394,Netrokona,Rabi,25.0,80.0,Danta,March,April to Aug,Sep,2037,32,18.0,75,85,,0.638234140226114,0.10201508923383355,0.3045873133388933,0.21755243183955186,0.3702446184726372
187,3.13368984,Nilphamari,Rabi,25.0,80.0,Danta,March,April to Aug,Sep,586,32,18.0,75,85,,0.604066391741781,0.2535372808069242,0.4439194600915765,0.1759365131310528,0.446760339331025
289,1.584775087,Noakhali,Rabi,25.0,80.0,Danta,March,April to Aug,Sep,458,32,18.0,75,85,55.0,0.4854136963654465,0.2147004189646589,0.2611398897351406,0.13152722094336794,0.4522745592492853
471,3.78343949,Pabna,Rabi,25.0,80.0,Danta,March,April to Aug,Sep,1782,32,18.0,75,85,,0.5026473561162811,0.3077373300166943,0.2688296958156423,0.08076046853146988,0.4649989728650389
409,2.41809291,Panchagar,Rabi,25.0,80.0,Danta,March,April to Aug,Sep,989,32,18.0,75,85,,0.4949864884497696,0.3109626764513986,0.3210316931496211,0.1402732716462842,0.4220167525726432
157,1.394904459,Patuakhali,Rabi,25.0,80.0,Danta,March,April to Aug,Sep,219,32,18.0,75,85,,0.3271561678385286,0.2255954354302963,0.3662096619113779,0.09432172617906595,0.2752790517888959
227,1.370044053,Pirojpur,Rabi,25.0,80.0,Danta,March,April to Aug,Sep,311,32,18.0,75,85,57.0,0.5271361118307798,0.33090820469875537,0.4734452905350293,0.09987731760262145,0.3932548344744789
639,4.638497653,Rajbari,Rabi,25.0,80.0,Danta,March,April to Aug,Sep,2964,32,18.0,75,85,60.0,0.4806919129357807,0.31123612695453573,0.3411103169038733,0.09754589093546814,0.445050413155566
728,5.302197802,Rajshahi,Rabi,25.0,80.0,Danta,March,April to Aug,Sep,3860,32,18.0,75,85,65.0,0.4771080227246705,0.30680616991015924,0.2171911759580277,0.09323425181230865,0.4500902862447303
390,1.648717949,Rangamati,Rabi,25.0,80.0,Danta,March,April to Aug,Sep,643,32,18.0,75,85,,0.4965180374554424,0.37181924075012984,0.407467011061289,0.13083626977292126,0.6310743550546144
261,1.708812261,Rangpur,Rabi,25.0,80.0,Danta,March,April to Aug,Sep,446,32,18.0,75,85,59.0,0.5272187009814302,0.24653759346528306,0.4118453959149274,0.15454973615277978,0.4282935836855661
551,2.749546279,Satkhira,Rabi,25.0,80.0,Danta,March,April to Aug,Sep,1515,32,18.0,75,85,59.0,0.4835354065029546,0.22486603275669892,0.2954937434231568,0.10921098956208146,0.416821054986026
210,3.814285714,Shariatpur,Rabi,25.0,80.0,Danta,March,April to Aug,Sep,801,32,18.0,75,85,55.0,0.4511789681561877,0.2602973510799411,0.337774879445382,0.11064946830044044,0.391216738930908
875,4.837714286,Sherpur,Rabi,25.0,80.0,Danta,March,April to Aug,Sep,4233,32,18.0,75,85,,0.6297376902178687,0.20874642307968352,0.3417866673453712,0.17639800995469243,0.355035413839545
290,5.355172414,Sirajganj,Rabi,25.0,80.0,Danta,March,April to Aug,Sep,1553,32,18.0,75,85,,0.4737362339881535,0.17885706805732873,0.1714208140792081,0.12174796392099267,0.3198299670185812
246,4.211382114,Sunamganj,Rabi,25.0,80.0,Danta,March,April to Aug,Sep,1036,32,18.0,75,85,54.0,0.6219959069450288,0.0005836806217832183,0.0062517479924633,0.2674209226072576,0.5312190703372729
185,1.983783784,Sylhet,Rabi,25.0,80.0,Danta,March,April to Aug,Sep,367,32,18.0,75,85,54.0,0.4933672733095434,0.11912980680806325,0.3776845712197997,0.17657894404305102,0.4606201196420315
1906,2.61752361,Tangail,Rabi,25.0,80.0,Danta,March,April to Aug,Sep,4989,32,18.0,75,85,60.0,0.5155877071618177,0.17318184244897197,0.3358840930816195,0.13662112703883836,0.2360260118339428
381,1.818897638,Thakurgaon,Rabi,25.0,80.0,Danta,March,April to Aug,Sep,693,32,18.0,75,85,,0.5465011801065398,0.32268169704227967,0.3582324259138552,0.13557299105013595,0.532704520344867
164,0.8414634146,Bagerhat,Rabi,25.0,80.0,Danta Shak,March,April to Aug,Sep,138,32,18.0,75,85,57.0,0.5711876241926808,0.287312050245718,0.4868351131875976,0.12937403887139512,0.533074061065529
103,1.145631068,Bandarban,Rabi,25.0,80.0,Danta Shak,March,April to Aug,Sep,118,32,18.0,75,85,55.0,0.5676824803630925,0.42221686936355685,0.3862715233777672,0.10465583674630863,0.6821383327059017
101,2.217821782,Barguna,Rabi,25.0,80.0,Danta Shak,March,April to Aug,Sep,224,32,18.0,75,85,57.0,0.3352139518717137,0.26716913754367533,0.3310758402525957,0.06771213747039916,0.291063589685606
244,2.057377049,Barishal,Rabi,25.0,80.0,Danta Shak,March,April to Aug,Sep,502,32,18.0,75,85,,0.43248229774155,0.26559321534220287,0.3272113771710582,0.08409777691480845,0.2533858903228801
90,0.9333333333,Bhola,Rabi,25.0,80.0,Danta Shak,March,April to Aug,Sep,84,32,18.0,75,85,56.0,0.3010654880049462,0.16753355344065837,0.2334659055742139,0.07278481203656179,0.243217327760463
141,2.255319149,Bogura,Rabi,25.0,80.0,Danta Shak,March,April to Aug,Sep,318,32,18.0,75,85,,0.5031143822226227,0.24482933862487358,0.2859644007903595,0.13372204398383788,0.3907901958771589
264,2.382575758,Brahmanbaria,Rabi,25.0,80.0,Danta Shak,March,April to Aug,Sep,629,32,18.0,75,85,54.0,0.6120203918074798,0.23444297780180728,0.2430711904191838,0.1866377372501262,0.3909190194818471
117,1.205128205,Chandpur,Rabi,25.0,80.0,Danta Shak,March,April to Aug,Sep,141,32,18.0,75,85,,0.4859674573852385,0.2548366377950306,0.2851182395817753,0.09502061098646991,0.3913421262911484
235,1.676595745,Chapai Nawabganj,Rabi,25.0,80.0,Danta Shak,March,April to Aug,Sep,394,32,18.0,75,85,,0.5329944189746634,0.3372612035172019,0.2346338663805179,0.09792155275751091,0.4431037695451635
80,2,Chattogram,Rabi,25.0,80.0,Danta Shak,March,April to Aug,Sep,160,32,18.0,75,85,,0.4802903771854044,0.32713630874115324,0.4368271330834088,0.09291777803308296,0.5031925773161925
80,2.5125,Chuadanga,Rabi,25.0,80.0,Danta Shak,March,April to Aug,Sep,201,32,18.0,75,85,,0.6064678529651709,0.3823830101901561,0.1390385944438268,0.1432446473575002,0.5937943182711736
15,1.333333333,CoxsBazar,Rabi,25.0,80.0,Danta Shak,March,April to Aug,Sep,20,32,18.0,75,85,55.0,0.4628693746612334,0.33720276938798566,0.2866525849958106,0.060933251241621064,0.4613461644922925
372,2.099462366,Cumilla,Rabi,25.0,80.0,Danta Shak,March,April to Aug,Sep,781,32,18.0,75,85,,0.5910383419566766,0.271478511765347,0.3487596083130284,0.15030336235244818,0.4346417753677448
385,2.012987013,Dhaka,Rabi,25.0,80.0,Danta Shak,March,April to Aug,Sep,775,32,18.0,75,85,,0.4340019668066029,0.22315301908069046,0.3278518747499494,0.08970276008981876,0.344767292591086
289,1.705882353,Dinajpur,Rabi,25.0,80.0,Danta Shak,March,April to Aug,Sep,493,32,18.0,75,85,,0.5768919544682428,0.2533261295893854,0.3510443820127166,0.16601618607251312,0.4042335990913202
542,2.333948339,Faridpur,Rabi,25.0,80.0,Danta Shak,March,April to Aug,Sep,1265,32,18.0,75,85,,0.5101997893014788,0.2772359947938626,0.3607017999141199,0.1417015578467399,0.4746373619141085
50,1.18,Feni,Rabi,25.0,80.0,Danta Shak,March,April to Aug,Sep,59,32,18.0,75,85,,0.5023790786684436,0.21833756711209312,0.3828643827818602,0.14943221406193397,0.4589202557758623
169,1.485207101,Gaibandha,Rabi,25.0,80.0,Danta Shak,March,April to Aug,Sep,251,32,18.0,75,85,57.0,0.5052634601391561,0.21015420234505605,0.3094345807109266,0.14548629550204714,0.3434167606212545
157,1.50955414,Gazipur,Rabi,25.0,80.0,Danta Shak,March,April to Aug,Sep,237,32,18.0,75,85,,0.5111937838721802,0.22008960458844412,0.3255431189635358,0.14676151904582918,0.3482783737758274
357,1.826330532,Gopalganj,Rabi,25.0,80.0,Danta Shak,March,April to Aug,Sep,652,32,18.0,75,85,56.0,0.6330877335678394,0.3691494532936191,0.4792702295360826,0.10260795067770602,0.4545933382146112
177,2.807909605,Habiganj,Rabi,25.0,80.0,Danta Shak,March,April to Aug,Sep,497,32,18.0,75,85,,0.6014605348999472,0.23384491396529422,0.2399103651205681,0.16400735153859544,0.4730658538368976
408,2.892156863,Jamalpur,Rabi,25.0,80.0,Danta Shak,March,April to Aug,Sep,1180,32,18.0,75,85,,0.5278123755787749,0.18828542064589698,0.1827577072035731,0.14324093868016208,0.3849267622873427
871,1.756601607,Jashore,Rabi,25.0,80.0,Danta Shak,March,April to Aug,Sep,1530,32,18.0,75,85,,0.6067794453589154,0.33783760911597566,0.3838945484874524,0.14222730211032722,0.4688805230475235
37,1.081081081,Jhallokati,Rabi,25.0,80.0,Danta Shak,March,April to Aug,Sep,40,32,18.0,75,85,,0.5179106140943847,0.3616979451373176,0.4988607970006209,0.09369796517703725,0.4152984185672557
401,3.478802993,Jhenaidah,Rabi,25.0,80.0,Danta Shak,March,April to Aug,Sep,1395,32,18.0,75,85,,0.6072717913709762,0.36531338989666695,0.3220885598782582,0.12152503221828147,0.5172636126901161
56,2.535714286,Joypurhat,Rabi,25.0,80.0,Danta Shak,March,April to Aug,Sep,142,32,18.0,75,85,64.0,0.4871203122169448,0.2968723001423566,0.3194107068979877,0.16154042269340954,0.4013493246727935
232,1.74137931,Khagrachari,Rabi,25.0,80.0,Danta Shak,March,April to Aug,Sep,404,32,18.0,75,85,54.0,0.5737845474176946,0.39677934359304584,0.3382196284333821,0.13308527664078024,0.6273542204861793
598,1.287625418,Khulna,Rabi,25.0,80.0,Danta Shak,March,April to Aug,Sep,770,32,18.0,75,85,59.0,0.4979323952822052,0.24397620412607682,0.4016941680534377,0.1064699609243234,0.4395870026247023
251,2.358565737,Kishoreganj,Rabi,25.0,80.0,Danta Shak,March,April to Aug,Sep,592,32,18.0,75,85,,0.6380676429483706,0.1098153469014769,0.0508200478358936,0.2409070914980192,0.4131448806084709
261,1.597701149,Kurigram,Rabi,25.0,80.0,Danta Shak,March,April to Aug,Sep,417,32,18.0,75,85,,0.4446969686649252,0.17857714693215002,0.339929306221639,0.12682093056900298,0.294759011881437
525,3.763809524,Kushtia,Rabi,25.0,80.0,Danta Shak,March,April to Aug,Sep,1976,32,18.0,75,85,,0.5026391517689011,0.326521120704424,0.2595401427302436,0.08057540256061796,0.5144873456235682
140,2.578571429,Lakshmipur,Rabi,25.0,80.0,Danta Shak,March,April to Aug,Sep,361,32,18.0,75,85,56.0,0.4099483108021562,0.21923038656445634,0.2352361031462211,0.0996064172916028,0.329965698770968
95,1.642105263,Lalmonirhat,Rabi,25.0,80.0,Danta Shak,March,April to Aug,Sep,156,32,18.0,75,85,,0.5685270716402814,0.2704873441797646,0.4453238905714439,0.14957077554972734,0.4948821771436415
12,1.166666667,Madaripur,Rabi,25.0,80.0,Danta Shak,March,April to Aug,Sep,14,32,18.0,75,85,56.0,0.5126870864671587,0.2883052855979956,0.4063651096234308,0.12079045772911617,0.434792084871636
94,1.680851064,Magura,Rabi,25.0,80.0,Danta Shak,March,April to Aug,Sep,158,32,18.0,75,85,61.0,0.5805999045721482,0.3396062842219667,0.3522418035026976,0.12111797747408684,0.4803835186927634
93,2.548387097,Manikganj,Rabi,25.0,80.0,Danta Shak,March,April to Aug,Sep,237,32,18.0,75,85,,0.4337041495265221,0.22731981326425843,0.4114178092969235,0.10811141310298684,0.1994612868881428
77,4.545454545,Meherpur,Rabi,25.0,80.0,Danta Shak,March,April to Aug,Sep,350,32,18.0,75,85,65.0,0.5708640413836734,0.4030249804421314,0.1259660232378597,0.13387614997922867,0.6363343859653814
256,2.05859375,Moulvibazar,Rabi,25.0,80.0,Danta Shak,March,April to Aug,Sep,527,32,18.0,75,85,,0.5076200516171026,0.2906719225724284,0.4082711888182118,0.1015018267147574,0.4889183454377723
132,2.28030303,Munshiganj,Rabi,25.0,80.0,Danta Shak,March,April to Aug,Sep,301,32,18.0,75,85,,0.4965979715632833,0.2521612681046196,0.31340565567292,0.13166264305725586,0.521983445304389
666,2.896396396,Mymensingh,Rabi,25.0,80.0,Danta Shak,March,April to Aug,Sep,1929,32,18.0,75,85,,0.5686833849186683,0.20382224299342838,0.4943108635282229,0.17030057443454147,0.2832779421973829
130,2.546153846,Naogaon,Rabi,25.0,80.0,Danta Shak,March,April to Aug,Sep,331,32,18.0,75,85,,0.6201124466265265,0.25395382266516897,0.3298349904608932,0.14891555118239197,0.3741281428245409
123,2,Narail,Rabi,25.0,80.0,Danta Shak,March,April to Aug,Sep,246,32,18.0,75,85,58.0,0.574803629810534,0.3130572171474024,0.3795905639419704,0.10426942665727848,0.4757956922331443
56,1.410714286,Narayanganj,Rabi,25.0,80.0,Danta Shak,March,April to Aug,Sep,79,32,18.0,75,85,,0.4347229780450177,0.26364173427227405,0.3114359236632746,0.08042394072509865,0.3254064295331264
141,1.645390071,Narsingdi,Rabi,25.0,80.0,Danta Shak,March,April to Aug,Sep,232,32,18.0,75,85,,0.5675183682230315,0.26724475343705595,0.3858671860931894,0.1561745070626577,0.387696320210425
227,1.876651982,Natore,Rabi,25.0,80.0,Danta Shak,March,April to Aug,Sep,426,32,18.0,75,85,,0.6157551872850959,0.313090291936011,0.1449640755138761,0.15340682806139228,0.5612003405949629
170,1.476470588,Netrokona,Rabi,25.0,80.0,Danta Shak,March,April to Aug,Sep,251,32,18.0,75,85,,0.638234140226114,0.10201508923383355,0.3045873133388933,0.21755243183955186,0.3702446184726372
110,2.754545455,Nilphamari,Rabi,25.0,80.0,Danta Shak,March,April to Aug,Sep,303,32,18.0,75,85,,0.604066391741781,0.2535372808069242,0.4439194600915765,0.1759365131310528,0.446760339331025
116,1.620689655,Noakhali,Rabi,25.0,80.0,Danta Shak,March,April to Aug,Sep,188,32,18.0,75,85,55.0,0.4854136963654465,0.2147004189646589,0.2611398897351406,0.13152722094336794,0.4522745592492853
388,1.729381443,Pabna,Rabi,25.0,80.0,Danta Shak,March,April to Aug,Sep,671,32,18.0,75,85,,0.5026473561162811,0.3077373300166943,0.2688296958156423,0.08076046853146988,0.4649989728650389
219,2.178082192,Panchagar,Rabi,25.0,80.0,Danta Shak,March,April to Aug,Sep,477,32,18.0,75,85,,0.4949864884497696,0.3109626764513986,0.3210316931496211,0.1402732716462842,0.4220167525726432
51,1.215686275,Patuakhali,Rabi,25.0,80.0,Danta Shak,March,April to Aug,Sep,62,32,18.0,75,85,,0.3271561678385286,0.2255954354302963,0.3662096619113779,0.09432172617906595,0.2752790517888959
124,1.508064516,Pirojpur,Rabi,25.0,80.0,Danta Shak,March,April to Aug,Sep,187,32,18.0,75,85,57.0,0.5271361118307798,0.33090820469875537,0.4734452905350293,0.09987731760262145,0.3932548344744789
519,3.33911368,Rajbari,Rabi,25.0,80.0,Danta Shak,March,April to Aug,Sep,1733,32,18.0,75,85,60.0,0.4806919129357807,0.31123612695453573,0.3411103169038733,0.09754589093546814,0.445050413155566
125,2.84,Rajshahi,Rabi,25.0,80.0,Danta Shak,March,April to Aug,Sep,355,32,18.0,75,85,65.0,0.4771080227246705,0.30680616991015924,0.2171911759580277,0.09323425181230865,0.4500902862447303
125,2.056,Rangamati,Rabi,25.0,80.0,Danta Shak,March,April to Aug,Sep,257,32,18.0,75,85,,0.4965180374554424,0.37181924075012984,0.407467011061289,0.13083626977292126,0.6310743550546144
313,1.584664537,Rangpur,Rabi,25.0,80.0,Danta Shak,March,April to Aug,Sep,496,32,18.0,75,85,59.0,0.5272187009814302,0.24653759346528306,0.4118453959149274,0.15454973615277978,0.4282935836855661
233,1.905579399,Satkhira,Rabi,25.0,80.0,Danta Shak,March,April to Aug,Sep,444,32,18.0,75,85,59.0,0.4835354065029546,0.22486603275669892,0.2954937434231568,0.10921098956208146,0.416821054986026
317,2.299684543,Shariatpur,Rabi,25.0,80.0,Danta Shak,March,April to Aug,Sep,729,32,18.0,75,85,55.0,0.4511789681561877,0.2602973510799411,0.337774879445382,0.11064946830044044,0.391216738930908
45,2.044444444,Sherpur,Rabi,25.0,80.0,Danta Shak,March,April to Aug,Sep,92,32,18.0,75,85,,0.6297376902178687,0.20874642307968352,0.3417866673453712,0.17639800995469243,0.355035413839545
173,1.797687861,Sirajganj,Rabi,25.0,80.0,Danta Shak,March,April to Aug,Sep,311,32,18.0,75,85,,0.4737362339881535,0.17885706805732873,0.1714208140792081,0.12174796392099267,0.3198299670185812
98,3.06122449,Sunamganj,Rabi,25.0,80.0,Danta Shak,March,April to Aug,Sep,300,32,18.0,75,85,54.0,0.6219959069450288,0.0005836806217832183,0.0062517479924633,0.2674209226072576,0.5312190703372729
224,1.736607143,Sylhet,Rabi,25.0,80.0,Danta Shak,March,April to Aug,Sep,389,32,18.0,75,85,54.0,0.4933672733095434,0.11912980680806325,0.3776845712197997,0.17657894404305102,0.4606201196420315
477,2.320754717,Tangail,Rabi,25.0,80.0,Danta Shak,March,April to Aug,Sep,1107,32,18.0,75,85,60.0,0.5155877071618177,0.17318184244897197,0.3358840930816195,0.13662112703883836,0.2360260118339428
187,1.475935829,Thakurgaon,Rabi,25.0,80.0,Danta Shak,March,April to Aug,Sep,276,32,18.0,75,85,,0.5465011801065398,0.32268169704227967,0.3582324259138552,0.13557299105013595,0.532704520344867
2070,1.075362319,Bagerhat,Kharif 1,20.5,72.5,Date Palm,April,No need to do,Feb to March,2226,35,6.0,60,85,57.0,0.2844793013289463,,0.552130842629105,0.1556993152747051,0.5711876241926808
0,#DIV/0!,Bandarban,Kharif 1,20.5,72.5,Date Palm,April,No need to do,Feb to March,0,35,6.0,60,85,55.0,0.3876779567270571,,0.6249104065344971,0.14844116886641068,0.5676824803630925
2215,0.376523702,Barguna,Kharif 1,20.5,72.5,Date Palm,April,No need to do,Feb to March,834,35,6.0,60,85,57.0,0.2876097437686987,,0.3131387707786598,0.02654349939846349,0.3352139518717137
823,2.430133657,Barishal,Kharif 1,20.5,72.5,Date Palm,April,No need to do,Feb to March,2000,35,6.0,60,85,,0.3100169088937738,,0.3429340940322151,0.09154267391066687,0.43248229774155
1020,1.060784314,Bhola,Kharif 1,20.5,72.5,Date Palm,April,No need to do,Feb to March,1082,35,6.0,60,85,56.0,0.2246323016939531,,0.2721414078827046,0.039861938419197246,0.3010654880049462
1550,3.38,Bogura,Kharif 1,20.5,72.5,Date Palm,April,No need to do,Feb to March,5239,35,6.0,60,85,,0.3974557819503149,,0.4469522890498908,0.06301440666939116,0.5031143822226227
42,2.5,Brahmanbaria,Kharif 1,20.5,72.5,Date Palm,April,No need to do,Feb to March,105,35,6.0,60,85,54.0,0.4667222562628336,,0.5014697056446634,0.11235620124074353,0.6120203918074798
1266,3.132701422,Chandpur,Kharif 1,20.5,72.5,Date Palm,April,No need to do,Feb to March,3966,35,6.0,60,85,,0.2824497786894116,,0.43865479183819345,0.10184215089426502,0.4859674573852385
52,10.05769231,Chapai Nawabganj,Kharif 1,20.5,72.5,Date Palm,April,No need to do,Feb to March,523,35,6.0,60,85,,0.3377839429676815,,0.48804909425991344,0.0977068102949163,0.5329944189746634
831,3.530685921,Chattogram,Kharif 1,20.5,72.5,Date Palm,April,No need to do,Feb to March,2934,35,6.0,60,85,,0.3406132785765541,,0.4917414772507984,0.08800211268798205,0.4802903771854044
1350,3.862962963,Chuadanga,Kharif 1,20.5,72.5,Date Palm,April,No need to do,Feb to March,5215,35,6.0,60,85,,0.4685908909016339,,0.6001310856181723,0.07620867555008591,0.6064678529651709
80,4.225,CoxsBazar,Kharif 1,20.5,72.5,Date Palm,April,No need to do,Feb to March,338,35,6.0,60,85,55.0,0.362233654035479,,0.4621077695767629,0.05766737691875076,0.4628693746612334
934,0.5471092077,Cumilla,Kharif 1,20.5,72.5,Date Palm,April,No need to do,Feb to March,511,35,6.0,60,85,,0.2799573140061434,,0.5128400586622107,0.15554129922001175,0.5910383419566766
100,2.36,Dhaka,Kharif 1,20.5,72.5,Date Palm,April,No need to do,Feb to March,236,35,6.0,60,85,,0.2053280197750239,,0.38938462969884446,0.11525183435765281,0.4340019668066029
300,1.676666667,Dinajpur,Kharif 1,20.5,72.5,Date Palm,April,No need to do,Feb to March,503,35,6.0,60,85,,0.3864902076658625,,0.4905627767797815,0.10518124104463562,0.5768919544682428
2250,1.876888889,Faridpur,Kharif 1,20.5,72.5,Date Palm,April,No need to do,Feb to March,4223,35,6.0,60,85,,0.1596716045798009,,0.4924185756077937,0.19293268377819012,0.5101997893014788
600,3.236666667,Feni,Kharif 1,20.5,72.5,Date Palm,April,No need to do,Feb to March,1942,35,6.0,60,85,,0.3154547680727988,,0.48064966722215297,0.09781931757134653,0.5023790786684436
351,0.6296296296,Gaibandha,Kharif 1,20.5,72.5,Date Palm,April,No need to do,Feb to March,221,35,6.0,60,85,57.0,0.2560613395709359,,0.4243401103802053,0.12644301788250584,0.5052634601391561
525,2.502857143,Gazipur,Kharif 1,20.5,72.5,Date Palm,April,No need to do,Feb to March,1314,35,6.0,60,85,,0.3013299480303391,,0.4297360788240038,0.11014264623742376,0.5111937838721802
2319,1.278568348,Gopalganj,Kharif 1,20.5,72.5,Date Palm,April,No need to do,Feb to March,2965,35,6.0,60,85,56.0,0.365624571223079,,0.5438405358912253,0.13620586984657193,0.6330877335678394
0,#DIV/0!,Habiganj,Kharif 1,20.5,72.5,Date Palm,April,No need to do,Feb to March,0,35,6.0,60,85,,0.4094105700184439,,0.5372631943684224,0.09782669906035944,0.6014605348999472
60,1.683333333,Jamalpur,Kharif 1,20.5,72.5,Date Palm,April,No need to do,Feb to March,101,35,6.0,60,85,,0.2203033803902141,,0.4563695689330588,0.1538824976374262,0.5278123755787749
5025,1.91880597,Jashore,Kharif 1,20.5,72.5,Date Palm,April,No need to do,Feb to March,9642,35,6.0,60,85,,0.5094016354846946,,0.5378299842032195,0.07087607869101423,0.6067794453589154
800,1.055,Jhallokati,Kharif 1,20.5,72.5,Date Palm,April,No need to do,Feb to March,844,35,6.0,60,85,,0.3844964290526782,,0.4666045163308202,0.06985385935329148,0.5179106140943847
4430,2.12979684,Jhenaidah,Kharif 1,20.5,72.5,Date Palm,April,No need to do,Feb to March,9435,35,6.0,60,85,,0.4932941383053687,,0.5622677020305462,0.06009286331735614,0.6072717913709762
340,3.182352941,Joypurhat,Kharif 1,20.5,72.5,Date Palm,April,No need to do,Feb to March,1082,35,6.0,60,85,64.0,0.5481632788078854,,0.4442348184448691,0.07375324083647954,0.4871203122169448
110,3.436363636,Khagrachari,Kharif 1,20.5,72.5,Date Palm,April,No need to do,Feb to March,378,35,6.0,60,85,54.0,0.3194542381207939,,0.6005693839519369,0.164497221476193,0.5737845474176946
2450,1.186530612,Khulna,Kharif 1,20.5,72.5,Date Palm,April,No need to do,Feb to March,2907,35,6.0,60,85,59.0,0.2547487058378869,,0.4687596989534537,0.12695648047996583,0.4979323952822052
94,0.5,Kishoreganj,Kharif 1,20.5,72.5,Date Palm,April,No need to do,Feb to March,47,35,6.0,60,85,,0.3676092519986164,,0.5256062617784207,0.14480531972654165,0.6380676429483706
100,2.37,Kurigram,Kharif 1,20.5,72.5,Date Palm,April,No need to do,Feb to March,237,35,6.0,60,85,,0.2226332627293874,,0.3697279902731811,0.11328121649901228,0.4446969686649252
940,3.836170213,Kushtia,Kharif 1,20.5,72.5,Date Palm,April,No need to do,Feb to March,3606,35,6.0,60,85,,0.3702999720630754,,0.5085632486962346,0.08004585860315916,0.5026391517689011
1350,2.622222222,Lakshmipur,Kharif 1,20.5,72.5,Date Palm,April,No need to do,Feb to March,3540,35,6.0,60,85,56.0,0.3561816998129432,,0.3699570047865621,0.04077447198764971,0.4099483108021562
40,3.525,Lalmonirhat,Kharif 1,20.5,72.5,Date Palm,April,No need to do,Feb to March,141,35,6.0,60,85,,0.4065448627465945,,0.5317046243919614,0.08110208340766382,0.5685270716402814
2670,2.178651685,Madaripur,Kharif 1,20.5,72.5,Date Palm,April,No need to do,Feb to March,5817,35,6.0,60,85,56.0,0.145892769350381,,0.47373958566939733,0.19324790505607875,0.5126870864671587
1000,1.652,Magura,Kharif 1,20.5,72.5,Date Palm,April,No need to do,Feb to March,1652,35,6.0,60,85,61.0,0.3516332543736697,,0.5304917116324558,0.11477926748334143,0.5805999045721482
1100,2.475454545,Manikganj,Kharif 1,20.5,72.5,Date Palm,April,No need to do,Feb to March,2723,35,6.0,60,85,,0.238108560268593,,0.3165827182073324,0.12557930095755057,0.4337041495265221
160,1.6125,Meherpur,Kharif 1,20.5,72.5,Date Palm,April,No need to do,Feb to March,258,35,6.0,60,85,65.0,0.4240959983858737,,0.6035992136745274,0.10868329956606404,0.5708640413836734
0,#DIV/0!,Moulvibazar,Kharif 1,20.5,72.5,Date Palm,April,No need to do,Feb to March,0,35,6.0,60,85,,0.3772511111134909,,0.49826919852743745,0.07049277230525859,0.5076200516171026
270,1.314814815,Munshiganj,Kharif 1,20.5,72.5,Date Palm,April,No need to do,Feb to March,355,35,6.0,60,85,,0.1254731884929805,,0.5092907084338362,0.22196036081647882,0.4965979715632833
2016,1.437003968,Mymensingh,Kharif 1,20.5,72.5,Date Palm,April,No need to do,Feb to March,2897,35,6.0,60,85,,0.2792620099084889,,0.4259806635580256,0.16595035741643988,0.5686833849186683
1584,2.331439394,Naogaon,Kharif 1,20.5,72.5,Date Palm,April,No need to do,Feb to March,3693,35,6.0,60,85,,0.3353748718633925,,0.4971202947255337,0.15442667095266022,0.6201124466265265
1000,1.076,Narail,Kharif 1,20.5,72.5,Date Palm,April,No need to do,Feb to March,1076,35,6.0,60,85,58.0,0.3408352502702987,,0.5252996610218391,0.11744367105327452,0.574803629810534
90,3.022222222,Narayanganj,Kharif 1,20.5,72.5,Date Palm,April,No need to do,Feb to March,272,35,6.0,60,85,,0.2542342797497706,,0.38006470378907203,0.0909136521611302,0.4347229780450177
150,1.74,Narsingdi,Kharif 1,20.5,72.5,Date Palm,April,No need to do,Feb to March,261,35,6.0,60,85,,0.3744952593367734,,0.47760734421672824,0.107833326267713,0.5675183682230315
406,58.55665025,Natore,Kharif 1,20.5,72.5,Date Palm,April,No need to do,Feb to March,23774,35,6.0,60,85,,0.3938140226589006,,0.5884777639400294,0.11565198606538526,0.6157551872850959
10,1.1,Netrokona,Kharif 1,20.5,72.5,Date Palm,April,No need to do,Feb to March,11,35,6.0,60,85,,0.2180584018053236,,0.5042393793493756,0.21273092529869128,0.638234140226114
50,2.12,Nilphamari,Kharif 1,20.5,72.5,Date Palm,April,No need to do,Feb to March,106,35,6.0,60,85,,0.348037858697919,,0.525413365536403,0.1291265090521704,0.604066391741781
625,2.4176,Noakhali,Kharif 1,20.5,72.5,Date Palm,April,No need to do,Feb to March,1511,35,6.0,60,85,55.0,0.3485228861940609,,0.4688441278073659,0.07141627496579502,0.4854136963654465
1500,2.006,Pabna,Kharif 1,20.5,72.5,Date Palm,April,No need to do,Feb to March,3009,35,6.0,60,85,,0.3016887841086959,,0.48382316449066,0.10682693650354344,0.5026473561162811
20,1.05,Panchagar,Kharif 1,20.5,72.5,Date Palm,April,No need to do,Feb to March,21,35,6.0,60,85,,0.20279912294809,,0.4585016205112064,0.15207147883533667,0.4949864884497696
751,3.525965379,Patuakhali,Kharif 1,20.5,72.5,Date Palm,April,No need to do,Feb to March,2648,35,6.0,60,85,,0.2365474556695895,,0.30121760981371226,0.045463007725127055,0.3271561678385286
2169,1.087597971,Pirojpur,Kharif 1,20.5,72.5,Date Palm,April,No need to do,Feb to March,2359,35,6.0,60,85,57.0,0.3392577304779658,,0.4601954731526293,0.09672828769834121,0.5271361118307798
9772,0.3104789194,Rajbari,Kharif 1,20.5,72.5,Date Palm,April,No need to do,Feb to March,3034,35,6.0,60,85,60.0,0.2441449981923793,,0.46287116304567333,0.12753283573439383,0.4806919129357807
2831,5.708583539,Rajshahi,Kharif 1,20.5,72.5,Date Palm,April,No need to do,Feb to March,16161,35,6.0,60,85,65.0,0.39139088167786,,0.4635991544847004,0.043823521937888195,0.4771080227246705
232,1.284482759,Rangamati,Kharif 1,20.5,72.5,Date Palm,April,No need to do,Feb to March,298,35,6.0,60,85,,0.2740115169357396,,0.5637961962550284,0.18032767611819875,0.4965180374554424
100,3.76,Rangpur,Kharif 1,20.5,72.5,Date Palm,April,No need to do,Feb to March,376,35,6.0,60,85,59.0,0.2902257990630829,,0.47775614233349817,0.11903397802185187,0.5272187009814302
3250,1.236923077,Satkhira,Kharif 1,20.5,72.5,Date Palm,April,No need to do,Feb to March,4020,35,6.0,60,85,59.0,0.2721199083647258,,0.4501782307444903,0.1080784741016751,0.4835354065029546
1092,2.317765568,Shariatpur,Kharif 1,20.5,72.5,Date Palm,April,No need to do,Feb to March,2531,35,6.0,60,85,55.0,0.0925735314905069,,0.4211978535435479,0.1920855250012951,0.4511789681561877
40,4.525,Sherpur,Kharif 1,20.5,72.5,Date Palm,April,No need to do,Feb to March,181,35,6.0,60,85,,0.2678615620118689,,0.49238655202870685,0.1888628043736475,0.6297376902178687
44,11.25,Sirajganj,Kharif 1,20.5,72.5,Date Palm,April,No need to do,Feb to March,495,35,6.0,60,85,,0.2438028677727265,,0.39678310050336735,0.11714422146184163,0.4737362339881535
0,#DIV/0!,Sunamganj,Kharif 1,20.5,72.5,Date Palm,April,No need to do,Feb to March,0,35,6.0,60,85,54.0,0.2385902396757943,,0.5766074886411509,0.20036299238007274,0.6219959069450288
1,12,Sylhet,Kharif 1,20.5,72.5,Date Palm,April,No need to do,Feb to March,12,35,6.0,60,85,54.0,0.2401914716423759,,0.47699369647578743,0.13769480229968295,0.4933672733095434
750,2.38,Tangail,Kharif 1,20.5,72.5,Date Palm,April,No need to do,Feb to March,1785,35,6.0,60,85,60.0,0.2191926340496671,,0.37580685949788023,0.1664772974849628,0.5155877071618177
300,0.2933333333,Thakurgaon,Kharif 1,20.5,72.5,Date Palm,April,No need to do,Feb to March,88,35,6.0,60,85,,0.373304905125753,,0.5396028502257034,0.09625966169671948,0.5465011801065398
149,1.355704698,Bagerhat,Kharif 2,25.0,67.5,Garlic,Oct,Nov to Jan,Feb,202,30,20.0,65,70,57.0,0.5549719290375441,0.5214866107412172,0.533074061065529,0.06414137385634433,0.4868351131875976
72,1.902777778,Bandarban,Kharif 2,25.0,67.5,Garlic,Oct,Nov to Jan,Feb,137,30,20.0,65,70,55.0,0.7430366041768727,0.7650901609400954,0.6821383327059017,0.03596951589567501,0.3862715233777672
32,1.03125,Barguna,Kharif 2,25.0,67.5,Garlic,Oct,Nov to Jan,Feb,33,30,20.0,65,70,57.0,0.5890323017558614,0.4954436335309607,0.291063589685606,0.15859428671982095,0.3310758402525957
328,1.384146341,Barishal,Kharif 2,25.0,67.5,Garlic,Oct,Nov to Jan,Feb,454,30,20.0,65,70,,0.5411183729753246,0.3983961679345536,0.2533858903228801,0.1332035079104658,0.3272113771710582
1359,1.818984547,Bhola,Kharif 2,25.0,67.5,Garlic,Oct,Nov to Jan,Feb,2472,30,20.0,65,70,56.0,0.4215271980368956,0.3028077389910762,0.243217327760463,0.10253678080230297,0.2334659055742139
856,1.73364486,Bogura,Kharif 2,25.0,67.5,Garlic,Oct,Nov to Jan,Feb,1484,30,20.0,65,70,,0.6043189721273731,0.371182943381316,0.3907901958771589,0.12447358085817233,0.2859644007903595
809,1.556242274,Brahmanbaria,Kharif 2,25.0,67.5,Garlic,Oct,Nov to Jan,Feb,1259,30,20.0,65,70,54.0,0.4183456917031,0.3663810494520254,0.3909190194818471,0.07756199834763822,0.2430711904191838
1069,1.768007484,Chandpur,Kharif 2,25.0,67.5,Garlic,Oct,Nov to Jan,Feb,1890,30,20.0,65,70,,0.5270362529660546,0.4069447175227839,0.3913421262911484,0.09239596199189551,0.2851182395817753
6068,1.802735662,Chapai Nawabganj,Kharif 2,25.0,67.5,Garlic,Oct,Nov to Jan,Feb,10939,30,20.0,65,70,,0.5494797758461835,0.4189566846079933,0.4431037695451635,0.08318522486953601,0.2346338663805179
94,1.042553191,Chattogram,Kharif 2,25.0,67.5,Garlic,Oct,Nov to Jan,Feb,98,30,20.0,65,70,,0.6563726676016034,0.5719518877340929,0.5031925773161925,0.07222092989307596,0.4368271330834088
796,2.971105528,Chuadanga,Kharif 2,25.0,67.5,Garlic,Oct,Nov to Jan,Feb,2365,30,20.0,65,70,,0.6058950868858013,0.5097955257254916,0.5937943182711736,0.0676794365845883,0.1390385944438268
12,0.75,CoxsBazar,Kharif 2,25.0,67.5,Garlic,Oct,Nov to Jan,Feb,9,30,20.0,65,70,55.0,0.5920513052550939,0.48610591776218975,0.4613461644922925,0.055336600702189744,0.2866525849958106
698,1.893982808,Cumilla,Kharif 2,25.0,67.5,Garlic,Oct,Nov to Jan,Feb,1322,30,20.0,65,70,,0.6260474113432829,0.4856304244748462,0.4346417753677448,0.12026677190296653,0.3487596083130284
1673,2.571428571,Dhaka,Kharif 2,25.0,67.5,Garlic,Oct,Nov to Jan,Feb,4302,30,20.0,65,70,,0.42014379344061,0.39667087352874303,0.344767292591086,0.05007094825860737,0.3278518747499494
11051,3.114378789,Dinajpur,Kharif 2,25.0,67.5,Garlic,Oct,Nov to Jan,Feb,34417,30,20.0,65,70,,0.6968213826970469,0.3868017488324467,0.4042335990913202,0.16453601267501855,0.3510443820127166
5801,1.564040683,Faridpur,Kharif 2,25.0,67.5,Garlic,Oct,Nov to Jan,Feb,9073,30,20.0,65,70,,0.5571700752994787,0.43536877440977473,0.4746373619141085,0.08610085149561227,0.3607017999141199
28,2.25,Feni,Kharif 2,25.0,67.5,Garlic,Oct,Nov to Jan,Feb,63,30,20.0,65,70,,0.6864048324722554,0.49714174458122545,0.4589202557758623,0.1333711568174046,0.3828643827818602
729,1.249657064,Gaibandha,Kharif 2,25.0,67.5,Garlic,Oct,Nov to Jan,Feb,911,30,20.0,65,70,57.0,0.5191748931888249,0.322765296840751,0.3434167606212545,0.1257422048319586,0.3094345807109266
358,0.7737430168,Gazipur,Kharif 2,25.0,67.5,Garlic,Oct,Nov to Jan,Feb,277,30,20.0,65,70,,0.5223462850901985,0.5149329970425519,0.3482783737758274,0.11079975606238777,0.3255431189635358
403,2.744416873,Gopalganj,Kharif 2,25.0,67.5,Garlic,Oct,Nov to Jan,Feb,1106,30,20.0,65,70,56.0,0.6266318567705287,0.4964916130348305,0.4545933382146112,0.11427427481085248,0.4792702295360826
93,2.053763441,Habiganj,Kharif 2,25.0,67.5,Garlic,Oct,Nov to Jan,Feb,191,30,20.0,65,70,,0.45889587481196,0.34992383379184083,0.4730658538368976,0.10745088309731957,0.2399103651205681
1207,1.965202983,Jamalpur,Kharif 2,25.0,67.5,Garlic,Oct,Nov to Jan,Feb,2372,30,20.0,65,70,,0.5680638462794619,0.42085182728782405,0.3849267622873427,0.09965537605654745,0.1827577072035731
1320,2.806060606,Jashore,Kharif 2,25.0,67.5,Garlic,Oct,Nov to Jan,Feb,3704,30,20.0,65,70,,0.7028498240366357,0.48012564594231016,0.4688805230475235,0.1173427580268717,0.3838945484874524
27,0.8148148148,Jhallokati,Kharif 2,25.0,67.5,Garlic,Oct,Nov to Jan,Feb,22,30,20.0,65,70,,0.6984104731100329,0.5679888662508639,0.4152984185672557,0.15746420026921237,0.4988607970006209
3936,2.854166667,Jhenaidah,Kharif 2,25.0,67.5,Garlic,Oct,Nov to Jan,Feb,11234,30,20.0,65,70,,0.7437649112435227,0.47021602415197084,0.5172636126901161,0.1402011465114594,0.3220885598782582
304,2.552631579,Joypurhat,Kharif 2,25.0,67.5,Garlic,Oct,Nov to Jan,Feb,776,30,20.0,65,70,64.0,0.6950315134846194,0.40927512608791256,0.4013493246727935,0.14745697753942513,0.3194107068979877
48,0.9375,Khagrachari,Kharif 2,25.0,67.5,Garlic,Oct,Nov to Jan,Feb,45,30,20.0,65,70,54.0,0.7650947268938538,0.7481059286555686,0.6273542204861793,0.06636909739360669,0.3382196284333821
133,1.714285714,Khulna,Kharif 2,25.0,67.5,Garlic,Oct,Nov to Jan,Feb,228,30,20.0,65,70,59.0,0.5520675878443635,0.47790666131506754,0.4395870026247023,0.07492934787806237,0.4016941680534377
1062,2.531073446,Kishoreganj,Kharif 2,25.0,67.5,Garlic,Oct,Nov to Jan,Feb,2688,30,20.0,65,70,,0.1918684324560693,0.31381513359017527,0.4131448806084709,0.08149966147081066,0.0508200478358936
588,1.411564626,Kurigram,Kharif 2,25.0,67.5,Garlic,Oct,Nov to Jan,Feb,830,30,20.0,65,70,,0.4923091315654682,0.33805160006838664,0.294759011881437,0.10435991399828612,0.339929306221639
3518,2.637293917,Kushtia,Kharif 2,25.0,67.5,Garlic,Oct,Nov to Jan,Feb,9278,30,20.0,65,70,,0.6262090914547398,0.4283029819710166,0.5144873456235682,0.10644729332607474,0.2595401427302436
213,0.9577464789,Lakshmipur,Kharif 2,25.0,67.5,Garlic,Oct,Nov to Jan,Feb,204,30,20.0,65,70,56.0,0.5253667671733465,0.41014030883466795,0.329965698770968,0.11979833513013237,0.2352361031462211
623,1.898876404,Lalmonirhat,Kharif 2,25.0,67.5,Garlic,Oct,Nov to Jan,Feb,1183,30,20.0,65,70,,0.6005631769723303,0.3823839267660274,0.4948821771436415,0.107307787620379,0.4453238905714439
7523,2.997341486,Madaripur,Kharif 2,25.0,67.5,Garlic,Oct,Nov to Jan,Feb,22549,30,20.0,65,70,56.0,0.5680438314099354,0.44049908029810786,0.434792084871636,0.07842867347706994,0.4063651096234308
2649,3.234428086,Magura,Kharif 2,25.0,67.5,Garlic,Oct,Nov to Jan,Feb,8568,30,20.0,65,70,61.0,0.7173624754929421,0.45555782714401244,0.4803835186927634,0.13110219230751227,0.3522418035026976
1543,1.458846403,Manikganj,Kharif 2,25.0,67.5,Garlic,Oct,Nov to Jan,Feb,2251,30,20.0,65,70,,0.4193839512009965,0.40897790588719335,0.1994612868881428,0.09700858511451083,0.4114178092969235
1553,3.748229234,Meherpur,Kharif 2,25.0,67.5,Garlic,Oct,Nov to Jan,Feb,5821,30,20.0,65,70,65.0,0.6557736174550848,0.5221947705360562,0.6363343859653814,0.08323062590703074,0.1259660232378597
55,1.781818182,Moulvibazar,Kharif 2,25.0,67.5,Garlic,Oct,Nov to Jan,Feb,98,30,20.0,65,70,,0.5081293337700128,0.4973773365539827,0.4889183454377723,0.08711215451996922,0.4082711888182118
277,1.498194946,Munshiganj,Kharif 2,25.0,67.5,Garlic,Oct,Nov to Jan,Feb,415,30,20.0,65,70,,0.4799755728266007,0.3738250042080273,0.521983445304389,0.0847414401131189,0.31340565567292
1020,2.123529412,Mymensingh,Kharif 2,25.0,67.5,Garlic,Oct,Nov to Jan,Feb,2166,30,20.0,65,70,,0.6661036234448312,0.4232956264813726,0.2832779421973829,0.18371458826600523,0.4943108635282229
2762,2.691527878,Naogaon,Kharif 2,25.0,67.5,Garlic,Oct,Nov to Jan,Feb,7434,30,20.0,65,70,,0.6437611050179507,0.37894127531286753,0.3741281428245409,0.14969298424747765,0.3298349904608932
353,2.518413598,Narail,Kharif 2,25.0,67.5,Garlic,Oct,Nov to Jan,Feb,889,30,20.0,65,70,58.0,0.6251097875564693,0.44934903739449455,0.4757956922331443,0.10339320208910611,0.3795905639419704
170,1.005882353,Narayanganj,Kharif 2,25.0,67.5,Garlic,Oct,Nov to Jan,Feb,171,30,20.0,65,70,,0.3876193728015197,0.40610864952959475,0.3254064295331264,0.06405639857791444,0.3114359236632746
163,1.128834356,Narsingdi,Kharif 2,25.0,67.5,Garlic,Oct,Nov to Jan,Feb,184,30,20.0,65,70,,0.4212772529102456,0.48771259409401607,0.387696320210425,0.08433203807743385,0.3858671860931894
48842,3.022705868,Natore,Kharif 2,25.0,67.5,Garlic,Oct,Nov to Jan,Feb,147635,30,20.0,65,70,,0.6270773846150153,0.41538912359480146,0.5612003405949629,0.11933911025377163,0.1449640755138761
735,2.402721088,Netrokona,Kharif 2,25.0,67.5,Garlic,Oct,Nov to Jan,Feb,1766,30,20.0,65,70,,0.3798255718688024,0.3373138336982339,0.3702446184726372,0.08258312919009647,0.3045873133388933
1231,2.776604387,Nilphamari,Kharif 2,25.0,67.5,Garlic,Oct,Nov to Jan,Feb,3418,30,20.0,65,70,,0.653377154092829,0.38464508344545084,0.446760339331025,0.13133474146762816,0.4439194600915765
272,2.161764706,Noakhali,Kharif 2,25.0,67.5,Garlic,Oct,Nov to Jan,Feb,588,30,20.0,65,70,55.0,0.5743616085661583,0.47186043198864097,0.4522745592492853,0.10204877484659404,0.2611398897351406
24559,2.829268293,Pabna,Kharif 2,25.0,67.5,Garlic,Oct,Nov to Jan,Feb,69484,30,20.0,65,70,,0.576205463230183,0.4385109795933637,0.4649989728650389,0.07049032308152352,0.2688296958156423
1667,2.778644271,Panchagar,Kharif 2,25.0,67.5,Garlic,Oct,Nov to Jan,Feb,4632,30,20.0,65,70,,0.7131991955629091,0.37539887246575326,0.4220167525726432,0.16391501779584425,0.3210316931496211
305,0.8196721311,Patuakhali,Kharif 2,25.0,67.5,Garlic,Oct,Nov to Jan,Feb,250,30,20.0,65,70,,0.6209295032125958,0.4469002300928279,0.2752790517888959,0.1739046804518159,0.3662096619113779
66,1.242424242,Pirojpur,Kharif 2,25.0,67.5,Garlic,Oct,Nov to Jan,Feb,82,30,20.0,65,70,57.0,0.6644367573268926,0.5464543409335785,0.3932548344744789,0.14071016392833696,0.4734452905350293
14460,2.543706777,Rajbari,Kharif 2,25.0,67.5,Garlic,Oct,Nov to Jan,Feb,36782,30,20.0,65,70,60.0,0.583792751193523,0.39077065107812126,0.445050413155566,0.09912388542282641,0.3411103169038733
12373,4.176351734,Rajshahi,Kharif 2,25.0,67.5,Garlic,Oct,Nov to Jan,Feb,51674,30,20.0,65,70,65.0,0.5638042771009885,0.3884419627731112,0.4500902862447303,0.09105902071784178,0.2171911759580277
49,1.673469388,Rangamati,Kharif 2,25.0,67.5,Garlic,Oct,Nov to Jan,Feb,82,30,20.0,65,70,,0.7267932608407919,0.7102334517195891,0.6310743550546144,0.0484482738066935,0.407467011061289
2077,1.962927299,Rangpur,Kharif 2,25.0,67.5,Garlic,Oct,Nov to Jan,Feb,4077,30,20.0,65,70,59.0,0.6744499663546515,0.38501179522089624,0.4282935836855661,0.16350563829501702,0.4118453959149274
647,2.591962906,Satkhira,Kharif 2,25.0,67.5,Garlic,Oct,Nov to Jan,Feb,1677,30,20.0,65,70,59.0,0.5293331106485334,0.44110334303979704,0.416821054986026,0.05459028881828472,0.2954937434231568
2835,2.77989418,Shariatpur,Kharif 2,25.0,67.5,Garlic,Oct,Nov to Jan,Feb,7881,30,20.0,65,70,55.0,0.5050903206312234,0.3980224344313656,0.391216738930908,0.06258715588612321,0.337774879445382
449,1.844097996,Sherpur,Kharif 2,25.0,67.5,Garlic,Oct,Nov to Jan,Feb,828,30,20.0,65,70,,0.662903433290502,0.4337164359337668,0.355035413839545,0.1637294099255463,0.3417866673453712
2060,2.194174757,Sirajganj,Kharif 2,25.0,67.5,Garlic,Oct,Nov to Jan,Feb,4520,30,20.0,65,70,,0.4306876986901167,0.3550624524230064,0.3198299670185812,0.04494386876496281,0.1714208140792081
197,2.720812183,Sunamganj,Kharif 2,25.0,67.5,Garlic,Oct,Nov to Jan,Feb,536,30,20.0,65,70,54.0,0.0714833095098531,0.23662201695331866,0.5312190703372729,0.17141414489603843,0.0062517479924633
108,1.444444444,Sylhet,Kharif 2,25.0,67.5,Garlic,Oct,Nov to Jan,Feb,156,30,20.0,65,70,54.0,0.4585160647406363,0.4436236900609243,0.4606201196420315,0.06458235060128326,0.3776845712197997
2835,2.77989418,Tangail,Kharif 2,25.0,67.5,Garlic,Oct,Nov to Jan,Feb,7881,30,20.0,65,70,60.0,0.5962526033050995,0.45516708968109687,0.2360260118339428,0.14350067952212064,0.3358840930816195
739,2.090663058,Thakurgaon,Kharif 2,25.0,67.5,Garlic,Oct,Nov to Jan,Feb,1545,30,20.0,65,70,,0.6913470028229801,0.3985865952107453,0.532704520344867,0.13863718502202446,0.3582324259138552
18,1.555555556,Bagerhat,Rabi,20.0,67.5,Ginger,Oct,Nov to March,March to April,28,25,15.0,60,75,57.0,0.5549719290375441,0.5337443034963723,0.4278334627608135,0.1100116478308852,0.4868351131875976
1553,2.542820348,Bandarban,Rabi,20.0,67.5,Ginger,Oct,Nov to March,March to April,3949,25,15.0,60,75,55.0,0.7430366041768727,0.7090182591778561,0.4776802185450748,0.14304254324966362,0.3862715233777672
0,#DIV/0!,Barguna,Rabi,20.0,67.5,Ginger,Oct,Nov to March,March to April,0,25,15.0,60,75,57.0,0.5890323017558614,0.4225216884300404,0.3114118478202062,0.15230155193712117,0.3310758402525957
0,#DIV/0!,Barishal,Rabi,20.0,67.5,Ginger,Oct,Nov to March,March to April,0,25,15.0,60,75,,0.5411183729753246,0.3762113383736182,0.3712496033176619,0.11510079301947224,0.3272113771710582
0,#DIV/0!,Bhola,Rabi,20.0,67.5,Ginger,Oct,Nov to March,March to April,0,25,15.0,60,75,56.0,0.4215271980368956,0.2905412065477276,0.2628488948494496,0.09019156532880034,0.2334659055742139
361,4.216066482,Bogura,Rabi,20.0,67.5,Ginger,Oct,Nov to March,March to April,1522,25,15.0,60,75,,0.6043189721273731,0.4014906816487459,0.4502850820864688,0.10702124046307472,0.2859644007903595
76,2.092105263,Brahmanbaria,Rabi,20.0,67.5,Ginger,Oct,Nov to March,March to April,159,25,15.0,60,75,54.0,0.4183456917031,0.42041651192908064,0.5393713240351568,0.10812197459441848,0.2430711904191838
2,3,Chandpur,Rabi,20.0,67.5,Ginger,Oct,Nov to March,March to April,6,25,15.0,60,75,,0.5270362529660546,0.4196287472489478,0.3842086180373251,0.09796058581674542,0.2851182395817753
0,#DIV/0!,Chapai Nawabganj,Rabi,20.0,67.5,Ginger,Oct,Nov to March,March to April,0,25,15.0,60,75,,0.5494797758461835,0.4465936484687614,0.4353891809711724,0.08853729197097461,0.2346338663805179
1750,4.733142857,Chattogram,Rabi,20.0,67.5,Ginger,Oct,Nov to March,March to April,8283,25,15.0,60,75,,0.6563726676016034,0.5398677235407751,0.4104518278809792,0.10750040936404333,0.4368271330834088
30,2.633333333,Chuadanga,Rabi,20.0,67.5,Ginger,Oct,Nov to March,March to April,79,25,15.0,60,75,,0.6058950868858013,0.5459297496825638,0.5375293719334024,0.06822161350001604,0.1390385944438268
160,2.4125,CoxsBazar,Rabi,20.0,67.5,Ginger,Oct,Nov to March,March to April,386,25,15.0,60,75,55.0,0.5920513052550939,0.47650665848801904,0.41255151434835624,0.06931836672637309,0.2866525849958106
112,1.8125,Cumilla,Rabi,20.0,67.5,Ginger,Oct,Nov to March,March to April,203,25,15.0,60,75,,0.6260474113432829,0.496514278149792,0.43549782798141,0.1371442986277815,0.3487596083130284
16,5.375,Dhaka,Rabi,20.0,67.5,Ginger,Oct,Nov to March,March to April,86,25,15.0,60,75,,0.42014379344061,0.3937563759967836,0.31966499329081344,0.08508889886739143,0.3278518747499494
315,3.117460317,Dinajpur,Rabi,20.0,67.5,Ginger,Oct,Nov to March,March to April,982,25,15.0,60,75,,0.6968213826970469,0.42830616001138067,0.48169108106705266,0.1458592526127134,0.3510443820127166
26,1.5,Faridpur,Rabi,20.0,67.5,Ginger,Oct,Nov to March,March to April,39,25,15.0,60,75,,0.5571700752994787,0.4581886948889823,0.33493569694063985,0.13917883553703742,0.3607017999141199
14,1.214285714,Feni,Rabi,20.0,67.5,Ginger,Oct,Nov to March,March to April,17,25,15.0,60,75,,0.6864048324722554,0.49054491363759645,0.4089169233706212,0.13457311384527107,0.3828643827818602
394,1.92893401,Gaibandha,Rabi,20.0,67.5,Ginger,Oct,Nov to March,March to April,760,25,15.0,60,75,57.0,0.5191748931888249,0.36339522225653276,0.380662399855046,0.12556206186323002,0.3094345807109266
587,2.173764906,Gazipur,Rabi,20.0,67.5,Ginger,Oct,Nov to March,March to April,1276,25,15.0,60,75,,0.5223462850901985,0.4808542297551326,0.4062618659512596,0.11515122917711507,0.3255431189635358
31,1.387096774,Gopalganj,Rabi,20.0,67.5,Ginger,Oct,Nov to March,March to April,43,25,15.0,60,75,56.0,0.6266318567705287,0.5154311821773885,0.4993561523954592,0.12132253367968518,0.4792702295360826
120,2.841666667,Habiganj,Rabi,20.0,67.5,Ginger,Oct,Nov to March,March to April,341,25,15.0,60,75,,0.45889587481196,0.4248595780224734,0.5054355524591956,0.11663684385299297,0.2399103651205681
493,3.894523327,Jamalpur,Rabi,20.0,67.5,Ginger,Oct,Nov to March,March to April,1920,25,15.0,60,75,,0.5680638462794619,0.4350589239459179,0.3740578779844945,0.12504480572978646,0.1827577072035731
58,2.810344828,Jashore,Rabi,20.0,67.5,Ginger,Oct,Nov to March,March to April,163,25,15.0,60,75,,0.7028498240366357,0.5032073812466739,0.5580905404218051,0.10135421241836014,0.3838945484874524
0,#DIV/0!,Jhallokati,Rabi,20.0,67.5,Ginger,Oct,Nov to March,March to April,0,25,15.0,60,75,,0.6984104731100329,0.5274351262828464,0.45120352157353144,0.14497461352264937,0.4988607970006209
91,2.791208791,Jhenaidah,Rabi,20.0,67.5,Ginger,Oct,Nov to March,March to April,254,25,15.0,60,75,,0.7437649112435227,0.507036695303401,0.5502829648381724,0.11936234993167984,0.3220885598782582
111,3.297297297,Joypurhat,Rabi,20.0,67.5,Ginger,Oct,Nov to March,March to April,366,25,15.0,60,75,64.0,0.6950315134846194,0.4232590030306952,0.5176417955124151,0.12437850475115055,0.3194107068979877
4346,2.783939254,Khagrachari,Rabi,20.0,67.5,Ginger,Oct,Nov to March,March to April,12099,25,15.0,60,75,54.0,0.7650947268938538,0.6890913107741159,0.44661939276924423,0.16459511644422764,0.3382196284333821
55,1.727272727,Khulna,Rabi,20.0,67.5,Ginger,Oct,Nov to March,March to April,95,25,15.0,60,75,59.0,0.5520675878443635,0.474247876370422,0.376340550560046,0.10717354579240082,0.4016941680534377
199,2.537688442,Kishoreganj,Rabi,20.0,67.5,Ginger,Oct,Nov to March,March to April,505,25,15.0,60,75,,0.1918684324560693,0.3985315848654734,0.5028384474734935,0.13943780131608766,0.0508200478358936
454,2.850220264,Kurigram,Rabi,20.0,67.5,Ginger,Oct,Nov to March,March to April,1294,25,15.0,60,75,,0.4923091315654682,0.3507221561503044,0.3336651156971563,0.10741613154634982,0.339929306221639
76,3.907894737,Kushtia,Rabi,20.0,67.5,Ginger,Oct,Nov to March,March to April,297,25,15.0,60,75,,0.6262090914547398,0.4604070886611039,0.43646956191598824,0.09786242027502172,0.2595401427302436
5,1,Lakshmipur,Rabi,20.0,67.5,Ginger,Oct,Nov to March,March to April,5,25,15.0,60,75,56.0,0.5253667671733465,0.3940669872154256,0.3830650053075497,0.10042555304230874,0.2352361031462211
528,4.857954545,Lalmonirhat,Rabi,20.0,67.5,Ginger,Oct,Nov to March,March to April,2565,25,15.0,60,75,,0.6005631769723303,0.442112205816401,0.48753596719343795,0.10112176136703796,0.4453238905714439
0,#DIV/0!,Madaripur,Rabi,20.0,67.5,Ginger,Oct,Nov to March,March to April,0,25,15.0,60,75,56.0,0.5680438314099354,0.45379528244662365,0.3292899279087698,0.1403162469963059,0.4063651096234308
25,2.72,Magura,Rabi,20.0,67.5,Ginger,Oct,Nov to March,March to April,68,25,15.0,60,75,61.0,0.7173624754929421,0.48553138093938986,0.46611657947290897,0.12785965496739038,0.3522418035026976
171,1.50877193,Manikganj,Rabi,20.0,67.5,Ginger,Oct,Nov to March,March to April,258,25,15.0,60,75,,0.4193839512009965,0.372019830815249,0.33590635489755755,0.09861609153404356,0.4114178092969235
15,2,Meherpur,Rabi,20.0,67.5,Ginger,Oct,Nov to March,March to April,30,25,15.0,60,75,65.0,0.6557736174550848,0.5547565477914448,0.4974800198847735,0.08789896889732247,0.1259660232378597
233,3.201716738,Moulvibazar,Rabi,20.0,67.5,Ginger,Oct,Nov to March,March to April,746,25,15.0,60,75,,0.5081293337700128,0.49773408134336455,0.4424355813652967,0.08488885957999688,0.4082711888182118
0,#DIV/0!,Munshiganj,Rabi,20.0,67.5,Ginger,Oct,Nov to March,March to April,0,25,15.0,60,75,,0.4799755728266007,0.4280112858983508,0.3110355800281319,0.13907044762862025,0.31340565567292
918,2.540305011,Mymensingh,Rabi,20.0,67.5,Ginger,Oct,Nov to March,March to April,2332,25,15.0,60,75,,0.6661036234448312,0.4243696413120338,0.42397269741357857,0.17197442360608786,0.4943108635282229
188,3.468085106,Naogaon,Rabi,20.0,67.5,Ginger,Oct,Nov to March,March to April,652,25,15.0,60,75,,0.6437611050179507,0.42621288307793403,0.47774365924495954,0.1490518675511966,0.3298349904608932
66,2.393939394,Narail,Rabi,20.0,67.5,Ginger,Oct,Nov to March,March to April,158,25,15.0,60,75,58.0,0.6251097875564693,0.4797292868454324,0.45781944004041636,0.10923326137090027,0.3795905639419704
18,1.055555556,Narayanganj,Rabi,20.0,67.5,Ginger,Oct,Nov to March,March to April,19,25,15.0,60,75,,0.3876193728015197,0.39569107123338565,0.3444786288973941,0.07658986271822814,0.3114359236632746
205,1.32195122,Narsingdi,Rabi,20.0,67.5,Ginger,Oct,Nov to March,March to April,271,25,15.0,60,75,,0.4212772529102456,0.48367049414310087,0.47100681377990244,0.08894703970502957,0.3858671860931894
63,1.666666667,Natore,Rabi,20.0,67.5,Ginger,Oct,Nov to March,March to April,105,25,15.0,60,75,,0.6270773846150153,0.48462457973289264,0.5047846049719983,0.11694281798209018,0.1449640755138761
130,2.338461538,Netrokona,Rabi,20.0,67.5,Ginger,Oct,Nov to March,March to April,304,25,15.0,60,75,,0.3798255718688024,0.4040840519586906,0.4281462710157188,0.14361385584881256,0.3045873133388933
2820,3.50035461,Nilphamari,Rabi,20.0,67.5,Ginger,Oct,Nov to March,March to April,9871,25,15.0,60,75,,0.653377154092829,0.44095239628183175,0.47605212521984996,0.13081823882432134,0.4439194600915765
0,#DIV/0!,Noakhali,Rabi,20.0,67.5,Ginger,Oct,Nov to March,March to April,0,25,15.0,60,75,55.0,0.5743616085661583,0.4706539103161309,0.4169682912797537,0.09859302369303177,0.2611398897351406
23,1.826086957,Pabna,Rabi,20.0,67.5,Ginger,Oct,Nov to March,March to April,42,25,15.0,60,75,,0.576205463230183,0.4566358535522822,0.40216807011248845,0.08841621209086932,0.2688296958156423
1001,3.21978022,Panchagar,Rabi,20.0,67.5,Ginger,Oct,Nov to March,March to April,3223,25,15.0,60,75,,0.7131991955629091,0.4086399716839345,0.3488928056989298,0.1660471203623592,0.3210316931496211
0,#DIV/0!,Patuakhali,Rabi,20.0,67.5,Ginger,Oct,Nov to March,March to April,0,25,15.0,60,75,,0.6209295032125958,0.3886271819811816,0.28185181175405905,0.16543853546748835,0.3662096619113779
0,#DIV/0!,Pirojpur,Rabi,20.0,67.5,Ginger,Oct,Nov to March,March to April,0,25,15.0,60,75,57.0,0.6644367573268926,0.5119507938211989,0.4331969211543728,0.1372120317729899,0.4734452905350293
5,1.6,Rajbari,Rabi,20.0,67.5,Ginger,Oct,Nov to March,March to April,8,25,15.0,60,75,60.0,0.583792751193523,0.4196108558651421,0.36241845556408,0.11249378373215907,0.3411103169038733
2,3.5,Rajshahi,Rabi,20.0,67.5,Ginger,Oct,Nov to March,March to April,7,25,15.0,60,75,65.0,0.5638042771009885,0.41850483945774686,0.43424945220126526,0.07836275457077709,0.2171911759580277
3686,4.177428106,Rangamati,Rabi,20.0,67.5,Ginger,Oct,Nov to March,March to April,15398,25,15.0,60,75,,0.7267932608407919,0.6516585495337648,0.385264777195591,0.17010131784547686,0.407467011061289
1006,3.174950298,Rangpur,Rabi,20.0,67.5,Ginger,Oct,Nov to March,March to April,3194,25,15.0,60,75,59.0,0.6744499663546515,0.422109534065937,0.40872225002225654,0.1514596809934557,0.4118453959149274
77,4.688311688,Satkhira,Rabi,20.0,67.5,Ginger,Oct,Nov to March,March to April,361,25,15.0,60,75,59.0,0.5293331106485334,0.4447332981216744,0.3778276574338402,0.08419644024669956,0.2954937434231568
0,#DIV/0!,Shariatpur,Rabi,20.0,67.5,Ginger,Oct,Nov to March,March to April,0,25,15.0,60,75,55.0,0.5050903206312234,0.40729260207623846,0.2718762498233473,0.13570917244933095,0.337774879445382
223,3.278026906,Sherpur,Rabi,20.0,67.5,Ginger,Oct,Nov to March,March to April,731,25,15.0,60,75,,0.662903433290502,0.4571844823717428,0.4487996261148688,0.16981786589011325,0.3417866673453712
153,2.150326797,Sirajganj,Rabi,20.0,67.5,Ginger,Oct,Nov to March,March to April,329,25,15.0,60,75,,0.4306876986901167,0.3717507116551507,0.35876955088044,0.07587465677817191,0.1714208140792081
47,5.659574468,Sunamganj,Rabi,20.0,67.5,Ginger,Oct,Nov to March,March to April,266,25,15.0,60,75,54.0,0.0714833095098531,0.37261620562845155,0.43029307331041156,0.19631834881919175,0.0062517479924633
79,1.278481013,Sylhet,Rabi,20.0,67.5,Ginger,Oct,Nov to March,March to April,101,25,15.0,60,75,54.0,0.4585160647406363,0.45697169262686954,0.36677937247595965,0.09884893917290195,0.3776845712197997
2123,2.474799812,Tangail,Rabi,20.0,67.5,Ginger,Oct,Nov to March,March to April,5254,25,15.0,60,75,60.0,0.5962526033050995,0.4234229976078102,0.3673901706057424,0.14929537950302899,0.3358840930816195
128,1.9921875,Thakurgaon,Rabi,20.0,67.5,Ginger,Oct,Nov to March,March to April,255,25,15.0,60,75,,0.6913470028229801,0.45499309721672854,0.4599030426161464,0.12430236925266322,0.3582324259138552
636,3.940251572,Bagerhat,Kharif 2,26.5,80.0,Gourd,July,Aug to Jan,Jan to March,2506,35,18.0,75,85,57.0,0.3076850950523782,0.49570656580242556,0.5310603918516658,0.0995778911463617,0.2093828623516599
796,3.619346734,Bandarban,Kharif 2,26.5,80.0,Gourd,July,Aug to Jan,Jan to March,2881,35,18.0,75,85,55.0,0.5380354289240772,0.6520160817421483,0.6711461843279111,0.14239154422614234,0.4365742393395427
147,3.19047619,Barguna,Kharif 2,26.5,80.0,Gourd,July,Aug to Jan,Jan to March,469,35,18.0,75,85,57.0,0.3334017153350163,0.429825104601911,0.3254094075465732,0.15499109467258815,0.2099802275666429
790,4.658227848,Barishal,Kharif 2,26.5,80.0,Gourd,July,Aug to Jan,Jan to March,3680,35,18.0,75,85,,0.3245837439937262,0.3756671193143899,0.3258251891916187,0.11959385728789385,0.1933459589530938
659,2.71168437,Bhola,Kharif 2,26.5,80.0,Gourd,July,Aug to Jan,Jan to March,1787,35,18.0,75,85,56.0,0.1855874177236102,0.27103917455431326,0.25369716913212814,0.11388513302689585,0.1700006675577468
744,5.275537634,Bogura,Kharif 2,26.5,80.0,Gourd,July,Aug to Jan,Jan to March,3925,35,18.0,75,85,,0.2857453203994977,0.35827960823899824,0.402110869787143,0.14030367365110893,0.1186313763339489
827,4.38694075,Brahmanbaria,Kharif 2,26.5,80.0,Gourd,July,Aug to Jan,Jan to March,3628,35,18.0,75,85,54.0,0.188064601572371,0.33061955366135004,0.4280301292838294,0.13757487116938186,0.0571539099837129
985,5.900507614,Chandpur,Kharif 2,26.5,80.0,Gourd,July,Aug to Jan,Jan to March,5812,35,18.0,75,85,,0.3248166463103474,0.3747799622931131,0.39344653680848696,0.1094082920311148,0.2069406843342435
307,3.429967427,Chapai Nawabganj,Kharif 2,26.5,80.0,Gourd,July,Aug to Jan,Jan to March,1053,35,18.0,75,85,,0.3158738866969921,0.4057294194247083,0.44328237522718034,0.10636323583278542,0.372994229085631
1264,5.180379747,Chattogram,Kharif 2,26.5,80.0,Gourd,July,Aug to Jan,Jan to March,6548,35,18.0,75,85,,0.4592212447118667,0.5093771485066706,0.5028219050815989,0.12196196952331136,0.2968827150300339
847,4.867768595,Chuadanga,Kharif 2,26.5,80.0,Gourd,July,Aug to Jan,Jan to March,4123,35,18.0,75,85,,0.3129435337540583,0.4465289227358769,0.5678158007056634,0.1596771126874543,0.3525594225872085
297,6.050505051,CoxsBazar,Kharif 2,26.5,80.0,Gourd,July,Aug to Jan,Jan to March,1797,35,18.0,75,85,55.0,0.3617584244219423,0.4482418336610914,0.46153591965254687,0.09319616163318,0.3290250380015852
1635,6.297859327,Cumilla,Kharif 2,26.5,80.0,Gourd,July,Aug to Jan,Jan to March,10297,35,18.0,75,85,,0.4432566265522507,0.44431682883083523,0.4634169807395878,0.13607530917019944,0.1337973760585641
1953,6.874551971,Dhaka,Kharif 2,26.5,80.0,Gourd,July,Aug to Jan,Jan to March,13426,35,18.0,75,85,,0.2359514042907517,0.3499528042763059,0.3773540523494136,0.09636794743294604,0.2388020657596918
655,6.497709924,Dinajpur,Kharif 2,26.5,80.0,Gourd,July,Aug to Jan,Jan to March,4256,35,18.0,75,85,,0.1911947455467423,0.40668154565240205,0.4391421972459331,0.16864004727658488,0.0654733330872791
939,4.113951012,Faridpur,Kharif 2,26.5,80.0,Gourd,July,Aug to Jan,Jan to March,3863,35,18.0,75,85,,0.1922260030735255,0.409729490341148,0.4630858807111416,0.1306872051981825,0.2985891466935776
379,7.071240106,Feni,Kharif 2,26.5,80.0,Gourd,July,Aug to Jan,Jan to March,2680,35,18.0,75,85,,0.3420579380209889,0.4555742910646838,0.46254311368047274,0.15685039204371837,0.0507026668147709
411,2.761557178,Gaibandha,Kharif 2,26.5,80.0,Gourd,July,Aug to Jan,Jan to March,1135,35,18.0,75,85,57.0,0.2962063273967376,0.3305234132655749,0.3644401500636081,0.12245627462378958,0.02131745298654
2585,2.945067698,Gazipur,Kharif 2,26.5,80.0,Gourd,July,Aug to Jan,Jan to March,7613,35,18.0,75,85,,0.3447734668324618,0.41209508113671817,0.4220036237240463,0.16062355077104268,0.1101810937198298
701,6.530670471,Gopalganj,Kharif 2,26.5,80.0,Gourd,July,Aug to Jan,Jan to March,4578,35,18.0,75,85,56.0,0.3497550691217142,0.49477784635820815,0.49104019236001745,0.11673983281503432,0.3587029695775944
805,9.934161491,Habiganj,Kharif 2,26.5,80.0,Gourd,July,Aug to Jan,Jan to March,7997,35,18.0,75,85,,0.245932692591611,0.31723452704743876,0.44688528396589416,0.15024574366594798,0.1404958846908667
2166,4.070175439,Jamalpur,Kharif 2,26.5,80.0,Gourd,July,Aug to Jan,Jan to March,8816,35,18.0,75,85,,0.2646026336761234,0.3630311239397625,0.4110530343427405,0.14981373260400888,0.0660620517345922
1013,5.449160908,Jashore,Kharif 2,26.5,80.0,Gourd,July,Aug to Jan,Jan to March,5520,35,18.0,75,85,,0.2644109823157027,0.47601515877710954,0.5077224522361125,0.14007555307499653,0.1878303907762366
901,6.992230855,Jhallokati,Kharif 2,26.5,80.0,Gourd,July,Aug to Jan,Jan to March,6300,35,18.0,75,85,,0.3997108859765451,0.5264966190561741,0.4437524233269056,0.15347033832135365,0.3198153813956541
923,4.997833153,Jhenaidah,Kharif 2,26.5,80.0,Gourd,July,Aug to Jan,Jan to March,4613,35,18.0,75,85,,0.2515724809224544,0.472497355685301,0.5232380446390258,0.15817274633609676,0.3144404421042321
216,5.087962963,Joypurhat,Kharif 2,26.5,80.0,Gourd,July,Aug to Jan,Jan to March,1099,35,18.0,75,85,64.0,0.2741185892315073,0.39605591632712134,0.4414659029625008,0.16133516770790127,0.1336078370665993
796,3.619346734,Khagrachari,Kharif 2,26.5,80.0,Gourd,July,Aug to Jan,Jan to March,2881,35,18.0,75,85,54.0,0.5632408079214678,0.6420573073808667,0.6379503765918614,0.1471148918454995,0.2320701094515291
497,2.6861167,Khulna,Kharif 2,26.5,80.0,Gourd,July,Aug to Jan,Jan to March,1335,35,18.0,75,85,59.0,0.2418435740231755,0.44363430135160287,0.4572477264538242,0.11323944036467896,0.2015083923668761
681,7.585903084,Kishoreganj,Kharif 2,26.5,80.0,Gourd,July,Aug to Jan,Jan to March,5166,35,18.0,75,85,,0.0466277222103982,0.20323255102157814,0.4541608085029905,0.20043269750018594,-0.0336641988977872
482,4.468879668,Kurigram,Kharif 2,26.5,80.0,Gourd,July,Aug to Jan,Jan to March,2154,35,18.0,75,85,,0.2126574194433389,0.33440522757233787,0.3351256585018025,0.11403583162095711,0.0474631119536175
477,4.830188679,Kushtia,Kharif 2,26.5,80.0,Gourd,July,Aug to Jan,Jan to March,2304,35,18.0,75,85,,0.3063360618005153,0.41206612838593454,0.48457925711805044,0.12548992923829183,0.360379678702526
682,4.159824047,Lakshmipur,Kharif 2,26.5,80.0,Gourd,July,Aug to Jan,Jan to March,2837,35,18.0,75,85,56.0,0.216911533590321,0.3607559479849136,0.3344784905348415,0.13485485065749767,0.1289476151265251
309,8.482200647,Lalmonirhat,Kharif 2,26.5,80.0,Gourd,July,Aug to Jan,Jan to March,2621,35,18.0,75,85,,0.1886964255619581,0.41292915422716353,0.47779928539651834,0.13434968550593884,0.1387455869466906
726,4.867768595,Madaripur,Kharif 2,26.5,80.0,Gourd,July,Aug to Jan,Jan to March,3534,35,18.0,75,85,56.0,0.3015037563974885,0.4223520318468054,0.4465895186859274,0.10638107035948913,0.3559742042723802
235,5.114893617,Magura,Kharif 2,26.5,80.0,Gourd,July,Aug to Jan,Jan to March,1202,35,18.0,75,85,61.0,0.3068813352363869,0.44355690909043616,0.49517532132545855,0.1525480711977197,0.3192240072859663
784,3.955357143,Manikganj,Kharif 2,26.5,80.0,Gourd,July,Aug to Jan,Jan to March,3101,35,18.0,75,85,,0.2227934918175409,0.3731705540877117,0.3546973489651107,0.10872262552828411,0.1685356100952224
302,9.278145695,Meherpur,Kharif 2,26.5,80.0,Gourd,July,Aug to Jan,Jan to March,2802,35,18.0,75,85,65.0,0.3536386487641446,0.4568879995089626,0.5831407600083424,0.16840633584721967,0.4049998628938372
580,6.960344828,Moulvibazar,Kharif 2,26.5,80.0,Gourd,July,Aug to Jan,Jan to March,4037,35,18.0,75,85,,0.3316964980247003,0.4397282988742564,0.4569660852913717,0.11648575863517802,0.2872841543480849
561,5.386809269,Munshiganj,Kharif 2,26.5,80.0,Gourd,July,Aug to Jan,Jan to March,3022,35,18.0,75,85,,0.3160496897107698,0.3412284392374227,0.4525393377447156,0.12344899303886975,0.3061790651261972
1825,5.979726027,Mymensingh,Kharif 2,26.5,80.0,Gourd,July,Aug to Jan,Jan to March,10913,35,18.0,75,85,,0.2698808416271118,0.4282148378531699,0.3751157558309477,0.1823815450649591,0.147268203746856
413,4.128329298,Naogaon,Kharif 2,26.5,80.0,Gourd,July,Aug to Jan,Jan to March,1705,35,18.0,75,85,,0.3045155374762066,0.39524510171520716,0.43432741698029503,0.14818401540012002,0.151012544621987
439,4.952164009,Narail,Kharif 2,26.5,80.0,Gourd,July,Aug to Jan,Jan to March,2174,35,18.0,75,85,58.0,0.2634323510957302,0.44113404328853517,0.4821649438285152,0.12720696222802844,0.2931034421079588
1361,4.157972079,Narayanganj,Kharif 2,26.5,80.0,Gourd,July,Aug to Jan,Jan to March,5659,35,18.0,75,85,,0.3477409062434406,0.35382526014346594,0.3641961125258338,0.0804634942156633,0.2139360142323902
989,7.700707786,Narsingdi,Kharif 2,26.5,80.0,Gourd,July,Aug to Jan,Jan to March,7616,35,18.0,75,85,,0.3843016714945546,0.41525499271190186,0.4467058711280038,0.11055884214768588,0.0686431818013071
395,3.562025316,Natore,Kharif 2,26.5,80.0,Gourd,July,Aug to Jan,Jan to March,1407,35,18.0,75,85,,0.3978173091447218,0.3780010211485376,0.5192715602395143,0.166705568220282,0.2396934944526867
598,3.913043478,Netrokona,Kharif 2,26.5,80.0,Gourd,July,Aug to Jan,Jan to March,2340,35,18.0,75,85,,0.09812317506523,0.30101553838982265,0.4137755486167342,0.1685824255904806,-0.0374691032015912
328,6.777439024,Nilphamari,Kharif 2,26.5,80.0,Gourd,July,Aug to Jan,Jan to March,2223,35,18.0,75,85,,0.0941026951895885,0.4247312928711258,0.4580404607121493,0.16906373261829627,0.1378536434354302
968,3.723140496,Noakhali,Kharif 2,26.5,80.0,Gourd,July,Aug to Jan,Jan to March,3604,35,18.0,75,85,55.0,0.3002479520998793,0.39957418679379214,0.43439086688218675,0.15061878365592463,0.1125262690416429
588,2.409863946,Pabna,Kharif 2,26.5,80.0,Gourd,July,Aug to Jan,Jan to March,1417,35,18.0,75,85,,0.3322302187313384,0.40434575563072106,0.46696140823084287,0.10839085144202706,0.3338369511018429
554,6.657039711,Panchagar,Kharif 2,26.5,80.0,Gourd,July,Aug to Jan,Jan to March,3688,35,18.0,75,85,,0.2408245389975022,0.4216382076491838,0.40071757436792343,0.1422223589323629,0.194460217324899
297,2.185185185,Patuakhali,Kharif 2,26.5,80.0,Gourd,July,Aug to Jan,Jan to March,649,35,18.0,75,85,,0.2708267478018758,0.40469089856481144,0.3030411264598909,0.17147910410454142,0.1845850493144675
671,3.123695976,Pirojpur,Kharif 2,26.5,80.0,Gourd,July,Aug to Jan,Jan to March,2096,35,18.0,75,85,57.0,0.3852390179122407,0.5066138911142352,0.442526845137816,0.1393520804004506,0.264165553095138
833,5.43817527,Rajbari,Kharif 2,26.5,80.0,Gourd,July,Aug to Jan,Jan to March,4530,35,18.0,75,85,60.0,0.3247059383230628,0.3823654966193999,0.4385174120226673,0.11397404825191623,0.3693864167143024
1160,6.374137931,Rajshahi,Kharif 2,26.5,80.0,Gourd,July,Aug to Jan,Jan to March,7394,35,18.0,75,85,65.0,0.2946516903259429,0.37829373083584267,0.4345441802493639,0.10874851095047659,0.309744230953222
594,3.808080808,Rangamati,Kharif 2,26.5,80.0,Gourd,July,Aug to Jan,Jan to March,2262,35,18.0,75,85,,0.609906371670307,0.6102642335735672,0.608992904675605,0.1352616294491139,0.3566101220905236
565,4.099115044,Rangpur,Kharif 2,26.5,80.0,Gourd,July,Aug to Jan,Jan to March,2316,35,18.0,75,85,59.0,0.2367261980987058,0.41667606495707216,0.4177240754748042,0.1509228189747832,0.0468616342173195
552,6.190217391,Satkhira,Kharif 2,26.5,80.0,Gourd,July,Aug to Jan,Jan to March,3417,35,18.0,75,85,59.0,0.2474221884969978,0.40149502994418684,0.4390374300963688,0.10415242387619798,0.1194165133466915
458,5.989082969,Shariatpur,Kharif 2,26.5,80.0,Gourd,July,Aug to Jan,Jan to March,2743,35,18.0,75,85,55.0,0.2376970365297308,0.390500651579523,0.3988244619550267,0.08327739728011019,0.3246768434248136
465,5.929032258,Sherpur,Kharif 2,26.5,80.0,Gourd,July,Aug to Jan,Jan to March,2757,35,18.0,75,85,,0.2947216372986462,0.41771395565595776,0.42147435111796216,0.16986468107290348,0.0528778723675305
616,5.793831169,Sirajganj,Kharif 2,26.5,80.0,Gourd,July,Aug to Jan,Jan to March,3569,35,18.0,75,85,,0.2391123797848982,0.2976374337766637,0.374433544926247,0.11715876677862698,0.1381345270632336
1215,3.281481481,Sunamganj,Kharif 2,26.5,80.0,Gourd,July,Aug to Jan,Jan to March,3987,35,18.0,75,85,54.0,-0.0542292857374388,0.13286746771946872,0.4831048862306309,0.2378405940077418,-0.1976703408679797
1070,4.401869159,Sylhet,Kharif 2,26.5,80.0,Gourd,July,Aug to Jan,Jan to March,4710,35,18.0,75,85,54.0,0.13485983039162,0.3907754881278304,0.4382349369142626,0.13923399786343987,0.021092634797125
2252,4.553730018,Tangail,Kharif 2,26.5,80.0,Gourd,July,Aug to Jan,Jan to March,10255,35,18.0,75,85,60.0,0.1595776260298182,0.40947279623169347,0.37549463161646995,0.16487633986524503,0.1318871049415015
256,3.609375,Thakurgaon,Kharif 2,26.5,80.0,Gourd,July,Aug to Jan,Jan to March,924,35,18.0,75,85,,0.2128467513454522,0.43799239835898374,0.504262929415545,0.14110581825951832,0.1637129632869899
7,0.2857142857,Bagerhat,Kharif 2,27.5,35.0,Gram,Aug,Sep to Oct,Nov,2,35,20.0,25,45,57.0,0.36797252036576,0.5209035211125709,0.6214849029628107,0.10822922826383441,0.3076850950523782
7,0.4285714286,Bandarban,Kharif 2,27.5,35.0,Gram,Aug,Sep to Oct,Nov,3,35,20.0,25,45,55.0,0.4875178800779642,0.56465406377732,0.7636090237183978,0.1874955775464185,0.5380354289240772
42,0.3571428571,Barguna,Kharif 2,27.5,35.0,Gram,Aug,Sep to Oct,Nov,15,35,20.0,25,45,57.0,0.1725115850101264,0.46005407100422857,0.6701243948177539,0.22991339401043845,0.3334017153350163
959,0.3993743483,Barishal,Kharif 2,27.5,35.0,Gram,Aug,Sep to Oct,Nov,383,35,20.0,25,45,,0.1904844619362955,0.4341648750731914,0.5307537456864099,0.16948812606336158,0.3245837439937262
74,0.6891891892,Bhola,Kharif 2,27.5,35.0,Gram,Aug,Sep to Oct,Nov,51,35,20.0,25,45,56.0,0.0628187267415414,0.32749655180555476,0.4295190696079973,0.17467329774529008,0.1855874177236102
8,0.375,Bogura,Kharif 2,27.5,35.0,Gram,Aug,Sep to Oct,Nov,3,35,20.0,25,45,,0.1458454463723086,0.4451416864588663,0.4866866462303992,0.2044261145515635,0.2857453203994977
0,#DIV/0!,Brahmanbaria,Kharif 2,27.5,35.0,Gram,Aug,Sep to Oct,Nov,0,35,20.0,25,45,54.0,0.2231572914897405,0.3307084410611419,0.4832769726821609,0.12870941540751957,0.188064601572371
0,#DIV/0!,Chandpur,Kharif 2,27.5,35.0,Gram,Aug,Sep to Oct,Nov,0,35,20.0,25,45,,0.2156911286424974,0.40607724627391495,0.511193701275472,0.1578404010992369,0.3248166463103474
1798,0.3820912125,Chapai Nawabganj,Kharif 2,27.5,35.0,Gram,Aug,Sep to Oct,Nov,687,35,20.0,25,45,,0.3933928204975689,0.39205682111335066,0.5166230847120769,0.14273479757797486,0.3158738866969921
26,0.3076923077,Chattogram,Kharif 2,27.5,35.0,Gram,Aug,Sep to Oct,Nov,8,35,20.0,25,45,,0.2472074271527324,0.5465999003425062,0.6490491736260601,0.195392913096605,0.4592212447118667
144,0.3680555556,Chuadanga,Kharif 2,27.5,35.0,Gram,Aug,Sep to Oct,Nov,53,35,20.0,25,45,,0.4048532779091586,0.37246684066481406,0.5781108306077708,0.21459357175671265,0.3129435337540583
0,#DIV/0!,CoxsBazar,Kharif 2,27.5,35.0,Gram,Aug,Sep to Oct,Nov,0,35,20.0,25,45,55.0,0.3524293584290747,0.4393519451254522,0.5181658529893575,0.14187426317068147,0.3617584244219423
0,#DIV/0!,Cumilla,Kharif 2,27.5,35.0,Gram,Aug,Sep to Oct,Nov,0,35,20.0,25,45,,0.2342026799041616,0.4874035098281556,0.6332118144284202,0.20077491227360683,0.4432566265522507
7,0.2857142857,Dhaka,Kharif 2,27.5,35.0,Gram,Aug,Sep to Oct,Nov,2,35,20.0,25,45,,0.1617085368810471,0.3739978340952797,0.4637615523232626,0.1337037029818151,0.2359514042907517
9,0.3333333333,Dinajpur,Kharif 2,27.5,35.0,Gram,Aug,Sep to Oct,Nov,3,35,20.0,25,45,,0.2318182627073085,0.5239328823548817,0.5334847342658163,0.2043221529514548,0.1911947455467423
210,0.4047619048,Faridpur,Kharif 2,27.5,35.0,Gram,Aug,Sep to Oct,Nov,85,35,20.0,25,45,,0.2343987436039652,0.4589359376067993,0.5431138624575879,0.154787580283514,0.1922260030735255
38,0.4473684211,Feni,Kharif 2,27.5,35.0,Gram,Aug,Sep to Oct,Nov,17,35,20.0,25,45,,0.1727512973903106,0.5346346076270578,0.6568684139549554,0.24331808040470812,0.3420579380209889
31,0.5806451613,Gaibandha,Kharif 2,27.5,35.0,Gram,Aug,Sep to Oct,Nov,18,35,20.0,25,45,57.0,0.1862351151714448,0.4143047369498758,0.472527892285157,0.15295885284798005,0.2962063273967376
38,0.5,Gazipur,Kharif 2,27.5,35.0,Gram,Aug,Sep to Oct,Nov,19,35,20.0,25,45,,0.0798820916389187,0.4239447020268672,0.6351801312217112,0.24355318686542382,0.3447734668324618
103,0.1941747573,Gopalganj,Kharif 2,27.5,35.0,Gram,Aug,Sep to Oct,Nov,20,35,20.0,25,45,56.0,0.373290152738146,0.5529510431533057,0.6431246483263354,0.12814711032020948,0.3497550691217142
0,#DIV/0!,Habiganj,Kharif 2,27.5,35.0,Gram,Aug,Sep to Oct,Nov,0,35,20.0,25,45,,0.1548294209765824,0.34940311996626405,0.490276717097282,0.16427689652905264,0.245932692591611
90,0.3777777778,Jamalpur,Kharif 2,27.5,35.0,Gram,Aug,Sep to Oct,Nov,34,35,20.0,25,45,,0.1648097082920677,0.3754107767415175,0.516399347268738,0.2138921242818444,0.2646026336761234
234,0.4444444444,Jashore,Kharif 2,27.5,35.0,Gram,Aug,Sep to Oct,Nov,104,35,20.0,25,45,,0.3289696423116384,0.543372186262044,0.5761013650280524,0.1728723816297973,0.2644109823157027
255,0.3725490196,Jhallokati,Kharif 2,27.5,35.0,Gram,Aug,Sep to Oct,Nov,95,35,20.0,25,45,,0.2577418454737988,0.5986356350553269,0.7413763264744606,0.22111637569532944,0.3997108859765451
89,0.5056179775,Jhenaidah,Kharif 2,27.5,35.0,Gram,Aug,Sep to Oct,Nov,45,35,20.0,25,45,,0.3584825905341126,0.5329267355608904,0.5856887814533969,0.19867765564587012,0.2515724809224544
0,#DIV/0!,Joypurhat,Kharif 2,27.5,35.0,Gram,Aug,Sep to Oct,Nov,0,35,20.0,25,45,64.0,0.1340678993163834,0.5072211101913036,0.495012034982754,0.24000823082430392,0.2741185892315073
0,#DIV/0!,Khagrachari,Kharif 2,27.5,35.0,Gram,Aug,Sep to Oct,Nov,0,35,20.0,25,45,54.0,0.5047117029912593,0.551657177663618,0.8046879631390788,0.2211499054194972,0.5632408079214678
3,0.3333333333,Khulna,Kharif 2,27.5,35.0,Gram,Aug,Sep to Oct,Nov,1,35,20.0,25,45,59.0,0.2743240682666131,0.4768808779489006,0.5800102272282405,0.14200886304583313,0.2418435740231755
5,0.2,Kishoreganj,Kharif 2,27.5,35.0,Gram,Aug,Sep to Oct,Nov,1,35,20.0,25,45,,0.0352614250669803,0.12134424014598144,0.346103638367728,0.14499030181920325,0.0466277222103982
242,0.4380165289,Kurigram,Kharif 2,27.5,35.0,Gram,Aug,Sep to Oct,Nov,106,35,20.0,25,45,,0.1600381274417598,0.41611921889355363,0.4533404465415963,0.1489942289448691,0.2126574194433389
164,0.4817073171,Kushtia,Kharif 2,27.5,35.0,Gram,Aug,Sep to Oct,Nov,79,35,20.0,25,45,,0.301738590217574,0.4428746170924917,0.5100774986217015,0.17348596182597667,0.3063360618005153
11,0.5454545455,Lakshmipur,Kharif 2,27.5,35.0,Gram,Aug,Sep to Oct,Nov,6,35,20.0,25,45,56.0,0.1735118910859101,0.3803014351597838,0.5368424127097657,0.19037127294278444,0.216911533590321
11,0.8181818182,Lalmonirhat,Kharif 2,27.5,35.0,Gram,Aug,Sep to Oct,Nov,9,35,20.0,25,45,,0.2845360775211245,0.5229435337718871,0.4495769122619324,0.12906022557703567,0.1886964255619581
965,0.4165803109,Madaripur,Kharif 2,27.5,35.0,Gram,Aug,Sep to Oct,Nov,402,35,20.0,25,45,56.0,0.2382060091531424,0.48720447051668314,0.5270003205348973,0.14800057976340938,0.3015037563974885
257,0.2918287938,Magura,Kharif 2,27.5,35.0,Gram,Aug,Sep to Oct,Nov,75,35,20.0,25,45,61.0,0.2250636941149401,0.5348021394978199,0.5564517069988566,0.21780293882979335,0.3068813352363869
4,0.25,Manikganj,Kharif 2,27.5,35.0,Gram,Aug,Sep to Oct,Nov,1,35,20.0,25,45,,0.1812878463667706,0.41540088024896,0.4185406978474758,0.11763409955789018,0.2227934918175409
16,0.375,Meherpur,Kharif 2,27.5,35.0,Gram,Aug,Sep to Oct,Nov,6,35,20.0,25,45,65.0,0.3930040447526618,0.3908698203464722,0.5774080200216897,0.2354072905942809,0.3536386487641446
1,1,Moulvibazar,Kharif 2,27.5,35.0,Gram,Aug,Sep to Oct,Nov,1,35,20.0,25,45,,0.2298372609953658,0.4582002612941123,0.6199927514832799,0.16553386978662127,0.3316964980247003
0,#DIV/0!,Munshiganj,Kharif 2,27.5,35.0,Gram,Aug,Sep to Oct,Nov,0,35,20.0,25,45,,0.1325143943009333,0.3966906142497604,0.4487728540074254,0.15824921213767618,0.3160496897107698
45,0.5111111111,Mymensingh,Kharif 2,27.5,35.0,Gram,Aug,Sep to Oct,Nov,23,35,20.0,25,45,,0.1389876607018474,0.5802072434865271,0.6097119497847369,0.23658989780225598,0.2698808416271118
190,0.3736842105,Naogaon,Kharif 2,27.5,35.0,Gram,Aug,Sep to Oct,Nov,71,35,20.0,25,45,,0.2610506888737964,0.4867980477394219,0.5271957717658298,0.17633304384791004,0.3045155374762066
43,0.4418604651,Narail,Kharif 2,27.5,35.0,Gram,Aug,Sep to Oct,Nov,19,35,20.0,25,45,58.0,0.294056796049288,0.5023501757492198,0.5628542478735085,0.15462459861888322,0.2634323510957302
0,#DIV/0!,Narayanganj,Kharif 2,27.5,35.0,Gram,Aug,Sep to Oct,Nov,0,35,20.0,25,45,,0.2055703158072168,0.3495276482323971,0.484101190508087,0.11791762226445507,0.3477409062434406
3,1.666666667,Narsingdi,Kharif 2,27.5,35.0,Gram,Aug,Sep to Oct,Nov,5,35,20.0,25,45,,0.2212477349859281,0.4035722195017175,0.582228604206656,0.14808093972185832,0.3843016714945546
66,0.4090909091,Natore,Kharif 2,27.5,35.0,Gram,Aug,Sep to Oct,Nov,27,35,20.0,25,45,,0.2497972959779298,0.3860207300644457,0.5182904304847376,0.2252885638814855,0.3978173091447218
0,#DIV/0!,Netrokona,Kharif 2,27.5,35.0,Gram,Aug,Sep to Oct,Nov,0,35,20.0,25,45,,0.1097388440365386,0.3422064426038478,0.4572107645523022,0.1490505181532676,0.09812317506523
0,#DIV/0!,Nilphamari,Kharif 2,27.5,35.0,Gram,Aug,Sep to Oct,Nov,0,35,20.0,25,45,,0.2971558927059972,0.5486483070922028,0.4830189104860807,0.14645858826426486,0.0941026951895885
7,0.1428571429,Noakhali,Kharif 2,27.5,35.0,Gram,Aug,Sep to Oct,Nov,1,35,20.0,25,45,55.0,0.1463623264955313,0.4177507491506494,0.6121314642988956,0.2302222941656167,0.3002479520998793
161,0.6459627329,Pabna,Kharif 2,27.5,35.0,Gram,Aug,Sep to Oct,Nov,104,35,20.0,25,45,,0.2655064359584098,0.42251757952291263,0.4938904215556714,0.1582751120757719,0.3322302187313384
40,0.325,Panchagar,Kharif 2,27.5,35.0,Gram,Aug,Sep to Oct,Nov,13,35,20.0,25,45,,0.369401739785313,0.5171154443562651,0.485823986874206,0.17481938946005385,0.2408245389975022
1242,0.4347826087,Patuakhali,Kharif 2,27.5,35.0,Gram,Aug,Sep to Oct,Nov,540,35,20.0,25,45,,0.1003055359864112,0.4935695825619868,0.6429891164126075,0.2546624364427509,0.2708267478018758
0,#DIV/0!,Pirojpur,Kharif 2,27.5,35.0,Gram,Aug,Sep to Oct,Nov,0,35,20.0,25,45,57.0,0.2624382760227538,0.5689410239309609,0.6965960442832237,0.20040124872955173,0.3852390179122407
61,0.5081967213,Rajbari,Kharif 2,27.5,35.0,Gram,Aug,Sep to Oct,Nov,31,35,20.0,25,45,60.0,0.1969779583846395,0.46245153404869815,0.466512607496879,0.16618861731086929,0.3247059383230628
3101,0.4898419865,Rajshahi,Kharif 2,27.5,35.0,Gram,Aug,Sep to Oct,Nov,1519,35,20.0,25,45,65.0,0.3234410436367065,0.3904977265295081,0.4638470315151211,0.1526839228943546,0.2946516903259429
0,#DIV/0!,Rangamati,Kharif 2,27.5,35.0,Gram,Aug,Sep to Oct,Nov,0,35,20.0,25,45,,0.3966247743805545,0.5671301359510404,0.7572250026165042,0.19672046697322976,0.609906371670307
24,0.4583333333,Rangpur,Kharif 2,27.5,35.0,Gram,Aug,Sep to Oct,Nov,11,35,20.0,25,45,59.0,0.2587256418101652,0.5431476811347895,0.5551464143048584,0.17978397391048326,0.2367261980987058
0,#DIV/0!,Satkhira,Kharif 2,27.5,35.0,Gram,Aug,Sep to Oct,Nov,0,35,20.0,25,45,59.0,0.2608332964740397,0.4124134270358451,0.4949600162131376,0.13655217896357313,0.2474221884969978
273,0.7032967033,Shariatpur,Kharif 2,27.5,35.0,Gram,Aug,Sep to Oct,Nov,192,35,20.0,25,45,55.0,0.3060714061064356,0.4214326000383027,0.4604456937918399,0.09551648527698318,0.2376970365297308
58,0.6896551724,Sherpur,Kharif 2,27.5,35.0,Gram,Aug,Sep to Oct,Nov,40,35,20.0,25,45,,0.2004443254985731,0.5023450503179366,0.6041241456870005,0.2183642629054117,0.2947216372986462
52,0.5192307692,Sirajganj,Kharif 2,27.5,35.0,Gram,Aug,Sep to Oct,Nov,27,35,20.0,25,45,,0.1185287326216384,0.3010542563846624,0.3832723887128045,0.15402343289501932,0.2391123797848982
0,#DIV/0!,Sunamganj,Kharif 2,27.5,35.0,Gram,Aug,Sep to Oct,Nov,0,35,20.0,25,45,54.0,0.0096036979545399,0.0388675287511582,0.1793284797174766,0.08087444789042958,-0.0542292857374388
7,0.2857142857,Sylhet,Kharif 2,27.5,35.0,Gram,Aug,Sep to Oct,Nov,2,35,20.0,25,45,54.0,0.1775812226237738,0.41810031798021796,0.5401497904776739,0.15546018917534946,0.13485983039162
3,0.3333333333,Tangail,Kharif 2,27.5,35.0,Gram,Aug,Sep to Oct,Nov,1,35,20.0,25,45,60.0,0.1591988119601507,0.4660683481933595,0.5500375193507461,0.20223292786875452,0.1595776260298182
82,0.4390243902,Thakurgaon,Kharif 2,27.5,35.0,Gram,Aug,Sep to Oct,Nov,36,35,20.0,25,45,,0.3826151757848311,0.5247897143684177,0.4435090691546509,0.1525557259834554,0.2128467513454522
1007,28.86097319,Bagerhat,Kharif 1,25.0,70.0,Green Coconut,May,June to August,August to September,29063,30,20.0,60,80,57.0,0.2670404721298456,0.2950134925899327,0.4274038167766788,0.10609541145465501,0.2844793013289463
134,6.111940299,Bandarban,Kharif 1,25.0,70.0,Green Coconut,May,June to August,August to September,819,30,20.0,60,80,55.0,0.2612788417491431,0.4873758494471947,0.4368947017278657,0.10615674240377646,0.3876779567270571
8120,1.116871921,Barguna,Kharif 1,25.0,70.0,Green Coconut,May,June to August,August to September,9069,30,20.0,60,80,57.0,0.3323424160378924,0.23863117597059522,0.251793712631361,0.07837592201848463,0.2876097437686987
6623,2.039710101,Barishal,Kharif 1,25.0,70.0,Green Coconut,May,June to August,August to September,13509,30,20.0,60,80,,0.309535002934125,0.23613805496103848,0.25884791955367686,0.07072733202341608,0.3100169088937738
1346,10.50742942,Bhola,Kharif 1,25.0,70.0,Green Coconut,May,June to August,August to September,14143,30,20.0,60,80,56.0,0.1946286534864403,0.13946893734096613,0.14814231615787765,0.06395865186018915,0.2246323016939531
328,24.33231707,Bogura,Kharif 1,25.0,70.0,Green Coconut,May,June to August,August to September,7981,30,20.0,60,80,,0.2764687680682978,0.1834073810352517,0.21590492358133406,0.08307366519647386,0.3974557819503149
400,16.7225,Brahmanbaria,Kharif 1,25.0,70.0,Green Coconut,May,June to August,August to September,6689,30,20.0,60,80,54.0,0.2371168297003784,0.15612526768194146,0.23311424095446215,0.07711577295107729,0.4667222562628336
394,9.984771574,Chandpur,Kharif 1,25.0,70.0,Green Coconut,May,June to August,August to September,3934,30,20.0,60,80,,0.244284950998653,0.24914948642902943,0.25040468411213634,0.04937227005325401,0.2824497786894116
106,7.594339623,Chapai Nawabganj,Kharif 1,25.0,70.0,Green Coconut,May,June to August,August to September,805,30,20.0,60,80,,0.2662611383381359,0.36075364542673066,0.3140133434390434,0.06769493479035808,0.3377839429676815
5826,1.490902849,Chattogram,Kharif 1,25.0,70.0,Green Coconut,May,June to August,August to September,8686,30,20.0,60,80,,0.291756878234579,0.3344371289648777,0.3420172801180706,0.095108748602377,0.3406132785765541
179,21.46368715,Chuadanga,Kharif 1,25.0,70.0,Green Coconut,May,June to August,August to September,3842,30,20.0,60,80,,0.372967925798721,0.35678541141680853,0.2719459361764927,0.10464273202842496,0.4685908909016339
426,15.43661972,CoxsBazar,Kharif 1,25.0,70.0,Green Coconut,May,June to August,August to September,6576,30,20.0,60,80,55.0,0.280567372051847,0.34773760695086736,0.31954097171244267,0.037155397564386204,0.362233654035479
1228,4.802117264,Cumilla,Kharif 1,25.0,70.0,Green Coconut,May,June to August,August to September,5897,30,20.0,60,80,,0.2661785623056151,0.27041889417165876,0.291481144108595,0.11716122406507316,0.2799573140061434
145,22.42068966,Dhaka,Kharif 1,25.0,70.0,Green Coconut,May,June to August,August to September,3251,30,20.0,60,80,,0.2739750686969379,0.21215400231049686,0.24478020581549825,0.06067624703455686,0.2053280197750239
260,8.053846154,Dinajpur,Kharif 1,25.0,70.0,Green Coconut,May,June to August,August to September,2094,30,20.0,60,80,,0.3916540989397346,0.16282878044710997,0.29143132236001257,0.13042600682431751,0.3864902076658625
544,9.648897059,Faridpur,Kharif 1,25.0,70.0,Green Coconut,May,June to August,August to September,5249,30,20.0,60,80,,0.5012944760184437,0.24173796445702278,0.29755027175904253,0.121041110396074,0.1596716045798009
915,2.170491803,Feni,Kharif 1,25.0,70.0,Green Coconut,May,June to August,August to September,1986,30,20.0,60,80,,0.2107211652615962,0.18850396740869013,0.2778078400860854,0.1338885444905687,0.3154547680727988
584,3.782534247,Gaibandha,Kharif 1,25.0,70.0,Green Coconut,May,June to August,August to September,2209,30,20.0,60,80,57.0,0.2909507765996219,0.1679196318515741,0.2478348479411857,0.12191323577775151,0.2560613395709359
393,3.893129771,Gazipur,Kharif 1,25.0,70.0,Green Coconut,May,June to August,August to September,1530,30,20.0,60,80,,0.2642814227206714,0.1782788840637368,0.20271260530122726,0.12271939323869548,0.3013299480303391
333,10.44744745,Gopalganj,Kharif 1,25.0,70.0,Green Coconut,May,June to August,August to September,3479,30,20.0,60,80,56.0,0.3983745038075617,0.36058273047915157,0.4262801911371143,0.052201624396259305,0.365624571223079
731,7.452804378,Habiganj,Kharif 1,25.0,70.0,Green Coconut,May,June to August,August to September,5448,30,20.0,60,80,,0.2185560015489672,0.18041933275302002,0.19736989304857525,0.04906139123422993,0.4094105700184439
512,9.53515625,Jamalpur,Kharif 1,25.0,70.0,Green Coconut,May,June to August,August to September,4882,30,20.0,60,80,,0.2256493291364875,0.1651581312342611,0.1737837077478204,0.07493106789215614,0.2203033803902141
1164,11.21993127,Jashore,Kharif 1,25.0,70.0,Green Coconut,May,June to August,August to September,13060,30,20.0,60,80,,0.3985753946916057,0.26040367180119256,0.3564320953995454,0.08751027139160288,0.5094016354846946
2444,3.273322422,Jhallokati,Kharif 1,25.0,70.0,Green Coconut,May,June to August,August to September,8000,30,20.0,60,80,,0.4467251837879121,0.3257560376153326,0.37830132123720983,0.09673861817633343,0.3844964290526782
378,32.25132275,Jhenaidah,Kharif 1,25.0,70.0,Green Coconut,May,June to August,August to September,12191,30,20.0,60,80,,0.408777297617167,0.30816517118693304,0.3402855752061854,0.058023568915673326,0.4932941383053687
134,1.380597015,Joypurhat,Kharif 1,25.0,70.0,Green Coconut,May,June to August,August to September,185,30,20.0,60,80,64.0,0.3944038962894077,0.1805981085381633,0.22673930310718554,0.11536153321940674,0.5481632788078854
656,2.364329268,Khagrachari,Kharif 1,25.0,70.0,Green Coconut,May,June to August,August to September,1551,30,20.0,60,80,54.0,0.3644198594801792,0.4333408734547521,0.4214656657123207,0.13312953616687365,0.3194542381207939
1518,7.009881423,Khulna,Kharif 1,25.0,70.0,Green Coconut,May,June to August,August to September,10641,30,20.0,60,80,59.0,0.2474562801358325,0.23922534488555489,0.33800911816002543,0.07631764099135398,0.2547487058378869
313,24.11182109,Kishoreganj,Kharif 1,25.0,70.0,Green Coconut,May,June to August,August to September,7547,30,20.0,60,80,,0.1332425341291768,0.016074982793197103,0.04304073645143695,0.05936232322819972,0.3676092519986164
90,5.944444444,Kurigram,Kharif 1,25.0,70.0,Green Coconut,May,June to August,August to September,535,30,20.0,60,80,,0.2500938130926464,0.14005288627957205,0.2499837168316994,0.10850521976932619,0.2226332627293874
1286,13.03810264,Kushtia,Kharif 1,25.0,70.0,Green Coconut,May,June to August,August to September,16767,30,20.0,60,80,,0.2938513007384295,0.32281811024020507,0.2806393664739088,0.03629129702221073,0.3702999720630754
107,98.99065421,Lakshmipur,Kharif 1,25.0,70.0,Green Coconut,May,June to August,August to September,10592,30,20.0,60,80,56.0,0.2205991932065824,0.17312367993425207,0.2043739971160656,0.04352880038192147,0.3561816998129432
82,7.951219512,Lalmonirhat,Kharif 1,25.0,70.0,Green Coconut,May,June to August,August to September,652,30,20.0,60,80,,0.3339137681224553,0.20399269667659103,0.3649299840462842,0.12096794873459164,0.4065448627465945
940,12.53510638,Madaripur,Kharif 1,25.0,70.0,Green Coconut,May,June to August,August to September,11783,30,20.0,60,80,56.0,0.3999496888165858,0.298561323274337,0.3222855593882866,0.07088132069838882,0.145892769350381
695,7.732374101,Magura,Kharif 1,25.0,70.0,Green Coconut,May,June to August,August to September,5374,30,20.0,60,80,61.0,0.4952291300988705,0.28372301221243107,0.28865274880881886,0.09872235928038631,0.3516332543736697
1533,9.075016308,Manikganj,Kharif 1,25.0,70.0,Green Coconut,May,June to August,August to September,13912,30,20.0,60,80,,0.3258735577731652,0.19087231609317792,0.296352827831847,0.1039142743379443,0.238108560268593
129,10.60465116,Meherpur,Kharif 1,25.0,70.0,Green Coconut,May,June to August,August to September,1368,30,20.0,60,80,65.0,0.4393863474141398,0.3838808521368812,0.25948503399526074,0.1253503564297277,0.4240959983858737
269,16.28624535,Moulvibazar,Kharif 1,25.0,70.0,Green Coconut,May,June to August,August to September,4381,30,20.0,60,80,,0.2272905883804999,0.28293930445605037,0.3190542249067888,0.0759106064972329,0.3772511111134909
67,14.23880597,Munshiganj,Kharif 1,25.0,70.0,Green Coconut,May,June to August,August to September,954,30,20.0,60,80,,0.3805900028922174,0.2515810497126334,0.22296002498692666,0.09286565525676901,0.1254731884929805
1667,6.588482304,Mymensingh,Kharif 1,25.0,70.0,Green Coconut,May,June to August,August to September,10983,30,20.0,60,80,,0.183712498982838,0.18537890202527174,0.31664926211503513,0.1477366402125922,0.2792620099084889
285,8.614035088,Naogaon,Kharif 1,25.0,70.0,Green Coconut,May,June to August,August to September,2455,30,20.0,60,80,,0.2178154704904624,0.23885959032399665,0.2954428396673448,0.071171541550213,0.3353748718633925
943,9.19088017,Narail,Kharif 1,25.0,70.0,Green Coconut,May,June to August,August to September,8667,30,20.0,60,80,58.0,0.3738582462137362,0.2835308630843257,0.33682367999562923,0.05254724772652295,0.3408352502702987
43,48.60465116,Narayanganj,Kharif 1,25.0,70.0,Green Coconut,May,June to August,August to September,2090,30,20.0,60,80,,0.2967271553285521,0.2557490787610159,0.2585031197352457,0.06253027863802368,0.2542342797497706
84,17.92857143,Narsingdi,Kharif 1,25.0,70.0,Green Coconut,May,June to August,August to September,1506,30,20.0,60,80,,0.2875359195667165,0.2247308627605966,0.30355746053955873,0.1320206241806868,0.3744952593367734
667,14.54572714,Natore,Kharif 1,25.0,70.0,Green Coconut,May,June to August,August to September,9702,30,20.0,60,80,,0.2843293374458162,0.29576936652511276,0.19738068574590295,0.09121419650476055,0.3938140226589006
521,9.451055662,Netrokona,Kharif 1,25.0,70.0,Green Coconut,May,June to August,August to September,4924,30,20.0,60,80,,0.1216241284636668,0.05679763863339246,0.20716307868771594,0.1219151479674096,0.2180584018053236
103,15.31067961,Nilphamari,Kharif 1,25.0,70.0,Green Coconut,May,June to August,August to September,1577,30,20.0,60,80,,0.3905363140056865,0.17637074377700532,0.3705376763987869,0.1531993206087085,0.348037858697919
1694,14.84946871,Noakhali,Kharif 1,25.0,70.0,Green Coconut,May,June to August,August to September,25155,30,20.0,60,80,55.0,0.1658426609921801,0.18637884921235115,0.20375110811533592,0.07975678586465766,0.3485228861940609
725,16.29517241,Pabna,Kharif 1,25.0,70.0,Green Coconut,May,June to August,August to September,11814,30,20.0,60,80,,0.3054242601831844,0.3105245352638637,0.267168065887026,0.03304447981821528,0.3016887841086959
126,16.53968254,Panchagar,Kharif 1,25.0,70.0,Green Coconut,May,June to August,August to September,2084,30,20.0,60,80,,0.5473277632011888,0.2682288320359047,0.34521671646746704,0.13700488735039854,0.20279912294809
1779,7.897133221,Patuakhali,Kharif 1,25.0,70.0,Green Coconut,May,June to August,August to September,14049,30,20.0,60,80,,0.3357123883791376,0.1852391110342515,0.23325759894889453,0.10949991867690612,0.2365474556695895
3250,4.780923077,Pirojpur,Kharif 1,25.0,70.0,Green Coconut,May,June to August,August to September,15538,30,20.0,60,80,57.0,0.4034404459856785,0.30394761567671086,0.3679417832788916,0.0922917067650249,0.3392577304779658
350,27.58857143,Rajbari,Kharif 1,25.0,70.0,Green Coconut,May,June to August,August to September,9656,30,20.0,60,80,60.0,0.420965323158295,0.2970234378073349,0.2690441376442564,0.08317200583802703,0.2441449981923793
860,13.59534884,Rajshahi,Kharif 1,25.0,70.0,Green Coconut,May,June to August,August to September,11692,30,20.0,60,80,65.0,0.2148030029570647,0.3092789883052905,0.2703161097973671,0.05210423441626023,0.39139088167786
1858,1.701829925,Rangamati,Kharif 1,25.0,70.0,Green Coconut,May,June to August,August to September,3162,30,20.0,60,80,,0.2219434186735245,0.45438042271379503,0.4020458927209217,0.13937679638997502,0.2740115169357396
153,15.83660131,Rangpur,Kharif 1,25.0,70.0,Green Coconut,May,June to August,August to September,2423,30,20.0,60,80,59.0,0.4001486941371419,0.18077115804206353,0.3352855188625463,0.14839143778850622,0.2902257990630829
1741,9.78518093,Satkhira,Kharif 1,25.0,70.0,Green Coconut,May,June to August,August to September,17036,30,20.0,60,80,59.0,0.2245382571010397,0.209223999439243,0.2781635199485982,0.06671045473292113,0.2721199083647258
313,38.1629393,Shariatpur,Kharif 1,25.0,70.0,Green Coconut,May,June to August,August to September,11945,30,20.0,60,80,55.0,0.3404679378482187,0.28948176202032666,0.3219231427759088,0.042296889786751946,0.0925735314905069
199,10.10552764,Sherpur,Kharif 1,25.0,70.0,Green Coconut,May,June to August,August to September,2011,30,20.0,60,80,,0.2278267182217989,0.18268127838824996,0.2711154964219722,0.11037033954217502,0.2678615620118689
172,21.3255814,Sirajganj,Kharif 1,25.0,70.0,Green Coconut,May,June to August,August to September,3668,30,20.0,60,80,,0.1547068330441469,0.1652585464899234,0.14497477335042325,0.046149852052537084,0.2438028677727265
182,16.51648352,Sunamganj,Kharif 1,25.0,70.0,Green Coconut,May,June to August,August to September,3006,30,20.0,60,80,54.0,0.0066240920840004,-0.08076530955029286,0.0079277229735016,0.08897030072650396,0.2385902396757943
2191,0.6458238247,Sylhet,Kharif 1,25.0,70.0,Green Coconut,May,June to August,August to September,1415,30,20.0,60,80,54.0,0.0219238745854215,0.11117789593750627,0.2776328969217867,0.14645304513879398,0.2401914716423759
272,17.72794118,Tangail,Kharif 1,25.0,70.0,Green Coconut,May,June to August,August to September,4822,30,20.0,60,80,60.0,0.1960530352637223,0.15022118097715678,0.2475414525208851,0.08117510346673193,0.2191926340496671
59,11.76271186,Thakurgaon,Kharif 1,25.0,70.0,Green Coconut,May,June to August,August to September,694,30,20.0,60,80,,0.4809286896683722,0.25305829680575775,0.3704238008493431,0.12960258924376603,0.373304905125753
90,36.31111111,Bagerhat,Kharif 2,30.0,75.0,Green Palmyra,April,No need to do,May,3268,35,25.0,60,90,57.0,0.2844793013289463,,0.2670404721298456,0.012331114382638054,0.5711876241926808
131,0.2900763359,Bandarban,Kharif 2,30.0,75.0,Green Palmyra,April,No need to do,May,38,35,25.0,60,90,55.0,0.3876779567270571,,0.2612788417491431,0.0893776713368611,0.5676824803630925
2120,2.035849057,Barguna,Kharif 2,30.0,75.0,Green Palmyra,April,No need to do,May,4316,35,25.0,60,90,57.0,0.2876097437686987,,0.3323424160378924,0.03163077590214229,0.3352139518717137
1200,1.25,Barishal,Kharif 2,30.0,75.0,Green Palmyra,April,No need to do,May,1500,35,25.0,60,90,,0.3100169088937738,,0.309535002934125,0.00034075897196188395,0.43248229774155
31,7.612903226,Bhola,Kharif 2,30.0,75.0,Green Palmyra,April,No need to do,May,236,35,25.0,60,90,56.0,0.2246323016939531,,0.1946286534864403,0.021215783107867908,0.3010654880049462
223,15.02242152,Bogura,Kharif 2,30.0,75.0,Green Palmyra,April,No need to do,May,3350,35,25.0,60,90,,0.3974557819503149,,0.2764687680682978,0.08555073795148525,0.5031143822226227
66,4.545454545,Brahmanbaria,Kharif 2,30.0,75.0,Green Palmyra,April,No need to do,May,300,35,25.0,60,90,54.0,0.4667222562628336,,0.2371168297003784,0.16235555411954192,0.6120203918074798
218,15.65137615,Chandpur,Kharif 2,30.0,75.0,Green Palmyra,April,No need to do,May,3412,35,25.0,60,90,,0.2824497786894116,,0.244284950998653,0.02698660846295155,0.4859674573852385
73,2.506849315,Chapai Nawabganj,Kharif 2,30.0,75.0,Green Palmyra,April,No need to do,May,183,35,25.0,60,90,,0.3377839429676815,,0.2662611383381359,0.05057426016303227,0.5329944189746634
116,14.59482759,Chattogram,Kharif 2,30.0,75.0,Green Palmyra,April,No need to do,May,1693,35,25.0,60,90,,0.3406132785765541,,0.291756878234579,0.03454669198617534,0.4802903771854044
41,6.365853659,Chuadanga,Kharif 2,30.0,75.0,Green Palmyra,April,No need to do,May,261,35,25.0,60,90,,0.4685908909016339,,0.372967925798721,0.0676156470614343,0.6064678529651709
4,28.25,CoxsBazar,Kharif 2,30.0,75.0,Green Palmyra,April,No need to do,May,113,35,25.0,60,90,55.0,0.362233654035479,,0.280567372051847,0.057746781784918974,0.4628693746612334
1002,1.830339321,Cumilla,Kharif 2,30.0,75.0,Green Palmyra,April,No need to do,May,1834,35,25.0,60,90,,0.2799573140061434,,0.2661785623056151,0.00974304876372922,0.5910383419566766
20,9.7,Dhaka,Kharif 2,30.0,75.0,Green Palmyra,April,No need to do,May,194,35,25.0,60,90,,0.2053280197750239,,0.2739750686969379,0.04854079380113005,0.4340019668066029
69,5.333333333,Dinajpur,Kharif 2,30.0,75.0,Green Palmyra,April,No need to do,May,368,35,25.0,60,90,,0.3864902076658625,,0.3916540989397346,0.0036514225370649785,0.5768919544682428
117,27.79487179,Faridpur,Kharif 2,30.0,75.0,Green Palmyra,April,No need to do,May,3252,35,25.0,60,90,,0.1596716045798009,,0.5012944760184437,0.24156384900268443,0.5101997893014788
130,2.530769231,Feni,Kharif 2,30.0,75.0,Green Palmyra,April,No need to do,May,329,35,25.0,60,90,,0.3154547680727988,,0.2107211652615962,0.07405784076589983,0.5023790786684436
17,3.176470588,Gaibandha,Kharif 2,30.0,75.0,Green Palmyra,April,No need to do,May,54,35,25.0,60,90,57.0,0.2560613395709359,,0.2909507765996219,0.024670557514764876,0.5052634601391561
210,5.480952381,Gazipur,Kharif 2,30.0,75.0,Green Palmyra,April,No need to do,May,1151,35,25.0,60,90,,0.3013299480303391,,0.2642814227206714,0.02619726347942745,0.5111937838721802
308,22.18831169,Gopalganj,Kharif 2,30.0,75.0,Green Palmyra,April,No need to do,May,6834,35,25.0,60,90,56.0,0.365624571223079,,0.3983745038075617,0.023157699413889968,0.6330877335678394
149,1.395973154,Habiganj,Kharif 2,30.0,75.0,Green Palmyra,April,No need to do,May,208,35,25.0,60,90,,0.4094105700184439,,0.2185560015489672,0.1349545595851992,0.6014605348999472
45,11,Jamalpur,Kharif 2,30.0,75.0,Green Palmyra,April,No need to do,May,495,35,25.0,60,90,,0.2203033803902141,,0.2256493291364875,0.0037801566103656385,0.5278123755787749
205,5.424390244,Jashore,Kharif 2,30.0,75.0,Green Palmyra,April,No need to do,May,1112,35,25.0,60,90,,0.5094016354846946,,0.3985753946916057,0.07836598639820637,0.6067794453589154
503,1.888667992,Jhallokati,Kharif 2,30.0,75.0,Green Palmyra,April,No need to do,May,950,35,25.0,60,90,,0.3844964290526782,,0.4467251837879121,0.04400237445807835,0.5179106140943847
145,6.427586207,Jhenaidah,Kharif 2,30.0,75.0,Green Palmyra,April,No need to do,May,932,35,25.0,60,90,,0.4932941383053687,,0.408777297617167,0.05976243117509054,0.6072717913709762
51,8.392156863,Joypurhat,Kharif 2,30.0,75.0,Green Palmyra,April,No need to do,May,428,35,25.0,60,90,64.0,0.5481632788078854,,0.3944038962894077,0.10872430204987188,0.4871203122169448
15,2.266666667,Khagrachari,Kharif 2,30.0,75.0,Green Palmyra,April,No need to do,May,34,35,25.0,60,90,54.0,0.3194542381207939,,0.3644198594801792,0.03179549578348802,0.5737845474176946
98,15.23469388,Khulna,Kharif 2,30.0,75.0,Green Palmyra,April,No need to do,May,1493,35,25.0,60,90,59.0,0.2547487058378869,,0.2474562801358325,0.00515652366522172,0.4979323952822052
34,13.11764706,Kishoreganj,Kharif 2,30.0,75.0,Green Palmyra,April,No need to do,May,446,35,25.0,60,90,,0.3676092519986164,,0.1332425341291768,0.16572229548991513,0.6380676429483706
1,4,Kurigram,Kharif 2,30.0,75.0,Green Palmyra,April,No need to do,May,4,35,25.0,60,90,,0.2226332627293874,,0.2500938130926464,0.019417541376975135,0.4446969686649252
104,10.26923077,Kushtia,Kharif 2,30.0,75.0,Green Palmyra,April,No need to do,May,1068,35,25.0,60,90,,0.3702999720630754,,0.2938513007384295,0.05405737390635867,0.5026391517689011
43,24,Lakshmipur,Kharif 2,30.0,75.0,Green Palmyra,April,No need to do,May,1032,35,25.0,60,90,56.0,0.3561816998129432,,0.2205991932065824,0.09587130983162759,0.4099483108021562
11,3.454545455,Lalmonirhat,Kharif 2,30.0,75.0,Green Palmyra,April,No need to do,May,38,35,25.0,60,90,,0.4065448627465945,,0.3339137681224553,0.05135793953373062,0.5685270716402814
174,54.56896552,Madaripur,Kharif 2,30.0,75.0,Green Palmyra,April,No need to do,May,9495,35,25.0,60,90,56.0,0.145892769350381,,0.3999496888165858,0.179645370561918,0.5126870864671587
120,8.458333333,Magura,Kharif 2,30.0,75.0,Green Palmyra,April,No need to do,May,1015,35,25.0,60,90,61.0,0.3516332543736697,,0.4952291300988705,0.10153761747571022,0.5805999045721482
43,8.023255814,Manikganj,Kharif 2,30.0,75.0,Green Palmyra,April,No need to do,May,345,35,25.0,60,90,,0.238108560268593,,0.3258735577731652,0.06205922488630341,0.4337041495265221
39,3.128205128,Meherpur,Kharif 2,30.0,75.0,Green Palmyra,April,No need to do,May,122,35,25.0,60,90,65.0,0.4240959983858737,,0.4393863474141398,0.010811909484596092,0.5708640413836734
1,20,Moulvibazar,Kharif 2,30.0,75.0,Green Palmyra,April,No need to do,May,20,35,25.0,60,90,,0.3772511111134909,,0.2272905883804999,0.10603810253477736,0.5076200516171026
17,17.52941176,Munshiganj,Kharif 2,30.0,75.0,Green Palmyra,April,No need to do,May,298,35,25.0,60,90,,0.1254731884929805,,0.3805900028922174,0.18039482945641025,0.4965979715632833
536,4.222014925,Mymensingh,Kharif 2,30.0,75.0,Green Palmyra,April,No need to do,May,2263,35,25.0,60,90,,0.2792620099084889,,0.183712498982838,0.06756370711458584,0.5686833849186683
595,3.18487395,Naogaon,Kharif 2,30.0,75.0,Green Palmyra,April,No need to do,May,1895,35,25.0,60,90,,0.3353748718633925,,0.2178154704904624,0.08312704990302999,0.6201124466265265
165,3.709090909,Narail,Kharif 2,30.0,75.0,Green Palmyra,April,No need to do,May,612,35,25.0,60,90,58.0,0.3408352502702987,,0.3738582462137362,0.023350784366700503,0.574803629810534
10,11.1,Narayanganj,Kharif 2,30.0,75.0,Green Palmyra,April,No need to do,May,111,35,25.0,60,90,,0.2542342797497706,,0.2967271553285521,0.030047000473872643,0.4347229780450177
53,16.71698113,Narsingdi,Kharif 2,30.0,75.0,Green Palmyra,April,No need to do,May,886,35,25.0,60,90,,0.3744952593367734,,0.2875359195667165,0.06148953883891228,0.5675183682230315
125,18.872,Natore,Kharif 2,30.0,75.0,Green Palmyra,April,No need to do,May,2359,35,25.0,60,90,,0.3938140226589006,,0.2843293374458162,0.07741736335024652,0.6157551872850959
8,11.25,Netrokona,Kharif 2,30.0,75.0,Green Palmyra,April,No need to do,May,90,35,25.0,60,90,,0.2180584018053236,,0.1216241284636668,0.06818932861868263,0.638234140226114
4,4,Nilphamari,Kharif 2,30.0,75.0,Green Palmyra,April,No need to do,May,16,35,25.0,60,90,,0.348037858697919,,0.3905363140056865,0.030050945938075842,0.604066391741781
422,4.398104265,Noakhali,Kharif 2,30.0,75.0,Green Palmyra,April,No need to do,May,1856,35,25.0,60,90,55.0,0.3485228861940609,,0.1658426609921801,0.12917442602893559,0.4854136963654465
102,12.64705882,Pabna,Kharif 2,30.0,75.0,Green Palmyra,April,No need to do,May,1290,35,25.0,60,90,,0.3016887841086959,,0.3054242601831844,0.0026413804632309528,0.5026473561162811
4,0,Panchagar,Kharif 2,30.0,75.0,Green Palmyra,April,No need to do,May,0,35,25.0,60,90,,0.20279912294809,,0.5473277632011888,0.2436185378359467,0.4949864884497696
468,6.615384615,Patuakhali,Kharif 2,30.0,75.0,Green Palmyra,April,No need to do,May,3096,35,25.0,60,90,,0.2365474556695895,,0.3357123883791376,0.07012019637482912,0.3271561678385286
646,3.529411765,Pirojpur,Kharif 2,30.0,75.0,Green Palmyra,April,No need to do,May,2280,35,25.0,60,90,57.0,0.3392577304779658,,0.4034404459856785,0.04538403337047064,0.5271361118307798
67,27.14925373,Rajbari,Kharif 2,30.0,75.0,Green Palmyra,April,No need to do,May,1819,35,25.0,60,90,60.0,0.2441449981923793,,0.420965323158295,0.12503085083500798,0.4806919129357807
151,7.039735099,Rajshahi,Kharif 2,30.0,75.0,Green Palmyra,April,No need to do,May,1063,35,25.0,60,90,65.0,0.39139088167786,,0.2148030029570647,0.124866486518822,0.4771080227246705
16,2.625,Rangamati,Kharif 2,30.0,75.0,Green Palmyra,April,No need to do,May,42,35,25.0,60,90,,0.2740115169357396,,0.2219434186735245,0.0368177053646998,0.4965180374554424
21,19.23809524,Rangpur,Kharif 2,30.0,75.0,Green Palmyra,April,No need to do,May,404,35,25.0,60,90,59.0,0.2902257990630829,,0.4001486941371419,0.07772722451452446,0.5272187009814302
397,5.64231738,Satkhira,Kharif 2,30.0,75.0,Green Palmyra,April,No need to do,May,2240,35,25.0,60,90,59.0,0.2721199083647258,,0.2245382571010397,0.03364530826860592,0.4835354065029546
118,6.338983051,Shariatpur,Kharif 2,30.0,75.0,Green Palmyra,April,No need to do,May,748,35,25.0,60,90,55.0,0.0925735314905069,,0.3404679378482187,0.17528781575375163,0.4511789681561877
54,5.222222222,Sherpur,Kharif 2,30.0,75.0,Green Palmyra,April,No need to do,May,282,35,25.0,60,90,,0.2678615620118689,,0.2278267182217989,0.028308909527702635,0.6297376902178687
64,17.953125,Sirajganj,Kharif 2,30.0,75.0,Green Palmyra,April,No need to do,May,1149,35,25.0,60,90,,0.2438028677727265,,0.1547068330441469,0.06300041033341078,0.4737362339881535
85,7.129411765,Sunamganj,Kharif 2,30.0,75.0,Green Palmyra,April,No need to do,May,606,35,25.0,60,90,54.0,0.2385902396757943,,0.0066240920840004,0.16402483596787698,0.6219959069450288
0,#DIV/0!,Sylhet,Kharif 2,30.0,75.0,Green Palmyra,April,No need to do,May,4,35,25.0,60,90,54.0,0.2401914716423759,,0.0219238745854215,0.15433849799226537,0.4933672733095434
87,19.5862069,Tangail,Kharif 2,30.0,75.0,Green Palmyra,April,No need to do,May,1704,35,25.0,60,90,60.0,0.2191926340496671,,0.1960530352637223,0.016362167215477563,0.5155877071618177
3,2,Thakurgaon,Kharif 2,30.0,75.0,Green Palmyra,April,No need to do,May,6,35,25.0,60,90,,0.373304905125753,,0.4809286896683722,0.07610150786704599,0.5465011801065398
83,17.27710843,Bagerhat,Kharif 1,25.0,70.0,Green Papaya,June,June to August,August to September,1434,30,20.0,60,80,57.0,0.2093828623516599,0.2950134925899327,0.4274038167766788,0.11606441411920058,0.2670404721298456
276,5.916666667,Bandarban,Kharif 1,25.0,70.0,Green Papaya,June,June to August,August to September,1633,30,20.0,60,80,55.0,0.4365742393395427,0.4873758494471947,0.4368947017278657,0.06535487820984082,0.2612788417491431
3169,0.8094035973,Barguna,Kharif 1,25.0,70.0,Green Papaya,June,June to August,August to September,2565,30,20.0,60,80,57.0,0.2099802275666429,0.23863117597059522,0.251793712631361,0.08283244986176969,0.3323424160378924
1373,3.510560816,Barishal,Kharif 1,25.0,70.0,Green Papaya,June,June to August,August to September,4820,30,20.0,60,80,,0.1933459589530938,0.23613805496103848,0.25884791955367686,0.07737100330887633,0.309535002934125
207,6.202898551,Bhola,Kharif 1,25.0,70.0,Green Papaya,June,June to August,August to September,1284,30,20.0,60,80,56.0,0.1700006675577468,0.13946893734096613,0.14814231615787765,0.07202066392259102,0.1946286534864403
436,16.28669725,Bogura,Kharif 1,25.0,70.0,Green Papaya,June,June to August,August to September,7101,30,20.0,60,80,,0.1186313763339489,0.1834073810352517,0.21590492358133406,0.08938370522601545,0.2764687680682978
176,7.079545455,Brahmanbaria,Kharif 1,25.0,70.0,Green Papaya,June,June to August,August to September,1246,30,20.0,60,80,54.0,0.0571539099837129,0.15612526768194146,0.23311424095446215,0.08362303913044793,0.2371168297003784
102,25.56862745,Chandpur,Kharif 1,25.0,70.0,Green Papaya,June,June to August,August to September,2608,30,20.0,60,80,,0.2069406843342435,0.24914948642902943,0.25040468411213634,0.05655934101182492,0.244284950998653
244,12.95081967,Chapai Nawabganj,Kharif 1,25.0,70.0,Green Papaya,June,June to August,August to September,3160,30,20.0,60,80,,0.372994229085631,0.36075364542673066,0.3140133434390434,0.07108443191316943,0.2662611383381359
321,12.08099688,Chattogram,Kharif 1,25.0,70.0,Green Papaya,June,June to August,August to September,3878,30,20.0,60,80,,0.2968827150300339,0.3344371289648777,0.3420172801180706,0.10400835725159772,0.291756878234579
142,25.4084507,Chuadanga,Kharif 1,25.0,70.0,Green Papaya,June,June to August,August to September,3608,30,20.0,60,80,,0.3525594225872085,0.35678541141680853,0.2719459361764927,0.11519656568102589,0.372967925798721
300,7.816666667,CoxsBazar,Kharif 1,25.0,70.0,Green Papaya,June,June to August,August to September,2345,30,20.0,60,80,55.0,0.3290250380015852,0.34773760695086736,0.31954097171244267,0.033502691541672826,0.280567372051847
457,5.238512035,Cumilla,Kharif 1,25.0,70.0,Green Papaya,June,June to August,August to September,2394,30,20.0,60,80,,0.1337973760585641,0.27041889417165876,0.291481144108595,0.13472550580222473,0.2661785623056151
118,21.1779661,Dhaka,Kharif 1,25.0,70.0,Green Papaya,June,June to August,August to September,2499,30,20.0,60,80,,0.2388020657596918,0.21215400231049686,0.24478020581549825,0.06797224647912765,0.2739750686969379
437,8.782608696,Dinajpur,Kharif 1,25.0,70.0,Green Papaya,June,June to August,August to September,3838,30,20.0,60,80,,0.0654733330872791,0.16282878044710997,0.29143132236001257,0.1177725127434581,0.3916540989397346
473,26.82663848,Faridpur,Kharif 1,25.0,70.0,Green Papaya,June,June to August,August to September,12689,30,20.0,60,80,,0.2985891466935776,0.24173796445702278,0.29755027175904253,0.07382784256738173,0.5012944760184437
495,1.113131313,Feni,Kharif 1,25.0,70.0,Green Papaya,June,June to August,August to September,551,30,20.0,60,80,,0.0507026668147709,0.18850396740869013,0.2778078400860854,0.15400015719354504,0.2107211652615962
177,10.33333333,Gaibandha,Kharif 1,25.0,70.0,Green Papaya,June,June to August,August to September,1829,30,20.0,60,80,57.0,0.02131745298654,0.1679196318515741,0.2478348479411857,0.1332979027018208,0.2909507765996219
2715,1.303867403,Gazipur,Kharif 1,25.0,70.0,Green Papaya,June,June to August,August to September,3540,30,20.0,60,80,,0.1101810937198298,0.1782788840637368,0.20271260530122726,0.13940917002480466,0.2642814227206714
464,4.588362069,Gopalganj,Kharif 1,25.0,70.0,Green Papaya,June,June to August,August to September,2129,30,20.0,60,80,56.0,0.3587029695775944,0.36058273047915157,0.4262801911371143,0.06013122360382198,0.3983745038075617
8,90,Habiganj,Kharif 1,25.0,70.0,Green Papaya,June,June to August,August to September,720,30,20.0,60,80,,0.1404958846908667,0.18041933275302002,0.19736989304857525,0.055362781741152625,0.2185560015489672
304,17.44736842,Jamalpur,Kharif 1,25.0,70.0,Green Papaya,June,June to August,August to September,5304,30,20.0,60,80,,0.0660620517345922,0.1651581312342611,0.1737837077478204,0.08153051012225544,0.2256493291364875
841,20.23662307,Jashore,Kharif 1,25.0,70.0,Green Papaya,June,June to August,August to September,17019,30,20.0,60,80,,0.1878303907762366,0.26040367180119256,0.3564320953995454,0.0845019318060876,0.3985753946916057
436,2.866972477,Jhallokati,Kharif 1,25.0,70.0,Green Papaya,June,June to August,August to September,1250,30,20.0,60,80,,0.3198153813956541,0.3257560376153326,0.37830132123720983,0.1042504750053043,0.4467251837879121
489,12.98364008,Jhenaidah,Kharif 1,25.0,70.0,Green Papaya,June,June to August,August to September,6349,30,20.0,60,80,,0.3144404421042321,0.30816517118693304,0.3402855752061854,0.04441977739214792,0.408777297617167
62,28.43548387,Joypurhat,Kharif 1,25.0,70.0,Green Papaya,June,June to August,August to September,1763,30,20.0,60,80,64.0,0.1336078370665993,0.1805981085381633,0.22673930310718554,0.09586610348095315,0.3944038962894077
300,8.11,Khagrachari,Kharif 1,25.0,70.0,Green Papaya,June,June to August,August to September,2433,30,20.0,60,80,54.0,0.2320701094515291,0.4333408734547521,0.4214656657123207,0.15194708197970208,0.3644198594801792
171,15.05263158,Khulna,Kharif 1,25.0,70.0,Green Papaya,June,June to August,August to September,2574,30,20.0,60,80,59.0,0.2015083923668761,0.23922534488555489,0.33800911816002543,0.08652250745761857,0.2474562801358325
108,37.91666667,Kishoreganj,Kharif 1,25.0,70.0,Green Papaya,June,June to August,August to September,4095,30,20.0,60,80,,-0.0336641988977872,0.016074982793197103,0.04304073645143695,0.039501013940257554,0.1332425341291768
184,11.88586957,Kurigram,Kharif 1,25.0,70.0,Green Papaya,June,June to August,August to September,2187,30,20.0,60,80,,0.0474631119536175,0.14005288627957205,0.2499837168316994,0.12139004880496265,0.2500938130926464
300,16.88666667,Kushtia,Kharif 1,25.0,70.0,Green Papaya,June,June to August,August to September,5066,30,20.0,60,80,,0.360379678702526,0.32281811024020507,0.2806393664739088,0.04135195033548887,0.2938513007384295
95,41.62105263,Lakshmipur,Kharif 1,25.0,70.0,Green Papaya,June,June to August,August to September,3954,30,20.0,60,80,56.0,0.1289476151265251,0.17312367993425207,0.2043739971160656,0.047478122595384684,0.2205991932065824
168,9.214285714,Lalmonirhat,Kharif 1,25.0,70.0,Green Papaya,June,June to August,August to September,1548,30,20.0,60,80,,0.1387455869466906,0.20399269667659103,0.3649299840462842,0.13498019150480547,0.3339137681224553
252,8.777777778,Madaripur,Kharif 1,25.0,70.0,Green Papaya,June,June to August,August to September,2212,30,20.0,60,80,56.0,0.3559742042723802,0.298561323274337,0.3222855593882866,0.07225857047955984,0.3999496888165858
752,8.829787234,Magura,Kharif 1,25.0,70.0,Green Papaya,June,June to August,August to September,6640,30,20.0,60,80,61.0,0.3192240072859663,0.28372301221243107,0.28865274880881886,0.05403289968795251,0.4952291300988705
181,14.35911602,Manikganj,Kharif 1,25.0,70.0,Green Papaya,June,June to August,August to September,2599,30,20.0,60,80,,0.1685356100952224,0.19087231609317792,0.296352827831847,0.11267946852874856,0.3258735577731652
85,21.23529412,Meherpur,Kharif 1,25.0,70.0,Green Papaya,June,June to August,August to September,1805,30,20.0,60,80,65.0,0.4049998628938372,0.3838808521368812,0.25948503399526074,0.13081014276194805,0.4393863474141398
263,5.338403042,Moulvibazar,Kharif 1,25.0,70.0,Green Papaya,June,June to August,August to September,1404,30,20.0,60,80,,0.2872841543480849,0.28293930445605037,0.3190542249067888,0.0752706883926344,0.2272905883804999
97,6.18556701,Munshiganj,Kharif 1,25.0,70.0,Green Papaya,June,June to August,August to September,600,30,20.0,60,80,,0.3061790651261972,0.2515810497126334,0.22296002498692666,0.08977885550589686,0.3805900028922174
1234,18.47082658,Mymensingh,Kharif 1,25.0,70.0,Green Papaya,June,June to August,August to September,22793,30,20.0,60,80,,0.147268203746856,0.18537890202527174,0.31664926211503513,0.1656546286905534,0.183712498982838
142,13.43661972,Naogaon,Kharif 1,25.0,70.0,Green Papaya,June,June to August,August to September,1908,30,20.0,60,80,,0.151012544621987,0.23885959032399665,0.2954428396673448,0.07900979741446207,0.2178154704904624
365,10.36438356,Narail,Kharif 1,25.0,70.0,Green Papaya,June,June to August,August to September,3783,30,20.0,60,80,58.0,0.2931034421079588,0.2835308630843257,0.33682367999562923,0.05008985031836103,0.3738582462137362
48,21.375,Narayanganj,Kharif 1,25.0,70.0,Green Papaya,June,June to August,August to September,1026,30,20.0,60,80,,0.2139360142323902,0.2557490787610159,0.2585031197352457,0.07083903222984,0.2967271553285521
293,18.97952218,Narsingdi,Kharif 1,25.0,70.0,Green Papaya,June,June to August,August to September,5561,30,20.0,60,80,,0.0686431818013071,0.2247308627605966,0.30355746053955873,0.1520000277951865,0.2875359195667165
313,19.14057508,Natore,Kharif 1,25.0,70.0,Green Papaya,June,June to August,August to September,5991,30,20.0,60,80,,0.2396934944526867,0.29576936652511276,0.19738068574590295,0.10444838300920238,0.2843293374458162
191,18.41361257,Netrokona,Kharif 1,25.0,70.0,Green Papaya,June,June to August,August to September,3517,30,20.0,60,80,,-0.0374691032015912,0.05679763863339246,0.20716307868771594,0.14076763592897118,0.1216241284636668
69,29.24637681,Nilphamari,Kharif 1,25.0,70.0,Green Papaya,June,June to August,August to September,2018,30,20.0,60,80,,0.1378536434354302,0.17637074377700532,0.3705376763987869,0.15971577644896207,0.3905363140056865
190,7.821052632,Noakhali,Kharif 1,25.0,70.0,Green Papaya,June,June to August,August to September,1486,30,20.0,60,80,55.0,0.1125262690416429,0.18637884921235115,0.20375110811533592,0.08983987267292985,0.1658426609921801
495,14.93737374,Pabna,Kharif 1,25.0,70.0,Green Papaya,June,June to August,August to September,7394,30,20.0,60,80,,0.3338369511018429,0.3105245352638637,0.267168065887026,0.03805732263979561,0.3054242601831844
74,23.43243243,Panchagar,Kharif 1,25.0,70.0,Green Papaya,June,June to August,August to September,1734,30,20.0,60,80,,0.194460217324899,0.2682288320359047,0.34521671646746704,0.07857028204550696,0.5473277632011888
753,4.887118194,Patuakhali,Kharif 1,25.0,70.0,Green Papaya,June,June to August,August to September,3680,30,20.0,60,80,,0.1845850493144675,0.1852391110342515,0.23325759894889453,0.11416674756423188,0.3357123883791376
438,3.46347032,Pirojpur,Kharif 1,25.0,70.0,Green Papaya,June,June to August,August to September,1517,30,20.0,60,80,57.0,0.264165553095138,0.30394761567671086,0.3679417832788916,0.10240609714262239,0.4034404459856785
513,11.94346979,Rajbari,Kharif 1,25.0,70.0,Green Papaya,June,June to August,August to September,6127,30,20.0,60,80,60.0,0.3693864167143024,0.2970234378073349,0.2690441376442564,0.07630980536681828,0.420965323158295
1476,40.41531165,Rajshahi,Kharif 1,25.0,70.0,Green Papaya,June,June to August,August to September,59653,30,20.0,60,80,65.0,0.309744230953222,0.3092789883052905,0.2703161097973671,0.04752144075848529,0.2148030029570647
498,15.42570281,Rangamati,Kharif 1,25.0,70.0,Green Papaya,June,June to August,August to September,7682,30,20.0,60,80,,0.3566101220905236,0.45438042271379503,0.4020458927209217,0.11362763534434087,0.2219434186735245
234,14.70512821,Rangpur,Kharif 1,25.0,70.0,Green Papaya,June,June to August,August to September,3441,30,20.0,60,80,59.0,0.0468616342173195,0.18077115804206353,0.3352855188625463,0.1496508226669169,0.4001486941371419
341,8.95601173,Satkhira,Kharif 1,25.0,70.0,Green Papaya,June,June to August,August to September,3054,30,20.0,60,80,59.0,0.1194165133466915,0.209223999439243,0.2781635199485982,0.07696288562519213,0.2245382571010397
98,11.42857143,Shariatpur,Kharif 1,25.0,70.0,Green Papaya,June,June to August,August to September,1120,30,20.0,60,80,55.0,0.3246768434248136,0.28948176202032666,0.3219231427759088,0.04451492908033303,0.3404679378482187
217,13.17511521,Sherpur,Kharif 1,25.0,70.0,Green Papaya,June,June to August,August to September,2859,30,20.0,60,80,,0.0528778723675305,0.18268127838824996,0.2711154964219722,0.12741452779332943,0.2278267182217989
297,13.30976431,Sirajganj,Kharif 1,25.0,70.0,Green Papaya,June,June to August,August to September,3953,30,20.0,60,80,,0.1381345270632336,0.1652585464899234,0.14497477335042325,0.05292213394150377,0.1547068330441469
74,1.027027027,Sunamganj,Kharif 1,25.0,70.0,Green Papaya,June,June to August,August to September,76,30,20.0,60,80,54.0,-0.1976703408679797,-0.08076530955029286,0.0079277229735016,0.09698192383488057,0.0066240920840004
278,3.654676259,Sylhet,Kharif 1,25.0,70.0,Green Papaya,June,June to August,August to September,1016,30,20.0,60,80,54.0,0.021092634797125,0.11117789593750627,0.2776328969217867,0.14872227592253864,0.0219238745854215
394,12.64974619,Tangail,Kharif 1,25.0,70.0,Green Papaya,June,June to August,August to September,4984,30,20.0,60,80,60.0,0.1318871049415015,0.15022118097715678,0.2475414525208851,0.09373245073879793,0.1960530352637223
91,14.20879121,Thakurgaon,Kharif 1,25.0,70.0,Green Papaya,June,June to August,August to September,1293,30,20.0,60,80,,0.1637129632869899,0.25305829680575775,0.3704238008493431,0.10751858750299784,0.4809286896683722
46,0.6086956522,Bagerhat,Rabi,27.5,85.0,Groundnut,Oct,Nov to March,March to April,28,35,20.0,80,90,57.0,0.5549719290375441,0.5337443034963723,0.4278334627608135,0.1100116478308852,0.4868351131875976
213,0.6948356808,Bandarban,Rabi,27.5,85.0,Groundnut,Oct,Nov to March,March to April,148,35,20.0,80,90,55.0,0.7430366041768727,0.7090182591778561,0.4776802185450748,0.14304254324966362,0.3862715233777672
189,1.296296296,Barguna,Rabi,27.5,85.0,Groundnut,Oct,Nov to March,March to April,245,35,20.0,80,90,57.0,0.5890323017558614,0.4225216884300404,0.3114118478202062,0.15230155193712117,0.3310758402525957
77,0.8831168831,Barishal,Rabi,27.5,85.0,Groundnut,Oct,Nov to March,March to April,68,35,20.0,80,90,,0.5411183729753246,0.3762113383736182,0.3712496033176619,0.11510079301947224,0.3272113771710582
4716,0.7873197625,Bhola,Rabi,27.5,85.0,Groundnut,Oct,Nov to March,March to April,3713,35,20.0,80,90,56.0,0.4215271980368956,0.2905412065477276,0.2628488948494496,0.09019156532880034,0.2334659055742139
553,0.5352622061,Bogura,Rabi,27.5,85.0,Groundnut,Oct,Nov to March,March to April,296,35,20.0,80,90,,0.6043189721273731,0.4014906816487459,0.4502850820864688,0.10702124046307472,0.2859644007903595
392,0.5994897959,Brahmanbaria,Rabi,27.5,85.0,Groundnut,Oct,Nov to March,March to April,235,35,20.0,80,90,54.0,0.4183456917031,0.42041651192908064,0.5393713240351568,0.10812197459441848,0.2430711904191838
265,0.5924528302,Chandpur,Rabi,27.5,85.0,Groundnut,Oct,Nov to March,March to April,157,35,20.0,80,90,,0.5270362529660546,0.4196287472489478,0.3842086180373251,0.09796058581674542,0.2851182395817753
0,#DIV/0!,Chapai Nawabganj,Rabi,27.5,85.0,Groundnut,Oct,Nov to March,March to April,0,35,20.0,80,90,,0.5494797758461835,0.4465936484687614,0.4353891809711724,0.08853729197097461,0.2346338663805179
1905,0.9081364829,Chattogram,Rabi,27.5,85.0,Groundnut,Oct,Nov to March,March to April,1730,35,20.0,80,90,,0.6563726676016034,0.5398677235407751,0.4104518278809792,0.10750040936404333,0.4368271330834088
52,0.5961538462,Chuadanga,Rabi,27.5,85.0,Groundnut,Oct,Nov to March,March to April,31,35,20.0,80,90,,0.6058950868858013,0.5459297496825638,0.5375293719334024,0.06822161350001604,0.1390385944438268
626,1.255591054,CoxsBazar,Rabi,27.5,85.0,Groundnut,Oct,Nov to March,March to April,786,35,20.0,80,90,55.0,0.5920513052550939,0.47650665848801904,0.41255151434835624,0.06931836672637309,0.2866525849958106
323,0.959752322,Cumilla,Rabi,27.5,85.0,Groundnut,Oct,Nov to March,March to April,310,35,20.0,80,90,,0.6260474113432829,0.496514278149792,0.43549782798141,0.1371442986277815,0.3487596083130284
261,0.6704980843,Dhaka,Rabi,27.5,85.0,Groundnut,Oct,Nov to March,March to April,175,35,20.0,80,90,,0.42014379344061,0.3937563759967836,0.31966499329081344,0.08508889886739143,0.3278518747499494
62,0.8225806452,Dinajpur,Rabi,27.5,85.0,Groundnut,Oct,Nov to March,March to April,51,35,20.0,80,90,,0.6968213826970469,0.42830616001138067,0.48169108106705266,0.1458592526127134,0.3510443820127166
5330,1.139774859,Faridpur,Rabi,27.5,85.0,Groundnut,Oct,Nov to March,March to April,6075,35,20.0,80,90,,0.5571700752994787,0.4581886948889823,0.33493569694063985,0.13917883553703742,0.3607017999141199
1943,0.7153885744,Feni,Rabi,27.5,85.0,Groundnut,Oct,Nov to March,March to April,1390,35,20.0,80,90,,0.6864048324722554,0.49054491363759645,0.4089169233706212,0.13457311384527107,0.3828643827818602
1313,0.9025133283,Gaibandha,Rabi,27.5,85.0,Groundnut,Oct,Nov to March,March to April,1185,35,20.0,80,90,57.0,0.5191748931888249,0.36339522225653276,0.380662399855046,0.12556206186323002,0.3094345807109266
32,0.375,Gazipur,Rabi,27.5,85.0,Groundnut,Oct,Nov to March,March to April,12,35,20.0,80,90,,0.5223462850901985,0.4808542297551326,0.4062618659512596,0.11515122917711507,0.3255431189635358
1477,0.8896411645,Gopalganj,Rabi,27.5,85.0,Groundnut,Oct,Nov to March,March to April,1314,35,20.0,80,90,56.0,0.6266318567705287,0.5154311821773885,0.4993561523954592,0.12132253367968518,0.4792702295360826
15,0.4666666667,Habiganj,Rabi,27.5,85.0,Groundnut,Oct,Nov to March,March to April,7,35,20.0,80,90,,0.45889587481196,0.4248595780224734,0.5054355524591956,0.11663684385299297,0.2399103651205681
304,0.6710526316,Jamalpur,Rabi,27.5,85.0,Groundnut,Oct,Nov to March,March to April,204,35,20.0,80,90,,0.5680638462794619,0.4350589239459179,0.3740578779844945,0.12504480572978646,0.1827577072035731
17,0.5294117647,Jashore,Rabi,27.5,85.0,Groundnut,Oct,Nov to March,March to April,9,35,20.0,80,90,,0.7028498240366357,0.5032073812466739,0.5580905404218051,0.10135421241836014,0.3838945484874524
25,0.44,Jhallokati,Rabi,27.5,85.0,Groundnut,Oct,Nov to March,March to April,11,35,20.0,80,90,,0.6984104731100329,0.5274351262828464,0.45120352157353144,0.14497461352264937,0.4988607970006209
711,1.196905767,Jhenaidah,Rabi,27.5,85.0,Groundnut,Oct,Nov to March,March to April,851,35,20.0,80,90,,0.7437649112435227,0.507036695303401,0.5502829648381724,0.11936234993167984,0.3220885598782582
0,#DIV/0!,Joypurhat,Rabi,27.5,85.0,Groundnut,Oct,Nov to March,March to April,0,35,20.0,80,90,64.0,0.6950315134846194,0.4232590030306952,0.5176417955124151,0.12437850475115055,0.3194107068979877
129,1.054263566,Khagrachari,Rabi,27.5,85.0,Groundnut,Oct,Nov to March,March to April,136,35,20.0,80,90,54.0,0.7650947268938538,0.6890913107741159,0.44661939276924423,0.16459511644422764,0.3382196284333821
0,#DIV/0!,Khulna,Rabi,27.5,85.0,Groundnut,Oct,Nov to March,March to April,0,35,20.0,80,90,59.0,0.5520675878443635,0.474247876370422,0.376340550560046,0.10717354579240082,0.4016941680534377
1914,0.8092998955,Kishoreganj,Rabi,27.5,85.0,Groundnut,Oct,Nov to March,March to April,1549,35,20.0,80,90,,0.1918684324560693,0.3985315848654734,0.5028384474734935,0.13943780131608766,0.0508200478358936
2274,0.672823219,Kurigram,Rabi,27.5,85.0,Groundnut,Oct,Nov to March,March to April,1530,35,20.0,80,90,,0.4923091315654682,0.3507221561503044,0.3336651156971563,0.10741613154634982,0.339929306221639
495,0.6262626263,Kushtia,Rabi,27.5,85.0,Groundnut,Oct,Nov to March,March to April,310,35,20.0,80,90,,0.6262090914547398,0.4604070886611039,0.43646956191598824,0.09786242027502172,0.2595401427302436
211,1.184834123,Lakshmipur,Rabi,27.5,85.0,Groundnut,Oct,Nov to March,March to April,250,35,20.0,80,90,56.0,0.5253667671733465,0.3940669872154256,0.3830650053075497,0.10042555304230874,0.2352361031462211
409,0.9095354523,Lalmonirhat,Rabi,27.5,85.0,Groundnut,Oct,Nov to March,March to April,372,35,20.0,80,90,,0.6005631769723303,0.442112205816401,0.48753596719343795,0.10112176136703796,0.4453238905714439
295,0.7288135593,Madaripur,Rabi,27.5,85.0,Groundnut,Oct,Nov to March,March to April,215,35,20.0,80,90,56.0,0.5680438314099354,0.45379528244662365,0.3292899279087698,0.1403162469963059,0.4063651096234308
65,2.061538462,Magura,Rabi,27.5,85.0,Groundnut,Oct,Nov to March,March to April,134,35,20.0,80,90,61.0,0.7173624754929421,0.48553138093938986,0.46611657947290897,0.12785965496739038,0.3522418035026976
2121,0.6949552098,Manikganj,Rabi,27.5,85.0,Groundnut,Oct,Nov to March,March to April,1474,35,20.0,80,90,,0.4193839512009965,0.372019830815249,0.33590635489755755,0.09861609153404356,0.4114178092969235
21,0.8571428571,Meherpur,Rabi,27.5,85.0,Groundnut,Oct,Nov to March,March to April,18,35,20.0,80,90,65.0,0.6557736174550848,0.5547565477914448,0.4974800198847735,0.08789896889732247,0.1259660232378597
20,0.45,Moulvibazar,Rabi,27.5,85.0,Groundnut,Oct,Nov to March,March to April,9,35,20.0,80,90,,0.5081293337700128,0.49773408134336455,0.4424355813652967,0.08488885957999688,0.4082711888182118
145,0.7517241379,Munshiganj,Rabi,27.5,85.0,Groundnut,Oct,Nov to March,March to April,109,35,20.0,80,90,,0.4799755728266007,0.4280112858983508,0.3110355800281319,0.13907044762862025,0.31340565567292
649,0.562403698,Mymensingh,Rabi,27.5,85.0,Groundnut,Oct,Nov to March,March to April,365,35,20.0,80,90,,0.6661036234448312,0.4243696413120338,0.42397269741357857,0.17197442360608786,0.4943108635282229
213,0.6995305164,Naogaon,Rabi,27.5,85.0,Groundnut,Oct,Nov to March,March to April,149,35,20.0,80,90,,0.6437611050179507,0.42621288307793403,0.47774365924495954,0.1490518675511966,0.3298349904608932
976,0.9293032787,Narail,Rabi,27.5,85.0,Groundnut,Oct,Nov to March,March to April,907,35,20.0,80,90,58.0,0.6251097875564693,0.4797292868454324,0.45781944004041636,0.10923326137090027,0.3795905639419704
525,0.5295238095,Narayanganj,Rabi,27.5,85.0,Groundnut,Oct,Nov to March,March to April,278,35,20.0,80,90,,0.3876193728015197,0.39569107123338565,0.3444786288973941,0.07658986271822814,0.3114359236632746
566,0.5318021201,Narsingdi,Rabi,27.5,85.0,Groundnut,Oct,Nov to March,March to April,301,35,20.0,80,90,,0.4212772529102456,0.48367049414310087,0.47100681377990244,0.08894703970502957,0.3858671860931894
1091,0.4500458295,Natore,Rabi,27.5,85.0,Groundnut,Oct,Nov to March,March to April,491,35,20.0,80,90,,0.6270773846150153,0.48462457973289264,0.5047846049719983,0.11694281798209018,0.1449640755138761
313,0.8083067093,Netrokona,Rabi,27.5,85.0,Groundnut,Oct,Nov to March,March to April,253,35,20.0,80,90,,0.3798255718688024,0.4040840519586906,0.4281462710157188,0.14361385584881256,0.3045873133388933
224,0.5669642857,Nilphamari,Rabi,27.5,85.0,Groundnut,Oct,Nov to March,March to April,127,35,20.0,80,90,,0.653377154092829,0.44095239628183175,0.47605212521984996,0.13081823882432134,0.4439194600915765
11215,0.6782880071,Noakhali,Rabi,27.5,85.0,Groundnut,Oct,Nov to March,March to April,7607,35,20.0,80,90,55.0,0.5743616085661583,0.4706539103161309,0.4169682912797537,0.09859302369303177,0.2611398897351406
637,0.748822606,Pabna,Rabi,27.5,85.0,Groundnut,Oct,Nov to March,March to April,477,35,20.0,80,90,,0.576205463230183,0.4566358535522822,0.40216807011248845,0.08841621209086932,0.2688296958156423
19561,0.7584990542,Panchagar,Rabi,27.5,85.0,Groundnut,Oct,Nov to March,March to April,14837,35,20.0,80,90,,0.7131991955629091,0.4086399716839345,0.3488928056989298,0.1660471203623592,0.3210316931496211
1204,0.4144518272,Patuakhali,Rabi,27.5,85.0,Groundnut,Oct,Nov to March,March to April,499,35,20.0,80,90,,0.6209295032125958,0.3886271819811816,0.28185181175405905,0.16543853546748835,0.3662096619113779
13,0.6923076923,Pirojpur,Rabi,27.5,85.0,Groundnut,Oct,Nov to March,March to April,9,35,20.0,80,90,57.0,0.6644367573268926,0.5119507938211989,0.4331969211543728,0.1372120317729899,0.4734452905350293
290,1.634482759,Rajbari,Rabi,27.5,85.0,Groundnut,Oct,Nov to March,March to April,474,35,20.0,80,90,60.0,0.583792751193523,0.4196108558651421,0.36241845556408,0.11249378373215907,0.3411103169038733
703,0.8677098151,Rajshahi,Rabi,27.5,85.0,Groundnut,Oct,Nov to March,March to April,610,35,20.0,80,90,65.0,0.5638042771009885,0.41850483945774686,0.43424945220126526,0.07836275457077709,0.2171911759580277
54,0.5740740741,Rangamati,Rabi,27.5,85.0,Groundnut,Oct,Nov to March,March to April,31,35,20.0,80,90,,0.7267932608407919,0.6516585495337648,0.385264777195591,0.17010131784547686,0.407467011061289
119,0.7394957983,Rangpur,Rabi,27.5,85.0,Groundnut,Oct,Nov to March,March to April,88,35,20.0,80,90,59.0,0.6744499663546515,0.422109534065937,0.40872225002225654,0.1514596809934557,0.4118453959149274
0,#DIV/0!,Satkhira,Rabi,27.5,85.0,Groundnut,Oct,Nov to March,March to April,0,35,20.0,80,90,59.0,0.5293331106485334,0.4447332981216744,0.3778276574338402,0.08419644024669956,0.2954937434231568
646,1.044891641,Shariatpur,Rabi,27.5,85.0,Groundnut,Oct,Nov to March,March to April,675,35,20.0,80,90,55.0,0.5050903206312234,0.40729260207623846,0.2718762498233473,0.13570917244933095,0.337774879445382
103,0.9708737864,Sherpur,Rabi,27.5,85.0,Groundnut,Oct,Nov to March,March to April,100,35,20.0,80,90,,0.662903433290502,0.4571844823717428,0.4487996261148688,0.16981786589011325,0.3417866673453712
3169,0.7639633954,Sirajganj,Rabi,27.5,85.0,Groundnut,Oct,Nov to March,March to April,2421,35,20.0,80,90,,0.4306876986901167,0.3717507116551507,0.35876955088044,0.07587465677817191,0.1714208140792081
2769,0.7273383893,Sunamganj,Rabi,27.5,85.0,Groundnut,Oct,Nov to March,March to April,2014,35,20.0,80,90,54.0,0.0714833095098531,0.37261620562845155,0.43029307331041156,0.19631834881919175,0.0062517479924633
12,0.75,Sylhet,Rabi,27.5,85.0,Groundnut,Oct,Nov to March,March to April,9,35,20.0,80,90,54.0,0.4585160647406363,0.45697169262686954,0.36677937247595965,0.09884893917290195,0.3776845712197997
2924,0.5523255814,Tangail,Rabi,27.5,85.0,Groundnut,Oct,Nov to March,March to April,1615,35,20.0,80,90,60.0,0.5962526033050995,0.4234229976078102,0.3673901706057424,0.14929537950302899,0.3358840930816195
81,0.6172839506,Thakurgaon,Rabi,27.5,85.0,Groundnut,Oct,Nov to March,March to April,50,35,20.0,80,90,,0.6913470028229801,0.45499309721672854,0.4599030426161464,0.12430236925266322,0.3582324259138552
176,8.454545455,Bagerhat,Kharif 1,29.0,67.5,Guava,April,No need to do,Throuout The year,1488,35,23.0,50,85,57.0,0.2844793013289463,,0.42892406757796614,0.1366220781093571,0.5711876241926808
843,0.4223013049,Bandarban,Kharif 1,29.0,67.5,Guava,April,No need to do,Throuout The year,356,35,23.0,50,85,55.0,0.3876779567270571,,0.5654569808551421,0.1769441808000389,0.5676824803630925
1462,0.53625171,Barguna,Kharif 1,29.0,67.5,Guava,April,No need to do,Throuout The year,784,35,23.0,50,85,57.0,0.2876097437686987,,0.364046855989753,0.14472591076582558,0.3352139518717137
3601,2.709802833,Barishal,Kharif 1,29.0,67.5,Guava,April,No need to do,Throuout The year,9758,35,23.0,50,85,,0.3100169088937738,,0.33977937656045726,0.11377812728746149,0.43248229774155
155,7.587096774,Bhola,Kharif 1,29.0,67.5,Guava,April,No need to do,Throuout The year,1176,35,23.0,50,85,56.0,0.2246323016939531,,0.24544724196275325,0.10218974413709254,0.3010654880049462
364,12.37087912,Bogura,Kharif 1,29.0,67.5,Guava,April,No need to do,Throuout The year,4503,35,23.0,50,85,,0.3974557819503149,,0.34349028952381916,0.14197821095380192,0.5031143822226227
653,1.998468606,Brahmanbaria,Kharif 1,29.0,67.5,Guava,April,No need to do,Throuout The year,1305,35,23.0,50,85,54.0,0.4667222562628336,,0.3279761942313936,0.15308572102121762,0.6120203918074798
176,14.40909091,Chandpur,Kharif 1,29.0,67.5,Guava,April,No need to do,Throuout The year,2536,35,23.0,50,85,,0.2824497786894116,,0.3487067848139768,0.11361810179232991,0.4859674573852385
818,4.880195599,Chapai Nawabganj,Kharif 1,29.0,67.5,Guava,April,No need to do,Throuout The year,3992,35,23.0,50,85,,0.3377839429676815,,0.3919489918463765,0.10179626949418163,0.5329944189746634
5327,7.900131406,Chattogram,Kharif 1,29.0,67.5,Guava,April,No need to do,Throuout The year,42084,35,23.0,50,85,,0.3406132785765541,,0.45235166350788775,0.13543850773807248,0.4802903771854044
203,9.581280788,Chuadanga,Kharif 1,29.0,67.5,Guava,April,No need to do,Throuout The year,1945,35,23.0,50,85,,0.4685908909016339,,0.448874790057769,0.14205815223018284,0.6064678529651709
4941,0.3523578223,CoxsBazar,Kharif 1,29.0,67.5,Guava,April,No need to do,Throuout The year,1741,35,23.0,50,85,55.0,0.362233654035479,,0.41227091913591063,0.09726515748487378,0.4628693746612334
1518,3.889986825,Cumilla,Kharif 1,29.0,67.5,Guava,April,No need to do,Throuout The year,5905,35,23.0,50,85,,0.2799573140061434,,0.40123091410266715,0.16041975734538733,0.5910383419566766
272,14.70955882,Dhaka,Kharif 1,29.0,67.5,Guava,April,No need to do,Throuout The year,4001,35,23.0,50,85,,0.2053280197750239,,0.3193785536314941,0.09641644926606817,0.4340019668066029
468,5.126068376,Dinajpur,Kharif 1,29.0,67.5,Guava,April,No need to do,Throuout The year,2399,35,23.0,50,85,,0.3864902076658625,,0.37133560105946617,0.17316133345075954,0.5768919544682428
241,5.647302905,Faridpur,Kharif 1,29.0,67.5,Guava,April,No need to do,Throuout The year,1361,35,23.0,50,85,,0.1596716045798009,,0.3829162769689853,0.1386863521493636,0.5101997893014788
189,3.613756614,Feni,Kharif 1,29.0,67.5,Guava,April,No need to do,Throuout The year,683,35,23.0,50,85,,0.3154547680727988,,0.38447346825021356,0.18589003081952754,0.5023790786684436
288,4.489583333,Gaibandha,Kharif 1,29.0,67.5,Guava,April,No need to do,Throuout The year,1293,35,23.0,50,85,57.0,0.2560613395709359,,0.30802971640897464,0.1411715275965208,0.5052634601391561
6943,0.8492006337,Gazipur,Kharif 1,29.0,67.5,Guava,April,No need to do,Throuout The year,5896,35,23.0,50,85,,0.3013299480303391,,0.3627173813143015,0.16583820741710872,0.5111937838721802
277,6.303249097,Gopalganj,Kharif 1,29.0,67.5,Guava,April,No need to do,Throuout The year,1746,35,23.0,50,85,56.0,0.365624571223079,,0.46073377197180404,0.11275574548331435,0.6330877335678394
513,6.799220273,Habiganj,Kharif 1,29.0,67.5,Guava,April,No need to do,Throuout The year,3488,35,23.0,50,85,,0.4094105700184439,,0.3326940583226139,0.14841639283472494,0.6014605348999472
646,5.724458204,Jamalpur,Kharif 1,29.0,67.5,Guava,April,No need to do,Throuout The year,3698,35,23.0,50,85,,0.2203033803902141,,0.3222952730368425,0.16179145563794894,0.5278123755787749
1025,7.287804878,Jashore,Kharif 1,29.0,67.5,Guava,April,No need to do,Throuout The year,7470,35,23.0,50,85,,0.5094016354846946,,0.44099744369477806,0.1456260406489691,0.6067794453589154
3006,1.825016633,Jhallokati,Kharif 1,29.0,67.5,Guava,April,No need to do,Throuout The year,5486,35,23.0,50,85,,0.3844964290526782,,0.47024471893428954,0.1434806624051544,0.5179106140943847
388,12.70103093,Jhenaidah,Kharif 1,29.0,67.5,Guava,April,No need to do,Throuout The year,4928,35,23.0,50,85,,0.4932941383053687,,0.4523003247601767,0.14299362197185683,0.6072717913709762
105,7.647619048,Joypurhat,Kharif 1,29.0,67.5,Guava,April,No need to do,Throuout The year,803,35,23.0,50,85,64.0,0.5481632788078854,,0.3845915613539888,0.1647991030497669,0.4871203122169448
607,2.434925865,Khagrachari,Kharif 1,29.0,67.5,Guava,April,No need to do,Throuout The year,1478,35,23.0,50,85,54.0,0.3194542381207939,,0.5443889689302538,0.19325593103695812,0.5737845474176946
357,7.557422969,Khulna,Kharif 1,29.0,67.5,Guava,April,No need to do,Throuout The year,2698,35,23.0,50,85,59.0,0.2547487058378869,,0.3787401798650247,0.1305201264005469,0.4979323952822052
157,7.853503185,Kishoreganj,Kharif 1,29.0,67.5,Guava,April,No need to do,Throuout The year,1233,35,23.0,50,85,,0.3676092519986164,,0.23203526159389287,0.196779816657868,0.6380676429483706
178,5.191011236,Kurigram,Kharif 1,29.0,67.5,Guava,April,No need to do,Throuout The year,924,35,23.0,50,85,,0.2226332627293874,,0.2898945794332816,0.1288008746418592,0.4446969686649252
427,16.9882904,Kushtia,Kharif 1,29.0,67.5,Guava,April,No need to do,Throuout The year,7254,35,23.0,50,85,,0.3702999720630754,,0.4016991900843852,0.11438724471737473,0.5026391517689011
66,15.21212121,Lakshmipur,Kharif 1,29.0,67.5,Guava,April,No need to do,Throuout The year,1004,35,23.0,50,85,56.0,0.3561816998129432,,0.3189241449349148,0.13471728337173608,0.4099483108021562
345,4.223188406,Lalmonirhat,Kharif 1,29.0,67.5,Guava,April,No need to do,Throuout The year,1457,35,23.0,50,85,,0.4065448627465945,,0.3840737347937168,0.14009334825838884,0.5685270716402814
110,4.7,Madaripur,Kharif 1,29.0,67.5,Guava,April,No need to do,Throuout The year,517,35,23.0,50,85,56.0,0.145892769350381,,0.39040931510470517,0.12047833047901398,0.5126870864671587
280,8.857142857,Magura,Kharif 1,29.0,67.5,Guava,April,No need to do,Throuout The year,2480,35,23.0,50,85,61.0,0.3516332543736697,,0.4329410504002018,0.13867795020185253,0.5805999045721482
193,7.316062176,Manikganj,Kharif 1,29.0,67.5,Guava,April,No need to do,Throuout The year,1412,35,23.0,50,85,,0.238108560268593,,0.31895833174128807,0.10844742536645573,0.4337041495265221
261,4.551724138,Meherpur,Kharif 1,29.0,67.5,Guava,April,No need to do,Throuout The year,1188,35,23.0,50,85,65.0,0.4240959983858737,,0.4642206068217354,0.1459554010688312,0.5708640413836734
322,8.341614907,Moulvibazar,Kharif 1,29.0,67.5,Guava,April,No need to do,Throuout The year,2686,35,23.0,50,85,,0.3772511111134909,,0.4048692118472657,0.12293793025290647,0.5076200516171026
87,6.655172414,Munshiganj,Kharif 1,29.0,67.5,Guava,April,No need to do,Throuout The year,579,35,23.0,50,85,,0.1254731884929805,,0.3495203332095311,0.12833313043726552,0.4965979715632833
1428,2.899159664,Mymensingh,Kharif 1,29.0,67.5,Guava,April,No need to do,Throuout The year,4140,35,23.0,50,85,,0.2792620099084889,,0.3584478257083638,0.1837832957743008,0.5686833849186683
403,4.258064516,Naogaon,Kharif 1,29.0,67.5,Guava,April,No need to do,Throuout The year,1716,35,23.0,50,85,,0.3353748718633925,,0.36453580201619656,0.15388479970778424,0.6201124466265265
386,5.121761658,Narail,Kharif 1,29.0,67.5,Guava,April,No need to do,Throuout The year,1977,35,23.0,50,85,58.0,0.3408352502702987,,0.41405273928855113,0.119529692545096,0.574803629810534
46,19.69565217,Narayanganj,Kharif 1,29.0,67.5,Guava,April,No need to do,Throuout The year,906,35,23.0,50,85,,0.2542342797497706,,0.33297661033275777,0.08504849755986137,0.4347229780450177
280,15.28214286,Narsingdi,Kharif 1,29.0,67.5,Guava,April,No need to do,Throuout The year,4279,35,23.0,50,85,,0.3744952593367734,,0.3801433897420183,0.1420889673022022,0.5675183682230315
520,10.37884615,Natore,Kharif 1,29.0,67.5,Guava,April,No need to do,Throuout The year,5397,35,23.0,50,85,,0.3938140226589006,,0.39671798487278404,0.15604833925242145,0.6157551872850959
348,5.74137931,Netrokona,Kharif 1,29.0,67.5,Guava,April,No need to do,Throuout The year,1998,35,23.0,50,85,,0.2180584018053236,,0.26790904926419307,0.18400757850421096,0.638234140226114
137,11.3649635,Nilphamari,Kharif 1,29.0,67.5,Guava,April,No need to do,Throuout The year,1557,35,23.0,50,85,,0.348037858697919,,0.3808120833023487,0.16423933638374033,0.604066391741781
361,4.933518006,Noakhali,Kharif 1,29.0,67.5,Guava,April,No need to do,Throuout The year,1781,35,23.0,50,85,55.0,0.3485228861940609,,0.35518942872543735,0.16449705389699837,0.4854136963654465
532,12.81390977,Pabna,Kharif 1,29.0,67.5,Guava,April,No need to do,Throuout The year,6817,35,23.0,50,85,,0.3016887841086959,,0.38890842307422563,0.10324823651826495,0.5026473561162811
228,6.495614035,Panchagar,Kharif 1,29.0,67.5,Guava,April,No need to do,Throuout The year,1481,35,23.0,50,85,,0.20279912294809,,0.3860203441157663,0.15467456573735447,0.4949864884497696
640,2.00625,Patuakhali,Kharif 1,29.0,67.5,Guava,April,No need to do,Throuout The year,1284,35,23.0,50,85,,0.2365474556695895,,0.33818768768178026,0.15855918026038882,0.3271561678385286
2694,11.39161099,Pirojpur,Kharif 1,29.0,67.5,Guava,April,No need to do,Throuout The year,30689,35,23.0,50,85,57.0,0.3392577304779658,,0.44601475337180774,0.13942006860054418,0.5271361118307798
300,5.85,Rajbari,Kharif 1,29.0,67.5,Guava,April,No need to do,Throuout The year,1755,35,23.0,50,85,60.0,0.2441449981923793,,0.3815948318496489,0.10696800493376664,0.4806919129357807
1510,5.878807947,Rajshahi,Kharif 1,29.0,67.5,Guava,April,No need to do,Throuout The year,8877,35,23.0,50,85,65.0,0.39139088167786,,0.36729587499154553,0.10685532254132507,0.4771080227246705
1051,6.141769743,Rangamati,Kharif 1,29.0,67.5,Guava,April,No need to do,Throuout The year,6455,35,23.0,50,85,,0.2740115169357396,,0.5209707686101296,0.18582793357866267,0.4965180374554424
193,8.880829016,Rangpur,Kharif 1,29.0,67.5,Guava,April,No need to do,Throuout The year,1714,35,23.0,50,85,59.0,0.2902257990630829,,0.3691275833271399,0.16746448477289969,0.5272187009814302
676,3.627218935,Satkhira,Kharif 1,29.0,67.5,Guava,April,No need to do,Throuout The year,2452,35,23.0,50,85,59.0,0.2721199083647258,,0.34773529237196305,0.1279480394533674,0.4835354065029546
280,4.403571429,Shariatpur,Kharif 1,29.0,67.5,Guava,April,No need to do,Throuout The year,1233,35,23.0,50,85,55.0,0.0925735314905069,,0.3484012471547919,0.10901947318552917,0.4511789681561877
304,3.878289474,Sherpur,Kharif 1,29.0,67.5,Guava,April,No need to do,Throuout The year,1179,35,23.0,50,85,,0.2678615620118689,,0.3611953856577504,0.18688726018627783,0.6297376902178687
136,23.36764706,Sirajganj,Kharif 1,29.0,67.5,Guava,April,No need to do,Throuout The year,3178,35,23.0,50,85,,0.2438028677727265,,0.27959561761097684,0.11940851744109097,0.4737362339881535
1318,0.4218512898,Sunamganj,Kharif 1,29.0,67.5,Guava,April,No need to do,Throuout The year,556,35,23.0,50,85,54.0,0.2385902396757943,,0.16197787406279085,0.23993374405284798,0.6219959069450288
462,3.385281385,Sylhet,Kharif 1,29.0,67.5,Guava,April,No need to do,Throuout The year,1564,35,23.0,50,85,54.0,0.2401914716423759,,0.3097256777612583,0.18400266014419997,0.4933672733095434
6251,0.6608542633,Tangail,Kharif 1,29.0,67.5,Guava,April,No need to do,Throuout The year,4131,35,23.0,50,85,60.0,0.2191926340496671,,0.32626340805588583,0.16634515782490666,0.5155877071618177
146,7.575342466,Thakurgaon,Kharif 1,29.0,67.5,Guava,April,No need to do,Throuout The year,1106,35,23.0,50,85,,0.373304905125753,,0.4114961166693231,0.14528116818898248,0.5465011801065398
95,26.71578947,Bagerhat,Kharif 1,34.5,82.5,Jack Fruit,April,No need to do,April to June,2538,47,22.0,70,95,57.0,0.2844793013289463,,0.2536342119368173,0.03930222189698321,0.5711876241926808
300,12.53,Bandarban,Kharif 1,34.5,82.5,Jack Fruit,April,No need to do,April to June,3759,47,22.0,70,95,55.0,0.3876779567270571,,0.36184367927191435,0.09045814790728385,0.5676824803630925
600,3.945,Barguna,Kharif 1,34.5,82.5,Jack Fruit,April,No need to do,April to June,2367,47,22.0,70,95,57.0,0.2876097437686987,,0.27664412912441133,0.061913728851230185,0.3352139518717137
500,17.202,Barishal,Kharif 1,34.5,82.5,Jack Fruit,April,No need to do,April to June,8601,47,22.0,70,95,,0.3100169088937738,,0.27096595692699754,0.06722132193314931,0.43248229774155
600,23.33333333,Bhola,Kharif 1,34.5,82.5,Jack Fruit,April,No need to do,April to June,14000,47,22.0,70,95,56.0,0.2246323016939531,,0.1964205409127134,0.02735986124799251,0.3010654880049462
690,34.65942029,Bogura,Kharif 1,34.5,82.5,Jack Fruit,April,No need to do,April to June,23915,47,22.0,70,95,,0.3974557819503149,,0.26418530878418717,0.13981746965532688,0.5031143822226227
150,139.38,Brahmanbaria,Kharif 1,34.5,82.5,Jack Fruit,April,No need to do,April to June,20907,47,22.0,70,95,54.0,0.4667222562628336,,0.2536643319823083,0.20528497860847314,0.6120203918074798
480,22.54583333,Chandpur,Kharif 1,34.5,82.5,Jack Fruit,April,No need to do,April to June,10822,47,22.0,70,95,,0.2824497786894116,,0.24455847134076938,0.037755290260009705,0.4859674573852385
170,17.48823529,Chapai Nawabganj,Kharif 1,34.5,82.5,Jack Fruit,April,No need to do,April to June,2973,47,22.0,70,95,,0.3377839429676815,,0.32567977013048277,0.05438631643329818,0.5329944189746634
998,34.12825651,Chattogram,Kharif 1,34.5,82.5,Jack Fruit,April,No need to do,April to June,34060,47,22.0,70,95,,0.3406132785765541,,0.309750957280389,0.0268501528404254,0.4802903771854044
70,79.42857143,Chuadanga,Kharif 1,34.5,82.5,Jack Fruit,April,No need to do,April to June,5560,47,22.0,70,95,,0.4685908909016339,,0.3980394130958545,0.06194562144549137,0.6064678529651709
240,30.82083333,CoxsBazar,Kharif 1,34.5,82.5,Jack Fruit,April,No need to do,April to June,7397,47,22.0,70,95,55.0,0.362233654035479,,0.3239420213629704,0.041069735777928384,0.4628693746612334
800,24.8875,Cumilla,Kharif 1,34.5,82.5,Jack Fruit,April,No need to do,April to June,19910,47,22.0,70,95,,0.2799573140061434,,0.22664441745677422,0.08070249885788486,0.5910383419566766
213,16.67605634,Dhaka,Kharif 1,34.5,82.5,Jack Fruit,April,No need to do,April to June,3552,47,22.0,70,95,,0.2053280197750239,,0.23936838474388453,0.03432702826222808,0.4340019668066029
1590,22.23836478,Dinajpur,Kharif 1,34.5,82.5,Jack Fruit,April,No need to do,April to June,35359,47,22.0,70,95,,0.3864902076658625,,0.2812058798976254,0.1868477060555756,0.5768919544682428
663,19.60030166,Faridpur,Kharif 1,34.5,82.5,Jack Fruit,April,No need to do,April to June,12995,47,22.0,70,95,,0.1596716045798009,,0.3198517424306074,0.17180110609540072,0.5101997893014788
100,23.61,Feni,Kharif 1,34.5,82.5,Jack Fruit,April,No need to do,April to June,2361,47,22.0,70,95,,0.3154547680727988,,0.19229286671638865,0.13333461823768328,0.5023790786684436
643,18.36858476,Gaibandha,Kharif 1,34.5,82.5,Jack Fruit,April,No need to do,April to June,11811,47,22.0,70,95,57.0,0.2560613395709359,,0.1894431897190326,0.1466424758312789,0.5052634601391561
6573,14.57416705,Gazipur,Kharif 1,34.5,82.5,Jack Fruit,April,No need to do,April to June,95796,47,22.0,70,95,,0.3013299480303391,,0.2252641548236134,0.10137174912996307,0.5111937838721802
184,12.36956522,Gopalganj,Kharif 1,34.5,82.5,Jack Fruit,April,No need to do,April to June,2276,47,22.0,70,95,56.0,0.365624571223079,,0.3742340148694117,0.021190789201075075,0.6330877335678394
650,30.9,Habiganj,Kharif 1,34.5,82.5,Jack Fruit,April,No need to do,April to June,20085,47,22.0,70,95,,0.4094105700184439,,0.2561541520860926,0.13834374828327706,0.6014605348999472
100,286.81,Jamalpur,Kharif 1,34.5,82.5,Jack Fruit,April,No need to do,April to June,28681,47,22.0,70,95,,0.2203033803902141,,0.17067158708709795,0.09063393932186664,0.5278123755787749
100,113.11,Jashore,Kharif 1,34.5,82.5,Jack Fruit,April,No need to do,April to June,11311,47,22.0,70,95,,0.5094016354846946,,0.36526914031751234,0.16335236848959556,0.6067794453589154
700,3.57,Jhallokati,Kharif 1,34.5,82.5,Jack Fruit,April,No need to do,April to June,2499,47,22.0,70,95,,0.3844964290526782,,0.3836789980787481,0.06345884990179344,0.5179106140943847
600,21.55666667,Jhenaidah,Kharif 1,34.5,82.5,Jack Fruit,April,No need to do,April to June,12934,47,22.0,70,95,,0.4932941383053687,,0.40550395934225597,0.08947176771920076,0.6072717913709762
95,29.47368421,Joypurhat,Kharif 1,34.5,82.5,Jack Fruit,April,No need to do,April to June,2800,47,22.0,70,95,64.0,0.5481632788078854,,0.35872500405463076,0.2095681060721164,0.4871203122169448
5426,7.908956874,Khagrachari,Kharif 1,34.5,82.5,Jack Fruit,April,No need to do,April to June,42914,47,22.0,70,95,54.0,0.3194542381207939,,0.3053147356841674,0.06729827806138926,0.5737845474176946
202,20.69306931,Khulna,Kharif 1,34.5,82.5,Jack Fruit,April,No need to do,April to June,4180,47,22.0,70,95,59.0,0.2547487058378869,,0.23457112611353184,0.028864392255107018,0.4979323952822052
200,128.59,Kishoreganj,Kharif 1,34.5,82.5,Jack Fruit,April,No need to do,April to June,25718,47,22.0,70,95,,0.3676092519986164,,0.15572919574333535,0.2015795948539667,0.6380676429483706
737,13.27137042,Kurigram,Kharif 1,34.5,82.5,Jack Fruit,April,No need to do,April to June,9781,47,22.0,70,95,,0.2226332627293874,,0.17339672925855043,0.1099225974592679,0.4446969686649252
300,275.8533333,Kushtia,Kharif 1,34.5,82.5,Jack Fruit,April,No need to do,April to June,82756,47,22.0,70,95,,0.3702999720630754,,0.3415103171680103,0.041570896554754856,0.5026391517689011
154,9.636363636,Lakshmipur,Kharif 1,34.5,82.5,Jack Fruit,April,No need to do,April to June,1484,47,22.0,70,95,56.0,0.3561816998129432,,0.23524283604868354,0.11432261157611744,0.4099483108021562
380,18.87631579,Lalmonirhat,Kharif 1,34.5,82.5,Jack Fruit,April,No need to do,April to June,7173,47,22.0,70,95,,0.4065448627465945,,0.2930680726052468,0.1384932892289429,0.5685270716402814
190,10.70526316,Madaripur,Kharif 1,34.5,82.5,Jack Fruit,April,No need to do,April to June,2034,47,22.0,70,95,56.0,0.145892769350381,,0.300605554146449,0.1357773734638443,0.5126870864671587
300,5.62,Magura,Kharif 1,34.5,82.5,Jack Fruit,April,No need to do,April to June,1686,47,22.0,70,95,61.0,0.3516332543736697,,0.38869546391950216,0.09367313567085692,0.5805999045721482
850,6.881176471,Manikganj,Kharif 1,34.5,82.5,Jack Fruit,April,No need to do,April to June,5849,47,22.0,70,95,,0.238108560268593,,0.2441725760456602,0.0788440654734721,0.4337041495265221
116,83.75862069,Meherpur,Kharif 1,34.5,82.5,Jack Fruit,April,No need to do,April to June,9716,47,22.0,70,95,65.0,0.4240959983858737,,0.42282740289795023,0.017228307528606428,0.5708640413836734
1366,6.139824305,Moulvibazar,Kharif 1,34.5,82.5,Jack Fruit,April,No need to do,April to June,8387,47,22.0,70,95,,0.3772511111134909,,0.29727528461402525,0.0754778550806872,0.5076200516171026
58,13.46551724,Munshiganj,Kharif 1,34.5,82.5,Jack Fruit,April,No need to do,April to June,781,47,22.0,70,95,,0.1254731884929805,,0.27074741883713166,0.1311971738124292,0.4965979715632833
600,42.32333333,Mymensingh,Kharif 1,34.5,82.5,Jack Fruit,April,No need to do,April to June,25394,47,22.0,70,95,,0.2792620099084889,,0.20341423754606094,0.06816678144865626,0.5686833849186683
170,36.67647059,Naogaon,Kharif 1,34.5,82.5,Jack Fruit,April,No need to do,April to June,6235,47,22.0,70,95,,0.3353748718633925,,0.23473429565861395,0.093338373192753,0.6201124466265265
815,9.607361963,Narail,Kharif 1,34.5,82.5,Jack Fruit,April,No need to do,April to June,7830,47,22.0,70,95,58.0,0.3408352502702987,,0.33593231286399794,0.04060004547963214,0.574803629810534
30,67,Narayanganj,Kharif 1,34.5,82.5,Jack Fruit,April,No need to do,April to June,2010,47,22.0,70,95,,0.2542342797497706,,0.2549658164369043,0.04140041811920036,0.4347229780450177
1175,23.13531915,Narsingdi,Kharif 1,34.5,82.5,Jack Fruit,April,No need to do,April to June,27184,47,22.0,70,95,,0.3744952593367734,,0.2435581202349323,0.15759729838655304,0.5675183682230315
680,34.19411765,Natore,Kharif 1,34.5,82.5,Jack Fruit,April,No need to do,April to June,23252,47,22.0,70,95,,0.3938140226589006,,0.3059456181858012,0.07930152582651218,0.6157551872850959
60,951.2166667,Netrokona,Kharif 1,34.5,82.5,Jack Fruit,April,No need to do,April to June,57073,47,22.0,70,95,,0.2180584018053236,,0.10073780902246642,0.1290378053463969,0.638234140226114
170,189.4058824,Nilphamari,Kharif 1,34.5,82.5,Jack Fruit,April,No need to do,April to June,32199,47,22.0,70,95,,0.348037858697919,,0.29214260537967857,0.1352972376261314,0.604066391741781
147,10.23809524,Noakhali,Kharif 1,34.5,82.5,Jack Fruit,April,No need to do,April to June,1505,47,22.0,70,95,55.0,0.3485228861940609,,0.20896393874262795,0.12376665250773204,0.4854136963654465
1333,21.87471868,Pabna,Kharif 1,34.5,82.5,Jack Fruit,April,No need to do,April to June,29159,47,22.0,70,95,,0.3016887841086959,,0.3136499984645744,0.017581900863110927,0.5026473561162811
250,104.576,Panchagar,Kharif 1,34.5,82.5,Jack Fruit,April,No need to do,April to June,26144,47,22.0,70,95,,0.20279912294809,,0.31486236782472593,0.20136410894794415,0.4949864884497696
750,20.612,Patuakhali,Kharif 1,34.5,82.5,Jack Fruit,April,No need to do,April to June,15459,47,22.0,70,95,,0.2365474556695895,,0.2522816311210649,0.07678242872588295,0.3271561678385286
800,8.4875,Pirojpur,Kharif 1,34.5,82.5,Jack Fruit,April,No need to do,April to June,6790,47,22.0,70,95,57.0,0.3392577304779658,,0.3356212431862608,0.06970862197235671,0.5271361118307798
574,45.07839721,Rajbari,Kharif 1,34.5,82.5,Jack Fruit,April,No need to do,April to June,25875,47,22.0,70,95,60.0,0.2441449981923793,,0.34483224602165885,0.09093149786551198,0.4806919129357807
400,25.9675,Rajshahi,Kharif 1,34.5,82.5,Jack Fruit,April,No need to do,April to June,10387,47,22.0,70,95,65.0,0.39139088167786,,0.3053127051960489,0.08837730785207222,0.4771080227246705
3380,13.87573964,Rangamati,Kharif 1,34.5,82.5,Jack Fruit,April,No need to do,April to June,46900,47,22.0,70,95,,0.2740115169357396,,0.28418835256659586,0.06790770383317052,0.4965180374554424
300,57.18333333,Rangpur,Kharif 1,34.5,82.5,Jack Fruit,April,No need to do,April to June,17155,47,22.0,70,95,59.0,0.2902257990630829,,0.24574537580584807,0.1807949604290869,0.5272187009814302
250,23.34,Satkhira,Kharif 1,34.5,82.5,Jack Fruit,April,No need to do,April to June,5835,47,22.0,70,95,59.0,0.2721199083647258,,0.205358226270819,0.0781376151382586,0.4835354065029546
167,7.598802395,Shariatpur,Kharif 1,34.5,82.5,Jack Fruit,April,No need to do,April to June,1269,47,22.0,70,95,55.0,0.0925735314905069,,0.25257277092117975,0.13878817359403342,0.4511789681561877
80,152.05,Sherpur,Kharif 1,34.5,82.5,Jack Fruit,April,No need to do,April to June,12164,47,22.0,70,95,,0.2678615620118689,,0.1828553842003994,0.114329840225645,0.6297376902178687
94,201.7978723,Sirajganj,Kharif 1,34.5,82.5,Jack Fruit,April,No need to do,April to June,18969,47,22.0,70,95,,0.2438028677727265,,0.17888140929336901,0.05683095247922965,0.4737362339881535
400,13.33,Sunamganj,Kharif 1,34.5,82.5,Jack Fruit,April,No need to do,April to June,5332,47,22.0,70,95,54.0,0.2385902396757943,,0.01584799696393833,0.21827650778318605,0.6219959069450288
450,15.89555556,Sylhet,Kharif 1,34.5,82.5,Jack Fruit,April,No need to do,April to June,7153,47,22.0,70,95,54.0,0.2401914716423759,,0.0944026603416408,0.12625749825359847,0.4933672733095434
2386,31.35498743,Tangail,Kharif 1,34.5,82.5,Jack Fruit,April,No need to do,April to June,74813,47,22.0,70,95,60.0,0.2191926340496671,,0.18237759141829699,0.045230821090172846,0.5155877071618177
986,9.317444219,Thakurgaon,Kharif 1,34.5,82.5,Jack Fruit,April,No need to do,April to June,9187,47,22.0,70,95,,0.373304905125753,,0.3393155193603717,0.16131618959189412,0.5465011801065398
84,8.607142857,Bagerhat,Kharif 1,27.5,80.0,Jambura,April,No need to do,May to June,723,30,25.0,70,90,57.0,0.2844793013289463,,0.23821166724075277,0.03930222189698321,0.5711876241926808
989,0.8695652174,Bandarban,Kharif 1,27.5,80.0,Jambura,April,No need to do,May to June,860,30,25.0,70,90,55.0,0.3876779567270571,,0.3489265405443429,0.09045814790728385,0.5676824803630925
373,0.691689008,Barguna,Kharif 1,27.5,80.0,Jambura,April,No need to do,May to June,258,30,25.0,70,90,57.0,0.2876097437686987,,0.27116132180226765,0.061913728851230185,0.3352139518717137
405,3.414814815,Barishal,Kharif 1,27.5,80.0,Jambura,April,No need to do,May to June,1383,30,25.0,70,90,,0.3100169088937738,,0.2514404809436094,0.06722132193314931,0.43248229774155
273,1.582417582,Bhola,Kharif 1,27.5,80.0,Jambura,April,No need to do,May to June,432,30,25.0,70,90,56.0,0.2246323016939531,,0.18231466052209355,0.02735986124799251,0.3010654880049462
190,9.626315789,Bogura,Kharif 1,27.5,80.0,Jambura,April,No need to do,May to June,1829,30,25.0,70,90,,0.3974557819503149,,0.19755007220112336,0.13981746965532688,0.5031143822226227
178,6.668539326,Brahmanbaria,Kharif 1,27.5,80.0,Jambura,April,No need to do,May to June,1187,30,25.0,70,90,54.0,0.4667222562628336,,0.14713536984204564,0.20528497860847314,0.6120203918074798
22,19.90909091,Chandpur,Kharif 1,27.5,80.0,Jambura,April,No need to do,May to June,438,30,25.0,70,90,,0.2824497786894116,,0.22561281766644825,0.037755290260009705,0.4859674573852385
109,3.651376147,Chapai Nawabganj,Kharif 1,27.5,80.0,Jambura,April,No need to do,May to June,398,30,25.0,70,90,,0.3377839429676815,,0.31962768371188344,0.05438631643329818,0.5329944189746634
556,10.38489209,Chattogram,Kharif 1,27.5,80.0,Jambura,April,No need to do,May to June,5774,30,25.0,70,90,,0.3406132785765541,,0.29431979663230645,0.0268501528404254,0.4802903771854044
51,3.941176471,Chuadanga,Kharif 1,27.5,80.0,Jambura,April,No need to do,May to June,201,30,25.0,70,90,,0.4685908909016339,,0.36276367419296474,0.06194562144549137,0.6064678529651709
157,14.63694268,CoxsBazar,Kharif 1,27.5,80.0,Jambura,April,No need to do,May to June,2298,30,25.0,70,90,55.0,0.362233654035479,,0.3047962050267161,0.041069735777928384,0.4628693746612334
316,6.693037975,Cumilla,Kharif 1,27.5,80.0,Jambura,April,No need to do,May to June,2115,30,25.0,70,90,,0.2799573140061434,,0.1999879691820896,0.08070249885788486,0.5910383419566766
70,17.35714286,Dhaka,Kharif 1,27.5,80.0,Jambura,April,No need to do,May to June,1215,30,25.0,70,90,,0.2053280197750239,,0.2563885672283148,0.03432702826222808,0.4340019668066029
141,8.156028369,Dinajpur,Kharif 1,27.5,80.0,Jambura,April,No need to do,May to June,1150,30,25.0,70,90,,0.3864902076658625,,0.22856371601350683,0.1868477060555756,0.5768919544682428
100,6.4,Faridpur,Kharif 1,27.5,80.0,Jambura,April,No need to do,May to June,640,30,25.0,70,90,,0.1596716045798009,,0.39994181135601065,0.17180110609540072,0.5101997893014788
59,2.661016949,Feni,Kharif 1,27.5,80.0,Jambura,April,No need to do,May to June,157,30,25.0,70,90,,0.3154547680727988,,0.13071191603818355,0.13333461823768328,0.5023790786684436
64,7.078125,Gaibandha,Kharif 1,27.5,80.0,Jambura,April,No need to do,May to June,453,30,25.0,70,90,57.0,0.2560613395709359,,0.15613411479308092,0.1466424758312789,0.5052634601391561
191,4.434554974,Gazipur,Kharif 1,27.5,80.0,Jambura,April,No need to do,May to June,847,30,25.0,70,90,,0.3013299480303391,,0.1872312582202506,0.10137174912996307,0.5111937838721802
64,10.765625,Gopalganj,Kharif 1,27.5,80.0,Jambura,April,No need to do,May to June,689,30,25.0,70,90,56.0,0.365624571223079,,0.37853873669257804,0.021190789201075075,0.6330877335678394
375,3.797333333,Habiganj,Kharif 1,27.5,80.0,Jambura,April,No need to do,May to June,1424,30,25.0,70,90,,0.4094105700184439,,0.17952594311991696,0.13834374828327706,0.6014605348999472
189,6.248677249,Jamalpur,Kharif 1,27.5,80.0,Jambura,April,No need to do,May to June,1181,30,25.0,70,90,,0.2203033803902141,,0.14585569043553986,0.09063393932186664,0.5278123755787749
392,5.918367347,Jashore,Kharif 1,27.5,80.0,Jambura,April,No need to do,May to June,2320,30,25.0,70,90,,0.5094016354846946,,0.29320289273392114,0.16335236848959556,0.6067794453589154
336,4.425595238,Jhallokati,Kharif 1,27.5,80.0,Jambura,April,No need to do,May to June,1487,30,25.0,70,90,,0.3844964290526782,,0.3832702825917831,0.06345884990179344,0.5179106140943847
114,12.66666667,Jhenaidah,Kharif 1,27.5,80.0,Jambura,April,No need to do,May to June,1444,30,25.0,70,90,,0.4932941383053687,,0.36160886986069957,0.08947176771920076,0.6072717913709762
25,8.76,Joypurhat,Kharif 1,27.5,80.0,Jambura,April,No need to do,May to June,219,30,25.0,70,90,64.0,0.5481632788078854,,0.2640058666780035,0.2095681060721164,0.4871203122169448
494,2.101214575,Khagrachari,Kharif 1,27.5,80.0,Jambura,April,No need to do,May to June,1038,30,25.0,70,90,54.0,0.3194542381207939,,0.2982449844658541,0.06729827806138926,0.5737845474176946
221,6.131221719,Khulna,Kharif 1,27.5,80.0,Jambura,April,No need to do,May to June,1355,30,25.0,70,90,59.0,0.2547487058378869,,0.2244823362513543,0.028864392255107018,0.4979323952822052
150,10.76666667,Kishoreganj,Kharif 1,27.5,80.0,Jambura,April,No need to do,May to June,1615,30,25.0,70,90,,0.3676092519986164,,0.0497891676156948,0.2015795948539667,0.6380676429483706
48,8.5625,Kurigram,Kharif 1,27.5,80.0,Jambura,April,No need to do,May to June,411,30,25.0,70,90,,0.2226332627293874,,0.14877846252313195,0.1099225974592679,0.4446969686649252
91,19.17582418,Kushtia,Kharif 1,27.5,80.0,Jambura,April,No need to do,May to June,1745,30,25.0,70,90,,0.3702999720630754,,0.32711548972047777,0.041570896554754856,0.5026391517689011
476,1.159663866,Lakshmipur,Kharif 1,27.5,80.0,Jambura,April,No need to do,May to June,552,30,25.0,70,90,56.0,0.3561816998129432,,0.17477340416655374,0.11432261157611744,0.4099483108021562
180,3.566666667,Lalmonirhat,Kharif 1,27.5,80.0,Jambura,April,No need to do,May to June,642,30,25.0,70,90,,0.4065448627465945,,0.23632967753457296,0.1384932892289429,0.5685270716402814
63,7.603174603,Madaripur,Kharif 1,27.5,80.0,Jambura,April,No need to do,May to June,479,30,25.0,70,90,56.0,0.145892769350381,,0.377961946544483,0.1357773734638443,0.5126870864671587
136,11.875,Magura,Kharif 1,27.5,80.0,Jambura,April,No need to do,May to June,1615,30,25.0,70,90,61.0,0.3516332543736697,,0.40722656869241836,0.09367313567085692,0.5805999045721482
106,6.688679245,Manikganj,Kharif 1,27.5,80.0,Jambura,April,No need to do,May to June,709,30,25.0,70,90,,0.238108560268593,,0.24720458393419378,0.0788440654734721,0.4337041495265221
117,6.008547009,Meherpur,Kharif 1,27.5,80.0,Jambura,April,No need to do,May to June,703,30,25.0,70,90,65.0,0.4240959983858737,,0.4221931051539885,0.017228307528606428,0.5708640413836734
285,13.24210526,Moulvibazar,Kharif 1,27.5,80.0,Jambura,April,No need to do,May to June,3774,30,25.0,70,90,,0.3772511111134909,,0.2572873713642924,0.0754778550806872,0.5076200516171026
25,6.32,Munshiganj,Kharif 1,27.5,80.0,Jambura,April,No need to do,May to June,158,30,25.0,70,90,,0.1254731884929805,,0.3433845340092073,0.1311971738124292,0.4965979715632833
1257,3.180588703,Mymensingh,Kharif 1,27.5,80.0,Jambura,April,No need to do,May to June,3998,30,25.0,70,90,,0.2792620099084889,,0.16549035136484702,0.06816678144865626,0.5686833849186683
182,3.5,Naogaon,Kharif 1,27.5,80.0,Jambura,April,No need to do,May to June,637,30,25.0,70,90,,0.3353748718633925,,0.1844140075562247,0.093338373192753,0.6201124466265265
227,5.797356828,Narail,Kharif 1,27.5,80.0,Jambura,April,No need to do,May to June,1316,30,25.0,70,90,58.0,0.3408352502702987,,0.3334808441608475,0.04060004547963214,0.574803629810534
14,10,Narayanganj,Kharif 1,27.5,80.0,Jambura,April,No need to do,May to June,140,30,25.0,70,90,,0.2542342797497706,,0.25533158478047113,0.04140041811920036,0.4347229780450177
80,11.1375,Narsingdi,Kharif 1,27.5,80.0,Jambura,April,No need to do,May to June,891,30,25.0,70,90,,0.3744952593367734,,0.17808955068401178,0.15759729838655304,0.5675183682230315
229,14.95196507,Natore,Kharif 1,27.5,80.0,Jambura,April,No need to do,May to June,3424,30,25.0,70,90,,0.3938140226589006,,0.2620114159492514,0.07930152582651218,0.6157551872850959
242,6.17768595,Netrokona,Kharif 1,27.5,80.0,Jambura,April,No need to do,May to June,1495,30,25.0,70,90,,0.2180584018053236,,0.0420775126310378,0.1290378053463969,0.638234140226114
88,17,Nilphamari,Kharif 1,27.5,80.0,Jambura,April,No need to do,May to June,1496,30,25.0,70,90,,0.348037858697919,,0.26419497872055836,0.1352972376261314,0.604066391741781
45,6.511111111,Noakhali,Kharif 1,27.5,80.0,Jambura,April,No need to do,May to June,293,30,25.0,70,90,55.0,0.3485228861940609,,0.1391844650169115,0.12376665250773204,0.4854136963654465
66,9.181818182,Pabna,Kharif 1,27.5,80.0,Jambura,April,No need to do,May to June,606,30,25.0,70,90,,0.3016887841086959,,0.31963060564251367,0.017581900863110927,0.5026473561162811
185,8.540540541,Panchagar,Kharif 1,27.5,80.0,Jambura,April,No need to do,May to June,1580,30,25.0,70,90,,0.20279912294809,,0.3708939902630439,0.20136410894794415,0.4949864884497696
219,1.02283105,Patuakhali,Kharif 1,27.5,80.0,Jambura,April,No need to do,May to June,224,30,25.0,70,90,,0.2365474556695895,,0.2601487188468026,0.07678242872588295,0.3271561678385286
251,3.346613546,Pirojpur,Kharif 1,27.5,80.0,Jambura,April,No need to do,May to June,840,30,25.0,70,90,57.0,0.3392577304779658,,0.33380299954040826,0.06970862197235671,0.5271361118307798
373,3.54691689,Rajbari,Kharif 1,27.5,80.0,Jambura,April,No need to do,May to June,1323,30,25.0,70,90,60.0,0.2441449981923793,,0.3951758699362987,0.09093149786551198,0.4806919129357807
256,5.28125,Rajshahi,Kharif 1,27.5,80.0,Jambura,April,No need to do,May to June,1352,30,25.0,70,90,65.0,0.39139088167786,,0.26227361695514334,0.08837730785207222,0.4771080227246705
380,7.397368421,Rangamati,Kharif 1,27.5,80.0,Jambura,April,No need to do,May to June,2811,30,25.0,70,90,,0.2740115169357396,,0.28927677038202404,0.06790770383317052,0.4965180374554424
114,11.4122807,Rangpur,Kharif 1,27.5,80.0,Jambura,April,No need to do,May to June,1301,30,25.0,70,90,59.0,0.2902257990630829,,0.22350516417723068,0.1807949604290869,0.5272187009814302
189,4.301587302,Satkhira,Kharif 1,27.5,80.0,Jambura,April,No need to do,May to June,813,30,25.0,70,90,59.0,0.2721199083647258,,0.1719773852238656,0.0781376151382586,0.4835354065029546
292,3.626712329,Shariatpur,Kharif 1,27.5,80.0,Jambura,April,No need to do,May to June,1059,30,25.0,70,90,55.0,0.0925735314905069,,0.33257239063651617,0.13878817359403342,0.4511789681561877
115,4.686956522,Sherpur,Kharif 1,27.5,80.0,Jambura,April,No need to do,May to June,539,30,25.0,70,90,,0.2678615620118689,,0.1403522952946647,0.114329840225645,0.6297376902178687
42,15.42857143,Sirajganj,Kharif 1,27.5,80.0,Jambura,April,No need to do,May to June,648,30,25.0,70,90,,0.2438028677727265,,0.14642068005369024,0.05683095247922965,0.4737362339881535
107,29.14018692,Sunamganj,Kharif 1,27.5,80.0,Jambura,April,No need to do,May to June,3118,30,25.0,70,90,54.0,0.2385902396757943,,-0.09552312439198965,0.21827650778318605,0.6219959069450288
516,0.8178294574,Sylhet,Kharif 1,27.5,80.0,Jambura,April,No need to do,May to June,422,30,25.0,70,90,54.0,0.2401914716423759,,0.02150825469127325,0.12625749825359847,0.4933672733095434
155,12.26451613,Tangail,Kharif 1,27.5,80.0,Jambura,April,No need to do,May to June,1901,30,25.0,70,90,60.0,0.2191926340496671,,0.1639700701026119,0.045230821090172846,0.5155877071618177
105,4.79047619,Thakurgaon,Kharif 1,27.5,80.0,Jambura,April,No need to do,May to June,503,30,25.0,70,90,,0.373304905125753,,0.32232082647768107,0.16131618959189412,0.5465011801065398
63,4.793650794,Bagerhat,Kharif 2,30.0,80.0,Jamrul,June,July to August,June  to September,302,35,25.0,70,90,57.0,0.2093828623516599,0.3378288077090691,0.3429688977393489,0.11606441411920058,0.2670404721298456
0,#DIV/0!,Bandarban,Kharif 2,30.0,80.0,Jamrul,June,July to August,June  to September,0,35,25.0,70,90,55.0,0.4365742393395427,0.5127766545010207,0.4620997679298378,0.06535487820984082,0.2612788417491431
268,1.194029851,Barguna,Kharif 2,30.0,80.0,Jamrul,June,July to August,June  to September,320,35,25.0,70,90,57.0,0.2099802275666429,0.25295665017257135,0.2617423420410953,0.08283244986176969,0.3323424160378924
841,1.118906064,Barishal,Kharif 2,30.0,80.0,Jamrul,June,July to August,June  to September,941,35,25.0,70,90,,0.1933459589530938,0.25753410296501084,0.2589063855135434,0.07737100330887633,0.309535002934125
138,1.456521739,Bhola,Kharif 2,30.0,80.0,Jamrul,June,July to August,June  to September,201,35,25.0,70,90,56.0,0.1700006675577468,0.1242030722325758,0.16296817939927807,0.07202066392259102,0.1946286534864403
6,6.666666667,Bogura,Kharif 2,30.0,80.0,Jamrul,June,July to August,June  to September,40,35,25.0,70,90,,0.1186313763339489,0.21579538338590315,0.20904663597402867,0.08938370522601545,0.2764687680682978
10,2.6,Brahmanbaria,Kharif 2,30.0,80.0,Jamrul,June,July to August,June  to September,26,35,25.0,70,90,54.0,0.0571539099837129,0.20561094653105577,0.17786174836625204,0.08362303913044793,0.2371168297003784
23,7.086956522,Chandpur,Kharif 2,30.0,80.0,Jamrul,June,July to August,June  to September,163,35,25.0,70,90,,0.2069406843342435,0.2702538874764224,0.2581416747172159,0.05655934101182492,0.244284950998653
8,0.375,Chapai Nawabganj,Kharif 2,30.0,80.0,Jamrul,June,July to August,June  to September,3,35,25.0,70,90,,0.372994229085631,0.35463335359728054,0.3292237006651775,0.07108443191316943,0.2662611383381359
1198,0.1919866444,Chattogram,Kharif 2,30.0,80.0,Jamrul,June,July to August,June  to September,230,35,25.0,70,90,,0.2968827150300339,0.35321433593229956,0.36003462999451047,0.10400835725159772,0.291756878234579
11,3.545454545,Chuadanga,Kharif 2,30.0,80.0,Jamrul,June,July to August,June  to September,39,35,25.0,70,90,,0.3525594225872085,0.3588984058316085,0.3023487071735631,0.11519656568102589,0.372967925798721
628,0.949044586,CoxsBazar,Kharif 2,30.0,80.0,Jamrul,June,July to August,June  to September,596,35,25.0,70,90,55.0,0.3290250380015852,0.3570938914255085,0.3324663514621032,0.033502691541672826,0.280567372051847
99,2.98989899,Cumilla,Kharif 2,30.0,80.0,Jamrul,June,July to August,June  to September,296,35,25.0,70,90,,0.1337973760585641,0.33872965322820614,0.2900040727070012,0.13472550580222473,0.2661785623056151
23,5.217391304,Dhaka,Kharif 2,30.0,80.0,Jamrul,June,July to August,June  to September,120,35,25.0,70,90,,0.2388020657596918,0.1988299705858994,0.24107847042036,0.06797224647912765,0.2739750686969379
0,#DIV/0!,Dinajpur,Kharif 2,30.0,80.0,Jamrul,June,July to August,June  to September,11,35,25.0,70,90,,0.0654733330872791,0.21150650412702537,0.20988268083851164,0.1177725127434581,0.3916540989397346
71,4.901408451,Faridpur,Kharif 2,30.0,80.0,Jamrul,June,July to August,June  to September,348,35,25.0,70,90,,0.2985891466935776,0.21331237333874536,0.2714789233212971,0.07382784256738173,0.5012944760184437
18,4,Feni,Kharif 2,30.0,80.0,Jamrul,June,July to August,June  to September,72,35,25.0,70,90,,0.0507026668147709,0.2574046177056497,0.23709407125198265,0.15400015719354504,0.2107211652615962
4,0,Gaibandha,Kharif 2,30.0,80.0,Jamrul,June,July to August,June  to September,0,35,25.0,70,90,57.0,0.02131745298654,0.2412207212840912,0.20329836906641224,0.1332979027018208,0.2909507765996219
19,3.631578947,Gazipur,Kharif 2,30.0,80.0,Jamrul,June,July to August,June  to September,69,35,25.0,70,90,,0.1101810937198298,0.21232777923569024,0.21509494278868654,0.13940917002480466,0.2642814227206714
23,25.56521739,Gopalganj,Kharif 2,30.0,80.0,Jamrul,June,July to August,June  to September,588,35,25.0,70,90,56.0,0.3587029695775944,0.3615226109299301,0.39025460524338434,0.06013122360382198,0.3983745038075617
7,0,Habiganj,Kharif 2,30.0,80.0,Jamrul,June,July to August,June  to September,0,35,25.0,70,90,,0.1404958846908667,0.20038105678409668,0.19529209084490703,0.055362781741152625,0.2185560015489672
4,2.75,Jamalpur,Kharif 2,30.0,80.0,Jamrul,June,July to August,June  to September,11,35,25.0,70,90,,0.0660620517345922,0.21470617098409556,0.16955802522658908,0.08153051012225544,0.2256493291364875
188,4.510638298,Jashore,Kharif 2,30.0,80.0,Jamrul,June,July to August,June  to September,848,35,25.0,70,90,,0.1878303907762366,0.29669031231367055,0.2912763909727575,0.0845019318060876,0.3985753946916057
220,1.104545455,Jhallokati,Kharif 2,30.0,80.0,Jamrul,June,July to August,June  to September,243,35,25.0,70,90,,0.3198153813956541,0.32872636572517194,0.3690322274616547,0.1042504750053043,0.4467251837879121
47,15.55319149,Jhenaidah,Kharif 2,30.0,80.0,Jamrul,June,July to August,June  to September,731,35,25.0,70,90,,0.3144404421042321,0.30502753572828345,0.3116460183597643,0.04441977739214792,0.408777297617167
24,1.333333333,Joypurhat,Kharif 2,30.0,80.0,Jamrul,June,July to August,June  to September,32,35,25.0,70,90,64.0,0.1336078370665993,0.20409324427394535,0.2153012581281194,0.09586610348095315,0.3944038962894077
23,1.130434783,Khagrachari,Kharif 2,30.0,80.0,Jamrul,June,July to August,June  to September,26,35,25.0,70,90,54.0,0.2320701094515291,0.5339762554563636,0.40956056219940956,0.15194708197970208,0.3644198594801792
912,0.6348684211,Khulna,Kharif 2,30.0,80.0,Jamrul,June,July to August,June  to September,579,35,25.0,70,90,59.0,0.2015083923668761,0.2580838211448943,0.2798425506775256,0.08652250745761857,0.2474562801358325
8,6.125,Kishoreganj,Kharif 2,30.0,80.0,Jamrul,June,July to August,June  to September,49,35,25.0,70,90,,-0.0336641988977872,0.04094457363868925,0.024761249053871226,0.039501013940257554,0.1332425341291768
3,5.666666667,Kurigram,Kharif 2,30.0,80.0,Jamrul,June,July to August,June  to September,17,35,25.0,70,90,,0.0474631119536175,0.18634777344254935,0.19002199126508879,0.12139004880496265,0.2500938130926464
26,14.26923077,Kushtia,Kharif 2,30.0,80.0,Jamrul,June,July to August,June  to September,371,35,25.0,70,90,,0.360379678702526,0.30403732600904465,0.3069986183627147,0.04135195033548887,0.2938513007384295
13,3.230769231,Lakshmipur,Kharif 2,30.0,80.0,Jamrul,June,July to August,June  to September,42,35,25.0,70,90,56.0,0.1289476151265251,0.19521171233811557,0.18865178573724434,0.047478122595384684,0.2205991932065824
4,1.75,Lalmonirhat,Kharif 2,30.0,80.0,Jamrul,June,July to August,June  to September,7,35,25.0,70,90,,0.1387455869466906,0.23661625154154128,0.26432549515030423,0.13498019150480547,0.3339137681224553
23,8.260869565,Madaripur,Kharif 2,30.0,80.0,Jamrul,June,July to August,June  to September,190,35,25.0,70,90,56.0,0.3559742042723802,0.26985488277531544,0.32551226986161047,0.07225857047955984,0.3999496888165858
17,63.23529412,Magura,Kharif 2,30.0,80.0,Jamrul,June,July to August,June  to September,1075,35,25.0,70,90,61.0,0.3192240072859663,0.2659725146756635,0.3008527100349977,0.05403289968795251,0.4952291300988705
17,2.764705882,Manikganj,Kharif 2,30.0,80.0,Jamrul,June,July to August,June  to September,47,35,25.0,70,90,,0.1685356100952224,0.20204066909215573,0.24600868939411433,0.11267946852874856,0.3258735577731652
65,0.4615384615,Meherpur,Kharif 2,30.0,80.0,Jamrul,June,July to August,June  to September,30,35,25.0,70,90,65.0,0.4049998628938372,0.3733213467584032,0.3194021449121258,0.13081014276194805,0.4393863474141398
277,0.1010830325,Moulvibazar,Kharif 2,30.0,80.0,Jamrul,June,July to August,June  to September,28,35,25.0,70,90,,0.2872841543480849,0.28076687951003304,0.3142722755465907,0.0752706883926344,0.2272905883804999
6,4.5,Munshiganj,Kharif 2,30.0,80.0,Jamrul,June,July to August,June  to September,27,35,25.0,70,90,,0.3061790651261972,0.22428204200585156,0.267037201202705,0.08977885550589686,0.3805900028922174
1,6,Mymensingh,Kharif 2,30.0,80.0,Jamrul,June,July to August,June  to September,6,35,25.0,70,90,,0.147268203746856,0.2044342511644796,0.2626118924010095,0.1656546286905534,0.183712498982838
4,11.75,Naogaon,Kharif 2,30.0,80.0,Jamrul,June,July to August,June  to September,47,35,25.0,70,90,,0.151012544621987,0.2827831131750015,0.2616034403582208,0.07900979741446207,0.2178154704904624
226,1.42920354,Narail,Kharif 2,30.0,80.0,Jamrul,June,July to August,June  to September,323,35,25.0,70,90,58.0,0.2931034421079588,0.27874457357250915,0.30754578829873686,0.05008985031836103,0.3738582462137362
9,13.88888889,Narayanganj,Kharif 2,30.0,80.0,Jamrul,June,July to August,June  to September,125,35,25.0,70,90,,0.2139360142323902,0.2766556110253287,0.26967078998658056,0.07083903222984,0.2967271553285521
4,11,Narsingdi,Kharif 2,30.0,80.0,Jamrul,June,July to August,June  to September,44,35,25.0,70,90,,0.0686431818013071,0.30277470324024136,0.2650149435937448,0.1520000277951865,0.2875359195667165
0,#DIV/0!,Natore,Kharif 2,30.0,80.0,Jamrul,June,July to August,June  to September,27,35,25.0,70,90,,0.2396934944526867,0.3238073025613258,0.2580680437723036,0.10444838300920238,0.2843293374458162
4,2.5,Netrokona,Kharif 2,30.0,80.0,Jamrul,June,July to August,June  to September,10,35,25.0,70,90,,-0.0374691032015912,0.1039310095508843,0.11874505730976767,0.14076763592897118,0.1216241284636668
20,0.9,Nilphamari,Kharif 2,30.0,80.0,Jamrul,June,July to August,June  to September,18,35,25.0,70,90,,0.1378536434354302,0.19562929394779283,0.24325792285564812,0.15971577644896207,0.3905363140056865
61,10.16393443,Noakhali,Kharif 2,30.0,80.0,Jamrul,June,July to August,June  to September,620,35,25.0,70,90,55.0,0.1125262690416429,0.2233051392977053,0.2050691093430485,0.08983987267292985,0.1658426609921801
15,5.133333333,Pabna,Kharif 2,30.0,80.0,Jamrul,June,July to August,June  to September,77,35,25.0,70,90,,0.3338369511018429,0.2988683273448741,0.3001008254018084,0.03805732263979561,0.3054242601831844
6,22.5,Panchagar,Kharif 2,30.0,80.0,Jamrul,June,July to August,June  to September,135,35,25.0,70,90,,0.194460217324899,0.3051131393914076,0.2814295473143338,0.07857028204550696,0.5473277632011888
263,2.47148289,Patuakhali,Kharif 2,30.0,80.0,Jamrul,June,July to August,June  to September,650,35,25.0,70,90,,0.1845850493144675,0.1855661418941435,0.2304817487535331,0.11416674756423188,0.3357123883791376
73,2.904109589,Pirojpur,Kharif 2,30.0,80.0,Jamrul,June,July to August,June  to September,212,35,25.0,70,90,57.0,0.264165553095138,0.32383864696749726,0.34632203439129045,0.10240609714262239,0.4034404459856785
74,3.986486486,Rajbari,Kharif 2,30.0,80.0,Jamrul,June,July to August,June  to September,295,35,25.0,70,90,60.0,0.3693864167143024,0.26084194835385116,0.3080451575814695,0.07630980536681828,0.420965323158295
4,20.5,Rajshahi,Kharif 2,30.0,80.0,Jamrul,June,July to August,June  to September,82,35,25.0,70,90,65.0,0.309744230953222,0.3090463669813247,0.2862570352184748,0.04752144075848529,0.2148030029570647
105,3.285714286,Rangamati,Kharif 2,30.0,80.0,Jamrul,June,July to August,June  to September,345,35,25.0,70,90,,0.3566101220905236,0.5032655730254307,0.4426520698006685,0.11362763534434087,0.2219434186735245
0,#DIV/0!,Rangpur,Kharif 2,30.0,80.0,Jamrul,June,July to August,June  to September,16,35,25.0,70,90,59.0,0.0468616342173195,0.2477259199544355,0.2385397175102795,0.1496508226669169,0.4001486941371419
1859,0.238838085,Satkhira,Kharif 2,30.0,80.0,Jamrul,June,July to August,June  to September,444,35,25.0,70,90,59.0,0.1194165133466915,0.2541277424855187,0.23079143543522146,0.07696288562519213,0.2245382571010397
87,4.471264368,Shariatpur,Kharif 2,30.0,80.0,Jamrul,June,July to August,June  to September,389,35,25.0,70,90,55.0,0.3246768434248136,0.2718842213180832,0.3015550413765905,0.04451492908033303,0.3404679378482187
13,0.5384615385,Sherpur,Kharif 2,30.0,80.0,Jamrul,June,July to August,June  to September,7,35,25.0,70,90,,0.0528778723675305,0.24758298139860965,0.22245762562753027,0.12741452779332943,0.2278267182217989
72,0.6805555556,Sirajganj,Kharif 2,30.0,80.0,Jamrul,June,July to August,June  to September,49,35,25.0,70,90,,0.1381345270632336,0.1788205562032683,0.16679911338724457,0.05292213394150377,0.1547068330441469
2,13,Sunamganj,Kharif 2,30.0,80.0,Jamrul,June,July to August,June  to September,26,35,25.0,70,90,54.0,-0.1976703408679797,-0.02231279389144945,-0.059011045164603815,0.09698192383488057,0.0066240920840004
286,0.02097902098,Sylhet,Kharif 2,30.0,80.0,Jamrul,June,July to August,June  to September,6,35,25.0,70,90,54.0,0.021092634797125,0.1562205265076969,0.17780456475807963,0.14872227592253864,0.0219238745854215
13,5.153846154,Tangail,Kharif 2,30.0,80.0,Jamrul,June,July to August,June  to September,67,35,25.0,70,90,60.0,0.1318871049415015,0.15938821899498445,0.19663690900327246,0.09373245073879793,0.1960530352637223
45,0.08888888889,Thakurgaon,Kharif 2,30.0,80.0,Jamrul,June,July to August,June  to September,4,35,25.0,70,90,,0.1637129632869899,0.29773096356514167,0.2793518290827821,0.10751858750299784,0.4809286896683722
316,1.775316456,Bagerhat,Kharif 1,23.0,80.0,Jhinga,April,May to June,June to Aug,561,28,18.0,70,90,57.0,0.2844793013289463,0.23821166724075277,0.2950134925899327,0.05790745216775033,0.5711876241926808
412,1.86407767,Bandarban,Kharif 1,23.0,80.0,Jhinga,April,May to June,June to Aug,768,28,18.0,70,90,55.0,0.3876779567270571,0.3489265405443429,0.4873758494471947,0.10604041685856605,0.5676824803630925
323,1.222910217,Barguna,Kharif 1,23.0,80.0,Jhinga,April,May to June,June to Aug,395,28,18.0,70,90,57.0,0.2876097437686987,0.27116132180226765,0.23863117597059522,0.07294304738873329,0.3352139518717137
334,1.856287425,Barishal,Kharif 1,23.0,80.0,Jhinga,April,May to June,June to Aug,620,28,18.0,70,90,,0.3100169088937738,0.2514404809436094,0.23613805496103848,0.06753743149185261,0.43248229774155
260,2.057692308,Bhola,Kharif 1,23.0,80.0,Jhinga,April,May to June,June to Aug,535,28,18.0,70,90,56.0,0.2246323016939531,0.18231466052209355,0.13946893734096613,0.061829675514319456,0.3010654880049462
276,2.815217391,Bogura,Kharif 1,23.0,80.0,Jhinga,April,May to June,June to Aug,777,28,18.0,70,90,,0.3974557819503149,0.19755007220112336,0.1834073810352517,0.11368128570053866,0.5031143822226227
288,2.590277778,Brahmanbaria,Kharif 1,23.0,80.0,Jhinga,April,May to June,June to Aug,746,28,18.0,70,90,54.0,0.4667222562628336,0.14713536984204564,0.15612526768194146,0.14804606272320522,0.6120203918074798
177,1.548022599,Chandpur,Kharif 1,23.0,80.0,Jhinga,April,May to June,June to Aug,274,28,18.0,70,90,,0.2824497786894116,0.22561281766644825,0.24914948642902943,0.04898320753287432,0.4859674573852385
498,2.204819277,Chapai Nawabganj,Kharif 1,23.0,80.0,Jhinga,April,May to June,June to Aug,1098,28,18.0,70,90,,0.3377839429676815,0.31962768371188344,0.36075364542673066,0.049815427765495926,0.5329944189746634
1590,2.450943396,Chattogram,Kharif 1,23.0,80.0,Jhinga,April,May to June,June to Aug,3897,28,18.0,70,90,,0.3406132785765541,0.29431979663230645,0.3344371289648777,0.08090684330406572,0.4802903771854044
499,2.174348697,Chuadanga,Kharif 1,23.0,80.0,Jhinga,April,May to June,June to Aug,1085,28,18.0,70,90,,0.4685908909016339,0.36276367419296474,0.35678541141680853,0.05860171223491671,0.6064678529651709
483,1.879917184,CoxsBazar,Kharif 1,23.0,80.0,Jhinga,April,May to June,June to Aug,908,28,18.0,70,90,55.0,0.362233654035479,0.3047962050267161,0.34773760695086736,0.03440863959915965,0.4628693746612334
548,1.890510949,Cumilla,Kharif 1,23.0,80.0,Jhinga,April,May to June,June to Aug,1036,28,18.0,70,90,,0.2799573140061434,0.1999879691820896,0.27041889417165876,0.11175115552188916,0.5910383419566766
709,1.715091678,Dhaka,Kharif 1,23.0,80.0,Jhinga,April,May to June,June to Aug,1216,28,18.0,70,90,,0.2053280197750239,0.2563885672283148,0.21215400231049686,0.04208541031691474,0.4340019668066029
450,1.591111111,Dinajpur,Kharif 1,23.0,80.0,Jhinga,April,May to June,June to Aug,716,28,18.0,70,90,,0.3864902076658625,0.22856371601350683,0.16282878044710997,0.13827406587017912,0.5768919544682428
399,2.102756892,Faridpur,Kharif 1,23.0,80.0,Jhinga,April,May to June,June to Aug,839,28,18.0,70,90,,0.1596716045798009,0.39994181135601065,0.24173796445702278,0.1355924728118421,0.5101997893014788
133,1.015037594,Feni,Kharif 1,23.0,80.0,Jhinga,April,May to June,June to Aug,135,28,18.0,70,90,,0.3154547680727988,0.13071191603818355,0.18850396740869013,0.11723486923934508,0.5023790786684436
273,1.787545788,Gaibandha,Kharif 1,23.0,80.0,Jhinga,April,May to June,June to Aug,488,28,18.0,70,90,57.0,0.2560613395709359,0.15613411479308092,0.1679196318515741,0.1143153101349174,0.5052634601391561
363,1.027548209,Gazipur,Kharif 1,23.0,80.0,Jhinga,April,May to June,June to Aug,373,28,18.0,70,90,,0.3013299480303391,0.1872312582202506,0.1782788840637368,0.11814927332121189,0.5111937838721802
160,1.05625,Gopalganj,Kharif 1,23.0,80.0,Jhinga,April,May to June,June to Aug,169,28,18.0,70,90,56.0,0.365624571223079,0.37853873669257804,0.36058273047915157,0.018499627850852966,0.6330877335678394
313,2.402555911,Habiganj,Kharif 1,23.0,80.0,Jhinga,April,May to June,June to Aug,752,28,18.0,70,90,,0.4094105700184439,0.17952594311991696,0.18041933275302002,0.10742515326855821,0.6014605348999472
442,2.393665158,Jamalpur,Kharif 1,23.0,80.0,Jhinga,April,May to June,June to Aug,1058,28,18.0,70,90,,0.2203033803902141,0.14585569043553986,0.1651581312342611,0.07703114530359058,0.5278123755787749
683,1.844802343,Jashore,Kharif 1,23.0,80.0,Jhinga,April,May to June,June to Aug,1260,28,18.0,70,90,,0.5094016354846946,0.29320289273392114,0.26040367180119256,0.12358759004549491,0.6067794453589154
211,1.753554502,Jhallokati,Kharif 1,23.0,80.0,Jhinga,April,May to June,June to Aug,370,28,18.0,70,90,,0.3844964290526782,0.3832702825917831,0.3257560376153326,0.0737485688936685,0.5179106140943847
468,2.602564103,Jhenaidah,Kharif 1,23.0,80.0,Jhinga,April,May to June,June to Aug,1218,28,18.0,70,90,,0.4932941383053687,0.36160886986069957,0.30816517118693304,0.09197811458288727,0.6072717913709762
199,3.206030151,Joypurhat,Kharif 1,23.0,80.0,Jhinga,April,May to June,June to Aug,638,28,18.0,70,90,64.0,0.5481632788078854,0.2640058666780035,0.1805981085381633,0.1777201855428954,0.4871203122169448
722,1.837950139,Khagrachari,Kharif 1,23.0,80.0,Jhinga,April,May to June,June to Aug,1327,28,18.0,70,90,54.0,0.3194542381207939,0.2982449844658541,0.4333408734547521,0.13556755997606723,0.5737845474176946
381,2.338582677,Khulna,Kharif 1,23.0,80.0,Jhinga,April,May to June,June to Aug,891,28,18.0,70,90,59.0,0.2547487058378869,0.2244823362513543,0.23922534488555489,0.026726455651787162,0.4979323952822052
476,2.785714286,Kishoreganj,Kharif 1,23.0,80.0,Jhinga,April,May to June,June to Aug,1326,28,18.0,70,90,,0.3676092519986164,0.0497891676156948,0.016074982793197103,0.1558395600003435,0.6380676429483706
342,2.312865497,Kurigram,Kharif 1,23.0,80.0,Jhinga,April,May to June,June to Aug,791,28,18.0,70,90,,0.2226332627293874,0.14877846252313195,0.14005288627957205,0.08023656470759652,0.4446969686649252
554,2.678700361,Kushtia,Kharif 1,23.0,80.0,Jhinga,April,May to June,June to Aug,1484,28,18.0,70,90,,0.3702999720630754,0.32711548972047777,0.32281811024020507,0.03588842896007757,0.5026391517689011
136,1.176470588,Lakshmipur,Kharif 1,23.0,80.0,Jhinga,April,May to June,June to Aug,160,28,18.0,70,90,56.0,0.3561816998129432,0.17477340416655374,0.17312367993425207,0.08515291034157307,0.4099483108021562
263,2.190114068,Lalmonirhat,Kharif 1,23.0,80.0,Jhinga,April,May to June,June to Aug,576,28,18.0,70,90,,0.4065448627465945,0.23632967753457296,0.20399269667659103,0.10814061619995131,0.5685270716402814
235,3.54893617,Madaripur,Kharif 1,23.0,80.0,Jhinga,April,May to June,June to Aug,834,28,18.0,70,90,56.0,0.145892769350381,0.377961946544483,0.298561323274337,0.10001127091522685,0.5126870864671587
120,2.308333333,Magura,Kharif 1,23.0,80.0,Jhinga,April,May to June,June to Aug,277,28,18.0,70,90,61.0,0.3516332543736697,0.40722656869241836,0.28372301221243107,0.09870344803689411,0.5805999045721482
419,1.357995227,Manikganj,Kharif 1,23.0,80.0,Jhinga,April,May to June,June to Aug,569,28,18.0,70,90,,0.238108560268593,0.24720458393419378,0.19087231609317792,0.06209720147309245,0.4337041495265221
224,3.058035714,Meherpur,Kharif 1,23.0,80.0,Jhinga,April,May to June,June to Aug,685,28,18.0,70,90,65.0,0.4240959983858737,0.4221931051539885,0.3838808521368812,0.03282326109124913,0.5708640413836734
327,2.079510703,Moulvibazar,Kharif 1,23.0,80.0,Jhinga,April,May to June,June to Aug,680,28,18.0,70,90,,0.3772511111134909,0.2572873713642924,0.28293930445605037,0.06501634068861946,0.5076200516171026
354,1.220338983,Munshiganj,Kharif 1,23.0,80.0,Jhinga,April,May to June,June to Aug,432,28,18.0,70,90,,0.1254731884929805,0.3433845340092073,0.2515810497126334,0.11603753342799576,0.4965979715632833
1037,2.366441659,Mymensingh,Kharif 1,23.0,80.0,Jhinga,April,May to June,June to Aug,2454,28,18.0,70,90,,0.2792620099084889,0.16549035136484702,0.18537890202527174,0.06682286492257505,0.5686833849186683
450,2.886666667,Naogaon,Kharif 1,23.0,80.0,Jhinga,April,May to June,June to Aug,1299,28,18.0,70,90,,0.3353748718633925,0.1844140075562247,0.23885959032399665,0.07269650436957442,0.6201124466265265
127,2.559055118,Narail,Kharif 1,23.0,80.0,Jhinga,April,May to June,June to Aug,325,28,18.0,70,90,58.0,0.3408352502702987,0.3334808441608475,0.2835308630843257,0.04384683777246282,0.574803629810534
197,1.538071066,Narayanganj,Kharif 1,23.0,80.0,Jhinga,April,May to June,June to Aug,303,28,18.0,70,90,,0.2542342797497706,0.25533158478047113,0.2557490787610159,0.05936910867725557,0.4347229780450177
280,1.446428571,Narsingdi,Kharif 1,23.0,80.0,Jhinga,April,May to June,June to Aug,405,28,18.0,70,90,,0.3744952593367734,0.17808955068401178,0.2247308627605966,0.1295907350723323,0.5675183682230315
458,1.855895197,Natore,Kharif 1,23.0,80.0,Jhinga,April,May to June,June to Aug,850,28,18.0,70,90,,0.3938140226589006,0.2620114159492514,0.29576936652511276,0.07732281983388155,0.6157551872850959
242,1.987603306,Netrokona,Kharif 1,23.0,80.0,Jhinga,April,May to June,June to Aug,481,28,18.0,70,90,,0.2180584018053236,0.0420775126310378,0.05679763863339246,0.09135262466890642,0.638234140226114
350,2.568571429,Nilphamari,Kharif 1,23.0,80.0,Jhinga,April,May to June,June to Aug,899,28,18.0,70,90,,0.348037858697919,0.26419497872055836,0.17637074377700532,0.13077057072369186,0.604066391741781
215,1.009302326,Noakhali,Kharif 1,23.0,80.0,Jhinga,April,May to June,June to Aug,217,28,18.0,70,90,55.0,0.3485228861940609,0.1391844650169115,0.18637884921235115,0.10334839799168795,0.4854136963654465
510,2.37254902,Pabna,Kharif 1,23.0,80.0,Jhinga,April,May to June,June to Aug,1210,28,18.0,70,90,,0.3016887841086959,0.31963060564251367,0.3105245352638637,0.027867882189871296,0.5026473561162811
412,3.667475728,Panchagar,Kharif 1,23.0,80.0,Jhinga,April,May to June,June to Aug,1511,28,18.0,70,90,,0.20279912294809,0.3708939902630439,0.2682288320359047,0.1495619553663862,0.4949864884497696
173,1.61849711,Patuakhali,Kharif 1,23.0,80.0,Jhinga,April,May to June,June to Aug,280,28,18.0,70,90,,0.2365474556695895,0.2601487188468026,0.1852391110342515,0.08898170087852729,0.3271561678385286
240,1.75,Pirojpur,Kharif 1,23.0,80.0,Jhinga,April,May to June,June to Aug,420,28,18.0,70,90,57.0,0.3392577304779658,0.33380299954040826,0.30394761567671086,0.06600225478583924,0.5271361118307798
1080,3.477777778,Rajbari,Kharif 1,23.0,80.0,Jhinga,April,May to June,June to Aug,3756,28,18.0,70,90,60.0,0.2441449981923793,0.3951758699362987,0.2970234378073349,0.09104880169516058,0.4806919129357807
581,2.511187608,Rajshahi,Kharif 1,23.0,80.0,Jhinga,April,May to June,June to Aug,1459,28,18.0,70,90,65.0,0.39139088167786,0.26227361695514334,0.3092789883052905,0.06334871505164504,0.4771080227246705
771,1.740596628,Rangamati,Kharif 1,23.0,80.0,Jhinga,April,May to June,June to Aug,1342,28,18.0,70,90,,0.2740115169357396,0.28927677038202404,0.45438042271379503,0.14963390874045226,0.4965180374554424
720,1.972222222,Rangpur,Kharif 1,23.0,80.0,Jhinga,April,May to June,June to Aug,1420,28,18.0,70,90,59.0,0.2902257990630829,0.22350516417723068,0.18077115804206353,0.128082327294856,0.5272187009814302
253,2.588932806,Satkhira,Kharif 1,23.0,80.0,Jhinga,April,May to June,June to Aug,655,28,18.0,70,90,59.0,0.2721199083647258,0.1719773852238656,0.209223999439243,0.061552947861483874,0.4835354065029546
220,3.181818182,Shariatpur,Kharif 1,23.0,80.0,Jhinga,April,May to June,June to Aug,700,28,18.0,70,90,55.0,0.0925735314905069,0.33257239063651617,0.28948176202032666,0.10162352090726769,0.4511789681561877
300,2.856666667,Sherpur,Kharif 1,23.0,80.0,Jhinga,April,May to June,June to Aug,857,28,18.0,70,90,,0.2678615620118689,0.1403522952946647,0.18268127838824996,0.09435878959989848,0.6297376902178687
286,2.192307692,Sirajganj,Kharif 1,23.0,80.0,Jhinga,April,May to June,June to Aug,627,28,18.0,70,90,,0.2438028677727265,0.14642068005369024,0.1652585464899234,0.05858695832842829,0.4737362339881535
244,2.483606557,Sunamganj,Kharif 1,23.0,80.0,Jhinga,April,May to June,June to Aug,606,28,18.0,70,90,54.0,0.2385902396757943,-0.09552312439198965,-0.08076530955029286,0.15738018280108135,0.6219959069450288
425,1.305882353,Sylhet,Kharif 1,23.0,80.0,Jhinga,April,May to June,June to Aug,555,28,18.0,70,90,54.0,0.2401914716423759,0.02150825469127325,0.11117789593750627,0.09666981005002404,0.4933672733095434
403,1.739454094,Tangail,Kharif 1,23.0,80.0,Jhinga,April,May to June,June to Aug,701,28,18.0,70,90,60.0,0.2191926340496671,0.1639700701026119,0.15022118097715678,0.03437273482112477,0.5155877071618177
445,1.395505618,Thakurgaon,Kharif 1,23.0,80.0,Jhinga,April,May to June,June to Aug,621,28,18.0,70,90,,0.373304905125753,0.32232082647768107,0.25305829680575775,0.1308927188139531,0.5465011801065398
3603,5.070496808,Bagerhat,Kharif 1,30.0,75.0,Jute,March,April to Aug,Sep,18269,40,20.0,70,80,57.0,0.5711876241926808,0.287312050245718,0.4868351131875976,0.12937403887139512,0.533074061065529
0,#DIV/0!,Bandarban,Kharif 1,30.0,75.0,Jute,March,April to Aug,Sep,0,40,20.0,70,80,55.0,0.5676824803630925,0.42221686936355685,0.3862715233777672,0.10465583674630863,0.6821383327059017
0,#DIV/0!,Barguna,Kharif 1,30.0,75.0,Jute,March,April to Aug,Sep,0,40,20.0,70,80,57.0,0.3352139518717137,0.26716913754367533,0.3310758402525957,0.06771213747039916,0.291063589685606
33909,2.410009142,Barishal,Kharif 1,30.0,75.0,Jute,March,April to Aug,Sep,81721,40,20.0,70,80,,0.43248229774155,0.26559321534220287,0.3272113771710582,0.08409777691480845,0.2533858903228801
0,#DIV/0!,Bhola,Kharif 1,30.0,75.0,Jute,March,April to Aug,Sep,0,40,20.0,70,80,56.0,0.3010654880049462,0.16753355344065837,0.2334659055742139,0.07278481203656179,0.243217327760463
18175,5.469876204,Bogura,Kharif 1,30.0,75.0,Jute,March,April to Aug,Sep,99415,40,20.0,70,80,,0.5031143822226227,0.24482933862487358,0.2859644007903595,0.13372204398383788,0.3907901958771589
5559,5.329555675,Brahmanbaria,Kharif 1,30.0,75.0,Jute,March,April to Aug,Sep,29627,40,20.0,70,80,54.0,0.6120203918074798,0.23444297780180728,0.2430711904191838,0.1866377372501262,0.3909190194818471
12001,3.930005833,Chandpur,Kharif 1,30.0,75.0,Jute,March,April to Aug,Sep,47164,40,20.0,70,80,,0.4859674573852385,0.2548366377950306,0.2851182395817753,0.09502061098646991,0.3913421262911484
3099,5.020006454,Chapai Nawabganj,Kharif 1,30.0,75.0,Jute,March,April to Aug,Sep,15557,40,20.0,70,80,,0.5329944189746634,0.3372612035172019,0.2346338663805179,0.09792155275751091,0.4431037695451635
0,#DIV/0!,Chattogram,Kharif 1,30.0,75.0,Jute,March,April to Aug,Sep,0,40,20.0,70,80,,0.4802903771854044,0.32713630874115324,0.4368271330834088,0.09291777803308296,0.5031925773161925
43540,5.670004593,Chuadanga,Kharif 1,30.0,75.0,Jute,March,April to Aug,Sep,246872,40,20.0,70,80,,0.6064678529651709,0.3823830101901561,0.1390385944438268,0.1432446473575002,0.5937943182711736
0,#DIV/0!,CoxsBazar,Kharif 1,30.0,75.0,Jute,March,April to Aug,Sep,0,40,20.0,70,80,55.0,0.4628693746612334,0.33720276938798566,0.2866525849958106,0.060933251241621064,0.4613461644922925
818,4.371638142,Cumilla,Kharif 1,30.0,75.0,Jute,March,April to Aug,Sep,3576,40,20.0,70,80,,0.5910383419566766,0.271478511765347,0.3487596083130284,0.15030336235244818,0.4346417753677448
7754,4.409724013,Dhaka,Kharif 1,30.0,75.0,Jute,March,April to Aug,Sep,34193,40,20.0,70,80,,0.4340019668066029,0.22315301908069046,0.3278518747499494,0.08970276008981876,0.344767292591086
9383,5.149952041,Dinajpur,Kharif 1,30.0,75.0,Jute,March,April to Aug,Sep,48322,40,20.0,70,80,,0.5768919544682428,0.2533261295893854,0.3510443820127166,0.16601618607251312,0.4042335990913202
209824,3.519997712,Faridpur,Kharif 1,30.0,75.0,Jute,March,April to Aug,Sep,738580,40,20.0,70,80,,0.5101997893014788,0.2772359947938626,0.3607017999141199,0.1417015578467399,0.4746373619141085
0,#DIV/0!,Feni,Kharif 1,30.0,75.0,Jute,March,April to Aug,Sep,0,40,20.0,70,80,,0.5023790786684436,0.21833756711209312,0.3828643827818602,0.14943221406193397,0.4589202557758623
32621,4.330002146,Gaibandha,Kharif 1,30.0,75.0,Jute,March,April to Aug,Sep,141249,40,20.0,70,80,57.0,0.5052634601391561,0.21015420234505605,0.3094345807109266,0.14548629550204714,0.3434167606212545
3712,3.480064655,Gazipur,Kharif 1,30.0,75.0,Jute,March,April to Aug,Sep,12918,40,20.0,70,80,,0.5111937838721802,0.22008960458844412,0.3255431189635358,0.14676151904582918,0.3482783737758274
59408,5.460005386,Gopalganj,Kharif 1,30.0,75.0,Jute,March,April to Aug,Sep,324368,40,20.0,70,80,56.0,0.6330877335678394,0.3691494532936191,0.4792702295360826,0.10260795067770602,0.4545933382146112
745,5.420134228,Habiganj,Kharif 1,30.0,75.0,Jute,March,April to Aug,Sep,4038,40,20.0,70,80,,0.6014605348999472,0.23384491396529422,0.2399103651205681,0.16400735153859544,0.4730658538368976
60887,3.919999343,Jamalpur,Kharif 1,30.0,75.0,Jute,March,April to Aug,Sep,238677,40,20.0,70,80,,0.5278123755787749,0.18828542064589698,0.1827577072035731,0.14324093868016208,0.3849267622873427
57823,5.240008301,Jashore,Kharif 1,30.0,75.0,Jute,March,April to Aug,Sep,302993,40,20.0,70,80,,0.6067794453589154,0.33783760911597566,0.3838945484874524,0.14222730211032722,0.4688805230475235
0,#DIV/0!,Jhallokati,Kharif 1,30.0,75.0,Jute,March,April to Aug,Sep,0,40,20.0,70,80,,0.5179106140943847,0.3616979451373176,0.4988607970006209,0.09369796517703725,0.4152984185672557
53557,5.719999253,Jhenaidah,Kharif 1,30.0,75.0,Jute,March,April to Aug,Sep,306346,40,20.0,70,80,,0.6072717913709762,0.36531338989666695,0.3220885598782582,0.12152503221828147,0.5172636126901161
4339,5.410002305,Joypurhat,Kharif 1,30.0,75.0,Jute,March,April to Aug,Sep,23474,40,20.0,70,80,64.0,0.4871203122169448,0.2968723001423566,0.3194107068979877,0.16154042269340954,0.4013493246727935
0,#DIV/0!,Khagrachari,Kharif 1,30.0,75.0,Jute,March,April to Aug,Sep,0,40,20.0,70,80,54.0,0.5737845474176946,0.39677934359304584,0.3382196284333821,0.13308527664078024,0.6273542204861793
3181,5.149952845,Khulna,Kharif 1,30.0,75.0,Jute,March,April to Aug,Sep,16382,40,20.0,70,80,59.0,0.4979323952822052,0.24397620412607682,0.4016941680534377,0.1064699609243234,0.4395870026247023
40682,4.559952805,Kishoreganj,Kharif 1,30.0,75.0,Jute,March,April to Aug,Sep,185508,40,20.0,70,80,,0.6380676429483706,0.1098153469014769,0.0508200478358936,0.2409070914980192,0.4131448806084709
46093,5.040006075,Kurigram,Kharif 1,30.0,75.0,Jute,March,April to Aug,Sep,232309,40,20.0,70,80,,0.4446969686649252,0.17857714693215002,0.339929306221639,0.12682093056900298,0.294759011881437
98413,5.019997358,Kushtia,Kharif 1,30.0,75.0,Jute,March,April to Aug,Sep,494033,40,20.0,70,80,,0.5026391517689011,0.326521120704424,0.2595401427302436,0.08057540256061796,0.5144873456235682
484,3.840909091,Lakshmipur,Kharif 1,30.0,75.0,Jute,March,April to Aug,Sep,1859,40,20.0,70,80,56.0,0.4099483108021562,0.21923038656445634,0.2352361031462211,0.0996064172916028,0.329965698770968
8165,5.8,Lalmonirhat,Kharif 1,30.0,75.0,Jute,March,April to Aug,Sep,47357,40,20.0,70,80,,0.5685270716402814,0.2704873441797646,0.4453238905714439,0.14957077554972734,0.4948821771436415
78336,4.210005617,Madaripur,Kharif 1,30.0,75.0,Jute,March,April to Aug,Sep,329795,40,20.0,70,80,56.0,0.5126870864671587,0.2883052855979956,0.4063651096234308,0.12079045772911617,0.434792084871636
85406,4.120003278,Magura,Kharif 1,30.0,75.0,Jute,March,April to Aug,Sep,351873,40,20.0,70,80,61.0,0.5805999045721482,0.3396062842219667,0.3522418035026976,0.12111797747408684,0.4803835186927634
8914,4.130020193,Manikganj,Kharif 1,30.0,75.0,Jute,March,April to Aug,Sep,36815,40,20.0,70,80,,0.4337041495265221,0.22731981326425843,0.4114178092969235,0.10811141310298684,0.1994612868881428
48911,6.420007769,Meherpur,Kharif 1,30.0,75.0,Jute,March,April to Aug,Sep,314009,40,20.0,70,80,65.0,0.5708640413836734,0.4030249804421314,0.1259660232378597,0.13387614997922867,0.6363343859653814
0,#DIV/0!,Moulvibazar,Kharif 1,30.0,75.0,Jute,March,April to Aug,Sep,0,40,20.0,70,80,,0.5076200516171026,0.2906719225724284,0.4082711888182118,0.1015018267147574,0.4889183454377723
7320,3.9,Munshiganj,Kharif 1,30.0,75.0,Jute,March,April to Aug,Sep,28548,40,20.0,70,80,,0.4965979715632833,0.2521612681046196,0.31340565567292,0.13166264305725586,0.521983445304389
13251,3.940004528,Mymensingh,Kharif 1,30.0,75.0,Jute,March,April to Aug,Sep,52209,40,20.0,70,80,,0.5686833849186683,0.20382224299342838,0.4943108635282229,0.17030057443454147,0.2832779421973829
13828,5.829982644,Naogaon,Kharif 1,30.0,75.0,Jute,March,April to Aug,Sep,80617,40,20.0,70,80,,0.6201124466265265,0.25395382266516897,0.3298349904608932,0.14891555118239197,0.3741281428245409
52484,5.080005335,Narail,Kharif 1,30.0,75.0,Jute,March,April to Aug,Sep,266619,40,20.0,70,80,58.0,0.574803629810534,0.3130572171474024,0.3795905639419704,0.10426942665727848,0.4757956922331443
720,4.816666667,Narayanganj,Kharif 1,30.0,75.0,Jute,March,April to Aug,Sep,3468,40,20.0,70,80,,0.4347229780450177,0.26364173427227405,0.3114359236632746,0.08042394072509865,0.3254064295331264
6636,4.889993972,Narsingdi,Kharif 1,30.0,75.0,Jute,March,April to Aug,Sep,32450,40,20.0,70,80,,0.5675183682230315,0.26724475343705595,0.3858671860931894,0.1561745070626577,0.387696320210425
59968,4.119997332,Natore,Kharif 1,30.0,75.0,Jute,March,April to Aug,Sep,247068,40,20.0,70,80,,0.6157551872850959,0.313090291936011,0.1449640755138761,0.15340682806139228,0.5612003405949629
11562,4.279968864,Netrokona,Kharif 1,30.0,75.0,Jute,March,April to Aug,Sep,49485,40,20.0,70,80,,0.638234140226114,0.10201508923383355,0.3045873133388933,0.21755243183955186,0.3702446184726372
17177,5.350002911,Nilphamari,Kharif 1,30.0,75.0,Jute,March,April to Aug,Sep,91897,40,20.0,70,80,,0.604066391741781,0.2535372808069242,0.4439194600915765,0.1759365131310528,0.446760339331025
0,#DIV/0!,Noakhali,Kharif 1,30.0,75.0,Jute,March,April to Aug,Sep,0,40,20.0,70,80,55.0,0.4854136963654465,0.2147004189646589,0.2611398897351406,0.13152722094336794,0.4522745592492853
102319,5.009998143,Pabna,Kharif 1,30.0,75.0,Jute,March,April to Aug,Sep,512618,40,20.0,70,80,,0.5026473561162811,0.3077373300166943,0.2688296958156423,0.08076046853146988,0.4649989728650389
21056,4.940017097,Panchagar,Kharif 1,30.0,75.0,Jute,March,April to Aug,Sep,104017,40,20.0,70,80,,0.4949864884497696,0.3109626764513986,0.3210316931496211,0.1402732716462842,0.4220167525726432
0,#DIV/0!,Patuakhali,Kharif 1,30.0,75.0,Jute,March,April to Aug,Sep,0,40,20.0,70,80,,0.3271561678385286,0.2255954354302963,0.3662096619113779,0.09432172617906595,0.2752790517888959
900,2.31,Pirojpur,Kharif 1,30.0,75.0,Jute,March,April to Aug,Sep,2079,40,20.0,70,80,57.0,0.5271361118307798,0.33090820469875537,0.4734452905350293,0.09987731760262145,0.3932548344744789
118952,4.070003026,Rajbari,Kharif 1,30.0,75.0,Jute,March,April to Aug,Sep,484135,40,20.0,70,80,60.0,0.4806919129357807,0.31123612695453573,0.3411103169038733,0.09754589093546814,0.445050413155566
35401,5.349990113,Rajshahi,Kharif 1,30.0,75.0,Jute,March,April to Aug,Sep,189395,40,20.0,70,80,65.0,0.4771080227246705,0.30680616991015924,0.2171911759580277,0.09323425181230865,0.4500902862447303
0,#DIV/0!,Rangamati,Kharif 1,30.0,75.0,Jute,March,April to Aug,Sep,0,40,20.0,70,80,,0.4965180374554424,0.37181924075012984,0.407467011061289,0.13083626977292126,0.6310743550546144
19997,6.400010002,Rangpur,Kharif 1,30.0,75.0,Jute,March,April to Aug,Sep,127981,40,20.0,70,80,59.0,0.5272187009814302,0.24653759346528306,0.4118453959149274,0.15454973615277978,0.4282935836855661
25378,4.970013397,Satkhira,Kharif 1,30.0,75.0,Jute,March,April to Aug,Sep,126129,40,20.0,70,80,59.0,0.4835354065029546,0.22486603275669892,0.2954937434231568,0.10921098956208146,0.416821054986026
57084,4.090007708,Shariatpur,Kharif 1,30.0,75.0,Jute,March,April to Aug,Sep,233474,40,20.0,70,80,55.0,0.4511789681561877,0.2602973510799411,0.337774879445382,0.11064946830044044,0.391216738930908
3302,5.350090854,Sherpur,Kharif 1,30.0,75.0,Jute,March,April to Aug,Sep,17666,40,20.0,70,80,,0.6297376902178687,0.20874642307968352,0.3417866673453712,0.17639800995469243,0.355035413839545
28308,4.139995761,Sirajganj,Kharif 1,30.0,75.0,Jute,March,April to Aug,Sep,117195,40,20.0,70,80,,0.4737362339881535,0.17885706805732873,0.1714208140792081,0.12174796392099267,0.3198299670185812
821,4.790499391,Sunamganj,Kharif 1,30.0,75.0,Jute,March,April to Aug,Sep,3933,40,20.0,70,80,54.0,0.6219959069450288,0.0005836806217832183,0.0062517479924633,0.2674209226072576,0.5312190703372729
0,#DIV/0!,Sylhet,Kharif 1,30.0,75.0,Jute,March,April to Aug,Sep,0,40,20.0,70,80,54.0,0.4933672733095434,0.11912980680806325,0.3776845712197997,0.17657894404305102,0.4606201196420315
35993,4.209985275,Tangail,Kharif 1,30.0,75.0,Jute,March,April to Aug,Sep,151530,40,20.0,70,80,60.0,0.5155877071618177,0.17318184244897197,0.3358840930816195,0.13662112703883836,0.2360260118339428
13914,5.410018686,Thakurgaon,Kharif 1,30.0,75.0,Jute,March,April to Aug,Sep,75275,40,20.0,70,80,,0.5465011801065398,0.32268169704227967,0.3582324259138552,0.13557299105013595,0.532704520344867
160,1.6125,Bagerhat,Kharif 1,25.0,72.5,Kakrol,April,May to July,July to Sep,258,30,20.0,60,85,57.0,0.2844793013289463,0.26136947651129455,0.38749757620191194,0.09652733906791956,0.5711876241926808
240,1.641666667,Bandarban,Kharif 1,25.0,72.5,Kakrol,April,May to July,July to Sep,394,30,20.0,60,85,55.0,0.3876779567270571,0.411962836670921,0.4706082774599362,0.09597395821629838,0.5676824803630925
33,1.272727273,Barguna,Kharif 1,25.0,72.5,Kakrol,April,May to July,July to Sep,42,30,20.0,60,85,57.0,0.2876097437686987,0.2919081196465172,0.2789963801992461,0.07026541329183024,0.3352139518717137
288,1.402777778,Barishal,Kharif 1,25.0,72.5,Kakrol,April,May to July,July to Sep,404,30,20.0,60,85,,0.3100169088937738,0.27582156862698165,0.28075986103369327,0.06543579575844694,0.43248229774155
158,1.405063291,Bhola,Kharif 1,25.0,72.5,Kakrol,April,May to July,July to Sep,222,30,20.0,60,85,56.0,0.2246323016939531,0.18340557958926576,0.1606240166797885,0.061504792732019586,0.3010654880049462
101,1.871287129,Bogura,Kharif 1,25.0,72.5,Kakrol,April,May to July,July to Sep,189,30,20.0,60,85,,0.3974557819503149,0.22694848826724812,0.23918505585405528,0.10305708772996514,0.5031143822226227
195,1.574358974,Brahmanbaria,Kharif 1,25.0,72.5,Kakrol,April,May to July,July to Sep,307,30,20.0,60,85,54.0,0.4667222562628336,0.1607784470854874,0.21809769449376512,0.13246326670352684,0.6120203918074798
72,1.055555556,Chandpur,Kharif 1,25.0,72.5,Kakrol,April,May to July,July to Sep,76,30,20.0,60,85,,0.2824497786894116,0.25868076054774797,0.27520867151154005,0.04552266392280595,0.4859674573852385
0,#DIV/0!,Chapai Nawabganj,Kharif 1,25.0,72.5,Kakrol,April,May to July,July to Sep,0,30,20.0,60,85,,0.3377839429676815,0.318376418040253,0.3146335245250263,0.06116090687191648,0.5329944189746634
836,3.107655502,Chattogram,Kharif 1,25.0,72.5,Kakrol,April,May to July,July to Sep,2598,30,20.0,60,85,,0.3406132785765541,0.34928694599215987,0.38108526831600265,0.08510041123416215,0.4802903771854044
56,1.267857143,Chuadanga,Kharif 1,25.0,72.5,Kakrol,April,May to July,July to Sep,71,30,20.0,60,85,,0.4685908909016339,0.34615696071332924,0.28561180203568126,0.11232428939152735,0.6064678529651709
229,1.698689956,CoxsBazar,Kharif 1,25.0,72.5,Kakrol,April,May to July,July to Sep,389,30,20.0,60,85,55.0,0.362233654035479,0.3237836114917915,0.33361345594894254,0.037054695252635696,0.4628693746612334
300,6.85,Cumilla,Kharif 1,25.0,72.5,Kakrol,April,May to July,July to Sep,2055,30,20.0,60,85,,0.2799573140061434,0.28107752163880995,0.3420729715898136,0.10481436569311786,0.5910383419566766
179,1.083798883,Dhaka,Kharif 1,25.0,72.5,Kakrol,April,May to July,July to Sep,194,30,20.0,60,85,,0.2053280197750239,0.24957617958246045,0.24183727197391605,0.05695542531058691,0.4340019668066029
120,1.65,Dinajpur,Kharif 1,25.0,72.5,Kakrol,April,May to July,July to Sep,198,30,20.0,60,85,,0.3864902076658625,0.21610739252458533,0.25801913008892247,0.12995095219579894,0.5768919544682428
28,1.607142857,Faridpur,Kharif 1,25.0,72.5,Kakrol,April,May to July,July to Sep,45,30,20.0,60,85,,0.1596716045798009,0.33070320859518226,0.26244218219720356,0.1259735887027366,0.5101997893014788
21,1.047619048,Feni,Kharif 1,25.0,72.5,Kakrol,April,May to July,July to Sep,22,30,20.0,60,85,,0.3154547680727988,0.201160590032452,0.29922453939771987,0.1245259966092435,0.5023790786684436
160,1.7375,Gaibandha,Kharif 1,25.0,72.5,Kakrol,April,May to July,July to Sep,278,30,20.0,60,85,57.0,0.2560613395709359,0.20282485232763314,0.26395867442636967,0.10998707966426004,0.5052634601391561
354,1.033898305,Gazipur,Kharif 1,25.0,72.5,Kakrol,April,May to July,July to Sep,366,30,20.0,60,85,,0.3013299480303391,0.23974532775765434,0.2500662258116388,0.11410875475355643,0.5111937838721802
42,1.714285714,Gopalganj,Kharif 1,25.0,72.5,Kakrol,April,May to July,July to Sep,72,30,20.0,60,85,56.0,0.365624571223079,0.36894418083562347,0.40077181713198096,0.04790497411059209,0.6330877335678394
80,1.15,Habiganj,Kharif 1,25.0,72.5,Kakrol,April,May to July,July to Sep,92,30,20.0,60,85,,0.4094105700184439,0.2016615262771483,0.2135574928962538,0.09611588037418557,0.6014605348999472
123,1.504065041,Jamalpur,Kharif 1,25.0,72.5,Kakrol,April,May to July,July to Sep,185,30,20.0,60,85,,0.2203033803902141,0.18543800484906772,0.20405668305725475,0.06893569815470343,0.5278123755787749
357,4.532212885,Jashore,Kharif 1,25.0,72.5,Kakrol,April,May to July,July to Sep,1618,30,20.0,60,85,,0.5094016354846946,0.2836055892611817,0.3257583910382645,0.11212784760254979,0.6067794453589154
131,1.038167939,Jhallokati,Kharif 1,25.0,72.5,Kakrol,April,May to July,July to Sep,136,30,20.0,60,85,,0.3844964290526782,0.38875048372003707,0.38543784281698823,0.08652565584632735,0.5179106140943847
220,2.745454545,Jhenaidah,Kharif 1,25.0,72.5,Kakrol,April,May to July,July to Sep,604,30,20.0,60,85,,0.4932941383053687,0.32493007354795117,0.310714543778275,0.08413903080496142,0.6072717913709762
115,4.947826087,Joypurhat,Kharif 1,25.0,72.5,Kakrol,April,May to July,July to Sep,569,30,20.0,60,85,64.0,0.5481632788078854,0.2673767741958381,0.24253239848195948,0.15922385115313176,0.4871203122169448
1098,2.193078324,Khagrachari,Kharif 1,25.0,72.5,Kakrol,April,May to July,July to Sep,2408,30,20.0,60,85,54.0,0.3194542381207939,0.3865769256177254,0.4687240464487031,0.12358960593116976,0.5737845474176946
54,1.777777778,Khulna,Kharif 1,25.0,72.5,Kakrol,April,May to July,July to Sep,96,30,20.0,60,85,59.0,0.2547487058378869,0.23026941550862803,0.30595393678107546,0.06868237597519183,0.4979323952822052
220,2.795454545,Kishoreganj,Kharif 1,25.0,72.5,Kakrol,April,May to July,July to Sep,615,30,20.0,60,85,,0.3676092519986164,0.048735352480595934,0.0442363983710907,0.14145263867287924,0.6380676429483706
92,1.945652174,Kurigram,Kharif 1,25.0,72.5,Kakrol,April,May to July,July to Sep,179,30,20.0,60,85,,0.2226332627293874,0.17007144816320094,0.2375416177022459,0.09741361097963244,0.4446969686649252
20,5,Kushtia,Kharif 1,25.0,72.5,Kakrol,April,May to July,July to Sep,100,30,20.0,60,85,,0.3702999720630754,0.32018901374715697,0.28920493158277766,0.04216782385074709,0.5026391517689011
102,2.225490196,Lakshmipur,Kharif 1,25.0,72.5,Kakrol,April,May to July,July to Sep,227,30,20.0,60,85,56.0,0.3561816998129432,0.1888194473078095,0.20855317594081743,0.07644286541111134,0.4099483108021562
187,1.636363636,Lalmonirhat,Kharif 1,25.0,72.5,Kakrol,April,May to July,July to Sep,306,30,20.0,60,85,,0.4065448627465945,0.22045192687703466,0.3061854645515088,0.12020877931074382,0.5685270716402814
22,5.136363636,Madaripur,Kharif 1,25.0,72.5,Kakrol,April,May to July,July to Sep,113,30,20.0,60,85,56.0,0.145892769350381,0.3524758831621515,0.31535829172468727,0.10161114008586483,0.5126870864671587
57,2.385964912,Magura,Kharif 1,25.0,72.5,Kakrol,April,May to July,July to Sep,136,30,20.0,60,85,61.0,0.3516332543736697,0.37377815754040783,0.2947289442846749,0.08843362434473914,0.5805999045721482
83,2.096385542,Manikganj,Kharif 1,25.0,72.5,Kakrol,April,May to July,July to Sep,174,30,20.0,60,85,,0.238108560268593,0.23906755322864282,0.2718330491604117,0.0934533500478843,0.4337041495265221
18,6.166666667,Meherpur,Kharif 1,25.0,72.5,Kakrol,April,May to July,July to Sep,111,30,20.0,60,85,65.0,0.4240959983858737,0.3993416196907072,0.29086957225155535,0.11685676760940232,0.5708640413836734
68,3.367647059,Moulvibazar,Kharif 1,25.0,72.5,Kakrol,April,May to July,July to Sep,229,30,20.0,60,85,,0.3772511111134909,0.2820904135844284,0.3232683159460926,0.07540975322964098,0.5076200516171026
63,1.079365079,Munshiganj,Kharif 1,25.0,72.5,Kakrol,April,May to July,July to Sep,68,30,20.0,60,85,,0.1254731884929805,0.3342729192430615,0.2539899132282077,0.10675632611705946,0.4965979715632833
438,1.714611872,Mymensingh,Kharif 1,25.0,72.5,Kakrol,April,May to July,July to Sep,751,30,20.0,60,85,,0.2792620099084889,0.20028718145226862,0.3010597886190607,0.13280126504619552,0.5686833849186683
125,2.736,Naogaon,Kharif 1,25.0,72.5,Kakrol,April,May to July,July to Sep,342,30,20.0,60,85,,0.3353748718633925,0.22444785086288532,0.29846707227029873,0.07202419039728888,0.6201124466265265
94,4.638297872,Narail,Kharif 1,25.0,72.5,Kakrol,April,May to July,July to Sep,436,30,20.0,60,85,58.0,0.3408352502702987,0.3101313464724751,0.31235990369566285,0.04770552573231721,0.574803629810534
156,1.782051282,Narayanganj,Kharif 1,25.0,72.5,Kakrol,April,May to July,July to Sep,278,30,20.0,60,85,,0.2542342797497706,0.2861346919347943,0.2882490485713107,0.05657266956781543,0.4347229780450177
1835,4.530245232,Narsingdi,Kharif 1,25.0,72.5,Kakrol,April,May to July,July to Sep,8313,30,20.0,60,85,,0.3744952593367734,0.24682692428752606,0.33047219752455737,0.12561934756031712,0.5675183682230315
223,2.233183857,Natore,Kharif 1,25.0,72.5,Kakrol,April,May to July,July to Sep,498,30,20.0,60,85,,0.3938140226589006,0.3072800470144082,0.26419289354550923,0.09743780348708306,0.6157551872850959
113,2.389380531,Netrokona,Kharif 1,25.0,72.5,Kakrol,April,May to July,July to Sep,270,30,20.0,60,85,,0.2180584018053236,0.060759400109101865,0.17081644414688726,0.11625615090650858,0.638234140226114
161,2.51552795,Nilphamari,Kharif 1,25.0,72.5,Kakrol,April,May to July,July to Sep,405,30,20.0,60,85,,0.348037858697919,0.20749755087690172,0.2783926826623874,0.14043379020775468,0.604066391741781
57,1.736842105,Noakhali,Kharif 1,25.0,72.5,Kakrol,April,May to July,July to Sep,99,30,20.0,60,85,55.0,0.3485228861940609,0.19287229404456743,0.23591672277685038,0.09436180637065189,0.4854136963654465
35,1.914285714,Pabna,Kharif 1,25.0,72.5,Kakrol,April,May to July,July to Sep,67,30,20.0,60,85,,0.3016887841086959,0.3238304766721219,0.28885545016846353,0.029556653273320962,0.5026473561162811
92,2.423913043,Panchagar,Kharif 1,25.0,72.5,Kakrol,April,May to July,July to Sep,223,30,20.0,60,85,,0.20279912294809,0.32753750650786334,0.3104193239774788,0.13383542248084038,0.4949864884497696
18,1.277777778,Patuakhali,Kharif 1,25.0,72.5,Kakrol,April,May to July,July to Sep,23,30,20.0,60,85,,0.2365474556695895,0.263708061831827,0.24578064856655493,0.09813046377722896,0.3271561678385286
204,1.681372549,Pirojpur,Kharif 1,25.0,72.5,Kakrol,April,May to July,July to Sep,343,30,20.0,60,85,57.0,0.3392577304779658,0.35094833899768574,0.37370752815667463,0.08289255042463965,0.5271361118307798
77,1.61038961,Rajbari,Kharif 1,25.0,72.5,Kakrol,April,May to July,July to Sep,124,30,20.0,60,85,60.0,0.2441449981923793,0.37168589273188674,0.28759807120385855,0.08234471427858168,0.4806919129357807
41,2.634146341,Rajshahi,Kharif 1,25.0,72.5,Kakrol,April,May to July,July to Sep,108,30,20.0,60,85,65.0,0.39139088167786,0.2730663080787432,0.27842796997355906,0.06744569876917561,0.4771080227246705
2123,1.564766839,Rangamati,Kharif 1,25.0,72.5,Kakrol,April,May to July,July to Sep,3322,30,20.0,60,85,,0.2740115169357396,0.39615330414478506,0.4713327190373835,0.13462555194804712,0.4965180374554424
317,1.548895899,Rangpur,Kharif 1,25.0,72.5,Kakrol,April,May to July,July to Sep,491,30,20.0,60,85,59.0,0.2902257990630829,0.22791217548438905,0.30243241194126613,0.13296056173668588,0.5272187009814302
71,2.647887324,Satkhira,Kharif 1,25.0,72.5,Kakrol,April,May to July,July to Sep,188,30,20.0,60,85,59.0,0.2721199083647258,0.19712565298157633,0.26791640946473144,0.06214813940375307,0.4835354065029546
39,5.41025641,Shariatpur,Kharif 1,25.0,72.5,Kakrol,April,May to July,July to Sep,211,30,20.0,60,85,55.0,0.0925735314905069,0.300947272600921,0.2938477740271828,0.09624101638529618,0.4511789681561877
139,1.928057554,Sherpur,Kharif 1,25.0,72.5,Kakrol,April,May to July,July to Sep,268,30,20.0,60,85,,0.2678615620118689,0.1918087426293252,0.27898421004753016,0.10036341982441595,0.6297376902178687
37,1.459459459,Sirajganj,Kharif 1,25.0,72.5,Kakrol,April,May to July,July to Sep,54,30,20.0,60,85,,0.2438028677727265,0.17731791329742622,0.17635397549524823,0.05248963384465654,0.4737362339881535
89,3.02247191,Sunamganj,Kharif 1,25.0,72.5,Kakrol,April,May to July,July to Sep,269,30,20.0,60,85,54.0,0.2385902396757943,-0.08175851150713936,-0.0127912799301452,0.14078413280179883,0.6219959069450288
87,1.402298851,Sylhet,Kharif 1,25.0,72.5,Kakrol,April,May to July,July to Sep,122,30,20.0,60,85,54.0,0.2401914716423759,0.0592921132580555,0.23004187474506452,0.13644706949370858,0.4933672733095434
194,2.149484536,Tangail,Kharif 1,25.0,72.5,Kakrol,April,May to July,July to Sep,417,30,20.0,60,85,60.0,0.2191926340496671,0.16250592207834733,0.2182201770238628,0.07319283876232816,0.5155877071618177
71,1.23943662,Thakurgaon,Kharif 1,25.0,72.5,Kakrol,April,May to July,July to Sep,88,30,20.0,60,85,,0.373304905125753,0.28582946810027143,0.3178981176813795,0.11797018885304703,0.5465011801065398
880,1.386363636,Bagerhat,Rabi,25.5,87.5,Karala,Feb,March to July,Aug to Sep,1220,27,24.0,85,90,57.0,0.533074061065529,0.32795507101110216,0.4274038167766788,0.135091210397696,0.4889194902967873
334,1.613772455,Bandarban,Rabi,25.5,87.5,Karala,Feb,March to July,Aug to Sep,539,27,24.0,85,90,55.0,0.6821383327059017,0.43824978942058246,0.4368947017278657,0.12979591683339117,0.763617739914739
125,1.248,Barguna,Rabi,25.5,87.5,Karala,Feb,March to July,Aug to Sep,156,27,24.0,85,90,57.0,0.291063589685606,0.2997096109159928,0.251793712631361,0.06271462023322462,0.3499506810824001
416,1.514423077,Barishal,Rabi,25.5,87.5,Karala,Feb,March to July,Aug to Sep,630,27,24.0,85,90,,0.2533858903228801,0.31399278250325374,0.25884791955367686,0.07945780030416524,0.291607379510426
411,2.126520681,Bhola,Rabi,25.5,87.5,Karala,Feb,March to July,Aug to Sep,874,27,24.0,85,90,56.0,0.243217327760463,0.21518290569333934,0.14814231615787765,0.06942026717571982,0.2168086916309753
792,3.512626263,Bogura,Rabi,25.5,87.5,Karala,Feb,March to July,Aug to Sep,2782,27,24.0,85,90,,0.3907901958771589,0.3162831257949364,0.21590492358133406,0.12906589819186085,0.3124280312616473
206,1.946601942,Brahmanbaria,Rabi,25.5,87.5,Karala,Feb,March to July,Aug to Sep,401,27,24.0,85,90,54.0,0.3909190194818471,0.3122155978653552,0.23311424095446215,0.1764659108530516,0.2811509765621612
197,1.512690355,Chandpur,Rabi,25.5,87.5,Karala,Feb,March to July,Aug to Sep,298,27,24.0,85,90,,0.3913421262911484,0.30889190354357876,0.25040468411213634,0.09470047908076992,0.303030026749074
257,1.949416342,Chapai Nawabganj,Rabi,25.5,87.5,Karala,Feb,March to July,Aug to Sep,501,27,24.0,85,90,,0.4431037695451635,0.36518152321262076,0.3140133434390434,0.09638113158534899,0.3537489371617141
259,1.918918919,Chattogram,Rabi,25.5,87.5,Karala,Feb,March to July,Aug to Sep,497,27,24.0,85,90,,0.5031925773161925,0.3737528987476876,0.3420172801180706,0.09898661224314749,0.5249827607431998
426,2.021126761,Chuadanga,Rabi,25.5,87.5,Karala,Feb,March to July,Aug to Sep,861,27,24.0,85,90,,0.5937943182711736,0.4227059252013586,0.2719459361764927,0.15271196939018405,0.5031852308806458
343,1.766763848,CoxsBazar,Rabi,25.5,87.5,Karala,Feb,March to July,Aug to Sep,606,27,24.0,85,90,55.0,0.4613461644922925,0.3592907726344174,0.31954097171244267,0.0692116402306853,0.4603922198041147
591,2.676818951,Cumilla,Rabi,25.5,87.5,Karala,Feb,March to July,Aug to Sep,1582,27,24.0,85,90,,0.4346417753677448,0.34284564417584995,0.291481144108595,0.14415557069500928,0.3645708248943419
448,2.011160714,Dhaka,Rabi,25.5,87.5,Karala,Feb,March to July,Aug to Sep,901,27,24.0,85,90,,0.344767292591086,0.2776117050658017,0.24478020581549825,0.08734582541145762,0.3532928976505518
646,2.113003096,Dinajpur,Rabi,25.5,87.5,Karala,Feb,March to July,Aug to Sep,1365,27,24.0,85,90,,0.4042335990913202,0.32234086794157224,0.29143132236001257,0.15701239151622182,0.3363010381782366
330,1.212121212,Faridpur,Rabi,25.5,87.5,Karala,Feb,March to July,Aug to Sep,400,27,24.0,85,90,,0.4746373619141085,0.33239620393336533,0.29755027175904253,0.1417968677122105,0.4044204909178377
123,1.577235772,Feni,Rabi,25.5,87.5,Karala,Feb,March to July,Aug to Sep,194,27,24.0,85,90,,0.4589202557758623,0.2842631233677197,0.2778078400860854,0.15176984519370368,0.4263300065971123
393,1.842239186,Gaibandha,Rabi,25.5,87.5,Karala,Feb,March to July,Aug to Sep,724,27,24.0,85,90,57.0,0.3434167606212545,0.27395987133859834,0.2478348479411857,0.13741222275686632,0.2446402294304136
353,1.036827195,Gazipur,Rabi,25.5,87.5,Karala,Feb,March to July,Aug to Sep,366,27,24.0,85,90,,0.3482783737758274,0.30635194303509644,0.20271260530122726,0.13820874186632742,0.4065387135241315
192,3.197916667,Gopalganj,Rabi,25.5,87.5,Karala,Feb,March to July,Aug to Sep,614,27,24.0,85,90,56.0,0.4545933382146112,0.42110896945955767,0.4262801911371143,0.09566812754703706,0.3854395052976016
182,2.175824176,Habiganj,Rabi,25.5,87.5,Karala,Feb,March to July,Aug to Sep,396,27,24.0,85,90,,0.4730658538368976,0.3231711367499672,0.19736989304857525,0.1654471159407234,0.2661294631608376
417,2.139088729,Jamalpur,Rabi,25.5,87.5,Karala,Feb,March to July,Aug to Sep,892,27,24.0,85,90,,0.3849267622873427,0.2608859541032384,0.1737837077478204,0.14268581209538603,0.3204199651621038
923,3.178764897,Jashore,Rabi,25.5,87.5,Karala,Feb,March to July,Aug to Sep,2934,27,24.0,85,90,,0.4688805230475235,0.39339956972543105,0.3564320953995454,0.13514522310095542,0.4475073883018984
335,1.820895522,Jhallokati,Rabi,25.5,87.5,Karala,Feb,March to July,Aug to Sep,610,27,24.0,85,90,,0.4152984185672557,0.4137316988614349,0.37830132123720983,0.08684585663945558,0.3980482373190764
639,2.419405321,Jhenaidah,Rabi,25.5,87.5,Karala,Feb,March to July,Aug to Sep,1546,27,24.0,85,90,,0.5172636126901161,0.4150712300640397,0.3402855752061854,0.12069360735015464,0.4451787298559849
542,4.494464945,Joypurhat,Rabi,25.5,87.5,Karala,Feb,March to July,Aug to Sep,2436,27,24.0,85,90,64.0,0.4013493246727935,0.3674827827224688,0.22673930310718554,0.15183335807396617,0.4359280719977643
625,1.9168,Khagrachari,Rabi,25.5,87.5,Karala,Feb,March to July,Aug to Sep,1198,27,24.0,85,90,54.0,0.6273542204861793,0.4105939124783329,0.4214656657123207,0.1445249398149172,0.7127123618717103
253,1.071146245,Khulna,Rabi,25.5,87.5,Karala,Feb,March to July,Aug to Sep,271,27,24.0,85,90,59.0,0.4395870026247023,0.2886978695291952,0.33800911816002543,0.10979859778711336,0.4342237814545653
519,2.597302505,Kishoreganj,Rabi,25.5,87.5,Karala,Feb,March to July,Aug to Sep,1348,27,24.0,85,90,,0.4131448806084709,0.2303765904777549,0.04304073645143695,0.238169318531656,0.3112699019521303
410,2.117073171,Kurigram,Rabi,25.5,87.5,Karala,Feb,March to July,Aug to Sep,868,27,24.0,85,90,,0.294759011881437,0.23550891517678307,0.2499837168316994,0.11901932124293754,0.2659209949590453
380,2.360526316,Kushtia,Rabi,25.5,87.5,Karala,Feb,March to July,Aug to Sep,897,27,24.0,85,90,,0.5144873456235682,0.36670123301468943,0.2806393664739088,0.09632788988965596,0.4366112739616819
139,1.165467626,Lakshmipur,Rabi,25.5,87.5,Karala,Feb,March to July,Aug to Sep,162,27,24.0,85,90,56.0,0.329965698770968,0.2665176705077056,0.2043739971160656,0.09658332313886336,0.2635214620314005
288,2.194444444,Lalmonirhat,Rabi,25.5,87.5,Karala,Feb,March to July,Aug to Sep,632,27,24.0,85,90,,0.4948821771436415,0.327285543003596,0.3649299840462842,0.14916564862027523,0.3699886074056321
191,2.251308901,Madaripur,Rabi,25.5,87.5,Karala,Feb,March to July,Aug to Sep,430,27,24.0,85,90,56.0,0.434792084871636,0.34320150106079883,0.3222855593882866,0.11702950709543437,0.3922893847189875
114,2.631578947,Magura,Rabi,25.5,87.5,Karala,Feb,March to July,Aug to Sep,300,27,24.0,85,90,61.0,0.4803835186927634,0.4107135263134083,0.28865274880881886,0.11806822801620562,0.424542540711464
305,5.704918033,Manikganj,Rabi,25.5,87.5,Karala,Feb,March to July,Aug to Sep,1740,27,24.0,85,90,,0.1994612868881428,0.27780307389620873,0.296352827831847,0.1043687901730382,0.4309266104806672
238,3.054621849,Meherpur,Rabi,25.5,87.5,Karala,Feb,March to July,Aug to Sep,727,27,24.0,85,90,65.0,0.6363343859653814,0.43859697976833373,0.25948503399526074,0.15201014295883683,0.5422238526759723
192,1.90625,Moulvibazar,Rabi,25.5,87.5,Karala,Feb,March to July,Aug to Sep,366,27,24.0,85,90,,0.4889183454377723,0.3462284806967757,0.3190542249067888,0.10798317589821964,0.3743598588192403
522,1.068965517,Munshiganj,Rabi,25.5,87.5,Karala,Feb,March to July,Aug to Sep,558,27,24.0,85,90,,0.521983445304389,0.3249779835570896,0.22296002498692666,0.14577993174837942,0.3390365963664746
1166,2.20754717,Mymensingh,Rabi,25.5,87.5,Karala,Feb,March to July,Aug to Sep,2574,27,24.0,85,90,,0.2832779421973829,0.28976138783679256,0.31664926211503513,0.15774721979783557,0.2733859403767918
1600,2.3975,Naogaon,Rabi,25.5,87.5,Karala,Feb,March to July,Aug to Sep,3836,27,24.0,85,90,,0.3741281428245409,0.325766174215715,0.2954428396673448,0.13933540996384858,0.3087416614898178
207,2.937198068,Narail,Rabi,25.5,87.5,Karala,Feb,March to July,Aug to Sep,608,27,24.0,85,90,58.0,0.4757956922331443,0.36920658389965155,0.33682367999562923,0.10486351636412665,0.3958955094418674
232,1.271551724,Narayanganj,Rabi,25.5,87.5,Karala,Feb,March to July,Aug to Sep,295,27,24.0,85,90,,0.3254064295331264,0.30947226671983424,0.2585031197352457,0.07523473565286287,0.3324589299993573
317,2.123028391,Narsingdi,Rabi,25.5,87.5,Karala,Feb,March to July,Aug to Sep,673,27,24.0,85,90,,0.387696320210425,0.33649888008447665,0.30355746053955873,0.14616876671965445,0.3849029249505548
456,1.890350877,Natore,Rabi,25.5,87.5,Karala,Feb,March to July,Aug to Sep,862,27,24.0,85,90,,0.5612003405949629,0.3862818701974443,0.19738068574590295,0.16346420645708232,0.380859152838484
255,2.02745098,Netrokona,Rabi,25.5,87.5,Karala,Feb,March to July,Aug to Sep,517,27,24.0,85,90,,0.3702446184726372,0.20771414847174863,0.20716307868771594,0.2094664318730768,0.2328478871514515
290,2.85862069,Nilphamari,Rabi,25.5,87.5,Karala,Feb,March to July,Aug to Sep,829,27,24.0,85,90,,0.446760339331025,0.31491938061408103,0.3705376763987869,0.1679650454989764,0.3232946510636419
213,1.535211268,Noakhali,Rabi,25.5,87.5,Karala,Feb,March to July,Aug to Sep,327,27,24.0,85,90,55.0,0.4522745592492853,0.28251069293864195,0.20375110811533592,0.13945921088839452,0.3654843450318284
813,1.6900369,Pabna,Rabi,25.5,87.5,Karala,Feb,March to July,Aug to Sep,1374,27,24.0,85,90,,0.4649989728650389,0.3551655140482685,0.267168065887026,0.08870064227693232,0.4332378957112088
461,2.830802603,Panchagar,Rabi,25.5,87.5,Karala,Feb,March to July,Aug to Sep,1305,27,24.0,85,90,,0.4220167525726432,0.3360796261842899,0.34521671646746704,0.1331674247409217,0.2851494820813574
139,1.690647482,Patuakhali,Rabi,25.5,87.5,Karala,Feb,March to July,Aug to Sep,235,27,24.0,85,90,,0.2752790517888959,0.27096556180071973,0.23325759894889453,0.08748771233098397,0.3066881597522483
417,1.980815348,Pirojpur,Rabi,25.5,87.5,Karala,Feb,March to July,Aug to Sep,826,27,24.0,85,90,57.0,0.3932548344744789,0.38384777186036056,0.3679417832788916,0.09259989851137558,0.4071895891081893
329,1.872340426,Rajbari,Rabi,25.5,87.5,Karala,Feb,March to July,Aug to Sep,616,27,24.0,85,90,60.0,0.445050413155566,0.367978917864764,0.2690441376442564,0.0976878363211382,0.3898099099766552
872,2.591743119,Rajshahi,Rabi,25.5,87.5,Karala,Feb,March to July,Aug to Sep,2260,27,24.0,85,90,65.0,0.4500902862447303,0.337539565727752,0.2703161097973671,0.09808580084025477,0.376434231778691
519,1.518304432,Rangamati,Rabi,25.5,87.5,Karala,Feb,March to July,Aug to Sep,788,27,24.0,85,90,,0.6310743550546144,0.39179789336510745,0.4020458927209217,0.14715725210506894,0.6993863215167584
932,2.001072961,Rangpur,Rabi,25.5,87.5,Karala,Feb,March to July,Aug to Sep,1865,27,24.0,85,90,59.0,0.4282935836855661,0.3002362052995361,0.3352855188625463,0.14904753146254127,0.2976599417574164
197,2.705583756,Satkhira,Rabi,25.5,87.5,Karala,Feb,March to July,Aug to Sep,533,27,24.0,85,90,59.0,0.416821054986026,0.2694064547624819,0.2781635199485982,0.11334961132596733,0.4167558288001258
314,3.812101911,Shariatpur,Rabi,25.5,87.5,Karala,Feb,March to July,Aug to Sep,1197,27,24.0,85,90,55.0,0.391216738930908,0.28931886348989155,0.3219231427759088,0.1075439357839724,0.3540776787779843
269,2.780669145,Sherpur,Rabi,25.5,87.5,Karala,Feb,March to July,Aug to Sep,748,27,24.0,85,90,,0.355035413839545,0.29460509602354257,0.2711154964219722,0.16502902186264995,0.2796499492964726
324,2.163580247,Sirajganj,Rabi,25.5,87.5,Karala,Feb,March to July,Aug to Sep,701,27,24.0,85,90,,0.3198299670185812,0.24989856833063176,0.14497477335042325,0.11812196601056082,0.3297344337720062
221,1.787330317,Sunamganj,Rabi,25.5,87.5,Karala,Feb,March to July,Aug to Sep,395,27,24.0,85,90,54.0,0.5312190703372729,0.12306212241988101,0.0079277229735016,0.29259798996788644,0.2960996814095912
349,1.303724928,Sylhet,Rabi,25.5,87.5,Karala,Feb,March to July,Aug to Sep,455,27,24.0,85,90,54.0,0.4606201196420315,0.18228701694521715,0.2776328969217867,0.18602871537634671,0.3607174177912129
497,1.883299799,Tangail,Rabi,25.5,87.5,Karala,Feb,March to July,Aug to Sep,936,27,24.0,85,90,60.0,0.2360260118339428,0.2444596214893054,0.2475414525208851,0.12652944493921536,0.3748701758536493
470,1.531914894,Thakurgaon,Rabi,25.5,87.5,Karala,Feb,March to July,Aug to Sep,720,27,24.0,85,90,,0.532704520344867,0.3554588979066214,0.3704238008493431,0.13962142144956768,0.433583087795228
51,0.5294117647,Bagerhat,Kharif 1,27.5,90.0,Kolmi Shak,March,April to Aug,Sep to Oct,27,35,20.0,80,100,57.0,0.5711876241926808,0.287312050245718,0.5209035211125709,0.1388414229890998,0.533074061065529
105,1.238095238,Bandarban,Kharif 1,27.5,90.0,Kolmi Shak,March,April to Aug,Sep to Oct,130,35,20.0,80,100,55.0,0.5676824803630925,0.42221686936355685,0.56465406377732,0.14501567882028285,0.6821383327059017
23,1.695652174,Barguna,Kharif 1,27.5,90.0,Kolmi Shak,March,April to Aug,Sep to Oct,39,35,20.0,80,100,57.0,0.3352139518717137,0.26716913754367533,0.46005407100422857,0.12412513381923806,0.291063589685606
228,1.157894737,Barishal,Kharif 1,27.5,90.0,Kolmi Shak,March,April to Aug,Sep to Oct,264,35,20.0,80,100,,0.43248229774155,0.26559321534220287,0.4341648750731914,0.11591376845638589,0.2533858903228801
171,1.421052632,Bhola,Kharif 1,27.5,90.0,Kolmi Shak,March,April to Aug,Sep to Oct,243,35,20.0,80,100,56.0,0.3010654880049462,0.16753355344065837,0.32749655180555476,0.10438886589968699,0.243217327760463
53,3.018867925,Bogura,Kharif 1,27.5,90.0,Kolmi Shak,March,April to Aug,Sep to Oct,160,35,20.0,80,100,,0.5031143822226227,0.24482933862487358,0.4451416864588663,0.16693006961561402,0.3907901958771589
151,2.437086093,Brahmanbaria,Kharif 1,27.5,90.0,Kolmi Shak,March,April to Aug,Sep to Oct,368,35,20.0,80,100,54.0,0.6120203918074798,0.23444297780180728,0.3307084410611419,0.17868646305745714,0.3909190194818471
71,1.901408451,Chandpur,Kharif 1,27.5,90.0,Kolmi Shak,March,April to Aug,Sep to Oct,135,35,20.0,80,100,,0.4859674573852385,0.2548366377950306,0.40607724627391495,0.12096974501188919,0.3913421262911484
6,0.6666666667,Chapai Nawabganj,Kharif 1,27.5,90.0,Kolmi Shak,March,April to Aug,Sep to Oct,4,35,20.0,80,100,,0.5329944189746634,0.3372612035172019,0.39205682111335066,0.1147382202205774,0.4431037695451635
143,1.566433566,Chattogram,Kharif 1,27.5,90.0,Kolmi Shak,March,April to Aug,Sep to Oct,224,35,20.0,80,100,,0.4802903771854044,0.32713630874115324,0.5465999003425062,0.1342962975376958,0.5031925773161925
71,2.549295775,Chuadanga,Kharif 1,27.5,90.0,Kolmi Shak,March,April to Aug,Sep to Oct,181,35,20.0,80,100,,0.6064678529651709,0.3823830101901561,0.37246684066481406,0.154877798331908,0.5937943182711736
81,2.790123457,CoxsBazar,Kharif 1,27.5,90.0,Kolmi Shak,March,April to Aug,Sep to Oct,226,35,20.0,80,100,55.0,0.4628693746612334,0.33720276938798566,0.4393519451254522,0.10310979022910116,0.4613461644922925
236,3.279661017,Cumilla,Kharif 1,27.5,90.0,Kolmi Shak,March,April to Aug,Sep to Oct,774,35,20.0,80,100,,0.5910383419566766,0.271478511765347,0.4874035098281556,0.1745140803405001,0.4346417753677448
133,2.887218045,Dhaka,Kharif 1,27.5,90.0,Kolmi Shak,March,April to Aug,Sep to Oct,384,35,20.0,80,100,,0.4340019668066029,0.22315301908069046,0.3739978340952797,0.0989027279370771,0.344767292591086
106,1.273584906,Dinajpur,Kharif 1,27.5,90.0,Kolmi Shak,March,April to Aug,Sep to Oct,135,35,20.0,80,100,,0.5768919544682428,0.2533261295893854,0.5239328823548817,0.20491468513795233,0.4042335990913202
137,2.854014599,Faridpur,Kharif 1,27.5,90.0,Kolmi Shak,March,April to Aug,Sep to Oct,391,35,20.0,80,100,,0.5101997893014788,0.2772359947938626,0.4589359376067993,0.15523568692448178,0.4746373619141085
42,2.357142857,Feni,Kharif 1,27.5,90.0,Kolmi Shak,March,April to Aug,Sep to Oct,99,35,20.0,80,100,,0.5023790786684436,0.21833756711209312,0.5346346076270578,0.19884813851140481,0.4589202557758623
84,1.845238095,Gaibandha,Kharif 1,27.5,90.0,Kolmi Shak,March,April to Aug,Sep to Oct,155,35,20.0,80,100,57.0,0.5052634601391561,0.21015420234505605,0.4143047369498758,0.1616272406504044,0.3434167606212545
37,1.189189189,Gazipur,Kharif 1,27.5,90.0,Kolmi Shak,March,April to Aug,Sep to Oct,44,35,20.0,80,100,,0.5111937838721802,0.22008960458844412,0.4239447020268672,0.16125202091849702,0.3482783737758274
60,1.283333333,Gopalganj,Kharif 1,27.5,90.0,Kolmi Shak,March,April to Aug,Sep to Oct,77,35,20.0,80,100,56.0,0.6330877335678394,0.3691494532936191,0.5529510431533057,0.11928390935418799,0.4545933382146112
35,1.085714286,Habiganj,Kharif 1,27.5,90.0,Kolmi Shak,March,April to Aug,Sep to Oct,38,35,20.0,80,100,,0.6014605348999472,0.23384491396529422,0.34940311996626405,0.1635222211819455,0.4730658538368976
190,1.742105263,Jamalpur,Kharif 1,27.5,90.0,Kolmi Shak,March,April to Aug,Sep to Oct,331,35,20.0,80,100,,0.5278123755787749,0.18828542064589698,0.3754107767415175,0.1771162374362788,0.3849267622873427
0,#DIV/0!,Jashore,Kharif 1,27.5,90.0,Kolmi Shak,March,April to Aug,Sep to Oct,0,35,20.0,80,100,,0.6067794453589154,0.33783760911597566,0.543372186262044,0.17360816769554424,0.4688805230475235
103,1.203883495,Jhallokati,Kharif 1,27.5,90.0,Kolmi Shak,March,April to Aug,Sep to Oct,124,35,20.0,80,100,,0.5179106140943847,0.3616979451373176,0.5986356350553269,0.135604682477736,0.4152984185672557
57,1.333333333,Jhenaidah,Kharif 1,27.5,90.0,Kolmi Shak,March,April to Aug,Sep to Oct,76,35,20.0,80,100,,0.6072717913709762,0.36531338989666695,0.5329267355608904,0.16726150326170103,0.5172636126901161
59,1.86440678,Joypurhat,Kharif 1,27.5,90.0,Kolmi Shak,March,April to Aug,Sep to Oct,110,35,20.0,80,100,64.0,0.4871203122169448,0.2968723001423566,0.5072211101913036,0.19817527658994916,0.4013493246727935
205,1.687804878,Khagrachari,Kharif 1,27.5,90.0,Kolmi Shak,March,April to Aug,Sep to Oct,346,35,20.0,80,100,54.0,0.5737845474176946,0.39677934359304584,0.551657177663618,0.17497491206229435,0.6273542204861793
29,1.103448276,Khulna,Kharif 1,27.5,90.0,Kolmi Shak,March,April to Aug,Sep to Oct,32,35,20.0,80,100,59.0,0.4979323952822052,0.24397620412607682,0.4768808779489006,0.1322273009222973,0.4395870026247023
11,2.272727273,Kishoreganj,Kharif 1,27.5,90.0,Kolmi Shak,March,April to Aug,Sep to Oct,25,35,20.0,80,100,,0.6380676429483706,0.1098153469014769,0.12134424014598144,0.22309980642748423,0.4131448806084709
154,1.597402597,Kurigram,Kharif 1,27.5,90.0,Kolmi Shak,March,April to Aug,Sep to Oct,246,35,20.0,80,100,,0.4446969686649252,0.17857714693215002,0.41611921889355363,0.14753244071088972,0.294759011881437
0,#DIV/0!,Kushtia,Kharif 1,27.5,90.0,Kolmi Shak,March,April to Aug,Sep to Oct,0,35,20.0,80,100,,0.5026391517689011,0.326521120704424,0.4428746170924917,0.1251151309263097,0.5144873456235682
138,2.847826087,Lakshmipur,Kharif 1,27.5,90.0,Kolmi Shak,March,April to Aug,Sep to Oct,393,35,20.0,80,100,56.0,0.4099483108021562,0.21923038656445634,0.3803014351597838,0.13441667120363743,0.329965698770968
96,1.864583333,Lalmonirhat,Kharif 1,27.5,90.0,Kolmi Shak,March,April to Aug,Sep to Oct,179,35,20.0,80,100,,0.5685270716402814,0.2704873441797646,0.5229435337718871,0.1667040205554134,0.4948821771436415
41,1.487804878,Madaripur,Kharif 1,27.5,90.0,Kolmi Shak,March,April to Aug,Sep to Oct,61,35,20.0,80,100,56.0,0.5126870864671587,0.2883052855979956,0.48720447051668314,0.13844001551004356,0.434792084871636
12,1.083333333,Magura,Kharif 1,27.5,90.0,Kolmi Shak,March,April to Aug,Sep to Oct,13,35,20.0,80,100,61.0,0.5805999045721482,0.3396062842219667,0.5348021394978199,0.1647837867147049,0.4803835186927634
0,#DIV/0!,Manikganj,Kharif 1,27.5,90.0,Kolmi Shak,March,April to Aug,Sep to Oct,0,35,20.0,80,100,,0.4337041495265221,0.22731981326425843,0.41540088024896,0.11108516710471565,0.1994612868881428
24,2.708333333,Meherpur,Kharif 1,27.5,90.0,Kolmi Shak,March,April to Aug,Sep to Oct,65,35,20.0,80,100,65.0,0.5708640413836734,0.4030249804421314,0.3908698203464722,0.15608966887371956,0.6363343859653814
68,0.9411764706,Moulvibazar,Kharif 1,27.5,90.0,Kolmi Shak,March,April to Aug,Sep to Oct,64,35,20.0,80,100,,0.5076200516171026,0.2906719225724284,0.4582002612941123,0.11148583428925816,0.4889183454377723
52,1.480769231,Munshiganj,Kharif 1,27.5,90.0,Kolmi Shak,March,April to Aug,Sep to Oct,77,35,20.0,80,100,,0.4965979715632833,0.2521612681046196,0.3966906142497604,0.13819303473137132,0.521983445304389
238,2.571428571,Mymensingh,Kharif 1,27.5,90.0,Kolmi Shak,March,April to Aug,Sep to Oct,612,35,20.0,80,100,,0.5686833849186683,0.20382224299342838,0.5802072434865271,0.20456753195614702,0.2832779421973829
61,2.295081967,Naogaon,Kharif 1,27.5,90.0,Kolmi Shak,March,April to Aug,Sep to Oct,140,35,20.0,80,100,,0.6201124466265265,0.25395382266516897,0.4867980477394219,0.17985023116656124,0.3741281428245409
37,1.108108108,Narail,Kharif 1,27.5,90.0,Kolmi Shak,March,April to Aug,Sep to Oct,41,35,20.0,80,100,58.0,0.574803629810534,0.3130572171474024,0.5023501757492198,0.13456367139924813,0.4757956922331443
61,1.524590164,Narayanganj,Kharif 1,27.5,90.0,Kolmi Shak,March,April to Aug,Sep to Oct,93,35,20.0,80,100,,0.4347229780450177,0.26364173427227405,0.3495276482323971,0.08135352045242539,0.3254064295331264
4,2.75,Narsingdi,Kharif 1,27.5,90.0,Kolmi Shak,March,April to Aug,Sep to Oct,11,35,20.0,80,100,,0.5675183682230315,0.26724475343705595,0.4035722195017175,0.1483748537813186,0.387696320210425
33,1.727272727,Natore,Kharif 1,27.5,90.0,Kolmi Shak,March,April to Aug,Sep to Oct,57,35,20.0,80,100,,0.6157551872850959,0.313090291936011,0.3860207300644457,0.17616092918044354,0.5612003405949629
71,1.76056338,Netrokona,Kharif 1,27.5,90.0,Kolmi Shak,March,April to Aug,Sep to Oct,125,35,20.0,80,100,,0.638234140226114,0.10201508923383355,0.3422064426038478,0.21042180675129202,0.3702446184726372
147,1.816326531,Nilphamari,Kharif 1,27.5,90.0,Kolmi Shak,March,April to Aug,Sep to Oct,267,35,20.0,80,100,,0.604066391741781,0.2535372808069242,0.5486483070922028,0.1988413332951838,0.446760339331025
175,1.925714286,Noakhali,Kharif 1,27.5,90.0,Kolmi Shak,March,April to Aug,Sep to Oct,337,35,20.0,80,100,55.0,0.4854136963654465,0.2147004189646589,0.4177507491506494,0.16486462042989006,0.4522745592492853
26,1.807692308,Pabna,Kharif 1,27.5,90.0,Kolmi Shak,March,April to Aug,Sep to Oct,47,35,20.0,80,100,,0.5026473561162811,0.3077373300166943,0.42251757952291263,0.11474408351960869,0.4649989728650389
186,1.258064516,Panchagar,Kharif 1,27.5,90.0,Kolmi Shak,March,April to Aug,Sep to Oct,234,35,20.0,80,100,,0.4949864884497696,0.3109626764513986,0.5171154443562651,0.18546635943578177,0.4220167525726432
72,1.180555556,Patuakhali,Kharif 1,27.5,90.0,Kolmi Shak,March,April to Aug,Sep to Oct,85,35,20.0,80,100,,0.3271561678385286,0.2255954354302963,0.4935695825619868,0.1545707053581622,0.2752790517888959
0,#DIV/0!,Pirojpur,Kharif 1,27.5,90.0,Kolmi Shak,March,April to Aug,Sep to Oct,0,35,20.0,80,100,57.0,0.5271361118307798,0.33090820469875537,0.5689410239309609,0.1367956619562095,0.3932548344744789
0,#DIV/0!,Rajbari,Kharif 1,27.5,90.0,Kolmi Shak,March,April to Aug,Sep to Oct,0,35,20.0,80,100,60.0,0.4806919129357807,0.31123612695453573,0.46245153404869815,0.12491126037383062,0.445050413155566
50,1.68,Rajshahi,Kharif 1,27.5,90.0,Kolmi Shak,March,April to Aug,Sep to Oct,84,35,20.0,80,100,65.0,0.4771080227246705,0.30680616991015924,0.3904977265295081,0.12240444790602321,0.4500902862447303
99,2.292929293,Rangamati,Kharif 1,27.5,90.0,Kolmi Shak,March,April to Aug,Sep to Oct,227,35,20.0,80,100,,0.4965180374554424,0.37181924075012984,0.5671301359510404,0.1686898767010739,0.6310743550546144
290,2,Rangpur,Kharif 1,27.5,90.0,Kolmi Shak,March,April to Aug,Sep to Oct,580,35,20.0,80,100,59.0,0.5272187009814302,0.24653759346528306,0.5431476811347895,0.19249302446660657,0.4282935836855661
30,0.8333333333,Satkhira,Kharif 1,27.5,90.0,Kolmi Shak,March,April to Aug,Sep to Oct,25,35,20.0,80,100,59.0,0.4835354065029546,0.22486603275669892,0.4124134270358451,0.13603899379658627,0.416821054986026
32,1.375,Shariatpur,Kharif 1,27.5,90.0,Kolmi Shak,March,April to Aug,Sep to Oct,44,35,20.0,80,100,55.0,0.4511789681561877,0.2602973510799411,0.4214326000383027,0.12578659958558797,0.391216738930908
108,3.157407407,Sherpur,Kharif 1,27.5,90.0,Kolmi Shak,March,April to Aug,Sep to Oct,341,35,20.0,80,100,,0.6297376902178687,0.20874642307968352,0.5023450503179366,0.21035709649956724,0.355035413839545
102,1.705882353,Sirajganj,Kharif 1,27.5,90.0,Kolmi Shak,March,April to Aug,Sep to Oct,174,35,20.0,80,100,,0.4737362339881535,0.17885706805732873,0.3010542563846624,0.13512186004086055,0.3198299670185812
32,1.9375,Sunamganj,Kharif 1,27.5,90.0,Kolmi Shak,March,April to Aug,Sep to Oct,62,35,20.0,80,100,54.0,0.6219959069450288,0.0005836806217832183,0.0388675287511582,0.24767176740922317,0.5312190703372729
60,1.5,Sylhet,Kharif 1,27.5,90.0,Kolmi Shak,March,April to Aug,Sep to Oct,90,35,20.0,80,100,54.0,0.4933672733095434,0.11912980680806325,0.41810031798021796,0.18567487388118223,0.4606201196420315
226,4.026548673,Tangail,Kharif 1,27.5,90.0,Kolmi Shak,March,April to Aug,Sep to Oct,910,35,20.0,80,100,60.0,0.5155877071618177,0.17318184244897197,0.4660683481933595,0.1771759027310888,0.2360260118339428
58,1.189655172,Thakurgaon,Kharif 1,27.5,90.0,Kolmi Shak,March,April to Aug,Sep to Oct,69,35,20.0,80,100,,0.5465011801065398,0.32268169704227967,0.5247897143684177,0.17175612358544057,0.532704520344867
454,1.36123348,Bagerhat,Kharif 1,20.0,80.0,Lady’s Finger,April,May to June,June to Sep,618,30,10.0,75,85,57.0,0.2844793013289463,0.23821166724075277,0.3429688977393489,0.09652733906791956,0.5711876241926808
226,2.362831858,Bandarban,Kharif 1,20.0,80.0,Lady’s Finger,April,May to June,June to Sep,534,30,10.0,75,85,55.0,0.3876779567270571,0.3489265405443429,0.4620997679298378,0.09597395821629838,0.5676824803630925
120,2.025,Barguna,Kharif 1,20.0,80.0,Lady’s Finger,April,May to June,June to Sep,243,30,10.0,75,85,57.0,0.2876097437686987,0.27116132180226765,0.2617423420410953,0.07026541329183024,0.3352139518717137
423,1.628841608,Barishal,Kharif 1,20.0,80.0,Lady’s Finger,April,May to June,June to Sep,689,30,10.0,75,85,,0.3100169088937738,0.2514404809436094,0.2589063855135434,0.06543579575844694,0.43248229774155
307,2.315960912,Bhola,Kharif 1,20.0,80.0,Lady’s Finger,April,May to June,June to Sep,711,30,10.0,75,85,56.0,0.2246323016939531,0.18231466052209355,0.16296817939927807,0.061504792732019586,0.3010654880049462
359,2.883008357,Bogura,Kharif 1,20.0,80.0,Lady’s Finger,April,May to June,June to Sep,1035,30,10.0,75,85,,0.3974557819503149,0.19755007220112336,0.20904663597402867,0.10305708772996514,0.5031143822226227
1047,3.11843362,Brahmanbaria,Kharif 1,20.0,80.0,Lady’s Finger,April,May to June,June to Sep,3265,30,10.0,75,85,54.0,0.4667222562628336,0.14713536984204564,0.17786174836625204,0.13246326670352684,0.6120203918074798
261,1.295019157,Chandpur,Kharif 1,20.0,80.0,Lady’s Finger,April,May to June,June to Sep,338,30,10.0,75,85,,0.2824497786894116,0.22561281766644825,0.2581416747172159,0.04552266392280595,0.4859674573852385
347,1.492795389,Chapai Nawabganj,Kharif 1,20.0,80.0,Lady’s Finger,April,May to June,June to Sep,518,30,10.0,75,85,,0.3377839429676815,0.31962768371188344,0.3292237006651775,0.06116090687191648,0.5329944189746634
1341,1.625652498,Chattogram,Kharif 1,20.0,80.0,Lady’s Finger,April,May to June,June to Sep,2180,30,10.0,75,85,,0.3406132785765541,0.29431979663230645,0.36003462999451047,0.08510041123416215,0.4802903771854044
602,2.99833887,Chuadanga,Kharif 1,20.0,80.0,Lady’s Finger,April,May to June,June to Sep,1805,30,10.0,75,85,,0.4685908909016339,0.36276367419296474,0.3023487071735631,0.11232428939152735,0.6064678529651709
421,2.095011876,CoxsBazar,Kharif 1,20.0,80.0,Lady’s Finger,April,May to June,June to Sep,882,30,10.0,75,85,55.0,0.362233654035479,0.3047962050267161,0.3324663514621032,0.037054695252635696,0.4628693746612334
548,1.888686131,Cumilla,Kharif 1,20.0,80.0,Lady’s Finger,April,May to June,June to Sep,1035,30,10.0,75,85,,0.2799573140061434,0.1999879691820896,0.2900040727070012,0.10481436569311786,0.5910383419566766
779,1.779204108,Dhaka,Kharif 1,20.0,80.0,Lady’s Finger,April,May to June,June to Sep,1386,30,10.0,75,85,,0.2053280197750239,0.2563885672283148,0.24107847042036,0.05695542531058691,0.4340019668066029
577,1.710571924,Dinajpur,Kharif 1,20.0,80.0,Lady’s Finger,April,May to June,June to Sep,987,30,10.0,75,85,,0.3864902076658625,0.22856371601350683,0.20988268083851164,0.12995095219579894,0.5768919544682428
483,1.507246377,Faridpur,Kharif 1,20.0,80.0,Lady’s Finger,April,May to June,June to Sep,728,30,10.0,75,85,,0.1596716045798009,0.39994181135601065,0.2714789233212971,0.1259735887027366,0.5101997893014788
120,1.033333333,Feni,Kharif 1,20.0,80.0,Lady’s Finger,April,May to June,June to Sep,124,30,10.0,75,85,,0.3154547680727988,0.13071191603818355,0.23709407125198265,0.1245259966092435,0.5023790786684436
255,1.823529412,Gaibandha,Kharif 1,20.0,80.0,Lady’s Finger,April,May to June,June to Sep,465,30,10.0,75,85,57.0,0.2560613395709359,0.15613411479308092,0.20329836906641224,0.10998707966426004,0.5052634601391561
305,1.31147541,Gazipur,Kharif 1,20.0,80.0,Lady’s Finger,April,May to June,June to Sep,400,30,10.0,75,85,,0.3013299480303391,0.1872312582202506,0.21509494278868654,0.11410875475355643,0.5111937838721802
209,1.196172249,Gopalganj,Kharif 1,20.0,80.0,Lady’s Finger,April,May to June,June to Sep,250,30,10.0,75,85,56.0,0.365624571223079,0.37853873669257804,0.39025460524338434,0.04790497411059209,0.6330877335678394
255,1.717647059,Habiganj,Kharif 1,20.0,80.0,Lady’s Finger,April,May to June,June to Sep,438,30,10.0,75,85,,0.4094105700184439,0.17952594311991696,0.19529209084490703,0.09611588037418557,0.6014605348999472
604,1.740066225,Jamalpur,Kharif 1,20.0,80.0,Lady’s Finger,April,May to June,June to Sep,1051,30,10.0,75,85,,0.2203033803902141,0.14585569043553986,0.16955802522658908,0.06893569815470343,0.5278123755787749
943,3.20678685,Jashore,Kharif 1,20.0,80.0,Lady’s Finger,April,May to June,June to Sep,3024,30,10.0,75,85,,0.5094016354846946,0.29320289273392114,0.2912763909727575,0.11212784760254979,0.6067794453589154
273,1.838827839,Jhallokati,Kharif 1,20.0,80.0,Lady’s Finger,April,May to June,June to Sep,502,30,10.0,75,85,,0.3844964290526782,0.3832702825917831,0.3690322274616547,0.08652565584632735,0.5179106140943847
533,2.82739212,Jhenaidah,Kharif 1,20.0,80.0,Lady’s Finger,April,May to June,June to Sep,1507,30,10.0,75,85,,0.4932941383053687,0.36160886986069957,0.3116460183597643,0.08413903080496142,0.6072717913709762
185,2.448648649,Joypurhat,Kharif 1,20.0,80.0,Lady’s Finger,April,May to June,June to Sep,453,30,10.0,75,85,64.0,0.5481632788078854,0.2640058666780035,0.2153012581281194,0.15922385115313176,0.4871203122169448
546,1.875457875,Khagrachari,Kharif 1,20.0,80.0,Lady’s Finger,April,May to June,June to Sep,1024,30,10.0,75,85,54.0,0.3194542381207939,0.2982449844658541,0.40956056219940956,0.12358960593116976,0.5737845474176946
351,1.521367521,Khulna,Kharif 1,20.0,80.0,Lady’s Finger,April,May to June,June to Sep,534,30,10.0,75,85,59.0,0.2547487058378869,0.2244823362513543,0.2798425506775256,0.06868237597519183,0.4979323952822052
361,2.831024931,Kishoreganj,Kharif 1,20.0,80.0,Lady’s Finger,April,May to June,June to Sep,1022,30,10.0,75,85,,0.3676092519986164,0.0497891676156948,0.024761249053871226,0.14145263867287924,0.6380676429483706
434,1.744239631,Kurigram,Kharif 1,20.0,80.0,Lady’s Finger,April,May to June,June to Sep,757,30,10.0,75,85,,0.2226332627293874,0.14877846252313195,0.19002199126508879,0.09741361097963244,0.4446969686649252
653,4.457886677,Kushtia,Kharif 1,20.0,80.0,Lady’s Finger,April,May to June,June to Sep,2911,30,10.0,75,85,,0.3702999720630754,0.32711548972047777,0.3069986183627147,0.04216782385074709,0.5026391517689011
642,3.199376947,Lakshmipur,Kharif 1,20.0,80.0,Lady’s Finger,April,May to June,June to Sep,2054,30,10.0,75,85,56.0,0.3561816998129432,0.17477340416655374,0.18865178573724434,0.07644286541111134,0.4099483108021562
316,2.212025316,Lalmonirhat,Kharif 1,20.0,80.0,Lady’s Finger,April,May to June,June to Sep,699,30,10.0,75,85,,0.4065448627465945,0.23632967753457296,0.26432549515030423,0.12020877931074382,0.5685270716402814
275,3.181818182,Madaripur,Kharif 1,20.0,80.0,Lady’s Finger,April,May to June,June to Sep,875,30,10.0,75,85,56.0,0.145892769350381,0.377961946544483,0.32551226986161047,0.10161114008586483,0.5126870864671587
129,2.635658915,Magura,Kharif 1,20.0,80.0,Lady’s Finger,April,May to June,June to Sep,340,30,10.0,75,85,61.0,0.3516332543736697,0.40722656869241836,0.3008527100349977,0.08843362434473914,0.5805999045721482
372,3.333333333,Manikganj,Kharif 1,20.0,80.0,Lady’s Finger,April,May to June,June to Sep,1240,30,10.0,75,85,,0.238108560268593,0.24720458393419378,0.24600868939411433,0.0934533500478843,0.4337041495265221
272,3.455882353,Meherpur,Kharif 1,20.0,80.0,Lady’s Finger,April,May to June,June to Sep,940,30,10.0,75,85,65.0,0.4240959983858737,0.4221931051539885,0.3194021449121258,0.11685676760940232,0.5708640413836734
303,1.330033003,Moulvibazar,Kharif 1,20.0,80.0,Lady’s Finger,April,May to June,June to Sep,403,30,10.0,75,85,,0.3772511111134909,0.2572873713642924,0.3142722755465907,0.07540975322964098,0.5076200516171026
496,3.377016129,Munshiganj,Kharif 1,20.0,80.0,Lady’s Finger,April,May to June,June to Sep,1675,30,10.0,75,85,,0.1254731884929805,0.3433845340092073,0.267037201202705,0.10675632611705946,0.4965979715632833
1105,2.014479638,Mymensingh,Kharif 1,20.0,80.0,Lady’s Finger,April,May to June,June to Sep,2226,30,10.0,75,85,,0.2792620099084889,0.16549035136484702,0.2626118924010095,0.13280126504619552,0.5686833849186683
427,1.826697892,Naogaon,Kharif 1,20.0,80.0,Lady’s Finger,April,May to June,June to Sep,780,30,10.0,75,85,,0.3353748718633925,0.1844140075562247,0.2616034403582208,0.07202419039728888,0.6201124466265265
324,3.475308642,Narail,Kharif 1,20.0,80.0,Lady’s Finger,April,May to June,June to Sep,1126,30,10.0,75,85,58.0,0.3408352502702987,0.3334808441608475,0.30754578829873686,0.04770552573231721,0.574803629810534
428,1.679906542,Narayanganj,Kharif 1,20.0,80.0,Lady’s Finger,April,May to June,June to Sep,719,30,10.0,75,85,,0.2542342797497706,0.25533158478047113,0.26967078998658056,0.05657266956781543,0.4347229780450177
332,2.271084337,Narsingdi,Kharif 1,20.0,80.0,Lady’s Finger,April,May to June,June to Sep,754,30,10.0,75,85,,0.3744952593367734,0.17808955068401178,0.2650149435937448,0.12561934756031712,0.5675183682230315
666,1.238738739,Natore,Kharif 1,20.0,80.0,Lady’s Finger,April,May to June,June to Sep,825,30,10.0,75,85,,0.3938140226589006,0.2620114159492514,0.2580680437723036,0.09743780348708306,0.6157551872850959
410,2.546341463,Netrokona,Kharif 1,20.0,80.0,Lady’s Finger,April,May to June,June to Sep,1044,30,10.0,75,85,,0.2180584018053236,0.0420775126310378,0.11874505730976767,0.11625615090650858,0.638234140226114
226,2.411504425,Nilphamari,Kharif 1,20.0,80.0,Lady’s Finger,April,May to June,June to Sep,545,30,10.0,75,85,,0.348037858697919,0.26419497872055836,0.24325792285564812,0.14043379020775468,0.604066391741781
330,2.475757576,Noakhali,Kharif 1,20.0,80.0,Lady’s Finger,April,May to June,June to Sep,817,30,10.0,75,85,55.0,0.3485228861940609,0.1391844650169115,0.2050691093430485,0.09436180637065189,0.4854136963654465
1055,2.15450237,Pabna,Kharif 1,20.0,80.0,Lady’s Finger,April,May to June,June to Sep,2273,30,10.0,75,85,,0.3016887841086959,0.31963060564251367,0.3001008254018084,0.029556653273320962,0.5026473561162811
490,2.953061224,Panchagar,Kharif 1,20.0,80.0,Lady’s Finger,April,May to June,June to Sep,1447,30,10.0,75,85,,0.20279912294809,0.3708939902630439,0.2814295473143338,0.13383542248084038,0.4949864884497696
117,1.666666667,Patuakhali,Kharif 1,20.0,80.0,Lady’s Finger,April,May to June,June to Sep,195,30,10.0,75,85,,0.2365474556695895,0.2601487188468026,0.2304817487535331,0.09813046377722896,0.3271561678385286
217,1.31797235,Pirojpur,Kharif 1,20.0,80.0,Lady’s Finger,April,May to June,June to Sep,286,30,10.0,75,85,57.0,0.3392577304779658,0.33380299954040826,0.34632203439129045,0.08289255042463965,0.5271361118307798
761,4.403416557,Rajbari,Kharif 1,20.0,80.0,Lady’s Finger,April,May to June,June to Sep,3351,30,10.0,75,85,60.0,0.2441449981923793,0.3951758699362987,0.3080451575814695,0.08234471427858168,0.4806919129357807
646,3.417956656,Rajshahi,Kharif 1,20.0,80.0,Lady’s Finger,April,May to June,June to Sep,2208,30,10.0,75,85,65.0,0.39139088167786,0.26227361695514334,0.2862570352184748,0.06744569876917561,0.4771080227246705
542,1.477859779,Rangamati,Kharif 1,20.0,80.0,Lady’s Finger,April,May to June,June to Sep,801,30,10.0,75,85,,0.2740115169357396,0.28927677038202404,0.4426520698006685,0.13462555194804712,0.4965180374554424
441,1.675736961,Rangpur,Kharif 1,20.0,80.0,Lady’s Finger,April,May to June,June to Sep,739,30,10.0,75,85,59.0,0.2902257990630829,0.22350516417723068,0.2385397175102795,0.13296056173668588,0.5272187009814302
781,2.733674776,Satkhira,Kharif 1,20.0,80.0,Lady’s Finger,April,May to June,June to Sep,2135,30,10.0,75,85,59.0,0.2721199083647258,0.1719773852238656,0.23079143543522146,0.06214813940375307,0.4835354065029546
233,5.055793991,Shariatpur,Kharif 1,20.0,80.0,Lady’s Finger,April,May to June,June to Sep,1178,30,10.0,75,85,55.0,0.0925735314905069,0.33257239063651617,0.3015550413765905,0.09624101638529618,0.4511789681561877
680,2.517647059,Sherpur,Kharif 1,20.0,80.0,Lady’s Finger,April,May to June,June to Sep,1712,30,10.0,75,85,,0.2678615620118689,0.1403522952946647,0.22245762562753027,0.10036341982441595,0.6297376902178687
484,1.564049587,Sirajganj,Kharif 1,20.0,80.0,Lady’s Finger,April,May to June,June to Sep,757,30,10.0,75,85,,0.2438028677727265,0.14642068005369024,0.16679911338724457,0.05248963384465654,0.4737362339881535
424,2.891509434,Sunamganj,Kharif 1,20.0,80.0,Lady’s Finger,April,May to June,June to Sep,1226,30,10.0,75,85,54.0,0.2385902396757943,-0.09552312439198965,-0.059011045164603815,0.14078413280179883,0.6219959069450288
248,1.076612903,Sylhet,Kharif 1,20.0,80.0,Lady’s Finger,April,May to June,June to Sep,267,30,10.0,75,85,54.0,0.2401914716423759,0.02150825469127325,0.17780456475807963,0.13644706949370858,0.4933672733095434
1138,1.98857645,Tangail,Kharif 1,20.0,80.0,Lady’s Finger,April,May to June,June to Sep,2263,30,10.0,75,85,60.0,0.2191926340496671,0.1639700701026119,0.19663690900327246,0.07319283876232816,0.5155877071618177
480,1.908333333,Thakurgaon,Kharif 1,20.0,80.0,Lady’s Finger,April,May to June,June to Sep,916,30,10.0,75,85,,0.373304905125753,0.32232082647768107,0.2793518290827821,0.11797018885304703,0.5465011801065398
559,1.516994633,Bagerhat,Rabi,20.0,75.0,Lal Shak,Sep,Oct to Nov,Nov to Feb,848,25,15.0,70,80,57.0,0.4868351131875976,0.5882284160001774,0.5243834733222952,0.0600756191077152,0.36797252036576
190,2.284210526,Bandarban,Rabi,20.0,75.0,Lal Shak,Sep,Oct to Nov,Nov to Feb,434,25,15.0,70,80,55.0,0.3862715233777672,0.7533228139476352,0.744352203881547,0.14957922973084498,0.4875178800779642
238,1.62605042,Barguna,Rabi,20.0,75.0,Lal Shak,Sep,Oct to Nov,Nov to Feb,387,25,15.0,70,80,57.0,0.3310758402525957,0.6295783482868076,0.44434862256962204,0.15327201114276157,0.1725115850101264
761,1.534822602,Barishal,Rabi,20.0,75.0,Lal Shak,Sep,Oct to Nov,Nov to Feb,1168,25,15.0,70,80,,0.3272113771710582,0.5359360593308673,0.36214359853163525,0.12258981140000894,0.1904844619362955
439,1.633257403,Bhola,Rabi,20.0,75.0,Lal Shak,Sep,Oct to Nov,Nov to Feb,717,25,15.0,70,80,56.0,0.2334659055742139,0.42552313382244644,0.2879101361834229,0.0975144306158075,0.0628187267415414
357,1.81512605,Bogura,Rabi,20.0,75.0,Lal Shak,Sep,Oct to Nov,Nov to Feb,648,25,15.0,70,80,,0.2859644007903595,0.5455028091788862,0.37608475650527673,0.12436663504374781,0.1458454463723086
720,1.790277778,Brahmanbaria,Rabi,20.0,75.0,Lal Shak,Sep,Oct to Nov,Nov to Feb,1289,25,15.0,70,80,54.0,0.2430711904191838,0.4508113321926305,0.3725155419594808,0.08952558580036515,0.2231572914897405
466,1.9527897,Chandpur,Rabi,20.0,75.0,Lal Shak,Sep,Oct to Nov,Nov to Feb,910,25,15.0,70,80,,0.2851182395817753,0.5191149771207633,0.40304406971487505,0.1011169970318197,0.2156911286424974
358,1.972067039,Chapai Nawabganj,Rabi,20.0,75.0,Lal Shak,Sep,Oct to Nov,Nov to Feb,706,25,15.0,70,80,,0.2346338663805179,0.5330514302791302,0.42499345584228587,0.11514517273009026,0.3933928204975689
1105,1.81719457,Chattogram,Rabi,20.0,75.0,Lal Shak,Sep,Oct to Nov,Nov to Feb,2008,25,15.0,70,80,,0.4368271330834088,0.6527109206138317,0.5547620601296177,0.08578184782860372,0.2472074271527324
503,2.252485089,Chuadanga,Rabi,20.0,75.0,Lal Shak,Sep,Oct to Nov,Nov to Feb,1133,25,15.0,70,80,,0.1390385944438268,0.5920029587467861,0.530795223861912,0.17675483652412544,0.4048532779091586
188,2.79787234,CoxsBazar,Rabi,20.0,75.0,Lal Shak,Sep,Oct to Nov,Nov to Feb,526,25,15.0,70,80,55.0,0.2866525849958106,0.5551085791222257,0.4799159794447154,0.1010120812725795,0.3524293584290747
1293,2.174787316,Cumilla,Rabi,20.0,75.0,Lal Shak,Sep,Oct to Nov,Nov to Feb,2812,25,15.0,70,80,,0.3487596083130284,0.6296296128858516,0.47288326219807086,0.124751240532614,0.2342026799041616
704,4.96875,Dhaka,Rabi,20.0,75.0,Lal Shak,Sep,Oct to Nov,Nov to Feb,3498,25,15.0,70,80,,0.3278518747499494,0.4419526728819363,0.3836949782943288,0.05167178173736275,0.1617085368810471
427,1.43559719,Dinajpur,Rabi,20.0,75.0,Lal Shak,Sep,Oct to Nov,Nov to Feb,613,25,15.0,70,80,,0.3510443820127166,0.6151530584814315,0.3911597113971651,0.15286004864746117,0.2318182627073085
261,2.095785441,Faridpur,Rabi,20.0,75.0,Lal Shak,Sep,Oct to Nov,Nov to Feb,547,25,15.0,70,80,,0.3607017999141199,0.5501419688785333,0.44518592128585815,0.08851332268215635,0.2343987436039652
527,1.89373814,Feni,Rabi,20.0,75.0,Lal Shak,Sep,Oct to Nov,Nov to Feb,998,25,15.0,70,80,,0.3828643827818602,0.6716366232136054,0.48758637237988467,0.1330775879277983,0.1727512973903106
315,1.412698413,Gaibandha,Rabi,20.0,75.0,Lal Shak,Sep,Oct to Nov,Nov to Feb,445,25,15.0,70,80,57.0,0.3094345807109266,0.49585139273699097,0.3279281627858769,0.11482816862634032,0.1862351151714448
336,1.485119048,Gazipur,Rabi,20.0,75.0,Lal Shak,Sep,Oct to Nov,Nov to Feb,499,25,15.0,70,80,,0.3255431189635358,0.5787632081559548,0.4732693412258707,0.11814325466447691,0.0798820916389187
287,2.069686411,Gopalganj,Rabi,20.0,75.0,Lal Shak,Sep,Oct to Nov,Nov to Feb,594,25,15.0,70,80,56.0,0.4792702295360826,0.634878252548432,0.4860170443297757,0.10319659943420882,0.373290152738146
253,1.786561265,Habiganj,Rabi,20.0,75.0,Lal Shak,Sep,Oct to Nov,Nov to Feb,452,25,15.0,70,80,,0.2399103651205681,0.474586295954621,0.380709338803105,0.11539182012690825,0.1548294209765824
845,1.821301775,Jamalpur,Rabi,20.0,75.0,Lal Shak,Sep,Oct to Nov,Nov to Feb,1539,25,15.0,70,80,,0.1827577072035731,0.5422315967741,0.4118705610377037,0.13871592092489862,0.1648097082920677
1123,2.310774711,Jashore,Rabi,20.0,75.0,Lal Shak,Sep,Oct to Nov,Nov to Feb,2595,25,15.0,70,80,,0.3838945484874524,0.639475594532344,0.4773143652186135,0.11922140056187576,0.3289696423116384
487,1.176591376,Jhallokati,Rabi,20.0,75.0,Lal Shak,Sep,Oct to Nov,Nov to Feb,573,25,15.0,70,80,,0.4988607970006209,0.7198933997922468,0.5298162543299618,0.14329377875522473,0.2577418454737988
729,2.288065844,Jhenaidah,Rabi,20.0,75.0,Lal Shak,Sep,Oct to Nov,Nov to Feb,1668,25,15.0,70,80,,0.3220885598782582,0.6647268463484598,0.4819779212865072,0.1524244195192417,0.3584825905341126
198,2.04040404,Joypurhat,Rabi,20.0,75.0,Lal Shak,Sep,Oct to Nov,Nov to Feb,404,25,15.0,70,80,64.0,0.3194107068979877,0.5950217742336867,0.4072936757341328,0.14463697659651806,0.1340678993163834
363,1.889807163,Khagrachari,Rabi,20.0,75.0,Lal Shak,Sep,Oct to Nov,Nov to Feb,686,25,15.0,70,80,54.0,0.3382196284333821,0.7848913450164663,0.7179180016132212,0.16959184566412666,0.5047117029912593
502,1.639442231,Khulna,Rabi,20.0,75.0,Lal Shak,Sep,Oct to Nov,Nov to Feb,823,25,15.0,70,80,59.0,0.4016941680534377,0.5660389075363019,0.4683267466424762,0.07516814858957135,0.2743240682666131
365,1.690410959,Kishoreganj,Rabi,20.0,75.0,Lal Shak,Sep,Oct to Nov,Nov to Feb,617,25,15.0,70,80,,0.0508200478358936,0.26898603541189864,0.3386475703447491,0.1282511547809467,0.0352614250669803
394,1.870558376,Kurigram,Rabi,20.0,75.0,Lal Shak,Sep,Oct to Nov,Nov to Feb,737,25,15.0,70,80,,0.339929306221639,0.4728247890535322,0.3272284530216492,0.0937100764967085,0.1600381274417598
629,3.162162162,Kushtia,Rabi,20.0,75.0,Lal Shak,Sep,Oct to Nov,Nov to Feb,1989,25,15.0,70,80,,0.2595401427302436,0.5681432950382206,0.44984907288415454,0.13246111615345785,0.301738590217574
530,1.279245283,Lakshmipur,Rabi,20.0,75.0,Lal Shak,Sep,Oct to Nov,Nov to Feb,678,25,15.0,70,80,56.0,0.2352361031462211,0.5311045899415561,0.39009665631874296,0.13037176969609657,0.1735118910859101
387,1.84754522,Lalmonirhat,Rabi,20.0,75.0,Lal Shak,Sep,Oct to Nov,Nov to Feb,715,25,15.0,70,80,,0.4453238905714439,0.5250700446171314,0.41050848936043094,0.0959878686913291,0.2845360775211245
481,1.85031185,Madaripur,Rabi,20.0,75.0,Lal Shak,Sep,Oct to Nov,Nov to Feb,890,25,15.0,70,80,56.0,0.4063651096234308,0.5475220759724164,0.4390723314414899,0.07410296980832386,0.2382060091531424
118,2.033898305,Magura,Rabi,20.0,75.0,Lal Shak,Sep,Oct to Nov,Nov to Feb,240,25,15.0,70,80,61.0,0.3522418035026976,0.6369070912458994,0.4617642500312002,0.13435478454074143,0.2250636941149401
278,1.755395683,Manikganj,Rabi,20.0,75.0,Lal Shak,Sep,Oct to Nov,Nov to Feb,488,25,15.0,70,80,,0.4114178092969235,0.4189623245242361,0.35659875113743067,0.08846588136135812,0.1812878463667706
244,4.028688525,Meherpur,Rabi,20.0,75.0,Lal Shak,Sep,Oct to Nov,Nov to Feb,983,25,15.0,70,80,65.0,0.1259660232378597,0.6165908187383873,0.5507296743933876,0.1966232802777951,0.3930040447526618
560,2.005357143,Moulvibazar,Rabi,20.0,75.0,Lal Shak,Sep,Oct to Nov,Nov to Feb,1123,25,15.0,70,80,,0.4082711888182118,0.5640610426266464,0.4952625887749301,0.08606855415697863,0.2298372609953658
414,2.299516908,Munshiganj,Rabi,20.0,75.0,Lal Shak,Sep,Oct to Nov,Nov to Feb,952,25,15.0,70,80,,0.31340565567292,0.464374213417013,0.4108646144821177,0.08836744355197203,0.1325143943009333
729,2.368998628,Mymensingh,Rabi,20.0,75.0,Lal Shak,Sep,Oct to Nov,Nov to Feb,1727,25,15.0,70,80,,0.4943108635282229,0.637907786614784,0.3882912054103752,0.165605437803241,0.1389876607018474
535,1.794392523,Naogaon,Rabi,20.0,75.0,Lal Shak,Sep,Oct to Nov,Nov to Feb,960,25,15.0,70,80,,0.3298349904608932,0.5854784383918903,0.37773799219078585,0.14010775701142766,0.2610506888737964
390,1.905128205,Narail,Rabi,20.0,75.0,Lal Shak,Sep,Oct to Nov,Nov to Feb,743,25,15.0,70,80,58.0,0.3795905639419704,0.5939820177149888,0.455960701104157,0.10284030525116103,0.294056796049288
560,1.982142857,Narayanganj,Rabi,20.0,75.0,Lal Shak,Sep,Oct to Nov,Nov to Feb,1110,25,15.0,70,80,,0.3114359236632746,0.43586028165480334,0.38593309453047764,0.06493029332406818,0.2055703158072168
257,1.260700389,Narsingdi,Rabi,20.0,75.0,Lal Shak,Sep,Oct to Nov,Nov to Feb,324,25,15.0,70,80,,0.3858671860931894,0.5017529285584508,0.46270852562311826,0.08045380080086686,0.2212477349859281
513,1.980506823,Natore,Rabi,20.0,75.0,Lal Shak,Sep,Oct to Nov,Nov to Feb,1016,25,15.0,70,80,,0.1449640755138761,0.5726839075498764,0.4518419278448418,0.17572394005350533,0.2497972959779298
187,2.122994652,Netrokona,Rabi,20.0,75.0,Lal Shak,Sep,Oct to Nov,Nov to Feb,397,25,15.0,70,80,,0.3045873133388933,0.4185181682105523,0.3455465298918347,0.076400423318619,0.1097388440365386
290,2.031034483,Nilphamari,Rabi,20.0,75.0,Lal Shak,Sep,Oct to Nov,Nov to Feb,589,25,15.0,70,80,,0.4439194600915765,0.5681980322894549,0.4001738974168444,0.11750308575111662,0.2971558927059972
583,1.231560892,Noakhali,Rabi,20.0,75.0,Lal Shak,Sep,Oct to Nov,Nov to Feb,718,25,15.0,70,80,55.0,0.2611398897351406,0.593246536432527,0.466963963803802,0.13016265445927308,0.1463623264955313
620,2.472580645,Pabna,Rabi,20.0,75.0,Lal Shak,Sep,Oct to Nov,Nov to Feb,1533,25,15.0,70,80,,0.2688296958156423,0.5350479423929272,0.4451329779112825,0.10397443755295822,0.2655064359584098
534,1.754681648,Panchagar,Rabi,20.0,75.0,Lal Shak,Sep,Oct to Nov,Nov to Feb,937,25,15.0,70,80,,0.3210316931496211,0.5995115912185576,0.38705334249247575,0.1560949585042316,0.369401739785313
156,0.858974359,Patuakhali,Rabi,20.0,75.0,Lal Shak,Sep,Oct to Nov,Nov to Feb,134,25,15.0,70,80,,0.3662096619113779,0.6319593098126016,0.4039949355168449,0.1590359214163434,0.1003055359864112
336,1.014880952,Pirojpur,Rabi,20.0,75.0,Lal Shak,Sep,Oct to Nov,Nov to Feb,341,25,15.0,70,80,57.0,0.4734452905350293,0.6805164008050582,0.5081544643188036,0.12870401817940916,0.2624382760227538
780,3.966666667,Rajbari,Rabi,20.0,75.0,Lal Shak,Sep,Oct to Nov,Nov to Feb,3094,25,15.0,70,80,60.0,0.3411103169038733,0.525152679345201,0.4043405915974824,0.09745728025973632,0.1969779583846395
1364,2.500733138,Rajshahi,Rabi,20.0,75.0,Lal Shak,Sep,Oct to Nov,Nov to Feb,3411,25,15.0,70,80,65.0,0.2171911759580277,0.5138256543080548,0.40385404364101596,0.1208369936348942,0.3234410436367065
294,1.258503401,Rangamati,Rabi,20.0,75.0,Lal Shak,Sep,Oct to Nov,Nov to Feb,370,25,15.0,70,80,,0.407467011061289,0.742009131728648,0.6904436775533455,0.1261677508697965,0.3966247743805545
980,1.535714286,Rangpur,Rabi,20.0,75.0,Lal Shak,Sep,Oct to Nov,Nov to Feb,1505,25,15.0,70,80,59.0,0.4118453959149274,0.614798190329755,0.3958322423370637,0.14713970979522997,0.2587256418101652
760,2.005263158,Satkhira,Rabi,20.0,75.0,Lal Shak,Sep,Oct to Nov,Nov to Feb,1524,25,15.0,70,80,59.0,0.2954937434231568,0.5121465634308355,0.4350327710263543,0.08102957454291844,0.2608332964740397
179,3.016759777,Shariatpur,Rabi,20.0,75.0,Lal Shak,Sep,Oct to Nov,Nov to Feb,540,25,15.0,70,80,55.0,0.337774879445382,0.4827680072115317,0.3963210105562512,0.06487220628435623,0.3060714061064356
364,2.046703297,Sherpur,Rabi,20.0,75.0,Lal Shak,Sep,Oct to Nov,Nov to Feb,745,25,15.0,70,80,,0.3417866673453712,0.6335137894887513,0.41404618041021135,0.15468607485541516,0.2004443254985731
463,2.103671706,Sirajganj,Rabi,20.0,75.0,Lal Shak,Sep,Oct to Nov,Nov to Feb,974,25,15.0,70,80,,0.1714208140792081,0.40698004370146057,0.34625433107190007,0.08798901245943389,0.1185287326216384
483,2.991718427,Sunamganj,Rabi,20.0,75.0,Lal Shak,Sep,Oct to Nov,Nov to Feb,1445,25,15.0,70,80,54.0,0.0062517479924633,0.12540589461366486,0.31027128029930723,0.18561055307730134,0.0096036979545399
460,1.310869565,Sylhet,Rabi,20.0,75.0,Lal Shak,Sep,Oct to Nov,Nov to Feb,603,25,15.0,70,80,54.0,0.3776845712197997,0.49933292760915504,0.44787279745620107,0.06487161055072742,0.1775812226237738
486,1.927983539,Tangail,Rabi,20.0,75.0,Lal Shak,Sep,Oct to Nov,Nov to Feb,937,25,15.0,70,80,60.0,0.3358840930816195,0.5731450613279228,0.40038182021930835,0.13514905080019882,0.1591988119601507
426,1.70657277,Thakurgaon,Rabi,20.0,75.0,Lal Shak,Sep,Oct to Nov,Nov to Feb,727,25,15.0,70,80,,0.3582324259138552,0.5674280359888155,0.43211607649427575,0.13420462185402543,0.3826151757848311
611,1.139116203,Bagerhat,Rabi,20.0,80.0,Laushak,Sep,Oct to Nov,Nov to Feb,696,25,15.0,70,90,57.0,0.4868351131875976,0.5882284160001774,0.5243834733222952,0.0600756191077152,0.36797252036576
182,1.098901099,Bandarban,Rabi,20.0,80.0,Laushak,Sep,Oct to Nov,Nov to Feb,200,25,15.0,70,90,55.0,0.3862715233777672,0.7533228139476352,0.744352203881547,0.14957922973084498,0.4875178800779642
227,1.105726872,Barguna,Rabi,20.0,80.0,Laushak,Sep,Oct to Nov,Nov to Feb,251,25,15.0,70,90,57.0,0.3310758402525957,0.6295783482868076,0.44434862256962204,0.15327201114276157,0.1725115850101264
941,1.339001063,Barishal,Rabi,20.0,80.0,Laushak,Sep,Oct to Nov,Nov to Feb,1260,25,15.0,70,90,,0.3272113771710582,0.5359360593308673,0.36214359853163525,0.12258981140000894,0.1904844619362955
452,2.880530973,Bhola,Rabi,20.0,80.0,Laushak,Sep,Oct to Nov,Nov to Feb,1302,25,15.0,70,90,56.0,0.2334659055742139,0.42552313382244644,0.2879101361834229,0.0975144306158075,0.0628187267415414
168,1.678571429,Bogura,Rabi,20.0,80.0,Laushak,Sep,Oct to Nov,Nov to Feb,282,25,15.0,70,90,,0.2859644007903595,0.5455028091788862,0.37608475650527673,0.12436663504374781,0.1458454463723086
246,1.317073171,Brahmanbaria,Rabi,20.0,80.0,Laushak,Sep,Oct to Nov,Nov to Feb,324,25,15.0,70,90,54.0,0.2430711904191838,0.4508113321926305,0.3725155419594808,0.08952558580036515,0.2231572914897405
553,0.9403254973,Chandpur,Rabi,20.0,80.0,Laushak,Sep,Oct to Nov,Nov to Feb,520,25,15.0,70,90,,0.2851182395817753,0.5191149771207633,0.40304406971487505,0.1011169970318197,0.2156911286424974
5,0.6,Chapai Nawabganj,Rabi,20.0,80.0,Laushak,Sep,Oct to Nov,Nov to Feb,3,25,15.0,70,90,,0.2346338663805179,0.5330514302791302,0.42499345584228587,0.11514517273009026,0.3933928204975689
288,2.208333333,Chattogram,Rabi,20.0,80.0,Laushak,Sep,Oct to Nov,Nov to Feb,636,25,15.0,70,90,,0.4368271330834088,0.6527109206138317,0.5547620601296177,0.08578184782860372,0.2472074271527324
44,3.409090909,Chuadanga,Rabi,20.0,80.0,Laushak,Sep,Oct to Nov,Nov to Feb,150,25,15.0,70,90,,0.1390385944438268,0.5920029587467861,0.530795223861912,0.17675483652412544,0.4048532779091586
120,1.116666667,CoxsBazar,Rabi,20.0,80.0,Laushak,Sep,Oct to Nov,Nov to Feb,134,25,15.0,70,90,55.0,0.2866525849958106,0.5551085791222257,0.4799159794447154,0.1010120812725795,0.3524293584290747
667,2.026986507,Cumilla,Rabi,20.0,80.0,Laushak,Sep,Oct to Nov,Nov to Feb,1352,25,15.0,70,90,,0.3487596083130284,0.6296296128858516,0.47288326219807086,0.124751240532614,0.2342026799041616
628,3.621019108,Dhaka,Rabi,20.0,80.0,Laushak,Sep,Oct to Nov,Nov to Feb,2274,25,15.0,70,90,,0.3278518747499494,0.4419526728819363,0.3836949782943288,0.05167178173736275,0.1617085368810471
209,1.578947368,Dinajpur,Rabi,20.0,80.0,Laushak,Sep,Oct to Nov,Nov to Feb,330,25,15.0,70,90,,0.3510443820127166,0.6151530584814315,0.3911597113971651,0.15286004864746117,0.2318182627073085
161,1.242236025,Faridpur,Rabi,20.0,80.0,Laushak,Sep,Oct to Nov,Nov to Feb,200,25,15.0,70,90,,0.3607017999141199,0.5501419688785333,0.44518592128585815,0.08851332268215635,0.2343987436039652
111,1.261261261,Feni,Rabi,20.0,80.0,Laushak,Sep,Oct to Nov,Nov to Feb,140,25,15.0,70,90,,0.3828643827818602,0.6716366232136054,0.48758637237988467,0.1330775879277983,0.1727512973903106
280,1.464285714,Gaibandha,Rabi,20.0,80.0,Laushak,Sep,Oct to Nov,Nov to Feb,410,25,15.0,70,90,57.0,0.3094345807109266,0.49585139273699097,0.3279281627858769,0.11482816862634032,0.1862351151714448
318,1.823899371,Gazipur,Rabi,20.0,80.0,Laushak,Sep,Oct to Nov,Nov to Feb,580,25,15.0,70,90,,0.3255431189635358,0.5787632081559548,0.4732693412258707,0.11814325466447691,0.0798820916389187
319,1.912225705,Gopalganj,Rabi,20.0,80.0,Laushak,Sep,Oct to Nov,Nov to Feb,610,25,15.0,70,90,56.0,0.4792702295360826,0.634878252548432,0.4860170443297757,0.10319659943420882,0.373290152738146
64,1.59375,Habiganj,Rabi,20.0,80.0,Laushak,Sep,Oct to Nov,Nov to Feb,102,25,15.0,70,90,,0.2399103651205681,0.474586295954621,0.380709338803105,0.11539182012690825,0.1548294209765824
667,2.775112444,Jamalpur,Rabi,20.0,80.0,Laushak,Sep,Oct to Nov,Nov to Feb,1851,25,15.0,70,90,,0.1827577072035731,0.5422315967741,0.4118705610377037,0.13871592092489862,0.1648097082920677
180,2.527777778,Jashore,Rabi,20.0,80.0,Laushak,Sep,Oct to Nov,Nov to Feb,455,25,15.0,70,90,,0.3838945484874524,0.639475594532344,0.4773143652186135,0.11922140056187576,0.3289696423116384
350,3.56,Jhallokati,Rabi,20.0,80.0,Laushak,Sep,Oct to Nov,Nov to Feb,1246,25,15.0,70,90,,0.4988607970006209,0.7198933997922468,0.5298162543299618,0.14329377875522473,0.2577418454737988
188,2.015957447,Jhenaidah,Rabi,20.0,80.0,Laushak,Sep,Oct to Nov,Nov to Feb,379,25,15.0,70,90,,0.3220885598782582,0.6647268463484598,0.4819779212865072,0.1524244195192417,0.3584825905341126
23,1.782608696,Joypurhat,Rabi,20.0,80.0,Laushak,Sep,Oct to Nov,Nov to Feb,41,25,15.0,70,90,64.0,0.3194107068979877,0.5950217742336867,0.4072936757341328,0.14463697659651806,0.1340678993163834
433,1.240184758,Khagrachari,Rabi,20.0,80.0,Laushak,Sep,Oct to Nov,Nov to Feb,537,25,15.0,70,90,54.0,0.3382196284333821,0.7848913450164663,0.7179180016132212,0.16959184566412666,0.5047117029912593
243,1.613168724,Khulna,Rabi,20.0,80.0,Laushak,Sep,Oct to Nov,Nov to Feb,392,25,15.0,70,90,59.0,0.4016941680534377,0.5660389075363019,0.4683267466424762,0.07516814858957135,0.2743240682666131
146,1.602739726,Kishoreganj,Rabi,20.0,80.0,Laushak,Sep,Oct to Nov,Nov to Feb,234,25,15.0,70,90,,0.0508200478358936,0.26898603541189864,0.3386475703447491,0.1282511547809467,0.0352614250669803
363,2.482093664,Kurigram,Rabi,20.0,80.0,Laushak,Sep,Oct to Nov,Nov to Feb,901,25,15.0,70,90,,0.339929306221639,0.4728247890535322,0.3272284530216492,0.0937100764967085,0.1600381274417598
25,2.2,Kushtia,Rabi,20.0,80.0,Laushak,Sep,Oct to Nov,Nov to Feb,55,25,15.0,70,90,,0.2595401427302436,0.5681432950382206,0.44984907288415454,0.13246111615345785,0.301738590217574
621,1.037037037,Lakshmipur,Rabi,20.0,80.0,Laushak,Sep,Oct to Nov,Nov to Feb,644,25,15.0,70,90,56.0,0.2352361031462211,0.5311045899415561,0.39009665631874296,0.13037176969609657,0.1735118910859101
265,2.973584906,Lalmonirhat,Rabi,20.0,80.0,Laushak,Sep,Oct to Nov,Nov to Feb,788,25,15.0,70,90,,0.4453238905714439,0.5250700446171314,0.41050848936043094,0.0959878686913291,0.2845360775211245
122,1.352459016,Madaripur,Rabi,20.0,80.0,Laushak,Sep,Oct to Nov,Nov to Feb,165,25,15.0,70,90,56.0,0.4063651096234308,0.5475220759724164,0.4390723314414899,0.07410296980832386,0.2382060091531424
44,3.477272727,Magura,Rabi,20.0,80.0,Laushak,Sep,Oct to Nov,Nov to Feb,153,25,15.0,70,90,61.0,0.3522418035026976,0.6369070912458994,0.4617642500312002,0.13435478454074143,0.2250636941149401
71,2.352112676,Manikganj,Rabi,20.0,80.0,Laushak,Sep,Oct to Nov,Nov to Feb,167,25,15.0,70,90,,0.4114178092969235,0.4189623245242361,0.35659875113743067,0.08846588136135812,0.1812878463667706
3,5.666666667,Meherpur,Rabi,20.0,80.0,Laushak,Sep,Oct to Nov,Nov to Feb,17,25,15.0,70,90,65.0,0.1259660232378597,0.6165908187383873,0.5507296743933876,0.1966232802777951,0.3930040447526618
57,2.228070175,Moulvibazar,Rabi,20.0,80.0,Laushak,Sep,Oct to Nov,Nov to Feb,127,25,15.0,70,90,,0.4082711888182118,0.5640610426266464,0.4952625887749301,0.08606855415697863,0.2298372609953658
378,1.031746032,Munshiganj,Rabi,20.0,80.0,Laushak,Sep,Oct to Nov,Nov to Feb,390,25,15.0,70,90,,0.31340565567292,0.464374213417013,0.4108646144821177,0.08836744355197203,0.1325143943009333
863,2.701042874,Mymensingh,Rabi,20.0,80.0,Laushak,Sep,Oct to Nov,Nov to Feb,2331,25,15.0,70,90,,0.4943108635282229,0.637907786614784,0.3882912054103752,0.165605437803241,0.1389876607018474
76,0.75,Naogaon,Rabi,20.0,80.0,Laushak,Sep,Oct to Nov,Nov to Feb,57,25,15.0,70,90,,0.3298349904608932,0.5854784383918903,0.37773799219078585,0.14010775701142766,0.2610506888737964
133,3.22556391,Narail,Rabi,20.0,80.0,Laushak,Sep,Oct to Nov,Nov to Feb,429,25,15.0,70,90,58.0,0.3795905639419704,0.5939820177149888,0.455960701104157,0.10284030525116103,0.294056796049288
590,1.659322034,Narayanganj,Rabi,20.0,80.0,Laushak,Sep,Oct to Nov,Nov to Feb,979,25,15.0,70,90,,0.3114359236632746,0.43586028165480334,0.38593309453047764,0.06493029332406818,0.2055703158072168
125,0.84,Narsingdi,Rabi,20.0,80.0,Laushak,Sep,Oct to Nov,Nov to Feb,105,25,15.0,70,90,,0.3858671860931894,0.5017529285584508,0.46270852562311826,0.08045380080086686,0.2212477349859281
203,1.177339901,Natore,Rabi,20.0,80.0,Laushak,Sep,Oct to Nov,Nov to Feb,239,25,15.0,70,90,,0.1449640755138761,0.5726839075498764,0.4518419278448418,0.17572394005350533,0.2497972959779298
177,1.920903955,Netrokona,Rabi,20.0,80.0,Laushak,Sep,Oct to Nov,Nov to Feb,340,25,15.0,70,90,,0.3045873133388933,0.4185181682105523,0.3455465298918347,0.076400423318619,0.1097388440365386
191,3.382198953,Nilphamari,Rabi,20.0,80.0,Laushak,Sep,Oct to Nov,Nov to Feb,646,25,15.0,70,90,,0.4439194600915765,0.5681980322894549,0.4001738974168444,0.11750308575111662,0.2971558927059972
438,1.296803653,Noakhali,Rabi,20.0,80.0,Laushak,Sep,Oct to Nov,Nov to Feb,568,25,15.0,70,90,55.0,0.2611398897351406,0.593246536432527,0.466963963803802,0.13016265445927308,0.1463623264955313
126,1.03968254,Pabna,Rabi,20.0,80.0,Laushak,Sep,Oct to Nov,Nov to Feb,131,25,15.0,70,90,,0.2688296958156423,0.5350479423929272,0.4451329779112825,0.10397443755295822,0.2655064359584098
213,1.694835681,Panchagar,Rabi,20.0,80.0,Laushak,Sep,Oct to Nov,Nov to Feb,361,25,15.0,70,90,,0.3210316931496211,0.5995115912185576,0.38705334249247575,0.1560949585042316,0.369401739785313
142,1.669014085,Patuakhali,Rabi,20.0,80.0,Laushak,Sep,Oct to Nov,Nov to Feb,237,25,15.0,70,90,,0.3662096619113779,0.6319593098126016,0.4039949355168449,0.1590359214163434,0.1003055359864112
556,1.039568345,Pirojpur,Rabi,20.0,80.0,Laushak,Sep,Oct to Nov,Nov to Feb,578,25,15.0,70,90,57.0,0.4734452905350293,0.6805164008050582,0.5081544643188036,0.12870401817940916,0.2624382760227538
77,1,Rajbari,Rabi,20.0,80.0,Laushak,Sep,Oct to Nov,Nov to Feb,77,25,15.0,70,90,60.0,0.3411103169038733,0.525152679345201,0.4043405915974824,0.09745728025973632,0.1969779583846395
119,1.033613445,Rajshahi,Rabi,20.0,80.0,Laushak,Sep,Oct to Nov,Nov to Feb,123,25,15.0,70,90,65.0,0.2171911759580277,0.5138256543080548,0.40385404364101596,0.1208369936348942,0.3234410436367065
301,1.295681063,Rangamati,Rabi,20.0,80.0,Laushak,Sep,Oct to Nov,Nov to Feb,390,25,15.0,70,90,,0.407467011061289,0.742009131728648,0.6904436775533455,0.1261677508697965,0.3966247743805545
336,1.577380952,Rangpur,Rabi,20.0,80.0,Laushak,Sep,Oct to Nov,Nov to Feb,530,25,15.0,70,90,59.0,0.4118453959149274,0.614798190329755,0.3958322423370637,0.14713970979522997,0.2587256418101652
32,2.4375,Satkhira,Rabi,20.0,80.0,Laushak,Sep,Oct to Nov,Nov to Feb,78,25,15.0,70,90,59.0,0.2954937434231568,0.5121465634308355,0.4350327710263543,0.08102957454291844,0.2608332964740397
192,3.046875,Shariatpur,Rabi,20.0,80.0,Laushak,Sep,Oct to Nov,Nov to Feb,585,25,15.0,70,90,55.0,0.337774879445382,0.4827680072115317,0.3963210105562512,0.06487220628435623,0.3060714061064356
301,2.986710963,Sherpur,Rabi,20.0,80.0,Laushak,Sep,Oct to Nov,Nov to Feb,899,25,15.0,70,90,,0.3417866673453712,0.6335137894887513,0.41404618041021135,0.15468607485541516,0.2004443254985731
318,1.927672956,Sirajganj,Rabi,20.0,80.0,Laushak,Sep,Oct to Nov,Nov to Feb,613,25,15.0,70,90,,0.1714208140792081,0.40698004370146057,0.34625433107190007,0.08798901245943389,0.1185287326216384
563,1.468916519,Sunamganj,Rabi,20.0,80.0,Laushak,Sep,Oct to Nov,Nov to Feb,827,25,15.0,70,90,54.0,0.0062517479924633,0.12540589461366486,0.31027128029930723,0.18561055307730134,0.0096036979545399
132,1.106060606,Sylhet,Rabi,20.0,80.0,Laushak,Sep,Oct to Nov,Nov to Feb,146,25,15.0,70,90,54.0,0.3776845712197997,0.49933292760915504,0.44787279745620107,0.06487161055072742,0.1775812226237738
445,1.503370787,Tangail,Rabi,20.0,80.0,Laushak,Sep,Oct to Nov,Nov to Feb,669,25,15.0,70,90,60.0,0.3358840930816195,0.5731450613279228,0.40038182021930835,0.13514905080019882,0.1591988119601507
76,1.657894737,Thakurgaon,Rabi,20.0,80.0,Laushak,Sep,Oct to Nov,Nov to Feb,126,25,15.0,70,90,,0.3582324259138552,0.5674280359888155,0.43211607649427575,0.13420462185402543,0.3826151757848311
89,4.404494382,Bagerhat,Rabi,17.5,77.5,Lemon,Jan,Jan to Jan,Jan,392,25,10.0,60,95,57.0,0.4889194902967873,0.4889194902967873,0.4889194902967873,,0.4540554389640537
3726,0.1307031669,Bandarban,Rabi,17.5,77.5,Lemon,Jan,Jan to Jan,Jan,487,25,10.0,60,95,55.0,0.763617739914739,0.763617739914739,0.763617739914739,,0.7680437191871492
1337,0.3440538519,Barguna,Rabi,17.5,77.5,Lemon,Jan,Jan to Jan,Jan,460,25,10.0,60,95,57.0,0.3499506810824001,0.3499506810824001,0.3499506810824001,,0.4662558246927283
1005,1.412935323,Barishal,Rabi,17.5,77.5,Lemon,Jan,Jan to Jan,Jan,1420,25,10.0,60,95,,0.291607379510426,0.291607379510426,0.291607379510426,,0.372827378606825
471,0.3864118896,Bhola,Rabi,17.5,77.5,Lemon,Jan,Jan to Jan,Jan,182,25,10.0,60,95,56.0,0.2168086916309753,0.2168086916309753,0.2168086916309753,,0.2620954557342561
108,3.074074074,Bogura,Rabi,17.5,77.5,Lemon,Jan,Jan to Jan,Jan,332,25,10.0,60,95,,0.3124280312616473,0.3124280312616473,0.3124280312616473,,0.3144341526519014
205,6.936585366,Brahmanbaria,Rabi,17.5,77.5,Lemon,Jan,Jan to Jan,Jan,1422,25,10.0,60,95,54.0,0.2811509765621612,0.2811509765621612,0.2811509765621612,,0.3347151991117539
44,10.63636364,Chandpur,Rabi,17.5,77.5,Lemon,Jan,Jan to Jan,Jan,468,25,10.0,60,95,,0.303030026749074,0.303030026749074,0.303030026749074,,0.4066104245438057
307,2.003257329,Chapai Nawabganj,Rabi,17.5,77.5,Lemon,Jan,Jan to Jan,Jan,615,25,10.0,60,95,,0.3537489371617141,0.3537489371617141,0.3537489371617141,,0.3864980319501888
66350,0.104777694,Chattogram,Rabi,17.5,77.5,Lemon,Jan,Jan to Jan,Jan,6952,25,10.0,60,95,,0.5249827607431998,0.5249827607431998,0.5249827607431998,,0.5418237288330188
89,1.853932584,Chuadanga,Rabi,17.5,77.5,Lemon,Jan,Jan to Jan,Jan,165,25,10.0,60,95,,0.5031852308806458,0.5031852308806458,0.5031852308806458,,0.4480905156880582
67500,0.01392592593,CoxsBazar,Rabi,17.5,77.5,Lemon,Jan,Jan to Jan,Jan,940,25,10.0,60,95,55.0,0.4603922198041147,0.4603922198041147,0.4603922198041147,,0.479759680493097
1642,1.333739342,Cumilla,Rabi,17.5,77.5,Lemon,Jan,Jan to Jan,Jan,2190,25,10.0,60,95,,0.3645708248943419,0.3645708248943419,0.3645708248943419,,0.4591086341017765
552,16.65217391,Dhaka,Rabi,17.5,77.5,Lemon,Jan,Jan to Jan,Jan,9192,25,10.0,60,95,,0.3532928976505518,0.3532928976505518,0.3532928976505518,,0.3729581706124147
348,2.117816092,Dinajpur,Rabi,17.5,77.5,Lemon,Jan,Jan to Jan,Jan,737,25,10.0,60,95,,0.3363010381782366,0.3363010381782366,0.3363010381782366,,0.2906194740532874
110,2.4,Faridpur,Rabi,17.5,77.5,Lemon,Jan,Jan to Jan,Jan,264,25,10.0,60,95,,0.4044204909178377,0.4044204909178377,0.4044204909178377,,0.3585719698538986
72,1.986111111,Feni,Rabi,17.5,77.5,Lemon,Jan,Jan to Jan,Jan,143,25,10.0,60,95,,0.4263300065971123,0.4263300065971123,0.4263300065971123,,0.4082268131916088
145,2.317241379,Gaibandha,Rabi,17.5,77.5,Lemon,Jan,Jan to Jan,Jan,336,25,10.0,60,95,57.0,0.2446402294304136,0.2446402294304136,0.2446402294304136,,0.2511277688066824
213,2.615023474,Gazipur,Rabi,17.5,77.5,Lemon,Jan,Jan to Jan,Jan,557,25,10.0,60,95,,0.4065387135241315,0.4065387135241315,0.4065387135241315,,0.503080146381813
1250,0.3704,Gopalganj,Rabi,17.5,77.5,Lemon,Jan,Jan to Jan,Jan,463,25,10.0,60,95,56.0,0.3854395052976016,0.3854395052976016,0.3854395052976016,,0.4609106854805545
212,3.933962264,Habiganj,Rabi,17.5,77.5,Lemon,Jan,Jan to Jan,Jan,834,25,10.0,60,95,,0.2661294631608376,0.2661294631608376,0.2661294631608376,,0.2933653211174028
425,0.8447058824,Jamalpur,Rabi,17.5,77.5,Lemon,Jan,Jan to Jan,Jan,359,25,10.0,60,95,,0.3204199651621038,0.3204199651621038,0.3204199651621038,,0.4257361694326304
865,1.14566474,Jashore,Rabi,17.5,77.5,Lemon,Jan,Jan to Jan,Jan,991,25,10.0,60,95,,0.4475073883018984,0.4475073883018984,0.4475073883018984,,0.4167681844969798
1625,0.3907692308,Jhallokati,Rabi,17.5,77.5,Lemon,Jan,Jan to Jan,Jan,635,25,10.0,60,95,,0.3980482373190764,0.3980482373190764,0.3980482373190764,,0.5645420349590545
142,4.718309859,Jhenaidah,Rabi,17.5,77.5,Lemon,Jan,Jan to Jan,Jan,670,25,10.0,60,95,,0.4451787298559849,0.4451787298559849,0.4451787298559849,,0.3797805611465307
48,3.395833333,Joypurhat,Rabi,17.5,77.5,Lemon,Jan,Jan to Jan,Jan,163,25,10.0,60,95,64.0,0.4359280719977643,0.4359280719977643,0.4359280719977643,,0.2968852712832193
689,1.269956459,Khagrachari,Rabi,17.5,77.5,Lemon,Jan,Jan to Jan,Jan,875,25,10.0,60,95,54.0,0.7127123618717103,0.7127123618717103,0.7127123618717103,,0.7269174609559165
291,1.419243986,Khulna,Rabi,17.5,77.5,Lemon,Jan,Jan to Jan,Jan,413,25,10.0,60,95,59.0,0.4342237814545653,0.4342237814545653,0.4342237814545653,,0.4194859752623969
119,7.176470588,Kishoreganj,Rabi,17.5,77.5,Lemon,Jan,Jan to Jan,Jan,854,25,10.0,60,95,,0.3112699019521303,0.3112699019521303,0.3112699019521303,,0.2840718604506674
125,1.344,Kurigram,Rabi,17.5,77.5,Lemon,Jan,Jan to Jan,Jan,168,25,10.0,60,95,,0.2659209949590453,0.2659209949590453,0.2659209949590453,,0.2948933587045184
146,12.04109589,Kushtia,Rabi,17.5,77.5,Lemon,Jan,Jan to Jan,Jan,1758,25,10.0,60,95,,0.4366112739616819,0.4366112739616819,0.4366112739616819,,0.3382201733296665
560,0.65,Lakshmipur,Rabi,17.5,77.5,Lemon,Jan,Jan to Jan,Jan,364,25,10.0,60,95,56.0,0.2635214620314005,0.2635214620314005,0.2635214620314005,,0.4300570517628377
130,2.769230769,Lalmonirhat,Rabi,17.5,77.5,Lemon,Jan,Jan to Jan,Jan,360,25,10.0,60,95,,0.3699886074056321,0.3699886074056321,0.3699886074056321,,0.3275862606305177
28,12.10714286,Madaripur,Rabi,17.5,77.5,Lemon,Jan,Jan to Jan,Jan,339,25,10.0,60,95,56.0,0.3922893847189875,0.3922893847189875,0.3922893847189875,,0.4022075356404387
257,5.412451362,Magura,Rabi,17.5,77.5,Lemon,Jan,Jan to Jan,Jan,1391,25,10.0,60,95,61.0,0.424542540711464,0.424542540711464,0.424542540711464,,0.3856792337217167
310,4.561290323,Manikganj,Rabi,17.5,77.5,Lemon,Jan,Jan to Jan,Jan,1414,25,10.0,60,95,,0.4309266104806672,0.4309266104806672,0.4309266104806672,,0.3774664093334369
157,5.656050955,Meherpur,Rabi,17.5,77.5,Lemon,Jan,Jan to Jan,Jan,888,25,10.0,60,95,65.0,0.5422238526759723,0.5422238526759723,0.5422238526759723,,0.4469524389105069
1101,8.990009083,Moulvibazar,Rabi,17.5,77.5,Lemon,Jan,Jan to Jan,Jan,9898,25,10.0,60,95,,0.3743598588192403,0.3743598588192403,0.3743598588192403,,0.4977793993594279
49,2.469387755,Munshiganj,Rabi,17.5,77.5,Lemon,Jan,Jan to Jan,Jan,121,25,10.0,60,95,,0.3390365963664746,0.3390365963664746,0.3390365963664746,,0.3336655622501818
1292,4.287925697,Mymensingh,Rabi,17.5,77.5,Lemon,Jan,Jan to Jan,Jan,5540,25,10.0,60,95,,0.2733859403767918,0.2733859403767918,0.2733859403767918,,0.3867889892825891
483,1.556935818,Naogaon,Rabi,17.5,77.5,Lemon,Jan,Jan to Jan,Jan,752,25,10.0,60,95,,0.3087416614898178,0.3087416614898178,0.3087416614898178,,0.300886392682955
413,2.200968523,Narail,Rabi,17.5,77.5,Lemon,Jan,Jan to Jan,Jan,909,25,10.0,60,95,58.0,0.3958955094418674,0.3958955094418674,0.3958955094418674,,0.3892973548681078
309,0.09385113269,Narayanganj,Rabi,17.5,77.5,Lemon,Jan,Jan to Jan,Jan,29,25,10.0,60,95,,0.3324589299993573,0.3324589299993573,0.3324589299993573,,0.4017658280813401
346,7.37283237,Narsingdi,Rabi,17.5,77.5,Lemon,Jan,Jan to Jan,Jan,2551,25,10.0,60,95,,0.3849029249505548,0.3849029249505548,0.3849029249505548,,0.4960062531248373
240,5.383333333,Natore,Rabi,17.5,77.5,Lemon,Jan,Jan to Jan,Jan,1292,25,10.0,60,95,,0.380859152838484,0.380859152838484,0.380859152838484,,0.3470177874611827
212,9.613207547,Netrokona,Rabi,17.5,77.5,Lemon,Jan,Jan to Jan,Jan,2038,25,10.0,60,95,,0.2328478871514515,0.2328478871514515,0.2328478871514515,,0.3218828493909481
144,2.048611111,Nilphamari,Rabi,17.5,77.5,Lemon,Jan,Jan to Jan,Jan,295,25,10.0,60,95,,0.3232946510636419,0.3232946510636419,0.3232946510636419,,0.3476216887866298
103,3.640776699,Noakhali,Rabi,17.5,77.5,Lemon,Jan,Jan to Jan,Jan,375,25,10.0,60,95,55.0,0.3654843450318284,0.3654843450318284,0.3654843450318284,,0.4379654866351988
232,8.775862069,Pabna,Rabi,17.5,77.5,Lemon,Jan,Jan to Jan,Jan,2036,25,10.0,60,95,,0.4332378957112088,0.4332378957112088,0.4332378957112088,,0.388404621513211
190,2.368421053,Panchagar,Rabi,17.5,77.5,Lemon,Jan,Jan to Jan,Jan,450,25,10.0,60,95,,0.2851494820813574,0.2851494820813574,0.2851494820813574,,0.3552231484416963
550,0.5636363636,Patuakhali,Rabi,17.5,77.5,Lemon,Jan,Jan to Jan,Jan,310,25,10.0,60,95,,0.3066881597522483,0.3066881597522483,0.3066881597522483,,0.3910234141136282
365,1.361643836,Pirojpur,Rabi,17.5,77.5,Lemon,Jan,Jan to Jan,Jan,497,25,10.0,60,95,57.0,0.4071895891081893,0.4071895891081893,0.4071895891081893,,0.5355773894093223
183,7.224043716,Rajbari,Rabi,17.5,77.5,Lemon,Jan,Jan to Jan,Jan,1322,25,10.0,60,95,60.0,0.3898099099766552,0.3898099099766552,0.3898099099766552,,0.3159894357608295
201,18.83084577,Rajshahi,Rabi,17.5,77.5,Lemon,Jan,Jan to Jan,Jan,3785,25,10.0,60,95,65.0,0.376434231778691,0.376434231778691,0.376434231778691,,0.3250446250255215
1220,3.380327869,Rangamati,Rabi,17.5,77.5,Lemon,Jan,Jan to Jan,Jan,4124,25,10.0,60,95,,0.6993863215167584,0.6993863215167584,0.6993863215167584,,0.674089031025505
121,2.975206612,Rangpur,Rabi,17.5,77.5,Lemon,Jan,Jan to Jan,Jan,360,25,10.0,60,95,59.0,0.2976599417574164,0.2976599417574164,0.2976599417574164,,0.302229029600414
321,1.211838006,Satkhira,Rabi,17.5,77.5,Lemon,Jan,Jan to Jan,Jan,389,25,10.0,60,95,59.0,0.4167558288001258,0.4167558288001258,0.4167558288001258,,0.4115941841061277
191,2.502617801,Shariatpur,Rabi,17.5,77.5,Lemon,Jan,Jan to Jan,Jan,478,25,10.0,60,95,55.0,0.3540776787779843,0.3540776787779843,0.3540776787779843,,0.3795439307242726
114,2.666666667,Sherpur,Rabi,17.5,77.5,Lemon,Jan,Jan to Jan,Jan,304,25,10.0,60,95,,0.2796499492964726,0.2796499492964726,0.2796499492964726,,0.4173752128178273
94,5.127659574,Sirajganj,Rabi,17.5,77.5,Lemon,Jan,Jan to Jan,Jan,482,25,10.0,60,95,,0.3297344337720062,0.3297344337720062,0.3297344337720062,,0.3521805347842084
147,5.197278912,Sunamganj,Rabi,17.5,77.5,Lemon,Jan,Jan to Jan,Jan,764,25,10.0,60,95,54.0,0.2960996814095912,0.2960996814095912,0.2960996814095912,,0.2344378897328882
235,1.327659574,Sylhet,Rabi,17.5,77.5,Lemon,Jan,Jan to Jan,Jan,312,25,10.0,60,95,54.0,0.3607174177912129,0.3607174177912129,0.3607174177912129,,0.430003861913886
452,3.661504425,Tangail,Rabi,17.5,77.5,Lemon,Jan,Jan to Jan,Jan,1655,25,10.0,60,95,60.0,0.3748701758536493,0.3748701758536493,0.3748701758536493,,0.4405935738388953
1225,0.266122449,Thakurgaon,Rabi,17.5,77.5,Lemon,Jan,Jan to Jan,Jan,326,25,10.0,60,95,,0.433583087795228,0.433583087795228,0.433583087795228,,0.3186676286823571
1449,0.3388543823,Bagerhat,Kharif 2,15.0,90.0,Lentil,Oct,Nov  to  Feb,Feb to March,491,20,10.0,85,95,57.0,0.5549719290375441,0.5243834733222952,0.552130842629105,0.05972596314000151,0.4868351131875976
27,0.3703703704,Bandarban,Kharif 2,15.0,90.0,Lentil,Oct,Nov  to  Feb,Feb to March,10,20,10.0,85,95,55.0,0.7430366041768727,0.744352203881547,0.6249104065344971,0.07887707624298326,0.3862715233777672
177,0.3672316384,Barguna,Kharif 2,15.0,90.0,Lentil,Oct,Nov  to  Feb,Feb to March,65,20,10.0,85,95,57.0,0.5890323017558614,0.44434862256962204,0.3131387707786598,0.1526401119449529,0.3310758402525957
4293,0.4346610762,Barishal,Kharif 2,15.0,90.0,Lentil,Oct,Nov  to  Feb,Feb to March,1866,20,10.0,85,95,,0.5411183729753246,0.36214359853163525,0.3429340940322151,0.11997257184183374,0.3272113771710582
1584,0.4577020202,Bhola,Kharif 2,15.0,90.0,Lentil,Oct,Nov  to  Feb,Feb to March,725,20,10.0,85,95,56.0,0.4215271980368956,0.2879101361834229,0.2721414078827046,0.09187880701418917,0.2334659055742139
923,0.4236186349,Bogura,Kharif 2,15.0,90.0,Lentil,Oct,Nov  to  Feb,Feb to March,391,20,10.0,85,95,,0.6043189721273731,0.37608475650527673,0.4469522890498908,0.11618432517234287,0.2859644007903595
2861,0.3030408948,Brahmanbaria,Kharif 2,15.0,90.0,Lentil,Oct,Nov  to  Feb,Feb to March,867,20,10.0,85,95,54.0,0.4183456917031,0.3725155419594808,0.5014697056446634,0.11685612034566988,0.2430711904191838
551,0.3956442831,Chandpur,Kharif 2,15.0,90.0,Lentil,Oct,Nov  to  Feb,Feb to March,218,20,10.0,85,95,,0.5270362529660546,0.40304406971487505,0.43865479183819345,0.08598078868236562,0.2851182395817753
5307,0.302996043,Chapai Nawabganj,Kharif 2,15.0,90.0,Lentil,Oct,Nov  to  Feb,Feb to March,1608,20,10.0,85,95,,0.5494797758461835,0.42499345584228587,0.48804909425991344,0.08177323998412978,0.2346338663805179
256,0.23046875,Chattogram,Kharif 2,15.0,90.0,Lentil,Oct,Nov  to  Feb,Feb to March,59,20,10.0,85,95,,0.6563726676016034,0.5547620601296177,0.4917414772507984,0.0753016228135494,0.4368271330834088
4477,0.4134465044,Chuadanga,Kharif 2,15.0,90.0,Lentil,Oct,Nov  to  Feb,Feb to March,1851,20,10.0,85,95,,0.6058950868858013,0.530795223861912,0.6001310856181723,0.06540282128863378,0.1390385944438268
0,#DIV/0!,CoxsBazar,Kharif 2,15.0,90.0,Lentil,Oct,Nov  to  Feb,Feb to March,0,20,10.0,85,95,55.0,0.5920513052550939,0.4799159794447154,0.4621077695767629,0.05205196062571201,0.2866525849958106
960,0.2677083333,Cumilla,Kharif 2,15.0,90.0,Lentil,Oct,Nov  to  Feb,Feb to March,257,20,10.0,85,95,,0.6260474113432829,0.47288326219807086,0.5128400586622107,0.11334887668002552,0.3487596083130284
617,0.4408427877,Dhaka,Kharif 2,15.0,90.0,Lentil,Oct,Nov  to  Feb,Feb to March,272,20,10.0,85,95,,0.42014379344061,0.3836949782943288,0.38938462969884446,0.048105025749108334,0.3278518747499494
100,0.38,Dinajpur,Kharif 2,15.0,90.0,Lentil,Oct,Nov  to  Feb,Feb to March,38,20,10.0,85,95,,0.6968213826970469,0.3911597113971651,0.4905627767797815,0.15570871026658792,0.3510443820127166
41417,0.691648357,Faridpur,Kharif 2,15.0,90.0,Lentil,Oct,Nov  to  Feb,Feb to March,28646,20,10.0,85,95,,0.5571700752994787,0.44518592128585815,0.4924185756077937,0.07895180352225327,0.3607017999141199
1122,0.4572192513,Feni,Kharif 2,15.0,90.0,Lentil,Oct,Nov  to  Feb,Feb to March,513,20,10.0,85,95,,0.6864048324722554,0.48758637237988467,0.48064966722215297,0.11972559207637044,0.3828643827818602
1296,0.7430555556,Gaibandha,Kharif 2,15.0,90.0,Lentil,Oct,Nov  to  Feb,Feb to March,963,20,10.0,85,95,57.0,0.5191748931888249,0.3279281627858769,0.4243401103802053,0.12598822154354994,0.3094345807109266
172,0.3953488372,Gazipur,Kharif 2,15.0,90.0,Lentil,Oct,Nov  to  Feb,Feb to March,68,20,10.0,85,95,,0.5223462850901985,0.4732693412258707,0.4297360788240038,0.09976449889480261,0.3255431189635358
9399,0.4063198213,Gopalganj,Kharif 2,15.0,90.0,Lentil,Oct,Nov  to  Feb,Feb to March,3819,20,10.0,85,95,56.0,0.6266318567705287,0.4860170443297757,0.5438405358912253,0.11315909827907045,0.4792702295360826
40,0.225,Habiganj,Kharif 2,15.0,90.0,Lentil,Oct,Nov  to  Feb,Feb to March,9,20,10.0,85,95,,0.45889587481196,0.380709338803105,0.5372631943684224,0.12746962406389875,0.2399103651205681
765,0.3477124183,Jamalpur,Kharif 2,15.0,90.0,Lentil,Oct,Nov  to  Feb,Feb to March,266,20,10.0,85,95,,0.5680638462794619,0.4118705610377037,0.4563695689330588,0.09560714406596538,0.1827577072035731
24551,0.4846238442,Jashore,Kharif 2,15.0,90.0,Lentil,Oct,Nov  to  Feb,Feb to March,11898,20,10.0,85,95,,0.7028498240366357,0.4773143652186135,0.5378299842032195,0.11046041518530311,0.3838945484874524
683,0.4699853587,Jhallokati,Kharif 2,15.0,90.0,Lentil,Oct,Nov  to  Feb,Feb to March,321,20,10.0,85,95,,0.6984104731100329,0.5298162543299618,0.4666045163308202,0.1420665750615579,0.4988607970006209
29147,0.5656156723,Jhenaidah,Kharif 2,15.0,90.0,Lentil,Oct,Nov  to  Feb,Feb to March,16486,20,10.0,85,95,,0.7437649112435227,0.4819779212865072,0.5622677020305462,0.12888642550736648,0.3220885598782582
333,0.4894894895,Joypurhat,Kharif 2,15.0,90.0,Lentil,Oct,Nov  to  Feb,Feb to March,163,20,10.0,85,95,64.0,0.6950315134846194,0.4072936757341328,0.4442348184448691,0.13220277732383232,0.3194107068979877
67,0.2537313433,Khagrachari,Kharif 2,15.0,90.0,Lentil,Oct,Nov  to  Feb,Feb to March,17,20,10.0,85,95,54.0,0.7650947268938538,0.7179180016132212,0.6005693839519369,0.0863391472914,0.3382196284333821
225,0.3155555556,Khulna,Kharif 2,15.0,90.0,Lentil,Oct,Nov  to  Feb,Feb to March,71,20,10.0,85,95,59.0,0.5520675878443635,0.4683267466424762,0.4687596989534537,0.06722408947529128,0.4016941680534377
260,0.3846153846,Kishoreganj,Kharif 2,15.0,90.0,Lentil,Oct,Nov  to  Feb,Feb to March,100,20,10.0,85,95,,0.1918684324560693,0.3386475703447491,0.5256062617784207,0.1527394991891828,0.0508200478358936
1411,0.3805811481,Kurigram,Kharif 2,15.0,90.0,Lentil,Oct,Nov  to  Feb,Feb to March,537,20,10.0,85,95,,0.4923091315654682,0.3272284530216492,0.3697279902731811,0.09950625139097681,0.339929306221639
21146,0.5926416344,Kushtia,Kharif 2,15.0,90.0,Lentil,Oct,Nov  to  Feb,Feb to March,12532,20,10.0,85,95,,0.6262090914547398,0.44984907288415454,0.5085632486962346,0.09547757938265868,0.2595401427302436
64,0.28125,Lakshmipur,Kharif 2,15.0,90.0,Lentil,Oct,Nov  to  Feb,Feb to March,18,20,10.0,85,95,56.0,0.5253667671733465,0.39009665631874296,0.3699570047865621,0.10719122428326654,0.2352361031462211
104,0.4134615385,Lalmonirhat,Kharif 2,15.0,90.0,Lentil,Oct,Nov  to  Feb,Feb to March,43,20,10.0,85,95,,0.6005631769723303,0.41050848936043094,0.5317046243919614,0.1077602655305911,0.4453238905714439
11427,0.4725649777,Madaripur,Kharif 2,15.0,90.0,Lentil,Oct,Nov  to  Feb,Feb to March,5400,20,10.0,85,95,56.0,0.5680438314099354,0.4390723314414899,0.47373958566939733,0.07281468335399495,0.4063651096234308
32570,0.3564630028,Magura,Kharif 2,15.0,90.0,Lentil,Oct,Nov  to  Feb,Feb to March,11610,20,10.0,85,95,61.0,0.7173624754929421,0.4617642500312002,0.5304917116324558,0.12047601774437329,0.3522418035026976
2235,0.4501118568,Manikganj,Kharif 2,15.0,90.0,Lentil,Oct,Nov  to  Feb,Feb to March,1006,20,10.0,85,95,,0.4193839512009965,0.35659875113743067,0.3165827182073324,0.09068046958183991,0.4114178092969235
14079,0.5237587897,Meherpur,Kharif 2,15.0,90.0,Lentil,Oct,Nov  to  Feb,Feb to March,7374,20,10.0,85,95,65.0,0.6557736174550848,0.5507296743933876,0.6035992136745274,0.07444459084869585,0.1259660232378597
70,0.4285714286,Moulvibazar,Kharif 2,15.0,90.0,Lentil,Oct,Nov  to  Feb,Feb to March,30,20,10.0,85,95,,0.5081293337700128,0.4952625887749301,0.49826919852743745,0.0780177978799588,0.4082711888182118
40,0.35,Munshiganj,Kharif 2,15.0,90.0,Lentil,Oct,Nov  to  Feb,Feb to March,14,20,10.0,85,95,,0.4799755728266007,0.4108646144821177,0.5092907084338362,0.08128196985257373,0.31340565567292
728,0.5151098901,Mymensingh,Kharif 2,15.0,90.0,Lentil,Oct,Nov  to  Feb,Feb to March,375,20,10.0,85,95,,0.6661036234448312,0.3882912054103752,0.4259806635580256,0.17204044713343142,0.4943108635282229
432,0.5,Naogaon,Kharif 2,15.0,90.0,Lentil,Oct,Nov  to  Feb,Feb to March,216,20,10.0,85,95,,0.6437611050179507,0.37773799219078585,0.4971202947255337,0.15456583012200945,0.3298349904608932
13887,0.48779434,Narail,Kharif 2,15.0,90.0,Lentil,Oct,Nov  to  Feb,Feb to March,6774,20,10.0,85,95,58.0,0.6251097875564693,0.455960701104157,0.5252996610218391,0.09877581473228542,0.3795905639419704
247,0.2874493927,Narayanganj,Kharif 2,15.0,90.0,Lentil,Oct,Nov  to  Feb,Feb to March,71,20,10.0,85,95,,0.3876193728015197,0.38593309453047764,0.38006470378907203,0.06061232506770721,0.3114359236632746
48,0.2916666667,Narsingdi,Kharif 2,15.0,90.0,Lentil,Oct,Nov  to  Feb,Feb to March,14,20,10.0,85,95,,0.4212772529102456,0.46270852562311826,0.47760734421672824,0.08843812516016782,0.3858671860931894
30860,0.5981853532,Natore,Kharif 2,15.0,90.0,Lentil,Oct,Nov  to  Feb,Feb to March,18460,20,10.0,85,95,,0.6270773846150153,0.4518419278448418,0.5884777639400294,0.11900086891195562,0.1449640755138761
92,0.3913043478,Netrokona,Kharif 2,15.0,90.0,Lentil,Oct,Nov  to  Feb,Feb to March,36,20,10.0,85,95,,0.3798255718688024,0.3455465298918347,0.5042393793493756,0.13810363891440708,0.3045873133388933
21,0.4285714286,Nilphamari,Kharif 2,15.0,90.0,Lentil,Oct,Nov  to  Feb,Feb to March,9,20,10.0,85,95,,0.653377154092829,0.4001738974168444,0.525413365536403,0.13309172031492777,0.4439194600915765
86,0.3488372093,Noakhali,Kharif 2,15.0,90.0,Lentil,Oct,Nov  to  Feb,Feb to March,30,20,10.0,85,95,55.0,0.5743616085661583,0.466963963803802,0.4688441278073659,0.09128357958863313,0.2611398897351406
26691,0.4986324978,Pabna,Kharif 2,15.0,90.0,Lentil,Oct,Nov  to  Feb,Feb to March,13309,20,10.0,85,95,,0.576205463230183,0.4451329779112825,0.48382316449066,0.06433031124661054,0.2688296958156423
179,0.3351955307,Panchagar,Kharif 2,15.0,90.0,Lentil,Oct,Nov  to  Feb,Feb to March,60,20,10.0,85,95,,0.7131991955629091,0.38705334249247575,0.4585016205112064,0.14764296359425697,0.3210316931496211
602,0.3637873754,Patuakhali,Kharif 2,15.0,90.0,Lentil,Oct,Nov  to  Feb,Feb to March,219,20,10.0,85,95,,0.6209295032125958,0.4039949355168449,0.30121760981371226,0.1631051993156744,0.3662096619113779
77,0.5194805195,Pirojpur,Kharif 2,15.0,90.0,Lentil,Oct,Nov  to  Feb,Feb to March,40,20,10.0,85,95,57.0,0.6644367573268926,0.5081544643188036,0.4601954731526293,0.12595472209252803,0.4734452905350293
17356,0.5173427057,Rajbari,Kharif 2,15.0,90.0,Lentil,Oct,Nov  to  Feb,Feb to March,8979,20,10.0,85,95,60.0,0.583792751193523,0.4043405915974824,0.46287116304567333,0.09018471595093816,0.3411103169038733
36337,0.5226903707,Rajshahi,Kharif 2,15.0,90.0,Lentil,Oct,Nov  to  Feb,Feb to March,18993,20,10.0,85,95,65.0,0.5638042771009885,0.40385404364101596,0.4635991544847004,0.0831695951415607,0.2171911759580277
72,0.3472222222,Rangamati,Kharif 2,15.0,90.0,Lentil,Oct,Nov  to  Feb,Feb to March,25,20,10.0,85,95,,0.7267932608407919,0.6904436775533455,0.5637961962550284,0.09286763087443722,0.407467011061289
215,0.5255813953,Rangpur,Kharif 2,15.0,90.0,Lentil,Oct,Nov  to  Feb,Feb to March,113,20,10.0,85,95,59.0,0.6744499663546515,0.3958322423370637,0.47775614233349817,0.1494704689625681,0.4118453959149274
766,0.361618799,Satkhira,Kharif 2,15.0,90.0,Lentil,Oct,Nov  to  Feb,Feb to March,277,20,10.0,85,95,59.0,0.5293331106485334,0.4350327710263543,0.4501782307444903,0.05030434051973149,0.2954937434231568
5433,0.5124240751,Shariatpur,Kharif 2,15.0,90.0,Lentil,Oct,Nov  to  Feb,Feb to March,2784,20,10.0,85,95,55.0,0.5050903206312234,0.3963210105562512,0.4211978535435479,0.05758791993940459,0.337774879445382
133,0.3458646617,Sherpur,Kharif 2,15.0,90.0,Lentil,Oct,Nov  to  Feb,Feb to March,46,20,10.0,85,95,,0.662903433290502,0.41404618041021135,0.49238655202870685,0.1613508601843313,0.3417866673453712
7010,0.4417974322,Sirajganj,Kharif 2,15.0,90.0,Lentil,Oct,Nov  to  Feb,Feb to March,3097,20,10.0,85,95,,0.4306876986901167,0.34625433107190007,0.39678310050336735,0.0604525588020648,0.1714208140792081
0,#DIV/0!,Sunamganj,Kharif 2,15.0,90.0,Lentil,Oct,Nov  to  Feb,Feb to March,0,20,10.0,85,95,54.0,0.0714833095098531,0.31027128029930723,0.5766074886411509,0.21223609126473966,0.0062517479924633
42,0.5238095238,Sylhet,Kharif 2,15.0,90.0,Lentil,Oct,Nov  to  Feb,Feb to March,22,20,10.0,85,95,54.0,0.4585160647406363,0.44787279745620107,0.47699369647578743,0.06041635898250689,0.3776845712197997
2716,0.2750368189,Tangail,Kharif 2,15.0,90.0,Lentil,Oct,Nov  to  Feb,Feb to March,747,20,10.0,85,95,60.0,0.5962526033050995,0.40038182021930835,0.37580685949788023,0.1320508488727964,0.3358840930816195
464,0.3922413793,Thakurgaon,Kharif 2,15.0,90.0,Lentil,Oct,Nov  to  Feb,Feb to March,182,20,10.0,85,95,,0.6913470028229801,0.43211607649427575,0.5396028502257034,0.12660200620312864,0.3582324259138552
0,#DIV/0!,Bagerhat,Kharif 1,27.0,72.5,Maize 1,March,April to May,June to July,0,34,20.0,60,85,57.0,0.5711876241926808,0.27575988672939594,0.25853397870201905,0.14074182607286229,0.533074061065529
412,0.963592233,Bandarban,Kharif 1,27.0,72.5,Maize 1,March,April to May,June to July,397,34,20.0,60,85,55.0,0.5676824803630925,0.3244783992381001,0.4873048341318099,0.12307419447788806,0.6821383327059017
0,#DIV/0!,Barguna,Kharif 1,27.0,72.5,Maize 1,March,April to May,June to July,0,34,20.0,60,85,57.0,0.3352139518717137,0.30997607990329556,0.2716909714508296,0.05398700102395737,0.291063589685606
0,#DIV/0!,Barishal,Kharif 1,27.0,72.5,Maize 1,March,April to May,June to July,0,34,20.0,60,85,,0.43248229774155,0.3097759559139494,0.25896485147341,0.08476920002142294,0.2533858903228801
0,#DIV/0!,Bhola,Kharif 1,27.0,72.5,Maize 1,March,April to May,June to July,0,34,20.0,60,85,56.0,0.3010654880049462,0.2096304775901967,0.1777940426406785,0.05197334380280658,0.243217327760463
1142,2.758318739,Bogura,Kharif 1,27.0,72.5,Maize 1,March,April to May,June to July,3150,34,20.0,60,85,,0.5031143822226227,0.3369622750093063,0.20218834836672328,0.14411702986653815,0.3907901958771589
33,2,Brahmanbaria,Kharif 1,27.0,72.5,Maize 1,March,April to May,June to July,66,34,20.0,60,85,54.0,0.6120203918074798,0.351919542981606,0.12260925577804195,0.22353130734043986,0.3909190194818471
1778,2.233970754,Chandpur,Kharif 1,27.0,72.5,Maize 1,March,April to May,June to July,3972,34,20.0,60,85,,0.4859674573852385,0.26336736484403234,0.2658786653222954,0.108255074456967,0.3913421262911484
2259,1.813634351,Chapai Nawabganj,Kharif 1,27.0,72.5,Maize 1,March,April to May,June to July,4097,34,20.0,60,85,,0.5329944189746634,0.3020225406529087,0.34443405789131154,0.10147575981835737,0.4431037695451635
0,#DIV/0!,Chattogram,Kharif 1,27.0,72.5,Maize 1,March,April to May,June to July,0,34,20.0,60,85,,0.4802903771854044,0.31618507840556653,0.3780519798709503,0.08998010811226353,0.5031925773161925
49,2,Chuadanga,Kharif 1,27.0,72.5,Maize 1,March,April to May,June to July,98,34,20.0,60,85,,0.6064678529651709,0.42077940835017746,0.33275147817063344,0.11759683155020816,0.5937943182711736
0,#DIV/0!,CoxsBazar,Kharif 1,27.0,72.5,Maize 1,March,April to May,June to July,0,34,20.0,60,85,55.0,0.4628693746612334,0.321400513043663,0.34539173121176375,0.0668144167569088,0.4613461644922925
0,#DIV/0!,Cumilla,Kharif 1,27.0,72.5,Maize 1,March,April to May,June to July,0,34,20.0,60,85,,0.5910383419566766,0.27306793815587926,0.28852700130540737,0.1769293238346788,0.4346417753677448
6108,2.610019646,Dhaka,Kharif 1,27.0,72.5,Maize 1,March,April to May,June to July,15942,34,20.0,60,85,,0.4340019668066029,0.2396515442359809,0.23737673502522175,0.09074392405884518,0.344767292591086
13541,2.951480688,Dinajpur,Kharif 1,27.0,72.5,Maize 1,March,April to May,June to July,39966,34,20.0,60,85,,0.5768919544682428,0.38907215330279854,0.1283340393170107,0.1980504691434085,0.4042335990913202
753,2.298804781,Faridpur,Kharif 1,27.0,72.5,Maize 1,March,April to May,June to July,1731,34,20.0,60,85,,0.5101997893014788,0.3304830402991223,0.24540757488355155,0.16640697914543176,0.4746373619141085
166,2.903614458,Feni,Kharif 1,27.0,72.5,Maize 1,March,April to May,June to July,482,34,20.0,60,85,,0.5023790786684436,0.2630879666671975,0.1963803024178799,0.16721740020424436,0.4589202557758623
1246,3.283306581,Gaibandha,Kharif 1,27.0,72.5,Maize 1,March,April to May,June to July,4091,34,20.0,60,85,57.0,0.5052634601391561,0.2735060580852789,0.15876189019163878,0.17207083922833047,0.3434167606212545
340,2.294117647,Gazipur,Kharif 1,27.0,72.5,Maize 1,March,April to May,June to July,780,34,20.0,60,85,,0.5111937838721802,0.2828056853755052,0.2274772802761458,0.14466732914074273,0.3482783737758274
27,2.814814815,Gopalganj,Kharif 1,27.0,72.5,Maize 1,March,April to May,June to July,76,34,20.0,60,85,56.0,0.6330877335678394,0.38199953751532034,0.35422901934965434,0.1199127377759667,0.4545933382146112
0,#DIV/0!,Habiganj,Kharif 1,27.0,72.5,Maize 1,March,April to May,June to July,0,34,20.0,60,85,,0.6014605348999472,0.31398328578370555,0.19321428864123885,0.18382231941274776,0.4730658538368976
12,3,Jamalpur,Kharif 1,27.0,72.5,Maize 1,March,April to May,June to July,36,34,20.0,60,85,,0.5278123755787749,0.22297635476335081,0.1653323427053578,0.16741299692015518,0.3849267622873427
76,3.723684211,Jashore,Kharif 1,27.0,72.5,Maize 1,March,April to May,June to July,283,34,20.0,60,85,,0.6067794453589154,0.4539885150881502,0.22612068654596965,0.17169084335343957,0.4688805230475235
0,#DIV/0!,Jhallokati,Kharif 1,27.0,72.5,Maize 1,March,April to May,June to July,0,34,20.0,60,85,,0.5179106140943847,0.41561080642029513,0.3597631336860996,0.07384675908221199,0.4152984185672557
212,2.900943396,Jhenaidah,Kharif 1,27.0,72.5,Maize 1,March,April to May,June to July,615,34,20.0,60,85,,0.6072717913709762,0.45103571796126785,0.28300646151334324,0.1413841302819675,0.5172636126901161
0,#DIV/0!,Joypurhat,Kharif 1,27.0,72.5,Maize 1,March,April to May,June to July,0,34,20.0,60,85,64.0,0.4871203122169448,0.4712835875486465,0.20386321314905329,0.16665660001680963,0.4013493246727935
411,1.104622871,Khagrachari,Kharif 1,27.0,72.5,Maize 1,March,April to May,June to July,454,34,20.0,60,85,54.0,0.5737845474176946,0.34193704880048653,0.39765545868649843,0.15185642041066866,0.6273542204861793
10,1.9,Khulna,Kharif 1,27.0,72.5,Maize 1,March,April to May,June to July,19,34,20.0,60,85,59.0,0.4979323952822052,0.2511024929868597,0.2216759831950258,0.1187748196308049,0.4395870026247023
0,#DIV/0!,Kishoreganj,Kharif 1,27.0,72.5,Maize 1,March,April to May,June to July,0,34,20.0,60,85,,0.6380676429483706,0.2504258930638966,0.006481761656305502,0.2729290235569589,0.4131448806084709
6575,3.255057034,Kurigram,Kharif 1,27.0,72.5,Maize 1,March,April to May,June to July,21402,34,20.0,60,85,,0.4446969686649252,0.23636353791101689,0.1300602656984782,0.14144041003406807,0.294759011881437
1088,2.609375,Kushtia,Kharif 1,27.0,72.5,Maize 1,March,April to May,June to July,2839,34,20.0,60,85,,0.5026391517689011,0.33207563640075244,0.33335787025152064,0.08289013399563736,0.5144873456235682
0,#DIV/0!,Lakshmipur,Kharif 1,27.0,72.5,Maize 1,March,April to May,June to July,0,34,20.0,60,85,56.0,0.4099483108021562,0.28839044650976275,0.17292957435842304,0.11413455024841045,0.329965698770968
17465,2.934726596,Lalmonirhat,Kharif 1,27.0,72.5,Maize 1,March,April to May,June to July,51255,34,20.0,60,85,,0.5685270716402814,0.3702293154345249,0.16372100625432434,0.17268302375776964,0.4948821771436415
0,#DIV/0!,Madaripur,Kharif 1,27.0,72.5,Maize 1,March,April to May,June to July,0,34,20.0,60,85,56.0,0.5126870864671587,0.27292122908348343,0.3287389803349343,0.13488726769103704,0.434792084871636
0,#DIV/0!,Magura,Kharif 1,27.0,72.5,Maize 1,March,April to May,June to July,0,34,20.0,60,85,61.0,0.5805999045721482,0.4234311922362701,0.3130526712611766,0.12108489101586342,0.4803835186927634
13736,2.142617938,Manikganj,Kharif 1,27.0,72.5,Maize 1,March,April to May,June to July,29431,34,20.0,60,85,,0.4337041495265221,0.28199105902087906,0.19566455095638163,0.10387131940646072,0.1994612868881428
0,#DIV/0!,Meherpur,Kharif 1,27.0,72.5,Maize 1,March,April to May,June to July,0,34,20.0,60,85,65.0,0.5708640413836734,0.43174117290000674,0.3793192558289909,0.08070340981022225,0.6363343859653814
0,#DIV/0!,Moulvibazar,Kharif 1,27.0,72.5,Maize 1,March,April to May,June to July,0,34,20.0,60,85,,0.5076200516171026,0.3022708497469954,0.3094903261863926,0.1058790313516131,0.4889183454377723
10584,2.193783069,Munshiganj,Kharif 1,27.0,72.5,Maize 1,March,April to May,June to July,23219,34,20.0,60,85,,0.4965979715632833,0.2530315956925989,0.31111437741848347,0.13489013492146715,0.521983445304389
0,#DIV/0!,Mymensingh,Kharif 1,27.0,72.5,Maize 1,March,April to May,June to July,0,34,20.0,60,85,,0.5686833849186683,0.23148725444566343,0.2085745226869839,0.16572087063030522,0.2832779421973829
2419,2.442744936,Naogaon,Kharif 1,27.0,72.5,Maize 1,March,April to May,June to July,5909,34,20.0,60,85,,0.6201124466265265,0.27659517117692745,0.22776404104909678,0.17984425915595545,0.3741281428245409
0,#DIV/0!,Narail,Kharif 1,27.0,72.5,Maize 1,March,April to May,June to July,0,34,20.0,60,85,58.0,0.574803629810534,0.35734674824201745,0.2782678966018445,0.1225526339346675,0.4757956922331443
0,#DIV/0!,Narayanganj,Kharif 1,27.0,72.5,Maize 1,March,April to May,June to July,0,34,20.0,60,85,,0.4347229780450177,0.27548071753916137,0.2808384602379154,0.08586774433202193,0.3254064295331264
0,#DIV/0!,Narsingdi,Kharif 1,27.0,72.5,Maize 1,March,April to May,June to July,0,34,20.0,60,85,,0.5675183682230315,0.3310155894517449,0.22647242664793082,0.18113729751773086,0.387696320210425
21198,2.466411926,Natore,Kharif 1,27.0,72.5,Maize 1,March,April to May,June to July,52283,34,20.0,60,85,,0.6157551872850959,0.3390716800523584,0.31875540179870426,0.14554232525761787,0.5612003405949629
0,#DIV/0!,Netrokona,Kharif 1,27.0,72.5,Maize 1,March,April to May,June to July,0,34,20.0,60,85,,0.638234140226114,0.1698412651344952,0.030327035931819398,0.2573863665656655,0.3702446184726372
3210,3.483800623,Nilphamari,Kharif 1,27.0,72.5,Maize 1,March,April to May,June to July,11183,34,20.0,60,85,,0.604066391741781,0.36928708635180274,0.11597816931250934,0.2064782265123255,0.446760339331025
0,#DIV/0!,Noakhali,Kharif 1,27.0,72.5,Maize 1,March,April to May,June to July,0,34,20.0,60,85,55.0,0.4854136963654465,0.2571827735931205,0.2063871105707611,0.14861694289886404,0.4522745592492853
90,2.744444444,Pabna,Kharif 1,27.0,72.5,Maize 1,March,April to May,June to July,247,34,20.0,60,85,,0.5026473561162811,0.30355652214594014,0.33303358491659063,0.0837642257910699,0.4649989728650389
2498,3.470376301,Panchagar,Kharif 1,27.0,72.5,Maize 1,March,April to May,June to July,8669,34,20.0,60,85,,0.4949864884497696,0.3750634430746394,0.21764237816120058,0.17085845560851765,0.4220167525726432
0,#DIV/0!,Patuakhali,Kharif 1,27.0,72.5,Maize 1,March,April to May,June to July,0,34,20.0,60,85,,0.3271561678385286,0.28612992202436355,0.22770589855817167,0.06323716074279337,0.2752790517888959
0,#DIV/0!,Pirojpur,Kharif 1,27.0,72.5,Maize 1,March,April to May,June to July,0,34,20.0,60,85,57.0,0.5271361118307798,0.37134908823182217,0.32470228550368935,0.09647468851399117,0.3932548344744789
34,2.352941176,Rajbari,Kharif 1,27.0,72.5,Maize 1,March,April to May,June to July,80,34,20.0,60,85,60.0,0.4806919129357807,0.33255516067533714,0.3470461775186826,0.09044494164499184,0.445050413155566
22695,2.658735404,Rajshahi,Kharif 1,27.0,72.5,Maize 1,March,April to May,June to July,60340,34,20.0,60,85,65.0,0.4771080227246705,0.30309694231746237,0.3021979606395825,0.10006939186201144,0.4500902862447303
500,1.336,Rangamati,Kharif 1,27.0,72.5,Maize 1,March,April to May,June to July,668,34,20.0,60,85,,0.4965180374554424,0.24797746780463203,0.4832582468804153,0.16007808186889375,0.6310743550546144
23269,3.127422751,Rangpur,Kharif 1,27.0,72.5,Maize 1,March,April to May,June to July,72772,34,20.0,60,85,59.0,0.5272187009814302,0.34518724660011235,0.14179391615801265,0.18016378748965575,0.4282935836855661
10,3.2,Satkhira,Kharif 1,27.0,72.5,Maize 1,March,April to May,June to July,32,34,20.0,60,85,59.0,0.4835354065029546,0.24832908273288276,0.18341935092184464,0.13309021043492963,0.416821054986026
0,#DIV/0!,Shariatpur,Kharif 1,27.0,72.5,Maize 1,March,April to May,June to July,0,34,20.0,60,85,55.0,0.4511789681561877,0.2165207346693628,0.2811869399772722,0.13364004519382397,0.391216738930908
136,3.514705882,Sherpur,Kharif 1,27.0,72.5,Maize 1,March,April to May,June to July,478,34,20.0,60,85,,0.6297376902178687,0.2478441401168339,0.17379975483308835,0.20971438212661841,0.355035413839545
305,2.249180328,Sirajganj,Kharif 1,27.0,72.5,Maize 1,March,April to May,June to July,686,34,20.0,60,85,,0.4737362339881535,0.1992548504084367,0.1886234534240659,0.13398644276839836,0.3198299670185812
0,#DIV/0!,Sunamganj,Kharif 1,27.0,72.5,Maize 1,March,April to May,June to July,0,34,20.0,60,85,54.0,0.6219959069450288,0.12260716587989734,-0.12594981330270924,0.3202112734347771,0.5312190703372729
0,#DIV/0!,Sylhet,Kharif 1,27.0,72.5,Maize 1,March,April to May,June to July,0,34,20.0,60,85,54.0,0.4933672733095434,0.1310576731138987,0.0779762325943725,0.19626076789661326,0.4606201196420315
0,#DIV/0!,Tangail,Kharif 1,27.0,72.5,Maize 1,March,April to May,June to July,0,34,20.0,60,85,60.0,0.5155877071618177,0.2076228346566947,0.14573236548565985,0.15521725235925032,0.2360260118339428
52049,2.593844262,Thakurgaon,Kharif 1,27.0,72.5,Maize 1,March,April to May,June to July,135007,34,20.0,60,85,,0.5465011801065398,0.4271167973970626,0.18827985731622104,0.16557704399802534,0.532704520344867
421,2.247030879,Bagerhat,Rabi,20.5,60.0,Maize 2,Dec,Jan  to  March,April,946,27,14.0,50,70,57.0,0.4540554389640537,0.5310603918516658,0.2844793013289463,0.11088340351188375,0.6214849029628107
373,1.461126005,Bandarban,Rabi,20.5,60.0,Maize 2,Dec,Jan  to  March,April,545,27,14.0,50,70,55.0,0.7680437191871492,0.6711461843279111,0.3876779567270571,0.15981098022326307,0.7636090237183978
126,1.436507937,Barguna,Rabi,20.5,60.0,Maize 2,Dec,Jan  to  March,April,181,27,14.0,50,70,57.0,0.4662558246927283,0.3254094075465732,0.2876097437686987,0.07249282641993464,0.6701243948177539
660,2,Barishal,Rabi,20.5,60.0,Maize 2,Dec,Jan  to  March,April,1320,27,14.0,50,70,,0.372827378606825,0.3258251891916187,0.3100169088937738,0.07081409617229877,0.5307537456864099
1954,2.688843398,Bhola,Rabi,20.5,60.0,Maize 2,Dec,Jan  to  March,April,5254,27,14.0,50,70,56.0,0.2620954557342561,0.25369716913212814,0.2246323016939531,0.033705417608764665,0.4295190696079973
17441,3.050283814,Bogura,Rabi,20.5,60.0,Maize 2,Dec,Jan  to  March,April,53200,27,14.0,50,70,,0.3144341526519014,0.402110869787143,0.3974557819503149,0.07806523367763034,0.4866866462303992
233,1.454935622,Brahmanbaria,Rabi,20.5,60.0,Maize 2,Dec,Jan  to  March,April,339,27,14.0,50,70,54.0,0.3347151991117539,0.4280301292838294,0.4667222562628336,0.1288518174454057,0.4832769726821609
11951,2.890051042,Chandpur,Rabi,20.5,60.0,Maize 2,Dec,Jan  to  March,April,34539,27,14.0,50,70,,0.4066104245438057,0.39344653680848696,0.2824497786894116,0.08264231471689698,0.511193701275472
14687,2.858786682,Chapai Nawabganj,Rabi,20.5,60.0,Maize 2,Dec,Jan  to  March,April,41987,27,14.0,50,70,,0.3864980319501888,0.44328237522718034,0.3377839429676815,0.07929653244090899,0.5166230847120769
66,2.590909091,Chattogram,Rabi,20.5,60.0,Maize 2,Dec,Jan  to  March,April,171,27,14.0,50,70,,0.5418237288330188,0.5028219050815989,0.3406132785765541,0.0803052118335613,0.6490491736260601
117887,4.386955305,Chuadanga,Rabi,20.5,60.0,Maize 2,Dec,Jan  to  March,April,517165,27,14.0,50,70,,0.4480905156880582,0.5678158007056634,0.4685908909016339,0.07234960972658722,0.5781108306077708
200,2.12,CoxsBazar,Rabi,20.5,60.0,Maize 2,Dec,Jan  to  March,April,424,27,14.0,50,70,55.0,0.479759680493097,0.46153591965254687,0.362233654035479,0.04712065042823963,0.5181658529893575
23305,2.450761639,Cumilla,Rabi,20.5,60.0,Maize 2,Dec,Jan  to  March,April,57115,27,14.0,50,70,,0.4591086341017765,0.4634169807395878,0.2799573140061434,0.11566161053705055,0.6332118144284202
10394,2.740908216,Dhaka,Rabi,20.5,60.0,Maize 2,Dec,Jan  to  March,April,28489,27,14.0,50,70,,0.3729581706124147,0.3773540523494136,0.2053280197750239,0.08401958637575263,0.4637615523232626
152992,3.562369274,Dinajpur,Rabi,20.5,60.0,Maize 2,Dec,Jan  to  March,April,545014,27,14.0,50,70,,0.2906194740532874,0.4391421972459331,0.3864902076658625,0.10898037453800447,0.5334847342658163
797,2.213299875,Faridpur,Rabi,20.5,60.0,Maize 2,Dec,Jan  to  March,April,1764,27,14.0,50,70,,0.3585719698538986,0.4630858807111416,0.1596716045798009,0.13738366390810816,0.5431138624575879
184,2.902173913,Feni,Rabi,20.5,60.0,Maize 2,Dec,Jan  to  March,April,534,27,14.0,50,70,,0.4082268131916088,0.46254311368047274,0.3154547680727988,0.06961302670674419,0.6568684139549554
32955,3.212380519,Gaibandha,Rabi,20.5,60.0,Maize 2,Dec,Jan  to  March,April,105864,27,14.0,50,70,57.0,0.2511277688066824,0.3644401500636081,0.2560613395709359,0.11110971374957339,0.472527892285157
6,1.666666667,Gazipur,Rabi,20.5,60.0,Maize 2,Dec,Jan  to  March,April,10,27,14.0,50,70,,0.503080146381813,0.4220036237240463,0.3013299480303391,0.09280545811085628,0.6351801312217112
88,2.863636364,Gopalganj,Rabi,20.5,60.0,Maize 2,Dec,Jan  to  March,April,252,27,14.0,50,70,56.0,0.4609106854805545,0.49104019236001745,0.365624571223079,0.10542223447685811,0.6431246483263354
27,1.444444444,Habiganj,Rabi,20.5,60.0,Maize 2,Dec,Jan  to  March,April,39,27,14.0,50,70,,0.2933653211174028,0.44688528396589416,0.4094105700184439,0.13686538738900883,0.490276717097282
27683,4.108008525,Jamalpur,Rabi,20.5,60.0,Maize 2,Dec,Jan  to  March,April,113722,27,14.0,50,70,,0.4257361694326304,0.4110530343427405,0.2203033803902141,0.11503349535318241,0.516399347268738
1394,3.233142037,Jashore,Rabi,20.5,60.0,Maize 2,Dec,Jan  to  March,April,4507,27,14.0,50,70,,0.4167681844969798,0.5077224522361125,0.5094016354846946,0.07353286273566573,0.5761013650280524
1095,2.19543379,Jhallokati,Rabi,20.5,60.0,Maize 2,Dec,Jan  to  March,April,2404,27,14.0,50,70,,0.5645420349590545,0.4437524233269056,0.3844964290526782,0.08022167130216228,0.7413763264744606
43029,3.984405866,Jhenaidah,Rabi,20.5,60.0,Maize 2,Dec,Jan  to  March,April,171445,27,14.0,50,70,,0.3797805611465307,0.5232380446390258,0.4932941383053687,0.08463701871685593,0.5856887814533969
817,3.461444308,Joypurhat,Rabi,20.5,60.0,Maize 2,Dec,Jan  to  March,April,2828,27,14.0,50,70,64.0,0.2968852712832193,0.4414659029625008,0.5481632788078854,0.09450554661552477,0.495012034982754
1062,2.04519774,Khagrachari,Rabi,20.5,60.0,Maize 2,Dec,Jan  to  March,April,2172,27,14.0,50,70,54.0,0.7269174609559165,0.6379503765918614,0.3194542381207939,0.16480071418699846,0.8046879631390788
203,2.871921182,Khulna,Rabi,20.5,60.0,Maize 2,Dec,Jan  to  March,April,583,27,14.0,50,70,59.0,0.4194859752623969,0.4572477264538242,0.2547487058378869,0.09135644612825006,0.5800102272282405
13926,3.099310642,Kishoreganj,Rabi,20.5,60.0,Maize 2,Dec,Jan  to  March,April,43161,27,14.0,50,70,,0.2840718604506674,0.4541608085029905,0.3676092519986164,0.14068617001925604,0.346103638367728
16200,3.302962963,Kurigram,Rabi,20.5,60.0,Maize 2,Dec,Jan  to  March,April,53508,27,14.0,50,70,,0.2948933587045184,0.3351256585018025,0.2226332627293874,0.08371504367873149,0.4533404465415963
23472,4.03889741,Kushtia,Rabi,20.5,60.0,Maize 2,Dec,Jan  to  March,April,94801,27,14.0,50,70,,0.3382201733296665,0.48457925711805044,0.3702999720630754,0.07812785274524288,0.5100774986217015
0,#DIV/0!,Lakshmipur,Rabi,20.5,60.0,Maize 2,Dec,Jan  to  March,April,0,27,14.0,50,70,56.0,0.4300570517628377,0.3344784905348415,0.3561816998129432,0.06634426666166583,0.5368424127097657
71196,3.621818641,Lalmonirhat,Rabi,20.5,60.0,Maize 2,Dec,Jan  to  March,April,257859,27,14.0,50,70,,0.3275862606305177,0.47779928539651834,0.4065448627465945,0.09743982525068033,0.4495769122619324
568,3.790492958,Madaripur,Rabi,20.5,60.0,Maize 2,Dec,Jan  to  March,April,2153,27,14.0,50,70,56.0,0.4022075356404387,0.4465895186859274,0.145892769350381,0.1378667850061235,0.5270003205348973
155,3.303225806,Magura,Rabi,20.5,60.0,Maize 2,Dec,Jan  to  March,April,512,27,14.0,50,70,61.0,0.3856792337217167,0.49517532132545855,0.3516332543736697,0.08985154867669824,0.5564517069988566
39569,3.337107331,Manikganj,Rabi,20.5,60.0,Maize 2,Dec,Jan  to  March,April,132046,27,14.0,50,70,,0.3774664093334369,0.3546973489651107,0.238108560268593,0.11011602663825164,0.4185406978474758
28300,4.413992933,Meherpur,Rabi,20.5,60.0,Maize 2,Dec,Jan  to  March,April,124916,27,14.0,50,70,65.0,0.4469524389105069,0.5831407600083424,0.4240959983858737,0.08812555438801599,0.5774080200216897
2,3.5,Moulvibazar,Rabi,20.5,60.0,Maize 2,Dec,Jan  to  March,April,7,27,14.0,50,70,,0.4977793993594279,0.4569660852913717,0.3772511111134909,0.0673203085377929,0.6199927514832799
721,2.67961165,Munshiganj,Rabi,20.5,60.0,Maize 2,Dec,Jan  to  March,April,1932,27,14.0,50,70,,0.3336655622501818,0.4525393377447156,0.1254731884929805,0.15888460968517018,0.4487728540074254
290,3.5,Mymensingh,Rabi,20.5,60.0,Maize 2,Dec,Jan  to  March,April,1015,27,14.0,50,70,,0.3867889892825891,0.3751157558309477,0.2792620099084889,0.1266476407662074,0.6097119497847369
14819,3.748093664,Naogaon,Rabi,20.5,60.0,Maize 2,Dec,Jan  to  March,April,55543,27,14.0,50,70,,0.300886392682955,0.43432741698029503,0.3353748718633925,0.13295541617518083,0.5271957717658298
301,3.524916944,Narail,Rabi,20.5,60.0,Maize 2,Dec,Jan  to  March,April,1061,27,14.0,50,70,58.0,0.3892973548681078,0.4821649438285152,0.3408352502702987,0.09177922797195084,0.5628542478735085
65,3.215384615,Narayanganj,Rabi,20.5,60.0,Maize 2,Dec,Jan  to  March,April,209,27,14.0,50,70,,0.4017658280813401,0.3641961125258338,0.2542342797497706,0.07060611072813075,0.484101190508087
39,2.58974359,Narsingdi,Rabi,20.5,60.0,Maize 2,Dec,Jan  to  March,April,101,27,14.0,50,70,,0.4960062531248373,0.4467058711280038,0.3744952593367734,0.08578653027208602,0.582228604206656
11500,3.425478261,Natore,Rabi,20.5,60.0,Maize 2,Dec,Jan  to  March,April,39393,27,14.0,50,70,,0.3470177874611827,0.5192715602395143,0.3938140226589006,0.12032212861891539,0.5182904304847376
0,#DIV/0!,Netrokona,Rabi,20.5,60.0,Maize 2,Dec,Jan  to  March,April,0,27,14.0,50,70,,0.3218828493909481,0.4137755486167342,0.2180584018053236,0.16971815233591292,0.4572107645523022
56777,4.236310478,Nilphamari,Rabi,20.5,60.0,Maize 2,Dec,Jan  to  March,April,240525,27,14.0,50,70,,0.3476216887866298,0.4580404607121493,0.348037858697919,0.11638621923881182,0.4830189104860807
256,3.1171875,Noakhali,Rabi,20.5,60.0,Maize 2,Dec,Jan  to  March,April,798,27,14.0,50,70,55.0,0.4379654866351988,0.43439086688218675,0.3485228861940609,0.05852972086407964,0.6121314642988956
1710,2.819883041,Pabna,Rabi,20.5,60.0,Maize 2,Dec,Jan  to  March,April,4822,27,14.0,50,70,,0.388404621513211,0.46696140823084287,0.3016887841086959,0.07747623188958398,0.4938904215556714
64720,4.201297899,Panchagar,Rabi,20.5,60.0,Maize 2,Dec,Jan  to  March,April,271908,27,14.0,50,70,,0.3552231484416963,0.40071757436792343,0.20279912294809,0.11411371251993274,0.485823986874206
112,1.491071429,Patuakhali,Rabi,20.5,60.0,Maize 2,Dec,Jan  to  March,April,167,27,14.0,50,70,,0.3910234141136282,0.3030411264598909,0.2365474556695895,0.05795581922374171,0.6429891164126075
533,1.866791745,Pirojpur,Rabi,20.5,60.0,Maize 2,Dec,Jan  to  March,April,995,27,14.0,50,70,57.0,0.5355773894093223,0.442526845137816,0.3392577304779658,0.08680036103687731,0.6965960442832237
695,2.998561151,Rajbari,Rabi,20.5,60.0,Maize 2,Dec,Jan  to  March,April,2084,27,14.0,50,70,60.0,0.3159894357608295,0.4385174120226673,0.2441449981923793,0.09604993253974836,0.466512607496879
17226,3.345698363,Rajshahi,Rabi,20.5,60.0,Maize 2,Dec,Jan  to  March,April,57633,27,14.0,50,70,65.0,0.3250446250255215,0.4345441802493639,0.39139088167786,0.06046054338697707,0.4638470315151211
554,2.124548736,Rangamati,Rabi,20.5,60.0,Maize 2,Dec,Jan  to  March,April,1177,27,14.0,50,70,,0.674089031025505,0.608992904675605,0.2740115169357396,0.17549329114672346,0.7572250026165042
44132,3.241616061,Rangpur,Rabi,20.5,60.0,Maize 2,Dec,Jan  to  March,April,143059,27,14.0,50,70,59.0,0.302229029600414,0.4177240754748042,0.2902257990630829,0.10524014074762443,0.5551464143048584
146,2.828767123,Satkhira,Rabi,20.5,60.0,Maize 2,Dec,Jan  to  March,April,413,27,14.0,50,70,59.0,0.4115941841061277,0.4390374300963688,0.2721199083647258,0.0775072193238727,0.4949600162131376
32,3.09375,Shariatpur,Rabi,20.5,60.0,Maize 2,Dec,Jan  to  March,April,99,27,14.0,50,70,55.0,0.3795439307242726,0.3988244619550267,0.0925735314905069,0.13943490520499544,0.4604456937918399
1922,2.475026015,Sherpur,Rabi,20.5,60.0,Maize 2,Dec,Jan  to  March,April,4757,27,14.0,50,70,,0.4173752128178273,0.42147435111796216,0.2678615620118689,0.14708925288262115,0.6041241456870005
30236,3.451316312,Sirajganj,Rabi,20.5,60.0,Maize 2,Dec,Jan  to  March,April,104354,27,14.0,50,70,,0.3521805347842084,0.374433544926247,0.2438028677727265,0.08325483652463546,0.3832723887128045
15,2.066666667,Sunamganj,Rabi,20.5,60.0,Maize 2,Dec,Jan  to  March,April,31,27,14.0,50,70,54.0,0.2344378897328882,0.4831048862306309,0.2385902396757943,0.17996784288848028,0.1793284797174766
29,1.827586207,Sylhet,Rabi,20.5,60.0,Maize 2,Dec,Jan  to  March,April,53,27,14.0,50,70,54.0,0.430003861913886,0.4382349369142626,0.2401914716423759,0.10041011432221666,0.5401497904776739
7685,2.931554977,Tangail,Rabi,20.5,60.0,Maize 2,Dec,Jan  to  March,April,22529,27,14.0,50,70,60.0,0.4405935738388953,0.37549463161646995,0.2191926340496671,0.12853262516363206,0.5500375193507461
69266,2.991727543,Thakurgaon,Rabi,20.5,60.0,Maize 2,Dec,Jan  to  March,April,207225,27,14.0,50,70,,0.3186676286823571,0.504262929415545,0.373304905125753,0.09892301576353027,0.4435090691546509
0,#DIV/0!,Bagerhat,Kharif 1,27.5,85.0,Malta,June,June to August,August to September,0,35,20.0,80,90,57.0,0.2093828623516599,0.2950134925899327,0.4274038167766788,0.11606441411920058,0.2670404721298456
1022,0.3238747554,Bandarban,Kharif 1,27.5,85.0,Malta,June,June to August,August to September,331,35,20.0,80,90,55.0,0.4365742393395427,0.4873758494471947,0.4368947017278657,0.06535487820984082,0.2612788417491431
0,#DIV/0!,Barguna,Kharif 1,27.5,85.0,Malta,June,June to August,August to September,0,35,20.0,80,90,57.0,0.2099802275666429,0.23863117597059522,0.251793712631361,0.08283244986176969,0.3323424160378924
190,0.4210526316,Barishal,Kharif 1,27.5,85.0,Malta,June,June to August,August to September,80,35,20.0,80,90,,0.1933459589530938,0.23613805496103848,0.25884791955367686,0.07737100330887633,0.309535002934125
0,#DIV/0!,Bhola,Kharif 1,27.5,85.0,Malta,June,June to August,August to September,0,35,20.0,80,90,56.0,0.1700006675577468,0.13946893734096613,0.14814231615787765,0.07202066392259102,0.1946286534864403
1,1,Bogura,Kharif 1,27.5,85.0,Malta,June,June to August,August to September,1,35,20.0,80,90,,0.1186313763339489,0.1834073810352517,0.21590492358133406,0.08938370522601545,0.2764687680682978
127,2.031496063,Brahmanbaria,Kharif 1,27.5,85.0,Malta,June,June to August,August to September,258,35,20.0,80,90,54.0,0.0571539099837129,0.15612526768194146,0.23311424095446215,0.08362303913044793,0.2371168297003784
0,#DIV/0!,Chandpur,Kharif 1,27.5,85.0,Malta,June,June to August,August to September,0,35,20.0,80,90,,0.2069406843342435,0.24914948642902943,0.25040468411213634,0.05655934101182492,0.244284950998653
46,0.6304347826,Chapai Nawabganj,Kharif 1,27.5,85.0,Malta,June,June to August,August to September,29,35,20.0,80,90,,0.372994229085631,0.36075364542673066,0.3140133434390434,0.07108443191316943,0.2662611383381359
0,#DIV/0!,Chattogram,Kharif 1,27.5,85.0,Malta,June,June to August,August to September,0,35,20.0,80,90,,0.2968827150300339,0.3344371289648777,0.3420172801180706,0.10400835725159772,0.291756878234579
17,5.058823529,Chuadanga,Kharif 1,27.5,85.0,Malta,June,June to August,August to September,86,35,20.0,80,90,,0.3525594225872085,0.35678541141680853,0.2719459361764927,0.11519656568102589,0.372967925798721
0,#DIV/0!,CoxsBazar,Kharif 1,27.5,85.0,Malta,June,June to August,August to September,0,35,20.0,80,90,55.0,0.3290250380015852,0.34773760695086736,0.31954097171244267,0.033502691541672826,0.280567372051847
0,#DIV/0!,Cumilla,Kharif 1,27.5,85.0,Malta,June,June to August,August to September,0,35,20.0,80,90,,0.1337973760585641,0.27041889417165876,0.291481144108595,0.13472550580222473,0.2661785623056151
0,#DIV/0!,Dhaka,Kharif 1,27.5,85.0,Malta,June,June to August,August to September,0,35,20.0,80,90,,0.2388020657596918,0.21215400231049686,0.24478020581549825,0.06797224647912765,0.2739750686969379
107,2.644859813,Dinajpur,Kharif 1,27.5,85.0,Malta,June,June to August,August to September,283,35,20.0,80,90,,0.0654733330872791,0.16282878044710997,0.29143132236001257,0.1177725127434581,0.3916540989397346
0,#DIV/0!,Faridpur,Kharif 1,27.5,85.0,Malta,June,June to August,August to September,0,35,20.0,80,90,,0.2985891466935776,0.24173796445702278,0.29755027175904253,0.07382784256738173,0.5012944760184437
0,#DIV/0!,Feni,Kharif 1,27.5,85.0,Malta,June,June to August,August to September,0,35,20.0,80,90,,0.0507026668147709,0.18850396740869013,0.2778078400860854,0.15400015719354504,0.2107211652615962
0,#DIV/0!,Gaibandha,Kharif 1,27.5,85.0,Malta,June,June to August,August to September,0,35,20.0,80,90,57.0,0.02131745298654,0.1679196318515741,0.2478348479411857,0.1332979027018208,0.2909507765996219
72,1.402777778,Gazipur,Kharif 1,27.5,85.0,Malta,June,June to August,August to September,101,35,20.0,80,90,,0.1101810937198298,0.1782788840637368,0.20271260530122726,0.13940917002480466,0.2642814227206714
0,#DIV/0!,Gopalganj,Kharif 1,27.5,85.0,Malta,June,June to August,August to September,0,35,20.0,80,90,56.0,0.3587029695775944,0.36058273047915157,0.4262801911371143,0.06013122360382198,0.3983745038075617
0,#DIV/0!,Habiganj,Kharif 1,27.5,85.0,Malta,June,June to August,August to September,0,35,20.0,80,90,,0.1404958846908667,0.18041933275302002,0.19736989304857525,0.055362781741152625,0.2185560015489672
0,#DIV/0!,Jamalpur,Kharif 1,27.5,85.0,Malta,June,June to August,August to September,0,35,20.0,80,90,,0.0660620517345922,0.1651581312342611,0.1737837077478204,0.08153051012225544,0.2256493291364875
81,3.728395062,Jashore,Kharif 1,27.5,85.0,Malta,June,June to August,August to September,302,35,20.0,80,90,,0.1878303907762366,0.26040367180119256,0.3564320953995454,0.0845019318060876,0.3985753946916057
55,3.363636364,Jhallokati,Kharif 1,27.5,85.0,Malta,June,June to August,August to September,185,35,20.0,80,90,,0.3198153813956541,0.3257560376153326,0.37830132123720983,0.1042504750053043,0.4467251837879121
60,1.233333333,Jhenaidah,Kharif 1,27.5,85.0,Malta,June,June to August,August to September,74,35,20.0,80,90,,0.3144404421042321,0.30816517118693304,0.3402855752061854,0.04441977739214792,0.408777297617167
0,#DIV/0!,Joypurhat,Kharif 1,27.5,85.0,Malta,June,June to August,August to September,0,35,20.0,80,90,64.0,0.1336078370665993,0.1805981085381633,0.22673930310718554,0.09586610348095315,0.3944038962894077
5561,0.04783312354,Khagrachari,Kharif 1,27.5,85.0,Malta,June,June to August,August to September,266,35,20.0,80,90,54.0,0.2320701094515291,0.4333408734547521,0.4214656657123207,0.15194708197970208,0.3644198594801792
0,#DIV/0!,Khulna,Kharif 1,27.5,85.0,Malta,June,June to August,August to September,0,35,20.0,80,90,59.0,0.2015083923668761,0.23922534488555489,0.33800911816002543,0.08652250745761857,0.2474562801358325
4,6,Kishoreganj,Kharif 1,27.5,85.0,Malta,June,June to August,August to September,24,35,20.0,80,90,,-0.0336641988977872,0.016074982793197103,0.04304073645143695,0.039501013940257554,0.1332425341291768
2,1,Kurigram,Kharif 1,27.5,85.0,Malta,June,June to August,August to September,2,35,20.0,80,90,,0.0474631119536175,0.14005288627957205,0.2499837168316994,0.12139004880496265,0.2500938130926464
0,#DIV/0!,Kushtia,Kharif 1,27.5,85.0,Malta,June,June to August,August to September,0,35,20.0,80,90,,0.360379678702526,0.32281811024020507,0.2806393664739088,0.04135195033548887,0.2938513007384295
0,#DIV/0!,Lakshmipur,Kharif 1,27.5,85.0,Malta,June,June to August,August to September,0,35,20.0,80,90,56.0,0.1289476151265251,0.17312367993425207,0.2043739971160656,0.047478122595384684,0.2205991932065824
96,0.6041666667,Lalmonirhat,Kharif 1,27.5,85.0,Malta,June,June to August,August to September,58,35,20.0,80,90,,0.1387455869466906,0.20399269667659103,0.3649299840462842,0.13498019150480547,0.3339137681224553
0,#DIV/0!,Madaripur,Kharif 1,27.5,85.0,Malta,June,June to August,August to September,0,35,20.0,80,90,56.0,0.3559742042723802,0.298561323274337,0.3222855593882866,0.07225857047955984,0.3999496888165858
4772,0.3233445096,Magura,Kharif 1,27.5,85.0,Malta,June,June to August,August to September,1543,35,20.0,80,90,61.0,0.3192240072859663,0.28372301221243107,0.28865274880881886,0.05403289968795251,0.4952291300988705
0,#DIV/0!,Manikganj,Kharif 1,27.5,85.0,Malta,June,June to August,August to September,0,35,20.0,80,90,,0.1685356100952224,0.19087231609317792,0.296352827831847,0.11267946852874856,0.3258735577731652
24,1.875,Meherpur,Kharif 1,27.5,85.0,Malta,June,June to August,August to September,45,35,20.0,80,90,65.0,0.4049998628938372,0.3838808521368812,0.25948503399526074,0.13081014276194805,0.4393863474141398
0,#DIV/0!,Moulvibazar,Kharif 1,27.5,85.0,Malta,June,June to August,August to September,0,35,20.0,80,90,,0.2872841543480849,0.28293930445605037,0.3190542249067888,0.0752706883926344,0.2272905883804999
0,#DIV/0!,Munshiganj,Kharif 1,27.5,85.0,Malta,June,June to August,August to September,0,35,20.0,80,90,,0.3061790651261972,0.2515810497126334,0.22296002498692666,0.08977885550589686,0.3805900028922174
0,#DIV/0!,Mymensingh,Kharif 1,27.5,85.0,Malta,June,June to August,August to September,0,35,20.0,80,90,,0.147268203746856,0.18537890202527174,0.31664926211503513,0.1656546286905534,0.183712498982838
34,6.558823529,Naogaon,Kharif 1,27.5,85.0,Malta,June,June to August,August to September,223,35,20.0,80,90,,0.151012544621987,0.23885959032399665,0.2954428396673448,0.07900979741446207,0.2178154704904624
4,1.25,Narail,Kharif 1,27.5,85.0,Malta,June,June to August,August to September,5,35,20.0,80,90,58.0,0.2931034421079588,0.2835308630843257,0.33682367999562923,0.05008985031836103,0.3738582462137362
0,#DIV/0!,Narayanganj,Kharif 1,27.5,85.0,Malta,June,June to August,August to September,0,35,20.0,80,90,,0.2139360142323902,0.2557490787610159,0.2585031197352457,0.07083903222984,0.2967271553285521
55,0.9454545455,Narsingdi,Kharif 1,27.5,85.0,Malta,June,June to August,August to September,52,35,20.0,80,90,,0.0686431818013071,0.2247308627605966,0.30355746053955873,0.1520000277951865,0.2875359195667165
30,3.566666667,Natore,Kharif 1,27.5,85.0,Malta,June,June to August,August to September,107,35,20.0,80,90,,0.2396934944526867,0.29576936652511276,0.19738068574590295,0.10444838300920238,0.2843293374458162
0,#DIV/0!,Netrokona,Kharif 1,27.5,85.0,Malta,June,June to August,August to September,0,35,20.0,80,90,,-0.0374691032015912,0.05679763863339246,0.20716307868771594,0.14076763592897118,0.1216241284636668
24,1.5,Nilphamari,Kharif 1,27.5,85.0,Malta,June,June to August,August to September,36,35,20.0,80,90,,0.1378536434354302,0.17637074377700532,0.3705376763987869,0.15971577644896207,0.3905363140056865
0,#DIV/0!,Noakhali,Kharif 1,27.5,85.0,Malta,June,June to August,August to September,0,35,20.0,80,90,55.0,0.1125262690416429,0.18637884921235115,0.20375110811533592,0.08983987267292985,0.1658426609921801
5,1.8,Pabna,Kharif 1,27.5,85.0,Malta,June,June to August,August to September,9,35,20.0,80,90,,0.3338369511018429,0.3105245352638637,0.267168065887026,0.03805732263979561,0.3054242601831844
30,2.7,Panchagar,Kharif 1,27.5,85.0,Malta,June,June to August,August to September,81,35,20.0,80,90,,0.194460217324899,0.2682288320359047,0.34521671646746704,0.07857028204550696,0.5473277632011888
0,#DIV/0!,Patuakhali,Kharif 1,27.5,85.0,Malta,June,June to August,August to September,0,35,20.0,80,90,,0.1845850493144675,0.1852391110342515,0.23325759894889453,0.11416674756423188,0.3357123883791376
87,2.390804598,Pirojpur,Kharif 1,27.5,85.0,Malta,June,June to August,August to September,208,35,20.0,80,90,57.0,0.264165553095138,0.30394761567671086,0.3679417832788916,0.10240609714262239,0.4034404459856785
0,#DIV/0!,Rajbari,Kharif 1,27.5,85.0,Malta,June,June to August,August to September,0,35,20.0,80,90,60.0,0.3693864167143024,0.2970234378073349,0.2690441376442564,0.07630980536681828,0.420965323158295
322,2.102484472,Rajshahi,Kharif 1,27.5,85.0,Malta,June,June to August,August to September,677,35,20.0,80,90,65.0,0.309744230953222,0.3092789883052905,0.2703161097973671,0.04752144075848529,0.2148030029570647
90,4.533333333,Rangamati,Kharif 1,27.5,85.0,Malta,June,June to August,August to September,408,35,20.0,80,90,,0.3566101220905236,0.45438042271379503,0.4020458927209217,0.11362763534434087,0.2219434186735245
38,3.289473684,Rangpur,Kharif 1,27.5,85.0,Malta,June,June to August,August to September,125,35,20.0,80,90,59.0,0.0468616342173195,0.18077115804206353,0.3352855188625463,0.1496508226669169,0.4001486941371419
0,#DIV/0!,Satkhira,Kharif 1,27.5,85.0,Malta,June,June to August,August to September,0,35,20.0,80,90,59.0,0.1194165133466915,0.209223999439243,0.2781635199485982,0.07696288562519213,0.2245382571010397
7,11.71428571,Shariatpur,Kharif 1,27.5,85.0,Malta,June,June to August,August to September,82,35,20.0,80,90,55.0,0.3246768434248136,0.28948176202032666,0.3219231427759088,0.04451492908033303,0.3404679378482187
25,5.44,Sherpur,Kharif 1,27.5,85.0,Malta,June,June to August,August to September,136,35,20.0,80,90,,0.0528778723675305,0.18268127838824996,0.2711154964219722,0.12741452779332943,0.2278267182217989
2,6,Sirajganj,Kharif 1,27.5,85.0,Malta,June,June to August,August to September,12,35,20.0,80,90,,0.1381345270632336,0.1652585464899234,0.14497477335042325,0.05292213394150377,0.1547068330441469
0,#DIV/0!,Sunamganj,Kharif 1,27.5,85.0,Malta,June,June to August,August to September,0,35,20.0,80,90,54.0,-0.1976703408679797,-0.08076530955029286,0.0079277229735016,0.09698192383488057,0.0066240920840004
1,21,Sylhet,Kharif 1,27.5,85.0,Malta,June,June to August,August to September,21,35,20.0,80,90,54.0,0.021092634797125,0.11117789593750627,0.2776328969217867,0.14872227592253864,0.0219238745854215
225,2.026666667,Tangail,Kharif 1,27.5,85.0,Malta,June,June to August,August to September,456,35,20.0,80,90,60.0,0.1318871049415015,0.15022118097715678,0.2475414525208851,0.09373245073879793,0.1960530352637223
40,4.875,Thakurgaon,Kharif 1,27.5,85.0,Malta,June,June to August,August to September,195,35,20.0,80,90,,0.1637129632869899,0.25305829680575775,0.3704238008493431,0.10751858750299784,0.4809286896683722
383,4.994778068,Bagerhat,Kharif 1,31.5,70.0,Mango,April,No need to do,April to June,1913,36,27.0,50,90,57.0,0.2844793013289463,,0.2536342119368173,0.03930222189698321,0.5711876241926808
2839,1.316308559,Bandarban,Kharif 1,31.5,70.0,Mango,April,No need to do,April to June,3737,36,27.0,50,90,55.0,0.3876779567270571,,0.36184367927191435,0.09045814790728385,0.5676824803630925
2348,3.066439523,Barguna,Kharif 1,31.5,70.0,Mango,April,No need to do,April to June,7200,36,27.0,50,90,57.0,0.2876097437686987,,0.27664412912441133,0.061913728851230185,0.3352139518717137
27465,0.3897687967,Barishal,Kharif 1,31.5,70.0,Mango,April,No need to do,April to June,10705,36,27.0,50,90,,0.3100169088937738,,0.27096595692699754,0.06722132193314931,0.43248229774155
715,2.116083916,Bhola,Kharif 1,31.5,70.0,Mango,April,No need to do,April to June,1513,36,27.0,50,90,56.0,0.2246323016939531,,0.1964205409127134,0.02735986124799251,0.3010654880049462
3148,7.126429479,Bogura,Kharif 1,31.5,70.0,Mango,April,No need to do,April to June,22434,36,27.0,50,90,,0.3974557819503149,,0.26418530878418717,0.13981746965532688,0.5031143822226227
2856,3.445028011,Brahmanbaria,Kharif 1,31.5,70.0,Mango,April,No need to do,April to June,9839,36,27.0,50,90,54.0,0.4667222562628336,,0.2536643319823083,0.20528497860847314,0.6120203918074798
1054,9.240037951,Chandpur,Kharif 1,31.5,70.0,Mango,April,No need to do,April to June,9739,36,27.0,50,90,,0.2824497786894116,,0.24455847134076938,0.037755290260009705,0.4859674573852385
63886,2.087906584,Chapai Nawabganj,Kharif 1,31.5,70.0,Mango,April,No need to do,April to June,133388,36,27.0,50,90,,0.3377839429676815,,0.32567977013048277,0.05438631643329818,0.5329944189746634
2583,7.667053813,Chattogram,Kharif 1,31.5,70.0,Mango,April,No need to do,April to June,19804,36,27.0,50,90,,0.3406132785765541,,0.309750957280389,0.0268501528404254,0.4802903771854044
914,6.927789934,Chuadanga,Kharif 1,31.5,70.0,Mango,April,No need to do,April to June,6332,36,27.0,50,90,,0.4685908909016339,,0.3980394130958545,0.06194562144549137,0.6064678529651709
1192,8.095637584,CoxsBazar,Kharif 1,31.5,70.0,Mango,April,No need to do,April to June,9650,36,27.0,50,90,55.0,0.362233654035479,,0.3239420213629704,0.041069735777928384,0.4628693746612334
5878,3.832766247,Cumilla,Kharif 1,31.5,70.0,Mango,April,No need to do,April to June,22529,36,27.0,50,90,,0.2799573140061434,,0.22664441745677422,0.08070249885788486,0.5910383419566766
533,10.64915572,Dhaka,Kharif 1,31.5,70.0,Mango,April,No need to do,April to June,5676,36,27.0,50,90,,0.2053280197750239,,0.23936838474388453,0.03432702826222808,0.4340019668066029
1534,27.2464146,Dinajpur,Kharif 1,31.5,70.0,Mango,April,No need to do,April to June,41796,36,27.0,50,90,,0.3864902076658625,,0.2812058798976254,0.1868477060555756,0.5768919544682428
1339,6.035847647,Faridpur,Kharif 1,31.5,70.0,Mango,April,No need to do,April to June,8082,36,27.0,50,90,,0.1596716045798009,,0.3198517424306074,0.17180110609540072,0.5101997893014788
1569,2.333970682,Feni,Kharif 1,31.5,70.0,Mango,April,No need to do,April to June,3662,36,27.0,50,90,,0.3154547680727988,,0.19229286671638865,0.13333461823768328,0.5023790786684436
1818,7.425192519,Gaibandha,Kharif 1,31.5,70.0,Mango,April,No need to do,April to June,13499,36,27.0,50,90,57.0,0.2560613395709359,,0.1894431897190326,0.1466424758312789,0.5052634601391561
1796,4.920378619,Gazipur,Kharif 1,31.5,70.0,Mango,April,No need to do,April to June,8837,36,27.0,50,90,,0.3013299480303391,,0.2252641548236134,0.10137174912996307,0.5111937838721802
1044,3.66954023,Gopalganj,Kharif 1,31.5,70.0,Mango,April,No need to do,April to June,3831,36,27.0,50,90,56.0,0.365624571223079,,0.3742340148694117,0.021190789201075075,0.6330877335678394
17256,2.091620306,Habiganj,Kharif 1,31.5,70.0,Mango,April,No need to do,April to June,36093,36,27.0,50,90,,0.4094105700184439,,0.2561541520860926,0.13834374828327706,0.6014605348999472
2664,4.801801802,Jamalpur,Kharif 1,31.5,70.0,Mango,April,No need to do,April to June,12792,36,27.0,50,90,,0.2203033803902141,,0.17067158708709795,0.09063393932186664,0.5278123755787749
3653,2.622502053,Jashore,Kharif 1,31.5,70.0,Mango,April,No need to do,April to June,9580,36,27.0,50,90,,0.5094016354846946,,0.36526914031751234,0.16335236848959556,0.6067794453589154
1957,0.5569749617,Jhallokati,Kharif 1,31.5,70.0,Mango,April,No need to do,April to June,1090,36,27.0,50,90,,0.3844964290526782,,0.3836789980787481,0.06345884990179344,0.5179106140943847
1768,9.680429864,Jhenaidah,Kharif 1,31.5,70.0,Mango,April,No need to do,April to June,17115,36,27.0,50,90,,0.4932941383053687,,0.40550395934225597,0.08947176771920076,0.6072717913709762
883,5.171007928,Joypurhat,Kharif 1,31.5,70.0,Mango,April,No need to do,April to June,4566,36,27.0,50,90,64.0,0.5481632788078854,,0.35872500405463076,0.2095681060721164,0.4871203122169448
4207,2.166389351,Khagrachari,Kharif 1,31.5,70.0,Mango,April,No need to do,April to June,9114,36,27.0,50,90,54.0,0.3194542381207939,,0.3053147356841674,0.06729827806138926,0.5737845474176946
1336,5.32260479,Khulna,Kharif 1,31.5,70.0,Mango,April,No need to do,April to June,7111,36,27.0,50,90,59.0,0.2547487058378869,,0.23457112611353184,0.028864392255107018,0.4979323952822052
644,16.17701863,Kishoreganj,Kharif 1,31.5,70.0,Mango,April,No need to do,April to June,10418,36,27.0,50,90,,0.3676092519986164,,0.15572919574333535,0.2015795948539667,0.6380676429483706
1173,9.415174766,Kurigram,Kharif 1,31.5,70.0,Mango,April,No need to do,April to June,11044,36,27.0,50,90,,0.2226332627293874,,0.17339672925855043,0.1099225974592679,0.4446969686649252
4450,11.08539326,Kushtia,Kharif 1,31.5,70.0,Mango,April,No need to do,April to June,49330,36,27.0,50,90,,0.3702999720630754,,0.3415103171680103,0.041570896554754856,0.5026391517689011
1923,1.001040042,Lakshmipur,Kharif 1,31.5,70.0,Mango,April,No need to do,April to June,1925,36,27.0,50,90,56.0,0.3561816998129432,,0.23524283604868354,0.11432261157611744,0.4099483108021562
899,6.351501669,Lalmonirhat,Kharif 1,31.5,70.0,Mango,April,No need to do,April to June,5710,36,27.0,50,90,,0.4065448627465945,,0.2930680726052468,0.1384932892289429,0.5685270716402814
1015,7.310344828,Madaripur,Kharif 1,31.5,70.0,Mango,April,No need to do,April to June,7420,36,27.0,50,90,56.0,0.145892769350381,,0.300605554146449,0.1357773734638443,0.5126870864671587
529,13.43289225,Magura,Kharif 1,31.5,70.0,Mango,April,No need to do,April to June,7106,36,27.0,50,90,61.0,0.3516332543736697,,0.38869546391950216,0.09367313567085692,0.5805999045721482
2707,2.033247137,Manikganj,Kharif 1,31.5,70.0,Mango,April,No need to do,April to June,5504,36,27.0,50,90,,0.238108560268593,,0.2441725760456602,0.0788440654734721,0.4337041495265221
6050,2.246942149,Meherpur,Kharif 1,31.5,70.0,Mango,April,No need to do,April to June,13594,36,27.0,50,90,65.0,0.4240959983858737,,0.42282740289795023,0.017228307528606428,0.5708640413836734
777,7.642213642,Moulvibazar,Kharif 1,31.5,70.0,Mango,April,No need to do,April to June,5938,36,27.0,50,90,,0.3772511111134909,,0.29727528461402525,0.0754778550806872,0.5076200516171026
265,11.76981132,Munshiganj,Kharif 1,31.5,70.0,Mango,April,No need to do,April to June,3119,36,27.0,50,90,,0.1254731884929805,,0.27074741883713166,0.1311971738124292,0.4965979715632833
6934,3.132391116,Mymensingh,Kharif 1,31.5,70.0,Mango,April,No need to do,April to June,21720,36,27.0,50,90,,0.2792620099084889,,0.20341423754606094,0.06816678144865626,0.5686833849186683
6061,6.631413958,Naogaon,Kharif 1,31.5,70.0,Mango,April,No need to do,April to June,40193,36,27.0,50,90,,0.3353748718633925,,0.23473429565861395,0.093338373192753,0.6201124466265265
1629,4.742786986,Narail,Kharif 1,31.5,70.0,Mango,April,No need to do,April to June,7726,36,27.0,50,90,58.0,0.3408352502702987,,0.33593231286399794,0.04060004547963214,0.574803629810534
80,23.7625,Narayanganj,Kharif 1,31.5,70.0,Mango,April,No need to do,April to June,1901,36,27.0,50,90,,0.2542342797497706,,0.2549658164369043,0.04140041811920036,0.4347229780450177
996,5.029116466,Narsingdi,Kharif 1,31.5,70.0,Mango,April,No need to do,April to June,5009,36,27.0,50,90,,0.3744952593367734,,0.2435581202349323,0.15759729838655304,0.5675183682230315
4083,14.94342395,Natore,Kharif 1,31.5,70.0,Mango,April,No need to do,April to June,61014,36,27.0,50,90,,0.3938140226589006,,0.3059456181858012,0.07930152582651218,0.6157551872850959
4404,6.514532243,Netrokona,Kharif 1,31.5,70.0,Mango,April,No need to do,April to June,28690,36,27.0,50,90,,0.2180584018053236,,0.10073780902246642,0.1290378053463969,0.638234140226114
595,17.17647059,Nilphamari,Kharif 1,31.5,70.0,Mango,April,No need to do,April to June,10220,36,27.0,50,90,,0.348037858697919,,0.29214260537967857,0.1352972376261314,0.604066391741781
730,9.063013699,Noakhali,Kharif 1,31.5,70.0,Mango,April,No need to do,April to June,6616,36,27.0,50,90,55.0,0.3485228861940609,,0.20896393874262795,0.12376665250773204,0.4854136963654465
2480,14.0141129,Pabna,Kharif 1,31.5,70.0,Mango,April,No need to do,April to June,34755,36,27.0,50,90,,0.3016887841086959,,0.3136499984645744,0.017581900863110927,0.5026473561162811
1934,8.198552223,Panchagar,Kharif 1,31.5,70.0,Mango,April,No need to do,April to June,15856,36,27.0,50,90,,0.20279912294809,,0.31486236782472593,0.20136410894794415,0.4949864884497696
4944,0.8181634304,Patuakhali,Kharif 1,31.5,70.0,Mango,April,No need to do,April to June,4045,36,27.0,50,90,,0.2365474556695895,,0.2522816311210649,0.07678242872588295,0.3271561678385286
3842,1.232170744,Pirojpur,Kharif 1,31.5,70.0,Mango,April,No need to do,April to June,4734,36,27.0,50,90,57.0,0.3392577304779658,,0.3356212431862608,0.06970862197235671,0.5271361118307798
2771,5.96030314,Rajbari,Kharif 1,31.5,70.0,Mango,April,No need to do,April to June,16516,36,27.0,50,90,60.0,0.2441449981923793,,0.34483224602165885,0.09093149786551198,0.4806919129357807
35724,6.885343187,Rajshahi,Kharif 1,31.5,70.0,Mango,April,No need to do,April to June,245972,36,27.0,50,90,65.0,0.39139088167786,,0.3053127051960489,0.08837730785207222,0.4771080227246705
3748,1.634204909,Rangamati,Kharif 1,31.5,70.0,Mango,April,No need to do,April to June,6125,36,27.0,50,90,,0.2740115169357396,,0.28418835256659586,0.06790770383317052,0.4965180374554424
951,24.89695058,Rangpur,Kharif 1,31.5,70.0,Mango,April,No need to do,April to June,23677,36,27.0,50,90,59.0,0.2902257990630829,,0.24574537580584807,0.1807949604290869,0.5272187009814302
3161,3.162923126,Satkhira,Kharif 1,31.5,70.0,Mango,April,No need to do,April to June,9998,36,27.0,50,90,59.0,0.2721199083647258,,0.205358226270819,0.0781376151382586,0.4835354065029546
10042,0.585939056,Shariatpur,Kharif 1,31.5,70.0,Mango,April,No need to do,April to June,5884,36,27.0,50,90,55.0,0.0925735314905069,,0.25257277092117975,0.13878817359403342,0.4511789681561877
2355,4.869639066,Sherpur,Kharif 1,31.5,70.0,Mango,April,No need to do,April to June,11468,36,27.0,50,90,,0.2678615620118689,,0.1828553842003994,0.114329840225645,0.6297376902178687
772,30.50129534,Sirajganj,Kharif 1,31.5,70.0,Mango,April,No need to do,April to June,23547,36,27.0,50,90,,0.2438028677727265,,0.17888140929336901,0.05683095247922965,0.4737362339881535
1667,8.347330534,Sunamganj,Kharif 1,31.5,70.0,Mango,April,No need to do,April to June,13915,36,27.0,50,90,54.0,0.2385902396757943,,0.01584799696393833,0.21827650778318605,0.6219959069450288
1487,3.347679892,Sylhet,Kharif 1,31.5,70.0,Mango,April,No need to do,April to June,4978,36,27.0,50,90,54.0,0.2401914716423759,,0.0944026603416408,0.12625749825359847,0.4933672733095434
2204,8.319419238,Tangail,Kharif 1,31.5,70.0,Mango,April,No need to do,April to June,18336,36,27.0,50,90,60.0,0.2191926340496671,,0.18237759141829699,0.045230821090172846,0.5155877071618177
4179,6.931562575,Thakurgaon,Kharif 1,31.5,70.0,Mango,April,No need to do,April to June,28967,36,27.0,50,90,,0.373304905125753,,0.3393155193603717,0.16131618959189412,0.5465011801065398
0,#DIV/0!,Bagerhat,Kharif 2,27.5,35.0,Mashkalai,Aug,Sep to Oct,Nov,0,35,20.0,25,45,57.0,0.36797252036576,0.5209035211125709,0.6214849029628107,0.10822922826383441,0.3076850950523782
3,0,Bandarban,Kharif 2,27.5,35.0,Mashkalai,Aug,Sep to Oct,Nov,0,35,20.0,25,45,55.0,0.4875178800779642,0.56465406377732,0.7636090237183978,0.1874955775464185,0.5380354289240772
210,0.380952381,Barguna,Kharif 2,27.5,35.0,Mashkalai,Aug,Sep to Oct,Nov,80,35,20.0,25,45,57.0,0.1725115850101264,0.46005407100422857,0.6701243948177539,0.22991339401043845,0.3334017153350163
4,0.5,Barishal,Kharif 2,27.5,35.0,Mashkalai,Aug,Sep to Oct,Nov,2,35,20.0,25,45,,0.1904844619362955,0.4341648750731914,0.5307537456864099,0.16948812606336158,0.3245837439937262
0,#DIV/0!,Bhola,Kharif 2,27.5,35.0,Mashkalai,Aug,Sep to Oct,Nov,0,35,20.0,25,45,56.0,0.0628187267415414,0.32749655180555476,0.4295190696079973,0.17467329774529008,0.1855874177236102
696,0.4698275862,Bogura,Kharif 2,27.5,35.0,Mashkalai,Aug,Sep to Oct,Nov,327,35,20.0,25,45,,0.1458454463723086,0.4451416864588663,0.4866866462303992,0.2044261145515635,0.2857453203994977
1022,0.4637964775,Brahmanbaria,Kharif 2,27.5,35.0,Mashkalai,Aug,Sep to Oct,Nov,474,35,20.0,25,45,54.0,0.2231572914897405,0.3307084410611419,0.4832769726821609,0.12870941540751957,0.188064601572371
623,0.3258426966,Chandpur,Kharif 2,27.5,35.0,Mashkalai,Aug,Sep to Oct,Nov,203,35,20.0,25,45,,0.2156911286424974,0.40607724627391495,0.511193701275472,0.1578404010992369,0.3248166463103474
23226,0.3376819082,Chapai Nawabganj,Kharif 2,27.5,35.0,Mashkalai,Aug,Sep to Oct,Nov,7843,35,20.0,25,45,,0.3933928204975689,0.39205682111335066,0.5166230847120769,0.14273479757797486,0.3158738866969921
82,0.4512195122,Chattogram,Kharif 2,27.5,35.0,Mashkalai,Aug,Sep to Oct,Nov,37,35,20.0,25,45,,0.2472074271527324,0.5465999003425062,0.6490491736260601,0.195392913096605,0.4592212447118667
904,0.3296460177,Chuadanga,Kharif 2,27.5,35.0,Mashkalai,Aug,Sep to Oct,Nov,298,35,20.0,25,45,,0.4048532779091586,0.37246684066481406,0.5781108306077708,0.21459357175671265,0.3129435337540583
0,#DIV/0!,CoxsBazar,Kharif 2,27.5,35.0,Mashkalai,Aug,Sep to Oct,Nov,0,35,20.0,25,45,55.0,0.3524293584290747,0.4393519451254522,0.5181658529893575,0.14187426317068147,0.3617584244219423
423,0.4113475177,Cumilla,Kharif 2,27.5,35.0,Mashkalai,Aug,Sep to Oct,Nov,174,35,20.0,25,45,,0.2342026799041616,0.4874035098281556,0.6332118144284202,0.20077491227360683,0.4432566265522507
1434,0.440027894,Dhaka,Kharif 2,27.5,35.0,Mashkalai,Aug,Sep to Oct,Nov,631,35,20.0,25,45,,0.1617085368810471,0.3739978340952797,0.4637615523232626,0.1337037029818151,0.2359514042907517
645,0.4945736434,Dinajpur,Kharif 2,27.5,35.0,Mashkalai,Aug,Sep to Oct,Nov,319,35,20.0,25,45,,0.2318182627073085,0.5239328823548817,0.5334847342658163,0.2043221529514548,0.1911947455467423
1969,0.3941086846,Faridpur,Kharif 2,27.5,35.0,Mashkalai,Aug,Sep to Oct,Nov,776,35,20.0,25,45,,0.2343987436039652,0.4589359376067993,0.5431138624575879,0.154787580283514,0.1922260030735255
114,0.3245614035,Feni,Kharif 2,27.5,35.0,Mashkalai,Aug,Sep to Oct,Nov,37,35,20.0,25,45,,0.1727512973903106,0.5346346076270578,0.6568684139549554,0.24331808040470812,0.3420579380209889
820,0.3707317073,Gaibandha,Kharif 2,27.5,35.0,Mashkalai,Aug,Sep to Oct,Nov,304,35,20.0,25,45,57.0,0.1862351151714448,0.4143047369498758,0.472527892285157,0.15295885284798005,0.2962063273967376
632,0.2515822785,Gazipur,Kharif 2,27.5,35.0,Mashkalai,Aug,Sep to Oct,Nov,159,35,20.0,25,45,,0.0798820916389187,0.4239447020268672,0.6351801312217112,0.24355318686542382,0.3447734668324618
389,0.3393316195,Gopalganj,Kharif 2,27.5,35.0,Mashkalai,Aug,Sep to Oct,Nov,132,35,20.0,25,45,56.0,0.373290152738146,0.5529510431533057,0.6431246483263354,0.12814711032020948,0.3497550691217142
3,0,Habiganj,Kharif 2,27.5,35.0,Mashkalai,Aug,Sep to Oct,Nov,0,35,20.0,25,45,,0.1548294209765824,0.34940311996626405,0.490276717097282,0.16427689652905264,0.245932692591611
4169,0.3547613337,Jamalpur,Kharif 2,27.5,35.0,Mashkalai,Aug,Sep to Oct,Nov,1479,35,20.0,25,45,,0.1648097082920677,0.3754107767415175,0.516399347268738,0.2138921242818444,0.2646026336761234
908,0.3755506608,Jashore,Kharif 2,27.5,35.0,Mashkalai,Aug,Sep to Oct,Nov,341,35,20.0,25,45,,0.3289696423116384,0.543372186262044,0.5761013650280524,0.1728723816297973,0.2644109823157027
0,#DIV/0!,Jhallokati,Kharif 2,27.5,35.0,Mashkalai,Aug,Sep to Oct,Nov,0,35,20.0,25,45,,0.2577418454737988,0.5986356350553269,0.7413763264744606,0.22111637569532944,0.3997108859765451
1710,0.3409356725,Jhenaidah,Kharif 2,27.5,35.0,Mashkalai,Aug,Sep to Oct,Nov,583,35,20.0,25,45,,0.3584825905341126,0.5329267355608904,0.5856887814533969,0.19867765564587012,0.2515724809224544
147,0.380952381,Joypurhat,Kharif 2,27.5,35.0,Mashkalai,Aug,Sep to Oct,Nov,56,35,20.0,25,45,64.0,0.1340678993163834,0.5072211101913036,0.495012034982754,0.24000823082430392,0.2741185892315073
0,#DIV/0!,Khagrachari,Kharif 2,27.5,35.0,Mashkalai,Aug,Sep to Oct,Nov,0,35,20.0,25,45,54.0,0.5047117029912593,0.551657177663618,0.8046879631390788,0.2211499054194972,0.5632408079214678
105,0.4285714286,Khulna,Kharif 2,27.5,35.0,Mashkalai,Aug,Sep to Oct,Nov,45,35,20.0,25,45,59.0,0.2743240682666131,0.4768808779489006,0.5800102272282405,0.14200886304583313,0.2418435740231755
1059,0.5269121813,Kishoreganj,Kharif 2,27.5,35.0,Mashkalai,Aug,Sep to Oct,Nov,558,35,20.0,25,45,,0.0352614250669803,0.12134424014598144,0.346103638367728,0.14499030181920325,0.0466277222103982
2084,0.4227447217,Kurigram,Kharif 2,27.5,35.0,Mashkalai,Aug,Sep to Oct,Nov,881,35,20.0,25,45,,0.1600381274417598,0.41611921889355363,0.4533404465415963,0.1489942289448691,0.2126574194433389
620,0.4967741935,Kushtia,Kharif 2,27.5,35.0,Mashkalai,Aug,Sep to Oct,Nov,308,35,20.0,25,45,,0.301738590217574,0.4428746170924917,0.5100774986217015,0.17348596182597667,0.3063360618005153
77,0.2337662338,Lakshmipur,Kharif 2,27.5,35.0,Mashkalai,Aug,Sep to Oct,Nov,18,35,20.0,25,45,56.0,0.1735118910859101,0.3803014351597838,0.5368424127097657,0.19037127294278444,0.216911533590321
218,0.3899082569,Lalmonirhat,Kharif 2,27.5,35.0,Mashkalai,Aug,Sep to Oct,Nov,85,35,20.0,25,45,,0.2845360775211245,0.5229435337718871,0.4495769122619324,0.12906022557703567,0.1886964255619581
1075,0.3990697674,Madaripur,Kharif 2,27.5,35.0,Mashkalai,Aug,Sep to Oct,Nov,429,35,20.0,25,45,56.0,0.2382060091531424,0.48720447051668314,0.5270003205348973,0.14800057976340938,0.3015037563974885
158,0.4050632911,Magura,Kharif 2,27.5,35.0,Mashkalai,Aug,Sep to Oct,Nov,64,35,20.0,25,45,61.0,0.2250636941149401,0.5348021394978199,0.5564517069988566,0.21780293882979335,0.3068813352363869
8930,0.3913773796,Manikganj,Kharif 2,27.5,35.0,Mashkalai,Aug,Sep to Oct,Nov,3495,35,20.0,25,45,,0.1812878463667706,0.41540088024896,0.4185406978474758,0.11763409955789018,0.2227934918175409
1733,0.4852856319,Meherpur,Kharif 2,27.5,35.0,Mashkalai,Aug,Sep to Oct,Nov,841,35,20.0,25,45,65.0,0.3930040447526618,0.3908698203464722,0.5774080200216897,0.2354072905942809,0.3536386487641446
267,0.456928839,Moulvibazar,Kharif 2,27.5,35.0,Mashkalai,Aug,Sep to Oct,Nov,122,35,20.0,25,45,,0.2298372609953658,0.4582002612941123,0.6199927514832799,0.16553386978662127,0.3316964980247003
158,0.4430379747,Munshiganj,Kharif 2,27.5,35.0,Mashkalai,Aug,Sep to Oct,Nov,70,35,20.0,25,45,,0.1325143943009333,0.3966906142497604,0.4487728540074254,0.15824921213767618,0.3160496897107698
2050,0.3907317073,Mymensingh,Kharif 2,27.5,35.0,Mashkalai,Aug,Sep to Oct,Nov,801,35,20.0,25,45,,0.1389876607018474,0.5802072434865271,0.6097119497847369,0.23658989780225598,0.2698808416271118
579,0.4162348877,Naogaon,Kharif 2,27.5,35.0,Mashkalai,Aug,Sep to Oct,Nov,241,35,20.0,25,45,,0.2610506888737964,0.4867980477394219,0.5271957717658298,0.17633304384791004,0.3045155374762066
103,0.3495145631,Narail,Kharif 2,27.5,35.0,Mashkalai,Aug,Sep to Oct,Nov,36,35,20.0,25,45,58.0,0.294056796049288,0.5023501757492198,0.5628542478735085,0.15462459861888322,0.2634323510957302
45,0.4,Narayanganj,Kharif 2,27.5,35.0,Mashkalai,Aug,Sep to Oct,Nov,18,35,20.0,25,45,,0.2055703158072168,0.3495276482323971,0.484101190508087,0.11791762226445507,0.3477409062434406
501,0.4550898204,Narsingdi,Kharif 2,27.5,35.0,Mashkalai,Aug,Sep to Oct,Nov,228,35,20.0,25,45,,0.2212477349859281,0.4035722195017175,0.582228604206656,0.14808093972185832,0.3843016714945546
701,0.332382311,Natore,Kharif 2,27.5,35.0,Mashkalai,Aug,Sep to Oct,Nov,233,35,20.0,25,45,,0.2497972959779298,0.3860207300644457,0.5182904304847376,0.2252885638814855,0.3978173091447218
341,0.6011730205,Netrokona,Kharif 2,27.5,35.0,Mashkalai,Aug,Sep to Oct,Nov,205,35,20.0,25,45,,0.1097388440365386,0.3422064426038478,0.4572107645523022,0.1490505181532676,0.09812317506523
93,0.3978494624,Nilphamari,Kharif 2,27.5,35.0,Mashkalai,Aug,Sep to Oct,Nov,37,35,20.0,25,45,,0.2971558927059972,0.5486483070922028,0.4830189104860807,0.14645858826426486,0.0941026951895885
121,0.3305785124,Noakhali,Kharif 2,27.5,35.0,Mashkalai,Aug,Sep to Oct,Nov,40,35,20.0,25,45,55.0,0.1463623264955313,0.4177507491506494,0.6121314642988956,0.2302222941656167,0.3002479520998793
4860,0.4816872428,Pabna,Kharif 2,27.5,35.0,Mashkalai,Aug,Sep to Oct,Nov,2341,35,20.0,25,45,,0.2655064359584098,0.42251757952291263,0.4938904215556714,0.1582751120757719,0.3322302187313384
310,0.4387096774,Panchagar,Kharif 2,27.5,35.0,Mashkalai,Aug,Sep to Oct,Nov,136,35,20.0,25,45,,0.369401739785313,0.5171154443562651,0.485823986874206,0.17481938946005385,0.2408245389975022
0,#DIV/0!,Patuakhali,Kharif 2,27.5,35.0,Mashkalai,Aug,Sep to Oct,Nov,0,35,20.0,25,45,,0.1003055359864112,0.4935695825619868,0.6429891164126075,0.2546624364427509,0.2708267478018758
0,#DIV/0!,Pirojpur,Kharif 2,27.5,35.0,Mashkalai,Aug,Sep to Oct,Nov,0,35,20.0,25,45,57.0,0.2624382760227538,0.5689410239309609,0.6965960442832237,0.20040124872955173,0.3852390179122407
1036,0.4208494208,Rajbari,Kharif 2,27.5,35.0,Mashkalai,Aug,Sep to Oct,Nov,436,35,20.0,25,45,60.0,0.1969779583846395,0.46245153404869815,0.466512607496879,0.16618861731086929,0.3247059383230628
8204,0.3728668942,Rajshahi,Kharif 2,27.5,35.0,Mashkalai,Aug,Sep to Oct,Nov,3059,35,20.0,25,45,65.0,0.3234410436367065,0.3904977265295081,0.4638470315151211,0.1526839228943546,0.2946516903259429
0,#DIV/0!,Rangamati,Kharif 2,27.5,35.0,Mashkalai,Aug,Sep to Oct,Nov,0,35,20.0,25,45,,0.3966247743805545,0.5671301359510404,0.7572250026165042,0.19672046697322976,0.609906371670307
1197,0.4711779449,Rangpur,Kharif 2,27.5,35.0,Mashkalai,Aug,Sep to Oct,Nov,564,35,20.0,25,45,59.0,0.2587256418101652,0.5431476811347895,0.5551464143048584,0.17978397391048326,0.2367261980987058
330,0.2939393939,Satkhira,Kharif 2,27.5,35.0,Mashkalai,Aug,Sep to Oct,Nov,97,35,20.0,25,45,59.0,0.2608332964740397,0.4124134270358451,0.4949600162131376,0.13655217896357313,0.2474221884969978
238,0.5378151261,Shariatpur,Kharif 2,27.5,35.0,Mashkalai,Aug,Sep to Oct,Nov,128,35,20.0,25,45,55.0,0.3060714061064356,0.4214326000383027,0.4604456937918399,0.09551648527698318,0.2376970365297308
1359,0.5607064018,Sherpur,Kharif 2,27.5,35.0,Mashkalai,Aug,Sep to Oct,Nov,762,35,20.0,25,45,,0.2004443254985731,0.5023450503179366,0.6041241456870005,0.2183642629054117,0.2947216372986462
7306,0.33657268,Sirajganj,Kharif 2,27.5,35.0,Mashkalai,Aug,Sep to Oct,Nov,2459,35,20.0,25,45,,0.1185287326216384,0.3010542563846624,0.3832723887128045,0.15402343289501932,0.2391123797848982
278,0.428057554,Sunamganj,Kharif 2,27.5,35.0,Mashkalai,Aug,Sep to Oct,Nov,119,35,20.0,25,45,54.0,0.0096036979545399,0.0388675287511582,0.1793284797174766,0.08087444789042958,-0.0542292857374388
131,0.5114503817,Sylhet,Kharif 2,27.5,35.0,Mashkalai,Aug,Sep to Oct,Nov,67,35,20.0,25,45,54.0,0.1775812226237738,0.41810031798021796,0.5401497904776739,0.15546018917534946,0.13485983039162
13122,0.2970583752,Tangail,Kharif 2,27.5,35.0,Mashkalai,Aug,Sep to Oct,Nov,3898,35,20.0,25,45,60.0,0.1591988119601507,0.4660683481933595,0.5500375193507461,0.20223292786875452,0.1595776260298182
803,0.3212951432,Thakurgaon,Kharif 2,27.5,35.0,Mashkalai,Aug,Sep to Oct,Nov,258,35,20.0,25,45,,0.3826151757848311,0.5247897143684177,0.4435090691546509,0.1525557259834554,0.2128467513454522
141,0.3191489362,Bagerhat,Kharif 2,22.5,82.5,Motor,Oct,Nov to March,March to April,45,30,15.0,75,90,57.0,0.5549719290375441,0.5337443034963723,0.4278334627608135,0.1100116478308852,0.4868351131875976
64,0.375,Bandarban,Kharif 2,22.5,82.5,Motor,Oct,Nov to March,March to April,24,30,15.0,75,90,55.0,0.7430366041768727,0.7090182591778561,0.4776802185450748,0.14304254324966362,0.3862715233777672
18,0.9444444444,Barguna,Kharif 2,22.5,82.5,Motor,Oct,Nov to March,March to April,17,30,15.0,75,90,57.0,0.5890323017558614,0.4225216884300404,0.3114118478202062,0.15230155193712117,0.3310758402525957
28,0.5,Barishal,Kharif 2,22.5,82.5,Motor,Oct,Nov to March,March to April,14,30,15.0,75,90,,0.5411183729753246,0.3762113383736182,0.3712496033176619,0.11510079301947224,0.3272113771710582
0,#DIV/0!,Bhola,Kharif 2,22.5,82.5,Motor,Oct,Nov to March,March to April,0,30,15.0,75,90,56.0,0.4215271980368956,0.2905412065477276,0.2628488948494496,0.09019156532880034,0.2334659055742139
0,#DIV/0!,Bogura,Kharif 2,22.5,82.5,Motor,Oct,Nov to March,March to April,0,30,15.0,75,90,,0.6043189721273731,0.4014906816487459,0.4502850820864688,0.10702124046307472,0.2859644007903595
56,0.3392857143,Brahmanbaria,Kharif 2,22.5,82.5,Motor,Oct,Nov to March,March to April,19,30,15.0,75,90,54.0,0.4183456917031,0.42041651192908064,0.5393713240351568,0.10812197459441848,0.2430711904191838
95,0.5157894737,Chandpur,Kharif 2,22.5,82.5,Motor,Oct,Nov to March,March to April,49,30,15.0,75,90,,0.5270362529660546,0.4196287472489478,0.3842086180373251,0.09796058581674542,0.2851182395817753
397,0.3098236776,Chapai Nawabganj,Kharif 2,22.5,82.5,Motor,Oct,Nov to March,March to April,123,30,15.0,75,90,,0.5494797758461835,0.4465936484687614,0.4353891809711724,0.08853729197097461,0.2346338663805179
132,0.3484848485,Chattogram,Kharif 2,22.5,82.5,Motor,Oct,Nov to March,March to April,46,30,15.0,75,90,,0.6563726676016034,0.5398677235407751,0.4104518278809792,0.10750040936404333,0.4368271330834088
118,0.4491525424,Chuadanga,Kharif 2,22.5,82.5,Motor,Oct,Nov to March,March to April,53,30,15.0,75,90,,0.6058950868858013,0.5459297496825638,0.5375293719334024,0.06822161350001604,0.1390385944438268
0,#DIV/0!,CoxsBazar,Kharif 2,22.5,82.5,Motor,Oct,Nov to March,March to April,0,30,15.0,75,90,55.0,0.5920513052550939,0.47650665848801904,0.41255151434835624,0.06931836672637309,0.2866525849958106
43,0.511627907,Cumilla,Kharif 2,22.5,82.5,Motor,Oct,Nov to March,March to April,22,30,15.0,75,90,,0.6260474113432829,0.496514278149792,0.43549782798141,0.1371442986277815,0.3487596083130284
205,0.556097561,Dhaka,Kharif 2,22.5,82.5,Motor,Oct,Nov to March,March to April,114,30,15.0,75,90,,0.42014379344061,0.3937563759967836,0.31966499329081344,0.08508889886739143,0.3278518747499494
59,0.1355932203,Dinajpur,Kharif 2,22.5,82.5,Motor,Oct,Nov to March,March to April,8,30,15.0,75,90,,0.6968213826970469,0.42830616001138067,0.48169108106705266,0.1458592526127134,0.3510443820127166
1319,0.4078847612,Faridpur,Kharif 2,22.5,82.5,Motor,Oct,Nov to March,March to April,538,30,15.0,75,90,,0.5571700752994787,0.4581886948889823,0.33493569694063985,0.13917883553703742,0.3607017999141199
318,0.5503144654,Feni,Kharif 2,22.5,82.5,Motor,Oct,Nov to March,March to April,175,30,15.0,75,90,,0.6864048324722554,0.49054491363759645,0.4089169233706212,0.13457311384527107,0.3828643827818602
7,0.2857142857,Gaibandha,Kharif 2,22.5,82.5,Motor,Oct,Nov to March,March to April,2,30,15.0,75,90,57.0,0.5191748931888249,0.36339522225653276,0.380662399855046,0.12556206186323002,0.3094345807109266
7,0.2857142857,Gazipur,Kharif 2,22.5,82.5,Motor,Oct,Nov to March,March to April,2,30,15.0,75,90,,0.5223462850901985,0.4808542297551326,0.4062618659512596,0.11515122917711507,0.3255431189635358
574,0.4216027875,Gopalganj,Kharif 2,22.5,82.5,Motor,Oct,Nov to March,March to April,242,30,15.0,75,90,56.0,0.6266318567705287,0.5154311821773885,0.4993561523954592,0.12132253367968518,0.4792702295360826
0,#DIV/0!,Habiganj,Kharif 2,22.5,82.5,Motor,Oct,Nov to March,March to April,0,30,15.0,75,90,,0.45889587481196,0.4248595780224734,0.5054355524591956,0.11663684385299297,0.2399103651205681
37,0.3783783784,Jamalpur,Kharif 2,22.5,82.5,Motor,Oct,Nov to March,March to April,14,30,15.0,75,90,,0.5680638462794619,0.4350589239459179,0.3740578779844945,0.12504480572978646,0.1827577072035731
655,0.4396946565,Jashore,Kharif 2,22.5,82.5,Motor,Oct,Nov to March,March to April,288,30,15.0,75,90,,0.7028498240366357,0.5032073812466739,0.5580905404218051,0.10135421241836014,0.3838945484874524
28,0.5357142857,Jhallokati,Kharif 2,22.5,82.5,Motor,Oct,Nov to March,March to April,15,30,15.0,75,90,,0.6984104731100329,0.5274351262828464,0.45120352157353144,0.14497461352264937,0.4988607970006209
671,0.3740685544,Jhenaidah,Kharif 2,22.5,82.5,Motor,Oct,Nov to March,March to April,251,30,15.0,75,90,,0.7437649112435227,0.507036695303401,0.5502829648381724,0.11936234993167984,0.3220885598782582
17,0.4705882353,Joypurhat,Kharif 2,22.5,82.5,Motor,Oct,Nov to March,March to April,8,30,15.0,75,90,64.0,0.6950315134846194,0.4232590030306952,0.5176417955124151,0.12437850475115055,0.3194107068979877
104,0.4134615385,Khagrachari,Kharif 2,22.5,82.5,Motor,Oct,Nov to March,March to April,43,30,15.0,75,90,54.0,0.7650947268938538,0.6890913107741159,0.44661939276924423,0.16459511644422764,0.3382196284333821
16,0.3125,Khulna,Kharif 2,22.5,82.5,Motor,Oct,Nov to March,March to April,5,30,15.0,75,90,59.0,0.5520675878443635,0.474247876370422,0.376340550560046,0.10717354579240082,0.4016941680534377
10,0.3,Kishoreganj,Kharif 2,22.5,82.5,Motor,Oct,Nov to March,March to April,3,30,15.0,75,90,,0.1918684324560693,0.3985315848654734,0.5028384474734935,0.13943780131608766,0.0508200478358936
47,0.3829787234,Kurigram,Kharif 2,22.5,82.5,Motor,Oct,Nov to March,March to April,18,30,15.0,75,90,,0.4923091315654682,0.3507221561503044,0.3336651156971563,0.10741613154634982,0.339929306221639
921,0.5895765472,Kushtia,Kharif 2,22.5,82.5,Motor,Oct,Nov to March,March to April,543,30,15.0,75,90,,0.6262090914547398,0.4604070886611039,0.43646956191598824,0.09786242027502172,0.2595401427302436
64,0.3125,Lakshmipur,Kharif 2,22.5,82.5,Motor,Oct,Nov to March,March to April,20,30,15.0,75,90,56.0,0.5253667671733465,0.3940669872154256,0.3830650053075497,0.10042555304230874,0.2352361031462211
0,#DIV/0!,Lalmonirhat,Kharif 2,22.5,82.5,Motor,Oct,Nov to March,March to April,0,30,15.0,75,90,,0.6005631769723303,0.442112205816401,0.48753596719343795,0.10112176136703796,0.4453238905714439
1150,0.3913043478,Madaripur,Kharif 2,22.5,82.5,Motor,Oct,Nov to March,March to April,450,30,15.0,75,90,56.0,0.5680438314099354,0.45379528244662365,0.3292899279087698,0.1403162469963059,0.4063651096234308
1763,0.3159387408,Magura,Kharif 2,22.5,82.5,Motor,Oct,Nov to March,March to April,557,30,15.0,75,90,61.0,0.7173624754929421,0.48553138093938986,0.46611657947290897,0.12785965496739038,0.3522418035026976
714,0.3823529412,Manikganj,Kharif 2,22.5,82.5,Motor,Oct,Nov to March,March to April,273,30,15.0,75,90,,0.4193839512009965,0.372019830815249,0.33590635489755755,0.09861609153404356,0.4114178092969235
21,0.4285714286,Meherpur,Kharif 2,22.5,82.5,Motor,Oct,Nov to March,March to April,9,30,15.0,75,90,65.0,0.6557736174550848,0.5547565477914448,0.4974800198847735,0.08789896889732247,0.1259660232378597
16,0.4375,Moulvibazar,Kharif 2,22.5,82.5,Motor,Oct,Nov to March,March to April,7,30,15.0,75,90,,0.5081293337700128,0.49773408134336455,0.4424355813652967,0.08488885957999688,0.4082711888182118
61,0.9672131148,Munshiganj,Kharif 2,22.5,82.5,Motor,Oct,Nov to March,March to April,59,30,15.0,75,90,,0.4799755728266007,0.4280112858983508,0.3110355800281319,0.13907044762862025,0.31340565567292
117,0.5811965812,Mymensingh,Kharif 2,22.5,82.5,Motor,Oct,Nov to March,March to April,68,30,15.0,75,90,,0.6661036234448312,0.4243696413120338,0.42397269741357857,0.17197442360608786,0.4943108635282229
38,0.4736842105,Naogaon,Kharif 2,22.5,82.5,Motor,Oct,Nov to March,March to April,18,30,15.0,75,90,,0.6437611050179507,0.42621288307793403,0.47774365924495954,0.1490518675511966,0.3298349904608932
896,0.4207589286,Narail,Kharif 2,22.5,82.5,Motor,Oct,Nov to March,March to April,377,30,15.0,75,90,58.0,0.6251097875564693,0.4797292868454324,0.45781944004041636,0.10923326137090027,0.3795905639419704
16,0.4375,Narayanganj,Kharif 2,22.5,82.5,Motor,Oct,Nov to March,March to April,7,30,15.0,75,90,,0.3876193728015197,0.39569107123338565,0.3444786288973941,0.07658986271822814,0.3114359236632746
0,#DIV/0!,Narsingdi,Kharif 2,22.5,82.5,Motor,Oct,Nov to March,March to April,0,30,15.0,75,90,,0.4212772529102456,0.48367049414310087,0.47100681377990244,0.08894703970502957,0.3858671860931894
2048,0.4018554688,Natore,Kharif 2,22.5,82.5,Motor,Oct,Nov to March,March to April,823,30,15.0,75,90,,0.6270773846150153,0.48462457973289264,0.5047846049719983,0.11694281798209018,0.1449640755138761
33,0.4242424242,Netrokona,Kharif 2,22.5,82.5,Motor,Oct,Nov to March,March to April,14,30,15.0,75,90,,0.3798255718688024,0.4040840519586906,0.4281462710157188,0.14361385584881256,0.3045873133388933
3,0.3333333333,Nilphamari,Kharif 2,22.5,82.5,Motor,Oct,Nov to March,March to April,1,30,15.0,75,90,,0.653377154092829,0.44095239628183175,0.47605212521984996,0.13081823882432134,0.4439194600915765
126,0.3888888889,Noakhali,Kharif 2,22.5,82.5,Motor,Oct,Nov to March,March to April,49,30,15.0,75,90,55.0,0.5743616085661583,0.4706539103161309,0.4169682912797537,0.09859302369303177,0.2611398897351406
1734,0.4925028835,Pabna,Kharif 2,22.5,82.5,Motor,Oct,Nov to March,March to April,854,30,15.0,75,90,,0.576205463230183,0.4566358535522822,0.40216807011248845,0.08841621209086932,0.2688296958156423
27,0.4074074074,Panchagar,Kharif 2,22.5,82.5,Motor,Oct,Nov to March,March to April,11,30,15.0,75,90,,0.7131991955629091,0.4086399716839345,0.3488928056989298,0.1660471203623592,0.3210316931496211
0,#DIV/0!,Patuakhali,Kharif 2,22.5,82.5,Motor,Oct,Nov to March,March to April,0,30,15.0,75,90,,0.6209295032125958,0.3886271819811816,0.28185181175405905,0.16543853546748835,0.3662096619113779
0,#DIV/0!,Pirojpur,Kharif 2,22.5,82.5,Motor,Oct,Nov to March,March to April,0,30,15.0,75,90,57.0,0.6644367573268926,0.5119507938211989,0.4331969211543728,0.1372120317729899,0.4734452905350293
1801,0.4197667962,Rajbari,Kharif 2,22.5,82.5,Motor,Oct,Nov to March,March to April,756,30,15.0,75,90,60.0,0.583792751193523,0.4196108558651421,0.36241845556408,0.11249378373215907,0.3411103169038733
1241,0.5858178888,Rajshahi,Kharif 2,22.5,82.5,Motor,Oct,Nov to March,March to April,727,30,15.0,75,90,65.0,0.5638042771009885,0.41850483945774686,0.43424945220126526,0.07836275457077709,0.2171911759580277
152,0.5789473684,Rangamati,Kharif 2,22.5,82.5,Motor,Oct,Nov to March,March to April,88,30,15.0,75,90,,0.7267932608407919,0.6516585495337648,0.385264777195591,0.17010131784547686,0.407467011061289
4,0.5,Rangpur,Kharif 2,22.5,82.5,Motor,Oct,Nov to March,March to April,2,30,15.0,75,90,59.0,0.6744499663546515,0.422109534065937,0.40872225002225654,0.1514596809934557,0.4118453959149274
9,0.3333333333,Satkhira,Kharif 2,22.5,82.5,Motor,Oct,Nov to March,March to April,3,30,15.0,75,90,59.0,0.5293331106485334,0.4447332981216744,0.3778276574338402,0.08419644024669956,0.2954937434231568
305,0.5639344262,Shariatpur,Kharif 2,22.5,82.5,Motor,Oct,Nov to March,March to April,172,30,15.0,75,90,55.0,0.5050903206312234,0.40729260207623846,0.2718762498233473,0.13570917244933095,0.337774879445382
11,0.3636363636,Sherpur,Kharif 2,22.5,82.5,Motor,Oct,Nov to March,March to April,4,30,15.0,75,90,,0.662903433290502,0.4571844823717428,0.4487996261148688,0.16981786589011325,0.3417866673453712
10,0.5,Sirajganj,Kharif 2,22.5,82.5,Motor,Oct,Nov to March,March to April,5,30,15.0,75,90,,0.4306876986901167,0.3717507116551507,0.35876955088044,0.07587465677817191,0.1714208140792081
0,#DIV/0!,Sunamganj,Kharif 2,22.5,82.5,Motor,Oct,Nov to March,March to April,0,30,15.0,75,90,54.0,0.0714833095098531,0.37261620562845155,0.43029307331041156,0.19631834881919175,0.0062517479924633
12,0.3333333333,Sylhet,Kharif 2,22.5,82.5,Motor,Oct,Nov to March,March to April,4,30,15.0,75,90,54.0,0.4585160647406363,0.45697169262686954,0.36677937247595965,0.09884893917290195,0.3776845712197997
10,0.3,Tangail,Kharif 2,22.5,82.5,Motor,Oct,Nov to March,March to April,3,30,15.0,75,90,60.0,0.5962526033050995,0.4234229976078102,0.3673901706057424,0.14929537950302899,0.3358840930816195
32,0.28125,Thakurgaon,Kharif 2,22.5,82.5,Motor,Oct,Nov to March,March to April,9,30,15.0,75,90,,0.6913470028229801,0.45499309721672854,0.4599030426161464,0.12430236925266322,0.3582324259138552
475,0.2736842105,Bagerhat,Kharif 2,30.0,70.0,Mug,Feb,March to May,May,130,35,25.0,60,80,57.0,0.533074061065529,0.3742357992171576,0.2670404721298456,0.16047770716827542,0.4889194902967873
50,0.38,Bandarban,Kharif 2,30.0,70.0,Mug,Feb,March to May,May,19,35,25.0,60,80,55.0,0.6821383327059017,0.4055464262797643,0.2612788417491431,0.18690267539506739,0.763617739914739
13617,0.3514724242,Barguna,Kharif 2,30.0,70.0,Mug,Feb,March to May,May,4786,35,25.0,60,80,57.0,0.291063589685606,0.31838870389276824,0.3323424160378924,0.02572376228526784,0.3499506810824001
12212,0.413937111,Barishal,Kharif 2,30.0,70.0,Mug,Feb,March to May,May,5055,35,25.0,60,80,,0.2533858903228801,0.3506780698564829,0.309535002934125,0.07558072905903121,0.291607379510426
25459,0.3654110531,Bhola,Kharif 2,30.0,70.0,Mug,Feb,March to May,May,9303,35,25.0,60,80,56.0,0.243217327760463,0.2401088143951132,0.1946286534864403,0.04483648321308061,0.2168086916309753
11,0.3636363636,Bogura,Kharif 2,30.0,70.0,Mug,Feb,March to May,May,4,35,25.0,60,80,,0.3907901958771589,0.39234631074707843,0.2764687680682978,0.09260146394051035,0.3124280312616473
21,0.3333333333,Brahmanbaria,Kharif 2,30.0,70.0,Mug,Feb,March to May,May,7,35,25.0,60,80,54.0,0.3909190194818471,0.438619825923564,0.2371168297003784,0.15617029756876463,0.2811509765621612
167,0.4251497006,Chandpur,Kharif 2,30.0,70.0,Mug,Feb,March to May,May,71,35,25.0,60,80,,0.3913421262911484,0.337567395691101,0.244284950998653,0.10943938313194068,0.303030026749074
26,0.2692307692,Chapai Nawabganj,Kharif 2,30.0,70.0,Mug,Feb,March to May,May,7,35,25.0,60,80,,0.4431037695451635,0.3790131667601602,0.2662611383381359,0.11719470816461311,0.3537489371617141
1678,0.3009535161,Chattogram,Kharif 2,30.0,70.0,Mug,Feb,March to May,May,505,35,25.0,60,80,,0.5031925773161925,0.37088684466551247,0.291756878234579,0.10372363679205292,0.5249827607431998
1387,0.570295602,Chuadanga,Kharif 2,30.0,70.0,Mug,Feb,March to May,May,791,35,25.0,60,80,,0.5937943182711736,0.4826755565551753,0.372967925798721,0.11078388737718041,0.5031852308806458
0,#DIV/0!,CoxsBazar,Kharif 2,30.0,70.0,Mug,Feb,March to May,May,0,35,25.0,60,80,55.0,0.4613461644922925,0.36855680024951987,0.280567372051847,0.08781492457093312,0.4603922198041147
3,0.6666666667,Cumilla,Kharif 2,30.0,70.0,Mug,Feb,March to May,May,2,35,25.0,60,80,,0.4346417753677448,0.37905807275614506,0.2661785623056151,0.15255112781372482,0.3645708248943419
61,0.606557377,Dhaka,Kharif 2,30.0,70.0,Mug,Feb,March to May,May,37,35,25.0,60,80,,0.344767292591086,0.30443501842618825,0.2739750686969379,0.09790747177181755,0.3532928976505518
38,0.3157894737,Dinajpur,Kharif 2,30.0,70.0,Mug,Feb,March to May,May,12,35,25.0,60,80,,0.4042335990913202,0.45167875369128,0.3916540989397346,0.09168630101424234,0.3363010381782366
960,0.3645833333,Faridpur,Kharif 2,30.0,70.0,Mug,Feb,March to May,May,350,35,25.0,60,80,,0.4746373619141085,0.3903886232999078,0.5012944760184437,0.16853145488952367,0.4044204909178377
1381,0.5228095583,Feni,Kharif 2,30.0,70.0,Mug,Feb,March to May,May,722,35,25.0,60,80,,0.4589202557758623,0.34285167066761285,0.2107211652615962,0.13386808428558297,0.4263300065971123
133,0.4060150376,Gaibandha,Kharif 2,30.0,70.0,Mug,Feb,March to May,May,54,35,25.0,60,80,57.0,0.3434167606212545,0.3507585254365713,0.2909507765996219,0.1102372060788566,0.2446402294304136
132,0.2651515152,Gazipur,Kharif 2,30.0,70.0,Mug,Feb,March to May,May,35,35,25.0,60,80,,0.3482783737758274,0.3589350515410636,0.2642814227206714,0.10885089581038908,0.4065387135241315
169,0.3964497041,Gopalganj,Kharif 2,30.0,70.0,Mug,Feb,March to May,May,67,35,25.0,60,80,56.0,0.4545933382146112,0.46569560286616,0.3983745038075617,0.11924612136768646,0.3854395052976016
0,#DIV/0!,Habiganj,Kharif 2,30.0,70.0,Mug,Feb,March to May,May,0,35,25.0,60,80,,0.4730658538368976,0.40980903548911946,0.2185560015489672,0.15948798052212348,0.2661294631608376
87,0.3793103448,Jamalpur,Kharif 2,30.0,70.0,Mug,Feb,March to May,May,33,35,25.0,60,80,,0.3849267622873427,0.32458836170182553,0.2256493291364875,0.14685007234965922,0.3204199651621038
1638,0.3882783883,Jashore,Kharif 2,30.0,70.0,Mug,Feb,March to May,May,636,35,25.0,60,80,,0.4688805230475235,0.5049188251784053,0.3985753946916057,0.0869457228291663,0.4475073883018984
2269,0.3389158219,Jhallokati,Kharif 2,30.0,70.0,Mug,Feb,March to May,May,769,35,25.0,60,80,,0.4152984185672557,0.44971074231165836,0.4467251837879121,0.057158256166065215,0.3980482373190764
1654,0.4268440145,Jhenaidah,Kharif 2,30.0,70.0,Mug,Feb,March to May,May,706,35,25.0,60,80,,0.5172636126901161,0.5031144090978373,0.408777297617167,0.08163912169760368,0.4451787298559849
18,0.2777777778,Joypurhat,Kharif 2,30.0,70.0,Mug,Feb,March to May,May,5,35,25.0,60,80,64.0,0.4013493246727935,0.4765624957714126,0.3944038962894077,0.07355483423589668,0.4359280719977643
0,#DIV/0!,Khagrachari,Kharif 2,30.0,70.0,Mug,Feb,March to May,May,0,35,25.0,60,80,54.0,0.6273542204861793,0.4192195483395558,0.3644198594801792,0.15202685428824972,0.7127123618717103
217,0.2811059908,Khulna,Kharif 2,30.0,70.0,Mug,Feb,March to May,May,61,35,25.0,60,80,59.0,0.4395870026247023,0.33337912708530815,0.2474562801358325,0.12793662684792215,0.4342237814545653
233,0.3690987124,Kishoreganj,Kharif 2,30.0,70.0,Mug,Feb,March to May,May,86,35,25.0,60,80,,0.4131448806084709,0.3796398096920546,0.1332425341291768,0.2069486563197208,0.3112699019521303
125,0.368,Kurigram,Kharif 2,30.0,70.0,Mug,Feb,March to May,May,46,35,25.0,60,80,,0.294759011881437,0.30580801482898634,0.2500938130926464,0.09900136953461822,0.2659209949590453
157,0.5350318471,Kushtia,Kharif 2,30.0,70.0,Mug,Feb,March to May,May,84,35,25.0,60,80,,0.5144873456235682,0.38893014152346866,0.2938513007384295,0.10667749968358087,0.4366112739616819
1542,0.2548638132,Lakshmipur,Kharif 2,30.0,70.0,Mug,Feb,March to May,May,393,35,25.0,60,80,56.0,0.329965698770968,0.3289097346072273,0.2205991932065824,0.07967228834758089,0.2635214620314005
118,0.3220338983,Lalmonirhat,Kharif 2,30.0,70.0,Mug,Feb,March to May,May,38,35,25.0,60,80,,0.4948821771436415,0.4363285675031104,0.3339137681224553,0.10234532817665318,0.3699886074056321
480,0.3208333333,Madaripur,Kharif 2,30.0,70.0,Mug,Feb,March to May,May,154,35,25.0,60,80,56.0,0.434792084871636,0.35284318154470845,0.3999496888165858,0.15878107269967595,0.3922893847189875
129,0.2248062016,Magura,Kharif 2,30.0,70.0,Mug,Feb,March to May,May,29,35,25.0,60,80,61.0,0.4803835186927634,0.4758207630148961,0.4952291300988705,0.09450485803277976,0.424542540711464
268,0.302238806,Manikganj,Kharif 2,30.0,70.0,Mug,Feb,March to May,May,81,35,25.0,60,80,,0.1994612868881428,0.33256208918942676,0.3258735577731652,0.10405573767180715,0.4309266104806672
78,0.9358974359,Meherpur,Kharif 2,30.0,70.0,Mug,Feb,March to May,May,73,35,25.0,60,80,65.0,0.6363343859653814,0.47811546239456226,0.4393863474141398,0.10294863861069055,0.5422238526759723
11,0.2727272727,Moulvibazar,Kharif 2,30.0,70.0,Mug,Feb,March to May,May,3,35,25.0,60,80,,0.4889183454377723,0.37072058370369776,0.2272905883804999,0.12888536097484043,0.3743598588192403
0,#DIV/0!,Munshiganj,Kharif 2,30.0,70.0,Mug,Feb,March to May,May,0,35,25.0,60,80,,0.521983445304389,0.33422038764949374,0.3805900028922174,0.18123027570475417,0.3390365963664746
154,0.3766233766,Mymensingh,Kharif 2,30.0,70.0,Mug,Feb,March to May,May,58,35,25.0,60,80,,0.2832779421973829,0.3438859646033317,0.183712498982838,0.16645387156274524,0.2733859403767918
158,0.4810126582,Naogaon,Kharif 2,30.0,70.0,Mug,Feb,March to May,May,76,35,25.0,60,80,,0.3741281428245409,0.39110092966012716,0.2178154704904624,0.1691109846621272,0.3087416614898178
385,0.3974025974,Narail,Kharif 2,30.0,70.0,Mug,Feb,March to May,May,153,35,25.0,60,80,58.0,0.4757956922331443,0.429832375431523,0.3738582462137362,0.10591620255880069,0.3958955094418674
29,0.4137931034,Narayanganj,Kharif 2,30.0,70.0,Mug,Feb,March to May,May,12,35,25.0,60,80,,0.3254064295331264,0.32856147104111344,0.2967271553285521,0.07706206655822902,0.3324589299993573
28,0.2857142857,Narsingdi,Kharif 2,30.0,70.0,Mug,Feb,March to May,May,8,35,25.0,60,80,,0.387696320210425,0.4098498490421738,0.2875359195667165,0.11752743002865783,0.3849029249505548
10616,0.3733986436,Natore,Kharif 2,30.0,70.0,Mug,Feb,March to May,May,3964,35,25.0,60,80,,0.5612003405949629,0.43129951579660425,0.2843293374458162,0.1524083970532027,0.380859152838484
33,0.303030303,Netrokona,Kharif 2,30.0,70.0,Mug,Feb,March to May,May,10,35,25.0,60,80,,0.3702446184726372,0.32597222349836813,0.1216241284636668,0.2253745587629354,0.2328478871514515
11,0.4545454545,Nilphamari,Kharif 2,30.0,70.0,Mug,Feb,March to May,May,5,35,25.0,60,80,,0.446760339331025,0.44754685481512885,0.3905363140056865,0.11202837656345328,0.3232946510636419
7793,0.3292698576,Noakhali,Kharif 2,30.0,70.0,Mug,Feb,March to May,May,2566,35,25.0,60,80,55.0,0.4522745592492853,0.3332597478505625,0.1658426609921801,0.1438003968609673,0.3654843450318284
462,0.4199134199,Pabna,Kharif 2,30.0,70.0,Mug,Feb,March to May,May,194,35,25.0,60,80,,0.4649989728650389,0.3699201334693871,0.3054242601831844,0.10521682313791662,0.4332378957112088
246,0.5691056911,Panchagar,Kharif 2,30.0,70.0,Mug,Feb,March to May,May,140,35,25.0,60,80,,0.4220167525726432,0.4150377915330161,0.5473277632011888,0.1516291667284029,0.2851494820813574
12559,0.3673063142,Patuakhali,Kharif 2,30.0,70.0,Mug,Feb,March to May,May,4613,35,25.0,60,80,,0.2752790517888959,0.2998053372957519,0.3357123883791376,0.046511997904795085,0.3066881597522483
602,0.353820598,Pirojpur,Kharif 2,30.0,70.0,Mug,Feb,March to May,May,213,35,25.0,60,80,57.0,0.3932548344744789,0.42327809609814143,0.4034404459856785,0.07940505611891813,0.4071895891081893
150,0.4,Rajbari,Kharif 2,30.0,70.0,Mug,Feb,March to May,May,60,35,25.0,60,80,60.0,0.445050413155566,0.38193407809548496,0.420965323158295,0.10527762090080842,0.3898099099766552
8557,0.4377702466,Rajshahi,Kharif 2,30.0,70.0,Mug,Feb,March to May,May,3746,35,25.0,60,80,65.0,0.4500902862447303,0.3611006357865318,0.2148030029570647,0.11792310857557706,0.376434231778691
0,#DIV/0!,Rangamati,Kharif 2,30.0,70.0,Mug,Feb,March to May,May,0,35,25.0,60,80,,0.6310743550546144,0.33082432435490217,0.2219434186735245,0.1916156865284187,0.6993863215167584
46,0.4347826087,Rangpur,Kharif 2,30.0,70.0,Mug,Feb,March to May,May,20,35,25.0,60,80,59.0,0.4282935836855661,0.40586439806055163,0.4001486941371419,0.09748354213695225,0.2976599417574164
30,0.2666666667,Satkhira,Kharif 2,30.0,70.0,Mug,Feb,March to May,May,8,35,25.0,60,80,59.0,0.416821054986026,0.32673119065624007,0.2245382571010397,0.12124422690127495,0.4167558288001258
215,0.5023255814,Shariatpur,Kharif 2,30.0,70.0,Mug,Feb,March to May,May,108,35,25.0,60,80,55.0,0.391216738930908,0.29474014583163777,0.3404679378482187,0.15749738178690564,0.3540776787779843
11,0.3636363636,Sherpur,Kharif 2,30.0,70.0,Mug,Feb,March to May,May,4,35,25.0,60,80,,0.355035413839545,0.37514199015051214,0.2278267182217989,0.1810460861272992,0.2796499492964726
19,0.3157894737,Sirajganj,Kharif 2,30.0,70.0,Mug,Feb,March to May,May,6,35,25.0,60,80,,0.3198299670185812,0.29074864493500896,0.1547068330441469,0.13519126055826516,0.3297344337720062
0,#DIV/0!,Sunamganj,Kharif 2,30.0,70.0,Mug,Feb,March to May,May,0,35,25.0,60,80,54.0,0.5312190703372729,0.2890700795682745,0.0066240920840004,0.281152779886587,0.2960996814095912
9,0.2222222222,Sylhet,Kharif 2,30.0,70.0,Mug,Feb,March to May,May,2,35,25.0,60,80,54.0,0.4606201196420315,0.25182753984578027,0.0219238745854215,0.21911054459534618,0.3607174177912129
2,0.5,Tangail,Kharif 2,30.0,70.0,Mug,Feb,March to May,May,1,35,25.0,60,80,60.0,0.2360260118339428,0.3102777921584024,0.1960530352637223,0.15014543779845096,0.3748701758536493
171,0.3040935673,Thakurgaon,Kharif 2,30.0,70.0,Mug,Feb,March to May,May,52,35,25.0,60,80,,0.532704520344867,0.46691159163355495,0.4809286896683722,0.07861239404168513,0.433583087795228
232,3.642241379,Bagerhat,Kharif 1,11.5,77.5,Mukhi Kachu,April,May to Sep,Sep to Feb,845,15,8.0,65,90,57.0,0.2844793013289463,0.32778321261744825,0.5232234892523872,0.1353671648439973,0.5711876241926808
254,1.696850394,Bandarban,Kharif 1,11.5,77.5,Mukhi Kachu,April,May to Sep,Sep to Feb,431,15,8.0,65,90,55.0,0.3876779567270571,0.4219355826936989,0.6844528238468047,0.18557916671921743,0.5676824803630925
0,#DIV/0!,Barguna,Kharif 1,11.5,77.5,Mukhi Kachu,April,May to Sep,Sep to Feb,0,15,8.0,65,90,57.0,0.2876097437686987,0.27586235684045474,0.4495837720478242,0.15149078167478652,0.3352139518717137
0,#DIV/0!,Barishal,Kharif 1,11.5,77.5,Mukhi Kachu,April,May to Sep,Sep to Feb,0,15,8.0,65,90,,0.3100169088937738,0.2690321089976598,0.38615069071215397,0.11533646245926671,0.43248229774155
0,#DIV/0!,Bhola,Kharif 1,11.5,77.5,Mukhi Kachu,April,May to Sep,Sep to Feb,0,15,8.0,65,90,56.0,0.2246323016939531,0.1693002742167105,0.30110560805746683,0.10559146526760659,0.3010654880049462
1284,4.65576324,Bogura,Kharif 1,11.5,77.5,Mukhi Kachu,April,May to Sep,Sep to Feb,5978,15,8.0,65,90,,0.3974557819503149,0.2225310623928825,0.39910373315647324,0.13926224728330888,0.5031143822226227
62,1.903225806,Brahmanbaria,Kharif 1,11.5,77.5,Mukhi Kachu,April,May to Sep,Sep to Feb,118,15,8.0,65,90,54.0,0.4667222562628336,0.18971276463307732,0.3585798416600345,0.1302965331824856,0.6120203918074798
0,#DIV/0!,Chandpur,Kharif 1,11.5,77.5,Mukhi Kachu,April,May to Sep,Sep to Feb,0,15,8.0,65,90,,0.2824497786894116,0.25537032997350334,0.40405512856788833,0.11020278551278176,0.4859674573852385
127,2.622047244,Chapai Nawabganj,Kharif 1,11.5,77.5,Mukhi Kachu,April,May to Sep,Sep to Feb,333,15,8.0,65,90,,0.3377839429676815,0.31663118819976915,0.4140145775993074,0.0960650531609212,0.5329944189746634
1126,5.328596803,Chattogram,Kharif 1,11.5,77.5,Mukhi Kachu,April,May to Sep,Sep to Feb,6000,15,8.0,65,90,,0.3406132785765541,0.3463790796425242,0.5520413402005806,0.14174905656613332,0.4802903771854044
826,6.215496368,Chuadanga,Kharif 1,11.5,77.5,Mukhi Kachu,April,May to Sep,Sep to Feb,5134,15,8.0,65,90,,0.4685908909016339,0.31647255089859466,0.47801909612954613,0.1396038509075225,0.6064678529651709
54,5.462962963,CoxsBazar,Kharif 1,11.5,77.5,Mukhi Kachu,April,May to Sep,Sep to Feb,295,15,8.0,65,90,55.0,0.362233654035479,0.32208655558005195,0.4663946346716277,0.10063432315742597,0.4628693746612334
52,3.326923077,Cumilla,Kharif 1,11.5,77.5,Mukhi Kachu,April,May to Sep,Sep to Feb,173,15,8.0,65,90,,0.2799573140061434,0.285238970626724,0.4777233447414324,0.1561337424405595,0.5910383419566766
0,#DIV/0!,Dhaka,Kharif 1,11.5,77.5,Mukhi Kachu,April,May to Sep,Sep to Feb,0,15,8.0,65,90,,0.2053280197750239,0.24765779007567557,0.3804625968946458,0.09376807036528971,0.4340019668066029
664,3.239457831,Dinajpur,Kharif 1,11.5,77.5,Mukhi Kachu,April,May to Sep,Sep to Feb,2151,15,8.0,65,90,,0.3864902076658625,0.24623696445875617,0.4354174350497373,0.1684454474026665,0.5768919544682428
181,4.61878453,Faridpur,Kharif 1,11.5,77.5,Mukhi Kachu,April,May to Sep,Sep to Feb,836,15,8.0,65,90,,0.1596716045798009,0.31744203386072634,0.4497692600595051,0.1392476311804986,0.5101997893014788
37,3.702702703,Feni,Kharif 1,11.5,77.5,Mukhi Kachu,April,May to Sep,Sep to Feb,137,15,8.0,65,90,,0.3154547680727988,0.23181949005390537,0.5032691174622758,0.19103418863246655,0.5023790786684436
395,3.46835443,Gaibandha,Kharif 1,11.5,77.5,Mukhi Kachu,April,May to Sep,Sep to Feb,1370,15,8.0,65,90,57.0,0.2560613395709359,0.22082885057305418,0.35672035417387654,0.13296081544049967,0.5052634601391561
171,2.69005848,Gazipur,Kharif 1,11.5,77.5,Mukhi Kachu,April,May to Sep,Sep to Feb,460,15,8.0,65,90,,0.3013299480303391,0.22493223877508353,0.45682779482620295,0.16687602176355537,0.5111937838721802
117,3.487179487,Gopalganj,Kharif 1,11.5,77.5,Mukhi Kachu,April,May to Sep,Sep to Feb,408,15,8.0,65,90,56.0,0.365624571223079,0.3918785849562198,0.5083283772709524,0.10365617018625842,0.6330877335678394
622,3.176848875,Habiganj,Kharif 1,11.5,77.5,Mukhi Kachu,April,May to Sep,Sep to Feb,1976,15,8.0,65,90,,0.4094105700184439,0.19994487298571909,0.37027393252415797,0.12786688667691268,0.6014605348999472
89,2.303370787,Jamalpur,Kharif 1,11.5,77.5,Mukhi Kachu,April,May to Sep,Sep to Feb,205,15,8.0,65,90,,0.2203033803902141,0.1807762860085688,0.3997172996056417,0.155519836091274,0.5278123755787749
422,4.585308057,Jashore,Kharif 1,11.5,77.5,Mukhi Kachu,April,May to Sep,Sep to Feb,1935,15,8.0,65,90,,0.5094016354846946,0.3127361917165271,0.49933363889975707,0.14258127266476045,0.6067794453589154
0,#DIV/0!,Jhallokati,Kharif 1,11.5,77.5,Mukhi Kachu,April,May to Sep,Sep to Feb,0,15,8.0,65,90,,0.3844964290526782,0.3845708187269062,0.5527560479050835,0.1496579830466147,0.5179106140943847
736,4.58423913,Jhenaidah,Kharif 1,11.5,77.5,Mukhi Kachu,April,May to Sep,Sep to Feb,3374,15,8.0,65,90,,0.4932941383053687,0.33107227421124485,0.49896085937796825,0.14096790161136424,0.6072717913709762
158,4.481012658,Joypurhat,Kharif 1,11.5,77.5,Mukhi Kachu,April,May to Sep,Sep to Feb,708,15,8.0,65,90,64.0,0.5481632788078854,0.251121785760377,0.4406028205531897,0.1694928888624887,0.4871203122169448
1340,5.252238806,Khagrachari,Kharif 1,11.5,77.5,Mukhi Kachu,April,May to Sep,Sep to Feb,7038,15,8.0,65,90,54.0,0.3194542381207939,0.4005324216555636,0.6624977269633535,0.2024558591662302,0.5737845474176946
264,4.227272727,Khulna,Kharif 1,11.5,77.5,Mukhi Kachu,April,May to Sep,Sep to Feb,1116,15,8.0,65,90,59.0,0.2547487058378869,0.27336529656918696,0.4711781237446177,0.13110767609025922,0.4979323952822052
159,5.566037736,Kishoreganj,Kharif 1,11.5,77.5,Mukhi Kachu,April,May to Sep,Sep to Feb,885,15,8.0,65,90,,0.3676092519986164,0.04645750606893234,0.2662131269451599,0.15687430721358786,0.6380676429483706
555,4.046846847,Kurigram,Kharif 1,11.5,77.5,Mukhi Kachu,April,May to Sep,Sep to Feb,2246,15,8.0,65,90,,0.2226332627293874,0.20203635563060032,0.35685870831228406,0.12503759964643202,0.4446969686649252
1202,4.920965058,Kushtia,Kharif 1,11.5,77.5,Mukhi Kachu,April,May to Sep,Sep to Feb,5915,15,8.0,65,90,,0.3702999720630754,0.3043691548378577,0.4475242542869336,0.11524483588743824,0.5026391517689011
0,#DIV/0!,Lakshmipur,Kharif 1,11.5,77.5,Mukhi Kachu,April,May to Sep,Sep to Feb,0,15,8.0,65,90,56.0,0.3561816998129432,0.19504126723111195,0.38683158259908995,0.13805708746300344,0.4099483108021562
210,5.8,Lalmonirhat,Kharif 1,11.5,77.5,Mukhi Kachu,April,May to Sep,Sep to Feb,1218,15,8.0,65,90,,0.4065448627465945,0.27824314974473446,0.447986837497583,0.13370548678786542,0.5685270716402814
21,5.285714286,Madaripur,Kharif 1,11.5,77.5,Mukhi Kachu,April,May to Sep,Sep to Feb,111,15,8.0,65,90,56.0,0.145892769350381,0.34039975365260555,0.4551163777998877,0.11973061283503557,0.5126870864671587
83,5.192771084,Magura,Kharif 1,11.5,77.5,Mukhi Kachu,April,May to Sep,Sep to Feb,431,15,8.0,65,90,61.0,0.3516332543736697,0.33972799404777226,0.48611021318674,0.1370263011233517,0.5805999045721482
0,#DIV/0!,Manikganj,Kharif 1,11.5,77.5,Mukhi Kachu,April,May to Sep,Sep to Feb,0,15,8.0,65,90,,0.238108560268593,0.2619816630699245,0.3761994608412738,0.1072407190267741,0.4337041495265221
2708,8.692762186,Meherpur,Kharif 1,11.5,77.5,Mukhi Kachu,April,May to Sep,Sep to Feb,23540,15,8.0,65,90,65.0,0.4240959983858737,0.34339898541252867,0.49744305637774905,0.148971827892475,0.5708640413836734
545,2.59266055,Moulvibazar,Kharif 1,11.5,77.5,Mukhi Kachu,April,May to Sep,Sep to Feb,1413,15,8.0,65,90,,0.3772511111134909,0.29687593811337254,0.48290847961465744,0.1243919420511491,0.5076200516171026
0,#DIV/0!,Munshiganj,Kharif 1,11.5,77.5,Mukhi Kachu,April,May to Sep,Sep to Feb,0,15,8.0,65,90,,0.1254731884929805,0.28974776154060755,0.4061399477379986,0.12552487968028878,0.4965979715632833
823,3.874848117,Mymensingh,Kharif 1,11.5,77.5,Mukhi Kachu,April,May to Sep,Sep to Feb,3189,15,8.0,65,90,,0.2792620099084889,0.24683201371737523,0.4522632181024258,0.17981162850979068,0.5686833849186683
470,3.359574468,Naogaon,Kharif 1,11.5,77.5,Mukhi Kachu,April,May to Sep,Sep to Feb,1579,15,8.0,65,90,,0.3353748718633925,0.2528458463846691,0.41409134404033127,0.13756027657557612,0.6201124466265265
98,4.928571429,Narail,Kharif 1,11.5,77.5,Mukhi Kachu,April,May to Sep,Sep to Feb,483,15,8.0,65,90,58.0,0.3408352502702987,0.3208082798817367,0.4714238593191779,0.11356531359641066,0.574803629810534
56,3,Narayanganj,Kharif 1,11.5,77.5,Mukhi Kachu,April,May to Sep,Sep to Feb,168,15,8.0,65,90,,0.2542342797497706,0.2750820630549749,0.37379794576445086,0.08262703713831965,0.4347229780450177
56,4.142857143,Narsingdi,Kharif 1,11.5,77.5,Mukhi Kachu,April,May to Sep,Sep to Feb,232,15,8.0,65,90,,0.3744952593367734,0.26951913878833916,0.44299642358265134,0.13556580553640016,0.5675183682230315
378,3.084656085,Natore,Kharif 1,11.5,77.5,Mukhi Kachu,April,May to Sep,Sep to Feb,1166,15,8.0,65,90,,0.3938140226589006,0.2633203025070061,0.4299015285847098,0.14680703580206456,0.6157551872850959
129,3.620155039,Netrokona,Kharif 1,11.5,77.5,Mukhi Kachu,April,May to Sep,Sep to Feb,467,15,8.0,65,90,,0.2180584018053236,0.11932087154054749,0.3444331674625058,0.1492778186845382,0.638234140226114
456,4.335526316,Nilphamari,Kharif 1,11.5,77.5,Mukhi Kachu,April,May to Sep,Sep to Feb,1977,15,8.0,65,90,,0.348037858697919,0.2727136010856558,0.44966536730863044,0.1556748323989086,0.604066391741781
28,2.25,Noakhali,Kharif 1,11.5,77.5,Mukhi Kachu,April,May to Sep,Sep to Feb,63,15,8.0,65,90,55.0,0.3485228861940609,0.19722381967287483,0.4505595589194178,0.16707844241137726,0.4854136963654465
538,3.37732342,Pabna,Kharif 1,11.5,77.5,Mukhi Kachu,April,May to Sep,Sep to Feb,1817,15,8.0,65,90,,0.3016887841086959,0.30116551235808353,0.4375945117818259,0.10156258531589724,0.5026473561162811
1450,3.237931034,Panchagar,Kharif 1,11.5,77.5,Mukhi Kachu,April,May to Sep,Sep to Feb,4695,15,8.0,65,90,,0.20279912294809,0.33460919049170484,0.43040737644707217,0.15818134955798835,0.4949864884497696
0,#DIV/0!,Patuakhali,Kharif 1,11.5,77.5,Mukhi Kachu,April,May to Sep,Sep to Feb,0,15,8.0,65,90,,0.2365474556695895,0.251527876678654,0.4338531511985589,0.16625835092808253,0.3271561678385286
0,#DIV/0!,Pirojpur,Kharif 1,11.5,77.5,Mukhi Kachu,April,May to Sep,Sep to Feb,0,15,8.0,65,90,57.0,0.3392577304779658,0.3577457167101681,0.5284166508561894,0.14374929316441196,0.5271361118307798
453,5.516556291,Rajbari,Kharif 1,11.5,77.5,Mukhi Kachu,April,May to Sep,Sep to Feb,2499,15,8.0,65,90,60.0,0.2441449981923793,0.33062919069683466,0.4237109057478876,0.10730830120660632,0.4806919129357807
742,4.551212938,Rajshahi,Kharif 1,11.5,77.5,Mukhi Kachu,April,May to Sep,Sep to Feb,3377,15,8.0,65,90,65.0,0.39139088167786,0.27196622876619275,0.39940193793718004,0.10603947640244622,0.4771080227246705
580,2.644827586,Rangamati,Kharif 1,11.5,77.5,Mukhi Kachu,April,May to Sep,Sep to Feb,1534,15,8.0,65,90,,0.2740115169357396,0.39851033957523974,0.6493391636859106,0.19473056667986946,0.4965180374554424
299,4.341137124,Rangpur,Kharif 1,11.5,77.5,Mukhi Kachu,April,May to Sep,Sep to Feb,1298,15,8.0,65,90,59.0,0.2902257990630829,0.27086151283565196,0.44493738860297233,0.1676970530211166,0.5272187009814302
723,4.385892116,Satkhira,Kharif 1,11.5,77.5,Mukhi Kachu,April,May to Sep,Sep to Feb,3171,15,8.0,65,90,59.0,0.2721199083647258,0.2295407997683851,0.42749298969618454,0.1264751051615704,0.4835354065029546
57,3.771929825,Shariatpur,Kharif 1,11.5,77.5,Mukhi Kachu,April,May to Sep,Sep to Feb,215,15,8.0,65,90,55.0,0.0925735314905069,0.3093376206709161,0.4046915403836017,0.10918523003513546,0.4511789681561877
143,5.944055944,Sherpur,Kharif 1,11.5,77.5,Mukhi Kachu,April,May to Sep,Sep to Feb,850,15,8.0,65,90,,0.2678615620118689,0.22353144414638396,0.44347913704611974,0.17479257781076202,0.6297376902178687
88,3.204545455,Sirajganj,Kharif 1,11.5,77.5,Mukhi Kachu,April,May to Sep,Sep to Feb,282,15,8.0,65,90,,0.2438028677727265,0.16438065731862503,0.3311876395094875,0.10757571250930363,0.4737362339881535
98,3.387755102,Sunamganj,Kharif 1,11.5,77.5,Mukhi Kachu,April,May to Sep,Sep to Feb,332,15,8.0,65,90,54.0,0.2385902396757943,-0.04588401771488297,0.21980336311659088,0.20059804446702048,0.6219959069450288
249,2.108433735,Sylhet,Kharif 1,11.5,77.5,Mukhi Kachu,April,May to Sep,Sep to Feb,525,15,8.0,65,90,54.0,0.2401914716423759,0.14662842672354798,0.4379486376308734,0.18320390092043093,0.4933672733095434
768,5.834635417,Tangail,Kharif 1,11.5,77.5,Mukhi Kachu,April,May to Sep,Sep to Feb,4481,15,8.0,65,90,60.0,0.2191926340496671,0.19652013425536244,0.4222773295439921,0.16287283976279102,0.5155877071618177
935,3.068449198,Thakurgaon,Kharif 1,11.5,77.5,Mukhi Kachu,April,May to Sep,Sep to Feb,2869,15,8.0,65,90,,0.373304905125753,0.3196672011999001,0.46300728911898975,0.14570157394884437,0.5465011801065398
35,1.942857143,Bagerhat,Kharif 2,23.5,61.0,Oal Kachu,Sep,Oct to Dec,Dec to Feb,68,32,15.0,52,70,57.0,0.4868351131875976,0.5435040903214695,0.4920163301087899,0.0600756191077152,0.36797252036576
394,1.939086294,Bandarban,Kharif 2,23.5,61.0,Oal Kachu,Sep,Oct to Dec,Dec to Feb,764,32,15.0,52,70,55.0,0.3862715233777672,0.7582297823608065,0.73793326393593,0.14957922973084498,0.4875178800779642
0,#DIV/0!,Barguna,Kharif 2,23.5,61.0,Oal Kachu,Sep,Oct to Dec,Dec to Feb,0,32,15.0,52,70,57.0,0.3310758402525957,0.5751375070887811,0.3690900318202448,0.15327201114276157,0.1725115850101264
39,4.256410256,Barishal,Kharif 2,23.5,61.0,Oal Kachu,Sep,Oct to Dec,Dec to Feb,166,32,15.0,52,70,,0.3272113771710582,0.4815664990895199,0.30594021614671035,0.12258981140000894,0.1904844619362955
0,#DIV/0!,Bhola,Kharif 2,23.5,61.0,Oal Kachu,Sep,Oct to Dec,Dec to Feb,0,32,15.0,52,70,56.0,0.2334659055742139,0.371047241126383,0.24070715837523146,0.0975144306158075,0.0628187267415414
2,11,Bogura,Kharif 2,23.5,61.0,Oal Kachu,Sep,Oct to Dec,Dec to Feb,22,32,15.0,52,70,,0.2859644007903595,0.4684799236698913,0.33921745993023583,0.12436663504374781,0.1458454463723086
0,#DIV/0!,Brahmanbaria,Kharif 2,23.5,61.0,Oal Kachu,Sep,Oct to Dec,Dec to Feb,0,32,15.0,52,70,54.0,0.2430711904191838,0.4121126211656716,0.33559506505192077,0.08952558580036515,0.2231572914897405
0,#DIV/0!,Chandpur,Kharif 2,23.5,61.0,Oal Kachu,Sep,Oct to Dec,Dec to Feb,0,32,15.0,52,70,,0.2851182395817753,0.4816134595951107,0.36699419252800936,0.1011169970318197,0.2156911286424974
54,2.666666667,Chapai Nawabganj,Kharif 2,23.5,61.0,Oal Kachu,Sep,Oct to Dec,Dec to Feb,144,32,15.0,52,70,,0.2346338663805179,0.48420029750281635,0.3944502462190222,0.11514517273009026,0.3933928204975689
15,4.2,Chattogram,Kharif 2,23.5,61.0,Oal Kachu,Sep,Oct to Dec,Dec to Feb,63,32,15.0,52,70,,0.4368271330834088,0.6157485233535608,0.5233330222974704,0.08578184782860372,0.2472074271527324
367,6.179836512,Chuadanga,Kharif 2,23.5,61.0,Oal Kachu,Sep,Oct to Dec,Dec to Feb,2268,32,15.0,52,70,,0.1390385944438268,0.5440321443938768,0.5150233549466259,0.17675483652412544,0.4048532779091586
0,#DIV/0!,CoxsBazar,Kharif 2,23.5,61.0,Oal Kachu,Sep,Oct to Dec,Dec to Feb,0,32,15.0,52,70,55.0,0.2866525849958106,0.5299922795791828,0.4671660215965014,0.1010120812725795,0.3524293584290747
5,2,Cumilla,Kharif 2,23.5,61.0,Oal Kachu,Sep,Oct to Dec,Dec to Feb,10,32,15.0,52,70,,0.3487596083130284,0.5727892866244932,0.4194404114546211,0.124751240532614,0.2342026799041616
0,#DIV/0!,Dhaka,Kharif 2,23.5,61.0,Oal Kachu,Sep,Oct to Dec,Dec to Feb,0,32,15.0,52,70,,0.3278518747499494,0.41895450545876245,0.35700612028468415,0.05167178173736275,0.1617085368810471
34,3.058823529,Dinajpur,Kharif 2,23.5,61.0,Oal Kachu,Sep,Oct to Dec,Dec to Feb,104,32,15.0,52,70,,0.3510443820127166,0.5069751970053835,0.3437180371076147,0.15286004864746117,0.2318182627073085
192,4.401041667,Faridpur,Kharif 2,23.5,61.0,Oal Kachu,Sep,Oct to Dec,Dec to Feb,845,32,15.0,52,70,,0.3607017999141199,0.48628530253698843,0.412543274228615,0.08851332268215635,0.2343987436039652
0,#DIV/0!,Feni,Kharif 2,23.5,61.0,Oal Kachu,Sep,Oct to Dec,Dec to Feb,0,32,15.0,52,70,,0.3828643827818602,0.5838333532062733,0.4311590251881945,0.1330775879277983,0.1727512973903106
38,2.736842105,Gaibandha,Kharif 2,23.5,61.0,Oal Kachu,Sep,Oct to Dec,Dec to Feb,104,32,15.0,52,70,57.0,0.3094345807109266,0.41427685142688814,0.27972825295278353,0.11482816862634032,0.1862351151714448
58,5.275862069,Gazipur,Kharif 2,23.5,61.0,Oal Kachu,Sep,Oct to Dec,Dec to Feb,306,32,15.0,52,70,,0.3255431189635358,0.5535355208979076,0.419299077893924,0.11814325466447691,0.0798820916389187
39,4.205128205,Gopalganj,Kharif 2,23.5,61.0,Oal Kachu,Sep,Oct to Dec,Dec to Feb,164,32,15.0,52,70,56.0,0.4792702295360826,0.5768890635258062,0.43364784299758913,0.10319659943420882,0.373290152738146
0,#DIV/0!,Habiganj,Kharif 2,23.5,61.0,Oal Kachu,Sep,Oct to Dec,Dec to Feb,0,32,15.0,52,70,,0.2399103651205681,0.4141793043422149,0.34418687937171266,0.11539182012690825,0.1548294209765824
14,2.142857143,Jamalpur,Kharif 2,23.5,61.0,Oal Kachu,Sep,Oct to Dec,Dec to Feb,30,32,15.0,52,70,,0.1827577072035731,0.5033997876602768,0.3770276322940256,0.13871592092489862,0.1648097082920677
166,3.493975904,Jashore,Kharif 2,23.5,61.0,Oal Kachu,Sep,Oct to Dec,Dec to Feb,580,32,15.0,52,70,,0.3838945484874524,0.5652397911872226,0.4443853652821339,0.11922140056187576,0.3289696423116384
0,#DIV/0!,Jhallokati,Kharif 2,23.5,61.0,Oal Kachu,Sep,Oct to Dec,Dec to Feb,0,32,15.0,52,70,,0.4988607970006209,0.6681096115145161,0.45929623028179556,0.14329377875522473,0.2577418454737988
400,5.4775,Jhenaidah,Kharif 2,23.5,61.0,Oal Kachu,Sep,Oct to Dec,Dec to Feb,2191,32,15.0,52,70,,0.3220885598782582,0.5697447512811501,0.4474076345642106,0.1524244195192417,0.3584825905341126
34,5.441176471,Joypurhat,Kharif 2,23.5,61.0,Oal Kachu,Sep,Oct to Dec,Dec to Feb,185,32,15.0,52,70,64.0,0.3194107068979877,0.49564293991686426,0.37805422265125904,0.14463697659651806,0.1340678993163834
374,3.839572193,Khagrachari,Kharif 2,23.5,61.0,Oal Kachu,Sep,Oct to Dec,Dec to Feb,1436,32,15.0,52,70,54.0,0.3382196284333821,0.765566716996283,0.688994681104602,0.16959184566412666,0.5047117029912593
149,2.872483221,Khulna,Kharif 2,23.5,61.0,Oal Kachu,Sep,Oct to Dec,Dec to Feb,428,32,15.0,52,70,59.0,0.4016941680534377,0.517187930111667,0.4310989197805548,0.07516814858957135,0.2743240682666131
0,#DIV/0!,Kishoreganj,Kharif 2,23.5,61.0,Oal Kachu,Sep,Oct to Dec,Dec to Feb,0,32,15.0,52,70,,0.0508200478358936,0.27401464375815493,0.33616221433708954,0.1282511547809467,0.0352614250669803
2,5.5,Kurigram,Kharif 2,23.5,61.0,Oal Kachu,Sep,Oct to Dec,Dec to Feb,11,32,15.0,52,70,,0.339929306221639,0.4135143122705276,0.28519112184833356,0.0937100764967085,0.1600381274417598
258,4.662790698,Kushtia,Kharif 2,23.5,61.0,Oal Kachu,Sep,Oct to Dec,Dec to Feb,1203,32,15.0,52,70,,0.2595401427302436,0.4915022544687025,0.4297729309716389,0.13246111615345785,0.301738590217574
0,#DIV/0!,Lakshmipur,Kharif 2,23.5,61.0,Oal Kachu,Sep,Oct to Dec,Dec to Feb,0,32,15.0,52,70,56.0,0.2352361031462211,0.4974220772153166,0.34118140418840204,0.13037176969609657,0.1735118910859101
0,#DIV/0!,Lalmonirhat,Kharif 2,23.5,61.0,Oal Kachu,Sep,Oct to Dec,Dec to Feb,0,32,15.0,52,70,,0.4453238905714439,0.4592421166215935,0.3974856817265971,0.0959878686913291,0.2845360775211245
0,#DIV/0!,Madaripur,Kharif 2,23.5,61.0,Oal Kachu,Sep,Oct to Dec,Dec to Feb,0,32,15.0,52,70,56.0,0.4063651096234308,0.49908389586175717,0.40976300174368746,0.07410296980832386,0.2382060091531424
31,4.516129032,Magura,Kharif 2,23.5,61.0,Oal Kachu,Sep,Oct to Dec,Dec to Feb,140,32,15.0,52,70,61.0,0.3522418035026976,0.5531644720711718,0.4302017643753147,0.13435478454074143,0.2250636941149401
0,#DIV/0!,Manikganj,Kharif 2,23.5,61.0,Oal Kachu,Sep,Oct to Dec,Dec to Feb,0,32,15.0,52,70,,0.4114178092969235,0.40513035279396964,0.3359514355674156,0.08846588136135812,0.1812878463667706
110,7.690909091,Meherpur,Kharif 2,23.5,61.0,Oal Kachu,Sep,Oct to Dec,Dec to Feb,846,32,15.0,52,70,65.0,0.1259660232378597,0.5600446921290938,0.5418368925172868,0.1966232802777951,0.3930040447526618
0,#DIV/0!,Moulvibazar,Kharif 2,23.5,61.0,Oal Kachu,Sep,Oct to Dec,Dec to Feb,0,32,15.0,52,70,,0.4082711888182118,0.5419671615375735,0.4536858678721469,0.08606855415697863,0.2298372609953658
0,#DIV/0!,Munshiganj,Kharif 2,23.5,61.0,Oal Kachu,Sep,Oct to Dec,Dec to Feb,0,32,15.0,52,70,,0.31340565567292,0.4208046630280693,0.39822853464034846,0.08836744355197203,0.1325143943009333
15,4.133333333,Mymensingh,Kharif 2,23.5,61.0,Oal Kachu,Sep,Oct to Dec,Dec to Feb,62,32,15.0,52,70,,0.4943108635282229,0.5542015208373857,0.31448429061892125,0.165605437803241,0.1389876607018474
94,2.244680851,Naogaon,Kharif 2,23.5,61.0,Oal Kachu,Sep,Oct to Dec,Dec to Feb,211,32,15.0,52,70,,0.3298349904608932,0.4906144231555785,0.3279187323324379,0.14010775701142766,0.2610506888737964
96,3.572916667,Narail,Kharif 2,23.5,61.0,Oal Kachu,Sep,Oct to Dec,Dec to Feb,343,32,15.0,52,70,58.0,0.3795905639419704,0.5257537967660285,0.42032951884770653,0.10284030525116103,0.294056796049288
51,3.117647059,Narayanganj,Kharif 2,23.5,61.0,Oal Kachu,Sep,Oct to Dec,Dec to Feb,159,32,15.0,52,70,,0.3114359236632746,0.4244954637969823,0.3532103958712745,0.06493029332406818,0.2055703158072168
0,#DIV/0!,Narsingdi,Kharif 2,23.5,61.0,Oal Kachu,Sep,Oct to Dec,Dec to Feb,0,32,15.0,52,70,,0.3858671860931894,0.4998373700805796,0.42286849942860566,0.08045380080086686,0.2212477349859281
38,5.684210526,Natore,Kharif 2,23.5,61.0,Oal Kachu,Sep,Oct to Dec,Dec to Feb,216,32,15.0,52,70,,0.1449640755138761,0.4974618675203118,0.42969242696487653,0.17572394005350533,0.2497972959779298
0,#DIV/0!,Netrokona,Kharif 2,23.5,61.0,Oal Kachu,Sep,Oct to Dec,Dec to Feb,0,32,15.0,52,70,,0.3045873133388933,0.3863063952706842,0.3083251183383456,0.076400423318619,0.1097388440365386
29,5.413793103,Nilphamari,Kharif 2,23.5,61.0,Oal Kachu,Sep,Oct to Dec,Dec to Feb,157,32,15.0,52,70,,0.4439194600915765,0.4946725844551798,0.3725588930604323,0.11750308575111662,0.2971558927059972
0,#DIV/0!,Noakhali,Kharif 2,23.5,61.0,Oal Kachu,Sep,Oct to Dec,Dec to Feb,0,32,15.0,52,70,55.0,0.2611398897351406,0.5414861865000843,0.41857479697210415,0.13016265445927308,0.1463623264955313
62,2.322580645,Pabna,Kharif 2,23.5,61.0,Oal Kachu,Sep,Oct to Dec,Dec to Feb,144,32,15.0,52,70,,0.2688296958156423,0.48616683543302175,0.42888049669648626,0.10397443755295822,0.2655064359584098
0,#DIV/0!,Panchagar,Kharif 2,23.5,61.0,Oal Kachu,Sep,Oct to Dec,Dec to Feb,0,32,15.0,52,70,,0.3210316931496211,0.5180821102929372,0.35412979436523234,0.1560949585042316,0.369401739785313
0,#DIV/0!,Patuakhali,Kharif 2,23.5,61.0,Oal Kachu,Sep,Oct to Dec,Dec to Feb,0,32,15.0,52,70,,0.3662096619113779,0.5516473445796105,0.3243302085515908,0.1590359214163434,0.1003055359864112
23,4.52173913,Pirojpur,Kharif 2,23.5,61.0,Oal Kachu,Sep,Oct to Dec,Dec to Feb,104,32,15.0,52,70,57.0,0.4734452905350293,0.6322033970064795,0.4453406043306635,0.12870401817940916,0.2624382760227538
58,3.137931034,Rajbari,Kharif 2,23.5,61.0,Oal Kachu,Sep,Oct to Dec,Dec to Feb,182,32,15.0,52,70,60.0,0.3411103169038733,0.4554315981504105,0.3836165862976835,0.09745728025973632,0.1969779583846395
62,6.112903226,Rajshahi,Kharif 2,23.5,61.0,Oal Kachu,Sep,Oct to Dec,Dec to Feb,379,32,15.0,52,70,65.0,0.2171911759580277,0.45089864454721035,0.38385638101631425,0.1208369936348942,0.3234410436367065
392,3.321428571,Rangamati,Kharif 2,23.5,61.0,Oal Kachu,Sep,Oct to Dec,Dec to Feb,1302,32,15.0,52,70,,0.407467011061289,0.7193690981609336,0.668183235865626,0.1261677508697965,0.3966247743805545
56,3.232142857,Rangpur,Kharif 2,23.5,61.0,Oal Kachu,Sep,Oct to Dec,Dec to Feb,181,32,15.0,52,70,59.0,0.4118453959149274,0.5106084700866413,0.34272751834779885,0.14713970979522997,0.2587256418101652
298,4.82885906,Satkhira,Kharif 2,23.5,61.0,Oal Kachu,Sep,Oct to Dec,Dec to Feb,1439,32,15.0,52,70,59.0,0.2954937434231568,0.4786291036559329,0.4150570226307599,0.08102957454291844,0.2608332964740397
0,#DIV/0!,Shariatpur,Kharif 2,23.5,61.0,Oal Kachu,Sep,Oct to Dec,Dec to Feb,0,32,15.0,52,70,55.0,0.337774879445382,0.4483599817157787,0.37494611614438833,0.06487220628435623,0.3060714061064356
0,#DIV/0!,Sherpur,Kharif 2,23.5,61.0,Oal Kachu,Sep,Oct to Dec,Dec to Feb,0,32,15.0,52,70,,0.3417866673453712,0.5614675972651099,0.35068685865128163,0.15468607485541516,0.2004443254985731
16,3.0625,Sirajganj,Kharif 2,23.5,61.0,Oal Kachu,Sep,Oct to Dec,Dec to Feb,49,32,15.0,52,70,,0.1714208140792081,0.3887135407290432,0.33391497852493196,0.08798901245943389,0.1185287326216384
0,#DIV/0!,Sunamganj,Kharif 2,23.5,61.0,Oal Kachu,Sep,Oct to Dec,Dec to Feb,0,32,15.0,52,70,54.0,0.0062517479924633,0.1617498929867393,0.35391888049325076,0.18561055307730134,0.0096036979545399
0,#DIV/0!,Sylhet,Kharif 2,23.5,61.0,Oal Kachu,Sep,Oct to Dec,Dec to Feb,0,32,15.0,52,70,54.0,0.3776845712197997,0.4762232390440653,0.4171137997823768,0.06487161055072742,0.1775812226237738
0,#DIV/0!,Tangail,Kharif 2,23.5,61.0,Oal Kachu,Sep,Oct to Dec,Dec to Feb,0,32,15.0,52,70,60.0,0.3358840930816195,0.5289612321649136,0.35049658717549576,0.13514905080019882,0.1591988119601507
22,1,Thakurgaon,Kharif 2,23.5,61.0,Oal Kachu,Sep,Oct to Dec,Dec to Feb,22,32,15.0,52,70,,0.3582324259138552,0.48450790021999607,0.42831841227415074,0.13420462185402543,0.3826151757848311
328,2.259146341,Bagerhat,Rabi,20.0,67.5,Onion,Oct,Nov to March,March to April,741,25,15.0,65,70,57.0,0.5549719290375441,0.5337443034963723,0.4278334627608135,0.1100116478308852,0.4868351131875976
127,1.511811024,Bandarban,Rabi,20.0,67.5,Onion,Oct,Nov to March,March to April,192,25,15.0,65,70,55.0,0.7430366041768727,0.7090182591778561,0.4776802185450748,0.14304254324966362,0.3862715233777672
104,1.192307692,Barguna,Rabi,20.0,67.5,Onion,Oct,Nov to March,March to April,124,25,15.0,65,70,57.0,0.5890323017558614,0.4225216884300404,0.3114118478202062,0.15230155193712117,0.3310758402525957
560,1.569642857,Barishal,Rabi,20.0,67.5,Onion,Oct,Nov to March,March to April,879,25,15.0,65,70,,0.5411183729753246,0.3762113383736182,0.3712496033176619,0.11510079301947224,0.3272113771710582
1581,2.269449715,Bhola,Rabi,20.0,67.5,Onion,Oct,Nov to March,March to April,3588,25,15.0,65,70,56.0,0.4215271980368956,0.2905412065477276,0.2628488948494496,0.09019156532880034,0.2334659055742139
4797,2.718157182,Bogura,Rabi,20.0,67.5,Onion,Oct,Nov to March,March to April,13039,25,15.0,65,70,,0.6043189721273731,0.4014906816487459,0.4502850820864688,0.10702124046307472,0.2859644007903595
1097,2.704649043,Brahmanbaria,Rabi,20.0,67.5,Onion,Oct,Nov to March,March to April,2967,25,15.0,65,70,54.0,0.4183456917031,0.42041651192908064,0.5393713240351568,0.10812197459441848,0.2430711904191838
1796,2.56403118,Chandpur,Rabi,20.0,67.5,Onion,Oct,Nov to March,March to April,4605,25,15.0,65,70,,0.5270362529660546,0.4196287472489478,0.3842086180373251,0.09796058581674542,0.2851182395817753
7211,3.602829011,Chapai Nawabganj,Rabi,20.0,67.5,Onion,Oct,Nov to March,March to April,25980,25,15.0,65,70,,0.5494797758461835,0.4465936484687614,0.4353891809711724,0.08853729197097461,0.2346338663805179
173,1.433526012,Chattogram,Rabi,20.0,67.5,Onion,Oct,Nov to March,March to April,248,25,15.0,65,70,,0.6563726676016034,0.5398677235407751,0.4104518278809792,0.10750040936404333,0.4368271330834088
1699,5.803413773,Chuadanga,Rabi,20.0,67.5,Onion,Oct,Nov to March,March to April,9860,25,15.0,65,70,,0.6058950868858013,0.5459297496825638,0.5375293719334024,0.06822161350001604,0.1390385944438268
61,1.37704918,CoxsBazar,Rabi,20.0,67.5,Onion,Oct,Nov to March,March to April,84,25,15.0,65,70,55.0,0.5920513052550939,0.47650665848801904,0.41255151434835624,0.06931836672637309,0.2866525849958106
349,2.813753582,Cumilla,Rabi,20.0,67.5,Onion,Oct,Nov to March,March to April,982,25,15.0,65,70,,0.6260474113432829,0.496514278149792,0.43549782798141,0.1371442986277815,0.3487596083130284
1147,3.585004359,Dhaka,Rabi,20.0,67.5,Onion,Oct,Nov to March,March to April,4112,25,15.0,65,70,,0.42014379344061,0.3937563759967836,0.31966499329081344,0.08508889886739143,0.3278518747499494
5344,3.139595808,Dinajpur,Rabi,20.0,67.5,Onion,Oct,Nov to March,March to April,16778,25,15.0,65,70,,0.6968213826970469,0.42830616001138067,0.48169108106705266,0.1458592526127134,0.3510443820127166
82105,5.426015468,Faridpur,Rabi,20.0,67.5,Onion,Oct,Nov to March,March to April,445503,25,15.0,65,70,,0.5571700752994787,0.4581886948889823,0.33493569694063985,0.13917883553703742,0.3607017999141199
25,1.72,Feni,Rabi,20.0,67.5,Onion,Oct,Nov to March,March to April,43,25,15.0,65,70,,0.6864048324722554,0.49054491363759645,0.4089169233706212,0.13457311384527107,0.3828643827818602
2684,2.43219076,Gaibandha,Rabi,20.0,67.5,Onion,Oct,Nov to March,March to April,6528,25,15.0,65,70,57.0,0.5191748931888249,0.36339522225653276,0.380662399855046,0.12556206186323002,0.3094345807109266
495,1.961616162,Gazipur,Rabi,20.0,67.5,Onion,Oct,Nov to March,March to April,971,25,15.0,65,70,,0.5223462850901985,0.4808542297551326,0.4062618659512596,0.11515122917711507,0.3255431189635358
4917,2.599145821,Gopalganj,Rabi,20.0,67.5,Onion,Oct,Nov to March,March to April,12780,25,15.0,65,70,56.0,0.6266318567705287,0.5154311821773885,0.4993561523954592,0.12132253367968518,0.4792702295360826
156,2.493589744,Habiganj,Rabi,20.0,67.5,Onion,Oct,Nov to March,March to April,389,25,15.0,65,70,,0.45889587481196,0.4248595780224734,0.5054355524591956,0.11663684385299297,0.2399103651205681
3740,2.902139037,Jamalpur,Rabi,20.0,67.5,Onion,Oct,Nov to March,March to April,10854,25,15.0,65,70,,0.5680638462794619,0.4350589239459179,0.3740578779844945,0.12504480572978646,0.1827577072035731
3093,4.151632719,Jashore,Rabi,20.0,67.5,Onion,Oct,Nov to March,March to April,12841,25,15.0,65,70,,0.7028498240366357,0.5032073812466739,0.5580905404218051,0.10135421241836014,0.3838945484874524
90,1.511111111,Jhallokati,Rabi,20.0,67.5,Onion,Oct,Nov to March,March to April,136,25,15.0,65,70,,0.6984104731100329,0.5274351262828464,0.45120352157353144,0.14497461352264937,0.4988607970006209
18557,5.468394676,Jhenaidah,Rabi,20.0,67.5,Onion,Oct,Nov to March,March to April,101477,25,15.0,65,70,,0.7437649112435227,0.507036695303401,0.5502829648381724,0.11936234993167984,0.3220885598782582
1877,4.145444859,Joypurhat,Rabi,20.0,67.5,Onion,Oct,Nov to March,March to April,7781,25,15.0,65,70,64.0,0.6950315134846194,0.4232590030306952,0.5176417955124151,0.12437850475115055,0.3194107068979877
54,1.518518519,Khagrachari,Rabi,20.0,67.5,Onion,Oct,Nov to March,March to April,82,25,15.0,65,70,54.0,0.7650947268938538,0.6890913107741159,0.44661939276924423,0.16459511644422764,0.3382196284333821
307,3.195439739,Khulna,Rabi,20.0,67.5,Onion,Oct,Nov to March,March to April,981,25,15.0,65,70,59.0,0.5520675878443635,0.474247876370422,0.376340550560046,0.10717354579240082,0.4016941680534377
1324,3.226586103,Kishoreganj,Rabi,20.0,67.5,Onion,Oct,Nov to March,March to April,4272,25,15.0,65,70,,0.1918684324560693,0.3985315848654734,0.5028384474734935,0.13943780131608766,0.0508200478358936
1103,2.334542158,Kurigram,Rabi,20.0,67.5,Onion,Oct,Nov to March,March to April,2575,25,15.0,65,70,,0.4923091315654682,0.3507221561503044,0.3336651156971563,0.10741613154634982,0.339929306221639
26182,5.126957452,Kushtia,Rabi,20.0,67.5,Onion,Oct,Nov to March,March to April,134234,25,15.0,65,70,,0.6262090914547398,0.4604070886611039,0.43646956191598824,0.09786242027502172,0.2595401427302436
436,1.839449541,Lakshmipur,Rabi,20.0,67.5,Onion,Oct,Nov to March,March to April,802,25,15.0,65,70,56.0,0.5253667671733465,0.3940669872154256,0.3830650053075497,0.10042555304230874,0.2352361031462211
1241,3.161160355,Lalmonirhat,Rabi,20.0,67.5,Onion,Oct,Nov to March,March to April,3923,25,15.0,65,70,,0.6005631769723303,0.442112205816401,0.48753596719343795,0.10112176136703796,0.4453238905714439
8838,4.17413442,Madaripur,Rabi,20.0,67.5,Onion,Oct,Nov to March,March to April,36891,25,15.0,65,70,56.0,0.5680438314099354,0.45379528244662365,0.3292899279087698,0.1403162469963059,0.4063651096234308
14096,4.049375709,Magura,Rabi,20.0,67.5,Onion,Oct,Nov to March,March to April,57080,25,15.0,65,70,61.0,0.7173624754929421,0.48553138093938986,0.46611657947290897,0.12785965496739038,0.3522418035026976
18285,3.338091332,Manikganj,Rabi,20.0,67.5,Onion,Oct,Nov to March,March to April,61037,25,15.0,65,70,,0.4193839512009965,0.372019830815249,0.33590635489755755,0.09861609153404356,0.4114178092969235
4929,10.57881923,Meherpur,Rabi,20.0,67.5,Onion,Oct,Nov to March,March to April,52143,25,15.0,65,70,65.0,0.6557736174550848,0.5547565477914448,0.4974800198847735,0.08789896889732247,0.1259660232378597
90,2.288888889,Moulvibazar,Rabi,20.0,67.5,Onion,Oct,Nov to March,March to April,206,25,15.0,65,70,,0.5081293337700128,0.49773408134336455,0.4424355813652967,0.08488885957999688,0.4082711888182118
482,2.935684647,Munshiganj,Rabi,20.0,67.5,Onion,Oct,Nov to March,March to April,1415,25,15.0,65,70,,0.4799755728266007,0.4280112858983508,0.3110355800281319,0.13907044762862025,0.31340565567292
1442,2.673370319,Mymensingh,Rabi,20.0,67.5,Onion,Oct,Nov to March,March to April,3855,25,15.0,65,70,,0.6661036234448312,0.4243696413120338,0.42397269741357857,0.17197442360608786,0.4943108635282229
6817,3.883379786,Naogaon,Rabi,20.0,67.5,Onion,Oct,Nov to March,March to April,26473,25,15.0,65,70,,0.6437611050179507,0.42621288307793403,0.47774365924495954,0.1490518675511966,0.3298349904608932
1493,3.204956463,Narail,Rabi,20.0,67.5,Onion,Oct,Nov to March,March to April,4785,25,15.0,65,70,58.0,0.6251097875564693,0.4797292868454324,0.45781944004041636,0.10923326137090027,0.3795905639419704
648,2.166666667,Narayanganj,Rabi,20.0,67.5,Onion,Oct,Nov to March,March to April,1404,25,15.0,65,70,,0.3876193728015197,0.39569107123338565,0.3444786288973941,0.07658986271822814,0.3114359236632746
317,2.694006309,Narsingdi,Rabi,20.0,67.5,Onion,Oct,Nov to March,March to April,854,25,15.0,65,70,,0.4212772529102456,0.48367049414310087,0.47100681377990244,0.08894703970502957,0.3858671860931894
11652,5.510127017,Natore,Rabi,20.0,67.5,Onion,Oct,Nov to March,March to April,64204,25,15.0,65,70,,0.6270773846150153,0.48462457973289264,0.5047846049719983,0.11694281798209018,0.1449640755138761
770,3.055844156,Netrokona,Rabi,20.0,67.5,Onion,Oct,Nov to March,March to April,2353,25,15.0,65,70,,0.3798255718688024,0.4040840519586906,0.4281462710157188,0.14361385584881256,0.3045873133388933
2556,3.922926448,Nilphamari,Rabi,20.0,67.5,Onion,Oct,Nov to March,March to April,10027,25,15.0,65,70,,0.653377154092829,0.44095239628183175,0.47605212521984996,0.13081823882432134,0.4439194600915765
483,3.424430642,Noakhali,Rabi,20.0,67.5,Onion,Oct,Nov to March,March to April,1654,25,15.0,65,70,55.0,0.5743616085661583,0.4706539103161309,0.4169682912797537,0.09859302369303177,0.2611398897351406
105918,4.807738062,Pabna,Rabi,20.0,67.5,Onion,Oct,Nov to March,March to April,509226,25,15.0,65,70,,0.576205463230183,0.4566358535522822,0.40216807011248845,0.08841621209086932,0.2688296958156423
3521,3.619426299,Panchagar,Rabi,20.0,67.5,Onion,Oct,Nov to March,March to April,12744,25,15.0,65,70,,0.7131991955629091,0.4086399716839345,0.3488928056989298,0.1660471203623592,0.3210316931496211
102,1.745098039,Patuakhali,Rabi,20.0,67.5,Onion,Oct,Nov to March,March to April,178,25,15.0,65,70,,0.6209295032125958,0.3886271819811816,0.28185181175405905,0.16543853546748835,0.3662096619113779
60,1.166666667,Pirojpur,Rabi,20.0,67.5,Onion,Oct,Nov to March,March to April,70,25,15.0,65,70,57.0,0.6644367573268926,0.5119507938211989,0.4331969211543728,0.1372120317729899,0.4734452905350293
67515,4.103280752,Rajbari,Rabi,20.0,67.5,Onion,Oct,Nov to March,March to April,277033,25,15.0,65,70,60.0,0.583792751193523,0.4196108558651421,0.36241845556408,0.11249378373215907,0.3411103169038733
36170,6.893558197,Rajshahi,Rabi,20.0,67.5,Onion,Oct,Nov to March,March to April,249340,25,15.0,65,70,65.0,0.5638042771009885,0.41850483945774686,0.43424945220126526,0.07836275457077709,0.2171911759580277
114,1.98245614,Rangamati,Rabi,20.0,67.5,Onion,Oct,Nov to March,March to April,226,25,15.0,65,70,,0.7267932608407919,0.6516585495337648,0.385264777195591,0.17010131784547686,0.407467011061289
4980,3.379718876,Rangpur,Rabi,20.0,67.5,Onion,Oct,Nov to March,March to April,16831,25,15.0,65,70,59.0,0.6744499663546515,0.422109534065937,0.40872225002225654,0.1514596809934557,0.4118453959149274
972,3.320987654,Satkhira,Rabi,20.0,67.5,Onion,Oct,Nov to March,March to April,3228,25,15.0,65,70,59.0,0.5293331106485334,0.4447332981216744,0.3778276574338402,0.08419644024669956,0.2954937434231568
6555,4.251563692,Shariatpur,Rabi,20.0,67.5,Onion,Oct,Nov to March,March to April,27869,25,15.0,65,70,55.0,0.5050903206312234,0.40729260207623846,0.2718762498233473,0.13570917244933095,0.337774879445382
1278,2.773082942,Sherpur,Rabi,20.0,67.5,Onion,Oct,Nov to March,March to April,3544,25,15.0,65,70,,0.662903433290502,0.4571844823717428,0.4487996261148688,0.16981786589011325,0.3417866673453712
1585,3.303470032,Sirajganj,Rabi,20.0,67.5,Onion,Oct,Nov to March,March to April,5236,25,15.0,65,70,,0.4306876986901167,0.3717507116551507,0.35876955088044,0.07587465677817191,0.1714208140792081
321,2.769470405,Sunamganj,Rabi,20.0,67.5,Onion,Oct,Nov to March,March to April,889,25,15.0,65,70,54.0,0.0714833095098531,0.37261620562845155,0.43029307331041156,0.19631834881919175,0.0062517479924633
313,3.24600639,Sylhet,Rabi,20.0,67.5,Onion,Oct,Nov to March,March to April,1016,25,15.0,65,70,54.0,0.4585160647406363,0.45697169262686954,0.36677937247595965,0.09884893917290195,0.3776845712197997
2045,2.085574572,Tangail,Rabi,20.0,67.5,Onion,Oct,Nov to March,March to April,4265,25,15.0,65,70,60.0,0.5962526033050995,0.4234229976078102,0.3673901706057424,0.14929537950302899,0.3358840930816195
984,2.343495935,Thakurgaon,Rabi,20.0,67.5,Onion,Oct,Nov to March,March to April,2306,25,15.0,65,70,,0.6913470028229801,0.45499309721672854,0.4599030426161464,0.12430236925266322,0.3582324259138552
135,23.9037037,Bagerhat,Rabi,20.0,60.0,Palmyra Palm,Sep,Oct to Nov,Nov to Feb,3227,25,15.0,50,70,57.0,0.4868351131875976,0.5882284160001774,0.5243834733222952,0.0600756191077152,0.36797252036576
0,#DIV/0!,Bandarban,Rabi,20.0,60.0,Palmyra Palm,Sep,Oct to Nov,Nov to Feb,0,25,15.0,50,70,55.0,0.3862715233777672,0.7533228139476352,0.744352203881547,0.14957922973084498,0.4875178800779642
2219,0.5822442542,Barguna,Rabi,20.0,60.0,Palmyra Palm,Sep,Oct to Nov,Nov to Feb,1292,25,15.0,50,70,57.0,0.3310758402525957,0.6295783482868076,0.44434862256962204,0.15327201114276157,0.1725115850101264
535,1.304672897,Barishal,Rabi,20.0,60.0,Palmyra Palm,Sep,Oct to Nov,Nov to Feb,698,25,15.0,50,70,,0.3272113771710582,0.5359360593308673,0.36214359853163525,0.12258981140000894,0.1904844619362955
0,#DIV/0!,Bhola,Rabi,20.0,60.0,Palmyra Palm,Sep,Oct to Nov,Nov to Feb,0,25,15.0,50,70,56.0,0.2334659055742139,0.42552313382244644,0.2879101361834229,0.0975144306158075,0.0628187267415414
105,7.228571429,Bogura,Rabi,20.0,60.0,Palmyra Palm,Sep,Oct to Nov,Nov to Feb,759,25,15.0,50,70,,0.2859644007903595,0.5455028091788862,0.37608475650527673,0.12436663504374781,0.1458454463723086
0,#DIV/0!,Brahmanbaria,Rabi,20.0,60.0,Palmyra Palm,Sep,Oct to Nov,Nov to Feb,0,25,15.0,50,70,54.0,0.2430711904191838,0.4508113321926305,0.3725155419594808,0.08952558580036515,0.2231572914897405
0,#DIV/0!,Chandpur,Rabi,20.0,60.0,Palmyra Palm,Sep,Oct to Nov,Nov to Feb,0,25,15.0,50,70,,0.2851182395817753,0.5191149771207633,0.40304406971487505,0.1011169970318197,0.2156911286424974
55,10.41818182,Chapai Nawabganj,Rabi,20.0,60.0,Palmyra Palm,Sep,Oct to Nov,Nov to Feb,573,25,15.0,50,70,,0.2346338663805179,0.5330514302791302,0.42499345584228587,0.11514517273009026,0.3933928204975689
0,#DIV/0!,Chattogram,Rabi,20.0,60.0,Palmyra Palm,Sep,Oct to Nov,Nov to Feb,0,25,15.0,50,70,,0.4368271330834088,0.6527109206138317,0.5547620601296177,0.08578184782860372,0.2472074271527324
34,26.47058824,Chuadanga,Rabi,20.0,60.0,Palmyra Palm,Sep,Oct to Nov,Nov to Feb,900,25,15.0,50,70,,0.1390385944438268,0.5920029587467861,0.530795223861912,0.17675483652412544,0.4048532779091586
0,#DIV/0!,CoxsBazar,Rabi,20.0,60.0,Palmyra Palm,Sep,Oct to Nov,Nov to Feb,0,25,15.0,50,70,55.0,0.2866525849958106,0.5551085791222257,0.4799159794447154,0.1010120812725795,0.3524293584290747
0,#DIV/0!,Cumilla,Rabi,20.0,60.0,Palmyra Palm,Sep,Oct to Nov,Nov to Feb,0,25,15.0,50,70,,0.3487596083130284,0.6296296128858516,0.47288326219807086,0.124751240532614,0.2342026799041616
6,21.33333333,Dhaka,Rabi,20.0,60.0,Palmyra Palm,Sep,Oct to Nov,Nov to Feb,128,25,15.0,50,70,,0.3278518747499494,0.4419526728819363,0.3836949782943288,0.05167178173736275,0.1617085368810471
45,4.133333333,Dinajpur,Rabi,20.0,60.0,Palmyra Palm,Sep,Oct to Nov,Nov to Feb,186,25,15.0,50,70,,0.3510443820127166,0.6151530584814315,0.3911597113971651,0.15286004864746117,0.2318182627073085
167,13.11377246,Faridpur,Rabi,20.0,60.0,Palmyra Palm,Sep,Oct to Nov,Nov to Feb,2190,25,15.0,50,70,,0.3607017999141199,0.5501419688785333,0.44518592128585815,0.08851332268215635,0.2343987436039652
0,#DIV/0!,Feni,Rabi,20.0,60.0,Palmyra Palm,Sep,Oct to Nov,Nov to Feb,0,25,15.0,50,70,,0.3828643827818602,0.6716366232136054,0.48758637237988467,0.1330775879277983,0.1727512973903106
7,3.285714286,Gaibandha,Rabi,20.0,60.0,Palmyra Palm,Sep,Oct to Nov,Nov to Feb,23,25,15.0,50,70,57.0,0.3094345807109266,0.49585139273699097,0.3279281627858769,0.11482816862634032,0.1862351151714448
196,1.591836735,Gazipur,Rabi,20.0,60.0,Palmyra Palm,Sep,Oct to Nov,Nov to Feb,312,25,15.0,50,70,,0.3255431189635358,0.5787632081559548,0.4732693412258707,0.11814325466447691,0.0798820916389187
117,14.69230769,Gopalganj,Rabi,20.0,60.0,Palmyra Palm,Sep,Oct to Nov,Nov to Feb,1719,25,15.0,50,70,56.0,0.4792702295360826,0.634878252548432,0.4860170443297757,0.10319659943420882,0.373290152738146
0,#DIV/0!,Habiganj,Rabi,20.0,60.0,Palmyra Palm,Sep,Oct to Nov,Nov to Feb,0,25,15.0,50,70,,0.2399103651205681,0.474586295954621,0.380709338803105,0.11539182012690825,0.1548294209765824
42,0.1904761905,Jamalpur,Rabi,20.0,60.0,Palmyra Palm,Sep,Oct to Nov,Nov to Feb,8,25,15.0,50,70,,0.1827577072035731,0.5422315967741,0.4118705610377037,0.13871592092489862,0.1648097082920677
155,18.20645161,Jashore,Rabi,20.0,60.0,Palmyra Palm,Sep,Oct to Nov,Nov to Feb,2822,25,15.0,50,70,,0.3838945484874524,0.639475594532344,0.4773143652186135,0.11922140056187576,0.3289696423116384
511,1.536203523,Jhallokati,Rabi,20.0,60.0,Palmyra Palm,Sep,Oct to Nov,Nov to Feb,785,25,15.0,50,70,,0.4988607970006209,0.7198933997922468,0.5298162543299618,0.14329377875522473,0.2577418454737988
57,26.14035088,Jhenaidah,Rabi,20.0,60.0,Palmyra Palm,Sep,Oct to Nov,Nov to Feb,1490,25,15.0,50,70,,0.3220885598782582,0.6647268463484598,0.4819779212865072,0.1524244195192417,0.3584825905341126
36,7.611111111,Joypurhat,Rabi,20.0,60.0,Palmyra Palm,Sep,Oct to Nov,Nov to Feb,274,25,15.0,50,70,64.0,0.3194107068979877,0.5950217742336867,0.4072936757341328,0.14463697659651806,0.1340678993163834
0,#DIV/0!,Khagrachari,Rabi,20.0,60.0,Palmyra Palm,Sep,Oct to Nov,Nov to Feb,0,25,15.0,50,70,54.0,0.3382196284333821,0.7848913450164663,0.7179180016132212,0.16959184566412666,0.5047117029912593
243,4.913580247,Khulna,Rabi,20.0,60.0,Palmyra Palm,Sep,Oct to Nov,Nov to Feb,1194,25,15.0,50,70,59.0,0.4016941680534377,0.5660389075363019,0.4683267466424762,0.07516814858957135,0.2743240682666131
7,10.71428571,Kishoreganj,Rabi,20.0,60.0,Palmyra Palm,Sep,Oct to Nov,Nov to Feb,75,25,15.0,50,70,,0.0508200478358936,0.26898603541189864,0.3386475703447491,0.1282511547809467,0.0352614250669803
0,#DIV/0!,Kurigram,Rabi,20.0,60.0,Palmyra Palm,Sep,Oct to Nov,Nov to Feb,3,25,15.0,50,70,,0.339929306221639,0.4728247890535322,0.3272284530216492,0.0937100764967085,0.1600381274417598
16,43.5,Kushtia,Rabi,20.0,60.0,Palmyra Palm,Sep,Oct to Nov,Nov to Feb,696,25,15.0,50,70,,0.2595401427302436,0.5681432950382206,0.44984907288415454,0.13246111615345785,0.301738590217574
0,#DIV/0!,Lakshmipur,Rabi,20.0,60.0,Palmyra Palm,Sep,Oct to Nov,Nov to Feb,0,25,15.0,50,70,56.0,0.2352361031462211,0.5311045899415561,0.39009665631874296,0.13037176969609657,0.1735118910859101
17,9.176470588,Lalmonirhat,Rabi,20.0,60.0,Palmyra Palm,Sep,Oct to Nov,Nov to Feb,156,25,15.0,50,70,,0.4453238905714439,0.5250700446171314,0.41050848936043094,0.0959878686913291,0.2845360775211245
420,10.23809524,Madaripur,Rabi,20.0,60.0,Palmyra Palm,Sep,Oct to Nov,Nov to Feb,4300,25,15.0,50,70,56.0,0.4063651096234308,0.5475220759724164,0.4390723314414899,0.07410296980832386,0.2382060091531424
131,13.73282443,Magura,Rabi,20.0,60.0,Palmyra Palm,Sep,Oct to Nov,Nov to Feb,1799,25,15.0,50,70,61.0,0.3522418035026976,0.6369070912458994,0.4617642500312002,0.13435478454074143,0.2250636941149401
45,4.333333333,Manikganj,Rabi,20.0,60.0,Palmyra Palm,Sep,Oct to Nov,Nov to Feb,195,25,15.0,50,70,,0.4114178092969235,0.4189623245242361,0.35659875113743067,0.08846588136135812,0.1812878463667706
22,15,Meherpur,Rabi,20.0,60.0,Palmyra Palm,Sep,Oct to Nov,Nov to Feb,330,25,15.0,50,70,65.0,0.1259660232378597,0.6165908187383873,0.5507296743933876,0.1966232802777951,0.3930040447526618
2,7.5,Moulvibazar,Rabi,20.0,60.0,Palmyra Palm,Sep,Oct to Nov,Nov to Feb,15,25,15.0,50,70,,0.4082711888182118,0.5640610426266464,0.4952625887749301,0.08606855415697863,0.2298372609953658
356,0.05337078652,Munshiganj,Rabi,20.0,60.0,Palmyra Palm,Sep,Oct to Nov,Nov to Feb,19,25,15.0,50,70,,0.31340565567292,0.464374213417013,0.4108646144821177,0.08836744355197203,0.1325143943009333
0,#DIV/0!,Mymensingh,Rabi,20.0,60.0,Palmyra Palm,Sep,Oct to Nov,Nov to Feb,0,25,15.0,50,70,,0.4943108635282229,0.637907786614784,0.3882912054103752,0.165605437803241,0.1389876607018474
204,11.90686275,Naogaon,Rabi,20.0,60.0,Palmyra Palm,Sep,Oct to Nov,Nov to Feb,2429,25,15.0,50,70,,0.3298349904608932,0.5854784383918903,0.37773799219078585,0.14010775701142766,0.2610506888737964
522,12.36781609,Narail,Rabi,20.0,60.0,Palmyra Palm,Sep,Oct to Nov,Nov to Feb,6456,25,15.0,50,70,58.0,0.3795905639419704,0.5939820177149888,0.455960701104157,0.10284030525116103,0.294056796049288
4,7.75,Narayanganj,Rabi,20.0,60.0,Palmyra Palm,Sep,Oct to Nov,Nov to Feb,31,25,15.0,50,70,,0.3114359236632746,0.43586028165480334,0.38593309453047764,0.06493029332406818,0.2055703158072168
0,#DIV/0!,Narsingdi,Rabi,20.0,60.0,Palmyra Palm,Sep,Oct to Nov,Nov to Feb,0,25,15.0,50,70,,0.3858671860931894,0.5017529285584508,0.46270852562311826,0.08045380080086686,0.2212477349859281
151,9.284768212,Natore,Rabi,20.0,60.0,Palmyra Palm,Sep,Oct to Nov,Nov to Feb,1402,25,15.0,50,70,,0.1449640755138761,0.5726839075498764,0.4518419278448418,0.17572394005350533,0.2497972959779298
1,4,Netrokona,Rabi,20.0,60.0,Palmyra Palm,Sep,Oct to Nov,Nov to Feb,4,25,15.0,50,70,,0.3045873133388933,0.4185181682105523,0.3455465298918347,0.076400423318619,0.1097388440365386
1,13,Nilphamari,Rabi,20.0,60.0,Palmyra Palm,Sep,Oct to Nov,Nov to Feb,13,25,15.0,50,70,,0.4439194600915765,0.5681980322894549,0.4001738974168444,0.11750308575111662,0.2971558927059972
0,#DIV/0!,Noakhali,Rabi,20.0,60.0,Palmyra Palm,Sep,Oct to Nov,Nov to Feb,0,25,15.0,50,70,55.0,0.2611398897351406,0.593246536432527,0.466963963803802,0.13016265445927308,0.1463623264955313
154,2.876623377,Pabna,Rabi,20.0,60.0,Palmyra Palm,Sep,Oct to Nov,Nov to Feb,443,25,15.0,50,70,,0.2688296958156423,0.5350479423929272,0.4451329779112825,0.10397443755295822,0.2655064359584098
2,0,Panchagar,Rabi,20.0,60.0,Palmyra Palm,Sep,Oct to Nov,Nov to Feb,0,25,15.0,50,70,,0.3210316931496211,0.5995115912185576,0.38705334249247575,0.1560949585042316,0.369401739785313
1195,3.029288703,Patuakhali,Rabi,20.0,60.0,Palmyra Palm,Sep,Oct to Nov,Nov to Feb,3620,25,15.0,50,70,,0.3662096619113779,0.6319593098126016,0.4039949355168449,0.1590359214163434,0.1003055359864112
632,6.762658228,Pirojpur,Rabi,20.0,60.0,Palmyra Palm,Sep,Oct to Nov,Nov to Feb,4274,25,15.0,50,70,57.0,0.4734452905350293,0.6805164008050582,0.5081544643188036,0.12870401817940916,0.2624382760227538
106,13.60377358,Rajbari,Rabi,20.0,60.0,Palmyra Palm,Sep,Oct to Nov,Nov to Feb,1442,25,15.0,50,70,60.0,0.3411103169038733,0.525152679345201,0.4043405915974824,0.09745728025973632,0.1969779583846395
369,10.20867209,Rajshahi,Rabi,20.0,60.0,Palmyra Palm,Sep,Oct to Nov,Nov to Feb,3767,25,15.0,50,70,65.0,0.2171911759580277,0.5138256543080548,0.40385404364101596,0.1208369936348942,0.3234410436367065
5,2,Rangamati,Rabi,20.0,60.0,Palmyra Palm,Sep,Oct to Nov,Nov to Feb,10,25,15.0,50,70,,0.407467011061289,0.742009131728648,0.6904436775533455,0.1261677508697965,0.3966247743805545
16,6.6875,Rangpur,Rabi,20.0,60.0,Palmyra Palm,Sep,Oct to Nov,Nov to Feb,107,25,15.0,50,70,59.0,0.4118453959149274,0.614798190329755,0.3958322423370637,0.14713970979522997,0.2587256418101652
804,7.391791045,Satkhira,Rabi,20.0,60.0,Palmyra Palm,Sep,Oct to Nov,Nov to Feb,5943,25,15.0,50,70,59.0,0.2954937434231568,0.5121465634308355,0.4350327710263543,0.08102957454291844,0.2608332964740397
224,5.946428571,Shariatpur,Rabi,20.0,60.0,Palmyra Palm,Sep,Oct to Nov,Nov to Feb,1332,25,15.0,50,70,55.0,0.337774879445382,0.4827680072115317,0.3963210105562512,0.06487220628435623,0.3060714061064356
15,4.733333333,Sherpur,Rabi,20.0,60.0,Palmyra Palm,Sep,Oct to Nov,Nov to Feb,71,25,15.0,50,70,,0.3417866673453712,0.6335137894887513,0.41404618041021135,0.15468607485541516,0.2004443254985731
3,7.666666667,Sirajganj,Rabi,20.0,60.0,Palmyra Palm,Sep,Oct to Nov,Nov to Feb,23,25,15.0,50,70,,0.1714208140792081,0.40698004370146057,0.34625433107190007,0.08798901245943389,0.1185287326216384
0,#DIV/0!,Sunamganj,Rabi,20.0,60.0,Palmyra Palm,Sep,Oct to Nov,Nov to Feb,0,25,15.0,50,70,54.0,0.0062517479924633,0.12540589461366486,0.31027128029930723,0.18561055307730134,0.0096036979545399
0,#DIV/0!,Sylhet,Rabi,20.0,60.0,Palmyra Palm,Sep,Oct to Nov,Nov to Feb,0,25,15.0,50,70,54.0,0.3776845712197997,0.49933292760915504,0.44787279745620107,0.06487161055072742,0.1775812226237738
0,#DIV/0!,Tangail,Rabi,20.0,60.0,Palmyra Palm,Sep,Oct to Nov,Nov to Feb,0,25,15.0,50,70,60.0,0.3358840930816195,0.5731450613279228,0.40038182021930835,0.13514905080019882,0.1591988119601507
1,19,Thakurgaon,Rabi,20.0,60.0,Palmyra Palm,Sep,Oct to Nov,Nov to Feb,19,25,15.0,50,70,,0.3582324259138552,0.5674280359888155,0.43211607649427575,0.13420462185402543,0.3826151757848311
611,3.024549918,Bagerhat,Kharif 2,21.0,70.0,Palong Shak,Aug,Sep to Jan,Feb,1848,30,12.0,65,75,57.0,0.36797252036576,0.5212533748897588,0.533074061065529,0.08031707705987405,0.3076850950523782
119,1.445378151,Bandarban,Kharif 2,21.0,70.0,Palong Shak,Aug,Sep to Jan,Feb,172,30,12.0,65,75,55.0,0.4875178800779642,0.6849157220749852,0.6821383327059017,0.15551667659036944,0.5380354289240772
86,1.523255814,Barguna,Kharif 2,21.0,70.0,Palong Shak,Aug,Sep to Jan,Feb,131,30,12.0,65,75,57.0,0.1725115850101264,0.4812878085202678,0.291063589685606,0.17476820090311307,0.3334017153350163
472,1.896186441,Barishal,Kharif 2,21.0,70.0,Palong Shak,Aug,Sep to Jan,Feb,895,30,12.0,65,75,,0.1904844619362955,0.41270365079000876,0.2533858903228801,0.13413752746877622,0.3245837439937262
230,2.065217391,Bhola,Kharif 2,21.0,70.0,Palong Shak,Aug,Sep to Jan,Feb,475,30,12.0,65,75,56.0,0.0628187267415414,0.31268326411686764,0.243217327760463,0.126632301705991,0.1855874177236102
346,2.768786127,Bogura,Kharif 2,21.0,70.0,Palong Shak,Aug,Sep to Jan,Feb,958,30,12.0,65,75,,0.1458454463723086,0.4007664406123361,0.3907901958771589,0.14849929099339865,0.2857453203994977
274,2.02189781,Brahmanbaria,Kharif 2,21.0,70.0,Palong Shak,Aug,Sep to Jan,Feb,554,30,12.0,65,75,54.0,0.2231572914897405,0.35211200609567195,0.3909190194818471,0.09643091167591286,0.188064601572371
264,1.768939394,Chandpur,Kharif 2,21.0,70.0,Palong Shak,Aug,Sep to Jan,Feb,467,30,12.0,65,75,,0.2156911286424974,0.40659772902323627,0.3913421262911484,0.11657295150135981,0.3248166463103474
311,2.337620579,Chapai Nawabganj,Kharif 2,21.0,70.0,Palong Shak,Aug,Sep to Jan,Feb,727,30,12.0,65,75,,0.3933928204975689,0.40819673921013616,0.4431037695451635,0.10540126493573883,0.3158738866969921
921,1.989142237,Chattogram,Kharif 2,21.0,70.0,Palong Shak,Aug,Sep to Jan,Feb,1832,30,12.0,65,75,,0.2472074271527324,0.5618110927774582,0.5031925773161925,0.13930872505881445,0.4592212447118667
825,3.229090909,Chuadanga,Kharif 2,21.0,70.0,Palong Shak,Aug,Sep to Jan,Feb,2664,30,12.0,65,75,,0.4048532779091586,0.45486405170122063,0.5937943182711736,0.16370697907779166,0.3129435337540583
11,2.363636364,CoxsBazar,Kharif 2,21.0,70.0,Palong Shak,Aug,Sep to Jan,Feb,26,30,12.0,65,75,55.0,0.3524293584290747,0.4674043287074947,0.4613461644922925,0.10177577184321912,0.3617584244219423
244,2.073770492,Cumilla,Kharif 2,21.0,70.0,Palong Shak,Aug,Sep to Jan,Feb,506,30,12.0,65,75,,0.2342026799041616,0.48633965861616996,0.4346417753677448,0.14642683901473935,0.4432566265522507
608,5.582236842,Dhaka,Kharif 2,21.0,70.0,Palong Shak,Aug,Sep to Jan,Feb,3394,30,12.0,65,75,,0.1617085368810471,0.3876016577553577,0.344767292591086,0.09519017163796958,0.2359514042907517
395,1.574683544,Dinajpur,Kharif 2,21.0,70.0,Palong Shak,Aug,Sep to Jan,Feb,622,30,12.0,65,75,,0.2318182627073085,0.4416542022414207,0.4042335990913202,0.15935379509046163,0.1911947455467423
1218,1.922003284,Faridpur,Kharif 2,21.0,70.0,Palong Shak,Aug,Sep to Jan,Feb,2341,30,12.0,65,75,,0.2343987436039652,0.4447956396885845,0.4746373619141085,0.11469608354444075,0.1922260030735255
280,2.007142857,Feni,Kharif 2,21.0,70.0,Palong Shak,Aug,Sep to Jan,Feb,562,30,12.0,65,75,,0.1727512973903106,0.5121388897995585,0.4589202557758623,0.17425280831340687,0.3420579380209889
213,1.596244131,Gaibandha,Kharif 2,21.0,70.0,Palong Shak,Aug,Sep to Jan,Feb,340,30,12.0,65,75,57.0,0.1862351151714448,0.3593810728844009,0.3434167606212545,0.12304510314737972,0.2962063273967376
202,2.222772277,Gazipur,Kharif 2,21.0,70.0,Palong Shak,Aug,Sep to Jan,Feb,449,30,12.0,65,75,,0.0798820916389187,0.4785376790362781,0.3482783737758274,0.17868916751770628,0.3447734668324618
405,2.565432099,Gopalganj,Kharif 2,21.0,70.0,Palong Shak,Aug,Sep to Jan,Feb,1039,30,12.0,65,75,56.0,0.373290152738146,0.5190753850822206,0.4545933382146112,0.10714318048508456,0.3497550691217142
33,2.939393939,Habiganj,Kharif 2,21.0,70.0,Palong Shak,Aug,Sep to Jan,Feb,97,30,12.0,65,75,,0.1548294209765824,0.34971554826161005,0.4730658538368976,0.13314265091236926,0.245932692591611
1076,1.953531599,Jamalpur,Kharif 2,21.0,70.0,Palong Shak,Aug,Sep to Jan,Feb,2102,30,12.0,65,75,,0.1648097082920677,0.40267540706930144,0.3849267622873427,0.15465500729903917,0.2646026336761234
1415,2.909540636,Jashore,Kharif 2,21.0,70.0,Palong Shak,Aug,Sep to Jan,Feb,4117,30,12.0,65,75,,0.3289696423116384,0.5054242620702037,0.4688805230475235,0.12645574515922955,0.2644109823157027
182,0.9450549451,Jhallokati,Kharif 2,21.0,70.0,Palong Shak,Aug,Sep to Jan,Feb,172,30,12.0,65,75,,0.2577418454737988,0.5802475737726491,0.4152984185672557,0.1718844451164307,0.3997108859765451
796,2.462311558,Jhenaidah,Kharif 2,21.0,70.0,Palong Shak,Aug,Sep to Jan,Feb,1960,30,12.0,65,75,,0.3584825905341126,0.49530030871553865,0.5172636126901161,0.14893007246982456,0.2515724809224544
177,2.531073446,Joypurhat,Kharif 2,21.0,70.0,Palong Shak,Aug,Sep to Jan,Feb,448,30,12.0,65,75,64.0,0.1340678993163834,0.448453519729269,0.4013493246727935,0.1756604457597974,0.2741185892315073
215,1.739534884,Khagrachari,Kharif 2,21.0,70.0,Palong Shak,Aug,Sep to Jan,Feb,374,30,12.0,65,75,54.0,0.5047117029912593,0.6695264282587883,0.6273542204861793,0.16590497640411564,0.5632408079214678
479,2.311064718,Khulna,Kharif 2,21.0,70.0,Palong Shak,Aug,Sep to Jan,Feb,1107,30,12.0,65,75,59.0,0.2743240682666131,0.4774963479686008,0.4395870026247023,0.10121498626006539,0.2418435740231755
179,1.715083799,Kishoreganj,Kharif 2,21.0,70.0,Palong Shak,Aug,Sep to Jan,Feb,307,30,12.0,65,75,,0.0352614250669803,0.23682677621249773,0.4131448806084709,0.14603690712536527,0.0466277222103982
325,2.547692308,Kurigram,Kharif 2,21.0,70.0,Palong Shak,Aug,Sep to Jan,Feb,828,30,12.0,65,75,,0.1600381274417598,0.3692786475984534,0.294759011881437,0.11336679740064644,0.2126574194433389
793,2.89407314,Kushtia,Kharif 2,21.0,70.0,Palong Shak,Aug,Sep to Jan,Feb,2295,30,12.0,65,75,,0.301738590217574,0.4341316360196067,0.5144873456235682,0.13288277274946048,0.3063360618005153
197,1.274111675,Lakshmipur,Kharif 2,21.0,70.0,Palong Shak,Aug,Sep to Jan,Feb,251,30,12.0,65,75,56.0,0.1735118910859101,0.39820475936471433,0.329965698770968,0.14375240672129308,0.216911533590321
250,2.412,Lalmonirhat,Kharif 2,21.0,70.0,Palong Shak,Aug,Sep to Jan,Feb,603,30,12.0,65,75,,0.2845360775211245,0.4386077695683713,0.4948821771436415,0.10721311535552132,0.1886964255619581
233,1.39055794,Madaripur,Kharif 2,21.0,70.0,Palong Shak,Aug,Sep to Jan,Feb,324,30,12.0,65,75,56.0,0.2382060091531424,0.459181236385538,0.434792084871636,0.10628963158492359,0.3015037563974885
214,3.294392523,Magura,Kharif 2,21.0,70.0,Palong Shak,Aug,Sep to Jan,Feb,705,30,12.0,65,75,61.0,0.2250636941149401,0.4872555520855354,0.4803835186927634,0.15740938400293,0.3068813352363869
228,1.938596491,Manikganj,Kharif 2,21.0,70.0,Palong Shak,Aug,Sep to Jan,Feb,442,30,12.0,65,75,,0.1812878463667706,0.4115470956319,0.1994612868881428,0.10931177021524592,0.2227934918175409
277,4.173285199,Meherpur,Kharif 2,21.0,70.0,Palong Shak,Aug,Sep to Jan,Feb,1156,30,12.0,65,75,65.0,0.3930040447526618,0.46966479046022264,0.6363343859653814,0.1837810579549276,0.3536386487641446
114,0.9473684211,Moulvibazar,Kharif 2,21.0,70.0,Palong Shak,Aug,Sep to Jan,Feb,108,30,12.0,65,75,,0.2298372609953658,0.4817065064500345,0.4889183454377723,0.12378390451126499,0.3316964980247003
469,1.330490405,Munshiganj,Kharif 2,21.0,70.0,Palong Shak,Aug,Sep to Jan,Feb,624,30,12.0,65,75,,0.1325143943009333,0.3829712482247205,0.521983445304389,0.13116091886353493,0.3160496897107698
593,3.917369309,Mymensingh,Kharif 2,21.0,70.0,Palong Shak,Aug,Sep to Jan,Feb,2323,30,12.0,65,75,,0.1389876607018474,0.48606027328343443,0.2832779421973829,0.19202740908265994,0.2698808416271118
524,2.133587786,Naogaon,Kharif 2,21.0,70.0,Palong Shak,Aug,Sep to Jan,Feb,1118,30,12.0,65,75,,0.2610506888737964,0.4220839842834893,0.3741281428245409,0.14037238552201048,0.3045155374762066
448,3.075892857,Narail,Kharif 2,21.0,70.0,Palong Shak,Aug,Sep to Jan,Feb,1378,30,12.0,65,75,58.0,0.294056796049288,0.4705494927363846,0.4757956922331443,0.11535854502616222,0.2634323510957302
373,1.563002681,Narayanganj,Kharif 2,21.0,70.0,Palong Shak,Aug,Sep to Jan,Feb,583,30,12.0,65,75,,0.2055703158072168,0.3834762490107157,0.3254064295331264,0.0869265176232478,0.3477409062434406
137,1.277372263,Narsingdi,Kharif 2,21.0,70.0,Palong Shak,Aug,Sep to Jan,Feb,175,30,12.0,65,75,,0.2212477349859281,0.4540564442570966,0.387696320210425,0.11143900505293448,0.3843016714945546
270,2.385185185,Natore,Kharif 2,21.0,70.0,Palong Shak,Aug,Sep to Jan,Feb,644,30,12.0,65,75,,0.2497972959779298,0.4036417661826592,0.5612003405949629,0.1742594409818399,0.3978173091447218
118,2.389830508,Netrokona,Kharif 2,21.0,70.0,Palong Shak,Aug,Sep to Jan,Feb,282,30,12.0,65,75,,0.1097388440365386,0.33927087726047944,0.3702446184726372,0.11284042848246675,0.09812317506523
339,2.439528024,Nilphamari,Kharif 2,21.0,70.0,Palong Shak,Aug,Sep to Jan,Feb,827,30,12.0,65,75,,0.2971558927059972,0.4502463729041516,0.446760339331025,0.12177252111031676,0.0941026951895885
272,1.963235294,Noakhali,Kharif 2,21.0,70.0,Palong Shak,Aug,Sep to Jan,Feb,534,30,12.0,65,75,55.0,0.1463623264955313,0.4502165588534443,0.4522745592492853,0.16534212861893197,0.3002479520998793
749,2.618157543,Pabna,Kharif 2,21.0,70.0,Palong Shak,Aug,Sep to Jan,Feb,1961,30,12.0,65,75,,0.2655064359584098,0.43211361956518335,0.4649989728650389,0.11506310518058435,0.3322302187313384
479,1.960334029,Panchagar,Kharif 2,21.0,70.0,Palong Shak,Aug,Sep to Jan,Feb,939,30,12.0,65,75,,0.369401739785313,0.432085501221958,0.4220167525726432,0.14434807375728015,0.2408245389975022
69,1.405797101,Patuakhali,Kharif 2,21.0,70.0,Palong Shak,Aug,Sep to Jan,Feb,97,30,12.0,65,75,,0.1003055359864112,0.46556797108049147,0.2752790517888959,0.19227701495798,0.2708267478018758
123,1.756097561,Pirojpur,Kharif 2,21.0,70.0,Palong Shak,Aug,Sep to Jan,Feb,216,30,12.0,65,75,57.0,0.2624382760227538,0.5554490141325314,0.3932548344744789,0.1546295362053641,0.3852390179122407
546,4.402930403,Rajbari,Kharif 2,21.0,70.0,Palong Shak,Aug,Sep to Jan,Feb,2404,30,12.0,65,75,60.0,0.1969779583846395,0.41944300426635195,0.445050413155566,0.12352696140702592,0.3247059383230628
1026,2.338206628,Rajshahi,Kharif 2,21.0,70.0,Palong Shak,Aug,Sep to Jan,Feb,2399,30,12.0,65,75,65.0,0.3234410436367065,0.38926426827566996,0.4500902862447303,0.11398366746545287,0.2946516903259429
137,0.802919708,Rangamati,Kharif 2,21.0,70.0,Palong Shak,Aug,Sep to Jan,Feb,110,30,12.0,65,75,,0.3966247743805545,0.6529921254121698,0.6310743550546144,0.14962874078992344,0.609906371670307
423,1.617021277,Rangpur,Kharif 2,21.0,70.0,Palong Shak,Aug,Sep to Jan,Feb,684,30,12.0,65,75,59.0,0.2587256418101652,0.44826614958645356,0.4282935836855661,0.15164198005371138,0.2367261980987058
590,2.449152542,Satkhira,Kharif 2,21.0,70.0,Palong Shak,Aug,Sep to Jan,Feb,1445,30,12.0,65,75,59.0,0.2608332964740397,0.42962737663821626,0.416821054986026,0.09715665287866902,0.2474221884969978
122,2.270491803,Shariatpur,Kharif 2,21.0,70.0,Palong Shak,Aug,Sep to Jan,Feb,277,30,12.0,65,75,55.0,0.3060714061064356,0.40738650067414045,0.391216738930908,0.06997443334057975,0.2376970365297308
162,3.043209877,Sherpur,Kharif 2,21.0,70.0,Palong Shak,Aug,Sep to Jan,Feb,493,30,12.0,65,75,,0.2004443254985731,0.4611678816874347,0.355035413839545,0.16845713593133008,0.2947216372986462
606,2.554455446,Sirajganj,Kharif 2,21.0,70.0,Palong Shak,Aug,Sep to Jan,Feb,1548,30,12.0,65,75,,0.1185287326216384,0.3334591740076688,0.3198299670185812,0.11363215350711738,0.2391123797848982
53,2.056603774,Sunamganj,Kharif 2,21.0,70.0,Palong Shak,Aug,Sep to Jan,Feb,109,30,12.0,65,75,54.0,0.0096036979545399,0.15752022167245447,0.5312190703372729,0.18714001028537236,-0.0542292857374388
140,1.607142857,Sylhet,Kharif 2,21.0,70.0,Palong Shak,Aug,Sep to Jan,Feb,225,30,12.0,65,75,54.0,0.1775812226237738,0.43341434122864175,0.4606201196420315,0.1148537941954133,0.13485983039162
340,2.126470588,Tangail,Kharif 2,21.0,70.0,Palong Shak,Aug,Sep to Jan,Feb,723,30,12.0,65,75,60.0,0.1591988119601507,0.45952759308600194,0.2360260118339428,0.15845580321996086,0.1595776260298182
307,3.188925081,Thakurgaon,Kharif 2,21.0,70.0,Palong Shak,Aug,Sep to Jan,Feb,979,30,12.0,65,75,,0.3826151757848311,0.4490678428738143,0.532704520344867,0.12622336303273782,0.2128467513454522
39,1.717948718,Bagerhat,Kharif 2,27.5,72.5,Patal,Aug,Sep to Jan,Jan to March,67,35,20.0,60,85,57.0,0.36797252036576,0.5212533748897588,0.5310603918516658,0.07838550662718662,0.3076850950523782
0,#DIV/0!,Bandarban,Kharif 2,27.5,72.5,Patal,Aug,Sep to Jan,Jan to March,0,35,20.0,60,85,55.0,0.4875178800779642,0.6849157220749852,0.6711461843279111,0.14735139687283452,0.5380354289240772
0,#DIV/0!,Barguna,Kharif 2,27.5,72.5,Patal,Aug,Sep to Jan,Jan to March,0,35,20.0,60,85,57.0,0.1725115850101264,0.4812878085202678,0.3254094075465732,0.1639501858009909,0.3334017153350163
0,#DIV/0!,Barishal,Kharif 2,27.5,72.5,Patal,Aug,Sep to Jan,Jan to March,0,35,20.0,60,85,,0.1904844619362955,0.41270365079000876,0.3258251891916187,0.12693395162852095,0.3245837439937262
0,#DIV/0!,Bhola,Kharif 2,27.5,72.5,Patal,Aug,Sep to Jan,Jan to March,0,35,20.0,60,85,56.0,0.0628187267415414,0.31268326411686764,0.25369716913212814,0.11785341401252589,0.1855874177236102
749,3.770360481,Bogura,Kharif 2,27.5,72.5,Patal,Aug,Sep to Jan,Jan to March,2824,35,20.0,60,85,,0.1458454463723086,0.4007664406123361,0.402110869787143,0.14614519069062046,0.2857453203994977
7,5,Brahmanbaria,Kharif 2,27.5,72.5,Patal,Aug,Sep to Jan,Jan to March,35,35,20.0,60,85,54.0,0.2231572914897405,0.35211200609567195,0.4280301292838294,0.13142325358405532,0.188064601572371
0,#DIV/0!,Chandpur,Kharif 2,27.5,72.5,Patal,Aug,Sep to Jan,Jan to March,0,35,20.0,60,85,,0.2156911286424974,0.40659772902323627,0.39344653680848696,0.114578336732453,0.3248166463103474
465,3.894623656,Chapai Nawabganj,Kharif 2,27.5,72.5,Patal,Aug,Sep to Jan,Jan to March,1811,35,20.0,60,85,,0.3933928204975689,0.40819673921013616,0.44328237522718034,0.10667991137854037,0.3158738866969921
8,1.25,Chattogram,Kharif 2,27.5,72.5,Patal,Aug,Sep to Jan,Jan to March,10,35,20.0,60,85,,0.2472074271527324,0.5618110927774582,0.5028219050815989,0.12935969852215037,0.4592212447118667
882,2.672335601,Chuadanga,Kharif 2,27.5,72.5,Patal,Aug,Sep to Jan,Jan to March,2357,35,20.0,60,85,,0.4048532779091586,0.45486405170122063,0.5678158007056634,0.15932072587308455,0.3129435337540583
5,1.2,CoxsBazar,Kharif 2,27.5,72.5,Patal,Aug,Sep to Jan,Jan to March,6,35,20.0,60,85,55.0,0.3524293584290747,0.4674043287074947,0.46153591965254687,0.09433391391272031,0.3617584244219423
55,1.327272727,Cumilla,Kharif 2,27.5,72.5,Patal,Aug,Sep to Jan,Jan to March,73,35,20.0,60,85,,0.2342026799041616,0.48633965861616996,0.4634169807395878,0.14532612260690267,0.4432566265522507
912,1.400219298,Dhaka,Kharif 2,27.5,72.5,Patal,Aug,Sep to Jan,Jan to March,1277,35,20.0,60,85,,0.1617085368810471,0.3876016577553577,0.3773540523494136,0.09308803921511084,0.2359514042907517
866,2.474595843,Dinajpur,Kharif 2,27.5,72.5,Patal,Aug,Sep to Jan,Jan to March,2143,35,20.0,60,85,,0.2318182627073085,0.4416542022414207,0.4391421972459331,0.1593810353134567,0.1911947455467423
180,1.544444444,Faridpur,Kharif 2,27.5,72.5,Patal,Aug,Sep to Jan,Jan to March,278,35,20.0,60,85,,0.2343987436039652,0.4447956396885845,0.4630858807111416,0.11097525446773593,0.1922260030735255
13,2.307692308,Feni,Kharif 2,27.5,72.5,Patal,Aug,Sep to Jan,Jan to March,30,35,20.0,60,85,,0.1727512973903106,0.5121388897995585,0.46254311368047274,0.1621560745009182,0.3420579380209889
539,3.727272727,Gaibandha,Kharif 2,27.5,72.5,Patal,Aug,Sep to Jan,Jan to March,2009,35,20.0,60,85,57.0,0.1862351151714448,0.3593810728844009,0.3644401500636081,0.12928243193414468,0.2962063273967376
89,1.483146067,Gazipur,Kharif 2,27.5,72.5,Patal,Aug,Sep to Jan,Jan to March,132,35,20.0,60,85,,0.0798820916389187,0.4785376790362781,0.4220036237240463,0.1698005796864347,0.3447734668324618
128,2.109375,Gopalganj,Kharif 2,27.5,72.5,Patal,Aug,Sep to Jan,Jan to March,270,35,20.0,60,85,56.0,0.373290152738146,0.5190753850822206,0.49104019236001745,0.11150573518304696,0.3497550691217142
0,#DIV/0!,Habiganj,Kharif 2,27.5,72.5,Patal,Aug,Sep to Jan,Jan to March,0,35,20.0,60,85,,0.1548294209765824,0.34971554826161005,0.44688528396589416,0.15418401193614772,0.245932692591611
343,1.932944606,Jamalpur,Kharif 2,27.5,72.5,Patal,Aug,Sep to Jan,Jan to March,663,35,20.0,60,85,,0.1648097082920677,0.40267540706930144,0.4110530343427405,0.1541679716396338,0.2646026336761234
3053,5.874222077,Jashore,Kharif 2,27.5,72.5,Patal,Aug,Sep to Jan,Jan to March,17934,35,20.0,60,85,,0.3289696423116384,0.5054242620702037,0.5077224522361125,0.1260058768967733,0.2644109823157027
0,#DIV/0!,Jhallokati,Kharif 2,27.5,72.5,Patal,Aug,Sep to Jan,Jan to March,0,35,20.0,60,85,,0.2577418454737988,0.5802475737726491,0.4437524233269056,0.15915499928895352,0.3997108859765451
1749,4.427101201,Jhenaidah,Kharif 2,27.5,72.5,Patal,Aug,Sep to Jan,Jan to March,7743,35,20.0,60,85,,0.3584825905341126,0.49530030871553865,0.5232380446390258,0.14516103281746895,0.2515724809224544
623,3.422150883,Joypurhat,Kharif 2,27.5,72.5,Patal,Aug,Sep to Jan,Jan to March,2132,35,20.0,60,85,64.0,0.1340678993163834,0.448453519729269,0.4414659029625008,0.1657345885974789,0.2741185892315073
0,#DIV/0!,Khagrachari,Kharif 2,27.5,72.5,Patal,Aug,Sep to Jan,Jan to March,0,35,20.0,60,85,54.0,0.5047117029912593,0.6695264282587883,0.6379503765918614,0.15536969551822727,0.5632408079214678
106,1.575471698,Khulna,Kharif 2,27.5,72.5,Patal,Aug,Sep to Jan,Jan to March,167,35,20.0,60,85,59.0,0.2743240682666131,0.4774963479686008,0.4572477264538242,0.09569432059091043,0.2418435740231755
74,2.472972973,Kishoreganj,Kharif 2,27.5,72.5,Patal,Aug,Sep to Jan,Jan to March,183,35,20.0,60,85,,0.0352614250669803,0.23682677621249773,0.4541608085029905,0.19689539021198077,0.0466277222103982
629,2.457869634,Kurigram,Kharif 2,27.5,72.5,Patal,Aug,Sep to Jan,Jan to March,1546,35,20.0,60,85,,0.1600381274417598,0.3692786475984534,0.3351256585018025,0.11267979280617704,0.2126574194433389
557,3.9497307,Kushtia,Kharif 2,27.5,72.5,Patal,Aug,Sep to Jan,Jan to March,2200,35,20.0,60,85,,0.301738590217574,0.4341316360196067,0.48457925711805044,0.12592129046494427,0.3063360618005153
1,1,Lakshmipur,Kharif 2,27.5,72.5,Patal,Aug,Sep to Jan,Jan to March,1,35,20.0,60,85,56.0,0.1735118910859101,0.39820475936471433,0.3344784905348415,0.13443082112163507,0.216911533590321
305,2.603278689,Lalmonirhat,Kharif 2,27.5,72.5,Patal,Aug,Sep to Jan,Jan to March,794,35,20.0,60,85,,0.2845360775211245,0.4386077695683713,0.47779928539651834,0.11153749498337279,0.1886964255619581
18,4.333333333,Madaripur,Kharif 2,27.5,72.5,Patal,Aug,Sep to Jan,Jan to March,78,35,20.0,60,85,56.0,0.2382060091531424,0.459181236385538,0.4465895186859274,0.10326602559111152,0.3015037563974885
134,3.059701493,Magura,Kharif 2,27.5,72.5,Patal,Aug,Sep to Jan,Jan to March,410,35,20.0,60,85,61.0,0.2250636941149401,0.4872555520855354,0.49517532132545855,0.15299952401253655,0.3068813352363869
459,1.806100218,Manikganj,Kharif 2,27.5,72.5,Patal,Aug,Sep to Jan,Jan to March,829,35,20.0,60,85,,0.1812878463667706,0.4115470956319,0.3546973489651107,0.10560594179455016,0.2227934918175409
365,4.301369863,Meherpur,Kharif 2,27.5,72.5,Patal,Aug,Sep to Jan,Jan to March,1570,35,20.0,60,85,65.0,0.3930040447526618,0.46966479046022264,0.5831407600083424,0.17299110430372205,0.3536386487641446
0,#DIV/0!,Moulvibazar,Kharif 2,27.5,72.5,Patal,Aug,Sep to Jan,Jan to March,0,35,20.0,60,85,,0.2298372609953658,0.4817065064500345,0.4569660852913717,0.11660443971716501,0.3316964980247003
122,1.524590164,Munshiganj,Kharif 2,27.5,72.5,Patal,Aug,Sep to Jan,Jan to March,186,35,20.0,60,85,,0.1325143943009333,0.3829712482247205,0.4525393377447156,0.12978214161743767,0.3160496897107698
373,2.107238606,Mymensingh,Kharif 2,27.5,72.5,Patal,Aug,Sep to Jan,Jan to March,786,35,20.0,60,85,,0.1389876607018474,0.48606027328343443,0.3751157558309477,0.18669188889562566,0.2698808416271118
1467,4.170415815,Naogaon,Kharif 2,27.5,72.5,Patal,Aug,Sep to Jan,Jan to March,6118,35,20.0,60,85,,0.2610506888737964,0.4220839842834893,0.43432741698029503,0.15290809038784503,0.3045155374762066
231,4.32034632,Narail,Kharif 2,27.5,72.5,Patal,Aug,Sep to Jan,Jan to March,998,35,20.0,60,85,58.0,0.294056796049288,0.4705494927363846,0.4821649438285152,0.11609283788909351,0.2634323510957302
191,3.240837696,Narayanganj,Kharif 2,27.5,72.5,Patal,Aug,Sep to Jan,Jan to March,619,35,20.0,60,85,,0.2055703158072168,0.3834762490107157,0.3641961125258338,0.08590100536717812,0.3477409062434406
83,2.012048193,Narsingdi,Kharif 2,27.5,72.5,Patal,Aug,Sep to Jan,Jan to March,167,35,20.0,60,85,,0.2212477349859281,0.4540564442570966,0.4467058711280038,0.11702297450889855,0.3843016714945546
493,4.202839757,Natore,Kharif 2,27.5,72.5,Patal,Aug,Sep to Jan,Jan to March,2072,35,20.0,60,85,,0.2497972959779298,0.4036417661826592,0.5192715602395143,0.17783198354758736,0.3978173091447218
378,4.703703704,Netrokona,Kharif 2,27.5,72.5,Patal,Aug,Sep to Jan,Jan to March,1778,35,20.0,60,85,,0.1097388440365386,0.33927087726047944,0.4137755486167342,0.15590695987490447,0.09812317506523
332,3.18373494,Nilphamari,Kharif 2,27.5,72.5,Patal,Aug,Sep to Jan,Jan to March,1057,35,20.0,60,85,,0.2971558927059972,0.4502463729041516,0.4580404607121493,0.128803973291451,0.0941026951895885
0,#DIV/0!,Noakhali,Kharif 2,27.5,72.5,Patal,Aug,Sep to Jan,Jan to March,0,35,20.0,60,85,55.0,0.1463623264955313,0.4502165588534443,0.43439086688218675,0.1555607999370333,0.3002479520998793
3019,4.001656178,Pabna,Kharif 2,27.5,72.5,Patal,Aug,Sep to Jan,Jan to March,12081,35,20.0,60,85,,0.2655064359584098,0.43211361956518335,0.46696140823084287,0.11114182003277985,0.3322302187313384
248,2.108870968,Panchagar,Kharif 2,27.5,72.5,Patal,Aug,Sep to Jan,Jan to March,523,35,20.0,60,85,,0.369401739785313,0.432085501221958,0.40071757436792343,0.1361295252680858,0.2408245389975022
0,#DIV/0!,Patuakhali,Kharif 2,27.5,72.5,Patal,Aug,Sep to Jan,Jan to March,0,35,20.0,60,85,,0.1003055359864112,0.46556797108049147,0.3030411264598909,0.1792338719797887,0.2708267478018758
0,#DIV/0!,Pirojpur,Kharif 2,27.5,72.5,Patal,Aug,Sep to Jan,Jan to March,0,35,20.0,60,85,57.0,0.2624382760227538,0.5554490141325314,0.442526845137816,0.14374647387339048,0.3852390179122407
670,4.965671642,Rajbari,Kharif 2,27.5,72.5,Patal,Aug,Sep to Jan,Jan to March,3327,35,20.0,60,85,60.0,0.1969779583846395,0.41944300426635195,0.4385174120226673,0.11864852466070532,0.3247059383230628
1709,5.61732007,Rajshahi,Kharif 2,27.5,72.5,Patal,Aug,Sep to Jan,Jan to March,9600,35,20.0,60,85,65.0,0.3234410436367065,0.38926426827566996,0.4345441802493639,0.11007517400024934,0.2946516903259429
7,1.714285714,Rangamati,Kharif 2,27.5,72.5,Patal,Aug,Sep to Jan,Jan to March,12,35,20.0,60,85,,0.3966247743805545,0.6529921254121698,0.608992904675605,0.1445450914257404,0.609906371670307
830,2.893975904,Rangpur,Kharif 2,27.5,72.5,Patal,Aug,Sep to Jan,Jan to March,2402,35,20.0,60,85,59.0,0.2587256418101652,0.44826614958645356,0.4177240754748042,0.14557536492129525,0.2367261980987058
1049,2.984747378,Satkhira,Kharif 2,27.5,72.5,Patal,Aug,Sep to Jan,Jan to March,3131,35,20.0,60,85,59.0,0.2608332964740397,0.42962737663821626,0.4390374300963688,0.09427591939869195,0.2474221884969978
42,1.952380952,Shariatpur,Kharif 2,27.5,72.5,Patal,Aug,Sep to Jan,Jan to March,82,35,20.0,60,85,55.0,0.3060714061064356,0.40738650067414045,0.3988244619550267,0.06823206219619862,0.2376970365297308
285,3.438596491,Sherpur,Kharif 2,27.5,72.5,Patal,Aug,Sep to Jan,Jan to March,980,35,20.0,60,85,,0.2004443254985731,0.4611678816874347,0.42147435111796216,0.17443547070685966,0.2947216372986462
169,3.698224852,Sirajganj,Kharif 2,27.5,72.5,Patal,Aug,Sep to Jan,Jan to March,625,35,20.0,60,85,,0.1185287326216384,0.3334591740076688,0.374433544926247,0.12167862357529359,0.2391123797848982
6,2.333333333,Sunamganj,Kharif 2,27.5,72.5,Patal,Aug,Sep to Jan,Jan to March,14,35,20.0,60,85,54.0,0.0096036979545399,0.15752022167245447,0.4831048862306309,0.23101993433820847,-0.0542292857374388
26,1.576923077,Sylhet,Kharif 2,27.5,72.5,Patal,Aug,Sep to Jan,Jan to March,41,35,20.0,60,85,54.0,0.1775812226237738,0.43341434122864175,0.4382349369142626,0.11126130439302655,0.13485983039162
296,3.084459459,Tangail,Kharif 2,27.5,72.5,Patal,Aug,Sep to Jan,Jan to March,913,35,20.0,60,85,60.0,0.1591988119601507,0.45952759308600194,0.37549463161646995,0.15382773759623192,0.1595776260298182
664,2.042168675,Thakurgaon,Kharif 2,27.5,72.5,Patal,Aug,Sep to Jan,Jan to March,1356,35,20.0,60,85,,0.3826151757848311,0.4490678428738143,0.504262929415545,0.12158907477084237,0.2128467513454522
46,1.326086957,Bagerhat,Kharif 2,26.5,75.0,Pineapple,Sep,Sep to May,June to Aug,61,35,18.0,70,80,57.0,0.4868351131875976,0.4735609259073106,0.2950134925899327,0.1366220781093571,0.36797252036576
1541,4.063595068,Bandarban,Kharif 2,26.5,75.0,Pineapple,Sep,Sep to May,June to Aug,6262,35,18.0,70,80,55.0,0.3862715233777672,0.5914840246577913,0.4873758494471947,0.1769441808000389,0.4875178800779642
82,1.646341463,Barguna,Kharif 2,26.5,75.0,Pineapple,Sep,Sep to May,June to Aug,135,35,18.0,70,80,57.0,0.3310758402525957,0.40585208266280554,0.23863117597059522,0.14472591076582558,0.1725115850101264
28,1.607142857,Barishal,Kharif 2,26.5,75.0,Pineapple,Sep,Sep to May,June to Aug,45,35,18.0,70,80,,0.3272113771710582,0.37432648376026356,0.23613805496103848,0.11377812728746149,0.1904844619362955
53,1.924528302,Bhola,Kharif 2,26.5,75.0,Pineapple,Sep,Sep to May,June to Aug,102,35,18.0,70,80,56.0,0.2334659055742139,0.280773343503349,0.13946893734096613,0.10218974413709254,0.0628187267415414
6,3,Bogura,Kharif 2,26.5,75.0,Pineapple,Sep,Sep to May,June to Aug,18,35,18.0,70,80,,0.2859644007903595,0.3968512590200083,0.1834073810352517,0.14197821095380192,0.1458454463723086
36,1.388888889,Brahmanbaria,Kharif 2,26.5,75.0,Pineapple,Sep,Sep to May,June to Aug,50,35,18.0,70,80,54.0,0.2430711904191838,0.3852598364145443,0.15612526768194146,0.15308572102121762,0.2231572914897405
5,1.2,Chandpur,Kharif 2,26.5,75.0,Pineapple,Sep,Sep to May,June to Aug,6,35,18.0,70,80,,0.2851182395817753,0.3818925509422926,0.24914948642902943,0.11361810179232991,0.2156911286424974
0,#DIV/0!,Chapai Nawabganj,Kharif 2,26.5,75.0,Pineapple,Sep,Sep to May,June to Aug,0,35,18.0,70,80,,0.2346338663805179,0.402347440652925,0.36075364542673066,0.10179626949418163,0.3933928204975689
2122,3.885485391,Chattogram,Kharif 2,26.5,75.0,Pineapple,Sep,Sep to May,June to Aug,8245,35,18.0,70,80,,0.4368271330834088,0.4916565083555578,0.3344371289648777,0.13543850773807248,0.2472074271527324
0,#DIV/0!,Chuadanga,Kharif 2,26.5,75.0,Pineapple,Sep,Sep to May,June to Aug,0,35,18.0,70,80,,0.1390385944438268,0.4795712496047558,0.35678541141680853,0.14205815223018284,0.4048532779091586
328,6.463414634,CoxsBazar,Kharif 2,26.5,75.0,Pineapple,Sep,Sep to May,June to Aug,2120,35,18.0,70,80,55.0,0.2866525849958106,0.43378202319759174,0.34773760695086736,0.09726515748487378,0.3524293584290747
32,3.46875,Cumilla,Kharif 2,26.5,75.0,Pineapple,Sep,Sep to May,June to Aug,111,35,18.0,70,80,,0.3487596083130284,0.4448349207463366,0.27041889417165876,0.16041975734538733,0.2342026799041616
0,#DIV/0!,Dhaka,Kharif 2,26.5,75.0,Pineapple,Sep,Sep to May,June to Aug,0,35,18.0,70,80,,0.3278518747499494,0.3551200707384933,0.21215400231049686,0.09641644926606817,0.1617085368810471
0,#DIV/0!,Dinajpur,Kharif 2,26.5,75.0,Pineapple,Sep,Sep to May,June to Aug,0,35,18.0,70,80,,0.3510443820127166,0.4408378745969182,0.16282878044710997,0.17316133345075954,0.2318182627073085
0,#DIV/0!,Faridpur,Kharif 2,26.5,75.0,Pineapple,Sep,Sep to May,June to Aug,0,35,18.0,70,80,,0.3607017999141199,0.4299757144729727,0.24173796445702278,0.1386863521493636,0.2343987436039652
20,2.6,Feni,Kharif 2,26.5,75.0,Pineapple,Sep,Sep to May,June to Aug,52,35,18.0,70,80,,0.3828643827818602,0.4497966351973881,0.18850396740869013,0.18589003081952754,0.1727512973903106
0,#DIV/0!,Gaibandha,Kharif 2,26.5,75.0,Pineapple,Sep,Sep to May,June to Aug,0,35,18.0,70,80,57.0,0.3094345807109266,0.35473307792810815,0.1679196318515741,0.1411715275965208,0.1862351151714448
2867,3.705615626,Gazipur,Kharif 2,26.5,75.0,Pineapple,Sep,Sep to May,June to Aug,10624,35,18.0,70,80,,0.3255431189635358,0.4241968803978231,0.1782788840637368,0.16583820741710872,0.0798820916389187
0,#DIV/0!,Gopalganj,Kharif 2,26.5,75.0,Pineapple,Sep,Sep to May,June to Aug,0,35,18.0,70,80,56.0,0.4792702295360826,0.49411745246935485,0.36058273047915157,0.11275574548331435,0.373290152738146
467,3.406852248,Habiganj,Kharif 2,26.5,75.0,Pineapple,Sep,Sep to May,June to Aug,1591,35,18.0,70,80,,0.2399103651205681,0.38345230017914517,0.18041933275302002,0.14841639283472494,0.1548294209765824
101,2.910891089,Jamalpur,Kharif 2,26.5,75.0,Pineapple,Sep,Sep to May,June to Aug,294,35,18.0,70,80,,0.1827577072035731,0.37467432030436965,0.1651581312342611,0.16179145563794894,0.1648097082920677
107,3.485981308,Jashore,Kharif 2,26.5,75.0,Pineapple,Sep,Sep to May,June to Aug,373,35,18.0,70,80,,0.3838945484874524,0.5011953676593064,0.26040367180119256,0.1456260406489691,0.3289696423116384
0,#DIV/0!,Jhallokati,Kharif 2,26.5,75.0,Pineapple,Sep,Sep to May,June to Aug,0,35,18.0,70,80,,0.4988607970006209,0.5184076127072751,0.3257560376153326,0.1434806624051544,0.2577418454737988
1,2,Jhenaidah,Kharif 2,26.5,75.0,Pineapple,Sep,Sep to May,June to Aug,2,35,18.0,70,80,,0.3220885598782582,0.5003453759512579,0.30816517118693304,0.14299362197185683,0.3584825905341126
0,#DIV/0!,Joypurhat,Kharif 2,26.5,75.0,Pineapple,Sep,Sep to May,June to Aug,0,35,18.0,70,80,64.0,0.3194107068979877,0.45258937895926404,0.1805981085381633,0.1647991030497669,0.1340678993163834
2133,3.953117675,Khagrachari,Kharif 2,26.5,75.0,Pineapple,Sep,Sep to May,June to Aug,8432,35,18.0,70,80,54.0,0.3382196284333821,0.581405000755421,0.4333408734547521,0.19325593103695812,0.5047117029912593
17,3.470588235,Khulna,Kharif 2,26.5,75.0,Pineapple,Sep,Sep to May,June to Aug,59,35,18.0,70,80,59.0,0.4016941680534377,0.4252451248581812,0.23922534488555489,0.1305201264005469,0.2743240682666131
10,4.8,Kishoreganj,Kharif 2,26.5,75.0,Pineapple,Sep,Sep to May,June to Aug,48,35,18.0,70,80,,0.0508200478358936,0.3040220211941248,0.016074982793197103,0.196779816657868,0.0352614250669803
24,3.958333333,Kurigram,Kharif 2,26.5,75.0,Pineapple,Sep,Sep to May,June to Aug,95,35,18.0,70,80,,0.339929306221639,0.3398418104845181,0.14005288627957205,0.1288008746418592,0.1600381274417598
0,#DIV/0!,Kushtia,Kharif 2,26.5,75.0,Pineapple,Sep,Sep to May,June to Aug,0,35,18.0,70,80,,0.2595401427302436,0.4279928833657786,0.32281811024020507,0.11438724471737473,0.301738590217574
28,2.714285714,Lakshmipur,Kharif 2,26.5,75.0,Pineapple,Sep,Sep to May,June to Aug,76,35,18.0,70,80,56.0,0.2352361031462211,0.3675242999351357,0.17312367993425207,0.13471728337173608,0.1735118910859101
10,2.1,Lalmonirhat,Kharif 2,26.5,75.0,Pineapple,Sep,Sep to May,June to Aug,21,35,18.0,70,80,,0.4453238905714439,0.4441007474994254,0.20399269667659103,0.14009334825838884,0.2845360775211245
0,#DIV/0!,Madaripur,Kharif 2,26.5,75.0,Pineapple,Sep,Sep to May,June to Aug,0,35,18.0,70,80,56.0,0.4063651096234308,0.42102531238149454,0.298561323274337,0.12047833047901398,0.2382060091531424
0,#DIV/0!,Magura,Kharif 2,26.5,75.0,Pineapple,Sep,Sep to May,June to Aug,0,35,18.0,70,80,61.0,0.3522418035026976,0.4826803964627921,0.28372301221243107,0.13867795020185253,0.2250636941149401
0,#DIV/0!,Manikganj,Kharif 2,26.5,75.0,Pineapple,Sep,Sep to May,June to Aug,0,35,18.0,70,80,,0.4114178092969235,0.3616536702906581,0.19087231609317792,0.10844742536645573,0.1812878463667706
0,#DIV/0!,Meherpur,Kharif 2,26.5,75.0,Pineapple,Sep,Sep to May,June to Aug,0,35,18.0,70,80,65.0,0.1259660232378597,0.49100052505002023,0.3838808521368812,0.1459554010688312,0.3930040447526618
1099,5.700636943,Moulvibazar,Kharif 2,26.5,75.0,Pineapple,Sep,Sep to May,June to Aug,6265,35,18.0,70,80,,0.4082711888182118,0.44551251431100425,0.28293930445605037,0.12293793025290647,0.2298372609953658
0,#DIV/0!,Munshiganj,Kharif 2,26.5,75.0,Pineapple,Sep,Sep to May,June to Aug,0,35,18.0,70,80,,0.31340565567292,0.3821667610418303,0.2515810497126334,0.12833313043726552,0.1325143943009333
739,8.765899865,Mymensingh,Kharif 2,26.5,75.0,Pineapple,Sep,Sep to May,June to Aug,6478,35,18.0,70,80,,0.4943108635282229,0.41613746693606113,0.18537890202527174,0.1837832957743008,0.1389876607018474
0,#DIV/0!,Naogaon,Kharif 2,26.5,75.0,Pineapple,Sep,Sep to May,June to Aug,0,35,18.0,70,80,,0.3298349904608932,0.40642787258026325,0.23885959032399665,0.15388479970778424,0.2610506888737964
0,#DIV/0!,Narail,Kharif 2,26.5,75.0,Pineapple,Sep,Sep to May,June to Aug,0,35,18.0,70,80,58.0,0.3795905639419704,0.4575600313566262,0.2835308630843257,0.119529692545096,0.294056796049288
12,4.5,Narayanganj,Kharif 2,26.5,75.0,Pineapple,Sep,Sep to May,June to Aug,54,35,18.0,70,80,,0.3114359236632746,0.3587191208566717,0.2557490787610159,0.08504849755986137,0.2055703158072168
273,4.652014652,Narsingdi,Kharif 2,26.5,75.0,Pineapple,Sep,Sep to May,June to Aug,1270,35,18.0,70,80,,0.3858671860931894,0.4319475654024922,0.2247308627605966,0.1420889673022022,0.2212477349859281
0,#DIV/0!,Natore,Kharif 2,26.5,75.0,Pineapple,Sep,Sep to May,June to Aug,0,35,18.0,70,80,,0.1449640755138761,0.430367524322008,0.29576936652511276,0.15604833925242145,0.2497972959779298
34,4.823529412,Netrokona,Kharif 2,26.5,75.0,Pineapple,Sep,Sep to May,June to Aug,164,35,18.0,70,80,,0.3045873133388933,0.3382795194744599,0.05679763863339246,0.18400757850421096,0.1097388440365386
9,6.222222222,Nilphamari,Kharif 2,26.5,75.0,Pineapple,Sep,Sep to May,June to Aug,56,35,18.0,70,80,,0.4439194600915765,0.4489591964774633,0.17637074377700532,0.16423933638374033,0.2971558927059972
23,1.217391304,Noakhali,Kharif 2,26.5,75.0,Pineapple,Sep,Sep to May,June to Aug,28,35,18.0,70,80,55.0,0.2611398897351406,0.41145962189646607,0.18637884921235115,0.16449705389699837,0.1463623264955313
0,#DIV/0!,Pabna,Kharif 2,26.5,75.0,Pineapple,Sep,Sep to May,June to Aug,0,35,18.0,70,80,,0.2688296958156423,0.4150363856776796,0.3105245352638637,0.10324823651826495,0.2655064359584098
17,2.588235294,Panchagar,Kharif 2,26.5,75.0,Pineapple,Sep,Sep to May,June to Aug,44,35,18.0,70,80,,0.3210316931496211,0.4252841814757201,0.2682288320359047,0.15467456573735447,0.369401739785313
130,2.569230769,Patuakhali,Kharif 2,26.5,75.0,Pineapple,Sep,Sep to May,June to Aug,334,35,18.0,70,80,,0.3662096619113779,0.3891705465642899,0.1852391110342515,0.15855918026038882,0.1003055359864112
36,2.472222222,Pirojpur,Kharif 2,26.5,75.0,Pineapple,Sep,Sep to May,June to Aug,89,35,18.0,70,80,57.0,0.4734452905350293,0.4933704659368401,0.30394761567671086,0.13942006860054418,0.2624382760227538
0,#DIV/0!,Rajbari,Kharif 2,26.5,75.0,Pineapple,Sep,Sep to May,June to Aug,0,35,18.0,70,80,60.0,0.3411103169038733,0.4097852965304201,0.2970234378073349,0.10696800493376664,0.1969779583846395
0,#DIV/0!,Rajshahi,Kharif 2,26.5,75.0,Pineapple,Sep,Sep to May,June to Aug,0,35,18.0,70,80,65.0,0.2171911759580277,0.38663483722029723,0.3092789883052905,0.10685532254132507,0.3234410436367065
3314,7.592033796,Rangamati,Kharif 2,26.5,75.0,Pineapple,Sep,Sep to May,June to Aug,25160,35,18.0,70,80,,0.407467011061289,0.5431675505755744,0.45438042271379503,0.18582793357866267,0.3966247743805545
46,2.086956522,Rangpur,Kharif 2,26.5,75.0,Pineapple,Sep,Sep to May,June to Aug,96,35,18.0,70,80,59.0,0.4118453959149274,0.4319130584221654,0.18077115804206353,0.16746448477289969,0.2587256418101652
24,2.75,Satkhira,Kharif 2,26.5,75.0,Pineapple,Sep,Sep to May,June to Aug,66,35,18.0,70,80,59.0,0.2954937434231568,0.3939057233495364,0.209223999439243,0.1279480394533674,0.2608332964740397
0,#DIV/0!,Shariatpur,Kharif 2,26.5,75.0,Pineapple,Sep,Sep to May,June to Aug,0,35,18.0,70,80,55.0,0.337774879445382,0.36804107553294707,0.28948176202032666,0.10901947318552917,0.3060714061064356
45,5.777777778,Sherpur,Kharif 2,26.5,75.0,Pineapple,Sep,Sep to May,June to Aug,260,35,18.0,70,80,,0.3417866673453712,0.42070008808091724,0.18268127838824996,0.18688726018627783,0.2004443254985731
0,#DIV/0!,Sirajganj,Kharif 2,26.5,75.0,Pineapple,Sep,Sep to May,June to Aug,0,35,18.0,70,80,,0.1714208140792081,0.317707974651328,0.1652585464899234,0.11940851744109097,0.1185287326216384
32,2.75,Sunamganj,Kharif 2,26.5,75.0,Pineapple,Sep,Sep to May,June to Aug,88,35,18.0,70,80,54.0,0.0062517479924633,0.24289226860048543,-0.08076530955029286,0.23993374405284798,0.0096036979545399
340,3.047058824,Sylhet,Kharif 2,26.5,75.0,Pineapple,Sep,Sep to May,June to Aug,1036,35,18.0,70,80,54.0,0.3776845712197997,0.375908271702509,0.11117789593750627,0.18400266014419997,0.1775812226237738
17992,7.102879057,Tangail,Kharif 2,26.5,75.0,Pineapple,Sep,Sep to May,June to Aug,127795,35,18.0,70,80,60.0,0.3358840930816195,0.3849441504154622,0.15022118097715678,0.16634515782490666,0.1591988119601507
17,2.117647059,Thakurgaon,Kharif 2,26.5,75.0,Pineapple,Sep,Sep to May,June to Aug,36,35,18.0,70,80,,0.3582324259138552,0.4643087232905115,0.25305829680575775,0.14528116818898248,0.3826151757848311
459,2.851851852,Bagerhat,Kharif 2,21.0,70.0,Puishak,Aug,Sep to Jan,Feb,1309,30,12.0,65,75,57.0,0.36797252036576,0.5212533748897588,0.533074061065529,0.08031707705987405,0.3076850950523782
192,1.671875,Bandarban,Kharif 2,21.0,70.0,Puishak,Aug,Sep to Jan,Feb,321,30,12.0,65,75,55.0,0.4875178800779642,0.6849157220749852,0.6821383327059017,0.15551667659036944,0.5380354289240772
116,2.422413793,Barguna,Kharif 2,21.0,70.0,Puishak,Aug,Sep to Jan,Feb,281,30,12.0,65,75,57.0,0.1725115850101264,0.4812878085202678,0.291063589685606,0.17476820090311307,0.3334017153350163
681,2.720998532,Barishal,Kharif 2,21.0,70.0,Puishak,Aug,Sep to Jan,Feb,1853,30,12.0,65,75,,0.1904844619362955,0.41270365079000876,0.2533858903228801,0.13413752746877622,0.3245837439937262
521,2.775431862,Bhola,Kharif 2,21.0,70.0,Puishak,Aug,Sep to Jan,Feb,1446,30,12.0,65,75,56.0,0.0628187267415414,0.31268326411686764,0.243217327760463,0.126632301705991,0.1855874177236102
273,3.139194139,Bogura,Kharif 2,21.0,70.0,Puishak,Aug,Sep to Jan,Feb,857,30,12.0,65,75,,0.1458454463723086,0.4007664406123361,0.3907901958771589,0.14849929099339865,0.2857453203994977
626,4.083067093,Brahmanbaria,Kharif 2,21.0,70.0,Puishak,Aug,Sep to Jan,Feb,2556,30,12.0,65,75,54.0,0.2231572914897405,0.35211200609567195,0.3909190194818471,0.09643091167591286,0.188064601572371
268,2.320895522,Chandpur,Kharif 2,21.0,70.0,Puishak,Aug,Sep to Jan,Feb,622,30,12.0,65,75,,0.2156911286424974,0.40659772902323627,0.3913421262911484,0.11657295150135981,0.3248166463103474
189,2.714285714,Chapai Nawabganj,Kharif 2,21.0,70.0,Puishak,Aug,Sep to Jan,Feb,513,30,12.0,65,75,,0.3933928204975689,0.40819673921013616,0.4431037695451635,0.10540126493573883,0.3158738866969921
824,3.858009709,Chattogram,Kharif 2,21.0,70.0,Puishak,Aug,Sep to Jan,Feb,3179,30,12.0,65,75,,0.2472074271527324,0.5618110927774582,0.5031925773161925,0.13930872505881445,0.4592212447118667
751,2.952063915,Chuadanga,Kharif 2,21.0,70.0,Puishak,Aug,Sep to Jan,Feb,2217,30,12.0,65,75,,0.4048532779091586,0.45486405170122063,0.5937943182711736,0.16370697907779166,0.3129435337540583
104,1.961538462,CoxsBazar,Kharif 2,21.0,70.0,Puishak,Aug,Sep to Jan,Feb,204,30,12.0,65,75,55.0,0.3524293584290747,0.4674043287074947,0.4613461644922925,0.10177577184321912,0.3617584244219423
936,3.003205128,Cumilla,Kharif 2,21.0,70.0,Puishak,Aug,Sep to Jan,Feb,2811,30,12.0,65,75,,0.2342026799041616,0.48633965861616996,0.4346417753677448,0.14642683901473935,0.4432566265522507
914,2.214442013,Dhaka,Kharif 2,21.0,70.0,Puishak,Aug,Sep to Jan,Feb,2024,30,12.0,65,75,,0.1617085368810471,0.3876016577553577,0.344767292591086,0.09519017163796958,0.2359514042907517
562,3.224199288,Dinajpur,Kharif 2,21.0,70.0,Puishak,Aug,Sep to Jan,Feb,1812,30,12.0,65,75,,0.2318182627073085,0.4416542022414207,0.4042335990913202,0.15935379509046163,0.1911947455467423
564,2.25177305,Faridpur,Kharif 2,21.0,70.0,Puishak,Aug,Sep to Jan,Feb,1270,30,12.0,65,75,,0.2343987436039652,0.4447956396885845,0.4746373619141085,0.11469608354444075,0.1922260030735255
145,1.875862069,Feni,Kharif 2,21.0,70.0,Puishak,Aug,Sep to Jan,Feb,272,30,12.0,65,75,,0.1727512973903106,0.5121388897995585,0.4589202557758623,0.17425280831340687,0.3420579380209889
254,2.035433071,Gaibandha,Kharif 2,21.0,70.0,Puishak,Aug,Sep to Jan,Feb,517,30,12.0,65,75,57.0,0.1862351151714448,0.3593810728844009,0.3434167606212545,0.12304510314737972,0.2962063273967376
399,2.127819549,Gazipur,Kharif 2,21.0,70.0,Puishak,Aug,Sep to Jan,Feb,849,30,12.0,65,75,,0.0798820916389187,0.4785376790362781,0.3482783737758274,0.17868916751770628,0.3447734668324618
403,5.76426799,Gopalganj,Kharif 2,21.0,70.0,Puishak,Aug,Sep to Jan,Feb,2323,30,12.0,65,75,56.0,0.373290152738146,0.5190753850822206,0.4545933382146112,0.10714318048508456,0.3497550691217142
109,4.018348624,Habiganj,Kharif 2,21.0,70.0,Puishak,Aug,Sep to Jan,Feb,438,30,12.0,65,75,,0.1548294209765824,0.34971554826161005,0.4730658538368976,0.13314265091236926,0.245932692591611
415,2.708433735,Jamalpur,Kharif 2,21.0,70.0,Puishak,Aug,Sep to Jan,Feb,1124,30,12.0,65,75,,0.1648097082920677,0.40267540706930144,0.3849267622873427,0.15465500729903917,0.2646026336761234
1063,5.380997178,Jashore,Kharif 2,21.0,70.0,Puishak,Aug,Sep to Jan,Feb,5720,30,12.0,65,75,,0.3289696423116384,0.5054242620702037,0.4688805230475235,0.12645574515922955,0.2644109823157027
454,2.625550661,Jhallokati,Kharif 2,21.0,70.0,Puishak,Aug,Sep to Jan,Feb,1192,30,12.0,65,75,,0.2577418454737988,0.5802475737726491,0.4152984185672557,0.1718844451164307,0.3997108859765451
742,6.080862534,Jhenaidah,Kharif 2,21.0,70.0,Puishak,Aug,Sep to Jan,Feb,4512,30,12.0,65,75,,0.3584825905341126,0.49530030871553865,0.5172636126901161,0.14893007246982456,0.2515724809224544
157,4.299363057,Joypurhat,Kharif 2,21.0,70.0,Puishak,Aug,Sep to Jan,Feb,675,30,12.0,65,75,64.0,0.1340678993163834,0.448453519729269,0.4013493246727935,0.1756604457597974,0.2741185892315073
457,1.934354486,Khagrachari,Kharif 2,21.0,70.0,Puishak,Aug,Sep to Jan,Feb,884,30,12.0,65,75,54.0,0.5047117029912593,0.6695264282587883,0.6273542204861793,0.16590497640411564,0.5632408079214678
408,3.600490196,Khulna,Kharif 2,21.0,70.0,Puishak,Aug,Sep to Jan,Feb,1469,30,12.0,65,75,59.0,0.2743240682666131,0.4774963479686008,0.4395870026247023,0.10121498626006539,0.2418435740231755
293,3.122866894,Kishoreganj,Kharif 2,21.0,70.0,Puishak,Aug,Sep to Jan,Feb,915,30,12.0,65,75,,0.0352614250669803,0.23682677621249773,0.4131448806084709,0.14603690712536527,0.0466277222103982
180,2.877777778,Kurigram,Kharif 2,21.0,70.0,Puishak,Aug,Sep to Jan,Feb,518,30,12.0,65,75,,0.1600381274417598,0.3692786475984534,0.294759011881437,0.11336679740064644,0.2126574194433389
664,7.682228916,Kushtia,Kharif 2,21.0,70.0,Puishak,Aug,Sep to Jan,Feb,5101,30,12.0,65,75,,0.301738590217574,0.4341316360196067,0.5144873456235682,0.13288277274946048,0.3063360618005153
246,1.963414634,Lakshmipur,Kharif 2,21.0,70.0,Puishak,Aug,Sep to Jan,Feb,483,30,12.0,65,75,56.0,0.1735118910859101,0.39820475936471433,0.329965698770968,0.14375240672129308,0.216911533590321
275,2.265454545,Lalmonirhat,Kharif 2,21.0,70.0,Puishak,Aug,Sep to Jan,Feb,623,30,12.0,65,75,,0.2845360775211245,0.4386077695683713,0.4948821771436415,0.10721311535552132,0.1886964255619581
175,3.508571429,Madaripur,Kharif 2,21.0,70.0,Puishak,Aug,Sep to Jan,Feb,614,30,12.0,65,75,56.0,0.2382060091531424,0.459181236385538,0.434792084871636,0.10628963158492359,0.3015037563974885
228,4.938596491,Magura,Kharif 2,21.0,70.0,Puishak,Aug,Sep to Jan,Feb,1126,30,12.0,65,75,61.0,0.2250636941149401,0.4872555520855354,0.4803835186927634,0.15740938400293,0.3068813352363869
435,2.834482759,Manikganj,Kharif 2,21.0,70.0,Puishak,Aug,Sep to Jan,Feb,1233,30,12.0,65,75,,0.1812878463667706,0.4115470956319,0.1994612868881428,0.10931177021524592,0.2227934918175409
358,11.09776536,Meherpur,Kharif 2,21.0,70.0,Puishak,Aug,Sep to Jan,Feb,3973,30,12.0,65,75,65.0,0.3930040447526618,0.46966479046022264,0.6363343859653814,0.1837810579549276,0.3536386487641446
167,2.550898204,Moulvibazar,Kharif 2,21.0,70.0,Puishak,Aug,Sep to Jan,Feb,426,30,12.0,65,75,,0.2298372609953658,0.4817065064500345,0.4889183454377723,0.12378390451126499,0.3316964980247003
393,1.590330789,Munshiganj,Kharif 2,21.0,70.0,Puishak,Aug,Sep to Jan,Feb,625,30,12.0,65,75,,0.1325143943009333,0.3829712482247205,0.521983445304389,0.13116091886353493,0.3160496897107698
991,3.144298688,Mymensingh,Kharif 2,21.0,70.0,Puishak,Aug,Sep to Jan,Feb,3116,30,12.0,65,75,,0.1389876607018474,0.48606027328343443,0.2832779421973829,0.19202740908265994,0.2698808416271118
366,4.265027322,Naogaon,Kharif 2,21.0,70.0,Puishak,Aug,Sep to Jan,Feb,1561,30,12.0,65,75,,0.2610506888737964,0.4220839842834893,0.3741281428245409,0.14037238552201048,0.3045155374762066
309,6.368932039,Narail,Kharif 2,21.0,70.0,Puishak,Aug,Sep to Jan,Feb,1968,30,12.0,65,75,58.0,0.294056796049288,0.4705494927363846,0.4757956922331443,0.11535854502616222,0.2634323510957302
679,2.459499264,Narayanganj,Kharif 2,21.0,70.0,Puishak,Aug,Sep to Jan,Feb,1670,30,12.0,65,75,,0.2055703158072168,0.3834762490107157,0.3254064295331264,0.0869265176232478,0.3477409062434406
177,2.971751412,Narsingdi,Kharif 2,21.0,70.0,Puishak,Aug,Sep to Jan,Feb,526,30,12.0,65,75,,0.2212477349859281,0.4540564442570966,0.387696320210425,0.11143900505293448,0.3843016714945546
343,3.903790087,Natore,Kharif 2,21.0,70.0,Puishak,Aug,Sep to Jan,Feb,1339,30,12.0,65,75,,0.2497972959779298,0.4036417661826592,0.5612003405949629,0.1742594409818399,0.3978173091447218
243,4.905349794,Netrokona,Kharif 2,21.0,70.0,Puishak,Aug,Sep to Jan,Feb,1192,30,12.0,65,75,,0.1097388440365386,0.33927087726047944,0.3702446184726372,0.11284042848246675,0.09812317506523
312,3.871794872,Nilphamari,Kharif 2,21.0,70.0,Puishak,Aug,Sep to Jan,Feb,1208,30,12.0,65,75,,0.2971558927059972,0.4502463729041516,0.446760339331025,0.12177252111031676,0.0941026951895885
474,1.305907173,Noakhali,Kharif 2,21.0,70.0,Puishak,Aug,Sep to Jan,Feb,619,30,12.0,65,75,55.0,0.1463623264955313,0.4502165588534443,0.4522745592492853,0.16534212861893197,0.3002479520998793
844,4.356635071,Pabna,Kharif 2,21.0,70.0,Puishak,Aug,Sep to Jan,Feb,3677,30,12.0,65,75,,0.2655064359584098,0.43211361956518335,0.4649989728650389,0.11506310518058435,0.3322302187313384
311,2.610932476,Panchagar,Kharif 2,21.0,70.0,Puishak,Aug,Sep to Jan,Feb,812,30,12.0,65,75,,0.369401739785313,0.432085501221958,0.4220167525726432,0.14434807375728015,0.2408245389975022
166,2.530120482,Patuakhali,Kharif 2,21.0,70.0,Puishak,Aug,Sep to Jan,Feb,420,30,12.0,65,75,,0.1003055359864112,0.46556797108049147,0.2752790517888959,0.19227701495798,0.2708267478018758
268,2.182835821,Pirojpur,Kharif 2,21.0,70.0,Puishak,Aug,Sep to Jan,Feb,585,30,12.0,65,75,57.0,0.2624382760227538,0.5554490141325314,0.3932548344744789,0.1546295362053641,0.3852390179122407
577,6.405545927,Rajbari,Kharif 2,21.0,70.0,Puishak,Aug,Sep to Jan,Feb,3696,30,12.0,65,75,60.0,0.1969779583846395,0.41944300426635195,0.445050413155566,0.12352696140702592,0.3247059383230628
682,4.54398827,Rajshahi,Kharif 2,21.0,70.0,Puishak,Aug,Sep to Jan,Feb,3099,30,12.0,65,75,65.0,0.3234410436367065,0.38926426827566996,0.4500902862447303,0.11398366746545287,0.2946516903259429
466,1.673819742,Rangamati,Kharif 2,21.0,70.0,Puishak,Aug,Sep to Jan,Feb,780,30,12.0,65,75,,0.3966247743805545,0.6529921254121698,0.6310743550546144,0.14962874078992344,0.609906371670307
418,2.227272727,Rangpur,Kharif 2,21.0,70.0,Puishak,Aug,Sep to Jan,Feb,931,30,12.0,65,75,59.0,0.2587256418101652,0.44826614958645356,0.4282935836855661,0.15164198005371138,0.2367261980987058
861,4.178861789,Satkhira,Kharif 2,21.0,70.0,Puishak,Aug,Sep to Jan,Feb,3598,30,12.0,65,75,59.0,0.2608332964740397,0.42962737663821626,0.416821054986026,0.09715665287866902,0.2474221884969978
239,4.041841004,Shariatpur,Kharif 2,21.0,70.0,Puishak,Aug,Sep to Jan,Feb,966,30,12.0,65,75,55.0,0.3060714061064356,0.40738650067414045,0.391216738930908,0.06997443334057975,0.2376970365297308
367,4.081743869,Sherpur,Kharif 2,21.0,70.0,Puishak,Aug,Sep to Jan,Feb,1498,30,12.0,65,75,,0.2004443254985731,0.4611678816874347,0.355035413839545,0.16845713593133008,0.2947216372986462
270,5.47037037,Sirajganj,Kharif 2,21.0,70.0,Puishak,Aug,Sep to Jan,Feb,1477,30,12.0,65,75,,0.1185287326216384,0.3334591740076688,0.3198299670185812,0.11363215350711738,0.2391123797848982
166,3.36746988,Sunamganj,Kharif 2,21.0,70.0,Puishak,Aug,Sep to Jan,Feb,559,30,12.0,65,75,54.0,0.0096036979545399,0.15752022167245447,0.5312190703372729,0.18714001028537236,-0.0542292857374388
115,1.634782609,Sylhet,Kharif 2,21.0,70.0,Puishak,Aug,Sep to Jan,Feb,188,30,12.0,65,75,54.0,0.1775812226237738,0.43341434122864175,0.4606201196420315,0.1148537941954133,0.13485983039162
914,2.915754923,Tangail,Kharif 2,21.0,70.0,Puishak,Aug,Sep to Jan,Feb,2665,30,12.0,65,75,60.0,0.1591988119601507,0.45952759308600194,0.2360260118339428,0.15845580321996086,0.1595776260298182
318,3.022012579,Thakurgaon,Kharif 2,21.0,70.0,Puishak,Aug,Sep to Jan,Feb,961,30,12.0,65,75,,0.3826151757848311,0.4490678428738143,0.532704520344867,0.12622336303273782,0.2128467513454522
565,3.408849558,Bagerhat,Rabi,20.0,60.0,Pumpkin,Sep,Oct to Nov,Nov to Feb,1926,25,15.0,50,70,57.0,0.4868351131875976,0.5882284160001774,0.5243834733222952,0.0600756191077152,0.36797252036576
356,2.629213483,Bandarban,Rabi,20.0,60.0,Pumpkin,Sep,Oct to Nov,Nov to Feb,936,25,15.0,50,70,55.0,0.3862715233777672,0.7533228139476352,0.744352203881547,0.14957922973084498,0.4875178800779642
224,3.053571429,Barguna,Rabi,20.0,60.0,Pumpkin,Sep,Oct to Nov,Nov to Feb,684,25,15.0,50,70,57.0,0.3310758402525957,0.6295783482868076,0.44434862256962204,0.15327201114276157,0.1725115850101264
761,3.494086728,Barishal,Rabi,20.0,60.0,Pumpkin,Sep,Oct to Nov,Nov to Feb,2659,25,15.0,50,70,,0.3272113771710582,0.5359360593308673,0.36214359853163525,0.12258981140000894,0.1904844619362955
513,6.966861598,Bhola,Rabi,20.0,60.0,Pumpkin,Sep,Oct to Nov,Nov to Feb,3574,25,15.0,50,70,56.0,0.2334659055742139,0.42552313382244644,0.2879101361834229,0.0975144306158075,0.0628187267415414
697,3.901004304,Bogura,Rabi,20.0,60.0,Pumpkin,Sep,Oct to Nov,Nov to Feb,2719,25,15.0,50,70,,0.2859644007903595,0.5455028091788862,0.37608475650527673,0.12436663504374781,0.1458454463723086
415,3.122891566,Brahmanbaria,Rabi,20.0,60.0,Pumpkin,Sep,Oct to Nov,Nov to Feb,1296,25,15.0,50,70,54.0,0.2430711904191838,0.4508113321926305,0.3725155419594808,0.08952558580036515,0.2231572914897405
684,4.875730994,Chandpur,Rabi,20.0,60.0,Pumpkin,Sep,Oct to Nov,Nov to Feb,3335,25,15.0,50,70,,0.2851182395817753,0.5191149771207633,0.40304406971487505,0.1011169970318197,0.2156911286424974
346,3.315028902,Chapai Nawabganj,Rabi,20.0,60.0,Pumpkin,Sep,Oct to Nov,Nov to Feb,1147,25,15.0,50,70,,0.2346338663805179,0.5330514302791302,0.42499345584228587,0.11514517273009026,0.3933928204975689
2067,4.892114175,Chattogram,Rabi,20.0,60.0,Pumpkin,Sep,Oct to Nov,Nov to Feb,10112,25,15.0,50,70,,0.4368271330834088,0.6527109206138317,0.5547620601296177,0.08578184782860372,0.2472074271527324
1788,6.016778523,Chuadanga,Rabi,20.0,60.0,Pumpkin,Sep,Oct to Nov,Nov to Feb,10758,25,15.0,50,70,,0.1390385944438268,0.5920029587467861,0.530795223861912,0.17675483652412544,0.4048532779091586
218,4.775229358,CoxsBazar,Rabi,20.0,60.0,Pumpkin,Sep,Oct to Nov,Nov to Feb,1041,25,15.0,50,70,55.0,0.2866525849958106,0.5551085791222257,0.4799159794447154,0.1010120812725795,0.3524293584290747
2089,4.973192915,Cumilla,Rabi,20.0,60.0,Pumpkin,Sep,Oct to Nov,Nov to Feb,10389,25,15.0,50,70,,0.3487596083130284,0.6296296128858516,0.47288326219807086,0.124751240532614,0.2342026799041616
855,8.022222222,Dhaka,Rabi,20.0,60.0,Pumpkin,Sep,Oct to Nov,Nov to Feb,6859,25,15.0,50,70,,0.3278518747499494,0.4419526728819363,0.3836949782943288,0.05167178173736275,0.1617085368810471
614,3.892508143,Dinajpur,Rabi,20.0,60.0,Pumpkin,Sep,Oct to Nov,Nov to Feb,2390,25,15.0,50,70,,0.3510443820127166,0.6151530584814315,0.3911597113971651,0.15286004864746117,0.2318182627073085
466,3.379828326,Faridpur,Rabi,20.0,60.0,Pumpkin,Sep,Oct to Nov,Nov to Feb,1575,25,15.0,50,70,,0.3607017999141199,0.5501419688785333,0.44518592128585815,0.08851332268215635,0.2343987436039652
459,2.488017429,Feni,Rabi,20.0,60.0,Pumpkin,Sep,Oct to Nov,Nov to Feb,1142,25,15.0,50,70,,0.3828643827818602,0.6716366232136054,0.48758637237988467,0.1330775879277983,0.1727512973903106
575,3.56,Gaibandha,Rabi,20.0,60.0,Pumpkin,Sep,Oct to Nov,Nov to Feb,2047,25,15.0,50,70,57.0,0.3094345807109266,0.49585139273699097,0.3279281627858769,0.11482816862634032,0.1862351151714448
355,2.363380282,Gazipur,Rabi,20.0,60.0,Pumpkin,Sep,Oct to Nov,Nov to Feb,839,25,15.0,50,70,,0.3255431189635358,0.5787632081559548,0.4732693412258707,0.11814325466447691,0.0798820916389187
793,5.253467844,Gopalganj,Rabi,20.0,60.0,Pumpkin,Sep,Oct to Nov,Nov to Feb,4166,25,15.0,50,70,56.0,0.4792702295360826,0.634878252548432,0.4860170443297757,0.10319659943420882,0.373290152738146
373,5.016085791,Habiganj,Rabi,20.0,60.0,Pumpkin,Sep,Oct to Nov,Nov to Feb,1871,25,15.0,50,70,,0.2399103651205681,0.474586295954621,0.380709338803105,0.11539182012690825,0.1548294209765824
925,4,Jamalpur,Rabi,20.0,60.0,Pumpkin,Sep,Oct to Nov,Nov to Feb,3700,25,15.0,50,70,,0.1827577072035731,0.5422315967741,0.4118705610377037,0.13871592092489862,0.1648097082920677
1652,6.137409201,Jashore,Rabi,20.0,60.0,Pumpkin,Sep,Oct to Nov,Nov to Feb,10139,25,15.0,50,70,,0.3838945484874524,0.639475594532344,0.4773143652186135,0.11922140056187576,0.3289696423116384
509,6.243614931,Jhallokati,Rabi,20.0,60.0,Pumpkin,Sep,Oct to Nov,Nov to Feb,3178,25,15.0,50,70,,0.4988607970006209,0.7198933997922468,0.5298162543299618,0.14329377875522473,0.2577418454737988
1185,5.974683544,Jhenaidah,Rabi,20.0,60.0,Pumpkin,Sep,Oct to Nov,Nov to Feb,7080,25,15.0,50,70,,0.3220885598782582,0.6647268463484598,0.4819779212865072,0.1524244195192417,0.3584825905341126
252,4.817460317,Joypurhat,Rabi,20.0,60.0,Pumpkin,Sep,Oct to Nov,Nov to Feb,1214,25,15.0,50,70,64.0,0.3194107068979877,0.5950217742336867,0.4072936757341328,0.14463697659651806,0.1340678993163834
811,3.532675709,Khagrachari,Rabi,20.0,60.0,Pumpkin,Sep,Oct to Nov,Nov to Feb,2865,25,15.0,50,70,54.0,0.3382196284333821,0.7848913450164663,0.7179180016132212,0.16959184566412666,0.5047117029912593
732,3.023224044,Khulna,Rabi,20.0,60.0,Pumpkin,Sep,Oct to Nov,Nov to Feb,2213,25,15.0,50,70,59.0,0.4016941680534377,0.5660389075363019,0.4683267466424762,0.07516814858957135,0.2743240682666131
768,6.764322917,Kishoreganj,Rabi,20.0,60.0,Pumpkin,Sep,Oct to Nov,Nov to Feb,5195,25,15.0,50,70,,0.0508200478358936,0.26898603541189864,0.3386475703447491,0.1282511547809467,0.0352614250669803
480,4.602083333,Kurigram,Rabi,20.0,60.0,Pumpkin,Sep,Oct to Nov,Nov to Feb,2209,25,15.0,50,70,,0.339929306221639,0.4728247890535322,0.3272284530216492,0.0937100764967085,0.1600381274417598
710,7.438028169,Kushtia,Rabi,20.0,60.0,Pumpkin,Sep,Oct to Nov,Nov to Feb,5281,25,15.0,50,70,,0.2595401427302436,0.5681432950382206,0.44984907288415454,0.13246111615345785,0.301738590217574
935,2.231016043,Lakshmipur,Rabi,20.0,60.0,Pumpkin,Sep,Oct to Nov,Nov to Feb,2086,25,15.0,50,70,56.0,0.2352361031462211,0.5311045899415561,0.39009665631874296,0.13037176969609657,0.1735118910859101
279,3.064516129,Lalmonirhat,Rabi,20.0,60.0,Pumpkin,Sep,Oct to Nov,Nov to Feb,855,25,15.0,50,70,,0.4453238905714439,0.5250700446171314,0.41050848936043094,0.0959878686913291,0.2845360775211245
547,4.736745887,Madaripur,Rabi,20.0,60.0,Pumpkin,Sep,Oct to Nov,Nov to Feb,2591,25,15.0,50,70,56.0,0.4063651096234308,0.5475220759724164,0.4390723314414899,0.07410296980832386,0.2382060091531424
253,5.4743083,Magura,Rabi,20.0,60.0,Pumpkin,Sep,Oct to Nov,Nov to Feb,1385,25,15.0,50,70,61.0,0.3522418035026976,0.6369070912458994,0.4617642500312002,0.13435478454074143,0.2250636941149401
835,7.141317365,Manikganj,Rabi,20.0,60.0,Pumpkin,Sep,Oct to Nov,Nov to Feb,5963,25,15.0,50,70,,0.4114178092969235,0.4189623245242361,0.35659875113743067,0.08846588136135812,0.1812878463667706
183,8.371584699,Meherpur,Rabi,20.0,60.0,Pumpkin,Sep,Oct to Nov,Nov to Feb,1532,25,15.0,50,70,65.0,0.1259660232378597,0.6165908187383873,0.5507296743933876,0.1966232802777951,0.3930040447526618
470,4.9,Moulvibazar,Rabi,20.0,60.0,Pumpkin,Sep,Oct to Nov,Nov to Feb,2303,25,15.0,50,70,,0.4082711888182118,0.5640610426266464,0.4952625887749301,0.08606855415697863,0.2298372609953658
470,5.582978723,Munshiganj,Rabi,20.0,60.0,Pumpkin,Sep,Oct to Nov,Nov to Feb,2624,25,15.0,50,70,,0.31340565567292,0.464374213417013,0.4108646144821177,0.08836744355197203,0.1325143943009333
871,7.977037887,Mymensingh,Rabi,20.0,60.0,Pumpkin,Sep,Oct to Nov,Nov to Feb,6948,25,15.0,50,70,,0.4943108635282229,0.637907786614784,0.3882912054103752,0.165605437803241,0.1389876607018474
525,4.036190476,Naogaon,Rabi,20.0,60.0,Pumpkin,Sep,Oct to Nov,Nov to Feb,2119,25,15.0,50,70,,0.3298349904608932,0.5854784383918903,0.37773799219078585,0.14010775701142766,0.2610506888737964
359,5.161559889,Narail,Rabi,20.0,60.0,Pumpkin,Sep,Oct to Nov,Nov to Feb,1853,25,15.0,50,70,58.0,0.3795905639419704,0.5939820177149888,0.455960701104157,0.10284030525116103,0.294056796049288
325,4.532307692,Narayanganj,Rabi,20.0,60.0,Pumpkin,Sep,Oct to Nov,Nov to Feb,1473,25,15.0,50,70,,0.3114359236632746,0.43586028165480334,0.38593309453047764,0.06493029332406818,0.2055703158072168
417,3.997601918,Narsingdi,Rabi,20.0,60.0,Pumpkin,Sep,Oct to Nov,Nov to Feb,1667,25,15.0,50,70,,0.3858671860931894,0.5017529285584508,0.46270852562311826,0.08045380080086686,0.2212477349859281
481,3.276507277,Natore,Rabi,20.0,60.0,Pumpkin,Sep,Oct to Nov,Nov to Feb,1576,25,15.0,50,70,,0.1449640755138761,0.5726839075498764,0.4518419278448418,0.17572394005350533,0.2497972959779298
444,6.578828829,Netrokona,Rabi,20.0,60.0,Pumpkin,Sep,Oct to Nov,Nov to Feb,2921,25,15.0,50,70,,0.3045873133388933,0.4185181682105523,0.3455465298918347,0.076400423318619,0.1097388440365386
623,5.974317817,Nilphamari,Rabi,20.0,60.0,Pumpkin,Sep,Oct to Nov,Nov to Feb,3722,25,15.0,50,70,,0.4439194600915765,0.5681980322894549,0.4001738974168444,0.11750308575111662,0.2971558927059972
1258,4.392686804,Noakhali,Rabi,20.0,60.0,Pumpkin,Sep,Oct to Nov,Nov to Feb,5526,25,15.0,50,70,55.0,0.2611398897351406,0.593246536432527,0.466963963803802,0.13016265445927308,0.1463623264955313
647,3.72488408,Pabna,Rabi,20.0,60.0,Pumpkin,Sep,Oct to Nov,Nov to Feb,2410,25,15.0,50,70,,0.2688296958156423,0.5350479423929272,0.4451329779112825,0.10397443755295822,0.2655064359584098
334,6.796407186,Panchagar,Rabi,20.0,60.0,Pumpkin,Sep,Oct to Nov,Nov to Feb,2270,25,15.0,50,70,,0.3210316931496211,0.5995115912185576,0.38705334249247575,0.1560949585042316,0.369401739785313
310,3.958064516,Patuakhali,Rabi,20.0,60.0,Pumpkin,Sep,Oct to Nov,Nov to Feb,1227,25,15.0,50,70,,0.3662096619113779,0.6319593098126016,0.4039949355168449,0.1590359214163434,0.1003055359864112
681,2.881057269,Pirojpur,Rabi,20.0,60.0,Pumpkin,Sep,Oct to Nov,Nov to Feb,1962,25,15.0,50,70,57.0,0.4734452905350293,0.6805164008050582,0.5081544643188036,0.12870401817940916,0.2624382760227538
569,4.725834798,Rajbari,Rabi,20.0,60.0,Pumpkin,Sep,Oct to Nov,Nov to Feb,2689,25,15.0,50,70,60.0,0.3411103169038733,0.525152679345201,0.4043405915974824,0.09745728025973632,0.1969779583846395
1112,7.850719424,Rajshahi,Rabi,20.0,60.0,Pumpkin,Sep,Oct to Nov,Nov to Feb,8730,25,15.0,50,70,65.0,0.2171911759580277,0.5138256543080548,0.40385404364101596,0.1208369936348942,0.3234410436367065
635,2.759055118,Rangamati,Rabi,20.0,60.0,Pumpkin,Sep,Oct to Nov,Nov to Feb,1752,25,15.0,50,70,,0.407467011061289,0.742009131728648,0.6904436775533455,0.1261677508697965,0.3966247743805545
914,4.479212254,Rangpur,Rabi,20.0,60.0,Pumpkin,Sep,Oct to Nov,Nov to Feb,4094,25,15.0,50,70,59.0,0.4118453959149274,0.614798190329755,0.3958322423370637,0.14713970979522997,0.2587256418101652
835,5.361676647,Satkhira,Rabi,20.0,60.0,Pumpkin,Sep,Oct to Nov,Nov to Feb,4477,25,15.0,50,70,59.0,0.2954937434231568,0.5121465634308355,0.4350327710263543,0.08102957454291844,0.2608332964740397
361,8.739612188,Shariatpur,Rabi,20.0,60.0,Pumpkin,Sep,Oct to Nov,Nov to Feb,3155,25,15.0,50,70,55.0,0.337774879445382,0.4827680072115317,0.3963210105562512,0.06487220628435623,0.3060714061064356
284,5.144366197,Sherpur,Rabi,20.0,60.0,Pumpkin,Sep,Oct to Nov,Nov to Feb,1461,25,15.0,50,70,,0.3417866673453712,0.6335137894887513,0.41404618041021135,0.15468607485541516,0.2004443254985731
506,3.903162055,Sirajganj,Rabi,20.0,60.0,Pumpkin,Sep,Oct to Nov,Nov to Feb,1975,25,15.0,50,70,,0.1714208140792081,0.40698004370146057,0.34625433107190007,0.08798901245943389,0.1185287326216384
633,4.823064771,Sunamganj,Rabi,20.0,60.0,Pumpkin,Sep,Oct to Nov,Nov to Feb,3053,25,15.0,50,70,54.0,0.0062517479924633,0.12540589461366486,0.31027128029930723,0.18561055307730134,0.0096036979545399
1437,3.288100209,Sylhet,Rabi,20.0,60.0,Pumpkin,Sep,Oct to Nov,Nov to Feb,4725,25,15.0,50,70,54.0,0.3776845712197997,0.49933292760915504,0.44787279745620107,0.06487161055072742,0.1775812226237738
1288,5.22826087,Tangail,Rabi,20.0,60.0,Pumpkin,Sep,Oct to Nov,Nov to Feb,6734,25,15.0,50,70,60.0,0.3358840930816195,0.5731450613279228,0.40038182021930835,0.13514905080019882,0.1591988119601507
817,3.793145655,Thakurgaon,Rabi,20.0,60.0,Pumpkin,Sep,Oct to Nov,Nov to Feb,3099,25,15.0,50,70,,0.3582324259138552,0.5674280359888155,0.43211607649427575,0.13420462185402543,0.3826151757848311
721,5.140083218,Bagerhat,Kharif 2,16.0,85.0,Radish,Oct,Nov to Feb,March,3706,22,10.0,75,95,57.0,0.5549719290375441,0.5243834733222952,0.5711876241926808,0.05972596314000151,0.4868351131875976
665,3.076691729,Bandarban,Kharif 2,16.0,85.0,Radish,Oct,Nov to Feb,March,2046,22,10.0,75,95,55.0,0.7430366041768727,0.744352203881547,0.5676824803630925,0.07887707624298326,0.3862715233777672
340,4.791176471,Barguna,Kharif 2,16.0,85.0,Radish,Oct,Nov to Feb,March,1629,22,10.0,75,95,57.0,0.5890323017558614,0.44434862256962204,0.3352139518717137,0.1526401119449529,0.3310758402525957
827,2.828295042,Barishal,Kharif 2,16.0,85.0,Radish,Oct,Nov to Feb,March,2339,22,10.0,75,95,,0.5411183729753246,0.36214359853163525,0.43248229774155,0.11997257184183374,0.3272113771710582
780,2.925641026,Bhola,Kharif 2,16.0,85.0,Radish,Oct,Nov to Feb,March,2282,22,10.0,75,95,56.0,0.4215271980368956,0.2879101361834229,0.3010654880049462,0.09187880701418917,0.2334659055742139
2447,4.17041275,Bogura,Kharif 2,16.0,85.0,Radish,Oct,Nov to Feb,March,10205,22,10.0,75,95,,0.6043189721273731,0.37608475650527673,0.5031143822226227,0.11618432517234287,0.2859644007903595
1067,6.321462043,Brahmanbaria,Kharif 2,16.0,85.0,Radish,Oct,Nov to Feb,March,6745,22,10.0,75,95,54.0,0.4183456917031,0.3725155419594808,0.6120203918074798,0.11685612034566988,0.2430711904191838
970,5.543298969,Chandpur,Kharif 2,16.0,85.0,Radish,Oct,Nov to Feb,March,5377,22,10.0,75,95,,0.5270362529660546,0.40304406971487505,0.4859674573852385,0.08598078868236562,0.2851182395817753
408,3.495098039,Chapai Nawabganj,Kharif 2,16.0,85.0,Radish,Oct,Nov to Feb,March,1426,22,10.0,75,95,,0.5494797758461835,0.42499345584228587,0.5329944189746634,0.08177323998412978,0.2346338663805179
2892,4.860650069,Chattogram,Kharif 2,16.0,85.0,Radish,Oct,Nov to Feb,March,14057,22,10.0,75,95,,0.6563726676016034,0.5547620601296177,0.4802903771854044,0.0753016228135494,0.4368271330834088
1057,4.153263955,Chuadanga,Kharif 2,16.0,85.0,Radish,Oct,Nov to Feb,March,4390,22,10.0,75,95,,0.6058950868858013,0.530795223861912,0.6064678529651709,0.06540282128863378,0.1390385944438268
822,5.307785888,CoxsBazar,Kharif 2,16.0,85.0,Radish,Oct,Nov to Feb,March,4363,22,10.0,75,95,55.0,0.5920513052550939,0.4799159794447154,0.4628693746612334,0.05205196062571201,0.2866525849958106
1365,4.973626374,Cumilla,Kharif 2,16.0,85.0,Radish,Oct,Nov to Feb,March,6789,22,10.0,75,95,,0.6260474113432829,0.47288326219807086,0.5910383419566766,0.11334887668002552,0.3487596083130284
1059,7.805476865,Dhaka,Kharif 2,16.0,85.0,Radish,Oct,Nov to Feb,March,8266,22,10.0,75,95,,0.42014379344061,0.3836949782943288,0.4340019668066029,0.048105025749108334,0.3278518747499494
1331,3.336589031,Dinajpur,Kharif 2,16.0,85.0,Radish,Oct,Nov to Feb,March,4441,22,10.0,75,95,,0.6968213826970469,0.3911597113971651,0.5768919544682428,0.15570871026658792,0.3510443820127166
598,4.60367893,Faridpur,Kharif 2,16.0,85.0,Radish,Oct,Nov to Feb,March,2753,22,10.0,75,95,,0.5571700752994787,0.44518592128585815,0.5101997893014788,0.07895180352225327,0.3607017999141199
432,3.046296296,Feni,Kharif 2,16.0,85.0,Radish,Oct,Nov to Feb,March,1316,22,10.0,75,95,,0.6864048324722554,0.48758637237988467,0.5023790786684436,0.11972559207637044,0.3828643827818602
802,3.961346633,Gaibandha,Kharif 2,16.0,85.0,Radish,Oct,Nov to Feb,March,3177,22,10.0,75,95,57.0,0.5191748931888249,0.3279281627858769,0.5052634601391561,0.12598822154354994,0.3094345807109266
898,4.334075724,Gazipur,Kharif 2,16.0,85.0,Radish,Oct,Nov to Feb,March,3892,22,10.0,75,95,,0.5223462850901985,0.4732693412258707,0.5111937838721802,0.09976449889480261,0.3255431189635358
386,5.89119171,Gopalganj,Kharif 2,16.0,85.0,Radish,Oct,Nov to Feb,March,2274,22,10.0,75,95,56.0,0.6266318567705287,0.4860170443297757,0.6330877335678394,0.11315909827907045,0.4792702295360826
1037,7.462873674,Habiganj,Kharif 2,16.0,85.0,Radish,Oct,Nov to Feb,March,7739,22,10.0,75,95,,0.45889587481196,0.380709338803105,0.6014605348999472,0.12746962406389875,0.2399103651205681
2379,4.088272383,Jamalpur,Kharif 2,16.0,85.0,Radish,Oct,Nov to Feb,March,9726,22,10.0,75,95,,0.5680638462794619,0.4118705610377037,0.5278123755787749,0.09560714406596538,0.1827577072035731
1998,4.068568569,Jashore,Kharif 2,16.0,85.0,Radish,Oct,Nov to Feb,March,8129,22,10.0,75,95,,0.7028498240366357,0.4773143652186135,0.6067794453589154,0.11046041518530311,0.3838945484874524
274,1.733576642,Jhallokati,Kharif 2,16.0,85.0,Radish,Oct,Nov to Feb,March,475,22,10.0,75,95,,0.6984104731100329,0.5298162543299618,0.5179106140943847,0.1420665750615579,0.4988607970006209
1313,5.04950495,Jhenaidah,Kharif 2,16.0,85.0,Radish,Oct,Nov to Feb,March,6630,22,10.0,75,95,,0.7437649112435227,0.4819779212865072,0.6072717913709762,0.12888642550736648,0.3220885598782582
504,4.607142857,Joypurhat,Kharif 2,16.0,85.0,Radish,Oct,Nov to Feb,March,2322,22,10.0,75,95,64.0,0.6950315134846194,0.4072936757341328,0.4871203122169448,0.13220277732383232,0.3194107068979877
1570,3.065605096,Khagrachari,Kharif 2,16.0,85.0,Radish,Oct,Nov to Feb,March,4813,22,10.0,75,95,54.0,0.7650947268938538,0.7179180016132212,0.5737845474176946,0.0863391472914,0.3382196284333821
519,3.759152216,Khulna,Kharif 2,16.0,85.0,Radish,Oct,Nov to Feb,March,1951,22,10.0,75,95,59.0,0.5520675878443635,0.4683267466424762,0.4979323952822052,0.06722408947529128,0.4016941680534377
1204,5.664451827,Kishoreganj,Kharif 2,16.0,85.0,Radish,Oct,Nov to Feb,March,6820,22,10.0,75,95,,0.1918684324560693,0.3386475703447491,0.6380676429483706,0.1527394991891828,0.0508200478358936
1103,4.192203083,Kurigram,Kharif 2,16.0,85.0,Radish,Oct,Nov to Feb,March,4624,22,10.0,75,95,,0.4923091315654682,0.3272284530216492,0.4446969686649252,0.09950625139097681,0.339929306221639
1002,6.052894212,Kushtia,Kharif 2,16.0,85.0,Radish,Oct,Nov to Feb,March,6065,22,10.0,75,95,,0.6262090914547398,0.44984907288415454,0.5026391517689011,0.09547757938265868,0.2595401427302436
751,2.507323569,Lakshmipur,Kharif 2,16.0,85.0,Radish,Oct,Nov to Feb,March,1883,22,10.0,75,95,56.0,0.5253667671733465,0.39009665631874296,0.4099483108021562,0.10719122428326654,0.2352361031462211
685,4.386861314,Lalmonirhat,Kharif 2,16.0,85.0,Radish,Oct,Nov to Feb,March,3005,22,10.0,75,95,,0.6005631769723303,0.41050848936043094,0.5685270716402814,0.1077602655305911,0.4453238905714439
410,7.382926829,Madaripur,Kharif 2,16.0,85.0,Radish,Oct,Nov to Feb,March,3027,22,10.0,75,95,56.0,0.5680438314099354,0.4390723314414899,0.5126870864671587,0.07281468335399495,0.4063651096234308
400,3.965,Magura,Kharif 2,16.0,85.0,Radish,Oct,Nov to Feb,March,1586,22,10.0,75,95,61.0,0.7173624754929421,0.4617642500312002,0.5805999045721482,0.12047601774437329,0.3522418035026976
978,5.738241309,Manikganj,Kharif 2,16.0,85.0,Radish,Oct,Nov to Feb,March,5612,22,10.0,75,95,,0.4193839512009965,0.35659875113743067,0.4337041495265221,0.09068046958183991,0.4114178092969235
367,4.741144414,Meherpur,Kharif 2,16.0,85.0,Radish,Oct,Nov to Feb,March,1740,22,10.0,75,95,65.0,0.6557736174550848,0.5507296743933876,0.5708640413836734,0.07444459084869585,0.1259660232378597
765,5.769934641,Moulvibazar,Kharif 2,16.0,85.0,Radish,Oct,Nov to Feb,March,4414,22,10.0,75,95,,0.5081293337700128,0.4952625887749301,0.5076200516171026,0.0780177978799588,0.4082711888182118
468,5.241452991,Munshiganj,Kharif 2,16.0,85.0,Radish,Oct,Nov to Feb,March,2453,22,10.0,75,95,,0.4799755728266007,0.4108646144821177,0.4965979715632833,0.08128196985257373,0.31340565567292
2619,4.974417717,Mymensingh,Kharif 2,16.0,85.0,Radish,Oct,Nov to Feb,March,13028,22,10.0,75,95,,0.6661036234448312,0.3882912054103752,0.5686833849186683,0.17204044713343142,0.4943108635282229
1180,7.109322034,Naogaon,Kharif 2,16.0,85.0,Radish,Oct,Nov to Feb,March,8389,22,10.0,75,95,,0.6437611050179507,0.37773799219078585,0.6201124466265265,0.15456583012200945,0.3298349904608932
363,3.845730028,Narail,Kharif 2,16.0,85.0,Radish,Oct,Nov to Feb,March,1396,22,10.0,75,95,58.0,0.6251097875564693,0.455960701104157,0.574803629810534,0.09877581473228542,0.3795905639419704
387,3.560723514,Narayanganj,Kharif 2,16.0,85.0,Radish,Oct,Nov to Feb,March,1378,22,10.0,75,95,,0.3876193728015197,0.38593309453047764,0.4347229780450177,0.06061232506770721,0.3114359236632746
804,4.074626866,Narsingdi,Kharif 2,16.0,85.0,Radish,Oct,Nov to Feb,March,3276,22,10.0,75,95,,0.4212772529102456,0.46270852562311826,0.5675183682230315,0.08843812516016782,0.3858671860931894
804,3.843283582,Natore,Kharif 2,16.0,85.0,Radish,Oct,Nov to Feb,March,3090,22,10.0,75,95,,0.6270773846150153,0.4518419278448418,0.6157551872850959,0.11900086891195562,0.1449640755138761
875,2.819428571,Netrokona,Kharif 2,16.0,85.0,Radish,Oct,Nov to Feb,March,2467,22,10.0,75,95,,0.3798255718688024,0.3455465298918347,0.638234140226114,0.13810363891440708,0.3045873133388933
1498,4.615487316,Nilphamari,Kharif 2,16.0,85.0,Radish,Oct,Nov to Feb,March,6914,22,10.0,75,95,,0.653377154092829,0.4001738974168444,0.604066391741781,0.13309172031492777,0.4439194600915765
1198,3.569282137,Noakhali,Kharif 2,16.0,85.0,Radish,Oct,Nov to Feb,March,4276,22,10.0,75,95,55.0,0.5743616085661583,0.466963963803802,0.4854136963654465,0.09128357958863313,0.2611398897351406
1440,4.2125,Pabna,Kharif 2,16.0,85.0,Radish,Oct,Nov to Feb,March,6066,22,10.0,75,95,,0.576205463230183,0.4451329779112825,0.5026473561162811,0.06433031124661054,0.2688296958156423
1716,6.973193473,Panchagar,Kharif 2,16.0,85.0,Radish,Oct,Nov to Feb,March,11966,22,10.0,75,95,,0.7131991955629091,0.38705334249247575,0.4949864884497696,0.14764296359425697,0.3210316931496211
216,1.518518519,Patuakhali,Kharif 2,16.0,85.0,Radish,Oct,Nov to Feb,March,328,22,10.0,75,95,,0.6209295032125958,0.4039949355168449,0.3271561678385286,0.1631051993156744,0.3662096619113779
306,3.751633987,Pirojpur,Kharif 2,16.0,85.0,Radish,Oct,Nov to Feb,March,1148,22,10.0,75,95,57.0,0.6644367573268926,0.5081544643188036,0.5271361118307798,0.12595472209252803,0.4734452905350293
1132,4.149293286,Rajbari,Kharif 2,16.0,85.0,Radish,Oct,Nov to Feb,March,4697,22,10.0,75,95,60.0,0.583792751193523,0.4043405915974824,0.4806919129357807,0.09018471595093816,0.3411103169038733
2223,6.426900585,Rajshahi,Kharif 2,16.0,85.0,Radish,Oct,Nov to Feb,March,14287,22,10.0,75,95,65.0,0.5638042771009885,0.40385404364101596,0.4771080227246705,0.0831695951415607,0.2171911759580277
986,4.004056795,Rangamati,Kharif 2,16.0,85.0,Radish,Oct,Nov to Feb,March,3948,22,10.0,75,95,,0.7267932608407919,0.6904436775533455,0.4965180374554424,0.09286763087443722,0.407467011061289
1128,3.27748227,Rangpur,Kharif 2,16.0,85.0,Radish,Oct,Nov to Feb,March,3697,22,10.0,75,95,59.0,0.6744499663546515,0.3958322423370637,0.5272187009814302,0.1494704689625681,0.4118453959149274
500,4.258,Satkhira,Kharif 2,16.0,85.0,Radish,Oct,Nov to Feb,March,2129,22,10.0,75,95,59.0,0.5293331106485334,0.4350327710263543,0.4835354065029546,0.05030434051973149,0.2954937434231568
386,7.738341969,Shariatpur,Kharif 2,16.0,85.0,Radish,Oct,Nov to Feb,March,2987,22,10.0,75,95,55.0,0.5050903206312234,0.3963210105562512,0.4511789681561877,0.05758791993940459,0.337774879445382
1541,6.429591175,Sherpur,Kharif 2,16.0,85.0,Radish,Oct,Nov to Feb,March,9908,22,10.0,75,95,,0.662903433290502,0.41404618041021135,0.6297376902178687,0.1613508601843313,0.3417866673453712
1319,5.893858984,Sirajganj,Kharif 2,16.0,85.0,Radish,Oct,Nov to Feb,March,7774,22,10.0,75,95,,0.4306876986901167,0.34625433107190007,0.4737362339881535,0.0604525588020648,0.1714208140792081
1028,5.173151751,Sunamganj,Kharif 2,16.0,85.0,Radish,Oct,Nov to Feb,March,5318,22,10.0,75,95,54.0,0.0714833095098531,0.31027128029930723,0.6219959069450288,0.21223609126473966,0.0062517479924633
2389,3.337798242,Sylhet,Kharif 2,16.0,85.0,Radish,Oct,Nov to Feb,March,7974,22,10.0,75,95,54.0,0.4585160647406363,0.44787279745620107,0.4933672733095434,0.06041635898250689,0.3776845712197997
2718,4.658940397,Tangail,Kharif 2,16.0,85.0,Radish,Oct,Nov to Feb,March,12663,22,10.0,75,95,60.0,0.5962526033050995,0.40038182021930835,0.5155877071618177,0.1320508488727964,0.3358840930816195
886,2.269751693,Thakurgaon,Kharif 2,16.0,85.0,Radish,Oct,Nov to Feb,March,2011,22,10.0,75,95,,0.6913470028229801,0.43211607649427575,0.5465011801065398,0.12660200620312864,0.3582324259138552
1465,0.2546075085,Bagerhat,Kharif 2,22.5,75.0,Rape & Mustard,Oct,Nov to Feb,Feb to April,373,30,15.0,65,85,57.0,0.5549719290375441,0.5243834733222952,0.4629136621957188,0.1100116478308852,0.4868351131875976
325,0.2676923077,Bandarban,Kharif 2,22.5,75.0,Rape & Mustard,Oct,Nov to Feb,Feb to April,87,30,15.0,65,85,55.0,0.7430366041768727,0.744352203881547,0.5458329232653505,0.14304254324966362,0.3862715233777672
91,0.6043956044,Barguna,Kharif 2,22.5,75.0,Rape & Mustard,Oct,Nov to Feb,Feb to April,55,30,15.0,65,85,57.0,0.5890323017558614,0.44434862256962204,0.30462909510867275,0.15230155193712117,0.3310758402525957
2026,0.5113524186,Barishal,Kharif 2,22.5,75.0,Rape & Mustard,Oct,Nov to Feb,Feb to April,1036,30,15.0,65,85,,0.5411183729753246,0.36214359853163525,0.33196169898606803,0.11510079301947224,0.3272113771710582
2129,0.5213715359,Bhola,Kharif 2,22.5,75.0,Rape & Mustard,Oct,Nov to Feb,Feb to April,1110,30,15.0,65,85,56.0,0.4215271980368956,0.2879101361834229,0.25630503915312075,0.09019156532880034,0.2334659055742139
42687,0.5436081243,Bogura,Kharif 2,22.5,75.0,Rape & Mustard,Oct,Nov to Feb,Feb to April,23205,30,15.0,65,85,,0.6043189721273731,0.37608475650527673,0.43045345335003216,0.10702124046307472,0.2859644007903595
28980,0.459489303,Brahmanbaria,Kharif 2,22.5,75.0,Rape & Mustard,Oct,Nov to Feb,Feb to April,13316,30,15.0,65,85,54.0,0.4183456917031,0.3725155419594808,0.48988722251738687,0.10812197459441848,0.2430711904191838
3856,0.4398340249,Chandpur,Kharif 2,22.5,75.0,Rape & Mustard,Oct,Nov to Feb,Feb to April,1696,30,15.0,65,85,,0.5270362529660546,0.40304406971487505,0.3865864541219328,0.09796058581674542,0.2851182395817753
24786,0.3568950214,Chapai Nawabganj,Kharif 2,22.5,75.0,Rape & Mustard,Oct,Nov to Feb,Feb to April,8846,30,15.0,65,85,,0.5494797758461835,0.42499345584228587,0.4379607104958361,0.08853729197097461,0.2346338663805179
1034,0.332688588,Chattogram,Kharif 2,22.5,75.0,Rape & Mustard,Oct,Nov to Feb,Feb to April,344,30,15.0,65,85,,0.6563726676016034,0.5547620601296177,0.4413654110260503,0.10750040936404333,0.4368271330834088
4295,0.6356228172,Chuadanga,Kharif 2,22.5,75.0,Rape & Mustard,Oct,Nov to Feb,Feb to April,2730,30,15.0,65,85,,0.6058950868858013,0.530795223861912,0.5562843540459929,0.06822161350001604,0.1390385944438268
0,#DIV/0!,CoxsBazar,Kharif 2,22.5,75.0,Rape & Mustard,Oct,Nov to Feb,Feb to April,0,30,15.0,65,85,55.0,0.5920513052550939,0.4799159794447154,0.42881639772966834,0.06931836672637309,0.2866525849958106
7590,0.4670619236,Cumilla,Kharif 2,22.5,75.0,Rape & Mustard,Oct,Nov to Feb,Feb to April,3545,30,15.0,65,85,,0.6260474113432829,0.47288326219807086,0.43521247711018823,0.1371442986277815,0.3487596083130284
26402,0.4844329975,Dhaka,Kharif 2,22.5,75.0,Rape & Mustard,Oct,Nov to Feb,Feb to April,12790,30,15.0,65,85,,0.42014379344061,0.3836949782943288,0.3280324263909043,0.08508889886739143,0.3278518747499494
28839,0.5505392004,Dinajpur,Kharif 2,22.5,75.0,Rape & Mustard,Oct,Nov to Feb,Feb to April,15877,30,15.0,65,85,,0.6968213826970469,0.3911597113971651,0.4558719204084752,0.1458592526127134,0.3510443820127166
19943,0.3220678935,Faridpur,Kharif 2,22.5,75.0,Rape & Mustard,Oct,Nov to Feb,Feb to April,6423,30,15.0,65,85,,0.5571700752994787,0.44518592128585815,0.3815029185984627,0.13917883553703742,0.3607017999141199
1207,0.2510356255,Feni,Kharif 2,22.5,75.0,Rape & Mustard,Oct,Nov to Feb,Feb to April,303,30,15.0,65,85,,0.6864048324722554,0.48758637237988467,0.42558470083903494,0.13457311384527107,0.3828643827818602
4913,0.4429065744,Gaibandha,Kharif 2,22.5,75.0,Rape & Mustard,Oct,Nov to Feb,Feb to April,2176,30,15.0,65,85,57.0,0.5191748931888249,0.3279281627858769,0.3682471867771155,0.12556206186323002,0.3094345807109266
3474,0.2671272309,Gazipur,Kharif 2,22.5,75.0,Rape & Mustard,Oct,Nov to Feb,Feb to April,928,30,15.0,65,85,,0.5223462850901985,0.4732693412258707,0.3869340352261155,0.11515122917711507,0.3255431189635358
6334,0.4486896116,Gopalganj,Kharif 2,22.5,75.0,Rape & Mustard,Oct,Nov to Feb,Feb to April,2842,30,15.0,65,85,56.0,0.6266318567705287,0.4860170443297757,0.4844352143351765,0.12132253367968518,0.4792702295360826
542,0.5018450185,Habiganj,Kharif 2,22.5,75.0,Rape & Mustard,Oct,Nov to Feb,Feb to April,272,30,15.0,65,85,,0.45889587481196,0.380709338803105,0.49464565291842955,0.11663684385299297,0.2399103651205681
29425,0.4399660153,Jamalpur,Kharif 2,22.5,75.0,Rape & Mustard,Oct,Nov to Feb,Feb to April,12946,30,15.0,65,85,,0.5680638462794619,0.4118705610377037,0.3776808394187772,0.12504480572978646,0.1827577072035731
25420,0.758025177,Jashore,Kharif 2,22.5,75.0,Rape & Mustard,Oct,Nov to Feb,Feb to April,19269,30,15.0,65,85,,0.7028498240366357,0.4773143652186135,0.5283538679637112,0.10135421241836014,0.3838945484874524
412,0.3495145631,Jhallokati,Kharif 2,22.5,75.0,Rape & Mustard,Oct,Nov to Feb,Feb to April,144,30,15.0,65,85,,0.6984104731100329,0.5298162543299618,0.4392351539047728,0.14497461352264937,0.4988607970006209
6818,0.5300674685,Jhenaidah,Kharif 2,22.5,75.0,Rape & Mustard,Oct,Nov to Feb,Feb to April,3614,30,15.0,65,85,,0.7437649112435227,0.4819779212865072,0.5392765141221537,0.11936234993167984,0.3220885598782582
15883,0.7364477743,Joypurhat,Kharif 2,22.5,75.0,Rape & Mustard,Oct,Nov to Feb,Feb to April,11697,30,15.0,65,85,64.0,0.6950315134846194,0.4072936757341328,0.47887763856587456,0.12437850475115055,0.3194107068979877
371,0.4312668464,Khagrachari,Kharif 2,22.5,75.0,Rape & Mustard,Oct,Nov to Feb,Feb to April,160,30,15.0,65,85,54.0,0.7650947268938538,0.7179180016132212,0.506864335341556,0.16459511644422764,0.3382196284333821
441,0.3378684807,Khulna,Kharif 2,22.5,75.0,Rape & Mustard,Oct,Nov to Feb,Feb to April,149,30,15.0,65,85,59.0,0.5520675878443635,0.4683267466424762,0.3974227012482648,0.10717354579240082,0.4016941680534377
2513,0.4409072821,Kishoreganj,Kharif 2,22.5,75.0,Rape & Mustard,Oct,Nov to Feb,Feb to April,1108,30,15.0,65,85,,0.1918684324560693,0.3386475703447491,0.4729405918518193,0.13943780131608766,0.0508200478358936
9275,0.4528301887,Kurigram,Kharif 2,22.5,75.0,Rape & Mustard,Oct,Nov to Feb,Feb to April,4200,30,15.0,65,85,,0.4923091315654682,0.3272284530216492,0.3206964144252499,0.10741613154634982,0.339929306221639
3328,0.5772235577,Kushtia,Kharif 2,22.5,75.0,Rape & Mustard,Oct,Nov to Feb,Feb to April,1921,30,15.0,65,85,,0.6262090914547398,0.44984907288415454,0.4624754898185149,0.09786242027502172,0.2595401427302436
236,0.313559322,Lakshmipur,Kharif 2,22.5,75.0,Rape & Mustard,Oct,Nov to Feb,Feb to April,74,30,15.0,65,85,56.0,0.5253667671733465,0.39009665631874296,0.3653652364620225,0.10042555304230874,0.2352361031462211
1133,0.6434245366,Lalmonirhat,Kharif 2,22.5,75.0,Rape & Mustard,Oct,Nov to Feb,Feb to April,729,30,15.0,65,85,,0.6005631769723303,0.41050848936043094,0.48998470384350573,0.10112176136703796,0.4453238905714439
16235,0.4654758238,Madaripur,Kharif 2,22.5,75.0,Rape & Mustard,Oct,Nov to Feb,Feb to April,7557,30,15.0,65,85,56.0,0.5680438314099354,0.4390723314414899,0.3644573135630586,0.1403162469963059,0.4063651096234308
9553,0.5097875013,Magura,Kharif 2,22.5,75.0,Rape & Mustard,Oct,Nov to Feb,Feb to April,4870,30,15.0,65,85,61.0,0.7173624754929421,0.4617642500312002,0.4708722258795271,0.12785965496739038,0.3522418035026976
45293,0.4919082419,Manikganj,Kharif 2,22.5,75.0,Rape & Mustard,Oct,Nov to Feb,Feb to April,22280,30,15.0,65,85,,0.4193839512009965,0.35659875113743067,0.290424665561086,0.09861609153404356,0.4114178092969235
11893,0.6157403515,Meherpur,Kharif 2,22.5,75.0,Rape & Mustard,Oct,Nov to Feb,Feb to April,7323,30,15.0,65,85,65.0,0.6557736174550848,0.5507296743933876,0.5437648085783094,0.08789896889732247,0.1259660232378597
736,0.4850543478,Moulvibazar,Kharif 2,22.5,75.0,Rape & Mustard,Oct,Nov to Feb,Feb to April,357,30,15.0,65,85,,0.5081293337700128,0.4952625887749301,0.4579298360561219,0.08488885957999688,0.4082711888182118
5416,0.4710118168,Munshiganj,Kharif 2,22.5,75.0,Rape & Mustard,Oct,Nov to Feb,Feb to April,2551,30,15.0,65,85,,0.4799755728266007,0.4108646144821177,0.38135153512021763,0.13907044762862025,0.31340565567292
2976,0.4418682796,Mymensingh,Kharif 2,22.5,75.0,Rape & Mustard,Oct,Nov to Feb,Feb to April,1315,30,15.0,65,85,,0.6661036234448312,0.3882912054103752,0.3770744456748467,0.17197442360608786,0.4943108635282229
55702,0.573031489,Naogaon,Kharif 2,22.5,75.0,Rape & Mustard,Oct,Nov to Feb,Feb to April,31919,30,15.0,65,85,,0.6437611050179507,0.37773799219078585,0.44320515377148667,0.1490518675511966,0.3298349904608932
11027,0.3964813639,Narail,Kharif 2,22.5,75.0,Rape & Mustard,Oct,Nov to Feb,Feb to April,4372,30,15.0,65,85,58.0,0.6251097875564693,0.455960701104157,0.463811524104659,0.10923326137090027,0.3795905639419704
1596,0.3746867168,Narayanganj,Kharif 2,22.5,75.0,Rape & Mustard,Oct,Nov to Feb,Feb to April,598,30,15.0,65,85,,0.3876193728015197,0.38593309453047764,0.3381212291093049,0.07658986271822814,0.3114359236632746
756,0.3875661376,Narsingdi,Kharif 2,22.5,75.0,Rape & Mustard,Oct,Nov to Feb,Feb to April,293,30,15.0,65,85,,0.4212772529102456,0.46270852562311826,0.4432366492567433,0.08894703970502957,0.3858671860931894
4171,0.5269719492,Natore,Kharif 2,22.5,75.0,Rape & Mustard,Oct,Nov to Feb,Feb to April,2198,30,15.0,65,85,,0.6270773846150153,0.4518419278448418,0.5235898501796531,0.11694281798209018,0.1449640755138761
2461,0.4672897196,Netrokona,Kharif 2,22.5,75.0,Rape & Mustard,Oct,Nov to Feb,Feb to April,1150,30,15.0,65,85,,0.3798255718688024,0.3455465298918347,0.4088457201680249,0.14361385584881256,0.3045873133388933
2327,0.5470562957,Nilphamari,Kharif 2,22.5,75.0,Rape & Mustard,Oct,Nov to Feb,Feb to April,1273,30,15.0,65,85,,0.653377154092829,0.4001738974168444,0.4662881965902417,0.13081823882432134,0.4439194600915765
38,0.1578947368,Noakhali,Kharif 2,22.5,75.0,Rape & Mustard,Oct,Nov to Feb,Feb to April,6,30,15.0,65,85,55.0,0.5743616085661583,0.466963963803802,0.42873704726959755,0.09859302369303177,0.2611398897351406
43686,0.4283752232,Pabna,Kharif 2,22.5,75.0,Rape & Mustard,Oct,Nov to Feb,Feb to April,18714,30,15.0,65,85,,0.576205463230183,0.4451329779112825,0.4231117043633386,0.08841621209086932,0.2688296958156423
4241,0.3435510493,Panchagar,Kharif 2,22.5,75.0,Rape & Mustard,Oct,Nov to Feb,Feb to April,1457,30,15.0,65,85,,0.7131991955629091,0.38705334249247575,0.37326745465683425,0.1660471203623592,0.3210316931496211
112,0.3214285714,Patuakhali,Kharif 2,22.5,75.0,Rape & Mustard,Oct,Nov to Feb,Feb to April,36,30,15.0,65,85,,0.6209295032125958,0.4039949355168449,0.2796608917656713,0.16543853546748835,0.3662096619113779
101,0.3465346535,Pirojpur,Kharif 2,22.5,75.0,Rape & Mustard,Oct,Nov to Feb,Feb to April,35,30,15.0,65,85,57.0,0.6644367573268926,0.5081544643188036,0.41988289226107484,0.1372120317729899,0.4734452905350293
4012,0.4790628116,Rajbari,Kharif 2,22.5,75.0,Rape & Mustard,Oct,Nov to Feb,Feb to April,1922,30,15.0,65,85,60.0,0.583792751193523,0.4043405915974824,0.38996244142790865,0.11249378373215907,0.3411103169038733
40975,0.5617327639,Rajshahi,Kharif 2,22.5,75.0,Rape & Mustard,Oct,Nov to Feb,Feb to April,23017,30,15.0,65,85,65.0,0.5638042771009885,0.40385404364101596,0.43952973021575364,0.07836275457077709,0.2171911759580277
423,0.463356974,Rangamati,Kharif 2,22.5,75.0,Rape & Mustard,Oct,Nov to Feb,Feb to April,196,30,15.0,65,85,,0.7267932608407919,0.6904436775533455,0.4672013031485988,0.17010131784547686,0.407467011061289
4351,0.4755228683,Rangpur,Kharif 2,22.5,75.0,Rape & Mustard,Oct,Nov to Feb,Feb to April,2069,30,15.0,65,85,59.0,0.6744499663546515,0.3958322423370637,0.41524602791002635,0.1514596809934557,0.4118453959149274
11778,0.5342163355,Satkhira,Kharif 2,22.5,75.0,Rape & Mustard,Oct,Nov to Feb,Feb to April,6292,30,15.0,65,85,59.0,0.5293331106485334,0.4350327710263543,0.39082545661790213,0.08419644024669956,0.2954937434231568
10417,0.4199865604,Shariatpur,Kharif 2,22.5,75.0,Rape & Mustard,Oct,Nov to Feb,Feb to April,4375,30,15.0,65,85,55.0,0.5050903206312234,0.3963210105562512,0.3116564128592009,0.13570917244933095,0.337774879445382
4523,0.4824231705,Sherpur,Kharif 2,22.5,75.0,Rape & Mustard,Oct,Nov to Feb,Feb to April,2182,30,15.0,65,85,,0.662903433290502,0.41404618041021135,0.41754488868976086,0.16981786589011325,0.3417866673453712
127853,0.4323559087,Sirajganj,Kharif 2,22.5,75.0,Rape & Mustard,Oct,Nov to Feb,Feb to April,55278,30,15.0,65,85,,0.4306876986901167,0.34625433107190007,0.34578968959315376,0.07587465677817191,0.1714208140792081
1294,0.4057187017,Sunamganj,Kharif 2,22.5,75.0,Rape & Mustard,Oct,Nov to Feb,Feb to April,525,30,15.0,65,85,54.0,0.0714833095098531,0.31027128029930723,0.46393507231936537,0.19631834881919175,0.0062517479924633
1624,0.5794334975,Sylhet,Kharif 2,22.5,75.0,Rape & Mustard,Oct,Nov to Feb,Feb to April,941,30,15.0,65,85,54.0,0.4585160647406363,0.44787279745620107,0.39805962153131697,0.09884893917290195,0.3776845712197997
67761,0.4626555098,Tangail,Kharif 2,22.5,75.0,Rape & Mustard,Oct,Nov to Feb,Feb to April,31350,30,15.0,65,85,60.0,0.5962526033050995,0.40038182021930835,0.3236021176818092,0.14929537950302899,0.3358840930816195
14774,0.4168133207,Thakurgaon,Kharif 2,22.5,75.0,Rape & Mustard,Oct,Nov to Feb,Feb to April,6158,30,15.0,65,85,,0.6913470028229801,0.43211607649427575,0.48417020185905324,0.12430236925266322,0.3582324259138552
90,11.4,Bagerhat,Kharif 1,30.0,80.0,Ripe Papaya,April,No need to do,April to May,1026,35,25.0,70,90,57.0,0.2844793013289463,,0.27575988672939594,0.012331114382638054,0.5711876241926808
100,21.8,Bandarban,Kharif 1,30.0,80.0,Ripe Papaya,April,No need to do,April to May,2180,35,25.0,70,90,55.0,0.3876779567270571,,0.3244783992381001,0.0893776713368611,0.5676824803630925
150,3.773333333,Barguna,Kharif 1,30.0,80.0,Ripe Papaya,April,No need to do,April to May,566,35,25.0,70,90,57.0,0.2876097437686987,,0.30997607990329556,0.03163077590214229,0.3352139518717137
170,13.70588235,Barishal,Kharif 1,30.0,80.0,Ripe Papaya,April,No need to do,April to May,2330,35,25.0,70,90,,0.3100169088937738,,0.3097759559139494,0.00034075897196188395,0.43248229774155
62,15.35483871,Bhola,Kharif 1,30.0,80.0,Ripe Papaya,April,No need to do,April to May,952,35,25.0,70,90,56.0,0.2246323016939531,,0.2096304775901967,0.021215783107867908,0.3010654880049462
277,17.55234657,Bogura,Kharif 1,30.0,80.0,Ripe Papaya,April,No need to do,April to May,4862,35,25.0,70,90,,0.3974557819503149,,0.3369622750093063,0.08555073795148525,0.5031143822226227
39,14.58974359,Brahmanbaria,Kharif 1,30.0,80.0,Ripe Papaya,April,No need to do,April to May,569,35,25.0,70,90,54.0,0.4667222562628336,,0.351919542981606,0.16235555411954192,0.6120203918074798
191,8.806282723,Chandpur,Kharif 1,30.0,80.0,Ripe Papaya,April,No need to do,April to May,1682,35,25.0,70,90,,0.2824497786894116,,0.26336736484403234,0.02698660846295155,0.4859674573852385
86,15.98837209,Chapai Nawabganj,Kharif 1,30.0,80.0,Ripe Papaya,April,No need to do,April to May,1375,35,25.0,70,90,,0.3377839429676815,,0.3020225406529087,0.05057426016303227,0.5329944189746634
200,13.695,Chattogram,Kharif 1,30.0,80.0,Ripe Papaya,April,No need to do,April to May,2739,35,25.0,70,90,,0.3406132785765541,,0.31618507840556653,0.03454669198617534,0.4802903771854044
69,28.10144928,Chuadanga,Kharif 1,30.0,80.0,Ripe Papaya,April,No need to do,April to May,1939,35,25.0,70,90,,0.4685908909016339,,0.42077940835017746,0.0676156470614343,0.6064678529651709
100,40.86,CoxsBazar,Kharif 1,30.0,80.0,Ripe Papaya,April,No need to do,April to May,4086,35,25.0,70,90,55.0,0.362233654035479,,0.321400513043663,0.057746781784918974,0.4628693746612334
190,12.67894737,Cumilla,Kharif 1,30.0,80.0,Ripe Papaya,April,No need to do,April to May,2409,35,25.0,70,90,,0.2799573140061434,,0.27306793815587926,0.00974304876372922,0.5910383419566766
160,10.0875,Dhaka,Kharif 1,30.0,80.0,Ripe Papaya,April,No need to do,April to May,1614,35,25.0,70,90,,0.2053280197750239,,0.2396515442359809,0.04854079380113005,0.4340019668066029
158,15.64556962,Dinajpur,Kharif 1,30.0,80.0,Ripe Papaya,April,No need to do,April to May,2472,35,25.0,70,90,,0.3864902076658625,,0.38907215330279854,0.0036514225370649785,0.5768919544682428
55,19.8,Faridpur,Kharif 1,30.0,80.0,Ripe Papaya,April,No need to do,April to May,1089,35,25.0,70,90,,0.1596716045798009,,0.3304830402991223,0.24156384900268443,0.5101997893014788
60,8.2,Feni,Kharif 1,30.0,80.0,Ripe Papaya,April,No need to do,April to May,492,35,25.0,70,90,,0.3154547680727988,,0.2630879666671975,0.07405784076589983,0.5023790786684436
147,10.37414966,Gaibandha,Kharif 1,30.0,80.0,Ripe Papaya,April,No need to do,April to May,1525,35,25.0,70,90,57.0,0.2560613395709359,,0.2735060580852789,0.024670557514764876,0.5052634601391561
200,8.595,Gazipur,Kharif 1,30.0,80.0,Ripe Papaya,April,No need to do,April to May,1719,35,25.0,70,90,,0.3013299480303391,,0.2828056853755052,0.02619726347942745,0.5111937838721802
114,9.333333333,Gopalganj,Kharif 1,30.0,80.0,Ripe Papaya,April,No need to do,April to May,1064,35,25.0,70,90,56.0,0.365624571223079,,0.38199953751532034,0.023157699413889968,0.6330877335678394
20,25.5,Habiganj,Kharif 1,30.0,80.0,Ripe Papaya,April,No need to do,April to May,510,35,25.0,70,90,,0.4094105700184439,,0.31398328578370555,0.1349545595851992,0.6014605348999472
155,21,Jamalpur,Kharif 1,30.0,80.0,Ripe Papaya,April,No need to do,April to May,3255,35,25.0,70,90,,0.2203033803902141,,0.22297635476335081,0.0037801566103656385,0.5278123755787749
150,22.04666667,Jashore,Kharif 1,30.0,80.0,Ripe Papaya,April,No need to do,April to May,3307,35,25.0,70,90,,0.5094016354846946,,0.4539885150881502,0.07836598639820637,0.6067794453589154
130,10.13846154,Jhallokati,Kharif 1,30.0,80.0,Ripe Papaya,April,No need to do,April to May,1318,35,25.0,70,90,,0.3844964290526782,,0.41561080642029513,0.04400237445807835,0.5179106140943847
107,11.12149533,Jhenaidah,Kharif 1,30.0,80.0,Ripe Papaya,April,No need to do,April to May,1190,35,25.0,70,90,,0.4932941383053687,,0.45103571796126785,0.05976243117509054,0.6072717913709762
47,11.9787234,Joypurhat,Kharif 1,30.0,80.0,Ripe Papaya,April,No need to do,April to May,563,35,25.0,70,90,64.0,0.5481632788078854,,0.4712835875486465,0.10872430204987188,0.4871203122169448
150,16.02666667,Khagrachari,Kharif 1,30.0,80.0,Ripe Papaya,April,No need to do,April to May,2404,35,25.0,70,90,54.0,0.3194542381207939,,0.34193704880048653,0.03179549578348802,0.5737845474176946
200,5.495,Khulna,Kharif 1,30.0,80.0,Ripe Papaya,April,No need to do,April to May,1099,35,25.0,70,90,59.0,0.2547487058378869,,0.2511024929868597,0.00515652366522172,0.4979323952822052
90,12.96666667,Kishoreganj,Kharif 1,30.0,80.0,Ripe Papaya,April,No need to do,April to May,1167,35,25.0,70,90,,0.3676092519986164,,0.2504258930638966,0.16572229548991513,0.6380676429483706
70,15.32857143,Kurigram,Kharif 1,30.0,80.0,Ripe Papaya,April,No need to do,April to May,1073,35,25.0,70,90,,0.2226332627293874,,0.23636353791101689,0.019417541376975135,0.4446969686649252
126,43.79365079,Kushtia,Kharif 1,30.0,80.0,Ripe Papaya,April,No need to do,April to May,5518,35,25.0,70,90,,0.3702999720630754,,0.33207563640075244,0.05405737390635867,0.5026391517689011
165,21.6,Lakshmipur,Kharif 1,30.0,80.0,Ripe Papaya,April,No need to do,April to May,3564,35,25.0,70,90,56.0,0.3561816998129432,,0.28839044650976275,0.09587130983162759,0.4099483108021562
75,10.30666667,Lalmonirhat,Kharif 1,30.0,80.0,Ripe Papaya,April,No need to do,April to May,773,35,25.0,70,90,,0.4065448627465945,,0.3702293154345249,0.05135793953373062,0.5685270716402814
134,8.171641791,Madaripur,Kharif 1,30.0,80.0,Ripe Papaya,April,No need to do,April to May,1095,35,25.0,70,90,56.0,0.145892769350381,,0.27292122908348343,0.179645370561918,0.5126870864671587
95,25.77894737,Magura,Kharif 1,30.0,80.0,Ripe Papaya,April,No need to do,April to May,2449,35,25.0,70,90,61.0,0.3516332543736697,,0.4234311922362701,0.10153761747571022,0.5805999045721482
110,13.80909091,Manikganj,Kharif 1,30.0,80.0,Ripe Papaya,April,No need to do,April to May,1519,35,25.0,70,90,,0.238108560268593,,0.28199105902087906,0.06205922488630341,0.4337041495265221
55,28.90909091,Meherpur,Kharif 1,30.0,80.0,Ripe Papaya,April,No need to do,April to May,1590,35,25.0,70,90,65.0,0.4240959983858737,,0.43174117290000674,0.010811909484596092,0.5708640413836734
45,20.42222222,Moulvibazar,Kharif 1,30.0,80.0,Ripe Papaya,April,No need to do,April to May,919,35,25.0,70,90,,0.3772511111134909,,0.3022708497469954,0.10603810253477736,0.5076200516171026
92,5.608695652,Munshiganj,Kharif 1,30.0,80.0,Ripe Papaya,April,No need to do,April to May,516,35,25.0,70,90,,0.1254731884929805,,0.2530315956925989,0.18039482945641025,0.4965979715632833
400,11.995,Mymensingh,Kharif 1,30.0,80.0,Ripe Papaya,April,No need to do,April to May,4798,35,25.0,70,90,,0.2792620099084889,,0.23148725444566343,0.06756370711458584,0.5686833849186683
70,22.22857143,Naogaon,Kharif 1,30.0,80.0,Ripe Papaya,April,No need to do,April to May,1556,35,25.0,70,90,,0.3353748718633925,,0.27659517117692745,0.08312704990302999,0.6201124466265265
29,47.86206897,Narail,Kharif 1,30.0,80.0,Ripe Papaya,April,No need to do,April to May,1388,35,25.0,70,90,58.0,0.3408352502702987,,0.35734674824201745,0.023350784366700503,0.574803629810534
57,16.33333333,Narayanganj,Kharif 1,30.0,80.0,Ripe Papaya,April,No need to do,April to May,931,35,25.0,70,90,,0.2542342797497706,,0.27548071753916137,0.030047000473872643,0.4347229780450177
147,10.00680272,Narsingdi,Kharif 1,30.0,80.0,Ripe Papaya,April,No need to do,April to May,1471,35,25.0,70,90,,0.3744952593367734,,0.3310155894517449,0.06148953883891228,0.5675183682230315
330,24.65151515,Natore,Kharif 1,30.0,80.0,Ripe Papaya,April,No need to do,April to May,8135,35,25.0,70,90,,0.3938140226589006,,0.3390716800523584,0.07741736335024652,0.6157551872850959
60,15.83333333,Netrokona,Kharif 1,30.0,80.0,Ripe Papaya,April,No need to do,April to May,950,35,25.0,70,90,,0.2180584018053236,,0.1698412651344952,0.06818932861868263,0.638234140226114
72,19.20833333,Nilphamari,Kharif 1,30.0,80.0,Ripe Papaya,April,No need to do,April to May,1383,35,25.0,70,90,,0.348037858697919,,0.36928708635180274,0.030050945938075842,0.604066391741781
150,14.30666667,Noakhali,Kharif 1,30.0,80.0,Ripe Papaya,April,No need to do,April to May,2146,35,25.0,70,90,55.0,0.3485228861940609,,0.2571827735931205,0.12917442602893559,0.4854136963654465
399,11.37092732,Pabna,Kharif 1,30.0,80.0,Ripe Papaya,April,No need to do,April to May,4537,35,25.0,70,90,,0.3016887841086959,,0.30355652214594014,0.0026413804632309528,0.5026473561162811
65,19.53846154,Panchagar,Kharif 1,30.0,80.0,Ripe Papaya,April,No need to do,April to May,1270,35,25.0,70,90,,0.20279912294809,,0.3750634430746394,0.2436185378359467,0.4949864884497696
120,2.425,Patuakhali,Kharif 1,30.0,80.0,Ripe Papaya,April,No need to do,April to May,291,35,25.0,70,90,,0.2365474556695895,,0.28612992202436355,0.07012019637482912,0.3271561678385286
52,17.30769231,Pirojpur,Kharif 1,30.0,80.0,Ripe Papaya,April,No need to do,April to May,900,35,25.0,70,90,57.0,0.3392577304779658,,0.37134908823182217,0.04538403337047064,0.5271361118307798
90,22.23333333,Rajbari,Kharif 1,30.0,80.0,Ripe Papaya,April,No need to do,April to May,2001,35,25.0,70,90,60.0,0.2441449981923793,,0.33255516067533714,0.12503085083500798,0.4806919129357807
175,16.46285714,Rajshahi,Kharif 1,30.0,80.0,Ripe Papaya,April,No need to do,April to May,2881,35,25.0,70,90,65.0,0.39139088167786,,0.30309694231746237,0.124866486518822,0.4771080227246705
300,15.46,Rangamati,Kharif 1,30.0,80.0,Ripe Papaya,April,No need to do,April to May,4638,35,25.0,70,90,,0.2740115169357396,,0.24797746780463203,0.0368177053646998,0.4965180374554424
100,14.82,Rangpur,Kharif 1,30.0,80.0,Ripe Papaya,April,No need to do,April to May,1482,35,25.0,70,90,59.0,0.2902257990630829,,0.34518724660011235,0.07772722451452446,0.5272187009814302
200,8.465,Satkhira,Kharif 1,30.0,80.0,Ripe Papaya,April,No need to do,April to May,1693,35,25.0,70,90,59.0,0.2721199083647258,,0.24832908273288276,0.03364530826860592,0.4835354065029546
120,16.075,Shariatpur,Kharif 1,30.0,80.0,Ripe Papaya,April,No need to do,April to May,1929,35,25.0,70,90,55.0,0.0925735314905069,,0.2165207346693628,0.17528781575375163,0.4511789681561877
115,9.12173913,Sherpur,Kharif 1,30.0,80.0,Ripe Papaya,April,No need to do,April to May,1049,35,25.0,70,90,,0.2678615620118689,,0.2478441401168339,0.028308909527702635,0.6297376902178687
180,16.00555556,Sirajganj,Kharif 1,30.0,80.0,Ripe Papaya,April,No need to do,April to May,2881,35,25.0,70,90,,0.2438028677727265,,0.1992548504084367,0.06300041033341078,0.4737362339881535
60,7.833333333,Sunamganj,Kharif 1,30.0,80.0,Ripe Papaya,April,No need to do,April to May,470,35,25.0,70,90,54.0,0.2385902396757943,,0.12260716587989734,0.16402483596787698,0.6219959069450288
55,11.01818182,Sylhet,Kharif 1,30.0,80.0,Ripe Papaya,April,No need to do,April to May,606,35,25.0,70,90,54.0,0.2401914716423759,,0.1310576731138987,0.15433849799226537,0.4933672733095434
390,13.52051282,Tangail,Kharif 1,30.0,80.0,Ripe Papaya,April,No need to do,April to May,5273,35,25.0,70,90,60.0,0.2191926340496671,,0.2076228346566947,0.016362167215477563,0.5155877071618177
44,13.18181818,Thakurgaon,Kharif 1,30.0,80.0,Ripe Papaya,April,No need to do,April to May,580,35,25.0,70,90,,0.373304905125753,,0.4271167973970626,0.07610150786704599,0.5465011801065398
58,22.96551724,Bagerhat,Kharif 1,24.0,70.0,Safeda,April,No need to do,Jan to March,1332,38,10.0,60,80,57.0,0.2844793013289463,,0.5310603918516658,0.1277912110637775,0.5711876241926808
40,0.2,Bandarban,Kharif 1,24.0,70.0,Safeda,April,No need to do,Jan to March,8,38,10.0,60,80,55.0,0.3876779567270571,,0.6711461843279111,0.16293376057067724,0.5676824803630925
119,0.2941176471,Barguna,Kharif 1,24.0,70.0,Safeda,April,No need to do,Jan to March,35,38,10.0,60,80,57.0,0.2876097437686987,,0.3254094075465732,0.03135628239557388,0.3352139518717137
106,1.452830189,Barishal,Kharif 1,24.0,70.0,Safeda,April,No need to do,Jan to March,154,38,10.0,60,80,,0.3100169088937738,,0.3258251891916187,0.07741979854164353,0.43248229774155
1,4,Bhola,Kharif 1,24.0,70.0,Safeda,April,No need to do,Jan to March,4,38,10.0,60,80,56.0,0.2246323016939531,,0.25369716913212814,0.03806975776897069,0.3010654880049462
4,13.25,Bogura,Kharif 1,24.0,70.0,Safeda,April,No need to do,Jan to March,53,38,10.0,60,80,,0.3974557819503149,,0.402110869787143,0.07829246683674164,0.5031143822226227
13,3,Brahmanbaria,Kharif 1,24.0,70.0,Safeda,April,No need to do,Jan to March,39,38,10.0,60,80,54.0,0.4667222562628336,,0.4280301292838294,0.13895556507520818,0.6120203918074798
0,#DIV/0!,Chandpur,Kharif 1,24.0,70.0,Safeda,April,No need to do,Jan to March,0,38,10.0,60,80,,0.2824497786894116,,0.39344653680848696,0.09305895051709134,0.4859674573852385
17,1.294117647,Chapai Nawabganj,Kharif 1,24.0,70.0,Safeda,April,No need to do,Jan to March,22,38,10.0,60,80,,0.3377839429676815,,0.44328237522718034,0.0902070925372495,0.5329944189746634
45,1.311111111,Chattogram,Kharif 1,24.0,70.0,Safeda,April,No need to do,Jan to March,59,38,10.0,60,80,,0.3406132785765541,,0.5028219050815989,0.0831317018458996,0.4802903771854044
10,1.3,Chuadanga,Kharif 1,24.0,70.0,Safeda,April,No need to do,Jan to March,13,38,10.0,60,80,,0.4685908909016339,,0.5678158007056634,0.06765146492351573,0.6064678529651709
5,1.6,CoxsBazar,Kharif 1,24.0,70.0,Safeda,April,No need to do,Jan to March,8,38,10.0,60,80,55.0,0.362233654035479,,0.46153591965254687,0.04966161202289067,0.4628693746612334
13,0.5384615385,Cumilla,Kharif 1,24.0,70.0,Safeda,April,No need to do,Jan to March,7,38,10.0,60,80,,0.2799573140061434,,0.4634169807395878,0.13181916122341863,0.5910383419566766
16,4.4375,Dhaka,Kharif 1,24.0,70.0,Safeda,April,No need to do,Jan to March,71,38,10.0,60,80,,0.2053280197750239,,0.3773540523494136,0.0949465449639994,0.4340019668066029
2,1.5,Dinajpur,Kharif 1,24.0,70.0,Safeda,April,No need to do,Jan to March,3,38,10.0,60,80,,0.3864902076658625,,0.4391421972459331,0.1046407884835349,0.5768919544682428
141,6.943262411,Faridpur,Kharif 1,24.0,70.0,Safeda,April,No need to do,Jan to March,979,38,10.0,60,80,,0.1596716045798009,,0.4630858807111416,0.15794508780002262,0.5101997893014788
2,1,Feni,Kharif 1,24.0,70.0,Safeda,April,No need to do,Jan to March,2,38,10.0,60,80,,0.3154547680727988,,0.46254311368047274,0.07987000770158273,0.5023790786684436
0,#DIV/0!,Gaibandha,Kharif 1,24.0,70.0,Safeda,April,No need to do,Jan to March,0,38,10.0,60,80,57.0,0.2560613395709359,,0.3644401500636081,0.12032550778458327,0.5052634601391561
7,5.857142857,Gazipur,Kharif 1,24.0,70.0,Safeda,April,No need to do,Jan to March,41,38,10.0,60,80,,0.3013299480303391,,0.4220036237240463,0.09046373601014769,0.5111937838721802
15,3.533333333,Gopalganj,Kharif 1,24.0,70.0,Safeda,April,No need to do,Jan to March,53,38,10.0,60,80,56.0,0.365624571223079,,0.49104019236001745,0.12172946886054575,0.6330877335678394
0,#DIV/0!,Habiganj,Kharif 1,24.0,70.0,Safeda,April,No need to do,Jan to March,0,38,10.0,60,80,,0.4094105700184439,,0.44688528396589416,0.13940930484737868,0.6014605348999472
0,#DIV/0!,Jamalpur,Kharif 1,24.0,70.0,Safeda,April,No need to do,Jan to March,0,38,10.0,60,80,,0.2203033803902141,,0.4110530343427405,0.1288652422089886,0.5278123755787749
165,8.4,Jashore,Kharif 1,24.0,70.0,Safeda,April,No need to do,Jan to March,1386,38,10.0,60,80,,0.5094016354846946,,0.5077224522361125,0.0705902543238338,0.6067794453589154
35,0.8857142857,Jhallokati,Kharif 1,24.0,70.0,Safeda,April,No need to do,Jan to March,31,38,10.0,60,80,,0.3844964290526782,,0.4437524233269056,0.06063935714939788,0.5179106140943847
6,4.833333333,Jhenaidah,Kharif 1,24.0,70.0,Safeda,April,No need to do,Jan to March,29,38,10.0,60,80,,0.4932941383053687,,0.5232380446390258,0.06797818080386461,0.6072717913709762
0,#DIV/0!,Joypurhat,Kharif 1,24.0,70.0,Safeda,April,No need to do,Jan to March,0,38,10.0,60,80,64.0,0.5481632788078854,,0.4414659029625008,0.0639337678619025,0.4871203122169448
99,0.8282828283,Khagrachari,Kharif 1,24.0,70.0,Safeda,April,No need to do,Jan to March,82,38,10.0,60,80,54.0,0.3194542381207939,,0.6379503765918614,0.1692126170104195,0.5737845474176946
90,5.666666667,Khulna,Kharif 1,24.0,70.0,Safeda,April,No need to do,Jan to March,510,38,10.0,60,80,59.0,0.2547487058378869,,0.4572477264538242,0.10528000047489681,0.4979323952822052
4,0.5,Kishoreganj,Kharif 1,24.0,70.0,Safeda,April,No need to do,Jan to March,2,38,10.0,60,80,,0.3676092519986164,,0.4541608085029905,0.14322502134949855,0.6380676429483706
0,#DIV/0!,Kurigram,Kharif 1,24.0,70.0,Safeda,April,No need to do,Jan to March,0,38,10.0,60,80,,0.2226332627293874,,0.3351256585018025,0.09646334011126745,0.4446969686649252
8,8,Kushtia,Kharif 1,24.0,70.0,Safeda,April,No need to do,Jan to March,64,38,10.0,60,80,,0.3702999720630754,,0.48457925711805044,0.06662431289314369,0.5026391517689011
14,0.9285714286,Lakshmipur,Kharif 1,24.0,70.0,Safeda,April,No need to do,Jan to March,13,38,10.0,60,80,56.0,0.3561816998129432,,0.3344784905348415,0.06083921686009724,0.4099483108021562
0,#DIV/0!,Lalmonirhat,Kharif 1,24.0,70.0,Safeda,April,No need to do,Jan to March,0,38,10.0,60,80,,0.4065448627465945,,0.47779928539651834,0.08935769550216502,0.5685270716402814
44,8.204545455,Madaripur,Kharif 1,24.0,70.0,Safeda,April,No need to do,Jan to March,361,38,10.0,60,80,56.0,0.145892769350381,,0.4465895186859274,0.15839873079852207,0.5126870864671587
29,6.827586207,Magura,Kharif 1,24.0,70.0,Safeda,April,No need to do,Jan to March,198,38,10.0,60,80,61.0,0.3516332543736697,,0.49517532132545855,0.09653736803927924,0.5805999045721482
10,0.9,Manikganj,Kharif 1,24.0,70.0,Safeda,April,No need to do,Jan to March,9,38,10.0,60,80,,0.238108560268593,,0.3546973489651107,0.12429255683348181,0.4337041495265221
0,#DIV/0!,Meherpur,Kharif 1,24.0,70.0,Safeda,April,No need to do,Jan to March,0,38,10.0,60,80,65.0,0.4240959983858737,,0.5831407600083424,0.0887428872604322,0.5708640413836734
11,0.4545454545,Moulvibazar,Kharif 1,24.0,70.0,Safeda,April,No need to do,Jan to March,5,38,10.0,60,80,,0.3772511111134909,,0.4569660852913717,0.07112528316543926,0.5076200516171026
4,2,Munshiganj,Kharif 1,24.0,70.0,Safeda,April,No need to do,Jan to March,8,38,10.0,60,80,,0.1254731884929805,,0.4525393377447156,0.18246069812324214,0.4965979715632833
0,#DIV/0!,Mymensingh,Kharif 1,24.0,70.0,Safeda,April,No need to do,Jan to March,0,38,10.0,60,80,,0.2792620099084889,,0.3751157558309477,0.14507759056391956,0.5686833849186683
0,#DIV/0!,Naogaon,Kharif 1,24.0,70.0,Safeda,April,No need to do,Jan to March,0,38,10.0,60,80,,0.3353748718633925,,0.43432741698029503,0.1428933360593129,0.6201124466265265
240,2.029166667,Narail,Kharif 1,24.0,70.0,Safeda,April,No need to do,Jan to March,487,38,10.0,60,80,58.0,0.3408352502702987,,0.4821649438285152,0.1017275290939755,0.574803629810534
4,7,Narayanganj,Kharif 1,24.0,70.0,Safeda,April,No need to do,Jan to March,28,38,10.0,60,80,,0.2542342797497706,,0.3641961125258338,0.07428465638330668,0.4347229780450177
0,#DIV/0!,Narsingdi,Kharif 1,24.0,70.0,Safeda,April,No need to do,Jan to March,0,38,10.0,60,80,,0.3744952593367734,,0.4467058711280038,0.0927508671145287,0.5675183682230315
5,9,Natore,Kharif 1,24.0,70.0,Safeda,April,No need to do,Jan to March,45,38,10.0,60,80,,0.3938140226589006,,0.5192715602395143,0.11836356806376763,0.6157551872850959
0,#DIV/0!,Netrokona,Kharif 1,24.0,70.0,Safeda,April,No need to do,Jan to March,0,38,10.0,60,80,,0.2180584018053236,,0.4137755486167342,0.19471373952272603,0.638234140226114
2,1,Nilphamari,Kharif 1,24.0,70.0,Safeda,April,No need to do,Jan to March,2,38,10.0,60,80,,0.348037858697919,,0.4580404607121493,0.12738743557444654,0.604066391741781
1,3,Noakhali,Kharif 1,24.0,70.0,Safeda,April,No need to do,Jan to March,3,38,10.0,60,80,55.0,0.3485228861940609,,0.43439086688218675,0.06633562872560766,0.4854136963654465
2,7.5,Pabna,Kharif 1,24.0,70.0,Safeda,April,No need to do,Jan to March,15,38,10.0,60,80,,0.3016887841086959,,0.46696140823084287,0.08737065399563415,0.5026473561162811
14,1.428571429,Panchagar,Kharif 1,24.0,70.0,Safeda,April,No need to do,Jan to March,20,38,10.0,60,80,,0.20279912294809,,0.40071757436792343,0.13175109382018033,0.4949864884497696
11,1.181818182,Patuakhali,Kharif 1,24.0,70.0,Safeda,April,No need to do,Jan to March,13,38,10.0,60,80,,0.2365474556695895,,0.3030411264598909,0.03950369203818638,0.3271561678385286
64,5.78125,Pirojpur,Kharif 1,24.0,70.0,Safeda,April,No need to do,Jan to March,370,38,10.0,60,80,57.0,0.3392577304779658,,0.442526845137816,0.07923291243922236,0.5271361118307798
11,4.363636364,Rajbari,Kharif 1,24.0,70.0,Safeda,April,No need to do,Jan to March,48,38,10.0,60,80,60.0,0.2441449981923793,,0.4385174120226673,0.10413015226195609,0.4806919129357807
16,1.1875,Rajshahi,Kharif 1,24.0,70.0,Safeda,April,No need to do,Jan to March,19,38,10.0,60,80,65.0,0.39139088167786,,0.4345441802493639,0.04770319203976174,0.4771080227246705
37,0.5405405405,Rangamati,Kharif 1,24.0,70.0,Safeda,April,No need to do,Jan to March,20,38,10.0,60,80,,0.2740115169357396,,0.608992904675605,0.1874998254348938,0.4965180374554424
0,#DIV/0!,Rangpur,Kharif 1,24.0,70.0,Safeda,April,No need to do,Jan to March,0,38,10.0,60,80,59.0,0.2902257990630829,,0.4177240754748042,0.11358996667829746,0.5272187009814302
392,1.693877551,Satkhira,Kharif 1,24.0,70.0,Safeda,April,No need to do,Jan to March,664,38,10.0,60,80,59.0,0.2721199083647258,,0.4390374300963688,0.0891930514472669,0.4835354065029546
33,6.151515152,Shariatpur,Kharif 1,24.0,70.0,Safeda,April,No need to do,Jan to March,203,38,10.0,60,80,55.0,0.0925735314905069,,0.3988244619550267,0.1582649368218373,0.4511789681561877
0,#DIV/0!,Sherpur,Kharif 1,24.0,70.0,Safeda,April,No need to do,Jan to March,0,38,10.0,60,80,,0.2678615620118689,,0.42147435111796216,0.16891771022647514,0.6297376902178687
1,5,Sirajganj,Kharif 1,24.0,70.0,Safeda,April,No need to do,Jan to March,5,38,10.0,60,80,,0.2438028677727265,,0.374433544926247,0.09598414048409919,0.4737362339881535
0,#DIV/0!,Sunamganj,Kharif 1,24.0,70.0,Safeda,April,No need to do,Jan to March,0,38,10.0,60,80,54.0,0.2385902396757943,,0.4831048862306309,0.18386335167035664,0.6219959069450288
0,#DIV/0!,Sylhet,Kharif 1,24.0,70.0,Safeda,April,No need to do,Jan to March,0,38,10.0,60,80,54.0,0.2401914716423759,,0.4382349369142626,0.11396716968177446,0.4933672733095434
0,#DIV/0!,Tangail,Kharif 1,24.0,70.0,Safeda,April,No need to do,Jan to March,2,38,10.0,60,80,60.0,0.2191926340496671,,0.37549463161646995,0.13832412599558447,0.5155877071618177
3,9.666666667,Thakurgaon,Kharif 1,24.0,70.0,Safeda,April,No need to do,Jan to March,29,38,10.0,60,80,,0.373304905125753,,0.504262929415545,0.08256540240301144,0.5465011801065398
265,0.2830188679,Bagerhat,Rabi,31.0,45.0,Sesame,Nov,Dec to Jan,Feb,75,35,27.0,40,50,57.0,0.6214849029628107,0.47148746463042046,0.533074061065529,0.07236007292764506,0.5549719290375441
520,0.3057692308,Bandarban,Rabi,31.0,45.0,Sesame,Nov,Dec to Jan,Feb,159,35,27.0,40,50,55.0,0.7636090237183978,0.7658307295509441,0.6821383327059017,0.041528462741476146,0.7430366041768727
82,0.3658536585,Barguna,Rabi,31.0,45.0,Sesame,Nov,Dec to Jan,Feb,30,35,27.0,40,50,57.0,0.6701243948177539,0.4081032528875642,0.291063589685606,0.1671943953430475,0.5890323017558614
1510,0.4728476821,Barishal,Rabi,31.0,45.0,Sesame,Nov,Dec to Jan,Feb,714,35,27.0,40,50,,0.5307537456864099,0.3322173790586255,0.2533858903228801,0.12294595312423329,0.5411183729753246
160,0.3625,Bhola,Rabi,31.0,45.0,Sesame,Nov,Dec to Jan,Feb,58,35,27.0,40,50,56.0,0.4295190696079973,0.23945207368261567,0.243217327760463,0.09621564372892508,0.4215271980368956
134,0.3134328358,Bogura,Rabi,31.0,45.0,Sesame,Nov,Dec to Jan,Feb,42,35,27.0,40,50,,0.4866866462303992,0.3134310919567743,0.3907901958771589,0.08226381055708722,0.6043189721273731
1158,0.4127806563,Brahmanbaria,Rabi,31.0,45.0,Sesame,Nov,Dec to Jan,Feb,478,35,27.0,40,50,54.0,0.4832769726821609,0.30793308783695755,0.3909190194818471,0.08637733547310138,0.4183456917031
201,0.2835820896,Chandpur,Rabi,31.0,45.0,Sesame,Nov,Dec to Jan,Feb,57,35,27.0,40,50,,0.511193701275472,0.35482022564643984,0.3913421262911484,0.08534011554502746,0.5270362529660546
153,0.2483660131,Chapai Nawabganj,Rabi,31.0,45.0,Sesame,Nov,Dec to Jan,Feb,38,35,27.0,40,50,,0.5166230847120769,0.37012348455595145,0.4431037695451635,0.07137144959503729,0.5494797758461835
20,0.1,Chattogram,Rabi,31.0,45.0,Sesame,Nov,Dec to Jan,Feb,2,35,27.0,40,50,,0.6490491736260601,0.5334032447881093,0.5031925773161925,0.06481686616362962,0.6563726676016034
624,0.3894230769,Chuadanga,Rabi,31.0,45.0,Sesame,Nov,Dec to Jan,Feb,243,35,27.0,40,50,,0.5781108306077708,0.47563787328435203,0.5937943182711736,0.06784795011559229,0.6058950868858013
0,#DIV/0!,CoxsBazar,Rabi,31.0,45.0,Sesame,Nov,Dec to Jan,Feb,0,35,27.0,40,50,55.0,0.5181658529893575,0.4700759501486058,0.4613461644922925,0.027012913414479898,0.5920513052550939
1801,0.4286507496,Cumilla,Rabi,31.0,45.0,Sesame,Nov,Dec to Jan,Feb,772,35,27.0,40,50,,0.6332118144284202,0.4118397294980592,0.4346417753677448,0.1141475367366569,0.6260474113432829
522,0.4501915709,Dhaka,Rabi,31.0,45.0,Sesame,Nov,Dec to Jan,Feb,235,35,27.0,40,50,,0.4637615523232626,0.36312553413148324,0.344767292591086,0.05466743862547529,0.42014379344061
35,0.2857142857,Dinajpur,Rabi,31.0,45.0,Sesame,Nov,Dec to Jan,Feb,10,35,27.0,40,50,,0.5334847342658163,0.313460256115762,0.4042335990913202,0.10574363972442331,0.6968213826970469
3799,0.4108976046,Faridpur,Rabi,31.0,45.0,Sesame,Nov,Dec to Jan,Feb,1561,35,27.0,40,50,,0.5431138624575879,0.38149623038586816,0.4746373619141085,0.08087246320176165,0.5571700752994787
6,0.1666666667,Feni,Rabi,31.0,45.0,Sesame,Nov,Dec to Jan,Feb,1,35,27.0,40,50,,0.6568684139549554,0.41727840989436055,0.4589202557758623,0.11478739452345461,0.6864048324722554
715,0.5888111888,Gaibandha,Rabi,31.0,45.0,Sesame,Nov,Dec to Jan,Feb,421,35,27.0,40,50,57.0,0.472527892285157,0.24788399911854803,0.3434167606212545,0.10643332622218574,0.5191748931888249
110,0.3454545455,Gazipur,Rabi,31.0,45.0,Sesame,Nov,Dec to Jan,Feb,38,35,27.0,40,50,,0.6351801312217112,0.45480942995297224,0.3482783737758274,0.1254053516118679,0.5223462850901985
691,0.2619392185,Gopalganj,Rabi,31.0,45.0,Sesame,Nov,Dec to Jan,Feb,181,35,27.0,40,50,56.0,0.6431246483263354,0.42317509538907805,0.4545933382146112,0.11017625145191443,0.6266318567705287
20,0.35,Habiganj,Rabi,31.0,45.0,Sesame,Nov,Dec to Jan,Feb,7,35,27.0,40,50,,0.490276717097282,0.2797473921391202,0.4730658538368976,0.11732044661683964,0.45889587481196
598,0.3461538462,Jamalpur,Rabi,31.0,45.0,Sesame,Nov,Dec to Jan,Feb,207,35,27.0,40,50,,0.516399347268738,0.3730780672973671,0.3849267622873427,0.08207253301033376,0.5680638462794619
6208,0.3634020619,Jashore,Rabi,31.0,45.0,Sesame,Nov,Dec to Jan,Feb,2256,35,27.0,40,50,,0.5761013650280524,0.4321377863994391,0.4688805230475235,0.06924424620623064,0.7028498240366357
625,0.4816,Jhallokati,Rabi,31.0,45.0,Sesame,Nov,Dec to Jan,Feb,301,35,27.0,40,50,,0.7413763264744606,0.4812951361390655,0.4152984185672557,0.15962527888865274,0.6984104731100329
5554,0.3460568959,Jhenaidah,Rabi,31.0,45.0,Sesame,Nov,Dec to Jan,Feb,1922,35,27.0,40,50,,0.5856887814533969,0.4124796455012578,0.5172636126901161,0.08906833227716637,0.7437649112435227
62,0.3870967742,Joypurhat,Rabi,31.0,45.0,Sesame,Nov,Dec to Jan,Feb,24,35,27.0,40,50,64.0,0.495012034982754,0.3664066716404918,0.4013493246727935,0.08314603674978498,0.6950315134846194
156,0.2179487179,Khagrachari,Rabi,31.0,45.0,Sesame,Nov,Dec to Jan,Feb,34,35,27.0,40,50,54.0,0.8046879631390788,0.7198149114138134,0.6273542204861793,0.0726611166736946,0.7650947268938538
3627,0.1215880893,Khulna,Rabi,31.0,45.0,Sesame,Nov,Dec to Jan,Feb,441,35,27.0,40,50,59.0,0.5800102272282405,0.4268548783584811,0.4395870026247023,0.07493909950879446,0.5520675878443635
32,0.25,Kishoreganj,Rabi,31.0,45.0,Sesame,Nov,Dec to Jan,Feb,8,35,27.0,40,50,,0.346103638367728,0.29767088120139884,0.4131448806084709,0.055777794338941256,0.1918684324560693
625,0.4368,Kurigram,Rabi,31.0,45.0,Sesame,Nov,Dec to Jan,Feb,273,35,27.0,40,50,,0.4533404465415963,0.28040717683178185,0.294759011881437,0.08517171333278939,0.4923091315654682
6643,0.491645341,Kushtia,Rabi,31.0,45.0,Sesame,Nov,Dec to Jan,Feb,3266,35,27.0,40,50,,0.5100774986217015,0.3874157236456742,0.5144873456235682,0.08254659311688933,0.6262090914547398
15,0,Lakshmipur,Rabi,31.0,45.0,Sesame,Nov,Dec to Jan,Feb,0,35,27.0,40,50,56.0,0.5368424127097657,0.3467892568971191,0.329965698770968,0.11939871870796695,0.5253667671733465
105,0.4761904762,Lalmonirhat,Rabi,31.0,45.0,Sesame,Nov,Dec to Jan,Feb,50,35,27.0,40,50,,0.4495769122619324,0.3487874340180749,0.4948821771436415,0.07563777211005125,0.6005631769723303
599,0.4424040067,Madaripur,Rabi,31.0,45.0,Sesame,Nov,Dec to Jan,Feb,265,35,27.0,40,50,56.0,0.5270003205348973,0.3972484601797131,0.434792084871636,0.0613658674134159,0.5680438314099354
2295,0.388671024,Magura,Rabi,31.0,45.0,Sesame,Nov,Dec to Jan,Feb,892,35,27.0,40,50,61.0,0.5564517069988566,0.4051108872165904,0.4803835186927634,0.07413226248624943,0.7173624754929421
5210,0.3115163148,Manikganj,Rabi,31.0,45.0,Sesame,Nov,Dec to Jan,Feb,1623,35,27.0,40,50,,0.4185406978474758,0.404196509907052,0.1994612868881428,0.10722107576725079,0.4193839512009965
354,0.4661016949,Meherpur,Rabi,31.0,45.0,Sesame,Nov,Dec to Jan,Feb,165,35,27.0,40,50,65.0,0.5774080200216897,0.4945881457932396,0.6363343859653814,0.0793346590428696,0.6557736174550848
20,0.3,Moulvibazar,Rabi,31.0,45.0,Sesame,Nov,Dec to Jan,Feb,6,35,27.0,40,50,,0.6199927514832799,0.4360696290893341,0.4889183454377723,0.10036876565783,0.5081293337700128
526,0.1577946768,Munshiganj,Rabi,31.0,45.0,Sesame,Nov,Dec to Jan,Feb,83,35,27.0,40,50,,0.4487728540074254,0.3363510793083282,0.521983445304389,0.09111053184483664,0.4799755728266007
241,0.3360995851,Mymensingh,Rabi,31.0,45.0,Sesame,Nov,Dec to Jan,Feb,81,35,27.0,40,50,,0.6097119497847369,0.3300874648296904,0.2832779421973829,0.15626943407212882,0.6661036234448312
444,0.4166666667,Naogaon,Rabi,31.0,45.0,Sesame,Nov,Dec to Jan,Feb,185,35,27.0,40,50,,0.5271957717658298,0.3048140270863864,0.3741281428245409,0.10490840589939837,0.6437611050179507
2264,0.4001766784,Narail,Rabi,31.0,45.0,Sesame,Nov,Dec to Jan,Feb,906,35,27.0,40,50,58.0,0.5628542478735085,0.39259643215498763,0.4757956922331443,0.08138690761794039,0.6251097875564693
82,0.4756097561,Narayanganj,Rabi,31.0,45.0,Sesame,Nov,Dec to Jan,Feb,39,35,27.0,40,50,,0.484101190508087,0.36711237904034866,0.3254064295331264,0.07396083190348038,0.3876193728015197
776,0.3505154639,Narsingdi,Rabi,31.0,45.0,Sesame,Nov,Dec to Jan,Feb,272,35,27.0,40,50,,0.582228604206656,0.4404545890376961,0.387696320210425,0.09499882507745078,0.4212772529102456
1412,0.5347025496,Natore,Rabi,31.0,45.0,Sesame,Nov,Dec to Jan,Feb,755,35,27.0,40,50,,0.5182904304847376,0.3639384701498334,0.5612003405949629,0.10392516650148859,0.6270773846150153
48,0.4166666667,Netrokona,Rabi,31.0,45.0,Sesame,Nov,Dec to Jan,Feb,20,35,27.0,40,50,,0.4572107645523022,0.2773653682711998,0.3702446184726372,0.0937013886987553,0.3798255718688024
37,0.4054054054,Nilphamari,Rabi,31.0,45.0,Sesame,Nov,Dec to Jan,Feb,15,35,27.0,40,50,,0.4830189104860807,0.3354581699251359,0.446760339331025,0.07682392403501931,0.653377154092829
0,#DIV/0!,Noakhali,Rabi,31.0,45.0,Sesame,Nov,Dec to Jan,Feb,0,35,27.0,40,50,55.0,0.6121314642988956,0.4017249158335136,0.4522745592492853,0.10396859543529216,0.5743616085661583
8627,0.4124261041,Pabna,Rabi,31.0,45.0,Sesame,Nov,Dec to Jan,Feb,3558,35,27.0,40,50,,0.4938904215556714,0.41082125861220986,0.4649989728650389,0.04520894257559953,0.576205463230183
3458,0.3487565067,Panchagar,Rabi,31.0,45.0,Sesame,Nov,Dec to Jan,Feb,1206,35,27.0,40,50,,0.485823986874206,0.32018631526152685,0.4220167525726432,0.08636287446199545,0.7131991955629091
536,0.3190298507,Patuakhali,Rabi,31.0,45.0,Sesame,Nov,Dec to Jan,Feb,171,35,27.0,40,50,,0.6429891164126075,0.3488557869329382,0.2752790517888959,0.1666561992077492,0.6209295032125958
36,0.2222222222,Pirojpur,Rabi,31.0,45.0,Sesame,Nov,Dec to Jan,Feb,8,35,27.0,40,50,57.0,0.6965960442832237,0.47138348925875584,0.3932548344744789,0.14101782020329312,0.6644367573268926
4827,0.4648850218,Rajbari,Rabi,31.0,45.0,Sesame,Nov,Dec to Jan,Feb,2244,35,27.0,40,50,60.0,0.466512607496879,0.35289967286874235,0.445050413155566,0.0671806434878485,0.583792751193523
2631,0.3968072976,Rajshahi,Rabi,31.0,45.0,Sesame,Nov,Dec to Jan,Feb,1044,35,27.0,40,50,65.0,0.4638470315151211,0.35073942840210626,0.4500902862447303,0.06506335186890183,0.5638042771009885
2140,0.403271028,Rangamati,Rabi,31.0,45.0,Sesame,Nov,Dec to Jan,Feb,863,35,27.0,40,50,,0.7572250026165042,0.6867376762711317,0.6310743550546144,0.05270011756867522,0.7267932608407919
144,0.4166666667,Rangpur,Rabi,31.0,45.0,Sesame,Nov,Dec to Jan,Feb,60,35,27.0,40,50,59.0,0.5551464143048584,0.2999444856789152,0.4282935836855661,0.1222485257002461,0.6744499663546515
328,0.2896341463,Satkhira,Rabi,31.0,45.0,Sesame,Nov,Dec to Jan,Feb,95,35,27.0,40,50,59.0,0.4949600162131376,0.41417500645312677,0.416821054986026,0.040026471618868714,0.5293331106485334
65,0.2461538462,Shariatpur,Rabi,31.0,45.0,Sesame,Nov,Dec to Jan,Feb,16,35,27.0,40,50,55.0,0.4604456937918399,0.3668108047511285,0.391216738930908,0.04547526095328167,0.5050903206312234
82,0.3780487805,Sherpur,Rabi,31.0,45.0,Sesame,Nov,Dec to Jan,Feb,31,35,27.0,40,50,,0.6041241456870005,0.34851258105714994,0.355035413839545,0.1386666660849804,0.662903433290502
5827,0.3612493564,Sirajganj,Rabi,31.0,45.0,Sesame,Nov,Dec to Jan,Feb,2105,35,27.0,40,50,,0.3832723887128045,0.3409574842781073,0.3198299670185812,0.028146109881393752,0.4306876986901167
13,1,Sunamganj,Rabi,31.0,45.0,Sesame,Nov,Dec to Jan,Feb,13,35,27.0,40,50,54.0,0.1793284797174766,0.2652687855712397,0.5312190703372729,0.15482837841382532,0.0714833095098531
17,0.6470588235,Sylhet,Rabi,31.0,45.0,Sesame,Nov,Dec to Jan,Feb,11,35,27.0,40,50,54.0,0.5401497904776739,0.39536063985254943,0.4606201196420315,0.07437046171242528,0.4585160647406363
5755,0.300086881,Tangail,Rabi,31.0,45.0,Sesame,Nov,Dec to Jan,Feb,1727,35,27.0,40,50,60.0,0.5500375193507461,0.40773187484627227,0.2360260118339428,0.1312472084273651,0.5962526033050995
175,0.3085714286,Thakurgaon,Rabi,31.0,45.0,Sesame,Nov,Dec to Jan,Feb,54,35,27.0,40,50,,0.4435090691546509,0.37612535823879256,0.532704520344867,0.08778864344005184,0.6913470028229801
596,2.412751678,Bagerhat,Kharif 2,14.5,82.5,Shalgom,Sep,Oct to Nov,Nov to Feb,1438,24,5.0,70,95,57.0,0.4868351131875976,0.5882284160001774,0.5243834733222952,0.0600756191077152,0.36797252036576
23,0.9565217391,Bandarban,Kharif 2,14.5,82.5,Shalgom,Sep,Oct to Nov,Nov to Feb,22,24,5.0,70,95,55.0,0.3862715233777672,0.7533228139476352,0.744352203881547,0.14957922973084498,0.4875178800779642
72,1.652777778,Barguna,Kharif 2,14.5,82.5,Shalgom,Sep,Oct to Nov,Nov to Feb,119,24,5.0,70,95,57.0,0.3310758402525957,0.6295783482868076,0.44434862256962204,0.15327201114276157,0.1725115850101264
289,3.453287197,Barishal,Kharif 2,14.5,82.5,Shalgom,Sep,Oct to Nov,Nov to Feb,998,24,5.0,70,95,,0.3272113771710582,0.5359360593308673,0.36214359853163525,0.12258981140000894,0.1904844619362955
81,2.864197531,Bhola,Kharif 2,14.5,82.5,Shalgom,Sep,Oct to Nov,Nov to Feb,232,24,5.0,70,95,56.0,0.2334659055742139,0.42552313382244644,0.2879101361834229,0.0975144306158075,0.0628187267415414
0,#DIV/0!,Bogura,Kharif 2,14.5,82.5,Shalgom,Sep,Oct to Nov,Nov to Feb,0,24,5.0,70,95,,0.2859644007903595,0.5455028091788862,0.37608475650527673,0.12436663504374781,0.1458454463723086
33,1.545454545,Brahmanbaria,Kharif 2,14.5,82.5,Shalgom,Sep,Oct to Nov,Nov to Feb,51,24,5.0,70,95,54.0,0.2430711904191838,0.4508113321926305,0.3725155419594808,0.08952558580036515,0.2231572914897405
0,#DIV/0!,Chandpur,Kharif 2,14.5,82.5,Shalgom,Sep,Oct to Nov,Nov to Feb,0,24,5.0,70,95,,0.2851182395817753,0.5191149771207633,0.40304406971487505,0.1011169970318197,0.2156911286424974
0,#DIV/0!,Chapai Nawabganj,Kharif 2,14.5,82.5,Shalgom,Sep,Oct to Nov,Nov to Feb,0,24,5.0,70,95,,0.2346338663805179,0.5330514302791302,0.42499345584228587,0.11514517273009026,0.3933928204975689
85,2.447058824,Chattogram,Kharif 2,14.5,82.5,Shalgom,Sep,Oct to Nov,Nov to Feb,208,24,5.0,70,95,,0.4368271330834088,0.6527109206138317,0.5547620601296177,0.08578184782860372,0.2472074271527324
32,4.59375,Chuadanga,Kharif 2,14.5,82.5,Shalgom,Sep,Oct to Nov,Nov to Feb,147,24,5.0,70,95,,0.1390385944438268,0.5920029587467861,0.530795223861912,0.17675483652412544,0.4048532779091586
0,#DIV/0!,CoxsBazar,Kharif 2,14.5,82.5,Shalgom,Sep,Oct to Nov,Nov to Feb,0,24,5.0,70,95,55.0,0.2866525849958106,0.5551085791222257,0.4799159794447154,0.1010120812725795,0.3524293584290747
3,5,Cumilla,Kharif 2,14.5,82.5,Shalgom,Sep,Oct to Nov,Nov to Feb,15,24,5.0,70,95,,0.3487596083130284,0.6296296128858516,0.47288326219807086,0.124751240532614,0.2342026799041616
41,1.512195122,Dhaka,Kharif 2,14.5,82.5,Shalgom,Sep,Oct to Nov,Nov to Feb,62,24,5.0,70,95,,0.3278518747499494,0.4419526728819363,0.3836949782943288,0.05167178173736275,0.1617085368810471
11,1.818181818,Dinajpur,Kharif 2,14.5,82.5,Shalgom,Sep,Oct to Nov,Nov to Feb,20,24,5.0,70,95,,0.3510443820127166,0.6151530584814315,0.3911597113971651,0.15286004864746117,0.2318182627073085
112,1.758928571,Faridpur,Kharif 2,14.5,82.5,Shalgom,Sep,Oct to Nov,Nov to Feb,197,24,5.0,70,95,,0.3607017999141199,0.5501419688785333,0.44518592128585815,0.08851332268215635,0.2343987436039652
0,#DIV/0!,Feni,Kharif 2,14.5,82.5,Shalgom,Sep,Oct to Nov,Nov to Feb,0,24,5.0,70,95,,0.3828643827818602,0.6716366232136054,0.48758637237988467,0.1330775879277983,0.1727512973903106
0,#DIV/0!,Gaibandha,Kharif 2,14.5,82.5,Shalgom,Sep,Oct to Nov,Nov to Feb,0,24,5.0,70,95,57.0,0.3094345807109266,0.49585139273699097,0.3279281627858769,0.11482816862634032,0.1862351151714448
61,4.360655738,Gazipur,Kharif 2,14.5,82.5,Shalgom,Sep,Oct to Nov,Nov to Feb,266,24,5.0,70,95,,0.3255431189635358,0.5787632081559548,0.4732693412258707,0.11814325466447691,0.0798820916389187
16,1.6875,Gopalganj,Kharif 2,14.5,82.5,Shalgom,Sep,Oct to Nov,Nov to Feb,27,24,5.0,70,95,56.0,0.4792702295360826,0.634878252548432,0.4860170443297757,0.10319659943420882,0.373290152738146
0,#DIV/0!,Habiganj,Kharif 2,14.5,82.5,Shalgom,Sep,Oct to Nov,Nov to Feb,0,24,5.0,70,95,,0.2399103651205681,0.474586295954621,0.380709338803105,0.11539182012690825,0.1548294209765824
33,1.878787879,Jamalpur,Kharif 2,14.5,82.5,Shalgom,Sep,Oct to Nov,Nov to Feb,62,24,5.0,70,95,,0.1827577072035731,0.5422315967741,0.4118705610377037,0.13871592092489862,0.1648097082920677
0,#DIV/0!,Jashore,Kharif 2,14.5,82.5,Shalgom,Sep,Oct to Nov,Nov to Feb,0,24,5.0,70,95,,0.3838945484874524,0.639475594532344,0.4773143652186135,0.11922140056187576,0.3289696423116384
320,3.9625,Jhallokati,Kharif 2,14.5,82.5,Shalgom,Sep,Oct to Nov,Nov to Feb,1268,24,5.0,70,95,,0.4988607970006209,0.7198933997922468,0.5298162543299618,0.14329377875522473,0.2577418454737988
125,2.92,Jhenaidah,Kharif 2,14.5,82.5,Shalgom,Sep,Oct to Nov,Nov to Feb,365,24,5.0,70,95,,0.3220885598782582,0.6647268463484598,0.4819779212865072,0.1524244195192417,0.3584825905341126
0,#DIV/0!,Joypurhat,Kharif 2,14.5,82.5,Shalgom,Sep,Oct to Nov,Nov to Feb,0,24,5.0,70,95,64.0,0.3194107068979877,0.5950217742336867,0.4072936757341328,0.14463697659651806,0.1340678993163834
12,1.583333333,Khagrachari,Kharif 2,14.5,82.5,Shalgom,Sep,Oct to Nov,Nov to Feb,19,24,5.0,70,95,54.0,0.3382196284333821,0.7848913450164663,0.7179180016132212,0.16959184566412666,0.5047117029912593
463,2.220302376,Khulna,Kharif 2,14.5,82.5,Shalgom,Sep,Oct to Nov,Nov to Feb,1028,24,5.0,70,95,59.0,0.4016941680534377,0.5660389075363019,0.4683267466424762,0.07516814858957135,0.2743240682666131
36,2.583333333,Kishoreganj,Kharif 2,14.5,82.5,Shalgom,Sep,Oct to Nov,Nov to Feb,93,24,5.0,70,95,,0.0508200478358936,0.26898603541189864,0.3386475703447491,0.1282511547809467,0.0352614250669803
0,#DIV/0!,Kurigram,Kharif 2,14.5,82.5,Shalgom,Sep,Oct to Nov,Nov to Feb,0,24,5.0,70,95,,0.339929306221639,0.4728247890535322,0.3272284530216492,0.0937100764967085,0.1600381274417598
0,#DIV/0!,Kushtia,Kharif 2,14.5,82.5,Shalgom,Sep,Oct to Nov,Nov to Feb,0,24,5.0,70,95,,0.2595401427302436,0.5681432950382206,0.44984907288415454,0.13246111615345785,0.301738590217574
0,#DIV/0!,Lakshmipur,Kharif 2,14.5,82.5,Shalgom,Sep,Oct to Nov,Nov to Feb,0,24,5.0,70,95,56.0,0.2352361031462211,0.5311045899415561,0.39009665631874296,0.13037176969609657,0.1735118910859101
0,#DIV/0!,Lalmonirhat,Kharif 2,14.5,82.5,Shalgom,Sep,Oct to Nov,Nov to Feb,0,24,5.0,70,95,,0.4453238905714439,0.5250700446171314,0.41050848936043094,0.0959878686913291,0.2845360775211245
36,4.527777778,Madaripur,Kharif 2,14.5,82.5,Shalgom,Sep,Oct to Nov,Nov to Feb,163,24,5.0,70,95,56.0,0.4063651096234308,0.5475220759724164,0.4390723314414899,0.07410296980832386,0.2382060091531424
0,#DIV/0!,Magura,Kharif 2,14.5,82.5,Shalgom,Sep,Oct to Nov,Nov to Feb,0,24,5.0,70,95,61.0,0.3522418035026976,0.6369070912458994,0.4617642500312002,0.13435478454074143,0.2250636941149401
0,#DIV/0!,Manikganj,Kharif 2,14.5,82.5,Shalgom,Sep,Oct to Nov,Nov to Feb,0,24,5.0,70,95,,0.4114178092969235,0.4189623245242361,0.35659875113743067,0.08846588136135812,0.1812878463667706
0,#DIV/0!,Meherpur,Kharif 2,14.5,82.5,Shalgom,Sep,Oct to Nov,Nov to Feb,0,24,5.0,70,95,65.0,0.1259660232378597,0.6165908187383873,0.5507296743933876,0.1966232802777951,0.3930040447526618
27,3.333333333,Moulvibazar,Kharif 2,14.5,82.5,Shalgom,Sep,Oct to Nov,Nov to Feb,90,24,5.0,70,95,,0.4082711888182118,0.5640610426266464,0.4952625887749301,0.08606855415697863,0.2298372609953658
18,1.555555556,Munshiganj,Kharif 2,14.5,82.5,Shalgom,Sep,Oct to Nov,Nov to Feb,28,24,5.0,70,95,,0.31340565567292,0.464374213417013,0.4108646144821177,0.08836744355197203,0.1325143943009333
9,1.333333333,Mymensingh,Kharif 2,14.5,82.5,Shalgom,Sep,Oct to Nov,Nov to Feb,12,24,5.0,70,95,,0.4943108635282229,0.637907786614784,0.3882912054103752,0.165605437803241,0.1389876607018474
0,#DIV/0!,Naogaon,Kharif 2,14.5,82.5,Shalgom,Sep,Oct to Nov,Nov to Feb,0,24,5.0,70,95,,0.3298349904608932,0.5854784383918903,0.37773799219078585,0.14010775701142766,0.2610506888737964
0,#DIV/0!,Narail,Kharif 2,14.5,82.5,Shalgom,Sep,Oct to Nov,Nov to Feb,0,24,5.0,70,95,58.0,0.3795905639419704,0.5939820177149888,0.455960701104157,0.10284030525116103,0.294056796049288
17,1,Narayanganj,Kharif 2,14.5,82.5,Shalgom,Sep,Oct to Nov,Nov to Feb,17,24,5.0,70,95,,0.3114359236632746,0.43586028165480334,0.38593309453047764,0.06493029332406818,0.2055703158072168
63,1.53968254,Narsingdi,Kharif 2,14.5,82.5,Shalgom,Sep,Oct to Nov,Nov to Feb,97,24,5.0,70,95,,0.3858671860931894,0.5017529285584508,0.46270852562311826,0.08045380080086686,0.2212477349859281
0,#DIV/0!,Natore,Kharif 2,14.5,82.5,Shalgom,Sep,Oct to Nov,Nov to Feb,0,24,5.0,70,95,,0.1449640755138761,0.5726839075498764,0.4518419278448418,0.17572394005350533,0.2497972959779298
0,#DIV/0!,Netrokona,Kharif 2,14.5,82.5,Shalgom,Sep,Oct to Nov,Nov to Feb,0,24,5.0,70,95,,0.3045873133388933,0.4185181682105523,0.3455465298918347,0.076400423318619,0.1097388440365386
0,#DIV/0!,Nilphamari,Kharif 2,14.5,82.5,Shalgom,Sep,Oct to Nov,Nov to Feb,0,24,5.0,70,95,,0.4439194600915765,0.5681980322894549,0.4001738974168444,0.11750308575111662,0.2971558927059972
0,#DIV/0!,Noakhali,Kharif 2,14.5,82.5,Shalgom,Sep,Oct to Nov,Nov to Feb,0,24,5.0,70,95,55.0,0.2611398897351406,0.593246536432527,0.466963963803802,0.13016265445927308,0.1463623264955313
0,#DIV/0!,Pabna,Kharif 2,14.5,82.5,Shalgom,Sep,Oct to Nov,Nov to Feb,0,24,5.0,70,95,,0.2688296958156423,0.5350479423929272,0.4451329779112825,0.10397443755295822,0.2655064359584098
37,1.783783784,Panchagar,Kharif 2,14.5,82.5,Shalgom,Sep,Oct to Nov,Nov to Feb,66,24,5.0,70,95,,0.3210316931496211,0.5995115912185576,0.38705334249247575,0.1560949585042316,0.369401739785313
47,2.553191489,Patuakhali,Kharif 2,14.5,82.5,Shalgom,Sep,Oct to Nov,Nov to Feb,120,24,5.0,70,95,,0.3662096619113779,0.6319593098126016,0.4039949355168449,0.1590359214163434,0.1003055359864112
466,2.800429185,Pirojpur,Kharif 2,14.5,82.5,Shalgom,Sep,Oct to Nov,Nov to Feb,1305,24,5.0,70,95,57.0,0.4734452905350293,0.6805164008050582,0.5081544643188036,0.12870401817940916,0.2624382760227538
32,3.25,Rajbari,Kharif 2,14.5,82.5,Shalgom,Sep,Oct to Nov,Nov to Feb,104,24,5.0,70,95,60.0,0.3411103169038733,0.525152679345201,0.4043405915974824,0.09745728025973632,0.1969779583846395
0,#DIV/0!,Rajshahi,Kharif 2,14.5,82.5,Shalgom,Sep,Oct to Nov,Nov to Feb,0,24,5.0,70,95,65.0,0.2171911759580277,0.5138256543080548,0.40385404364101596,0.1208369936348942,0.3234410436367065
9,0.7777777778,Rangamati,Kharif 2,14.5,82.5,Shalgom,Sep,Oct to Nov,Nov to Feb,7,24,5.0,70,95,,0.407467011061289,0.742009131728648,0.6904436775533455,0.1261677508697965,0.3966247743805545
0,#DIV/0!,Rangpur,Kharif 2,14.5,82.5,Shalgom,Sep,Oct to Nov,Nov to Feb,0,24,5.0,70,95,59.0,0.4118453959149274,0.614798190329755,0.3958322423370637,0.14713970979522997,0.2587256418101652
75,4.08,Satkhira,Kharif 2,14.5,82.5,Shalgom,Sep,Oct to Nov,Nov to Feb,306,24,5.0,70,95,59.0,0.2954937434231568,0.5121465634308355,0.4350327710263543,0.08102957454291844,0.2608332964740397
0,#DIV/0!,Shariatpur,Kharif 2,14.5,82.5,Shalgom,Sep,Oct to Nov,Nov to Feb,0,24,5.0,70,95,55.0,0.337774879445382,0.4827680072115317,0.3963210105562512,0.06487220628435623,0.3060714061064356
0,#DIV/0!,Sherpur,Kharif 2,14.5,82.5,Shalgom,Sep,Oct to Nov,Nov to Feb,0,24,5.0,70,95,,0.3417866673453712,0.6335137894887513,0.41404618041021135,0.15468607485541516,0.2004443254985731
0,#DIV/0!,Sirajganj,Kharif 2,14.5,82.5,Shalgom,Sep,Oct to Nov,Nov to Feb,0,24,5.0,70,95,,0.1714208140792081,0.40698004370146057,0.34625433107190007,0.08798901245943389,0.1185287326216384
0,#DIV/0!,Sunamganj,Kharif 2,14.5,82.5,Shalgom,Sep,Oct to Nov,Nov to Feb,0,24,5.0,70,95,54.0,0.0062517479924633,0.12540589461366486,0.31027128029930723,0.18561055307730134,0.0096036979545399
4,2.5,Sylhet,Kharif 2,14.5,82.5,Shalgom,Sep,Oct to Nov,Nov to Feb,10,24,5.0,70,95,54.0,0.3776845712197997,0.49933292760915504,0.44787279745620107,0.06487161055072742,0.1775812226237738
24,2.333333333,Tangail,Kharif 2,14.5,82.5,Shalgom,Sep,Oct to Nov,Nov to Feb,56,24,5.0,70,95,60.0,0.3358840930816195,0.5731450613279228,0.40038182021930835,0.13514905080019882,0.1591988119601507
39,4.820512821,Thakurgaon,Kharif 2,14.5,82.5,Shalgom,Sep,Oct to Nov,Nov to Feb,188,24,5.0,70,95,,0.3582324259138552,0.5674280359888155,0.43211607649427575,0.13420462185402543,0.3826151757848311
852,10.71948357,Bagerhat,Kharif 2,29.0,65.0,Sugarcane,Oct,Nov to Aug,Aug to Sep,9133,38,20.0,45,85,57.0,0.5549719290375441,0.41052817687104515,0.4274038167766788,0.1366220781093571,0.4868351131875976
217,4.156682028,Bandarban,Kharif 2,29.0,65.0,Sugarcane,Oct,Nov to Aug,Aug to Sep,902,38,20.0,45,85,55.0,0.7430366041768727,0.5656175642707064,0.4368947017278657,0.1769441808000389,0.3862715233777672
120,3.183333333,Barguna,Kharif 2,29.0,65.0,Sugarcane,Oct,Nov to Aug,Aug to Sep,382,38,20.0,45,85,57.0,0.5890323017558614,0.34484541298685784,0.251793712631361,0.14472591076582558,0.3310758402525957
1222,5.373977087,Barishal,Kharif 2,29.0,65.0,Sugarcane,Oct,Nov to Aug,Aug to Sep,6567,38,20.0,45,85,,0.5411183729753246,0.3209022768579105,0.25884791955367686,0.11377812728746149,0.3272113771710582
961,6.316337149,Bhola,Kharif 2,29.0,65.0,Sugarcane,Oct,Nov to Aug,Aug to Sep,6070,38,20.0,45,85,56.0,0.4215271980368956,0.229037379994193,0.14814231615787765,0.10218974413709254,0.2334659055742139
283,22.80918728,Bogura,Kharif 2,29.0,65.0,Sugarcane,Oct,Nov to Aug,Aug to Sep,6455,38,20.0,45,85,,0.6043189721273731,0.3231600101368097,0.21590492358133406,0.14197821095380192,0.2859644007903595
43,3.906976744,Brahmanbaria,Kharif 2,29.0,65.0,Sugarcane,Oct,Nov to Aug,Aug to Sep,168,38,20.0,45,85,54.0,0.4183456917031,0.3274297448654439,0.23311424095446215,0.15308572102121762,0.2430711904191838
1412,11.00212465,Chandpur,Kharif 2,29.0,65.0,Sugarcane,Oct,Nov to Aug,Aug to Sep,15535,38,20.0,45,85,,0.5270362529660546,0.3372326925219892,0.25040468411213634,0.11361810179232991,0.2851182395817753
3456,17.20688657,Chapai Nawabganj,Kharif 2,29.0,65.0,Sugarcane,Oct,Nov to Aug,Aug to Sep,59467,38,20.0,45,85,,0.5494797758461835,0.3919274259929816,0.3140133434390434,0.10179626949418163,0.2346338663805179
1927,9.35858848,Chattogram,Kharif 2,29.0,65.0,Sugarcane,Oct,Nov to Aug,Aug to Sep,18034,38,20.0,45,85,,0.6563726676016034,0.4335020161409641,0.3420172801180706,0.13543850773807248,0.4368271330834088
4826,24.2708247,Chuadanga,Kharif 2,29.0,65.0,Sugarcane,Oct,Nov to Aug,Aug to Sep,117131,38,20.0,45,85,,0.6058950868858013,0.46415637993636,0.2719459361764927,0.14205815223018284,0.1390385944438268
613,6.086460033,CoxsBazar,Kharif 2,29.0,65.0,Sugarcane,Oct,Nov to Aug,Aug to Sep,3731,38,20.0,45,85,55.0,0.5920513052550939,0.4068547139380024,0.31954097171244267,0.09726515748487378,0.2866525849958106
894,6.109619687,Cumilla,Kharif 2,29.0,65.0,Sugarcane,Oct,Nov to Aug,Aug to Sep,5462,38,20.0,45,85,,0.6260474113432829,0.3839963949575695,0.291481144108595,0.16041975734538733,0.3487596083130284
139,7.107913669,Dhaka,Kharif 2,29.0,65.0,Sugarcane,Oct,Nov to Aug,Aug to Sep,988,38,20.0,45,85,,0.42014379344061,0.308454697538737,0.24478020581549825,0.09641644926606817,0.3278518747499494
3320,14.51987952,Dinajpur,Kharif 2,29.0,65.0,Sugarcane,Oct,Nov to Aug,Aug to Sep,48206,38,20.0,45,85,,0.6968213826970469,0.340816144800383,0.29143132236001257,0.17316133345075954,0.3510443820127166
6528,15.73789828,Faridpur,Kharif 2,29.0,65.0,Sugarcane,Oct,Nov to Aug,Aug to Sep,102737,38,20.0,45,85,,0.5571700752994787,0.36771234484142246,0.29755027175904253,0.1386863521493636,0.3607017999141199
208,12.62019231,Feni,Kharif 2,29.0,65.0,Sugarcane,Oct,Nov to Aug,Aug to Sep,2625,38,20.0,45,85,,0.6864048324722554,0.35444124037484476,0.2778078400860854,0.18589003081952754,0.3828643827818602
5821,24.69489778,Gaibandha,Kharif 2,29.0,65.0,Sugarcane,Oct,Nov to Aug,Aug to Sep,143749,38,20.0,45,85,57.0,0.5191748931888249,0.2867747123007943,0.2478348479411857,0.1411715275965208,0.3094345807109266
3135,8.558532695,Gazipur,Kharif 2,29.0,65.0,Sugarcane,Oct,Nov to Aug,Aug to Sep,26831,38,20.0,45,85,,0.5223462850901985,0.3504719171717884,0.20271260530122726,0.16583820741710872,0.3255431189635358
734,13.1866485,Gopalganj,Kharif 2,29.0,65.0,Sugarcane,Oct,Nov to Aug,Aug to Sep,9679,38,20.0,45,85,56.0,0.6266318567705287,0.4422903177355037,0.4262801911371143,0.11275574548331435,0.4792702295360826
2387,15.95643067,Habiganj,Kharif 2,29.0,65.0,Sugarcane,Oct,Nov to Aug,Aug to Sep,38088,38,20.0,45,85,,0.45889587481196,0.32935224599388385,0.19736989304857525,0.14841639283472494,0.2399103651205681
10398,20.587613,Jamalpur,Kharif 2,29.0,65.0,Sugarcane,Oct,Nov to Aug,Aug to Sep,214070,38,20.0,45,85,,0.5680638462794619,0.3116721722959075,0.1737837077478204,0.16179145563794894,0.1827577072035731
481,17.73596674,Jashore,Kharif 2,29.0,65.0,Sugarcane,Oct,Nov to Aug,Aug to Sep,8531,38,20.0,45,85,,0.7028498240366357,0.4205224951813248,0.3564320953995454,0.1456260406489691,0.3838945484874524
279,6.910394265,Jhallokati,Kharif 2,29.0,65.0,Sugarcane,Oct,Nov to Aug,Aug to Sep,1928,38,20.0,45,85,,0.6984104731100329,0.444566535710082,0.37830132123720983,0.1434806624051544,0.4988607970006209
2670,22.24157303,Jhenaidah,Kharif 2,29.0,65.0,Sugarcane,Oct,Nov to Aug,Aug to Sep,59385,38,20.0,45,85,,0.7437649112435227,0.436175042600034,0.3402855752061854,0.14299362197185683,0.3220885598782582
2208,19.90398551,Joypurhat,Kharif 2,29.0,65.0,Sugarcane,Oct,Nov to Aug,Aug to Sep,43948,38,20.0,45,85,64.0,0.6950315134846194,0.36006565158652587,0.22673930310718554,0.1647991030497669,0.3194107068979877
641,9.071762871,Khagrachari,Kharif 2,29.0,65.0,Sugarcane,Oct,Nov to Aug,Aug to Sep,5815,38,20.0,45,85,54.0,0.7650947268938538,0.5429353271835808,0.4214656657123207,0.19325593103695812,0.3382196284333821
105,13.8952381,Khulna,Kharif 2,29.0,65.0,Sugarcane,Oct,Nov to Aug,Aug to Sep,1459,38,20.0,45,85,59.0,0.5520675878443635,0.3591120402482494,0.33800911816002543,0.1305201264005469,0.4016941680534377
49,12.12244898,Kishoreganj,Kharif 2,29.0,65.0,Sugarcane,Oct,Nov to Aug,Aug to Sep,594,38,20.0,45,85,,0.1918684324560693,0.25417346588347517,0.04304073645143695,0.196779816657868,0.0508200478358936
703,14.74110953,Kurigram,Kharif 2,29.0,65.0,Sugarcane,Oct,Nov to Aug,Aug to Sep,10363,38,20.0,45,85,,0.4923091315654682,0.2646496515412272,0.2499837168316994,0.1288008746418592,0.339929306221639
8532,19.3830286,Kushtia,Kharif 2,29.0,65.0,Sugarcane,Oct,Nov to Aug,Aug to Sep,165376,38,20.0,45,85,,0.6262090914547398,0.39346410468276394,0.2806393664739088,0.11438724471737473,0.2595401427302436
335,11.08059701,Lakshmipur,Kharif 2,29.0,65.0,Sugarcane,Oct,Nov to Aug,Aug to Sep,3712,38,20.0,45,85,56.0,0.5253667671733465,0.30664868688994096,0.2043739971160656,0.13471728337173608,0.2352361031462211
289,13.35986159,Lalmonirhat,Kharif 2,29.0,65.0,Sugarcane,Oct,Nov to Aug,Aug to Sep,3861,38,20.0,45,85,,0.6005631769723303,0.35629977499808285,0.3649299840462842,0.14009334825838884,0.4453238905714439
843,18.85172005,Madaripur,Kharif 2,29.0,65.0,Sugarcane,Oct,Nov to Aug,Aug to Sep,15892,38,20.0,45,85,56.0,0.5680438314099354,0.37105028402230966,0.3222855593882866,0.12047833047901398,0.4063651096234308
246,12.91869919,Magura,Kharif 2,29.0,65.0,Sugarcane,Oct,Nov to Aug,Aug to Sep,3178,38,20.0,45,85,61.0,0.7173624754929421,0.4125688325806783,0.28865274880881886,0.13867795020185253,0.3522418035026976
4696,19.84199319,Manikganj,Kharif 2,29.0,65.0,Sugarcane,Oct,Nov to Aug,Aug to Sep,93178,38,20.0,45,85,,0.4193839512009965,0.2996698220397537,0.296352827831847,0.10844742536645573,0.4114178092969235
745,18.10201342,Meherpur,Kharif 2,29.0,65.0,Sugarcane,Oct,Nov to Aug,Aug to Sep,13486,38,20.0,45,85,65.0,0.6557736174550848,0.47889076411678805,0.25948503399526074,0.1459554010688312,0.1259660232378597
50,6.18,Moulvibazar,Kharif 2,29.0,65.0,Sugarcane,Oct,Nov to Aug,Aug to Sep,309,38,20.0,45,85,,0.5081293337700128,0.3942030019578965,0.3190542249067888,0.12293793025290647,0.4082711888182118
311,8.090032154,Munshiganj,Kharif 2,29.0,65.0,Sugarcane,Oct,Nov to Aug,Aug to Sep,2516,38,20.0,45,85,,0.4799755728266007,0.34008627700148525,0.22296002498692666,0.12833313043726552,0.31340565567292
5643,14.95605175,Mymensingh,Kharif 2,29.0,65.0,Sugarcane,Oct,Nov to Aug,Aug to Sep,84397,38,20.0,45,85,,0.6661036234448312,0.31409594215273107,0.31664926211503513,0.1837832957743008,0.4943108635282229
1022,19.63405088,Naogaon,Kharif 2,29.0,65.0,Sugarcane,Oct,Nov to Aug,Aug to Sep,20066,38,20.0,45,85,,0.6437611050179507,0.3400833528715515,0.2954428396673448,0.15388479970778424,0.3298349904608932
1654,15.58403869,Narail,Kharif 2,29.0,65.0,Sugarcane,Oct,Nov to Aug,Aug to Sep,25776,38,20.0,45,85,58.0,0.6251097875564693,0.3963932519964174,0.33682367999562923,0.119529692545096,0.3795905639419704
124,5,Narayanganj,Kharif 2,29.0,65.0,Sugarcane,Oct,Nov to Aug,Aug to Sep,620,38,20.0,45,85,,0.3876193728015197,0.3296664027528299,0.2585031197352457,0.08504849755986137,0.3114359236632746
188,9.265957447,Narsingdi,Kharif 2,29.0,65.0,Sugarcane,Oct,Nov to Aug,Aug to Sep,1742,38,20.0,45,85,,0.4212772529102456,0.3754576237900784,0.30355746053955873,0.1420889673022022,0.3858671860931894
53100,18.22988701,Natore,Kharif 2,29.0,65.0,Sugarcane,Oct,Nov to Aug,Aug to Sep,968007,38,20.0,45,85,,0.6270773846150153,0.39885743583445177,0.19738068574590295,0.15604833925242145,0.1449640755138761
48,13.25,Netrokona,Kharif 2,29.0,65.0,Sugarcane,Oct,Nov to Aug,Aug to Sep,636,38,20.0,45,85,,0.3798255718688024,0.2530495705962621,0.20716307868771594,0.18400757850421096,0.3045873133388933
289,23.11418685,Nilphamari,Kharif 2,29.0,65.0,Sugarcane,Oct,Nov to Aug,Aug to Sep,6680,38,20.0,45,85,,0.653377154092829,0.347244838544378,0.3705376763987869,0.16423933638374033,0.4439194600915765
210,8.8,Noakhali,Kharif 2,29.0,65.0,Sugarcane,Oct,Nov to Aug,Aug to Sep,1848,38,20.0,45,85,55.0,0.5743616085661583,0.342677164640395,0.20375110811533592,0.16449705389699837,0.2611398897351406
8016,19.0612525,Pabna,Kharif 2,29.0,65.0,Sugarcane,Oct,Nov to Aug,Aug to Sep,152795,38,20.0,45,85,,0.576205463230183,0.3821865917844882,0.267168065887026,0.10324823651826495,0.2688296958156423
6516,11.49324739,Panchagar,Kharif 2,29.0,65.0,Sugarcane,Oct,Nov to Aug,Aug to Sep,74890,38,20.0,45,85,,0.7131991955629091,0.3598013240676666,0.34521671646746704,0.15467456573735447,0.3210316931496211
68,4.205882353,Patuakhali,Kharif 2,29.0,65.0,Sugarcane,Oct,Nov to Aug,Aug to Sep,286,38,20.0,45,85,,0.6209295032125958,0.307111308705739,0.23325759894889453,0.15855918026038882,0.3662096619113779
361,6.360110803,Pirojpur,Kharif 2,29.0,65.0,Sugarcane,Oct,Nov to Aug,Aug to Sep,2296,38,20.0,45,85,57.0,0.6644367573268926,0.4214294992599771,0.3679417832788916,0.13942006860054418,0.4734452905350293
3301,17.64950015,Rajbari,Kharif 2,29.0,65.0,Sugarcane,Oct,Nov to Aug,Aug to Sep,58261,38,20.0,45,85,60.0,0.583792751193523,0.365423491409839,0.2690441376442564,0.10696800493376664,0.3411103169038733
17582,18.25776362,Rajshahi,Kharif 2,29.0,65.0,Sugarcane,Oct,Nov to Aug,Aug to Sep,321008,38,20.0,45,85,65.0,0.5638042771009885,0.3626555046839531,0.2703161097973671,0.10685532254132507,0.2171911759580277
534,14.4906367,Rangamati,Kharif 2,29.0,65.0,Sugarcane,Oct,Nov to Aug,Aug to Sep,7738,38,20.0,45,85,,0.7267932608407919,0.5117388951419474,0.4020458927209217,0.18582793357866267,0.407467011061289
3134,22.99649011,Rangpur,Kharif 2,29.0,65.0,Sugarcane,Oct,Nov to Aug,Aug to Sep,72071,38,20.0,45,85,59.0,0.6744499663546515,0.33432356376561,0.3352855188625463,0.16746448477289969,0.4118453959149274
281,15.5088968,Satkhira,Kharif 2,29.0,65.0,Sugarcane,Oct,Nov to Aug,Aug to Sep,4358,38,20.0,45,85,59.0,0.5293331106485334,0.3347996654391866,0.2781635199485982,0.1279480394533674,0.2954937434231568
1052,15.18726236,Shariatpur,Kharif 2,29.0,65.0,Sugarcane,Oct,Nov to Aug,Aug to Sep,15977,38,20.0,45,85,55.0,0.5050903206312234,0.33379497657808976,0.3219231427759088,0.10901947318552917,0.337774879445382
238,21.45798319,Sherpur,Kharif 2,29.0,65.0,Sugarcane,Oct,Nov to Aug,Aug to Sep,5107,38,20.0,45,85,,0.662903433290502,0.3329654527257132,0.2711154964219722,0.18688726018627783,0.3417866673453712
2358,16.32145886,Sirajganj,Kharif 2,29.0,65.0,Sugarcane,Oct,Nov to Aug,Aug to Sep,38486,38,20.0,45,85,,0.4306876986901167,0.27530388985623977,0.14497477335042325,0.11940851744109097,0.1714208140792081
179,17.61452514,Sunamganj,Kharif 2,29.0,65.0,Sugarcane,Oct,Nov to Aug,Aug to Sep,3153,38,20.0,45,85,54.0,0.0714833095098531,0.18659994312511738,0.0079277229735016,0.23993374405284798,0.0062517479924633
20,13.75,Sylhet,Kharif 2,29.0,65.0,Sugarcane,Oct,Nov to Aug,Aug to Sep,275,38,20.0,45,85,54.0,0.4585160647406363,0.28805074971746636,0.2776328969217867,0.18400266014419997,0.3776845712197997
2895,17.35233161,Tangail,Kharif 2,29.0,65.0,Sugarcane,Oct,Nov to Aug,Aug to Sep,50235,38,20.0,45,85,60.0,0.5962526033050995,0.29830242002839114,0.2475414525208851,0.16634515782490666,0.3358840930816195
10807,13.53557879,Thakurgaon,Kharif 2,29.0,65.0,Sugarcane,Oct,Nov to Aug,Aug to Sep,146279,38,20.0,45,85,,0.6913470028229801,0.38883739712950416,0.3704238008493431,0.14528116818898248,0.3582324259138552
627,3.50877193,Bagerhat,Rabi,20.5,80.0,Sweet Potato,Nov,Dec to March,April,2200,24,17.0,70,90,57.0,0.6214849029628107,0.5118091536297626,0.2844793013289463,0.11767580695666632,0.5549719290375441
382,3.795811518,Bandarban,Rabi,20.5,80.0,Sweet Potato,Nov,Dec to March,April,1450,24,17.0,70,90,55.0,0.7636090237183978,0.6953705680427206,0.3876779567270571,0.15244228477391433,0.7430366041768727
1539,3.768680962,Barguna,Rabi,20.5,80.0,Sweet Potato,Nov,Dec to March,April,5800,24,17.0,70,90,57.0,0.6701243948177539,0.360621011833112,0.2876097437686987,0.14734849343736678,0.5890323017558614
4580,3.672925764,Barishal,Rabi,20.5,80.0,Sweet Potato,Nov,Dec to March,April,16822,24,17.0,70,90,,0.5307537456864099,0.3375757365454203,0.3100169088937738,0.10291410690400793,0.5411183729753246
4892,3.990596893,Bhola,Rabi,20.5,80.0,Sweet Potato,Nov,Dec to March,April,19522,24,17.0,70,90,56.0,0.4295190696079973,0.2557967407826601,0.2246323016939531,0.0794113182977582,0.4215271980368956
1505,4.403986711,Bogura,Rabi,20.5,80.0,Sweet Potato,Nov,Dec to March,April,6628,24,17.0,70,90,,0.4866866462303992,0.38019169050333257,0.3974557819503149,0.08151661332882831,0.6043189721273731
2502,3.922861711,Brahmanbaria,Rabi,20.5,80.0,Sweet Potato,Nov,Dec to March,April,9815,24,17.0,70,90,54.0,0.4832769726821609,0.4047013967408105,0.4667222562628336,0.11837232984341166,0.4183456917031
1358,3.406480118,Chandpur,Rabi,20.5,80.0,Sweet Potato,Nov,Dec to March,April,4626,24,17.0,70,90,,0.511193701275472,0.3967375087423166,0.2824497786894116,0.09277021187261343,0.5270362529660546
148,4.641891892,Chapai Nawabganj,Rabi,20.5,80.0,Sweet Potato,Nov,Dec to March,April,687,24,17.0,70,90,,0.5166230847120769,0.4290862894079325,0.3377839429676815,0.08304132853537556,0.5494797758461835
4439,3.484118045,Chattogram,Rabi,20.5,80.0,Sweet Potato,Nov,Dec to March,April,15466,24,17.0,70,90,,0.6490491736260601,0.5125723610194539,0.3406132785765541,0.10012570285854629,0.6563726676016034
116,6.051724138,Chuadanga,Rabi,20.5,80.0,Sweet Potato,Nov,Dec to March,April,702,24,17.0,70,90,,0.5781108306077708,0.5378844794512622,0.4685908909016339,0.06837474144584443,0.6058950868858013
811,4.294697904,CoxsBazar,Rabi,20.5,80.0,Sweet Potato,Nov,Dec to March,April,3483,24,17.0,70,90,55.0,0.5181658529893575,0.46609185986268437,0.362233654035479,0.05158196354664772,0.5920513052550939
2203,4.785746709,Cumilla,Rabi,20.5,80.0,Sweet Potato,Nov,Dec to March,April,10543,24,17.0,70,90,,0.6332118144284202,0.462339894080135,0.2799573140061434,0.13366992505916248,0.6260474113432829
393,5.419847328,Dhaka,Rabi,20.5,80.0,Sweet Potato,Nov,Dec to March,April,2130,24,17.0,70,90,,0.4637615523232626,0.3762550819151638,0.2053280197750239,0.09008654231997684,0.42014379344061
482,3.910788382,Dinajpur,Rabi,20.5,80.0,Sweet Potato,Nov,Dec to March,April,1885,24,17.0,70,90,,0.5334847342658163,0.4020115164477718,0.3864902076658625,0.11189233200859884,0.6968213826970469
539,3.788497217,Faridpur,Rabi,20.5,80.0,Sweet Potato,Nov,Dec to March,April,2042,24,17.0,70,90,,0.5431138624575879,0.43695740299683095,0.1596716045798009,0.13947249622248792,0.5571700752994787
1221,3.83046683,Feni,Rabi,20.5,80.0,Sweet Potato,Nov,Dec to March,April,4677,24,17.0,70,90,,0.6568684139549554,0.44896403855825673,0.3154547680727988,0.11423714782285695,0.6864048324722554
593,3.397976391,Gaibandha,Rabi,20.5,80.0,Sweet Potato,Nov,Dec to March,April,2015,24,17.0,70,90,57.0,0.472527892285157,0.33611205474937667,0.2560613395709359,0.11725431641154477,0.5191748931888249
357,3.495798319,Gazipur,Rabi,20.5,80.0,Sweet Potato,Nov,Dec to March,April,1248,24,17.0,70,90,,0.6351801312217112,0.442272754388488,0.3013299480303391,0.12262755842472857,0.5223462850901985
28,4.928571429,Gopalganj,Rabi,20.5,80.0,Sweet Potato,Nov,Dec to March,April,138,24,17.0,70,90,56.0,0.6431246483263354,0.48350781564015166,0.365624571223079,0.12035109734691543,0.6266318567705287
686,4.648688047,Habiganj,Rabi,20.5,80.0,Sweet Potato,Nov,Dec to March,April,3189,24,17.0,70,90,,0.490276717097282,0.4085052932537713,0.4094105700184439,0.12686688082600375,0.45889587481196
4034,5.808874566,Jamalpur,Rabi,20.5,80.0,Sweet Potato,Nov,Dec to March,April,23433,24,17.0,70,90,,0.516399347268738,0.4147238181152129,0.2203033803902141,0.1178091607230774,0.5680638462794619
225,3.942222222,Jashore,Rabi,20.5,80.0,Sweet Potato,Nov,Dec to March,April,887,24,17.0,70,90,,0.5761013650280524,0.4849838853013293,0.5094016354846946,0.07459924458942747,0.7028498240366357
740,3.810810811,Jhallokati,Rabi,20.5,80.0,Sweet Potato,Nov,Dec to March,April,2820,24,17.0,70,90,,0.7413763264744606,0.47394982623494286,0.3844964290526782,0.13680665946358297,0.6984104731100329
146,4.726027397,Jhenaidah,Rabi,20.5,80.0,Sweet Potato,Nov,Dec to March,April,690,24,17.0,70,90,,0.5856887814533969,0.487373673765902,0.4932941383053687,0.08545844382997583,0.7437649112435227
235,4.127659574,Joypurhat,Rabi,20.5,80.0,Sweet Potato,Nov,Dec to March,April,970,24,17.0,70,90,64.0,0.495012034982754,0.40532074504268045,0.5481632788078854,0.0881345814288247,0.6950315134846194
878,3.724373576,Khagrachari,Rabi,20.5,80.0,Sweet Potato,Nov,Dec to March,April,3270,24,17.0,70,90,54.0,0.8046879631390788,0.6601921476828752,0.3194542381207939,0.17106613552847702,0.7650947268938538
27,2.62962963,Khulna,Rabi,20.5,80.0,Sweet Potato,Nov,Dec to March,April,71,24,17.0,70,90,59.0,0.5800102272282405,0.4478072886559674,0.2547487058378869,0.10742318775546496,0.5520675878443635
2074,5.677917068,Kishoreganj,Rabi,20.5,80.0,Sweet Potato,Nov,Dec to March,April,11776,24,17.0,70,90,,0.346103638367728,0.4116385714899098,0.3676092519986164,0.12794703316966122,0.1918684324560693
1043,5.777564717,Kurigram,Rabi,20.5,80.0,Sweet Potato,Nov,Dec to March,April,6026,24,17.0,70,90,,0.4533404465415963,0.32506758355248144,0.2226332627293874,0.09640959271591053,0.4923091315654682
296,4.635135135,Kushtia,Rabi,20.5,80.0,Sweet Potato,Nov,Dec to March,April,1372,24,17.0,70,90,,0.5100774986217015,0.4479894861709544,0.3702999720630754,0.07672982614327273,0.6262090914547398
968,2.555785124,Lakshmipur,Rabi,20.5,80.0,Sweet Potato,Nov,Dec to March,April,2474,24,17.0,70,90,56.0,0.5368424127097657,0.3583731308418406,0.3561816998129432,0.09410580407591193,0.5253667671733465
222,3.085585586,Lalmonirhat,Rabi,20.5,80.0,Sweet Potato,Nov,Dec to March,April,685,24,17.0,70,90,,0.4495769122619324,0.4402460292050182,0.4065448627465945,0.08739944183281835,0.6005631769723303
425,4.122352941,Madaripur,Rabi,20.5,80.0,Sweet Potato,Nov,Dec to March,April,1752,24,17.0,70,90,56.0,0.5270003205348973,0.43549402292455525,0.145892769350381,0.13757609730764456,0.5680438314099354
90,3.911111111,Magura,Rabi,20.5,80.0,Sweet Potato,Nov,Dec to March,April,352,24,17.0,70,90,61.0,0.5564517069988566,0.4678012994245231,0.3516332543736697,0.09243905830795296,0.7173624754929421
330,4.851515152,Manikganj,Rabi,20.5,80.0,Sweet Potato,Nov,Dec to March,April,1601,24,17.0,70,90,,0.4185406978474758,0.3603896140571922,0.238108560268593,0.10410455790614395,0.4193839512009965
70,5.257142857,Meherpur,Rabi,20.5,80.0,Sweet Potato,Nov,Dec to March,April,368,24,17.0,70,90,65.0,0.5774080200216897,0.5490936797338835,0.4240959983858737,0.08177174883714969,0.6557736174550848
230,4.791304348,Moulvibazar,Rabi,20.5,80.0,Sweet Potato,Nov,Dec to March,April,1102,24,17.0,70,90,,0.6199927514832799,0.4671694138083858,0.3772511111134909,0.09213101681720033,0.5081293337700128
154,3.837662338,Munshiganj,Rabi,20.5,80.0,Sweet Potato,Nov,Dec to March,April,591,24,17.0,70,90,,0.4487728540074254,0.4228208938710822,0.1254731884929805,0.14632701106561977,0.4799755728266007
1193,4.099748533,Mymensingh,Rabi,20.5,80.0,Sweet Potato,Nov,Dec to March,April,4891,24,17.0,70,90,,0.6097119497847369,0.378034064193858,0.2792620099084889,0.1528661720116616,0.6661036234448312
904,4.07079646,Naogaon,Rabi,20.5,80.0,Sweet Potato,Nov,Dec to March,April,3680,24,17.0,70,90,,0.5271957717658298,0.4009671609059601,0.3353748718633925,0.131825573176569,0.6437611050179507
64,4.140625,Narail,Rabi,20.5,80.0,Sweet Potato,Nov,Dec to March,April,265,24,17.0,70,90,58.0,0.5628542478735085,0.45894804658841337,0.3408352502702987,0.09720770962677755,0.6251097875564693
432,4.766203704,Narayanganj,Rabi,20.5,80.0,Sweet Potato,Nov,Dec to March,April,2059,24,17.0,70,90,,0.484101190508087,0.3735885414147103,0.2542342797497706,0.08365404477364341,0.3876193728015197
1851,5.774176121,Narsingdi,Rabi,20.5,80.0,Sweet Potato,Nov,Dec to March,April,10688,24,17.0,70,90,,0.582228604206656,0.4590309666272121,0.3744952593367734,0.09570277532944425,0.4212772529102456
794,3.802267003,Natore,Rabi,20.5,80.0,Sweet Potato,Nov,Dec to March,April,3019,24,17.0,70,90,,0.5182904304847376,0.4762081170449314,0.3938140226589006,0.11024291093467746,0.6270773846150153
653,5.747320061,Netrokona,Rabi,20.5,80.0,Sweet Potato,Nov,Dec to March,April,3753,24,17.0,70,90,,0.4572107645523022,0.3908023738102877,0.2180584018053236,0.1572963016873553,0.3798255718688024
352,4.642045455,Nilphamari,Rabi,20.5,80.0,Sweet Potato,Nov,Dec to March,April,1634,24,17.0,70,90,,0.4830189104860807,0.43043576773076947,0.348037858697919,0.1078496404426808,0.653377154092829
7068,3.886955291,Noakhali,Rabi,20.5,80.0,Sweet Potato,Nov,Dec to March,April,27473,24,17.0,70,90,55.0,0.6121314642988956,0.43528452182043975,0.3485228861940609,0.0950060101536326,0.5743616085661583
397,4.264483627,Pabna,Rabi,20.5,80.0,Sweet Potato,Nov,Dec to March,April,1693,24,17.0,70,90,,0.4938904215556714,0.4473222115514349,0.3016887841086959,0.07587493705779351,0.576205463230183
371,5.318059299,Panchagar,Rabi,20.5,80.0,Sweet Potato,Nov,Dec to March,April,1973,24,17.0,70,90,,0.485823986874206,0.38934396788636666,0.20279912294809,0.11576182614309145,0.7131991955629091
1347,3.689680772,Patuakhali,Rabi,20.5,80.0,Sweet Potato,Nov,Dec to March,April,4970,24,17.0,70,90,,0.6429891164126075,0.3250366983733252,0.2365474556695895,0.14650580817174733,0.6209295032125958
461,3.856832972,Pirojpur,Rabi,20.5,80.0,Sweet Potato,Nov,Dec to March,April,1778,24,17.0,70,90,57.0,0.6965960442832237,0.4657894812056926,0.3392577304779658,0.1302295903171561,0.6644367573268926
348,3.827586207,Rajbari,Rabi,20.5,80.0,Sweet Potato,Nov,Dec to March,April,1332,24,17.0,70,90,60.0,0.466512607496879,0.40788541795720784,0.2441449981923793,0.09365919638252934,0.583792751193523
240,5.658333333,Rajshahi,Rabi,20.5,80.0,Sweet Potato,Nov,Dec to March,April,1358,24,17.0,70,90,65.0,0.4638470315151211,0.4071692914434033,0.39139088167786,0.05933847748736895,0.5638042771009885
606,3.679867987,Rangamati,Rabi,20.5,80.0,Sweet Potato,Nov,Dec to March,April,2230,24,17.0,70,90,,0.7572250026165042,0.62526693626308,0.2740115169357396,0.17735014217280648,0.7267932608407919
725,3.020689655,Rangpur,Rabi,20.5,80.0,Sweet Potato,Nov,Dec to March,April,2190,24,17.0,70,90,59.0,0.5551464143048584,0.3888503140062067,0.2902257990630829,0.12094499599817264,0.6744499663546515
39,4.512820513,Satkhira,Rabi,20.5,80.0,Sweet Potato,Nov,Dec to March,April,176,24,17.0,70,90,59.0,0.4949600162131376,0.43217661859880857,0.2721199083647258,0.07939501883467998,0.5293331106485334
1181,4.552921253,Shariatpur,Rabi,20.5,80.0,Sweet Potato,Nov,Dec to March,April,5377,24,17.0,70,90,55.0,0.4604456937918399,0.3940043291473382,0.0925735314905069,0.1350196965714449,0.5050903206312234
1042,6.452015355,Sherpur,Rabi,20.5,80.0,Sweet Potato,Nov,Dec to March,April,6723,24,17.0,70,90,,0.6041241456870005,0.4204495665429284,0.2678615620118689,0.15797018806292643,0.662903433290502
825,4.535757576,Sirajganj,Rabi,20.5,80.0,Sweet Potato,Nov,Dec to March,April,3742,24,17.0,70,90,,0.3832723887128045,0.3688702923907373,0.2438028677727265,0.07618415573212942,0.4306876986901167
703,6.230440967,Sunamganj,Rabi,20.5,80.0,Sweet Potato,Nov,Dec to March,April,4380,24,17.0,70,90,54.0,0.1793284797174766,0.4209381371061953,0.2385902396757943,0.18145104437872384,0.0714833095098531
303,2.722772277,Sylhet,Rabi,20.5,80.0,Sweet Potato,Nov,Dec to March,April,825,24,17.0,70,90,54.0,0.5401497904776739,0.4361771681641684,0.2401914716423759,0.1071541706460672,0.4585160647406363
1623,4.189772027,Tangail,Rabi,20.5,80.0,Sweet Potato,Nov,Dec to March,April,6800,24,17.0,70,90,60.0,0.5500375193507461,0.3917693671720762,0.2191926340496671,0.13932248497746005,0.5962526033050995
399,3.676691729,Thakurgaon,Rabi,20.5,80.0,Sweet Potato,Nov,Dec to March,April,1467,24,17.0,70,90,,0.4435090691546509,0.457864104232248,0.373304905125753,0.08848559193422903,0.6913470028229801
51,2.843137255,Bagerhat,Kharif 1,32.5,65.0,Taramind,February,March to April,February to May,145,40,25.0,50,80,57.0,0.533074061065529,0.4278334627608135,0.41394536467925047,0.16047770716827542,0.4889194902967873
756,0.9417989418,Bandarban,Kharif 1,32.5,65.0,Taramind,February,March to April,February to May,712,40,25.0,50,80,55.0,0.6821383327059017,0.4776802185450748,0.47469440288629866,0.18690267539506739,0.763617739914739
214,0.6355140187,Barguna,Kharif 1,32.5,65.0,Taramind,February,March to April,February to May,136,40,25.0,50,80,57.0,0.291063589685606,0.3114118478202062,0.31155742534097763,0.02572376228526784,0.3499506810824001
281,0.8790035587,Barishal,Kharif 1,32.5,65.0,Taramind,February,March to April,February to May,247,40,25.0,50,80,,0.2533858903228801,0.3712496033176619,0.3263550249730823,0.07558072905903121,0.291607379510426
21,8.761904762,Bhola,Kharif 1,32.5,65.0,Taramind,February,March to April,February to May,184,40,25.0,50,80,56.0,0.243217327760463,0.2628488948494496,0.24088594273645064,0.04483648321308061,0.2168086916309753
94,3.627659574,Bogura,Kharif 1,32.5,65.0,Taramind,February,March to April,February to May,341,40,25.0,50,80,,0.3907901958771589,0.4502850820864688,0.39195728202959856,0.09260146394051035,0.3124280312616473
629,0.1685214626,Brahmanbaria,Kharif 1,32.5,65.0,Taramind,February,March to April,February to May,106,40,25.0,50,80,54.0,0.3909190194818471,0.5393713240351568,0.42669462431313476,0.15617029756876463,0.2811509765621612
43,2.627906977,Chandpur,Kharif 1,32.5,65.0,Taramind,February,March to April,February to May,113,40,25.0,50,80,,0.3913421262911484,0.3842086180373251,0.3510110783411129,0.10943938313194068,0.303030026749074
13,1.769230769,Chapai Nawabganj,Kharif 1,32.5,65.0,Taramind,February,March to April,February to May,23,40,25.0,50,80,,0.4431037695451635,0.4353891809711724,0.3950358174564111,0.11719470816461311,0.3537489371617141
26,4.5,Chattogram,Kharif 1,32.5,65.0,Taramind,February,March to April,February to May,117,40,25.0,50,80,,0.5031925773161925,0.4104518278809792,0.4039632778281825,0.10372363679205292,0.5249827607431998
7,8,Chuadanga,Kharif 1,32.5,65.0,Taramind,February,March to April,February to May,56,40,25.0,50,80,,0.5937943182711736,0.5375293719334024,0.5104552469841749,0.11078388737718041,0.5031852308806458
21,2.904761905,CoxsBazar,Kharif 1,32.5,65.0,Taramind,February,March to April,February to May,61,40,25.0,50,80,55.0,0.4613461644922925,0.41255151434835624,0.391754141310213,0.08781492457093312,0.4603922198041147
312,0.4455128205,Cumilla,Kharif 1,32.5,65.0,Taramind,February,March to April,February to May,139,40,25.0,50,80,,0.4346417753677448,0.43549782798141,0.392953998409045,0.15255112781372482,0.3645708248943419
19,9.894736842,Dhaka,Kharif 1,32.5,65.0,Taramind,February,March to April,February to May,188,40,25.0,50,80,,0.344767292591086,0.31966499329081344,0.3145180869674127,0.09790747177181755,0.3532928976505518
18,2.944444444,Dinajpur,Kharif 1,32.5,65.0,Taramind,February,March to April,February to May,53,40,25.0,50,80,,0.4042335990913202,0.48169108106705266,0.43981746504129005,0.09168630101424234,0.3363010381782366
156,1.448717949,Faridpur,Kharif 1,32.5,65.0,Taramind,February,March to April,February to May,226,40,25.0,50,80,,0.4746373619141085,0.33493569694063985,0.41145080795345795,0.16853145488952367,0.4044204909178377
70,0.3,Feni,Kharif 1,32.5,65.0,Taramind,February,March to April,February to May,21,40,25.0,50,80,,0.4589202557758623,0.4089169233706212,0.3718688169446752,0.13386808428558297,0.4263300065971123
23,1.173913043,Gaibandha,Kharif 1,32.5,65.0,Taramind,February,March to April,February to May,27,40,25.0,50,80,57.0,0.3434167606212545,0.380662399855046,0.3489230842327421,0.1102372060788566,0.2446402294304136
52,2.596153846,Gazipur,Kharif 1,32.5,65.0,Taramind,February,March to April,February to May,135,40,25.0,50,80,,0.3482783737758274,0.4062618659512596,0.3562708820997545,0.10885089581038908,0.4065387135241315
35,4.028571429,Gopalganj,Kharif 1,32.5,65.0,Taramind,February,March to April,February to May,141,40,25.0,50,80,56.0,0.4545933382146112,0.4993561523954592,0.4629200367032728,0.11924612136768646,0.3854395052976016
23,0.6956521739,Habiganj,Kharif 1,32.5,65.0,Taramind,February,March to April,February to May,16,40,25.0,50,80,,0.4730658538368976,0.5054355524591956,0.42562324007606395,0.15948798052212348,0.2661294631608376
65,1.938461538,Jamalpur,Kharif 1,32.5,65.0,Taramind,February,March to April,February to May,126,40,25.0,50,80,,0.3849267622873427,0.3740578779844945,0.33967296184820484,0.14685007234965922,0.3204199651621038
69,5.014492754,Jashore,Kharif 1,32.5,65.0,Taramind,February,March to April,February to May,346,40,25.0,50,80,,0.4688805230475235,0.5580905404218051,0.49590924964568484,0.0869457228291663,0.4475073883018984
56,0.9821428571,Jhallokati,Kharif 1,32.5,65.0,Taramind,February,March to April,February to May,55,40,25.0,50,80,,0.4152984185672557,0.45120352157353144,0.4411076613755576,0.057158256166065215,0.3980482373190764
25,7.48,Jhenaidah,Kharif 1,32.5,65.0,Taramind,February,March to April,February to May,187,40,25.0,50,80,,0.5172636126901161,0.5502829648381724,0.506651709995907,0.08163912169760368,0.4451787298559849
17,4.823529412,Joypurhat,Kharif 1,32.5,65.0,Taramind,February,March to April,February to May,82,40,25.0,50,80,64.0,0.4013493246727935,0.5176417955124151,0.4577592029967578,0.07355483423589668,0.4359280719977643
115,2.27826087,Khagrachari,Kharif 1,32.5,65.0,Taramind,February,March to April,February to May,262,40,25.0,50,80,54.0,0.6273542204861793,0.44661939276924423,0.47125321637621176,0.15202685428824972,0.7127123618717103
131,2.022900763,Khulna,Kharif 1,32.5,65.0,Taramind,February,March to April,February to May,265,40,25.0,50,80,59.0,0.4395870026247023,0.376340550560046,0.3599310959701567,0.12793662684792215,0.4342237814545653
46,2.782608696,Kishoreganj,Kharif 1,32.5,65.0,Taramind,February,March to April,February to May,128,40,25.0,50,80,,0.4131448806084709,0.5028384474734935,0.3880160774211587,0.2069486563197208,0.3112699019521303
17,1.764705882,Kurigram,Kharif 1,32.5,65.0,Taramind,February,March to April,February to May,30,40,25.0,50,80,,0.294759011881437,0.3336651156971563,0.303045764092099,0.09900136953461822,0.2659209949590453
51,3.019607843,Kushtia,Kharif 1,32.5,65.0,Taramind,February,March to April,February to May,154,40,25.0,50,80,,0.5144873456235682,0.43646956191598824,0.42031944254849357,0.10667749968358087,0.4366112739616819
42,1.880952381,Lakshmipur,Kharif 1,32.5,65.0,Taramind,February,March to April,February to May,79,40,25.0,50,80,56.0,0.329965698770968,0.3830650053075497,0.3291737256481625,0.07967228834758089,0.2635214620314005
9,3.666666667,Lalmonirhat,Kharif 1,32.5,65.0,Taramind,February,March to April,February to May,33,40,25.0,50,80,,0.4948821771436415,0.48753596719343795,0.45096696991324314,0.10234532817665318,0.3699886074056321
36,8.555555556,Madaripur,Kharif 1,32.5,65.0,Taramind,February,March to April,February to May,308,40,25.0,50,80,56.0,0.434792084871636,0.3292899279087698,0.3733304073764404,0.15878107269967595,0.3922893847189875
18,4.888888889,Magura,Kharif 1,32.5,65.0,Taramind,February,March to April,February to May,88,40,25.0,50,80,61.0,0.4803835186927634,0.46611657947290897,0.47696145193436296,0.09450485803277976,0.424542540711464
17,3.411764706,Manikganj,Kharif 1,32.5,65.0,Taramind,February,March to April,February to May,58,40,25.0,50,80,,0.1994612868881428,0.33590635489755755,0.2992868886141058,0.10405573767180715,0.4309266104806672
25,1.28,Meherpur,Kharif 1,32.5,65.0,Taramind,February,March to April,February to May,32,40,25.0,50,80,65.0,0.6363343859653814,0.4974800198847735,0.517670193287267,0.10294863861069055,0.5422238526759723
40,3,Moulvibazar,Kharif 1,32.5,65.0,Taramind,February,March to April,February to May,120,40,25.0,50,80,,0.4889183454377723,0.4424355813652967,0.4002700241372164,0.12888536097484043,0.3743598588192403
10,5,Munshiganj,Kharif 1,32.5,65.0,Taramind,February,March to April,February to May,50,40,25.0,50,80,,0.521983445304389,0.3110355800281319,0.38116115206321755,0.18123027570475417,0.3390365963664746
216,1.546296296,Mymensingh,Kharif 1,32.5,65.0,Taramind,February,March to April,February to May,334,40,25.0,50,80,,0.2832779421973829,0.42397269741357857,0.32873395900184454,0.16645387156274524,0.2733859403767918
26,6.538461538,Naogaon,Kharif 1,32.5,65.0,Taramind,February,March to April,February to May,170,40,25.0,50,80,,0.3741281428245409,0.47774365924495954,0.3868577329512306,0.1691109846621272,0.3087416614898178
107,0.8785046729,Narail,Kharif 1,32.5,65.0,Taramind,February,March to April,February to May,94,40,25.0,50,80,58.0,0.4757956922331443,0.45781944004041636,0.4413232046319283,0.10591620255880069,0.3958955094418674
10,10.8,Narayanganj,Kharif 1,32.5,65.0,Taramind,February,March to April,February to May,108,40,25.0,50,80,,0.3254064295331264,0.3444786288973941,0.32777271066411673,0.07706206655822902,0.3324589299993573
22,8.363636364,Narsingdi,Kharif 1,32.5,65.0,Taramind,February,March to April,February to May,184,40,25.0,50,80,,0.387696320210425,0.47100681377990244,0.4043114668342366,0.11752743002865783,0.3849029249505548
47,4.340425532,Natore,Kharif 1,32.5,65.0,Taramind,February,March to April,February to May,204,40,25.0,50,80,,0.5612003405949629,0.5047846049719983,0.4637747219961939,0.1524083970532027,0.380859152838484
31,3.483870968,Netrokona,Kharif 1,32.5,65.0,Taramind,February,March to April,February to May,108,40,25.0,50,80,,0.3702446184726372,0.4281462710157188,0.33704032224193536,0.2253745587629354,0.2328478871514515
5,6.2,Nilphamari,Kharif 1,32.5,65.0,Taramind,February,March to April,February to May,31,40,25.0,50,80,,0.446760339331025,0.47605212521984996,0.4473502259441029,0.11202837656345328,0.3232946510636419
24,2.5,Noakhali,Kharif 1,32.5,65.0,#REF!,February,March to April,February to May,60,40,25.0,50,80,55.0,0.4522745592492853,0.4169682912797537,0.3630134507002432,0.1438003968609673,0.3654843450318284
306,1.104575163,Pabna,Kharif 1,32.5,65.0,Taramind,February,March to April,February to May,338,40,25.0,50,80,,0.4649989728650389,0.40216807011248845,0.3936898433183001,0.10521682313791662,0.4332378957112088
10,2.9,Panchagar,Kharif 1,32.5,65.0,Taramind,February,March to April,February to May,29,40,25.0,50,80,,0.4220167525726432,0.3488928056989298,0.4167825317929229,0.1516291667284029,0.2851494820813574
346,0.4682080925,Patuakhali,Kharif 1,32.5,65.0,Taramind,February,March to April,February to May,162,40,25.0,50,80,,0.2752790517888959,0.28185181175405905,0.2936737659190379,0.046511997904795085,0.3066881597522483
76,2.328947368,Pirojpur,Kharif 1,32.5,65.0,Taramind,February,March to April,February to May,177,40,25.0,50,80,57.0,0.3932548344744789,0.4331969211543728,0.4157722806922257,0.07940505611891813,0.4071895891081893
23,7.391304348,Rajbari,Kharif 1,32.5,65.0,Taramind,February,March to April,February to May,170,40,25.0,50,80,60.0,0.445050413155566,0.36241845556408,0.39771316186050526,0.10527762090080842,0.3898099099766552
71,2.211267606,Rajshahi,Kharif 1,32.5,65.0,Taramind,February,March to April,February to May,157,40,25.0,50,80,65.0,0.4500902862447303,0.43424945220126526,0.3833480484010814,0.11792310857557706,0.376434231778691
523,0.7533460803,Rangamati,Kharif 1,32.5,65.0,Taramind,February,March to April,February to May,394,40,25.0,50,80,,0.6310743550546144,0.385264777195591,0.4058868320298302,0.1916156865284187,0.6993863215167584
19,6.263157895,Rangpur,Kharif 1,32.5,65.0,Taramind,February,March to April,February to May,119,40,25.0,50,80,59.0,0.4282935836855661,0.40872225002225654,0.41147169446680526,0.09748354213695225,0.2976599417574164
580,0.4706896552,Satkhira,Kharif 1,32.5,65.0,Taramind,February,March to April,February to May,273,40,25.0,50,80,59.0,0.416821054986026,0.3778276574338402,0.3492536567386865,0.12124422690127495,0.4167558288001258
31,4.064516129,Shariatpur,Kharif 1,32.5,65.0,Taramind,February,March to April,February to May,126,40,25.0,50,80,55.0,0.391216738930908,0.2718762498233473,0.31885929410645536,0.15749738178690564,0.3540776787779843
57,5.631578947,Sherpur,Kharif 1,32.5,65.0,Taramind,February,March to April,February to May,321,40,25.0,50,80,,0.355035413839545,0.4487996261148688,0.3701153460727704,0.1810460861272992,0.2796499492964726
8,19.375,Sirajganj,Kharif 1,32.5,65.0,Taramind,February,March to April,February to May,155,40,25.0,50,80,,0.3198299670185812,0.35876955088044,0.29801897545590206,0.13519126055826516,0.3297344337720062
11,1,Sunamganj,Kharif 1,32.5,65.0,Taramind,February,March to April,February to May,11,40,25.0,50,80,54.0,0.5312190703372729,0.43029307331041156,0.3496073272605241,0.281152779886587,0.2960996814095912
17,1.470588235,Sylhet,Kharif 1,32.5,65.0,Taramind,February,March to April,February to May,25,40,25.0,50,80,54.0,0.4606201196420315,0.36677937247595965,0.3040256847948431,0.21911054459534618,0.3607174177912129
29,5.034482759,Tangail,Kharif 1,32.5,65.0,Taramind,February,March to April,February to May,146,40,25.0,50,80,60.0,0.2360260118339428,0.3673901706057424,0.29171484707728745,0.15014543779845096,0.3748701758536493
5,8.4,Thakurgaon,Kharif 1,32.5,65.0,Taramind,February,March to April,February to May,42,40,25.0,50,80,,0.532704520344867,0.4599030426161464,0.483359823811383,0.07861239404168513,0.433583087795228
0,#DIV/0!,Bagerhat,Kharif 2,17.5,67.5,Tobacco,Oct,Nov to Feb,Feb to April,0,20,15.0,50,85,57.0,0.5549719290375441,0.5243834733222952,0.4629136621957188,0.1100116478308852,0.4868351131875976
6641,0.4857702153,Bandarban,Kharif 2,17.5,67.5,Tobacco,Oct,Nov to Feb,Feb to April,3226,20,15.0,50,85,55.0,0.7430366041768727,0.744352203881547,0.5458329232653505,0.14304254324966362,0.3862715233777672
0,#DIV/0!,Barguna,Kharif 2,17.5,67.5,Tobacco,Oct,Nov to Feb,Feb to April,0,20,15.0,50,85,57.0,0.5890323017558614,0.44434862256962204,0.30462909510867275,0.15230155193712117,0.3310758402525957
0,#DIV/0!,Barishal,Kharif 2,17.5,67.5,Tobacco,Oct,Nov to Feb,Feb to April,0,20,15.0,50,85,,0.5411183729753246,0.36214359853163525,0.33196169898606803,0.11510079301947224,0.3272113771710582
0,#DIV/0!,Bhola,Kharif 2,17.5,67.5,Tobacco,Oct,Nov to Feb,Feb to April,0,20,15.0,50,85,56.0,0.4215271980368956,0.2879101361834229,0.25630503915312075,0.09019156532880034,0.2334659055742139
0,#DIV/0!,Bogura,Kharif 2,17.5,67.5,Tobacco,Oct,Nov to Feb,Feb to April,0,20,15.0,50,85,,0.6043189721273731,0.37608475650527673,0.43045345335003216,0.10702124046307472,0.2859644007903595
0,#DIV/0!,Brahmanbaria,Kharif 2,17.5,67.5,Tobacco,Oct,Nov to Feb,Feb to April,0,20,15.0,50,85,54.0,0.4183456917031,0.3725155419594808,0.48988722251738687,0.10812197459441848,0.2430711904191838
0,#DIV/0!,Chandpur,Kharif 2,17.5,67.5,Tobacco,Oct,Nov to Feb,Feb to April,0,20,15.0,50,85,,0.5270362529660546,0.40304406971487505,0.3865864541219328,0.09796058581674542,0.2851182395817753
0,#DIV/0!,Chapai Nawabganj,Kharif 2,17.5,67.5,Tobacco,Oct,Nov to Feb,Feb to April,0,20,15.0,50,85,,0.5494797758461835,0.42499345584228587,0.4379607104958361,0.08853729197097461,0.2346338663805179
21,0.2857142857,Chattogram,Kharif 2,17.5,67.5,Tobacco,Oct,Nov to Feb,Feb to April,6,20,15.0,50,85,,0.6563726676016034,0.5547620601296177,0.4413654110260503,0.10750040936404333,0.4368271330834088
2485,0.985915493,Chuadanga,Kharif 2,17.5,67.5,Tobacco,Oct,Nov to Feb,Feb to April,2450,20,15.0,50,85,,0.6058950868858013,0.530795223861912,0.5562843540459929,0.06822161350001604,0.1390385944438268
385,1.096103896,CoxsBazar,Kharif 2,17.5,67.5,Tobacco,Oct,Nov to Feb,Feb to April,422,20,15.0,50,85,55.0,0.5920513052550939,0.4799159794447154,0.42881639772966834,0.06931836672637309,0.2866525849958106
0,#DIV/0!,Cumilla,Kharif 2,17.5,67.5,Tobacco,Oct,Nov to Feb,Feb to April,0,20,15.0,50,85,,0.6260474113432829,0.47288326219807086,0.43521247711018823,0.1371442986277815,0.3487596083130284
0,#DIV/0!,Dhaka,Kharif 2,17.5,67.5,Tobacco,Oct,Nov to Feb,Feb to April,0,20,15.0,50,85,,0.42014379344061,0.3836949782943288,0.3280324263909043,0.08508889886739143,0.3278518747499494
9,0.4444444444,Dinajpur,Kharif 2,17.5,67.5,Tobacco,Oct,Nov to Feb,Feb to April,4,20,15.0,50,85,,0.6968213826970469,0.3911597113971651,0.4558719204084752,0.1458592526127134,0.3510443820127166
95,0.8105263158,Faridpur,Kharif 2,17.5,67.5,Tobacco,Oct,Nov to Feb,Feb to April,77,20,15.0,50,85,,0.5571700752994787,0.44518592128585815,0.3815029185984627,0.13917883553703742,0.3607017999141199
0,#DIV/0!,Feni,Kharif 2,17.5,67.5,Tobacco,Oct,Nov to Feb,Feb to April,0,20,15.0,50,85,,0.6864048324722554,0.48758637237988467,0.42558470083903494,0.13457311384527107,0.3828643827818602
82,0.7317073171,Gaibandha,Kharif 2,17.5,67.5,Tobacco,Oct,Nov to Feb,Feb to April,60,20,15.0,50,85,57.0,0.5191748931888249,0.3279281627858769,0.3682471867771155,0.12556206186323002,0.3094345807109266
0,#DIV/0!,Gazipur,Kharif 2,17.5,67.5,Tobacco,Oct,Nov to Feb,Feb to April,0,20,15.0,50,85,,0.5223462850901985,0.4732693412258707,0.3869340352261155,0.11515122917711507,0.3255431189635358
0,#DIV/0!,Gopalganj,Kharif 2,17.5,67.5,Tobacco,Oct,Nov to Feb,Feb to April,0,20,15.0,50,85,56.0,0.6266318567705287,0.4860170443297757,0.4844352143351765,0.12132253367968518,0.4792702295360826
0,#DIV/0!,Habiganj,Kharif 2,17.5,67.5,Tobacco,Oct,Nov to Feb,Feb to April,0,20,15.0,50,85,,0.45889587481196,0.380709338803105,0.49464565291842955,0.11663684385299297,0.2399103651205681
33,0.4848484848,Jamalpur,Kharif 2,17.5,67.5,Tobacco,Oct,Nov to Feb,Feb to April,16,20,15.0,50,85,,0.5680638462794619,0.4118705610377037,0.3776808394187772,0.12504480572978646,0.1827577072035731
0,#DIV/0!,Jashore,Kharif 2,17.5,67.5,Tobacco,Oct,Nov to Feb,Feb to April,0,20,15.0,50,85,,0.7028498240366357,0.4773143652186135,0.5283538679637112,0.10135421241836014,0.3838945484874524
0,#DIV/0!,Jhallokati,Kharif 2,17.5,67.5,Tobacco,Oct,Nov to Feb,Feb to April,0,20,15.0,50,85,,0.6984104731100329,0.5298162543299618,0.4392351539047728,0.14497461352264937,0.4988607970006209
4002,0.8263368316,Jhenaidah,Kharif 2,17.5,67.5,Tobacco,Oct,Nov to Feb,Feb to April,3307,20,15.0,50,85,,0.7437649112435227,0.4819779212865072,0.5392765141221537,0.11936234993167984,0.3220885598782582
0,#DIV/0!,Joypurhat,Kharif 2,17.5,67.5,Tobacco,Oct,Nov to Feb,Feb to April,0,20,15.0,50,85,64.0,0.6950315134846194,0.4072936757341328,0.47887763856587456,0.12437850475115055,0.3194107068979877
2046,0.9662756598,Khagrachari,Kharif 2,17.5,67.5,Tobacco,Oct,Nov to Feb,Feb to April,1977,20,15.0,50,85,54.0,0.7650947268938538,0.7179180016132212,0.506864335341556,0.16459511644422764,0.3382196284333821
0,#DIV/0!,Khulna,Kharif 2,17.5,67.5,Tobacco,Oct,Nov to Feb,Feb to April,0,20,15.0,50,85,59.0,0.5520675878443635,0.4683267466424762,0.3974227012482648,0.10717354579240082,0.4016941680534377
0,#DIV/0!,Kishoreganj,Kharif 2,17.5,67.5,Tobacco,Oct,Nov to Feb,Feb to April,0,20,15.0,50,85,,0.1918684324560693,0.3386475703447491,0.4729405918518193,0.13943780131608766,0.0508200478358936
393,0.6132315522,Kurigram,Kharif 2,17.5,67.5,Tobacco,Oct,Nov to Feb,Feb to April,241,20,15.0,50,85,,0.4923091315654682,0.3272284530216492,0.3206964144252499,0.10741613154634982,0.339929306221639
32376,1.067920682,Kushtia,Kharif 2,17.5,67.5,Tobacco,Oct,Nov to Feb,Feb to April,34575,20,15.0,50,85,,0.6262090914547398,0.44984907288415454,0.4624754898185149,0.09786242027502172,0.2595401427302436
0,#DIV/0!,Lakshmipur,Kharif 2,17.5,67.5,Tobacco,Oct,Nov to Feb,Feb to April,0,20,15.0,50,85,56.0,0.5253667671733465,0.39009665631874296,0.3653652364620225,0.10042555304230874,0.2352361031462211
17404,0.838830154,Lalmonirhat,Kharif 2,17.5,67.5,Tobacco,Oct,Nov to Feb,Feb to April,14599,20,15.0,50,85,,0.6005631769723303,0.41050848936043094,0.48998470384350573,0.10112176136703796,0.4453238905714439
0,#DIV/0!,Madaripur,Kharif 2,17.5,67.5,Tobacco,Oct,Nov to Feb,Feb to April,0,20,15.0,50,85,56.0,0.5680438314099354,0.4390723314414899,0.3644573135630586,0.1403162469963059,0.4063651096234308
1,0,Magura,Kharif 2,17.5,67.5,Tobacco,Oct,Nov to Feb,Feb to April,0,20,15.0,50,85,61.0,0.7173624754929421,0.4617642500312002,0.4708722258795271,0.12785965496739038,0.3522418035026976
5365,0.8320596459,Manikganj,Kharif 2,17.5,67.5,Tobacco,Oct,Nov to Feb,Feb to April,4464,20,15.0,50,85,,0.4193839512009965,0.35659875113743067,0.290424665561086,0.09861609153404356,0.4114178092969235
6057,1.134885257,Meherpur,Kharif 2,17.5,67.5,Tobacco,Oct,Nov to Feb,Feb to April,6874,20,15.0,50,85,65.0,0.6557736174550848,0.5507296743933876,0.5437648085783094,0.08789896889732247,0.1259660232378597
0,#DIV/0!,Moulvibazar,Kharif 2,17.5,67.5,Tobacco,Oct,Nov to Feb,Feb to April,0,20,15.0,50,85,,0.5081293337700128,0.4952625887749301,0.4579298360561219,0.08488885957999688,0.4082711888182118
4,0.5,Munshiganj,Kharif 2,17.5,67.5,Tobacco,Oct,Nov to Feb,Feb to April,2,20,15.0,50,85,,0.4799755728266007,0.4108646144821177,0.38135153512021763,0.13907044762862025,0.31340565567292
0,#DIV/0!,Mymensingh,Kharif 2,17.5,67.5,Tobacco,Oct,Nov to Feb,Feb to April,0,20,15.0,50,85,,0.6661036234448312,0.3882912054103752,0.3770744456748467,0.17197442360608786,0.4943108635282229
0,#DIV/0!,Naogaon,Kharif 2,17.5,67.5,Tobacco,Oct,Nov to Feb,Feb to April,0,20,15.0,50,85,,0.6437611050179507,0.37773799219078585,0.44320515377148667,0.1490518675511966,0.3298349904608932
0,#DIV/0!,Narail,Kharif 2,17.5,67.5,Tobacco,Oct,Nov to Feb,Feb to April,0,20,15.0,50,85,58.0,0.6251097875564693,0.455960701104157,0.463811524104659,0.10923326137090027,0.3795905639419704
0,#DIV/0!,Narayanganj,Kharif 2,17.5,67.5,Tobacco,Oct,Nov to Feb,Feb to April,0,20,15.0,50,85,,0.3876193728015197,0.38593309453047764,0.3381212291093049,0.07658986271822814,0.3114359236632746
0,#DIV/0!,Narsingdi,Kharif 2,17.5,67.5,Tobacco,Oct,Nov to Feb,Feb to April,0,20,15.0,50,85,,0.4212772529102456,0.46270852562311826,0.4432366492567433,0.08894703970502957,0.3858671860931894
87,0.4367816092,Natore,Kharif 2,17.5,67.5,Tobacco,Oct,Nov to Feb,Feb to April,38,20,15.0,50,85,,0.6270773846150153,0.4518419278448418,0.5235898501796531,0.11694281798209018,0.1449640755138761
36,1,Netrokona,Kharif 2,17.5,67.5,Tobacco,Oct,Nov to Feb,Feb to April,36,20,15.0,50,85,,0.3798255718688024,0.3455465298918347,0.4088457201680249,0.14361385584881256,0.3045873133388933
12075,0.7561076605,Nilphamari,Kharif 2,17.5,67.5,Tobacco,Oct,Nov to Feb,Feb to April,9130,20,15.0,50,85,,0.653377154092829,0.4001738974168444,0.4662881965902417,0.13081823882432134,0.4439194600915765
0,#DIV/0!,Noakhali,Kharif 2,17.5,67.5,Tobacco,Oct,Nov to Feb,Feb to April,0,20,15.0,50,85,55.0,0.5743616085661583,0.466963963803802,0.42873704726959755,0.09859302369303177,0.2611398897351406
0,#DIV/0!,Pabna,Kharif 2,17.5,67.5,Tobacco,Oct,Nov to Feb,Feb to April,0,20,15.0,50,85,,0.576205463230183,0.4451329779112825,0.4231117043633386,0.08841621209086932,0.2688296958156423
10,0.2,Panchagar,Kharif 2,17.5,67.5,Tobacco,Oct,Nov to Feb,Feb to April,2,20,15.0,50,85,,0.7131991955629091,0.38705334249247575,0.37326745465683425,0.1660471203623592,0.3210316931496211
0,#DIV/0!,Patuakhali,Kharif 2,17.5,67.5,Tobacco,Oct,Nov to Feb,Feb to April,0,20,15.0,50,85,,0.6209295032125958,0.4039949355168449,0.2796608917656713,0.16543853546748835,0.3662096619113779
0,#DIV/0!,Pirojpur,Kharif 2,17.5,67.5,Tobacco,Oct,Nov to Feb,Feb to April,0,20,15.0,50,85,57.0,0.6644367573268926,0.5081544643188036,0.41988289226107484,0.1372120317729899,0.4734452905350293
103,0.9126213592,Rajbari,Kharif 2,17.5,67.5,Tobacco,Oct,Nov to Feb,Feb to April,94,20,15.0,50,85,60.0,0.583792751193523,0.4043405915974824,0.38996244142790865,0.11249378373215907,0.3411103169038733
0,#DIV/0!,Rajshahi,Kharif 2,17.5,67.5,Tobacco,Oct,Nov to Feb,Feb to April,0,20,15.0,50,85,65.0,0.5638042771009885,0.40385404364101596,0.43952973021575364,0.07836275457077709,0.2171911759580277
1322,0.6875945537,Rangamati,Kharif 2,17.5,67.5,Tobacco,Oct,Nov to Feb,Feb to April,909,20,15.0,50,85,,0.7267932608407919,0.6904436775533455,0.4672013031485988,0.17010131784547686,0.407467011061289
8222,0.7675747993,Rangpur,Kharif 2,17.5,67.5,Tobacco,Oct,Nov to Feb,Feb to April,6311,20,15.0,50,85,59.0,0.6744499663546515,0.3958322423370637,0.41524602791002635,0.1514596809934557,0.4118453959149274
0,#DIV/0!,Satkhira,Kharif 2,17.5,67.5,Tobacco,Oct,Nov to Feb,Feb to April,0,20,15.0,50,85,59.0,0.5293331106485334,0.4350327710263543,0.39082545661790213,0.08419644024669956,0.2954937434231568
0,#DIV/0!,Shariatpur,Kharif 2,17.5,67.5,Tobacco,Oct,Nov to Feb,Feb to April,0,20,15.0,50,85,55.0,0.5050903206312234,0.3963210105562512,0.3116564128592009,0.13570917244933095,0.337774879445382
0,#DIV/0!,Sherpur,Kharif 2,17.5,67.5,Tobacco,Oct,Nov to Feb,Feb to April,0,20,15.0,50,85,,0.662903433290502,0.41404618041021135,0.41754488868976086,0.16981786589011325,0.3417866673453712
0,#DIV/0!,Sirajganj,Kharif 2,17.5,67.5,Tobacco,Oct,Nov to Feb,Feb to April,0,20,15.0,50,85,,0.4306876986901167,0.34625433107190007,0.34578968959315376,0.07587465677817191,0.1714208140792081
0,#DIV/0!,Sunamganj,Kharif 2,17.5,67.5,Tobacco,Oct,Nov to Feb,Feb to April,0,20,15.0,50,85,54.0,0.0714833095098531,0.31027128029930723,0.46393507231936537,0.19631834881919175,0.0062517479924633
0,#DIV/0!,Sylhet,Kharif 2,17.5,67.5,Tobacco,Oct,Nov to Feb,Feb to April,0,20,15.0,50,85,54.0,0.4585160647406363,0.44787279745620107,0.39805962153131697,0.09884893917290195,0.3776845712197997
342,0.5058479532,Tangail,Kharif 2,17.5,67.5,Tobacco,Oct,Nov to Feb,Feb to April,173,20,15.0,50,85,60.0,0.5962526033050995,0.40038182021930835,0.3236021176818092,0.14929537950302899,0.3358840930816195
0,#DIV/0!,Thakurgaon,Kharif 2,17.5,67.5,Tobacco,Oct,Nov to Feb,Feb to April,0,20,15.0,50,85,,0.6913470028229801,0.43211607649427575,0.48417020185905324,0.12430236925266322,0.3582324259138552
259,0.7722007722,Bagerhat,Rabi,17.75,55.0,Wheat,Dec,Jan  to  March,April,200,20,15.5,50,60,57.0,0.4540554389640537,0.5310603918516658,0.2844793013289463,0.11088340351188375,0.6214849029628107
0,#DIV/0!,Bandarban,Rabi,17.75,55.0,Wheat,Dec,Jan  to  March,April,0,20,15.5,50,60,55.0,0.7680437191871492,0.6711461843279111,0.3876779567270571,0.15981098022326307,0.7636090237183978
0,#DIV/0!,Barguna,Rabi,17.75,55.0,Wheat,Dec,Jan  to  March,April,0,20,15.5,50,60,57.0,0.4662558246927283,0.3254094075465732,0.2876097437686987,0.07249282641993464,0.6701243948177539
1800,0.9422222222,Barishal,Rabi,17.75,55.0,Wheat,Dec,Jan  to  March,April,1696,20,15.5,50,60,,0.372827378606825,0.3258251891916187,0.3100169088937738,0.07081409617229877,0.5307537456864099
5670,1.235449735,Bhola,Rabi,17.75,55.0,Wheat,Dec,Jan  to  March,April,7005,20,15.5,50,60,56.0,0.2620954557342561,0.25369716913212814,0.2246323016939531,0.033705417608764665,0.4295190696079973
6264,1.185185185,Bogura,Rabi,17.75,55.0,Wheat,Dec,Jan  to  March,April,7424,20,15.5,50,60,,0.3144341526519014,0.402110869787143,0.3974557819503149,0.07806523367763034,0.4866866462303992
1898,0.7260273973,Brahmanbaria,Rabi,17.75,55.0,Wheat,Dec,Jan  to  March,April,1378,20,15.5,50,60,54.0,0.3347151991117539,0.4280301292838294,0.4667222562628336,0.1288518174454057,0.4832769726821609
107,1.093457944,Chandpur,Rabi,17.75,55.0,Wheat,Dec,Jan  to  March,April,117,20,15.5,50,60,,0.4066104245438057,0.39344653680848696,0.2824497786894116,0.08264231471689698,0.511193701275472
60134,1.468836266,Chapai Nawabganj,Rabi,17.75,55.0,Wheat,Dec,Jan  to  March,April,88327,20,15.5,50,60,,0.3864980319501888,0.44328237522718034,0.3377839429676815,0.07929653244090899,0.5166230847120769
0,#DIV/0!,Chattogram,Rabi,17.75,55.0,Wheat,Dec,Jan  to  March,April,0,20,15.5,50,60,,0.5418237288330188,0.5028219050815989,0.3406132785765541,0.0803052118335613,0.6490491736260601
1869,1.504547887,Chuadanga,Rabi,17.75,55.0,Wheat,Dec,Jan  to  March,April,2812,20,15.5,50,60,,0.4480905156880582,0.5678158007056634,0.4685908909016339,0.07234960972658722,0.5781108306077708
0,#DIV/0!,CoxsBazar,Rabi,17.75,55.0,Wheat,Dec,Jan  to  March,April,0,20,15.5,50,60,55.0,0.479759680493097,0.46153591965254687,0.362233654035479,0.04712065042823963,0.5181658529893575
1231,1.022745735,Cumilla,Rabi,17.75,55.0,Wheat,Dec,Jan  to  March,April,1259,20,15.5,50,60,,0.4591086341017765,0.4634169807395878,0.2799573140061434,0.11566161053705055,0.6332118144284202
372,1.22311828,Dhaka,Rabi,17.75,55.0,Wheat,Dec,Jan  to  March,April,455,20,15.5,50,60,,0.3729581706124147,0.3773540523494136,0.2053280197750239,0.08401958637575263,0.4637615523232626
10237,1.279183354,Dinajpur,Rabi,17.75,55.0,Wheat,Dec,Jan  to  March,April,13095,20,15.5,50,60,,0.2906194740532874,0.4391421972459331,0.3864902076658625,0.10898037453800447,0.5334847342658163
55341,1.37738747,Faridpur,Rabi,17.75,55.0,Wheat,Dec,Jan  to  March,April,76226,20,15.5,50,60,,0.3585719698538986,0.4630858807111416,0.1596716045798009,0.13738366390810816,0.5431138624575879
150,1.073333333,Feni,Rabi,17.75,55.0,Wheat,Dec,Jan  to  March,April,161,20,15.5,50,60,,0.4082268131916088,0.46254311368047274,0.3154547680727988,0.06961302670674419,0.6568684139549554
7317,1.194888616,Gaibandha,Rabi,17.75,55.0,Wheat,Dec,Jan  to  March,April,8743,20,15.5,50,60,57.0,0.2511277688066824,0.3644401500636081,0.2560613395709359,0.11110971374957339,0.472527892285157
167,1.191616766,Gazipur,Rabi,17.75,55.0,Wheat,Dec,Jan  to  March,April,199,20,15.5,50,60,,0.503080146381813,0.4220036237240463,0.3013299480303391,0.09280545811085628,0.6351801312217112
13291,1.159355955,Gopalganj,Rabi,17.75,55.0,Wheat,Dec,Jan  to  March,April,15409,20,15.5,50,60,56.0,0.4609106854805545,0.49104019236001745,0.365624571223079,0.10542223447685811,0.6431246483263354
550,1.074545455,Habiganj,Rabi,17.75,55.0,Wheat,Dec,Jan  to  March,April,591,20,15.5,50,60,,0.2933653211174028,0.44688528396589416,0.4094105700184439,0.13686538738900883,0.490276717097282
10623,1.145533277,Jamalpur,Rabi,17.75,55.0,Wheat,Dec,Jan  to  March,April,12169,20,15.5,50,60,,0.4257361694326304,0.4110530343427405,0.2203033803902141,0.11503349535318241,0.516399347268738
1890,1.227513228,Jashore,Rabi,17.75,55.0,Wheat,Dec,Jan  to  March,April,2320,20,15.5,50,60,,0.4167681844969798,0.5077224522361125,0.5094016354846946,0.07353286273566573,0.5761013650280524
160,1.24375,Jhallokati,Rabi,17.75,55.0,Wheat,Dec,Jan  to  March,April,199,20,15.5,50,60,,0.5645420349590545,0.4437524233269056,0.3844964290526782,0.08022167130216228,0.7413763264744606
13261,1.406530428,Jhenaidah,Rabi,17.75,55.0,Wheat,Dec,Jan  to  March,April,18652,20,15.5,50,60,,0.3797805611465307,0.5232380446390258,0.4932941383053687,0.08463701871685593,0.5856887814533969
5649,1.09700832,Joypurhat,Rabi,17.75,55.0,Wheat,Dec,Jan  to  March,April,6197,20,15.5,50,60,64.0,0.2968852712832193,0.4414659029625008,0.5481632788078854,0.09450554661552477,0.495012034982754
0,#DIV/0!,Khagrachari,Rabi,17.75,55.0,Wheat,Dec,Jan  to  March,April,0,20,15.5,50,60,54.0,0.7269174609559165,0.6379503765918614,0.3194542381207939,0.16480071418699846,0.8046879631390788
497,1.040241449,Khulna,Rabi,17.75,55.0,Wheat,Dec,Jan  to  March,April,517,20,15.5,50,60,59.0,0.4194859752623969,0.4572477264538242,0.2547487058378869,0.09135644612825006,0.5800102272282405
3030,1.017821782,Kishoreganj,Rabi,17.75,55.0,Wheat,Dec,Jan  to  March,April,3084,20,15.5,50,60,,0.2840718604506674,0.4541608085029905,0.3676092519986164,0.14068617001925604,0.346103638367728
20932,1.337425951,Kurigram,Rabi,17.75,55.0,Wheat,Dec,Jan  to  March,April,27995,20,15.5,50,60,,0.2948933587045184,0.3351256585018025,0.2226332627293874,0.08371504367873149,0.4533404465415963
27399,1.560640899,Kushtia,Rabi,17.75,55.0,Wheat,Dec,Jan  to  March,April,42760,20,15.5,50,60,,0.3382201733296665,0.48457925711805044,0.3702999720630754,0.07812785274524288,0.5100774986217015
0,#DIV/0!,Lakshmipur,Rabi,17.75,55.0,Wheat,Dec,Jan  to  March,April,0,20,15.5,50,60,56.0,0.4300570517628377,0.3344784905348415,0.3561816998129432,0.06634426666166583,0.5368424127097657
3302,1.216232586,Lalmonirhat,Rabi,17.75,55.0,Wheat,Dec,Jan  to  March,April,4016,20,15.5,50,60,,0.3275862606305177,0.47779928539651834,0.4065448627465945,0.09743982525068033,0.4495769122619324
11787,1.194451514,Madaripur,Rabi,17.75,55.0,Wheat,Dec,Jan  to  March,April,14079,20,15.5,50,60,56.0,0.4022075356404387,0.4465895186859274,0.145892769350381,0.1378667850061235,0.5270003205348973
10947,1.132182333,Magura,Rabi,17.75,55.0,Wheat,Dec,Jan  to  March,April,12394,20,15.5,50,60,61.0,0.3856792337217167,0.49517532132545855,0.3516332543736697,0.08985154867669824,0.5564517069988566
3993,1.135487102,Manikganj,Rabi,17.75,55.0,Wheat,Dec,Jan  to  March,April,4534,20,15.5,50,60,,0.3774664093334369,0.3546973489651107,0.238108560268593,0.11011602663825164,0.4185406978474758
31854,1.718936397,Meherpur,Rabi,17.75,55.0,Wheat,Dec,Jan  to  March,April,54755,20,15.5,50,60,65.0,0.4469524389105069,0.5831407600083424,0.4240959983858737,0.08812555438801599,0.5774080200216897
88,0.7045454545,Moulvibazar,Rabi,17.75,55.0,Wheat,Dec,Jan  to  March,April,62,20,15.5,50,60,,0.4977793993594279,0.4569660852913717,0.3772511111134909,0.0673203085377929,0.6199927514832799
21,1.142857143,Munshiganj,Rabi,17.75,55.0,Wheat,Dec,Jan  to  March,April,24,20,15.5,50,60,,0.3336655622501818,0.4525393377447156,0.1254731884929805,0.15888460968517018,0.4487728540074254
3247,1.121650755,Mymensingh,Rabi,17.75,55.0,Wheat,Dec,Jan  to  March,April,3642,20,15.5,50,60,,0.3867889892825891,0.3751157558309477,0.2792620099084889,0.1266476407662074,0.6097119497847369
56124,1.415829235,Naogaon,Rabi,17.75,55.0,Wheat,Dec,Jan  to  March,April,79462,20,15.5,50,60,,0.300886392682955,0.43432741698029503,0.3353748718633925,0.13295541617518083,0.5271957717658298
3717,1.182943234,Narail,Rabi,17.75,55.0,Wheat,Dec,Jan  to  March,April,4397,20,15.5,50,60,58.0,0.3892973548681078,0.4821649438285152,0.3408352502702987,0.09177922797195084,0.5628542478735085
140,0.7642857143,Narayanganj,Rabi,17.75,55.0,Wheat,Dec,Jan  to  March,April,107,20,15.5,50,60,,0.4017658280813401,0.3641961125258338,0.2542342797497706,0.07060611072813075,0.484101190508087
241,0.9045643154,Narsingdi,Rabi,17.75,55.0,Wheat,Dec,Jan  to  March,April,218,20,15.5,50,60,,0.4960062531248373,0.4467058711280038,0.3744952593367734,0.08578653027208602,0.582228604206656
53757,1.190003162,Natore,Rabi,17.75,55.0,Wheat,Dec,Jan  to  March,April,63971,20,15.5,50,60,,0.3470177874611827,0.5192715602395143,0.3938140226589006,0.12032212861891539,0.5182904304847376
2005,0.8683291771,Netrokona,Rabi,17.75,55.0,Wheat,Dec,Jan  to  March,April,1741,20,15.5,50,60,,0.3218828493909481,0.4137755486167342,0.2180584018053236,0.16971815233591292,0.4572107645523022
12475,1.303807615,Nilphamari,Rabi,17.75,55.0,Wheat,Dec,Jan  to  March,April,16265,20,15.5,50,60,,0.3476216887866298,0.4580404607121493,0.348037858697919,0.11638621923881182,0.4830189104860807
21,0.9523809524,Noakhali,Rabi,17.75,55.0,Wheat,Dec,Jan  to  March,April,20,20,15.5,50,60,55.0,0.4379654866351988,0.43439086688218675,0.3485228861940609,0.05852972086407964,0.6121314642988956
64976,1.223959616,Pabna,Rabi,17.75,55.0,Wheat,Dec,Jan  to  March,April,79528,20,15.5,50,60,,0.388404621513211,0.46696140823084287,0.3016887841086959,0.07747623188958398,0.4938904215556714
44594,1.334080818,Panchagar,Rabi,17.75,55.0,Wheat,Dec,Jan  to  March,April,59492,20,15.5,50,60,,0.3552231484416963,0.40071757436792343,0.20279912294809,0.11411371251993274,0.485823986874206
31,1.322580645,Patuakhali,Rabi,17.75,55.0,Wheat,Dec,Jan  to  March,April,41,20,15.5,50,60,,0.3910234141136282,0.3030411264598909,0.2365474556695895,0.05795581922374171,0.6429891164126075
57,0.7368421053,Pirojpur,Rabi,17.75,55.0,Wheat,Dec,Jan  to  March,April,42,20,15.5,50,60,57.0,0.5355773894093223,0.442526845137816,0.3392577304779658,0.08680036103687731,0.6965960442832237
29485,1.059725284,Rajbari,Rabi,17.75,55.0,Wheat,Dec,Jan  to  March,April,31246,20,15.5,50,60,60.0,0.3159894357608295,0.4385174120226673,0.2441449981923793,0.09604993253974836,0.466512607496879
62433,1.236269281,Rajshahi,Rabi,17.75,55.0,Wheat,Dec,Jan  to  March,April,77184,20,15.5,50,60,65.0,0.3250446250255215,0.4345441802493639,0.39139088167786,0.06046054338697707,0.4638470315151211
0,#DIV/0!,Rangamati,Rabi,17.75,55.0,Wheat,Dec,Jan  to  March,April,0,20,15.5,50,60,,0.674089031025505,0.608992904675605,0.2740115169357396,0.17549329114672346,0.7572250026165042
4235,1.679338843,Rangpur,Rabi,17.75,55.0,Wheat,Dec,Jan  to  March,April,7112,20,15.5,50,60,59.0,0.302229029600414,0.4177240754748042,0.2902257990630829,0.10524014074762443,0.5551464143048584
1843,1.174715138,Satkhira,Rabi,17.75,55.0,Wheat,Dec,Jan  to  March,April,2165,20,15.5,50,60,59.0,0.4115941841061277,0.4390374300963688,0.2721199083647258,0.0775072193238727,0.4949600162131376
10260,1.313157895,Shariatpur,Rabi,17.75,55.0,Wheat,Dec,Jan  to  March,April,13473,20,15.5,50,60,55.0,0.3795439307242726,0.3988244619550267,0.0925735314905069,0.13943490520499544,0.4604456937918399
2080,1.173076923,Sherpur,Rabi,17.75,55.0,Wheat,Dec,Jan  to  March,April,2440,20,15.5,50,60,,0.4173752128178273,0.42147435111796216,0.2678615620118689,0.14708925288262115,0.6041241456870005
13460,1.149331352,Sirajganj,Rabi,17.75,55.0,Wheat,Dec,Jan  to  March,April,15470,20,15.5,50,60,,0.3521805347842084,0.374433544926247,0.2438028677727265,0.08325483652463546,0.3832723887128045
1172,0.7081911263,Sunamganj,Rabi,17.75,55.0,Wheat,Dec,Jan  to  March,April,830,20,15.5,50,60,54.0,0.2344378897328882,0.4831048862306309,0.2385902396757943,0.17996784288848028,0.1793284797174766
590,0.7406779661,Sylhet,Rabi,17.75,55.0,Wheat,Dec,Jan  to  March,April,437,20,15.5,50,60,54.0,0.430003861913886,0.4382349369142626,0.2401914716423759,0.10041011432221666,0.5401497904776739
11985,1.135836462,Tangail,Rabi,17.75,55.0,Wheat,Dec,Jan  to  March,April,13613,20,15.5,50,60,60.0,0.4405935738388953,0.37549463161646995,0.2191926340496671,0.12853262516363206,0.5500375193507461
121790,1.507652517,Thakurgaon,Rabi,17.75,55.0,Wheat,Dec,Jan  to  March,April,183617,20,15.5,50,60,,0.3186676286823571,0.504262929415545,0.373304905125753,0.09892301576353027,0.4435090691546509
490,1,Bagerhat,Kharif 1,25.0,70.0,Wood Apple,May,June to August,August to September,490,30,20.0,60,80,57.0,0.2670404721298456,0.2950134925899327,0.4274038167766788,0.10609541145465501,0.2844793013289463
83,2.012048193,Bandarban,Kharif 1,25.0,70.0,Wood Apple,May,June to August,August to September,167,30,20.0,60,80,55.0,0.2612788417491431,0.4873758494471947,0.4368947017278657,0.10615674240377646,0.3876779567270571
80,0.9375,Barguna,,25.0,70.0,Wood Apple,May,June to August,August to September,75,30,20.0,60,80,57.0,0.3323424160378924,0.23863117597059522,0.251793712631361,0.07837592201848463,0.2876097437686987
563,0.9253996448,Barishal,Kharif 1,25.0,70.0,Wood Apple,May,June to August,August to September,521,30,20.0,60,80,,0.309535002934125,0.23613805496103848,0.25884791955367686,0.07072733202341608,0.3100169088937738
155,1.032258065,Bhola,Kharif 1,25.0,70.0,Wood Apple,May,June to August,August to September,160,30,20.0,60,80,56.0,0.1946286534864403,0.13946893734096613,0.14814231615787765,0.06395865186018915,0.2246323016939531
344,1.85755814,Bogura,Kharif 1,25.0,70.0,Wood Apple,May,June to August,August to September,639,30,20.0,60,80,,0.2764687680682978,0.1834073810352517,0.21590492358133406,0.08307366519647386,0.3974557819503149
166,2.445783133,Brahmanbaria,Kharif 1,25.0,70.0,Wood Apple,May,June to August,August to September,406,30,20.0,60,80,54.0,0.2371168297003784,0.15612526768194146,0.23311424095446215,0.07711577295107729,0.4667222562628336
246,1.231707317,Chandpur,Kharif 1,25.0,70.0,Wood Apple,May,June to August,August to September,303,30,20.0,60,80,,0.244284950998653,0.24914948642902943,0.25040468411213634,0.04937227005325401,0.2824497786894116
119,2.134453782,Chapai Nawabganj,Kharif 1,25.0,70.0,Wood Apple,May,June to August,August to September,254,30,20.0,60,80,,0.2662611383381359,0.36075364542673066,0.3140133434390434,0.06769493479035808,0.3377839429676815
586,2.402730375,Chattogram,Kharif 1,25.0,70.0,Wood Apple,May,June to August,August to September,1408,30,20.0,60,80,,0.291756878234579,0.3344371289648777,0.3420172801180706,0.095108748602377,0.3406132785765541
99,2.383838384,Chuadanga,Kharif 1,25.0,70.0,Wood Apple,May,June to August,August to September,236,30,20.0,60,80,,0.372967925798721,0.35678541141680853,0.2719459361764927,0.10464273202842496,0.4685908909016339
143,1.881118881,CoxsBazar,Kharif 1,25.0,70.0,Wood Apple,May,June to August,August to September,269,30,20.0,60,80,55.0,0.280567372051847,0.34773760695086736,0.31954097171244267,0.037155397564386204,0.362233654035479
384,1.919270833,Cumilla,Kharif 1,25.0,70.0,Wood Apple,May,June to August,August to September,737,30,20.0,60,80,,0.2661785623056151,0.27041889417165876,0.291481144108595,0.11716122406507316,0.2799573140061434
176,1.363636364,Dhaka,Kharif 1,25.0,70.0,Wood Apple,May,June to August,August to September,240,30,20.0,60,80,,0.2739750686969379,0.21215400231049686,0.24478020581549825,0.06067624703455686,0.2053280197750239
163,1,Dinajpur,Kharif 1,25.0,70.0,Wood Apple,May,June to August,August to September,163,30,20.0,60,80,,0.3916540989397346,0.16282878044710997,0.29143132236001257,0.13042600682431751,0.3864902076658625
558,1.200716846,Faridpur,Kharif 1,25.0,70.0,Wood Apple,May,June to August,August to September,670,30,20.0,60,80,,0.5012944760184437,0.24173796445702278,0.29755027175904253,0.121041110396074,0.1596716045798009
122,0.7213114754,Feni,Kharif 1,25.0,70.0,Wood Apple,May,June to August,August to September,88,30,20.0,60,80,,0.2107211652615962,0.18850396740869013,0.2778078400860854,0.1338885444905687,0.3154547680727988
65,0.9846153846,Gaibandha,Kharif 1,25.0,70.0,Wood Apple,May,June to August,August to September,64,30,20.0,60,80,57.0,0.2909507765996219,0.1679196318515741,0.2478348479411857,0.12191323577775151,0.2560613395709359
358,2.089385475,Gazipur,Kharif 1,25.0,70.0,Wood Apple,May,June to August,August to September,748,30,20.0,60,80,,0.2642814227206714,0.1782788840637368,0.20271260530122726,0.12271939323869548,0.3013299480303391
358,0.125698324,Gopalganj,Kharif 1,25.0,70.0,Wood Apple,May,June to August,August to September,45,30,20.0,60,80,56.0,0.3983745038075617,0.36058273047915157,0.4262801911371143,0.052201624396259305,0.365624571223079
62,1.435483871,Habiganj,Kharif 1,25.0,70.0,Wood Apple,May,June to August,August to September,89,30,20.0,60,80,,0.2185560015489672,0.18041933275302002,0.19736989304857525,0.04906139123422993,0.4094105700184439
324,1.561728395,Jamalpur,Kharif 1,25.0,70.0,Wood Apple,May,June to August,August to September,506,30,20.0,60,80,,0.2256493291364875,0.1651581312342611,0.1737837077478204,0.07493106789215614,0.2203033803902141
549,1.62295082,Jashore,Kharif 1,25.0,70.0,Wood Apple,May,June to August,August to September,891,30,20.0,60,80,,0.3985753946916057,0.26040367180119256,0.3564320953995454,0.08751027139160288,0.5094016354846946
151,0.642384106,Jhallokati,Kharif 1,25.0,70.0,Wood Apple,May,June to August,August to September,97,30,20.0,60,80,,0.4467251837879121,0.3257560376153326,0.37830132123720983,0.09673861817633343,0.3844964290526782
211,1.853080569,Jhenaidah,Kharif 1,25.0,70.0,Wood Apple,May,June to August,August to September,391,30,20.0,60,80,,0.408777297617167,0.30816517118693304,0.3402855752061854,0.058023568915673326,0.4932941383053687
131,1.72519084,Joypurhat,Kharif 1,25.0,70.0,Wood Apple,May,June to August,August to September,226,30,20.0,60,80,64.0,0.3944038962894077,0.1805981085381633,0.22673930310718554,0.11536153321940674,0.5481632788078854
716,1.824022346,Khagrachari,Kharif 1,25.0,70.0,Wood Apple,May,June to August,August to September,1306,30,20.0,60,80,54.0,0.3644198594801792,0.4333408734547521,0.4214656657123207,0.13312953616687365,0.3194542381207939
508,1.149606299,Khulna,Kharif 1,25.0,70.0,Wood Apple,May,June to August,August to September,584,30,20.0,60,80,59.0,0.2474562801358325,0.23922534488555489,0.33800911816002543,0.07631764099135398,0.2547487058378869
451,2.381374723,Kishoreganj,Kharif 1,25.0,70.0,Wood Apple,May,June to August,August to September,1074,30,20.0,60,80,,0.1332425341291768,0.016074982793197103,0.04304073645143695,0.05936232322819972,0.3676092519986164
84,2.035714286,Kurigram,Kharif 1,25.0,70.0,Wood Apple,May,June to August,August to September,171,30,20.0,60,80,,0.2500938130926464,0.14005288627957205,0.2499837168316994,0.10850521976932619,0.2226332627293874
255,4.764705882,Kushtia,Kharif 1,25.0,70.0,Wood Apple,May,June to August,August to September,1215,30,20.0,60,80,,0.2938513007384295,0.32281811024020507,0.2806393664739088,0.03629129702221073,0.3702999720630754
113,0.610619469,Lakshmipur,Kharif 1,25.0,70.0,Wood Apple,May,June to August,August to September,69,30,20.0,60,80,56.0,0.2205991932065824,0.17312367993425207,0.2043739971160656,0.04352880038192147,0.3561816998129432
191,0.4712041885,Lalmonirhat,Kharif 1,25.0,70.0,Wood Apple,May,June to August,August to September,90,30,20.0,60,80,,0.3339137681224553,0.20399269667659103,0.3649299840462842,0.12096794873459164,0.4065448627465945
212,1.066037736,Madaripur,Kharif 1,25.0,70.0,Wood Apple,May,June to August,August to September,226,30,20.0,60,80,56.0,0.3999496888165858,0.298561323274337,0.3222855593882866,0.07088132069838882,0.145892769350381
514,2.33463035,Magura,Kharif 1,25.0,70.0,Wood Apple,May,June to August,August to September,1200,30,20.0,60,80,61.0,0.4952291300988705,0.28372301221243107,0.28865274880881886,0.09872235928038631,0.3516332543736697
167,1.868263473,Manikganj,Kharif 1,25.0,70.0,Wood Apple,May,June to August,August to September,312,30,20.0,60,80,,0.3258735577731652,0.19087231609317792,0.296352827831847,0.1039142743379443,0.238108560268593
63,2.19047619,Meherpur,Kharif 1,25.0,70.0,Wood Apple,May,June to August,August to September,138,30,20.0,60,80,65.0,0.4393863474141398,0.3838808521368812,0.25948503399526074,0.1253503564297277,0.4240959983858737
46,2.456521739,Moulvibazar,Kharif 1,25.0,70.0,Wood Apple,May,June to August,August to September,113,30,20.0,60,80,,0.2272905883804999,0.28293930445605037,0.3190542249067888,0.0759106064972329,0.3772511111134909
104,1.471153846,Munshiganj,Kharif 1,25.0,70.0,Wood Apple,May,June to August,August to September,153,30,20.0,60,80,,0.3805900028922174,0.2515810497126334,0.22296002498692666,0.09286565525676901,0.1254731884929805
1207,1.349627175,Mymensingh,Kharif 1,25.0,70.0,Wood Apple,May,June to August,August to September,1629,30,20.0,60,80,,0.183712498982838,0.18537890202527174,0.31664926211503513,0.1477366402125922,0.2792620099084889
230,1.660869565,Naogaon,Kharif 1,25.0,70.0,Wood Apple,May,June to August,August to September,382,30,20.0,60,80,,0.2178154704904624,0.23885959032399665,0.2954428396673448,0.071171541550213,0.3353748718633925
106,1.528301887,Narail,Kharif 1,25.0,70.0,Wood Apple,May,June to August,August to September,162,30,20.0,60,80,58.0,0.3738582462137362,0.2835308630843257,0.33682367999562923,0.05254724772652295,0.3408352502702987
102,1.843137255,Narayanganj,Kharif 1,25.0,70.0,Wood Apple,May,June to August,August to September,188,30,20.0,60,80,,0.2967271553285521,0.2557490787610159,0.2585031197352457,0.06253027863802368,0.2542342797497706
280,2.375,Narsingdi,Kharif 1,25.0,70.0,Wood Apple,May,June to August,August to September,665,30,20.0,60,80,,0.2875359195667165,0.2247308627605966,0.30355746053955873,0.1320206241806868,0.3744952593367734
549,1.828779599,Natore,Kharif 1,25.0,70.0,Wood Apple,May,June to August,August to September,1004,30,20.0,60,80,,0.2843293374458162,0.29576936652511276,0.19738068574590295,0.09121419650476055,0.3938140226589006
287,2.512195122,Netrokona,Kharif 1,25.0,70.0,Wood Apple,May,June to August,August to September,721,30,20.0,60,80,,0.1216241284636668,0.05679763863339246,0.20716307868771594,0.1219151479674096,0.2180584018053236
169,1.733727811,Nilphamari,Kharif 1,25.0,70.0,Wood Apple,May,June to August,August to September,293,30,20.0,60,80,,0.3905363140056865,0.17637074377700532,0.3705376763987869,0.1531993206087085,0.348037858697919
183,1.295081967,Noakhali,Kharif 1,25.0,70.0,Wood Apple,May,June to August,August to September,237,30,20.0,60,80,55.0,0.1658426609921801,0.18637884921235115,0.20375110811533592,0.07975678586465766,0.3485228861940609
360,2.838888889,Pabna,Kharif 1,25.0,70.0,Wood Apple,May,June to August,August to September,1022,30,20.0,60,80,,0.3054242601831844,0.3105245352638637,0.267168065887026,0.03304447981821528,0.3016887841086959
95,1.347368421,Panchagar,Kharif 1,25.0,70.0,Wood Apple,May,June to August,August to September,128,30,20.0,60,80,,0.5473277632011888,0.2682288320359047,0.34521671646746704,0.13700488735039854,0.20279912294809
487,1.316221766,Patuakhali,Kharif 1,25.0,70.0,Wood Apple,May,June to August,August to September,641,30,20.0,60,80,,0.3357123883791376,0.1852391110342515,0.23325759894889453,0.10949991867690612,0.2365474556695895
117,0.6837606838,Pirojpur,Kharif 1,25.0,70.0,Wood Apple,May,June to August,August to September,80,30,20.0,60,80,57.0,0.4034404459856785,0.30394761567671086,0.3679417832788916,0.0922917067650249,0.3392577304779658
156,1.698717949,Rajbari,Kharif 1,25.0,70.0,Wood Apple,May,June to August,August to September,265,30,20.0,60,80,60.0,0.420965323158295,0.2970234378073349,0.2690441376442564,0.08317200583802703,0.2441449981923793
217,2.967741935,Rajshahi,Kharif 1,25.0,70.0,Wood Apple,May,June to August,August to September,644,30,20.0,60,80,65.0,0.2148030029570647,0.3092789883052905,0.2703161097973671,0.05210423441626023,0.39139088167786
426,2.0657277,Rangamati,Kharif 1,25.0,70.0,Wood Apple,May,June to August,August to September,880,30,20.0,60,80,,0.2219434186735245,0.45438042271379503,0.4020458927209217,0.13937679638997502,0.2740115169357396
125,1.864,Rangpur,Kharif 1,25.0,70.0,Wood Apple,May,June to August,August to September,233,30,20.0,60,80,59.0,0.4001486941371419,0.18077115804206353,0.3352855188625463,0.14839143778850622,0.2902257990630829
417,1.681055156,Satkhira,Kharif 1,25.0,70.0,Wood Apple,May,June to August,August to September,701,30,20.0,60,80,59.0,0.2245382571010397,0.209223999439243,0.2781635199485982,0.06671045473292113,0.2721199083647258
1215,1.469135802,Shariatpur,Kharif 1,25.0,70.0,Wood Apple,May,June to August,August to September,1785,30,20.0,60,80,55.0,0.3404679378482187,0.28948176202032666,0.3219231427759088,0.042296889786751946,0.0925735314905069
178,1.820224719,Sherpur,Kharif 1,25.0,70.0,Wood Apple,May,June to August,August to September,324,30,20.0,60,80,,0.2278267182217989,0.18268127838824996,0.2711154964219722,0.11037033954217502,0.2678615620118689
256,2.1953125,Sirajganj,Kharif 1,25.0,70.0,Wood Apple,May,June to August,August to September,562,30,20.0,60,80,,0.1547068330441469,0.1652585464899234,0.14497477335042325,0.046149852052537084,0.2438028677727265
50,1.38,Sunamganj,Kharif 1,25.0,70.0,Wood Apple,May,June to August,August to September,69,30,20.0,60,80,54.0,0.0066240920840004,-0.08076530955029286,0.0079277229735016,0.08897030072650396,0.2385902396757943
95,1.242105263,Sylhet,Kharif 1,25.0,70.0,Wood Apple,May,June to August,August to September,118,30,20.0,60,80,54.0,0.0219238745854215,0.11117789593750627,0.2776328969217867,0.14645304513879398,0.2401914716423759
497,1.348088531,Tangail,Kharif 1,25.0,70.0,Wood Apple,May,June to August,August to September,670,30,20.0,60,80,60.0,0.1960530352637223,0.15022118097715678,0.2475414525208851,0.08117510346673193,0.2191926340496671
49,1.469387755,Thakurgaon,Kharif 1,25.0,70.0,Wood Apple,May,June to August,August to September,72,30,20.0,60,80,,0.4809286896683722,0.25305829680575775,0.3704238008493431,0.12960258924376603,0.373304905125753
