State,Station_ID,Date,Year,Month,Precipitation_mm,Attributes
Rhode Island,GHCND:US1RIKN0002,2015-01-01T00:00:00,2015,01,69.8,"3,,,N"
Rhode Island,GHCND:US1RINW0004,2015-01-01T00:00:00,2015,01,105.8,",,,N"
Rhode Island,GHCND:US1RINW0007,2015-01-01T00:00:00,2015,01,109.1,",,,N"
Rhode Island,GHCND:US1RINW0009,2015-01-01T00:00:00,2015,01,77.6,"5,,,N"
Rhode Island,GHCND:US1RIPR0017,2015-01-01T00:00:00,2015,01,88.3,",,,N"
Rhode Island,GHCND:US1RIPR0020,2015-01-01T00:00:00,2015,01,117.5,",,,N"
Rhode Island,GHCND:US1RIPR0033,2015-01-01T00:00:00,2015,01,111.6,",,,N"
Rhode Island,GHCND:US1RIWS0001,2015-01-01T00:00:00,2015,01,140.9,"1,a,,N"
Rhode Island,GHCND:US1RIWS0019,2015-01-01T00:00:00,2015,01,96.4,"3,,,N"
Rhode Island,GHCND:USC00374266,2015-01-01T00:00:00,2015,01,101.1,",,,7"
Rhode Island,GHCND:USC00375270,2015-01-01T00:00:00,2015,01,115.3,",,,7"
Rhode Island,GHCND:USC00377581,2015-01-01T00:00:00,2015,01,102.9,",,,7"
Rhode Island,GHCND:USC00379423,2015-01-01T00:00:00,2015,01,97.3,",,,7"
Rhode Island,GHCND:USW00014765,2015-01-01T00:00:00,2015,01,92.2,",,,W"
Rhode Island,GHCND:USW00014787,2015-01-01T00:00:00,2015,01,71.3,",,,W"
Rhode Island,GHCND:USW00014794,2015-01-01T00:00:00,2015,01,73.7,",,,W"
Rhode Island,GHCND:USW00054796,2015-01-01T00:00:00,2015,01,96.3,",,,R"
Rhode Island,GHCND:USW00054797,2015-01-01T00:00:00,2015,01,105.0,",,,R"
Rhode Island,GHCND:US1RIKN0002,2015-02-01T00:00:00,2015,02,87.8,"1,,,N"
Rhode Island,GHCND:US1RINW0004,2015-02-01T00:00:00,2015,02,58.9,",,,N"
Rhode Island,GHCND:US1RINW0007,2015-02-01T00:00:00,2015,02,69.4,"1,,,N"
Rhode Island,GHCND:US1RIPR0017,2015-02-01T00:00:00,2015,02,86.4,",,,N"
Rhode Island,GHCND:US1RIPR0020,2015-02-01T00:00:00,2015,02,99.9,"2,,,N"
Rhode Island,GHCND:US1RIPR0033,2015-02-01T00:00:00,2015,02,89.7,",,,N"
Rhode Island,GHCND:US1RIPR0035,2015-02-01T00:00:00,2015,02,64.8,"5,,,N"
Rhode Island,GHCND:US1RIWS0001,2015-02-01T00:00:00,2015,02,61.7,"2,a,,N"
Rhode Island,GHCND:US1RIWS0020,2015-02-01T00:00:00,2015,02,36.3,"1,,,N"
Rhode Island,GHCND:USC00374266,2015-02-01T00:00:00,2015,02,58.6,",,,7"
Rhode Island,GHCND:USC00375270,2015-02-01T00:00:00,2015,02,87.2,",,,7"
Rhode Island,GHCND:USC00377581,2015-02-01T00:00:00,2015,02,78.5,",,,7"
Rhode Island,GHCND:USC00379423,2015-02-01T00:00:00,2015,02,90.0,",,,7"
Rhode Island,GHCND:USW00014765,2015-02-01T00:00:00,2015,02,69.4,",,,W"
Rhode Island,GHCND:USW00014787,2015-02-01T00:00:00,2015,02,46.3,",,,W"
Rhode Island,GHCND:USW00014794,2015-02-01T00:00:00,2015,02,42.4,",,,W"
Rhode Island,GHCND:USW00054796,2015-02-01T00:00:00,2015,02,55.3,",,,R"
Rhode Island,GHCND:USW00054797,2015-02-01T00:00:00,2015,02,60.2,",,,R"
Rhode Island,GHCND:US1RIKN0002,2015-03-01T00:00:00,2015,03,133.0,",,,N"
Rhode Island,GHCND:US1RINW0004,2015-03-01T00:00:00,2015,03,105.9,",,,N"
Rhode Island,GHCND:US1RINW0007,2015-03-01T00:00:00,2015,03,126.1,"1,,,N"
Rhode Island,GHCND:US1RIPR0017,2015-03-01T00:00:00,2015,03,108.4,",,,N"
Rhode Island,GHCND:US1RIPR0020,2015-03-01T00:00:00,2015,03,90.8,"4,,,N"
Rhode Island,GHCND:US1RIPR0033,2015-03-01T00:00:00,2015,03,94.6,",,,N"
Rhode Island,GHCND:USC00374266,2015-03-01T00:00:00,2015,03,137.0,",,,7"
Rhode Island,GHCND:USC00375270,2015-03-01T00:00:00,2015,03,106.8,",,,7"
Rhode Island,GHCND:USC00377581,2015-03-01T00:00:00,2015,03,131.2,",,,7"
Rhode Island,GHCND:USC00379423,2015-03-01T00:00:00,2015,03,82.7,",,,7"
Rhode Island,GHCND:USW00014765,2015-03-01T00:00:00,2015,03,111.8,",,,W"
Rhode Island,GHCND:USW00014787,2015-03-01T00:00:00,2015,03,99.0,",,,W"
Rhode Island,GHCND:USW00014794,2015-03-01T00:00:00,2015,03,126.8,"1,,,W"
Rhode Island,GHCND:USW00054796,2015-03-01T00:00:00,2015,03,139.6,",,,R"
Rhode Island,GHCND:USW00054797,2015-03-01T00:00:00,2015,03,138.6,",,,R"
Rhode Island,GHCND:US1RIKN0002,2015-04-01T00:00:00,2015,04,61.0,"1,,,N"
Rhode Island,GHCND:US1RINW0004,2015-04-01T00:00:00,2015,04,31.8,",,,N"
Rhode Island,GHCND:US1RINW0007,2015-04-01T00:00:00,2015,04,39.6,"2,,,N"
Rhode Island,GHCND:US1RIPR0017,2015-04-01T00:00:00,2015,04,71.1,",,,N"
Rhode Island,GHCND:US1RIPR0033,2015-04-01T00:00:00,2015,04,88.8,",,,N"
Rhode Island,GHCND:US1RIWS0001,2015-04-01T00:00:00,2015,04,54.1,"2,,,N"
Rhode Island,GHCND:US1RIWS0020,2015-04-01T00:00:00,2015,04,44.3,"1,,,N"
Rhode Island,GHCND:US1RIWS0024,2015-04-01T00:00:00,2015,04,44.0,"2,,,N"
Rhode Island,GHCND:USC00371874,2015-04-01T00:00:00,2015,04,90.2,",a,,7"
Rhode Island,GHCND:USC00374266,2015-04-01T00:00:00,2015,04,55.3,",,,7"
Rhode Island,GHCND:USC00375270,2015-04-01T00:00:00,2015,04,97.8,",,,7"
Rhode Island,GHCND:USC00377581,2015-04-01T00:00:00,2015,04,59.6,",,,7"
Rhode Island,GHCND:USC00379423,2015-04-01T00:00:00,2015,04,89.0,",,,7"
Rhode Island,GHCND:USW00014765,2015-04-01T00:00:00,2015,04,63.9,",,,W"
Rhode Island,GHCND:USW00014787,2015-04-01T00:00:00,2015,04,39.4,",,,W"
Rhode Island,GHCND:USW00014794,2015-04-01T00:00:00,2015,04,34.3,",,,W"
Rhode Island,GHCND:USW00054796,2015-04-01T00:00:00,2015,04,48.2,",,,R"
Rhode Island,GHCND:USW00054797,2015-04-01T00:00:00,2015,04,47.9,",,,R"
Rhode Island,GHCND:US1RIKN0002,2015-05-01T00:00:00,2015,05,10.1,",,,N"
Rhode Island,GHCND:US1RINW0004,2015-05-01T00:00:00,2015,05,4.1,",,,N"
Rhode Island,GHCND:US1RINW0007,2015-05-01T00:00:00,2015,05,14.1,"1,,,N"
Rhode Island,GHCND:US1RIPR0017,2015-05-01T00:00:00,2015,05,16.0,"1,,,N"
Rhode Island,GHCND:US1RIPR0020,2015-05-01T00:00:00,2015,05,21.9,",,,N"
Rhode Island,GHCND:US1RIPR0033,2015-05-01T00:00:00,2015,05,18.8,",,,N"
Rhode Island,GHCND:US1RIWS0001,2015-05-01T00:00:00,2015,05,15.0,"2,a,,N"
Rhode Island,GHCND:US1RIWS0020,2015-05-01T00:00:00,2015,05,14.3,",,,N"
Rhode Island,GHCND:USC00374266,2015-05-01T00:00:00,2015,05,9.7,",,,7"
Rhode Island,GHCND:USC00375270,2015-05-01T00:00:00,2015,05,60.2,",,,7"
Rhode Island,GHCND:USC00377581,2015-05-01T00:00:00,2015,05,30.0,",,,7"
Rhode Island,GHCND:USC00379423,2015-05-01T00:00:00,2015,05,17.5,",,,7"
Rhode Island,GHCND:USW00014765,2015-05-01T00:00:00,2015,05,93.8,",,,W"
Rhode Island,GHCND:USW00014787,2015-05-01T00:00:00,2015,05,9.2,",,,W"
Rhode Island,GHCND:USW00014794,2015-05-01T00:00:00,2015,05,25.1,",,,W"
Rhode Island,GHCND:USW00054796,2015-05-01T00:00:00,2015,05,22.2,",,,R"
Rhode Island,GHCND:USW00054797,2015-05-01T00:00:00,2015,05,16.7,",,,R"
Rhode Island,GHCND:US1RIKN0002,2015-06-01T00:00:00,2015,06,179.0,",,,N"
Rhode Island,GHCND:US1RINW0004,2015-06-01T00:00:00,2015,06,97.1,",,,N"
Rhode Island,GHCND:US1RINW0005,2015-06-01T00:00:00,2015,06,98.2,"3,,,N"
Rhode Island,GHCND:US1RINW0007,2015-06-01T00:00:00,2015,06,117.0,"4,,,N"
Rhode Island,GHCND:US1RIPR0017,2015-06-01T00:00:00,2015,06,197.0,",,,N"
Rhode Island,GHCND:US1RIPR0020,2015-06-01T00:00:00,2015,06,117.5,"1,,,N"
Rhode Island,GHCND:US1RIPR0033,2015-06-01T00:00:00,2015,06,170.7,",,,N"
Rhode Island,GHCND:US1RIWS0001,2015-06-01T00:00:00,2015,06,140.5,",,,N"
Rhode Island,GHCND:US1RIWS0020,2015-06-01T00:00:00,2015,06,131.2,"1,,,N"
Rhode Island,GHCND:US1RIWS0024,2015-06-01T00:00:00,2015,06,140.7,"3,,,N"
Rhode Island,GHCND:USC00371874,2015-06-01T00:00:00,2015,06,144.8,"1,a,,7"
Rhode Island,GHCND:USC00374266,2015-06-01T00:00:00,2015,06,160.7,",,,7"
Rhode Island,GHCND:USC00375270,2015-06-01T00:00:00,2015,06,124.6,",,,7"
Rhode Island,GHCND:USC00377581,2015-06-01T00:00:00,2015,06,114.5,",,,7"
Rhode Island,GHCND:USC00379423,2015-06-01T00:00:00,2015,06,165.7,",,,7"
Rhode Island,GHCND:USW00014765,2015-06-01T00:00:00,2015,06,135.9,",,,W"
Rhode Island,GHCND:USW00014787,2015-06-01T00:00:00,2015,06,109.8,",,,W"
Rhode Island,GHCND:USW00014794,2015-06-01T00:00:00,2015,06,104.2,",,,W"
Rhode Island,GHCND:USW00054796,2015-06-01T00:00:00,2015,06,140.0,",,,R"
Rhode Island,GHCND:USW00054797,2015-06-01T00:00:00,2015,06,148.2,",,,R"
Rhode Island,GHCND:US1RIKN0002,2015-07-01T00:00:00,2015,07,149.9,",,,N"
Rhode Island,GHCND:US1RINW0004,2015-07-01T00:00:00,2015,07,118.1,",,,N"
Rhode Island,GHCND:US1RINW0005,2015-07-01T00:00:00,2015,07,78.7,",,,N"
Rhode Island,GHCND:US1RINW0007,2015-07-01T00:00:00,2015,07,80.0,"1,,,N"
Rhode Island,GHCND:US1RIPR0020,2015-07-01T00:00:00,2015,07,103.7,"1,,,N"
Rhode Island,GHCND:US1RIPR0033,2015-07-01T00:00:00,2015,07,81.5,",,,N"
Rhode Island,GHCND:US1RIPR0035,2015-07-01T00:00:00,2015,07,34.5,"5,,,N"
Rhode Island,GHCND:US1RIWS0001,2015-07-01T00:00:00,2015,07,62.8,",,,N"
Rhode Island,GHCND:US1RIWS0020,2015-07-01T00:00:00,2015,07,69.2,"5,,,N"
Rhode Island,GHCND:USC00371874,2015-07-01T00:00:00,2015,07,86.3,",a,,7"
Rhode Island,GHCND:USC00374266,2015-07-01T00:00:00,2015,07,93.0,",,,7"
Rhode Island,GHCND:USC00375270,2015-07-01T00:00:00,2015,07,93.7,",,,7"
Rhode Island,GHCND:USC00377581,2015-07-01T00:00:00,2015,07,151.1,",,,7"
Rhode Island,GHCND:USC00379423,2015-07-01T00:00:00,2015,07,50.9,",,,7"
Rhode Island,GHCND:USW00014765,2015-07-01T00:00:00,2015,07,59.6,",,,W"
Rhode Island,GHCND:USW00014787,2015-07-01T00:00:00,2015,07,116.5,",,,W"
Rhode Island,GHCND:USW00014794,2015-07-01T00:00:00,2015,07,86.6,",,,W"
Rhode Island,GHCND:USW00054796,2015-07-01T00:00:00,2015,07,85.9,",,,R"
Rhode Island,GHCND:USW00054797,2015-07-01T00:00:00,2015,07,88.8,",,,R"
Rhode Island,GHCND:US1RIKN0002,2015-08-01T00:00:00,2015,08,70.5,",,,N"
Rhode Island,GHCND:US1RINW0004,2015-08-01T00:00:00,2015,08,69.4,",,,N"
Rhode Island,GHCND:US1RINW0005,2015-08-01T00:00:00,2015,08,103.8,",,,N"
Rhode Island,GHCND:US1RINW0007,2015-08-01T00:00:00,2015,08,86.6,"2,,,N"
Rhode Island,GHCND:US1RIPR0017,2015-08-01T00:00:00,2015,08,58.3,"2,,,N"
Rhode Island,GHCND:US1RIPR0020,2015-08-01T00:00:00,2015,08,45.5,",,,N"
Rhode Island,GHCND:US1RIPR0033,2015-08-01T00:00:00,2015,08,38.1,",,,N"
Rhode Island,GHCND:US1RIPR0035,2015-08-01T00:00:00,2015,08,113.8,"1,,,N"
Rhode Island,GHCND:US1RIWS0001,2015-08-01T00:00:00,2015,08,46.2,",a,,N"
Rhode Island,GHCND:US1RIWS0025,2015-08-01T00:00:00,2015,08,46.7,",,,N"
Rhode Island,GHCND:USC00371874,2015-08-01T00:00:00,2015,08,34.3,"1,a,,7"
Rhode Island,GHCND:USC00374266,2015-08-01T00:00:00,2015,08,76.5,",,,7"
Rhode Island,GHCND:USC00375270,2015-08-01T00:00:00,2015,08,30.0,",,,7"
Rhode Island,GHCND:USC00377581,2015-08-01T00:00:00,2015,08,106.5,",,,7"
Rhode Island,GHCND:USC00379423,2015-08-01T00:00:00,2015,08,40.2,",,,7"
Rhode Island,GHCND:USW00014765,2015-08-01T00:00:00,2015,08,70.6,",,,W"
Rhode Island,GHCND:USW00014787,2015-08-01T00:00:00,2015,08,88.2,",,,W"
Rhode Island,GHCND:USW00014794,2015-08-01T00:00:00,2015,08,47.1,"1,,,W"
Rhode Island,GHCND:USW00054796,2015-08-01T00:00:00,2015,08,74.5,",,,R"
Rhode Island,GHCND:USW00054797,2015-08-01T00:00:00,2015,08,75.2,",,,R"
Rhode Island,GHCND:US1RIKN0002,2015-09-01T00:00:00,2015,09,57.4,",,,N"
Rhode Island,GHCND:US1RINW0004,2015-09-01T00:00:00,2015,09,99.6,",,,N"
Rhode Island,GHCND:US1RINW0005,2015-09-01T00:00:00,2015,09,88.8,",,,N"
Rhode Island,GHCND:US1RINW0007,2015-09-01T00:00:00,2015,09,160.9,",,,N"
Rhode Island,GHCND:US1RIPR0017,2015-09-01T00:00:00,2015,09,61.4,",,,N"
Rhode Island,GHCND:US1RIPR0020,2015-09-01T00:00:00,2015,09,74.2,"3,,,N"
Rhode Island,GHCND:US1RIPR0033,2015-09-01T00:00:00,2015,09,42.6,",,,N"
Rhode Island,GHCND:US1RIPR0035,2015-09-01T00:00:00,2015,09,61.5,",,,N"
Rhode Island,GHCND:US1RIWS0001,2015-09-01T00:00:00,2015,09,86.7,"2,a,,N"
Rhode Island,GHCND:US1RIWS0020,2015-09-01T00:00:00,2015,09,97.0,"1,,,N"
Rhode Island,GHCND:US1RIWS0025,2015-09-01T00:00:00,2015,09,71.4,",,,N"
Rhode Island,GHCND:USC00371874,2015-09-01T00:00:00,2015,09,72.5,",a,,7"
Rhode Island,GHCND:USC00371875,2015-09-01T00:00:00,2015,09,50.2,",,,7"
Rhode Island,GHCND:USC00374266,2015-09-01T00:00:00,2015,09,102.7,",,,7"
Rhode Island,GHCND:USC00375270,2015-09-01T00:00:00,2015,09,109.4,",,,7"
Rhode Island,GHCND:USC00377581,2015-09-01T00:00:00,2015,09,127.6,",,,7"
Rhode Island,GHCND:USC00379423,2015-09-01T00:00:00,2015,09,71.1,",,,7"
Rhode Island,GHCND:USW00014765,2015-09-01T00:00:00,2015,09,81.0,",,,W"
Rhode Island,GHCND:USW00014787,2015-09-01T00:00:00,2015,09,105.3,",,,W"
Rhode Island,GHCND:USW00014794,2015-09-01T00:00:00,2015,09,150.0,",,,W"
Rhode Island,GHCND:USW00054796,2015-09-01T00:00:00,2015,09,97.5,",,,R"
Rhode Island,GHCND:USW00054797,2015-09-01T00:00:00,2015,09,101.6,",,,R"
Rhode Island,GHCND:US1RIKN0002,2015-10-01T00:00:00,2015,10,82.9,",,,N"
Rhode Island,GHCND:US1RINW0004,2015-10-01T00:00:00,2015,10,91.9,",,,N"
Rhode Island,GHCND:US1RINW0005,2015-10-01T00:00:00,2015,10,155.8,",,,N"
Rhode Island,GHCND:US1RINW0007,2015-10-01T00:00:00,2015,10,169.0,",,,N"
Rhode Island,GHCND:US1RIPR0017,2015-10-01T00:00:00,2015,10,91.5,"1,,,N"
Rhode Island,GHCND:US1RIPR0020,2015-10-01T00:00:00,2015,10,123.8,",,,N"
Rhode Island,GHCND:US1RIPR0032,2015-10-01T00:00:00,2015,10,117.3,",,,N"
Rhode Island,GHCND:US1RIPR0033,2015-10-01T00:00:00,2015,10,141.8,",,,N"
Rhode Island,GHCND:US1RIPR0035,2015-10-01T00:00:00,2015,10,112.7,"3,,,N"
Rhode Island,GHCND:US1RIWS0020,2015-10-01T00:00:00,2015,10,120.8,"1,,,N"
Rhode Island,GHCND:US1RIWS0025,2015-10-01T00:00:00,2015,10,142.3,",,,N"
Rhode Island,GHCND:USC00370897,2015-10-01T00:00:00,2015,10,136.1,",,,7"
Rhode Island,GHCND:USC00371874,2015-10-01T00:00:00,2015,10,144.6,",a,,7"
Rhode Island,GHCND:USC00371875,2015-10-01T00:00:00,2015,10,155.8,",,,7"
Rhode Island,GHCND:USC00374266,2015-10-01T00:00:00,2015,10,111.8,",,,7"
Rhode Island,GHCND:USC00375270,2015-10-01T00:00:00,2015,10,87.0,",,,7"
Rhode Island,GHCND:USC00377581,2015-10-01T00:00:00,2015,10,103.0,",,,7"
Rhode Island,GHCND:USC00379423,2015-10-01T00:00:00,2015,10,120.9,",,,7"
Rhode Island,GHCND:USW00014765,2015-10-01T00:00:00,2015,10,71.2,",,,W"
Rhode Island,GHCND:USW00014787,2015-10-01T00:00:00,2015,10,109.3,",,,W"
Rhode Island,GHCND:USW00014794,2015-10-01T00:00:00,2015,10,88.4,",,,W"
Rhode Island,GHCND:USW00054796,2015-10-01T00:00:00,2015,10,100.7,",,,R"
Rhode Island,GHCND:USW00054797,2015-10-01T00:00:00,2015,10,93.8,",,,R"
Rhode Island,GHCND:US1RINW0004,2015-11-01T00:00:00,2015,11,42.8,",,,N"
Rhode Island,GHCND:US1RINW0005,2015-11-01T00:00:00,2015,11,68.9,",,,N"
Rhode Island,GHCND:US1RINW0007,2015-11-01T00:00:00,2015,11,74.7,",,,N"
Rhode Island,GHCND:US1RINW0011,2015-11-01T00:00:00,2015,11,66.9,",,,N"
Rhode Island,GHCND:US1RIPR0017,2015-11-01T00:00:00,2015,11,74.4,"1,,,N"
Rhode Island,GHCND:US1RIPR0020,2015-11-01T00:00:00,2015,11,64.5,"3,,,N"
Rhode Island,GHCND:US1RIPR0032,2015-11-01T00:00:00,2015,11,65.5,",,,N"
Rhode Island,GHCND:US1RIPR0033,2015-11-01T00:00:00,2015,11,57.0,",,,N"
Rhode Island,GHCND:US1RIPR0035,2015-11-01T00:00:00,2015,11,60.3,"1,,,N"
Rhode Island,GHCND:US1RIWS0001,2015-11-01T00:00:00,2015,11,65.9,"1,,,N"
Rhode Island,GHCND:US1RIWS0020,2015-11-01T00:00:00,2015,11,51.8,"3,,,N"
Rhode Island,GHCND:US1RIWS0025,2015-11-01T00:00:00,2015,11,89.1,",,,N"
Rhode Island,GHCND:USC00370897,2015-11-01T00:00:00,2015,11,76.1,",,,7"
Rhode Island,GHCND:USC00371874,2015-11-01T00:00:00,2015,11,76.1,",a,,7"
Rhode Island,GHCND:USC00371875,2015-11-01T00:00:00,2015,11,86.2,",,,7"
Rhode Island,GHCND:USC00374266,2015-11-01T00:00:00,2015,11,76.2,",,,7"
Rhode Island,GHCND:USC00375270,2015-11-01T00:00:00,2015,11,66.1,",,,7"
Rhode Island,GHCND:USC00377581,2015-11-01T00:00:00,2015,11,67.6,",,,7"
Rhode Island,GHCND:USC00379423,2015-11-01T00:00:00,2015,11,67.5,",a,,7"
Rhode Island,GHCND:USW00014765,2015-11-01T00:00:00,2015,11,66.4,",,,W"
Rhode Island,GHCND:USW00014787,2015-11-01T00:00:00,2015,11,62.7,",,,W"
Rhode Island,GHCND:USW00014794,2015-11-01T00:00:00,2015,11,57.3,",,,W"
Rhode Island,GHCND:USW00054796,2015-11-01T00:00:00,2015,11,68.9,",,,R"
Rhode Island,GHCND:USW00054797,2015-11-01T00:00:00,2015,11,68.8,",,,R"
Rhode Island,GHCND:US1RIKN0002,2015-12-01T00:00:00,2015,12,147.0,"2,,,N"
Rhode Island,GHCND:US1RINW0004,2015-12-01T00:00:00,2015,12,127.3,",,,N"
Rhode Island,GHCND:US1RINW0005,2015-12-01T00:00:00,2015,12,138.7,"1,,,N"
Rhode Island,GHCND:US1RINW0007,2015-12-01T00:00:00,2015,12,172.0,",,,N"
Rhode Island,GHCND:US1RINW0011,2015-12-01T00:00:00,2015,12,135.9,",,,N"
Rhode Island,GHCND:US1RIPR0017,2015-12-01T00:00:00,2015,12,128.3,"1,,,N"
Rhode Island,GHCND:US1RIPR0032,2015-12-01T00:00:00,2015,12,112.5,",,,N"
Rhode Island,GHCND:US1RIPR0033,2015-12-01T00:00:00,2015,12,104.6,",,,N"
Rhode Island,GHCND:US1RIPR0035,2015-12-01T00:00:00,2015,12,104.0,"1,,,N"
Rhode Island,GHCND:US1RIWS0001,2015-12-01T00:00:00,2015,12,151.8,"2,,,N"
Rhode Island,GHCND:US1RIWS0025,2015-12-01T00:00:00,2015,12,157.7,"1,,,N"
Rhode Island,GHCND:USC00370897,2015-12-01T00:00:00,2015,12,130.7,",,,7"
Rhode Island,GHCND:USC00371874,2015-12-01T00:00:00,2015,12,124.5,",a,,7"
Rhode Island,GHCND:USC00371875,2015-12-01T00:00:00,2015,12,132.6,",,,7"
Rhode Island,GHCND:USC00374266,2015-12-01T00:00:00,2015,12,159.5,",,,7"
Rhode Island,GHCND:USC00375270,2015-12-01T00:00:00,2015,12,110.0,",,,7"
Rhode Island,GHCND:USC00377581,2015-12-01T00:00:00,2015,12,149.7,",,,7"
Rhode Island,GHCND:USC00379423,2015-12-01T00:00:00,2015,12,109.0,",,,7"
Rhode Island,GHCND:USW00014765,2015-12-01T00:00:00,2015,12,122.0,",,,W"
Rhode Island,GHCND:USW00014787,2015-12-01T00:00:00,2015,12,153.4,",,,W"
Rhode Island,GHCND:USW00014794,2015-12-01T00:00:00,2015,12,136.0,",,,W"
Rhode Island,GHCND:USW00054796,2015-12-01T00:00:00,2015,12,149.9,",,,R"
Rhode Island,GHCND:USW00054797,2015-12-01T00:00:00,2015,12,158.1,",,,R"
Rhode Island,GHCND:US1RIKN0002,2016-01-01T00:00:00,2016,01,70.6,",,,N"
Rhode Island,GHCND:US1RINW0004,2016-01-01T00:00:00,2016,01,79.8,",,,N"
Rhode Island,GHCND:US1RINW0005,2016-01-01T00:00:00,2016,01,81.8,",,,N"
Rhode Island,GHCND:US1RINW0007,2016-01-01T00:00:00,2016,01,97.0,",,,N"
Rhode Island,GHCND:US1RINW0011,2016-01-01T00:00:00,2016,01,102.8,",,,N"
Rhode Island,GHCND:US1RIPR0017,2016-01-01T00:00:00,2016,01,87.8,"1,,,N"
Rhode Island,GHCND:US1RIPR0032,2016-01-01T00:00:00,2016,01,84.3,",,,N"
Rhode Island,GHCND:US1RIPR0033,2016-01-01T00:00:00,2016,01,107.7,",,,N"
Rhode Island,GHCND:US1RIPR0035,2016-01-01T00:00:00,2016,01,83.1,"2,,,N"
Rhode Island,GHCND:US1RIWS0001,2016-01-01T00:00:00,2016,01,97.7,"2,a,,N"
Rhode Island,GHCND:US1RIWS0025,2016-01-01T00:00:00,2016,01,107.3,",,,N"
Rhode Island,GHCND:US1RIWS0026,2016-01-01T00:00:00,2016,01,61.7,"5,,,N"
Rhode Island,GHCND:USC00370897,2016-01-01T00:00:00,2016,01,92.8,",,,7"
Rhode Island,GHCND:USC00371874,2016-01-01T00:00:00,2016,01,96.5,",a,,7"
Rhode Island,GHCND:USC00371875,2016-01-01T00:00:00,2016,01,117.5,",,,7"
Rhode Island,GHCND:USC00374266,2016-01-01T00:00:00,2016,01,84.3,",,,7"
Rhode Island,GHCND:USC00375270,2016-01-01T00:00:00,2016,01,101.0,",,,7"
Rhode Island,GHCND:USC00377581,2016-01-01T00:00:00,2016,01,91.6,",,,7"
Rhode Island,GHCND:USC00379423,2016-01-01T00:00:00,2016,01,100.1,",,,7"
Rhode Island,GHCND:USW00014765,2016-01-01T00:00:00,2016,01,76.9,",,,W"
Rhode Island,GHCND:USW00014787,2016-01-01T00:00:00,2016,01,67.8,",,,W"
Rhode Island,GHCND:USW00014794,2016-01-01T00:00:00,2016,01,65.3,",,,W"
Rhode Island,GHCND:USW00054796,2016-01-01T00:00:00,2016,01,81.9,",,,R"
Rhode Island,GHCND:USW00054797,2016-01-01T00:00:00,2016,01,82.3,",,,R"
Rhode Island,GHCND:US1RIKN0002,2016-02-01T00:00:00,2016,02,136.0,",,,N"
Rhode Island,GHCND:US1RINW0004,2016-02-01T00:00:00,2016,02,85.4,",,,N"
Rhode Island,GHCND:US1RINW0005,2016-02-01T00:00:00,2016,02,115.9,",,,N"
Rhode Island,GHCND:US1RINW0007,2016-02-01T00:00:00,2016,02,138.0,",,,N"
Rhode Island,GHCND:US1RINW0011,2016-02-01T00:00:00,2016,02,172.9,",,,N"
Rhode Island,GHCND:US1RIPR0017,2016-02-01T00:00:00,2016,02,141.0,",,,N"
Rhode Island,GHCND:US1RIPR0032,2016-02-01T00:00:00,2016,02,131.6,"1,,,N"
Rhode Island,GHCND:US1RIPR0033,2016-02-01T00:00:00,2016,02,145.9,",,,N"
Rhode Island,GHCND:US1RIPR0035,2016-02-01T00:00:00,2016,02,126.2,",,,N"
Rhode Island,GHCND:US1RIWS0001,2016-02-01T00:00:00,2016,02,151.1,"3,,,N"
Rhode Island,GHCND:US1RIWS0025,2016-02-01T00:00:00,2016,02,164.7,"1,,,N"
Rhode Island,GHCND:US1RIWS0026,2016-02-01T00:00:00,2016,02,91.5,"4,,,N"
Rhode Island,GHCND:USC00370897,2016-02-01T00:00:00,2016,02,122.7,",,,7"
Rhode Island,GHCND:USC00371874,2016-02-01T00:00:00,2016,02,130.4,",,,7"
Rhode Island,GHCND:USC00371875,2016-02-01T00:00:00,2016,02,134.2,",,,7"
Rhode Island,GHCND:USC00374266,2016-02-01T00:00:00,2016,02,150.5,",,,7"
Rhode Island,GHCND:USC00375270,2016-02-01T00:00:00,2016,02,164.1,",,,7"
Rhode Island,GHCND:USC00377581,2016-02-01T00:00:00,2016,02,129.4,",,,7"
Rhode Island,GHCND:USC00379423,2016-02-01T00:00:00,2016,02,138.5,",,,7"
Rhode Island,GHCND:USW00014765,2016-02-01T00:00:00,2016,02,135.2,",,,W"
Rhode Island,GHCND:USW00014787,2016-02-01T00:00:00,2016,02,112.6,",,,W"
Rhode Island,GHCND:USW00014794,2016-02-01T00:00:00,2016,02,121.3,",,,W"
Rhode Island,GHCND:USW00054796,2016-02-01T00:00:00,2016,02,155.3,",,,R"
Rhode Island,GHCND:USW00054797,2016-02-01T00:00:00,2016,02,142.1,",,,R"
Rhode Island,GHCND:US1RINW0004,2016-03-01T00:00:00,2016,03,63.9,",,,N"
Rhode Island,GHCND:US1RINW0005,2016-03-01T00:00:00,2016,03,62.2,",,,N"
Rhode Island,GHCND:US1RINW0007,2016-03-01T00:00:00,2016,03,73.4,",,,N"
Rhode Island,GHCND:US1RINW0011,2016-03-01T00:00:00,2016,03,78.1,",,,N"
Rhode Island,GHCND:US1RIPR0017,2016-03-01T00:00:00,2016,03,72.2,",,,N"
Rhode Island,GHCND:US1RIPR0032,2016-03-01T00:00:00,2016,03,54.6,"1,,,N"
Rhode Island,GHCND:US1RIPR0033,2016-03-01T00:00:00,2016,03,62.8,",,,N"
Rhode Island,GHCND:US1RIPR0035,2016-03-01T00:00:00,2016,03,58.9,",,,N"
Rhode Island,GHCND:US1RIWS0001,2016-03-01T00:00:00,2016,03,67.2,"2,,,N"
Rhode Island,GHCND:US1RIWS0025,2016-03-01T00:00:00,2016,03,73.8,"1,,,N"
Rhode Island,GHCND:USC00370897,2016-03-01T00:00:00,2016,03,88.2,",,,7"
Rhode Island,GHCND:USC00371874,2016-03-01T00:00:00,2016,03,63.6,",,,7"
Rhode Island,GHCND:USC00371875,2016-03-01T00:00:00,2016,03,58.6,",,,7"
Rhode Island,GHCND:USC00374266,2016-03-01T00:00:00,2016,03,86.4,",,,7"
Rhode Island,GHCND:USC00375270,2016-03-01T00:00:00,2016,03,55.2,",,,7"
Rhode Island,GHCND:USC00377581,2016-03-01T00:00:00,2016,03,73.4,",,,7"
Rhode Island,GHCND:USC00379423,2016-03-01T00:00:00,2016,03,60.1,",,,7"
Rhode Island,GHCND:USW00014765,2016-03-01T00:00:00,2016,03,68.1,",,,W"
Rhode Island,GHCND:USW00014787,2016-03-01T00:00:00,2016,03,65.4,",,,W"
Rhode Island,GHCND:USW00014794,2016-03-01T00:00:00,2016,03,60.4,",,,W"
Rhode Island,GHCND:USW00054796,2016-03-01T00:00:00,2016,03,87.1,",,,R"
Rhode Island,GHCND:USW00054797,2016-03-01T00:00:00,2016,03,85.4,",,,R"
Rhode Island,GHCND:US1RIKN0002,2016-04-01T00:00:00,2016,04,108.5,",,,N"
Rhode Island,GHCND:US1RINW0004,2016-04-01T00:00:00,2016,04,75.1,",,,N"
Rhode Island,GHCND:US1RINW0005,2016-04-01T00:00:00,2016,04,81.7,",,,N"
Rhode Island,GHCND:US1RINW0007,2016-04-01T00:00:00,2016,04,94.5,",,,N"
Rhode Island,GHCND:US1RINW0011,2016-04-01T00:00:00,2016,04,102.6,",,,N"
Rhode Island,GHCND:US1RIPR0017,2016-04-01T00:00:00,2016,04,119.5,",,,N"
Rhode Island,GHCND:US1RIPR0032,2016-04-01T00:00:00,2016,04,112.2,",,,N"
Rhode Island,GHCND:US1RIPR0033,2016-04-01T00:00:00,2016,04,115.9,",,,N"
Rhode Island,GHCND:US1RIPR0035,2016-04-01T00:00:00,2016,04,107.7,"1,,,N"
Rhode Island,GHCND:US1RIWS0001,2016-04-01T00:00:00,2016,04,112.0,"2,a,,N"
Rhode Island,GHCND:US1RIWS0025,2016-04-01T00:00:00,2016,04,121.4,",,,N"
Rhode Island,GHCND:US1RIWS0026,2016-04-01T00:00:00,2016,04,77.2,"1,,,N"
Rhode Island,GHCND:US1RIWS0031,2016-04-01T00:00:00,2016,04,109.4,",,,N"
Rhode Island,GHCND:USC00370897,2016-04-01T00:00:00,2016,04,106.4,",,,7"
Rhode Island,GHCND:USC00371874,2016-04-01T00:00:00,2016,04,132.0,",a,,7"
Rhode Island,GHCND:USC00371875,2016-04-01T00:00:00,2016,04,112.4,",,,7"
Rhode Island,GHCND:USC00374266,2016-04-01T00:00:00,2016,04,108.5,",,,7"
Rhode Island,GHCND:USC00375270,2016-04-01T00:00:00,2016,04,121.1,",,,7"
Rhode Island,GHCND:USC00377581,2016-04-01T00:00:00,2016,04,101.1,",,,7"
Rhode Island,GHCND:USC00379423,2016-04-01T00:00:00,2016,04,125.1,",,,7"
Rhode Island,GHCND:USW00014765,2016-04-01T00:00:00,2016,04,99.5,",,,W"
Rhode Island,GHCND:USW00014787,2016-04-01T00:00:00,2016,04,87.8,",,,W"
Rhode Island,GHCND:USW00014794,2016-04-01T00:00:00,2016,04,104.9,"1,,,W"
Rhode Island,GHCND:USW00054796,2016-04-01T00:00:00,2016,04,101.6,",,,R"
Rhode Island,GHCND:USW00054797,2016-04-01T00:00:00,2016,04,103.4,",,,R"
Rhode Island,GHCND:US1RIKN0002,2016-05-01T00:00:00,2016,05,84.4,",,,N"
Rhode Island,GHCND:US1RINW0004,2016-05-01T00:00:00,2016,05,56.0,",,,N"
Rhode Island,GHCND:US1RINW0007,2016-05-01T00:00:00,2016,05,108.3,",,,N"
Rhode Island,GHCND:US1RINW0011,2016-05-01T00:00:00,2016,05,95.0,"2,,,N"
Rhode Island,GHCND:US1RIPR0017,2016-05-01T00:00:00,2016,05,105.7,"1,,,N"
Rhode Island,GHCND:US1RIPR0032,2016-05-01T00:00:00,2016,05,102.6,",,,N"
Rhode Island,GHCND:US1RIPR0033,2016-05-01T00:00:00,2016,05,85.9,",,,N"
Rhode Island,GHCND:US1RIPR0035,2016-05-01T00:00:00,2016,05,80.9,",,,N"
Rhode Island,GHCND:US1RIPR0044,2016-05-01T00:00:00,2016,05,100.4,",a,,N"
Rhode Island,GHCND:US1RIPR0045,2016-05-01T00:00:00,2016,05,86.5,",,,N"
Rhode Island,GHCND:US1RIWS0001,2016-05-01T00:00:00,2016,05,89.7,"2,,,N"
Rhode Island,GHCND:US1RIWS0025,2016-05-01T00:00:00,2016,05,88.0,",,,N"
Rhode Island,GHCND:US1RIWS0026,2016-05-01T00:00:00,2016,05,59.6,"3,,,N"
Rhode Island,GHCND:US1RIWS0031,2016-05-01T00:00:00,2016,05,75.0,",,,N"
Rhode Island,GHCND:US1RIWS0032,2016-05-01T00:00:00,2016,05,74.1,",a,,N"
Rhode Island,GHCND:USC00370897,2016-05-01T00:00:00,2016,05,103.5,",,,7"
Rhode Island,GHCND:USC00371874,2016-05-01T00:00:00,2016,05,104.1,",a,,7"
Rhode Island,GHCND:USC00371875,2016-05-01T00:00:00,2016,05,85.6,",,,7"
Rhode Island,GHCND:USC00374266,2016-05-01T00:00:00,2016,05,84.5,",,,7"
Rhode Island,GHCND:USC00375270,2016-05-01T00:00:00,2016,05,98.9,",,,7"
Rhode Island,GHCND:USC00377581,2016-05-01T00:00:00,2016,05,85.1,",,,7"
Rhode Island,GHCND:USC00379423,2016-05-01T00:00:00,2016,05,92.4,",,,7"
Rhode Island,GHCND:USW00014765,2016-05-01T00:00:00,2016,05,80.7,",,,W"
Rhode Island,GHCND:USW00014787,2016-05-01T00:00:00,2016,05,78.6,",,,W"
Rhode Island,GHCND:USW00014794,2016-05-01T00:00:00,2016,05,82.6,",,,W"
Rhode Island,GHCND:USW00054796,2016-05-01T00:00:00,2016,05,76.1,",,,R"
Rhode Island,GHCND:USW00054797,2016-05-01T00:00:00,2016,05,74.7,",,,R"
Rhode Island,GHCND:US1RIKN0002,2016-06-01T00:00:00,2016,06,72.4,",,,N"
Rhode Island,GHCND:US1RINW0004,2016-06-01T00:00:00,2016,06,20.4,",,,N"
Rhode Island,GHCND:US1RINW0007,2016-06-01T00:00:00,2016,06,41.3,",,,N"
Rhode Island,GHCND:US1RINW0011,2016-06-01T00:00:00,2016,06,28.7,"5,,,N"
Rhode Island,GHCND:US1RIPR0017,2016-06-01T00:00:00,2016,06,50.5,",,,N"
Rhode Island,GHCND:US1RIPR0032,2016-06-01T00:00:00,2016,06,69.2,",,,N"
Rhode Island,GHCND:US1RIPR0033,2016-06-01T00:00:00,2016,06,46.4,",,,N"
Rhode Island,GHCND:US1RIPR0035,2016-06-01T00:00:00,2016,06,59.9,"2,,,N"
Rhode Island,GHCND:US1RIPR0044,2016-06-01T00:00:00,2016,06,45.3,",a,,N"
Rhode Island,GHCND:US1RIPR0045,2016-06-01T00:00:00,2016,06,36.4,"3,,,N"
Rhode Island,GHCND:US1RIWS0025,2016-06-01T00:00:00,2016,06,50.7,",,,N"
Rhode Island,GHCND:US1RIWS0031,2016-06-01T00:00:00,2016,06,46.0,",,,N"
Rhode Island,GHCND:US1RIWS0032,2016-06-01T00:00:00,2016,06,32.8,",,,N"
Rhode Island,GHCND:USC00370897,2016-06-01T00:00:00,2016,06,19.6,",,,7"
Rhode Island,GHCND:USC00371874,2016-06-01T00:00:00,2016,06,49.6,",,,7"
Rhode Island,GHCND:USC00371875,2016-06-01T00:00:00,2016,06,54.9,",,,7"
Rhode Island,GHCND:USC00374266,2016-06-01T00:00:00,2016,06,40.8,",,,7"
Rhode Island,GHCND:USC00375270,2016-06-01T00:00:00,2016,06,45.5,",,,7"
Rhode Island,GHCND:USC00377581,2016-06-01T00:00:00,2016,06,34.0,",,,7"
Rhode Island,GHCND:USC00379423,2016-06-01T00:00:00,2016,06,51.6,",,,7"
Rhode Island,GHCND:USW00014765,2016-06-01T00:00:00,2016,06,26.7,",,,W"
Rhode Island,GHCND:USW00014787,2016-06-01T00:00:00,2016,06,24.0,",,,W"
Rhode Island,GHCND:USW00014794,2016-06-01T00:00:00,2016,06,22.7,",,,W"
Rhode Island,GHCND:USW00054796,2016-06-01T00:00:00,2016,06,39.8,",,,R"
Rhode Island,GHCND:USW00054797,2016-06-01T00:00:00,2016,06,39.5,",,,R"
Rhode Island,GHCND:US1RIKN0002,2016-07-01T00:00:00,2016,07,88.6,",,,N"
Rhode Island,GHCND:US1RIKN0009,2016-07-01T00:00:00,2016,07,65.6,"1,,,N"
Rhode Island,GHCND:US1RINW0004,2016-07-01T00:00:00,2016,07,35.7,",,,N"
Rhode Island,GHCND:US1RINW0005,2016-07-01T00:00:00,2016,07,50.4,",,,N"
Rhode Island,GHCND:US1RINW0007,2016-07-01T00:00:00,2016,07,55.8,",,,N"
Rhode Island,GHCND:US1RINW0011,2016-07-01T00:00:00,2016,07,71.4,",,,N"
Rhode Island,GHCND:US1RIPR0017,2016-07-01T00:00:00,2016,07,72.4,"1,,,N"
Rhode Island,GHCND:US1RIPR0020,2016-07-01T00:00:00,2016,07,61.2,",,,N"
Rhode Island,GHCND:US1RIPR0028,2016-07-01T00:00:00,2016,07,63.6,"1,,,N"
Rhode Island,GHCND:US1RIPR0032,2016-07-01T00:00:00,2016,07,38.1,",,,N"
Rhode Island,GHCND:US1RIPR0033,2016-07-01T00:00:00,2016,07,62.4,",,,N"
Rhode Island,GHCND:US1RIPR0035,2016-07-01T00:00:00,2016,07,38.0,",,,N"
Rhode Island,GHCND:US1RIWS0001,2016-07-01T00:00:00,2016,07,73.3,"3,a,,N"
Rhode Island,GHCND:US1RIWS0025,2016-07-01T00:00:00,2016,07,47.0,"1,,,N"
Rhode Island,GHCND:US1RIWS0026,2016-07-01T00:00:00,2016,07,48.0,"5,,,N"
Rhode Island,GHCND:US1RIWS0032,2016-07-01T00:00:00,2016,07,63.4,",,,N"
Rhode Island,GHCND:USC00370897,2016-07-01T00:00:00,2016,07,75.3,",,,7"
Rhode Island,GHCND:USC00371874,2016-07-01T00:00:00,2016,07,81.3,"2,a,,7"
Rhode Island,GHCND:USC00371875,2016-07-01T00:00:00,2016,07,78.7,",,,7"
Rhode Island,GHCND:USC00374266,2016-07-01T00:00:00,2016,07,51.4,",,,7"
Rhode Island,GHCND:USC00375270,2016-07-01T00:00:00,2016,07,65.3,",,,7"
Rhode Island,GHCND:USC00377581,2016-07-01T00:00:00,2016,07,54.7,",,,7"
Rhode Island,GHCND:USC00379423,2016-07-01T00:00:00,2016,07,50.5,",,,7"
Rhode Island,GHCND:USW00014765,2016-07-01T00:00:00,2016,07,100.4,",,,W"
Rhode Island,GHCND:USW00014787,2016-07-01T00:00:00,2016,07,53.9,",,,W"
Rhode Island,GHCND:USW00014794,2016-07-01T00:00:00,2016,07,79.1,",,,W"
Rhode Island,GHCND:USW00054796,2016-07-01T00:00:00,2016,07,45.0,",,,R"
Rhode Island,GHCND:USW00054797,2016-07-01T00:00:00,2016,07,49.7,",,,R"
Rhode Island,GHCND:US1RIKN0002,2016-08-01T00:00:00,2016,08,109.1,",,,N"
Rhode Island,GHCND:US1RIKN0009,2016-08-01T00:00:00,2016,08,63.0,",,,N"
Rhode Island,GHCND:US1RINW0004,2016-08-01T00:00:00,2016,08,27.0,",,,N"
Rhode Island,GHCND:US1RINW0005,2016-08-01T00:00:00,2016,08,35.3,",,,N"
Rhode Island,GHCND:US1RINW0007,2016-08-01T00:00:00,2016,08,31.0,",,,N"
Rhode Island,GHCND:US1RIPR0017,2016-08-01T00:00:00,2016,08,79.9,"1,,,N"
Rhode Island,GHCND:US1RIPR0020,2016-08-01T00:00:00,2016,08,165.0,",,,N"
Rhode Island,GHCND:US1RIPR0028,2016-08-01T00:00:00,2016,08,121.7,"4,,,N"
Rhode Island,GHCND:US1RIPR0032,2016-08-01T00:00:00,2016,08,79.1,",,,N"
Rhode Island,GHCND:US1RIPR0033,2016-08-01T00:00:00,2016,08,103.7,",,,N"
Rhode Island,GHCND:US1RIPR0035,2016-08-01T00:00:00,2016,08,82.8,",,,N"
Rhode Island,GHCND:US1RIPR0044,2016-08-01T00:00:00,2016,08,74.1,"2,a,,N"
Rhode Island,GHCND:US1RIPR0045,2016-08-01T00:00:00,2016,08,97.2,",a,,N"
Rhode Island,GHCND:US1RIPR0048,2016-08-01T00:00:00,2016,08,85.7,",,,N"
Rhode Island,GHCND:US1RIWS0001,2016-08-01T00:00:00,2016,08,60.7,"3,a,,N"
Rhode Island,GHCND:US1RIWS0025,2016-08-01T00:00:00,2016,08,64.7,",,,N"
Rhode Island,GHCND:US1RIWS0026,2016-08-01T00:00:00,2016,08,39.1,"1,,,N"
Rhode Island,GHCND:US1RIWS0031,2016-08-01T00:00:00,2016,08,51.8,"2,,,N"
Rhode Island,GHCND:USC00370897,2016-08-01T00:00:00,2016,08,57.6,",,,7"
Rhode Island,GHCND:USC00371874,2016-08-01T00:00:00,2016,08,86.4,"1,a,,7"
Rhode Island,GHCND:USC00371875,2016-08-01T00:00:00,2016,08,83.8,",a,,7"
Rhode Island,GHCND:USC00374266,2016-08-01T00:00:00,2016,08,40.6,",,,7"
Rhode Island,GHCND:USC00375270,2016-08-01T00:00:00,2016,08,151.4,",,,7"
Rhode Island,GHCND:USC00377581,2016-08-01T00:00:00,2016,08,46.1,",,,7"
Rhode Island,GHCND:USC00379423,2016-08-01T00:00:00,2016,08,102.1,",,,7"
Rhode Island,GHCND:USW00014765,2016-08-01T00:00:00,2016,08,68.9,",,,W"
Rhode Island,GHCND:USW00014787,2016-08-01T00:00:00,2016,08,30.8,",,,W"
Rhode Island,GHCND:USW00014794,2016-08-01T00:00:00,2016,08,53.9,",,,W"
Rhode Island,GHCND:USW00054796,2016-08-01T00:00:00,2016,08,36.0,",,,R"
Rhode Island,GHCND:USW00054797,2016-08-01T00:00:00,2016,08,52.4,",,,R"
Rhode Island,GHCND:US1RIKN0002,2016-09-01T00:00:00,2016,09,56.7,",,,N"
Rhode Island,GHCND:US1RIKN0009,2016-09-01T00:00:00,2016,09,64.1,",,,N"
Rhode Island,GHCND:US1RINW0004,2016-09-01T00:00:00,2016,09,59.3,",,,N"
Rhode Island,GHCND:US1RINW0005,2016-09-01T00:00:00,2016,09,91.1,",,,N"
Rhode Island,GHCND:US1RINW0007,2016-09-01T00:00:00,2016,09,77.3,",,,N"
Rhode Island,GHCND:US1RINW0011,2016-09-01T00:00:00,2016,09,62.9,"2,,,N"
Rhode Island,GHCND:US1RIPR0017,2016-09-01T00:00:00,2016,09,58.2,",,,N"
Rhode Island,GHCND:US1RIPR0020,2016-09-01T00:00:00,2016,09,44.9,"3,,,N"
Rhode Island,GHCND:US1RIPR0028,2016-09-01T00:00:00,2016,09,41.7,"2,,,N"
Rhode Island,GHCND:US1RIPR0032,2016-09-01T00:00:00,2016,09,40.6,",,,N"
Rhode Island,GHCND:US1RIPR0033,2016-09-01T00:00:00,2016,09,38.4,",,,N"
Rhode Island,GHCND:US1RIPR0035,2016-09-01T00:00:00,2016,09,34.0,"3,a,,N"
Rhode Island,GHCND:US1RIPR0044,2016-09-01T00:00:00,2016,09,52.8,",a,,N"
Rhode Island,GHCND:US1RIPR0045,2016-09-01T00:00:00,2016,09,31.8,"3,a,,N"
Rhode Island,GHCND:US1RIPR0048,2016-09-01T00:00:00,2016,09,39.2,",,,N"
Rhode Island,GHCND:US1RIWS0025,2016-09-01T00:00:00,2016,09,100.8,",,,N"
Rhode Island,GHCND:US1RIWS0026,2016-09-01T00:00:00,2016,09,62.7,"1,,,N"
Rhode Island,GHCND:US1RIWS0031,2016-09-01T00:00:00,2016,09,68.7,"1,a,,N"
Rhode Island,GHCND:US1RIWS0032,2016-09-01T00:00:00,2016,09,91.6,",,,N"
Rhode Island,GHCND:USC00370897,2016-09-01T00:00:00,2016,09,113.8,",,,7"
Rhode Island,GHCND:USC00371874,2016-09-01T00:00:00,2016,09,99.0,",a,,7"
Rhode Island,GHCND:USC00371875,2016-09-01T00:00:00,2016,09,80.3,",,,7"
Rhode Island,GHCND:USC00374266,2016-09-01T00:00:00,2016,09,91.8,",,,7"
Rhode Island,GHCND:USC00375270,2016-09-01T00:00:00,2016,09,75.5,",,,7"
Rhode Island,GHCND:USC00377581,2016-09-01T00:00:00,2016,09,68.4,",,,7"
Rhode Island,GHCND:USC00379423,2016-09-01T00:00:00,2016,09,35.1,",,,7"
Rhode Island,GHCND:USW00014765,2016-09-01T00:00:00,2016,09,69.7,",,,W"
Rhode Island,GHCND:USW00014787,2016-09-01T00:00:00,2016,09,86.1,",,,W"
Rhode Island,GHCND:USW00014794,2016-09-01T00:00:00,2016,09,79.6,"2,,,W"
Rhode Island,GHCND:USW00054796,2016-09-01T00:00:00,2016,09,95.0,",,,R"
Rhode Island,GHCND:USW00054797,2016-09-01T00:00:00,2016,09,100.4,",,,R"
Rhode Island,GHCND:US1RIKN0002,2016-10-01T00:00:00,2016,10,153.3,",,,N"
Rhode Island,GHCND:US1RIKN0009,2016-10-01T00:00:00,2016,10,123.6,",,,N"
Rhode Island,GHCND:US1RINW0004,2016-10-01T00:00:00,2016,10,117.2,",,,N"
Rhode Island,GHCND:US1RINW0005,2016-10-01T00:00:00,2016,10,144.7,",,,N"
Rhode Island,GHCND:US1RINW0007,2016-10-01T00:00:00,2016,10,152.4,",,,N"
Rhode Island,GHCND:US1RINW0011,2016-10-01T00:00:00,2016,10,170.6,",,,N"
Rhode Island,GHCND:US1RIPR0017,2016-10-01T00:00:00,2016,10,142.5,",,,N"
Rhode Island,GHCND:US1RIPR0028,2016-10-01T00:00:00,2016,10,194.4,"5,,,N"
Rhode Island,GHCND:US1RIPR0032,2016-10-01T00:00:00,2016,10,126.5,",,,N"
Rhode Island,GHCND:US1RIPR0033,2016-10-01T00:00:00,2016,10,192.5,",,,N"
Rhode Island,GHCND:US1RIPR0035,2016-10-01T00:00:00,2016,10,144.3,",,,N"
Rhode Island,GHCND:US1RIPR0048,2016-10-01T00:00:00,2016,10,143.3,",,,N"
Rhode Island,GHCND:US1RIWS0001,2016-10-01T00:00:00,2016,10,175.9,"1,a,,N"
Rhode Island,GHCND:US1RIWS0025,2016-10-01T00:00:00,2016,10,192.8,",,,N"
Rhode Island,GHCND:US1RIWS0031,2016-10-01T00:00:00,2016,10,143.1,"1,a,,N"
Rhode Island,GHCND:US1RIWS0032,2016-10-01T00:00:00,2016,10,155.6,",,,N"
Rhode Island,GHCND:USC00370897,2016-10-01T00:00:00,2016,10,155.3,",,,7"
Rhode Island,GHCND:USC00371874,2016-10-01T00:00:00,2016,10,155.0,",a,,7"
Rhode Island,GHCND:USC00371875,2016-10-01T00:00:00,2016,10,175.1,",,,7"
Rhode Island,GHCND:USC00374266,2016-10-01T00:00:00,2016,10,154.7,",,,7"
Rhode Island,GHCND:USC00375270,2016-10-01T00:00:00,2016,10,191.1,",,,7"
Rhode Island,GHCND:USC00377581,2016-10-01T00:00:00,2016,10,145.7,",,,7"
Rhode Island,GHCND:USC00379423,2016-10-01T00:00:00,2016,10,205.2,",,,7"
Rhode Island,GHCND:USW00014765,2016-10-01T00:00:00,2016,10,122.7,",,,W"
Rhode Island,GHCND:USW00014787,2016-10-01T00:00:00,2016,10,127.6,",,,W"
Rhode Island,GHCND:USW00014794,2016-10-01T00:00:00,2016,10,152.7,",,,W"
Rhode Island,GHCND:USW00054796,2016-10-01T00:00:00,2016,10,134.4,",,,R"
Rhode Island,GHCND:USW00054797,2016-10-01T00:00:00,2016,10,134.3,",,,R"
Rhode Island,GHCND:US1RIKN0002,2016-11-01T00:00:00,2016,11,87.4,",a,,N"
Rhode Island,GHCND:US1RIKN0009,2016-11-01T00:00:00,2016,11,78.3,",,,N"
Rhode Island,GHCND:US1RINW0004,2016-11-01T00:00:00,2016,11,64.8,",,,N"
Rhode Island,GHCND:US1RINW0005,2016-11-01T00:00:00,2016,11,57.2,",,,N"
Rhode Island,GHCND:US1RINW0007,2016-11-01T00:00:00,2016,11,57.9,",,,N"
Rhode Island,GHCND:US1RINW0011,2016-11-01T00:00:00,2016,11,69.0,",,,N"
Rhode Island,GHCND:US1RIPR0017,2016-11-01T00:00:00,2016,11,66.3,",,,N"
Rhode Island,GHCND:US1RIPR0028,2016-11-01T00:00:00,2016,11,67.2,",,,N"
Rhode Island,GHCND:US1RIPR0032,2016-11-01T00:00:00,2016,11,58.3,",,,N"
Rhode Island,GHCND:US1RIPR0033,2016-11-01T00:00:00,2016,11,72.4,",,,N"
Rhode Island,GHCND:US1RIPR0045,2016-11-01T00:00:00,2016,11,65.9,"2,,,N"
Rhode Island,GHCND:US1RIPR0048,2016-11-01T00:00:00,2016,11,64.0,",,,N"
Rhode Island,GHCND:US1RIPR0050,2016-11-01T00:00:00,2016,11,71.4,",,,N"
Rhode Island,GHCND:US1RIPR0051,2016-11-01T00:00:00,2016,11,70.6,",,,N"
Rhode Island,GHCND:US1RIWS0001,2016-11-01T00:00:00,2016,11,99.3,",a,,N"
Rhode Island,GHCND:US1RIWS0025,2016-11-01T00:00:00,2016,11,115.4,",,,N"
Rhode Island,GHCND:US1RIWS0026,2016-11-01T00:00:00,2016,11,69.3,"3,,,N"
Rhode Island,GHCND:US1RIWS0031,2016-11-01T00:00:00,2016,11,95.9,",a,,N"
Rhode Island,GHCND:US1RIWS0032,2016-11-01T00:00:00,2016,11,103.6,",,,N"
Rhode Island,GHCND:US1RIWS0035,2016-11-01T00:00:00,2016,11,91.8,",a,,N"
Rhode Island,GHCND:USC00370897,2016-11-01T00:00:00,2016,11,50.1,",,,7"
Rhode Island,GHCND:USC00371874,2016-11-01T00:00:00,2016,11,91.4,",a,,7"
Rhode Island,GHCND:USC00371875,2016-11-01T00:00:00,2016,11,104.0,",,,7"
Rhode Island,GHCND:USC00374266,2016-11-01T00:00:00,2016,11,104.2,",,,7"
Rhode Island,GHCND:USC00375270,2016-11-01T00:00:00,2016,11,80.3,",,,7"
Rhode Island,GHCND:USC00377581,2016-11-01T00:00:00,2016,11,78.6,",,,7"
Rhode Island,GHCND:USC00379423,2016-11-01T00:00:00,2016,11,67.5,",,,7"
Rhode Island,GHCND:USW00014765,2016-11-01T00:00:00,2016,11,87.9,",,,W"
Rhode Island,GHCND:USW00014787,2016-11-01T00:00:00,2016,11,81.1,",,,W"
Rhode Island,GHCND:USW00014794,2016-11-01T00:00:00,2016,11,87.6,",,,W"
Rhode Island,GHCND:USW00054796,2016-11-01T00:00:00,2016,11,103.8,",,,R"
Rhode Island,GHCND:USW00054797,2016-11-01T00:00:00,2016,11,109.2,",,,R"
Rhode Island,GHCND:US1RIKN0002,2016-12-01T00:00:00,2016,12,98.1,",,,N"
Rhode Island,GHCND:US1RINW0004,2016-12-01T00:00:00,2016,12,84.4,",,,N"
Rhode Island,GHCND:US1RINW0005,2016-12-01T00:00:00,2016,12,94.9,",,,N"
Rhode Island,GHCND:US1RINW0007,2016-12-01T00:00:00,2016,12,99.1,",a,,N"
Rhode Island,GHCND:US1RINW0011,2016-12-01T00:00:00,2016,12,83.1,",,,N"
Rhode Island,GHCND:US1RIPR0017,2016-12-01T00:00:00,2016,12,85.8,"1,,,N"
Rhode Island,GHCND:US1RIPR0028,2016-12-01T00:00:00,2016,12,94.9,",,,N"
Rhode Island,GHCND:US1RIPR0032,2016-12-01T00:00:00,2016,12,85.3,",,,N"
Rhode Island,GHCND:US1RIPR0033,2016-12-01T00:00:00,2016,12,90.2,",,,N"
Rhode Island,GHCND:US1RIPR0050,2016-12-01T00:00:00,2016,12,94.7,",,,N"
Rhode Island,GHCND:US1RIWS0001,2016-12-01T00:00:00,2016,12,102.8,"1,,,N"
Rhode Island,GHCND:US1RIWS0025,2016-12-01T00:00:00,2016,12,105.4,",,,N"
Rhode Island,GHCND:US1RIWS0026,2016-12-01T00:00:00,2016,12,90.5,",,,N"
Rhode Island,GHCND:US1RIWS0031,2016-12-01T00:00:00,2016,12,94.3,",,,N"
Rhode Island,GHCND:US1RIWS0032,2016-12-01T00:00:00,2016,12,96.4,",,,N"
Rhode Island,GHCND:US1RIWS0035,2016-12-01T00:00:00,2016,12,98.9,",a,,N"
Rhode Island,GHCND:US1RIWS0036,2016-12-01T00:00:00,2016,12,106.8,",,,N"
Rhode Island,GHCND:US1RIWS0037,2016-12-01T00:00:00,2016,12,98.2,",a,,N"
Rhode Island,GHCND:USC00370897,2016-12-01T00:00:00,2016,12,104.1,",,,7"
Rhode Island,GHCND:USC00371874,2016-12-01T00:00:00,2016,12,73.7,"3,a,,7"
Rhode Island,GHCND:USC00371875,2016-12-01T00:00:00,2016,12,95.9,",,,7"
Rhode Island,GHCND:USC00374266,2016-12-01T00:00:00,2016,12,103.7,",,,7"
Rhode Island,GHCND:USC00375270,2016-12-01T00:00:00,2016,12,97.9,",,,7"
Rhode Island,GHCND:USC00379423,2016-12-01T00:00:00,2016,12,74.1,",,,7"
Rhode Island,GHCND:USW00014765,2016-12-01T00:00:00,2016,12,79.8,",,,W"
Rhode Island,GHCND:USW00014787,2016-12-01T00:00:00,2016,12,76.8,",,,W"
Rhode Island,GHCND:USW00014794,2016-12-01T00:00:00,2016,12,93.0,",,,W"
Rhode Island,GHCND:USW00054796,2016-12-01T00:00:00,2016,12,98.5,",,,R"
Rhode Island,GHCND:USW00054797,2016-12-01T00:00:00,2016,12,97.2,",,,R"
Rhode Island,GHCND:US1RINW0004,2017-01-01T00:00:00,2017,01,100.7,",,,N"
Rhode Island,GHCND:US1RINW0005,2017-01-01T00:00:00,2017,01,121.1,",,,N"
Rhode Island,GHCND:US1RINW0007,2017-01-01T00:00:00,2017,01,131.0,",,,N"
Rhode Island,GHCND:US1RIPR0017,2017-01-01T00:00:00,2017,01,123.4,"1,,,N"
Rhode Island,GHCND:US1RIPR0028,2017-01-01T00:00:00,2017,01,134.4,"1,,,N"
Rhode Island,GHCND:US1RIPR0032,2017-01-01T00:00:00,2017,01,116.0,",,,N"
Rhode Island,GHCND:US1RIPR0033,2017-01-01T00:00:00,2017,01,139.2,",,,N"
Rhode Island,GHCND:US1RIPR0045,2017-01-01T00:00:00,2017,01,132.9,",,,N"
Rhode Island,GHCND:US1RIPR0050,2017-01-01T00:00:00,2017,01,124.8,",,,N"
Rhode Island,GHCND:US1RIPR0051,2017-01-01T00:00:00,2017,01,146.7,"1,,,N"
Rhode Island,GHCND:US1RIWS0001,2017-01-01T00:00:00,2017,01,123.9,"1,a,,N"
Rhode Island,GHCND:US1RIWS0025,2017-01-01T00:00:00,2017,01,136.3,"1,,,N"
Rhode Island,GHCND:US1RIWS0026,2017-01-01T00:00:00,2017,01,112.5,"2,,,N"
Rhode Island,GHCND:US1RIWS0031,2017-01-01T00:00:00,2017,01,142.1,",,,N"
Rhode Island,GHCND:US1RIWS0032,2017-01-01T00:00:00,2017,01,137.6,",,,N"
Rhode Island,GHCND:US1RIWS0036,2017-01-01T00:00:00,2017,01,136.2,",,,N"
Rhode Island,GHCND:US1RIWS0037,2017-01-01T00:00:00,2017,01,110.6,",,,N"
Rhode Island,GHCND:USC00370897,2017-01-01T00:00:00,2017,01,156.3,",,,7"
Rhode Island,GHCND:USC00371874,2017-01-01T00:00:00,2017,01,134.1,"3,a,,7"
Rhode Island,GHCND:USC00371875,2017-01-01T00:00:00,2017,01,139.2,",,,7"
Rhode Island,GHCND:USC00374266,2017-01-01T00:00:00,2017,01,142.5,",,,7"
Rhode Island,GHCND:USC00375270,2017-01-01T00:00:00,2017,01,119.4,",,,7"
Rhode Island,GHCND:USC00377581,2017-01-01T00:00:00,2017,01,132.5,",,,7"
Rhode Island,GHCND:USC00379423,2017-01-01T00:00:00,2017,01,120.8,",,,7"
Rhode Island,GHCND:USW00014765,2017-01-01T00:00:00,2017,01,126.1,",,,W"
Rhode Island,GHCND:USW00014787,2017-01-01T00:00:00,2017,01,109.4,",,,W"
Rhode Island,GHCND:USW00014794,2017-01-01T00:00:00,2017,01,109.9,",,,W"
Rhode Island,GHCND:USW00054796,2017-01-01T00:00:00,2017,01,137.6,",,,R"
Rhode Island,GHCND:USW00054797,2017-01-01T00:00:00,2017,01,137.9,",,,R"
Rhode Island,GHCND:US1RIKN0002,2017-02-01T00:00:00,2017,02,68.0,",,,N"
Rhode Island,GHCND:US1RINW0004,2017-02-01T00:00:00,2017,02,47.4,",,,N"
Rhode Island,GHCND:US1RINW0005,2017-02-01T00:00:00,2017,02,55.9,",,,N"
Rhode Island,GHCND:US1RINW0007,2017-02-01T00:00:00,2017,02,58.2,",,,N"
Rhode Island,GHCND:US1RINW0011,2017-02-01T00:00:00,2017,02,83.9,",,,N"
Rhode Island,GHCND:US1RIPR0017,2017-02-01T00:00:00,2017,02,92.4,",,,N"
Rhode Island,GHCND:US1RIPR0028,2017-02-01T00:00:00,2017,02,83.4,"2,,,N"
Rhode Island,GHCND:US1RIPR0032,2017-02-01T00:00:00,2017,02,79.5,",,,N"
Rhode Island,GHCND:US1RIPR0033,2017-02-01T00:00:00,2017,02,82.1,",,,N"
Rhode Island,GHCND:US1RIPR0044,2017-02-01T00:00:00,2017,02,63.8,"2,a,,N"
Rhode Island,GHCND:US1RIPR0045,2017-02-01T00:00:00,2017,02,89.8,",,,N"
Rhode Island,GHCND:US1RIPR0050,2017-02-01T00:00:00,2017,02,77.3,",,,N"
Rhode Island,GHCND:US1RIPR0051,2017-02-01T00:00:00,2017,02,75.2,",,,N"
Rhode Island,GHCND:US1RIWS0001,2017-02-01T00:00:00,2017,02,70.4,",,,N"
Rhode Island,GHCND:US1RIWS0025,2017-02-01T00:00:00,2017,02,57.2,"1,,,N"
Rhode Island,GHCND:US1RIWS0026,2017-02-01T00:00:00,2017,02,8.6,"4,,,N"
Rhode Island,GHCND:US1RIWS0031,2017-02-01T00:00:00,2017,02,68.1,",,,N"
Rhode Island,GHCND:US1RIWS0032,2017-02-01T00:00:00,2017,02,61.7,",,,N"
Rhode Island,GHCND:US1RIWS0035,2017-02-01T00:00:00,2017,02,45.5,"1,,,N"
Rhode Island,GHCND:US1RIWS0036,2017-02-01T00:00:00,2017,02,61.7,",,,N"
Rhode Island,GHCND:US1RIWS0037,2017-02-01T00:00:00,2017,02,65.0,",,,N"
Rhode Island,GHCND:USC00370897,2017-02-01T00:00:00,2017,02,55.5,",,,7"
Rhode Island,GHCND:USC00371874,2017-02-01T00:00:00,2017,02,55.6,",,,7"
Rhode Island,GHCND:USC00371875,2017-02-01T00:00:00,2017,02,68.0,",,,7"
Rhode Island,GHCND:USC00374266,2017-02-01T00:00:00,2017,02,64.3,",,,7"
Rhode Island,GHCND:USC00375270,2017-02-01T00:00:00,2017,02,79.6,",,,7"
Rhode Island,GHCND:USC00377581,2017-02-01T00:00:00,2017,02,55.3,",,,7"
Rhode Island,GHCND:USC00379423,2017-02-01T00:00:00,2017,02,73.7,",,,7"
Rhode Island,GHCND:USW00014765,2017-02-01T00:00:00,2017,02,56.5,",,,W"
Rhode Island,GHCND:USW00014787,2017-02-01T00:00:00,2017,02,34.8,",,,W"
Rhode Island,GHCND:USW00014794,2017-02-01T00:00:00,2017,02,40.4,",,,W"
Rhode Island,GHCND:USW00054796,2017-02-01T00:00:00,2017,02,57.1,",,,R"
Rhode Island,GHCND:USW00054797,2017-02-01T00:00:00,2017,02,55.6,",,,R"
Rhode Island,GHCND:US1RIKN0002,2017-03-01T00:00:00,2017,03,102.5,",,,N"
Rhode Island,GHCND:US1RINW0004,2017-03-01T00:00:00,2017,03,69.1,",,,N"
Rhode Island,GHCND:US1RINW0005,2017-03-01T00:00:00,2017,03,81.9,",,,N"
Rhode Island,GHCND:US1RINW0007,2017-03-01T00:00:00,2017,03,69.7,",,,N"
Rhode Island,GHCND:US1RINW0011,2017-03-01T00:00:00,2017,03,115.8,",,,N"
Rhode Island,GHCND:US1RIPR0017,2017-03-01T00:00:00,2017,03,108.7,",,,N"
Rhode Island,GHCND:US1RIPR0028,2017-03-01T00:00:00,2017,03,80.7,"1,,,N"
Rhode Island,GHCND:US1RIPR0032,2017-03-01T00:00:00,2017,03,76.4,",,,N"
Rhode Island,GHCND:US1RIPR0033,2017-03-01T00:00:00,2017,03,84.7,",,,N"
Rhode Island,GHCND:US1RIPR0044,2017-03-01T00:00:00,2017,03,82.7,"3,,,N"
Rhode Island,GHCND:US1RIPR0050,2017-03-01T00:00:00,2017,03,90.5,",,,N"
Rhode Island,GHCND:US1RIPR0051,2017-03-01T00:00:00,2017,03,70.6,",,,N"
Rhode Island,GHCND:US1RIWS0001,2017-03-01T00:00:00,2017,03,102.8,",a,,N"
Rhode Island,GHCND:US1RIWS0025,2017-03-01T00:00:00,2017,03,120.6,",,,N"
Rhode Island,GHCND:US1RIWS0026,2017-03-01T00:00:00,2017,03,91.2,"5,,,N"
Rhode Island,GHCND:US1RIWS0032,2017-03-01T00:00:00,2017,03,102.1,",,,N"
Rhode Island,GHCND:US1RIWS0035,2017-03-01T00:00:00,2017,03,90.6,",,,N"
Rhode Island,GHCND:US1RIWS0036,2017-03-01T00:00:00,2017,03,95.9,",,,N"
Rhode Island,GHCND:US1RIWS0037,2017-03-01T00:00:00,2017,03,94.8,"1,,,N"
Rhode Island,GHCND:USC00370897,2017-03-01T00:00:00,2017,03,76.0,",,,7"
Rhode Island,GHCND:USC00371874,2017-03-01T00:00:00,2017,03,96.7,",,,7"
Rhode Island,GHCND:USC00371875,2017-03-01T00:00:00,2017,03,72.1,",,,7"
Rhode Island,GHCND:USC00374266,2017-03-01T00:00:00,2017,03,117.0,",,,7"
Rhode Island,GHCND:USC00375270,2017-03-01T00:00:00,2017,03,107.2,",,,7"
Rhode Island,GHCND:USC00377581,2017-03-01T00:00:00,2017,03,120.8,",,,7"
Rhode Island,GHCND:USC00379423,2017-03-01T00:00:00,2017,03,78.0,",,,7"
Rhode Island,GHCND:USW00014765,2017-03-01T00:00:00,2017,03,97.7,",,,W"
Rhode Island,GHCND:USW00014787,2017-03-01T00:00:00,2017,03,91.1,",,,W"
Rhode Island,GHCND:USW00014794,2017-03-01T00:00:00,2017,03,97.0,",,,W"
Rhode Island,GHCND:USW00054796,2017-03-01T00:00:00,2017,03,133.1,",,,R"
Rhode Island,GHCND:USW00054797,2017-03-01T00:00:00,2017,03,132.9,",,,R"
Rhode Island,GHCND:US1RIKN0002,2017-04-01T00:00:00,2017,04,222.0,",,,N"
Rhode Island,GHCND:US1RIKN0015,2017-04-01T00:00:00,2017,04,157.8,"3,,,N"
Rhode Island,GHCND:US1RINW0004,2017-04-01T00:00:00,2017,04,149.8,",,,N"
Rhode Island,GHCND:US1RINW0005,2017-04-01T00:00:00,2017,04,203.3,",,,N"
Rhode Island,GHCND:US1RINW0007,2017-04-01T00:00:00,2017,04,208.1,",,,N"
Rhode Island,GHCND:US1RINW0011,2017-04-01T00:00:00,2017,04,195.0,",,,N"
Rhode Island,GHCND:US1RIPR0017,2017-04-01T00:00:00,2017,04,223.2,"1,,,N"
Rhode Island,GHCND:US1RIPR0028,2017-04-01T00:00:00,2017,04,155.8,",,,N"
Rhode Island,GHCND:US1RIPR0032,2017-04-01T00:00:00,2017,04,188.1,",,,N"
Rhode Island,GHCND:US1RIPR0033,2017-04-01T00:00:00,2017,04,169.8,",,,N"
Rhode Island,GHCND:US1RIPR0044,2017-04-01T00:00:00,2017,04,201.4,",,,N"
Rhode Island,GHCND:US1RIPR0045,2017-04-01T00:00:00,2017,04,173.5,",a,,N"
Rhode Island,GHCND:US1RIPR0050,2017-04-01T00:00:00,2017,04,145.1,",,,N"
Rhode Island,GHCND:US1RIPR0051,2017-04-01T00:00:00,2017,04,160.8,",,,N"
Rhode Island,GHCND:US1RIPR0053,2017-04-01T00:00:00,2017,04,108.2,"3,,,N"
Rhode Island,GHCND:US1RIWS0001,2017-04-01T00:00:00,2017,04,204.7,",a,,N"
Rhode Island,GHCND:US1RIWS0025,2017-04-01T00:00:00,2017,04,210.1,",,,N"
Rhode Island,GHCND:US1RIWS0026,2017-04-01T00:00:00,2017,04,160.3,"1,,,N"
Rhode Island,GHCND:US1RIWS0031,2017-04-01T00:00:00,2017,04,225.1,",a,,N"
Rhode Island,GHCND:US1RIWS0035,2017-04-01T00:00:00,2017,04,179.9,"1,a,,N"
Rhode Island,GHCND:US1RIWS0036,2017-04-01T00:00:00,2017,04,190.8,",,,N"
Rhode Island,GHCND:US1RIWS0037,2017-04-01T00:00:00,2017,04,153.5,",,,N"
Rhode Island,GHCND:USC00370897,2017-04-01T00:00:00,2017,04,159.1,",,,7"
Rhode Island,GHCND:USC00371874,2017-04-01T00:00:00,2017,04,170.4,",a,,7"
Rhode Island,GHCND:USC00371875,2017-04-01T00:00:00,2017,04,180.7,",,,7"
Rhode Island,GHCND:USC00374266,2017-04-01T00:00:00,2017,04,220.4,",,,7"
Rhode Island,GHCND:USC00375270,2017-04-01T00:00:00,2017,04,126.6,",,,7"
Rhode Island,GHCND:USC00377581,2017-04-01T00:00:00,2017,04,166.4,",,,7"
Rhode Island,GHCND:USC00379423,2017-04-01T00:00:00,2017,04,157.3,",,,7"
Rhode Island,GHCND:USW00014765,2017-04-01T00:00:00,2017,04,180.4,",,,W"
Rhode Island,GHCND:USW00014787,2017-04-01T00:00:00,2017,04,172.0,",,,W"
Rhode Island,GHCND:USW00014794,2017-04-01T00:00:00,2017,04,134.7,",,,W"
Rhode Island,GHCND:USW00054796,2017-04-01T00:00:00,2017,04,193.5,",,,R"
Rhode Island,GHCND:USW00054797,2017-04-01T00:00:00,2017,04,189.0,",,,R"
Rhode Island,GHCND:US1RIBR0005,2017-05-01T00:00:00,2017,05,133.9,",,,N"
Rhode Island,GHCND:US1RIKN0002,2017-05-01T00:00:00,2017,05,168.3,",,,N"
Rhode Island,GHCND:US1RIKN0015,2017-05-01T00:00:00,2017,05,148.8,"1,,,N"
Rhode Island,GHCND:US1RINW0004,2017-05-01T00:00:00,2017,05,113.5,",,,N"
Rhode Island,GHCND:US1RINW0005,2017-05-01T00:00:00,2017,05,146.1,",,,N"
Rhode Island,GHCND:US1RINW0007,2017-05-01T00:00:00,2017,05,142.6,",,,N"
Rhode Island,GHCND:US1RINW0011,2017-05-01T00:00:00,2017,05,144.6,"3,,,N"
Rhode Island,GHCND:US1RINW0016,2017-05-01T00:00:00,2017,05,136.0,",,,N"
Rhode Island,GHCND:US1RIPR0017,2017-05-01T00:00:00,2017,05,200.9,"2,,,N"
Rhode Island,GHCND:US1RIPR0020,2017-05-01T00:00:00,2017,05,156.4,"3,,,N"
Rhode Island,GHCND:US1RIPR0028,2017-05-01T00:00:00,2017,05,153.5,",,,N"
Rhode Island,GHCND:US1RIPR0032,2017-05-01T00:00:00,2017,05,174.2,",,,N"
Rhode Island,GHCND:US1RIPR0033,2017-05-01T00:00:00,2017,05,145.3,",,,N"
Rhode Island,GHCND:US1RIPR0044,2017-05-01T00:00:00,2017,05,187.9,"1,,,N"
Rhode Island,GHCND:US1RIPR0050,2017-05-01T00:00:00,2017,05,157.5,",,,N"
Rhode Island,GHCND:US1RIPR0051,2017-05-01T00:00:00,2017,05,156.5,",,,N"
Rhode Island,GHCND:US1RIPR0053,2017-05-01T00:00:00,2017,05,116.2,",,,N"
Rhode Island,GHCND:US1RIWS0025,2017-05-01T00:00:00,2017,05,184.4,",,,N"
Rhode Island,GHCND:US1RIWS0026,2017-05-01T00:00:00,2017,05,161.4,"3,,,N"
Rhode Island,GHCND:US1RIWS0031,2017-05-01T00:00:00,2017,05,162.0,"1,,,N"
Rhode Island,GHCND:US1RIWS0032,2017-05-01T00:00:00,2017,05,143.8,"2,,,N"
Rhode Island,GHCND:US1RIWS0036,2017-05-01T00:00:00,2017,05,167.0,",,,N"
Rhode Island,GHCND:US1RIWS0037,2017-05-01T00:00:00,2017,05,135.7,"1,,,N"
Rhode Island,GHCND:USC00370897,2017-05-01T00:00:00,2017,05,162.6,",,,7"
Rhode Island,GHCND:USC00371874,2017-05-01T00:00:00,2017,05,160.1,",a,,7"
Rhode Island,GHCND:USC00371875,2017-05-01T00:00:00,2017,05,173.9,",a,,7"
Rhode Island,GHCND:USC00374266,2017-05-01T00:00:00,2017,05,170.9,",,,7"
Rhode Island,GHCND:USC00375270,2017-05-01T00:00:00,2017,05,163.0,",,,7"
Rhode Island,GHCND:USC00377581,2017-05-01T00:00:00,2017,05,153.8,",,,7"
Rhode Island,GHCND:USC00379423,2017-05-01T00:00:00,2017,05,143.2,",,,7"
Rhode Island,GHCND:USW00014765,2017-05-01T00:00:00,2017,05,175.1,",,,W"
Rhode Island,GHCND:USW00014787,2017-05-01T00:00:00,2017,05,167.3,",,,W"
Rhode Island,GHCND:USW00014794,2017-05-01T00:00:00,2017,05,161.3,",,,W"
Rhode Island,GHCND:USW00054796,2017-05-01T00:00:00,2017,05,159.1,",,,R"
Rhode Island,GHCND:USW00054797,2017-05-01T00:00:00,2017,05,166.2,",,,R"
Rhode Island,GHCND:US1RIBR0005,2017-06-01T00:00:00,2017,06,126.1,",,,N"
Rhode Island,GHCND:US1RIKN0002,2017-06-01T00:00:00,2017,06,125.9,",,,N"
Rhode Island,GHCND:US1RIKN0015,2017-06-01T00:00:00,2017,06,119.7,"1,a,,N"
Rhode Island,GHCND:US1RINW0004,2017-06-01T00:00:00,2017,06,27.9,",,,N"
Rhode Island,GHCND:US1RINW0005,2017-06-01T00:00:00,2017,06,58.0,",,,N"
Rhode Island,GHCND:US1RINW0007,2017-06-01T00:00:00,2017,06,58.6,",,,N"
Rhode Island,GHCND:US1RINW0016,2017-06-01T00:00:00,2017,06,65.9,",,,N"
Rhode Island,GHCND:US1RIPR0017,2017-06-01T00:00:00,2017,06,125.7,",,,N"
Rhode Island,GHCND:US1RIPR0028,2017-06-01T00:00:00,2017,06,157.1,"1,,,N"
Rhode Island,GHCND:US1RIPR0032,2017-06-01T00:00:00,2017,06,125.7,",,,N"
Rhode Island,GHCND:US1RIPR0033,2017-06-01T00:00:00,2017,06,160.2,",,,N"
Rhode Island,GHCND:US1RIPR0044,2017-06-01T00:00:00,2017,06,117.5,"1,,,N"
Rhode Island,GHCND:US1RIPR0050,2017-06-01T00:00:00,2017,06,118.4,",,,N"
Rhode Island,GHCND:US1RIPR0051,2017-06-01T00:00:00,2017,06,156.0,",,,N"
Rhode Island,GHCND:US1RIPR0053,2017-06-01T00:00:00,2017,06,114.5,"2,,,N"
Rhode Island,GHCND:US1RIWS0001,2017-06-01T00:00:00,2017,06,86.9,",,,N"
Rhode Island,GHCND:US1RIWS0025,2017-06-01T00:00:00,2017,06,120.1,",,,N"
Rhode Island,GHCND:US1RIWS0031,2017-06-01T00:00:00,2017,06,81.1,"1,a,,N"
Rhode Island,GHCND:US1RIWS0032,2017-06-01T00:00:00,2017,06,110.5,",a,,N"
Rhode Island,GHCND:US1RIWS0035,2017-06-01T00:00:00,2017,06,85.6,",,,N"
Rhode Island,GHCND:US1RIWS0036,2017-06-01T00:00:00,2017,06,60.9,",,,N"
Rhode Island,GHCND:US1RIWS0037,2017-06-01T00:00:00,2017,06,59.8,",,,N"
Rhode Island,GHCND:USC00370897,2017-06-01T00:00:00,2017,06,32.8,",,,7"
Rhode Island,GHCND:USC00371874,2017-06-01T00:00:00,2017,06,129.5,",a,,7"
Rhode Island,GHCND:USC00371875,2017-06-01T00:00:00,2017,06,127.7,",,,7"
Rhode Island,GHCND:USC00374266,2017-06-01T00:00:00,2017,06,76.6,",,,7"
Rhode Island,GHCND:USC00375270,2017-06-01T00:00:00,2017,06,141.9,",,,7"
Rhode Island,GHCND:USC00377581,2017-06-01T00:00:00,2017,06,62.6,",,,7"
Rhode Island,GHCND:USC00379423,2017-06-01T00:00:00,2017,06,141.1,",,,7"
Rhode Island,GHCND:USW00014765,2017-06-01T00:00:00,2017,06,108.5,",,,W"
Rhode Island,GHCND:USW00014787,2017-06-01T00:00:00,2017,06,43.7,",,,W"
Rhode Island,GHCND:USW00014794,2017-06-01T00:00:00,2017,06,71.4,",,,W"
Rhode Island,GHCND:USW00054796,2017-06-01T00:00:00,2017,06,67.6,",,,R"
Rhode Island,GHCND:USW00054797,2017-06-01T00:00:00,2017,06,65.7,",,,R"
Rhode Island,GHCND:US1RIBR0005,2017-07-01T00:00:00,2017,07,102.6,",,,N"
Rhode Island,GHCND:US1RIKN0002,2017-07-01T00:00:00,2017,07,123.0,",,,N"
Rhode Island,GHCND:US1RINW0004,2017-07-01T00:00:00,2017,07,52.2,",,,N"
Rhode Island,GHCND:US1RINW0005,2017-07-01T00:00:00,2017,07,46.0,",,,N"
Rhode Island,GHCND:US1RINW0007,2017-07-01T00:00:00,2017,07,57.3,",,,N"
Rhode Island,GHCND:US1RINW0011,2017-07-01T00:00:00,2017,07,71.0,",,,N"
Rhode Island,GHCND:US1RINW0016,2017-07-01T00:00:00,2017,07,55.5,"1,,,N"
Rhode Island,GHCND:US1RIPR0017,2017-07-01T00:00:00,2017,07,119.0,"1,,,N"
Rhode Island,GHCND:US1RIPR0020,2017-07-01T00:00:00,2017,07,114.2,"1,,,N"
Rhode Island,GHCND:US1RIPR0028,2017-07-01T00:00:00,2017,07,115.6,",,,N"
Rhode Island,GHCND:US1RIPR0032,2017-07-01T00:00:00,2017,07,104.3,",,,N"
Rhode Island,GHCND:US1RIPR0033,2017-07-01T00:00:00,2017,07,110.5,",,,N"
Rhode Island,GHCND:US1RIPR0044,2017-07-01T00:00:00,2017,07,120.4,"5,a,,N"
Rhode Island,GHCND:US1RIPR0051,2017-07-01T00:00:00,2017,07,104.9,",,,N"
Rhode Island,GHCND:US1RIPR0053,2017-07-01T00:00:00,2017,07,111.5,"3,,,N"
Rhode Island,GHCND:US1RIPR0055,2017-07-01T00:00:00,2017,07,91.8,"1,,,N"
Rhode Island,GHCND:US1RIWS0001,2017-07-01T00:00:00,2017,07,90.2,",,,N"
Rhode Island,GHCND:US1RIWS0025,2017-07-01T00:00:00,2017,07,136.8,",,,N"
Rhode Island,GHCND:US1RIWS0032,2017-07-01T00:00:00,2017,07,118.7,",,,N"
Rhode Island,GHCND:US1RIWS0035,2017-07-01T00:00:00,2017,07,62.4,",,,N"
Rhode Island,GHCND:US1RIWS0036,2017-07-01T00:00:00,2017,07,62.2,",,,N"
Rhode Island,GHCND:US1RIWS0037,2017-07-01T00:00:00,2017,07,91.5,",,,N"
Rhode Island,GHCND:USC00370897,2017-07-01T00:00:00,2017,07,67.5,",,,7"
Rhode Island,GHCND:USC00371874,2017-07-01T00:00:00,2017,07,137.3,",a,,7"
Rhode Island,GHCND:USC00371875,2017-07-01T00:00:00,2017,07,131.5,",,,7"
Rhode Island,GHCND:USC00374266,2017-07-01T00:00:00,2017,07,86.0,",,,7"
Rhode Island,GHCND:USC00375270,2017-07-01T00:00:00,2017,07,136.7,",,,7"
Rhode Island,GHCND:USC00377581,2017-07-01T00:00:00,2017,07,57.9,",,,7"
Rhode Island,GHCND:USC00379423,2017-07-01T00:00:00,2017,07,108.5,",,,7"
Rhode Island,GHCND:USW00014765,2017-07-01T00:00:00,2017,07,88.0,",,,W"
Rhode Island,GHCND:USW00014787,2017-07-01T00:00:00,2017,07,59.3,",,,W"
Rhode Island,GHCND:USW00014794,2017-07-01T00:00:00,2017,07,53.4,",,,W"
Rhode Island,GHCND:USW00054796,2017-07-01T00:00:00,2017,07,74.2,",,,R"
Rhode Island,GHCND:USW00054797,2017-07-01T00:00:00,2017,07,78.6,",,,R"
Rhode Island,GHCND:US1RIBR0005,2017-08-01T00:00:00,2017,08,31.7,",,,N"
Rhode Island,GHCND:US1RIKN0002,2017-08-01T00:00:00,2017,08,58.9,",,,N"
Rhode Island,GHCND:US1RINW0004,2017-08-01T00:00:00,2017,08,44.1,",,,N"
Rhode Island,GHCND:US1RINW0007,2017-08-01T00:00:00,2017,08,117.2,",,,N"
Rhode Island,GHCND:US1RINW0011,2017-08-01T00:00:00,2017,08,55.6,"2,,,N"
Rhode Island,GHCND:US1RINW0016,2017-08-01T00:00:00,2017,08,55.5,"1,,,N"
Rhode Island,GHCND:US1RIPR0017,2017-08-01T00:00:00,2017,08,25.9,"3,,,N"
Rhode Island,GHCND:US1RIPR0020,2017-08-01T00:00:00,2017,08,43.3,",,,N"
Rhode Island,GHCND:US1RIPR0028,2017-08-01T00:00:00,2017,08,33.8,",,,N"
Rhode Island,GHCND:US1RIPR0032,2017-08-01T00:00:00,2017,08,25.2,",,,N"
Rhode Island,GHCND:US1RIPR0033,2017-08-01T00:00:00,2017,08,34.1,",,,N"
Rhode Island,GHCND:US1RIPR0044,2017-08-01T00:00:00,2017,08,33.2,"3,a,,N"
Rhode Island,GHCND:US1RIPR0050,2017-08-01T00:00:00,2017,08,45.5,",,,N"
Rhode Island,GHCND:US1RIPR0051,2017-08-01T00:00:00,2017,08,32.5,",,,N"
Rhode Island,GHCND:US1RIPR0053,2017-08-01T00:00:00,2017,08,19.6,",,,N"
Rhode Island,GHCND:US1RIPR0055,2017-08-01T00:00:00,2017,08,36.6,",,,N"
Rhode Island,GHCND:US1RIWS0001,2017-08-01T00:00:00,2017,08,52.9,",,,N"
Rhode Island,GHCND:US1RIWS0031,2017-08-01T00:00:00,2017,08,53.2,"1,,,N"
Rhode Island,GHCND:US1RIWS0036,2017-08-01T00:00:00,2017,08,71.0,",,,N"
Rhode Island,GHCND:US1RIWS0037,2017-08-01T00:00:00,2017,08,55.2,"1,a,,N"
Rhode Island,GHCND:US1RIWS0040,2017-08-01T00:00:00,2017,08,72.8,",,,N"
Rhode Island,GHCND:USC00370897,2017-08-01T00:00:00,2017,08,119.0,",,,7"
Rhode Island,GHCND:USC00371874,2017-08-01T00:00:00,2017,08,31.1,"3,,,7"
Rhode Island,GHCND:USC00374266,2017-08-01T00:00:00,2017,08,51.0,",,,7"
Rhode Island,GHCND:USC00375270,2017-08-01T00:00:00,2017,08,49.4,",,,7"
Rhode Island,GHCND:USC00377581,2017-08-01T00:00:00,2017,08,56.2,",,,7"
Rhode Island,GHCND:USC00379423,2017-08-01T00:00:00,2017,08,35.3,",,,7"
Rhode Island,GHCND:USW00014765,2017-08-01T00:00:00,2017,08,37.2,",,,W"
Rhode Island,GHCND:USW00014787,2017-08-01T00:00:00,2017,08,63.8,",,,W"
Rhode Island,GHCND:USW00014794,2017-08-01T00:00:00,2017,08,36.4,"2,,,W"
Rhode Island,GHCND:USW00054796,2017-08-01T00:00:00,2017,08,45.5,",,,R"
Rhode Island,GHCND:USW00054797,2017-08-01T00:00:00,2017,08,49.4,",,,R"
Rhode Island,GHCND:US1RIBR0005,2017-09-01T00:00:00,2017,09,52.8,",,,N"
Rhode Island,GHCND:US1RIKN0002,2017-09-01T00:00:00,2017,09,60.8,",,,N"
Rhode Island,GHCND:US1RIKN0015,2017-09-01T00:00:00,2017,09,61.0,"3,,,N"
Rhode Island,GHCND:US1RIKN0017,2017-09-01T00:00:00,2017,09,57.4,"1,a,,N"
Rhode Island,GHCND:US1RINW0004,2017-09-01T00:00:00,2017,09,29.7,",,,N"
Rhode Island,GHCND:US1RINW0005,2017-09-01T00:00:00,2017,09,52.3,",,,N"
Rhode Island,GHCND:US1RINW0007,2017-09-01T00:00:00,2017,09,69.0,",,,N"
Rhode Island,GHCND:US1RINW0011,2017-09-01T00:00:00,2017,09,63.2,",,,N"
Rhode Island,GHCND:US1RINW0016,2017-09-01T00:00:00,2017,09,44.2,",,,N"
Rhode Island,GHCND:US1RIPR0017,2017-09-01T00:00:00,2017,09,64.7,",,,N"
Rhode Island,GHCND:US1RIPR0020,2017-09-01T00:00:00,2017,09,65.0,",,,N"
Rhode Island,GHCND:US1RIPR0028,2017-09-01T00:00:00,2017,09,60.0,",,,N"
Rhode Island,GHCND:US1RIPR0032,2017-09-01T00:00:00,2017,09,55.9,",,,N"
Rhode Island,GHCND:US1RIPR0033,2017-09-01T00:00:00,2017,09,68.6,",,,N"
Rhode Island,GHCND:US1RIPR0044,2017-09-01T00:00:00,2017,09,58.2,"4,,,N"
Rhode Island,GHCND:US1RIPR0045,2017-09-01T00:00:00,2017,09,57.2,",,,N"
Rhode Island,GHCND:US1RIPR0050,2017-09-01T00:00:00,2017,09,61.3,",,,N"
Rhode Island,GHCND:US1RIPR0051,2017-09-01T00:00:00,2017,09,59.5,",,,N"
Rhode Island,GHCND:US1RIPR0053,2017-09-01T00:00:00,2017,09,48.0,",,,N"
Rhode Island,GHCND:US1RIWS0001,2017-09-01T00:00:00,2017,09,76.1,",,,N"
Rhode Island,GHCND:US1RIWS0031,2017-09-01T00:00:00,2017,09,68.6,",,,N"
Rhode Island,GHCND:US1RIWS0035,2017-09-01T00:00:00,2017,09,70.3,"1,,,N"
Rhode Island,GHCND:US1RIWS0036,2017-09-01T00:00:00,2017,09,57.1,",,,N"
Rhode Island,GHCND:US1RIWS0037,2017-09-01T00:00:00,2017,09,58.6,"1,,,N"
Rhode Island,GHCND:USC00370897,2017-09-01T00:00:00,2017,09,49.8,",,,7"
Rhode Island,GHCND:USC00371874,2017-09-01T00:00:00,2017,09,47.0,"1,a,,7"
Rhode Island,GHCND:USC00371875,2017-09-01T00:00:00,2017,09,61.4,",,,7"
Rhode Island,GHCND:USC00374266,2017-09-01T00:00:00,2017,09,95.6,",,,7"
Rhode Island,GHCND:USC00375270,2017-09-01T00:00:00,2017,09,74.0,",,,7"
Rhode Island,GHCND:USC00377581,2017-09-01T00:00:00,2017,09,50.3,",,,7"
Rhode Island,GHCND:USC00379423,2017-09-01T00:00:00,2017,09,59.7,",,,7"
Rhode Island,GHCND:USW00014765,2017-09-01T00:00:00,2017,09,97.9,",,,W"
Rhode Island,GHCND:USW00014787,2017-09-01T00:00:00,2017,09,60.8,",,,W"
Rhode Island,GHCND:USW00014794,2017-09-01T00:00:00,2017,09,91.0,",,,W"
Rhode Island,GHCND:USW00054796,2017-09-01T00:00:00,2017,09,89.7,",,,R"
Rhode Island,GHCND:USW00054797,2017-09-01T00:00:00,2017,09,93.3,",,,R"
Rhode Island,GHCND:US1RIBR0005,2017-10-01T00:00:00,2017,10,167.9,",,,N"
Rhode Island,GHCND:US1RIKN0002,2017-10-01T00:00:00,2017,10,171.1,",,,N"
Rhode Island,GHCND:US1RIKN0015,2017-10-01T00:00:00,2017,10,172.1,"3,a,,N"
Rhode Island,GHCND:US1RIKN0017,2017-10-01T00:00:00,2017,10,106.7,"4,,,N"
Rhode Island,GHCND:US1RINW0004,2017-10-01T00:00:00,2017,10,136.2,",,,N"
Rhode Island,GHCND:US1RINW0005,2017-10-01T00:00:00,2017,10,193.3,",,,N"
Rhode Island,GHCND:US1RINW0007,2017-10-01T00:00:00,2017,10,177.9,",,,N"
Rhode Island,GHCND:US1RINW0011,2017-10-01T00:00:00,2017,10,166.9,",,,N"
Rhode Island,GHCND:US1RINW0016,2017-10-01T00:00:00,2017,10,130.2,",,,N"
Rhode Island,GHCND:US1RIPR0017,2017-10-01T00:00:00,2017,10,156.5,"1,,,N"
Rhode Island,GHCND:US1RIPR0020,2017-10-01T00:00:00,2017,10,263.5,",,,N"
Rhode Island,GHCND:US1RIPR0028,2017-10-01T00:00:00,2017,10,186.4,",,,N"
Rhode Island,GHCND:US1RIPR0032,2017-10-01T00:00:00,2017,10,155.8,",,,N"
Rhode Island,GHCND:US1RIPR0033,2017-10-01T00:00:00,2017,10,210.4,",,,N"
Rhode Island,GHCND:US1RIPR0044,2017-10-01T00:00:00,2017,10,146.8,"2,a,,N"
Rhode Island,GHCND:US1RIPR0045,2017-10-01T00:00:00,2017,10,199.1,",,,N"
Rhode Island,GHCND:US1RIPR0048,2017-10-01T00:00:00,2017,10,173.2,",a,,N"
Rhode Island,GHCND:US1RIPR0050,2017-10-01T00:00:00,2017,10,210.6,",,,N"
Rhode Island,GHCND:US1RIPR0051,2017-10-01T00:00:00,2017,10,189.7,",,,N"
Rhode Island,GHCND:US1RIPR0053,2017-10-01T00:00:00,2017,10,104.0,",,,N"
Rhode Island,GHCND:US1RIPR0055,2017-10-01T00:00:00,2017,10,135.7,",,,N"
Rhode Island,GHCND:US1RIWS0001,2017-10-01T00:00:00,2017,10,198.9,",,,N"
Rhode Island,GHCND:US1RIWS0031,2017-10-01T00:00:00,2017,10,206.7,",,,N"
Rhode Island,GHCND:US1RIWS0032,2017-10-01T00:00:00,2017,10,224.1,",,,N"
Rhode Island,GHCND:US1RIWS0035,2017-10-01T00:00:00,2017,10,199.0,",a,,N"
Rhode Island,GHCND:US1RIWS0036,2017-10-01T00:00:00,2017,10,209.9,",,,N"
Rhode Island,GHCND:US1RIWS0037,2017-10-01T00:00:00,2017,10,200.7,",,,N"
Rhode Island,GHCND:US1RIWS0040,2017-10-01T00:00:00,2017,10,224.0,",,,N"
Rhode Island,GHCND:USC00370897,2017-10-01T00:00:00,2017,10,174.4,",,,7"
Rhode Island,GHCND:USC00371874,2017-10-01T00:00:00,2017,10,205.3,"2,a,,7"
Rhode Island,GHCND:USC00371875,2017-10-01T00:00:00,2017,10,226.3,",,,7"
Rhode Island,GHCND:USC00374266,2017-10-01T00:00:00,2017,10,204.7,",,,7"
Rhode Island,GHCND:USC00375270,2017-10-01T00:00:00,2017,10,243.6,",,,7"
Rhode Island,GHCND:USC00377581,2017-10-01T00:00:00,2017,10,161.7,",,,7"
Rhode Island,GHCND:USC00379423,2017-10-01T00:00:00,2017,10,183.7,",,,7"
Rhode Island,GHCND:USW00014765,2017-10-01T00:00:00,2017,10,138.2,",,,W"
Rhode Island,GHCND:USW00014787,2017-10-01T00:00:00,2017,10,140.9,",,,W"
Rhode Island,GHCND:USW00014794,2017-10-01T00:00:00,2017,10,175.0,",,,W"
Rhode Island,GHCND:USW00054796,2017-10-01T00:00:00,2017,10,182.8,",,,R"
Rhode Island,GHCND:USW00054797,2017-10-01T00:00:00,2017,10,186.9,",,,R"
Rhode Island,GHCND:US1RIBR0005,2017-11-01T00:00:00,2017,11,80.1,",,,N"
Rhode Island,GHCND:US1RIKN0002,2017-11-01T00:00:00,2017,11,97.0,",,,N"
Rhode Island,GHCND:US1RIKN0017,2017-11-01T00:00:00,2017,11,89.3,"2,,,N"
Rhode Island,GHCND:US1RINW0004,2017-11-01T00:00:00,2017,11,61.0,",,,N"
Rhode Island,GHCND:US1RINW0005,2017-11-01T00:00:00,2017,11,91.8,",a,,N"
Rhode Island,GHCND:US1RINW0007,2017-11-01T00:00:00,2017,11,95.0,",,,N"
Rhode Island,GHCND:US1RINW0011,2017-11-01T00:00:00,2017,11,89.7,",,,N"
Rhode Island,GHCND:US1RINW0016,2017-11-01T00:00:00,2017,11,85.1,"1,,,N"
Rhode Island,GHCND:US1RIPR0017,2017-11-01T00:00:00,2017,11,74.6,"1,,,N"
Rhode Island,GHCND:US1RIPR0020,2017-11-01T00:00:00,2017,11,69.7,"3,,,N"
Rhode Island,GHCND:US1RIPR0028,2017-11-01T00:00:00,2017,11,60.4,",,,N"
Rhode Island,GHCND:US1RIPR0032,2017-11-01T00:00:00,2017,11,65.6,",,,N"
Rhode Island,GHCND:US1RIPR0033,2017-11-01T00:00:00,2017,11,58.3,",,,N"
Rhode Island,GHCND:US1RIPR0045,2017-11-01T00:00:00,2017,11,55.2,",,,N"
Rhode Island,GHCND:US1RIPR0050,2017-11-01T00:00:00,2017,11,65.6,",,,N"
Rhode Island,GHCND:US1RIPR0051,2017-11-01T00:00:00,2017,11,60.7,",,,N"
Rhode Island,GHCND:US1RIPR0053,2017-11-01T00:00:00,2017,11,46.7,"1,,,N"
Rhode Island,GHCND:US1RIPR0055,2017-11-01T00:00:00,2017,11,53.7,",a,,N"
Rhode Island,GHCND:US1RIWS0001,2017-11-01T00:00:00,2017,11,85.3,",,,N"
Rhode Island,GHCND:US1RIWS0025,2017-11-01T00:00:00,2017,11,81.5,"1,,,N"
Rhode Island,GHCND:US1RIWS0031,2017-11-01T00:00:00,2017,11,93.2,",,,N"
Rhode Island,GHCND:US1RIWS0035,2017-11-01T00:00:00,2017,11,72.7,",a,,N"
Rhode Island,GHCND:US1RIWS0036,2017-11-01T00:00:00,2017,11,72.2,",,,N"
Rhode Island,GHCND:US1RIWS0037,2017-11-01T00:00:00,2017,11,91.1,",,,N"
Rhode Island,GHCND:US1RIWS0040,2017-11-01T00:00:00,2017,11,94.0,",,,N"
Rhode Island,GHCND:USC00370897,2017-11-01T00:00:00,2017,11,77.9,",,,7"
Rhode Island,GHCND:USC00371875,2017-11-01T00:00:00,2017,11,70.9,",,,7"
Rhode Island,GHCND:USC00374266,2017-11-01T00:00:00,2017,11,88.4,",,,7"
Rhode Island,GHCND:USC00375270,2017-11-01T00:00:00,2017,11,64.9,",,,7"
Rhode Island,GHCND:USC00377581,2017-11-01T00:00:00,2017,11,83.4,",,,7"
Rhode Island,GHCND:USC00379423,2017-11-01T00:00:00,2017,11,51.5,",,,7"
Rhode Island,GHCND:USW00014765,2017-11-01T00:00:00,2017,11,74.6,",,,W"
Rhode Island,GHCND:USW00014787,2017-11-01T00:00:00,2017,11,76.6,",,,W"
Rhode Island,GHCND:USW00014794,2017-11-01T00:00:00,2017,11,68.0,",,,W"
Rhode Island,GHCND:USW00054796,2017-11-01T00:00:00,2017,11,83.7,",,,R"
Rhode Island,GHCND:USW00054797,2017-11-01T00:00:00,2017,11,83.4,",,,R"
Rhode Island,GHCND:US1RIBR0005,2017-12-01T00:00:00,2017,12,61.5,",,,N"
Rhode Island,GHCND:US1RIKN0002,2017-12-01T00:00:00,2017,12,68.7,",,,N"
Rhode Island,GHCND:US1RINW0004,2017-12-01T00:00:00,2017,12,35.1,"2,,,N"
Rhode Island,GHCND:US1RINW0005,2017-12-01T00:00:00,2017,12,69.2,",,,N"
Rhode Island,GHCND:US1RINW0007,2017-12-01T00:00:00,2017,12,71.3,",,,N"
Rhode Island,GHCND:US1RINW0011,2017-12-01T00:00:00,2017,12,72.3,",,,N"
Rhode Island,GHCND:US1RINW0016,2017-12-01T00:00:00,2017,12,71.1,",,,N"
Rhode Island,GHCND:US1RIPR0017,2017-12-01T00:00:00,2017,12,50.3,"1,,,N"
Rhode Island,GHCND:US1RIPR0020,2017-12-01T00:00:00,2017,12,89.7,"5,,,N"
Rhode Island,GHCND:US1RIPR0028,2017-12-01T00:00:00,2017,12,89.0,",,,N"
Rhode Island,GHCND:US1RIPR0032,2017-12-01T00:00:00,2017,12,65.2,",,,N"
Rhode Island,GHCND:US1RIPR0033,2017-12-01T00:00:00,2017,12,76.2,",,,N"
Rhode Island,GHCND:US1RIPR0045,2017-12-01T00:00:00,2017,12,49.4,"5,,,N"
Rhode Island,GHCND:US1RIPR0050,2017-12-01T00:00:00,2017,12,87.0,",,,N"
Rhode Island,GHCND:US1RIPR0051,2017-12-01T00:00:00,2017,12,82.0,",,,N"
Rhode Island,GHCND:US1RIPR0053,2017-12-01T00:00:00,2017,12,37.8,"5,,,N"
Rhode Island,GHCND:US1RIPR0055,2017-12-01T00:00:00,2017,12,78.7,",,,N"
Rhode Island,GHCND:US1RIWS0031,2017-12-01T00:00:00,2017,12,76.4,"1,a,,N"
Rhode Island,GHCND:US1RIWS0032,2017-12-01T00:00:00,2017,12,78.6,"2,a,,N"
Rhode Island,GHCND:US1RIWS0036,2017-12-01T00:00:00,2017,12,57.2,",,,N"
Rhode Island,GHCND:US1RIWS0037,2017-12-01T00:00:00,2017,12,61.5,"5,,,N"
Rhode Island,GHCND:USC00370897,2017-12-01T00:00:00,2017,12,67.7,",,,7"
Rhode Island,GHCND:USC00371874,2017-12-01T00:00:00,2017,12,81.3,",a,,7"
Rhode Island,GHCND:USC00371875,2017-12-01T00:00:00,2017,12,75.3,",,,7"
Rhode Island,GHCND:USC00374266,2017-12-01T00:00:00,2017,12,74.4,",,,7"
Rhode Island,GHCND:USC00375270,2017-12-01T00:00:00,2017,12,88.2,",,,7"
Rhode Island,GHCND:USC00377581,2017-12-01T00:00:00,2017,12,86.8,",,,7"
Rhode Island,GHCND:USC00379423,2017-12-01T00:00:00,2017,12,80.4,",,,7"
Rhode Island,GHCND:USW00014765,2017-12-01T00:00:00,2017,12,65.2,",,,W"
Rhode Island,GHCND:USW00014787,2017-12-01T00:00:00,2017,12,58.2,",,,W"
Rhode Island,GHCND:USW00014794,2017-12-01T00:00:00,2017,12,50.7,",,,W"
Rhode Island,GHCND:USW00054796,2017-12-01T00:00:00,2017,12,68.6,",,,R"
Rhode Island,GHCND:USW00054797,2017-12-01T00:00:00,2017,12,66.3,",,,R"
Rhode Island,GHCND:US1RIBR0005,2018-01-01T00:00:00,2018,01,161.5,"1,,,N"
Rhode Island,GHCND:US1RIKN0002,2018-01-01T00:00:00,2018,01,177.6,",,,N"
Rhode Island,GHCND:US1RINW0004,2018-01-01T00:00:00,2018,01,121.4,",,,N"
Rhode Island,GHCND:US1RINW0005,2018-01-01T00:00:00,2018,01,143.3,",a,,N"
Rhode Island,GHCND:US1RINW0007,2018-01-01T00:00:00,2018,01,154.6,",,,N"
Rhode Island,GHCND:US1RINW0016,2018-01-01T00:00:00,2018,01,176.8,",,,N"
Rhode Island,GHCND:US1RIPR0017,2018-01-01T00:00:00,2018,01,157.1,",,,N"
Rhode Island,GHCND:US1RIPR0028,2018-01-01T00:00:00,2018,01,130.7,",,,N"
Rhode Island,GHCND:US1RIPR0032,2018-01-01T00:00:00,2018,01,159.1,",,,N"
Rhode Island,GHCND:US1RIPR0033,2018-01-01T00:00:00,2018,01,146.8,",,,N"
Rhode Island,GHCND:US1RIPR0045,2018-01-01T00:00:00,2018,01,129.5,"1,,,N"
Rhode Island,GHCND:US1RIPR0050,2018-01-01T00:00:00,2018,01,123.3,",,,N"
Rhode Island,GHCND:US1RIPR0051,2018-01-01T00:00:00,2018,01,128.4,",,,N"
Rhode Island,GHCND:US1RIPR0053,2018-01-01T00:00:00,2018,01,93.8,"5,,,N"
Rhode Island,GHCND:US1RIPR0055,2018-01-01T00:00:00,2018,01,135.9,",,,N"
Rhode Island,GHCND:US1RIWS0001,2018-01-01T00:00:00,2018,01,144.2,",,,N"
Rhode Island,GHCND:US1RIWS0031,2018-01-01T00:00:00,2018,01,176.2,",,,N"
Rhode Island,GHCND:US1RIWS0032,2018-01-01T00:00:00,2018,01,174.9,",a,,N"
Rhode Island,GHCND:US1RIWS0036,2018-01-01T00:00:00,2018,01,156.8,",,,N"
Rhode Island,GHCND:US1RIWS0037,2018-01-01T00:00:00,2018,01,165.0,"2,,,N"
Rhode Island,GHCND:USC00370897,2018-01-01T00:00:00,2018,01,138.4,",,,7"
Rhode Island,GHCND:USC00371874,2018-01-01T00:00:00,2018,01,172.8,",a,,7"
Rhode Island,GHCND:USC00371875,2018-01-01T00:00:00,2018,01,161.3,",,,7"
Rhode Island,GHCND:USC00374266,2018-01-01T00:00:00,2018,01,168.4,",,,7"
Rhode Island,GHCND:USC00375270,2018-01-01T00:00:00,2018,01,156.4,",,,7"
Rhode Island,GHCND:USC00377581,2018-01-01T00:00:00,2018,01,169.9,",,,7"
Rhode Island,GHCND:USC00379423,2018-01-01T00:00:00,2018,01,148.1,",,,7"
Rhode Island,GHCND:USW00014765,2018-01-01T00:00:00,2018,01,164.8,",,,W"
Rhode Island,GHCND:USW00014787,2018-01-01T00:00:00,2018,01,133.3,",,,W"
Rhode Island,GHCND:USW00014794,2018-01-01T00:00:00,2018,01,106.8,",,,W"
Rhode Island,GHCND:USW00054796,2018-01-01T00:00:00,2018,01,156.7,",,,R"
Rhode Island,GHCND:USW00054797,2018-01-01T00:00:00,2018,01,159.9,",,,R"
Rhode Island,GHCND:US1RIBR0005,2018-02-01T00:00:00,2018,02,132.1,",a,,N"
Rhode Island,GHCND:US1RIKN0002,2018-02-01T00:00:00,2018,02,147.5,",,,N"
Rhode Island,GHCND:US1RINW0004,2018-02-01T00:00:00,2018,02,118.7,",,,N"
Rhode Island,GHCND:US1RINW0007,2018-02-01T00:00:00,2018,02,172.8,",,,N"
Rhode Island,GHCND:US1RINW0011,2018-02-01T00:00:00,2018,02,149.3,",,,N"
Rhode Island,GHCND:US1RIPR0017,2018-02-01T00:00:00,2018,02,151.9,",,,N"
Rhode Island,GHCND:US1RIPR0028,2018-02-01T00:00:00,2018,02,122.4,",,,N"
Rhode Island,GHCND:US1RIPR0032,2018-02-01T00:00:00,2018,02,139.9,",,,N"
Rhode Island,GHCND:US1RIPR0033,2018-02-01T00:00:00,2018,02,124.4,",,,N"
Rhode Island,GHCND:US1RIPR0044,2018-02-01T00:00:00,2018,02,138.4,"5,a,,N"
Rhode Island,GHCND:US1RIPR0045,2018-02-01T00:00:00,2018,02,123.7,",,,N"
Rhode Island,GHCND:US1RIPR0050,2018-02-01T00:00:00,2018,02,125.9,",,,N"
Rhode Island,GHCND:US1RIPR0051,2018-02-01T00:00:00,2018,02,121.6,",,,N"
Rhode Island,GHCND:US1RIPR0053,2018-02-01T00:00:00,2018,02,106.5,"1,,,N"
Rhode Island,GHCND:US1RIPR0055,2018-02-01T00:00:00,2018,02,121.3,",,,N"
Rhode Island,GHCND:US1RIWS0001,2018-02-01T00:00:00,2018,02,153.1,",a,,N"
Rhode Island,GHCND:US1RIWS0026,2018-02-01T00:00:00,2018,02,175.4,"2,,,N"
Rhode Island,GHCND:US1RIWS0031,2018-02-01T00:00:00,2018,02,159.4,"1,,,N"
Rhode Island,GHCND:US1RIWS0032,2018-02-01T00:00:00,2018,02,164.3,",,,N"
Rhode Island,GHCND:US1RIWS0036,2018-02-01T00:00:00,2018,02,175.4,",,,N"
Rhode Island,GHCND:US1RIWS0037,2018-02-01T00:00:00,2018,02,157.1,"1,,,N"
Rhode Island,GHCND:USC00370897,2018-02-01T00:00:00,2018,02,161.1,",,,7"
Rhode Island,GHCND:USC00371874,2018-02-01T00:00:00,2018,02,152.3,",a,,7"
Rhode Island,GHCND:USC00371875,2018-02-01T00:00:00,2018,02,150.5,",,,7"
Rhode Island,GHCND:USC00374266,2018-02-01T00:00:00,2018,02,170.1,",,,7"
Rhode Island,GHCND:USC00375270,2018-02-01T00:00:00,2018,02,137.0,",,,7"
Rhode Island,GHCND:USC00377581,2018-02-01T00:00:00,2018,02,166.3,",,,7"
Rhode Island,GHCND:USC00379423,2018-02-01T00:00:00,2018,02,115.6,",,,7"
Rhode Island,GHCND:USW00014765,2018-02-01T00:00:00,2018,02,138.6,",,,W"
Rhode Island,GHCND:USW00014787,2018-02-01T00:00:00,2018,02,151.1,",,,W"
Rhode Island,GHCND:USW00014794,2018-02-01T00:00:00,2018,02,155.5,",,,W"
Rhode Island,GHCND:USW00054796,2018-02-01T00:00:00,2018,02,168.3,",,,R"
Rhode Island,GHCND:USW00054797,2018-02-01T00:00:00,2018,02,168.4,",,,R"
Rhode Island,GHCND:US1RIBR0005,2018-03-01T00:00:00,2018,03,131.7,",,,N"
Rhode Island,GHCND:US1RIKN0002,2018-03-01T00:00:00,2018,03,149.8,",,,N"
Rhode Island,GHCND:US1RINW0004,2018-03-01T00:00:00,2018,03,127.3,",,,N"
Rhode Island,GHCND:US1RINW0005,2018-03-01T00:00:00,2018,03,135.4,"1,,,N"
Rhode Island,GHCND:US1RINW0007,2018-03-01T00:00:00,2018,03,175.4,",,,N"
Rhode Island,GHCND:US1RINW0011,2018-03-01T00:00:00,2018,03,238.4,",,,N"
Rhode Island,GHCND:US1RINW0016,2018-03-01T00:00:00,2018,03,170.5,",,,N"
Rhode Island,GHCND:US1RIPR0017,2018-03-01T00:00:00,2018,03,145.6,",,,N"
Rhode Island,GHCND:US1RIPR0028,2018-03-01T00:00:00,2018,03,164.7,",,,N"
Rhode Island,GHCND:US1RIPR0032,2018-03-01T00:00:00,2018,03,84.9,"1,,,N"
Rhode Island,GHCND:US1RIPR0033,2018-03-01T00:00:00,2018,03,152.9,",,,N"
Rhode Island,GHCND:US1RIPR0050,2018-03-01T00:00:00,2018,03,164.7,",,,N"
Rhode Island,GHCND:US1RIPR0051,2018-03-01T00:00:00,2018,03,176.0,",,,N"
Rhode Island,GHCND:US1RIPR0053,2018-03-01T00:00:00,2018,03,69.5,"4,,,N"
Rhode Island,GHCND:US1RIPR0055,2018-03-01T00:00:00,2018,03,63.0,"1,,,N"
Rhode Island,GHCND:US1RIWS0001,2018-03-01T00:00:00,2018,03,169.2,",a,,N"
Rhode Island,GHCND:US1RIWS0026,2018-03-01T00:00:00,2018,03,137.8,"2,,,N"
Rhode Island,GHCND:US1RIWS0031,2018-03-01T00:00:00,2018,03,115.7,",,,N"
Rhode Island,GHCND:US1RIWS0032,2018-03-01T00:00:00,2018,03,121.9,"1,,,N"
Rhode Island,GHCND:US1RIWS0036,2018-03-01T00:00:00,2018,03,145.8,",,,N"
Rhode Island,GHCND:US1RIWS0042,2018-03-01T00:00:00,2018,03,133.4,"4,,,N"
Rhode Island,GHCND:USC00370897,2018-03-01T00:00:00,2018,03,163.4,",,,7"
Rhode Island,GHCND:USC00371874,2018-03-01T00:00:00,2018,03,150.0,",a,,7"
Rhode Island,GHCND:USC00371875,2018-03-01T00:00:00,2018,03,138.3,",,,7"
Rhode Island,GHCND:USC00374266,2018-03-01T00:00:00,2018,03,151.3,",,,7"
Rhode Island,GHCND:USC00375270,2018-03-01T00:00:00,2018,03,177.5,",,,7"
Rhode Island,GHCND:USC00377581,2018-03-01T00:00:00,2018,03,151.4,",,,7"
Rhode Island,GHCND:USC00379423,2018-03-01T00:00:00,2018,03,167.0,",,,7"
Rhode Island,GHCND:USW00014765,2018-03-01T00:00:00,2018,03,123.3,",,,W"
Rhode Island,GHCND:USW00014787,2018-03-01T00:00:00,2018,03,134.2,",,,W"
Rhode Island,GHCND:USW00014794,2018-03-01T00:00:00,2018,03,97.8,",,,W"
Rhode Island,GHCND:USW00054796,2018-03-01T00:00:00,2018,03,141.4,",,,R"
Rhode Island,GHCND:USW00054797,2018-03-01T00:00:00,2018,03,138.5,",,,R"
Rhode Island,GHCND:US1RIBR0005,2018-04-01T00:00:00,2018,04,126.1,"3,,,N"
Rhode Island,GHCND:US1RIKN0002,2018-04-01T00:00:00,2018,04,143.2,",,,N"
Rhode Island,GHCND:US1RIKN0015,2018-04-01T00:00:00,2018,04,111.0,"4,a,,N"
Rhode Island,GHCND:US1RINW0004,2018-04-01T00:00:00,2018,04,89.5,",,,N"
Rhode Island,GHCND:US1RINW0005,2018-04-01T00:00:00,2018,04,122.9,",,,N"
Rhode Island,GHCND:US1RINW0007,2018-04-01T00:00:00,2018,04,130.4,"1,,,N"
Rhode Island,GHCND:US1RINW0011,2018-04-01T00:00:00,2018,04,129.5,",,,N"
Rhode Island,GHCND:US1RINW0016,2018-04-01T00:00:00,2018,04,116.6,",,,N"
Rhode Island,GHCND:US1RINW0018,2018-04-01T00:00:00,2018,04,123.9,",a,,N"
Rhode Island,GHCND:US1RINW0019,2018-04-01T00:00:00,2018,04,95.6,"2,,,N"
Rhode Island,GHCND:US1RIPR0017,2018-04-01T00:00:00,2018,04,162.0,",,,N"
Rhode Island,GHCND:US1RIPR0028,2018-04-01T00:00:00,2018,04,160.1,",,,N"
Rhode Island,GHCND:US1RIPR0032,2018-04-01T00:00:00,2018,04,155.0,",,,N"
Rhode Island,GHCND:US1RIPR0033,2018-04-01T00:00:00,2018,04,156.4,",,,N"
Rhode Island,GHCND:US1RIPR0044,2018-04-01T00:00:00,2018,04,153.1,"1,,,N"
Rhode Island,GHCND:US1RIPR0045,2018-04-01T00:00:00,2018,04,167.2,",a,,N"
Rhode Island,GHCND:US1RIPR0050,2018-04-01T00:00:00,2018,04,137.9,",,,N"
Rhode Island,GHCND:US1RIPR0051,2018-04-01T00:00:00,2018,04,152.6,",,,N"
Rhode Island,GHCND:US1RIPR0053,2018-04-01T00:00:00,2018,04,118.3,"1,,,N"
Rhode Island,GHCND:US1RIPR0055,2018-04-01T00:00:00,2018,04,158.4,",,,N"
Rhode Island,GHCND:US1RIPR0059,2018-04-01T00:00:00,2018,04,168.6,"1,,,N"
Rhode Island,GHCND:US1RIWS0001,2018-04-01T00:00:00,2018,04,113.7,",,,N"
Rhode Island,GHCND:US1RIWS0026,2018-04-01T00:00:00,2018,04,111.6,"4,,,N"
Rhode Island,GHCND:US1RIWS0031,2018-04-01T00:00:00,2018,04,131.2,"1,,,N"
Rhode Island,GHCND:US1RIWS0035,2018-04-01T00:00:00,2018,04,92.5,"3,a,,N"
Rhode Island,GHCND:US1RIWS0036,2018-04-01T00:00:00,2018,04,108.4,",,,N"
Rhode Island,GHCND:US1RIWS0037,2018-04-01T00:00:00,2018,04,95.6,",,,N"
Rhode Island,GHCND:US1RIWS0040,2018-04-01T00:00:00,2018,04,112.4,"4,,,N"
Rhode Island,GHCND:US1RIWS0042,2018-04-01T00:00:00,2018,04,141.9,",,,N"
Rhode Island,GHCND:US1RIWS0045,2018-04-01T00:00:00,2018,04,127.9,"5,,,N"
Rhode Island,GHCND:US1RIWS0046,2018-04-01T00:00:00,2018,04,95.8,"2,,,N"
Rhode Island,GHCND:USC00370897,2018-04-01T00:00:00,2018,04,100.3,",,,7"
Rhode Island,GHCND:USC00371874,2018-04-01T00:00:00,2018,04,142.3,",,,7"
Rhode Island,GHCND:USC00371875,2018-04-01T00:00:00,2018,04,132.6,",,,7"
Rhode Island,GHCND:USC00374266,2018-04-01T00:00:00,2018,04,132.2,",,,7"
Rhode Island,GHCND:USC00375270,2018-04-01T00:00:00,2018,04,150.9,",,,7"
Rhode Island,GHCND:USC00377581,2018-04-01T00:00:00,2018,04,149.0,",,,7"
Rhode Island,GHCND:USC00379423,2018-04-01T00:00:00,2018,04,165.9,",,,7"
Rhode Island,GHCND:USW00014765,2018-04-01T00:00:00,2018,04,148.5,",,,W"
Rhode Island,GHCND:USW00014787,2018-04-01T00:00:00,2018,04,110.0,",,,W"
Rhode Island,GHCND:USW00014794,2018-04-01T00:00:00,2018,04,99.2,",,,W"
Rhode Island,GHCND:USW00054796,2018-04-01T00:00:00,2018,04,126.6,",,,R"
Rhode Island,GHCND:USW00054797,2018-04-01T00:00:00,2018,04,128.0,",,,R"
Rhode Island,GHCND:US1RIKN0002,2018-05-01T00:00:00,2018,05,57.7,",,,N"
Rhode Island,GHCND:US1RIKN0015,2018-05-01T00:00:00,2018,05,61.6,"1,a,,N"
Rhode Island,GHCND:US1RINW0004,2018-05-01T00:00:00,2018,05,41.9,",,,N"
Rhode Island,GHCND:US1RINW0005,2018-05-01T00:00:00,2018,05,61.9,",,,N"
Rhode Island,GHCND:US1RINW0007,2018-05-01T00:00:00,2018,05,69.5,",,,N"
Rhode Island,GHCND:US1RINW0011,2018-05-01T00:00:00,2018,05,46.6,"4,,,N"
Rhode Island,GHCND:US1RINW0016,2018-05-01T00:00:00,2018,05,63.7,",,,N"
Rhode Island,GHCND:US1RINW0018,2018-05-01T00:00:00,2018,05,55.2,",,,N"
Rhode Island,GHCND:US1RINW0019,2018-05-01T00:00:00,2018,05,59.6,",,,N"
Rhode Island,GHCND:US1RINW0020,2018-05-01T00:00:00,2018,05,55.0,",,,N"
Rhode Island,GHCND:US1RIPR0017,2018-05-01T00:00:00,2018,05,61.4,",,,N"
Rhode Island,GHCND:US1RIPR0028,2018-05-01T00:00:00,2018,05,63.1,",,,N"
Rhode Island,GHCND:US1RIPR0032,2018-05-01T00:00:00,2018,05,51.8,",,,N"
Rhode Island,GHCND:US1RIPR0033,2018-05-01T00:00:00,2018,05,50.4,",,,N"
Rhode Island,GHCND:US1RIPR0050,2018-05-01T00:00:00,2018,05,67.7,",,,N"
Rhode Island,GHCND:US1RIPR0051,2018-05-01T00:00:00,2018,05,57.1,",,,N"
Rhode Island,GHCND:US1RIPR0053,2018-05-01T00:00:00,2018,05,47.3,",,,N"
Rhode Island,GHCND:US1RIPR0055,2018-05-01T00:00:00,2018,05,66.1,",,,N"
Rhode Island,GHCND:US1RIPR0057,2018-05-01T00:00:00,2018,05,61.0,",,,N"
Rhode Island,GHCND:US1RIPR0059,2018-05-01T00:00:00,2018,05,56.7,",,,N"
Rhode Island,GHCND:US1RIPR0060,2018-05-01T00:00:00,2018,05,48.8,",,,N"
Rhode Island,GHCND:US1RIWS0001,2018-05-01T00:00:00,2018,05,67.5,",a,,N"
Rhode Island,GHCND:US1RIWS0014,2018-05-01T00:00:00,2018,05,65.5,"2,,,N"
Rhode Island,GHCND:US1RIWS0031,2018-05-01T00:00:00,2018,05,76.0,",,,N"
Rhode Island,GHCND:US1RIWS0032,2018-05-01T00:00:00,2018,05,62.8,"1,,,N"
Rhode Island,GHCND:US1RIWS0036,2018-05-01T00:00:00,2018,05,61.8,",,,N"
Rhode Island,GHCND:US1RIWS0037,2018-05-01T00:00:00,2018,05,66.2,",,,N"
Rhode Island,GHCND:US1RIWS0040,2018-05-01T00:00:00,2018,05,66.5,",,,N"
Rhode Island,GHCND:US1RIWS0042,2018-05-01T00:00:00,2018,05,64.0,",,,N"
Rhode Island,GHCND:US1RIWS0044,2018-05-01T00:00:00,2018,05,67.1,",,,N"
Rhode Island,GHCND:US1RIWS0045,2018-05-01T00:00:00,2018,05,58.7,"1,a,,N"
Rhode Island,GHCND:US1RIWS0046,2018-05-01T00:00:00,2018,05,54.1,",a,,N"
Rhode Island,GHCND:US1RIWS0047,2018-05-01T00:00:00,2018,05,54.2,",,,N"
Rhode Island,GHCND:USC00370897,2018-05-01T00:00:00,2018,05,55.8,",,,7"
Rhode Island,GHCND:USC00371874,2018-05-01T00:00:00,2018,05,56.3,",a,,7"
Rhode Island,GHCND:USC00371875,2018-05-01T00:00:00,2018,05,60.0,",a,,7"
Rhode Island,GHCND:USC00374266,2018-05-01T00:00:00,2018,05,66.5,",,,7"
Rhode Island,GHCND:USC00375270,2018-05-01T00:00:00,2018,05,57.4,",,,7"
Rhode Island,GHCND:USC00377581,2018-05-01T00:00:00,2018,05,61.6,",,,7"
Rhode Island,GHCND:USC00379423,2018-05-01T00:00:00,2018,05,59.0,",,,7"
Rhode Island,GHCND:USW00014765,2018-05-01T00:00:00,2018,05,59.2,",,,W"
Rhode Island,GHCND:USW00014787,2018-05-01T00:00:00,2018,05,54.6,",,,W"
Rhode Island,GHCND:USW00014794,2018-05-01T00:00:00,2018,05,51.7,",,,W"
Rhode Island,GHCND:USW00054796,2018-05-01T00:00:00,2018,05,59.6,",,,R"
Rhode Island,GHCND:USW00054797,2018-05-01T00:00:00,2018,05,63.2,",,,R"
Rhode Island,GHCND:US1RIBR0005,2018-06-01T00:00:00,2018,06,70.9,",,,N"
Rhode Island,GHCND:US1RIKN0002,2018-06-01T00:00:00,2018,06,50.1,",,,N"
Rhode Island,GHCND:US1RIKN0015,2018-06-01T00:00:00,2018,06,43.2,"3,,,N"
Rhode Island,GHCND:US1RIKN0018,2018-06-01T00:00:00,2018,06,69.0,",,,N"
Rhode Island,GHCND:US1RINW0004,2018-06-01T00:00:00,2018,06,29.0,",,,N"
Rhode Island,GHCND:US1RINW0005,2018-06-01T00:00:00,2018,06,44.2,",,,N"
Rhode Island,GHCND:US1RINW0007,2018-06-01T00:00:00,2018,06,48.3,",,,N"
Rhode Island,GHCND:US1RINW0011,2018-06-01T00:00:00,2018,06,58.0,"1,,,N"
Rhode Island,GHCND:US1RINW0016,2018-06-01T00:00:00,2018,06,57.2,",,,N"
Rhode Island,GHCND:US1RINW0019,2018-06-01T00:00:00,2018,06,47.2,",,,N"
Rhode Island,GHCND:US1RINW0020,2018-06-01T00:00:00,2018,06,57.3,",,,N"
Rhode Island,GHCND:US1RIPR0017,2018-06-01T00:00:00,2018,06,94.5,",,,N"
Rhode Island,GHCND:US1RIPR0028,2018-06-01T00:00:00,2018,06,71.7,",,,N"
Rhode Island,GHCND:US1RIPR0032,2018-06-01T00:00:00,2018,06,99.8,",,,N"
Rhode Island,GHCND:US1RIPR0033,2018-06-01T00:00:00,2018,06,66.9,",,,N"
Rhode Island,GHCND:US1RIPR0044,2018-06-01T00:00:00,2018,06,70.7,",a,,N"
Rhode Island,GHCND:US1RIPR0050,2018-06-01T00:00:00,2018,06,88.5,",,,N"
Rhode Island,GHCND:US1RIPR0051,2018-06-01T00:00:00,2018,06,69.9,",,,N"
Rhode Island,GHCND:US1RIPR0053,2018-06-01T00:00:00,2018,06,92.3,",,,N"
Rhode Island,GHCND:US1RIPR0055,2018-06-01T00:00:00,2018,06,64.1,",,,N"
Rhode Island,GHCND:US1RIPR0057,2018-06-01T00:00:00,2018,06,85.2,",,,N"
Rhode Island,GHCND:US1RIPR0059,2018-06-01T00:00:00,2018,06,67.6,",,,N"
Rhode Island,GHCND:US1RIPR0060,2018-06-01T00:00:00,2018,06,95.0,",,,N"
Rhode Island,GHCND:US1RIWS0001,2018-06-01T00:00:00,2018,06,66.2,",a,,N"
Rhode Island,GHCND:US1RIWS0026,2018-06-01T00:00:00,2018,06,65.0,",,,N"
Rhode Island,GHCND:US1RIWS0031,2018-06-01T00:00:00,2018,06,52.2,",,,N"
Rhode Island,GHCND:US1RIWS0032,2018-06-01T00:00:00,2018,06,43.7,",a,,N"
Rhode Island,GHCND:US1RIWS0036,2018-06-01T00:00:00,2018,06,82.0,",,,N"
Rhode Island,GHCND:US1RIWS0037,2018-06-01T00:00:00,2018,06,59.5,"1,,,N"
Rhode Island,GHCND:US1RIWS0040,2018-06-01T00:00:00,2018,06,44.5,"1,,,N"
Rhode Island,GHCND:US1RIWS0042,2018-06-01T00:00:00,2018,06,50.8,",,,N"
Rhode Island,GHCND:US1RIWS0046,2018-06-01T00:00:00,2018,06,74.7,",a,,N"
Rhode Island,GHCND:US1RIWS0047,2018-06-01T00:00:00,2018,06,52.0,",,,N"
Rhode Island,GHCND:USC00370897,2018-06-01T00:00:00,2018,06,82.4,",,,7"
Rhode Island,GHCND:USC00371874,2018-06-01T00:00:00,2018,06,105.3,",a,,7"
Rhode Island,GHCND:USC00371875,2018-06-01T00:00:00,2018,06,76.2,",,,7"
Rhode Island,GHCND:USC00374266,2018-06-01T00:00:00,2018,06,59.9,",,,7"
Rhode Island,GHCND:USC00375270,2018-06-01T00:00:00,2018,06,93.5,",,,7"
Rhode Island,GHCND:USC00377581,2018-06-01T00:00:00,2018,06,63.3,",,,7"
Rhode Island,GHCND:USC00379423,2018-06-01T00:00:00,2018,06,62.2,",,,7"
Rhode Island,GHCND:USW00014765,2018-06-01T00:00:00,2018,06,69.0,",,,W"
Rhode Island,GHCND:USW00014787,2018-06-01T00:00:00,2018,06,37.4,",,,W"
Rhode Island,GHCND:USW00014794,2018-06-01T00:00:00,2018,06,57.2,",,,W"
Rhode Island,GHCND:USW00054796,2018-06-01T00:00:00,2018,06,55.8,",,,R"
Rhode Island,GHCND:USW00054797,2018-06-01T00:00:00,2018,06,58.5,",,,R"
Rhode Island,GHCND:US1RIBR0005,2018-07-01T00:00:00,2018,07,23.5,",,,N"
Rhode Island,GHCND:US1RIKN0002,2018-07-01T00:00:00,2018,07,28.8,",,,N"
Rhode Island,GHCND:US1RIKN0017,2018-07-01T00:00:00,2018,07,50.9,",,,N"
Rhode Island,GHCND:US1RIKN0018,2018-07-01T00:00:00,2018,07,43.5,"1,,,N"
Rhode Island,GHCND:US1RINW0004,2018-07-01T00:00:00,2018,07,17.0,",,,N"
Rhode Island,GHCND:US1RINW0005,2018-07-01T00:00:00,2018,07,33.2,",,,N"
Rhode Island,GHCND:US1RINW0007,2018-07-01T00:00:00,2018,07,31.9,",,,N"
Rhode Island,GHCND:US1RINW0016,2018-07-01T00:00:00,2018,07,36.9,",,,N"
Rhode Island,GHCND:US1RINW0018,2018-07-01T00:00:00,2018,07,23.5,",,,N"
Rhode Island,GHCND:US1RINW0019,2018-07-01T00:00:00,2018,07,24.6,"2,,,N"
Rhode Island,GHCND:US1RINW0020,2018-07-01T00:00:00,2018,07,22.9,",,,N"
Rhode Island,GHCND:US1RIPR0017,2018-07-01T00:00:00,2018,07,40.1,",,,N"
Rhode Island,GHCND:US1RIPR0028,2018-07-01T00:00:00,2018,07,115.6,",,,N"
Rhode Island,GHCND:US1RIPR0032,2018-07-01T00:00:00,2018,07,41.3,",,,N"
Rhode Island,GHCND:US1RIPR0033,2018-07-01T00:00:00,2018,07,72.8,",,,N"
Rhode Island,GHCND:US1RIPR0044,2018-07-01T00:00:00,2018,07,30.9,"1,a,,N"
Rhode Island,GHCND:US1RIPR0045,2018-07-01T00:00:00,2018,07,131.5,",a,,N"
Rhode Island,GHCND:US1RIPR0051,2018-07-01T00:00:00,2018,07,109.8,",,,N"
Rhode Island,GHCND:US1RIPR0053,2018-07-01T00:00:00,2018,07,43.2,",,,N"
Rhode Island,GHCND:US1RIPR0055,2018-07-01T00:00:00,2018,07,108.4,",,,N"
Rhode Island,GHCND:US1RIPR0059,2018-07-01T00:00:00,2018,07,117.1,",,,N"
Rhode Island,GHCND:US1RIPR0060,2018-07-01T00:00:00,2018,07,51.2,"1,a,,N"
Rhode Island,GHCND:US1RIWS0001,2018-07-01T00:00:00,2018,07,70.3,",,,N"
Rhode Island,GHCND:US1RIWS0026,2018-07-01T00:00:00,2018,07,33.6,"2,,,N"
Rhode Island,GHCND:US1RIWS0032,2018-07-01T00:00:00,2018,07,51.6,",,,N"
Rhode Island,GHCND:US1RIWS0036,2018-07-01T00:00:00,2018,07,46.9,",,,N"
Rhode Island,GHCND:US1RIWS0037,2018-07-01T00:00:00,2018,07,28.5,"2,a,,N"
Rhode Island,GHCND:US1RIWS0040,2018-07-01T00:00:00,2018,07,57.2,",,,N"
Rhode Island,GHCND:US1RIWS0042,2018-07-01T00:00:00,2018,07,57.1,",,,N"
Rhode Island,GHCND:US1RIWS0044,2018-07-01T00:00:00,2018,07,38.6,"3,,,N"
Rhode Island,GHCND:US1RIWS0046,2018-07-01T00:00:00,2018,07,43.9,"1,,,N"
Rhode Island,GHCND:US1RIWS0047,2018-07-01T00:00:00,2018,07,77.6,",,,N"
Rhode Island,GHCND:USC00370897,2018-07-01T00:00:00,2018,07,33.6,",,,7"
Rhode Island,GHCND:USC00371874,2018-07-01T00:00:00,2018,07,57.6,",a,,7"
Rhode Island,GHCND:USC00371875,2018-07-01T00:00:00,2018,07,52.6,",a,,7"
Rhode Island,GHCND:USC00374266,2018-07-01T00:00:00,2018,07,39.8,",,,7"
Rhode Island,GHCND:USC00375270,2018-07-01T00:00:00,2018,07,94.7,",,,7"
Rhode Island,GHCND:USC00377581,2018-07-01T00:00:00,2018,07,26.7,",,,7"
Rhode Island,GHCND:USC00379423,2018-07-01T00:00:00,2018,07,109.2,",,,7"
Rhode Island,GHCND:USW00014765,2018-07-01T00:00:00,2018,07,33.2,",,,W"
Rhode Island,GHCND:USW00014787,2018-07-01T00:00:00,2018,07,22.6,",,,W"
Rhode Island,GHCND:USW00014794,2018-07-01T00:00:00,2018,07,51.2,",,,W"
Rhode Island,GHCND:USW00054796,2018-07-01T00:00:00,2018,07,37.9,",,,R"
Rhode Island,GHCND:USW00054797,2018-07-01T00:00:00,2018,07,36.5,",,,R"
Rhode Island,GHCND:US1RIBR0005,2018-08-01T00:00:00,2018,08,138.3,",,,N"
Rhode Island,GHCND:US1RIKN0002,2018-08-01T00:00:00,2018,08,201.2,",,,N"
Rhode Island,GHCND:US1RIKN0015,2018-08-01T00:00:00,2018,08,112.9,"5,a,,N"
Rhode Island,GHCND:US1RIKN0017,2018-08-01T00:00:00,2018,08,121.6,",,,N"
Rhode Island,GHCND:US1RIKN0018,2018-08-01T00:00:00,2018,08,122.0,",,,N"
Rhode Island,GHCND:US1RIKN0019,2018-08-01T00:00:00,2018,08,103.4,",,,N"
Rhode Island,GHCND:US1RINW0004,2018-08-01T00:00:00,2018,08,72.4,",,,N"
Rhode Island,GHCND:US1RINW0005,2018-08-01T00:00:00,2018,08,92.6,",,,N"
Rhode Island,GHCND:US1RINW0007,2018-08-01T00:00:00,2018,08,75.6,",,,N"
Rhode Island,GHCND:US1RINW0011,2018-08-01T00:00:00,2018,08,108.2,",,,N"
Rhode Island,GHCND:US1RINW0016,2018-08-01T00:00:00,2018,08,83.4,",,,N"
Rhode Island,GHCND:US1RINW0018,2018-08-01T00:00:00,2018,08,64.6,",,,N"
Rhode Island,GHCND:US1RINW0019,2018-08-01T00:00:00,2018,08,92.1,",,,N"
Rhode Island,GHCND:US1RINW0020,2018-08-01T00:00:00,2018,08,110.8,",,,N"
Rhode Island,GHCND:US1RIPR0017,2018-08-01T00:00:00,2018,08,154.0,",,,N"
Rhode Island,GHCND:US1RIPR0028,2018-08-01T00:00:00,2018,08,116.1,",,,N"
Rhode Island,GHCND:US1RIPR0032,2018-08-01T00:00:00,2018,08,129.1,"3,,,N"
Rhode Island,GHCND:US1RIPR0033,2018-08-01T00:00:00,2018,08,102.1,",,,N"
Rhode Island,GHCND:US1RIPR0044,2018-08-01T00:00:00,2018,08,144.9,"1,a,,N"
Rhode Island,GHCND:US1RIPR0050,2018-08-01T00:00:00,2018,08,128.1,",,,N"
Rhode Island,GHCND:US1RIPR0051,2018-08-01T00:00:00,2018,08,117.2,",,,N"
Rhode Island,GHCND:US1RIPR0053,2018-08-01T00:00:00,2018,08,146.6,",,,N"
Rhode Island,GHCND:US1RIPR0055,2018-08-01T00:00:00,2018,08,119.4,",,,N"
Rhode Island,GHCND:US1RIPR0057,2018-08-01T00:00:00,2018,08,169.5,"3,,,N"
Rhode Island,GHCND:US1RIPR0059,2018-08-01T00:00:00,2018,08,144.3,",,,N"
Rhode Island,GHCND:US1RIPR0060,2018-08-01T00:00:00,2018,08,112.7,",,,N"
Rhode Island,GHCND:US1RIWS0001,2018-08-01T00:00:00,2018,08,68.9,",,,N"
Rhode Island,GHCND:US1RIWS0026,2018-08-01T00:00:00,2018,08,51.9,"1,,,N"
Rhode Island,GHCND:US1RIWS0031,2018-08-01T00:00:00,2018,08,124.2,"4,a,,N"
Rhode Island,GHCND:US1RIWS0032,2018-08-01T00:00:00,2018,08,89.0,",,,N"
Rhode Island,GHCND:US1RIWS0036,2018-08-01T00:00:00,2018,08,56.3,",,,N"
Rhode Island,GHCND:US1RIWS0037,2018-08-01T00:00:00,2018,08,79.4,",a,,N"
Rhode Island,GHCND:US1RIWS0040,2018-08-01T00:00:00,2018,08,144.4,",,,N"
Rhode Island,GHCND:US1RIWS0042,2018-08-01T00:00:00,2018,08,123.8,",,,N"
Rhode Island,GHCND:US1RIWS0046,2018-08-01T00:00:00,2018,08,64.0,",,,N"
Rhode Island,GHCND:USC00370897,2018-08-01T00:00:00,2018,08,66.4,",,,7"
Rhode Island,GHCND:USC00371874,2018-08-01T00:00:00,2018,08,165.6,",a,,7"
Rhode Island,GHCND:USC00371875,2018-08-01T00:00:00,2018,08,131.0,",,,7"
Rhode Island,GHCND:USC00374266,2018-08-01T00:00:00,2018,08,106.7,",,,7"
Rhode Island,GHCND:USC00375270,2018-08-01T00:00:00,2018,08,129.5,",,,7"
Rhode Island,GHCND:USC00377581,2018-08-01T00:00:00,2018,08,91.2,",,,7"
Rhode Island,GHCND:USC00379423,2018-08-01T00:00:00,2018,08,140.4,",,,7"
Rhode Island,GHCND:USW00014765,2018-08-01T00:00:00,2018,08,135.2,",,,W"
Rhode Island,GHCND:USW00014787,2018-08-01T00:00:00,2018,08,100.0,",,,W"
Rhode Island,GHCND:USW00014794,2018-08-01T00:00:00,2018,08,70.6,",,,W"
Rhode Island,GHCND:USW00054796,2018-08-01T00:00:00,2018,08,107.0,",,,R"
Rhode Island,GHCND:USW00054797,2018-08-01T00:00:00,2018,08,108.5,",,,R"
Rhode Island,GHCND:US1RIBR0005,2018-09-01T00:00:00,2018,09,175.0,",,,N"
Rhode Island,GHCND:US1RIKN0002,2018-09-01T00:00:00,2018,09,195.0,",,,N"
Rhode Island,GHCND:US1RIKN0018,2018-09-01T00:00:00,2018,09,224.9,"2,,,N"
Rhode Island,GHCND:US1RIKN0019,2018-09-01T00:00:00,2018,09,176.6,",,,N"
Rhode Island,GHCND:US1RINW0004,2018-09-01T00:00:00,2018,09,137.9,",,,N"
Rhode Island,GHCND:US1RINW0005,2018-09-01T00:00:00,2018,09,149.6,",,,N"
Rhode Island,GHCND:US1RINW0007,2018-09-01T00:00:00,2018,09,128.0,",,,N"
Rhode Island,GHCND:US1RINW0011,2018-09-01T00:00:00,2018,09,146.6,",,,N"
Rhode Island,GHCND:US1RINW0016,2018-09-01T00:00:00,2018,09,191.7,"1,,,N"
Rhode Island,GHCND:US1RINW0018,2018-09-01T00:00:00,2018,09,173.7,",,,N"
Rhode Island,GHCND:US1RINW0019,2018-09-01T00:00:00,2018,09,166.1,"3,,,N"
Rhode Island,GHCND:US1RINW0020,2018-09-01T00:00:00,2018,09,149.2,",,,N"
Rhode Island,GHCND:US1RIPR0017,2018-09-01T00:00:00,2018,09,280.0,",,,N"
Rhode Island,GHCND:US1RIPR0028,2018-09-01T00:00:00,2018,09,218.5,",,,N"
Rhode Island,GHCND:US1RIPR0032,2018-09-01T00:00:00,2018,09,310.2,",,,N"
Rhode Island,GHCND:US1RIPR0033,2018-09-01T00:00:00,2018,09,215.1,",,,N"
Rhode Island,GHCND:US1RIPR0044,2018-09-01T00:00:00,2018,09,255.2,"2,a,,N"
Rhode Island,GHCND:US1RIPR0050,2018-09-01T00:00:00,2018,09,259.2,",,,N"
Rhode Island,GHCND:US1RIPR0051,2018-09-01T00:00:00,2018,09,210.7,",,,N"
Rhode Island,GHCND:US1RIPR0053,2018-09-01T00:00:00,2018,09,235.2,",,,N"
Rhode Island,GHCND:US1RIPR0057,2018-09-01T00:00:00,2018,09,247.5,",,,N"
Rhode Island,GHCND:US1RIPR0059,2018-09-01T00:00:00,2018,09,240.4,"2,,,N"
Rhode Island,GHCND:US1RIPR0060,2018-09-01T00:00:00,2018,09,248.6,"1,a,,N"
Rhode Island,GHCND:US1RIWS0001,2018-09-01T00:00:00,2018,09,194.8,"2,a,,N"
Rhode Island,GHCND:US1RIWS0026,2018-09-01T00:00:00,2018,09,107.5,"3,,,N"
Rhode Island,GHCND:US1RIWS0031,2018-09-01T00:00:00,2018,09,200.3,"2,,,N"
Rhode Island,GHCND:US1RIWS0032,2018-09-01T00:00:00,2018,09,209.2,",,,N"
Rhode Island,GHCND:US1RIWS0036,2018-09-01T00:00:00,2018,09,146.1,",,,N"
Rhode Island,GHCND:US1RIWS0037,2018-09-01T00:00:00,2018,09,149.7,",,,N"
Rhode Island,GHCND:US1RIWS0040,2018-09-01T00:00:00,2018,09,195.1,"1,,,N"
Rhode Island,GHCND:US1RIWS0042,2018-09-01T00:00:00,2018,09,194.4,",,,N"
Rhode Island,GHCND:US1RIWS0044,2018-09-01T00:00:00,2018,09,159.7,"4,,,N"
Rhode Island,GHCND:US1RIWS0045,2018-09-01T00:00:00,2018,09,139.4,"3,a,,N"
Rhode Island,GHCND:US1RIWS0046,2018-09-01T00:00:00,2018,09,150.3,"1,,,N"
Rhode Island,GHCND:US1RIWS0047,2018-09-01T00:00:00,2018,09,167.4,",a,,N"
Rhode Island,GHCND:US1RIWS0050,2018-09-01T00:00:00,2018,09,219.7,"1,,,N"
Rhode Island,GHCND:USC00370897,2018-09-01T00:00:00,2018,09,120.2,",,,7"
Rhode Island,GHCND:USC00371874,2018-09-01T00:00:00,2018,09,258.8,",,,7"
Rhode Island,GHCND:USC00371875,2018-09-01T00:00:00,2018,09,237.4,",,,7"
Rhode Island,GHCND:USC00374266,2018-09-01T00:00:00,2018,09,178.8,",,,7"
Rhode Island,GHCND:USC00375270,2018-09-01T00:00:00,2018,09,261.2,",,,7"
Rhode Island,GHCND:USC00377581,2018-09-01T00:00:00,2018,09,151.1,",,,7"
Rhode Island,GHCND:USC00379423,2018-09-01T00:00:00,2018,09,242.3,",,,7"
Rhode Island,GHCND:USW00014765,2018-09-01T00:00:00,2018,09,198.4,",,,W"
Rhode Island,GHCND:USW00014787,2018-09-01T00:00:00,2018,09,170.0,",,,W"
Rhode Island,GHCND:USW00014794,2018-09-01T00:00:00,2018,09,163.0,",,,W"
Rhode Island,GHCND:USW00054796,2018-09-01T00:00:00,2018,09,168.6,",,,R"
Rhode Island,GHCND:USW00054797,2018-09-01T00:00:00,2018,09,168.5,",,,R"
Rhode Island,GHCND:US1RIBR0005,2018-10-01T00:00:00,2018,10,153.6,",,,N"
Rhode Island,GHCND:US1RIKN0002,2018-10-01T00:00:00,2018,10,171.0,",,,N"
Rhode Island,GHCND:US1RIKN0015,2018-10-01T00:00:00,2018,10,145.0,"3,a,,N"
Rhode Island,GHCND:US1RIKN0017,2018-10-01T00:00:00,2018,10,175.1,",,,N"
Rhode Island,GHCND:US1RINW0004,2018-10-01T00:00:00,2018,10,113.4,",,,N"
Rhode Island,GHCND:US1RINW0005,2018-10-01T00:00:00,2018,10,153.3,",a,,N"
Rhode Island,GHCND:US1RINW0007,2018-10-01T00:00:00,2018,10,170.6,",,,N"
Rhode Island,GHCND:US1RINW0011,2018-10-01T00:00:00,2018,10,162.9,",,,N"
Rhode Island,GHCND:US1RINW0016,2018-10-01T00:00:00,2018,10,144.7,",,,N"
Rhode Island,GHCND:US1RINW0018,2018-10-01T00:00:00,2018,10,162.1,",,,N"
Rhode Island,GHCND:US1RINW0019,2018-10-01T00:00:00,2018,10,153.4,",,,N"
Rhode Island,GHCND:US1RINW0020,2018-10-01T00:00:00,2018,10,150.9,",,,N"
Rhode Island,GHCND:US1RIPR0017,2018-10-01T00:00:00,2018,10,181.9,",,,N"
Rhode Island,GHCND:US1RIPR0028,2018-10-01T00:00:00,2018,10,173.4,",,,N"
Rhode Island,GHCND:US1RIPR0033,2018-10-01T00:00:00,2018,10,189.6,",,,N"
Rhode Island,GHCND:US1RIPR0044,2018-10-01T00:00:00,2018,10,158.1,"2,a,,N"
Rhode Island,GHCND:US1RIPR0045,2018-10-01T00:00:00,2018,10,165.6,",,,N"
Rhode Island,GHCND:US1RIPR0050,2018-10-01T00:00:00,2018,10,162.6,",,,N"
Rhode Island,GHCND:US1RIPR0051,2018-10-01T00:00:00,2018,10,171.7,",,,N"
Rhode Island,GHCND:US1RIPR0053,2018-10-01T00:00:00,2018,10,134.3,"1,,,N"
Rhode Island,GHCND:US1RIPR0055,2018-10-01T00:00:00,2018,10,127.6,"1,,,N"
Rhode Island,GHCND:US1RIPR0057,2018-10-01T00:00:00,2018,10,177.3,",,,N"
Rhode Island,GHCND:US1RIPR0059,2018-10-01T00:00:00,2018,10,172.4,"3,,,N"
Rhode Island,GHCND:US1RIPR0060,2018-10-01T00:00:00,2018,10,161.4,",a,,N"
Rhode Island,GHCND:US1RIWS0001,2018-10-01T00:00:00,2018,10,176.5,",,,N"
Rhode Island,GHCND:US1RIWS0026,2018-10-01T00:00:00,2018,10,153.5,"1,,,N"
Rhode Island,GHCND:US1RIWS0031,2018-10-01T00:00:00,2018,10,180.8,",,,N"
Rhode Island,GHCND:US1RIWS0032,2018-10-01T00:00:00,2018,10,158.3,",a,,N"
Rhode Island,GHCND:US1RIWS0036,2018-10-01T00:00:00,2018,10,178.7,",,,N"
Rhode Island,GHCND:US1RIWS0037,2018-10-01T00:00:00,2018,10,181.1,",,,N"
Rhode Island,GHCND:US1RIWS0040,2018-10-01T00:00:00,2018,10,164.7,"4,,,N"
Rhode Island,GHCND:US1RIWS0042,2018-10-01T00:00:00,2018,10,151.4,",,,N"
Rhode Island,GHCND:US1RIWS0046,2018-10-01T00:00:00,2018,10,182.8,"1,,,N"
Rhode Island,GHCND:US1RIWS0047,2018-10-01T00:00:00,2018,10,162.0,",,,N"
Rhode Island,GHCND:US1RIWS0050,2018-10-01T00:00:00,2018,10,190.6,"1,,,N"
Rhode Island,GHCND:USC00370897,2018-10-01T00:00:00,2018,10,177.0,",,,7"
Rhode Island,GHCND:USC00371874,2018-10-01T00:00:00,2018,10,166.8,",a,,7"
Rhode Island,GHCND:USC00371875,2018-10-01T00:00:00,2018,10,170.7,",,,7"
Rhode Island,GHCND:USC00374266,2018-10-01T00:00:00,2018,10,190.1,",,,7"
Rhode Island,GHCND:USC00375270,2018-10-01T00:00:00,2018,10,159.3,",,,7"
Rhode Island,GHCND:USC00377581,2018-10-01T00:00:00,2018,10,149.4,",,,7"
Rhode Island,GHCND:USC00379423,2018-10-01T00:00:00,2018,10,178.7,",,,7"
Rhode Island,GHCND:USW00014765,2018-10-01T00:00:00,2018,10,153.7,",,,W"
Rhode Island,GHCND:USW00014787,2018-10-01T00:00:00,2018,10,151.3,",,,W"
Rhode Island,GHCND:USW00014794,2018-10-01T00:00:00,2018,10,162.9,",,,W"
Rhode Island,GHCND:USW00054796,2018-10-01T00:00:00,2018,10,171.7,"1,,,R"
Rhode Island,GHCND:USW00054797,2018-10-01T00:00:00,2018,10,182.2,",,,R"
Rhode Island,GHCND:US1RIBR0005,2018-11-01T00:00:00,2018,11,253.7,",,,N"
Rhode Island,GHCND:US1RIKN0002,2018-11-01T00:00:00,2018,11,279.2,",,,N"
Rhode Island,GHCND:US1RIKN0015,2018-11-01T00:00:00,2018,11,212.1,"5,,,N"
Rhode Island,GHCND:US1RIKN0017,2018-11-01T00:00:00,2018,11,281.2,",a,,N"
Rhode Island,GHCND:US1RINW0004,2018-11-01T00:00:00,2018,11,193.0,",,,N"
Rhode Island,GHCND:US1RINW0005,2018-11-01T00:00:00,2018,11,238.3,",,,N"
Rhode Island,GHCND:US1RINW0007,2018-11-01T00:00:00,2018,11,256.2,",,,N"
Rhode Island,GHCND:US1RINW0011,2018-11-01T00:00:00,2018,11,252.4,",,,N"
Rhode Island,GHCND:US1RINW0016,2018-11-01T00:00:00,2018,11,236.6,"2,,,N"
Rhode Island,GHCND:US1RINW0018,2018-11-01T00:00:00,2018,11,222.8,",a,,N"
Rhode Island,GHCND:US1RINW0019,2018-11-01T00:00:00,2018,11,220.1,",,,N"
Rhode Island,GHCND:US1RINW0020,2018-11-01T00:00:00,2018,11,243.2,",,,N"
Rhode Island,GHCND:US1RIPR0017,2018-11-01T00:00:00,2018,11,280.1,",,,N"
Rhode Island,GHCND:US1RIPR0028,2018-11-01T00:00:00,2018,11,257.2,",,,N"
Rhode Island,GHCND:US1RIPR0033,2018-11-01T00:00:00,2018,11,259.1,",,,N"
Rhode Island,GHCND:US1RIPR0044,2018-11-01T00:00:00,2018,11,259.4,"2,a,,N"
Rhode Island,GHCND:US1RIPR0050,2018-11-01T00:00:00,2018,11,246.0,",,,N"
Rhode Island,GHCND:US1RIPR0051,2018-11-01T00:00:00,2018,11,250.4,",,,N"
Rhode Island,GHCND:US1RIPR0053,2018-11-01T00:00:00,2018,11,214.8,"1,,,N"
Rhode Island,GHCND:US1RIPR0055,2018-11-01T00:00:00,2018,11,247.8,",,,N"
Rhode Island,GHCND:US1RIPR0057,2018-11-01T00:00:00,2018,11,297.5,",,,N"
Rhode Island,GHCND:US1RIPR0059,2018-11-01T00:00:00,2018,11,263.2,"3,,,N"
Rhode Island,GHCND:US1RIPR0060,2018-11-01T00:00:00,2018,11,280.0,",a,,N"
Rhode Island,GHCND:US1RIWS0001,2018-11-01T00:00:00,2018,11,241.8,",,,N"
Rhode Island,GHCND:US1RIWS0026,2018-11-01T00:00:00,2018,11,230.3,"1,,,N"
Rhode Island,GHCND:US1RIWS0031,2018-11-01T00:00:00,2018,11,271.7,",a,,N"
Rhode Island,GHCND:US1RIWS0032,2018-11-01T00:00:00,2018,11,260.0,",a,,N"
Rhode Island,GHCND:US1RIWS0036,2018-11-01T00:00:00,2018,11,239.7,",,,N"
Rhode Island,GHCND:US1RIWS0037,2018-11-01T00:00:00,2018,11,230.2,",a,,N"
Rhode Island,GHCND:US1RIWS0040,2018-11-01T00:00:00,2018,11,239.3,"4,,,N"
Rhode Island,GHCND:US1RIWS0042,2018-11-01T00:00:00,2018,11,257.0,",,,N"
Rhode Island,GHCND:US1RIWS0044,2018-11-01T00:00:00,2018,11,171.9,"3,,,N"
Rhode Island,GHCND:US1RIWS0045,2018-11-01T00:00:00,2018,11,233.1,"2,a,,N"
Rhode Island,GHCND:US1RIWS0046,2018-11-01T00:00:00,2018,11,238.5,"2,,,N"
Rhode Island,GHCND:US1RIWS0047,2018-11-01T00:00:00,2018,11,207.1,",a,,N"
Rhode Island,GHCND:US1RIWS0050,2018-11-01T00:00:00,2018,11,265.2,"5,,,N"
Rhode Island,GHCND:USC00370897,2018-11-01T00:00:00,2018,11,226.9,",,,7"
Rhode Island,GHCND:USC00371875,2018-11-01T00:00:00,2018,11,265.0,",,,7"
Rhode Island,GHCND:USC00374266,2018-11-01T00:00:00,2018,11,274.4,",,,7"
Rhode Island,GHCND:USC00375270,2018-11-01T00:00:00,2018,11,250.4,",,,7"
Rhode Island,GHCND:USC00377581,2018-11-01T00:00:00,2018,11,236.3,",,,7"
Rhode Island,GHCND:USC00379423,2018-11-01T00:00:00,2018,11,241.6,",,,7"
Rhode Island,GHCND:USW00014765,2018-11-01T00:00:00,2018,11,268.5,",,,W"
Rhode Island,GHCND:USW00014787,2018-11-01T00:00:00,2018,11,231.3,",,,W"
Rhode Island,GHCND:USW00014794,2018-11-01T00:00:00,2018,11,207.1,",,,W"
Rhode Island,GHCND:USW00054796,2018-11-01T00:00:00,2018,11,261.5,",,,R"
Rhode Island,GHCND:USW00054797,2018-11-01T00:00:00,2018,11,261.3,",,,R"
Rhode Island,GHCND:US1RIBR0005,2018-12-01T00:00:00,2018,12,90.8,",,,N"
Rhode Island,GHCND:US1RIKN0002,2018-12-01T00:00:00,2018,12,117.8,",,,N"
Rhode Island,GHCND:US1RIKN0015,2018-12-01T00:00:00,2018,12,103.1,"2,,,N"
Rhode Island,GHCND:US1RIKN0017,2018-12-01T00:00:00,2018,12,120.9,",,,N"
Rhode Island,GHCND:US1RIKN0021,2018-12-01T00:00:00,2018,12,109.0,",,,N"
Rhode Island,GHCND:US1RINW0004,2018-12-01T00:00:00,2018,12,65.7,",,,N"
Rhode Island,GHCND:US1RINW0007,2018-12-01T00:00:00,2018,12,102.8,",,,N"
Rhode Island,GHCND:US1RINW0011,2018-12-01T00:00:00,2018,12,86.0,"3,,,N"
Rhode Island,GHCND:US1RINW0016,2018-12-01T00:00:00,2018,12,103.5,",,,N"
Rhode Island,GHCND:US1RINW0018,2018-12-01T00:00:00,2018,12,100.2,",a,,N"
Rhode Island,GHCND:US1RINW0019,2018-12-01T00:00:00,2018,12,86.5,"1,,,N"
Rhode Island,GHCND:US1RINW0020,2018-12-01T00:00:00,2018,12,86.1,",,,N"
Rhode Island,GHCND:US1RIPR0017,2018-12-01T00:00:00,2018,12,100.7,",,,N"
Rhode Island,GHCND:US1RIPR0028,2018-12-01T00:00:00,2018,12,114.6,",,,N"
Rhode Island,GHCND:US1RIPR0033,2018-12-01T00:00:00,2018,12,118.2,",,,N"
Rhode Island,GHCND:US1RIPR0045,2018-12-01T00:00:00,2018,12,108.7,"2,,,N"
Rhode Island,GHCND:US1RIPR0050,2018-12-01T00:00:00,2018,12,114.3,"2,,,N"
Rhode Island,GHCND:US1RIPR0051,2018-12-01T00:00:00,2018,12,116.0,",,,N"
Rhode Island,GHCND:US1RIPR0053,2018-12-01T00:00:00,2018,12,94.5,",,,N"
Rhode Island,GHCND:US1RIPR0055,2018-12-01T00:00:00,2018,12,97.4,",a,,N"
Rhode Island,GHCND:US1RIPR0057,2018-12-01T00:00:00,2018,12,114.4,",,,N"
Rhode Island,GHCND:US1RIPR0059,2018-12-01T00:00:00,2018,12,110.9,",,,N"
Rhode Island,GHCND:US1RIPR0060,2018-12-01T00:00:00,2018,12,114.6,"1,a,,N"
Rhode Island,GHCND:US1RIWS0001,2018-12-01T00:00:00,2018,12,116.5,",,,N"
Rhode Island,GHCND:US1RIWS0026,2018-12-01T00:00:00,2018,12,109.5,"3,,,N"
Rhode Island,GHCND:US1RIWS0031,2018-12-01T00:00:00,2018,12,117.9,",,,N"
Rhode Island,GHCND:US1RIWS0036,2018-12-01T00:00:00,2018,12,107.6,",,,N"
Rhode Island,GHCND:US1RIWS0037,2018-12-01T00:00:00,2018,12,116.3,",,,N"
Rhode Island,GHCND:US1RIWS0040,2018-12-01T00:00:00,2018,12,120.2,"2,,,N"
Rhode Island,GHCND:US1RIWS0042,2018-12-01T00:00:00,2018,12,116.6,",,,N"
Rhode Island,GHCND:US1RIWS0046,2018-12-01T00:00:00,2018,12,112.8,"2,,,N"
Rhode Island,GHCND:US1RIWS0047,2018-12-01T00:00:00,2018,12,116.6,",,,N"
Rhode Island,GHCND:US1RIWS0050,2018-12-01T00:00:00,2018,12,128.6,"1,,,N"
Rhode Island,GHCND:USC00370897,2018-12-01T00:00:00,2018,12,99.7,",,,7"
Rhode Island,GHCND:USC00371874,2018-12-01T00:00:00,2018,12,122.8,",a,,7"
Rhode Island,GHCND:USC00371875,2018-12-01T00:00:00,2018,12,128.5,",,,7"
Rhode Island,GHCND:USC00374266,2018-12-01T00:00:00,2018,12,128.6,",,,7"
Rhode Island,GHCND:USC00375270,2018-12-01T00:00:00,2018,12,140.0,",,,7"
Rhode Island,GHCND:USC00377581,2018-12-01T00:00:00,2018,12,105.0,",,,7"
Rhode Island,GHCND:USC00379423,2018-12-01T00:00:00,2018,12,107.7,",a,,7"
Rhode Island,GHCND:USW00014765,2018-12-01T00:00:00,2018,12,121.1,",,,W"
Rhode Island,GHCND:USW00014787,2018-12-01T00:00:00,2018,12,110.8,",,,W"
Rhode Island,GHCND:USW00014794,2018-12-01T00:00:00,2018,12,123.6,",,,W"
Rhode Island,GHCND:USW00054796,2018-12-01T00:00:00,2018,12,134.7,",,,R"
Rhode Island,GHCND:USW00054797,2018-12-01T00:00:00,2018,12,138.6,",,,R"
Rhode Island,GHCND:US1RIBR0005,2019-01-01T00:00:00,2019,01,168.1,",,,N"
Rhode Island,GHCND:US1RIKN0002,2019-01-01T00:00:00,2019,01,188.7,",,,N"
Rhode Island,GHCND:US1RIKN0015,2019-01-01T00:00:00,2019,01,145.0,"1,a,,N"
Rhode Island,GHCND:US1RIKN0017,2019-01-01T00:00:00,2019,01,186.7,",,,N"
Rhode Island,GHCND:US1RIKN0021,2019-01-01T00:00:00,2019,01,185.9,",,,N"
Rhode Island,GHCND:US1RINW0004,2019-01-01T00:00:00,2019,01,118.5,",,,N"
Rhode Island,GHCND:US1RINW0005,2019-01-01T00:00:00,2019,01,169.1,",,,N"
Rhode Island,GHCND:US1RINW0007,2019-01-01T00:00:00,2019,01,176.1,",,,N"
Rhode Island,GHCND:US1RINW0011,2019-01-01T00:00:00,2019,01,162.0,",,,N"
Rhode Island,GHCND:US1RINW0016,2019-01-01T00:00:00,2019,01,167.3,",,,N"
Rhode Island,GHCND:US1RINW0018,2019-01-01T00:00:00,2019,01,149.2,",,,N"
Rhode Island,GHCND:US1RINW0019,2019-01-01T00:00:00,2019,01,143.2,",,,N"
Rhode Island,GHCND:US1RINW0020,2019-01-01T00:00:00,2019,01,160.0,",,,N"
Rhode Island,GHCND:US1RIPR0017,2019-01-01T00:00:00,2019,01,173.2,",,,N"
Rhode Island,GHCND:US1RIPR0028,2019-01-01T00:00:00,2019,01,182.0,",,,N"
Rhode Island,GHCND:US1RIPR0033,2019-01-01T00:00:00,2019,01,184.8,",,,N"
Rhode Island,GHCND:US1RIPR0044,2019-01-01T00:00:00,2019,01,185.2,",a,,N"
Rhode Island,GHCND:US1RIPR0045,2019-01-01T00:00:00,2019,01,189.1,",,,N"
Rhode Island,GHCND:US1RIPR0050,2019-01-01T00:00:00,2019,01,174.9,",,,N"
Rhode Island,GHCND:US1RIPR0051,2019-01-01T00:00:00,2019,01,187.4,",,,N"
Rhode Island,GHCND:US1RIPR0053,2019-01-01T00:00:00,2019,01,130.4,",,,N"
Rhode Island,GHCND:US1RIPR0055,2019-01-01T00:00:00,2019,01,160.0,",,,N"
Rhode Island,GHCND:US1RIPR0057,2019-01-01T00:00:00,2019,01,181.9,",a,,N"
Rhode Island,GHCND:US1RIPR0059,2019-01-01T00:00:00,2019,01,122.6,"3,,,N"
Rhode Island,GHCND:US1RIPR0060,2019-01-01T00:00:00,2019,01,164.4,",a,,N"
Rhode Island,GHCND:US1RIWS0001,2019-01-01T00:00:00,2019,01,173.0,",,,N"
Rhode Island,GHCND:US1RIWS0026,2019-01-01T00:00:00,2019,01,174.1,"2,,,N"
Rhode Island,GHCND:US1RIWS0031,2019-01-01T00:00:00,2019,01,182.2,",,,N"
Rhode Island,GHCND:US1RIWS0036,2019-01-01T00:00:00,2019,01,186.3,",,,N"
Rhode Island,GHCND:US1RIWS0037,2019-01-01T00:00:00,2019,01,174.0,"1,,,N"
Rhode Island,GHCND:US1RIWS0042,2019-01-01T00:00:00,2019,01,179.9,",,,N"
Rhode Island,GHCND:US1RIWS0044,2019-01-01T00:00:00,2019,01,165.7,",,,N"
Rhode Island,GHCND:US1RIWS0045,2019-01-01T00:00:00,2019,01,186.2,",,,N"
Rhode Island,GHCND:US1RIWS0046,2019-01-01T00:00:00,2019,01,146.9,"3,,,N"
Rhode Island,GHCND:US1RIWS0047,2019-01-01T00:00:00,2019,01,205.5,",,,N"
Rhode Island,GHCND:US1RIWS0050,2019-01-01T00:00:00,2019,01,187.2,",,,N"
Rhode Island,GHCND:USC00370897,2019-01-01T00:00:00,2019,01,190.7,",,,7"
Rhode Island,GHCND:USC00371874,2019-01-01T00:00:00,2019,01,178.2,",a,,7"
Rhode Island,GHCND:USC00371875,2019-01-01T00:00:00,2019,01,188.2,",,,7"
Rhode Island,GHCND:USC00374266,2019-01-01T00:00:00,2019,01,183.6,",,,7"
Rhode Island,GHCND:USC00375270,2019-01-01T00:00:00,2019,01,175.5,",,,7"
Rhode Island,GHCND:USC00377581,2019-01-01T00:00:00,2019,01,146.4,",,,7"
Rhode Island,GHCND:USC00379423,2019-01-01T00:00:00,2019,01,178.1,",,,7"
Rhode Island,GHCND:USW00014765,2019-01-01T00:00:00,2019,01,164.7,",,,W"
Rhode Island,GHCND:USW00014787,2019-01-01T00:00:00,2019,01,134.6,",,,W"
Rhode Island,GHCND:USW00014794,2019-01-01T00:00:00,2019,01,156.0,",,,W"
Rhode Island,GHCND:USW00054796,2019-01-01T00:00:00,2019,01,160.4,",,,R"
Rhode Island,GHCND:USW00054797,2019-01-01T00:00:00,2019,01,160.3,",,,R"
Rhode Island,GHCND:US1RIKN0002,2019-02-01T00:00:00,2019,02,76.6,",,,N"
Rhode Island,GHCND:US1RIKN0015,2019-02-01T00:00:00,2019,02,83.2,"2,a,,N"
Rhode Island,GHCND:US1RIKN0017,2019-02-01T00:00:00,2019,02,104.8,",,,N"
Rhode Island,GHCND:US1RIKN0021,2019-02-01T00:00:00,2019,02,75.0,",,,N"
Rhode Island,GHCND:US1RINW0004,2019-02-01T00:00:00,2019,02,71.1,",,,N"
Rhode Island,GHCND:US1RINW0005,2019-02-01T00:00:00,2019,02,101.2,",a,,N"
Rhode Island,GHCND:US1RINW0007,2019-02-01T00:00:00,2019,02,96.0,",,,N"
Rhode Island,GHCND:US1RINW0011,2019-02-01T00:00:00,2019,02,99.9,",,,N"
Rhode Island,GHCND:US1RINW0016,2019-02-01T00:00:00,2019,02,91.5,",,,N"
Rhode Island,GHCND:US1RINW0018,2019-02-01T00:00:00,2019,02,102.1,",a,,N"
Rhode Island,GHCND:US1RINW0019,2019-02-01T00:00:00,2019,02,85.1,",,,N"
Rhode Island,GHCND:US1RINW0020,2019-02-01T00:00:00,2019,02,124.2,",,,N"
Rhode Island,GHCND:US1RIPR0017,2019-02-01T00:00:00,2019,02,96.1,"1,,,N"
Rhode Island,GHCND:US1RIPR0028,2019-02-01T00:00:00,2019,02,89.6,",,,N"
Rhode Island,GHCND:US1RIPR0033,2019-02-01T00:00:00,2019,02,87.8,",,,N"
Rhode Island,GHCND:US1RIPR0044,2019-02-01T00:00:00,2019,02,101.2,"1,a,,N"
Rhode Island,GHCND:US1RIPR0045,2019-02-01T00:00:00,2019,02,87.6,"2,,,N"
Rhode Island,GHCND:US1RIPR0050,2019-02-01T00:00:00,2019,02,83.5,",,,N"
Rhode Island,GHCND:US1RIPR0051,2019-02-01T00:00:00,2019,02,85.1,",,,N"
Rhode Island,GHCND:US1RIPR0053,2019-02-01T00:00:00,2019,02,47.3,"3,,,N"
Rhode Island,GHCND:US1RIPR0055,2019-02-01T00:00:00,2019,02,81.1,",a,,N"
Rhode Island,GHCND:US1RIPR0057,2019-02-01T00:00:00,2019,02,93.0,",,,N"
Rhode Island,GHCND:US1RIPR0059,2019-02-01T00:00:00,2019,02,51.8,"5,,,N"
Rhode Island,GHCND:US1RIPR0060,2019-02-01T00:00:00,2019,02,99.1,",,,N"
Rhode Island,GHCND:US1RIWS0001,2019-02-01T00:00:00,2019,02,84.2,",a,,N"
Rhode Island,GHCND:US1RIWS0026,2019-02-01T00:00:00,2019,02,110.5,",,,N"
Rhode Island,GHCND:US1RIWS0031,2019-02-01T00:00:00,2019,02,99.7,",,,N"
Rhode Island,GHCND:US1RIWS0036,2019-02-01T00:00:00,2019,02,112.1,",,,N"
Rhode Island,GHCND:US1RIWS0037,2019-02-01T00:00:00,2019,02,90.9,",,,N"
Rhode Island,GHCND:US1RIWS0042,2019-02-01T00:00:00,2019,02,89.1,",,,N"
Rhode Island,GHCND:US1RIWS0044,2019-02-01T00:00:00,2019,02,104.4,"1,,,N"
Rhode Island,GHCND:US1RIWS0045,2019-02-01T00:00:00,2019,02,100.5,"1,,,N"
Rhode Island,GHCND:US1RIWS0046,2019-02-01T00:00:00,2019,02,100.7,"2,,,N"
Rhode Island,GHCND:US1RIWS0047,2019-02-01T00:00:00,2019,02,87.8,",,,N"
Rhode Island,GHCND:US1RIWS0050,2019-02-01T00:00:00,2019,02,108.0,"1,,,N"
Rhode Island,GHCND:USC00370897,2019-02-01T00:00:00,2019,02,97.3,",,,7"
Rhode Island,GHCND:USC00371874,2019-02-01T00:00:00,2019,02,97.8,",a,,7"
Rhode Island,GHCND:USC00371875,2019-02-01T00:00:00,2019,02,94.4,",,,7"
Rhode Island,GHCND:USC00374266,2019-02-01T00:00:00,2019,02,98.0,",,,7"
Rhode Island,GHCND:USC00375270,2019-02-01T00:00:00,2019,02,80.6,",,,7"
Rhode Island,GHCND:USC00377581,2019-02-01T00:00:00,2019,02,96.6,",,,7"
Rhode Island,GHCND:USC00379423,2019-02-01T00:00:00,2019,02,85.0,",,,7"
Rhode Island,GHCND:USW00014765,2019-02-01T00:00:00,2019,02,100.2,",,,W"
Rhode Island,GHCND:USW00014787,2019-02-01T00:00:00,2019,02,89.6,",,,W"
Rhode Island,GHCND:USW00014794,2019-02-01T00:00:00,2019,02,79.6,",,,W"
Rhode Island,GHCND:USW00054796,2019-02-01T00:00:00,2019,02,98.1,",,,R"
Rhode Island,GHCND:USW00054797,2019-02-01T00:00:00,2019,02,103.2,",,,R"
Rhode Island,GHCND:US1RIBR0005,2019-03-01T00:00:00,2019,03,76.8,",,,N"
Rhode Island,GHCND:US1RIKN0002,2019-03-01T00:00:00,2019,03,80.1,",,,N"
Rhode Island,GHCND:US1RIKN0021,2019-03-01T00:00:00,2019,03,90.5,",,,N"
Rhode Island,GHCND:US1RINW0004,2019-03-01T00:00:00,2019,03,85.6,",,,N"
Rhode Island,GHCND:US1RINW0005,2019-03-01T00:00:00,2019,03,105.2,",,,N"
Rhode Island,GHCND:US1RINW0007,2019-03-01T00:00:00,2019,03,105.2,",,,N"
Rhode Island,GHCND:US1RINW0011,2019-03-01T00:00:00,2019,03,93.6,",,,N"
Rhode Island,GHCND:US1RINW0016,2019-03-01T00:00:00,2019,03,102.3,",,,N"
Rhode Island,GHCND:US1RINW0018,2019-03-01T00:00:00,2019,03,92.3,",,,N"
Rhode Island,GHCND:US1RINW0019,2019-03-01T00:00:00,2019,03,98.2,"1,,,N"
Rhode Island,GHCND:US1RINW0020,2019-03-01T00:00:00,2019,03,86.5,",,,N"
Rhode Island,GHCND:US1RIPR0017,2019-03-01T00:00:00,2019,03,101.9,"2,,,N"
Rhode Island,GHCND:US1RIPR0028,2019-03-01T00:00:00,2019,03,82.0,",,,N"
Rhode Island,GHCND:US1RIPR0033,2019-03-01T00:00:00,2019,03,88.3,",,,N"
Rhode Island,GHCND:US1RIPR0044,2019-03-01T00:00:00,2019,03,80.1,"2,,,N"
Rhode Island,GHCND:US1RIPR0050,2019-03-01T00:00:00,2019,03,87.1,",,,N"
Rhode Island,GHCND:US1RIPR0051,2019-03-01T00:00:00,2019,03,87.5,",,,N"
Rhode Island,GHCND:US1RIPR0053,2019-03-01T00:00:00,2019,03,32.3,"5,,,N"
Rhode Island,GHCND:US1RIPR0057,2019-03-01T00:00:00,2019,03,92.0,",,,N"
Rhode Island,GHCND:US1RIPR0059,2019-03-01T00:00:00,2019,03,29.8,"5,,,N"
Rhode Island,GHCND:US1RIPR0060,2019-03-01T00:00:00,2019,03,93.8,",a,,N"
Rhode Island,GHCND:US1RIWS0001,2019-03-01T00:00:00,2019,03,98.5,",,,N"
Rhode Island,GHCND:US1RIWS0026,2019-03-01T00:00:00,2019,03,57.4,"5,,,N"
Rhode Island,GHCND:US1RIWS0031,2019-03-01T00:00:00,2019,03,95.9,",,,N"
Rhode Island,GHCND:US1RIWS0036,2019-03-01T00:00:00,2019,03,94.3,",,,N"
Rhode Island,GHCND:US1RIWS0042,2019-03-01T00:00:00,2019,03,95.2,",,,N"
Rhode Island,GHCND:US1RIWS0045,2019-03-01T00:00:00,2019,03,96.8,",a,,N"
Rhode Island,GHCND:US1RIWS0047,2019-03-01T00:00:00,2019,03,106.9,",,,N"
Rhode Island,GHCND:US1RIWS0050,2019-03-01T00:00:00,2019,03,51.8,"4,,,N"
Rhode Island,GHCND:USC00370897,2019-03-01T00:00:00,2019,03,90.6,",,,7"
Rhode Island,GHCND:USC00371874,2019-03-01T00:00:00,2019,03,93.9,"1,a,,7"
Rhode Island,GHCND:USC00374266,2019-03-01T00:00:00,2019,03,106.4,",,,7"
Rhode Island,GHCND:USC00375270,2019-03-01T00:00:00,2019,03,92.4,",,,7"
Rhode Island,GHCND:USC00377581,2019-03-01T00:00:00,2019,03,102.5,",,,7"
Rhode Island,GHCND:USC00379423,2019-03-01T00:00:00,2019,03,84.5,",,,7"
Rhode Island,GHCND:USW00014765,2019-03-01T00:00:00,2019,03,86.0,",,,W"
Rhode Island,GHCND:USW00014787,2019-03-01T00:00:00,2019,03,85.8,",,,W"
Rhode Island,GHCND:USW00014794,2019-03-01T00:00:00,2019,03,88.8,",,,W"
Rhode Island,GHCND:USW00054796,2019-03-01T00:00:00,2019,03,108.3,",,,R"
Rhode Island,GHCND:USW00054797,2019-03-01T00:00:00,2019,03,103.5,",,,R"
Rhode Island,GHCND:US1RIKN0002,2019-04-01T00:00:00,2019,04,168.0,",,,N"
Rhode Island,GHCND:US1RIKN0015,2019-04-01T00:00:00,2019,04,188.8,"1,,,N"
Rhode Island,GHCND:US1RIKN0017,2019-04-01T00:00:00,2019,04,206.2,",a,,N"
Rhode Island,GHCND:US1RIKN0021,2019-04-01T00:00:00,2019,04,202.3,",,,N"
Rhode Island,GHCND:US1RINW0004,2019-04-01T00:00:00,2019,04,84.1,",,,N"
Rhode Island,GHCND:US1RINW0005,2019-04-01T00:00:00,2019,04,142.5,",a,,N"
Rhode Island,GHCND:US1RINW0007,2019-04-01T00:00:00,2019,04,141.2,",,,N"
Rhode Island,GHCND:US1RINW0011,2019-04-01T00:00:00,2019,04,143.6,",,,N"
Rhode Island,GHCND:US1RINW0016,2019-04-01T00:00:00,2019,04,149.8,",,,N"
Rhode Island,GHCND:US1RINW0017,2019-04-01T00:00:00,2019,04,154.5,"1,,,N"
Rhode Island,GHCND:US1RINW0018,2019-04-01T00:00:00,2019,04,141.1,",,,N"
Rhode Island,GHCND:US1RINW0019,2019-04-01T00:00:00,2019,04,126.1,",,,N"
Rhode Island,GHCND:US1RINW0020,2019-04-01T00:00:00,2019,04,150.2,",,,N"
Rhode Island,GHCND:US1RIPR0017,2019-04-01T00:00:00,2019,04,202.7,",,,N"
Rhode Island,GHCND:US1RIPR0028,2019-04-01T00:00:00,2019,04,209.1,",,,N"
Rhode Island,GHCND:US1RIPR0033,2019-04-01T00:00:00,2019,04,196.3,",,,N"
Rhode Island,GHCND:US1RIPR0044,2019-04-01T00:00:00,2019,04,185.3,",,,N"
Rhode Island,GHCND:US1RIPR0045,2019-04-01T00:00:00,2019,04,211.4,",a,,N"
Rhode Island,GHCND:US1RIPR0050,2019-04-01T00:00:00,2019,04,213.2,",,,N"
Rhode Island,GHCND:US1RIPR0051,2019-04-01T00:00:00,2019,04,211.9,",,,N"
Rhode Island,GHCND:US1RIPR0053,2019-04-01T00:00:00,2019,04,162.2,",,,N"
Rhode Island,GHCND:US1RIPR0055,2019-04-01T00:00:00,2019,04,184.8,",,,N"
Rhode Island,GHCND:US1RIPR0057,2019-04-01T00:00:00,2019,04,200.4,",a,,N"
Rhode Island,GHCND:US1RIPR0059,2019-04-01T00:00:00,2019,04,201.4,"1,,,N"
Rhode Island,GHCND:US1RIPR0060,2019-04-01T00:00:00,2019,04,203.1,",,,N"
Rhode Island,GHCND:US1RIWS0001,2019-04-01T00:00:00,2019,04,196.6,",,,N"
Rhode Island,GHCND:US1RIWS0026,2019-04-01T00:00:00,2019,04,170.1,",,,N"
Rhode Island,GHCND:US1RIWS0031,2019-04-01T00:00:00,2019,04,185.9,",,,N"
Rhode Island,GHCND:US1RIWS0036,2019-04-01T00:00:00,2019,04,179.0,",,,N"
Rhode Island,GHCND:US1RIWS0037,2019-04-01T00:00:00,2019,04,165.1,"2,a,,N"
Rhode Island,GHCND:US1RIWS0040,2019-04-01T00:00:00,2019,04,201.5,",a,,N"
Rhode Island,GHCND:US1RIWS0042,2019-04-01T00:00:00,2019,04,217.6,",,,N"
Rhode Island,GHCND:US1RIWS0044,2019-04-01T00:00:00,2019,04,200.4,"1,,,N"
Rhode Island,GHCND:US1RIWS0046,2019-04-01T00:00:00,2019,04,206.3,"1,,,N"
Rhode Island,GHCND:US1RIWS0047,2019-04-01T00:00:00,2019,04,235.9,",a,,N"
Rhode Island,GHCND:US1RIWS0050,2019-04-01T00:00:00,2019,04,227.9,"2,,,N"
Rhode Island,GHCND:USC00370897,2019-04-01T00:00:00,2019,04,126.9,",,,7"
Rhode Island,GHCND:USC00371874,2019-04-01T00:00:00,2019,04,209.6,",a,,7"
Rhode Island,GHCND:USC00371875,2019-04-01T00:00:00,2019,04,185.9,"4,,,7"
Rhode Island,GHCND:USC00374266,2019-04-01T00:00:00,2019,04,196.0,",,,7"
Rhode Island,GHCND:USC00375270,2019-04-01T00:00:00,2019,04,206.9,",,,7"
Rhode Island,GHCND:USC00377581,2019-04-01T00:00:00,2019,04,161.6,",,,7"
Rhode Island,GHCND:USC00379423,2019-04-01T00:00:00,2019,04,195.9,",,,7"
Rhode Island,GHCND:USW00014765,2019-04-01T00:00:00,2019,04,172.9,",,,W"
Rhode Island,GHCND:USW00014787,2019-04-01T00:00:00,2019,04,126.7,",,,W"
Rhode Island,GHCND:USW00014794,2019-04-01T00:00:00,2019,04,179.1,",,,W"
Rhode Island,GHCND:USW00054796,2019-04-01T00:00:00,2019,04,178.7,",,,R"
Rhode Island,GHCND:USW00054797,2019-04-01T00:00:00,2019,04,171.6,",,,R"
Rhode Island,GHCND:US1RIBR0005,2019-05-01T00:00:00,2019,05,89.5,",,,N"
Rhode Island,GHCND:US1RIBR0007,2019-05-01T00:00:00,2019,05,98.5,"1,,,N"
Rhode Island,GHCND:US1RIKN0002,2019-05-01T00:00:00,2019,05,112.6,",,,N"
Rhode Island,GHCND:US1RIKN0015,2019-05-01T00:00:00,2019,05,88.8,",,,N"
Rhode Island,GHCND:US1RIKN0017,2019-05-01T00:00:00,2019,05,110.3,",,,N"
Rhode Island,GHCND:US1RIKN0021,2019-05-01T00:00:00,2019,05,94.5,",,,N"
Rhode Island,GHCND:US1RINW0004,2019-05-01T00:00:00,2019,05,63.7,",,,N"
Rhode Island,GHCND:US1RINW0005,2019-05-01T00:00:00,2019,05,104.1,",a,,N"
Rhode Island,GHCND:US1RINW0007,2019-05-01T00:00:00,2019,05,97.2,",,,N"
Rhode Island,GHCND:US1RINW0016,2019-05-01T00:00:00,2019,05,97.9,",,,N"
Rhode Island,GHCND:US1RINW0017,2019-05-01T00:00:00,2019,05,94.8,",,,N"
Rhode Island,GHCND:US1RINW0018,2019-05-01T00:00:00,2019,05,93.9,",a,,N"
Rhode Island,GHCND:US1RINW0019,2019-05-01T00:00:00,2019,05,107.8,"1,,,N"
Rhode Island,GHCND:US1RINW0020,2019-05-01T00:00:00,2019,05,95.3,",,,N"
Rhode Island,GHCND:US1RINW0021,2019-05-01T00:00:00,2019,05,101.1,",,,N"
Rhode Island,GHCND:US1RIPR0017,2019-05-01T00:00:00,2019,05,90.2,"1,,,N"
Rhode Island,GHCND:US1RIPR0020,2019-05-01T00:00:00,2019,05,114.3,",,,N"
Rhode Island,GHCND:US1RIPR0028,2019-05-01T00:00:00,2019,05,101.2,",,,N"
Rhode Island,GHCND:US1RIPR0033,2019-05-01T00:00:00,2019,05,97.7,",,,N"
Rhode Island,GHCND:US1RIPR0044,2019-05-01T00:00:00,2019,05,79.0,"1,,,N"
Rhode Island,GHCND:US1RIPR0045,2019-05-01T00:00:00,2019,05,107.7,",,,N"
Rhode Island,GHCND:US1RIPR0050,2019-05-01T00:00:00,2019,05,111.7,",,,N"
Rhode Island,GHCND:US1RIPR0051,2019-05-01T00:00:00,2019,05,100.6,",,,N"
Rhode Island,GHCND:US1RIPR0053,2019-05-01T00:00:00,2019,05,100.7,",,,N"
Rhode Island,GHCND:US1RIPR0055,2019-05-01T00:00:00,2019,05,115.5,"2,,,N"
Rhode Island,GHCND:US1RIPR0057,2019-05-01T00:00:00,2019,05,91.6,",a,,N"
Rhode Island,GHCND:US1RIPR0059,2019-05-01T00:00:00,2019,05,112.3,"1,a,,N"
Rhode Island,GHCND:US1RIPR0060,2019-05-01T00:00:00,2019,05,105.6,"1,,,N"
Rhode Island,GHCND:US1RIWS0001,2019-05-01T00:00:00,2019,05,101.4,"1,,,N"
Rhode Island,GHCND:US1RIWS0026,2019-05-01T00:00:00,2019,05,98.7,"2,,,N"
Rhode Island,GHCND:US1RIWS0036,2019-05-01T00:00:00,2019,05,122.9,",,,N"
Rhode Island,GHCND:US1RIWS0037,2019-05-01T00:00:00,2019,05,101.6,",,,N"
Rhode Island,GHCND:US1RIWS0040,2019-05-01T00:00:00,2019,05,121.4,",,,N"
Rhode Island,GHCND:US1RIWS0042,2019-05-01T00:00:00,2019,05,119.8,",,,N"
Rhode Island,GHCND:US1RIWS0045,2019-05-01T00:00:00,2019,05,118.5,",,,N"
Rhode Island,GHCND:US1RIWS0046,2019-05-01T00:00:00,2019,05,114.7,",,,N"
Rhode Island,GHCND:US1RIWS0047,2019-05-01T00:00:00,2019,05,105.3,",,,N"
Rhode Island,GHCND:US1RIWS0050,2019-05-01T00:00:00,2019,05,127.3,"1,,,N"
Rhode Island,GHCND:US1RIWS0052,2019-05-01T00:00:00,2019,05,108.4,"1,,,N"
Rhode Island,GHCND:USC00370897,2019-05-01T00:00:00,2019,05,135.3,",,,7"
Rhode Island,GHCND:USC00371874,2019-05-01T00:00:00,2019,05,103.8,",a,,7"
Rhode Island,GHCND:USC00371875,2019-05-01T00:00:00,2019,05,103.5,",,,7"
Rhode Island,GHCND:USC00374266,2019-05-01T00:00:00,2019,05,117.5,",,,7"
Rhode Island,GHCND:USC00375270,2019-05-01T00:00:00,2019,05,104.6,",,,7"
Rhode Island,GHCND:USC00377581,2019-05-01T00:00:00,2019,05,90.4,",,,7"
Rhode Island,GHCND:USC00379423,2019-05-01T00:00:00,2019,05,111.8,",,,7"
Rhode Island,GHCND:USW00014765,2019-05-01T00:00:00,2019,05,81.2,",,,W"
Rhode Island,GHCND:USW00014787,2019-05-01T00:00:00,2019,05,97.5,",,,W"
Rhode Island,GHCND:USW00014794,2019-05-01T00:00:00,2019,05,104.6,",,,W"
Rhode Island,GHCND:USW00054796,2019-05-01T00:00:00,2019,05,105.8,",,,R"
Rhode Island,GHCND:USW00054797,2019-05-01T00:00:00,2019,05,101.6,",,,R"
Rhode Island,GHCND:US1RIBR0005,2019-06-01T00:00:00,2019,06,106.1,",,,N"
Rhode Island,GHCND:US1RIKN0002,2019-06-01T00:00:00,2019,06,142.4,",,,N"
Rhode Island,GHCND:US1RIKN0015,2019-06-01T00:00:00,2019,06,114.0,"1,,,N"
Rhode Island,GHCND:US1RIKN0017,2019-06-01T00:00:00,2019,06,124.7,",,,N"
Rhode Island,GHCND:US1RIKN0021,2019-06-01T00:00:00,2019,06,149.2,",,,N"
Rhode Island,GHCND:US1RINW0004,2019-06-01T00:00:00,2019,06,104.9,",,,N"
Rhode Island,GHCND:US1RINW0005,2019-06-01T00:00:00,2019,06,152.1,",,,N"
Rhode Island,GHCND:US1RINW0007,2019-06-01T00:00:00,2019,06,146.9,",,,N"
Rhode Island,GHCND:US1RINW0016,2019-06-01T00:00:00,2019,06,146.2,",,,N"
Rhode Island,GHCND:US1RINW0017,2019-06-01T00:00:00,2019,06,138.2,",,,N"
Rhode Island,GHCND:US1RINW0018,2019-06-01T00:00:00,2019,06,155.0,",,,N"
Rhode Island,GHCND:US1RINW0019,2019-06-01T00:00:00,2019,06,127.9,"4,,,N"
Rhode Island,GHCND:US1RINW0020,2019-06-01T00:00:00,2019,06,123.6,",,,N"
Rhode Island,GHCND:US1RINW0021,2019-06-01T00:00:00,2019,06,131.5,"4,,,N"
Rhode Island,GHCND:US1RIPR0017,2019-06-01T00:00:00,2019,06,106.0,",,,N"
Rhode Island,GHCND:US1RIPR0020,2019-06-01T00:00:00,2019,06,104.7,",,,N"
Rhode Island,GHCND:US1RIPR0028,2019-06-01T00:00:00,2019,06,94.0,",,,N"
Rhode Island,GHCND:US1RIPR0033,2019-06-01T00:00:00,2019,06,109.0,",,,N"
Rhode Island,GHCND:US1RIPR0050,2019-06-01T00:00:00,2019,06,102.6,",,,N"
Rhode Island,GHCND:US1RIPR0051,2019-06-01T00:00:00,2019,06,98.4,",,,N"
Rhode Island,GHCND:US1RIPR0053,2019-06-01T00:00:00,2019,06,120.4,",,,N"
Rhode Island,GHCND:US1RIPR0055,2019-06-01T00:00:00,2019,06,107.6,",a,,N"
Rhode Island,GHCND:US1RIPR0057,2019-06-01T00:00:00,2019,06,117.0,",a,,N"
Rhode Island,GHCND:US1RIPR0059,2019-06-01T00:00:00,2019,06,110.5,",,,N"
Rhode Island,GHCND:US1RIPR0060,2019-06-01T00:00:00,2019,06,101.9,"2,a,,N"
Rhode Island,GHCND:US1RIWS0001,2019-06-01T00:00:00,2019,06,194.1,",a,,N"
Rhode Island,GHCND:US1RIWS0026,2019-06-01T00:00:00,2019,06,158.6,"2,,,N"
Rhode Island,GHCND:US1RIWS0030,2019-06-01T00:00:00,2019,06,186.7,",,,N"
Rhode Island,GHCND:US1RIWS0031,2019-06-01T00:00:00,2019,06,159.0,"1,,,N"
Rhode Island,GHCND:US1RIWS0036,2019-06-01T00:00:00,2019,06,195.7,",,,N"
Rhode Island,GHCND:US1RIWS0037,2019-06-01T00:00:00,2019,06,162.6,",,,N"
Rhode Island,GHCND:US1RIWS0040,2019-06-01T00:00:00,2019,06,131.7,"1,,,N"
Rhode Island,GHCND:US1RIWS0042,2019-06-01T00:00:00,2019,06,159.1,",,,N"
Rhode Island,GHCND:US1RIWS0044,2019-06-01T00:00:00,2019,06,163.7,",a,,N"
Rhode Island,GHCND:US1RIWS0045,2019-06-01T00:00:00,2019,06,173.3,"3,a,,N"
Rhode Island,GHCND:US1RIWS0046,2019-06-01T00:00:00,2019,06,202.1,"2,,,N"
Rhode Island,GHCND:US1RIWS0047,2019-06-01T00:00:00,2019,06,201.4,",a,,N"
Rhode Island,GHCND:US1RIWS0050,2019-06-01T00:00:00,2019,06,134.5,"1,,,N"
Rhode Island,GHCND:US1RIWS0051,2019-06-01T00:00:00,2019,06,157.7,",a,,N"
Rhode Island,GHCND:US1RIWS0052,2019-06-01T00:00:00,2019,06,147.8,"1,,,N"
Rhode Island,GHCND:US1RIWS0054,2019-06-01T00:00:00,2019,06,156.0,",,,N"
Rhode Island,GHCND:USC00370897,2019-06-01T00:00:00,2019,06,150.3,",,,7"
Rhode Island,GHCND:USC00371874,2019-06-01T00:00:00,2019,06,128.6,"2,a,,7"
Rhode Island,GHCND:USC00371875,2019-06-01T00:00:00,2019,06,136.7,",,,7"
Rhode Island,GHCND:USC00374266,2019-06-01T00:00:00,2019,06,162.3,",,,7"
Rhode Island,GHCND:USC00375270,2019-06-01T00:00:00,2019,06,93.1,",,,7"
Rhode Island,GHCND:USC00377581,2019-06-01T00:00:00,2019,06,142.3,",,,7"
Rhode Island,GHCND:USC00379423,2019-06-01T00:00:00,2019,06,100.2,",,,7"
Rhode Island,GHCND:USW00014765,2019-06-01T00:00:00,2019,06,119.7,",,,W"
Rhode Island,GHCND:USW00014787,2019-06-01T00:00:00,2019,06,164.0,",,,W"
Rhode Island,GHCND:USW00014794,2019-06-01T00:00:00,2019,06,199.4,",,,W"
Rhode Island,GHCND:USW00054796,2019-06-01T00:00:00,2019,06,149.5,",,,R"
Rhode Island,GHCND:USW00054797,2019-06-01T00:00:00,2019,06,150.3,",,,R"
Rhode Island,GHCND:US1RIBR0005,2019-07-01T00:00:00,2019,07,116.0,",,,N"
Rhode Island,GHCND:US1RIKN0002,2019-07-01T00:00:00,2019,07,160.3,",,,N"
Rhode Island,GHCND:US1RIKN0017,2019-07-01T00:00:00,2019,07,132.6,",,,N"
Rhode Island,GHCND:US1RIKN0021,2019-07-01T00:00:00,2019,07,121.4,",,,N"
Rhode Island,GHCND:US1RIKN0023,2019-07-01T00:00:00,2019,07,113.6,"2,,,N"
Rhode Island,GHCND:US1RINW0004,2019-07-01T00:00:00,2019,07,120.1,",,,N"
Rhode Island,GHCND:US1RINW0005,2019-07-01T00:00:00,2019,07,171.0,",,,N"
Rhode Island,GHCND:US1RINW0007,2019-07-01T00:00:00,2019,07,173.4,",,,N"
Rhode Island,GHCND:US1RINW0011,2019-07-01T00:00:00,2019,07,151.4,",,,N"
Rhode Island,GHCND:US1RINW0016,2019-07-01T00:00:00,2019,07,169.8,"1,,,N"
Rhode Island,GHCND:US1RINW0017,2019-07-01T00:00:00,2019,07,169.3,",,,N"
Rhode Island,GHCND:US1RINW0018,2019-07-01T00:00:00,2019,07,142.3,",,,N"
Rhode Island,GHCND:US1RINW0019,2019-07-01T00:00:00,2019,07,174.0,",,,N"
Rhode Island,GHCND:US1RINW0020,2019-07-01T00:00:00,2019,07,138.8,",,,N"
Rhode Island,GHCND:US1RIPR0017,2019-07-01T00:00:00,2019,07,121.6,"2,,,N"
Rhode Island,GHCND:US1RIPR0020,2019-07-01T00:00:00,2019,07,96.2,",,,N"
Rhode Island,GHCND:US1RIPR0028,2019-07-01T00:00:00,2019,07,100.7,",,,N"
Rhode Island,GHCND:US1RIPR0033,2019-07-01T00:00:00,2019,07,89.7,",,,N"
Rhode Island,GHCND:US1RIPR0051,2019-07-01T00:00:00,2019,07,101.0,",,,N"
Rhode Island,GHCND:US1RIPR0053,2019-07-01T00:00:00,2019,07,97.1,",,,N"
Rhode Island,GHCND:US1RIPR0055,2019-07-01T00:00:00,2019,07,82.6,",,,N"
Rhode Island,GHCND:US1RIPR0059,2019-07-01T00:00:00,2019,07,96.4,"2,,,N"
Rhode Island,GHCND:US1RIPR0067,2019-07-01T00:00:00,2019,07,107.8,",,,N"
Rhode Island,GHCND:US1RIWS0026,2019-07-01T00:00:00,2019,07,159.7,",,,N"
Rhode Island,GHCND:US1RIWS0030,2019-07-01T00:00:00,2019,07,162.1,",,,N"
Rhode Island,GHCND:US1RIWS0036,2019-07-01T00:00:00,2019,07,206.0,",,,N"
Rhode Island,GHCND:US1RIWS0037,2019-07-01T00:00:00,2019,07,145.4,"2,,,N"
Rhode Island,GHCND:US1RIWS0040,2019-07-01T00:00:00,2019,07,150.2,"1,,,N"
Rhode Island,GHCND:US1RIWS0042,2019-07-01T00:00:00,2019,07,159.8,",,,N"
Rhode Island,GHCND:US1RIWS0046,2019-07-01T00:00:00,2019,07,154.4,",,,N"
Rhode Island,GHCND:US1RIWS0047,2019-07-01T00:00:00,2019,07,141.0,",,,N"
Rhode Island,GHCND:US1RIWS0050,2019-07-01T00:00:00,2019,07,156.3,"1,,,N"
Rhode Island,GHCND:US1RIWS0051,2019-07-01T00:00:00,2019,07,147.5,",a,,N"
Rhode Island,GHCND:US1RIWS0052,2019-07-01T00:00:00,2019,07,154.1,"1,,,N"
Rhode Island,GHCND:US1RIWS0053,2019-07-01T00:00:00,2019,07,143.3,"2,,,N"
Rhode Island,GHCND:USC00370897,2019-07-01T00:00:00,2019,07,117.6,",,,7"
Rhode Island,GHCND:USC00371874,2019-07-01T00:00:00,2019,07,118.2,"1,a,,7"
Rhode Island,GHCND:USC00371875,2019-07-01T00:00:00,2019,07,119.8,",,,7"
Rhode Island,GHCND:USC00374266,2019-07-01T00:00:00,2019,07,139.1,",,,7"
Rhode Island,GHCND:USC00375270,2019-07-01T00:00:00,2019,07,85.2,",,,7"
Rhode Island,GHCND:USC00379423,2019-07-01T00:00:00,2019,07,80.9,",,,7"
Rhode Island,GHCND:USW00014765,2019-07-01T00:00:00,2019,07,88.2,",,,W"
Rhode Island,GHCND:USW00014787,2019-07-01T00:00:00,2019,07,110.6,",,,W"
Rhode Island,GHCND:USW00014794,2019-07-01T00:00:00,2019,07,132.6,"1,,,W"
Rhode Island,GHCND:USW00054796,2019-07-01T00:00:00,2019,07,130.1,",,,R"
Rhode Island,GHCND:USW00054797,2019-07-01T00:00:00,2019,07,137.8,",,,R"
Rhode Island,GHCND:US1RIBR0005,2019-08-01T00:00:00,2019,08,69.7,",,,N"
Rhode Island,GHCND:US1RIKN0002,2019-08-01T00:00:00,2019,08,98.3,",,,N"
Rhode Island,GHCND:US1RIKN0015,2019-08-01T00:00:00,2019,08,82.8,"3,,,N"
Rhode Island,GHCND:US1RIKN0021,2019-08-01T00:00:00,2019,08,75.8,"1,,,N"
Rhode Island,GHCND:US1RIKN0023,2019-08-01T00:00:00,2019,08,59.9,"2,a,,N"
Rhode Island,GHCND:US1RIKN0025,2019-08-01T00:00:00,2019,08,95.2,",,,N"
Rhode Island,GHCND:US1RINW0004,2019-08-01T00:00:00,2019,08,58.0,",,,N"
Rhode Island,GHCND:US1RINW0005,2019-08-01T00:00:00,2019,08,78.0,",,,N"
Rhode Island,GHCND:US1RINW0007,2019-08-01T00:00:00,2019,08,88.8,",,,N"
Rhode Island,GHCND:US1RINW0011,2019-08-01T00:00:00,2019,08,53.1,",,,N"
Rhode Island,GHCND:US1RINW0016,2019-08-01T00:00:00,2019,08,56.0,",,,N"
Rhode Island,GHCND:US1RINW0017,2019-08-01T00:00:00,2019,08,66.4,",,,N"
Rhode Island,GHCND:US1RINW0018,2019-08-01T00:00:00,2019,08,72.7,"1,a,,N"
Rhode Island,GHCND:US1RINW0019,2019-08-01T00:00:00,2019,08,58.9,",,,N"
Rhode Island,GHCND:US1RINW0020,2019-08-01T00:00:00,2019,08,50.9,"1,,,N"
Rhode Island,GHCND:US1RIPR0017,2019-08-01T00:00:00,2019,08,84.2,"2,,,N"
Rhode Island,GHCND:US1RIPR0020,2019-08-01T00:00:00,2019,08,237.9,",,,N"
Rhode Island,GHCND:US1RIPR0028,2019-08-01T00:00:00,2019,08,159.2,",,,N"
Rhode Island,GHCND:US1RIPR0033,2019-08-01T00:00:00,2019,08,168.3,",,,N"
Rhode Island,GHCND:US1RIPR0044,2019-08-01T00:00:00,2019,08,54.3,"1,a,,N"
Rhode Island,GHCND:US1RIPR0050,2019-08-01T00:00:00,2019,08,182.3,",,,N"
Rhode Island,GHCND:US1RIPR0051,2019-08-01T00:00:00,2019,08,174.0,",,,N"
Rhode Island,GHCND:US1RIPR0053,2019-08-01T00:00:00,2019,08,62.5,",,,N"
Rhode Island,GHCND:US1RIPR0055,2019-08-01T00:00:00,2019,08,105.4,",a,,N"
Rhode Island,GHCND:US1RIPR0057,2019-08-01T00:00:00,2019,08,62.0,",a,,N"
Rhode Island,GHCND:US1RIPR0059,2019-08-01T00:00:00,2019,08,118.5,",,,N"
Rhode Island,GHCND:US1RIPR0060,2019-08-01T00:00:00,2019,08,75.8,",,,N"
Rhode Island,GHCND:US1RIPR0067,2019-08-01T00:00:00,2019,08,63.3,",,,N"
Rhode Island,GHCND:US1RIWS0001,2019-08-01T00:00:00,2019,08,173.2,"3,,,N"
Rhode Island,GHCND:US1RIWS0026,2019-08-01T00:00:00,2019,08,95.5,",,,N"
Rhode Island,GHCND:US1RIWS0030,2019-08-01T00:00:00,2019,08,113.4,",,,N"
Rhode Island,GHCND:US1RIWS0036,2019-08-01T00:00:00,2019,08,78.6,",,,N"
Rhode Island,GHCND:US1RIWS0037,2019-08-01T00:00:00,2019,08,86.6,"1,,,N"
Rhode Island,GHCND:US1RIWS0040,2019-08-01T00:00:00,2019,08,74.0,",,,N"
Rhode Island,GHCND:US1RIWS0042,2019-08-01T00:00:00,2019,08,84.3,",,,N"
Rhode Island,GHCND:US1RIWS0044,2019-08-01T00:00:00,2019,08,80.7,"4,a,,N"
Rhode Island,GHCND:US1RIWS0046,2019-08-01T00:00:00,2019,08,92.9,"1,,,N"
Rhode Island,GHCND:US1RIWS0047,2019-08-01T00:00:00,2019,08,105.4,",a,,N"
Rhode Island,GHCND:US1RIWS0050,2019-08-01T00:00:00,2019,08,76.4,",,,N"
Rhode Island,GHCND:US1RIWS0052,2019-08-01T00:00:00,2019,08,57.1,"2,,,N"
Rhode Island,GHCND:US1RIWS0053,2019-08-01T00:00:00,2019,08,86.4,"1,,,N"
Rhode Island,GHCND:US1RIWS0054,2019-08-01T00:00:00,2019,08,94.0,",,,N"
Rhode Island,GHCND:US1RIWS0055,2019-08-01T00:00:00,2019,08,64.0,"4,,,N"
Rhode Island,GHCND:USC00370897,2019-08-01T00:00:00,2019,08,59.6,",,,7"
Rhode Island,GHCND:USC00371874,2019-08-01T00:00:00,2019,08,91.9,",a,,7"
Rhode Island,GHCND:USC00371875,2019-08-01T00:00:00,2019,08,87.5,",,,7"
Rhode Island,GHCND:USC00374266,2019-08-01T00:00:00,2019,08,82.4,",,,7"
Rhode Island,GHCND:USC00375270,2019-08-01T00:00:00,2019,08,194.5,",,,7"
Rhode Island,GHCND:USC00379423,2019-08-01T00:00:00,2019,08,135.9,",,,7"
Rhode Island,GHCND:USW00014765,2019-08-01T00:00:00,2019,08,59.0,",,,W"
Rhode Island,GHCND:USW00014787,2019-08-01T00:00:00,2019,08,60.3,",,,W"
Rhode Island,GHCND:USW00014794,2019-08-01T00:00:00,2019,08,112.1,",,,W"
Rhode Island,GHCND:USW00054796,2019-08-01T00:00:00,2019,08,78.4,",,,R"
Rhode Island,GHCND:USW00054797,2019-08-01T00:00:00,2019,08,88.2,",,,R"
Rhode Island,GHCND:US1RIBR0005,2019-09-01T00:00:00,2019,09,35.9,",,,N"
Rhode Island,GHCND:US1RIKN0002,2019-09-01T00:00:00,2019,09,39.5,",,,N"
Rhode Island,GHCND:US1RIKN0015,2019-09-01T00:00:00,2019,09,40.6,",a,,N"
Rhode Island,GHCND:US1RIKN0021,2019-09-01T00:00:00,2019,09,39.3,",,,N"
Rhode Island,GHCND:US1RIKN0023,2019-09-01T00:00:00,2019,09,29.2,"2,a,,N"
Rhode Island,GHCND:US1RIKN0025,2019-09-01T00:00:00,2019,09,38.1,",,,N"
Rhode Island,GHCND:US1RINW0004,2019-09-01T00:00:00,2019,09,26.1,",,,N"
Rhode Island,GHCND:US1RINW0005,2019-09-01T00:00:00,2019,09,38.9,",,,N"
Rhode Island,GHCND:US1RINW0007,2019-09-01T00:00:00,2019,09,38.4,",,,N"
Rhode Island,GHCND:US1RINW0011,2019-09-01T00:00:00,2019,09,39.3,"2,,,N"
Rhode Island,GHCND:US1RINW0016,2019-09-01T00:00:00,2019,09,45.6,",,,N"
Rhode Island,GHCND:US1RINW0017,2019-09-01T00:00:00,2019,09,45.3,",,,N"
Rhode Island,GHCND:US1RINW0018,2019-09-01T00:00:00,2019,09,49.4,",,,N"
Rhode Island,GHCND:US1RINW0019,2019-09-01T00:00:00,2019,09,50.0,",,,N"
Rhode Island,GHCND:US1RINW0020,2019-09-01T00:00:00,2019,09,39.3,",,,N"
Rhode Island,GHCND:US1RIPR0017,2019-09-01T00:00:00,2019,09,41.2,"1,,,N"
Rhode Island,GHCND:US1RIPR0020,2019-09-01T00:00:00,2019,09,53.4,"1,,,N"
Rhode Island,GHCND:US1RIPR0028,2019-09-01T00:00:00,2019,09,56.0,",,,N"
Rhode Island,GHCND:US1RIPR0033,2019-09-01T00:00:00,2019,09,52.3,",,,N"
Rhode Island,GHCND:US1RIPR0044,2019-09-01T00:00:00,2019,09,33.2,"3,,,N"
Rhode Island,GHCND:US1RIPR0045,2019-09-01T00:00:00,2019,09,55.6,",,,N"
Rhode Island,GHCND:US1RIPR0050,2019-09-01T00:00:00,2019,09,57.8,"1,,,N"
Rhode Island,GHCND:US1RIPR0051,2019-09-01T00:00:00,2019,09,51.1,",,,N"
Rhode Island,GHCND:US1RIPR0053,2019-09-01T00:00:00,2019,09,52.6,",,,N"
Rhode Island,GHCND:US1RIPR0057,2019-09-01T00:00:00,2019,09,36.0,",,,N"
Rhode Island,GHCND:US1RIPR0059,2019-09-01T00:00:00,2019,09,61.0,"2,,,N"
Rhode Island,GHCND:US1RIPR0060,2019-09-01T00:00:00,2019,09,68.8,",,,N"
Rhode Island,GHCND:US1RIPR0067,2019-09-01T00:00:00,2019,09,65.1,",,,N"
Rhode Island,GHCND:US1RIWS0001,2019-09-01T00:00:00,2019,09,54.2,"2,a,,N"
Rhode Island,GHCND:US1RIWS0026,2019-09-01T00:00:00,2019,09,44.2,"1,,,N"
Rhode Island,GHCND:US1RIWS0031,2019-09-01T00:00:00,2019,09,36.4,",,,N"
Rhode Island,GHCND:US1RIWS0036,2019-09-01T00:00:00,2019,09,45.0,",,,N"
Rhode Island,GHCND:US1RIWS0037,2019-09-01T00:00:00,2019,09,60.3,",,,N"
Rhode Island,GHCND:US1RIWS0042,2019-09-01T00:00:00,2019,09,48.3,",,,N"
Rhode Island,GHCND:US1RIWS0046,2019-09-01T00:00:00,2019,09,38.6,",,,N"
Rhode Island,GHCND:US1RIWS0047,2019-09-01T00:00:00,2019,09,36.7,",,,N"
Rhode Island,GHCND:US1RIWS0050,2019-09-01T00:00:00,2019,09,47.6,"1,,,N"
Rhode Island,GHCND:US1RIWS0051,2019-09-01T00:00:00,2019,09,50.7,"1,a,,N"
Rhode Island,GHCND:US1RIWS0052,2019-09-01T00:00:00,2019,09,45.0,"2,,,N"
Rhode Island,GHCND:US1RIWS0054,2019-09-01T00:00:00,2019,09,39.7,"1,a,,N"
Rhode Island,GHCND:US1RIWS0055,2019-09-01T00:00:00,2019,09,51.7,",,,N"
Rhode Island,GHCND:USC00370897,2019-09-01T00:00:00,2019,09,27.7,",,,7"
Rhode Island,GHCND:USC00371874,2019-09-01T00:00:00,2019,09,40.4,",a,,7"
Rhode Island,GHCND:USC00371875,2019-09-01T00:00:00,2019,09,44.2,",,,7"
Rhode Island,GHCND:USC00374266,2019-09-01T00:00:00,2019,09,36.9,",,,7"
Rhode Island,GHCND:USC00375270,2019-09-01T00:00:00,2019,09,52.9,",,,7"
Rhode Island,GHCND:USC00379423,2019-09-01T00:00:00,2019,09,59.2,",,,7"
Rhode Island,GHCND:USW00014765,2019-09-01T00:00:00,2019,09,29.6,",,,W"
Rhode Island,GHCND:USW00014787,2019-09-01T00:00:00,2019,09,39.3,",,,W"
Rhode Island,GHCND:USW00014794,2019-09-01T00:00:00,2019,09,36.1,",,,W"
Rhode Island,GHCND:USW00054796,2019-09-01T00:00:00,2019,09,35.1,",,,R"
Rhode Island,GHCND:USW00054797,2019-09-01T00:00:00,2019,09,36.8,",,,R"
Rhode Island,GHCND:US1RIBR0005,2019-10-01T00:00:00,2019,10,136.3,",,,N"
Rhode Island,GHCND:US1RIKN0002,2019-10-01T00:00:00,2019,10,148.6,",,,N"
Rhode Island,GHCND:US1RIKN0021,2019-10-01T00:00:00,2019,10,170.7,",,,N"
Rhode Island,GHCND:US1RIKN0023,2019-10-01T00:00:00,2019,10,139.3,"3,,,N"
Rhode Island,GHCND:US1RIKN0025,2019-10-01T00:00:00,2019,10,166.7,",,,N"
Rhode Island,GHCND:US1RINW0004,2019-10-01T00:00:00,2019,10,128.8,",,,N"
Rhode Island,GHCND:US1RINW0007,2019-10-01T00:00:00,2019,10,184.4,",,,N"
Rhode Island,GHCND:US1RINW0011,2019-10-01T00:00:00,2019,10,166.4,",,,N"
Rhode Island,GHCND:US1RINW0016,2019-10-01T00:00:00,2019,10,143.2,",,,N"
Rhode Island,GHCND:US1RINW0017,2019-10-01T00:00:00,2019,10,171.1,",,,N"
Rhode Island,GHCND:US1RINW0018,2019-10-01T00:00:00,2019,10,166.8,",a,,N"
Rhode Island,GHCND:US1RINW0019,2019-10-01T00:00:00,2019,10,149.8,"2,,,N"
Rhode Island,GHCND:US1RINW0020,2019-10-01T00:00:00,2019,10,163.2,",,,N"
Rhode Island,GHCND:US1RIPR0017,2019-10-01T00:00:00,2019,10,138.5,",,,N"
Rhode Island,GHCND:US1RIPR0028,2019-10-01T00:00:00,2019,10,157.3,",,,N"
Rhode Island,GHCND:US1RIPR0033,2019-10-01T00:00:00,2019,10,164.5,",,,N"
Rhode Island,GHCND:US1RIPR0044,2019-10-01T00:00:00,2019,10,131.1,"2,,,N"
Rhode Island,GHCND:US1RIPR0050,2019-10-01T00:00:00,2019,10,165.4,",,,N"
Rhode Island,GHCND:US1RIPR0051,2019-10-01T00:00:00,2019,10,159.7,",,,N"
Rhode Island,GHCND:US1RIPR0053,2019-10-01T00:00:00,2019,10,104.4,",,,N"
Rhode Island,GHCND:US1RIPR0055,2019-10-01T00:00:00,2019,10,114.7,",,,N"
Rhode Island,GHCND:US1RIPR0057,2019-10-01T00:00:00,2019,10,148.6,"3,,,N"
Rhode Island,GHCND:US1RIPR0059,2019-10-01T00:00:00,2019,10,126.7,"3,,,N"
Rhode Island,GHCND:US1RIPR0060,2019-10-01T00:00:00,2019,10,135.0,"1,a,,N"
Rhode Island,GHCND:US1RIPR0067,2019-10-01T00:00:00,2019,10,129.3,",,,N"
Rhode Island,GHCND:US1RIWS0026,2019-10-01T00:00:00,2019,10,186.7,"1,,,N"
Rhode Island,GHCND:US1RIWS0030,2019-10-01T00:00:00,2019,10,207.3,",,,N"
Rhode Island,GHCND:US1RIWS0031,2019-10-01T00:00:00,2019,10,169.6,"1,,,N"
Rhode Island,GHCND:US1RIWS0036,2019-10-01T00:00:00,2019,10,210.7,",,,N"
Rhode Island,GHCND:US1RIWS0037,2019-10-01T00:00:00,2019,10,177.4,",,,N"
Rhode Island,GHCND:US1RIWS0042,2019-10-01T00:00:00,2019,10,179.7,",,,N"
Rhode Island,GHCND:US1RIWS0045,2019-10-01T00:00:00,2019,10,194.4,",a,,N"
Rhode Island,GHCND:US1RIWS0046,2019-10-01T00:00:00,2019,10,200.4,"1,a,,N"
Rhode Island,GHCND:US1RIWS0047,2019-10-01T00:00:00,2019,10,220.9,",a,,N"
Rhode Island,GHCND:US1RIWS0050,2019-10-01T00:00:00,2019,10,202.9,",,,N"
Rhode Island,GHCND:US1RIWS0051,2019-10-01T00:00:00,2019,10,186.4,"1,a,,N"
Rhode Island,GHCND:US1RIWS0054,2019-10-01T00:00:00,2019,10,202.0,",,,N"
Rhode Island,GHCND:US1RIWS0055,2019-10-01T00:00:00,2019,10,195.7,",,,N"
Rhode Island,GHCND:USC00370897,2019-10-01T00:00:00,2019,10,153.8,",,,7"
Rhode Island,GHCND:USC00371874,2019-10-01T00:00:00,2019,10,186.2,",a,,7"
Rhode Island,GHCND:USC00371875,2019-10-01T00:00:00,2019,10,215.9,",,,7"
Rhode Island,GHCND:USC00374266,2019-10-01T00:00:00,2019,10,240.2,",,,7"
Rhode Island,GHCND:USC00375270,2019-10-01T00:00:00,2019,10,167.6,",,,7"
Rhode Island,GHCND:USC00379423,2019-10-01T00:00:00,2019,10,130.3,",,,7"
Rhode Island,GHCND:USW00014765,2019-10-01T00:00:00,2019,10,143.6,",,,W"
Rhode Island,GHCND:USW00014787,2019-10-01T00:00:00,2019,10,153.7,",,,W"
Rhode Island,GHCND:USW00014794,2019-10-01T00:00:00,2019,10,190.5,",,,W"
Rhode Island,GHCND:USW00054796,2019-10-01T00:00:00,2019,10,228.7,",,,R"
Rhode Island,GHCND:USW00054797,2019-10-01T00:00:00,2019,10,239.9,",,,R"
Rhode Island,GHCND:US1RIBR0005,2019-11-01T00:00:00,2019,11,79.1,",,,N"
Rhode Island,GHCND:US1RIKN0002,2019-11-01T00:00:00,2019,11,94.3,",,,N"
Rhode Island,GHCND:US1RIKN0015,2019-11-01T00:00:00,2019,11,75.2,"5,,,N"
Rhode Island,GHCND:US1RIKN0017,2019-11-01T00:00:00,2019,11,78.7,"2,,,N"
Rhode Island,GHCND:US1RIKN0021,2019-11-01T00:00:00,2019,11,81.6,",,,N"
Rhode Island,GHCND:US1RIKN0025,2019-11-01T00:00:00,2019,11,80.9,",,,N"
Rhode Island,GHCND:US1RINW0004,2019-11-01T00:00:00,2019,11,74.5,",,,N"
Rhode Island,GHCND:US1RINW0007,2019-11-01T00:00:00,2019,11,104.6,",,,N"
Rhode Island,GHCND:US1RINW0011,2019-11-01T00:00:00,2019,11,93.4,"2,,,N"
Rhode Island,GHCND:US1RINW0016,2019-11-01T00:00:00,2019,11,96.3,",,,N"
Rhode Island,GHCND:US1RINW0017,2019-11-01T00:00:00,2019,11,94.5,",,,N"
Rhode Island,GHCND:US1RINW0018,2019-11-01T00:00:00,2019,11,85.8,",,,N"
Rhode Island,GHCND:US1RINW0019,2019-11-01T00:00:00,2019,11,93.7,"1,,,N"
Rhode Island,GHCND:US1RINW0020,2019-11-01T00:00:00,2019,11,90.1,",,,N"
Rhode Island,GHCND:US1RIPR0017,2019-11-01T00:00:00,2019,11,72.2,"1,,,N"
Rhode Island,GHCND:US1RIPR0028,2019-11-01T00:00:00,2019,11,88.0,",,,N"
Rhode Island,GHCND:US1RIPR0033,2019-11-01T00:00:00,2019,11,90.2,",,,N"
Rhode Island,GHCND:US1RIPR0050,2019-11-01T00:00:00,2019,11,91.3,",,,N"
Rhode Island,GHCND:US1RIPR0051,2019-11-01T00:00:00,2019,11,87.7,",,,N"
Rhode Island,GHCND:US1RIPR0053,2019-11-01T00:00:00,2019,11,75.7,",,,N"
Rhode Island,GHCND:US1RIPR0055,2019-11-01T00:00:00,2019,11,78.5,",a,,N"
Rhode Island,GHCND:US1RIPR0057,2019-11-01T00:00:00,2019,11,79.3,"2,,,N"
Rhode Island,GHCND:US1RIPR0059,2019-11-01T00:00:00,2019,11,88.2,"5,,,N"
Rhode Island,GHCND:US1RIPR0060,2019-11-01T00:00:00,2019,11,80.3,"2,a,,N"
Rhode Island,GHCND:US1RIPR0067,2019-11-01T00:00:00,2019,11,80.4,",,,N"
Rhode Island,GHCND:US1RIWS0026,2019-11-01T00:00:00,2019,11,89.5,",,,N"
Rhode Island,GHCND:US1RIWS0031,2019-11-01T00:00:00,2019,11,87.0,",,,N"
Rhode Island,GHCND:US1RIWS0036,2019-11-01T00:00:00,2019,11,87.6,",,,N"
Rhode Island,GHCND:US1RIWS0037,2019-11-01T00:00:00,2019,11,93.8,",,,N"
Rhode Island,GHCND:US1RIWS0042,2019-11-01T00:00:00,2019,11,82.7,",,,N"
Rhode Island,GHCND:US1RIWS0044,2019-11-01T00:00:00,2019,11,85.9,"4,a,,N"
Rhode Island,GHCND:US1RIWS0045,2019-11-01T00:00:00,2019,11,83.5,"3,a,,N"
Rhode Island,GHCND:US1RIWS0046,2019-11-01T00:00:00,2019,11,76.1,",a,,N"
Rhode Island,GHCND:US1RIWS0047,2019-11-01T00:00:00,2019,11,90.2,",,,N"
Rhode Island,GHCND:US1RIWS0050,2019-11-01T00:00:00,2019,11,103.6,"3,,,N"
Rhode Island,GHCND:US1RIWS0051,2019-11-01T00:00:00,2019,11,74.4,"5,a,,N"
Rhode Island,GHCND:US1RIWS0052,2019-11-01T00:00:00,2019,11,93.0,"1,,,N"
Rhode Island,GHCND:US1RIWS0054,2019-11-01T00:00:00,2019,11,87.5,",,,N"
Rhode Island,GHCND:US1RIWS0055,2019-11-01T00:00:00,2019,11,90.2,",a,,N"
Rhode Island,GHCND:USC00370897,2019-11-01T00:00:00,2019,11,56.2,",,,7"
Rhode Island,GHCND:USC00371874,2019-11-01T00:00:00,2019,11,77.2,"5,a,,7"
Rhode Island,GHCND:USC00371875,2019-11-01T00:00:00,2019,11,88.4,",,,7"
Rhode Island,GHCND:USC00374266,2019-11-01T00:00:00,2019,11,84.9,",,,7"
Rhode Island,GHCND:USC00375270,2019-11-01T00:00:00,2019,11,90.9,",,,7"
Rhode Island,GHCND:USC00379423,2019-11-01T00:00:00,2019,11,79.9,",a,,7"
Rhode Island,GHCND:USW00014765,2019-11-01T00:00:00,2019,11,69.6,",,,W"
Rhode Island,GHCND:USW00014787,2019-11-01T00:00:00,2019,11,65.4,"1,,,W"
Rhode Island,GHCND:USW00014794,2019-11-01T00:00:00,2019,11,80.1,"1,,,W"
Rhode Island,GHCND:USW00054796,2019-11-01T00:00:00,2019,11,80.0,",,,R"
Rhode Island,GHCND:USW00054797,2019-11-01T00:00:00,2019,11,82.4,",,,R"
Rhode Island,GHCND:US1RIBR0005,2019-12-01T00:00:00,2019,12,208.7,",,,N"
Rhode Island,GHCND:US1RIKN0002,2019-12-01T00:00:00,2019,12,216.6,"1,,,N"
Rhode Island,GHCND:US1RIKN0017,2019-12-01T00:00:00,2019,12,221.0,"2,a,,N"
Rhode Island,GHCND:US1RIKN0021,2019-12-01T00:00:00,2019,12,205.6,",,,N"
Rhode Island,GHCND:US1RIKN0023,2019-12-01T00:00:00,2019,12,208.3,"5,,,N"
Rhode Island,GHCND:US1RINW0004,2019-12-01T00:00:00,2019,12,158.3,",,,N"
Rhode Island,GHCND:US1RINW0005,2019-12-01T00:00:00,2019,12,181.9,",,,N"
Rhode Island,GHCND:US1RINW0007,2019-12-01T00:00:00,2019,12,211.8,",a,,N"
Rhode Island,GHCND:US1RINW0011,2019-12-01T00:00:00,2019,12,224.1,"1,,,N"
Rhode Island,GHCND:US1RINW0016,2019-12-01T00:00:00,2019,12,193.0,",,,N"
Rhode Island,GHCND:US1RINW0017,2019-12-01T00:00:00,2019,12,225.2,",,,N"
Rhode Island,GHCND:US1RINW0018,2019-12-01T00:00:00,2019,12,198.2,",a,,N"
Rhode Island,GHCND:US1RINW0019,2019-12-01T00:00:00,2019,12,174.2,",,,N"
Rhode Island,GHCND:US1RINW0020,2019-12-01T00:00:00,2019,12,198.2,",,,N"
Rhode Island,GHCND:US1RIPR0028,2019-12-01T00:00:00,2019,12,196.4,",,,N"
Rhode Island,GHCND:US1RIPR0033,2019-12-01T00:00:00,2019,12,190.6,",,,N"
Rhode Island,GHCND:US1RIPR0050,2019-12-01T00:00:00,2019,12,191.8,",,,N"
Rhode Island,GHCND:US1RIPR0051,2019-12-01T00:00:00,2019,12,195.6,",,,N"
Rhode Island,GHCND:US1RIPR0053,2019-12-01T00:00:00,2019,12,126.2,"2,,,N"
Rhode Island,GHCND:US1RIPR0055,2019-12-01T00:00:00,2019,12,169.3,",a,,N"
Rhode Island,GHCND:US1RIPR0057,2019-12-01T00:00:00,2019,12,187.9,"1,,,N"
Rhode Island,GHCND:US1RIWS0001,2019-12-01T00:00:00,2019,12,217.2,",a,,N"
Rhode Island,GHCND:US1RIWS0026,2019-12-01T00:00:00,2019,12,184.6,"1,,,N"
Rhode Island,GHCND:US1RIWS0030,2019-12-01T00:00:00,2019,12,197.3,",,,N"
Rhode Island,GHCND:US1RIWS0031,2019-12-01T00:00:00,2019,12,210.2,",a,,N"
Rhode Island,GHCND:US1RIWS0036,2019-12-01T00:00:00,2019,12,187.3,",,,N"
Rhode Island,GHCND:US1RIWS0037,2019-12-01T00:00:00,2019,12,147.2,"5,,,N"
Rhode Island,GHCND:US1RIWS0042,2019-12-01T00:00:00,2019,12,237.4,",,,N"
Rhode Island,GHCND:US1RIWS0045,2019-12-01T00:00:00,2019,12,124.7,"5,,,N"
Rhode Island,GHCND:US1RIWS0046,2019-12-01T00:00:00,2019,12,177.1,"1,,,N"
Rhode Island,GHCND:US1RIWS0047,2019-12-01T00:00:00,2019,12,168.4,",a,,N"
Rhode Island,GHCND:US1RIWS0051,2019-12-01T00:00:00,2019,12,211.6,",,,N"
Rhode Island,GHCND:US1RIWS0052,2019-12-01T00:00:00,2019,12,216.5,"1,,,N"
Rhode Island,GHCND:US1RIWS0053,2019-12-01T00:00:00,2019,12,195.8,"3,a,,N"
Rhode Island,GHCND:US1RIWS0054,2019-12-01T00:00:00,2019,12,208.1,"1,,,N"
Rhode Island,GHCND:USC00370897,2019-12-01T00:00:00,2019,12,202.9,",,,7"
Rhode Island,GHCND:USC00371874,2019-12-01T00:00:00,2019,12,171.8,"3,a,,7"
Rhode Island,GHCND:USC00371875,2019-12-01T00:00:00,2019,12,230.7,",,,7"
Rhode Island,GHCND:USC00374266,2019-12-01T00:00:00,2019,12,218.8,",,,7"
Rhode Island,GHCND:USC00375270,2019-12-01T00:00:00,2019,12,192.3,",,,7"
Rhode Island,GHCND:USC00379423,2019-12-01T00:00:00,2019,12,192.6,",,,7"
Rhode Island,GHCND:USW00014765,2019-12-01T00:00:00,2019,12,206.0,",,,W"
Rhode Island,GHCND:USW00014787,2019-12-01T00:00:00,2019,12,119.0,",,,W"
Rhode Island,GHCND:USW00014794,2019-12-01T00:00:00,2019,12,144.1,",,,W"
Rhode Island,GHCND:USW00054796,2019-12-01T00:00:00,2019,12,212.4,",,,R"
Rhode Island,GHCND:USW00054797,2019-12-01T00:00:00,2019,12,207.6,",,,R"
Rhode Island,GHCND:US1RIBR0005,2020-01-01T00:00:00,2020,01,35.9,",,,N"
Rhode Island,GHCND:US1RIKN0002,2020-01-01T00:00:00,2020,01,29.5,",,,N"
Rhode Island,GHCND:US1RIKN0015,2020-01-01T00:00:00,2020,01,33.8,"4,a,,N"
Rhode Island,GHCND:US1RIKN0017,2020-01-01T00:00:00,2020,01,35.5,",,,N"
Rhode Island,GHCND:US1RIKN0021,2020-01-01T00:00:00,2020,01,39.2,",,,N"
Rhode Island,GHCND:US1RIKN0023,2020-01-01T00:00:00,2020,01,29.0,"2,,,N"
Rhode Island,GHCND:US1RINW0004,2020-01-01T00:00:00,2020,01,42.7,",,,N"
Rhode Island,GHCND:US1RINW0005,2020-01-01T00:00:00,2020,01,44.4,",,,N"
Rhode Island,GHCND:US1RINW0007,2020-01-01T00:00:00,2020,01,50.6,",,,N"
Rhode Island,GHCND:US1RINW0016,2020-01-01T00:00:00,2020,01,43.3,",,,N"
Rhode Island,GHCND:US1RINW0017,2020-01-01T00:00:00,2020,01,49.4,"1,,,N"
Rhode Island,GHCND:US1RINW0018,2020-01-01T00:00:00,2020,01,37.0,",,,N"
Rhode Island,GHCND:US1RINW0019,2020-01-01T00:00:00,2020,01,40.4,",,,N"
Rhode Island,GHCND:US1RINW0020,2020-01-01T00:00:00,2020,01,46.9,",,,N"
Rhode Island,GHCND:US1RIPR0028,2020-01-01T00:00:00,2020,01,53.2,",,,N"
Rhode Island,GHCND:US1RIPR0033,2020-01-01T00:00:00,2020,01,57.5,",,,N"
Rhode Island,GHCND:US1RIPR0044,2020-01-01T00:00:00,2020,01,34.3,",,,N"
Rhode Island,GHCND:US1RIPR0045,2020-01-01T00:00:00,2020,01,48.2,",,,N"
Rhode Island,GHCND:US1RIPR0050,2020-01-01T00:00:00,2020,01,46.4,",,,N"
Rhode Island,GHCND:US1RIPR0051,2020-01-01T00:00:00,2020,01,53.9,",,,N"
Rhode Island,GHCND:US1RIPR0053,2020-01-01T00:00:00,2020,01,26.2,"1,,,N"
Rhode Island,GHCND:US1RIPR0055,2020-01-01T00:00:00,2020,01,43.3,",,,N"
Rhode Island,GHCND:US1RIPR0057,2020-01-01T00:00:00,2020,01,35.9,"1,,,N"
Rhode Island,GHCND:US1RIPR0059,2020-01-01T00:00:00,2020,01,36.9,"5,,,N"
Rhode Island,GHCND:US1RIPR0067,2020-01-01T00:00:00,2020,01,24.4,",,,N"
Rhode Island,GHCND:US1RIWS0026,2020-01-01T00:00:00,2020,01,37.9,"3,,,N"
Rhode Island,GHCND:US1RIWS0030,2020-01-01T00:00:00,2020,01,46.3,"1,,,N"
Rhode Island,GHCND:US1RIWS0031,2020-01-01T00:00:00,2020,01,32.6,",,,N"
Rhode Island,GHCND:US1RIWS0036,2020-01-01T00:00:00,2020,01,42.8,",,,N"
Rhode Island,GHCND:US1RIWS0037,2020-01-01T00:00:00,2020,01,37.5,"1,,,N"
Rhode Island,GHCND:US1RIWS0042,2020-01-01T00:00:00,2020,01,51.6,",,,N"
Rhode Island,GHCND:US1RIWS0044,2020-01-01T00:00:00,2020,01,32.1,"1,a,,N"
Rhode Island,GHCND:US1RIWS0045,2020-01-01T00:00:00,2020,01,41.4,"2,a,,N"
Rhode Island,GHCND:US1RIWS0046,2020-01-01T00:00:00,2020,01,42.9,"1,,,N"
Rhode Island,GHCND:US1RIWS0047,2020-01-01T00:00:00,2020,01,44.7,",,,N"
Rhode Island,GHCND:US1RIWS0051,2020-01-01T00:00:00,2020,01,43.7,",a,,N"
Rhode Island,GHCND:US1RIWS0052,2020-01-01T00:00:00,2020,01,39.3,",,,N"
Rhode Island,GHCND:US1RIWS0054,2020-01-01T00:00:00,2020,01,37.4,",a,,N"
Rhode Island,GHCND:US1RIWS0055,2020-01-01T00:00:00,2020,01,39.8,",,,N"
Rhode Island,GHCND:USC00370897,2020-01-01T00:00:00,2020,01,34.9,",,,7"
Rhode Island,GHCND:USC00371874,2020-01-01T00:00:00,2020,01,57.0,",a,,7"
Rhode Island,GHCND:USC00371875,2020-01-01T00:00:00,2020,01,43.3,",,,7"
Rhode Island,GHCND:USC00374266,2020-01-01T00:00:00,2020,01,37.2,",,,7"
Rhode Island,GHCND:USC00375270,2020-01-01T00:00:00,2020,01,52.7,",,,7"
Rhode Island,GHCND:USC00379423,2020-01-01T00:00:00,2020,01,48.5,",,,7"
Rhode Island,GHCND:USW00014765,2020-01-01T00:00:00,2020,01,32.2,",,,W"
Rhode Island,GHCND:USW00014787,2020-01-01T00:00:00,2020,01,17.7,",,,W"
Rhode Island,GHCND:USW00014794,2020-01-01T00:00:00,2020,01,33.6,",,,W"
Rhode Island,GHCND:USW00054796,2020-01-01T00:00:00,2020,01,38.4,",,,R"
Rhode Island,GHCND:USW00054797,2020-01-01T00:00:00,2020,01,38.2,",,,R"
Rhode Island,GHCND:US1RIBR0005,2020-02-01T00:00:00,2020,02,77.2,",a,,N"
Rhode Island,GHCND:US1RIKN0002,2020-02-01T00:00:00,2020,02,79.0,",,,N"
Rhode Island,GHCND:US1RIKN0017,2020-02-01T00:00:00,2020,02,87.4,",,,N"
Rhode Island,GHCND:US1RIKN0021,2020-02-01T00:00:00,2020,02,70.6,",,,N"
Rhode Island,GHCND:US1RIKN0023,2020-02-01T00:00:00,2020,02,74.1,",,,N"
Rhode Island,GHCND:US1RINW0004,2020-02-01T00:00:00,2020,02,53.3,",,,N"
Rhode Island,GHCND:US1RINW0005,2020-02-01T00:00:00,2020,02,90.4,",,,N"
Rhode Island,GHCND:US1RINW0007,2020-02-01T00:00:00,2020,02,89.6,",,,N"
Rhode Island,GHCND:US1RINW0011,2020-02-01T00:00:00,2020,02,86.4,"1,,,N"
Rhode Island,GHCND:US1RINW0016,2020-02-01T00:00:00,2020,02,100.1,",,,N"
Rhode Island,GHCND:US1RINW0017,2020-02-01T00:00:00,2020,02,91.1,",,,N"
Rhode Island,GHCND:US1RINW0018,2020-02-01T00:00:00,2020,02,87.4,",,,N"
Rhode Island,GHCND:US1RINW0019,2020-02-01T00:00:00,2020,02,89.7,",,,N"
Rhode Island,GHCND:US1RINW0020,2020-02-01T00:00:00,2020,02,89.1,",,,N"
Rhode Island,GHCND:US1RIPR0028,2020-02-01T00:00:00,2020,02,84.2,",,,N"
Rhode Island,GHCND:US1RIPR0033,2020-02-01T00:00:00,2020,02,81.5,",,,N"
Rhode Island,GHCND:US1RIPR0044,2020-02-01T00:00:00,2020,02,78.1,",,,N"
Rhode Island,GHCND:US1RIPR0045,2020-02-01T00:00:00,2020,02,86.3,",,,N"
Rhode Island,GHCND:US1RIPR0050,2020-02-01T00:00:00,2020,02,90.3,",,,N"
Rhode Island,GHCND:US1RIPR0051,2020-02-01T00:00:00,2020,02,84.0,",,,N"
Rhode Island,GHCND:US1RIPR0053,2020-02-01T00:00:00,2020,02,68.1,",,,N"
Rhode Island,GHCND:US1RIPR0055,2020-02-01T00:00:00,2020,02,74.9,",,,N"
Rhode Island,GHCND:US1RIPR0057,2020-02-01T00:00:00,2020,02,75.8,",,,N"
Rhode Island,GHCND:US1RIPR0059,2020-02-01T00:00:00,2020,02,91.1,"1,,,N"
Rhode Island,GHCND:US1RIPR0067,2020-02-01T00:00:00,2020,02,76.8,",,,N"
Rhode Island,GHCND:US1RIWS0001,2020-02-01T00:00:00,2020,02,83.0,",a,,N"
Rhode Island,GHCND:US1RIWS0026,2020-02-01T00:00:00,2020,02,97.1,",,,N"
Rhode Island,GHCND:US1RIWS0030,2020-02-01T00:00:00,2020,02,90.8,"1,,,N"
Rhode Island,GHCND:US1RIWS0031,2020-02-01T00:00:00,2020,02,87.2,",,,N"
Rhode Island,GHCND:US1RIWS0036,2020-02-01T00:00:00,2020,02,96.4,",,,N"
Rhode Island,GHCND:US1RIWS0037,2020-02-01T00:00:00,2020,02,88.2,",a,,N"
Rhode Island,GHCND:US1RIWS0042,2020-02-01T00:00:00,2020,02,84.7,",,,N"
Rhode Island,GHCND:US1RIWS0044,2020-02-01T00:00:00,2020,02,77.2,"3,,,N"
Rhode Island,GHCND:US1RIWS0045,2020-02-01T00:00:00,2020,02,89.1,",,,N"
Rhode Island,GHCND:US1RIWS0046,2020-02-01T00:00:00,2020,02,89.2,",,,N"
Rhode Island,GHCND:US1RIWS0047,2020-02-01T00:00:00,2020,02,50.8,",,,N"
Rhode Island,GHCND:US1RIWS0051,2020-02-01T00:00:00,2020,02,87.7,",,,N"
Rhode Island,GHCND:US1RIWS0052,2020-02-01T00:00:00,2020,02,95.2,",a,,N"
Rhode Island,GHCND:US1RIWS0054,2020-02-01T00:00:00,2020,02,99.1,",,,N"
Rhode Island,GHCND:US1RIWS0055,2020-02-01T00:00:00,2020,02,94.8,",,,N"
Rhode Island,GHCND:USC00370897,2020-02-01T00:00:00,2020,02,114.4,",,,7"
Rhode Island,GHCND:USC00371874,2020-02-01T00:00:00,2020,02,80.1,",a,,7"
Rhode Island,GHCND:USC00371875,2020-02-01T00:00:00,2020,02,83.6,",,,7"
Rhode Island,GHCND:USC00374266,2020-02-01T00:00:00,2020,02,87.5,",,,7"
Rhode Island,GHCND:USC00375270,2020-02-01T00:00:00,2020,02,84.6,",,,7"
Rhode Island,GHCND:USC00379423,2020-02-01T00:00:00,2020,02,86.9,",,,7"
Rhode Island,GHCND:USW00014765,2020-02-01T00:00:00,2020,02,81.6,",,,W"
Rhode Island,GHCND:USW00014787,2020-02-01T00:00:00,2020,02,83.9,",,,W"
Rhode Island,GHCND:USW00014794,2020-02-01T00:00:00,2020,02,66.9,"2,,,W"
Rhode Island,GHCND:USW00054796,2020-02-01T00:00:00,2020,02,89.3,",,,R"
Rhode Island,GHCND:USW00054797,2020-02-01T00:00:00,2020,02,87.5,",,,R"
Rhode Island,GHCND:US1RIBR0005,2020-03-01T00:00:00,2020,03,117.8,",,,N"
Rhode Island,GHCND:US1RIKN0002,2020-03-01T00:00:00,2020,03,103.5,",,,N"
Rhode Island,GHCND:US1RIKN0015,2020-03-01T00:00:00,2020,03,115.1,",a,,N"
Rhode Island,GHCND:US1RIKN0017,2020-03-01T00:00:00,2020,03,138.7,",,,N"
Rhode Island,GHCND:US1RIKN0021,2020-03-01T00:00:00,2020,03,114.5,",,,N"
Rhode Island,GHCND:US1RIKN0023,2020-03-01T00:00:00,2020,03,121.7,",,,N"
Rhode Island,GHCND:US1RINW0004,2020-03-01T00:00:00,2020,03,76.4,",,,N"
Rhode Island,GHCND:US1RINW0007,2020-03-01T00:00:00,2020,03,112.2,",,,N"
Rhode Island,GHCND:US1RINW0011,2020-03-01T00:00:00,2020,03,113.8,",,,N"
Rhode Island,GHCND:US1RINW0016,2020-03-01T00:00:00,2020,03,114.8,"1,,,N"
Rhode Island,GHCND:US1RINW0017,2020-03-01T00:00:00,2020,03,84.8,"2,,,N"
Rhode Island,GHCND:US1RINW0018,2020-03-01T00:00:00,2020,03,115.2,",,,N"
Rhode Island,GHCND:US1RINW0019,2020-03-01T00:00:00,2020,03,107.1,"1,,,N"
Rhode Island,GHCND:US1RINW0020,2020-03-01T00:00:00,2020,03,110.5,",,,N"
Rhode Island,GHCND:US1RIPR0028,2020-03-01T00:00:00,2020,03,120.8,",,,N"
Rhode Island,GHCND:US1RIPR0033,2020-03-01T00:00:00,2020,03,119.0,",,,N"
Rhode Island,GHCND:US1RIPR0045,2020-03-01T00:00:00,2020,03,129.9,",,,N"
Rhode Island,GHCND:US1RIPR0050,2020-03-01T00:00:00,2020,03,113.1,",,,N"
Rhode Island,GHCND:US1RIPR0051,2020-03-01T00:00:00,2020,03,125.2,",,,N"
Rhode Island,GHCND:US1RIPR0053,2020-03-01T00:00:00,2020,03,79.2,",,,N"
Rhode Island,GHCND:US1RIPR0055,2020-03-01T00:00:00,2020,03,113.8,",a,,N"
Rhode Island,GHCND:US1RIPR0057,2020-03-01T00:00:00,2020,03,120.0,",a,,N"
Rhode Island,GHCND:US1RIPR0059,2020-03-01T00:00:00,2020,03,132.9,"1,,,N"
Rhode Island,GHCND:US1RIPR0067,2020-03-01T00:00:00,2020,03,121.2,",,,N"
Rhode Island,GHCND:US1RIWS0001,2020-03-01T00:00:00,2020,03,128.4,",,,N"
Rhode Island,GHCND:US1RIWS0026,2020-03-01T00:00:00,2020,03,120.3,",,,N"
Rhode Island,GHCND:US1RIWS0030,2020-03-01T00:00:00,2020,03,121.1,"1,,,N"
Rhode Island,GHCND:US1RIWS0031,2020-03-01T00:00:00,2020,03,130.2,",,,N"
Rhode Island,GHCND:US1RIWS0036,2020-03-01T00:00:00,2020,03,136.1,",,,N"
Rhode Island,GHCND:US1RIWS0037,2020-03-01T00:00:00,2020,03,115.0,",,,N"
Rhode Island,GHCND:US1RIWS0042,2020-03-01T00:00:00,2020,03,126.3,",,,N"
Rhode Island,GHCND:US1RIWS0044,2020-03-01T00:00:00,2020,03,145.1,"3,a,,N"
Rhode Island,GHCND:US1RIWS0045,2020-03-01T00:00:00,2020,03,134.2,",,,N"
Rhode Island,GHCND:US1RIWS0046,2020-03-01T00:00:00,2020,03,124.6,",,,N"
Rhode Island,GHCND:US1RIWS0047,2020-03-01T00:00:00,2020,03,118.9,",,,N"
Rhode Island,GHCND:US1RIWS0050,2020-03-01T00:00:00,2020,03,149.0,"2,a,,N"
Rhode Island,GHCND:US1RIWS0052,2020-03-01T00:00:00,2020,03,138.3,"1,,,N"
Rhode Island,GHCND:US1RIWS0054,2020-03-01T00:00:00,2020,03,138.6,",,,N"
Rhode Island,GHCND:US1RIWS0055,2020-03-01T00:00:00,2020,03,141.6,",,,N"
Rhode Island,GHCND:USC00370897,2020-03-01T00:00:00,2020,03,117.2,",a,,7"
Rhode Island,GHCND:USC00371874,2020-03-01T00:00:00,2020,03,120.7,",a,,7"
Rhode Island,GHCND:USC00371875,2020-03-01T00:00:00,2020,03,135.0,",,,7"
Rhode Island,GHCND:USC00374266,2020-03-01T00:00:00,2020,03,149.4,",,,7"
Rhode Island,GHCND:USC00375270,2020-03-01T00:00:00,2020,03,112.1,",,,7"
Rhode Island,GHCND:USC00379423,2020-03-01T00:00:00,2020,03,95.5,"1,a,,7"
Rhode Island,GHCND:USW00014765,2020-03-01T00:00:00,2020,03,124.7,",,,W"
Rhode Island,GHCND:USW00014787,2020-03-01T00:00:00,2020,03,106.0,",,,W"
Rhode Island,GHCND:USW00014794,2020-03-01T00:00:00,2020,03,96.8,",,,W"
Rhode Island,GHCND:USW00054796,2020-03-01T00:00:00,2020,03,149.6,",,,R"
Rhode Island,GHCND:USW00054797,2020-03-01T00:00:00,2020,03,152.0,",,,R"
Rhode Island,GHCND:US1RIBR0005,2020-04-01T00:00:00,2020,04,126.6,",,,N"
Rhode Island,GHCND:US1RIBR0011,2020-04-01T00:00:00,2020,04,101.9,",,,N"
Rhode Island,GHCND:US1RIKN0002,2020-04-01T00:00:00,2020,04,135.1,",,,N"
Rhode Island,GHCND:US1RIKN0015,2020-04-01T00:00:00,2020,04,121.4,",,,N"
Rhode Island,GHCND:US1RIKN0017,2020-04-01T00:00:00,2020,04,136.2,",,,N"
Rhode Island,GHCND:US1RIKN0021,2020-04-01T00:00:00,2020,04,156.1,",,,N"
Rhode Island,GHCND:US1RIKN0023,2020-04-01T00:00:00,2020,04,136.5,"3,,,N"
Rhode Island,GHCND:US1RIKN0027,2020-04-01T00:00:00,2020,04,151.7,"4,,,N"
Rhode Island,GHCND:US1RIKN0031,2020-04-01T00:00:00,2020,04,145.7,",,,N"
Rhode Island,GHCND:US1RINW0004,2020-04-01T00:00:00,2020,04,102.4,",,,N"
Rhode Island,GHCND:US1RINW0005,2020-04-01T00:00:00,2020,04,107.9,",,,N"
Rhode Island,GHCND:US1RINW0007,2020-04-01T00:00:00,2020,04,111.1,",,,N"
Rhode Island,GHCND:US1RINW0011,2020-04-01T00:00:00,2020,04,141.3,",,,N"
Rhode Island,GHCND:US1RINW0016,2020-04-01T00:00:00,2020,04,131.6,",,,N"
Rhode Island,GHCND:US1RINW0017,2020-04-01T00:00:00,2020,04,112.0,"3,,,N"
Rhode Island,GHCND:US1RINW0018,2020-04-01T00:00:00,2020,04,102.5,",,,N"
Rhode Island,GHCND:US1RINW0019,2020-04-01T00:00:00,2020,04,110.0,"1,,,N"
Rhode Island,GHCND:US1RINW0020,2020-04-01T00:00:00,2020,04,125.1,",,,N"
Rhode Island,GHCND:US1RINW0028,2020-04-01T00:00:00,2020,04,107.6,",,,N"
Rhode Island,GHCND:US1RIPR0028,2020-04-01T00:00:00,2020,04,161.4,",,,N"
Rhode Island,GHCND:US1RIPR0033,2020-04-01T00:00:00,2020,04,179.5,",,,N"
Rhode Island,GHCND:US1RIPR0044,2020-04-01T00:00:00,2020,04,141.2,"1,,,N"
Rhode Island,GHCND:US1RIPR0045,2020-04-01T00:00:00,2020,04,165.1,",,,N"
Rhode Island,GHCND:US1RIPR0050,2020-04-01T00:00:00,2020,04,149.6,",,,N"
Rhode Island,GHCND:US1RIPR0051,2020-04-01T00:00:00,2020,04,169.7,",,,N"
Rhode Island,GHCND:US1RIPR0053,2020-04-01T00:00:00,2020,04,132.1,",,,N"
Rhode Island,GHCND:US1RIPR0055,2020-04-01T00:00:00,2020,04,147.2,"1,,,N"
Rhode Island,GHCND:US1RIPR0057,2020-04-01T00:00:00,2020,04,165.7,",,,N"
Rhode Island,GHCND:US1RIPR0059,2020-04-01T00:00:00,2020,04,170.9,",,,N"
Rhode Island,GHCND:US1RIPR0067,2020-04-01T00:00:00,2020,04,161.0,"1,,,N"
Rhode Island,GHCND:US1RIPR0071,2020-04-01T00:00:00,2020,04,148.2,",,,N"
Rhode Island,GHCND:US1RIPR0077,2020-04-01T00:00:00,2020,04,126.7,",,,N"
Rhode Island,GHCND:US1RIPR0082,2020-04-01T00:00:00,2020,04,142.8,"5,,,N"
Rhode Island,GHCND:US1RIPR0084,2020-04-01T00:00:00,2020,04,162.5,",,,N"
Rhode Island,GHCND:US1RIWS0001,2020-04-01T00:00:00,2020,04,125.2,",,,N"
Rhode Island,GHCND:US1RIWS0026,2020-04-01T00:00:00,2020,04,106.9,",,,N"
Rhode Island,GHCND:US1RIWS0030,2020-04-01T00:00:00,2020,04,120.2,",,,N"
Rhode Island,GHCND:US1RIWS0031,2020-04-01T00:00:00,2020,04,133.9,",,,N"
Rhode Island,GHCND:US1RIWS0036,2020-04-01T00:00:00,2020,04,108.4,",,,N"
Rhode Island,GHCND:US1RIWS0037,2020-04-01T00:00:00,2020,04,105.6,",,,N"
Rhode Island,GHCND:US1RIWS0042,2020-04-01T00:00:00,2020,04,138.2,",,,N"
Rhode Island,GHCND:US1RIWS0044,2020-04-01T00:00:00,2020,04,132.8,",,,N"
Rhode Island,GHCND:US1RIWS0045,2020-04-01T00:00:00,2020,04,126.7,",,,N"
Rhode Island,GHCND:US1RIWS0046,2020-04-01T00:00:00,2020,04,105.2,"1,a,,N"
Rhode Island,GHCND:US1RIWS0047,2020-04-01T00:00:00,2020,04,104.3,",,,N"
Rhode Island,GHCND:US1RIWS0050,2020-04-01T00:00:00,2020,04,154.8,"1,a,,N"
Rhode Island,GHCND:US1RIWS0051,2020-04-01T00:00:00,2020,04,128.1,"1,a,,N"
Rhode Island,GHCND:US1RIWS0052,2020-04-01T00:00:00,2020,04,124.1,"1,,,N"
Rhode Island,GHCND:US1RIWS0053,2020-04-01T00:00:00,2020,04,95.5,"1,a,,N"
Rhode Island,GHCND:US1RIWS0054,2020-04-01T00:00:00,2020,04,134.8,",,,N"
Rhode Island,GHCND:US1RIWS0055,2020-04-01T00:00:00,2020,04,125.9,",,,N"
Rhode Island,GHCND:US1RIWS0058,2020-04-01T00:00:00,2020,04,118.1,",,,N"
Rhode Island,GHCND:US1RIWS0061,2020-04-01T00:00:00,2020,04,139.3,"2,,,N"
Rhode Island,GHCND:USC00370897,2020-04-01T00:00:00,2020,04,91.3,",,,7"
Rhode Island,GHCND:USC00371874,2020-04-01T00:00:00,2020,04,171.8,",a,,7"
Rhode Island,GHCND:USC00371875,2020-04-01T00:00:00,2020,04,168.9,",,,7"
Rhode Island,GHCND:USC00374266,2020-04-01T00:00:00,2020,04,140.7,",,,7"
Rhode Island,GHCND:USC00375270,2020-04-01T00:00:00,2020,04,177.1,",,,7"
Rhode Island,GHCND:USC00379423,2020-04-01T00:00:00,2020,04,167.8,",a,,7"
Rhode Island,GHCND:USW00014765,2020-04-01T00:00:00,2020,04,138.5,",,,W"
Rhode Island,GHCND:USW00014787,2020-04-01T00:00:00,2020,04,120.1,",,,W"
Rhode Island,GHCND:USW00014794,2020-04-01T00:00:00,2020,04,94.9,",,,W"
Rhode Island,GHCND:USW00054796,2020-04-01T00:00:00,2020,04,132.2,",,,R"
Rhode Island,GHCND:USW00054797,2020-04-01T00:00:00,2020,04,131.0,",,,R"
Rhode Island,GHCND:US1RIBR0005,2020-05-01T00:00:00,2020,05,89.4,",,,N"
Rhode Island,GHCND:US1RIBR0011,2020-05-01T00:00:00,2020,05,71.1,",,,N"
Rhode Island,GHCND:US1RIKN0002,2020-05-01T00:00:00,2020,05,94.0,",,,N"
Rhode Island,GHCND:US1RIKN0015,2020-05-01T00:00:00,2020,05,93.2,",,,N"
Rhode Island,GHCND:US1RIKN0017,2020-05-01T00:00:00,2020,05,87.8,",,,N"
Rhode Island,GHCND:US1RIKN0021,2020-05-01T00:00:00,2020,05,94.7,",,,N"
Rhode Island,GHCND:US1RIKN0023,2020-05-01T00:00:00,2020,05,80.8,"2,,,N"
Rhode Island,GHCND:US1RIKN0027,2020-05-01T00:00:00,2020,05,89.0,"3,,,N"
Rhode Island,GHCND:US1RIKN0031,2020-05-01T00:00:00,2020,05,88.0,",,,N"
Rhode Island,GHCND:US1RINW0004,2020-05-01T00:00:00,2020,05,70.0,",,,N"
Rhode Island,GHCND:US1RINW0005,2020-05-01T00:00:00,2020,05,73.5,",,,N"
Rhode Island,GHCND:US1RINW0007,2020-05-01T00:00:00,2020,05,66.4,",,,N"
Rhode Island,GHCND:US1RINW0011,2020-05-01T00:00:00,2020,05,73.6,",,,N"
Rhode Island,GHCND:US1RINW0016,2020-05-01T00:00:00,2020,05,85.3,",,,N"
Rhode Island,GHCND:US1RINW0017,2020-05-01T00:00:00,2020,05,66.9,",,,N"
Rhode Island,GHCND:US1RINW0018,2020-05-01T00:00:00,2020,05,86.0,",,,N"
Rhode Island,GHCND:US1RINW0019,2020-05-01T00:00:00,2020,05,70.0,",,,N"
Rhode Island,GHCND:US1RINW0020,2020-05-01T00:00:00,2020,05,76.0,",,,N"
Rhode Island,GHCND:US1RINW0028,2020-05-01T00:00:00,2020,05,61.3,"4,,,N"
Rhode Island,GHCND:US1RIPR0028,2020-05-01T00:00:00,2020,05,77.6,",,,N"
Rhode Island,GHCND:US1RIPR0033,2020-05-01T00:00:00,2020,05,81.2,",,,N"
Rhode Island,GHCND:US1RIPR0044,2020-05-01T00:00:00,2020,05,72.1,"3,,,N"
Rhode Island,GHCND:US1RIPR0045,2020-05-01T00:00:00,2020,05,90.2,",,,N"
Rhode Island,GHCND:US1RIPR0050,2020-05-01T00:00:00,2020,05,84.6,",,,N"
Rhode Island,GHCND:US1RIPR0051,2020-05-01T00:00:00,2020,05,75.2,",,,N"
Rhode Island,GHCND:US1RIPR0053,2020-05-01T00:00:00,2020,05,68.9,",,,N"
Rhode Island,GHCND:US1RIPR0055,2020-05-01T00:00:00,2020,05,56.2,"1,,,N"
Rhode Island,GHCND:US1RIPR0057,2020-05-01T00:00:00,2020,05,91.5,",,,N"
Rhode Island,GHCND:US1RIPR0059,2020-05-01T00:00:00,2020,05,91.8,"1,,,N"
Rhode Island,GHCND:US1RIPR0067,2020-05-01T00:00:00,2020,05,76.8,",,,N"
Rhode Island,GHCND:US1RIPR0071,2020-05-01T00:00:00,2020,05,74.2,"2,,,N"
Rhode Island,GHCND:US1RIPR0077,2020-05-01T00:00:00,2020,05,78.6,"3,,,N"
Rhode Island,GHCND:US1RIPR0082,2020-05-01T00:00:00,2020,05,86.2,",,,N"
Rhode Island,GHCND:US1RIPR0084,2020-05-01T00:00:00,2020,05,84.8,",,,N"
Rhode Island,GHCND:US1RIPR0089,2020-05-01T00:00:00,2020,05,84.2,"2,,,N"
Rhode Island,GHCND:US1RIWS0001,2020-05-01T00:00:00,2020,05,80.3,"1,,,N"
Rhode Island,GHCND:US1RIWS0026,2020-05-01T00:00:00,2020,05,94.1,",,,N"
Rhode Island,GHCND:US1RIWS0030,2020-05-01T00:00:00,2020,05,96.1,",,,N"
Rhode Island,GHCND:US1RIWS0031,2020-05-01T00:00:00,2020,05,101.7,",,,N"
Rhode Island,GHCND:US1RIWS0036,2020-05-01T00:00:00,2020,05,93.6,",,,N"
Rhode Island,GHCND:US1RIWS0037,2020-05-01T00:00:00,2020,05,92.6,",,,N"
Rhode Island,GHCND:US1RIWS0042,2020-05-01T00:00:00,2020,05,103.9,",,,N"
Rhode Island,GHCND:US1RIWS0044,2020-05-01T00:00:00,2020,05,97.1,",,,N"
Rhode Island,GHCND:US1RIWS0045,2020-05-01T00:00:00,2020,05,112.9,",,,N"
Rhode Island,GHCND:US1RIWS0046,2020-05-01T00:00:00,2020,05,83.4,",,,N"
Rhode Island,GHCND:US1RIWS0047,2020-05-01T00:00:00,2020,05,98.7,",,,N"
Rhode Island,GHCND:US1RIWS0050,2020-05-01T00:00:00,2020,05,111.5,"1,a,,N"
Rhode Island,GHCND:US1RIWS0051,2020-05-01T00:00:00,2020,05,86.1,"1,a,,N"
Rhode Island,GHCND:US1RIWS0052,2020-05-01T00:00:00,2020,05,96.8,"4,,,N"
Rhode Island,GHCND:US1RIWS0054,2020-05-01T00:00:00,2020,05,98.3,",,,N"
Rhode Island,GHCND:US1RIWS0055,2020-05-01T00:00:00,2020,05,97.2,",,,N"
Rhode Island,GHCND:US1RIWS0058,2020-05-01T00:00:00,2020,05,95.1,"1,,,N"
Rhode Island,GHCND:US1RIWS0061,2020-05-01T00:00:00,2020,05,101.1,"3,,,N"
Rhode Island,GHCND:USC00371874,2020-05-01T00:00:00,2020,05,74.8,",a,,7"
Rhode Island,GHCND:USC00371875,2020-05-01T00:00:00,2020,05,107.7,",,,7"
Rhode Island,GHCND:USC00374266,2020-05-01T00:00:00,2020,05,94.1,"1,,,7"
Rhode Island,GHCND:USC00375270,2020-05-01T00:00:00,2020,05,80.6,"1,,,7"
Rhode Island,GHCND:USC00379423,2020-05-01T00:00:00,2020,05,82.9,",,,7"
Rhode Island,GHCND:USW00014765,2020-05-01T00:00:00,2020,05,75.6,",,,W"
Rhode Island,GHCND:USW00014787,2020-05-01T00:00:00,2020,05,68.3,",,,W"
Rhode Island,GHCND:USW00014794,2020-05-01T00:00:00,2020,05,80.5,",,,W"
Rhode Island,GHCND:USW00054796,2020-05-01T00:00:00,2020,05,87.9,",,,R"
Rhode Island,GHCND:USW00054797,2020-05-01T00:00:00,2020,05,89.1,",,,R"
Rhode Island,GHCND:US1RIBR0005,2020-06-01T00:00:00,2020,06,63.5,",,,N"
Rhode Island,GHCND:US1RIKN0002,2020-06-01T00:00:00,2020,06,81.3,",,,N"
Rhode Island,GHCND:US1RIKN0015,2020-06-01T00:00:00,2020,06,88.7,",,,N"
Rhode Island,GHCND:US1RIKN0017,2020-06-01T00:00:00,2020,06,58.7,",,,N"
Rhode Island,GHCND:US1RIKN0021,2020-06-01T00:00:00,2020,06,34.1,",,,N"
Rhode Island,GHCND:US1RIKN0023,2020-06-01T00:00:00,2020,06,55.4,",,,N"
Rhode Island,GHCND:US1RIKN0031,2020-06-01T00:00:00,2020,06,71.6,",,,N"
Rhode Island,GHCND:US1RINW0004,2020-06-01T00:00:00,2020,06,32.9,",,,N"
Rhode Island,GHCND:US1RINW0005,2020-06-01T00:00:00,2020,06,43.4,",,,N"
Rhode Island,GHCND:US1RINW0007,2020-06-01T00:00:00,2020,06,43.2,",,,N"
Rhode Island,GHCND:US1RINW0011,2020-06-01T00:00:00,2020,06,60.5,",,,N"
Rhode Island,GHCND:US1RINW0016,2020-06-01T00:00:00,2020,06,50.5,",,,N"
Rhode Island,GHCND:US1RINW0017,2020-06-01T00:00:00,2020,06,66.8,",,,N"
Rhode Island,GHCND:US1RINW0018,2020-06-01T00:00:00,2020,06,43.8,",a,,N"
Rhode Island,GHCND:US1RINW0019,2020-06-01T00:00:00,2020,06,41.4,"1,,,N"
Rhode Island,GHCND:US1RINW0020,2020-06-01T00:00:00,2020,06,62.5,",,,N"
Rhode Island,GHCND:US1RINW0023,2020-06-01T00:00:00,2020,06,53.8,",,,N"
Rhode Island,GHCND:US1RINW0027,2020-06-01T00:00:00,2020,06,29.9,",,,N"
Rhode Island,GHCND:US1RINW0028,2020-06-01T00:00:00,2020,06,38.5,"1,,,N"
Rhode Island,GHCND:US1RIPR0028,2020-06-01T00:00:00,2020,06,102.3,",,,N"
Rhode Island,GHCND:US1RIPR0033,2020-06-01T00:00:00,2020,06,72.6,",,,N"
Rhode Island,GHCND:US1RIPR0044,2020-06-01T00:00:00,2020,06,45.1,"1,,,N"
Rhode Island,GHCND:US1RIPR0045,2020-06-01T00:00:00,2020,06,93.2,",,,N"
Rhode Island,GHCND:US1RIPR0050,2020-06-01T00:00:00,2020,06,117.9,",,,N"
Rhode Island,GHCND:US1RIPR0051,2020-06-01T00:00:00,2020,06,98.4,",,,N"
Rhode Island,GHCND:US1RIPR0053,2020-06-01T00:00:00,2020,06,69.4,",,,N"
Rhode Island,GHCND:US1RIPR0055,2020-06-01T00:00:00,2020,06,129.0,",,,N"
Rhode Island,GHCND:US1RIPR0057,2020-06-01T00:00:00,2020,06,44.0,",,,N"
Rhode Island,GHCND:US1RIPR0059,2020-06-01T00:00:00,2020,06,110.0,"3,,,N"
Rhode Island,GHCND:US1RIPR0067,2020-06-01T00:00:00,2020,06,69.8,",,,N"
Rhode Island,GHCND:US1RIPR0071,2020-06-01T00:00:00,2020,06,56.5,",,,N"
Rhode Island,GHCND:US1RIPR0077,2020-06-01T00:00:00,2020,06,59.4,",,,N"
Rhode Island,GHCND:US1RIPR0082,2020-06-01T00:00:00,2020,06,66.9,",,,N"
Rhode Island,GHCND:US1RIPR0084,2020-06-01T00:00:00,2020,06,59.5,",,,N"
Rhode Island,GHCND:US1RIPR0089,2020-06-01T00:00:00,2020,06,137.4,"2,,,N"
Rhode Island,GHCND:US1RIWS0001,2020-06-01T00:00:00,2020,06,64.2,",,,N"
Rhode Island,GHCND:US1RIWS0026,2020-06-01T00:00:00,2020,06,70.0,"1,,,N"
Rhode Island,GHCND:US1RIWS0030,2020-06-01T00:00:00,2020,06,49.2,"4,,,N"
Rhode Island,GHCND:US1RIWS0031,2020-06-01T00:00:00,2020,06,69.4,",,,N"
Rhode Island,GHCND:US1RIWS0036,2020-06-01T00:00:00,2020,06,91.3,",,,N"
Rhode Island,GHCND:US1RIWS0037,2020-06-01T00:00:00,2020,06,41.3,",,,N"
Rhode Island,GHCND:US1RIWS0042,2020-06-01T00:00:00,2020,06,45.3,",,,N"
Rhode Island,GHCND:US1RIWS0044,2020-06-01T00:00:00,2020,06,58.7,"4,a,,N"
Rhode Island,GHCND:US1RIWS0046,2020-06-01T00:00:00,2020,06,95.3,",,,N"
Rhode Island,GHCND:US1RIWS0047,2020-06-01T00:00:00,2020,06,92.7,",,,N"
Rhode Island,GHCND:US1RIWS0050,2020-06-01T00:00:00,2020,06,81.0,",,,N"
Rhode Island,GHCND:US1RIWS0051,2020-06-01T00:00:00,2020,06,59.7,"2,a,,N"
Rhode Island,GHCND:US1RIWS0052,2020-06-01T00:00:00,2020,06,43.5,"1,,,N"
Rhode Island,GHCND:US1RIWS0053,2020-06-01T00:00:00,2020,06,69.8,"2,a,,N"
Rhode Island,GHCND:US1RIWS0054,2020-06-01T00:00:00,2020,06,72.5,",a,,N"
Rhode Island,GHCND:US1RIWS0055,2020-06-01T00:00:00,2020,06,43.4,"1,,,N"
Rhode Island,GHCND:US1RIWS0058,2020-06-01T00:00:00,2020,06,43.5,",,,N"
Rhode Island,GHCND:US1RIWS0061,2020-06-01T00:00:00,2020,06,67.2,",,,N"
Rhode Island,GHCND:US1RIWS0062,2020-06-01T00:00:00,2020,06,50.7,"4,,,N"
Rhode Island,GHCND:USC00370897,2020-06-01T00:00:00,2020,06,61.7,",,,7"
Rhode Island,GHCND:USC00371874,2020-06-01T00:00:00,2020,06,32.5,",a,,7"
Rhode Island,GHCND:USC00371875,2020-06-01T00:00:00,2020,06,40.6,",,,7"
Rhode Island,GHCND:USC00374266,2020-06-01T00:00:00,2020,06,54.4,",,,7"
Rhode Island,GHCND:USC00375270,2020-06-01T00:00:00,2020,06,67.1,",,,7"
Rhode Island,GHCND:USC00379423,2020-06-01T00:00:00,2020,06,111.2,",,,7"
Rhode Island,GHCND:USW00014765,2020-06-01T00:00:00,2020,06,66.3,",,,W"
Rhode Island,GHCND:USW00014787,2020-06-01T00:00:00,2020,06,40.7,",,,W"
Rhode Island,GHCND:USW00014794,2020-06-01T00:00:00,2020,06,86.1,",,,W"
Rhode Island,GHCND:USW00054796,2020-06-01T00:00:00,2020,06,54.2,",,,R"
Rhode Island,GHCND:USW00054797,2020-06-01T00:00:00,2020,06,45.4,",,,R"
Rhode Island,GHCND:US1RIBR0011,2020-07-01T00:00:00,2020,07,8.3,"5,,,N"
Rhode Island,GHCND:US1RIKN0002,2020-07-01T00:00:00,2020,07,50.1,",,,N"
Rhode Island,GHCND:US1RIKN0014,2020-07-01T00:00:00,2020,07,39.3,",,,N"
Rhode Island,GHCND:US1RIKN0015,2020-07-01T00:00:00,2020,07,70.7,",,,N"
Rhode Island,GHCND:US1RIKN0017,2020-07-01T00:00:00,2020,07,43.6,",,,N"
Rhode Island,GHCND:US1RIKN0021,2020-07-01T00:00:00,2020,07,34.9,",,,N"
Rhode Island,GHCND:US1RIKN0023,2020-07-01T00:00:00,2020,07,42.5,",,,N"
Rhode Island,GHCND:US1RIKN0031,2020-07-01T00:00:00,2020,07,42.1,",,,N"
Rhode Island,GHCND:US1RINW0004,2020-07-01T00:00:00,2020,07,50.4,",,,N"
Rhode Island,GHCND:US1RINW0005,2020-07-01T00:00:00,2020,07,25.6,",,,N"
Rhode Island,GHCND:US1RINW0007,2020-07-01T00:00:00,2020,07,21.5,",,,N"
Rhode Island,GHCND:US1RINW0011,2020-07-01T00:00:00,2020,07,29.5,"1,,,N"
Rhode Island,GHCND:US1RINW0016,2020-07-01T00:00:00,2020,07,22.5,",,,N"
Rhode Island,GHCND:US1RINW0017,2020-07-01T00:00:00,2020,07,15.6,",,,N"
Rhode Island,GHCND:US1RINW0018,2020-07-01T00:00:00,2020,07,47.2,",,,N"
Rhode Island,GHCND:US1RINW0019,2020-07-01T00:00:00,2020,07,20.5,",,,N"
Rhode Island,GHCND:US1RINW0020,2020-07-01T00:00:00,2020,07,33.4,"1,,,N"
Rhode Island,GHCND:US1RINW0023,2020-07-01T00:00:00,2020,07,21.5,"1,,,N"
Rhode Island,GHCND:US1RINW0027,2020-07-01T00:00:00,2020,07,42.9,",,,N"
Rhode Island,GHCND:US1RINW0028,2020-07-01T00:00:00,2020,07,18.2,"2,,,N"
Rhode Island,GHCND:US1RIPR0028,2020-07-01T00:00:00,2020,07,61.5,",,,N"
Rhode Island,GHCND:US1RIPR0033,2020-07-01T00:00:00,2020,07,48.4,",,,N"
Rhode Island,GHCND:US1RIPR0044,2020-07-01T00:00:00,2020,07,54.4,"2,,,N"
Rhode Island,GHCND:US1RIPR0045,2020-07-01T00:00:00,2020,07,57.8,",,,N"
Rhode Island,GHCND:US1RIPR0050,2020-07-01T00:00:00,2020,07,53.9,",,,N"
Rhode Island,GHCND:US1RIPR0051,2020-07-01T00:00:00,2020,07,51.0,",,,N"
Rhode Island,GHCND:US1RIPR0053,2020-07-01T00:00:00,2020,07,52.0,",,,N"
Rhode Island,GHCND:US1RIPR0055,2020-07-01T00:00:00,2020,07,28.4,",,,N"
Rhode Island,GHCND:US1RIPR0057,2020-07-01T00:00:00,2020,07,60.7,",a,,N"
Rhode Island,GHCND:US1RIPR0059,2020-07-01T00:00:00,2020,07,41.9,"2,,,N"
Rhode Island,GHCND:US1RIPR0067,2020-07-01T00:00:00,2020,07,47.3,",,,N"
Rhode Island,GHCND:US1RIPR0071,2020-07-01T00:00:00,2020,07,51.0,",,,N"
Rhode Island,GHCND:US1RIPR0077,2020-07-01T00:00:00,2020,07,40.9,",,,N"
Rhode Island,GHCND:US1RIPR0082,2020-07-01T00:00:00,2020,07,62.6,",,,N"
Rhode Island,GHCND:US1RIPR0084,2020-07-01T00:00:00,2020,07,45.9,",a,,N"
Rhode Island,GHCND:US1RIPR0089,2020-07-01T00:00:00,2020,07,70.5,",,,N"
Rhode Island,GHCND:US1RIWS0001,2020-07-01T00:00:00,2020,07,36.0,"1,,,N"
Rhode Island,GHCND:US1RIWS0026,2020-07-01T00:00:00,2020,07,37.9,"4,,,N"
Rhode Island,GHCND:US1RIWS0030,2020-07-01T00:00:00,2020,07,24.9,",,,N"
Rhode Island,GHCND:US1RIWS0031,2020-07-01T00:00:00,2020,07,89.5,",,,N"
Rhode Island,GHCND:US1RIWS0036,2020-07-01T00:00:00,2020,07,39.3,",,,N"
Rhode Island,GHCND:US1RIWS0037,2020-07-01T00:00:00,2020,07,70.5,",,,N"
Rhode Island,GHCND:US1RIWS0042,2020-07-01T00:00:00,2020,07,27.5,",,,N"
Rhode Island,GHCND:US1RIWS0044,2020-07-01T00:00:00,2020,07,70.3,"1,a,,N"
Rhode Island,GHCND:US1RIWS0045,2020-07-01T00:00:00,2020,07,54.1,"1,,,N"
Rhode Island,GHCND:US1RIWS0046,2020-07-01T00:00:00,2020,07,28.6,",a,,N"
Rhode Island,GHCND:US1RIWS0047,2020-07-01T00:00:00,2020,07,24.0,",,,N"
Rhode Island,GHCND:US1RIWS0050,2020-07-01T00:00:00,2020,07,59.5,"1,,,N"
Rhode Island,GHCND:US1RIWS0051,2020-07-01T00:00:00,2020,07,25.7,",,,N"
Rhode Island,GHCND:US1RIWS0052,2020-07-01T00:00:00,2020,07,66.7,"1,,,N"
Rhode Island,GHCND:US1RIWS0054,2020-07-01T00:00:00,2020,07,82.1,",,,N"
Rhode Island,GHCND:US1RIWS0055,2020-07-01T00:00:00,2020,07,61.5,",,,N"
Rhode Island,GHCND:US1RIWS0058,2020-07-01T00:00:00,2020,07,74.1,",,,N"
Rhode Island,GHCND:US1RIWS0064,2020-07-01T00:00:00,2020,07,51.1,",,,N"
Rhode Island,GHCND:USC00370897,2020-07-01T00:00:00,2020,07,16.6,",,,7"
Rhode Island,GHCND:USC00371874,2020-07-01T00:00:00,2020,07,58.2,",a,,7"
Rhode Island,GHCND:USC00371875,2020-07-01T00:00:00,2020,07,48.6,",,,7"
Rhode Island,GHCND:USC00374266,2020-07-01T00:00:00,2020,07,56.0,",,,7"
Rhode Island,GHCND:USC00375270,2020-07-01T00:00:00,2020,07,22.3,",,,7"
Rhode Island,GHCND:USC00379423,2020-07-01T00:00:00,2020,07,63.6,",,,7"
Rhode Island,GHCND:USW00014765,2020-07-01T00:00:00,2020,07,42.4,",,,W"
Rhode Island,GHCND:USW00014787,2020-07-01T00:00:00,2020,07,52.5,",,,W"
Rhode Island,GHCND:USW00014794,2020-07-01T00:00:00,2020,07,24.9,",,,W"
Rhode Island,GHCND:USW00054796,2020-07-01T00:00:00,2020,07,50.3,",,,R"
Rhode Island,GHCND:USW00054797,2020-07-01T00:00:00,2020,07,65.3,",,,R"
Rhode Island,GHCND:US1RIBR0005,2020-08-01T00:00:00,2020,08,33.8,",,,N"
Rhode Island,GHCND:US1RIKN0002,2020-08-01T00:00:00,2020,08,35.6,",,,N"
Rhode Island,GHCND:US1RIKN0014,2020-08-01T00:00:00,2020,08,53.6,",,,N"
Rhode Island,GHCND:US1RIKN0015,2020-08-01T00:00:00,2020,08,26.5,",a,,N"
Rhode Island,GHCND:US1RIKN0017,2020-08-01T00:00:00,2020,08,43.5,",,,N"
Rhode Island,GHCND:US1RIKN0021,2020-08-01T00:00:00,2020,08,57.2,",,,N"
Rhode Island,GHCND:US1RIKN0023,2020-08-01T00:00:00,2020,08,36.7,",,,N"
Rhode Island,GHCND:US1RIKN0031,2020-08-01T00:00:00,2020,08,33.6,",,,N"
Rhode Island,GHCND:US1RINW0004,2020-08-01T00:00:00,2020,08,29.0,",,,N"
Rhode Island,GHCND:US1RINW0005,2020-08-01T00:00:00,2020,08,55.6,",,,N"
Rhode Island,GHCND:US1RINW0007,2020-08-01T00:00:00,2020,08,39.9,",,,N"
Rhode Island,GHCND:US1RINW0011,2020-08-01T00:00:00,2020,08,50.7,"1,,,N"
Rhode Island,GHCND:US1RINW0016,2020-08-01T00:00:00,2020,08,35.8,",,,N"
Rhode Island,GHCND:US1RINW0017,2020-08-01T00:00:00,2020,08,39.9,"1,,,N"
Rhode Island,GHCND:US1RINW0018,2020-08-01T00:00:00,2020,08,47.8,",,,N"
Rhode Island,GHCND:US1RINW0019,2020-08-01T00:00:00,2020,08,39.4,",,,N"
Rhode Island,GHCND:US1RINW0020,2020-08-01T00:00:00,2020,08,50.7,",,,N"
Rhode Island,GHCND:US1RINW0023,2020-08-01T00:00:00,2020,08,35.0,"2,,,N"
Rhode Island,GHCND:US1RINW0027,2020-08-01T00:00:00,2020,08,36.2,",,,N"
Rhode Island,GHCND:US1RINW0028,2020-08-01T00:00:00,2020,08,36.1,",,,N"
Rhode Island,GHCND:US1RIPR0028,2020-08-01T00:00:00,2020,08,57.7,",,,N"
Rhode Island,GHCND:US1RIPR0033,2020-08-01T00:00:00,2020,08,40.4,",,,N"
Rhode Island,GHCND:US1RIPR0044,2020-08-01T00:00:00,2020,08,41.8,"3,a,,N"
Rhode Island,GHCND:US1RIPR0045,2020-08-01T00:00:00,2020,08,64.5,",,,N"
Rhode Island,GHCND:US1RIPR0050,2020-08-01T00:00:00,2020,08,61.0,",,,N"
Rhode Island,GHCND:US1RIPR0051,2020-08-01T00:00:00,2020,08,62.2,",,,N"
Rhode Island,GHCND:US1RIPR0053,2020-08-01T00:00:00,2020,08,32.2,",,,N"
Rhode Island,GHCND:US1RIPR0055,2020-08-01T00:00:00,2020,08,67.9,",,,N"
Rhode Island,GHCND:US1RIPR0057,2020-08-01T00:00:00,2020,08,55.7,",,,N"
Rhode Island,GHCND:US1RIPR0059,2020-08-01T00:00:00,2020,08,64.2,",,,N"
Rhode Island,GHCND:US1RIPR0067,2020-08-01T00:00:00,2020,08,34.6,",,,N"
Rhode Island,GHCND:US1RIPR0071,2020-08-01T00:00:00,2020,08,45.1,",,,N"
Rhode Island,GHCND:US1RIPR0077,2020-08-01T00:00:00,2020,08,33.3,"1,,,N"
Rhode Island,GHCND:US1RIPR0082,2020-08-01T00:00:00,2020,08,40.7,",,,N"
Rhode Island,GHCND:US1RIPR0089,2020-08-01T00:00:00,2020,08,49.6,",,,N"
Rhode Island,GHCND:US1RIWS0001,2020-08-01T00:00:00,2020,08,34.6,"1,,,N"
Rhode Island,GHCND:US1RIWS0026,2020-08-01T00:00:00,2020,08,37.2,",,,N"
Rhode Island,GHCND:US1RIWS0030,2020-08-01T00:00:00,2020,08,34.5,",,,N"
Rhode Island,GHCND:US1RIWS0031,2020-08-01T00:00:00,2020,08,39.2,",a,,N"
Rhode Island,GHCND:US1RIWS0036,2020-08-01T00:00:00,2020,08,45.5,",,,N"
Rhode Island,GHCND:US1RIWS0037,2020-08-01T00:00:00,2020,08,36.3,",,,N"
Rhode Island,GHCND:US1RIWS0042,2020-08-01T00:00:00,2020,08,39.9,",,,N"
Rhode Island,GHCND:US1RIWS0044,2020-08-01T00:00:00,2020,08,32.3,",a,,N"
Rhode Island,GHCND:US1RIWS0046,2020-08-01T00:00:00,2020,08,34.0,"1,,,N"
Rhode Island,GHCND:US1RIWS0047,2020-08-01T00:00:00,2020,08,36.4,",,,N"
Rhode Island,GHCND:US1RIWS0050,2020-08-01T00:00:00,2020,08,53.3,"2,a,,N"
Rhode Island,GHCND:US1RIWS0051,2020-08-01T00:00:00,2020,08,32.4,"5,,,N"
Rhode Island,GHCND:US1RIWS0052,2020-08-01T00:00:00,2020,08,40.0,"1,,,N"
Rhode Island,GHCND:US1RIWS0053,2020-08-01T00:00:00,2020,08,41.5,"2,a,,N"
Rhode Island,GHCND:US1RIWS0054,2020-08-01T00:00:00,2020,08,36.2,",a,,N"
Rhode Island,GHCND:US1RIWS0055,2020-08-01T00:00:00,2020,08,36.5,",,,N"
Rhode Island,GHCND:US1RIWS0058,2020-08-01T00:00:00,2020,08,33.5,"1,,,N"
Rhode Island,GHCND:US1RIWS0061,2020-08-01T00:00:00,2020,08,31.7,"5,,,N"
Rhode Island,GHCND:US1RIWS0064,2020-08-01T00:00:00,2020,08,52.3,",,,N"
Rhode Island,GHCND:USC00370897,2020-08-01T00:00:00,2020,08,75.6,",,,7"
Rhode Island,GHCND:USC00371874,2020-08-01T00:00:00,2020,08,40.6,",,,7"
Rhode Island,GHCND:USC00371875,2020-08-01T00:00:00,2020,08,56.0,",,,7"
Rhode Island,GHCND:USC00374266,2020-08-01T00:00:00,2020,08,33.6,",,,7"
Rhode Island,GHCND:USC00375270,2020-08-01T00:00:00,2020,08,52.2,",,,7"
Rhode Island,GHCND:USC00379423,2020-08-01T00:00:00,2020,08,61.4,",,,7"
Rhode Island,GHCND:USW00014765,2020-08-01T00:00:00,2020,08,43.5,",,,W"
Rhode Island,GHCND:USW00014787,2020-08-01T00:00:00,2020,08,31.0,",,,W"
Rhode Island,GHCND:USW00014794,2020-08-01T00:00:00,2020,08,31.7,",,,W"
Rhode Island,GHCND:USW00054796,2020-08-01T00:00:00,2020,08,28.7,",,,R"
Rhode Island,GHCND:USW00054797,2020-08-01T00:00:00,2020,08,30.1,",,,R"
Rhode Island,GHCND:US1RIBR0011,2020-09-01T00:00:00,2020,09,26.9,",,,N"
Rhode Island,GHCND:US1RIKN0002,2020-09-01T00:00:00,2020,09,36.1,",,,N"
Rhode Island,GHCND:US1RIKN0014,2020-09-01T00:00:00,2020,09,31.8,",,,N"
Rhode Island,GHCND:US1RIKN0015,2020-09-01T00:00:00,2020,09,27.5,",,,N"
Rhode Island,GHCND:US1RIKN0021,2020-09-01T00:00:00,2020,09,34.9,",,,N"
Rhode Island,GHCND:US1RIKN0023,2020-09-01T00:00:00,2020,09,32.0,",,,N"
Rhode Island,GHCND:US1RIKN0031,2020-09-01T00:00:00,2020,09,25.8,",,,N"
Rhode Island,GHCND:US1RINW0004,2020-09-01T00:00:00,2020,09,19.6,",,,N"
Rhode Island,GHCND:US1RINW0005,2020-09-01T00:00:00,2020,09,21.9,",,,N"
Rhode Island,GHCND:US1RINW0007,2020-09-01T00:00:00,2020,09,24.6,",,,N"
Rhode Island,GHCND:US1RINW0016,2020-09-01T00:00:00,2020,09,31.5,",,,N"
Rhode Island,GHCND:US1RINW0017,2020-09-01T00:00:00,2020,09,19.6,",,,N"
Rhode Island,GHCND:US1RINW0018,2020-09-01T00:00:00,2020,09,35.1,",,,N"
Rhode Island,GHCND:US1RINW0019,2020-09-01T00:00:00,2020,09,23.2,",,,N"
Rhode Island,GHCND:US1RINW0020,2020-09-01T00:00:00,2020,09,24.1,",,,N"
Rhode Island,GHCND:US1RINW0023,2020-09-01T00:00:00,2020,09,23.3,"2,,,N"
Rhode Island,GHCND:US1RINW0027,2020-09-01T00:00:00,2020,09,34.8,",,,N"
Rhode Island,GHCND:US1RINW0028,2020-09-01T00:00:00,2020,09,19.8,",,,N"
Rhode Island,GHCND:US1RIPR0028,2020-09-01T00:00:00,2020,09,22.7,",,,N"
Rhode Island,GHCND:US1RIPR0033,2020-09-01T00:00:00,2020,09,32.8,",,,N"
Rhode Island,GHCND:US1RIPR0044,2020-09-01T00:00:00,2020,09,39.7,"2,,,N"
Rhode Island,GHCND:US1RIPR0045,2020-09-01T00:00:00,2020,09,27.0,",,,N"
Rhode Island,GHCND:US1RIPR0050,2020-09-01T00:00:00,2020,09,28.5,",,,N"
Rhode Island,GHCND:US1RIPR0051,2020-09-01T00:00:00,2020,09,24.3,",,,N"
Rhode Island,GHCND:US1RIPR0053,2020-09-01T00:00:00,2020,09,24.7,",,,N"
Rhode Island,GHCND:US1RIPR0055,2020-09-01T00:00:00,2020,09,26.2,",,,N"
Rhode Island,GHCND:US1RIPR0057,2020-09-01T00:00:00,2020,09,30.9,",,,N"
Rhode Island,GHCND:US1RIPR0059,2020-09-01T00:00:00,2020,09,23.2,"3,,,N"
Rhode Island,GHCND:US1RIPR0067,2020-09-01T00:00:00,2020,09,30.0,",,,N"
Rhode Island,GHCND:US1RIPR0071,2020-09-01T00:00:00,2020,09,30.5,"1,,,N"
Rhode Island,GHCND:US1RIPR0082,2020-09-01T00:00:00,2020,09,26.8,",,,N"
Rhode Island,GHCND:US1RIPR0084,2020-09-01T00:00:00,2020,09,27.0,",,,N"
Rhode Island,GHCND:US1RIPR0089,2020-09-01T00:00:00,2020,09,25.8,",,,N"
Rhode Island,GHCND:US1RIWS0001,2020-09-01T00:00:00,2020,09,21.9,",,,N"
Rhode Island,GHCND:US1RIWS0026,2020-09-01T00:00:00,2020,09,27.1,",,,N"
Rhode Island,GHCND:US1RIWS0030,2020-09-01T00:00:00,2020,09,22.6,"1,,,N"
Rhode Island,GHCND:US1RIWS0031,2020-09-01T00:00:00,2020,09,32.5,",,,N"
Rhode Island,GHCND:US1RIWS0036,2020-09-01T00:00:00,2020,09,30.2,",,,N"
Rhode Island,GHCND:US1RIWS0037,2020-09-01T00:00:00,2020,09,27.3,",,,N"
Rhode Island,GHCND:US1RIWS0042,2020-09-01T00:00:00,2020,09,29.9,",,,N"
Rhode Island,GHCND:US1RIWS0045,2020-09-01T00:00:00,2020,09,28.8,",a,,N"
Rhode Island,GHCND:US1RIWS0046,2020-09-01T00:00:00,2020,09,31.0,",a,,N"
Rhode Island,GHCND:US1RIWS0047,2020-09-01T00:00:00,2020,09,25.1,",,,N"
Rhode Island,GHCND:US1RIWS0050,2020-09-01T00:00:00,2020,09,31.2,"1,a,,N"
Rhode Island,GHCND:US1RIWS0051,2020-09-01T00:00:00,2020,09,20.9,"3,a,,N"
Rhode Island,GHCND:US1RIWS0052,2020-09-01T00:00:00,2020,09,30.8,",,,N"
Rhode Island,GHCND:US1RIWS0054,2020-09-01T00:00:00,2020,09,27.2,",,,N"
Rhode Island,GHCND:US1RIWS0055,2020-09-01T00:00:00,2020,09,27.4,",,,N"
Rhode Island,GHCND:US1RIWS0058,2020-09-01T00:00:00,2020,09,24.4,"1,,,N"
Rhode Island,GHCND:US1RIWS0064,2020-09-01T00:00:00,2020,09,29.5,"1,,,N"
Rhode Island,GHCND:USC00370897,2020-09-01T00:00:00,2020,09,43.2,",,,7"
Rhode Island,GHCND:USC00371874,2020-09-01T00:00:00,2020,09,19.1,"2,,,7"
Rhode Island,GHCND:USC00371875,2020-09-01T00:00:00,2020,09,35.7,",,,7"
Rhode Island,GHCND:USC00374266,2020-09-01T00:00:00,2020,09,27.0,",,,7"
Rhode Island,GHCND:USC00375270,2020-09-01T00:00:00,2020,09,35.2,",,,7"
Rhode Island,GHCND:USC00379423,2020-09-01T00:00:00,2020,09,31.2,",,,7"
Rhode Island,GHCND:USW00014765,2020-09-01T00:00:00,2020,09,30.5,",,,W"
Rhode Island,GHCND:USW00014787,2020-09-01T00:00:00,2020,09,28.4,",,,W"
Rhode Island,GHCND:USW00014794,2020-09-01T00:00:00,2020,09,23.6,",,,W"
Rhode Island,GHCND:USW00054796,2020-09-01T00:00:00,2020,09,23.9,",,,R"
Rhode Island,GHCND:USW00054797,2020-09-01T00:00:00,2020,09,27.2,",,,R"
Rhode Island,GHCND:US1RIBR0005,2020-10-01T00:00:00,2020,10,143.8,",,,N"
Rhode Island,GHCND:US1RIBR0011,2020-10-01T00:00:00,2020,10,148.7,",,,N"
Rhode Island,GHCND:US1RIKN0002,2020-10-01T00:00:00,2020,10,171.9,",,,N"
Rhode Island,GHCND:US1RIKN0014,2020-10-01T00:00:00,2020,10,145.6,",,,N"
Rhode Island,GHCND:US1RIKN0015,2020-10-01T00:00:00,2020,10,145.9,",,,N"
Rhode Island,GHCND:US1RIKN0017,2020-10-01T00:00:00,2020,10,180.4,",a,,N"
Rhode Island,GHCND:US1RIKN0021,2020-10-01T00:00:00,2020,10,164.8,",,,N"
Rhode Island,GHCND:US1RIKN0023,2020-10-01T00:00:00,2020,10,151.2,",,,N"
Rhode Island,GHCND:US1RIKN0031,2020-10-01T00:00:00,2020,10,152.4,",,,N"
Rhode Island,GHCND:US1RINW0004,2020-10-01T00:00:00,2020,10,104.0,",,,N"
Rhode Island,GHCND:US1RINW0005,2020-10-01T00:00:00,2020,10,156.5,",,,N"
Rhode Island,GHCND:US1RINW0007,2020-10-01T00:00:00,2020,10,156.8,",,,N"
Rhode Island,GHCND:US1RINW0011,2020-10-01T00:00:00,2020,10,164.1,",,,N"
Rhode Island,GHCND:US1RINW0016,2020-10-01T00:00:00,2020,10,145.6,",,,N"
Rhode Island,GHCND:US1RINW0017,2020-10-01T00:00:00,2020,10,146.2,",,,N"
Rhode Island,GHCND:US1RINW0018,2020-10-01T00:00:00,2020,10,148.4,",,,N"
Rhode Island,GHCND:US1RINW0019,2020-10-01T00:00:00,2020,10,146.9,"2,,,N"
Rhode Island,GHCND:US1RINW0020,2020-10-01T00:00:00,2020,10,160.3,",,,N"
Rhode Island,GHCND:US1RINW0023,2020-10-01T00:00:00,2020,10,142.2,",,,N"
Rhode Island,GHCND:US1RINW0027,2020-10-01T00:00:00,2020,10,126.1,",,,N"
Rhode Island,GHCND:US1RINW0028,2020-10-01T00:00:00,2020,10,136.1,",,,N"
Rhode Island,GHCND:US1RIPR0028,2020-10-01T00:00:00,2020,10,153.1,",,,N"
Rhode Island,GHCND:US1RIPR0033,2020-10-01T00:00:00,2020,10,147.3,",,,N"
Rhode Island,GHCND:US1RIPR0044,2020-10-01T00:00:00,2020,10,155.6,",,,N"
Rhode Island,GHCND:US1RIPR0045,2020-10-01T00:00:00,2020,10,127.3,"1,,,N"
Rhode Island,GHCND:US1RIPR0050,2020-10-01T00:00:00,2020,10,138.7,",,,N"
Rhode Island,GHCND:US1RIPR0051,2020-10-01T00:00:00,2020,10,158.8,",,,N"
Rhode Island,GHCND:US1RIPR0053,2020-10-01T00:00:00,2020,10,111.8,",,,N"
Rhode Island,GHCND:US1RIPR0055,2020-10-01T00:00:00,2020,10,125.1,",,,N"
Rhode Island,GHCND:US1RIPR0057,2020-10-01T00:00:00,2020,10,165.3,",a,,N"
Rhode Island,GHCND:US1RIPR0059,2020-10-01T00:00:00,2020,10,128.0,",,,N"
Rhode Island,GHCND:US1RIPR0067,2020-10-01T00:00:00,2020,10,131.2,",,,N"
Rhode Island,GHCND:US1RIPR0071,2020-10-01T00:00:00,2020,10,139.9,",,,N"
Rhode Island,GHCND:US1RIPR0077,2020-10-01T00:00:00,2020,10,132.7,",,,N"
Rhode Island,GHCND:US1RIPR0082,2020-10-01T00:00:00,2020,10,142.2,",,,N"
Rhode Island,GHCND:US1RIPR0084,2020-10-01T00:00:00,2020,10,132.7,",,,N"
Rhode Island,GHCND:US1RIPR0089,2020-10-01T00:00:00,2020,10,142.7,",,,N"
Rhode Island,GHCND:US1RIWS0001,2020-10-01T00:00:00,2020,10,156.2,",,,N"
Rhode Island,GHCND:US1RIWS0026,2020-10-01T00:00:00,2020,10,163.5,",,,N"
Rhode Island,GHCND:US1RIWS0030,2020-10-01T00:00:00,2020,10,139.4,",,,N"
Rhode Island,GHCND:US1RIWS0031,2020-10-01T00:00:00,2020,10,177.5,",,,N"
Rhode Island,GHCND:US1RIWS0036,2020-10-01T00:00:00,2020,10,157.2,",,,N"
Rhode Island,GHCND:US1RIWS0037,2020-10-01T00:00:00,2020,10,150.5,",,,N"
Rhode Island,GHCND:US1RIWS0042,2020-10-01T00:00:00,2020,10,157.1,",,,N"
Rhode Island,GHCND:US1RIWS0044,2020-10-01T00:00:00,2020,10,171.8,",a,,N"
Rhode Island,GHCND:US1RIWS0045,2020-10-01T00:00:00,2020,10,163.9,"1,,,N"
Rhode Island,GHCND:US1RIWS0046,2020-10-01T00:00:00,2020,10,146.4,"3,,,N"
Rhode Island,GHCND:US1RIWS0047,2020-10-01T00:00:00,2020,10,150.5,",,,N"
Rhode Island,GHCND:US1RIWS0051,2020-10-01T00:00:00,2020,10,149.6,",,,N"
Rhode Island,GHCND:US1RIWS0052,2020-10-01T00:00:00,2020,10,164.9,"1,,,N"
Rhode Island,GHCND:US1RIWS0053,2020-10-01T00:00:00,2020,10,118.9,"5,a,,N"
Rhode Island,GHCND:US1RIWS0054,2020-10-01T00:00:00,2020,10,189.1,",,,N"
Rhode Island,GHCND:US1RIWS0055,2020-10-01T00:00:00,2020,10,170.4,",,,N"
Rhode Island,GHCND:US1RIWS0058,2020-10-01T00:00:00,2020,10,172.2,"2,,,N"
Rhode Island,GHCND:US1RIWS0064,2020-10-01T00:00:00,2020,10,157.8,",,,N"
Rhode Island,GHCND:US1RIWS0066,2020-10-01T00:00:00,2020,10,178.5,",,,N"
Rhode Island,GHCND:USC00370897,2020-10-01T00:00:00,2020,10,171.5,",,,7"
Rhode Island,GHCND:USC00371874,2020-10-01T00:00:00,2020,10,135.5,"2,,,7"
Rhode Island,GHCND:USC00371875,2020-10-01T00:00:00,2020,10,165.8,",,,7"
Rhode Island,GHCND:USC00374266,2020-10-01T00:00:00,2020,10,169.3,",,,7"
Rhode Island,GHCND:USC00375270,2020-10-01T00:00:00,2020,10,128.8,",,,7"
Rhode Island,GHCND:USC00379423,2020-10-01T00:00:00,2020,10,148.5,",,,7"
Rhode Island,GHCND:USW00014765,2020-10-01T00:00:00,2020,10,144.1,",,,W"
Rhode Island,GHCND:USW00014787,2020-10-01T00:00:00,2020,10,133.9,",,,W"
Rhode Island,GHCND:USW00014794,2020-10-01T00:00:00,2020,10,122.4,",,,W"
Rhode Island,GHCND:USW00054796,2020-10-01T00:00:00,2020,10,155.7,",,,R"
Rhode Island,GHCND:USW00054797,2020-10-01T00:00:00,2020,10,159.2,",,,R"
Rhode Island,GHCND:US1RIBR0005,2020-11-01T00:00:00,2020,11,86.0,",,,N"
Rhode Island,GHCND:US1RIBR0011,2020-11-01T00:00:00,2020,11,94.3,",,,N"
Rhode Island,GHCND:US1RIKN0002,2020-11-01T00:00:00,2020,11,95.8,",,,N"
Rhode Island,GHCND:US1RIKN0014,2020-11-01T00:00:00,2020,11,108.8,",,,N"
Rhode Island,GHCND:US1RIKN0021,2020-11-01T00:00:00,2020,11,103.9,",,,N"
Rhode Island,GHCND:US1RIKN0023,2020-11-01T00:00:00,2020,11,81.9,",,,N"
Rhode Island,GHCND:US1RIKN0031,2020-11-01T00:00:00,2020,11,82.2,",,,N"
Rhode Island,GHCND:US1RIKN0034,2020-11-01T00:00:00,2020,11,74.1,"3,,,N"
Rhode Island,GHCND:US1RINW0004,2020-11-01T00:00:00,2020,11,88.2,",,,N"
Rhode Island,GHCND:US1RINW0005,2020-11-01T00:00:00,2020,11,92.0,",,,N"
Rhode Island,GHCND:US1RINW0007,2020-11-01T00:00:00,2020,11,102.2,",,,N"
Rhode Island,GHCND:US1RINW0011,2020-11-01T00:00:00,2020,11,109.0,"2,,,N"
Rhode Island,GHCND:US1RINW0016,2020-11-01T00:00:00,2020,11,112.6,",,,N"
Rhode Island,GHCND:US1RINW0017,2020-11-01T00:00:00,2020,11,138.2,",,,N"
Rhode Island,GHCND:US1RINW0018,2020-11-01T00:00:00,2020,11,111.9,",,,N"
Rhode Island,GHCND:US1RINW0019,2020-11-01T00:00:00,2020,11,97.2,"1,,,N"
Rhode Island,GHCND:US1RINW0020,2020-11-01T00:00:00,2020,11,108.3,",,,N"
Rhode Island,GHCND:US1RINW0023,2020-11-01T00:00:00,2020,11,107.9,"1,,,N"
Rhode Island,GHCND:US1RINW0027,2020-11-01T00:00:00,2020,11,119.2,",,,N"
Rhode Island,GHCND:US1RINW0028,2020-11-01T00:00:00,2020,11,85.9,",,,N"
Rhode Island,GHCND:US1RIPR0028,2020-11-01T00:00:00,2020,11,109.9,",,,N"
Rhode Island,GHCND:US1RIPR0033,2020-11-01T00:00:00,2020,11,108.2,",,,N"
Rhode Island,GHCND:US1RIPR0044,2020-11-01T00:00:00,2020,11,88.7,",,,N"
Rhode Island,GHCND:US1RIPR0045,2020-11-01T00:00:00,2020,11,105.1,"1,,,N"
Rhode Island,GHCND:US1RIPR0050,2020-11-01T00:00:00,2020,11,118.5,",,,N"
Rhode Island,GHCND:US1RIPR0051,2020-11-01T00:00:00,2020,11,111.3,",,,N"
Rhode Island,GHCND:US1RIPR0053,2020-11-01T00:00:00,2020,11,84.3,",,,N"
Rhode Island,GHCND:US1RIPR0055,2020-11-01T00:00:00,2020,11,104.7,",,,N"
Rhode Island,GHCND:US1RIPR0057,2020-11-01T00:00:00,2020,11,95.6,",,,N"
Rhode Island,GHCND:US1RIPR0059,2020-11-01T00:00:00,2020,11,105.5,"2,,,N"
Rhode Island,GHCND:US1RIPR0067,2020-11-01T00:00:00,2020,11,91.5,"1,,,N"
Rhode Island,GHCND:US1RIPR0071,2020-11-01T00:00:00,2020,11,97.3,",,,N"
Rhode Island,GHCND:US1RIPR0077,2020-11-01T00:00:00,2020,11,84.6,",a,,N"
Rhode Island,GHCND:US1RIPR0082,2020-11-01T00:00:00,2020,11,96.9,",,,N"
Rhode Island,GHCND:US1RIPR0084,2020-11-01T00:00:00,2020,11,94.5,",a,,N"
Rhode Island,GHCND:US1RIPR0089,2020-11-01T00:00:00,2020,11,121.8,",,,N"
Rhode Island,GHCND:US1RIWS0001,2020-11-01T00:00:00,2020,11,113.0,",a,,N"
Rhode Island,GHCND:US1RIWS0026,2020-11-01T00:00:00,2020,11,109.4,"1,,,N"
Rhode Island,GHCND:US1RIWS0030,2020-11-01T00:00:00,2020,11,115.6,",,,N"
Rhode Island,GHCND:US1RIWS0031,2020-11-01T00:00:00,2020,11,99.3,",,,N"
Rhode Island,GHCND:US1RIWS0036,2020-11-01T00:00:00,2020,11,120.7,",,,N"
Rhode Island,GHCND:US1RIWS0037,2020-11-01T00:00:00,2020,11,127.8,",,,N"
Rhode Island,GHCND:US1RIWS0042,2020-11-01T00:00:00,2020,11,99.9,",,,N"
Rhode Island,GHCND:US1RIWS0045,2020-11-01T00:00:00,2020,11,103.8,"2,,,N"
Rhode Island,GHCND:US1RIWS0046,2020-11-01T00:00:00,2020,11,119.8,"2,a,,N"
Rhode Island,GHCND:US1RIWS0047,2020-11-01T00:00:00,2020,11,122.6,",,,N"
Rhode Island,GHCND:US1RIWS0050,2020-11-01T00:00:00,2020,11,105.2,"1,a,,N"
Rhode Island,GHCND:US1RIWS0051,2020-11-01T00:00:00,2020,11,115.9,"1,a,,N"
Rhode Island,GHCND:US1RIWS0052,2020-11-01T00:00:00,2020,11,125.8,"2,,,N"
Rhode Island,GHCND:US1RIWS0054,2020-11-01T00:00:00,2020,11,111.0,",,,N"
Rhode Island,GHCND:US1RIWS0055,2020-11-01T00:00:00,2020,11,127.1,",,,N"
Rhode Island,GHCND:US1RIWS0058,2020-11-01T00:00:00,2020,11,124.5,",,,N"
Rhode Island,GHCND:US1RIWS0061,2020-11-01T00:00:00,2020,11,115.8,"5,,,N"
Rhode Island,GHCND:US1RIWS0064,2020-11-01T00:00:00,2020,11,116.7,",,,N"
Rhode Island,GHCND:US1RIWS0066,2020-11-01T00:00:00,2020,11,116.4,",,,N"
Rhode Island,GHCND:USC00370897,2020-11-01T00:00:00,2020,11,120.2,",,,7"
Rhode Island,GHCND:USC00371874,2020-11-01T00:00:00,2020,11,105.4,"2,a,,7"
Rhode Island,GHCND:USC00371875,2020-11-01T00:00:00,2020,11,100.5,",,,7"
Rhode Island,GHCND:USC00374266,2020-11-01T00:00:00,2020,11,139.6,",,,7"
Rhode Island,GHCND:USC00375270,2020-11-01T00:00:00,2020,11,190.9,",,,7"
Rhode Island,GHCND:USC00379423,2020-11-01T00:00:00,2020,11,109.8,",,,7"
Rhode Island,GHCND:USW00014765,2020-11-01T00:00:00,2020,11,152.0,",,,W"
Rhode Island,GHCND:USW00014787,2020-11-01T00:00:00,2020,11,132.7,",,,W"
Rhode Island,GHCND:USW00014794,2020-11-01T00:00:00,2020,11,139.7,",,,W"
Rhode Island,GHCND:USW00054796,2020-11-01T00:00:00,2020,11,194.0,",,,R"
Rhode Island,GHCND:USW00054797,2020-11-01T00:00:00,2020,11,190.3,",,,R"
Rhode Island,GHCND:US1RIBR0005,2020-12-01T00:00:00,2020,12,240.4,",,,N"
Rhode Island,GHCND:US1RIBR0011,2020-12-01T00:00:00,2020,12,159.6,",,,N"
Rhode Island,GHCND:US1RIKN0002,2020-12-01T00:00:00,2020,12,253.6,",,,N"
Rhode Island,GHCND:US1RIKN0014,2020-12-01T00:00:00,2020,12,263.3,",,,N"
Rhode Island,GHCND:US1RIKN0017,2020-12-01T00:00:00,2020,12,200.2,"2,,,N"
Rhode Island,GHCND:US1RIKN0021,2020-12-01T00:00:00,2020,12,262.7,",,,N"
Rhode Island,GHCND:US1RIKN0023,2020-12-01T00:00:00,2020,12,260.7,",,,N"
Rhode Island,GHCND:US1RIKN0031,2020-12-01T00:00:00,2020,12,245.4,",,,N"
Rhode Island,GHCND:US1RIKN0034,2020-12-01T00:00:00,2020,12,256.8,"2,a,,N"
Rhode Island,GHCND:US1RINW0004,2020-12-01T00:00:00,2020,12,151.2,",,,N"
Rhode Island,GHCND:US1RINW0005,2020-12-01T00:00:00,2020,12,190.5,",,,N"
Rhode Island,GHCND:US1RINW0007,2020-12-01T00:00:00,2020,12,209.6,",,,N"
Rhode Island,GHCND:US1RINW0011,2020-12-01T00:00:00,2020,12,174.1,"4,,,N"
Rhode Island,GHCND:US1RINW0016,2020-12-01T00:00:00,2020,12,200.1,",,,N"
Rhode Island,GHCND:US1RINW0017,2020-12-01T00:00:00,2020,12,186.0,",,,N"
Rhode Island,GHCND:US1RINW0018,2020-12-01T00:00:00,2020,12,186.4,",,,N"
Rhode Island,GHCND:US1RINW0019,2020-12-01T00:00:00,2020,12,151.1,"3,,,N"
Rhode Island,GHCND:US1RINW0020,2020-12-01T00:00:00,2020,12,205.3,",,,N"
Rhode Island,GHCND:US1RINW0023,2020-12-01T00:00:00,2020,12,202.9,"1,,,N"
Rhode Island,GHCND:US1RINW0027,2020-12-01T00:00:00,2020,12,151.7,",,,N"
Rhode Island,GHCND:US1RINW0028,2020-12-01T00:00:00,2020,12,185.2,"2,,,N"
Rhode Island,GHCND:US1RIPR0028,2020-12-01T00:00:00,2020,12,250.2,",,,N"
Rhode Island,GHCND:US1RIPR0033,2020-12-01T00:00:00,2020,12,238.0,",,,N"
Rhode Island,GHCND:US1RIPR0044,2020-12-01T00:00:00,2020,12,294.0,"1,,,N"
Rhode Island,GHCND:US1RIPR0045,2020-12-01T00:00:00,2020,12,249.7,",,,N"
Rhode Island,GHCND:US1RIPR0050,2020-12-01T00:00:00,2020,12,226.4,",,,N"
Rhode Island,GHCND:US1RIPR0051,2020-12-01T00:00:00,2020,12,249.5,",,,N"
Rhode Island,GHCND:US1RIPR0053,2020-12-01T00:00:00,2020,12,225.4,"1,,,N"
Rhode Island,GHCND:US1RIPR0055,2020-12-01T00:00:00,2020,12,239.8,",,,N"
Rhode Island,GHCND:US1RIPR0057,2020-12-01T00:00:00,2020,12,304.5,"1,,,N"
Rhode Island,GHCND:US1RIPR0059,2020-12-01T00:00:00,2020,12,215.2,"5,,,N"
Rhode Island,GHCND:US1RIPR0067,2020-12-01T00:00:00,2020,12,270.9,",,,N"
Rhode Island,GHCND:US1RIPR0071,2020-12-01T00:00:00,2020,12,247.5,",,,N"
Rhode Island,GHCND:US1RIPR0077,2020-12-01T00:00:00,2020,12,244.9,"5,,,N"
Rhode Island,GHCND:US1RIPR0082,2020-12-01T00:00:00,2020,12,287.4,",,,N"
Rhode Island,GHCND:US1RIPR0084,2020-12-01T00:00:00,2020,12,277.6,"1,,,N"
Rhode Island,GHCND:US1RIPR0089,2020-12-01T00:00:00,2020,12,247.6,",,,N"
Rhode Island,GHCND:US1RIWS0001,2020-12-01T00:00:00,2020,12,174.8,"2,a,,N"
Rhode Island,GHCND:US1RIWS0030,2020-12-01T00:00:00,2020,12,176.0,"3,,,N"
Rhode Island,GHCND:US1RIWS0031,2020-12-01T00:00:00,2020,12,295.5,",,,N"
Rhode Island,GHCND:US1RIWS0036,2020-12-01T00:00:00,2020,12,239.6,",,,N"
Rhode Island,GHCND:US1RIWS0037,2020-12-01T00:00:00,2020,12,240.8,"1,,,N"
Rhode Island,GHCND:US1RIWS0040,2020-12-01T00:00:00,2020,12,212.1,"3,,,N"
Rhode Island,GHCND:US1RIWS0042,2020-12-01T00:00:00,2020,12,270.9,",,,N"
Rhode Island,GHCND:US1RIWS0045,2020-12-01T00:00:00,2020,12,258.9,",,,N"
Rhode Island,GHCND:US1RIWS0046,2020-12-01T00:00:00,2020,12,201.3,",,,N"
Rhode Island,GHCND:US1RIWS0047,2020-12-01T00:00:00,2020,12,203.7,",,,N"
Rhode Island,GHCND:US1RIWS0051,2020-12-01T00:00:00,2020,12,274.7,",,,N"
Rhode Island,GHCND:US1RIWS0052,2020-12-01T00:00:00,2020,12,259.4,"1,,,N"
Rhode Island,GHCND:US1RIWS0054,2020-12-01T00:00:00,2020,12,279.0,",a,,N"
Rhode Island,GHCND:US1RIWS0055,2020-12-01T00:00:00,2020,12,246.9,"1,,,N"
Rhode Island,GHCND:US1RIWS0058,2020-12-01T00:00:00,2020,12,258.4,"1,,,N"
Rhode Island,GHCND:US1RIWS0061,2020-12-01T00:00:00,2020,12,286.0,"5,,,N"
Rhode Island,GHCND:US1RIWS0064,2020-12-01T00:00:00,2020,12,256.9,"1,,,N"
Rhode Island,GHCND:US1RIWS0066,2020-12-01T00:00:00,2020,12,228.6,",,,N"
Rhode Island,GHCND:US1RIWS0067,2020-12-01T00:00:00,2020,12,243.0,"1,,,N"
Rhode Island,GHCND:USC00370897,2020-12-01T00:00:00,2020,12,206.8,",,,7"
Rhode Island,GHCND:USC00371874,2020-12-01T00:00:00,2020,12,191.0,"5,a,,7"
Rhode Island,GHCND:USC00371875,2020-12-01T00:00:00,2020,12,295.7,",,,7"
Rhode Island,GHCND:USC00374266,2020-12-01T00:00:00,2020,12,264.0,",,,7"
Rhode Island,GHCND:USC00375270,2020-12-01T00:00:00,2020,12,189.0,",,,7"
Rhode Island,GHCND:USC00379423,2020-12-01T00:00:00,2020,12,261.1,",,,7"
Rhode Island,GHCND:USW00014765,2020-12-01T00:00:00,2020,12,205.1,",,,W"
Rhode Island,GHCND:USW00014787,2020-12-01T00:00:00,2020,12,156.9,",,,W"
Rhode Island,GHCND:USW00014794,2020-12-01T00:00:00,2020,12,123.5,",,,W"
Rhode Island,GHCND:USW00054796,2020-12-01T00:00:00,2020,12,195.6,",,,R"
Rhode Island,GHCND:USW00054797,2020-12-01T00:00:00,2020,12,197.0,",,,R"
Rhode Island,GHCND:US1RIBR0005,2021-01-01T00:00:00,2021,01,52.4,",,,N"
Rhode Island,GHCND:US1RIBR0011,2021-01-01T00:00:00,2021,01,40.2,"1,,,N"
Rhode Island,GHCND:US1RIKN0002,2021-01-01T00:00:00,2021,01,53.7,",,,N"
Rhode Island,GHCND:US1RIKN0014,2021-01-01T00:00:00,2021,01,69.7,",,,N"
Rhode Island,GHCND:US1RIKN0017,2021-01-01T00:00:00,2021,01,72.0,",a,,N"
Rhode Island,GHCND:US1RIKN0021,2021-01-01T00:00:00,2021,01,68.2,",,,N"
Rhode Island,GHCND:US1RIKN0023,2021-01-01T00:00:00,2021,01,52.2,",,,N"
Rhode Island,GHCND:US1RIKN0030,2021-01-01T00:00:00,2021,01,60.4,"1,,,N"
Rhode Island,GHCND:US1RIKN0031,2021-01-01T00:00:00,2021,01,50.5,",,,N"
Rhode Island,GHCND:US1RIKN0034,2021-01-01T00:00:00,2021,01,57.9,"3,a,,N"
Rhode Island,GHCND:US1RINW0004,2021-01-01T00:00:00,2021,01,26.4,"1,,,N"
Rhode Island,GHCND:US1RINW0005,2021-01-01T00:00:00,2021,01,54.7,",,,N"
Rhode Island,GHCND:US1RINW0007,2021-01-01T00:00:00,2021,01,49.5,",,,N"
Rhode Island,GHCND:US1RINW0011,2021-01-01T00:00:00,2021,01,55.6,",,,N"
Rhode Island,GHCND:US1RINW0016,2021-01-01T00:00:00,2021,01,48.9,",,,N"
Rhode Island,GHCND:US1RINW0017,2021-01-01T00:00:00,2021,01,55.3,",,,N"
Rhode Island,GHCND:US1RINW0018,2021-01-01T00:00:00,2021,01,48.7,",,,N"
Rhode Island,GHCND:US1RINW0019,2021-01-01T00:00:00,2021,01,46.9,",,,N"
Rhode Island,GHCND:US1RINW0020,2021-01-01T00:00:00,2021,01,45.2,"1,,,N"
Rhode Island,GHCND:US1RINW0023,2021-01-01T00:00:00,2021,01,50.9,"2,,,N"
Rhode Island,GHCND:US1RINW0027,2021-01-01T00:00:00,2021,01,53.5,",,,N"
Rhode Island,GHCND:US1RINW0028,2021-01-01T00:00:00,2021,01,52.1,",,,N"
Rhode Island,GHCND:US1RIPR0028,2021-01-01T00:00:00,2021,01,74.3,",,,N"
Rhode Island,GHCND:US1RIPR0033,2021-01-01T00:00:00,2021,01,79.8,",,,N"
Rhode Island,GHCND:US1RIPR0044,2021-01-01T00:00:00,2021,01,47.9,"5,,,N"
Rhode Island,GHCND:US1RIPR0045,2021-01-01T00:00:00,2021,01,67.6,",,,N"
Rhode Island,GHCND:US1RIPR0050,2021-01-01T00:00:00,2021,01,69.3,",,,N"
Rhode Island,GHCND:US1RIPR0051,2021-01-01T00:00:00,2021,01,74.8,",,,N"
Rhode Island,GHCND:US1RIPR0053,2021-01-01T00:00:00,2021,01,46.3,"2,,,N"
Rhode Island,GHCND:US1RIPR0055,2021-01-01T00:00:00,2021,01,60.4,",a,,N"
Rhode Island,GHCND:US1RIPR0057,2021-01-01T00:00:00,2021,01,60.2,",,,N"
Rhode Island,GHCND:US1RIPR0059,2021-01-01T00:00:00,2021,01,58.2,"4,,,N"
Rhode Island,GHCND:US1RIPR0067,2021-01-01T00:00:00,2021,01,48.9,",,,N"
Rhode Island,GHCND:US1RIPR0071,2021-01-01T00:00:00,2021,01,61.9,"1,,,N"
Rhode Island,GHCND:US1RIPR0077,2021-01-01T00:00:00,2021,01,45.5,"5,,,N"
Rhode Island,GHCND:US1RIPR0082,2021-01-01T00:00:00,2021,01,58.0,",,,N"
Rhode Island,GHCND:US1RIPR0084,2021-01-01T00:00:00,2021,01,57.0,",,,N"
Rhode Island,GHCND:US1RIPR0089,2021-01-01T00:00:00,2021,01,73.2,",,,N"
Rhode Island,GHCND:US1RIWS0001,2021-01-01T00:00:00,2021,01,56.4,",a,,N"
Rhode Island,GHCND:US1RIWS0030,2021-01-01T00:00:00,2021,01,69.1,",,,N"
Rhode Island,GHCND:US1RIWS0031,2021-01-01T00:00:00,2021,01,58.8,",,,N"
Rhode Island,GHCND:US1RIWS0036,2021-01-01T00:00:00,2021,01,58.0,",,,N"
Rhode Island,GHCND:US1RIWS0037,2021-01-01T00:00:00,2021,01,51.4,"2,,,N"
Rhode Island,GHCND:US1RIWS0040,2021-01-01T00:00:00,2021,01,70.5,",a,,N"
Rhode Island,GHCND:US1RIWS0042,2021-01-01T00:00:00,2021,01,63.3,",,,N"
Rhode Island,GHCND:US1RIWS0046,2021-01-01T00:00:00,2021,01,67.9,"1,,,N"
Rhode Island,GHCND:US1RIWS0047,2021-01-01T00:00:00,2021,01,70.1,",,,N"
Rhode Island,GHCND:US1RIWS0050,2021-01-01T00:00:00,2021,01,72.9,",a,,N"
Rhode Island,GHCND:US1RIWS0051,2021-01-01T00:00:00,2021,01,52.6,",a,,N"
Rhode Island,GHCND:US1RIWS0052,2021-01-01T00:00:00,2021,01,49.9,",,,N"
Rhode Island,GHCND:US1RIWS0054,2021-01-01T00:00:00,2021,01,65.4,",,,N"
Rhode Island,GHCND:US1RIWS0055,2021-01-01T00:00:00,2021,01,56.6,",,,N"
Rhode Island,GHCND:US1RIWS0058,2021-01-01T00:00:00,2021,01,64.0,"2,,,N"
Rhode Island,GHCND:US1RIWS0061,2021-01-01T00:00:00,2021,01,51.9,"2,,,N"
Rhode Island,GHCND:US1RIWS0064,2021-01-01T00:00:00,2021,01,66.4,",,,N"
Rhode Island,GHCND:US1RIWS0066,2021-01-01T00:00:00,2021,01,54.4,",,,N"
Rhode Island,GHCND:US1RIWS0067,2021-01-01T00:00:00,2021,01,71.1,"1,,,N"
Rhode Island,GHCND:USC00370897,2021-01-01T00:00:00,2021,01,59.8,",,,7"
Rhode Island,GHCND:USC00371874,2021-01-01T00:00:00,2021,01,74.2,"2,a,,7"
Rhode Island,GHCND:USC00371875,2021-01-01T00:00:00,2021,01,74.5,",,,7"
Rhode Island,GHCND:USC00374266,2021-01-01T00:00:00,2021,01,60.0,",,,7"
Rhode Island,GHCND:USC00375270,2021-01-01T00:00:00,2021,01,72.7,",,,7"
Rhode Island,GHCND:USC00379423,2021-01-01T00:00:00,2021,01,64.9,",,,7"
Rhode Island,GHCND:USW00014765,2021-01-01T00:00:00,2021,01,51.8,",,,W"
Rhode Island,GHCND:USW00014787,2021-01-01T00:00:00,2021,01,43.5,",,,W"
Rhode Island,GHCND:USW00014794,2021-01-01T00:00:00,2021,01,47.0,",,,W"
Rhode Island,GHCND:USW00054796,2021-01-01T00:00:00,2021,01,56.0,",,,R"
Rhode Island,GHCND:USW00054797,2021-01-01T00:00:00,2021,01,58.6,"1,,,R"
Rhode Island,GHCND:US1RIBR0005,2021-02-01T00:00:00,2021,02,76.3,",,,N"
Rhode Island,GHCND:US1RIBR0011,2021-02-01T00:00:00,2021,02,60.0,",,,N"
Rhode Island,GHCND:US1RIKN0002,2021-02-01T00:00:00,2021,02,88.5,",,,N"
Rhode Island,GHCND:US1RIKN0014,2021-02-01T00:00:00,2021,02,96.9,",,,N"
Rhode Island,GHCND:US1RIKN0017,2021-02-01T00:00:00,2021,02,80.3,"3,,,N"
Rhode Island,GHCND:US1RIKN0021,2021-02-01T00:00:00,2021,02,88.7,",,,N"
Rhode Island,GHCND:US1RIKN0023,2021-02-01T00:00:00,2021,02,91.6,",,,N"
Rhode Island,GHCND:US1RIKN0031,2021-02-01T00:00:00,2021,02,83.0,",,,N"
Rhode Island,GHCND:US1RIKN0034,2021-02-01T00:00:00,2021,02,89.7,"1,a,,N"
Rhode Island,GHCND:US1RINW0004,2021-02-01T00:00:00,2021,02,90.9,",,,N"
Rhode Island,GHCND:US1RINW0005,2021-02-01T00:00:00,2021,02,95.9,",,,N"
Rhode Island,GHCND:US1RINW0007,2021-02-01T00:00:00,2021,02,99.9,",,,N"
Rhode Island,GHCND:US1RINW0011,2021-02-01T00:00:00,2021,02,90.7,"1,,,N"
Rhode Island,GHCND:US1RINW0016,2021-02-01T00:00:00,2021,02,96.7,"1,,,N"
Rhode Island,GHCND:US1RINW0017,2021-02-01T00:00:00,2021,02,109.4,",,,N"
Rhode Island,GHCND:US1RINW0018,2021-02-01T00:00:00,2021,02,85.1,",,,N"
Rhode Island,GHCND:US1RINW0019,2021-02-01T00:00:00,2021,02,98.0,"2,,,N"
Rhode Island,GHCND:US1RINW0020,2021-02-01T00:00:00,2021,02,90.2,",,,N"
Rhode Island,GHCND:US1RINW0023,2021-02-01T00:00:00,2021,02,63.8,"5,,,N"
Rhode Island,GHCND:US1RINW0027,2021-02-01T00:00:00,2021,02,86.4,",,,N"
Rhode Island,GHCND:US1RINW0028,2021-02-01T00:00:00,2021,02,81.1,",,,N"
Rhode Island,GHCND:US1RIPR0028,2021-02-01T00:00:00,2021,02,89.6,",,,N"
Rhode Island,GHCND:US1RIPR0033,2021-02-01T00:00:00,2021,02,89.4,",,,N"
Rhode Island,GHCND:US1RIPR0044,2021-02-01T00:00:00,2021,02,92.1,",,,N"
Rhode Island,GHCND:US1RIPR0045,2021-02-01T00:00:00,2021,02,108.7,",,,N"
Rhode Island,GHCND:US1RIPR0050,2021-02-01T00:00:00,2021,02,87.2,",,,N"
Rhode Island,GHCND:US1RIPR0051,2021-02-01T00:00:00,2021,02,88.4,",,,N"
Rhode Island,GHCND:US1RIPR0057,2021-02-01T00:00:00,2021,02,88.0,"1,,,N"
Rhode Island,GHCND:US1RIPR0067,2021-02-01T00:00:00,2021,02,91.8,",,,N"
Rhode Island,GHCND:US1RIPR0077,2021-02-01T00:00:00,2021,02,82.9,"2,,,N"
Rhode Island,GHCND:US1RIPR0082,2021-02-01T00:00:00,2021,02,92.8,",,,N"
Rhode Island,GHCND:US1RIPR0084,2021-02-01T00:00:00,2021,02,86.7,",a,,N"
Rhode Island,GHCND:US1RIPR0089,2021-02-01T00:00:00,2021,02,92.1,",,,N"
Rhode Island,GHCND:US1RIWS0001,2021-02-01T00:00:00,2021,02,114.6,",a,,N"
Rhode Island,GHCND:US1RIWS0030,2021-02-01T00:00:00,2021,02,98.2,",,,N"
Rhode Island,GHCND:US1RIWS0031,2021-02-01T00:00:00,2021,02,103.9,",,,N"
Rhode Island,GHCND:US1RIWS0036,2021-02-01T00:00:00,2021,02,100.7,",,,N"
Rhode Island,GHCND:US1RIWS0037,2021-02-01T00:00:00,2021,02,99.7,"1,a,,N"
Rhode Island,GHCND:US1RIWS0042,2021-02-01T00:00:00,2021,02,107.6,",,,N"
Rhode Island,GHCND:US1RIWS0045,2021-02-01T00:00:00,2021,02,121.6,"4,,,N"
Rhode Island,GHCND:US1RIWS0046,2021-02-01T00:00:00,2021,02,81.7,"2,,,N"
Rhode Island,GHCND:US1RIWS0047,2021-02-01T00:00:00,2021,02,94.4,"1,,,N"
Rhode Island,GHCND:US1RIWS0050,2021-02-01T00:00:00,2021,02,113.1,"1,a,,N"
Rhode Island,GHCND:US1RIWS0051,2021-02-01T00:00:00,2021,02,113.6,",,,N"
Rhode Island,GHCND:US1RIWS0052,2021-02-01T00:00:00,2021,02,124.0,",,,N"
Rhode Island,GHCND:US1RIWS0054,2021-02-01T00:00:00,2021,02,104.0,",,,N"
Rhode Island,GHCND:US1RIWS0055,2021-02-01T00:00:00,2021,02,116.7,",,,N"
Rhode Island,GHCND:US1RIWS0058,2021-02-01T00:00:00,2021,02,136.3,",,,N"
Rhode Island,GHCND:US1RIWS0061,2021-02-01T00:00:00,2021,02,77.7,"3,,,N"
Rhode Island,GHCND:US1RIWS0064,2021-02-01T00:00:00,2021,02,111.2,"2,,,N"
Rhode Island,GHCND:US1RIWS0065,2021-02-01T00:00:00,2021,02,120.8,",,,N"
Rhode Island,GHCND:US1RIWS0066,2021-02-01T00:00:00,2021,02,116.5,",,,N"
Rhode Island,GHCND:US1RIWS0067,2021-02-01T00:00:00,2021,02,111.9,"1,,,N"
Rhode Island,GHCND:USC00370897,2021-02-01T00:00:00,2021,02,132.9,"1,,,7"
Rhode Island,GHCND:USC00371874,2021-02-01T00:00:00,2021,02,60.2,"2,,,7"
Rhode Island,GHCND:USC00371875,2021-02-01T00:00:00,2021,02,100.3,"1,,,7"
Rhode Island,GHCND:USC00374266,2021-02-01T00:00:00,2021,02,118.8,",,,7"
Rhode Island,GHCND:USC00375270,2021-02-01T00:00:00,2021,02,108.9,",,,7"
Rhode Island,GHCND:USC00379423,2021-02-01T00:00:00,2021,02,86.0,",,,7"
Rhode Island,GHCND:USW00014765,2021-02-01T00:00:00,2021,02,88.7,",,,W"
Rhode Island,GHCND:USW00014787,2021-02-01T00:00:00,2021,02,80.8,",,,W"
Rhode Island,GHCND:USW00014794,2021-02-01T00:00:00,2021,02,51.2,",,,W"
Rhode Island,GHCND:USW00054796,2021-02-01T00:00:00,2021,02,116.2,",,,R"
Rhode Island,GHCND:USW00054797,2021-02-01T00:00:00,2021,02,121.4,",,,R"
Rhode Island,GHCND:US1RIBR0005,2021-03-01T00:00:00,2021,03,83.6,",,,N"
Rhode Island,GHCND:US1RIBR0011,2021-03-01T00:00:00,2021,03,68.9,",,,N"
Rhode Island,GHCND:US1RIKN0002,2021-03-01T00:00:00,2021,03,76.5,",,,N"
Rhode Island,GHCND:US1RIKN0014,2021-03-01T00:00:00,2021,03,73.2,",,,N"
Rhode Island,GHCND:US1RIKN0015,2021-03-01T00:00:00,2021,03,81.3,",,,N"
Rhode Island,GHCND:US1RIKN0021,2021-03-01T00:00:00,2021,03,74.2,",,,N"
Rhode Island,GHCND:US1RIKN0023,2021-03-01T00:00:00,2021,03,76.7,",,,N"
Rhode Island,GHCND:US1RIKN0031,2021-03-01T00:00:00,2021,03,82.8,",,,N"
Rhode Island,GHCND:US1RIKN0034,2021-03-01T00:00:00,2021,03,84.3,"3,,,N"
Rhode Island,GHCND:US1RIKN0040,2021-03-01T00:00:00,2021,03,53.4,"5,,,N"
Rhode Island,GHCND:US1RINW0004,2021-03-01T00:00:00,2021,03,46.7,",,,N"
Rhode Island,GHCND:US1RINW0005,2021-03-01T00:00:00,2021,03,70.6,",,,N"
Rhode Island,GHCND:US1RINW0007,2021-03-01T00:00:00,2021,03,74.5,",,,N"
Rhode Island,GHCND:US1RINW0011,2021-03-01T00:00:00,2021,03,66.1,"1,,,N"
Rhode Island,GHCND:US1RINW0016,2021-03-01T00:00:00,2021,03,66.5,",,,N"
Rhode Island,GHCND:US1RINW0017,2021-03-01T00:00:00,2021,03,70.6,",,,N"
Rhode Island,GHCND:US1RINW0018,2021-03-01T00:00:00,2021,03,71.2,",,,N"
Rhode Island,GHCND:US1RINW0019,2021-03-01T00:00:00,2021,03,60.4,",,,N"
Rhode Island,GHCND:US1RINW0020,2021-03-01T00:00:00,2021,03,66.2,",,,N"
Rhode Island,GHCND:US1RINW0027,2021-03-01T00:00:00,2021,03,69.1,",,,N"
Rhode Island,GHCND:US1RINW0028,2021-03-01T00:00:00,2021,03,64.5,",,,N"
Rhode Island,GHCND:US1RIPR0028,2021-03-01T00:00:00,2021,03,52.3,",,,N"
Rhode Island,GHCND:US1RIPR0033,2021-03-01T00:00:00,2021,03,57.4,",,,N"
Rhode Island,GHCND:US1RIPR0044,2021-03-01T00:00:00,2021,03,71.5,",,,N"
Rhode Island,GHCND:US1RIPR0045,2021-03-01T00:00:00,2021,03,58.0,",,,N"
Rhode Island,GHCND:US1RIPR0050,2021-03-01T00:00:00,2021,03,53.1,",,,N"
Rhode Island,GHCND:US1RIPR0051,2021-03-01T00:00:00,2021,03,53.4,",,,N"
Rhode Island,GHCND:US1RIPR0053,2021-03-01T00:00:00,2021,03,68.1,",,,N"
Rhode Island,GHCND:US1RIPR0057,2021-03-01T00:00:00,2021,03,74.0,",,,N"
Rhode Island,GHCND:US1RIPR0059,2021-03-01T00:00:00,2021,03,53.7,"1,,,N"
Rhode Island,GHCND:US1RIPR0067,2021-03-01T00:00:00,2021,03,63.0,",,,N"
Rhode Island,GHCND:US1RIPR0071,2021-03-01T00:00:00,2021,03,66.3,",,,N"
Rhode Island,GHCND:US1RIPR0077,2021-03-01T00:00:00,2021,03,75.8,"1,,,N"
Rhode Island,GHCND:US1RIPR0082,2021-03-01T00:00:00,2021,03,67.4,",,,N"
Rhode Island,GHCND:US1RIPR0084,2021-03-01T00:00:00,2021,03,67.9,",,,N"
Rhode Island,GHCND:US1RIPR0089,2021-03-01T00:00:00,2021,03,51.1,",,,N"
Rhode Island,GHCND:US1RIWS0001,2021-03-01T00:00:00,2021,03,86.8,",,,N"
Rhode Island,GHCND:US1RIWS0030,2021-03-01T00:00:00,2021,03,93.9,",,,N"
Rhode Island,GHCND:US1RIWS0031,2021-03-01T00:00:00,2021,03,78.8,",,,N"
Rhode Island,GHCND:US1RIWS0036,2021-03-01T00:00:00,2021,03,79.0,",,,N"
Rhode Island,GHCND:US1RIWS0037,2021-03-01T00:00:00,2021,03,68.0,",,,N"
Rhode Island,GHCND:US1RIWS0042,2021-03-01T00:00:00,2021,03,87.4,",,,N"
Rhode Island,GHCND:US1RIWS0045,2021-03-01T00:00:00,2021,03,69.3,"1,,,N"
Rhode Island,GHCND:US1RIWS0046,2021-03-01T00:00:00,2021,03,76.2,",,,N"
Rhode Island,GHCND:US1RIWS0047,2021-03-01T00:00:00,2021,03,84.5,",,,N"
Rhode Island,GHCND:US1RIWS0050,2021-03-01T00:00:00,2021,03,90.2,",,,N"
Rhode Island,GHCND:US1RIWS0051,2021-03-01T00:00:00,2021,03,83.6,",a,,N"
Rhode Island,GHCND:US1RIWS0052,2021-03-01T00:00:00,2021,03,84.8,"3,,,N"
Rhode Island,GHCND:US1RIWS0054,2021-03-01T00:00:00,2021,03,85.8,"1,,,N"
Rhode Island,GHCND:US1RIWS0055,2021-03-01T00:00:00,2021,03,82.1,",,,N"
Rhode Island,GHCND:US1RIWS0058,2021-03-01T00:00:00,2021,03,80.8,",,,N"
Rhode Island,GHCND:US1RIWS0061,2021-03-01T00:00:00,2021,03,84.6,"3,,,N"
Rhode Island,GHCND:US1RIWS0064,2021-03-01T00:00:00,2021,03,94.7,"4,,,N"
Rhode Island,GHCND:US1RIWS0065,2021-03-01T00:00:00,2021,03,82.6,"1,,,N"
Rhode Island,GHCND:US1RIWS0066,2021-03-01T00:00:00,2021,03,81.5,",,,N"
Rhode Island,GHCND:US1RIWS0067,2021-03-01T00:00:00,2021,03,75.8,"3,,,N"
Rhode Island,GHCND:USC00370897,2021-03-01T00:00:00,2021,03,75.9,",,,7"
Rhode Island,GHCND:USC00371874,2021-03-01T00:00:00,2021,03,85.6,",,,7"
Rhode Island,GHCND:USC00371875,2021-03-01T00:00:00,2021,03,85.9,",,,7"
Rhode Island,GHCND:USC00374266,2021-03-01T00:00:00,2021,03,80.6,",,,7"
Rhode Island,GHCND:USC00375270,2021-03-01T00:00:00,2021,03,70.0,",,,7"
Rhode Island,GHCND:USC00379423,2021-03-01T00:00:00,2021,03,48.8,",,,7"
Rhode Island,GHCND:USW00014765,2021-03-01T00:00:00,2021,03,93.3,",,,W"
Rhode Island,GHCND:USW00014787,2021-03-01T00:00:00,2021,03,69.1,",,,W"
Rhode Island,GHCND:USW00014794,2021-03-01T00:00:00,2021,03,69.1,"1,,,W"
Rhode Island,GHCND:USW00054796,2021-03-01T00:00:00,2021,03,82.4,",,,R"
Rhode Island,GHCND:USW00054797,2021-03-01T00:00:00,2021,03,84.2,",,,R"
Rhode Island,GHCND:US1RIBR0005,2021-04-01T00:00:00,2021,04,94.2,",,,N"
Rhode Island,GHCND:US1RIBR0011,2021-04-01T00:00:00,2021,04,98.1,",,,N"
Rhode Island,GHCND:US1RIBR0012,2021-04-01T00:00:00,2021,04,95.6,",,,N"
Rhode Island,GHCND:US1RIKN0002,2021-04-01T00:00:00,2021,04,102.4,",,,N"
Rhode Island,GHCND:US1RIKN0014,2021-04-01T00:00:00,2021,04,127.7,",,,N"
Rhode Island,GHCND:US1RIKN0015,2021-04-01T00:00:00,2021,04,97.9,",,,N"
Rhode Island,GHCND:US1RIKN0017,2021-04-01T00:00:00,2021,04,102.6,",a,,N"
Rhode Island,GHCND:US1RIKN0021,2021-04-01T00:00:00,2021,04,104.8,",,,N"
Rhode Island,GHCND:US1RIKN0023,2021-04-01T00:00:00,2021,04,99.5,",,,N"
Rhode Island,GHCND:US1RIKN0030,2021-04-01T00:00:00,2021,04,100.9,"2,a,,N"
Rhode Island,GHCND:US1RIKN0031,2021-04-01T00:00:00,2021,04,97.5,",,,N"
Rhode Island,GHCND:US1RIKN0036,2021-04-01T00:00:00,2021,04,100.1,"1,,,N"
Rhode Island,GHCND:US1RIKN0037,2021-04-01T00:00:00,2021,04,96.7,",,,N"
Rhode Island,GHCND:US1RIKN0038,2021-04-01T00:00:00,2021,04,93.3,",,,N"
Rhode Island,GHCND:US1RIKN0040,2021-04-01T00:00:00,2021,04,81.6,"1,,,N"
Rhode Island,GHCND:US1RIKN0041,2021-04-01T00:00:00,2021,04,89.5,"3,,,N"
Rhode Island,GHCND:US1RIKN0045,2021-04-01T00:00:00,2021,04,104.9,",,,N"
Rhode Island,GHCND:US1RIKN0051,2021-04-01T00:00:00,2021,04,107.5,",a,,N"
Rhode Island,GHCND:US1RINW0004,2021-04-01T00:00:00,2021,04,57.0,",,,N"
Rhode Island,GHCND:US1RINW0005,2021-04-01T00:00:00,2021,04,70.1,"5,,,N"
Rhode Island,GHCND:US1RINW0007,2021-04-01T00:00:00,2021,04,88.1,",,,N"
Rhode Island,GHCND:US1RINW0011,2021-04-01T00:00:00,2021,04,97.0,"2,a,,N"
Rhode Island,GHCND:US1RINW0016,2021-04-01T00:00:00,2021,04,92.1,",,,N"
Rhode Island,GHCND:US1RINW0017,2021-04-01T00:00:00,2021,04,103.4,",,,N"
Rhode Island,GHCND:US1RINW0018,2021-04-01T00:00:00,2021,04,88.9,",a,,N"
Rhode Island,GHCND:US1RINW0019,2021-04-01T00:00:00,2021,04,85.4,"1,,,N"
Rhode Island,GHCND:US1RINW0020,2021-04-01T00:00:00,2021,04,96.0,",,,N"
Rhode Island,GHCND:US1RINW0023,2021-04-01T00:00:00,2021,04,96.4,"1,,,N"
Rhode Island,GHCND:US1RINW0027,2021-04-01T00:00:00,2021,04,85.8,",,,N"
Rhode Island,GHCND:US1RINW0028,2021-04-01T00:00:00,2021,04,86.3,"1,,,N"
Rhode Island,GHCND:US1RINW0031,2021-04-01T00:00:00,2021,04,56.1,"2,,,N"
Rhode Island,GHCND:US1RINW0032,2021-04-01T00:00:00,2021,04,86.3,",,,N"
Rhode Island,GHCND:US1RIPR0028,2021-04-01T00:00:00,2021,04,108.8,",,,N"
Rhode Island,GHCND:US1RIPR0033,2021-04-01T00:00:00,2021,04,112.7,",,,N"
Rhode Island,GHCND:US1RIPR0044,2021-04-01T00:00:00,2021,04,102.6,",a,,N"
Rhode Island,GHCND:US1RIPR0045,2021-04-01T00:00:00,2021,04,105.1,",,,N"
Rhode Island,GHCND:US1RIPR0050,2021-04-01T00:00:00,2021,04,104.9,",,,N"
Rhode Island,GHCND:US1RIPR0051,2021-04-01T00:00:00,2021,04,110.3,",,,N"
Rhode Island,GHCND:US1RIPR0053,2021-04-01T00:00:00,2021,04,91.8,"1,,,N"
Rhode Island,GHCND:US1RIPR0055,2021-04-01T00:00:00,2021,04,109.3,",a,,N"
Rhode Island,GHCND:US1RIPR0057,2021-04-01T00:00:00,2021,04,102.8,",,,N"
Rhode Island,GHCND:US1RIPR0059,2021-04-01T00:00:00,2021,04,112.2,",,,N"
Rhode Island,GHCND:US1RIPR0067,2021-04-01T00:00:00,2021,04,90.7,",,,N"
Rhode Island,GHCND:US1RIPR0071,2021-04-01T00:00:00,2021,04,101.6,"1,,,N"
Rhode Island,GHCND:US1RIPR0081,2021-04-01T00:00:00,2021,04,60.8,"5,,,N"
Rhode Island,GHCND:US1RIPR0082,2021-04-01T00:00:00,2021,04,99.2,",,,N"
Rhode Island,GHCND:US1RIPR0084,2021-04-01T00:00:00,2021,04,93.0,",,,N"
Rhode Island,GHCND:US1RIPR0089,2021-04-01T00:00:00,2021,04,102.4,",,,N"
Rhode Island,GHCND:US1RIPR0101,2021-04-01T00:00:00,2021,04,136.7,"5,a,,N"
Rhode Island,GHCND:US1RIPR0104,2021-04-01T00:00:00,2021,04,89.6,",,,N"
Rhode Island,GHCND:US1RIPR0105,2021-04-01T00:00:00,2021,04,96.1,"1,,,N"
Rhode Island,GHCND:US1RIPR0106,2021-04-01T00:00:00,2021,04,102.8,"1,,,N"
Rhode Island,GHCND:US1RIPR0108,2021-04-01T00:00:00,2021,04,98.6,"3,,,N"
Rhode Island,GHCND:US1RIPR0111,2021-04-01T00:00:00,2021,04,101.9,",,,N"
Rhode Island,GHCND:US1RIPR0112,2021-04-01T00:00:00,2021,04,101.8,"2,,,N"
Rhode Island,GHCND:US1RIPR0115,2021-04-01T00:00:00,2021,04,100.6,",,,N"
Rhode Island,GHCND:US1RIPR0116,2021-04-01T00:00:00,2021,04,94.7,"3,,,N"
Rhode Island,GHCND:US1RIWS0001,2021-04-01T00:00:00,2021,04,92.2,",a,,N"
Rhode Island,GHCND:US1RIWS0030,2021-04-01T00:00:00,2021,04,97.7,",,,N"
Rhode Island,GHCND:US1RIWS0031,2021-04-01T00:00:00,2021,04,103.3,",,,N"
Rhode Island,GHCND:US1RIWS0036,2021-04-01T00:00:00,2021,04,97.0,",,,N"
Rhode Island,GHCND:US1RIWS0037,2021-04-01T00:00:00,2021,04,91.0,",,,N"
Rhode Island,GHCND:US1RIWS0042,2021-04-01T00:00:00,2021,04,97.7,",,,N"
Rhode Island,GHCND:US1RIWS0046,2021-04-01T00:00:00,2021,04,87.9,"3,,,N"
Rhode Island,GHCND:US1RIWS0047,2021-04-01T00:00:00,2021,04,91.5,",,,N"
Rhode Island,GHCND:US1RIWS0051,2021-04-01T00:00:00,2021,04,94.7,",a,,N"
Rhode Island,GHCND:US1RIWS0054,2021-04-01T00:00:00,2021,04,107.0,",,,N"
Rhode Island,GHCND:US1RIWS0055,2021-04-01T00:00:00,2021,04,96.7,",,,N"
Rhode Island,GHCND:US1RIWS0058,2021-04-01T00:00:00,2021,04,92.9,",a,,N"
Rhode Island,GHCND:US1RIWS0061,2021-04-01T00:00:00,2021,04,77.0,"1,,,N"
Rhode Island,GHCND:US1RIWS0064,2021-04-01T00:00:00,2021,04,106.2,",,,N"
Rhode Island,GHCND:US1RIWS0065,2021-04-01T00:00:00,2021,04,90.5,",,,N"
Rhode Island,GHCND:US1RIWS0066,2021-04-01T00:00:00,2021,04,97.2,",,,N"
Rhode Island,GHCND:US1RIWS0067,2021-04-01T00:00:00,2021,04,94.0,"3,a,,N"
Rhode Island,GHCND:US1RIWS0069,2021-04-01T00:00:00,2021,04,105.6,",,,N"
Rhode Island,GHCND:US1RIWS0070,2021-04-01T00:00:00,2021,04,94.8,",,,N"
Rhode Island,GHCND:US1RIWS0071,2021-04-01T00:00:00,2021,04,80.3,"2,,,N"
Rhode Island,GHCND:US1RIWS0077,2021-04-01T00:00:00,2021,04,64.9,"5,a,,N"
Rhode Island,GHCND:US1RIWS0080,2021-04-01T00:00:00,2021,04,93.6,",,,N"
Rhode Island,GHCND:US1RIWS0081,2021-04-01T00:00:00,2021,04,87.8,",,,N"
Rhode Island,GHCND:USC00370897,2021-04-01T00:00:00,2021,04,95.0,",,,7"
Rhode Island,GHCND:USC00371874,2021-04-01T00:00:00,2021,04,117.2,",a,,7"
Rhode Island,GHCND:USC00371875,2021-04-01T00:00:00,2021,04,107.0,",a,,7"
Rhode Island,GHCND:USC00374266,2021-04-01T00:00:00,2021,04,100.8,",,,7"
Rhode Island,GHCND:USC00375270,2021-04-01T00:00:00,2021,04,98.3,",,,7"
Rhode Island,GHCND:USC00379423,2021-04-01T00:00:00,2021,04,94.6,"1,,,7"
Rhode Island,GHCND:USW00014765,2021-04-01T00:00:00,2021,04,82.7,",,,W"
Rhode Island,GHCND:USW00014787,2021-04-01T00:00:00,2021,04,76.7,"2,,,W"
Rhode Island,GHCND:USW00014794,2021-04-01T00:00:00,2021,04,64.9,"1,,,W"
Rhode Island,GHCND:USW00054796,2021-04-01T00:00:00,2021,04,91.5,",,,R"
Rhode Island,GHCND:USW00054797,2021-04-01T00:00:00,2021,04,89.7,",,,R"
Rhode Island,GHCND:USW00064710,2021-04-01T00:00:00,2021,04,82.4,"2,,,W"
Rhode Island,GHCND:US1RIBR0005,2021-05-01T00:00:00,2021,05,131.9,",,,N"
Rhode Island,GHCND:US1RIBR0011,2021-05-01T00:00:00,2021,05,124.0,"2,,,N"
Rhode Island,GHCND:US1RIBR0012,2021-05-01T00:00:00,2021,05,106.6,",,,N"
Rhode Island,GHCND:US1RIKN0002,2021-05-01T00:00:00,2021,05,138.5,",,,N"
Rhode Island,GHCND:US1RIKN0014,2021-05-01T00:00:00,2021,05,141.9,",,,N"
Rhode Island,GHCND:US1RIKN0015,2021-05-01T00:00:00,2021,05,112.0,",a,,N"
Rhode Island,GHCND:US1RIKN0021,2021-05-01T00:00:00,2021,05,127.7,",,,N"
Rhode Island,GHCND:US1RIKN0023,2021-05-01T00:00:00,2021,05,131.5,",,,N"
Rhode Island,GHCND:US1RIKN0030,2021-05-01T00:00:00,2021,05,59.1,"4,,,N"
Rhode Island,GHCND:US1RIKN0031,2021-05-01T00:00:00,2021,05,129.1,",,,N"
Rhode Island,GHCND:US1RIKN0034,2021-05-01T00:00:00,2021,05,126.4,"3,,,N"
Rhode Island,GHCND:US1RIKN0036,2021-05-01T00:00:00,2021,05,130.9,",,,N"
Rhode Island,GHCND:US1RIKN0037,2021-05-01T00:00:00,2021,05,123.7,",,,N"
Rhode Island,GHCND:US1RIKN0038,2021-05-01T00:00:00,2021,05,124.8,",,,N"
Rhode Island,GHCND:US1RIKN0040,2021-05-01T00:00:00,2021,05,111.8,"2,,,N"
Rhode Island,GHCND:US1RIKN0041,2021-05-01T00:00:00,2021,05,133.5,"2,,,N"
Rhode Island,GHCND:US1RIKN0045,2021-05-01T00:00:00,2021,05,110.0,"2,,,N"
Rhode Island,GHCND:US1RIKN0051,2021-05-01T00:00:00,2021,05,132.8,",a,,N"
Rhode Island,GHCND:US1RIKN0056,2021-05-01T00:00:00,2021,05,112.1,"1,a,,N"
Rhode Island,GHCND:US1RIKN0058,2021-05-01T00:00:00,2021,05,113.2,",,,N"
Rhode Island,GHCND:US1RINW0004,2021-05-01T00:00:00,2021,05,82.6,"2,,,N"
Rhode Island,GHCND:US1RINW0005,2021-05-01T00:00:00,2021,05,125.6,"2,,,N"
Rhode Island,GHCND:US1RINW0007,2021-05-01T00:00:00,2021,05,125.0,",,,N"
Rhode Island,GHCND:US1RINW0011,2021-05-01T00:00:00,2021,05,138.1,"1,,,N"
Rhode Island,GHCND:US1RINW0016,2021-05-01T00:00:00,2021,05,131.7,"1,,,N"
Rhode Island,GHCND:US1RINW0017,2021-05-01T00:00:00,2021,05,131.6,"2,,,N"
Rhode Island,GHCND:US1RINW0018,2021-05-01T00:00:00,2021,05,116.7,",,,N"
Rhode Island,GHCND:US1RINW0019,2021-05-01T00:00:00,2021,05,137.2,"1,,,N"
Rhode Island,GHCND:US1RINW0020,2021-05-01T00:00:00,2021,05,131.9,",,,N"
Rhode Island,GHCND:US1RINW0023,2021-05-01T00:00:00,2021,05,135.1,"2,,,N"
Rhode Island,GHCND:US1RINW0027,2021-05-01T00:00:00,2021,05,124.7,",,,N"
Rhode Island,GHCND:US1RINW0028,2021-05-01T00:00:00,2021,05,134.8,",,,N"
Rhode Island,GHCND:US1RINW0030,2021-05-01T00:00:00,2021,05,133.7,"2,,,N"
Rhode Island,GHCND:US1RINW0031,2021-05-01T00:00:00,2021,05,110.5,"1,,,N"
Rhode Island,GHCND:US1RINW0032,2021-05-01T00:00:00,2021,05,119.9,",,,N"
Rhode Island,GHCND:US1RIPR0028,2021-05-01T00:00:00,2021,05,146.6,",,,N"
Rhode Island,GHCND:US1RIPR0033,2021-05-01T00:00:00,2021,05,163.6,",,,N"
Rhode Island,GHCND:US1RIPR0044,2021-05-01T00:00:00,2021,05,61.0,"5,,,N"
Rhode Island,GHCND:US1RIPR0045,2021-05-01T00:00:00,2021,05,151.3,",,,N"
Rhode Island,GHCND:US1RIPR0050,2021-05-01T00:00:00,2021,05,156.2,",,,N"
Rhode Island,GHCND:US1RIPR0051,2021-05-01T00:00:00,2021,05,148.1,",,,N"
Rhode Island,GHCND:US1RIPR0053,2021-05-01T00:00:00,2021,05,135.8,",,,N"
Rhode Island,GHCND:US1RIPR0055,2021-05-01T00:00:00,2021,05,133.6,",a,,N"
Rhode Island,GHCND:US1RIPR0057,2021-05-01T00:00:00,2021,05,134.6,",,,N"
Rhode Island,GHCND:US1RIPR0059,2021-05-01T00:00:00,2021,05,148.2,"1,,,N"
Rhode Island,GHCND:US1RIPR0067,2021-05-01T00:00:00,2021,05,143.0,",,,N"
Rhode Island,GHCND:US1RIPR0071,2021-05-01T00:00:00,2021,05,150.1,"1,,,N"
Rhode Island,GHCND:US1RIPR0077,2021-05-01T00:00:00,2021,05,128.6,",a,,N"
Rhode Island,GHCND:US1RIPR0082,2021-05-01T00:00:00,2021,05,141.8,",,,N"
Rhode Island,GHCND:US1RIPR0084,2021-05-01T00:00:00,2021,05,64.6,"3,,,N"
Rhode Island,GHCND:US1RIPR0089,2021-05-01T00:00:00,2021,05,141.7,"1,,,N"
Rhode Island,GHCND:US1RIPR0104,2021-05-01T00:00:00,2021,05,137.6,"1,,,N"
Rhode Island,GHCND:US1RIPR0105,2021-05-01T00:00:00,2021,05,132.0,"4,,,N"
Rhode Island,GHCND:US1RIPR0106,2021-05-01T00:00:00,2021,05,150.2,",,,N"
Rhode Island,GHCND:US1RIPR0108,2021-05-01T00:00:00,2021,05,58.4,"4,,,N"
Rhode Island,GHCND:US1RIPR0111,2021-05-01T00:00:00,2021,05,127.2,"2,,,N"
Rhode Island,GHCND:US1RIPR0112,2021-05-01T00:00:00,2021,05,145.3,"1,,,N"
Rhode Island,GHCND:US1RIPR0115,2021-05-01T00:00:00,2021,05,123.8,",,,N"
Rhode Island,GHCND:US1RIPR0116,2021-05-01T00:00:00,2021,05,144.3,"3,,,N"
Rhode Island,GHCND:US1RIWS0001,2021-05-01T00:00:00,2021,05,134.2,",,,N"
Rhode Island,GHCND:US1RIWS0030,2021-05-01T00:00:00,2021,05,111.5,"3,,,N"
Rhode Island,GHCND:US1RIWS0031,2021-05-01T00:00:00,2021,05,131.2,",,,N"
Rhode Island,GHCND:US1RIWS0036,2021-05-01T00:00:00,2021,05,114.2,",,,N"
Rhode Island,GHCND:US1RIWS0037,2021-05-01T00:00:00,2021,05,112.5,",,,N"
Rhode Island,GHCND:US1RIWS0040,2021-05-01T00:00:00,2021,05,126.9,",,,N"
Rhode Island,GHCND:US1RIWS0042,2021-05-01T00:00:00,2021,05,126.1,",,,N"
Rhode Island,GHCND:US1RIWS0046,2021-05-01T00:00:00,2021,05,104.5,"2,,,N"
Rhode Island,GHCND:US1RIWS0047,2021-05-01T00:00:00,2021,05,118.6,",,,N"
Rhode Island,GHCND:US1RIWS0050,2021-05-01T00:00:00,2021,05,151.8,",a,,N"
Rhode Island,GHCND:US1RIWS0051,2021-05-01T00:00:00,2021,05,118.1,",a,,N"
Rhode Island,GHCND:US1RIWS0052,2021-05-01T00:00:00,2021,05,124.8,",,,N"
Rhode Island,GHCND:US1RIWS0054,2021-05-01T00:00:00,2021,05,139.8,",a,,N"
Rhode Island,GHCND:US1RIWS0055,2021-05-01T00:00:00,2021,05,100.4,"2,,,N"
Rhode Island,GHCND:US1RIWS0058,2021-05-01T00:00:00,2021,05,138.3,",,,N"
Rhode Island,GHCND:US1RIWS0061,2021-05-01T00:00:00,2021,05,135.4,"1,,,N"
Rhode Island,GHCND:US1RIWS0064,2021-05-01T00:00:00,2021,05,115.8,",a,,N"
Rhode Island,GHCND:US1RIWS0065,2021-05-01T00:00:00,2021,05,115.7,",,,N"
Rhode Island,GHCND:US1RIWS0066,2021-05-01T00:00:00,2021,05,127.7,",,,N"
Rhode Island,GHCND:US1RIWS0067,2021-05-01T00:00:00,2021,05,112.8,"5,a,,N"
Rhode Island,GHCND:US1RIWS0069,2021-05-01T00:00:00,2021,05,126.6,",,,N"
Rhode Island,GHCND:US1RIWS0070,2021-05-01T00:00:00,2021,05,118.9,",a,,N"
Rhode Island,GHCND:US1RIWS0076,2021-05-01T00:00:00,2021,05,110.8,"2,a,,N"
Rhode Island,GHCND:US1RIWS0077,2021-05-01T00:00:00,2021,05,114.3,",,,N"
Rhode Island,GHCND:US1RIWS0080,2021-05-01T00:00:00,2021,05,107.9,"3,,,N"
Rhode Island,GHCND:US1RIWS0081,2021-05-01T00:00:00,2021,05,99.2,",,,N"
Rhode Island,GHCND:US1RIWS0083,2021-05-01T00:00:00,2021,05,114.6,",,,N"
Rhode Island,GHCND:USC00370897,2021-05-01T00:00:00,2021,05,135.6,",,,7"
Rhode Island,GHCND:USC00371874,2021-05-01T00:00:00,2021,05,57.2,"5,,,7"
Rhode Island,GHCND:USC00371875,2021-05-01T00:00:00,2021,05,136.7,",,,7"
Rhode Island,GHCND:USC00374266,2021-05-01T00:00:00,2021,05,119.8,",,,7"
Rhode Island,GHCND:USC00375270,2021-05-01T00:00:00,2021,05,164.9,",,,7"
Rhode Island,GHCND:USC00379423,2021-05-01T00:00:00,2021,05,146.5,",,,7"
Rhode Island,GHCND:USW00014765,2021-05-01T00:00:00,2021,05,118.0,",,,W"
Rhode Island,GHCND:USW00014787,2021-05-01T00:00:00,2021,05,121.5,",,,W"
Rhode Island,GHCND:USW00014794,2021-05-01T00:00:00,2021,05,97.0,",,,W"
Rhode Island,GHCND:USW00054796,2021-05-01T00:00:00,2021,05,111.2,",,,R"
Rhode Island,GHCND:USW00054797,2021-05-01T00:00:00,2021,05,114.9,",,,R"
Rhode Island,GHCND:USW00064710,2021-05-01T00:00:00,2021,05,30.7,",,,W"
Rhode Island,GHCND:US1RIBR0005,2021-06-01T00:00:00,2021,06,71.0,",,,N"
Rhode Island,GHCND:US1RIBR0012,2021-06-01T00:00:00,2021,06,55.2,",,,N"
Rhode Island,GHCND:US1RIKN0002,2021-06-01T00:00:00,2021,06,83.8,",,,N"
Rhode Island,GHCND:US1RIKN0014,2021-06-01T00:00:00,2021,06,67.8,",,,N"
Rhode Island,GHCND:US1RIKN0015,2021-06-01T00:00:00,2021,06,79.8,"2,a,,N"
Rhode Island,GHCND:US1RIKN0021,2021-06-01T00:00:00,2021,06,79.6,",,,N"
Rhode Island,GHCND:US1RIKN0023,2021-06-01T00:00:00,2021,06,94.3,",,,N"
Rhode Island,GHCND:US1RIKN0030,2021-06-01T00:00:00,2021,06,83.0,"4,,,N"
Rhode Island,GHCND:US1RIKN0031,2021-06-01T00:00:00,2021,06,73.8,",,,N"
Rhode Island,GHCND:US1RIKN0034,2021-06-01T00:00:00,2021,06,86.0,"2,a,,N"
Rhode Island,GHCND:US1RIKN0036,2021-06-01T00:00:00,2021,06,68.6,",,,N"
Rhode Island,GHCND:US1RIKN0037,2021-06-01T00:00:00,2021,06,79.7,",,,N"
Rhode Island,GHCND:US1RIKN0038,2021-06-01T00:00:00,2021,06,87.9,",,,N"
Rhode Island,GHCND:US1RIKN0040,2021-06-01T00:00:00,2021,06,79.2,",,,N"
Rhode Island,GHCND:US1RIKN0041,2021-06-01T00:00:00,2021,06,55.2,"4,,,N"
Rhode Island,GHCND:US1RIKN0051,2021-06-01T00:00:00,2021,06,54.6,",a,,N"
Rhode Island,GHCND:US1RIKN0056,2021-06-01T00:00:00,2021,06,70.1,",a,,N"
Rhode Island,GHCND:US1RIKN0058,2021-06-01T00:00:00,2021,06,71.2,",a,,N"
Rhode Island,GHCND:US1RINW0004,2021-06-01T00:00:00,2021,06,49.0,",,,N"
Rhode Island,GHCND:US1RINW0005,2021-06-01T00:00:00,2021,06,52.3,",,,N"
Rhode Island,GHCND:US1RINW0007,2021-06-01T00:00:00,2021,06,54.1,",,,N"
Rhode Island,GHCND:US1RINW0011,2021-06-01T00:00:00,2021,06,38.1,"3,,,N"
Rhode Island,GHCND:US1RINW0016,2021-06-01T00:00:00,2021,06,46.1,"1,,,N"
Rhode Island,GHCND:US1RINW0017,2021-06-01T00:00:00,2021,06,36.5,",,,N"
Rhode Island,GHCND:US1RINW0018,2021-06-01T00:00:00,2021,06,51.3,",,,N"
Rhode Island,GHCND:US1RINW0019,2021-06-01T00:00:00,2021,06,40.7,"3,,,N"
Rhode Island,GHCND:US1RINW0020,2021-06-01T00:00:00,2021,06,41.4,",,,N"
Rhode Island,GHCND:US1RINW0023,2021-06-01T00:00:00,2021,06,42.4,"2,,,N"
Rhode Island,GHCND:US1RINW0027,2021-06-01T00:00:00,2021,06,52.8,",,,N"
Rhode Island,GHCND:US1RINW0028,2021-06-01T00:00:00,2021,06,38.1,"1,,,N"
Rhode Island,GHCND:US1RINW0030,2021-06-01T00:00:00,2021,06,53.0,",,,N"
Rhode Island,GHCND:US1RINW0031,2021-06-01T00:00:00,2021,06,35.6,"1,,,N"
Rhode Island,GHCND:US1RINW0032,2021-06-01T00:00:00,2021,06,39.7,",,,N"
Rhode Island,GHCND:US1RIPR0028,2021-06-01T00:00:00,2021,06,79.6,",,,N"
Rhode Island,GHCND:US1RIPR0033,2021-06-01T00:00:00,2021,06,73.0,",,,N"
Rhode Island,GHCND:US1RIPR0045,2021-06-01T00:00:00,2021,06,72.5,",a,,N"
Rhode Island,GHCND:US1RIPR0050,2021-06-01T00:00:00,2021,06,93.7,",,,N"
Rhode Island,GHCND:US1RIPR0051,2021-06-01T00:00:00,2021,06,80.0,",,,N"
Rhode Island,GHCND:US1RIPR0055,2021-06-01T00:00:00,2021,06,77.9,",,,N"
Rhode Island,GHCND:US1RIPR0057,2021-06-01T00:00:00,2021,06,70.7,"1,,,N"
Rhode Island,GHCND:US1RIPR0059,2021-06-01T00:00:00,2021,06,78.2,",,,N"
Rhode Island,GHCND:US1RIPR0067,2021-06-01T00:00:00,2021,06,70.0,",,,N"
Rhode Island,GHCND:US1RIPR0077,2021-06-01T00:00:00,2021,06,93.8,"2,a,,N"
Rhode Island,GHCND:US1RIPR0081,2021-06-01T00:00:00,2021,06,70.5,"5,,,N"
Rhode Island,GHCND:US1RIPR0082,2021-06-01T00:00:00,2021,06,68.5,",,,N"
Rhode Island,GHCND:US1RIPR0084,2021-06-01T00:00:00,2021,06,61.1,"1,,,N"
Rhode Island,GHCND:US1RIPR0104,2021-06-01T00:00:00,2021,06,66.1,",,,N"
Rhode Island,GHCND:US1RIPR0106,2021-06-01T00:00:00,2021,06,60.5,",,,N"
Rhode Island,GHCND:US1RIPR0108,2021-06-01T00:00:00,2021,06,94.1,"1,,,N"
Rhode Island,GHCND:US1RIPR0111,2021-06-01T00:00:00,2021,06,28.0,"3,,,N"
Rhode Island,GHCND:US1RIPR0112,2021-06-01T00:00:00,2021,06,64.7,"1,,,N"
Rhode Island,GHCND:US1RIPR0115,2021-06-01T00:00:00,2021,06,77.5,"2,,,N"
Rhode Island,GHCND:US1RIPR0119,2021-06-01T00:00:00,2021,06,72.9,",,,N"
Rhode Island,GHCND:US1RIWS0001,2021-06-01T00:00:00,2021,06,48.6,",,,N"
Rhode Island,GHCND:US1RIWS0030,2021-06-01T00:00:00,2021,06,48.5,",,,N"
Rhode Island,GHCND:US1RIWS0031,2021-06-01T00:00:00,2021,06,49.1,",,,N"
Rhode Island,GHCND:US1RIWS0036,2021-06-01T00:00:00,2021,06,49.2,",,,N"
Rhode Island,GHCND:US1RIWS0037,2021-06-01T00:00:00,2021,06,50.9,",,,N"
Rhode Island,GHCND:US1RIWS0040,2021-06-01T00:00:00,2021,06,41.6,"3,,,N"
Rhode Island,GHCND:US1RIWS0042,2021-06-01T00:00:00,2021,06,61.2,",,,N"
Rhode Island,GHCND:US1RIWS0046,2021-06-01T00:00:00,2021,06,37.3,"1,,,N"
Rhode Island,GHCND:US1RIWS0047,2021-06-01T00:00:00,2021,06,42.7,",,,N"
Rhode Island,GHCND:US1RIWS0050,2021-06-01T00:00:00,2021,06,53.2,"1,,,N"
Rhode Island,GHCND:US1RIWS0051,2021-06-01T00:00:00,2021,06,37.2,",a,,N"
Rhode Island,GHCND:US1RIWS0052,2021-06-01T00:00:00,2021,06,50.9,"4,,,N"
Rhode Island,GHCND:US1RIWS0054,2021-06-01T00:00:00,2021,06,56.1,",,,N"
Rhode Island,GHCND:US1RIWS0058,2021-06-01T00:00:00,2021,06,44.1,",,,N"
Rhode Island,GHCND:US1RIWS0064,2021-06-01T00:00:00,2021,06,65.4,",,,N"
Rhode Island,GHCND:US1RIWS0065,2021-06-01T00:00:00,2021,06,57.5,",,,N"
Rhode Island,GHCND:US1RIWS0066,2021-06-01T00:00:00,2021,06,47.7,",,,N"
Rhode Island,GHCND:US1RIWS0067,2021-06-01T00:00:00,2021,06,39.5,"3,,,N"
Rhode Island,GHCND:US1RIWS0069,2021-06-01T00:00:00,2021,06,36.3,"1,,,N"
Rhode Island,GHCND:US1RIWS0070,2021-06-01T00:00:00,2021,06,52.9,",,,N"
Rhode Island,GHCND:US1RIWS0071,2021-06-01T00:00:00,2021,06,48.3,",,,N"
Rhode Island,GHCND:US1RIWS0077,2021-06-01T00:00:00,2021,06,42.3,"1,a,,N"
Rhode Island,GHCND:US1RIWS0080,2021-06-01T00:00:00,2021,06,49.0,"2,,,N"
Rhode Island,GHCND:US1RIWS0081,2021-06-01T00:00:00,2021,06,62.4,",,,N"
Rhode Island,GHCND:US1RIWS0083,2021-06-01T00:00:00,2021,06,57.5,",,,N"
Rhode Island,GHCND:USC00370897,2021-06-01T00:00:00,2021,06,21.9,",,,7"
Rhode Island,GHCND:USC00371874,2021-06-01T00:00:00,2021,06,59.4,"1,a,,7"
Rhode Island,GHCND:USC00371875,2021-06-01T00:00:00,2021,06,88.0,",,,7"
Rhode Island,GHCND:USC00374266,2021-06-01T00:00:00,2021,06,36.9,",,,7"
Rhode Island,GHCND:USC00375270,2021-06-01T00:00:00,2021,06,77.0,",,,7"
Rhode Island,GHCND:USC00379423,2021-06-01T00:00:00,2021,06,75.3,",,,7"
Rhode Island,GHCND:USW00014765,2021-06-01T00:00:00,2021,06,72.6,",,,W"
Rhode Island,GHCND:USW00014787,2021-06-01T00:00:00,2021,06,43.8,",,,W"
Rhode Island,GHCND:USW00014794,2021-06-01T00:00:00,2021,06,39.1,",,,W"
Rhode Island,GHCND:USW00054796,2021-06-01T00:00:00,2021,06,34.2,",,,R"
Rhode Island,GHCND:USW00054797,2021-06-01T00:00:00,2021,06,39.4,",,,R"
Rhode Island,GHCND:US1RIBR0011,2021-07-01T00:00:00,2021,07,68.5,"5,,,N"
Rhode Island,GHCND:US1RIBR0012,2021-07-01T00:00:00,2021,07,165.0,"2,a,,N"
Rhode Island,GHCND:US1RIKN0002,2021-07-01T00:00:00,2021,07,163.4,",,,N"
Rhode Island,GHCND:US1RIKN0014,2021-07-01T00:00:00,2021,07,223.3,",,,N"
Rhode Island,GHCND:US1RIKN0015,2021-07-01T00:00:00,2021,07,108.3,"2,a,,N"
Rhode Island,GHCND:US1RIKN0017,2021-07-01T00:00:00,2021,07,162.9,",,,N"
Rhode Island,GHCND:US1RIKN0021,2021-07-01T00:00:00,2021,07,178.3,",,,N"
Rhode Island,GHCND:US1RIKN0023,2021-07-01T00:00:00,2021,07,182.7,",,,N"
Rhode Island,GHCND:US1RIKN0031,2021-07-01T00:00:00,2021,07,157.8,",,,N"
Rhode Island,GHCND:US1RIKN0036,2021-07-01T00:00:00,2021,07,170.2,",,,N"
Rhode Island,GHCND:US1RIKN0038,2021-07-01T00:00:00,2021,07,182.2,",,,N"
Rhode Island,GHCND:US1RIKN0040,2021-07-01T00:00:00,2021,07,157.5,"4,,,N"
Rhode Island,GHCND:US1RIKN0041,2021-07-01T00:00:00,2021,07,114.7,"5,,,N"
Rhode Island,GHCND:US1RIKN0045,2021-07-01T00:00:00,2021,07,148.2,"3,,,N"
Rhode Island,GHCND:US1RIKN0051,2021-07-01T00:00:00,2021,07,177.7,",,,N"
Rhode Island,GHCND:US1RIKN0058,2021-07-01T00:00:00,2021,07,155.0,",a,,N"
Rhode Island,GHCND:US1RINW0004,2021-07-01T00:00:00,2021,07,105.7,",,,N"
Rhode Island,GHCND:US1RINW0005,2021-07-01T00:00:00,2021,07,139.7,",,,N"
Rhode Island,GHCND:US1RINW0007,2021-07-01T00:00:00,2021,07,87.4,",,,N"
Rhode Island,GHCND:US1RINW0011,2021-07-01T00:00:00,2021,07,137.1,"1,,,N"
Rhode Island,GHCND:US1RINW0016,2021-07-01T00:00:00,2021,07,118.1,",,,N"
Rhode Island,GHCND:US1RINW0017,2021-07-01T00:00:00,2021,07,106.5,",,,N"
Rhode Island,GHCND:US1RINW0018,2021-07-01T00:00:00,2021,07,106.3,",,,N"
Rhode Island,GHCND:US1RINW0019,2021-07-01T00:00:00,2021,07,99.2,"1,,,N"
Rhode Island,GHCND:US1RINW0020,2021-07-01T00:00:00,2021,07,138.4,",,,N"
Rhode Island,GHCND:US1RINW0027,2021-07-01T00:00:00,2021,07,110.1,",,,N"
Rhode Island,GHCND:US1RINW0028,2021-07-01T00:00:00,2021,07,138.3,"3,,,N"
Rhode Island,GHCND:US1RINW0030,2021-07-01T00:00:00,2021,07,108.4,"1,a,,N"
Rhode Island,GHCND:US1RINW0031,2021-07-01T00:00:00,2021,07,100.1,"2,,,N"
Rhode Island,GHCND:US1RINW0032,2021-07-01T00:00:00,2021,07,98.7,",,,N"
Rhode Island,GHCND:US1RIPR0028,2021-07-01T00:00:00,2021,07,283.1,",,,N"
Rhode Island,GHCND:US1RIPR0033,2021-07-01T00:00:00,2021,07,250.3,",,,N"
Rhode Island,GHCND:US1RIPR0044,2021-07-01T00:00:00,2021,07,242.3,"3,a,,N"
Rhode Island,GHCND:US1RIPR0050,2021-07-01T00:00:00,2021,07,289.6,",,,N"
Rhode Island,GHCND:US1RIPR0051,2021-07-01T00:00:00,2021,07,279.5,",,,N"
Rhode Island,GHCND:US1RIPR0055,2021-07-01T00:00:00,2021,07,279.5,",a,,N"
Rhode Island,GHCND:US1RIPR0057,2021-07-01T00:00:00,2021,07,228.6,"2,,,N"
Rhode Island,GHCND:US1RIPR0059,2021-07-01T00:00:00,2021,07,299.8,",a,,N"
Rhode Island,GHCND:US1RIPR0067,2021-07-01T00:00:00,2021,07,232.7,",,,N"
Rhode Island,GHCND:US1RIPR0071,2021-07-01T00:00:00,2021,07,174.6,"4,a,,N"
Rhode Island,GHCND:US1RIPR0077,2021-07-01T00:00:00,2021,07,179.4,"1,,,N"
Rhode Island,GHCND:US1RIPR0082,2021-07-01T00:00:00,2021,07,234.5,",,,N"
Rhode Island,GHCND:US1RIPR0084,2021-07-01T00:00:00,2021,07,222.2,",a,,N"
Rhode Island,GHCND:US1RIPR0089,2021-07-01T00:00:00,2021,07,319.4,",,,N"
Rhode Island,GHCND:US1RIPR0101,2021-07-01T00:00:00,2021,07,266.7,"5,,,N"
Rhode Island,GHCND:US1RIPR0104,2021-07-01T00:00:00,2021,07,231.6,"1,,,N"
Rhode Island,GHCND:US1RIPR0105,2021-07-01T00:00:00,2021,07,245.1,",,,N"
Rhode Island,GHCND:US1RIPR0106,2021-07-01T00:00:00,2021,07,264.7,",,,N"
Rhode Island,GHCND:US1RIPR0108,2021-07-01T00:00:00,2021,07,251.2,"1,,,N"
Rhode Island,GHCND:US1RIPR0111,2021-07-01T00:00:00,2021,07,212.2,",,,N"
Rhode Island,GHCND:US1RIPR0112,2021-07-01T00:00:00,2021,07,199.1,",,,N"
Rhode Island,GHCND:US1RIPR0115,2021-07-01T00:00:00,2021,07,228.1,"1,,,N"
Rhode Island,GHCND:US1RIPR0119,2021-07-01T00:00:00,2021,07,219.4,"1,,,N"
Rhode Island,GHCND:US1RIWS0001,2021-07-01T00:00:00,2021,07,144.2,",a,,N"
Rhode Island,GHCND:US1RIWS0030,2021-07-01T00:00:00,2021,07,139.1,",,,N"
Rhode Island,GHCND:US1RIWS0036,2021-07-01T00:00:00,2021,07,117.1,",,,N"
Rhode Island,GHCND:US1RIWS0037,2021-07-01T00:00:00,2021,07,129.0,"1,a,,N"
Rhode Island,GHCND:US1RIWS0042,2021-07-01T00:00:00,2021,07,168.1,",,,N"
Rhode Island,GHCND:US1RIWS0044,2021-07-01T00:00:00,2021,07,100.6,"1,a,,N"
Rhode Island,GHCND:US1RIWS0045,2021-07-01T00:00:00,2021,07,162.7,",a,,N"
Rhode Island,GHCND:US1RIWS0046,2021-07-01T00:00:00,2021,07,94.0,"4,,,N"
Rhode Island,GHCND:US1RIWS0047,2021-07-01T00:00:00,2021,07,125.6,",,,N"
Rhode Island,GHCND:US1RIWS0050,2021-07-01T00:00:00,2021,07,224.7,",,,N"
Rhode Island,GHCND:US1RIWS0052,2021-07-01T00:00:00,2021,07,122.9,"1,,,N"
Rhode Island,GHCND:US1RIWS0054,2021-07-01T00:00:00,2021,07,148.4,",,,N"
Rhode Island,GHCND:US1RIWS0055,2021-07-01T00:00:00,2021,07,122.0,",,,N"
Rhode Island,GHCND:US1RIWS0058,2021-07-01T00:00:00,2021,07,126.1,",,,N"
Rhode Island,GHCND:US1RIWS0064,2021-07-01T00:00:00,2021,07,151.4,",,,N"
Rhode Island,GHCND:US1RIWS0065,2021-07-01T00:00:00,2021,07,123.7,",,,N"
Rhode Island,GHCND:US1RIWS0069,2021-07-01T00:00:00,2021,07,148.0,"1,,,N"
Rhode Island,GHCND:US1RIWS0070,2021-07-01T00:00:00,2021,07,128.9,",,,N"
Rhode Island,GHCND:US1RIWS0071,2021-07-01T00:00:00,2021,07,110.6,",,,N"
Rhode Island,GHCND:US1RIWS0081,2021-07-01T00:00:00,2021,07,121.3,",,,N"
Rhode Island,GHCND:USC00370897,2021-07-01T00:00:00,2021,07,67.0,",,,7"
Rhode Island,GHCND:USC00371874,2021-07-01T00:00:00,2021,07,175.8,",a,,7"
Rhode Island,GHCND:USC00371875,2021-07-01T00:00:00,2021,07,183.9,",,,7"
Rhode Island,GHCND:USC00374266,2021-07-01T00:00:00,2021,07,130.7,",,,7"
Rhode Island,GHCND:USC00375270,2021-07-01T00:00:00,2021,07,260.3,",,,7"
Rhode Island,GHCND:USW00014765,2021-07-01T00:00:00,2021,07,180.8,",,,W"
Rhode Island,GHCND:USW00014787,2021-07-01T00:00:00,2021,07,93.7,",,,W"
Rhode Island,GHCND:USW00014794,2021-07-01T00:00:00,2021,07,106.8,",,,W"
Rhode Island,GHCND:USW00054796,2021-07-01T00:00:00,2021,07,117.4,",,,R"
Rhode Island,GHCND:USW00054797,2021-07-01T00:00:00,2021,07,119.5,",,,R"
Rhode Island,GHCND:US1RIBR0005,2021-08-01T00:00:00,2021,08,148.6,",a,,N"
Rhode Island,GHCND:US1RIBR0012,2021-08-01T00:00:00,2021,08,155.8,"2,,,N"
Rhode Island,GHCND:US1RIKN0002,2021-08-01T00:00:00,2021,08,154.4,",,,N"
Rhode Island,GHCND:US1RIKN0014,2021-08-01T00:00:00,2021,08,165.2,",,,N"
Rhode Island,GHCND:US1RIKN0015,2021-08-01T00:00:00,2021,08,133.0,"4,,,N"
Rhode Island,GHCND:US1RIKN0021,2021-08-01T00:00:00,2021,08,100.0,",,,N"
Rhode Island,GHCND:US1RIKN0023,2021-08-01T00:00:00,2021,08,115.6,"3,,,N"
Rhode Island,GHCND:US1RIKN0031,2021-08-01T00:00:00,2021,08,147.1,",,,N"
Rhode Island,GHCND:US1RIKN0034,2021-08-01T00:00:00,2021,08,91.1,"4,a,,N"
Rhode Island,GHCND:US1RIKN0036,2021-08-01T00:00:00,2021,08,92.4,",,,N"
Rhode Island,GHCND:US1RIKN0038,2021-08-01T00:00:00,2021,08,127.3,",,,N"
Rhode Island,GHCND:US1RIKN0040,2021-08-01T00:00:00,2021,08,111.8,"2,,,N"
Rhode Island,GHCND:US1RIKN0041,2021-08-01T00:00:00,2021,08,155.5,"5,,,N"
Rhode Island,GHCND:US1RIKN0051,2021-08-01T00:00:00,2021,08,113.0,",a,,N"
Rhode Island,GHCND:US1RIKN0056,2021-08-01T00:00:00,2021,08,64.0,"5,,,N"
Rhode Island,GHCND:US1RIKN0058,2021-08-01T00:00:00,2021,08,91.7,",a,,N"
Rhode Island,GHCND:US1RINW0004,2021-08-01T00:00:00,2021,08,115.1,"2,,,N"
Rhode Island,GHCND:US1RINW0005,2021-08-01T00:00:00,2021,08,255.0,",,,N"
Rhode Island,GHCND:US1RINW0007,2021-08-01T00:00:00,2021,08,173.3,",,,N"
Rhode Island,GHCND:US1RINW0011,2021-08-01T00:00:00,2021,08,193.2,"3,,,N"
Rhode Island,GHCND:US1RINW0016,2021-08-01T00:00:00,2021,08,186.9,"1,,,N"
Rhode Island,GHCND:US1RINW0017,2021-08-01T00:00:00,2021,08,179.7,",,,N"
Rhode Island,GHCND:US1RINW0018,2021-08-01T00:00:00,2021,08,175.3,",,,N"
Rhode Island,GHCND:US1RINW0019,2021-08-01T00:00:00,2021,08,134.9,"2,,,N"
Rhode Island,GHCND:US1RINW0020,2021-08-01T00:00:00,2021,08,182.9,",,,N"
Rhode Island,GHCND:US1RINW0023,2021-08-01T00:00:00,2021,08,168.0,"2,,,N"
Rhode Island,GHCND:US1RINW0027,2021-08-01T00:00:00,2021,08,154.9,"1,,,N"
Rhode Island,GHCND:US1RINW0028,2021-08-01T00:00:00,2021,08,189.1,",,,N"
Rhode Island,GHCND:US1RINW0030,2021-08-01T00:00:00,2021,08,186.8,",,,N"
Rhode Island,GHCND:US1RINW0031,2021-08-01T00:00:00,2021,08,140.2,",,,N"
Rhode Island,GHCND:US1RINW0032,2021-08-01T00:00:00,2021,08,166.0,",,,N"
Rhode Island,GHCND:US1RIPR0028,2021-08-01T00:00:00,2021,08,114.4,",,,N"
Rhode Island,GHCND:US1RIPR0033,2021-08-01T00:00:00,2021,08,100.9,",,,N"
Rhode Island,GHCND:US1RIPR0045,2021-08-01T00:00:00,2021,08,113.4,",a,,N"
Rhode Island,GHCND:US1RIPR0050,2021-08-01T00:00:00,2021,08,128.9,",,,N"
Rhode Island,GHCND:US1RIPR0051,2021-08-01T00:00:00,2021,08,112.2,",,,N"
Rhode Island,GHCND:US1RIPR0057,2021-08-01T00:00:00,2021,08,95.9,"3,,,N"
Rhode Island,GHCND:US1RIPR0059,2021-08-01T00:00:00,2021,08,124.1,"3,,,N"
Rhode Island,GHCND:US1RIPR0067,2021-08-01T00:00:00,2021,08,111.3,",,,N"
Rhode Island,GHCND:US1RIPR0071,2021-08-01T00:00:00,2021,08,115.2,"4,a,,N"
Rhode Island,GHCND:US1RIPR0077,2021-08-01T00:00:00,2021,08,161.0,"3,a,,N"
Rhode Island,GHCND:US1RIPR0082,2021-08-01T00:00:00,2021,08,105.2,",,,N"
Rhode Island,GHCND:US1RIPR0089,2021-08-01T00:00:00,2021,08,121.0,",,,N"
Rhode Island,GHCND:US1RIPR0104,2021-08-01T00:00:00,2021,08,121.4,",,,N"
Rhode Island,GHCND:US1RIPR0106,2021-08-01T00:00:00,2021,08,95.0,",,,N"
Rhode Island,GHCND:US1RIPR0108,2021-08-01T00:00:00,2021,08,149.3,",,,N"
Rhode Island,GHCND:US1RIPR0111,2021-08-01T00:00:00,2021,08,122.4,"5,,,N"
Rhode Island,GHCND:US1RIPR0112,2021-08-01T00:00:00,2021,08,99.5,"4,,,N"
Rhode Island,GHCND:US1RIPR0115,2021-08-01T00:00:00,2021,08,126.8,"2,,,N"
Rhode Island,GHCND:US1RIPR0119,2021-08-01T00:00:00,2021,08,124.1,",,,N"
Rhode Island,GHCND:US1RIWS0001,2021-08-01T00:00:00,2021,08,162.2,",,,N"
Rhode Island,GHCND:US1RIWS0030,2021-08-01T00:00:00,2021,08,115.7,",,,N"
Rhode Island,GHCND:US1RIWS0031,2021-08-01T00:00:00,2021,08,143.5,",,,N"
Rhode Island,GHCND:US1RIWS0036,2021-08-01T00:00:00,2021,08,149.7,",,,N"
Rhode Island,GHCND:US1RIWS0037,2021-08-01T00:00:00,2021,08,164.1,",,,N"
Rhode Island,GHCND:US1RIWS0040,2021-08-01T00:00:00,2021,08,116.5,",,,N"
Rhode Island,GHCND:US1RIWS0042,2021-08-01T00:00:00,2021,08,161.0,",,,N"
Rhode Island,GHCND:US1RIWS0044,2021-08-01T00:00:00,2021,08,170.5,"4,a,,N"
Rhode Island,GHCND:US1RIWS0045,2021-08-01T00:00:00,2021,08,187.2,",,,N"
Rhode Island,GHCND:US1RIWS0046,2021-08-01T00:00:00,2021,08,83.4,"2,,,N"
Rhode Island,GHCND:US1RIWS0047,2021-08-01T00:00:00,2021,08,132.7,",,,N"
Rhode Island,GHCND:US1RIWS0050,2021-08-01T00:00:00,2021,08,156.6,",a,,N"
Rhode Island,GHCND:US1RIWS0051,2021-08-01T00:00:00,2021,08,153.6,"4,a,,N"
Rhode Island,GHCND:US1RIWS0052,2021-08-01T00:00:00,2021,08,174.6,",,,N"
Rhode Island,GHCND:US1RIWS0054,2021-08-01T00:00:00,2021,08,166.8,"1,,,N"
Rhode Island,GHCND:US1RIWS0055,2021-08-01T00:00:00,2021,08,175.3,",a,,N"
Rhode Island,GHCND:US1RIWS0058,2021-08-01T00:00:00,2021,08,163.3,",,,N"
Rhode Island,GHCND:US1RIWS0064,2021-08-01T00:00:00,2021,08,140.8,"3,,,N"
Rhode Island,GHCND:US1RIWS0066,2021-08-01T00:00:00,2021,08,171.2,"4,,,N"
Rhode Island,GHCND:US1RIWS0067,2021-08-01T00:00:00,2021,08,167.2,"3,a,,N"
Rhode Island,GHCND:US1RIWS0069,2021-08-01T00:00:00,2021,08,168.5,",,,N"
Rhode Island,GHCND:US1RIWS0070,2021-08-01T00:00:00,2021,08,169.6,",,,N"
Rhode Island,GHCND:US1RIWS0071,2021-08-01T00:00:00,2021,08,165.4,",,,N"
Rhode Island,GHCND:US1RIWS0081,2021-08-01T00:00:00,2021,08,78.1,"2,,,N"
Rhode Island,GHCND:US1RIWS0083,2021-08-01T00:00:00,2021,08,173.3,"3,,,N"
Rhode Island,GHCND:USC00370897,2021-08-01T00:00:00,2021,08,164.6,",,,7"
Rhode Island,GHCND:USC00371874,2021-08-01T00:00:00,2021,08,92.7,",a,,7"
Rhode Island,GHCND:USC00371875,2021-08-01T00:00:00,2021,08,110.5,",,,7"
Rhode Island,GHCND:USC00374266,2021-08-01T00:00:00,2021,08,176.3,",,,7"
Rhode Island,GHCND:USC00375270,2021-08-01T00:00:00,2021,08,138.8,",,,7"
Rhode Island,GHCND:USW00014765,2021-08-01T00:00:00,2021,08,122.9,",,,W"
Rhode Island,GHCND:USW00014787,2021-08-01T00:00:00,2021,08,162.9,",,,W"
Rhode Island,GHCND:USW00014794,2021-08-01T00:00:00,2021,08,69.6,"1,,,W"
Rhode Island,GHCND:USW00054796,2021-08-01T00:00:00,2021,08,156.4,",,,R"
Rhode Island,GHCND:USW00054797,2021-08-01T00:00:00,2021,08,142.4,",,,R"
Rhode Island,GHCND:US1RIBR0005,2021-09-01T00:00:00,2021,09,174.4,",,,N"
Rhode Island,GHCND:US1RIBR0011,2021-09-01T00:00:00,2021,09,181.9,",,,N"
Rhode Island,GHCND:US1RIBR0012,2021-09-01T00:00:00,2021,09,52.4,"4,a,,N"
Rhode Island,GHCND:US1RIKN0002,2021-09-01T00:00:00,2021,09,179.2,",,,N"
Rhode Island,GHCND:US1RIKN0014,2021-09-01T00:00:00,2021,09,153.5,",,,N"
Rhode Island,GHCND:US1RIKN0015,2021-09-01T00:00:00,2021,09,172.6,"5,a,,N"
Rhode Island,GHCND:US1RIKN0021,2021-09-01T00:00:00,2021,09,148.4,",,,N"
Rhode Island,GHCND:US1RIKN0023,2021-09-01T00:00:00,2021,09,133.8,"1,a,,N"
Rhode Island,GHCND:US1RIKN0030,2021-09-01T00:00:00,2021,09,150.2,"3,,,N"
Rhode Island,GHCND:US1RIKN0034,2021-09-01T00:00:00,2021,09,139.5,"2,a,,N"
Rhode Island,GHCND:US1RIKN0036,2021-09-01T00:00:00,2021,09,138.0,"2,,,N"
Rhode Island,GHCND:US1RIKN0038,2021-09-01T00:00:00,2021,09,130.5,",,,N"
Rhode Island,GHCND:US1RIKN0040,2021-09-01T00:00:00,2021,09,147.3,"2,,,N"
Rhode Island,GHCND:US1RIKN0041,2021-09-01T00:00:00,2021,09,178.9,"1,,,N"
Rhode Island,GHCND:US1RIKN0045,2021-09-01T00:00:00,2021,09,175.8,",a,,N"
Rhode Island,GHCND:US1RIKN0051,2021-09-01T00:00:00,2021,09,154.3,",a,,N"
Rhode Island,GHCND:US1RIKN0058,2021-09-01T00:00:00,2021,09,152.2,",a,,N"
Rhode Island,GHCND:US1RINW0004,2021-09-01T00:00:00,2021,09,222.3,"1,,,N"
Rhode Island,GHCND:US1RINW0005,2021-09-01T00:00:00,2021,09,247.6,",,,N"
Rhode Island,GHCND:US1RINW0007,2021-09-01T00:00:00,2021,09,222.0,",,,N"
Rhode Island,GHCND:US1RINW0016,2021-09-01T00:00:00,2021,09,282.4,",,,N"
Rhode Island,GHCND:US1RINW0017,2021-09-01T00:00:00,2021,09,237.0,",,,N"
Rhode Island,GHCND:US1RINW0018,2021-09-01T00:00:00,2021,09,204.6,",,,N"
Rhode Island,GHCND:US1RINW0019,2021-09-01T00:00:00,2021,09,86.2,"2,,,N"
Rhode Island,GHCND:US1RINW0020,2021-09-01T00:00:00,2021,09,228.0,",,,N"
Rhode Island,GHCND:US1RINW0023,2021-09-01T00:00:00,2021,09,206.9,"3,,,N"
Rhode Island,GHCND:US1RINW0027,2021-09-01T00:00:00,2021,09,250.6,",,,N"
Rhode Island,GHCND:US1RINW0028,2021-09-01T00:00:00,2021,09,255.2,"1,,,N"
Rhode Island,GHCND:US1RINW0030,2021-09-01T00:00:00,2021,09,268.2,",,,N"
Rhode Island,GHCND:US1RINW0031,2021-09-01T00:00:00,2021,09,204.7,"2,,,N"
Rhode Island,GHCND:US1RINW0032,2021-09-01T00:00:00,2021,09,211.1,",,,N"
Rhode Island,GHCND:US1RIPR0028,2021-09-01T00:00:00,2021,09,163.1,",,,N"
Rhode Island,GHCND:US1RIPR0033,2021-09-01T00:00:00,2021,09,156.9,",,,N"
Rhode Island,GHCND:US1RIPR0044,2021-09-01T00:00:00,2021,09,150.9,"5,a,,N"
Rhode Island,GHCND:US1RIPR0045,2021-09-01T00:00:00,2021,09,160.3,",,,N"
Rhode Island,GHCND:US1RIPR0050,2021-09-01T00:00:00,2021,09,162.4,",,,N"
Rhode Island,GHCND:US1RIPR0051,2021-09-01T00:00:00,2021,09,154.5,",,,N"
Rhode Island,GHCND:US1RIPR0055,2021-09-01T00:00:00,2021,09,149.8,",a,,N"
Rhode Island,GHCND:US1RIPR0057,2021-09-01T00:00:00,2021,09,150.4,"1,a,,N"
Rhode Island,GHCND:US1RIPR0059,2021-09-01T00:00:00,2021,09,156.7,"1,,,N"
Rhode Island,GHCND:US1RIPR0067,2021-09-01T00:00:00,2021,09,135.0,",,,N"
Rhode Island,GHCND:US1RIPR0071,2021-09-01T00:00:00,2021,09,167.4,",a,,N"
Rhode Island,GHCND:US1RIPR0077,2021-09-01T00:00:00,2021,09,154.9,"1,,,N"
Rhode Island,GHCND:US1RIPR0082,2021-09-01T00:00:00,2021,09,146.8,",,,N"
Rhode Island,GHCND:US1RIPR0089,2021-09-01T00:00:00,2021,09,166.5,",,,N"
Rhode Island,GHCND:US1RIPR0104,2021-09-01T00:00:00,2021,09,145.6,",,,N"
Rhode Island,GHCND:US1RIPR0105,2021-09-01T00:00:00,2021,09,131.5,"5,,,N"
Rhode Island,GHCND:US1RIPR0108,2021-09-01T00:00:00,2021,09,127.4,",,,N"
Rhode Island,GHCND:US1RIPR0111,2021-09-01T00:00:00,2021,09,131.3,"4,,,N"
Rhode Island,GHCND:US1RIPR0112,2021-09-01T00:00:00,2021,09,149.4,"2,,,N"
Rhode Island,GHCND:US1RIPR0115,2021-09-01T00:00:00,2021,09,131.3,"4,,,N"
Rhode Island,GHCND:US1RIPR0119,2021-09-01T00:00:00,2021,09,134.1,"1,,,N"
Rhode Island,GHCND:US1RIPR0121,2021-09-01T00:00:00,2021,09,55.1,"5,,,N"
Rhode Island,GHCND:US1RIWS0001,2021-09-01T00:00:00,2021,09,196.4,",a,,N"
Rhode Island,GHCND:US1RIWS0030,2021-09-01T00:00:00,2021,09,175.9,",,,N"
Rhode Island,GHCND:US1RIWS0031,2021-09-01T00:00:00,2021,09,212.6,",,,N"
Rhode Island,GHCND:US1RIWS0036,2021-09-01T00:00:00,2021,09,189.3,",,,N"
Rhode Island,GHCND:US1RIWS0037,2021-09-01T00:00:00,2021,09,241.9,",,,N"
Rhode Island,GHCND:US1RIWS0040,2021-09-01T00:00:00,2021,09,191.9,",,,N"
Rhode Island,GHCND:US1RIWS0042,2021-09-01T00:00:00,2021,09,175.1,",,,N"
Rhode Island,GHCND:US1RIWS0050,2021-09-01T00:00:00,2021,09,216.4,"1,a,,N"
Rhode Island,GHCND:US1RIWS0051,2021-09-01T00:00:00,2021,09,203.8,",a,,N"
Rhode Island,GHCND:US1RIWS0052,2021-09-01T00:00:00,2021,09,238.4,",,,N"
Rhode Island,GHCND:US1RIWS0053,2021-09-01T00:00:00,2021,09,170.8,"3,a,,N"
Rhode Island,GHCND:US1RIWS0054,2021-09-01T00:00:00,2021,09,229.6,",,,N"
Rhode Island,GHCND:US1RIWS0055,2021-09-01T00:00:00,2021,09,242.1,",a,,N"
Rhode Island,GHCND:US1RIWS0058,2021-09-01T00:00:00,2021,09,243.9,"2,,,N"
Rhode Island,GHCND:US1RIWS0064,2021-09-01T00:00:00,2021,09,191.8,"1,,,N"
Rhode Island,GHCND:US1RIWS0065,2021-09-01T00:00:00,2021,09,222.2,"2,,,N"
Rhode Island,GHCND:US1RIWS0066,2021-09-01T00:00:00,2021,09,227.1,",,,N"
Rhode Island,GHCND:US1RIWS0069,2021-09-01T00:00:00,2021,09,208.6,",,,N"
Rhode Island,GHCND:US1RIWS0070,2021-09-01T00:00:00,2021,09,219.6,",,,N"
Rhode Island,GHCND:US1RIWS0071,2021-09-01T00:00:00,2021,09,240.6,",,,N"
Rhode Island,GHCND:US1RIWS0076,2021-09-01T00:00:00,2021,09,207.8,"1,a,,N"
Rhode Island,GHCND:US1RIWS0080,2021-09-01T00:00:00,2021,09,218.1,"1,,,N"
Rhode Island,GHCND:US1RIWS0081,2021-09-01T00:00:00,2021,09,226.1,",,,N"
Rhode Island,GHCND:US1RIWS0083,2021-09-01T00:00:00,2021,09,236.1,"2,,,N"
Rhode Island,GHCND:USC00370897,2021-09-01T00:00:00,2021,09,138.7,",,,7"
Rhode Island,GHCND:USC00371874,2021-09-01T00:00:00,2021,09,137.4,",a,,7"
Rhode Island,GHCND:USC00371875,2021-09-01T00:00:00,2021,09,159.4,",,,7"
Rhode Island,GHCND:USC00374266,2021-09-01T00:00:00,2021,09,225.5,",,,7"
Rhode Island,GHCND:USC00375270,2021-09-01T00:00:00,2021,09,174.8,",,,7"
Rhode Island,GHCND:USW00014765,2021-09-01T00:00:00,2021,09,131.9,",,,W"
Rhode Island,GHCND:USW00014787,2021-09-01T00:00:00,2021,09,238.3,",,,W"
Rhode Island,GHCND:USW00014794,2021-09-01T00:00:00,2021,09,167.9,",,,W"
Rhode Island,GHCND:USW00054796,2021-09-01T00:00:00,2021,09,206.5,",,,R"
Rhode Island,GHCND:USW00054797,2021-09-01T00:00:00,2021,09,216.4,",,,R"
Rhode Island,GHCND:US1RIBR0005,2021-10-01T00:00:00,2021,10,146.3,",,,N"
Rhode Island,GHCND:US1RIBR0011,2021-10-01T00:00:00,2021,10,133.3,",,,N"
Rhode Island,GHCND:US1RIBR0012,2021-10-01T00:00:00,2021,10,95.6,"2,,,N"
Rhode Island,GHCND:US1RIKN0002,2021-10-01T00:00:00,2021,10,154.9,",,,N"
Rhode Island,GHCND:US1RIKN0014,2021-10-01T00:00:00,2021,10,135.1,",,,N"
Rhode Island,GHCND:US1RIKN0015,2021-10-01T00:00:00,2021,10,109.7,"2,,,N"
Rhode Island,GHCND:US1RIKN0021,2021-10-01T00:00:00,2021,10,144.9,",,,N"
Rhode Island,GHCND:US1RIKN0031,2021-10-01T00:00:00,2021,10,148.8,"3,,,N"
Rhode Island,GHCND:US1RIKN0036,2021-10-01T00:00:00,2021,10,139.4,",,,N"
Rhode Island,GHCND:US1RIKN0037,2021-10-01T00:00:00,2021,10,142.3,",,,N"
Rhode Island,GHCND:US1RIKN0038,2021-10-01T00:00:00,2021,10,147.0,",,,N"
Rhode Island,GHCND:US1RIKN0041,2021-10-01T00:00:00,2021,10,144.6,"2,,,N"
Rhode Island,GHCND:US1RIKN0045,2021-10-01T00:00:00,2021,10,107.5,"1,a,,N"
Rhode Island,GHCND:US1RIKN0056,2021-10-01T00:00:00,2021,10,113.0,"3,,,N"
Rhode Island,GHCND:US1RIKN0058,2021-10-01T00:00:00,2021,10,128.1,",a,,N"
Rhode Island,GHCND:US1RIKN0059,2021-10-01T00:00:00,2021,10,160.9,",,,N"
Rhode Island,GHCND:US1RINW0004,2021-10-01T00:00:00,2021,10,98.6,",,,N"
Rhode Island,GHCND:US1RINW0005,2021-10-01T00:00:00,2021,10,143.8,",,,N"
Rhode Island,GHCND:US1RINW0007,2021-10-01T00:00:00,2021,10,127.2,",,,N"
Rhode Island,GHCND:US1RINW0011,2021-10-01T00:00:00,2021,10,168.4,"1,,,N"
Rhode Island,GHCND:US1RINW0016,2021-10-01T00:00:00,2021,10,128.1,",,,N"
Rhode Island,GHCND:US1RINW0017,2021-10-01T00:00:00,2021,10,136.4,",,,N"
Rhode Island,GHCND:US1RINW0018,2021-10-01T00:00:00,2021,10,122.3,",,,N"
Rhode Island,GHCND:US1RINW0019,2021-10-01T00:00:00,2021,10,130.9,"1,,,N"
Rhode Island,GHCND:US1RINW0020,2021-10-01T00:00:00,2021,10,142.5,",,,N"
Rhode Island,GHCND:US1RINW0023,2021-10-01T00:00:00,2021,10,95.4,"3,,,N"
Rhode Island,GHCND:US1RINW0027,2021-10-01T00:00:00,2021,10,112.4,",,,N"
Rhode Island,GHCND:US1RINW0028,2021-10-01T00:00:00,2021,10,150.7,",,,N"
Rhode Island,GHCND:US1RINW0030,2021-10-01T00:00:00,2021,10,124.4,"1,,,N"
Rhode Island,GHCND:US1RINW0031,2021-10-01T00:00:00,2021,10,123.7,"2,a,,N"
Rhode Island,GHCND:US1RINW0032,2021-10-01T00:00:00,2021,10,124.5,",,,N"
Rhode Island,GHCND:US1RIPR0028,2021-10-01T00:00:00,2021,10,193.6,",,,N"
Rhode Island,GHCND:US1RIPR0033,2021-10-01T00:00:00,2021,10,176.2,",,,N"
Rhode Island,GHCND:US1RIPR0045,2021-10-01T00:00:00,2021,10,198.0,",,,N"
Rhode Island,GHCND:US1RIPR0050,2021-10-01T00:00:00,2021,10,181.0,",,,N"
Rhode Island,GHCND:US1RIPR0051,2021-10-01T00:00:00,2021,10,191.8,",,,N"
Rhode Island,GHCND:US1RIPR0055,2021-10-01T00:00:00,2021,10,158.3,",,,N"
Rhode Island,GHCND:US1RIPR0057,2021-10-01T00:00:00,2021,10,157.1,",,,N"
Rhode Island,GHCND:US1RIPR0059,2021-10-01T00:00:00,2021,10,202.7,"2,,,N"
Rhode Island,GHCND:US1RIPR0067,2021-10-01T00:00:00,2021,10,158.5,",,,N"
Rhode Island,GHCND:US1RIPR0071,2021-10-01T00:00:00,2021,10,164.7,"1,,,N"
Rhode Island,GHCND:US1RIPR0082,2021-10-01T00:00:00,2021,10,170.7,",,,N"
Rhode Island,GHCND:US1RIPR0084,2021-10-01T00:00:00,2021,10,112.8,"4,,,N"
Rhode Island,GHCND:US1RIPR0089,2021-10-01T00:00:00,2021,10,200.2,"1,,,N"
Rhode Island,GHCND:US1RIPR0104,2021-10-01T00:00:00,2021,10,154.5,",,,N"
Rhode Island,GHCND:US1RIPR0105,2021-10-01T00:00:00,2021,10,151.8,",,,N"
Rhode Island,GHCND:US1RIPR0106,2021-10-01T00:00:00,2021,10,155.6,",,,N"
Rhode Island,GHCND:US1RIPR0108,2021-10-01T00:00:00,2021,10,141.4,",,,N"
Rhode Island,GHCND:US1RIPR0111,2021-10-01T00:00:00,2021,10,162.1,"5,,,N"
Rhode Island,GHCND:US1RIPR0112,2021-10-01T00:00:00,2021,10,136.1,"3,,,N"
Rhode Island,GHCND:US1RIPR0115,2021-10-01T00:00:00,2021,10,148.3,"5,,,N"
Rhode Island,GHCND:US1RIPR0119,2021-10-01T00:00:00,2021,10,148.4,"2,,,N"
Rhode Island,GHCND:US1RIPR0121,2021-10-01T00:00:00,2021,10,162.6,"1,,,N"
Rhode Island,GHCND:US1RIWS0001,2021-10-01T00:00:00,2021,10,133.6,",a,,N"
Rhode Island,GHCND:US1RIWS0030,2021-10-01T00:00:00,2021,10,117.7,",,,N"
Rhode Island,GHCND:US1RIWS0031,2021-10-01T00:00:00,2021,10,124.2,",,,N"
Rhode Island,GHCND:US1RIWS0036,2021-10-01T00:00:00,2021,10,135.7,",,,N"
Rhode Island,GHCND:US1RIWS0037,2021-10-01T00:00:00,2021,10,113.5,",a,,N"
Rhode Island,GHCND:US1RIWS0040,2021-10-01T00:00:00,2021,10,144.6,",a,,N"
Rhode Island,GHCND:US1RIWS0042,2021-10-01T00:00:00,2021,10,130.7,",,,N"
Rhode Island,GHCND:US1RIWS0047,2021-10-01T00:00:00,2021,10,118.8,",,,N"
Rhode Island,GHCND:US1RIWS0050,2021-10-01T00:00:00,2021,10,151.4,"4,,,N"
Rhode Island,GHCND:US1RIWS0051,2021-10-01T00:00:00,2021,10,138.8,",,,N"
Rhode Island,GHCND:US1RIWS0054,2021-10-01T00:00:00,2021,10,136.6,",,,N"
Rhode Island,GHCND:US1RIWS0055,2021-10-01T00:00:00,2021,10,134.9,",,,N"
Rhode Island,GHCND:US1RIWS0058,2021-10-01T00:00:00,2021,10,129.0,"1,,,N"
Rhode Island,GHCND:US1RIWS0061,2021-10-01T00:00:00,2021,10,138.0,"2,,,N"
Rhode Island,GHCND:US1RIWS0065,2021-10-01T00:00:00,2021,10,122.0,",,,N"
Rhode Island,GHCND:US1RIWS0066,2021-10-01T00:00:00,2021,10,132.4,",,,N"
Rhode Island,GHCND:US1RIWS0067,2021-10-01T00:00:00,2021,10,127.5,"4,,,N"
Rhode Island,GHCND:US1RIWS0069,2021-10-01T00:00:00,2021,10,112.2,"1,,,N"
Rhode Island,GHCND:US1RIWS0070,2021-10-01T00:00:00,2021,10,133.6,",,,N"
Rhode Island,GHCND:US1RIWS0071,2021-10-01T00:00:00,2021,10,117.4,",,,N"
Rhode Island,GHCND:US1RIWS0077,2021-10-01T00:00:00,2021,10,127.0,",a,,N"
Rhode Island,GHCND:US1RIWS0080,2021-10-01T00:00:00,2021,10,118.2,"1,,,N"
Rhode Island,GHCND:US1RIWS0081,2021-10-01T00:00:00,2021,10,123.0,",,,N"
Rhode Island,GHCND:US1RIWS0083,2021-10-01T00:00:00,2021,10,125.5,"3,,,N"
Rhode Island,GHCND:USC00370897,2021-10-01T00:00:00,2021,10,170.9,",,,7"
Rhode Island,GHCND:USC00371874,2021-10-01T00:00:00,2021,10,150.6,",,,7"
Rhode Island,GHCND:USC00371875,2021-10-01T00:00:00,2021,10,151.7,",,,7"
Rhode Island,GHCND:USC00374266,2021-10-01T00:00:00,2021,10,133.8,",,,7"
Rhode Island,GHCND:USC00375270,2021-10-01T00:00:00,2021,10,154.5,",,,7"
Rhode Island,GHCND:USW00014765,2021-10-01T00:00:00,2021,10,141.3,",,,W"
Rhode Island,GHCND:USW00014787,2021-10-01T00:00:00,2021,10,121.0,",,,W"
Rhode Island,GHCND:USW00014794,2021-10-01T00:00:00,2021,10,109.0,",,,W"
Rhode Island,GHCND:USW00054796,2021-10-01T00:00:00,2021,10,116.4,",,,R"
Rhode Island,GHCND:USW00054797,2021-10-01T00:00:00,2021,10,126.7,",,,R"
Rhode Island,GHCND:US1RIBR0005,2021-11-01T00:00:00,2021,11,49.2,",,,N"
Rhode Island,GHCND:US1RIBR0011,2021-11-01T00:00:00,2021,11,40.0,",a,,N"
Rhode Island,GHCND:US1RIBR0012,2021-11-01T00:00:00,2021,11,47.9,"1,,,N"
Rhode Island,GHCND:US1RIKN0002,2021-11-01T00:00:00,2021,11,56.7,",,,N"
Rhode Island,GHCND:US1RIKN0014,2021-11-01T00:00:00,2021,11,65.2,",,,N"
Rhode Island,GHCND:US1RIKN0017,2021-11-01T00:00:00,2021,11,64.4,",,,N"
Rhode Island,GHCND:US1RIKN0021,2021-11-01T00:00:00,2021,11,83.4,",,,N"
Rhode Island,GHCND:US1RIKN0023,2021-11-01T00:00:00,2021,11,54.1,",,,N"
Rhode Island,GHCND:US1RIKN0036,2021-11-01T00:00:00,2021,11,71.9,",,,N"
Rhode Island,GHCND:US1RIKN0037,2021-11-01T00:00:00,2021,11,58.4,",,,N"
Rhode Island,GHCND:US1RIKN0038,2021-11-01T00:00:00,2021,11,60.3,",,,N"
Rhode Island,GHCND:US1RIKN0041,2021-11-01T00:00:00,2021,11,35.6,"1,,,N"
Rhode Island,GHCND:US1RIKN0051,2021-11-01T00:00:00,2021,11,22.8,"4,,,N"
Rhode Island,GHCND:US1RIKN0056,2021-11-01T00:00:00,2021,11,46.4,"1,a,,N"
Rhode Island,GHCND:US1RIKN0058,2021-11-01T00:00:00,2021,11,71.2,",a,,N"
Rhode Island,GHCND:US1RIKN0059,2021-11-01T00:00:00,2021,11,81.5,",,,N"
Rhode Island,GHCND:US1RINW0004,2021-11-01T00:00:00,2021,11,17.2,",,,N"
Rhode Island,GHCND:US1RINW0007,2021-11-01T00:00:00,2021,11,33.7,",,,N"
Rhode Island,GHCND:US1RINW0011,2021-11-01T00:00:00,2021,11,33.5,"4,,,N"
Rhode Island,GHCND:US1RINW0016,2021-11-01T00:00:00,2021,11,39.8,",,,N"
Rhode Island,GHCND:US1RINW0017,2021-11-01T00:00:00,2021,11,47.5,",,,N"
Rhode Island,GHCND:US1RINW0018,2021-11-01T00:00:00,2021,11,33.4,",,,N"
Rhode Island,GHCND:US1RINW0019,2021-11-01T00:00:00,2021,11,33.9,"4,,,N"
Rhode Island,GHCND:US1RINW0020,2021-11-01T00:00:00,2021,11,39.4,",,,N"
Rhode Island,GHCND:US1RINW0027,2021-11-01T00:00:00,2021,11,37.6,",,,N"
Rhode Island,GHCND:US1RINW0028,2021-11-01T00:00:00,2021,11,34.2,"3,,,N"
Rhode Island,GHCND:US1RINW0030,2021-11-01T00:00:00,2021,11,40.2,",,,N"
Rhode Island,GHCND:US1RINW0031,2021-11-01T00:00:00,2021,11,29.5,"2,,,N"
Rhode Island,GHCND:US1RINW0032,2021-11-01T00:00:00,2021,11,35.8,",,,N"
Rhode Island,GHCND:US1RIPR0028,2021-11-01T00:00:00,2021,11,55.6,",,,N"
Rhode Island,GHCND:US1RIPR0033,2021-11-01T00:00:00,2021,11,55.7,",,,N"
Rhode Island,GHCND:US1RIPR0044,2021-11-01T00:00:00,2021,11,60.7,"2,,,N"
Rhode Island,GHCND:US1RIPR0045,2021-11-01T00:00:00,2021,11,54.1,",,,N"
Rhode Island,GHCND:US1RIPR0050,2021-11-01T00:00:00,2021,11,70.6,",,,N"
Rhode Island,GHCND:US1RIPR0051,2021-11-01T00:00:00,2021,11,57.9,",,,N"
Rhode Island,GHCND:US1RIPR0055,2021-11-01T00:00:00,2021,11,56.4,"1,a,,N"
Rhode Island,GHCND:US1RIPR0059,2021-11-01T00:00:00,2021,11,56.9,"3,,,N"
Rhode Island,GHCND:US1RIPR0067,2021-11-01T00:00:00,2021,11,66.2,",,,N"
Rhode Island,GHCND:US1RIPR0071,2021-11-01T00:00:00,2021,11,45.2,"1,,,N"
Rhode Island,GHCND:US1RIPR0084,2021-11-01T00:00:00,2021,11,68.0,"1,a,,N"
Rhode Island,GHCND:US1RIPR0089,2021-11-01T00:00:00,2021,11,64.1,",,,N"
Rhode Island,GHCND:US1RIPR0104,2021-11-01T00:00:00,2021,11,67.1,",,,N"
Rhode Island,GHCND:US1RIPR0106,2021-11-01T00:00:00,2021,11,73.2,",,,N"
Rhode Island,GHCND:US1RIPR0108,2021-11-01T00:00:00,2021,11,54.1,"1,a,,N"
Rhode Island,GHCND:US1RIPR0111,2021-11-01T00:00:00,2021,11,78.6,"1,,,N"
Rhode Island,GHCND:US1RIPR0112,2021-11-01T00:00:00,2021,11,76.6,",,,N"
Rhode Island,GHCND:US1RIPR0119,2021-11-01T00:00:00,2021,11,58.0,"2,,,N"
Rhode Island,GHCND:US1RIPR0121,2021-11-01T00:00:00,2021,11,68.9,"2,,,N"
Rhode Island,GHCND:US1RIWS0001,2021-11-01T00:00:00,2021,11,26.4,"2,,,N"
Rhode Island,GHCND:US1RIWS0030,2021-11-01T00:00:00,2021,11,54.7,"1,,,N"
Rhode Island,GHCND:US1RIWS0031,2021-11-01T00:00:00,2021,11,55.8,",,,N"
Rhode Island,GHCND:US1RIWS0036,2021-11-01T00:00:00,2021,11,56.2,",,,N"
Rhode Island,GHCND:US1RIWS0037,2021-11-01T00:00:00,2021,11,49.9,",,,N"
Rhode Island,GHCND:US1RIWS0040,2021-11-01T00:00:00,2021,11,71.4,"2,,,N"
Rhode Island,GHCND:US1RIWS0042,2021-11-01T00:00:00,2021,11,73.0,",,,N"
Rhode Island,GHCND:US1RIWS0047,2021-11-01T00:00:00,2021,11,60.2,",,,N"
Rhode Island,GHCND:US1RIWS0050,2021-11-01T00:00:00,2021,11,78.4,",a,,N"
Rhode Island,GHCND:US1RIWS0051,2021-11-01T00:00:00,2021,11,67.2,",a,,N"
Rhode Island,GHCND:US1RIWS0052,2021-11-01T00:00:00,2021,11,42.1,"1,,,N"
Rhode Island,GHCND:US1RIWS0053,2021-11-01T00:00:00,2021,11,51.7,"2,a,,N"
Rhode Island,GHCND:US1RIWS0054,2021-11-01T00:00:00,2021,11,53.1,",,,N"
Rhode Island,GHCND:US1RIWS0055,2021-11-01T00:00:00,2021,11,43.0,",,,N"
Rhode Island,GHCND:US1RIWS0058,2021-11-01T00:00:00,2021,11,47.4,"2,,,N"
Rhode Island,GHCND:US1RIWS0065,2021-11-01T00:00:00,2021,11,42.9,"1,,,N"
Rhode Island,GHCND:US1RIWS0066,2021-11-01T00:00:00,2021,11,35.9,",,,N"
Rhode Island,GHCND:US1RIWS0067,2021-11-01T00:00:00,2021,11,49.3,"1,a,,N"
Rhode Island,GHCND:US1RIWS0069,2021-11-01T00:00:00,2021,11,59.5,",,,N"
Rhode Island,GHCND:US1RIWS0070,2021-11-01T00:00:00,2021,11,44.0,",,,N"
Rhode Island,GHCND:US1RIWS0077,2021-11-01T00:00:00,2021,11,50.8,",a,,N"
Rhode Island,GHCND:US1RIWS0080,2021-11-01T00:00:00,2021,11,46.2,",,,N"
Rhode Island,GHCND:US1RIWS0081,2021-11-01T00:00:00,2021,11,39.7,",,,N"
Rhode Island,GHCND:US1RIWS0083,2021-11-01T00:00:00,2021,11,42.9,",,,N"
Rhode Island,GHCND:USC00370897,2021-11-01T00:00:00,2021,11,25.1,"2,,,7"
Rhode Island,GHCND:USC00371874,2021-11-01T00:00:00,2021,11,75.9,"2,a,,7"
Rhode Island,GHCND:USC00371875,2021-11-01T00:00:00,2021,11,89.6,"1,,,7"
Rhode Island,GHCND:USC00374266,2021-11-01T00:00:00,2021,11,54.0,",,,7"
Rhode Island,GHCND:USC00375270,2021-11-01T00:00:00,2021,11,77.7,",,,7"
Rhode Island,GHCND:USW00014765,2021-11-01T00:00:00,2021,11,58.5,",,,W"
Rhode Island,GHCND:USW00014787,2021-11-01T00:00:00,2021,11,34.0,",,,W"
Rhode Island,GHCND:USW00014794,2021-11-01T00:00:00,2021,11,49.7,",,,W"
Rhode Island,GHCND:USW00054796,2021-11-01T00:00:00,2021,11,47.6,",,,R"
Rhode Island,GHCND:USW00054797,2021-11-01T00:00:00,2021,11,45.4,",,,R"
Rhode Island,GHCND:US1RIBR0005,2021-12-01T00:00:00,2021,12,42.7,",,,N"
Rhode Island,GHCND:US1RIBR0011,2021-12-01T00:00:00,2021,12,43.3,",,,N"
Rhode Island,GHCND:US1RIBR0012,2021-12-01T00:00:00,2021,12,45.0,",,,N"
Rhode Island,GHCND:US1RIKN0002,2021-12-01T00:00:00,2021,12,55.0,",,,N"
Rhode Island,GHCND:US1RIKN0014,2021-12-01T00:00:00,2021,12,56.5,",,,N"
Rhode Island,GHCND:US1RIKN0017,2021-12-01T00:00:00,2021,12,52.7,",,,N"
Rhode Island,GHCND:US1RIKN0021,2021-12-01T00:00:00,2021,12,59.5,"1,,,N"
Rhode Island,GHCND:US1RIKN0023,2021-12-01T00:00:00,2021,12,26.2,"1,,,N"
Rhode Island,GHCND:US1RIKN0031,2021-12-01T00:00:00,2021,12,37.2,",a,,N"
Rhode Island,GHCND:US1RIKN0036,2021-12-01T00:00:00,2021,12,44.7,",,,N"
Rhode Island,GHCND:US1RIKN0037,2021-12-01T00:00:00,2021,12,46.5,",,,N"
Rhode Island,GHCND:US1RIKN0038,2021-12-01T00:00:00,2021,12,44.7,",,,N"
Rhode Island,GHCND:US1RIKN0041,2021-12-01T00:00:00,2021,12,45.4,"1,,,N"
Rhode Island,GHCND:US1RIKN0045,2021-12-01T00:00:00,2021,12,51.4,",a,,N"
Rhode Island,GHCND:US1RIKN0051,2021-12-01T00:00:00,2021,12,54.2,"2,,,N"
Rhode Island,GHCND:US1RIKN0059,2021-12-01T00:00:00,2021,12,51.8,",,,N"
Rhode Island,GHCND:US1RIKN0061,2021-12-01T00:00:00,2021,12,33.3,"3,,,N"
Rhode Island,GHCND:US1RINW0004,2021-12-01T00:00:00,2021,12,14.0,",,,N"
Rhode Island,GHCND:US1RINW0005,2021-12-01T00:00:00,2021,12,34.4,"1,,,N"
Rhode Island,GHCND:US1RINW0007,2021-12-01T00:00:00,2021,12,35.9,",,,N"
Rhode Island,GHCND:US1RINW0011,2021-12-01T00:00:00,2021,12,47.3,",,,N"
Rhode Island,GHCND:US1RINW0016,2021-12-01T00:00:00,2021,12,48.6,"2,,,N"
Rhode Island,GHCND:US1RINW0017,2021-12-01T00:00:00,2021,12,41.0,"1,,,N"
Rhode Island,GHCND:US1RINW0018,2021-12-01T00:00:00,2021,12,35.6,",,,N"
Rhode Island,GHCND:US1RINW0019,2021-12-01T00:00:00,2021,12,40.7,"1,,,N"
Rhode Island,GHCND:US1RINW0020,2021-12-01T00:00:00,2021,12,42.0,",,,N"
Rhode Island,GHCND:US1RINW0023,2021-12-01T00:00:00,2021,12,48.7,"2,,,N"
Rhode Island,GHCND:US1RINW0027,2021-12-01T00:00:00,2021,12,45.8,",,,N"
Rhode Island,GHCND:US1RINW0028,2021-12-01T00:00:00,2021,12,39.0,"3,,,N"
Rhode Island,GHCND:US1RINW0031,2021-12-01T00:00:00,2021,12,25.5,"5,,,N"
Rhode Island,GHCND:US1RINW0032,2021-12-01T00:00:00,2021,12,39.4,",,,N"
Rhode Island,GHCND:US1RIPR0028,2021-12-01T00:00:00,2021,12,68.5,",,,N"
Rhode Island,GHCND:US1RIPR0033,2021-12-01T00:00:00,2021,12,64.2,",,,N"
Rhode Island,GHCND:US1RIPR0045,2021-12-01T00:00:00,2021,12,71.2,",a,,N"
Rhode Island,GHCND:US1RIPR0050,2021-12-01T00:00:00,2021,12,64.8,",,,N"
Rhode Island,GHCND:US1RIPR0051,2021-12-01T00:00:00,2021,12,70.1,"1,,,N"
Rhode Island,GHCND:US1RIPR0055,2021-12-01T00:00:00,2021,12,62.5,",a,,N"
Rhode Island,GHCND:US1RIPR0057,2021-12-01T00:00:00,2021,12,49.0,",a,,N"
Rhode Island,GHCND:US1RIPR0059,2021-12-01T00:00:00,2021,12,68.5,"2,,,N"
Rhode Island,GHCND:US1RIPR0067,2021-12-01T00:00:00,2021,12,49.8,",,,N"
Rhode Island,GHCND:US1RIPR0084,2021-12-01T00:00:00,2021,12,51.9,",a,,N"
Rhode Island,GHCND:US1RIPR0089,2021-12-01T00:00:00,2021,12,68.7,",,,N"
Rhode Island,GHCND:US1RIPR0104,2021-12-01T00:00:00,2021,12,47.2,",,,N"
Rhode Island,GHCND:US1RIPR0106,2021-12-01T00:00:00,2021,12,64.2,",,,N"
Rhode Island,GHCND:US1RIPR0112,2021-12-01T00:00:00,2021,12,52.6,"4,,,N"
Rhode Island,GHCND:US1RIPR0115,2021-12-01T00:00:00,2021,12,51.4,"3,,,N"
Rhode Island,GHCND:US1RIPR0119,2021-12-01T00:00:00,2021,12,52.8,",,,N"
Rhode Island,GHCND:US1RIPR0121,2021-12-01T00:00:00,2021,12,68.3,",,,N"
Rhode Island,GHCND:US1RIWS0001,2021-12-01T00:00:00,2021,12,45.9,"1,a,,N"
Rhode Island,GHCND:US1RIWS0030,2021-12-01T00:00:00,2021,12,42.5,",,,N"
Rhode Island,GHCND:US1RIWS0031,2021-12-01T00:00:00,2021,12,42.1,",,,N"
Rhode Island,GHCND:US1RIWS0036,2021-12-01T00:00:00,2021,12,53.7,",,,N"
Rhode Island,GHCND:US1RIWS0037,2021-12-01T00:00:00,2021,12,46.1,",a,,N"
Rhode Island,GHCND:US1RIWS0042,2021-12-01T00:00:00,2021,12,53.1,",,,N"
Rhode Island,GHCND:US1RIWS0044,2021-12-01T00:00:00,2021,12,51.0,"3,a,,N"
Rhode Island,GHCND:US1RIWS0045,2021-12-01T00:00:00,2021,12,61.1,",,,N"
Rhode Island,GHCND:US1RIWS0047,2021-12-01T00:00:00,2021,12,38.3,",,,N"
Rhode Island,GHCND:US1RIWS0050,2021-12-01T00:00:00,2021,12,64.2,",a,,N"
Rhode Island,GHCND:US1RIWS0051,2021-12-01T00:00:00,2021,12,46.1,",a,,N"
Rhode Island,GHCND:US1RIWS0052,2021-12-01T00:00:00,2021,12,45.8,",,,N"
Rhode Island,GHCND:US1RIWS0054,2021-12-01T00:00:00,2021,12,48.9,",,,N"
Rhode Island,GHCND:US1RIWS0055,2021-12-01T00:00:00,2021,12,47.6,",,,N"
Rhode Island,GHCND:US1RIWS0058,2021-12-01T00:00:00,2021,12,50.2,",,,N"
Rhode Island,GHCND:US1RIWS0061,2021-12-01T00:00:00,2021,12,61.1,"1,a,,N"
Rhode Island,GHCND:US1RIWS0064,2021-12-01T00:00:00,2021,12,64.5,",,,N"
Rhode Island,GHCND:US1RIWS0065,2021-12-01T00:00:00,2021,12,40.2,"3,,,N"
Rhode Island,GHCND:US1RIWS0066,2021-12-01T00:00:00,2021,12,39.2,",,,N"
Rhode Island,GHCND:US1RIWS0069,2021-12-01T00:00:00,2021,12,53.0,",,,N"
Rhode Island,GHCND:US1RIWS0070,2021-12-01T00:00:00,2021,12,47.8,",a,,N"
Rhode Island,GHCND:US1RIWS0071,2021-12-01T00:00:00,2021,12,46.1,",,,N"
Rhode Island,GHCND:US1RIWS0077,2021-12-01T00:00:00,2021,12,46.7,",a,,N"
Rhode Island,GHCND:US1RIWS0080,2021-12-01T00:00:00,2021,12,52.7,"1,,,N"
Rhode Island,GHCND:US1RIWS0081,2021-12-01T00:00:00,2021,12,34.5,",,,N"
Rhode Island,GHCND:US1RIWS0083,2021-12-01T00:00:00,2021,12,44.7,"1,,,N"
Rhode Island,GHCND:USC00370897,2021-12-01T00:00:00,2021,12,35.8,",,,7"
Rhode Island,GHCND:USC00371874,2021-12-01T00:00:00,2021,12,48.6,",a,,7"
Rhode Island,GHCND:USC00371875,2021-12-01T00:00:00,2021,12,54.8,",,,7"
Rhode Island,GHCND:USC00374266,2021-12-01T00:00:00,2021,12,45.0,",,,7"
Rhode Island,GHCND:USC00375270,2021-12-01T00:00:00,2021,12,64.9,",,,7"
Rhode Island,GHCND:USW00014765,2021-12-01T00:00:00,2021,12,43.7,",,,W"
Rhode Island,GHCND:USW00014787,2021-12-01T00:00:00,2021,12,40.2,",,,W"
Rhode Island,GHCND:USW00014794,2021-12-01T00:00:00,2021,12,27.6,",,,W"
Rhode Island,GHCND:USW00054796,2021-12-01T00:00:00,2021,12,44.8,",,,R"
Rhode Island,GHCND:USW00054797,2021-12-01T00:00:00,2021,12,45.4,",,,R"
Rhode Island,GHCND:US1RIBR0005,2022-01-01T00:00:00,2022,01,86.5,",,,N"
Rhode Island,GHCND:US1RIBR0011,2022-01-01T00:00:00,2022,01,89.5,",a,,N"
Rhode Island,GHCND:US1RIBR0012,2022-01-01T00:00:00,2022,01,79.5,"1,,,N"
Rhode Island,GHCND:US1RIKN0002,2022-01-01T00:00:00,2022,01,111.2,",,,N"
Rhode Island,GHCND:US1RIKN0014,2022-01-01T00:00:00,2022,01,121.5,",,,N"
Rhode Island,GHCND:US1RIKN0017,2022-01-01T00:00:00,2022,01,105.1,",a,,N"
Rhode Island,GHCND:US1RIKN0021,2022-01-01T00:00:00,2022,01,88.5,",,,N"
Rhode Island,GHCND:US1RIKN0023,2022-01-01T00:00:00,2022,01,99.1,",a,,N"
Rhode Island,GHCND:US1RIKN0031,2022-01-01T00:00:00,2022,01,56.8,"2,a,,N"
Rhode Island,GHCND:US1RIKN0036,2022-01-01T00:00:00,2022,01,98.4,",,,N"
Rhode Island,GHCND:US1RIKN0037,2022-01-01T00:00:00,2022,01,79.5,"2,a,,N"
Rhode Island,GHCND:US1RIKN0038,2022-01-01T00:00:00,2022,01,94.5,",,,N"
Rhode Island,GHCND:US1RIKN0045,2022-01-01T00:00:00,2022,01,105.4,",,,N"
Rhode Island,GHCND:US1RIKN0051,2022-01-01T00:00:00,2022,01,104.8,"1,,,N"
Rhode Island,GHCND:US1RIKN0059,2022-01-01T00:00:00,2022,01,113.7,",,,N"
Rhode Island,GHCND:US1RINW0004,2022-01-01T00:00:00,2022,01,74.8,",,,N"
Rhode Island,GHCND:US1RINW0007,2022-01-01T00:00:00,2022,01,88.9,",,,N"
Rhode Island,GHCND:US1RINW0016,2022-01-01T00:00:00,2022,01,91.6,",a,,N"
Rhode Island,GHCND:US1RINW0017,2022-01-01T00:00:00,2022,01,116.4,",,,N"
Rhode Island,GHCND:US1RINW0018,2022-01-01T00:00:00,2022,01,89.7,",a,,N"
Rhode Island,GHCND:US1RINW0020,2022-01-01T00:00:00,2022,01,86.5,",,,N"
Rhode Island,GHCND:US1RINW0027,2022-01-01T00:00:00,2022,01,95.7,"1,,,N"
Rhode Island,GHCND:US1RINW0028,2022-01-01T00:00:00,2022,01,78.3,",,,N"
Rhode Island,GHCND:US1RINW0030,2022-01-01T00:00:00,2022,01,116.6,",,,N"
Rhode Island,GHCND:US1RINW0031,2022-01-01T00:00:00,2022,01,65.1,",,,N"
Rhode Island,GHCND:US1RINW0032,2022-01-01T00:00:00,2022,01,83.5,",,,N"
Rhode Island,GHCND:US1RIPR0028,2022-01-01T00:00:00,2022,01,114.1,",,,N"
Rhode Island,GHCND:US1RIPR0033,2022-01-01T00:00:00,2022,01,112.4,",,,N"
Rhode Island,GHCND:US1RIPR0045,2022-01-01T00:00:00,2022,01,117.9,"1,,,N"
Rhode Island,GHCND:US1RIPR0050,2022-01-01T00:00:00,2022,01,107.0,",,,N"
Rhode Island,GHCND:US1RIPR0051,2022-01-01T00:00:00,2022,01,107.7,",,,N"
Rhode Island,GHCND:US1RIPR0055,2022-01-01T00:00:00,2022,01,78.4,",a,,N"
Rhode Island,GHCND:US1RIPR0057,2022-01-01T00:00:00,2022,01,98.0,",,,N"
Rhode Island,GHCND:US1RIPR0067,2022-01-01T00:00:00,2022,01,80.5,"3,,,N"
Rhode Island,GHCND:US1RIPR0071,2022-01-01T00:00:00,2022,01,83.9,",,,N"
Rhode Island,GHCND:US1RIPR0077,2022-01-01T00:00:00,2022,01,109.3,"2,a,,N"
Rhode Island,GHCND:US1RIPR0082,2022-01-01T00:00:00,2022,01,95.1,",,,N"
Rhode Island,GHCND:US1RIPR0084,2022-01-01T00:00:00,2022,01,85.8,",,,N"
Rhode Island,GHCND:US1RIPR0089,2022-01-01T00:00:00,2022,01,106.4,",,,N"
Rhode Island,GHCND:US1RIPR0104,2022-01-01T00:00:00,2022,01,90.6,",,,N"
Rhode Island,GHCND:US1RIPR0106,2022-01-01T00:00:00,2022,01,77.7,",,,N"
Rhode Island,GHCND:US1RIPR0108,2022-01-01T00:00:00,2022,01,52.1,"3,,,N"
Rhode Island,GHCND:US1RIPR0112,2022-01-01T00:00:00,2022,01,52.7,"4,,,N"
Rhode Island,GHCND:US1RIPR0119,2022-01-01T00:00:00,2022,01,101.6,"4,,,N"
Rhode Island,GHCND:US1RIPR0121,2022-01-01T00:00:00,2022,01,104.1,",,,N"
Rhode Island,GHCND:US1RIWS0030,2022-01-01T00:00:00,2022,01,69.1,"4,,,N"
Rhode Island,GHCND:US1RIWS0031,2022-01-01T00:00:00,2022,01,105.5,",,,N"
Rhode Island,GHCND:US1RIWS0036,2022-01-01T00:00:00,2022,01,100.2,",,,N"
Rhode Island,GHCND:US1RIWS0037,2022-01-01T00:00:00,2022,01,89.7,"1,a,,N"
Rhode Island,GHCND:US1RIWS0042,2022-01-01T00:00:00,2022,01,117.8,",,,N"
Rhode Island,GHCND:US1RIWS0045,2022-01-01T00:00:00,2022,01,110.6,",,,N"
Rhode Island,GHCND:US1RIWS0047,2022-01-01T00:00:00,2022,01,96.5,",,,N"
Rhode Island,GHCND:US1RIWS0051,2022-01-01T00:00:00,2022,01,113.8,",,,N"
Rhode Island,GHCND:US1RIWS0052,2022-01-01T00:00:00,2022,01,96.1,"2,,,N"
Rhode Island,GHCND:US1RIWS0054,2022-01-01T00:00:00,2022,01,98.0,"1,,,N"
Rhode Island,GHCND:US1RIWS0055,2022-01-01T00:00:00,2022,01,103.3,",,,N"
Rhode Island,GHCND:US1RIWS0058,2022-01-01T00:00:00,2022,01,98.4,",,,N"
Rhode Island,GHCND:US1RIWS0064,2022-01-01T00:00:00,2022,01,97.3,",,,N"
Rhode Island,GHCND:US1RIWS0065,2022-01-01T00:00:00,2022,01,92.3,"3,,,N"
Rhode Island,GHCND:US1RIWS0066,2022-01-01T00:00:00,2022,01,84.6,",,,N"
Rhode Island,GHCND:US1RIWS0069,2022-01-01T00:00:00,2022,01,114.8,",,,N"
Rhode Island,GHCND:US1RIWS0070,2022-01-01T00:00:00,2022,01,93.3,"2,,,N"
Rhode Island,GHCND:US1RIWS0071,2022-01-01T00:00:00,2022,01,101.4,"1,a,,N"
Rhode Island,GHCND:US1RIWS0077,2022-01-01T00:00:00,2022,01,110.5,",a,,N"
Rhode Island,GHCND:US1RIWS0080,2022-01-01T00:00:00,2022,01,77.0,"4,,,N"
Rhode Island,GHCND:US1RIWS0081,2022-01-01T00:00:00,2022,01,58.9,"3,,,N"
Rhode Island,GHCND:US1RIWS0083,2022-01-01T00:00:00,2022,01,100.0,"3,,,N"
Rhode Island,GHCND:USC00370897,2022-01-01T00:00:00,2022,01,123.4,",,,7"
Rhode Island,GHCND:USC00371874,2022-01-01T00:00:00,2022,01,101.9,",a,,7"
Rhode Island,GHCND:USC00371875,2022-01-01T00:00:00,2022,01,99.3,",,,7"
Rhode Island,GHCND:USC00374266,2022-01-01T00:00:00,2022,01,106.1,",,,7"
Rhode Island,GHCND:USC00375270,2022-01-01T00:00:00,2022,01,122.0,",,,7"
Rhode Island,GHCND:USW00014765,2022-01-01T00:00:00,2022,01,74.2,",,,W"
Rhode Island,GHCND:USW00014787,2022-01-01T00:00:00,2022,01,68.7,",,,W"
Rhode Island,GHCND:USW00014794,2022-01-01T00:00:00,2022,01,51.6,",,,W"
Rhode Island,GHCND:USW00054796,2022-01-01T00:00:00,2022,01,102.5,",,,R"
Rhode Island,GHCND:USW00054797,2022-01-01T00:00:00,2022,01,100.0,",,,R"
Rhode Island,GHCND:USW00064710,2022-01-01T00:00:00,2022,01,65.6,"3,,,W"
Rhode Island,GHCND:US1RIBR0011,2022-02-01T00:00:00,2022,02,126.3,",,,N"
Rhode Island,GHCND:US1RIBR0012,2022-02-01T00:00:00,2022,02,144.6,",,,N"
Rhode Island,GHCND:US1RIKN0002,2022-02-01T00:00:00,2022,02,132.3,",,,N"
Rhode Island,GHCND:US1RIKN0014,2022-02-01T00:00:00,2022,02,157.5,",,,N"
Rhode Island,GHCND:US1RIKN0017,2022-02-01T00:00:00,2022,02,168.9,",,,N"
Rhode Island,GHCND:US1RIKN0021,2022-02-01T00:00:00,2022,02,145.5,",,,N"
Rhode Island,GHCND:US1RIKN0023,2022-02-01T00:00:00,2022,02,142.3,",,,N"
Rhode Island,GHCND:US1RIKN0031,2022-02-01T00:00:00,2022,02,125.7,",a,,N"
Rhode Island,GHCND:US1RIKN0036,2022-02-01T00:00:00,2022,02,122.0,",,,N"
Rhode Island,GHCND:US1RIKN0037,2022-02-01T00:00:00,2022,02,122.6,"3,a,,N"
Rhode Island,GHCND:US1RIKN0038,2022-02-01T00:00:00,2022,02,146.0,",,,N"
Rhode Island,GHCND:US1RIKN0045,2022-02-01T00:00:00,2022,02,177.6,",a,,N"
Rhode Island,GHCND:US1RIKN0051,2022-02-01T00:00:00,2022,02,145.2,",a,,N"
Rhode Island,GHCND:US1RIKN0059,2022-02-01T00:00:00,2022,02,153.5,",,,N"
Rhode Island,GHCND:US1RINW0004,2022-02-01T00:00:00,2022,02,103.3,",,,N"
Rhode Island,GHCND:US1RINW0005,2022-02-01T00:00:00,2022,02,84.0,"4,a,,N"
Rhode Island,GHCND:US1RINW0007,2022-02-01T00:00:00,2022,02,139.3,",,,N"
Rhode Island,GHCND:US1RINW0016,2022-02-01T00:00:00,2022,02,152.3,",,,N"
Rhode Island,GHCND:US1RINW0017,2022-02-01T00:00:00,2022,02,155.0,"2,,,N"
Rhode Island,GHCND:US1RINW0018,2022-02-01T00:00:00,2022,02,145.4,",,,N"
Rhode Island,GHCND:US1RINW0020,2022-02-01T00:00:00,2022,02,151.8,",,,N"
Rhode Island,GHCND:US1RINW0027,2022-02-01T00:00:00,2022,02,147.1,",,,N"
Rhode Island,GHCND:US1RINW0028,2022-02-01T00:00:00,2022,02,126.1,",,,N"
Rhode Island,GHCND:US1RINW0030,2022-02-01T00:00:00,2022,02,135.6,"4,,,N"
Rhode Island,GHCND:US1RINW0031,2022-02-01T00:00:00,2022,02,126.8,",,,N"
Rhode Island,GHCND:US1RINW0032,2022-02-01T00:00:00,2022,02,135.9,",,,N"
Rhode Island,GHCND:US1RIPR0028,2022-02-01T00:00:00,2022,02,158.6,",,,N"
Rhode Island,GHCND:US1RIPR0033,2022-02-01T00:00:00,2022,02,161.4,",,,N"
Rhode Island,GHCND:US1RIPR0044,2022-02-01T00:00:00,2022,02,136.1,"2,,,N"
Rhode Island,GHCND:US1RIPR0050,2022-02-01T00:00:00,2022,02,151.4,",,,N"
Rhode Island,GHCND:US1RIPR0051,2022-02-01T00:00:00,2022,02,157.0,",,,N"
Rhode Island,GHCND:US1RIPR0055,2022-02-01T00:00:00,2022,02,143.6,",,,N"
Rhode Island,GHCND:US1RIPR0057,2022-02-01T00:00:00,2022,02,152.0,",a,,N"
Rhode Island,GHCND:US1RIPR0059,2022-02-01T00:00:00,2022,02,116.6,"5,,,N"
Rhode Island,GHCND:US1RIPR0067,2022-02-01T00:00:00,2022,02,146.6,"1,,,N"
Rhode Island,GHCND:US1RIPR0071,2022-02-01T00:00:00,2022,02,144.7,",,,N"
Rhode Island,GHCND:US1RIPR0077,2022-02-01T00:00:00,2022,02,141.8,"4,a,,N"
Rhode Island,GHCND:US1RIPR0082,2022-02-01T00:00:00,2022,02,147.2,",,,N"
Rhode Island,GHCND:US1RIPR0084,2022-02-01T00:00:00,2022,02,145.1,",,,N"
Rhode Island,GHCND:US1RIPR0089,2022-02-01T00:00:00,2022,02,149.9,",,,N"
Rhode Island,GHCND:US1RIPR0104,2022-02-01T00:00:00,2022,02,151.5,",,,N"
Rhode Island,GHCND:US1RIPR0106,2022-02-01T00:00:00,2022,02,151.4,",,,N"
Rhode Island,GHCND:US1RIPR0108,2022-02-01T00:00:00,2022,02,110.7,"1,,,N"
Rhode Island,GHCND:US1RIPR0119,2022-02-01T00:00:00,2022,02,150.1,",,,N"
Rhode Island,GHCND:US1RIPR0121,2022-02-01T00:00:00,2022,02,164.5,"1,,,N"
Rhode Island,GHCND:US1RIWS0030,2022-02-01T00:00:00,2022,02,145.2,",,,N"
Rhode Island,GHCND:US1RIWS0031,2022-02-01T00:00:00,2022,02,188.2,",a,,N"
Rhode Island,GHCND:US1RIWS0036,2022-02-01T00:00:00,2022,02,158.8,",,,N"
Rhode Island,GHCND:US1RIWS0037,2022-02-01T00:00:00,2022,02,170.3,",a,,N"
Rhode Island,GHCND:US1RIWS0042,2022-02-01T00:00:00,2022,02,148.3,"4,a,,N"
Rhode Island,GHCND:US1RIWS0047,2022-02-01T00:00:00,2022,02,137.3,",a,,N"
Rhode Island,GHCND:US1RIWS0051,2022-02-01T00:00:00,2022,02,193.1,",,,N"
Rhode Island,GHCND:US1RIWS0052,2022-02-01T00:00:00,2022,02,168.1,"1,,,N"
Rhode Island,GHCND:US1RIWS0054,2022-02-01T00:00:00,2022,02,180.0,",,,N"
Rhode Island,GHCND:US1RIWS0055,2022-02-01T00:00:00,2022,02,177.4,"2,,,N"
Rhode Island,GHCND:US1RIWS0058,2022-02-01T00:00:00,2022,02,192.6,",,,N"
Rhode Island,GHCND:US1RIWS0064,2022-02-01T00:00:00,2022,02,186.9,"1,,,N"
Rhode Island,GHCND:US1RIWS0065,2022-02-01T00:00:00,2022,02,177.8,"1,,,N"
Rhode Island,GHCND:US1RIWS0066,2022-02-01T00:00:00,2022,02,142.9,",,,N"
Rhode Island,GHCND:US1RIWS0069,2022-02-01T00:00:00,2022,02,195.7,",,,N"
Rhode Island,GHCND:US1RIWS0070,2022-02-01T00:00:00,2022,02,172.7,",a,,N"
Rhode Island,GHCND:US1RIWS0071,2022-02-01T00:00:00,2022,02,140.4,",,,N"
Rhode Island,GHCND:US1RIWS0080,2022-02-01T00:00:00,2022,02,155.8,",,,N"
Rhode Island,GHCND:US1RIWS0081,2022-02-01T00:00:00,2022,02,143.3,",,,N"
Rhode Island,GHCND:US1RIWS0083,2022-02-01T00:00:00,2022,02,168.3,"2,,,N"
Rhode Island,GHCND:USC00370897,2022-02-01T00:00:00,2022,02,87.4,"1,,,7"
Rhode Island,GHCND:USC00371874,2022-02-01T00:00:00,2022,02,148.6,",a,,7"
Rhode Island,GHCND:USC00371875,2022-02-01T00:00:00,2022,02,158.8,",,,7"
Rhode Island,GHCND:USC00374266,2022-02-01T00:00:00,2022,02,200.7,",,,7"
Rhode Island,GHCND:USC00375270,2022-02-01T00:00:00,2022,02,169.1,",,,7"
Rhode Island,GHCND:USW00014765,2022-02-01T00:00:00,2022,02,147.9,",,,W"
Rhode Island,GHCND:USW00014787,2022-02-01T00:00:00,2022,02,135.5,",,,W"
Rhode Island,GHCND:USW00014794,2022-02-01T00:00:00,2022,02,106.4,",,,W"
Rhode Island,GHCND:USW00054796,2022-02-01T00:00:00,2022,02,186.8,",,,R"
Rhode Island,GHCND:USW00054797,2022-02-01T00:00:00,2022,02,180.2,",,,R"
Rhode Island,GHCND:USW00064710,2022-02-01T00:00:00,2022,02,118.4,",,,W"
Rhode Island,GHCND:US1RIBR0005,2022-03-01T00:00:00,2022,03,87.7,",a,,N"
Rhode Island,GHCND:US1RIBR0011,2022-03-01T00:00:00,2022,03,71.8,",,,N"
Rhode Island,GHCND:US1RIBR0012,2022-03-01T00:00:00,2022,03,74.7,",,,N"
Rhode Island,GHCND:US1RIKN0002,2022-03-01T00:00:00,2022,03,70.3,",,,N"
Rhode Island,GHCND:US1RIKN0014,2022-03-01T00:00:00,2022,03,72.4,",,,N"
Rhode Island,GHCND:US1RIKN0017,2022-03-01T00:00:00,2022,03,78.8,",a,,N"
Rhode Island,GHCND:US1RIKN0021,2022-03-01T00:00:00,2022,03,68.9,",,,N"
Rhode Island,GHCND:US1RIKN0023,2022-03-01T00:00:00,2022,03,82.9,",,,N"
Rhode Island,GHCND:US1RIKN0031,2022-03-01T00:00:00,2022,03,72.8,",a,,N"
Rhode Island,GHCND:US1RIKN0036,2022-03-01T00:00:00,2022,03,73.5,"1,,,N"
Rhode Island,GHCND:US1RIKN0037,2022-03-01T00:00:00,2022,03,81.4,",,,N"
Rhode Island,GHCND:US1RIKN0038,2022-03-01T00:00:00,2022,03,88.5,",,,N"
Rhode Island,GHCND:US1RIKN0045,2022-03-01T00:00:00,2022,03,85.5,",a,,N"
Rhode Island,GHCND:US1RIKN0051,2022-03-01T00:00:00,2022,03,72.2,",a,,N"
Rhode Island,GHCND:US1RIKN0059,2022-03-01T00:00:00,2022,03,67.1,"2,,,N"
Rhode Island,GHCND:US1RINW0004,2022-03-01T00:00:00,2022,03,55.2,",,,N"
Rhode Island,GHCND:US1RINW0007,2022-03-01T00:00:00,2022,03,84.1,",,,N"
Rhode Island,GHCND:US1RINW0016,2022-03-01T00:00:00,2022,03,78.3,",,,N"
Rhode Island,GHCND:US1RINW0017,2022-03-01T00:00:00,2022,03,79.8,",,,N"
Rhode Island,GHCND:US1RINW0018,2022-03-01T00:00:00,2022,03,82.8,",a,,N"
Rhode Island,GHCND:US1RINW0020,2022-03-01T00:00:00,2022,03,77.6,"2,,,N"
Rhode Island,GHCND:US1RINW0023,2022-03-01T00:00:00,2022,03,84.0,"2,,,N"
Rhode Island,GHCND:US1RINW0027,2022-03-01T00:00:00,2022,03,93.3,",,,N"
Rhode Island,GHCND:US1RINW0028,2022-03-01T00:00:00,2022,03,58.5,"2,,,N"
Rhode Island,GHCND:US1RINW0030,2022-03-01T00:00:00,2022,03,88.3,"2,,,N"
Rhode Island,GHCND:US1RINW0032,2022-03-01T00:00:00,2022,03,77.3,",,,N"
Rhode Island,GHCND:US1RIPR0028,2022-03-01T00:00:00,2022,03,74.9,",,,N"
Rhode Island,GHCND:US1RIPR0033,2022-03-01T00:00:00,2022,03,71.0,",,,N"
Rhode Island,GHCND:US1RIPR0044,2022-03-01T00:00:00,2022,03,78.2,"4,,,N"
Rhode Island,GHCND:US1RIPR0045,2022-03-01T00:00:00,2022,03,71.5,",,,N"
Rhode Island,GHCND:US1RIPR0050,2022-03-01T00:00:00,2022,03,74.2,",,,N"
Rhode Island,GHCND:US1RIPR0051,2022-03-01T00:00:00,2022,03,76.3,",,,N"
Rhode Island,GHCND:US1RIPR0057,2022-03-01T00:00:00,2022,03,78.1,",,,N"
Rhode Island,GHCND:US1RIPR0059,2022-03-01T00:00:00,2022,03,70.2,",,,N"
Rhode Island,GHCND:US1RIPR0067,2022-03-01T00:00:00,2022,03,71.1,"1,,,N"
Rhode Island,GHCND:US1RIPR0071,2022-03-01T00:00:00,2022,03,71.6,",,,N"
Rhode Island,GHCND:US1RIPR0077,2022-03-01T00:00:00,2022,03,84.7,"1,a,,N"
Rhode Island,GHCND:US1RIPR0082,2022-03-01T00:00:00,2022,03,71.3,",,,N"
Rhode Island,GHCND:US1RIPR0084,2022-03-01T00:00:00,2022,03,73.4,",a,,N"
Rhode Island,GHCND:US1RIPR0089,2022-03-01T00:00:00,2022,03,73.3,",,,N"
Rhode Island,GHCND:US1RIPR0104,2022-03-01T00:00:00,2022,03,73.0,",,,N"
Rhode Island,GHCND:US1RIPR0106,2022-03-01T00:00:00,2022,03,62.1,",,,N"
Rhode Island,GHCND:US1RIPR0108,2022-03-01T00:00:00,2022,03,85.2,",a,,N"
Rhode Island,GHCND:US1RIPR0112,2022-03-01T00:00:00,2022,03,69.5,"1,,,N"
Rhode Island,GHCND:US1RIPR0119,2022-03-01T00:00:00,2022,03,75.4,",,,N"
Rhode Island,GHCND:US1RIPR0121,2022-03-01T00:00:00,2022,03,76.5,",,,N"
Rhode Island,GHCND:US1RIWS0030,2022-03-01T00:00:00,2022,03,86.1,",,,N"
Rhode Island,GHCND:US1RIWS0031,2022-03-01T00:00:00,2022,03,74.1,",,,N"
Rhode Island,GHCND:US1RIWS0036,2022-03-01T00:00:00,2022,03,86.8,",,,N"
Rhode Island,GHCND:US1RIWS0037,2022-03-01T00:00:00,2022,03,76.3,",a,,N"
Rhode Island,GHCND:US1RIWS0042,2022-03-01T00:00:00,2022,03,82.7,",,,N"
Rhode Island,GHCND:US1RIWS0045,2022-03-01T00:00:00,2022,03,79.5,",,,N"
Rhode Island,GHCND:US1RIWS0047,2022-03-01T00:00:00,2022,03,88.7,",,,N"
Rhode Island,GHCND:US1RIWS0051,2022-03-01T00:00:00,2022,03,78.5,",a,,N"
Rhode Island,GHCND:US1RIWS0054,2022-03-01T00:00:00,2022,03,90.8,",,,N"
Rhode Island,GHCND:US1RIWS0055,2022-03-01T00:00:00,2022,03,96.8,"1,a,,N"
Rhode Island,GHCND:US1RIWS0058,2022-03-01T00:00:00,2022,03,85.6,",,,N"
Rhode Island,GHCND:US1RIWS0064,2022-03-01T00:00:00,2022,03,82.8,",,,N"
Rhode Island,GHCND:US1RIWS0065,2022-03-01T00:00:00,2022,03,92.4,",,,N"
Rhode Island,GHCND:US1RIWS0066,2022-03-01T00:00:00,2022,03,84.2,",,,N"
Rhode Island,GHCND:US1RIWS0069,2022-03-01T00:00:00,2022,03,84.7,",,,N"
Rhode Island,GHCND:US1RIWS0070,2022-03-01T00:00:00,2022,03,93.1,",,,N"
Rhode Island,GHCND:US1RIWS0071,2022-03-01T00:00:00,2022,03,83.4,",,,N"
Rhode Island,GHCND:US1RIWS0077,2022-03-01T00:00:00,2022,03,84.4,",a,,N"
Rhode Island,GHCND:US1RIWS0080,2022-03-01T00:00:00,2022,03,83.9,",,,N"
Rhode Island,GHCND:US1RIWS0081,2022-03-01T00:00:00,2022,03,94.2,",,,N"
Rhode Island,GHCND:US1RIWS0083,2022-03-01T00:00:00,2022,03,87.5,"2,,,N"
Rhode Island,GHCND:USC00370897,2022-03-01T00:00:00,2022,03,96.0,",,,7"
Rhode Island,GHCND:USC00371874,2022-03-01T00:00:00,2022,03,66.4,"1,a,,7"
Rhode Island,GHCND:USC00371875,2022-03-01T00:00:00,2022,03,75.9,",,,7"
Rhode Island,GHCND:USC00374266,2022-03-01T00:00:00,2022,03,83.0,",,,7"
Rhode Island,GHCND:USC00375270,2022-03-01T00:00:00,2022,03,73.1,",,,7"
Rhode Island,GHCND:USW00014765,2022-03-01T00:00:00,2022,03,90.1,",,,W"
Rhode Island,GHCND:USW00014787,2022-03-01T00:00:00,2022,03,93.3,",,,W"
Rhode Island,GHCND:USW00014794,2022-03-01T00:00:00,2022,03,66.6,",,,W"
Rhode Island,GHCND:USW00054796,2022-03-01T00:00:00,2022,03,96.3,"5,,,R"
Rhode Island,GHCND:USW00054797,2022-03-01T00:00:00,2022,03,98.5,",,,R"
Rhode Island,GHCND:USW00064710,2022-03-01T00:00:00,2022,03,70.9,",,,W"
Rhode Island,GHCND:US1RIBR0005,2022-04-01T00:00:00,2022,04,79.8,",,,N"
Rhode Island,GHCND:US1RIBR0011,2022-04-01T00:00:00,2022,04,69.9,",,,N"
Rhode Island,GHCND:US1RIBR0012,2022-04-01T00:00:00,2022,04,73.5,",,,N"
Rhode Island,GHCND:US1RIKN0002,2022-04-01T00:00:00,2022,04,80.9,",,,N"
Rhode Island,GHCND:US1RIKN0014,2022-04-01T00:00:00,2022,04,106.3,",,,N"
Rhode Island,GHCND:US1RIKN0017,2022-04-01T00:00:00,2022,04,118.2,",a,,N"
Rhode Island,GHCND:US1RIKN0021,2022-04-01T00:00:00,2022,04,109.2,",,,N"
Rhode Island,GHCND:US1RIKN0023,2022-04-01T00:00:00,2022,04,87.3,",,,N"
Rhode Island,GHCND:US1RIKN0031,2022-04-01T00:00:00,2022,04,76.3,",,,N"
Rhode Island,GHCND:US1RIKN0036,2022-04-01T00:00:00,2022,04,116.5,",,,N"
Rhode Island,GHCND:US1RIKN0038,2022-04-01T00:00:00,2022,04,91.2,",,,N"
Rhode Island,GHCND:US1RIKN0045,2022-04-01T00:00:00,2022,04,114.4,",,,N"
Rhode Island,GHCND:US1RIKN0051,2022-04-01T00:00:00,2022,04,106.4,",,,N"
Rhode Island,GHCND:US1RIKN0059,2022-04-01T00:00:00,2022,04,120.9,",,,N"
Rhode Island,GHCND:US1RIKN0062,2022-04-01T00:00:00,2022,04,86.3,",,,N"
Rhode Island,GHCND:US1RIKN0065,2022-04-01T00:00:00,2022,04,85.1,"1,,,N"
Rhode Island,GHCND:US1RIKN0067,2022-04-01T00:00:00,2022,04,117.9,"2,,,N"
Rhode Island,GHCND:US1RIKN0069,2022-04-01T00:00:00,2022,04,74.7,"2,a,,N"
Rhode Island,GHCND:US1RINW0004,2022-04-01T00:00:00,2022,04,43.0,"1,,,N"
Rhode Island,GHCND:US1RINW0005,2022-04-01T00:00:00,2022,04,106.8,"4,a,,N"
Rhode Island,GHCND:US1RINW0007,2022-04-01T00:00:00,2022,04,106.1,",,,N"
Rhode Island,GHCND:US1RINW0016,2022-04-01T00:00:00,2022,04,90.4,",,,N"
Rhode Island,GHCND:US1RINW0017,2022-04-01T00:00:00,2022,04,104.6,",,,N"
Rhode Island,GHCND:US1RINW0018,2022-04-01T00:00:00,2022,04,84.4,",,,N"
Rhode Island,GHCND:US1RINW0020,2022-04-01T00:00:00,2022,04,102.2,",,,N"
Rhode Island,GHCND:US1RINW0027,2022-04-01T00:00:00,2022,04,95.1,",,,N"
Rhode Island,GHCND:US1RINW0028,2022-04-01T00:00:00,2022,04,83.8,"1,,,N"
Rhode Island,GHCND:US1RINW0030,2022-04-01T00:00:00,2022,04,96.5,"1,,,N"
Rhode Island,GHCND:US1RINW0032,2022-04-01T00:00:00,2022,04,95.1,",,,N"
Rhode Island,GHCND:US1RINW0036,2022-04-01T00:00:00,2022,04,100.3,"1,,,N"
Rhode Island,GHCND:US1RINW0038,2022-04-01T00:00:00,2022,04,104.9,"2,a,,N"
Rhode Island,GHCND:US1RIPR0028,2022-04-01T00:00:00,2022,04,115.8,",,,N"
Rhode Island,GHCND:US1RIPR0033,2022-04-01T00:00:00,2022,04,125.6,",,,N"
Rhode Island,GHCND:US1RIPR0044,2022-04-01T00:00:00,2022,04,78.5,"2,a,,N"
Rhode Island,GHCND:US1RIPR0045,2022-04-01T00:00:00,2022,04,130.1,"5,,,N"
Rhode Island,GHCND:US1RIPR0050,2022-04-01T00:00:00,2022,04,100.4,",,,N"
Rhode Island,GHCND:US1RIPR0051,2022-04-01T00:00:00,2022,04,116.5,",,,N"
Rhode Island,GHCND:US1RIPR0057,2022-04-01T00:00:00,2022,04,111.8,",,,N"
Rhode Island,GHCND:US1RIPR0059,2022-04-01T00:00:00,2022,04,128.7,"3,,,N"
Rhode Island,GHCND:US1RIPR0067,2022-04-01T00:00:00,2022,04,82.5,",,,N"
Rhode Island,GHCND:US1RIPR0071,2022-04-01T00:00:00,2022,04,119.8,",a,,N"
Rhode Island,GHCND:US1RIPR0082,2022-04-01T00:00:00,2022,04,100.2,",a,,N"
Rhode Island,GHCND:US1RIPR0084,2022-04-01T00:00:00,2022,04,93.5,",a,,N"
Rhode Island,GHCND:US1RIPR0089,2022-04-01T00:00:00,2022,04,125.3,",,,N"
Rhode Island,GHCND:US1RIPR0104,2022-04-01T00:00:00,2022,04,86.2,",,,N"
Rhode Island,GHCND:US1RIPR0106,2022-04-01T00:00:00,2022,04,91.3,",,,N"
Rhode Island,GHCND:US1RIPR0108,2022-04-01T00:00:00,2022,04,84.0,",a,,N"
Rhode Island,GHCND:US1RIPR0112,2022-04-01T00:00:00,2022,04,114.8,"1,,,N"
Rhode Island,GHCND:US1RIPR0119,2022-04-01T00:00:00,2022,04,78.6,",,,N"
Rhode Island,GHCND:US1RIPR0121,2022-04-01T00:00:00,2022,04,103.2,"1,,,N"
Rhode Island,GHCND:US1RIPR0128,2022-04-01T00:00:00,2022,04,70.1,"4,a,,N"
Rhode Island,GHCND:US1RIPR0130,2022-04-01T00:00:00,2022,04,120.1,",,,N"
Rhode Island,GHCND:US1RIPR0131,2022-04-01T00:00:00,2022,04,116.0,",,,N"
Rhode Island,GHCND:US1RIWS0030,2022-04-01T00:00:00,2022,04,88.4,"1,,,N"
Rhode Island,GHCND:US1RIWS0031,2022-04-01T00:00:00,2022,04,92.1,",a,,N"
Rhode Island,GHCND:US1RIWS0036,2022-04-01T00:00:00,2022,04,96.6,",,,N"
Rhode Island,GHCND:US1RIWS0037,2022-04-01T00:00:00,2022,04,87.0,"2,a,,N"
Rhode Island,GHCND:US1RIWS0040,2022-04-01T00:00:00,2022,04,116.2,"1,,,N"
Rhode Island,GHCND:US1RIWS0042,2022-04-01T00:00:00,2022,04,103.7,",,,N"
Rhode Island,GHCND:US1RIWS0045,2022-04-01T00:00:00,2022,04,97.3,",,,N"
Rhode Island,GHCND:US1RIWS0047,2022-04-01T00:00:00,2022,04,92.7,",a,,N"
Rhode Island,GHCND:US1RIWS0051,2022-04-01T00:00:00,2022,04,94.1,"1,a,,N"
Rhode Island,GHCND:US1RIWS0054,2022-04-01T00:00:00,2022,04,109.5,",,,N"
Rhode Island,GHCND:US1RIWS0055,2022-04-01T00:00:00,2022,04,97.5,",,,N"
Rhode Island,GHCND:US1RIWS0058,2022-04-01T00:00:00,2022,04,106.8,",,,N"
Rhode Island,GHCND:US1RIWS0061,2022-04-01T00:00:00,2022,04,108.3,"3,a,,N"
Rhode Island,GHCND:US1RIWS0064,2022-04-01T00:00:00,2022,04,105.2,"1,,,N"
Rhode Island,GHCND:US1RIWS0066,2022-04-01T00:00:00,2022,04,86.2,"2,,,N"
Rhode Island,GHCND:US1RIWS0069,2022-04-01T00:00:00,2022,04,107.3,",,,N"
Rhode Island,GHCND:US1RIWS0070,2022-04-01T00:00:00,2022,04,105.9,",a,,N"
Rhode Island,GHCND:US1RIWS0071,2022-04-01T00:00:00,2022,04,87.3,"1,,,N"
Rhode Island,GHCND:US1RIWS0077,2022-04-01T00:00:00,2022,04,107.8,",a,,N"
Rhode Island,GHCND:US1RIWS0080,2022-04-01T00:00:00,2022,04,103.2,",,,N"
Rhode Island,GHCND:US1RIWS0081,2022-04-01T00:00:00,2022,04,99.1,"1,,,N"
Rhode Island,GHCND:US1RIWS0083,2022-04-01T00:00:00,2022,04,99.3,"3,,,N"
Rhode Island,GHCND:US1RIWS0088,2022-04-01T00:00:00,2022,04,76.9,"3,,,N"
Rhode Island,GHCND:US1RIWS0092,2022-04-01T00:00:00,2022,04,63.0,"5,a,,N"
Rhode Island,GHCND:US1RIWS0095,2022-04-01T00:00:00,2022,04,91.6,"3,,,N"
Rhode Island,GHCND:US1RIWS0100,2022-04-01T00:00:00,2022,04,88.2,"3,,,N"
Rhode Island,GHCND:USC00370897,2022-04-01T00:00:00,2022,04,85.2,"2,,,7"
Rhode Island,GHCND:USC00371874,2022-04-01T00:00:00,2022,04,117.2,",a,,7"
Rhode Island,GHCND:USC00371875,2022-04-01T00:00:00,2022,04,125.8,",,,7"
Rhode Island,GHCND:USC00374266,2022-04-01T00:00:00,2022,04,109.3,",,,7"
Rhode Island,GHCND:USC00375270,2022-04-01T00:00:00,2022,04,108.2,",,,7"
Rhode Island,GHCND:USW00014765,2022-04-01T00:00:00,2022,04,90.7,",,,W"
Rhode Island,GHCND:USW00014787,2022-04-01T00:00:00,2022,04,78.0,",,,W"
Rhode Island,GHCND:USW00014794,2022-04-01T00:00:00,2022,04,61.1,",,,W"
Rhode Island,GHCND:USW00054796,2022-04-01T00:00:00,2022,04,90.9,",,,R"
Rhode Island,GHCND:USW00054797,2022-04-01T00:00:00,2022,04,96.7,",,,R"
Rhode Island,GHCND:USW00064710,2022-04-01T00:00:00,2022,04,107.0,",,,W"
Rhode Island,GHCND:US1RIBR0005,2022-05-01T00:00:00,2022,05,33.2,"4,,,N"
Rhode Island,GHCND:US1RIBR0011,2022-05-01T00:00:00,2022,05,49.0,",a,,N"
Rhode Island,GHCND:US1RIBR0012,2022-05-01T00:00:00,2022,05,42.6,",,,N"
Rhode Island,GHCND:US1RIKN0002,2022-05-01T00:00:00,2022,05,49.4,",,,N"
Rhode Island,GHCND:US1RIKN0014,2022-05-01T00:00:00,2022,05,40.2,",,,N"
Rhode Island,GHCND:US1RIKN0021,2022-05-01T00:00:00,2022,05,47.4,",,,N"
Rhode Island,GHCND:US1RIKN0023,2022-05-01T00:00:00,2022,05,39.2,",,,N"
Rhode Island,GHCND:US1RIKN0030,2022-05-01T00:00:00,2022,05,45.1,"4,a,,N"
Rhode Island,GHCND:US1RIKN0031,2022-05-01T00:00:00,2022,05,41.4,",,,N"
Rhode Island,GHCND:US1RIKN0036,2022-05-01T00:00:00,2022,05,45.7,",,,N"
Rhode Island,GHCND:US1RIKN0037,2022-05-01T00:00:00,2022,05,37.4,",a,,N"
Rhode Island,GHCND:US1RIKN0038,2022-05-01T00:00:00,2022,05,42.1,",,,N"
Rhode Island,GHCND:US1RIKN0045,2022-05-01T00:00:00,2022,05,50.7,"3,a,,N"
Rhode Island,GHCND:US1RIKN0051,2022-05-01T00:00:00,2022,05,43.0,",a,,N"
Rhode Island,GHCND:US1RIKN0059,2022-05-01T00:00:00,2022,05,57.7,",,,N"
Rhode Island,GHCND:US1RIKN0062,2022-05-01T00:00:00,2022,05,38.1,",,,N"
Rhode Island,GHCND:US1RIKN0065,2022-05-01T00:00:00,2022,05,40.5,"4,,,N"
Rhode Island,GHCND:US1RIKN0067,2022-05-01T00:00:00,2022,05,47.4,"1,,,N"
Rhode Island,GHCND:US1RIKN0068,2022-05-01T00:00:00,2022,05,59.1,"2,,,N"
Rhode Island,GHCND:US1RIKN0069,2022-05-01T00:00:00,2022,05,40.3,",,,N"
Rhode Island,GHCND:US1RINW0004,2022-05-01T00:00:00,2022,05,49.2,",,,N"
Rhode Island,GHCND:US1RINW0005,2022-05-01T00:00:00,2022,05,80.2,",,,N"
Rhode Island,GHCND:US1RINW0007,2022-05-01T00:00:00,2022,05,68.6,",,,N"
Rhode Island,GHCND:US1RINW0016,2022-05-01T00:00:00,2022,05,76.9,",,,N"
Rhode Island,GHCND:US1RINW0017,2022-05-01T00:00:00,2022,05,53.6,",,,N"
Rhode Island,GHCND:US1RINW0018,2022-05-01T00:00:00,2022,05,87.5,",,,N"
Rhode Island,GHCND:US1RINW0020,2022-05-01T00:00:00,2022,05,59.9,",,,N"
Rhode Island,GHCND:US1RINW0023,2022-05-01T00:00:00,2022,05,66.4,"3,,,N"
Rhode Island,GHCND:US1RINW0027,2022-05-01T00:00:00,2022,05,83.4,",,,N"
Rhode Island,GHCND:US1RINW0028,2022-05-01T00:00:00,2022,05,58.7,",,,N"
Rhode Island,GHCND:US1RINW0030,2022-05-01T00:00:00,2022,05,87.8,",,,N"
Rhode Island,GHCND:US1RINW0032,2022-05-01T00:00:00,2022,05,47.5,",,,N"
Rhode Island,GHCND:US1RINW0035,2022-05-01T00:00:00,2022,05,85.1,"3,,,N"
Rhode Island,GHCND:US1RINW0036,2022-05-01T00:00:00,2022,05,74.2,"1,,,N"
Rhode Island,GHCND:US1RINW0038,2022-05-01T00:00:00,2022,05,53.7,"2,,,N"
Rhode Island,GHCND:US1RIPR0028,2022-05-01T00:00:00,2022,05,27.3,",,,N"
Rhode Island,GHCND:US1RIPR0033,2022-05-01T00:00:00,2022,05,30.3,",,,N"
Rhode Island,GHCND:US1RIPR0044,2022-05-01T00:00:00,2022,05,38.3,"3,,,N"
Rhode Island,GHCND:US1RIPR0045,2022-05-01T00:00:00,2022,05,34.1,"2,,,N"
Rhode Island,GHCND:US1RIPR0050,2022-05-01T00:00:00,2022,05,30.6,",,,N"
Rhode Island,GHCND:US1RIPR0051,2022-05-01T00:00:00,2022,05,29.8,",,,N"
Rhode Island,GHCND:US1RIPR0057,2022-05-01T00:00:00,2022,05,41.5,",,,N"
Rhode Island,GHCND:US1RIPR0059,2022-05-01T00:00:00,2022,05,29.9,"1,,,N"
Rhode Island,GHCND:US1RIPR0067,2022-05-01T00:00:00,2022,05,36.8,",,,N"
Rhode Island,GHCND:US1RIPR0071,2022-05-01T00:00:00,2022,05,35.7,",,,N"
Rhode Island,GHCND:US1RIPR0077,2022-05-01T00:00:00,2022,05,33.7,"3,a,,N"
Rhode Island,GHCND:US1RIPR0082,2022-05-01T00:00:00,2022,05,41.3,",,,N"
Rhode Island,GHCND:US1RIPR0084,2022-05-01T00:00:00,2022,05,32.9,",,,N"
Rhode Island,GHCND:US1RIPR0089,2022-05-01T00:00:00,2022,05,37.3,",,,N"
Rhode Island,GHCND:US1RIPR0104,2022-05-01T00:00:00,2022,05,38.2,",,,N"
Rhode Island,GHCND:US1RIPR0106,2022-05-01T00:00:00,2022,05,30.6,",,,N"
Rhode Island,GHCND:US1RIPR0108,2022-05-01T00:00:00,2022,05,41.0,",,,N"
Rhode Island,GHCND:US1RIPR0111,2022-05-01T00:00:00,2022,05,40.7,",,,N"
Rhode Island,GHCND:US1RIPR0112,2022-05-01T00:00:00,2022,05,36.4,",,,N"
Rhode Island,GHCND:US1RIPR0119,2022-05-01T00:00:00,2022,05,34.4,"2,,,N"
Rhode Island,GHCND:US1RIPR0121,2022-05-01T00:00:00,2022,05,29.7,"1,,,N"
Rhode Island,GHCND:US1RIPR0128,2022-05-01T00:00:00,2022,05,34.4,"3,,,N"
Rhode Island,GHCND:US1RIPR0130,2022-05-01T00:00:00,2022,05,32.4,",,,N"
Rhode Island,GHCND:US1RIPR0131,2022-05-01T00:00:00,2022,05,27.9,"1,,,N"
Rhode Island,GHCND:US1RIWS0031,2022-05-01T00:00:00,2022,05,59.7,",a,,N"
Rhode Island,GHCND:US1RIWS0036,2022-05-01T00:00:00,2022,05,95.9,",,,N"
Rhode Island,GHCND:US1RIWS0037,2022-05-01T00:00:00,2022,05,79.0,"1,,,N"
Rhode Island,GHCND:US1RIWS0040,2022-05-01T00:00:00,2022,05,54.0,"1,,,N"
Rhode Island,GHCND:US1RIWS0042,2022-05-01T00:00:00,2022,05,59.9,",,,N"
Rhode Island,GHCND:US1RIWS0044,2022-05-01T00:00:00,2022,05,58.3,"4,a,,N"
Rhode Island,GHCND:US1RIWS0047,2022-05-01T00:00:00,2022,05,58.6,",,,N"
Rhode Island,GHCND:US1RIWS0052,2022-05-01T00:00:00,2022,05,81.6,"2,,,N"
Rhode Island,GHCND:US1RIWS0054,2022-05-01T00:00:00,2022,05,70.5,",,,N"
Rhode Island,GHCND:US1RIWS0055,2022-05-01T00:00:00,2022,05,95.4,",,,N"
Rhode Island,GHCND:US1RIWS0058,2022-05-01T00:00:00,2022,05,74.9,"1,,,N"
Rhode Island,GHCND:US1RIWS0061,2022-05-01T00:00:00,2022,05,59.4,"5,,,N"
Rhode Island,GHCND:US1RIWS0064,2022-05-01T00:00:00,2022,05,66.4,",,,N"
Rhode Island,GHCND:US1RIWS0065,2022-05-01T00:00:00,2022,05,91.8,",,,N"
Rhode Island,GHCND:US1RIWS0066,2022-05-01T00:00:00,2022,05,70.5,",,,N"
Rhode Island,GHCND:US1RIWS0067,2022-05-01T00:00:00,2022,05,90.6,"5,,,N"
Rhode Island,GHCND:US1RIWS0069,2022-05-01T00:00:00,2022,05,72.9,",,,N"
Rhode Island,GHCND:US1RIWS0070,2022-05-01T00:00:00,2022,05,87.3,",,,N"
Rhode Island,GHCND:US1RIWS0071,2022-05-01T00:00:00,2022,05,87.2,",,,N"
Rhode Island,GHCND:US1RIWS0077,2022-05-01T00:00:00,2022,05,72.1,"3,,,N"
Rhode Island,GHCND:US1RIWS0080,2022-05-01T00:00:00,2022,05,93.9,"2,,,N"
Rhode Island,GHCND:US1RIWS0081,2022-05-01T00:00:00,2022,05,80.0,",,,N"
Rhode Island,GHCND:US1RIWS0083,2022-05-01T00:00:00,2022,05,86.1,",,,N"
Rhode Island,GHCND:US1RIWS0088,2022-05-01T00:00:00,2022,05,84.3,"2,,,N"
Rhode Island,GHCND:US1RIWS0092,2022-05-01T00:00:00,2022,05,58.1,",,,N"
Rhode Island,GHCND:US1RIWS0099,2022-05-01T00:00:00,2022,05,65.7,",a,,N"
Rhode Island,GHCND:US1RIWS0100,2022-05-01T00:00:00,2022,05,42.9,"1,,,N"
Rhode Island,GHCND:USC00370897,2022-05-01T00:00:00,2022,05,73.0,",,,7"
Rhode Island,GHCND:USC00371874,2022-05-01T00:00:00,2022,05,41.6,",a,,7"
Rhode Island,GHCND:USC00371875,2022-05-01T00:00:00,2022,05,53.9,",,,7"
Rhode Island,GHCND:USC00374266,2022-05-01T00:00:00,2022,05,74.7,",,,7"
Rhode Island,GHCND:USC00375270,2022-05-01T00:00:00,2022,05,25.9,",,,7"
Rhode Island,GHCND:USC00379423,2022-05-01T00:00:00,2022,05,24.2,",,,7"
Rhode Island,GHCND:USW00014765,2022-05-01T00:00:00,2022,05,38.3,",,,W"
Rhode Island,GHCND:USW00014787,2022-05-01T00:00:00,2022,05,67.7,",,,W"
Rhode Island,GHCND:USW00014794,2022-05-01T00:00:00,2022,05,52.3,",,,W"
Rhode Island,GHCND:USW00054796,2022-05-01T00:00:00,2022,05,69.0,",,,R"
Rhode Island,GHCND:USW00054797,2022-05-01T00:00:00,2022,05,69.6,",,,R"
Rhode Island,GHCND:USW00064710,2022-05-01T00:00:00,2022,05,30.9,",,,W"
Rhode Island,GHCND:US1RIBR0005,2022-06-01T00:00:00,2022,06,97.2,"4,,,N"
Rhode Island,GHCND:US1RIBR0011,2022-06-01T00:00:00,2022,06,91.5,"1,a,,N"
Rhode Island,GHCND:US1RIBR0012,2022-06-01T00:00:00,2022,06,61.0,"5,,,N"
Rhode Island,GHCND:US1RIKN0002,2022-06-01T00:00:00,2022,06,114.8,",,,N"
Rhode Island,GHCND:US1RIKN0014,2022-06-01T00:00:00,2022,06,147.6,",,,N"
Rhode Island,GHCND:US1RIKN0015,2022-06-01T00:00:00,2022,06,133.2,",,,N"
Rhode Island,GHCND:US1RIKN0021,2022-06-01T00:00:00,2022,06,122.1,",,,N"
Rhode Island,GHCND:US1RIKN0023,2022-06-01T00:00:00,2022,06,115.7,",a,,N"
Rhode Island,GHCND:US1RIKN0030,2022-06-01T00:00:00,2022,06,128.5,",a,,N"
Rhode Island,GHCND:US1RIKN0031,2022-06-01T00:00:00,2022,06,116.4,",a,,N"
Rhode Island,GHCND:US1RIKN0036,2022-06-01T00:00:00,2022,06,115.8,",,,N"
Rhode Island,GHCND:US1RIKN0037,2022-06-01T00:00:00,2022,06,121.4,",,,N"
Rhode Island,GHCND:US1RIKN0038,2022-06-01T00:00:00,2022,06,109.9,",,,N"
Rhode Island,GHCND:US1RIKN0045,2022-06-01T00:00:00,2022,06,134.4,"5,a,,N"
Rhode Island,GHCND:US1RIKN0051,2022-06-01T00:00:00,2022,06,129.0,"1,a,,N"
Rhode Island,GHCND:US1RIKN0059,2022-06-01T00:00:00,2022,06,166.2,",,,N"
Rhode Island,GHCND:US1RIKN0062,2022-06-01T00:00:00,2022,06,118.9,",,,N"
Rhode Island,GHCND:US1RIKN0065,2022-06-01T00:00:00,2022,06,113.3,"2,,,N"
Rhode Island,GHCND:US1RIKN0067,2022-06-01T00:00:00,2022,06,124.8,",,,N"
Rhode Island,GHCND:US1RIKN0068,2022-06-01T00:00:00,2022,06,128.5,"1,,,N"
Rhode Island,GHCND:US1RIKN0071,2022-06-01T00:00:00,2022,06,111.4,"3,,,N"
Rhode Island,GHCND:US1RINW0004,2022-06-01T00:00:00,2022,06,57.5,"2,,,N"
Rhode Island,GHCND:US1RINW0005,2022-06-01T00:00:00,2022,06,98.6,",a,,N"
Rhode Island,GHCND:US1RINW0007,2022-06-01T00:00:00,2022,06,87.9,",,,N"
Rhode Island,GHCND:US1RINW0016,2022-06-01T00:00:00,2022,06,91.8,",,,N"
Rhode Island,GHCND:US1RINW0017,2022-06-01T00:00:00,2022,06,106.9,",,,N"
Rhode Island,GHCND:US1RINW0018,2022-06-01T00:00:00,2022,06,99.3,",,,N"
Rhode Island,GHCND:US1RINW0020,2022-06-01T00:00:00,2022,06,100.3,",,,N"
Rhode Island,GHCND:US1RINW0023,2022-06-01T00:00:00,2022,06,98.0,"1,,,N"
Rhode Island,GHCND:US1RINW0027,2022-06-01T00:00:00,2022,06,98.7,",,,N"
Rhode Island,GHCND:US1RINW0028,2022-06-01T00:00:00,2022,06,80.9,",,,N"
Rhode Island,GHCND:US1RINW0030,2022-06-01T00:00:00,2022,06,103.8,",,,N"
Rhode Island,GHCND:US1RINW0031,2022-06-01T00:00:00,2022,06,90.8,"3,,,N"
Rhode Island,GHCND:US1RINW0032,2022-06-01T00:00:00,2022,06,72.2,",,,N"
Rhode Island,GHCND:US1RINW0036,2022-06-01T00:00:00,2022,06,95.4,"1,,,N"
Rhode Island,GHCND:US1RINW0038,2022-06-01T00:00:00,2022,06,99.8,"4,,,N"
Rhode Island,GHCND:US1RIPR0028,2022-06-01T00:00:00,2022,06,86.0,",,,N"
Rhode Island,GHCND:US1RIPR0033,2022-06-01T00:00:00,2022,06,96.3,",,,N"
Rhode Island,GHCND:US1RIPR0044,2022-06-01T00:00:00,2022,06,117.8,"1,,,N"
Rhode Island,GHCND:US1RIPR0045,2022-06-01T00:00:00,2022,06,93.8,",a,,N"
Rhode Island,GHCND:US1RIPR0050,2022-06-01T00:00:00,2022,06,85.5,"1,,,N"
Rhode Island,GHCND:US1RIPR0051,2022-06-01T00:00:00,2022,06,91.5,",,,N"
Rhode Island,GHCND:US1RIPR0055,2022-06-01T00:00:00,2022,06,76.2,",,,N"
Rhode Island,GHCND:US1RIPR0057,2022-06-01T00:00:00,2022,06,93.4,"4,,,N"
Rhode Island,GHCND:US1RIPR0059,2022-06-01T00:00:00,2022,06,84.4,",,,N"
Rhode Island,GHCND:US1RIPR0067,2022-06-01T00:00:00,2022,06,121.0,",,,N"
Rhode Island,GHCND:US1RIPR0071,2022-06-01T00:00:00,2022,06,123.7,",,,N"
Rhode Island,GHCND:US1RIPR0077,2022-06-01T00:00:00,2022,06,121.4,",a,,N"
Rhode Island,GHCND:US1RIPR0082,2022-06-01T00:00:00,2022,06,105.7,",,,N"
Rhode Island,GHCND:US1RIPR0084,2022-06-01T00:00:00,2022,06,82.1,",,,N"
Rhode Island,GHCND:US1RIPR0089,2022-06-01T00:00:00,2022,06,77.5,"2,,,N"
Rhode Island,GHCND:US1RIPR0104,2022-06-01T00:00:00,2022,06,118.9,",,,N"
Rhode Island,GHCND:US1RIPR0106,2022-06-01T00:00:00,2022,06,105.4,",,,N"
Rhode Island,GHCND:US1RIPR0108,2022-06-01T00:00:00,2022,06,86.0,",,,N"
Rhode Island,GHCND:US1RIPR0112,2022-06-01T00:00:00,2022,06,118.0,",,,N"
Rhode Island,GHCND:US1RIPR0119,2022-06-01T00:00:00,2022,06,110.2,",,,N"
Rhode Island,GHCND:US1RIPR0121,2022-06-01T00:00:00,2022,06,106.6,",,,N"
Rhode Island,GHCND:US1RIPR0126,2022-06-01T00:00:00,2022,06,60.3,"5,,,N"
Rhode Island,GHCND:US1RIPR0130,2022-06-01T00:00:00,2022,06,98.6,",,,N"
Rhode Island,GHCND:US1RIPR0131,2022-06-01T00:00:00,2022,06,102.6,"1,,,N"
Rhode Island,GHCND:US1RIWS0030,2022-06-01T00:00:00,2022,06,102.2,",,,N"
Rhode Island,GHCND:US1RIWS0031,2022-06-01T00:00:00,2022,06,87.5,"5,,,N"
Rhode Island,GHCND:US1RIWS0036,2022-06-01T00:00:00,2022,06,76.2,",,,N"
Rhode Island,GHCND:US1RIWS0037,2022-06-01T00:00:00,2022,06,96.6,",,,N"
Rhode Island,GHCND:US1RIWS0040,2022-06-01T00:00:00,2022,06,134.3,"2,,,N"
Rhode Island,GHCND:US1RIWS0042,2022-06-01T00:00:00,2022,06,120.2,",a,,N"
Rhode Island,GHCND:US1RIWS0047,2022-06-01T00:00:00,2022,06,70.3,",a,,N"
Rhode Island,GHCND:US1RIWS0051,2022-06-01T00:00:00,2022,06,107.2,"2,,,N"
Rhode Island,GHCND:US1RIWS0052,2022-06-01T00:00:00,2022,06,71.6,"1,,,N"
Rhode Island,GHCND:US1RIWS0054,2022-06-01T00:00:00,2022,06,112.8,",a,,N"
Rhode Island,GHCND:US1RIWS0058,2022-06-01T00:00:00,2022,06,97.8,"3,,,N"
Rhode Island,GHCND:US1RIWS0064,2022-06-01T00:00:00,2022,06,112.9,",,,N"
Rhode Island,GHCND:US1RIWS0065,2022-06-01T00:00:00,2022,06,90.3,",,,N"
Rhode Island,GHCND:US1RIWS0066,2022-06-01T00:00:00,2022,06,91.9,",,,N"
Rhode Island,GHCND:US1RIWS0067,2022-06-01T00:00:00,2022,06,65.3,"2,,,N"
Rhode Island,GHCND:US1RIWS0069,2022-06-01T00:00:00,2022,06,105.9,",,,N"
Rhode Island,GHCND:US1RIWS0070,2022-06-01T00:00:00,2022,06,105.9,"1,,,N"
Rhode Island,GHCND:US1RIWS0071,2022-06-01T00:00:00,2022,06,75.7,"1,,,N"
Rhode Island,GHCND:US1RIWS0080,2022-06-01T00:00:00,2022,06,87.5,"4,,,N"
Rhode Island,GHCND:US1RIWS0081,2022-06-01T00:00:00,2022,06,80.6,"1,,,N"
Rhode Island,GHCND:US1RIWS0083,2022-06-01T00:00:00,2022,06,90.2,",,,N"
Rhode Island,GHCND:US1RIWS0088,2022-06-01T00:00:00,2022,06,96.8,"2,,,N"
Rhode Island,GHCND:US1RIWS0099,2022-06-01T00:00:00,2022,06,111.5,",a,,N"
Rhode Island,GHCND:US1RIWS0100,2022-06-01T00:00:00,2022,06,103.2,"3,,,N"
Rhode Island,GHCND:USC00370897,2022-06-01T00:00:00,2022,06,45.7,",,,7"
Rhode Island,GHCND:USC00371874,2022-06-01T00:00:00,2022,06,113.3,",a,,7"
Rhode Island,GHCND:USC00371875,2022-06-01T00:00:00,2022,06,142.9,",,,7"
Rhode Island,GHCND:USC00374266,2022-06-01T00:00:00,2022,06,98.6,",,,7"
Rhode Island,GHCND:USC00375270,2022-06-01T00:00:00,2022,06,122.8,",,,7"
Rhode Island,GHCND:USC00379423,2022-06-01T00:00:00,2022,06,99.6,",,,7"
Rhode Island,GHCND:USW00014765,2022-06-01T00:00:00,2022,06,126.8,",,,W"
Rhode Island,GHCND:USW00014787,2022-06-01T00:00:00,2022,06,88.6,",,,W"
Rhode Island,GHCND:USW00014794,2022-06-01T00:00:00,2022,06,65.5,",,,W"
Rhode Island,GHCND:USW00054796,2022-06-01T00:00:00,2022,06,94.2,",,,R"
Rhode Island,GHCND:USW00054797,2022-06-01T00:00:00,2022,06,95.4,",,,R"
Rhode Island,GHCND:USW00064710,2022-06-01T00:00:00,2022,06,89.2,",,,W"
Rhode Island,GHCND:US1RIBR0012,2022-07-01T00:00:00,2022,07,17.8,"2,,,N"
Rhode Island,GHCND:US1RIKN0002,2022-07-01T00:00:00,2022,07,5.7,",,,N"
Rhode Island,GHCND:US1RIKN0014,2022-07-01T00:00:00,2022,07,16.1,",,,N"
Rhode Island,GHCND:US1RIKN0015,2022-07-01T00:00:00,2022,07,9.2,"1,,,N"
Rhode Island,GHCND:US1RIKN0021,2022-07-01T00:00:00,2022,07,26.7,",,,N"
Rhode Island,GHCND:US1RIKN0023,2022-07-01T00:00:00,2022,07,14.7,",,,N"
Rhode Island,GHCND:US1RIKN0031,2022-07-01T00:00:00,2022,07,20.9,",,,N"
Rhode Island,GHCND:US1RIKN0036,2022-07-01T00:00:00,2022,07,19.7,",,,N"
Rhode Island,GHCND:US1RIKN0038,2022-07-01T00:00:00,2022,07,14.1,",,,N"
Rhode Island,GHCND:US1RIKN0045,2022-07-01T00:00:00,2022,07,13.3,",a,,N"
Rhode Island,GHCND:US1RIKN0051,2022-07-01T00:00:00,2022,07,23.4,"1,,,N"
Rhode Island,GHCND:US1RIKN0059,2022-07-01T00:00:00,2022,07,25.6,",,,N"
Rhode Island,GHCND:US1RIKN0062,2022-07-01T00:00:00,2022,07,23.0,",,,N"
Rhode Island,GHCND:US1RIKN0067,2022-07-01T00:00:00,2022,07,27.4,",,,N"
Rhode Island,GHCND:US1RIKN0068,2022-07-01T00:00:00,2022,07,29.6,"3,,,N"
Rhode Island,GHCND:US1RIKN0069,2022-07-01T00:00:00,2022,07,11.5,"3,,,N"
Rhode Island,GHCND:US1RIKN0071,2022-07-01T00:00:00,2022,07,21.4,",,,N"
Rhode Island,GHCND:US1RINW0004,2022-07-01T00:00:00,2022,07,7.6,",,,N"
Rhode Island,GHCND:US1RINW0005,2022-07-01T00:00:00,2022,07,8.7,"1,,,N"
Rhode Island,GHCND:US1RINW0007,2022-07-01T00:00:00,2022,07,9.2,",,,N"
Rhode Island,GHCND:US1RINW0016,2022-07-01T00:00:00,2022,07,14.8,",,,N"
Rhode Island,GHCND:US1RINW0017,2022-07-01T00:00:00,2022,07,6.5,"1,,,N"
Rhode Island,GHCND:US1RINW0018,2022-07-01T00:00:00,2022,07,16.2,"1,,,N"
Rhode Island,GHCND:US1RINW0020,2022-07-01T00:00:00,2022,07,21.1,",,,N"
Rhode Island,GHCND:US1RINW0023,2022-07-01T00:00:00,2022,07,8.8,"1,a,,N"
Rhode Island,GHCND:US1RINW0027,2022-07-01T00:00:00,2022,07,7.4,",,,N"
Rhode Island,GHCND:US1RINW0028,2022-07-01T00:00:00,2022,07,8.4,"1,,,N"
Rhode Island,GHCND:US1RINW0030,2022-07-01T00:00:00,2022,07,16.0,",,,N"
Rhode Island,GHCND:US1RINW0031,2022-07-01T00:00:00,2022,07,10.4,",,,N"
Rhode Island,GHCND:US1RINW0032,2022-07-01T00:00:00,2022,07,6.2,",,,N"
Rhode Island,GHCND:US1RINW0035,2022-07-01T00:00:00,2022,07,21.4,"3,,,N"
Rhode Island,GHCND:US1RINW0036,2022-07-01T00:00:00,2022,07,6.4,"2,,,N"
Rhode Island,GHCND:US1RINW0038,2022-07-01T00:00:00,2022,07,8.7,",a,,N"
Rhode Island,GHCND:US1RIPR0028,2022-07-01T00:00:00,2022,07,55.2,",,,N"
Rhode Island,GHCND:US1RIPR0033,2022-07-01T00:00:00,2022,07,59.8,",,,N"
Rhode Island,GHCND:US1RIPR0044,2022-07-01T00:00:00,2022,07,20.6,"5,,,N"
Rhode Island,GHCND:US1RIPR0050,2022-07-01T00:00:00,2022,07,55.1,",,,N"
Rhode Island,GHCND:US1RIPR0051,2022-07-01T00:00:00,2022,07,56.7,",,,N"
Rhode Island,GHCND:US1RIPR0057,2022-07-01T00:00:00,2022,07,19.3,"1,,,N"
Rhode Island,GHCND:US1RIPR0059,2022-07-01T00:00:00,2022,07,45.6,"1,,,N"
Rhode Island,GHCND:US1RIPR0067,2022-07-01T00:00:00,2022,07,26.6,",,,N"
Rhode Island,GHCND:US1RIPR0071,2022-07-01T00:00:00,2022,07,20.7,",,,N"
Rhode Island,GHCND:US1RIPR0077,2022-07-01T00:00:00,2022,07,12.2,",a,,N"
Rhode Island,GHCND:US1RIPR0082,2022-07-01T00:00:00,2022,07,33.3,",,,N"
Rhode Island,GHCND:US1RIPR0084,2022-07-01T00:00:00,2022,07,24.2,",,,N"
Rhode Island,GHCND:US1RIPR0089,2022-07-01T00:00:00,2022,07,37.9,",,,N"
Rhode Island,GHCND:US1RIPR0104,2022-07-01T00:00:00,2022,07,34.8,"1,,,N"
Rhode Island,GHCND:US1RIPR0106,2022-07-01T00:00:00,2022,07,32.5,",,,N"
Rhode Island,GHCND:US1RIPR0108,2022-07-01T00:00:00,2022,07,29.3,"1,,,N"
Rhode Island,GHCND:US1RIPR0111,2022-07-01T00:00:00,2022,07,14.2,",a,,N"
Rhode Island,GHCND:US1RIPR0112,2022-07-01T00:00:00,2022,07,12.4,"1,,,N"
Rhode Island,GHCND:US1RIPR0119,2022-07-01T00:00:00,2022,07,31.1,",,,N"
Rhode Island,GHCND:US1RIPR0121,2022-07-01T00:00:00,2022,07,47.0,",a,,N"
Rhode Island,GHCND:US1RIPR0128,2022-07-01T00:00:00,2022,07,32.1,"3,a,,N"
Rhode Island,GHCND:US1RIPR0130,2022-07-01T00:00:00,2022,07,54.3,",,,N"
Rhode Island,GHCND:US1RIPR0131,2022-07-01T00:00:00,2022,07,65.3,",,,N"
Rhode Island,GHCND:US1RIWS0030,2022-07-01T00:00:00,2022,07,29.8,",,,N"
Rhode Island,GHCND:US1RIWS0031,2022-07-01T00:00:00,2022,07,10.1,"3,,,N"
Rhode Island,GHCND:US1RIWS0036,2022-07-01T00:00:00,2022,07,19.4,",,,N"
Rhode Island,GHCND:US1RIWS0040,2022-07-01T00:00:00,2022,07,2.1,"5,,,N"
Rhode Island,GHCND:US1RIWS0042,2022-07-01T00:00:00,2022,07,16.6,",,,N"
Rhode Island,GHCND:US1RIWS0047,2022-07-01T00:00:00,2022,07,25.9,",,,N"
Rhode Island,GHCND:US1RIWS0051,2022-07-01T00:00:00,2022,07,19.2,",a,,N"
Rhode Island,GHCND:US1RIWS0052,2022-07-01T00:00:00,2022,07,16.0,"2,,,N"
Rhode Island,GHCND:US1RIWS0054,2022-07-01T00:00:00,2022,07,25.6,",,,N"
Rhode Island,GHCND:US1RIWS0055,2022-07-01T00:00:00,2022,07,11.9,",,,N"
Rhode Island,GHCND:US1RIWS0058,2022-07-01T00:00:00,2022,07,22.9,",,,N"
Rhode Island,GHCND:US1RIWS0064,2022-07-01T00:00:00,2022,07,22.4,"2,,,N"
Rhode Island,GHCND:US1RIWS0065,2022-07-01T00:00:00,2022,07,9.6,"2,,,N"
Rhode Island,GHCND:US1RIWS0066,2022-07-01T00:00:00,2022,07,14.2,"4,,,N"
Rhode Island,GHCND:US1RIWS0067,2022-07-01T00:00:00,2022,07,15.8,"2,a,,N"
Rhode Island,GHCND:US1RIWS0069,2022-07-01T00:00:00,2022,07,11.2,",,,N"
Rhode Island,GHCND:US1RIWS0070,2022-07-01T00:00:00,2022,07,14.0,",,,N"
Rhode Island,GHCND:US1RIWS0071,2022-07-01T00:00:00,2022,07,15.3,",,,N"
Rhode Island,GHCND:US1RIWS0080,2022-07-01T00:00:00,2022,07,14.5,"4,,,N"
Rhode Island,GHCND:US1RIWS0081,2022-07-01T00:00:00,2022,07,10.5,",,,N"
Rhode Island,GHCND:US1RIWS0083,2022-07-01T00:00:00,2022,07,9.7,"2,,,N"
Rhode Island,GHCND:US1RIWS0092,2022-07-01T00:00:00,2022,07,23.9,",,,N"
Rhode Island,GHCND:US1RIWS0097,2022-07-01T00:00:00,2022,07,14.8,"1,a,,N"
Rhode Island,GHCND:US1RIWS0099,2022-07-01T00:00:00,2022,07,31.3,",,,N"
Rhode Island,GHCND:US1RIWS0100,2022-07-01T00:00:00,2022,07,15.2,"3,,,N"
Rhode Island,GHCND:USC00370897,2022-07-01T00:00:00,2022,07,37.1,",,,7"
Rhode Island,GHCND:USC00371874,2022-07-01T00:00:00,2022,07,18.6,"2,a,,7"
Rhode Island,GHCND:USC00371875,2022-07-01T00:00:00,2022,07,21.1,",,,7"
Rhode Island,GHCND:USC00374266,2022-07-01T00:00:00,2022,07,20.3,",,,7"
Rhode Island,GHCND:USC00375270,2022-07-01T00:00:00,2022,07,62.5,",,,7"
Rhode Island,GHCND:USC00379423,2022-07-01T00:00:00,2022,07,39.3,",,,7"
Rhode Island,GHCND:USW00014765,2022-07-01T00:00:00,2022,07,11.7,",,,W"
Rhode Island,GHCND:USW00014787,2022-07-01T00:00:00,2022,07,9.7,",,,W"
Rhode Island,GHCND:USW00014794,2022-07-01T00:00:00,2022,07,19.2,",,,W"
Rhode Island,GHCND:USW00054796,2022-07-01T00:00:00,2022,07,19.7,",,,R"
Rhode Island,GHCND:USW00054797,2022-07-01T00:00:00,2022,07,22.8,",,,R"
Rhode Island,GHCND:USW00064710,2022-07-01T00:00:00,2022,07,36.2,",,,W"
Rhode Island,GHCND:US1RIBR0005,2022-08-01T00:00:00,2022,08,49.6,",a,,N"
Rhode Island,GHCND:US1RIBR0011,2022-08-01T00:00:00,2022,08,62.6,",a,,N"
Rhode Island,GHCND:US1RIBR0012,2022-08-01T00:00:00,2022,08,52.5,"1,,,N"
Rhode Island,GHCND:US1RIKN0002,2022-08-01T00:00:00,2022,08,35.8,",,,N"
Rhode Island,GHCND:US1RIKN0014,2022-08-01T00:00:00,2022,08,41.7,",,,N"
Rhode Island,GHCND:US1RIKN0021,2022-08-01T00:00:00,2022,08,68.9,",,,N"
Rhode Island,GHCND:US1RIKN0023,2022-08-01T00:00:00,2022,08,41.6,"1,,,N"
Rhode Island,GHCND:US1RIKN0031,2022-08-01T00:00:00,2022,08,45.1,",,,N"
Rhode Island,GHCND:US1RIKN0036,2022-08-01T00:00:00,2022,08,67.4,",,,N"
Rhode Island,GHCND:US1RIKN0037,2022-08-01T00:00:00,2022,08,29.5,"1,a,,N"
Rhode Island,GHCND:US1RIKN0038,2022-08-01T00:00:00,2022,08,48.1,",,,N"
Rhode Island,GHCND:US1RIKN0045,2022-08-01T00:00:00,2022,08,51.6,",,,N"
Rhode Island,GHCND:US1RIKN0051,2022-08-01T00:00:00,2022,08,59.6,"1,,,N"
Rhode Island,GHCND:US1RIKN0059,2022-08-01T00:00:00,2022,08,86.7,",,,N"
Rhode Island,GHCND:US1RIKN0062,2022-08-01T00:00:00,2022,08,29.3,",,,N"
Rhode Island,GHCND:US1RIKN0065,2022-08-01T00:00:00,2022,08,40.2,"3,,,N"
Rhode Island,GHCND:US1RIKN0067,2022-08-01T00:00:00,2022,08,68.7,",,,N"
Rhode Island,GHCND:US1RIKN0068,2022-08-01T00:00:00,2022,08,59.2,"1,,,N"
Rhode Island,GHCND:US1RIKN0069,2022-08-01T00:00:00,2022,08,27.9,"4,,,N"
Rhode Island,GHCND:US1RINW0004,2022-08-01T00:00:00,2022,08,51.8,",,,N"
Rhode Island,GHCND:US1RINW0005,2022-08-01T00:00:00,2022,08,73.2,",,,N"
Rhode Island,GHCND:US1RINW0007,2022-08-01T00:00:00,2022,08,62.9,",,,N"
Rhode Island,GHCND:US1RINW0016,2022-08-01T00:00:00,2022,08,44.7,"1,,,N"
Rhode Island,GHCND:US1RINW0017,2022-08-01T00:00:00,2022,08,47.8,",,,N"
Rhode Island,GHCND:US1RINW0018,2022-08-01T00:00:00,2022,08,68.5,",,,N"
Rhode Island,GHCND:US1RINW0020,2022-08-01T00:00:00,2022,08,43.6,",,,N"
Rhode Island,GHCND:US1RINW0023,2022-08-01T00:00:00,2022,08,47.1,"2,,,N"
Rhode Island,GHCND:US1RINW0027,2022-08-01T00:00:00,2022,08,83.2,",,,N"
Rhode Island,GHCND:US1RINW0028,2022-08-01T00:00:00,2022,08,32.0,",,,N"
Rhode Island,GHCND:US1RINW0030,2022-08-01T00:00:00,2022,08,72.9,",,,N"
Rhode Island,GHCND:US1RINW0031,2022-08-01T00:00:00,2022,08,68.6,"1,a,,N"
Rhode Island,GHCND:US1RINW0032,2022-08-01T00:00:00,2022,08,57.1,",,,N"
Rhode Island,GHCND:US1RINW0036,2022-08-01T00:00:00,2022,08,73.5,",,,N"
Rhode Island,GHCND:US1RINW0038,2022-08-01T00:00:00,2022,08,55.4,"1,a,,N"
Rhode Island,GHCND:US1RIPR0028,2022-08-01T00:00:00,2022,08,86.2,"1,,,N"
Rhode Island,GHCND:US1RIPR0033,2022-08-01T00:00:00,2022,08,102.9,",,,N"
Rhode Island,GHCND:US1RIPR0050,2022-08-01T00:00:00,2022,08,113.6,",,,N"
Rhode Island,GHCND:US1RIPR0051,2022-08-01T00:00:00,2022,08,84.0,",,,N"
Rhode Island,GHCND:US1RIPR0055,2022-08-01T00:00:00,2022,08,101.8,",,,N"
Rhode Island,GHCND:US1RIPR0057,2022-08-01T00:00:00,2022,08,59.0,",a,,N"
Rhode Island,GHCND:US1RIPR0059,2022-08-01T00:00:00,2022,08,119.7,"2,,,N"
Rhode Island,GHCND:US1RIPR0067,2022-08-01T00:00:00,2022,08,102.9,",,,N"
Rhode Island,GHCND:US1RIPR0071,2022-08-01T00:00:00,2022,08,105.2,"1,,,N"
Rhode Island,GHCND:US1RIPR0077,2022-08-01T00:00:00,2022,08,63.9,"1,a,,N"
Rhode Island,GHCND:US1RIPR0082,2022-08-01T00:00:00,2022,08,97.3,",,,N"
Rhode Island,GHCND:US1RIPR0084,2022-08-01T00:00:00,2022,08,103.2,",,,N"
Rhode Island,GHCND:US1RIPR0089,2022-08-01T00:00:00,2022,08,67.0,",a,,N"
Rhode Island,GHCND:US1RIPR0104,2022-08-01T00:00:00,2022,08,94.7,",,,N"
Rhode Island,GHCND:US1RIPR0106,2022-08-01T00:00:00,2022,08,74.3,",,,N"
Rhode Island,GHCND:US1RIPR0108,2022-08-01T00:00:00,2022,08,85.9,",,,N"
Rhode Island,GHCND:US1RIPR0112,2022-08-01T00:00:00,2022,08,96.4,",,,N"
Rhode Island,GHCND:US1RIPR0119,2022-08-01T00:00:00,2022,08,186.4,"1,,,N"
Rhode Island,GHCND:US1RIPR0121,2022-08-01T00:00:00,2022,08,101.5,",,,N"
Rhode Island,GHCND:US1RIPR0130,2022-08-01T00:00:00,2022,08,94.9,",a,,N"
Rhode Island,GHCND:US1RIPR0131,2022-08-01T00:00:00,2022,08,95.2,"1,,,N"
Rhode Island,GHCND:US1RIWS0030,2022-08-01T00:00:00,2022,08,46.2,",,,N"
Rhode Island,GHCND:US1RIWS0036,2022-08-01T00:00:00,2022,08,34.4,"1,,,N"
Rhode Island,GHCND:US1RIWS0037,2022-08-01T00:00:00,2022,08,77.9,",,,N"
Rhode Island,GHCND:US1RIWS0040,2022-08-01T00:00:00,2022,08,66.2,"4,,,N"
Rhode Island,GHCND:US1RIWS0042,2022-08-01T00:00:00,2022,08,98.3,",,,N"
Rhode Island,GHCND:US1RIWS0047,2022-08-01T00:00:00,2022,08,57.4,",,,N"
Rhode Island,GHCND:US1RIWS0052,2022-08-01T00:00:00,2022,08,81.3,"3,,,N"
Rhode Island,GHCND:US1RIWS0054,2022-08-01T00:00:00,2022,08,66.0,",,,N"
Rhode Island,GHCND:US1RIWS0058,2022-08-01T00:00:00,2022,08,85.8,",,,N"
Rhode Island,GHCND:US1RIWS0061,2022-08-01T00:00:00,2022,08,48.2,"4,,,N"
Rhode Island,GHCND:US1RIWS0064,2022-08-01T00:00:00,2022,08,100.3,"1,,,N"
Rhode Island,GHCND:US1RIWS0066,2022-08-01T00:00:00,2022,08,75.0,",,,N"
Rhode Island,GHCND:US1RIWS0067,2022-08-01T00:00:00,2022,08,32.8,"1,,,N"
Rhode Island,GHCND:US1RIWS0069,2022-08-01T00:00:00,2022,08,81.5,",,,N"
Rhode Island,GHCND:US1RIWS0071,2022-08-01T00:00:00,2022,08,46.0,",,,N"
Rhode Island,GHCND:US1RIWS0077,2022-08-01T00:00:00,2022,08,79.8,",,,N"
Rhode Island,GHCND:US1RIWS0080,2022-08-01T00:00:00,2022,08,56.9,"3,,,N"
Rhode Island,GHCND:US1RIWS0081,2022-08-01T00:00:00,2022,08,43.3,"1,,,N"
Rhode Island,GHCND:US1RIWS0083,2022-08-01T00:00:00,2022,08,66.3,"1,,,N"
Rhode Island,GHCND:US1RIWS0088,2022-08-01T00:00:00,2022,08,84.1,"2,,,N"
Rhode Island,GHCND:US1RIWS0092,2022-08-01T00:00:00,2022,08,35.3,",a,,N"
Rhode Island,GHCND:US1RIWS0099,2022-08-01T00:00:00,2022,08,81.4,",,,N"
Rhode Island,GHCND:USC00370897,2022-08-01T00:00:00,2022,08,38.9,",,,7"
Rhode Island,GHCND:USC00371874,2022-08-01T00:00:00,2022,08,85.0,"1,a,,7"
Rhode Island,GHCND:USC00371875,2022-08-01T00:00:00,2022,08,71.9,",,,7"
Rhode Island,GHCND:USC00374266,2022-08-01T00:00:00,2022,08,88.3,",,,7"
Rhode Island,GHCND:USC00375270,2022-08-01T00:00:00,2022,08,109.6,",,,7"
Rhode Island,GHCND:USC00379423,2022-08-01T00:00:00,2022,08,92.9,"1,,,7"
Rhode Island,GHCND:USW00014765,2022-08-01T00:00:00,2022,08,43.1,",,,W"
Rhode Island,GHCND:USW00014787,2022-08-01T00:00:00,2022,08,59.5,",,,W"
Rhode Island,GHCND:USW00014794,2022-08-01T00:00:00,2022,08,41.7,",,,W"
Rhode Island,GHCND:USW00054796,2022-08-01T00:00:00,2022,08,87.9,",,,R"
Rhode Island,GHCND:USW00054797,2022-08-01T00:00:00,2022,08,87.8,",,,R"
Rhode Island,GHCND:USW00064710,2022-08-01T00:00:00,2022,08,61.2,",,,W"
Rhode Island,GHCND:US1RIBR0005,2022-09-01T00:00:00,2022,09,199.0,",,,N"
Rhode Island,GHCND:US1RIBR0011,2022-09-01T00:00:00,2022,09,143.4,",,,N"
Rhode Island,GHCND:US1RIBR0012,2022-09-01T00:00:00,2022,09,202.7,"1,,,N"
Rhode Island,GHCND:US1RIKN0002,2022-09-01T00:00:00,2022,09,126.8,",,,N"
Rhode Island,GHCND:US1RIKN0014,2022-09-01T00:00:00,2022,09,192.4,",,,N"
Rhode Island,GHCND:US1RIKN0015,2022-09-01T00:00:00,2022,09,117.8,"4,,,N"
Rhode Island,GHCND:US1RIKN0021,2022-09-01T00:00:00,2022,09,175.0,",,,N"
Rhode Island,GHCND:US1RIKN0023,2022-09-01T00:00:00,2022,09,171.5,"1,,,N"
Rhode Island,GHCND:US1RIKN0030,2022-09-01T00:00:00,2022,09,150.1,"3,a,,N"
Rhode Island,GHCND:US1RIKN0031,2022-09-01T00:00:00,2022,09,151.1,",a,,N"
Rhode Island,GHCND:US1RIKN0036,2022-09-01T00:00:00,2022,09,195.5,",,,N"
Rhode Island,GHCND:US1RIKN0038,2022-09-01T00:00:00,2022,09,196.0,",,,N"
Rhode Island,GHCND:US1RIKN0045,2022-09-01T00:00:00,2022,09,156.7,",,,N"
Rhode Island,GHCND:US1RIKN0051,2022-09-01T00:00:00,2022,09,182.3,"1,a,,N"
Rhode Island,GHCND:US1RIKN0059,2022-09-01T00:00:00,2022,09,165.7,",,,N"
Rhode Island,GHCND:US1RIKN0062,2022-09-01T00:00:00,2022,09,132.3,"1,,,N"
Rhode Island,GHCND:US1RIKN0067,2022-09-01T00:00:00,2022,09,155.3,"4,,,N"
Rhode Island,GHCND:US1RIKN0068,2022-09-01T00:00:00,2022,09,157.4,",,,N"
Rhode Island,GHCND:US1RIKN0069,2022-09-01T00:00:00,2022,09,138.9,"5,,,N"
Rhode Island,GHCND:US1RINW0004,2022-09-01T00:00:00,2022,09,95.5,",,,N"
Rhode Island,GHCND:US1RINW0005,2022-09-01T00:00:00,2022,09,143.5,",,,N"
Rhode Island,GHCND:US1RINW0007,2022-09-01T00:00:00,2022,09,144.2,",,,N"
Rhode Island,GHCND:US1RINW0016,2022-09-01T00:00:00,2022,09,123.3,",,,N"
Rhode Island,GHCND:US1RINW0017,2022-09-01T00:00:00,2022,09,125.2,",,,N"
Rhode Island,GHCND:US1RINW0018,2022-09-01T00:00:00,2022,09,136.6,",,,N"
Rhode Island,GHCND:US1RINW0020,2022-09-01T00:00:00,2022,09,140.8,",,,N"
Rhode Island,GHCND:US1RINW0027,2022-09-01T00:00:00,2022,09,149.4,",,,N"
Rhode Island,GHCND:US1RINW0028,2022-09-01T00:00:00,2022,09,131.2,",,,N"
Rhode Island,GHCND:US1RINW0030,2022-09-01T00:00:00,2022,09,126.1,",,,N"
Rhode Island,GHCND:US1RINW0031,2022-09-01T00:00:00,2022,09,133.6,"2,,,N"
Rhode Island,GHCND:US1RINW0032,2022-09-01T00:00:00,2022,09,120.1,",,,N"
Rhode Island,GHCND:US1RINW0035,2022-09-01T00:00:00,2022,09,128.9,",,,N"
Rhode Island,GHCND:US1RINW0036,2022-09-01T00:00:00,2022,09,140.5,"1,,,N"
Rhode Island,GHCND:US1RINW0038,2022-09-01T00:00:00,2022,09,165.2,"4,a,,N"
Rhode Island,GHCND:US1RIPR0028,2022-09-01T00:00:00,2022,09,199.5,",,,N"
Rhode Island,GHCND:US1RIPR0033,2022-09-01T00:00:00,2022,09,288.0,",,,N"
Rhode Island,GHCND:US1RIPR0044,2022-09-01T00:00:00,2022,09,268.6,"3,,,N"
Rhode Island,GHCND:US1RIPR0050,2022-09-01T00:00:00,2022,09,221.0,",,,N"
Rhode Island,GHCND:US1RIPR0051,2022-09-01T00:00:00,2022,09,215.8,",,,N"
Rhode Island,GHCND:US1RIPR0055,2022-09-01T00:00:00,2022,09,166.3,",a,,N"
Rhode Island,GHCND:US1RIPR0057,2022-09-01T00:00:00,2022,09,225.5,"2,,,N"
Rhode Island,GHCND:US1RIPR0067,2022-09-01T00:00:00,2022,09,222.9,",,,N"
Rhode Island,GHCND:US1RIPR0071,2022-09-01T00:00:00,2022,09,302.0,"1,,,N"
Rhode Island,GHCND:US1RIPR0082,2022-09-01T00:00:00,2022,09,241.9,",,,N"
Rhode Island,GHCND:US1RIPR0084,2022-09-01T00:00:00,2022,09,216.4,",,,N"
Rhode Island,GHCND:US1RIPR0089,2022-09-01T00:00:00,2022,09,179.0,",,,N"
Rhode Island,GHCND:US1RIPR0104,2022-09-01T00:00:00,2022,09,217.9,",,,N"
Rhode Island,GHCND:US1RIPR0106,2022-09-01T00:00:00,2022,09,214.7,",,,N"
Rhode Island,GHCND:US1RIPR0108,2022-09-01T00:00:00,2022,09,214.8,",,,N"
Rhode Island,GHCND:US1RIPR0112,2022-09-01T00:00:00,2022,09,273.4,"1,,,N"
Rhode Island,GHCND:US1RIPR0116,2022-09-01T00:00:00,2022,09,229.3,"5,,,N"
Rhode Island,GHCND:US1RIPR0119,2022-09-01T00:00:00,2022,09,193.1,",,,N"
Rhode Island,GHCND:US1RIPR0121,2022-09-01T00:00:00,2022,09,217.9,"1,,,N"
Rhode Island,GHCND:US1RIPR0130,2022-09-01T00:00:00,2022,09,245.2,",,,N"
Rhode Island,GHCND:US1RIPR0131,2022-09-01T00:00:00,2022,09,291.0,",,,N"
Rhode Island,GHCND:US1RIWS0030,2022-09-01T00:00:00,2022,09,184.1,",,,N"
Rhode Island,GHCND:US1RIWS0031,2022-09-01T00:00:00,2022,09,134.5,"1,,,N"
Rhode Island,GHCND:US1RIWS0036,2022-09-01T00:00:00,2022,09,183.4,",,,N"
Rhode Island,GHCND:US1RIWS0037,2022-09-01T00:00:00,2022,09,152.9,",,,N"
Rhode Island,GHCND:US1RIWS0040,2022-09-01T00:00:00,2022,09,145.7,"3,,,N"
Rhode Island,GHCND:US1RIWS0042,2022-09-01T00:00:00,2022,09,173.6,",,,N"
Rhode Island,GHCND:US1RIWS0045,2022-09-01T00:00:00,2022,09,147.8,",,,N"
Rhode Island,GHCND:US1RIWS0047,2022-09-01T00:00:00,2022,09,153.2,",,,N"
Rhode Island,GHCND:US1RIWS0051,2022-09-01T00:00:00,2022,09,153.2,"4,,,N"
Rhode Island,GHCND:US1RIWS0052,2022-09-01T00:00:00,2022,09,122.3,"4,,,N"
Rhode Island,GHCND:US1RIWS0054,2022-09-01T00:00:00,2022,09,149.9,",,,N"
Rhode Island,GHCND:US1RIWS0055,2022-09-01T00:00:00,2022,09,171.0,",,,N"
Rhode Island,GHCND:US1RIWS0058,2022-09-01T00:00:00,2022,09,151.1,",,,N"
Rhode Island,GHCND:US1RIWS0064,2022-09-01T00:00:00,2022,09,173.2,"2,,,N"
Rhode Island,GHCND:US1RIWS0065,2022-09-01T00:00:00,2022,09,149.8,",,,N"
Rhode Island,GHCND:US1RIWS0066,2022-09-01T00:00:00,2022,09,135.6,"1,,,N"
Rhode Island,GHCND:US1RIWS0067,2022-09-01T00:00:00,2022,09,171.4,",,,N"
Rhode Island,GHCND:US1RIWS0069,2022-09-01T00:00:00,2022,09,156.2,",,,N"
Rhode Island,GHCND:US1RIWS0070,2022-09-01T00:00:00,2022,09,145.6,",,,N"
Rhode Island,GHCND:US1RIWS0071,2022-09-01T00:00:00,2022,09,149.1,"1,,,N"
Rhode Island,GHCND:US1RIWS0080,2022-09-01T00:00:00,2022,09,128.4,"3,,,N"
Rhode Island,GHCND:US1RIWS0081,2022-09-01T00:00:00,2022,09,170.7,",,,N"
Rhode Island,GHCND:US1RIWS0083,2022-09-01T00:00:00,2022,09,150.9,",,,N"
Rhode Island,GHCND:US1RIWS0092,2022-09-01T00:00:00,2022,09,132.0,",a,,N"
Rhode Island,GHCND:US1RIWS0097,2022-09-01T00:00:00,2022,09,140.2,",,,N"
Rhode Island,GHCND:US1RIWS0099,2022-09-01T00:00:00,2022,09,188.8,",,,N"
Rhode Island,GHCND:US1RIWS0100,2022-09-01T00:00:00,2022,09,150.0,",,,N"
Rhode Island,GHCND:US1RIWS0101,2022-09-01T00:00:00,2022,09,136.2,",,,N"
Rhode Island,GHCND:USC00370897,2022-09-01T00:00:00,2022,09,117.4,",,,7"
Rhode Island,GHCND:USC00371874,2022-09-01T00:00:00,2022,09,166.2,",a,,7"
Rhode Island,GHCND:USC00371875,2022-09-01T00:00:00,2022,09,159.5,",,,7"
Rhode Island,GHCND:USC00374266,2022-09-01T00:00:00,2022,09,143.6,",,,7"
Rhode Island,GHCND:USC00375270,2022-09-01T00:00:00,2022,09,224.7,",,,7"
Rhode Island,GHCND:USC00379423,2022-09-01T00:00:00,2022,09,221.2,",,,7"
Rhode Island,GHCND:USW00014765,2022-09-01T00:00:00,2022,09,151.1,",,,W"
Rhode Island,GHCND:USW00014787,2022-09-01T00:00:00,2022,09,123.3,",,,W"
Rhode Island,GHCND:USW00014794,2022-09-01T00:00:00,2022,09,131.3,",,,W"
Rhode Island,GHCND:USW00054796,2022-09-01T00:00:00,2022,09,139.4,"1,,,R"
Rhode Island,GHCND:USW00054797,2022-09-01T00:00:00,2022,09,144.8,",,,R"
Rhode Island,GHCND:USW00064710,2022-09-01T00:00:00,2022,09,226.8,",,,W"
Rhode Island,GHCND:US1RIBR0005,2022-10-01T00:00:00,2022,10,127.5,",a,,N"
Rhode Island,GHCND:US1RIBR0011,2022-10-01T00:00:00,2022,10,116.3,",,,N"
Rhode Island,GHCND:US1RIBR0012,2022-10-01T00:00:00,2022,10,137.1,",,,N"
Rhode Island,GHCND:US1RIKN0002,2022-10-01T00:00:00,2022,10,116.0,",,,N"
Rhode Island,GHCND:US1RIKN0014,2022-10-01T00:00:00,2022,10,156.2,",,,N"
Rhode Island,GHCND:US1RIKN0015,2022-10-01T00:00:00,2022,10,105.1,"4,a,,N"
Rhode Island,GHCND:US1RIKN0021,2022-10-01T00:00:00,2022,10,135.9,",,,N"
Rhode Island,GHCND:US1RIKN0023,2022-10-01T00:00:00,2022,10,147.0,",,,N"
Rhode Island,GHCND:US1RIKN0030,2022-10-01T00:00:00,2022,10,130.2,"1,a,,N"
Rhode Island,GHCND:US1RIKN0031,2022-10-01T00:00:00,2022,10,131.6,",a,,N"
Rhode Island,GHCND:US1RIKN0036,2022-10-01T00:00:00,2022,10,147.4,",,,N"
Rhode Island,GHCND:US1RIKN0037,2022-10-01T00:00:00,2022,10,132.6,",,,N"
Rhode Island,GHCND:US1RIKN0038,2022-10-01T00:00:00,2022,10,135.0,",,,N"
Rhode Island,GHCND:US1RIKN0045,2022-10-01T00:00:00,2022,10,129.0,",,,N"
Rhode Island,GHCND:US1RIKN0051,2022-10-01T00:00:00,2022,10,138.3,",,,N"
Rhode Island,GHCND:US1RIKN0059,2022-10-01T00:00:00,2022,10,133.0,",,,N"
Rhode Island,GHCND:US1RIKN0062,2022-10-01T00:00:00,2022,10,131.0,"1,,,N"
Rhode Island,GHCND:US1RIKN0065,2022-10-01T00:00:00,2022,10,132.8,"5,,,N"
Rhode Island,GHCND:US1RIKN0067,2022-10-01T00:00:00,2022,10,139.1,",,,N"
Rhode Island,GHCND:US1RIKN0068,2022-10-01T00:00:00,2022,10,139.9,"1,,,N"
Rhode Island,GHCND:US1RIKN0069,2022-10-01T00:00:00,2022,10,135.1,",,,N"
Rhode Island,GHCND:US1RIKN0071,2022-10-01T00:00:00,2022,10,134.9,",,,N"
Rhode Island,GHCND:US1RIKN0074,2022-10-01T00:00:00,2022,10,128.0,"4,,,N"
Rhode Island,GHCND:US1RINW0004,2022-10-01T00:00:00,2022,10,119.5,",,,N"
Rhode Island,GHCND:US1RINW0005,2022-10-01T00:00:00,2022,10,138.7,"1,,,N"
Rhode Island,GHCND:US1RINW0007,2022-10-01T00:00:00,2022,10,139.9,",,,N"
Rhode Island,GHCND:US1RINW0016,2022-10-01T00:00:00,2022,10,135.4,",,,N"
Rhode Island,GHCND:US1RINW0017,2022-10-01T00:00:00,2022,10,158.9,"1,,,N"
Rhode Island,GHCND:US1RINW0018,2022-10-01T00:00:00,2022,10,113.8,",,,N"
Rhode Island,GHCND:US1RINW0020,2022-10-01T00:00:00,2022,10,135.4,",,,N"
Rhode Island,GHCND:US1RINW0023,2022-10-01T00:00:00,2022,10,143.8,",a,,N"
Rhode Island,GHCND:US1RINW0027,2022-10-01T00:00:00,2022,10,120.2,"1,,,N"
Rhode Island,GHCND:US1RINW0028,2022-10-01T00:00:00,2022,10,130.7,"1,,,N"
Rhode Island,GHCND:US1RINW0030,2022-10-01T00:00:00,2022,10,126.2,",,,N"
Rhode Island,GHCND:US1RINW0031,2022-10-01T00:00:00,2022,10,124.9,",a,,N"
Rhode Island,GHCND:US1RINW0032,2022-10-01T00:00:00,2022,10,123.2,",,,N"
Rhode Island,GHCND:US1RINW0035,2022-10-01T00:00:00,2022,10,110.4,"4,a,,N"
Rhode Island,GHCND:US1RINW0036,2022-10-01T00:00:00,2022,10,125.9,"1,,,N"
Rhode Island,GHCND:US1RINW0038,2022-10-01T00:00:00,2022,10,140.6,"3,a,,N"
Rhode Island,GHCND:US1RIPR0021,2022-10-01T00:00:00,2022,10,131.4,",,,N"
Rhode Island,GHCND:US1RIPR0028,2022-10-01T00:00:00,2022,10,118.6,",,,N"
Rhode Island,GHCND:US1RIPR0033,2022-10-01T00:00:00,2022,10,126.2,",,,N"
Rhode Island,GHCND:US1RIPR0044,2022-10-01T00:00:00,2022,10,148.8,"2,,,N"
Rhode Island,GHCND:US1RIPR0050,2022-10-01T00:00:00,2022,10,116.4,",,,N"
Rhode Island,GHCND:US1RIPR0051,2022-10-01T00:00:00,2022,10,122.5,",,,N"
Rhode Island,GHCND:US1RIPR0055,2022-10-01T00:00:00,2022,10,109.4,",,,N"
Rhode Island,GHCND:US1RIPR0057,2022-10-01T00:00:00,2022,10,143.0,"2,,,N"
Rhode Island,GHCND:US1RIPR0059,2022-10-01T00:00:00,2022,10,115.2,"2,,,N"
Rhode Island,GHCND:US1RIPR0067,2022-10-01T00:00:00,2022,10,106.1,"2,,,N"
Rhode Island,GHCND:US1RIPR0071,2022-10-01T00:00:00,2022,10,143.2,",,,N"
Rhode Island,GHCND:US1RIPR0077,2022-10-01T00:00:00,2022,10,118.4,",a,,N"
Rhode Island,GHCND:US1RIPR0082,2022-10-01T00:00:00,2022,10,154.9,",,,N"
Rhode Island,GHCND:US1RIPR0084,2022-10-01T00:00:00,2022,10,148.2,",a,,N"
Rhode Island,GHCND:US1RIPR0089,2022-10-01T00:00:00,2022,10,112.1,",,,N"
Rhode Island,GHCND:US1RIPR0104,2022-10-01T00:00:00,2022,10,157.8,",,,N"
Rhode Island,GHCND:US1RIPR0106,2022-10-01T00:00:00,2022,10,130.9,",,,N"
Rhode Island,GHCND:US1RIPR0108,2022-10-01T00:00:00,2022,10,138.7,",,,N"
Rhode Island,GHCND:US1RIPR0111,2022-10-01T00:00:00,2022,10,130.6,"1,,,N"
Rhode Island,GHCND:US1RIPR0112,2022-10-01T00:00:00,2022,10,140.2,"1,,,N"
Rhode Island,GHCND:US1RIPR0119,2022-10-01T00:00:00,2022,10,145.5,",,,N"
Rhode Island,GHCND:US1RIPR0121,2022-10-01T00:00:00,2022,10,119.4,",,,N"
Rhode Island,GHCND:US1RIPR0130,2022-10-01T00:00:00,2022,10,135.0,",,,N"
Rhode Island,GHCND:US1RIPR0131,2022-10-01T00:00:00,2022,10,135.2,"5,,,N"
Rhode Island,GHCND:US1RIWS0030,2022-10-01T00:00:00,2022,10,119.6,",,,N"
Rhode Island,GHCND:US1RIWS0031,2022-10-01T00:00:00,2022,10,133.4,",,,N"
Rhode Island,GHCND:US1RIWS0036,2022-10-01T00:00:00,2022,10,121.6,",,,N"
Rhode Island,GHCND:US1RIWS0037,2022-10-01T00:00:00,2022,10,125.0,",,,N"
Rhode Island,GHCND:US1RIWS0042,2022-10-01T00:00:00,2022,10,131.9,",,,N"
Rhode Island,GHCND:US1RIWS0044,2022-10-01T00:00:00,2022,10,146.6,"1,a,,N"
Rhode Island,GHCND:US1RIWS0045,2022-10-01T00:00:00,2022,10,143.0,",a,,N"
Rhode Island,GHCND:US1RIWS0047,2022-10-01T00:00:00,2022,10,133.7,",,,N"
Rhode Island,GHCND:US1RIWS0051,2022-10-01T00:00:00,2022,10,124.1,"2,,,N"
Rhode Island,GHCND:US1RIWS0054,2022-10-01T00:00:00,2022,10,146.4,",,,N"
Rhode Island,GHCND:US1RIWS0058,2022-10-01T00:00:00,2022,10,130.8,",,,N"
Rhode Island,GHCND:US1RIWS0061,2022-10-01T00:00:00,2022,10,139.9,"4,,,N"
Rhode Island,GHCND:US1RIWS0065,2022-10-01T00:00:00,2022,10,125.2,",,,N"
Rhode Island,GHCND:US1RIWS0066,2022-10-01T00:00:00,2022,10,125.4,"1,,,N"
Rhode Island,GHCND:US1RIWS0067,2022-10-01T00:00:00,2022,10,138.0,"1,a,,N"
Rhode Island,GHCND:US1RIWS0069,2022-10-01T00:00:00,2022,10,140.9,",,,N"
Rhode Island,GHCND:US1RIWS0071,2022-10-01T00:00:00,2022,10,117.0,",,,N"
Rhode Island,GHCND:US1RIWS0081,2022-10-01T00:00:00,2022,10,106.3,"1,,,N"
Rhode Island,GHCND:US1RIWS0083,2022-10-01T00:00:00,2022,10,131.9,",,,N"
Rhode Island,GHCND:US1RIWS0092,2022-10-01T00:00:00,2022,10,112.4,"1,,,N"
Rhode Island,GHCND:US1RIWS0097,2022-10-01T00:00:00,2022,10,128.0,",a,,N"
Rhode Island,GHCND:US1RIWS0099,2022-10-01T00:00:00,2022,10,146.8,",a,,N"
Rhode Island,GHCND:US1RIWS0101,2022-10-01T00:00:00,2022,10,140.0,"2,,,N"
Rhode Island,GHCND:US1RIWS0104,2022-10-01T00:00:00,2022,10,124.3,"2,,,N"
Rhode Island,GHCND:US1RIWS0105,2022-10-01T00:00:00,2022,10,129.3,"1,,,N"
Rhode Island,GHCND:US1RIWS0106,2022-10-01T00:00:00,2022,10,137.4,",,,N"
Rhode Island,GHCND:USC00370897,2022-10-01T00:00:00,2022,10,112.9,",,,7"
Rhode Island,GHCND:USC00371874,2022-10-01T00:00:00,2022,10,97.0,"1,a,,7"
Rhode Island,GHCND:USC00371875,2022-10-01T00:00:00,2022,10,144.1,",,,7"
Rhode Island,GHCND:USC00374266,2022-10-01T00:00:00,2022,10,141.6,",,,7"
Rhode Island,GHCND:USC00375270,2022-10-01T00:00:00,2022,10,119.3,",,,7"
Rhode Island,GHCND:USC00379423,2022-10-01T00:00:00,2022,10,124.7,",,,7"
Rhode Island,GHCND:USW00014765,2022-10-01T00:00:00,2022,10,148.5,",,,W"
Rhode Island,GHCND:USW00014787,2022-10-01T00:00:00,2022,10,122.6,",,,W"
Rhode Island,GHCND:USW00014794,2022-10-01T00:00:00,2022,10,113.0,",,,W"
Rhode Island,GHCND:USW00054796,2022-10-01T00:00:00,2022,10,133.1,",,,R"
Rhode Island,GHCND:USW00054797,2022-10-01T00:00:00,2022,10,131.7,",,,R"
Rhode Island,GHCND:USW00064710,2022-10-01T00:00:00,2022,10,95.3,",,,W"
Rhode Island,GHCND:US1RIBR0005,2022-11-01T00:00:00,2022,11,62.0,",a,,N"
Rhode Island,GHCND:US1RIBR0011,2022-11-01T00:00:00,2022,11,48.1,",a,,N"
Rhode Island,GHCND:US1RIBR0012,2022-11-01T00:00:00,2022,11,58.6,",,,N"
Rhode Island,GHCND:US1RIBR0018,2022-11-01T00:00:00,2022,11,60.8,",,,N"
Rhode Island,GHCND:US1RIKN0002,2022-11-01T00:00:00,2022,11,50.0,",,,N"
Rhode Island,GHCND:US1RIKN0014,2022-11-01T00:00:00,2022,11,62.7,",,,N"
Rhode Island,GHCND:US1RIKN0021,2022-11-01T00:00:00,2022,11,66.6,",,,N"
Rhode Island,GHCND:US1RIKN0023,2022-11-01T00:00:00,2022,11,61.3,"1,,,N"
Rhode Island,GHCND:US1RIKN0030,2022-11-01T00:00:00,2022,11,72.2,",a,,N"
Rhode Island,GHCND:US1RIKN0031,2022-11-01T00:00:00,2022,11,68.1,",a,,N"
Rhode Island,GHCND:US1RIKN0036,2022-11-01T00:00:00,2022,11,61.9,",,,N"
Rhode Island,GHCND:US1RIKN0037,2022-11-01T00:00:00,2022,11,76.1,",,,N"
Rhode Island,GHCND:US1RIKN0038,2022-11-01T00:00:00,2022,11,68.2,",,,N"
Rhode Island,GHCND:US1RIKN0045,2022-11-01T00:00:00,2022,11,72.3,",a,,N"
Rhode Island,GHCND:US1RIKN0051,2022-11-01T00:00:00,2022,11,69.0,",a,,N"
Rhode Island,GHCND:US1RIKN0059,2022-11-01T00:00:00,2022,11,74.2,"1,,,N"
Rhode Island,GHCND:US1RIKN0062,2022-11-01T00:00:00,2022,11,75.4,"2,,,N"
Rhode Island,GHCND:US1RIKN0067,2022-11-01T00:00:00,2022,11,72.9,",,,N"
Rhode Island,GHCND:US1RIKN0068,2022-11-01T00:00:00,2022,11,61.3,",,,N"
Rhode Island,GHCND:US1RIKN0069,2022-11-01T00:00:00,2022,11,72.9,",,,N"
Rhode Island,GHCND:US1RINW0004,2022-11-01T00:00:00,2022,11,28.0,",,,N"
Rhode Island,GHCND:US1RINW0005,2022-11-01T00:00:00,2022,11,48.6,"3,,,N"
Rhode Island,GHCND:US1RINW0007,2022-11-01T00:00:00,2022,11,55.1,",,,N"
Rhode Island,GHCND:US1RINW0016,2022-11-01T00:00:00,2022,11,56.0,",,,N"
Rhode Island,GHCND:US1RINW0017,2022-11-01T00:00:00,2022,11,56.7,",,,N"
Rhode Island,GHCND:US1RINW0018,2022-11-01T00:00:00,2022,11,44.9,",,,N"
Rhode Island,GHCND:US1RINW0020,2022-11-01T00:00:00,2022,11,55.0,"1,,,N"
Rhode Island,GHCND:US1RINW0027,2022-11-01T00:00:00,2022,11,52.1,",,,N"
Rhode Island,GHCND:US1RINW0028,2022-11-01T00:00:00,2022,11,44.6,",,,N"
Rhode Island,GHCND:US1RINW0030,2022-11-01T00:00:00,2022,11,55.6,",,,N"
Rhode Island,GHCND:US1RINW0031,2022-11-01T00:00:00,2022,11,38.7,"1,a,,N"
Rhode Island,GHCND:US1RINW0032,2022-11-01T00:00:00,2022,11,45.9,",,,N"
Rhode Island,GHCND:US1RINW0035,2022-11-01T00:00:00,2022,11,51.2,"1,a,,N"
Rhode Island,GHCND:US1RINW0036,2022-11-01T00:00:00,2022,11,50.6,"1,,,N"
Rhode Island,GHCND:US1RIPR0021,2022-11-01T00:00:00,2022,11,74.7,"5,a,,N"
Rhode Island,GHCND:US1RIPR0028,2022-11-01T00:00:00,2022,11,67.8,",,,N"
Rhode Island,GHCND:US1RIPR0033,2022-11-01T00:00:00,2022,11,65.3,",,,N"
Rhode Island,GHCND:US1RIPR0044,2022-11-01T00:00:00,2022,11,59.1,",,,N"
Rhode Island,GHCND:US1RIPR0050,2022-11-01T00:00:00,2022,11,71.3,",,,N"
Rhode Island,GHCND:US1RIPR0051,2022-11-01T00:00:00,2022,11,72.4,",,,N"
Rhode Island,GHCND:US1RIPR0055,2022-11-01T00:00:00,2022,11,63.2,",,,N"
Rhode Island,GHCND:US1RIPR0057,2022-11-01T00:00:00,2022,11,61.8,",,,N"
Rhode Island,GHCND:US1RIPR0059,2022-11-01T00:00:00,2022,11,63.0,"1,,,N"
Rhode Island,GHCND:US1RIPR0067,2022-11-01T00:00:00,2022,11,61.2,",,,N"
Rhode Island,GHCND:US1RIPR0071,2022-11-01T00:00:00,2022,11,66.6,"5,,,N"
Rhode Island,GHCND:US1RIPR0082,2022-11-01T00:00:00,2022,11,67.0,",,,N"
Rhode Island,GHCND:US1RIPR0084,2022-11-01T00:00:00,2022,11,63.5,",,,N"
Rhode Island,GHCND:US1RIPR0089,2022-11-01T00:00:00,2022,11,64.8,",,,N"
Rhode Island,GHCND:US1RIPR0104,2022-11-01T00:00:00,2022,11,65.7,",,,N"
Rhode Island,GHCND:US1RIPR0106,2022-11-01T00:00:00,2022,11,67.7,",,,N"
Rhode Island,GHCND:US1RIPR0108,2022-11-01T00:00:00,2022,11,57.4,",,,N"
Rhode Island,GHCND:US1RIPR0112,2022-11-01T00:00:00,2022,11,65.0,"1,,,N"
Rhode Island,GHCND:US1RIPR0119,2022-11-01T00:00:00,2022,11,59.0,"2,,,N"
Rhode Island,GHCND:US1RIPR0121,2022-11-01T00:00:00,2022,11,77.7,"1,,,N"
Rhode Island,GHCND:US1RIPR0128,2022-11-01T00:00:00,2022,11,63.3,"1,a,,N"
Rhode Island,GHCND:US1RIPR0130,2022-11-01T00:00:00,2022,11,68.6,",,,N"
Rhode Island,GHCND:US1RIPR0132,2022-11-01T00:00:00,2022,11,66.4,",,,N"
Rhode Island,GHCND:US1RIWS0030,2022-11-01T00:00:00,2022,11,58.4,",,,N"
Rhode Island,GHCND:US1RIWS0031,2022-11-01T00:00:00,2022,11,72.1,",,,N"
Rhode Island,GHCND:US1RIWS0036,2022-11-01T00:00:00,2022,11,54.2,",,,N"
Rhode Island,GHCND:US1RIWS0037,2022-11-01T00:00:00,2022,11,62.2,",a,,N"
Rhode Island,GHCND:US1RIWS0040,2022-11-01T00:00:00,2022,11,70.9,"2,,,N"
Rhode Island,GHCND:US1RIWS0042,2022-11-01T00:00:00,2022,11,60.9,",,,N"
Rhode Island,GHCND:US1RIWS0045,2022-11-01T00:00:00,2022,11,65.1,",,,N"
Rhode Island,GHCND:US1RIWS0047,2022-11-01T00:00:00,2022,11,62.3,",,,N"
Rhode Island,GHCND:US1RIWS0051,2022-11-01T00:00:00,2022,11,69.9,",,,N"
Rhode Island,GHCND:US1RIWS0052,2022-11-01T00:00:00,2022,11,61.8,"3,,,N"
Rhode Island,GHCND:US1RIWS0054,2022-11-01T00:00:00,2022,11,69.6,",,,N"
Rhode Island,GHCND:US1RIWS0055,2022-11-01T00:00:00,2022,11,62.6,",,,N"
Rhode Island,GHCND:US1RIWS0058,2022-11-01T00:00:00,2022,11,65.8,",,,N"
Rhode Island,GHCND:US1RIWS0064,2022-11-01T00:00:00,2022,11,62.4,"1,,,N"
Rhode Island,GHCND:US1RIWS0065,2022-11-01T00:00:00,2022,11,73.0,",,,N"
Rhode Island,GHCND:US1RIWS0066,2022-11-01T00:00:00,2022,11,57.2,",,,N"
Rhode Island,GHCND:US1RIWS0069,2022-11-01T00:00:00,2022,11,69.8,",,,N"
Rhode Island,GHCND:US1RIWS0070,2022-11-01T00:00:00,2022,11,70.0,"1,,,N"
Rhode Island,GHCND:US1RIWS0071,2022-11-01T00:00:00,2022,11,63.7,"1,,,N"
Rhode Island,GHCND:US1RIWS0080,2022-11-01T00:00:00,2022,11,67.6,",,,N"
Rhode Island,GHCND:US1RIWS0081,2022-11-01T00:00:00,2022,11,65.7,",,,N"
Rhode Island,GHCND:US1RIWS0083,2022-11-01T00:00:00,2022,11,67.9,"2,,,N"
Rhode Island,GHCND:US1RIWS0088,2022-11-01T00:00:00,2022,11,50.3,"5,,,N"
Rhode Island,GHCND:US1RIWS0092,2022-11-01T00:00:00,2022,11,47.4,",a,,N"
Rhode Island,GHCND:US1RIWS0097,2022-11-01T00:00:00,2022,11,64.1,",a,,N"
Rhode Island,GHCND:US1RIWS0099,2022-11-01T00:00:00,2022,11,64.8,",,,N"
Rhode Island,GHCND:US1RIWS0100,2022-11-01T00:00:00,2022,11,72.0,",,,N"
Rhode Island,GHCND:US1RIWS0105,2022-11-01T00:00:00,2022,11,62.1,"1,,,N"
Rhode Island,GHCND:US1RIWS0106,2022-11-01T00:00:00,2022,11,68.0,",,,N"
Rhode Island,GHCND:USC00370897,2022-11-01T00:00:00,2022,11,63.6,",,,7"
Rhode Island,GHCND:USC00371874,2022-11-01T00:00:00,2022,11,71.7,",a,,7"
Rhode Island,GHCND:USC00371875,2022-11-01T00:00:00,2022,11,74.0,",,,7"
Rhode Island,GHCND:USC00374266,2022-11-01T00:00:00,2022,11,70.9,",,,7"
Rhode Island,GHCND:USC00375270,2022-11-01T00:00:00,2022,11,111.4,",,,7"
Rhode Island,GHCND:USC00379423,2022-11-01T00:00:00,2022,11,62.7,",,,7"
Rhode Island,GHCND:USW00014765,2022-11-01T00:00:00,2022,11,89.7,",,,W"
Rhode Island,GHCND:USW00014787,2022-11-01T00:00:00,2022,11,70.3,",,,W"
Rhode Island,GHCND:USW00014794,2022-11-01T00:00:00,2022,11,62.8,",,,W"
Rhode Island,GHCND:USW00054796,2022-11-01T00:00:00,2022,11,86.2,",,,R"
Rhode Island,GHCND:USW00054797,2022-11-01T00:00:00,2022,11,53.7,"4,,,R"
Rhode Island,GHCND:USW00064710,2022-11-01T00:00:00,2022,11,84.1,",,,W"
Rhode Island,GHCND:US1RIBR0005,2022-12-01T00:00:00,2022,12,143.2,",,,N"
Rhode Island,GHCND:US1RIBR0011,2022-12-01T00:00:00,2022,12,100.7,",,,N"
Rhode Island,GHCND:US1RIBR0012,2022-12-01T00:00:00,2022,12,134.9,"1,,,N"
Rhode Island,GHCND:US1RIBR0018,2022-12-01T00:00:00,2022,12,144.6,",,,N"
Rhode Island,GHCND:US1RIKN0002,2022-12-01T00:00:00,2022,12,169.7,",,,N"
Rhode Island,GHCND:US1RIKN0014,2022-12-01T00:00:00,2022,12,194.9,",,,N"
Rhode Island,GHCND:US1RIKN0021,2022-12-01T00:00:00,2022,12,199.9,",,,N"
Rhode Island,GHCND:US1RIKN0023,2022-12-01T00:00:00,2022,12,139.8,",,,N"
Rhode Island,GHCND:US1RIKN0030,2022-12-01T00:00:00,2022,12,122.5,"3,a,,N"
Rhode Island,GHCND:US1RIKN0031,2022-12-01T00:00:00,2022,12,135.2,",a,,N"
Rhode Island,GHCND:US1RIKN0036,2022-12-01T00:00:00,2022,12,197.9,"1,,,N"
Rhode Island,GHCND:US1RIKN0037,2022-12-01T00:00:00,2022,12,141.0,"2,,,N"
Rhode Island,GHCND:US1RIKN0038,2022-12-01T00:00:00,2022,12,152.0,",,,N"
Rhode Island,GHCND:US1RIKN0045,2022-12-01T00:00:00,2022,12,199.7,",,,N"
Rhode Island,GHCND:US1RIKN0051,2022-12-01T00:00:00,2022,12,194.9,",,,N"
Rhode Island,GHCND:US1RIKN0059,2022-12-01T00:00:00,2022,12,223.8,",,,N"
Rhode Island,GHCND:US1RIKN0062,2022-12-01T00:00:00,2022,12,154.0,"1,,,N"
Rhode Island,GHCND:US1RIKN0065,2022-12-01T00:00:00,2022,12,151.2,"3,a,,N"
Rhode Island,GHCND:US1RIKN0067,2022-12-01T00:00:00,2022,12,219.6,",,,N"
Rhode Island,GHCND:US1RIKN0068,2022-12-01T00:00:00,2022,12,224.1,"1,,,N"
Rhode Island,GHCND:US1RIKN0069,2022-12-01T00:00:00,2022,12,146.6,"2,,,N"
Rhode Island,GHCND:US1RIKN0071,2022-12-01T00:00:00,2022,12,208.5,"1,,,N"
Rhode Island,GHCND:US1RINW0004,2022-12-01T00:00:00,2022,12,119.7,",,,N"
Rhode Island,GHCND:US1RINW0005,2022-12-01T00:00:00,2022,12,140.9,",,,N"
Rhode Island,GHCND:US1RINW0007,2022-12-01T00:00:00,2022,12,138.7,",,,N"
Rhode Island,GHCND:US1RINW0016,2022-12-01T00:00:00,2022,12,132.9,",,,N"
Rhode Island,GHCND:US1RINW0017,2022-12-01T00:00:00,2022,12,157.7,"1,,,N"
Rhode Island,GHCND:US1RINW0018,2022-12-01T00:00:00,2022,12,135.3,",,,N"
Rhode Island,GHCND:US1RINW0020,2022-12-01T00:00:00,2022,12,153.8,",,,N"
Rhode Island,GHCND:US1RINW0027,2022-12-01T00:00:00,2022,12,131.5,",,,N"
Rhode Island,GHCND:US1RINW0028,2022-12-01T00:00:00,2022,12,121.6,",,,N"
Rhode Island,GHCND:US1RINW0030,2022-12-01T00:00:00,2022,12,157.8,",,,N"
Rhode Island,GHCND:US1RINW0031,2022-12-01T00:00:00,2022,12,113.2,",a,,N"
Rhode Island,GHCND:US1RINW0032,2022-12-01T00:00:00,2022,12,108.4,",,,N"
Rhode Island,GHCND:US1RINW0036,2022-12-01T00:00:00,2022,12,135.4,"2,,,N"
Rhode Island,GHCND:US1RINW0038,2022-12-01T00:00:00,2022,12,160.6,"4,a,,N"
Rhode Island,GHCND:US1RIPR0021,2022-12-01T00:00:00,2022,12,167.4,"5,,,N"
Rhode Island,GHCND:US1RIPR0028,2022-12-01T00:00:00,2022,12,184.7,",,,N"
Rhode Island,GHCND:US1RIPR0033,2022-12-01T00:00:00,2022,12,206.8,",,,N"
Rhode Island,GHCND:US1RIPR0044,2022-12-01T00:00:00,2022,12,147.5,"2,,,N"
Rhode Island,GHCND:US1RIPR0050,2022-12-01T00:00:00,2022,12,182.2,",,,N"
Rhode Island,GHCND:US1RIPR0051,2022-12-01T00:00:00,2022,12,199.9,",,,N"
Rhode Island,GHCND:US1RIPR0055,2022-12-01T00:00:00,2022,12,158.9,"2,,,N"
Rhode Island,GHCND:US1RIPR0057,2022-12-01T00:00:00,2022,12,190.6,"2,,,N"
Rhode Island,GHCND:US1RIPR0059,2022-12-01T00:00:00,2022,12,186.5,"4,,,N"
Rhode Island,GHCND:US1RIPR0067,2022-12-01T00:00:00,2022,12,141.0,",,,N"
Rhode Island,GHCND:US1RIPR0071,2022-12-01T00:00:00,2022,12,178.4,",,,N"
Rhode Island,GHCND:US1RIPR0077,2022-12-01T00:00:00,2022,12,123.7,"4,a,,N"
Rhode Island,GHCND:US1RIPR0084,2022-12-01T00:00:00,2022,12,142.3,",,,N"
Rhode Island,GHCND:US1RIPR0089,2022-12-01T00:00:00,2022,12,200.9,",,,N"
Rhode Island,GHCND:US1RIPR0104,2022-12-01T00:00:00,2022,12,143.1,",,,N"
Rhode Island,GHCND:US1RIPR0106,2022-12-01T00:00:00,2022,12,145.4,"1,,,N"
Rhode Island,GHCND:US1RIPR0108,2022-12-01T00:00:00,2022,12,157.3,",,,N"
Rhode Island,GHCND:US1RIPR0112,2022-12-01T00:00:00,2022,12,166.2,"1,,,N"
Rhode Island,GHCND:US1RIPR0119,2022-12-01T00:00:00,2022,12,140.3,"2,,,N"
Rhode Island,GHCND:US1RIPR0130,2022-12-01T00:00:00,2022,12,205.2,"1,,,N"
Rhode Island,GHCND:US1RIPR0131,2022-12-01T00:00:00,2022,12,133.6,"1,,,N"
Rhode Island,GHCND:US1RIWS0030,2022-12-01T00:00:00,2022,12,171.5,",,,N"
Rhode Island,GHCND:US1RIWS0031,2022-12-01T00:00:00,2022,12,197.4,",,,N"
Rhode Island,GHCND:US1RIWS0036,2022-12-01T00:00:00,2022,12,156.6,",,,N"
Rhode Island,GHCND:US1RIWS0037,2022-12-01T00:00:00,2022,12,166.6,",,,N"
Rhode Island,GHCND:US1RIWS0040,2022-12-01T00:00:00,2022,12,224.6,"1,,,N"
Rhode Island,GHCND:US1RIWS0042,2022-12-01T00:00:00,2022,12,203.6,",,,N"
Rhode Island,GHCND:US1RIWS0045,2022-12-01T00:00:00,2022,12,191.7,",a,,N"
Rhode Island,GHCND:US1RIWS0047,2022-12-01T00:00:00,2022,12,157.0,",,,N"
Rhode Island,GHCND:US1RIWS0051,2022-12-01T00:00:00,2022,12,200.1,"1,a,,N"
Rhode Island,GHCND:US1RIWS0052,2022-12-01T00:00:00,2022,12,190.3,",,,N"
Rhode Island,GHCND:US1RIWS0054,2022-12-01T00:00:00,2022,12,194.8,",,,N"
Rhode Island,GHCND:US1RIWS0055,2022-12-01T00:00:00,2022,12,180.9,",,,N"
Rhode Island,GHCND:US1RIWS0058,2022-12-01T00:00:00,2022,12,177.4,",,,N"
Rhode Island,GHCND:US1RIWS0064,2022-12-01T00:00:00,2022,12,222.9,"5,a,,N"
Rhode Island,GHCND:US1RIWS0065,2022-12-01T00:00:00,2022,12,191.2,",,,N"
Rhode Island,GHCND:US1RIWS0066,2022-12-01T00:00:00,2022,12,168.5,"1,,,N"
Rhode Island,GHCND:US1RIWS0069,2022-12-01T00:00:00,2022,12,195.0,",,,N"
Rhode Island,GHCND:US1RIWS0070,2022-12-01T00:00:00,2022,12,174.3,"2,,,N"
Rhode Island,GHCND:US1RIWS0071,2022-12-01T00:00:00,2022,12,160.3,"2,,,N"
Rhode Island,GHCND:US1RIWS0077,2022-12-01T00:00:00,2022,12,184.2,",,,N"
Rhode Island,GHCND:US1RIWS0080,2022-12-01T00:00:00,2022,12,171.6,"3,,,N"
Rhode Island,GHCND:US1RIWS0081,2022-12-01T00:00:00,2022,12,160.7,"1,,,N"
Rhode Island,GHCND:US1RIWS0083,2022-12-01T00:00:00,2022,12,172.5,"1,,,N"
Rhode Island,GHCND:US1RIWS0088,2022-12-01T00:00:00,2022,12,143.3,"3,,,N"
Rhode Island,GHCND:US1RIWS0092,2022-12-01T00:00:00,2022,12,133.8,",a,,N"
Rhode Island,GHCND:US1RIWS0097,2022-12-01T00:00:00,2022,12,172.4,"2,a,,N"
Rhode Island,GHCND:US1RIWS0099,2022-12-01T00:00:00,2022,12,203.5,"1,a,,N"
Rhode Island,GHCND:US1RIWS0100,2022-12-01T00:00:00,2022,12,171.6,"2,,,N"
Rhode Island,GHCND:US1RIWS0105,2022-12-01T00:00:00,2022,12,171.5,"4,,,N"
Rhode Island,GHCND:US1RIWS0106,2022-12-01T00:00:00,2022,12,181.4,",,,N"
Rhode Island,GHCND:USC00370897,2022-12-01T00:00:00,2022,12,114.8,",,,7"
Rhode Island,GHCND:USC00371874,2022-12-01T00:00:00,2022,12,217.5,",a,,7"
Rhode Island,GHCND:USC00371875,2022-12-01T00:00:00,2022,12,228.9,",,,7"
Rhode Island,GHCND:USC00374266,2022-12-01T00:00:00,2022,12,209.5,",,,7"
Rhode Island,GHCND:USC00375270,2022-12-01T00:00:00,2022,12,169.4,",,,7"
Rhode Island,GHCND:USC00379423,2022-12-01T00:00:00,2022,12,166.0,",,,7"
Rhode Island,GHCND:USW00014765,2022-12-01T00:00:00,2022,12,152.4,",,,W"
Rhode Island,GHCND:USW00014787,2022-12-01T00:00:00,2022,12,128.1,",,,W"
Rhode Island,GHCND:USW00014794,2022-12-01T00:00:00,2022,12,123.7,",,,W"
Rhode Island,GHCND:USW00054796,2022-12-01T00:00:00,2022,12,185.8,",,,R"
Rhode Island,GHCND:USW00064710,2022-12-01T00:00:00,2022,12,150.3,",,,W"
Rhode Island,GHCND:US1RIBR0005,2023-01-01T00:00:00,2023,01,179.0,"3,a,,N"
Rhode Island,GHCND:US1RIBR0011,2023-01-01T00:00:00,2023,01,145.7,",a,,N"
Rhode Island,GHCND:US1RIBR0012,2023-01-01T00:00:00,2023,01,171.6,"1,,,N"
Rhode Island,GHCND:US1RIBR0018,2023-01-01T00:00:00,2023,01,174.6,",,,N"
Rhode Island,GHCND:US1RIKN0002,2023-01-01T00:00:00,2023,01,170.1,",,,N"
Rhode Island,GHCND:US1RIKN0014,2023-01-01T00:00:00,2023,01,187.8,",,,N"
Rhode Island,GHCND:US1RIKN0015,2023-01-01T00:00:00,2023,01,173.7,",a,,N"
Rhode Island,GHCND:US1RIKN0021,2023-01-01T00:00:00,2023,01,163.8,",,,N"
Rhode Island,GHCND:US1RIKN0023,2023-01-01T00:00:00,2023,01,176.8,",,,N"
Rhode Island,GHCND:US1RIKN0031,2023-01-01T00:00:00,2023,01,164.3,",,,N"
Rhode Island,GHCND:US1RIKN0036,2023-01-01T00:00:00,2023,01,176.2,",,,N"
Rhode Island,GHCND:US1RIKN0037,2023-01-01T00:00:00,2023,01,175.8,"1,,,N"
Rhode Island,GHCND:US1RIKN0038,2023-01-01T00:00:00,2023,01,175.5,",,,N"
Rhode Island,GHCND:US1RIKN0045,2023-01-01T00:00:00,2023,01,189.8,",a,,N"
Rhode Island,GHCND:US1RIKN0051,2023-01-01T00:00:00,2023,01,154.2,"3,,,N"
Rhode Island,GHCND:US1RIKN0059,2023-01-01T00:00:00,2023,01,198.6,",,,N"
Rhode Island,GHCND:US1RIKN0062,2023-01-01T00:00:00,2023,01,175.3,",,,N"
Rhode Island,GHCND:US1RIKN0067,2023-01-01T00:00:00,2023,01,193.1,"1,,,N"
Rhode Island,GHCND:US1RIKN0068,2023-01-01T00:00:00,2023,01,195.1,",,,N"
Rhode Island,GHCND:US1RIKN0071,2023-01-01T00:00:00,2023,01,181.6,"3,,,N"
Rhode Island,GHCND:US1RIKN0074,2023-01-01T00:00:00,2023,01,170.5,"3,,,N"
Rhode Island,GHCND:US1RINW0004,2023-01-01T00:00:00,2023,01,128.7,",,,N"
Rhode Island,GHCND:US1RINW0005,2023-01-01T00:00:00,2023,01,213.1,",a,,N"
Rhode Island,GHCND:US1RINW0007,2023-01-01T00:00:00,2023,01,217.5,",,,N"
Rhode Island,GHCND:US1RINW0016,2023-01-01T00:00:00,2023,01,202.7,",,,N"
Rhode Island,GHCND:US1RINW0017,2023-01-01T00:00:00,2023,01,209.6,",,,N"
Rhode Island,GHCND:US1RINW0018,2023-01-01T00:00:00,2023,01,169.4,",,,N"
Rhode Island,GHCND:US1RINW0020,2023-01-01T00:00:00,2023,01,191.7,",,,N"
Rhode Island,GHCND:US1RINW0023,2023-01-01T00:00:00,2023,01,198.3,"5,,,N"
Rhode Island,GHCND:US1RINW0027,2023-01-01T00:00:00,2023,01,198.1,",,,N"
Rhode Island,GHCND:US1RINW0028,2023-01-01T00:00:00,2023,01,154.6,",,,N"
Rhode Island,GHCND:US1RINW0030,2023-01-01T00:00:00,2023,01,182.5,",,,N"
Rhode Island,GHCND:US1RINW0031,2023-01-01T00:00:00,2023,01,172.0,",,,N"
Rhode Island,GHCND:US1RINW0032,2023-01-01T00:00:00,2023,01,184.0,",,,N"
Rhode Island,GHCND:US1RINW0035,2023-01-01T00:00:00,2023,01,180.8,",a,,N"
Rhode Island,GHCND:US1RINW0036,2023-01-01T00:00:00,2023,01,160.6,"5,,,N"
Rhode Island,GHCND:US1RINW0038,2023-01-01T00:00:00,2023,01,183.9,"3,a,,N"
Rhode Island,GHCND:US1RIPR0028,2023-01-01T00:00:00,2023,01,175.2,"1,,,N"
Rhode Island,GHCND:US1RIPR0033,2023-01-01T00:00:00,2023,01,188.8,",,,N"
Rhode Island,GHCND:US1RIPR0050,2023-01-01T00:00:00,2023,01,180.5,"1,,,N"
Rhode Island,GHCND:US1RIPR0051,2023-01-01T00:00:00,2023,01,183.4,",,,N"
Rhode Island,GHCND:US1RIPR0055,2023-01-01T00:00:00,2023,01,177.2,",,,N"
Rhode Island,GHCND:US1RIPR0057,2023-01-01T00:00:00,2023,01,183.8,",,,N"
Rhode Island,GHCND:US1RIPR0059,2023-01-01T00:00:00,2023,01,183.8,"1,,,N"
Rhode Island,GHCND:US1RIPR0067,2023-01-01T00:00:00,2023,01,195.3,",,,N"
Rhode Island,GHCND:US1RIPR0071,2023-01-01T00:00:00,2023,01,184.2,",,,N"
Rhode Island,GHCND:US1RIPR0077,2023-01-01T00:00:00,2023,01,136.1,"2,a,,N"
Rhode Island,GHCND:US1RIPR0082,2023-01-01T00:00:00,2023,01,188.8,",,,N"
Rhode Island,GHCND:US1RIPR0084,2023-01-01T00:00:00,2023,01,182.7,",a,,N"
Rhode Island,GHCND:US1RIPR0089,2023-01-01T00:00:00,2023,01,188.3,",,,N"
Rhode Island,GHCND:US1RIPR0104,2023-01-01T00:00:00,2023,01,186.1,",,,N"
Rhode Island,GHCND:US1RIPR0106,2023-01-01T00:00:00,2023,01,200.0,",,,N"
Rhode Island,GHCND:US1RIPR0108,2023-01-01T00:00:00,2023,01,190.8,",,,N"
Rhode Island,GHCND:US1RIPR0112,2023-01-01T00:00:00,2023,01,172.0,"2,,,N"
Rhode Island,GHCND:US1RIPR0119,2023-01-01T00:00:00,2023,01,175.8,"1,,,N"
Rhode Island,GHCND:US1RIPR0121,2023-01-01T00:00:00,2023,01,187.9,"1,,,N"
Rhode Island,GHCND:US1RIPR0128,2023-01-01T00:00:00,2023,01,172.0,"4,a,,N"
Rhode Island,GHCND:US1RIPR0130,2023-01-01T00:00:00,2023,01,188.8,"2,,,N"
Rhode Island,GHCND:US1RIPR0131,2023-01-01T00:00:00,2023,01,186.0,",,,N"
Rhode Island,GHCND:US1RIWS0030,2023-01-01T00:00:00,2023,01,171.5,"1,,,N"
Rhode Island,GHCND:US1RIWS0031,2023-01-01T00:00:00,2023,01,193.9,",,,N"
Rhode Island,GHCND:US1RIWS0036,2023-01-01T00:00:00,2023,01,187.5,",,,N"
Rhode Island,GHCND:US1RIWS0037,2023-01-01T00:00:00,2023,01,168.8,",,,N"
Rhode Island,GHCND:US1RIWS0042,2023-01-01T00:00:00,2023,01,187.5,",a,,N"
Rhode Island,GHCND:US1RIWS0045,2023-01-01T00:00:00,2023,01,195.4,",,,N"
Rhode Island,GHCND:US1RIWS0047,2023-01-01T00:00:00,2023,01,163.5,"1,,,N"
Rhode Island,GHCND:US1RIWS0054,2023-01-01T00:00:00,2023,01,180.7,",,,N"
Rhode Island,GHCND:US1RIWS0055,2023-01-01T00:00:00,2023,01,183.6,",,,N"
Rhode Island,GHCND:US1RIWS0065,2023-01-01T00:00:00,2023,01,178.5,",,,N"
Rhode Island,GHCND:US1RIWS0066,2023-01-01T00:00:00,2023,01,174.7,",,,N"
Rhode Island,GHCND:US1RIWS0069,2023-01-01T00:00:00,2023,01,192.9,",,,N"
Rhode Island,GHCND:US1RIWS0070,2023-01-01T00:00:00,2023,01,174.5,",,,N"
Rhode Island,GHCND:US1RIWS0077,2023-01-01T00:00:00,2023,01,181.4,",a,,N"
Rhode Island,GHCND:US1RIWS0080,2023-01-01T00:00:00,2023,01,177.7,",,,N"
Rhode Island,GHCND:US1RIWS0081,2023-01-01T00:00:00,2023,01,174.7,",,,N"
Rhode Island,GHCND:US1RIWS0092,2023-01-01T00:00:00,2023,01,174.8,",a,,N"
Rhode Island,GHCND:US1RIWS0097,2023-01-01T00:00:00,2023,01,181.7,",a,,N"
Rhode Island,GHCND:US1RIWS0105,2023-01-01T00:00:00,2023,01,179.8,",,,N"
Rhode Island,GHCND:USC00370897,2023-01-01T00:00:00,2023,01,201.6,",,,7"
Rhode Island,GHCND:USC00371875,2023-01-01T00:00:00,2023,01,201.3,",,,7"
Rhode Island,GHCND:USC00374266,2023-01-01T00:00:00,2023,01,183.4,",,,7"
Rhode Island,GHCND:USC00375270,2023-01-01T00:00:00,2023,01,158.7,",,,7"
Rhode Island,GHCND:USC00379423,2023-01-01T00:00:00,2023,01,166.0,",,,7"
Rhode Island,GHCND:USW00014765,2023-01-01T00:00:00,2023,01,171.7,",,,W"
Rhode Island,GHCND:USW00014787,2023-01-01T00:00:00,2023,01,161.9,",,,W"
Rhode Island,GHCND:USW00014794,2023-01-01T00:00:00,2023,01,125.6,",,,W"
Rhode Island,GHCND:USW00054796,2023-01-01T00:00:00,2023,01,171.2,",,,R"
Rhode Island,GHCND:USW00064710,2023-01-01T00:00:00,2023,01,162.2,",,,W"
Rhode Island,GHCND:US1RIBR0011,2023-02-01T00:00:00,2023,02,35.7,",,,N"
Rhode Island,GHCND:US1RIBR0012,2023-02-01T00:00:00,2023,02,34.4,",,,N"
Rhode Island,GHCND:US1RIBR0018,2023-02-01T00:00:00,2023,02,38.9,",,,N"
Rhode Island,GHCND:US1RIKN0002,2023-02-01T00:00:00,2023,02,40.1,",,,N"
Rhode Island,GHCND:US1RIKN0014,2023-02-01T00:00:00,2023,02,39.0,",,,N"
Rhode Island,GHCND:US1RIKN0021,2023-02-01T00:00:00,2023,02,34.7,",,,N"
Rhode Island,GHCND:US1RIKN0023,2023-02-01T00:00:00,2023,02,39.6,",,,N"
Rhode Island,GHCND:US1RIKN0030,2023-02-01T00:00:00,2023,02,37.8,"3,a,,N"
Rhode Island,GHCND:US1RIKN0031,2023-02-01T00:00:00,2023,02,24.7,"1,,,N"
Rhode Island,GHCND:US1RIKN0036,2023-02-01T00:00:00,2023,02,40.2,",,,N"
Rhode Island,GHCND:US1RIKN0037,2023-02-01T00:00:00,2023,02,38.5,",,,N"
Rhode Island,GHCND:US1RIKN0038,2023-02-01T00:00:00,2023,02,45.7,",,,N"
Rhode Island,GHCND:US1RIKN0045,2023-02-01T00:00:00,2023,02,43.3,",,,N"
Rhode Island,GHCND:US1RIKN0051,2023-02-01T00:00:00,2023,02,41.6,"2,a,,N"
Rhode Island,GHCND:US1RIKN0059,2023-02-01T00:00:00,2023,02,45.2,",,,N"
Rhode Island,GHCND:US1RIKN0062,2023-02-01T00:00:00,2023,02,36.4,",,,N"
Rhode Island,GHCND:US1RIKN0065,2023-02-01T00:00:00,2023,02,45.4,"2,,,N"
Rhode Island,GHCND:US1RIKN0067,2023-02-01T00:00:00,2023,02,29.2,"4,,,N"
Rhode Island,GHCND:US1RIKN0068,2023-02-01T00:00:00,2023,02,27.6,"2,,,N"
Rhode Island,GHCND:US1RIKN0071,2023-02-01T00:00:00,2023,02,28.7,"4,,,N"
Rhode Island,GHCND:US1RINW0004,2023-02-01T00:00:00,2023,02,34.8,",,,N"
Rhode Island,GHCND:US1RINW0005,2023-02-01T00:00:00,2023,02,61.8,",a,,N"
Rhode Island,GHCND:US1RINW0007,2023-02-01T00:00:00,2023,02,58.7,",,,N"
Rhode Island,GHCND:US1RINW0016,2023-02-01T00:00:00,2023,02,47.5,",,,N"
Rhode Island,GHCND:US1RINW0017,2023-02-01T00:00:00,2023,02,45.5,"1,,,N"
Rhode Island,GHCND:US1RINW0018,2023-02-01T00:00:00,2023,02,43.0,",,,N"
Rhode Island,GHCND:US1RINW0020,2023-02-01T00:00:00,2023,02,42.2,",,,N"
Rhode Island,GHCND:US1RINW0023,2023-02-01T00:00:00,2023,02,32.5,"4,,,N"
Rhode Island,GHCND:US1RINW0027,2023-02-01T00:00:00,2023,02,62.7,",,,N"
Rhode Island,GHCND:US1RINW0028,2023-02-01T00:00:00,2023,02,36.0,",,,N"
Rhode Island,GHCND:US1RINW0030,2023-02-01T00:00:00,2023,02,56.2,",,,N"
Rhode Island,GHCND:US1RINW0032,2023-02-01T00:00:00,2023,02,48.9,",,,N"
Rhode Island,GHCND:US1RINW0035,2023-02-01T00:00:00,2023,02,51.1,",a,,N"
Rhode Island,GHCND:US1RINW0036,2023-02-01T00:00:00,2023,02,41.9,"5,,,N"
Rhode Island,GHCND:US1RIPR0021,2023-02-01T00:00:00,2023,02,31.7,"1,a,,N"
Rhode Island,GHCND:US1RIPR0028,2023-02-01T00:00:00,2023,02,35.7,"1,,,N"
Rhode Island,GHCND:US1RIPR0033,2023-02-01T00:00:00,2023,02,40.3,",,,N"
Rhode Island,GHCND:US1RIPR0044,2023-02-01T00:00:00,2023,02,34.6,"5,,,N"
Rhode Island,GHCND:US1RIPR0050,2023-02-01T00:00:00,2023,02,38.5,",,,N"
Rhode Island,GHCND:US1RIPR0051,2023-02-01T00:00:00,2023,02,37.3,",,,N"
Rhode Island,GHCND:US1RIPR0055,2023-02-01T00:00:00,2023,02,32.2,",,,N"
Rhode Island,GHCND:US1RIPR0057,2023-02-01T00:00:00,2023,02,36.8,"1,,,N"
Rhode Island,GHCND:US1RIPR0059,2023-02-01T00:00:00,2023,02,27.9,"1,,,N"
Rhode Island,GHCND:US1RIPR0067,2023-02-01T00:00:00,2023,02,26.4,"1,,,N"
Rhode Island,GHCND:US1RIPR0071,2023-02-01T00:00:00,2023,02,39.1,",,,N"
Rhode Island,GHCND:US1RIPR0077,2023-02-01T00:00:00,2023,02,33.5,"4,a,,N"
Rhode Island,GHCND:US1RIPR0082,2023-02-01T00:00:00,2023,02,35.4,",a,,N"
Rhode Island,GHCND:US1RIPR0084,2023-02-01T00:00:00,2023,02,38.2,",,,N"
Rhode Island,GHCND:US1RIPR0089,2023-02-01T00:00:00,2023,02,39.2,"1,,,N"
Rhode Island,GHCND:US1RIPR0104,2023-02-01T00:00:00,2023,02,34.8,",,,N"
Rhode Island,GHCND:US1RIPR0106,2023-02-01T00:00:00,2023,02,31.9,",,,N"
Rhode Island,GHCND:US1RIPR0108,2023-02-01T00:00:00,2023,02,29.5,",,,N"
Rhode Island,GHCND:US1RIPR0112,2023-02-01T00:00:00,2023,02,23.7,"1,,,N"
Rhode Island,GHCND:US1RIPR0119,2023-02-01T00:00:00,2023,02,34.4,"2,,,N"
Rhode Island,GHCND:US1RIPR0121,2023-02-01T00:00:00,2023,02,42.6,",,,N"
Rhode Island,GHCND:US1RIPR0130,2023-02-01T00:00:00,2023,02,44.1,",,,N"
Rhode Island,GHCND:US1RIPR0131,2023-02-01T00:00:00,2023,02,27.9,"5,,,N"
Rhode Island,GHCND:US1RIPR0132,2023-02-01T00:00:00,2023,02,36.9,",,,N"
Rhode Island,GHCND:US1RIWS0030,2023-02-01T00:00:00,2023,02,38.4,",,,N"
Rhode Island,GHCND:US1RIWS0031,2023-02-01T00:00:00,2023,02,34.9,",,,N"
Rhode Island,GHCND:US1RIWS0036,2023-02-01T00:00:00,2023,02,55.9,",,,N"
Rhode Island,GHCND:US1RIWS0037,2023-02-01T00:00:00,2023,02,38.1,"1,,,N"
Rhode Island,GHCND:US1RIWS0042,2023-02-01T00:00:00,2023,02,46.0,",,,N"
Rhode Island,GHCND:US1RIWS0045,2023-02-01T00:00:00,2023,02,54.9,",,,N"
Rhode Island,GHCND:US1RIWS0047,2023-02-01T00:00:00,2023,02,43.4,",,,N"
Rhode Island,GHCND:US1RIWS0051,2023-02-01T00:00:00,2023,02,45.7,",,,N"
Rhode Island,GHCND:US1RIWS0052,2023-02-01T00:00:00,2023,02,60.1,",,,N"
Rhode Island,GHCND:US1RIWS0054,2023-02-01T00:00:00,2023,02,49.8,",,,N"
Rhode Island,GHCND:US1RIWS0055,2023-02-01T00:00:00,2023,02,53.8,",,,N"
Rhode Island,GHCND:US1RIWS0058,2023-02-01T00:00:00,2023,02,47.9,"1,a,,N"
Rhode Island,GHCND:US1RIWS0065,2023-02-01T00:00:00,2023,02,54.4,",,,N"
Rhode Island,GHCND:US1RIWS0066,2023-02-01T00:00:00,2023,02,50.6,"1,,,N"
Rhode Island,GHCND:US1RIWS0069,2023-02-01T00:00:00,2023,02,48.5,",,,N"
Rhode Island,GHCND:US1RIWS0070,2023-02-01T00:00:00,2023,02,58.1,",,,N"
Rhode Island,GHCND:US1RIWS0071,2023-02-01T00:00:00,2023,02,55.2,"1,,,N"
Rhode Island,GHCND:US1RIWS0080,2023-02-01T00:00:00,2023,02,50.6,",,,N"
Rhode Island,GHCND:US1RIWS0081,2023-02-01T00:00:00,2023,02,56.3,",,,N"
Rhode Island,GHCND:US1RIWS0083,2023-02-01T00:00:00,2023,02,37.6,"2,,,N"
Rhode Island,GHCND:US1RIWS0088,2023-02-01T00:00:00,2023,02,32.4,"2,,,N"
Rhode Island,GHCND:US1RIWS0092,2023-02-01T00:00:00,2023,02,43.3,",,,N"
Rhode Island,GHCND:US1RIWS0097,2023-02-01T00:00:00,2023,02,43.5,",a,,N"
Rhode Island,GHCND:US1RIWS0099,2023-02-01T00:00:00,2023,02,42.7,",a,,N"
Rhode Island,GHCND:US1RIWS0100,2023-02-01T00:00:00,2023,02,27.2,"5,,,N"
Rhode Island,GHCND:US1RIWS0105,2023-02-01T00:00:00,2023,02,53.3,"1,,,N"
Rhode Island,GHCND:US1RIWS0106,2023-02-01T00:00:00,2023,02,58.4,",,,N"
Rhode Island,GHCND:USC00370897,2023-02-01T00:00:00,2023,02,59.7,"1,,,7"
Rhode Island,GHCND:USC00371874,2023-02-01T00:00:00,2023,02,43.9,",a,,7"
Rhode Island,GHCND:USC00371875,2023-02-01T00:00:00,2023,02,46.7,",,,7"
Rhode Island,GHCND:USC00374266,2023-02-01T00:00:00,2023,02,45.6,",,,7"
Rhode Island,GHCND:USC00375270,2023-02-01T00:00:00,2023,02,45.4,",,,7"
Rhode Island,GHCND:USC00379423,2023-02-01T00:00:00,2023,02,36.9,"1,,,7"
Rhode Island,GHCND:USW00014765,2023-02-01T00:00:00,2023,02,40.0,",,,W"
Rhode Island,GHCND:USW00014787,2023-02-01T00:00:00,2023,02,43.1,",,,W"
Rhode Island,GHCND:USW00014794,2023-02-01T00:00:00,2023,02,27.1,",,,W"
Rhode Island,GHCND:USW00054796,2023-02-01T00:00:00,2023,02,54.1,",,,R"
Rhode Island,GHCND:USW00054797,2023-02-01T00:00:00,2023,02,54.1,"2,,,R"
Rhode Island,GHCND:USW00064710,2023-02-01T00:00:00,2023,02,29.8,"2,,,W"
Rhode Island,GHCND:US1RIBR0005,2023-03-01T00:00:00,2023,03,120.4,",a,,N"
Rhode Island,GHCND:US1RIBR0011,2023-03-01T00:00:00,2023,03,101.2,",,,N"
Rhode Island,GHCND:US1RIBR0012,2023-03-01T00:00:00,2023,03,113.4,",,,N"
Rhode Island,GHCND:US1RIBR0018,2023-03-01T00:00:00,2023,03,124.8,",,,N"
Rhode Island,GHCND:US1RIKN0002,2023-03-01T00:00:00,2023,03,112.9,",,,N"
Rhode Island,GHCND:US1RIKN0014,2023-03-01T00:00:00,2023,03,140.4,",,,N"
Rhode Island,GHCND:US1RIKN0021,2023-03-01T00:00:00,2023,03,154.9,",,,N"
Rhode Island,GHCND:US1RIKN0023,2023-03-01T00:00:00,2023,03,124.5,",,,N"
Rhode Island,GHCND:US1RIKN0030,2023-03-01T00:00:00,2023,03,121.0,"2,a,,N"
Rhode Island,GHCND:US1RIKN0031,2023-03-01T00:00:00,2023,03,114.4,"1,a,,N"
Rhode Island,GHCND:US1RIKN0036,2023-03-01T00:00:00,2023,03,140.5,",,,N"
Rhode Island,GHCND:US1RIKN0037,2023-03-01T00:00:00,2023,03,119.6,"1,,,N"
Rhode Island,GHCND:US1RIKN0038,2023-03-01T00:00:00,2023,03,126.0,",,,N"
Rhode Island,GHCND:US1RIKN0045,2023-03-01T00:00:00,2023,03,139.9,",,,N"
Rhode Island,GHCND:US1RIKN0051,2023-03-01T00:00:00,2023,03,142.6,"3,,,N"
Rhode Island,GHCND:US1RIKN0059,2023-03-01T00:00:00,2023,03,170.4,",,,N"
Rhode Island,GHCND:US1RIKN0062,2023-03-01T00:00:00,2023,03,122.5,"3,,,N"
Rhode Island,GHCND:US1RIKN0068,2023-03-01T00:00:00,2023,03,207.0,"1,,,N"
Rhode Island,GHCND:US1RIKN0071,2023-03-01T00:00:00,2023,03,123.3,"5,,,N"
Rhode Island,GHCND:US1RINW0004,2023-03-01T00:00:00,2023,03,54.5,",,,N"
Rhode Island,GHCND:US1RINW0005,2023-03-01T00:00:00,2023,03,113.6,",,,N"
Rhode Island,GHCND:US1RINW0007,2023-03-01T00:00:00,2023,03,108.5,",,,N"
Rhode Island,GHCND:US1RINW0016,2023-03-01T00:00:00,2023,03,99.0,",,,N"
Rhode Island,GHCND:US1RINW0017,2023-03-01T00:00:00,2023,03,128.5,",,,N"
Rhode Island,GHCND:US1RINW0018,2023-03-01T00:00:00,2023,03,97.3,",,,N"
Rhode Island,GHCND:US1RINW0020,2023-03-01T00:00:00,2023,03,122.3,",,,N"
Rhode Island,GHCND:US1RINW0023,2023-03-01T00:00:00,2023,03,113.3,",,,N"
Rhode Island,GHCND:US1RINW0027,2023-03-01T00:00:00,2023,03,104.7,",,,N"
Rhode Island,GHCND:US1RINW0028,2023-03-01T00:00:00,2023,03,114.3,",,,N"
Rhode Island,GHCND:US1RINW0030,2023-03-01T00:00:00,2023,03,109.6,",,,N"
Rhode Island,GHCND:US1RINW0032,2023-03-01T00:00:00,2023,03,103.1,",,,N"
Rhode Island,GHCND:US1RINW0035,2023-03-01T00:00:00,2023,03,109.9,"1,a,,N"
Rhode Island,GHCND:US1RIPR0028,2023-03-01T00:00:00,2023,03,138.8,",,,N"
Rhode Island,GHCND:US1RIPR0033,2023-03-01T00:00:00,2023,03,133.4,",,,N"
Rhode Island,GHCND:US1RIPR0044,2023-03-01T00:00:00,2023,03,133.8,",a,,N"
Rhode Island,GHCND:US1RIPR0050,2023-03-01T00:00:00,2023,03,135.0,",,,N"
Rhode Island,GHCND:US1RIPR0051,2023-03-01T00:00:00,2023,03,144.8,",,,N"
Rhode Island,GHCND:US1RIPR0055,2023-03-01T00:00:00,2023,03,111.7,",,,N"
Rhode Island,GHCND:US1RIPR0057,2023-03-01T00:00:00,2023,03,145.6,"1,,,N"
Rhode Island,GHCND:US1RIPR0059,2023-03-01T00:00:00,2023,03,133.4,"1,,,N"
Rhode Island,GHCND:US1RIPR0067,2023-03-01T00:00:00,2023,03,117.1,"3,,,N"
Rhode Island,GHCND:US1RIPR0071,2023-03-01T00:00:00,2023,03,152.2,",,,N"
Rhode Island,GHCND:US1RIPR0077,2023-03-01T00:00:00,2023,03,122.4,"3,a,,N"
Rhode Island,GHCND:US1RIPR0082,2023-03-01T00:00:00,2023,03,127.5,",,,N"
Rhode Island,GHCND:US1RIPR0084,2023-03-01T00:00:00,2023,03,117.2,",a,,N"
Rhode Island,GHCND:US1RIPR0089,2023-03-01T00:00:00,2023,03,130.3,",,,N"
Rhode Island,GHCND:US1RIPR0104,2023-03-01T00:00:00,2023,03,119.1,",,,N"
Rhode Island,GHCND:US1RIPR0106,2023-03-01T00:00:00,2023,03,107.9,",,,N"
Rhode Island,GHCND:US1RIPR0108,2023-03-01T00:00:00,2023,03,128.3,",,,N"
Rhode Island,GHCND:US1RIPR0112,2023-03-01T00:00:00,2023,03,128.8,"1,,,N"
Rhode Island,GHCND:US1RIPR0119,2023-03-01T00:00:00,2023,03,116.1,"2,,,N"
Rhode Island,GHCND:US1RIPR0121,2023-03-01T00:00:00,2023,03,125.2,"3,,,N"
Rhode Island,GHCND:US1RIPR0130,2023-03-01T00:00:00,2023,03,152.7,",,,N"
Rhode Island,GHCND:US1RIPR0131,2023-03-01T00:00:00,2023,03,100.9,"3,a,,N"
Rhode Island,GHCND:US1RIWS0030,2023-03-01T00:00:00,2023,03,94.7,",,,N"
Rhode Island,GHCND:US1RIWS0031,2023-03-01T00:00:00,2023,03,109.4,",,,N"
Rhode Island,GHCND:US1RIWS0036,2023-03-01T00:00:00,2023,03,106.0,",,,N"
Rhode Island,GHCND:US1RIWS0037,2023-03-01T00:00:00,2023,03,90.2,"2,,,N"
Rhode Island,GHCND:US1RIWS0042,2023-03-01T00:00:00,2023,03,142.1,",,,N"
Rhode Island,GHCND:US1RIWS0047,2023-03-01T00:00:00,2023,03,89.3,",,,N"
Rhode Island,GHCND:US1RIWS0051,2023-03-01T00:00:00,2023,03,131.4,"1,a,,N"
Rhode Island,GHCND:US1RIWS0054,2023-03-01T00:00:00,2023,03,138.4,",,,N"
Rhode Island,GHCND:US1RIWS0058,2023-03-01T00:00:00,2023,03,124.8,"4,,,N"
Rhode Island,GHCND:US1RIWS0065,2023-03-01T00:00:00,2023,03,126.0,",,,N"
Rhode Island,GHCND:US1RIWS0066,2023-03-01T00:00:00,2023,03,102.7,",,,N"
Rhode Island,GHCND:US1RIWS0069,2023-03-01T00:00:00,2023,03,143.1,",,,N"
Rhode Island,GHCND:US1RIWS0070,2023-03-01T00:00:00,2023,03,122.2,",,,N"
Rhode Island,GHCND:US1RIWS0071,2023-03-01T00:00:00,2023,03,114.5,",,,N"
Rhode Island,GHCND:US1RIWS0077,2023-03-01T00:00:00,2023,03,121.1,"1,,,N"
Rhode Island,GHCND:US1RIWS0080,2023-03-01T00:00:00,2023,03,118.4,",,,N"
Rhode Island,GHCND:US1RIWS0081,2023-03-01T00:00:00,2023,03,123.7,",,,N"
Rhode Island,GHCND:US1RIWS0083,2023-03-01T00:00:00,2023,03,117.8,"1,,,N"
Rhode Island,GHCND:US1RIWS0088,2023-03-01T00:00:00,2023,03,89.0,"4,,,N"
Rhode Island,GHCND:US1RIWS0097,2023-03-01T00:00:00,2023,03,120.6,",a,,N"
Rhode Island,GHCND:US1RIWS0099,2023-03-01T00:00:00,2023,03,128.1,",,,N"
Rhode Island,GHCND:US1RIWS0105,2023-03-01T00:00:00,2023,03,107.0,"1,,,N"
Rhode Island,GHCND:US1RIWS0106,2023-03-01T00:00:00,2023,03,124.7,",,,N"
Rhode Island,GHCND:USC00370897,2023-03-01T00:00:00,2023,03,93.2,",,,7"
Rhode Island,GHCND:USC00371874,2023-03-01T00:00:00,2023,03,159.5,",a,,7"
Rhode Island,GHCND:USC00371875,2023-03-01T00:00:00,2023,03,165.2,",,,7"
Rhode Island,GHCND:USC00374266,2023-03-01T00:00:00,2023,03,129.9,",,,7"
Rhode Island,GHCND:USC00375270,2023-03-01T00:00:00,2023,03,124.7,",,,7"
Rhode Island,GHCND:USC00379423,2023-03-01T00:00:00,2023,03,113.1,",,,7"
Rhode Island,GHCND:USW00014765,2023-03-01T00:00:00,2023,03,126.1,",,,W"
Rhode Island,GHCND:USW00014787,2023-03-01T00:00:00,2023,03,87.3,",,,W"
Rhode Island,GHCND:USW00014794,2023-03-01T00:00:00,2023,03,60.3,",,,W"
Rhode Island,GHCND:USW00054796,2023-03-01T00:00:00,2023,03,125.1,",,,R"
Rhode Island,GHCND:USW00054797,2023-03-01T00:00:00,2023,03,123.7,",,,R"
Rhode Island,GHCND:USW00064710,2023-03-01T00:00:00,2023,03,112.1,",,,W"
Rhode Island,GHCND:US1RIBR0011,2023-04-01T00:00:00,2023,04,68.4,",,,N"
Rhode Island,GHCND:US1RIBR0012,2023-04-01T00:00:00,2023,04,65.9,",,,N"
Rhode Island,GHCND:US1RIBR0018,2023-04-01T00:00:00,2023,04,47.7,"1,a,,N"
Rhode Island,GHCND:US1RIKN0002,2023-04-01T00:00:00,2023,04,92.4,",,,N"
Rhode Island,GHCND:US1RIKN0014,2023-04-01T00:00:00,2023,04,62.9,",,,N"
Rhode Island,GHCND:US1RIKN0021,2023-04-01T00:00:00,2023,04,69.5,",,,N"
Rhode Island,GHCND:US1RIKN0023,2023-04-01T00:00:00,2023,04,84.0,",,,N"
Rhode Island,GHCND:US1RIKN0031,2023-04-01T00:00:00,2023,04,36.6,"1,a,,N"
Rhode Island,GHCND:US1RIKN0036,2023-04-01T00:00:00,2023,04,79.4,",,,N"
Rhode Island,GHCND:US1RIKN0037,2023-04-01T00:00:00,2023,04,83.8,"1,,,N"
Rhode Island,GHCND:US1RIKN0038,2023-04-01T00:00:00,2023,04,85.3,",,,N"
Rhode Island,GHCND:US1RIKN0045,2023-04-01T00:00:00,2023,04,96.2,",,,N"
Rhode Island,GHCND:US1RIKN0059,2023-04-01T00:00:00,2023,04,80.4,",,,N"
Rhode Island,GHCND:US1RIKN0062,2023-04-01T00:00:00,2023,04,87.3,"1,a,,N"
Rhode Island,GHCND:US1RIKN0065,2023-04-01T00:00:00,2023,04,87.3,"1,,,N"
Rhode Island,GHCND:US1RIKN0067,2023-04-01T00:00:00,2023,04,48.3,"5,a,,N"
Rhode Island,GHCND:US1RIKN0068,2023-04-01T00:00:00,2023,04,84.8,",,,N"
Rhode Island,GHCND:US1RIKN0071,2023-04-01T00:00:00,2023,04,72.9,",,,N"
Rhode Island,GHCND:US1RIKN0076,2023-04-01T00:00:00,2023,04,42.2,"5,,,N"
Rhode Island,GHCND:US1RINW0004,2023-04-01T00:00:00,2023,04,40.6,",,,N"
Rhode Island,GHCND:US1RINW0005,2023-04-01T00:00:00,2023,04,99.8,",,,N"
Rhode Island,GHCND:US1RINW0007,2023-04-01T00:00:00,2023,04,99.5,",,,N"
Rhode Island,GHCND:US1RINW0016,2023-04-01T00:00:00,2023,04,62.2,",,,N"
Rhode Island,GHCND:US1RINW0017,2023-04-01T00:00:00,2023,04,93.0,",,,N"
Rhode Island,GHCND:US1RINW0018,2023-04-01T00:00:00,2023,04,80.8,",,,N"
Rhode Island,GHCND:US1RINW0020,2023-04-01T00:00:00,2023,04,75.0,",,,N"
Rhode Island,GHCND:US1RINW0023,2023-04-01T00:00:00,2023,04,73.7,"1,,,N"
Rhode Island,GHCND:US1RINW0027,2023-04-01T00:00:00,2023,04,87.6,",,,N"
Rhode Island,GHCND:US1RINW0028,2023-04-01T00:00:00,2023,04,53.0,"1,,,N"
Rhode Island,GHCND:US1RINW0030,2023-04-01T00:00:00,2023,04,85.5,",,,N"
Rhode Island,GHCND:US1RINW0031,2023-04-01T00:00:00,2023,04,70.2,"1,,,N"
Rhode Island,GHCND:US1RINW0032,2023-04-01T00:00:00,2023,04,77.7,",,,N"
Rhode Island,GHCND:US1RINW0036,2023-04-01T00:00:00,2023,04,87.8,"2,,,N"
Rhode Island,GHCND:US1RIPR0028,2023-04-01T00:00:00,2023,04,66.2,",,,N"
Rhode Island,GHCND:US1RIPR0033,2023-04-01T00:00:00,2023,04,84.3,",,,N"
Rhode Island,GHCND:US1RIPR0044,2023-04-01T00:00:00,2023,04,82.5,"1,,,N"
Rhode Island,GHCND:US1RIPR0050,2023-04-01T00:00:00,2023,04,80.9,",,,N"
Rhode Island,GHCND:US1RIPR0051,2023-04-01T00:00:00,2023,04,70.2,",,,N"
Rhode Island,GHCND:US1RIPR0057,2023-04-01T00:00:00,2023,04,88.7,"2,,,N"
Rhode Island,GHCND:US1RIPR0059,2023-04-01T00:00:00,2023,04,77.9,"1,,,N"
Rhode Island,GHCND:US1RIPR0067,2023-04-01T00:00:00,2023,04,91.4,",,,N"
Rhode Island,GHCND:US1RIPR0071,2023-04-01T00:00:00,2023,04,92.3,",,,N"
Rhode Island,GHCND:US1RIPR0084,2023-04-01T00:00:00,2023,04,62.6,"2,a,,N"
Rhode Island,GHCND:US1RIPR0089,2023-04-01T00:00:00,2023,04,71.3,"1,,,N"
Rhode Island,GHCND:US1RIPR0104,2023-04-01T00:00:00,2023,04,90.9,",,,N"
Rhode Island,GHCND:US1RIPR0106,2023-04-01T00:00:00,2023,04,75.2,",,,N"
Rhode Island,GHCND:US1RIPR0108,2023-04-01T00:00:00,2023,04,94.9,",,,N"
Rhode Island,GHCND:US1RIPR0111,2023-04-01T00:00:00,2023,04,88.7,",,,N"
Rhode Island,GHCND:US1RIPR0112,2023-04-01T00:00:00,2023,04,107.5,",,,N"
Rhode Island,GHCND:US1RIPR0119,2023-04-01T00:00:00,2023,04,95.2,",,,N"
Rhode Island,GHCND:US1RIPR0121,2023-04-01T00:00:00,2023,04,82.5,",,,N"
Rhode Island,GHCND:US1RIPR0130,2023-04-01T00:00:00,2023,04,83.7,",,,N"
Rhode Island,GHCND:US1RIPR0131,2023-04-01T00:00:00,2023,04,81.4,",,,N"
Rhode Island,GHCND:US1RIPR0135,2023-04-01T00:00:00,2023,04,52.7,"5,,,N"
Rhode Island,GHCND:US1RIPR0138,2023-04-01T00:00:00,2023,04,77.9,"2,,,N"
Rhode Island,GHCND:US1RIPR0140,2023-04-01T00:00:00,2023,04,67.9,",,,N"
Rhode Island,GHCND:US1RIWS0030,2023-04-01T00:00:00,2023,04,85.6,",,,N"
Rhode Island,GHCND:US1RIWS0031,2023-04-01T00:00:00,2023,04,109.9,",,,N"
Rhode Island,GHCND:US1RIWS0036,2023-04-01T00:00:00,2023,04,86.5,",,,N"
Rhode Island,GHCND:US1RIWS0037,2023-04-01T00:00:00,2023,04,84.4,",,,N"
Rhode Island,GHCND:US1RIWS0042,2023-04-01T00:00:00,2023,04,79.6,",,,N"
Rhode Island,GHCND:US1RIWS0047,2023-04-01T00:00:00,2023,04,81.8,"1,,,N"
Rhode Island,GHCND:US1RIWS0051,2023-04-01T00:00:00,2023,04,82.9,",,,N"
Rhode Island,GHCND:US1RIWS0054,2023-04-01T00:00:00,2023,04,103.5,",,,N"
Rhode Island,GHCND:US1RIWS0058,2023-04-01T00:00:00,2023,04,103.4,",,,N"
Rhode Island,GHCND:US1RIWS0065,2023-04-01T00:00:00,2023,04,108.5,",,,N"
Rhode Island,GHCND:US1RIWS0069,2023-04-01T00:00:00,2023,04,89.3,",,,N"
Rhode Island,GHCND:US1RIWS0070,2023-04-01T00:00:00,2023,04,96.8,"1,,,N"
Rhode Island,GHCND:US1RIWS0071,2023-04-01T00:00:00,2023,04,97.8,",,,N"
Rhode Island,GHCND:US1RIWS0077,2023-04-01T00:00:00,2023,04,33.2,"4,,,N"
Rhode Island,GHCND:US1RIWS0081,2023-04-01T00:00:00,2023,04,100.8,"1,,,N"
Rhode Island,GHCND:US1RIWS0083,2023-04-01T00:00:00,2023,04,96.0,",,,N"
Rhode Island,GHCND:US1RIWS0088,2023-04-01T00:00:00,2023,04,76.2,"1,,,N"
Rhode Island,GHCND:US1RIWS0092,2023-04-01T00:00:00,2023,04,68.1,",,,N"
Rhode Island,GHCND:US1RIWS0097,2023-04-01T00:00:00,2023,04,50.4,"2,a,,N"
Rhode Island,GHCND:US1RIWS0099,2023-04-01T00:00:00,2023,04,81.9,",,,N"
Rhode Island,GHCND:US1RIWS0100,2023-04-01T00:00:00,2023,04,62.8,"1,,,N"
Rhode Island,GHCND:US1RIWS0106,2023-04-01T00:00:00,2023,04,104.6,",,,N"
Rhode Island,GHCND:US1RIWS0107,2023-04-01T00:00:00,2023,04,68.5,"3,,,N"
Rhode Island,GHCND:US1RIWS0108,2023-04-01T00:00:00,2023,04,79.9,"4,,,N"
Rhode Island,GHCND:USC00370897,2023-04-01T00:00:00,2023,04,56.9,",a,,7"
Rhode Island,GHCND:USC00371874,2023-04-01T00:00:00,2023,04,46.1,"2,a,,7"
Rhode Island,GHCND:USC00371875,2023-04-01T00:00:00,2023,04,86.1,",a,,7"
Rhode Island,GHCND:USC00374266,2023-04-01T00:00:00,2023,04,97.8,",,,7"
Rhode Island,GHCND:USC00375270,2023-04-01T00:00:00,2023,04,119.7,",,,7"
Rhode Island,GHCND:USC00379423,2023-04-01T00:00:00,2023,04,65.0,",,,7"
Rhode Island,GHCND:USW00014765,2023-04-01T00:00:00,2023,04,131.5,",,,W"
Rhode Island,GHCND:USW00014787,2023-04-01T00:00:00,2023,04,92.6,",,,W"
Rhode Island,GHCND:USW00014794,2023-04-01T00:00:00,2023,04,92.0,",,,W"
Rhode Island,GHCND:USW00054796,2023-04-01T00:00:00,2023,04,117.8,",,,R"
Rhode Island,GHCND:USW00054797,2023-04-01T00:00:00,2023,04,119.6,",,,R"
Rhode Island,GHCND:USW00064710,2023-04-01T00:00:00,2023,04,119.3,",,,W"
Rhode Island,GHCND:US1RIBR0005,2023-05-01T00:00:00,2023,05,141.9,",,,N"
Rhode Island,GHCND:US1RIBR0011,2023-05-01T00:00:00,2023,05,115.6,",,,N"
Rhode Island,GHCND:US1RIBR0012,2023-05-01T00:00:00,2023,05,131.8,",,,N"
Rhode Island,GHCND:US1RIKN0002,2023-05-01T00:00:00,2023,05,138.0,",,,N"
Rhode Island,GHCND:US1RIKN0014,2023-05-01T00:00:00,2023,05,110.3,",,,N"
Rhode Island,GHCND:US1RIKN0015,2023-05-01T00:00:00,2023,05,127.6,",,,N"
Rhode Island,GHCND:US1RIKN0021,2023-05-01T00:00:00,2023,05,138.2,",,,N"
Rhode Island,GHCND:US1RIKN0023,2023-05-01T00:00:00,2023,05,142.1,",,,N"
Rhode Island,GHCND:US1RIKN0031,2023-05-01T00:00:00,2023,05,89.4,"1,,,N"
Rhode Island,GHCND:US1RIKN0036,2023-05-01T00:00:00,2023,05,127.2,"1,,,N"
Rhode Island,GHCND:US1RIKN0037,2023-05-01T00:00:00,2023,05,147.1,",,,N"
Rhode Island,GHCND:US1RIKN0038,2023-05-01T00:00:00,2023,05,155.3,",,,N"
Rhode Island,GHCND:US1RIKN0051,2023-05-01T00:00:00,2023,05,122.5,",a,,N"
Rhode Island,GHCND:US1RIKN0059,2023-05-01T00:00:00,2023,05,125.0,",,,N"
Rhode Island,GHCND:US1RIKN0062,2023-05-01T00:00:00,2023,05,142.8,"1,,,N"
Rhode Island,GHCND:US1RIKN0065,2023-05-01T00:00:00,2023,05,146.9,"5,,,N"
Rhode Island,GHCND:US1RIKN0067,2023-05-01T00:00:00,2023,05,73.4,"1,,,N"
Rhode Island,GHCND:US1RIKN0068,2023-05-01T00:00:00,2023,05,139.0,"2,,,N"
Rhode Island,GHCND:US1RIKN0076,2023-05-01T00:00:00,2023,05,118.0,"1,,,N"
Rhode Island,GHCND:US1RINW0004,2023-05-01T00:00:00,2023,05,52.4,",,,N"
Rhode Island,GHCND:US1RINW0005,2023-05-01T00:00:00,2023,05,93.4,",a,,N"
Rhode Island,GHCND:US1RINW0007,2023-05-01T00:00:00,2023,05,86.9,",,,N"
Rhode Island,GHCND:US1RINW0016,2023-05-01T00:00:00,2023,05,110.1,",,,N"
Rhode Island,GHCND:US1RINW0017,2023-05-01T00:00:00,2023,05,123.9,",,,N"
Rhode Island,GHCND:US1RINW0018,2023-05-01T00:00:00,2023,05,109.5,",,,N"
Rhode Island,GHCND:US1RINW0020,2023-05-01T00:00:00,2023,05,122.3,"1,,,N"
Rhode Island,GHCND:US1RINW0023,2023-05-01T00:00:00,2023,05,103.4,",,,N"
Rhode Island,GHCND:US1RINW0027,2023-05-01T00:00:00,2023,05,97.2,"1,,,N"
Rhode Island,GHCND:US1RINW0028,2023-05-01T00:00:00,2023,05,111.5,"1,,,N"
Rhode Island,GHCND:US1RINW0030,2023-05-01T00:00:00,2023,05,109.8,",,,N"
Rhode Island,GHCND:US1RINW0031,2023-05-01T00:00:00,2023,05,90.5,"1,,,N"
Rhode Island,GHCND:US1RINW0032,2023-05-01T00:00:00,2023,05,98.3,",,,N"
Rhode Island,GHCND:US1RINW0035,2023-05-01T00:00:00,2023,05,87.2,"5,,,N"
Rhode Island,GHCND:US1RINW0036,2023-05-01T00:00:00,2023,05,95.0,"1,,,N"
Rhode Island,GHCND:US1RIPR0028,2023-05-01T00:00:00,2023,05,130.2,",,,N"
Rhode Island,GHCND:US1RIPR0033,2023-05-01T00:00:00,2023,05,122.9,",,,N"
Rhode Island,GHCND:US1RIPR0044,2023-05-01T00:00:00,2023,05,138.5,"2,,,N"
Rhode Island,GHCND:US1RIPR0050,2023-05-01T00:00:00,2023,05,123.5,",,,N"
Rhode Island,GHCND:US1RIPR0051,2023-05-01T00:00:00,2023,05,120.2,",,,N"
Rhode Island,GHCND:US1RIPR0055,2023-05-01T00:00:00,2023,05,110.1,",,,N"
Rhode Island,GHCND:US1RIPR0057,2023-05-01T00:00:00,2023,05,131.1,"1,,,N"
Rhode Island,GHCND:US1RIPR0059,2023-05-01T00:00:00,2023,05,115.3,"4,,,N"
Rhode Island,GHCND:US1RIPR0067,2023-05-01T00:00:00,2023,05,124.9,",,,N"
Rhode Island,GHCND:US1RIPR0071,2023-05-01T00:00:00,2023,05,145.8,",,,N"
Rhode Island,GHCND:US1RIPR0084,2023-05-01T00:00:00,2023,05,56.7,"1,,,N"
Rhode Island,GHCND:US1RIPR0089,2023-05-01T00:00:00,2023,05,112.3,",a,,N"
Rhode Island,GHCND:US1RIPR0104,2023-05-01T00:00:00,2023,05,135.4,"1,,,N"
Rhode Island,GHCND:US1RIPR0106,2023-05-01T00:00:00,2023,05,118.9,",,,N"
Rhode Island,GHCND:US1RIPR0108,2023-05-01T00:00:00,2023,05,160.6,"3,,,N"
Rhode Island,GHCND:US1RIPR0111,2023-05-01T00:00:00,2023,05,126.0,"2,,,N"
Rhode Island,GHCND:US1RIPR0112,2023-05-01T00:00:00,2023,05,129.6,",,,N"
Rhode Island,GHCND:US1RIPR0119,2023-05-01T00:00:00,2023,05,156.3,",,,N"
Rhode Island,GHCND:US1RIPR0121,2023-05-01T00:00:00,2023,05,116.0,",,,N"
Rhode Island,GHCND:US1RIPR0131,2023-05-01T00:00:00,2023,05,123.4,",,,N"
Rhode Island,GHCND:US1RIPR0136,2023-05-01T00:00:00,2023,05,119.7,",a,,N"
Rhode Island,GHCND:US1RIPR0140,2023-05-01T00:00:00,2023,05,124.2,",,,N"
Rhode Island,GHCND:US1RIWS0030,2023-05-01T00:00:00,2023,05,116.1,"4,,,N"
Rhode Island,GHCND:US1RIWS0031,2023-05-01T00:00:00,2023,05,141.2,",,,N"
Rhode Island,GHCND:US1RIWS0036,2023-05-01T00:00:00,2023,05,87.4,",,,N"
Rhode Island,GHCND:US1RIWS0040,2023-05-01T00:00:00,2023,05,133.2,",,,N"
Rhode Island,GHCND:US1RIWS0042,2023-05-01T00:00:00,2023,05,133.6,",,,N"
Rhode Island,GHCND:US1RIWS0045,2023-05-01T00:00:00,2023,05,86.6,"1,,,N"
Rhode Island,GHCND:US1RIWS0047,2023-05-01T00:00:00,2023,05,113.5,",,,N"
Rhode Island,GHCND:US1RIWS0051,2023-05-01T00:00:00,2023,05,110.9,"3,a,,N"
Rhode Island,GHCND:US1RIWS0052,2023-05-01T00:00:00,2023,05,125.2,"1,,,N"
Rhode Island,GHCND:US1RIWS0054,2023-05-01T00:00:00,2023,05,125.2,",,,N"
Rhode Island,GHCND:US1RIWS0055,2023-05-01T00:00:00,2023,05,114.4,"1,,,N"
Rhode Island,GHCND:US1RIWS0058,2023-05-01T00:00:00,2023,05,134.7,"2,,,N"
Rhode Island,GHCND:US1RIWS0065,2023-05-01T00:00:00,2023,05,139.3,",,,N"
Rhode Island,GHCND:US1RIWS0066,2023-05-01T00:00:00,2023,05,133.3,",,,N"
Rhode Island,GHCND:US1RIWS0069,2023-05-01T00:00:00,2023,05,126.3,",,,N"
Rhode Island,GHCND:US1RIWS0070,2023-05-01T00:00:00,2023,05,133.3,"4,a,,N"
Rhode Island,GHCND:US1RIWS0071,2023-05-01T00:00:00,2023,05,121.8,",,,N"
Rhode Island,GHCND:US1RIWS0077,2023-05-01T00:00:00,2023,05,109.7,"1,,,N"
Rhode Island,GHCND:US1RIWS0080,2023-05-01T00:00:00,2023,05,103.7,"5,,,N"
Rhode Island,GHCND:US1RIWS0081,2023-05-01T00:00:00,2023,05,127.5,",,,N"
Rhode Island,GHCND:US1RIWS0083,2023-05-01T00:00:00,2023,05,131.5,",,,N"
Rhode Island,GHCND:US1RIWS0092,2023-05-01T00:00:00,2023,05,95.5,"1,a,,N"
Rhode Island,GHCND:US1RIWS0097,2023-05-01T00:00:00,2023,05,101.6,"1,a,,N"
Rhode Island,GHCND:US1RIWS0100,2023-05-01T00:00:00,2023,05,138.7,"1,a,,N"
Rhode Island,GHCND:US1RIWS0105,2023-05-01T00:00:00,2023,05,106.8,"2,a,,N"
Rhode Island,GHCND:US1RIWS0107,2023-05-01T00:00:00,2023,05,102.4,"4,,,N"
Rhode Island,GHCND:US1RIWS0108,2023-05-01T00:00:00,2023,05,111.5,"3,,,N"
Rhode Island,GHCND:USC00370897,2023-05-01T00:00:00,2023,05,75.4,",,,7"
Rhode Island,GHCND:USC00371874,2023-05-01T00:00:00,2023,05,73.2,"1,a,,7"
Rhode Island,GHCND:USC00371875,2023-05-01T00:00:00,2023,05,137.7,",,,7"
Rhode Island,GHCND:USC00374266,2023-05-01T00:00:00,2023,05,120.8,",,,7"
Rhode Island,GHCND:USC00375270,2023-05-01T00:00:00,2023,05,89.9,",,,7"
Rhode Island,GHCND:USC00379423,2023-05-01T00:00:00,2023,05,113.6,",,,7"
Rhode Island,GHCND:USW00014765,2023-05-01T00:00:00,2023,05,89.0,",,,W"
Rhode Island,GHCND:USW00014787,2023-05-01T00:00:00,2023,05,77.1,"1,,,W"
Rhode Island,GHCND:USW00014794,2023-05-01T00:00:00,2023,05,81.2,",,,W"
Rhode Island,GHCND:USW00054796,2023-05-01T00:00:00,2023,05,93.2,",,,R"
Rhode Island,GHCND:USW00054797,2023-05-01T00:00:00,2023,05,100.8,",,,R"
Rhode Island,GHCND:USW00064710,2023-05-01T00:00:00,2023,05,64.7,"3,,,W"
Rhode Island,GHCND:US1RIBR0005,2023-06-01T00:00:00,2023,06,108.9,",a,,N"
Rhode Island,GHCND:US1RIBR0012,2023-06-01T00:00:00,2023,06,76.3,"1,,,N"
Rhode Island,GHCND:US1RIBR0018,2023-06-01T00:00:00,2023,06,96.3,",a,,N"
Rhode Island,GHCND:US1RIBR0019,2023-06-01T00:00:00,2023,06,93.5,"3,a,,N"
Rhode Island,GHCND:US1RIKN0002,2023-06-01T00:00:00,2023,06,94.6,",,,N"
Rhode Island,GHCND:US1RIKN0014,2023-06-01T00:00:00,2023,06,101.0,",,,N"
Rhode Island,GHCND:US1RIKN0021,2023-06-01T00:00:00,2023,06,107.3,",,,N"
Rhode Island,GHCND:US1RIKN0023,2023-06-01T00:00:00,2023,06,94.9,",,,N"
Rhode Island,GHCND:US1RIKN0031,2023-06-01T00:00:00,2023,06,99.0,",a,,N"
Rhode Island,GHCND:US1RIKN0036,2023-06-01T00:00:00,2023,06,107.3,",,,N"
Rhode Island,GHCND:US1RIKN0037,2023-06-01T00:00:00,2023,06,99.5,"1,a,,N"
Rhode Island,GHCND:US1RIKN0038,2023-06-01T00:00:00,2023,06,96.1,",,,N"
Rhode Island,GHCND:US1RIKN0045,2023-06-01T00:00:00,2023,06,107.3,",a,,N"
Rhode Island,GHCND:US1RIKN0051,2023-06-01T00:00:00,2023,06,106.4,",a,,N"
Rhode Island,GHCND:US1RIKN0059,2023-06-01T00:00:00,2023,06,122.1,",,,N"
Rhode Island,GHCND:US1RIKN0062,2023-06-01T00:00:00,2023,06,103.7,",,,N"
Rhode Island,GHCND:US1RIKN0065,2023-06-01T00:00:00,2023,06,95.3,"5,,,N"
Rhode Island,GHCND:US1RIKN0067,2023-06-01T00:00:00,2023,06,103.0,"1,,,N"
Rhode Island,GHCND:US1RIKN0068,2023-06-01T00:00:00,2023,06,119.7,"3,,,N"
Rhode Island,GHCND:US1RIKN0076,2023-06-01T00:00:00,2023,06,149.6,",,,N"
Rhode Island,GHCND:US1RINW0004,2023-06-01T00:00:00,2023,06,79.2,",,,N"
Rhode Island,GHCND:US1RINW0005,2023-06-01T00:00:00,2023,06,89.6,",,,N"
Rhode Island,GHCND:US1RINW0007,2023-06-01T00:00:00,2023,06,89.8,",,,N"
Rhode Island,GHCND:US1RINW0016,2023-06-01T00:00:00,2023,06,104.1,",,,N"
Rhode Island,GHCND:US1RINW0017,2023-06-01T00:00:00,2023,06,120.8,",,,N"
Rhode Island,GHCND:US1RINW0018,2023-06-01T00:00:00,2023,06,94.8,",,,N"
Rhode Island,GHCND:US1RINW0020,2023-06-01T00:00:00,2023,06,107.7,",,,N"
Rhode Island,GHCND:US1RINW0023,2023-06-01T00:00:00,2023,06,94.2,"3,,,N"
Rhode Island,GHCND:US1RINW0027,2023-06-01T00:00:00,2023,06,104.8,",,,N"
Rhode Island,GHCND:US1RINW0028,2023-06-01T00:00:00,2023,06,99.0,"1,,,N"
Rhode Island,GHCND:US1RINW0030,2023-06-01T00:00:00,2023,06,94.1,",,,N"
Rhode Island,GHCND:US1RINW0031,2023-06-01T00:00:00,2023,06,96.9,"1,,,N"
Rhode Island,GHCND:US1RINW0032,2023-06-01T00:00:00,2023,06,86.8,",,,N"
Rhode Island,GHCND:US1RINW0035,2023-06-01T00:00:00,2023,06,92.4,"1,,,N"
Rhode Island,GHCND:US1RINW0036,2023-06-01T00:00:00,2023,06,98.3,"1,,,N"
Rhode Island,GHCND:US1RIPR0028,2023-06-01T00:00:00,2023,06,96.8,"4,,,N"
Rhode Island,GHCND:US1RIPR0033,2023-06-01T00:00:00,2023,06,85.3,",,,N"
Rhode Island,GHCND:US1RIPR0050,2023-06-01T00:00:00,2023,06,90.9,",,,N"
Rhode Island,GHCND:US1RIPR0051,2023-06-01T00:00:00,2023,06,115.2,",,,N"
Rhode Island,GHCND:US1RIPR0055,2023-06-01T00:00:00,2023,06,79.7,",a,,N"
Rhode Island,GHCND:US1RIPR0057,2023-06-01T00:00:00,2023,06,106.7,",,,N"
Rhode Island,GHCND:US1RIPR0059,2023-06-01T00:00:00,2023,06,89.0,"1,,,N"
Rhode Island,GHCND:US1RIPR0067,2023-06-01T00:00:00,2023,06,103.4,",,,N"
Rhode Island,GHCND:US1RIPR0071,2023-06-01T00:00:00,2023,06,105.1,",,,N"
Rhode Island,GHCND:US1RIPR0077,2023-06-01T00:00:00,2023,06,93.1,"2,a,,N"
Rhode Island,GHCND:US1RIPR0082,2023-06-01T00:00:00,2023,06,121.8,",a,,N"
Rhode Island,GHCND:US1RIPR0084,2023-06-01T00:00:00,2023,06,71.3,",a,,N"
Rhode Island,GHCND:US1RIPR0089,2023-06-01T00:00:00,2023,06,93.0,",,,N"
Rhode Island,GHCND:US1RIPR0104,2023-06-01T00:00:00,2023,06,100.6,",,,N"
Rhode Island,GHCND:US1RIPR0106,2023-06-01T00:00:00,2023,06,102.2,",,,N"
Rhode Island,GHCND:US1RIPR0108,2023-06-01T00:00:00,2023,06,95.0,"2,,,N"
Rhode Island,GHCND:US1RIPR0111,2023-06-01T00:00:00,2023,06,101.9,"2,,,N"
Rhode Island,GHCND:US1RIPR0112,2023-06-01T00:00:00,2023,06,106.3,"1,,,N"
Rhode Island,GHCND:US1RIPR0119,2023-06-01T00:00:00,2023,06,97.8,"1,,,N"
Rhode Island,GHCND:US1RIPR0121,2023-06-01T00:00:00,2023,06,94.5,"1,,,N"
Rhode Island,GHCND:US1RIPR0130,2023-06-01T00:00:00,2023,06,119.3,",,,N"
Rhode Island,GHCND:US1RIPR0131,2023-06-01T00:00:00,2023,06,98.8,",,,N"
Rhode Island,GHCND:US1RIPR0132,2023-06-01T00:00:00,2023,06,92.2,",a,,N"
Rhode Island,GHCND:US1RIPR0136,2023-06-01T00:00:00,2023,06,99.4,"1,,,N"
Rhode Island,GHCND:US1RIPR0138,2023-06-01T00:00:00,2023,06,72.8,"3,,,N"
Rhode Island,GHCND:US1RIPR0140,2023-06-01T00:00:00,2023,06,150.5,",,,N"
Rhode Island,GHCND:US1RIWS0030,2023-06-01T00:00:00,2023,06,80.4,",,,N"
Rhode Island,GHCND:US1RIWS0031,2023-06-01T00:00:00,2023,06,90.5,",,,N"
Rhode Island,GHCND:US1RIWS0036,2023-06-01T00:00:00,2023,06,103.7,",,,N"
Rhode Island,GHCND:US1RIWS0037,2023-06-01T00:00:00,2023,06,119.4,"1,,,N"
Rhode Island,GHCND:US1RIWS0040,2023-06-01T00:00:00,2023,06,122.9,",,,N"
Rhode Island,GHCND:US1RIWS0042,2023-06-01T00:00:00,2023,06,114.1,",,,N"
Rhode Island,GHCND:US1RIWS0047,2023-06-01T00:00:00,2023,06,75.1,",,,N"
Rhode Island,GHCND:US1RIWS0051,2023-06-01T00:00:00,2023,06,103.2,"1,a,,N"
Rhode Island,GHCND:US1RIWS0052,2023-06-01T00:00:00,2023,06,114.2,",a,,N"
Rhode Island,GHCND:US1RIWS0054,2023-06-01T00:00:00,2023,06,87.2,",,,N"
Rhode Island,GHCND:US1RIWS0055,2023-06-01T00:00:00,2023,06,127.5,",,,N"
Rhode Island,GHCND:US1RIWS0065,2023-06-01T00:00:00,2023,06,116.0,",,,N"
Rhode Island,GHCND:US1RIWS0066,2023-06-01T00:00:00,2023,06,118.1,"2,,,N"
Rhode Island,GHCND:US1RIWS0067,2023-06-01T00:00:00,2023,06,97.7,"1,,,N"
Rhode Island,GHCND:US1RIWS0069,2023-06-01T00:00:00,2023,06,103.0,",,,N"
Rhode Island,GHCND:US1RIWS0070,2023-06-01T00:00:00,2023,06,126.2,"1,a,,N"
Rhode Island,GHCND:US1RIWS0071,2023-06-01T00:00:00,2023,06,118.6,"1,,,N"
Rhode Island,GHCND:US1RIWS0080,2023-06-01T00:00:00,2023,06,103.5,",,,N"
Rhode Island,GHCND:US1RIWS0081,2023-06-01T00:00:00,2023,06,124.6,",,,N"
Rhode Island,GHCND:US1RIWS0083,2023-06-01T00:00:00,2023,06,123.4,"1,,,N"
Rhode Island,GHCND:US1RIWS0088,2023-06-01T00:00:00,2023,06,115.5,"4,,,N"
Rhode Island,GHCND:US1RIWS0097,2023-06-01T00:00:00,2023,06,96.2,",a,,N"
Rhode Island,GHCND:US1RIWS0099,2023-06-01T00:00:00,2023,06,85.6,",,,N"
Rhode Island,GHCND:US1RIWS0100,2023-06-01T00:00:00,2023,06,97.7,",,,N"
Rhode Island,GHCND:US1RIWS0104,2023-06-01T00:00:00,2023,06,72.4,"4,,,N"
Rhode Island,GHCND:US1RIWS0105,2023-06-01T00:00:00,2023,06,99.5,"4,,,N"
Rhode Island,GHCND:US1RIWS0106,2023-06-01T00:00:00,2023,06,111.5,",,,N"
Rhode Island,GHCND:US1RIWS0107,2023-06-01T00:00:00,2023,06,98.4,",,,N"
Rhode Island,GHCND:US1RIWS0108,2023-06-01T00:00:00,2023,06,87.2,"2,,,N"
Rhode Island,GHCND:USC00370897,2023-06-01T00:00:00,2023,06,72.3,",,,7"
Rhode Island,GHCND:USC00371874,2023-06-01T00:00:00,2023,06,115.6,",a,,7"
Rhode Island,GHCND:USC00371875,2023-06-01T00:00:00,2023,06,112.0,",a,,7"
Rhode Island,GHCND:USC00374266,2023-06-01T00:00:00,2023,06,104.6,",,,7"
Rhode Island,GHCND:USC00375270,2023-06-01T00:00:00,2023,06,113.6,",,,7"
Rhode Island,GHCND:USC00379423,2023-06-01T00:00:00,2023,06,111.9,",,,7"
Rhode Island,GHCND:USW00014765,2023-06-01T00:00:00,2023,06,89.9,",,,W"
Rhode Island,GHCND:USW00014787,2023-06-01T00:00:00,2023,06,100.0,",,,W"
Rhode Island,GHCND:USW00014794,2023-06-01T00:00:00,2023,06,79.5,",,,W"
Rhode Island,GHCND:USW00054796,2023-06-01T00:00:00,2023,06,98.3,",,,R"
Rhode Island,GHCND:USW00054797,2023-06-01T00:00:00,2023,06,104.9,",,,R"
Rhode Island,GHCND:USW00064710,2023-06-01T00:00:00,2023,06,75.3,"1,,,W"
Rhode Island,GHCND:US1RIBR0012,2023-07-01T00:00:00,2023,07,174.1,",,,N"
Rhode Island,GHCND:US1RIKN0002,2023-07-01T00:00:00,2023,07,198.1,",,,N"
Rhode Island,GHCND:US1RIKN0014,2023-07-01T00:00:00,2023,07,167.0,",,,N"
Rhode Island,GHCND:US1RIKN0021,2023-07-01T00:00:00,2023,07,195.0,",,,N"
Rhode Island,GHCND:US1RIKN0023,2023-07-01T00:00:00,2023,07,204.8,",,,N"
Rhode Island,GHCND:US1RIKN0031,2023-07-01T00:00:00,2023,07,161.8,",a,,N"
Rhode Island,GHCND:US1RIKN0036,2023-07-01T00:00:00,2023,07,160.1,",,,N"
Rhode Island,GHCND:US1RIKN0038,2023-07-01T00:00:00,2023,07,201.8,",,,N"
Rhode Island,GHCND:US1RIKN0045,2023-07-01T00:00:00,2023,07,196.4,",,,N"
Rhode Island,GHCND:US1RIKN0051,2023-07-01T00:00:00,2023,07,183.4,"2,,,N"
Rhode Island,GHCND:US1RIKN0059,2023-07-01T00:00:00,2023,07,224.2,",,,N"
Rhode Island,GHCND:US1RIKN0062,2023-07-01T00:00:00,2023,07,99.0,"2,,,N"
Rhode Island,GHCND:US1RIKN0065,2023-07-01T00:00:00,2023,07,182.3,"4,,,N"
Rhode Island,GHCND:US1RIKN0067,2023-07-01T00:00:00,2023,07,186.6,",,,N"
Rhode Island,GHCND:US1RIKN0068,2023-07-01T00:00:00,2023,07,227.6,"1,,,N"
Rhode Island,GHCND:US1RIKN0076,2023-07-01T00:00:00,2023,07,240.1,"1,,,N"
Rhode Island,GHCND:US1RIKN0079,2023-07-01T00:00:00,2023,07,187.6,"2,,,N"
Rhode Island,GHCND:US1RINW0004,2023-07-01T00:00:00,2023,07,106.4,",,,N"
Rhode Island,GHCND:US1RINW0005,2023-07-01T00:00:00,2023,07,125.5,",,,N"
Rhode Island,GHCND:US1RINW0007,2023-07-01T00:00:00,2023,07,124.4,",,,N"
Rhode Island,GHCND:US1RINW0016,2023-07-01T00:00:00,2023,07,148.3,",,,N"
Rhode Island,GHCND:US1RINW0017,2023-07-01T00:00:00,2023,07,149.6,",,,N"
Rhode Island,GHCND:US1RINW0018,2023-07-01T00:00:00,2023,07,121.7,",,,N"
Rhode Island,GHCND:US1RINW0020,2023-07-01T00:00:00,2023,07,154.2,",,,N"
Rhode Island,GHCND:US1RINW0027,2023-07-01T00:00:00,2023,07,146.5,",,,N"
Rhode Island,GHCND:US1RINW0028,2023-07-01T00:00:00,2023,07,149.5,",,,N"
Rhode Island,GHCND:US1RINW0030,2023-07-01T00:00:00,2023,07,125.3,",,,N"
Rhode Island,GHCND:US1RINW0031,2023-07-01T00:00:00,2023,07,117.4,"3,a,,N"
Rhode Island,GHCND:US1RINW0032,2023-07-01T00:00:00,2023,07,116.6,",,,N"
Rhode Island,GHCND:US1RINW0035,2023-07-01T00:00:00,2023,07,125.1,"1,a,,N"
Rhode Island,GHCND:US1RINW0036,2023-07-01T00:00:00,2023,07,127.7,",,,N"
Rhode Island,GHCND:US1RIPR0033,2023-07-01T00:00:00,2023,07,202.7,",,,N"
Rhode Island,GHCND:US1RIPR0044,2023-07-01T00:00:00,2023,07,241.5,"1,a,,N"
Rhode Island,GHCND:US1RIPR0050,2023-07-01T00:00:00,2023,07,207.9,",,,N"
Rhode Island,GHCND:US1RIPR0051,2023-07-01T00:00:00,2023,07,197.5,",,,N"
Rhode Island,GHCND:US1RIPR0057,2023-07-01T00:00:00,2023,07,214.3,"2,a,,N"
Rhode Island,GHCND:US1RIPR0059,2023-07-01T00:00:00,2023,07,238.3,"2,,,N"
Rhode Island,GHCND:US1RIPR0067,2023-07-01T00:00:00,2023,07,241.0,",,,N"
Rhode Island,GHCND:US1RIPR0071,2023-07-01T00:00:00,2023,07,263.6,"1,,,N"
Rhode Island,GHCND:US1RIPR0081,2023-07-01T00:00:00,2023,07,250.6,"1,,,N"
Rhode Island,GHCND:US1RIPR0082,2023-07-01T00:00:00,2023,07,249.6,",,,N"
Rhode Island,GHCND:US1RIPR0089,2023-07-01T00:00:00,2023,07,195.5,",,,N"
Rhode Island,GHCND:US1RIPR0104,2023-07-01T00:00:00,2023,07,274.4,",,,N"
Rhode Island,GHCND:US1RIPR0106,2023-07-01T00:00:00,2023,07,221.3,",a,,N"
Rhode Island,GHCND:US1RIPR0108,2023-07-01T00:00:00,2023,07,220.5,",,,N"
Rhode Island,GHCND:US1RIPR0112,2023-07-01T00:00:00,2023,07,232.2,"1,,,N"
Rhode Island,GHCND:US1RIPR0119,2023-07-01T00:00:00,2023,07,245.1,"4,,,N"
Rhode Island,GHCND:US1RIPR0121,2023-07-01T00:00:00,2023,07,238.1,",,,N"
Rhode Island,GHCND:US1RIPR0128,2023-07-01T00:00:00,2023,07,282.4,"5,a,,N"
Rhode Island,GHCND:US1RIPR0130,2023-07-01T00:00:00,2023,07,198.4,",,,N"
Rhode Island,GHCND:US1RIPR0131,2023-07-01T00:00:00,2023,07,210.6,",,,N"
Rhode Island,GHCND:US1RIPR0132,2023-07-01T00:00:00,2023,07,215.9,",a,,N"
Rhode Island,GHCND:US1RIPR0135,2023-07-01T00:00:00,2023,07,194.8,",,,N"
Rhode Island,GHCND:US1RIPR0136,2023-07-01T00:00:00,2023,07,228.0,",,,N"
Rhode Island,GHCND:US1RIPR0138,2023-07-01T00:00:00,2023,07,250.1,",,,N"
Rhode Island,GHCND:US1RIPR0140,2023-07-01T00:00:00,2023,07,258.3,",,,N"
Rhode Island,GHCND:US1RIWS0030,2023-07-01T00:00:00,2023,07,185.5,",,,N"
Rhode Island,GHCND:US1RIWS0036,2023-07-01T00:00:00,2023,07,137.2,",,,N"
Rhode Island,GHCND:US1RIWS0037,2023-07-01T00:00:00,2023,07,166.6,"1,,,N"
Rhode Island,GHCND:US1RIWS0040,2023-07-01T00:00:00,2023,07,191.0,",,,N"
Rhode Island,GHCND:US1RIWS0042,2023-07-01T00:00:00,2023,07,209.8,",,,N"
Rhode Island,GHCND:US1RIWS0045,2023-07-01T00:00:00,2023,07,147.3,",,,N"
Rhode Island,GHCND:US1RIWS0047,2023-07-01T00:00:00,2023,07,141.0,",,,N"
Rhode Island,GHCND:US1RIWS0052,2023-07-01T00:00:00,2023,07,129.8,"1,,,N"
Rhode Island,GHCND:US1RIWS0054,2023-07-01T00:00:00,2023,07,166.9,",,,N"
Rhode Island,GHCND:US1RIWS0055,2023-07-01T00:00:00,2023,07,146.9,",,,N"
Rhode Island,GHCND:US1RIWS0058,2023-07-01T00:00:00,2023,07,199.2,"3,,,N"
Rhode Island,GHCND:US1RIWS0061,2023-07-01T00:00:00,2023,07,167.1,"3,,,N"
Rhode Island,GHCND:US1RIWS0065,2023-07-01T00:00:00,2023,07,153.2,",,,N"
Rhode Island,GHCND:US1RIWS0067,2023-07-01T00:00:00,2023,07,150.5,",,,N"
Rhode Island,GHCND:US1RIWS0069,2023-07-01T00:00:00,2023,07,143.0,"1,,,N"
Rhode Island,GHCND:US1RIWS0070,2023-07-01T00:00:00,2023,07,143.0,",,,N"
Rhode Island,GHCND:US1RIWS0071,2023-07-01T00:00:00,2023,07,157.2,",,,N"
Rhode Island,GHCND:US1RIWS0077,2023-07-01T00:00:00,2023,07,149.5,",a,,N"
Rhode Island,GHCND:US1RIWS0080,2023-07-01T00:00:00,2023,07,168.0,"1,,,N"
Rhode Island,GHCND:US1RIWS0081,2023-07-01T00:00:00,2023,07,145.3,",,,N"
Rhode Island,GHCND:US1RIWS0083,2023-07-01T00:00:00,2023,07,139.6,",,,N"
Rhode Island,GHCND:US1RIWS0092,2023-07-01T00:00:00,2023,07,138.0,",,,N"
Rhode Island,GHCND:US1RIWS0097,2023-07-01T00:00:00,2023,07,142.2,"3,a,,N"
Rhode Island,GHCND:US1RIWS0099,2023-07-01T00:00:00,2023,07,204.0,",,,N"
Rhode Island,GHCND:US1RIWS0100,2023-07-01T00:00:00,2023,07,153.9,",a,,N"
Rhode Island,GHCND:US1RIWS0105,2023-07-01T00:00:00,2023,07,165.7,"4,a,,N"
Rhode Island,GHCND:US1RIWS0106,2023-07-01T00:00:00,2023,07,158.7,",,,N"
Rhode Island,GHCND:US1RIWS0107,2023-07-01T00:00:00,2023,07,135.8,",,,N"
Rhode Island,GHCND:US1RIWS0108,2023-07-01T00:00:00,2023,07,167.1,"2,,,N"
Rhode Island,GHCND:US1RIWS0110,2023-07-01T00:00:00,2023,07,129.1,"4,a,,N"
Rhode Island,GHCND:USC00370897,2023-07-01T00:00:00,2023,07,105.0,",,,7"
Rhode Island,GHCND:USC00371874,2023-07-01T00:00:00,2023,07,178.5,",a,,7"
Rhode Island,GHCND:USC00371875,2023-07-01T00:00:00,2023,07,230.8,",,,7"
Rhode Island,GHCND:USC00374266,2023-07-01T00:00:00,2023,07,151.6,",,,7"
Rhode Island,GHCND:USC00375270,2023-07-01T00:00:00,2023,07,227.7,",,,7"
Rhode Island,GHCND:USC00379423,2023-07-01T00:00:00,2023,07,239.5,",,,7"
Rhode Island,GHCND:USW00014765,2023-07-01T00:00:00,2023,07,212.6,",,,W"
Rhode Island,GHCND:USW00014787,2023-07-01T00:00:00,2023,07,129.5,",,,W"
Rhode Island,GHCND:USW00014794,2023-07-01T00:00:00,2023,07,131.6,",,,W"
Rhode Island,GHCND:USW00054796,2023-07-01T00:00:00,2023,07,145.5,"1,,,R"
Rhode Island,GHCND:USW00054797,2023-07-01T00:00:00,2023,07,139.8,"1,,,R"
Rhode Island,GHCND:USW00064710,2023-07-01T00:00:00,2023,07,186.6,",,,W"
Rhode Island,GHCND:US1RIBR0011,2023-08-01T00:00:00,2023,08,160.5,",,,N"
Rhode Island,GHCND:US1RIBR0012,2023-08-01T00:00:00,2023,08,120.0,",,,N"
Rhode Island,GHCND:US1RIKN0002,2023-08-01T00:00:00,2023,08,114.1,",,,N"
Rhode Island,GHCND:US1RIKN0014,2023-08-01T00:00:00,2023,08,104.2,",,,N"
Rhode Island,GHCND:US1RIKN0021,2023-08-01T00:00:00,2023,08,120.1,",,,N"
Rhode Island,GHCND:US1RIKN0023,2023-08-01T00:00:00,2023,08,96.6,",a,,N"
Rhode Island,GHCND:US1RIKN0030,2023-08-01T00:00:00,2023,08,110.8,"5,a,,N"
Rhode Island,GHCND:US1RIKN0031,2023-08-01T00:00:00,2023,08,107.6,",a,,N"
Rhode Island,GHCND:US1RIKN0036,2023-08-01T00:00:00,2023,08,94.5,",,,N"
Rhode Island,GHCND:US1RIKN0037,2023-08-01T00:00:00,2023,08,112.8,",a,,N"
Rhode Island,GHCND:US1RIKN0038,2023-08-01T00:00:00,2023,08,109.7,",,,N"
Rhode Island,GHCND:US1RIKN0045,2023-08-01T00:00:00,2023,08,110.1,",a,,N"
Rhode Island,GHCND:US1RIKN0051,2023-08-01T00:00:00,2023,08,107.5,"2,,,N"
Rhode Island,GHCND:US1RIKN0059,2023-08-01T00:00:00,2023,08,118.6,",,,N"
Rhode Island,GHCND:US1RIKN0068,2023-08-01T00:00:00,2023,08,123.7,"1,,,N"
Rhode Island,GHCND:US1RIKN0076,2023-08-01T00:00:00,2023,08,104.9,",,,N"
Rhode Island,GHCND:US1RIKN0079,2023-08-01T00:00:00,2023,08,110.4,"5,,,N"
Rhode Island,GHCND:US1RINW0004,2023-08-01T00:00:00,2023,08,95.7,",,,N"
Rhode Island,GHCND:US1RINW0005,2023-08-01T00:00:00,2023,08,127.7,",,,N"
Rhode Island,GHCND:US1RINW0007,2023-08-01T00:00:00,2023,08,130.6,",,,N"
Rhode Island,GHCND:US1RINW0016,2023-08-01T00:00:00,2023,08,132.2,",,,N"
Rhode Island,GHCND:US1RINW0017,2023-08-01T00:00:00,2023,08,115.5,",,,N"
Rhode Island,GHCND:US1RINW0018,2023-08-01T00:00:00,2023,08,145.4,",,,N"
Rhode Island,GHCND:US1RINW0020,2023-08-01T00:00:00,2023,08,162.3,"1,,,N"
Rhode Island,GHCND:US1RINW0023,2023-08-01T00:00:00,2023,08,128.3,"1,a,,N"
Rhode Island,GHCND:US1RINW0027,2023-08-01T00:00:00,2023,08,125.3,"1,,,N"
Rhode Island,GHCND:US1RINW0028,2023-08-01T00:00:00,2023,08,131.0,",,,N"
Rhode Island,GHCND:US1RINW0030,2023-08-01T00:00:00,2023,08,139.2,"1,,,N"
Rhode Island,GHCND:US1RINW0032,2023-08-01T00:00:00,2023,08,95.3,",,,N"
Rhode Island,GHCND:US1RINW0035,2023-08-01T00:00:00,2023,08,134.0,",a,,N"
Rhode Island,GHCND:US1RINW0036,2023-08-01T00:00:00,2023,08,117.9,"1,,,N"
Rhode Island,GHCND:US1RIPR0028,2023-08-01T00:00:00,2023,08,108.5,",a,,N"
Rhode Island,GHCND:US1RIPR0033,2023-08-01T00:00:00,2023,08,108.8,",,,N"
Rhode Island,GHCND:US1RIPR0050,2023-08-01T00:00:00,2023,08,115.8,",,,N"
Rhode Island,GHCND:US1RIPR0051,2023-08-01T00:00:00,2023,08,111.1,",,,N"
Rhode Island,GHCND:US1RIPR0055,2023-08-01T00:00:00,2023,08,112.1,",a,,N"
Rhode Island,GHCND:US1RIPR0057,2023-08-01T00:00:00,2023,08,112.4,",a,,N"
Rhode Island,GHCND:US1RIPR0059,2023-08-01T00:00:00,2023,08,113.1,"2,,,N"
Rhode Island,GHCND:US1RIPR0067,2023-08-01T00:00:00,2023,08,106.8,",,,N"
Rhode Island,GHCND:US1RIPR0077,2023-08-01T00:00:00,2023,08,101.1,",a,,N"
Rhode Island,GHCND:US1RIPR0082,2023-08-01T00:00:00,2023,08,79.6,",,,N"
Rhode Island,GHCND:US1RIPR0084,2023-08-01T00:00:00,2023,08,95.5,",a,,N"
Rhode Island,GHCND:US1RIPR0089,2023-08-01T00:00:00,2023,08,128.4,"3,a,,N"
Rhode Island,GHCND:US1RIPR0104,2023-08-01T00:00:00,2023,08,108.3,",,,N"
Rhode Island,GHCND:US1RIPR0106,2023-08-01T00:00:00,2023,08,123.9,",,,N"
Rhode Island,GHCND:US1RIPR0108,2023-08-01T00:00:00,2023,08,129.1,"2,,,N"
Rhode Island,GHCND:US1RIPR0112,2023-08-01T00:00:00,2023,08,100.0,",,,N"
Rhode Island,GHCND:US1RIPR0119,2023-08-01T00:00:00,2023,08,103.5,"2,,,N"
Rhode Island,GHCND:US1RIPR0121,2023-08-01T00:00:00,2023,08,115.8,"2,,,N"
Rhode Island,GHCND:US1RIPR0128,2023-08-01T00:00:00,2023,08,102.7,"4,a,,N"
Rhode Island,GHCND:US1RIPR0131,2023-08-01T00:00:00,2023,08,99.2,"1,a,,N"
Rhode Island,GHCND:US1RIPR0132,2023-08-01T00:00:00,2023,08,115.8,",,,N"
Rhode Island,GHCND:US1RIPR0135,2023-08-01T00:00:00,2023,08,112.6,",a,,N"
Rhode Island,GHCND:US1RIPR0138,2023-08-01T00:00:00,2023,08,102.8,",,,N"
Rhode Island,GHCND:US1RIPR0140,2023-08-01T00:00:00,2023,08,105.0,",,,N"
Rhode Island,GHCND:US1RIWS0030,2023-08-01T00:00:00,2023,08,105.5,"1,,,N"
Rhode Island,GHCND:US1RIWS0031,2023-08-01T00:00:00,2023,08,122.8,",a,,N"
Rhode Island,GHCND:US1RIWS0036,2023-08-01T00:00:00,2023,08,126.4,",,,N"
Rhode Island,GHCND:US1RIWS0037,2023-08-01T00:00:00,2023,08,124.8,",,,N"
Rhode Island,GHCND:US1RIWS0040,2023-08-01T00:00:00,2023,08,118.2,",,,N"
Rhode Island,GHCND:US1RIWS0042,2023-08-01T00:00:00,2023,08,125.2,",,,N"
Rhode Island,GHCND:US1RIWS0047,2023-08-01T00:00:00,2023,08,123.8,",,,N"
Rhode Island,GHCND:US1RIWS0052,2023-08-01T00:00:00,2023,08,153.8,"1,,,N"
Rhode Island,GHCND:US1RIWS0054,2023-08-01T00:00:00,2023,08,117.3,",,,N"
Rhode Island,GHCND:US1RIWS0055,2023-08-01T00:00:00,2023,08,147.3,",a,,N"
Rhode Island,GHCND:US1RIWS0058,2023-08-01T00:00:00,2023,08,115.7,"1,a,,N"
Rhode Island,GHCND:US1RIWS0061,2023-08-01T00:00:00,2023,08,117.7,"1,,,N"
Rhode Island,GHCND:US1RIWS0065,2023-08-01T00:00:00,2023,08,142.6,",,,N"
Rhode Island,GHCND:US1RIWS0067,2023-08-01T00:00:00,2023,08,163.4,"4,a,,N"
Rhode Island,GHCND:US1RIWS0069,2023-08-01T00:00:00,2023,08,104.8,",,,N"
Rhode Island,GHCND:US1RIWS0080,2023-08-01T00:00:00,2023,08,135.2,",,,N"
Rhode Island,GHCND:US1RIWS0081,2023-08-01T00:00:00,2023,08,129.6,",,,N"
Rhode Island,GHCND:US1RIWS0083,2023-08-01T00:00:00,2023,08,135.5,"1,a,,N"
Rhode Island,GHCND:US1RIWS0092,2023-08-01T00:00:00,2023,08,113.7,"1,,,N"
Rhode Island,GHCND:US1RIWS0099,2023-08-01T00:00:00,2023,08,108.1,",,,N"
Rhode Island,GHCND:US1RIWS0105,2023-08-01T00:00:00,2023,08,120.2,"1,,,N"
Rhode Island,GHCND:US1RIWS0106,2023-08-01T00:00:00,2023,08,131.5,",,,N"
Rhode Island,GHCND:US1RIWS0107,2023-08-01T00:00:00,2023,08,116.1,",,,N"
Rhode Island,GHCND:US1RIWS0108,2023-08-01T00:00:00,2023,08,122.5,"2,,,N"
Rhode Island,GHCND:US1RIWS0109,2023-08-01T00:00:00,2023,08,135.9,",,,N"
Rhode Island,GHCND:USC00370897,2023-08-01T00:00:00,2023,08,115.5,",,,7"
Rhode Island,GHCND:USC00371874,2023-08-01T00:00:00,2023,08,95.5,",a,,7"
Rhode Island,GHCND:USC00371875,2023-08-01T00:00:00,2023,08,117.5,",,,7"
Rhode Island,GHCND:USC00374266,2023-08-01T00:00:00,2023,08,106.1,",,,7"
Rhode Island,GHCND:USC00375270,2023-08-01T00:00:00,2023,08,92.7,",,,7"
Rhode Island,GHCND:USC00379423,2023-08-01T00:00:00,2023,08,101.3,",,,7"
Rhode Island,GHCND:USW00014765,2023-08-01T00:00:00,2023,08,107.2,",,,W"
Rhode Island,GHCND:USW00014787,2023-08-01T00:00:00,2023,08,129.3,",,,W"
Rhode Island,GHCND:USW00014794,2023-08-01T00:00:00,2023,08,115.8,",,,W"
Rhode Island,GHCND:USW00054796,2023-08-01T00:00:00,2023,08,100.6,",,,R"
Rhode Island,GHCND:USW00054797,2023-08-01T00:00:00,2023,08,108.4,",,,R"
Rhode Island,GHCND:USW00064710,2023-08-01T00:00:00,2023,08,113.5,",,,W"
Rhode Island,GHCND:US1RIBR0005,2023-09-01T00:00:00,2023,09,137.3,"1,,,N"
Rhode Island,GHCND:US1RIBR0011,2023-09-01T00:00:00,2023,09,144.0,",a,,N"
Rhode Island,GHCND:US1RIBR0012,2023-09-01T00:00:00,2023,09,161.8,",,,N"
Rhode Island,GHCND:US1RIBR0018,2023-09-01T00:00:00,2023,09,157.5,",a,,N"
Rhode Island,GHCND:US1RIKN0002,2023-09-01T00:00:00,2023,09,208.0,",,,N"
Rhode Island,GHCND:US1RIKN0014,2023-09-01T00:00:00,2023,09,272.6,",,,N"
Rhode Island,GHCND:US1RIKN0021,2023-09-01T00:00:00,2023,09,250.9,",,,N"
Rhode Island,GHCND:US1RIKN0023,2023-09-01T00:00:00,2023,09,198.0,",a,,N"
Rhode Island,GHCND:US1RIKN0031,2023-09-01T00:00:00,2023,09,170.0,",a,,N"
Rhode Island,GHCND:US1RIKN0036,2023-09-01T00:00:00,2023,09,175.8,",,,N"
Rhode Island,GHCND:US1RIKN0038,2023-09-01T00:00:00,2023,09,175.1,"1,,,N"
Rhode Island,GHCND:US1RIKN0045,2023-09-01T00:00:00,2023,09,142.6,"2,a,,N"
Rhode Island,GHCND:US1RIKN0051,2023-09-01T00:00:00,2023,09,196.5,",,,N"
Rhode Island,GHCND:US1RIKN0059,2023-09-01T00:00:00,2023,09,214.4,",,,N"
Rhode Island,GHCND:US1RIKN0062,2023-09-01T00:00:00,2023,09,142.5,"3,,,N"
Rhode Island,GHCND:US1RIKN0067,2023-09-01T00:00:00,2023,09,209.3,",,,N"
Rhode Island,GHCND:US1RIKN0068,2023-09-01T00:00:00,2023,09,192.1,"1,,,N"
Rhode Island,GHCND:US1RIKN0076,2023-09-01T00:00:00,2023,09,201.8,",,,N"
Rhode Island,GHCND:US1RIKN0079,2023-09-01T00:00:00,2023,09,164.7,"4,,,N"
Rhode Island,GHCND:US1RINW0004,2023-09-01T00:00:00,2023,09,108.7,",,,N"
Rhode Island,GHCND:US1RINW0005,2023-09-01T00:00:00,2023,09,153.5,",,,N"
Rhode Island,GHCND:US1RINW0007,2023-09-01T00:00:00,2023,09,153.6,",,,N"
Rhode Island,GHCND:US1RINW0016,2023-09-01T00:00:00,2023,09,154.5,",,,N"
Rhode Island,GHCND:US1RINW0017,2023-09-01T00:00:00,2023,09,152.6,"1,,,N"
Rhode Island,GHCND:US1RINW0018,2023-09-01T00:00:00,2023,09,198.7,",,,N"
Rhode Island,GHCND:US1RINW0020,2023-09-01T00:00:00,2023,09,194.2,",,,N"
Rhode Island,GHCND:US1RINW0023,2023-09-01T00:00:00,2023,09,154.3,"2,,,N"
Rhode Island,GHCND:US1RINW0027,2023-09-01T00:00:00,2023,09,187.0,",,,N"
Rhode Island,GHCND:US1RINW0028,2023-09-01T00:00:00,2023,09,172.2,",,,N"
Rhode Island,GHCND:US1RINW0030,2023-09-01T00:00:00,2023,09,168.6,",,,N"
Rhode Island,GHCND:US1RINW0031,2023-09-01T00:00:00,2023,09,154.2,"1,,,N"
Rhode Island,GHCND:US1RINW0032,2023-09-01T00:00:00,2023,09,127.9,",,,N"
Rhode Island,GHCND:US1RINW0035,2023-09-01T00:00:00,2023,09,166.7,"1,,,N"
Rhode Island,GHCND:US1RINW0036,2023-09-01T00:00:00,2023,09,160.6,",,,N"
Rhode Island,GHCND:US1RIPR0028,2023-09-01T00:00:00,2023,09,363.2,",a,,N"
Rhode Island,GHCND:US1RIPR0033,2023-09-01T00:00:00,2023,09,344.9,",,,N"
Rhode Island,GHCND:US1RIPR0050,2023-09-01T00:00:00,2023,09,306.0,",,,N"
Rhode Island,GHCND:US1RIPR0051,2023-09-01T00:00:00,2023,09,354.6,",,,N"
Rhode Island,GHCND:US1RIPR0055,2023-09-01T00:00:00,2023,09,228.6,"4,,,N"
Rhode Island,GHCND:US1RIPR0057,2023-09-01T00:00:00,2023,09,264.2,"3,,,N"
Rhode Island,GHCND:US1RIPR0059,2023-09-01T00:00:00,2023,09,324.5,"2,,,N"
Rhode Island,GHCND:US1RIPR0067,2023-09-01T00:00:00,2023,09,227.1,",,,N"
Rhode Island,GHCND:US1RIPR0071,2023-09-01T00:00:00,2023,09,262.3,"1,,,N"
Rhode Island,GHCND:US1RIPR0077,2023-09-01T00:00:00,2023,09,145.8,",a,,N"
Rhode Island,GHCND:US1RIPR0082,2023-09-01T00:00:00,2023,09,247.4,",,,N"
Rhode Island,GHCND:US1RIPR0084,2023-09-01T00:00:00,2023,09,263.0,",,,N"
Rhode Island,GHCND:US1RIPR0089,2023-09-01T00:00:00,2023,09,303.0,"1,,,N"
Rhode Island,GHCND:US1RIPR0104,2023-09-01T00:00:00,2023,09,249.2,",,,N"
Rhode Island,GHCND:US1RIPR0108,2023-09-01T00:00:00,2023,09,200.2,",,,N"
Rhode Island,GHCND:US1RIPR0111,2023-09-01T00:00:00,2023,09,244.5,"2,,,N"
Rhode Island,GHCND:US1RIPR0112,2023-09-01T00:00:00,2023,09,236.0,"1,,,N"
Rhode Island,GHCND:US1RIPR0119,2023-09-01T00:00:00,2023,09,228.8,"1,,,N"
Rhode Island,GHCND:US1RIPR0121,2023-09-01T00:00:00,2023,09,271.2,"1,,,N"
Rhode Island,GHCND:US1RIPR0130,2023-09-01T00:00:00,2023,09,310.0,",,,N"
Rhode Island,GHCND:US1RIPR0131,2023-09-01T00:00:00,2023,09,338.6,",,,N"
Rhode Island,GHCND:US1RIPR0135,2023-09-01T00:00:00,2023,09,244.9,"2,a,,N"
Rhode Island,GHCND:US1RIPR0136,2023-09-01T00:00:00,2023,09,288.7,"4,a,,N"
Rhode Island,GHCND:US1RIPR0138,2023-09-01T00:00:00,2023,09,231.5,",,,N"
Rhode Island,GHCND:US1RIPR0140,2023-09-01T00:00:00,2023,09,223.7,",,,N"
Rhode Island,GHCND:US1RIPR0143,2023-09-01T00:00:00,2023,09,204.8,"2,,,N"
Rhode Island,GHCND:US1RIWS0030,2023-09-01T00:00:00,2023,09,160.0,",,,N"
Rhode Island,GHCND:US1RIWS0031,2023-09-01T00:00:00,2023,09,159.9,",a,,N"
Rhode Island,GHCND:US1RIWS0036,2023-09-01T00:00:00,2023,09,141.2,",,,N"
Rhode Island,GHCND:US1RIWS0037,2023-09-01T00:00:00,2023,09,132.9,",,,N"
Rhode Island,GHCND:US1RIWS0040,2023-09-01T00:00:00,2023,09,174.9,",,,N"
Rhode Island,GHCND:US1RIWS0042,2023-09-01T00:00:00,2023,09,148.3,",,,N"
Rhode Island,GHCND:US1RIWS0045,2023-09-01T00:00:00,2023,09,169.5,",,,N"
Rhode Island,GHCND:US1RIWS0047,2023-09-01T00:00:00,2023,09,149.4,",,,N"
Rhode Island,GHCND:US1RIWS0051,2023-09-01T00:00:00,2023,09,157.7,",,,N"
Rhode Island,GHCND:US1RIWS0052,2023-09-01T00:00:00,2023,09,177.8,"1,a,,N"
Rhode Island,GHCND:US1RIWS0054,2023-09-01T00:00:00,2023,09,180.2,",,,N"
Rhode Island,GHCND:US1RIWS0058,2023-09-01T00:00:00,2023,09,158.9,"1,,,N"
Rhode Island,GHCND:US1RIWS0061,2023-09-01T00:00:00,2023,09,126.4,"5,,,N"
Rhode Island,GHCND:US1RIWS0065,2023-09-01T00:00:00,2023,09,113.9,"1,,,N"
Rhode Island,GHCND:US1RIWS0069,2023-09-01T00:00:00,2023,09,176.8,",,,N"
Rhode Island,GHCND:US1RIWS0071,2023-09-01T00:00:00,2023,09,146.4,"2,a,,N"
Rhode Island,GHCND:US1RIWS0077,2023-09-01T00:00:00,2023,09,157.3,",a,,N"
Rhode Island,GHCND:US1RIWS0080,2023-09-01T00:00:00,2023,09,140.9,"1,,,N"
Rhode Island,GHCND:US1RIWS0081,2023-09-01T00:00:00,2023,09,154.6,",,,N"
Rhode Island,GHCND:US1RIWS0083,2023-09-01T00:00:00,2023,09,147.0,",,,N"
Rhode Island,GHCND:US1RIWS0092,2023-09-01T00:00:00,2023,09,119.3,"1,a,,N"
Rhode Island,GHCND:US1RIWS0097,2023-09-01T00:00:00,2023,09,169.4,",a,,N"
Rhode Island,GHCND:US1RIWS0099,2023-09-01T00:00:00,2023,09,150.1,",a,,N"
Rhode Island,GHCND:US1RIWS0100,2023-09-01T00:00:00,2023,09,72.0,"2,,,N"
Rhode Island,GHCND:US1RIWS0105,2023-09-01T00:00:00,2023,09,136.1,"3,,,N"
Rhode Island,GHCND:US1RIWS0106,2023-09-01T00:00:00,2023,09,158.5,",a,,N"
Rhode Island,GHCND:US1RIWS0108,2023-09-01T00:00:00,2023,09,141.9,"5,,,N"
Rhode Island,GHCND:US1RIWS0109,2023-09-01T00:00:00,2023,09,139.2,",,,N"
Rhode Island,GHCND:US1RIWS0110,2023-09-01T00:00:00,2023,09,144.5,"4,,,N"
Rhode Island,GHCND:USC00370897,2023-09-01T00:00:00,2023,09,179.3,",,,7"
Rhode Island,GHCND:USC00371874,2023-09-01T00:00:00,2023,09,155.6,"1,a,,7"
Rhode Island,GHCND:USC00374266,2023-09-01T00:00:00,2023,09,167.4,",,,7"
Rhode Island,GHCND:USC00375270,2023-09-01T00:00:00,2023,09,283.6,",,,7"
Rhode Island,GHCND:USC00379423,2023-09-01T00:00:00,2023,09,297.6,",,,7"
Rhode Island,GHCND:USW00014765,2023-09-01T00:00:00,2023,09,173.2,",,,W"
Rhode Island,GHCND:USW00014787,2023-09-01T00:00:00,2023,09,142.6,",,,W"
Rhode Island,GHCND:USW00014794,2023-09-01T00:00:00,2023,09,131.9,",,,W"
Rhode Island,GHCND:USW00054796,2023-09-01T00:00:00,2023,09,158.4,",,,R"
Rhode Island,GHCND:USW00054797,2023-09-01T00:00:00,2023,09,162.1,",,,R"
Rhode Island,GHCND:USW00064710,2023-09-01T00:00:00,2023,09,297.3,",,,W"
Rhode Island,GHCND:US1RIBR0005,2023-10-01T00:00:00,2023,10,80.0,"1,,,N"
Rhode Island,GHCND:US1RIBR0011,2023-10-01T00:00:00,2023,10,97.6,",,,N"
Rhode Island,GHCND:US1RIBR0012,2023-10-01T00:00:00,2023,10,88.9,",,,N"
Rhode Island,GHCND:US1RIKN0002,2023-10-01T00:00:00,2023,10,87.3,",,,N"
Rhode Island,GHCND:US1RIKN0014,2023-10-01T00:00:00,2023,10,103.0,",,,N"
Rhode Island,GHCND:US1RIKN0021,2023-10-01T00:00:00,2023,10,95.1,",,,N"
Rhode Island,GHCND:US1RIKN0023,2023-10-01T00:00:00,2023,10,74.3,",,,N"
Rhode Island,GHCND:US1RIKN0030,2023-10-01T00:00:00,2023,10,86.8,",a,,N"
Rhode Island,GHCND:US1RIKN0031,2023-10-01T00:00:00,2023,10,74.7,",a,,N"
Rhode Island,GHCND:US1RIKN0036,2023-10-01T00:00:00,2023,10,73.5,",,,N"
Rhode Island,GHCND:US1RIKN0037,2023-10-01T00:00:00,2023,10,82.5,",,,N"
Rhode Island,GHCND:US1RIKN0038,2023-10-01T00:00:00,2023,10,74.9,",,,N"
Rhode Island,GHCND:US1RIKN0045,2023-10-01T00:00:00,2023,10,84.1,"2,a,,N"
Rhode Island,GHCND:US1RIKN0051,2023-10-01T00:00:00,2023,10,85.4,",a,,N"
Rhode Island,GHCND:US1RIKN0059,2023-10-01T00:00:00,2023,10,91.3,",,,N"
Rhode Island,GHCND:US1RIKN0062,2023-10-01T00:00:00,2023,10,66.1,"4,,,N"
Rhode Island,GHCND:US1RIKN0065,2023-10-01T00:00:00,2023,10,71.6,",,,N"
Rhode Island,GHCND:US1RIKN0067,2023-10-01T00:00:00,2023,10,92.0,",,,N"
Rhode Island,GHCND:US1RIKN0068,2023-10-01T00:00:00,2023,10,100.6,"2,,,N"
Rhode Island,GHCND:US1RIKN0076,2023-10-01T00:00:00,2023,10,85.4,",,,N"
Rhode Island,GHCND:US1RIKN0080,2023-10-01T00:00:00,2023,10,96.4,"3,,,N"
Rhode Island,GHCND:US1RINW0004,2023-10-01T00:00:00,2023,10,84.3,",,,N"
Rhode Island,GHCND:US1RINW0005,2023-10-01T00:00:00,2023,10,84.7,"2,,,N"
Rhode Island,GHCND:US1RINW0007,2023-10-01T00:00:00,2023,10,105.8,",,,N"
Rhode Island,GHCND:US1RINW0016,2023-10-01T00:00:00,2023,10,124.9,",,,N"
Rhode Island,GHCND:US1RINW0017,2023-10-01T00:00:00,2023,10,106.6,",,,N"
Rhode Island,GHCND:US1RINW0018,2023-10-01T00:00:00,2023,10,103.8,",,,N"
Rhode Island,GHCND:US1RINW0020,2023-10-01T00:00:00,2023,10,106.1,",,,N"
Rhode Island,GHCND:US1RINW0027,2023-10-01T00:00:00,2023,10,97.6,",,,N"
Rhode Island,GHCND:US1RINW0028,2023-10-01T00:00:00,2023,10,101.5,",,,N"
Rhode Island,GHCND:US1RINW0030,2023-10-01T00:00:00,2023,10,110.1,",,,N"
Rhode Island,GHCND:US1RINW0031,2023-10-01T00:00:00,2023,10,90.9,"2,,,N"
Rhode Island,GHCND:US1RINW0032,2023-10-01T00:00:00,2023,10,94.0,",,,N"
Rhode Island,GHCND:US1RINW0035,2023-10-01T00:00:00,2023,10,83.2,"3,a,,N"
Rhode Island,GHCND:US1RINW0036,2023-10-01T00:00:00,2023,10,105.8,"4,,,N"
Rhode Island,GHCND:US1RIPR0028,2023-10-01T00:00:00,2023,10,85.8,",a,,N"
Rhode Island,GHCND:US1RIPR0033,2023-10-01T00:00:00,2023,10,86.3,",,,N"
Rhode Island,GHCND:US1RIPR0050,2023-10-01T00:00:00,2023,10,95.1,",,,N"
Rhode Island,GHCND:US1RIPR0051,2023-10-01T00:00:00,2023,10,80.4,",,,N"
Rhode Island,GHCND:US1RIPR0057,2023-10-01T00:00:00,2023,10,75.2,"1,,,N"
Rhode Island,GHCND:US1RIPR0059,2023-10-01T00:00:00,2023,10,77.1,",,,N"
Rhode Island,GHCND:US1RIPR0067,2023-10-01T00:00:00,2023,10,67.4,",,,N"
Rhode Island,GHCND:US1RIPR0071,2023-10-01T00:00:00,2023,10,88.1,",,,N"
Rhode Island,GHCND:US1RIPR0081,2023-10-01T00:00:00,2023,10,81.9,"5,,,N"
Rhode Island,GHCND:US1RIPR0082,2023-10-01T00:00:00,2023,10,75.9,",,,N"
Rhode Island,GHCND:US1RIPR0084,2023-10-01T00:00:00,2023,10,76.8,",,,N"
Rhode Island,GHCND:US1RIPR0089,2023-10-01T00:00:00,2023,10,78.1,",,,N"
Rhode Island,GHCND:US1RIPR0104,2023-10-01T00:00:00,2023,10,82.5,",,,N"
Rhode Island,GHCND:US1RIPR0106,2023-10-01T00:00:00,2023,10,66.3,"1,,,N"
Rhode Island,GHCND:US1RIPR0108,2023-10-01T00:00:00,2023,10,83.9,",,,N"
Rhode Island,GHCND:US1RIPR0111,2023-10-01T00:00:00,2023,10,80.2,"1,,,N"
Rhode Island,GHCND:US1RIPR0112,2023-10-01T00:00:00,2023,10,87.6,",,,N"
Rhode Island,GHCND:US1RIPR0119,2023-10-01T00:00:00,2023,10,78.2,",,,N"
Rhode Island,GHCND:US1RIPR0121,2023-10-01T00:00:00,2023,10,85.1,"1,,,N"
Rhode Island,GHCND:US1RIPR0130,2023-10-01T00:00:00,2023,10,94.6,",,,N"
Rhode Island,GHCND:US1RIPR0131,2023-10-01T00:00:00,2023,10,87.6,",,,N"
Rhode Island,GHCND:US1RIPR0135,2023-10-01T00:00:00,2023,10,82.1,"1,,,N"
Rhode Island,GHCND:US1RIPR0138,2023-10-01T00:00:00,2023,10,73.4,",,,N"
Rhode Island,GHCND:US1RIPR0140,2023-10-01T00:00:00,2023,10,101.9,",,,N"
Rhode Island,GHCND:US1RIPR0143,2023-10-01T00:00:00,2023,10,76.8,",a,,N"
Rhode Island,GHCND:US1RIWS0030,2023-10-01T00:00:00,2023,10,130.5,",,,N"
Rhode Island,GHCND:US1RIWS0031,2023-10-01T00:00:00,2023,10,100.1,",,,N"
Rhode Island,GHCND:US1RIWS0036,2023-10-01T00:00:00,2023,10,107.6,",,,N"
Rhode Island,GHCND:US1RIWS0037,2023-10-01T00:00:00,2023,10,128.1,",,,N"
Rhode Island,GHCND:US1RIWS0040,2023-10-01T00:00:00,2023,10,91.9,",,,N"
Rhode Island,GHCND:US1RIWS0042,2023-10-01T00:00:00,2023,10,99.0,",,,N"
Rhode Island,GHCND:US1RIWS0045,2023-10-01T00:00:00,2023,10,102.0,",,,N"
Rhode Island,GHCND:US1RIWS0047,2023-10-01T00:00:00,2023,10,105.0,"3,,,N"
Rhode Island,GHCND:US1RIWS0051,2023-10-01T00:00:00,2023,10,95.5,"3,,,N"
Rhode Island,GHCND:US1RIWS0054,2023-10-01T00:00:00,2023,10,99.8,",,,N"
Rhode Island,GHCND:US1RIWS0055,2023-10-01T00:00:00,2023,10,110.8,",,,N"
Rhode Island,GHCND:US1RIWS0058,2023-10-01T00:00:00,2023,10,116.5,"2,,,N"
Rhode Island,GHCND:US1RIWS0061,2023-10-01T00:00:00,2023,10,97.9,"1,,,N"
Rhode Island,GHCND:US1RIWS0065,2023-10-01T00:00:00,2023,10,114.0,",,,N"
Rhode Island,GHCND:US1RIWS0069,2023-10-01T00:00:00,2023,10,73.8,"1,,,N"
Rhode Island,GHCND:US1RIWS0070,2023-10-01T00:00:00,2023,10,100.6,"1,a,,N"
Rhode Island,GHCND:US1RIWS0071,2023-10-01T00:00:00,2023,10,116.7,",,,N"
Rhode Island,GHCND:US1RIWS0077,2023-10-01T00:00:00,2023,10,116.5,",a,,N"
Rhode Island,GHCND:US1RIWS0080,2023-10-01T00:00:00,2023,10,107.0,",,,N"
Rhode Island,GHCND:US1RIWS0081,2023-10-01T00:00:00,2023,10,115.2,",,,N"
Rhode Island,GHCND:US1RIWS0083,2023-10-01T00:00:00,2023,10,111.9,",a,,N"
Rhode Island,GHCND:US1RIWS0092,2023-10-01T00:00:00,2023,10,95.0,",a,,N"
Rhode Island,GHCND:US1RIWS0097,2023-10-01T00:00:00,2023,10,88.9,",a,,N"
Rhode Island,GHCND:US1RIWS0099,2023-10-01T00:00:00,2023,10,95.2,",a,,N"
Rhode Island,GHCND:US1RIWS0100,2023-10-01T00:00:00,2023,10,97.3,",a,,N"
Rhode Island,GHCND:US1RIWS0101,2023-10-01T00:00:00,2023,10,85.2,"1,,,N"
Rhode Island,GHCND:US1RIWS0105,2023-10-01T00:00:00,2023,10,100.7,"3,a,,N"
Rhode Island,GHCND:US1RIWS0107,2023-10-01T00:00:00,2023,10,100.8,",,,N"
Rhode Island,GHCND:US1RIWS0108,2023-10-01T00:00:00,2023,10,97.0,"3,,,N"
Rhode Island,GHCND:US1RIWS0110,2023-10-01T00:00:00,2023,10,93.2,",a,,N"
Rhode Island,GHCND:USC00370897,2023-10-01T00:00:00,2023,10,40.0,",,,7"
Rhode Island,GHCND:USC00371874,2023-10-01T00:00:00,2023,10,85.3,"2,a,,7"
Rhode Island,GHCND:USC00374266,2023-10-01T00:00:00,2023,10,106.9,",,,7"
Rhode Island,GHCND:USC00375270,2023-10-01T00:00:00,2023,10,81.2,",,,7"
Rhode Island,GHCND:USC00379423,2023-10-01T00:00:00,2023,10,90.1,",,,7"
Rhode Island,GHCND:USW00014765,2023-10-01T00:00:00,2023,10,66.4,",,,W"
Rhode Island,GHCND:USW00014787,2023-10-01T00:00:00,2023,10,101.8,",,,W"
Rhode Island,GHCND:USW00014794,2023-10-01T00:00:00,2023,10,73.4,"1,,,W"
Rhode Island,GHCND:USW00054796,2023-10-01T00:00:00,2023,10,104.7,",,,R"
Rhode Island,GHCND:USW00054797,2023-10-01T00:00:00,2023,10,104.6,",,,R"
Rhode Island,GHCND:USW00064710,2023-10-01T00:00:00,2023,10,81.9,",,,W"
Rhode Island,GHCND:US1RIBR0005,2023-11-01T00:00:00,2023,11,55.8,",,,N"
Rhode Island,GHCND:US1RIBR0011,2023-11-01T00:00:00,2023,11,53.3,",,,N"
Rhode Island,GHCND:US1RIBR0012,2023-11-01T00:00:00,2023,11,43.4,"1,,,N"
Rhode Island,GHCND:US1RIBR0018,2023-11-01T00:00:00,2023,11,53.4,",a,,N"
Rhode Island,GHCND:US1RIKN0002,2023-11-01T00:00:00,2023,11,65.7,",,,N"
Rhode Island,GHCND:US1RIKN0014,2023-11-01T00:00:00,2023,11,66.2,",,,N"
Rhode Island,GHCND:US1RIKN0021,2023-11-01T00:00:00,2023,11,68.9,"1,,,N"
Rhode Island,GHCND:US1RIKN0023,2023-11-01T00:00:00,2023,11,61.3,",,,N"
Rhode Island,GHCND:US1RIKN0031,2023-11-01T00:00:00,2023,11,54.6,",a,,N"
Rhode Island,GHCND:US1RIKN0036,2023-11-01T00:00:00,2023,11,70.6,",,,N"
Rhode Island,GHCND:US1RIKN0037,2023-11-01T00:00:00,2023,11,67.4,"1,,,N"
Rhode Island,GHCND:US1RIKN0038,2023-11-01T00:00:00,2023,11,68.9,",,,N"
Rhode Island,GHCND:US1RIKN0045,2023-11-01T00:00:00,2023,11,79.3,",a,,N"
Rhode Island,GHCND:US1RIKN0051,2023-11-01T00:00:00,2023,11,65.8,",,,N"
Rhode Island,GHCND:US1RIKN0059,2023-11-01T00:00:00,2023,11,77.0,",,,N"
Rhode Island,GHCND:US1RIKN0062,2023-11-01T00:00:00,2023,11,62.7,"2,,,N"
Rhode Island,GHCND:US1RIKN0065,2023-11-01T00:00:00,2023,11,66.0,",,,N"
Rhode Island,GHCND:US1RIKN0067,2023-11-01T00:00:00,2023,11,73.2,",,,N"
Rhode Island,GHCND:US1RIKN0068,2023-11-01T00:00:00,2023,11,84.6,"3,,,N"
Rhode Island,GHCND:US1RIKN0076,2023-11-01T00:00:00,2023,11,60.0,",,,N"
Rhode Island,GHCND:US1RINW0004,2023-11-01T00:00:00,2023,11,36.1,",,,N"
Rhode Island,GHCND:US1RINW0005,2023-11-01T00:00:00,2023,11,49.9,"1,a,,N"
Rhode Island,GHCND:US1RINW0007,2023-11-01T00:00:00,2023,11,43.5,",,,N"
Rhode Island,GHCND:US1RINW0016,2023-11-01T00:00:00,2023,11,42.4,",,,N"
Rhode Island,GHCND:US1RINW0017,2023-11-01T00:00:00,2023,11,53.9,",,,N"
Rhode Island,GHCND:US1RINW0018,2023-11-01T00:00:00,2023,11,45.5,",,,N"
Rhode Island,GHCND:US1RINW0020,2023-11-01T00:00:00,2023,11,58.0,",,,N"
Rhode Island,GHCND:US1RINW0023,2023-11-01T00:00:00,2023,11,53.1,"2,,,N"
Rhode Island,GHCND:US1RINW0027,2023-11-01T00:00:00,2023,11,47.7,",,,N"
Rhode Island,GHCND:US1RINW0028,2023-11-01T00:00:00,2023,11,47.0,",,,N"
Rhode Island,GHCND:US1RINW0030,2023-11-01T00:00:00,2023,11,52.7,",,,N"
Rhode Island,GHCND:US1RINW0031,2023-11-01T00:00:00,2023,11,41.1,",a,,N"
Rhode Island,GHCND:US1RINW0032,2023-11-01T00:00:00,2023,11,41.6,",,,N"
Rhode Island,GHCND:US1RINW0035,2023-11-01T00:00:00,2023,11,49.6,",,,N"
Rhode Island,GHCND:US1RINW0036,2023-11-01T00:00:00,2023,11,25.6,"5,,,N"
Rhode Island,GHCND:US1RIPR0028,2023-11-01T00:00:00,2023,11,68.5,",a,,N"
Rhode Island,GHCND:US1RIPR0033,2023-11-01T00:00:00,2023,11,66.0,",,,N"
Rhode Island,GHCND:US1RIPR0050,2023-11-01T00:00:00,2023,11,63.0,",,,N"
Rhode Island,GHCND:US1RIPR0051,2023-11-01T00:00:00,2023,11,72.0,",,,N"
Rhode Island,GHCND:US1RIPR0057,2023-11-01T00:00:00,2023,11,83.5,",,,N"
Rhode Island,GHCND:US1RIPR0059,2023-11-01T00:00:00,2023,11,80.1,"1,,,N"
Rhode Island,GHCND:US1RIPR0067,2023-11-01T00:00:00,2023,11,41.2,",,,N"
Rhode Island,GHCND:US1RIPR0071,2023-11-01T00:00:00,2023,11,79.4,",,,N"
Rhode Island,GHCND:US1RIPR0077,2023-11-01T00:00:00,2023,11,50.0,"3,a,,N"
Rhode Island,GHCND:US1RIPR0081,2023-11-01T00:00:00,2023,11,64.1,"4,,,N"
Rhode Island,GHCND:US1RIPR0082,2023-11-01T00:00:00,2023,11,73.1,",,,N"
Rhode Island,GHCND:US1RIPR0084,2023-11-01T00:00:00,2023,11,74.4,",,,N"
Rhode Island,GHCND:US1RIPR0089,2023-11-01T00:00:00,2023,11,73.9,",,,N"
Rhode Island,GHCND:US1RIPR0104,2023-11-01T00:00:00,2023,11,73.0,",,,N"
Rhode Island,GHCND:US1RIPR0106,2023-11-01T00:00:00,2023,11,64.0,"1,,,N"
Rhode Island,GHCND:US1RIPR0108,2023-11-01T00:00:00,2023,11,64.5,"1,,,N"
Rhode Island,GHCND:US1RIPR0111,2023-11-01T00:00:00,2023,11,62.0,"5,,,N"
Rhode Island,GHCND:US1RIPR0112,2023-11-01T00:00:00,2023,11,81.2,",,,N"
Rhode Island,GHCND:US1RIPR0119,2023-11-01T00:00:00,2023,11,66.5,",,,N"
Rhode Island,GHCND:US1RIPR0121,2023-11-01T00:00:00,2023,11,63.0,"1,,,N"
Rhode Island,GHCND:US1RIPR0128,2023-11-01T00:00:00,2023,11,62.3,"5,a,,N"
Rhode Island,GHCND:US1RIPR0130,2023-11-01T00:00:00,2023,11,63.7,",,,N"
Rhode Island,GHCND:US1RIPR0131,2023-11-01T00:00:00,2023,11,70.2,"1,,,N"
Rhode Island,GHCND:US1RIPR0132,2023-11-01T00:00:00,2023,11,66.8,",a,,N"
Rhode Island,GHCND:US1RIPR0135,2023-11-01T00:00:00,2023,11,60.2,",,,N"
Rhode Island,GHCND:US1RIPR0138,2023-11-01T00:00:00,2023,11,68.4,",,,N"
Rhode Island,GHCND:US1RIPR0140,2023-11-01T00:00:00,2023,11,68.4,",,,N"
Rhode Island,GHCND:US1RIWS0030,2023-11-01T00:00:00,2023,11,67.6,",,,N"
Rhode Island,GHCND:US1RIWS0031,2023-11-01T00:00:00,2023,11,80.7,",,,N"
Rhode Island,GHCND:US1RIWS0036,2023-11-01T00:00:00,2023,11,47.1,",,,N"
Rhode Island,GHCND:US1RIWS0037,2023-11-01T00:00:00,2023,11,43.8,"2,,,N"
Rhode Island,GHCND:US1RIWS0040,2023-11-01T00:00:00,2023,11,88.1,",,,N"
Rhode Island,GHCND:US1RIWS0042,2023-11-01T00:00:00,2023,11,79.9,",,,N"
Rhode Island,GHCND:US1RIWS0045,2023-11-01T00:00:00,2023,11,54.6,"1,a,,N"
Rhode Island,GHCND:US1RIWS0047,2023-11-01T00:00:00,2023,11,63.6,",,,N"
Rhode Island,GHCND:US1RIWS0051,2023-11-01T00:00:00,2023,11,68.3,",a,,N"
Rhode Island,GHCND:US1RIWS0054,2023-11-01T00:00:00,2023,11,75.7,",,,N"
Rhode Island,GHCND:US1RIWS0055,2023-11-01T00:00:00,2023,11,58.4,",a,,N"
Rhode Island,GHCND:US1RIWS0058,2023-11-01T00:00:00,2023,11,54.1,",,,N"
Rhode Island,GHCND:US1RIWS0065,2023-11-01T00:00:00,2023,11,58.8,",,,N"
Rhode Island,GHCND:US1RIWS0069,2023-11-01T00:00:00,2023,11,71.4,",,,N"
Rhode Island,GHCND:US1RIWS0071,2023-11-01T00:00:00,2023,11,52.0,"3,,,N"
Rhode Island,GHCND:US1RIWS0077,2023-11-01T00:00:00,2023,11,59.2,",,,N"
Rhode Island,GHCND:US1RIWS0080,2023-11-01T00:00:00,2023,11,52.9,"1,,,N"
Rhode Island,GHCND:US1RIWS0081,2023-11-01T00:00:00,2023,11,50.8,",,,N"
Rhode Island,GHCND:US1RIWS0083,2023-11-01T00:00:00,2023,11,55.4,"1,,,N"
Rhode Island,GHCND:US1RIWS0092,2023-11-01T00:00:00,2023,11,37.7,",a,,N"
Rhode Island,GHCND:US1RIWS0097,2023-11-01T00:00:00,2023,11,64.9,",a,,N"
Rhode Island,GHCND:US1RIWS0099,2023-11-01T00:00:00,2023,11,81.8,",,,N"
Rhode Island,GHCND:US1RIWS0100,2023-11-01T00:00:00,2023,11,72.4,",,,N"
Rhode Island,GHCND:US1RIWS0105,2023-11-01T00:00:00,2023,11,50.4,"4,,,N"
Rhode Island,GHCND:US1RIWS0106,2023-11-01T00:00:00,2023,11,52.5,",,,N"
Rhode Island,GHCND:US1RIWS0107,2023-11-01T00:00:00,2023,11,46.6,",,,N"
Rhode Island,GHCND:US1RIWS0108,2023-11-01T00:00:00,2023,11,54.7,"3,,,N"
Rhode Island,GHCND:US1RIWS0110,2023-11-01T00:00:00,2023,11,59.5,",a,,N"
Rhode Island,GHCND:US1RIWS0111,2023-11-01T00:00:00,2023,11,74.0,",,,N"
Rhode Island,GHCND:USC00370897,2023-11-01T00:00:00,2023,11,36.2,",,,7"
Rhode Island,GHCND:USC00374266,2023-11-01T00:00:00,2023,11,71.1,",,,7"
Rhode Island,GHCND:USC00375270,2023-11-01T00:00:00,2023,11,61.6,",,,7"
Rhode Island,GHCND:USC00379423,2023-11-01T00:00:00,2023,11,55.5,",,,7"
Rhode Island,GHCND:USW00014765,2023-11-01T00:00:00,2023,11,73.3,",,,W"
Rhode Island,GHCND:USW00014787,2023-11-01T00:00:00,2023,11,46.4,"1,,,W"
Rhode Island,GHCND:USW00014794,2023-11-01T00:00:00,2023,11,33.4,",,,W"
Rhode Island,GHCND:USW00054796,2023-11-01T00:00:00,2023,11,67.0,",,,R"
Rhode Island,GHCND:USW00054797,2023-11-01T00:00:00,2023,11,67.9,",,,R"
Rhode Island,GHCND:USW00064710,2023-11-01T00:00:00,2023,11,66.6,",,,W"
Rhode Island,GHCND:US1RIBR0005,2023-12-01T00:00:00,2023,12,149.7,",,,N"
Rhode Island,GHCND:US1RIBR0011,2023-12-01T00:00:00,2023,12,130.0,",a,,N"
Rhode Island,GHCND:US1RIBR0012,2023-12-01T00:00:00,2023,12,106.8,"5,,,N"
Rhode Island,GHCND:US1RIBR0018,2023-12-01T00:00:00,2023,12,169.6,"2,a,,N"
Rhode Island,GHCND:US1RIKN0002,2023-12-01T00:00:00,2023,12,174.7,",,,N"
Rhode Island,GHCND:US1RIKN0014,2023-12-01T00:00:00,2023,12,269.9,",,,N"
Rhode Island,GHCND:US1RIKN0021,2023-12-01T00:00:00,2023,12,194.0,"1,,,N"
Rhode Island,GHCND:US1RIKN0023,2023-12-01T00:00:00,2023,12,162.4,",,,N"
Rhode Island,GHCND:US1RIKN0030,2023-12-01T00:00:00,2023,12,183.5,"1,a,,N"
Rhode Island,GHCND:US1RIKN0031,2023-12-01T00:00:00,2023,12,157.5,",a,,N"
Rhode Island,GHCND:US1RIKN0036,2023-12-01T00:00:00,2023,12,237.6,"1,,,N"
Rhode Island,GHCND:US1RIKN0037,2023-12-01T00:00:00,2023,12,182.2,",,,N"
Rhode Island,GHCND:US1RIKN0038,2023-12-01T00:00:00,2023,12,174.5,",,,N"
Rhode Island,GHCND:US1RIKN0045,2023-12-01T00:00:00,2023,12,193.3,",a,,N"
Rhode Island,GHCND:US1RIKN0051,2023-12-01T00:00:00,2023,12,251.3,",,,N"
Rhode Island,GHCND:US1RIKN0059,2023-12-01T00:00:00,2023,12,242.6,",,,N"
Rhode Island,GHCND:US1RIKN0062,2023-12-01T00:00:00,2023,12,160.6,"3,,,N"
Rhode Island,GHCND:US1RIKN0065,2023-12-01T00:00:00,2023,12,173.7,",,,N"
Rhode Island,GHCND:US1RIKN0068,2023-12-01T00:00:00,2023,12,232.8,"3,,,N"
Rhode Island,GHCND:US1RIKN0071,2023-12-01T00:00:00,2023,12,225.4,"4,,,N"
Rhode Island,GHCND:US1RIKN0076,2023-12-01T00:00:00,2023,12,213.4,"1,a,,N"
Rhode Island,GHCND:US1RIKN0079,2023-12-01T00:00:00,2023,12,183.4,",a,,N"
Rhode Island,GHCND:US1RINW0004,2023-12-01T00:00:00,2023,12,117.4,",,,N"
Rhode Island,GHCND:US1RINW0005,2023-12-01T00:00:00,2023,12,121.0,",,,N"
Rhode Island,GHCND:US1RINW0007,2023-12-01T00:00:00,2023,12,116.1,",,,N"
Rhode Island,GHCND:US1RINW0016,2023-12-01T00:00:00,2023,12,138.3,",,,N"
Rhode Island,GHCND:US1RINW0017,2023-12-01T00:00:00,2023,12,130.6,",,,N"
Rhode Island,GHCND:US1RINW0018,2023-12-01T00:00:00,2023,12,115.1,",,,N"
Rhode Island,GHCND:US1RINW0020,2023-12-01T00:00:00,2023,12,150.0,",,,N"
Rhode Island,GHCND:US1RINW0027,2023-12-01T00:00:00,2023,12,116.1,",,,N"
Rhode Island,GHCND:US1RINW0028,2023-12-01T00:00:00,2023,12,123.9,",,,N"
Rhode Island,GHCND:US1RINW0030,2023-12-01T00:00:00,2023,12,134.5,",,,N"
Rhode Island,GHCND:US1RINW0031,2023-12-01T00:00:00,2023,12,86.5,"3,a,,N"
Rhode Island,GHCND:US1RINW0032,2023-12-01T00:00:00,2023,12,137.5,",,,N"
Rhode Island,GHCND:US1RINW0035,2023-12-01T00:00:00,2023,12,127.6,",a,,N"
Rhode Island,GHCND:US1RIPR0028,2023-12-01T00:00:00,2023,12,261.7,",a,,N"
Rhode Island,GHCND:US1RIPR0033,2023-12-01T00:00:00,2023,12,285.0,",,,N"
Rhode Island,GHCND:US1RIPR0050,2023-12-01T00:00:00,2023,12,258.5,",,,N"
Rhode Island,GHCND:US1RIPR0051,2023-12-01T00:00:00,2023,12,272.8,",,,N"
Rhode Island,GHCND:US1RIPR0055,2023-12-01T00:00:00,2023,12,248.3,",a,,N"
Rhode Island,GHCND:US1RIPR0057,2023-12-01T00:00:00,2023,12,249.7,"1,,,N"
Rhode Island,GHCND:US1RIPR0067,2023-12-01T00:00:00,2023,12,182.3,",,,N"
Rhode Island,GHCND:US1RIPR0071,2023-12-01T00:00:00,2023,12,199.5,",,,N"
Rhode Island,GHCND:US1RIPR0077,2023-12-01T00:00:00,2023,12,161.3,"3,a,,N"
Rhode Island,GHCND:US1RIPR0081,2023-12-01T00:00:00,2023,12,269.7,"4,,,N"
Rhode Island,GHCND:US1RIPR0082,2023-12-01T00:00:00,2023,12,211.9,",,,N"
Rhode Island,GHCND:US1RIPR0084,2023-12-01T00:00:00,2023,12,192.0,",a,,N"
Rhode Island,GHCND:US1RIPR0089,2023-12-01T00:00:00,2023,12,286.7,",,,N"
Rhode Island,GHCND:US1RIPR0104,2023-12-01T00:00:00,2023,12,187.2,",,,N"
Rhode Island,GHCND:US1RIPR0106,2023-12-01T00:00:00,2023,12,222.7,",,,N"
Rhode Island,GHCND:US1RIPR0108,2023-12-01T00:00:00,2023,12,185.7,",,,N"
Rhode Island,GHCND:US1RIPR0112,2023-12-01T00:00:00,2023,12,210.4,",,,N"
Rhode Island,GHCND:US1RIPR0119,2023-12-01T00:00:00,2023,12,169.5,"3,,,N"
Rhode Island,GHCND:US1RIPR0121,2023-12-01T00:00:00,2023,12,285.3,"1,,,N"
Rhode Island,GHCND:US1RIPR0128,2023-12-01T00:00:00,2023,12,181.2,"5,a,,N"
Rhode Island,GHCND:US1RIPR0130,2023-12-01T00:00:00,2023,12,268.9,",,,N"
Rhode Island,GHCND:US1RIPR0131,2023-12-01T00:00:00,2023,12,284.7,"1,,,N"
Rhode Island,GHCND:US1RIPR0135,2023-12-01T00:00:00,2023,12,263.0,",,,N"
Rhode Island,GHCND:US1RIPR0138,2023-12-01T00:00:00,2023,12,165.6,",,,N"
Rhode Island,GHCND:US1RIPR0140,2023-12-01T00:00:00,2023,12,277.8,",,,N"
Rhode Island,GHCND:US1RIWS0030,2023-12-01T00:00:00,2023,12,177.8,",,,N"
Rhode Island,GHCND:US1RIWS0031,2023-12-01T00:00:00,2023,12,149.3,"4,,,N"
Rhode Island,GHCND:US1RIWS0036,2023-12-01T00:00:00,2023,12,151.8,",,,N"
Rhode Island,GHCND:US1RIWS0037,2023-12-01T00:00:00,2023,12,121.7,",,,N"
Rhode Island,GHCND:US1RIWS0040,2023-12-01T00:00:00,2023,12,182.0,",a,,N"
Rhode Island,GHCND:US1RIWS0042,2023-12-01T00:00:00,2023,12,199.3,",,,N"
Rhode Island,GHCND:US1RIWS0045,2023-12-01T00:00:00,2023,12,152.1,",,,N"
Rhode Island,GHCND:US1RIWS0051,2023-12-01T00:00:00,2023,12,169.3,",,,N"
Rhode Island,GHCND:US1RIWS0054,2023-12-01T00:00:00,2023,12,153.5,",,,N"
Rhode Island,GHCND:US1RIWS0055,2023-12-01T00:00:00,2023,12,135.5,",,,N"
Rhode Island,GHCND:US1RIWS0058,2023-12-01T00:00:00,2023,12,110.6,"4,,,N"
Rhode Island,GHCND:US1RIWS0065,2023-12-01T00:00:00,2023,12,140.8,",,,N"
Rhode Island,GHCND:US1RIWS0066,2023-12-01T00:00:00,2023,12,129.0,"2,,,N"
Rhode Island,GHCND:US1RIWS0067,2023-12-01T00:00:00,2023,12,127.1,"2,a,,N"
Rhode Island,GHCND:US1RIWS0069,2023-12-01T00:00:00,2023,12,145.9,",,,N"
Rhode Island,GHCND:US1RIWS0070,2023-12-01T00:00:00,2023,12,133.6,",a,,N"
Rhode Island,GHCND:US1RIWS0077,2023-12-01T00:00:00,2023,12,113.8,"5,,,N"
Rhode Island,GHCND:US1RIWS0080,2023-12-01T00:00:00,2023,12,145.5,"1,,,N"
Rhode Island,GHCND:US1RIWS0081,2023-12-01T00:00:00,2023,12,129.8,",,,N"
Rhode Island,GHCND:US1RIWS0092,2023-12-01T00:00:00,2023,12,140.4,"2,a,,N"
Rhode Island,GHCND:US1RIWS0097,2023-12-01T00:00:00,2023,12,152.4,",a,,N"
Rhode Island,GHCND:US1RIWS0099,2023-12-01T00:00:00,2023,12,224.8,",a,,N"
Rhode Island,GHCND:US1RIWS0100,2023-12-01T00:00:00,2023,12,159.2,",a,,N"
Rhode Island,GHCND:US1RIWS0105,2023-12-01T00:00:00,2023,12,142.5,"4,,,N"
Rhode Island,GHCND:US1RIWS0106,2023-12-01T00:00:00,2023,12,132.5,",,,N"
Rhode Island,GHCND:US1RIWS0107,2023-12-01T00:00:00,2023,12,127.5,",,,N"
Rhode Island,GHCND:US1RIWS0108,2023-12-01T00:00:00,2023,12,142.0,",,,N"
Rhode Island,GHCND:US1RIWS0110,2023-12-01T00:00:00,2023,12,133.2,",,,N"
Rhode Island,GHCND:US1RIWS0111,2023-12-01T00:00:00,2023,12,141.2,"3,a,,N"
Rhode Island,GHCND:USC00370897,2023-12-01T00:00:00,2023,12,119.1,",,,7"
Rhode Island,GHCND:USC00371874,2023-12-01T00:00:00,2023,12,258.7,"2,a,,7"
Rhode Island,GHCND:USC00374266,2023-12-01T00:00:00,2023,12,159.6,",,,7"
Rhode Island,GHCND:USC00375270,2023-12-01T00:00:00,2023,12,342.1,",,,7"
Rhode Island,GHCND:USC00379423,2023-12-01T00:00:00,2023,12,265.2,",,,7"
Rhode Island,GHCND:USW00014765,2023-12-01T00:00:00,2023,12,184.1,",,,W"
Rhode Island,GHCND:USW00014787,2023-12-01T00:00:00,2023,12,130.2,",,,W"
Rhode Island,GHCND:USW00014794,2023-12-01T00:00:00,2023,12,128.6,",,,W"
Rhode Island,GHCND:USW00054796,2023-12-01T00:00:00,2023,12,150.2,",,,R"
Rhode Island,GHCND:USW00054797,2023-12-01T00:00:00,2023,12,149.0,",,,R"
Rhode Island,GHCND:USW00064710,2023-12-01T00:00:00,2023,12,238.3,",,,W"
Rhode Island,GHCND:US1RIBR0005,2024-01-01T00:00:00,2024,01,211.2,",,,N"
Rhode Island,GHCND:US1RIBR0011,2024-01-01T00:00:00,2024,01,152.3,",,,N"
Rhode Island,GHCND:US1RIBR0012,2024-01-01T00:00:00,2024,01,204.6,"1,,,N"
Rhode Island,GHCND:US1RIBR0018,2024-01-01T00:00:00,2024,01,210.0,"3,,,N"
Rhode Island,GHCND:US1RIKN0002,2024-01-01T00:00:00,2024,01,225.9,",,,N"
Rhode Island,GHCND:US1RIKN0014,2024-01-01T00:00:00,2024,01,249.8,",,,N"
Rhode Island,GHCND:US1RIKN0021,2024-01-01T00:00:00,2024,01,247.3,",,,N"
Rhode Island,GHCND:US1RIKN0023,2024-01-01T00:00:00,2024,01,229.1,",,,N"
Rhode Island,GHCND:US1RIKN0030,2024-01-01T00:00:00,2024,01,261.0,",a,,N"
Rhode Island,GHCND:US1RIKN0031,2024-01-01T00:00:00,2024,01,193.8,",a,,N"
Rhode Island,GHCND:US1RIKN0036,2024-01-01T00:00:00,2024,01,249.3,",,,N"
Rhode Island,GHCND:US1RIKN0037,2024-01-01T00:00:00,2024,01,242.0,"1,,,N"
Rhode Island,GHCND:US1RIKN0038,2024-01-01T00:00:00,2024,01,246.9,",,,N"
Rhode Island,GHCND:US1RIKN0045,2024-01-01T00:00:00,2024,01,266.4,",a,,N"
Rhode Island,GHCND:US1RIKN0051,2024-01-01T00:00:00,2024,01,292.3,",a,,N"
Rhode Island,GHCND:US1RIKN0059,2024-01-01T00:00:00,2024,01,288.7,",,,N"
Rhode Island,GHCND:US1RIKN0062,2024-01-01T00:00:00,2024,01,199.8,"1,,,N"
Rhode Island,GHCND:US1RIKN0065,2024-01-01T00:00:00,2024,01,238.7,",,,N"
Rhode Island,GHCND:US1RIKN0080,2024-01-01T00:00:00,2024,01,275.7,"4,a,,N"
Rhode Island,GHCND:US1RINW0004,2024-01-01T00:00:00,2024,01,105.9,",,,N"
Rhode Island,GHCND:US1RINW0005,2024-01-01T00:00:00,2024,01,173.6,",,,N"
Rhode Island,GHCND:US1RINW0007,2024-01-01T00:00:00,2024,01,168.5,"1,,,N"
Rhode Island,GHCND:US1RINW0016,2024-01-01T00:00:00,2024,01,151.1,",,,N"
Rhode Island,GHCND:US1RINW0017,2024-01-01T00:00:00,2024,01,187.1,",,,N"
Rhode Island,GHCND:US1RINW0018,2024-01-01T00:00:00,2024,01,143.9,",,,N"
Rhode Island,GHCND:US1RINW0020,2024-01-01T00:00:00,2024,01,200.3,",,,N"
Rhode Island,GHCND:US1RINW0027,2024-01-01T00:00:00,2024,01,150.3,",,,N"
Rhode Island,GHCND:US1RINW0030,2024-01-01T00:00:00,2024,01,178.3,",,,N"
Rhode Island,GHCND:US1RINW0031,2024-01-01T00:00:00,2024,01,136.3,"1,,,N"
Rhode Island,GHCND:US1RINW0032,2024-01-01T00:00:00,2024,01,159.8,",,,N"
Rhode Island,GHCND:US1RINW0035,2024-01-01T00:00:00,2024,01,170.9,",a,,N"
Rhode Island,GHCND:US1RINW0036,2024-01-01T00:00:00,2024,01,158.5,"5,,,N"
Rhode Island,GHCND:US1RIPR0028,2024-01-01T00:00:00,2024,01,234.7,",a,,N"
Rhode Island,GHCND:US1RIPR0033,2024-01-01T00:00:00,2024,01,263.5,",,,N"
Rhode Island,GHCND:US1RIPR0050,2024-01-01T00:00:00,2024,01,221.0,",,,N"
Rhode Island,GHCND:US1RIPR0051,2024-01-01T00:00:00,2024,01,239.0,",,,N"
Rhode Island,GHCND:US1RIPR0055,2024-01-01T00:00:00,2024,01,192.0,"1,,,N"
Rhode Island,GHCND:US1RIPR0057,2024-01-01T00:00:00,2024,01,291.2,"1,,,N"
Rhode Island,GHCND:US1RIPR0077,2024-01-01T00:00:00,2024,01,194.6,",a,,N"
Rhode Island,GHCND:US1RIPR0082,2024-01-01T00:00:00,2024,01,259.7,",,,N"
Rhode Island,GHCND:US1RIPR0084,2024-01-01T00:00:00,2024,01,247.7,",,,N"
Rhode Island,GHCND:US1RIPR0089,2024-01-01T00:00:00,2024,01,239.7,",,,N"
Rhode Island,GHCND:US1RIPR0104,2024-01-01T00:00:00,2024,01,243.6,",,,N"
Rhode Island,GHCND:US1RIPR0106,2024-01-01T00:00:00,2024,01,230.1,",,,N"
Rhode Island,GHCND:US1RIPR0108,2024-01-01T00:00:00,2024,01,230.4,",,,N"
Rhode Island,GHCND:US1RIPR0112,2024-01-01T00:00:00,2024,01,255.1,"1,,,N"
Rhode Island,GHCND:US1RIPR0119,2024-01-01T00:00:00,2024,01,216.9,",,,N"
Rhode Island,GHCND:US1RIPR0121,2024-01-01T00:00:00,2024,01,249.0,",,,N"
Rhode Island,GHCND:US1RIPR0130,2024-01-01T00:00:00,2024,01,240.3,",,,N"
Rhode Island,GHCND:US1RIPR0140,2024-01-01T00:00:00,2024,01,255.5,",,,N"
Rhode Island,GHCND:US1RIWS0030,2024-01-01T00:00:00,2024,01,220.6,",,,N"
Rhode Island,GHCND:US1RIWS0031,2024-01-01T00:00:00,2024,01,236.3,"1,,,N"
Rhode Island,GHCND:US1RIWS0036,2024-01-01T00:00:00,2024,01,168.3,",,,N"
Rhode Island,GHCND:US1RIWS0037,2024-01-01T00:00:00,2024,01,141.3,",a,,N"
Rhode Island,GHCND:US1RIWS0042,2024-01-01T00:00:00,2024,01,270.0,",a,,N"
Rhode Island,GHCND:US1RIWS0045,2024-01-01T00:00:00,2024,01,197.9,",,,N"
Rhode Island,GHCND:US1RIWS0047,2024-01-01T00:00:00,2024,01,193.0,",a,,N"
Rhode Island,GHCND:US1RIWS0051,2024-01-01T00:00:00,2024,01,209.3,"2,,,N"
Rhode Island,GHCND:US1RIWS0054,2024-01-01T00:00:00,2024,01,221.6,",,,N"
Rhode Island,GHCND:US1RIWS0055,2024-01-01T00:00:00,2024,01,183.1,",,,N"
Rhode Island,GHCND:US1RIWS0065,2024-01-01T00:00:00,2024,01,204.2,",,,N"
Rhode Island,GHCND:US1RIWS0069,2024-01-01T00:00:00,2024,01,222.5,",,,N"
Rhode Island,GHCND:US1RIWS0070,2024-01-01T00:00:00,2024,01,180.4,"3,a,,N"
Rhode Island,GHCND:US1RIWS0077,2024-01-01T00:00:00,2024,01,194.0,"4,a,,N"
Rhode Island,GHCND:US1RIWS0080,2024-01-01T00:00:00,2024,01,174.2,",,,N"
Rhode Island,GHCND:US1RIWS0081,2024-01-01T00:00:00,2024,01,170.2,",,,N"
Rhode Island,GHCND:US1RIWS0083,2024-01-01T00:00:00,2024,01,192.9,"5,a,,N"
Rhode Island,GHCND:US1RIWS0092,2024-01-01T00:00:00,2024,01,180.9,",a,,N"
Rhode Island,GHCND:US1RIWS0097,2024-01-01T00:00:00,2024,01,214.3,",a,,N"
Rhode Island,GHCND:US1RIWS0099,2024-01-01T00:00:00,2024,01,284.4,",a,,N"
Rhode Island,GHCND:US1RIWS0107,2024-01-01T00:00:00,2024,01,158.7,"1,,,N"
Rhode Island,GHCND:US1RIWS0108,2024-01-01T00:00:00,2024,01,174.9,"1,,,N"
Rhode Island,GHCND:US1RIWS0110,2024-01-01T00:00:00,2024,01,189.3,"1,a,,N"
Rhode Island,GHCND:USC00370897,2024-01-01T00:00:00,2024,01,138.8,",,,7"
Rhode Island,GHCND:USC00371874,2024-01-01T00:00:00,2024,01,205.0,"2,a,,7"
Rhode Island,GHCND:USC00374266,2024-01-01T00:00:00,2024,01,216.6,",,,7"
Rhode Island,GHCND:USC00375270,2024-01-01T00:00:00,2024,01,242.9,",,,7"
Rhode Island,GHCND:USC00379423,2024-01-01T00:00:00,2024,01,218.7,",,,7"
Rhode Island,GHCND:USW00014765,2024-01-01T00:00:00,2024,01,237.0,",,,W"
Rhode Island,GHCND:USW00014787,2024-01-01T00:00:00,2024,01,156.4,",,,W"
Rhode Island,GHCND:USW00014794,2024-01-01T00:00:00,2024,01,138.0,",,,W"
Rhode Island,GHCND:USW00054796,2024-01-01T00:00:00,2024,01,209.6,",,,R"
Rhode Island,GHCND:USW00054797,2024-01-01T00:00:00,2024,01,212.7,",,,R"
Rhode Island,GHCND:USW00064710,2024-01-01T00:00:00,2024,01,181.1,",,,W"
Rhode Island,GHCND:US1RIBR0011,2024-02-01T00:00:00,2024,02,43.1,",,,N"
Rhode Island,GHCND:US1RIBR0012,2024-02-01T00:00:00,2024,02,56.7,",,,N"
Rhode Island,GHCND:US1RIBR0018,2024-02-01T00:00:00,2024,02,64.1,",,,N"
Rhode Island,GHCND:US1RIKN0002,2024-02-01T00:00:00,2024,02,69.1,",,,N"
Rhode Island,GHCND:US1RIKN0014,2024-02-01T00:00:00,2024,02,60.8,",,,N"
Rhode Island,GHCND:US1RIKN0021,2024-02-01T00:00:00,2024,02,48.4,",,,N"
Rhode Island,GHCND:US1RIKN0023,2024-02-01T00:00:00,2024,02,57.2,",,,N"
Rhode Island,GHCND:US1RIKN0031,2024-02-01T00:00:00,2024,02,56.6,",a,,N"
Rhode Island,GHCND:US1RIKN0036,2024-02-01T00:00:00,2024,02,52.5,",,,N"
Rhode Island,GHCND:US1RIKN0037,2024-02-01T00:00:00,2024,02,75.4,",,,N"
Rhode Island,GHCND:US1RIKN0038,2024-02-01T00:00:00,2024,02,65.6,",,,N"
Rhode Island,GHCND:US1RIKN0045,2024-02-01T00:00:00,2024,02,79.3,",a,,N"
Rhode Island,GHCND:US1RIKN0051,2024-02-01T00:00:00,2024,02,62.2,",a,,N"
Rhode Island,GHCND:US1RIKN0059,2024-02-01T00:00:00,2024,02,77.3,",,,N"
Rhode Island,GHCND:US1RIKN0062,2024-02-01T00:00:00,2024,02,60.5,"3,,,N"
Rhode Island,GHCND:US1RIKN0065,2024-02-01T00:00:00,2024,02,62.8,"2,,,N"
Rhode Island,GHCND:US1RIKN0068,2024-02-01T00:00:00,2024,02,59.1,"2,,,N"
Rhode Island,GHCND:US1RIKN0080,2024-02-01T00:00:00,2024,02,68.3,"4,a,,N"
Rhode Island,GHCND:US1RINW0004,2024-02-01T00:00:00,2024,02,57.4,",,,N"
Rhode Island,GHCND:US1RINW0005,2024-02-01T00:00:00,2024,02,71.3,",,,N"
Rhode Island,GHCND:US1RINW0007,2024-02-01T00:00:00,2024,02,72.4,",,,N"
Rhode Island,GHCND:US1RINW0016,2024-02-01T00:00:00,2024,02,91.1,",,,N"
Rhode Island,GHCND:US1RINW0017,2024-02-01T00:00:00,2024,02,83.6,",,,N"
Rhode Island,GHCND:US1RINW0018,2024-02-01T00:00:00,2024,02,67.2,",,,N"
Rhode Island,GHCND:US1RINW0020,2024-02-01T00:00:00,2024,02,78.9,",,,N"
Rhode Island,GHCND:US1RINW0023,2024-02-01T00:00:00,2024,02,79.8,"3,,,N"
Rhode Island,GHCND:US1RINW0027,2024-02-01T00:00:00,2024,02,58.5,",,,N"
Rhode Island,GHCND:US1RINW0028,2024-02-01T00:00:00,2024,02,40.6,"2,,,N"
Rhode Island,GHCND:US1RINW0030,2024-02-01T00:00:00,2024,02,82.6,",,,N"
Rhode Island,GHCND:US1RINW0031,2024-02-01T00:00:00,2024,02,55.0,"1,,,N"
Rhode Island,GHCND:US1RINW0032,2024-02-01T00:00:00,2024,02,63.2,",,,N"
Rhode Island,GHCND:US1RINW0035,2024-02-01T00:00:00,2024,02,77.6,"1,,,N"
Rhode Island,GHCND:US1RIPR0028,2024-02-01T00:00:00,2024,02,40.1,",a,,N"
Rhode Island,GHCND:US1RIPR0033,2024-02-01T00:00:00,2024,02,46.4,",,,N"
Rhode Island,GHCND:US1RIPR0050,2024-02-01T00:00:00,2024,02,40.6,",,,N"
Rhode Island,GHCND:US1RIPR0051,2024-02-01T00:00:00,2024,02,42.1,",,,N"
Rhode Island,GHCND:US1RIPR0067,2024-02-01T00:00:00,2024,02,50.1,",,,N"
Rhode Island,GHCND:US1RIPR0077,2024-02-01T00:00:00,2024,02,56.2,"2,a,,N"
Rhode Island,GHCND:US1RIPR0081,2024-02-01T00:00:00,2024,02,30.8,"5,,,N"
Rhode Island,GHCND:US1RIPR0082,2024-02-01T00:00:00,2024,02,49.8,",,,N"
Rhode Island,GHCND:US1RIPR0089,2024-02-01T00:00:00,2024,02,35.3,",,,N"
Rhode Island,GHCND:US1RIPR0104,2024-02-01T00:00:00,2024,02,54.6,",,,N"
Rhode Island,GHCND:US1RIPR0106,2024-02-01T00:00:00,2024,02,43.7,",,,N"
Rhode Island,GHCND:US1RIPR0108,2024-02-01T00:00:00,2024,02,53.1,"1,,,N"
Rhode Island,GHCND:US1RIPR0112,2024-02-01T00:00:00,2024,02,54.6,"1,,,N"
Rhode Island,GHCND:US1RIPR0119,2024-02-01T00:00:00,2024,02,52.1,",,,N"
Rhode Island,GHCND:US1RIPR0121,2024-02-01T00:00:00,2024,02,55.2,",,,N"
Rhode Island,GHCND:US1RIPR0130,2024-02-01T00:00:00,2024,02,46.0,",,,N"
Rhode Island,GHCND:US1RIPR0135,2024-02-01T00:00:00,2024,02,12.5,"3,,,N"
Rhode Island,GHCND:US1RIPR0138,2024-02-01T00:00:00,2024,02,29.5,"5,,,N"
Rhode Island,GHCND:US1RIPR0140,2024-02-01T00:00:00,2024,02,54.5,",,,N"
Rhode Island,GHCND:US1RIWS0030,2024-02-01T00:00:00,2024,02,40.6,"4,,,N"
Rhode Island,GHCND:US1RIWS0031,2024-02-01T00:00:00,2024,02,75.3,",,,N"
Rhode Island,GHCND:US1RIWS0036,2024-02-01T00:00:00,2024,02,71.7,",,,N"
Rhode Island,GHCND:US1RIWS0037,2024-02-01T00:00:00,2024,02,66.6,",a,,N"
Rhode Island,GHCND:US1RIWS0042,2024-02-01T00:00:00,2024,02,79.9,",,,N"
Rhode Island,GHCND:US1RIWS0045,2024-02-01T00:00:00,2024,02,76.9,"1,,,N"
Rhode Island,GHCND:US1RIWS0047,2024-02-01T00:00:00,2024,02,37.3,"1,a,,N"
Rhode Island,GHCND:US1RIWS0051,2024-02-01T00:00:00,2024,02,82.3,",,,N"
Rhode Island,GHCND:US1RIWS0052,2024-02-01T00:00:00,2024,02,76.4,"2,,,N"
Rhode Island,GHCND:US1RIWS0054,2024-02-01T00:00:00,2024,02,83.9,",,,N"
Rhode Island,GHCND:US1RIWS0055,2024-02-01T00:00:00,2024,02,79.6,",,,N"
Rhode Island,GHCND:US1RIWS0065,2024-02-01T00:00:00,2024,02,72.4,",,,N"
Rhode Island,GHCND:US1RIWS0069,2024-02-01T00:00:00,2024,02,88.0,",,,N"
Rhode Island,GHCND:US1RIWS0070,2024-02-01T00:00:00,2024,02,43.2,",,,N"
Rhode Island,GHCND:US1RIWS0071,2024-02-01T00:00:00,2024,02,66.4,",,,N"
Rhode Island,GHCND:US1RIWS0077,2024-02-01T00:00:00,2024,02,71.1,",a,,N"
Rhode Island,GHCND:US1RIWS0080,2024-02-01T00:00:00,2024,02,65.9,"1,,,N"
Rhode Island,GHCND:US1RIWS0081,2024-02-01T00:00:00,2024,02,74.8,",,,N"
Rhode Island,GHCND:US1RIWS0083,2024-02-01T00:00:00,2024,02,68.1,",a,,N"
Rhode Island,GHCND:US1RIWS0092,2024-02-01T00:00:00,2024,02,54.1,"1,a,,N"
Rhode Island,GHCND:US1RIWS0097,2024-02-01T00:00:00,2024,02,70.7,",a,,N"
Rhode Island,GHCND:US1RIWS0099,2024-02-01T00:00:00,2024,02,88.1,",,,N"
Rhode Island,GHCND:US1RIWS0106,2024-02-01T00:00:00,2024,02,79.1,",,,N"
Rhode Island,GHCND:US1RIWS0107,2024-02-01T00:00:00,2024,02,62.1,"3,,,N"
Rhode Island,GHCND:US1RIWS0108,2024-02-01T00:00:00,2024,02,66.4,"3,,,N"
Rhode Island,GHCND:US1RIWS0110,2024-02-01T00:00:00,2024,02,32.7,"5,a,,N"
Rhode Island,GHCND:US1RIWS0111,2024-02-01T00:00:00,2024,02,84.4,"1,,,N"
Rhode Island,GHCND:USC00370897,2024-02-01T00:00:00,2024,02,67.1,",,,7"
Rhode Island,GHCND:USC00371874,2024-02-01T00:00:00,2024,02,40.3,"1,a,,7"
Rhode Island,GHCND:USC00374266,2024-02-01T00:00:00,2024,02,82.5,",,,7"
Rhode Island,GHCND:USC00375270,2024-02-01T00:00:00,2024,02,52.8,",,,7"
Rhode Island,GHCND:USC00379423,2024-02-01T00:00:00,2024,02,26.8,",,,7"
Rhode Island,GHCND:USW00014765,2024-02-01T00:00:00,2024,02,62.9,",,,W"
Rhode Island,GHCND:USW00014787,2024-02-01T00:00:00,2024,02,63.3,",,,W"
Rhode Island,GHCND:USW00014794,2024-02-01T00:00:00,2024,02,42.7,",,,W"
Rhode Island,GHCND:USW00054796,2024-02-01T00:00:00,2024,02,77.2,",,,R"
Rhode Island,GHCND:USW00054797,2024-02-01T00:00:00,2024,02,76.1,",,,R"
Rhode Island,GHCND:USW00064710,2024-02-01T00:00:00,2024,02,39.3,",,,W"
Rhode Island,GHCND:US1RIBR0005,2024-03-01T00:00:00,2024,03,283.7,",,,N"
Rhode Island,GHCND:US1RIBR0011,2024-03-01T00:00:00,2024,03,231.2,",a,,N"
Rhode Island,GHCND:US1RIBR0012,2024-03-01T00:00:00,2024,03,268.5,",,,N"
Rhode Island,GHCND:US1RIKN0002,2024-03-01T00:00:00,2024,03,281.3,",,,N"
Rhode Island,GHCND:US1RIKN0014,2024-03-01T00:00:00,2024,03,295.7,",,,N"
Rhode Island,GHCND:US1RIKN0021,2024-03-01T00:00:00,2024,03,310.0,",,,N"
Rhode Island,GHCND:US1RIKN0023,2024-03-01T00:00:00,2024,03,291.8,",,,N"
Rhode Island,GHCND:US1RIKN0031,2024-03-01T00:00:00,2024,03,276.4,",a,,N"
Rhode Island,GHCND:US1RIKN0036,2024-03-01T00:00:00,2024,03,288.4,",,,N"
Rhode Island,GHCND:US1RIKN0037,2024-03-01T00:00:00,2024,03,239.2,"5,,,N"
Rhode Island,GHCND:US1RIKN0038,2024-03-01T00:00:00,2024,03,304.5,",,,N"
Rhode Island,GHCND:US1RIKN0045,2024-03-01T00:00:00,2024,03,317.9,"1,,,N"
Rhode Island,GHCND:US1RIKN0059,2024-03-01T00:00:00,2024,03,312.2,",,,N"
Rhode Island,GHCND:US1RIKN0062,2024-03-01T00:00:00,2024,03,282.9,"2,a,,N"
Rhode Island,GHCND:US1RIKN0065,2024-03-01T00:00:00,2024,03,307.6,",a,,N"
Rhode Island,GHCND:US1RIKN0068,2024-03-01T00:00:00,2024,03,332.0,"1,,,N"
Rhode Island,GHCND:US1RIKN0076,2024-03-01T00:00:00,2024,03,258.3,"3,a,,N"
Rhode Island,GHCND:US1RIKN0079,2024-03-01T00:00:00,2024,03,305.9,"1,,,N"
Rhode Island,GHCND:US1RIKN0080,2024-03-01T00:00:00,2024,03,215.3,"4,a,,N"
Rhode Island,GHCND:US1RINW0004,2024-03-01T00:00:00,2024,03,138.3,",,,N"
Rhode Island,GHCND:US1RINW0005,2024-03-01T00:00:00,2024,03,229.7,",a,,N"
Rhode Island,GHCND:US1RINW0016,2024-03-01T00:00:00,2024,03,242.2,",,,N"
Rhode Island,GHCND:US1RINW0017,2024-03-01T00:00:00,2024,03,262.2,",,,N"
Rhode Island,GHCND:US1RINW0018,2024-03-01T00:00:00,2024,03,215.2,",,,N"
Rhode Island,GHCND:US1RINW0020,2024-03-01T00:00:00,2024,03,273.3,"1,,,N"
Rhode Island,GHCND:US1RINW0023,2024-03-01T00:00:00,2024,03,241.1,"2,,,N"
Rhode Island,GHCND:US1RINW0027,2024-03-01T00:00:00,2024,03,219.5,",,,N"
Rhode Island,GHCND:US1RINW0028,2024-03-01T00:00:00,2024,03,231.2,"1,,,N"
Rhode Island,GHCND:US1RINW0030,2024-03-01T00:00:00,2024,03,238.0,",,,N"
Rhode Island,GHCND:US1RINW0031,2024-03-01T00:00:00,2024,03,155.5,"1,,,N"
Rhode Island,GHCND:US1RINW0032,2024-03-01T00:00:00,2024,03,215.6,",,,N"
Rhode Island,GHCND:US1RINW0035,2024-03-01T00:00:00,2024,03,234.6,",a,,N"
Rhode Island,GHCND:US1RINW0036,2024-03-01T00:00:00,2024,03,222.4,"1,,,N"
Rhode Island,GHCND:US1RIPR0028,2024-03-01T00:00:00,2024,03,235.8,"1,a,,N"
Rhode Island,GHCND:US1RIPR0033,2024-03-01T00:00:00,2024,03,281.6,",,,N"
Rhode Island,GHCND:US1RIPR0050,2024-03-01T00:00:00,2024,03,252.7,",,,N"
Rhode Island,GHCND:US1RIPR0051,2024-03-01T00:00:00,2024,03,272.2,",,,N"
Rhode Island,GHCND:US1RIPR0055,2024-03-01T00:00:00,2024,03,260.7,"5,,,N"
Rhode Island,GHCND:US1RIPR0057,2024-03-01T00:00:00,2024,03,314.5,",,,N"
Rhode Island,GHCND:US1RIPR0059,2024-03-01T00:00:00,2024,03,285.3,"1,,,N"
Rhode Island,GHCND:US1RIPR0067,2024-03-01T00:00:00,2024,03,218.4,",,,N"
Rhode Island,GHCND:US1RIPR0077,2024-03-01T00:00:00,2024,03,272.8,"4,a,,N"
Rhode Island,GHCND:US1RIPR0081,2024-03-01T00:00:00,2024,03,292.7,"4,,,N"
Rhode Island,GHCND:US1RIPR0082,2024-03-01T00:00:00,2024,03,327.7,",,,N"
Rhode Island,GHCND:US1RIPR0084,2024-03-01T00:00:00,2024,03,322.6,"2,a,,N"
Rhode Island,GHCND:US1RIPR0104,2024-03-01T00:00:00,2024,03,336.4,",,,N"
Rhode Island,GHCND:US1RIPR0106,2024-03-01T00:00:00,2024,03,316.3,",,,N"
Rhode Island,GHCND:US1RIPR0108,2024-03-01T00:00:00,2024,03,305.3,",,,N"
Rhode Island,GHCND:US1RIPR0112,2024-03-01T00:00:00,2024,03,323.9,"1,,,N"
Rhode Island,GHCND:US1RIPR0119,2024-03-01T00:00:00,2024,03,302.2,"1,,,N"
Rhode Island,GHCND:US1RIPR0121,2024-03-01T00:00:00,2024,03,273.0,"1,,,N"
Rhode Island,GHCND:US1RIPR0130,2024-03-01T00:00:00,2024,03,288.8,",a,,N"
Rhode Island,GHCND:US1RIPR0131,2024-03-01T00:00:00,2024,03,274.7,"3,,,N"
Rhode Island,GHCND:US1RIPR0135,2024-03-01T00:00:00,2024,03,189.6,"5,,,N"
Rhode Island,GHCND:US1RIPR0138,2024-03-01T00:00:00,2024,03,300.9,",,,N"
Rhode Island,GHCND:US1RIPR0140,2024-03-01T00:00:00,2024,03,292.7,",,,N"
Rhode Island,GHCND:US1RIWS0030,2024-03-01T00:00:00,2024,03,263.4,",,,N"
Rhode Island,GHCND:US1RIWS0031,2024-03-01T00:00:00,2024,03,304.2,",a,,N"
Rhode Island,GHCND:US1RIWS0036,2024-03-01T00:00:00,2024,03,237.1,",,,N"
Rhode Island,GHCND:US1RIWS0037,2024-03-01T00:00:00,2024,03,215.8,",,,N"
Rhode Island,GHCND:US1RIWS0042,2024-03-01T00:00:00,2024,03,309.2,",,,N"
Rhode Island,GHCND:US1RIWS0045,2024-03-01T00:00:00,2024,03,268.6,",,,N"
Rhode Island,GHCND:US1RIWS0047,2024-03-01T00:00:00,2024,03,252.6,",a,,N"
Rhode Island,GHCND:US1RIWS0051,2024-03-01T00:00:00,2024,03,283.7,",a,,N"
Rhode Island,GHCND:US1RIWS0052,2024-03-01T00:00:00,2024,03,249.5,",a,,N"
Rhode Island,GHCND:US1RIWS0054,2024-03-01T00:00:00,2024,03,286.4,",,,N"
Rhode Island,GHCND:US1RIWS0055,2024-03-01T00:00:00,2024,03,251.3,",,,N"
Rhode Island,GHCND:US1RIWS0058,2024-03-01T00:00:00,2024,03,261.3,"3,,,N"
Rhode Island,GHCND:US1RIWS0065,2024-03-01T00:00:00,2024,03,262.0,",,,N"
Rhode Island,GHCND:US1RIWS0066,2024-03-01T00:00:00,2024,03,242.9,"1,,,N"
Rhode Island,GHCND:US1RIWS0069,2024-03-01T00:00:00,2024,03,284.0,",,,N"
Rhode Island,GHCND:US1RIWS0070,2024-03-01T00:00:00,2024,03,253.0,",,,N"
Rhode Island,GHCND:US1RIWS0071,2024-03-01T00:00:00,2024,03,232.5,"1,,,N"
Rhode Island,GHCND:US1RIWS0080,2024-03-01T00:00:00,2024,03,240.7,",,,N"
Rhode Island,GHCND:US1RIWS0083,2024-03-01T00:00:00,2024,03,203.9,"1,,,N"
Rhode Island,GHCND:US1RIWS0088,2024-03-01T00:00:00,2024,03,228.3,"3,,,N"
Rhode Island,GHCND:US1RIWS0095,2024-03-01T00:00:00,2024,03,258.9,"5,,,N"
Rhode Island,GHCND:US1RIWS0097,2024-03-01T00:00:00,2024,03,282.7,"1,a,,N"
Rhode Island,GHCND:US1RIWS0100,2024-03-01T00:00:00,2024,03,248.5,"3,a,,N"
Rhode Island,GHCND:US1RIWS0101,2024-03-01T00:00:00,2024,03,295.3,",,,N"
Rhode Island,GHCND:US1RIWS0105,2024-03-01T00:00:00,2024,03,243.3,"3,,,N"
Rhode Island,GHCND:US1RIWS0106,2024-03-01T00:00:00,2024,03,240.9,",,,N"
Rhode Island,GHCND:US1RIWS0107,2024-03-01T00:00:00,2024,03,235.7,"1,,,N"
Rhode Island,GHCND:US1RIWS0108,2024-03-01T00:00:00,2024,03,254.3,"1,,,N"
Rhode Island,GHCND:US1RIWS0110,2024-03-01T00:00:00,2024,03,202.2,"3,a,,N"
Rhode Island,GHCND:US1RIWS0111,2024-03-01T00:00:00,2024,03,291.0,",,,N"
Rhode Island,GHCND:USC00370897,2024-03-01T00:00:00,2024,03,171.7,",,,7"
Rhode Island,GHCND:USC00371874,2024-03-01T00:00:00,2024,03,299.0,"1,a,,7"
Rhode Island,GHCND:USC00374266,2024-03-01T00:00:00,2024,03,280.2,",,,7"
Rhode Island,GHCND:USC00375270,2024-03-01T00:00:00,2024,03,267.5,",,,7"
Rhode Island,GHCND:USC00379423,2024-03-01T00:00:00,2024,03,264.8,",,,7"
Rhode Island,GHCND:USW00014765,2024-03-01T00:00:00,2024,03,305.9,",,,W"
Rhode Island,GHCND:USW00014787,2024-03-01T00:00:00,2024,03,221.4,",,,W"
Rhode Island,GHCND:USW00014794,2024-03-01T00:00:00,2024,03,193.3,",,,W"
Rhode Island,GHCND:USW00054796,2024-03-01T00:00:00,2024,03,274.0,",,,R"
Rhode Island,GHCND:USW00054797,2024-03-01T00:00:00,2024,03,274.5,",,,R"
Rhode Island,GHCND:USW00064710,2024-03-01T00:00:00,2024,03,433.5,",,,W"
Rhode Island,GHCND:US1RIBR0011,2024-04-01T00:00:00,2024,04,80.9,",,,N"
Rhode Island,GHCND:US1RIBR0012,2024-04-01T00:00:00,2024,04,89.7,",,,N"
Rhode Island,GHCND:US1RIBR0018,2024-04-01T00:00:00,2024,04,90.2,"3,a,,N"
Rhode Island,GHCND:US1RIKN0002,2024-04-01T00:00:00,2024,04,102.4,",,,N"
Rhode Island,GHCND:US1RIKN0014,2024-04-01T00:00:00,2024,04,106.9,",,,N"
Rhode Island,GHCND:US1RIKN0021,2024-04-01T00:00:00,2024,04,99.7,",,,N"
Rhode Island,GHCND:US1RIKN0023,2024-04-01T00:00:00,2024,04,92.2,",,,N"
Rhode Island,GHCND:US1RIKN0030,2024-04-01T00:00:00,2024,04,102.1,"3,a,,N"
Rhode Island,GHCND:US1RIKN0031,2024-04-01T00:00:00,2024,04,94.6,",a,,N"
Rhode Island,GHCND:US1RIKN0036,2024-04-01T00:00:00,2024,04,105.6,",,,N"
Rhode Island,GHCND:US1RIKN0037,2024-04-01T00:00:00,2024,04,106.3,"2,,,N"
Rhode Island,GHCND:US1RIKN0038,2024-04-01T00:00:00,2024,04,96.4,",,,N"
Rhode Island,GHCND:US1RIKN0051,2024-04-01T00:00:00,2024,04,101.9,",,,N"
Rhode Island,GHCND:US1RIKN0059,2024-04-01T00:00:00,2024,04,107.8,",,,N"
Rhode Island,GHCND:US1RIKN0062,2024-04-01T00:00:00,2024,04,90.5,"2,,,N"
Rhode Island,GHCND:US1RIKN0065,2024-04-01T00:00:00,2024,04,96.9,"3,,,N"
Rhode Island,GHCND:US1RIKN0067,2024-04-01T00:00:00,2024,04,111.5,",,,N"
Rhode Island,GHCND:US1RIKN0068,2024-04-01T00:00:00,2024,04,68.4,"2,,,N"
Rhode Island,GHCND:US1RIKN0076,2024-04-01T00:00:00,2024,04,102.4,",,,N"
Rhode Island,GHCND:US1RIKN0079,2024-04-01T00:00:00,2024,04,86.9,"4,,,N"
Rhode Island,GHCND:US1RINW0004,2024-04-01T00:00:00,2024,04,61.2,",,,N"
Rhode Island,GHCND:US1RINW0005,2024-04-01T00:00:00,2024,04,103.3,",,,N"
Rhode Island,GHCND:US1RINW0007,2024-04-01T00:00:00,2024,04,102.8,",,,N"
Rhode Island,GHCND:US1RINW0016,2024-04-01T00:00:00,2024,04,94.8,",,,N"
Rhode Island,GHCND:US1RINW0017,2024-04-01T00:00:00,2024,04,101.6,",,,N"
Rhode Island,GHCND:US1RINW0018,2024-04-01T00:00:00,2024,04,94.9,",,,N"
Rhode Island,GHCND:US1RINW0020,2024-04-01T00:00:00,2024,04,96.4,",,,N"
Rhode Island,GHCND:US1RINW0023,2024-04-01T00:00:00,2024,04,92.1,"4,,,N"
Rhode Island,GHCND:US1RINW0027,2024-04-01T00:00:00,2024,04,91.3,",,,N"
Rhode Island,GHCND:US1RINW0028,2024-04-01T00:00:00,2024,04,91.2,"2,,,N"
Rhode Island,GHCND:US1RINW0030,2024-04-01T00:00:00,2024,04,107.8,"1,,,N"
Rhode Island,GHCND:US1RINW0031,2024-04-01T00:00:00,2024,04,88.9,"1,,,N"
Rhode Island,GHCND:US1RINW0032,2024-04-01T00:00:00,2024,04,92.0,",,,N"
Rhode Island,GHCND:US1RINW0036,2024-04-01T00:00:00,2024,04,106.9,",,,N"
Rhode Island,GHCND:US1RIPR0028,2024-04-01T00:00:00,2024,04,104.1,",a,,N"
Rhode Island,GHCND:US1RIPR0033,2024-04-01T00:00:00,2024,04,107.8,",,,N"
Rhode Island,GHCND:US1RIPR0050,2024-04-01T00:00:00,2024,04,101.5,"1,,,N"
Rhode Island,GHCND:US1RIPR0051,2024-04-01T00:00:00,2024,04,104.6,",,,N"
Rhode Island,GHCND:US1RIPR0057,2024-04-01T00:00:00,2024,04,109.6,"2,,,N"
Rhode Island,GHCND:US1RIPR0059,2024-04-01T00:00:00,2024,04,118.3,",,,N"
Rhode Island,GHCND:US1RIPR0067,2024-04-01T00:00:00,2024,04,97.9,",,,N"
Rhode Island,GHCND:US1RIPR0077,2024-04-01T00:00:00,2024,04,89.7,"2,a,,N"
Rhode Island,GHCND:US1RIPR0082,2024-04-01T00:00:00,2024,04,100.6,",,,N"
Rhode Island,GHCND:US1RIPR0089,2024-04-01T00:00:00,2024,04,104.8,",a,,N"
Rhode Island,GHCND:US1RIPR0104,2024-04-01T00:00:00,2024,04,97.0,",,,N"
Rhode Island,GHCND:US1RIPR0106,2024-04-01T00:00:00,2024,04,83.4,"1,,,N"
Rhode Island,GHCND:US1RIPR0108,2024-04-01T00:00:00,2024,04,99.7,",,,N"
Rhode Island,GHCND:US1RIPR0112,2024-04-01T00:00:00,2024,04,96.2,",,,N"
Rhode Island,GHCND:US1RIPR0119,2024-04-01T00:00:00,2024,04,89.5,"1,,,N"
Rhode Island,GHCND:US1RIPR0121,2024-04-01T00:00:00,2024,04,120.2,",,,N"
Rhode Island,GHCND:US1RIPR0130,2024-04-01T00:00:00,2024,04,114.6,",,,N"
Rhode Island,GHCND:US1RIPR0131,2024-04-01T00:00:00,2024,04,105.6,",,,N"
Rhode Island,GHCND:US1RIPR0132,2024-04-01T00:00:00,2024,04,104.8,",a,,N"
Rhode Island,GHCND:US1RIPR0135,2024-04-01T00:00:00,2024,04,102.8,",,,N"
Rhode Island,GHCND:US1RIPR0138,2024-04-01T00:00:00,2024,04,90.9,",,,N"
Rhode Island,GHCND:US1RIPR0140,2024-04-01T00:00:00,2024,04,117.5,",,,N"
Rhode Island,GHCND:US1RIPR0143,2024-04-01T00:00:00,2024,04,91.5,"1,,,N"
Rhode Island,GHCND:US1RIWS0030,2024-04-01T00:00:00,2024,04,104.9,",a,,N"
Rhode Island,GHCND:US1RIWS0031,2024-04-01T00:00:00,2024,04,99.4,"2,,,N"
Rhode Island,GHCND:US1RIWS0036,2024-04-01T00:00:00,2024,04,107.8,",,,N"
Rhode Island,GHCND:US1RIWS0037,2024-04-01T00:00:00,2024,04,101.3,",,,N"
Rhode Island,GHCND:US1RIWS0042,2024-04-01T00:00:00,2024,04,114.1,",,,N"
Rhode Island,GHCND:US1RIWS0045,2024-04-01T00:00:00,2024,04,114.0,",,,N"
Rhode Island,GHCND:US1RIWS0047,2024-04-01T00:00:00,2024,04,117.1,"1,a,,N"
Rhode Island,GHCND:US1RIWS0051,2024-04-01T00:00:00,2024,04,117.1,",a,,N"
Rhode Island,GHCND:US1RIWS0054,2024-04-01T00:00:00,2024,04,114.6,",,,N"
Rhode Island,GHCND:US1RIWS0065,2024-04-01T00:00:00,2024,04,122.6,",,,N"
Rhode Island,GHCND:US1RIWS0067,2024-04-01T00:00:00,2024,04,83.0,"3,a,,N"
Rhode Island,GHCND:US1RIWS0069,2024-04-01T00:00:00,2024,04,120.6,",,,N"
Rhode Island,GHCND:US1RIWS0070,2024-04-01T00:00:00,2024,04,123.4,",a,,N"
Rhode Island,GHCND:US1RIWS0071,2024-04-01T00:00:00,2024,04,108.7,",,,N"
Rhode Island,GHCND:US1RIWS0077,2024-04-01T00:00:00,2024,04,115.8,",,,N"
Rhode Island,GHCND:US1RIWS0080,2024-04-01T00:00:00,2024,04,103.6,"2,,,N"
Rhode Island,GHCND:US1RIWS0081,2024-04-01T00:00:00,2024,04,116.1,",,,N"
Rhode Island,GHCND:US1RIWS0083,2024-04-01T00:00:00,2024,04,113.9,",,,N"
Rhode Island,GHCND:US1RIWS0088,2024-04-01T00:00:00,2024,04,94.8,"4,,,N"
Rhode Island,GHCND:US1RIWS0097,2024-04-01T00:00:00,2024,04,122.4,",a,,N"
Rhode Island,GHCND:US1RIWS0099,2024-04-01T00:00:00,2024,04,112.2,",a,,N"
Rhode Island,GHCND:US1RIWS0101,2024-04-01T00:00:00,2024,04,120.2,",,,N"
Rhode Island,GHCND:US1RIWS0105,2024-04-01T00:00:00,2024,04,104.0,"1,a,,N"
Rhode Island,GHCND:US1RIWS0106,2024-04-01T00:00:00,2024,04,121.4,",,,N"
Rhode Island,GHCND:US1RIWS0107,2024-04-01T00:00:00,2024,04,103.7,",,,N"
Rhode Island,GHCND:US1RIWS0109,2024-04-01T00:00:00,2024,04,119.0,"1,,,N"
Rhode Island,GHCND:US1RIWS0111,2024-04-01T00:00:00,2024,04,109.6,",a,,N"
Rhode Island,GHCND:USC00370897,2024-04-01T00:00:00,2024,04,136.3,",,,7"
Rhode Island,GHCND:USC00371874,2024-04-01T00:00:00,2024,04,106.4,",a,,7"
Rhode Island,GHCND:USC00374266,2024-04-01T00:00:00,2024,04,120.9,",,,7"
Rhode Island,GHCND:USC00375270,2024-04-01T00:00:00,2024,04,118.6,",,,7"
Rhode Island,GHCND:USC00379423,2024-04-01T00:00:00,2024,04,93.4,"1,,,7"
Rhode Island,GHCND:USW00014765,2024-04-01T00:00:00,2024,04,94.0,",,,W"
Rhode Island,GHCND:USW00014787,2024-04-01T00:00:00,2024,04,93.5,",,,W"
Rhode Island,GHCND:USW00014794,2024-04-01T00:00:00,2024,04,74.3,"1,,,W"
Rhode Island,GHCND:USW00054796,2024-04-01T00:00:00,2024,04,112.9,",,,R"
Rhode Island,GHCND:USW00054797,2024-04-01T00:00:00,2024,04,113.5,",,,R"
Rhode Island,GHCND:USW00064710,2024-04-01T00:00:00,2024,04,146.5,",,,W"
Rhode Island,GHCND:US1RIBR0005,2024-05-01T00:00:00,2024,05,160.5,",,,N"
Rhode Island,GHCND:US1RIBR0011,2024-05-01T00:00:00,2024,05,144.9,",a,,N"
Rhode Island,GHCND:US1RIKN0002,2024-05-01T00:00:00,2024,05,176.9,",,,N"
Rhode Island,GHCND:US1RIKN0014,2024-05-01T00:00:00,2024,05,204.4,",,,N"
Rhode Island,GHCND:US1RIKN0021,2024-05-01T00:00:00,2024,05,237.3,",,,N"
Rhode Island,GHCND:US1RIKN0023,2024-05-01T00:00:00,2024,05,171.2,",,,N"
Rhode Island,GHCND:US1RIKN0030,2024-05-01T00:00:00,2024,05,199.6,",a,,N"
Rhode Island,GHCND:US1RIKN0031,2024-05-01T00:00:00,2024,05,166.0,",a,,N"
Rhode Island,GHCND:US1RIKN0036,2024-05-01T00:00:00,2024,05,218.2,",,,N"
Rhode Island,GHCND:US1RIKN0037,2024-05-01T00:00:00,2024,05,172.5,",,,N"
Rhode Island,GHCND:US1RIKN0038,2024-05-01T00:00:00,2024,05,170.8,",,,N"
Rhode Island,GHCND:US1RIKN0051,2024-05-01T00:00:00,2024,05,205.8,",a,,N"
Rhode Island,GHCND:US1RIKN0059,2024-05-01T00:00:00,2024,05,233.5,",,,N"
Rhode Island,GHCND:US1RIKN0062,2024-05-01T00:00:00,2024,05,165.6,"1,,,N"
Rhode Island,GHCND:US1RIKN0065,2024-05-01T00:00:00,2024,05,169.6,"2,,,N"
Rhode Island,GHCND:US1RIKN0067,2024-05-01T00:00:00,2024,05,198.8,"1,,,N"
Rhode Island,GHCND:US1RIKN0068,2024-05-01T00:00:00,2024,05,242.3,"1,,,N"
Rhode Island,GHCND:US1RIKN0076,2024-05-01T00:00:00,2024,05,215.4,"1,,,N"
Rhode Island,GHCND:US1RIKN0079,2024-05-01T00:00:00,2024,05,163.0,"4,,,N"
Rhode Island,GHCND:US1RIKN0083,2024-05-01T00:00:00,2024,05,229.4,",,,N"
Rhode Island,GHCND:US1RINW0004,2024-05-01T00:00:00,2024,05,120.1,",,,N"
Rhode Island,GHCND:US1RINW0005,2024-05-01T00:00:00,2024,05,192.2,",,,N"
Rhode Island,GHCND:US1RINW0016,2024-05-01T00:00:00,2024,05,173.3,",,,N"
Rhode Island,GHCND:US1RINW0017,2024-05-01T00:00:00,2024,05,189.6,",,,N"
Rhode Island,GHCND:US1RINW0018,2024-05-01T00:00:00,2024,05,156.1,",,,N"
Rhode Island,GHCND:US1RINW0020,2024-05-01T00:00:00,2024,05,175.8,",,,N"
Rhode Island,GHCND:US1RINW0027,2024-05-01T00:00:00,2024,05,166.4,",,,N"
Rhode Island,GHCND:US1RINW0028,2024-05-01T00:00:00,2024,05,149.0,",,,N"
Rhode Island,GHCND:US1RINW0030,2024-05-01T00:00:00,2024,05,165.2,",,,N"
Rhode Island,GHCND:US1RINW0031,2024-05-01T00:00:00,2024,05,159.0,"1,,,N"
Rhode Island,GHCND:US1RINW0032,2024-05-01T00:00:00,2024,05,141.5,"2,,,N"
Rhode Island,GHCND:US1RINW0035,2024-05-01T00:00:00,2024,05,168.2,"3,a,,N"
Rhode Island,GHCND:US1RINW0036,2024-05-01T00:00:00,2024,05,144.8,"5,,,N"
Rhode Island,GHCND:US1RIPR0028,2024-05-01T00:00:00,2024,05,180.8,",a,,N"
Rhode Island,GHCND:US1RIPR0033,2024-05-01T00:00:00,2024,05,183.2,",,,N"
Rhode Island,GHCND:US1RIPR0050,2024-05-01T00:00:00,2024,05,208.8,",,,N"
Rhode Island,GHCND:US1RIPR0051,2024-05-01T00:00:00,2024,05,193.2,",,,N"
Rhode Island,GHCND:US1RIPR0055,2024-05-01T00:00:00,2024,05,151.0,",,,N"
Rhode Island,GHCND:US1RIPR0057,2024-05-01T00:00:00,2024,05,221.1,"2,,,N"
Rhode Island,GHCND:US1RIPR0059,2024-05-01T00:00:00,2024,05,184.0,"1,,,N"
Rhode Island,GHCND:US1RIPR0067,2024-05-01T00:00:00,2024,05,205.5,",,,N"
Rhode Island,GHCND:US1RIPR0082,2024-05-01T00:00:00,2024,05,194.4,",,,N"
Rhode Island,GHCND:US1RIPR0084,2024-05-01T00:00:00,2024,05,168.4,",a,,N"
Rhode Island,GHCND:US1RIPR0089,2024-05-01T00:00:00,2024,05,155.4,",,,N"
Rhode Island,GHCND:US1RIPR0104,2024-05-01T00:00:00,2024,05,214.8,",,,N"
Rhode Island,GHCND:US1RIPR0106,2024-05-01T00:00:00,2024,05,110.2,"4,,,N"
Rhode Island,GHCND:US1RIPR0108,2024-05-01T00:00:00,2024,05,163.1,",,,N"
Rhode Island,GHCND:US1RIPR0111,2024-05-01T00:00:00,2024,05,221.9,"3,,,N"
Rhode Island,GHCND:US1RIPR0112,2024-05-01T00:00:00,2024,05,223.1,",,,N"
Rhode Island,GHCND:US1RIPR0119,2024-05-01T00:00:00,2024,05,187.6,",,,N"
Rhode Island,GHCND:US1RIPR0121,2024-05-01T00:00:00,2024,05,192.1,",,,N"
Rhode Island,GHCND:US1RIPR0130,2024-05-01T00:00:00,2024,05,206.6,",,,N"
Rhode Island,GHCND:US1RIPR0131,2024-05-01T00:00:00,2024,05,191.3,"4,,,N"
Rhode Island,GHCND:US1RIPR0140,2024-05-01T00:00:00,2024,05,205.3,",,,N"
Rhode Island,GHCND:US1RIPR0150,2024-05-01T00:00:00,2024,05,181.7,"3,,,N"
Rhode Island,GHCND:US1RIWS0031,2024-05-01T00:00:00,2024,05,204.8,"1,,,N"
Rhode Island,GHCND:US1RIWS0036,2024-05-01T00:00:00,2024,05,167.0,",,,N"
Rhode Island,GHCND:US1RIWS0042,2024-05-01T00:00:00,2024,05,177.6,",,,N"
Rhode Island,GHCND:US1RIWS0045,2024-05-01T00:00:00,2024,05,215.6,"1,a,,N"
Rhode Island,GHCND:US1RIWS0051,2024-05-01T00:00:00,2024,05,175.8,",a,,N"
Rhode Island,GHCND:US1RIWS0052,2024-05-01T00:00:00,2024,05,261.9,"2,,,N"
Rhode Island,GHCND:US1RIWS0054,2024-05-01T00:00:00,2024,05,221.5,",,,N"
Rhode Island,GHCND:US1RIWS0055,2024-05-01T00:00:00,2024,05,237.2,",a,,N"
Rhode Island,GHCND:US1RIWS0065,2024-05-01T00:00:00,2024,05,248.7,",,,N"
Rhode Island,GHCND:US1RIWS0069,2024-05-01T00:00:00,2024,05,199.1,",,,N"
Rhode Island,GHCND:US1RIWS0080,2024-05-01T00:00:00,2024,05,173.2,"2,,,N"
Rhode Island,GHCND:US1RIWS0081,2024-05-01T00:00:00,2024,05,233.0,",,,N"
Rhode Island,GHCND:US1RIWS0083,2024-05-01T00:00:00,2024,05,236.4,"3,,,N"
Rhode Island,GHCND:US1RIWS0095,2024-05-01T00:00:00,2024,05,149.1,"4,,,N"
Rhode Island,GHCND:US1RIWS0097,2024-05-01T00:00:00,2024,05,229.5,",a,,N"
Rhode Island,GHCND:US1RIWS0099,2024-05-01T00:00:00,2024,05,143.6,",,,N"
Rhode Island,GHCND:US1RIWS0101,2024-05-01T00:00:00,2024,05,217.7,",,,N"
Rhode Island,GHCND:US1RIWS0104,2024-05-01T00:00:00,2024,05,198.2,"5,,,N"
Rhode Island,GHCND:US1RIWS0105,2024-05-01T00:00:00,2024,05,208.1,"1,,,N"
Rhode Island,GHCND:US1RIWS0106,2024-05-01T00:00:00,2024,05,242.2,",,,N"
Rhode Island,GHCND:US1RIWS0107,2024-05-01T00:00:00,2024,05,166.5,"1,,,N"
Rhode Island,GHCND:US1RIWS0108,2024-05-01T00:00:00,2024,05,180.7,"5,,,N"
Rhode Island,GHCND:US1RIWS0110,2024-05-01T00:00:00,2024,05,228.3,",,,N"
Rhode Island,GHCND:US1RIWS0111,2024-05-01T00:00:00,2024,05,180.3,"1,,,N"
Rhode Island,GHCND:USC00370897,2024-05-01T00:00:00,2024,05,149.9,",,,7"
Rhode Island,GHCND:USC00371874,2024-05-01T00:00:00,2024,05,236.6,",a,,7"
Rhode Island,GHCND:USC00374266,2024-05-01T00:00:00,2024,05,209.8,",,,7"
Rhode Island,GHCND:USC00375270,2024-05-01T00:00:00,2024,05,169.9,",,,7"
Rhode Island,GHCND:USC00379423,2024-05-01T00:00:00,2024,05,158.4,",,,7"
Rhode Island,GHCND:USW00014765,2024-05-01T00:00:00,2024,05,192.3,",,,W"
Rhode Island,GHCND:USW00014787,2024-05-01T00:00:00,2024,05,150.2,"1,,,W"
Rhode Island,GHCND:USW00014794,2024-05-01T00:00:00,2024,05,170.5,",,,W"
Rhode Island,GHCND:USW00054796,2024-05-01T00:00:00,2024,05,205.0,",,,R"
Rhode Island,GHCND:USW00054797,2024-05-01T00:00:00,2024,05,219.8,",,,R"
Rhode Island,GHCND:USW00064710,2024-05-01T00:00:00,2024,05,262.1,",,,W"
Rhode Island,GHCND:US1RIBR0005,2024-06-01T00:00:00,2024,06,97.8,",a,,N"
Rhode Island,GHCND:US1RIBR0011,2024-06-01T00:00:00,2024,06,89.6,"2,,,N"
Rhode Island,GHCND:US1RIBR0018,2024-06-01T00:00:00,2024,06,93.0,"1,a,,N"
Rhode Island,GHCND:US1RIKN0002,2024-06-01T00:00:00,2024,06,112.3,",,,N"
Rhode Island,GHCND:US1RIKN0014,2024-06-01T00:00:00,2024,06,139.1,",,,N"
Rhode Island,GHCND:US1RIKN0015,2024-06-01T00:00:00,2024,06,147.5,",a,,N"
Rhode Island,GHCND:US1RIKN0021,2024-06-01T00:00:00,2024,06,124.3,",,,N"
Rhode Island,GHCND:US1RIKN0023,2024-06-01T00:00:00,2024,06,105.0,",,,N"
Rhode Island,GHCND:US1RIKN0031,2024-06-01T00:00:00,2024,06,104.1,",a,,N"
Rhode Island,GHCND:US1RIKN0036,2024-06-01T00:00:00,2024,06,98.8,",,,N"
Rhode Island,GHCND:US1RIKN0037,2024-06-01T00:00:00,2024,06,52.1,"5,,,N"
Rhode Island,GHCND:US1RIKN0038,2024-06-01T00:00:00,2024,06,109.9,",,,N"
Rhode Island,GHCND:US1RIKN0045,2024-06-01T00:00:00,2024,06,128.5,",,,N"
Rhode Island,GHCND:US1RIKN0051,2024-06-01T00:00:00,2024,06,134.9,"1,a,,N"
Rhode Island,GHCND:US1RIKN0059,2024-06-01T00:00:00,2024,06,151.2,",,,N"
Rhode Island,GHCND:US1RIKN0062,2024-06-01T00:00:00,2024,06,99.7,"4,,,N"
Rhode Island,GHCND:US1RIKN0065,2024-06-01T00:00:00,2024,06,104.3,"1,,,N"
Rhode Island,GHCND:US1RIKN0068,2024-06-01T00:00:00,2024,06,121.6,"3,,,N"
Rhode Island,GHCND:US1RIKN0076,2024-06-01T00:00:00,2024,06,132.6,"1,,,N"
Rhode Island,GHCND:US1RIKN0083,2024-06-01T00:00:00,2024,06,114.1,",,,N"
Rhode Island,GHCND:US1RINW0004,2024-06-01T00:00:00,2024,06,78.9,",,,N"
Rhode Island,GHCND:US1RINW0005,2024-06-01T00:00:00,2024,06,96.6,",a,,N"
Rhode Island,GHCND:US1RINW0007,2024-06-01T00:00:00,2024,06,90.7,",,,N"
Rhode Island,GHCND:US1RINW0016,2024-06-01T00:00:00,2024,06,116.9,",,,N"
Rhode Island,GHCND:US1RINW0017,2024-06-01T00:00:00,2024,06,80.7,",,,N"
Rhode Island,GHCND:US1RINW0018,2024-06-01T00:00:00,2024,06,95.9,",,,N"
Rhode Island,GHCND:US1RINW0020,2024-06-01T00:00:00,2024,06,89.0,",,,N"
Rhode Island,GHCND:US1RINW0027,2024-06-01T00:00:00,2024,06,70.3,",,,N"
Rhode Island,GHCND:US1RINW0028,2024-06-01T00:00:00,2024,06,74.9,"2,,,N"
Rhode Island,GHCND:US1RINW0030,2024-06-01T00:00:00,2024,06,103.1,",,,N"
Rhode Island,GHCND:US1RINW0031,2024-06-01T00:00:00,2024,06,61.0,"2,a,,N"
Rhode Island,GHCND:US1RINW0032,2024-06-01T00:00:00,2024,06,97.1,",,,N"
Rhode Island,GHCND:US1RINW0035,2024-06-01T00:00:00,2024,06,95.7,"3,,,N"
Rhode Island,GHCND:US1RINW0036,2024-06-01T00:00:00,2024,06,67.5,",,,N"
Rhode Island,GHCND:US1RIPR0028,2024-06-01T00:00:00,2024,06,82.0,"2,a,,N"
Rhode Island,GHCND:US1RIPR0033,2024-06-01T00:00:00,2024,06,86.3,",,,N"
Rhode Island,GHCND:US1RIPR0050,2024-06-01T00:00:00,2024,06,72.4,",,,N"
Rhode Island,GHCND:US1RIPR0051,2024-06-01T00:00:00,2024,06,83.3,",,,N"
Rhode Island,GHCND:US1RIPR0055,2024-06-01T00:00:00,2024,06,71.2,",,,N"
Rhode Island,GHCND:US1RIPR0057,2024-06-01T00:00:00,2024,06,117.9,",,,N"
Rhode Island,GHCND:US1RIPR0059,2024-06-01T00:00:00,2024,06,80.1,"4,,,N"
Rhode Island,GHCND:US1RIPR0077,2024-06-01T00:00:00,2024,06,72.6,"5,a,,N"
Rhode Island,GHCND:US1RIPR0081,2024-06-01T00:00:00,2024,06,56.1,"4,,,N"
Rhode Island,GHCND:US1RIPR0082,2024-06-01T00:00:00,2024,06,63.1,",,,N"
Rhode Island,GHCND:US1RIPR0084,2024-06-01T00:00:00,2024,06,46.5,",a,,N"
Rhode Island,GHCND:US1RIPR0089,2024-06-01T00:00:00,2024,06,70.3,",,,N"
Rhode Island,GHCND:US1RIPR0104,2024-06-01T00:00:00,2024,06,62.3,",,,N"
Rhode Island,GHCND:US1RIPR0108,2024-06-01T00:00:00,2024,06,118.4,",,,N"
Rhode Island,GHCND:US1RIPR0111,2024-06-01T00:00:00,2024,06,92.1,"4,,,N"
Rhode Island,GHCND:US1RIPR0112,2024-06-01T00:00:00,2024,06,72.7,",,,N"
Rhode Island,GHCND:US1RIPR0119,2024-06-01T00:00:00,2024,06,81.6,"4,,,N"
Rhode Island,GHCND:US1RIPR0121,2024-06-01T00:00:00,2024,06,86.7,",,,N"
Rhode Island,GHCND:US1RIPR0130,2024-06-01T00:00:00,2024,06,81.6,",,,N"
Rhode Island,GHCND:US1RIPR0131,2024-06-01T00:00:00,2024,06,71.1,",,,N"
Rhode Island,GHCND:US1RIPR0135,2024-06-01T00:00:00,2024,06,68.1,"4,,,N"
Rhode Island,GHCND:US1RIPR0138,2024-06-01T00:00:00,2024,06,78.7,",,,N"
Rhode Island,GHCND:US1RIPR0140,2024-06-01T00:00:00,2024,06,114.2,",,,N"
Rhode Island,GHCND:US1RIPR0150,2024-06-01T00:00:00,2024,06,60.6,"1,,,N"
Rhode Island,GHCND:US1RIPR0151,2024-06-01T00:00:00,2024,06,77.0,",,,N"
Rhode Island,GHCND:US1RIWS0030,2024-06-01T00:00:00,2024,06,114.6,"2,,,N"
Rhode Island,GHCND:US1RIWS0031,2024-06-01T00:00:00,2024,06,105.7,"2,a,,N"
Rhode Island,GHCND:US1RIWS0036,2024-06-01T00:00:00,2024,06,92.7,",,,N"
Rhode Island,GHCND:US1RIWS0037,2024-06-01T00:00:00,2024,06,89.2,"5,,,N"
Rhode Island,GHCND:US1RIWS0040,2024-06-01T00:00:00,2024,06,110.9,",,,N"
Rhode Island,GHCND:US1RIWS0042,2024-06-01T00:00:00,2024,06,153.0,",,,N"
Rhode Island,GHCND:US1RIWS0045,2024-06-01T00:00:00,2024,06,78.3,"3,,,N"
Rhode Island,GHCND:US1RIWS0047,2024-06-01T00:00:00,2024,06,112.3,",,,N"
Rhode Island,GHCND:US1RIWS0051,2024-06-01T00:00:00,2024,06,82.2,"1,a,,N"
Rhode Island,GHCND:US1RIWS0052,2024-06-01T00:00:00,2024,06,97.6,"3,a,,N"
Rhode Island,GHCND:US1RIWS0054,2024-06-01T00:00:00,2024,06,116.3,",,,N"
Rhode Island,GHCND:US1RIWS0055,2024-06-01T00:00:00,2024,06,98.3,",,,N"
Rhode Island,GHCND:US1RIWS0058,2024-06-01T00:00:00,2024,06,91.4,"1,,,N"
Rhode Island,GHCND:US1RIWS0065,2024-06-01T00:00:00,2024,06,86.1,",,,N"
Rhode Island,GHCND:US1RIWS0066,2024-06-01T00:00:00,2024,06,99.8,"1,,,N"
Rhode Island,GHCND:US1RIWS0069,2024-06-01T00:00:00,2024,06,87.6,",,,N"
Rhode Island,GHCND:US1RIWS0070,2024-06-01T00:00:00,2024,06,94.0,",a,,N"
Rhode Island,GHCND:US1RIWS0071,2024-06-01T00:00:00,2024,06,89.9,",,,N"
Rhode Island,GHCND:US1RIWS0077,2024-06-01T00:00:00,2024,06,84.8,",a,,N"
Rhode Island,GHCND:US1RIWS0080,2024-06-01T00:00:00,2024,06,96.6,"2,,,N"
Rhode Island,GHCND:US1RIWS0081,2024-06-01T00:00:00,2024,06,96.0,",,,N"
Rhode Island,GHCND:US1RIWS0092,2024-06-01T00:00:00,2024,06,83.6,"1,a,,N"
Rhode Island,GHCND:US1RIWS0097,2024-06-01T00:00:00,2024,06,118.9,",a,,N"
Rhode Island,GHCND:US1RIWS0101,2024-06-01T00:00:00,2024,06,116.6,",,,N"
Rhode Island,GHCND:US1RIWS0104,2024-06-01T00:00:00,2024,06,123.4,"3,,,N"
Rhode Island,GHCND:US1RIWS0106,2024-06-01T00:00:00,2024,06,95.0,",,,N"
Rhode Island,GHCND:US1RIWS0107,2024-06-01T00:00:00,2024,06,100.0,",,,N"
Rhode Island,GHCND:US1RIWS0108,2024-06-01T00:00:00,2024,06,114.1,"3,,,N"
Rhode Island,GHCND:US1RIWS0110,2024-06-01T00:00:00,2024,06,102.6,"2,,,N"
Rhode Island,GHCND:US1RIWS0111,2024-06-01T00:00:00,2024,06,137.5,",,,N"
Rhode Island,GHCND:USC00370897,2024-06-01T00:00:00,2024,06,146.5,",,,7"
Rhode Island,GHCND:USC00371874,2024-06-01T00:00:00,2024,06,120.4,"2,a,,7"
Rhode Island,GHCND:USC00374266,2024-06-01T00:00:00,2024,06,102.9,",,,7"
Rhode Island,GHCND:USC00375270,2024-06-01T00:00:00,2024,06,84.6,",,,7"
Rhode Island,GHCND:USC00379423,2024-06-01T00:00:00,2024,06,86.5,",,,7"
Rhode Island,GHCND:USW00014765,2024-06-01T00:00:00,2024,06,145.1,",,,W"
Rhode Island,GHCND:USW00014787,2024-06-01T00:00:00,2024,06,117.3,",,,W"
Rhode Island,GHCND:USW00014794,2024-06-01T00:00:00,2024,06,120.6,",,,W"
Rhode Island,GHCND:USW00054796,2024-06-01T00:00:00,2024,06,100.0,",,,R"
Rhode Island,GHCND:USW00054797,2024-06-01T00:00:00,2024,06,104.0,",,,R"
Rhode Island,GHCND:USW00064710,2024-06-01T00:00:00,2024,06,105.3,",,,W"
Rhode Island,GHCND:US1RIBR0011,2024-07-01T00:00:00,2024,07,70.0,"1,a,,N"
Rhode Island,GHCND:US1RIKN0002,2024-07-01T00:00:00,2024,07,101.6,",,,N"
Rhode Island,GHCND:US1RIKN0014,2024-07-01T00:00:00,2024,07,165.1,",,,N"
Rhode Island,GHCND:US1RIKN0021,2024-07-01T00:00:00,2024,07,128.0,",,,N"
Rhode Island,GHCND:US1RIKN0023,2024-07-01T00:00:00,2024,07,100.2,"3,,,N"
Rhode Island,GHCND:US1RIKN0031,2024-07-01T00:00:00,2024,07,114.5,",a,,N"
Rhode Island,GHCND:US1RIKN0036,2024-07-01T00:00:00,2024,07,102.0,",,,N"
Rhode Island,GHCND:US1RIKN0037,2024-07-01T00:00:00,2024,07,117.2,",a,,N"
Rhode Island,GHCND:US1RIKN0038,2024-07-01T00:00:00,2024,07,121.9,",,,N"
Rhode Island,GHCND:US1RIKN0045,2024-07-01T00:00:00,2024,07,124.5,",,,N"
Rhode Island,GHCND:US1RIKN0051,2024-07-01T00:00:00,2024,07,133.1,",,,N"
Rhode Island,GHCND:US1RIKN0059,2024-07-01T00:00:00,2024,07,136.3,",,,N"
Rhode Island,GHCND:US1RIKN0062,2024-07-01T00:00:00,2024,07,103.5,"5,a,,N"
Rhode Island,GHCND:US1RIKN0065,2024-07-01T00:00:00,2024,07,132.8,",,,N"
Rhode Island,GHCND:US1RIKN0068,2024-07-01T00:00:00,2024,07,144.8,",,,N"
Rhode Island,GHCND:US1RIKN0076,2024-07-01T00:00:00,2024,07,137.9,"1,,,N"
Rhode Island,GHCND:US1RIKN0079,2024-07-01T00:00:00,2024,07,114.2,"1,,,N"
Rhode Island,GHCND:US1RIKN0080,2024-07-01T00:00:00,2024,07,126.7,"3,a,,N"
Rhode Island,GHCND:US1RIKN0083,2024-07-01T00:00:00,2024,07,110.6,",,,N"
Rhode Island,GHCND:US1RINW0004,2024-07-01T00:00:00,2024,07,68.9,",,,N"
Rhode Island,GHCND:US1RINW0005,2024-07-01T00:00:00,2024,07,112.3,",,,N"
Rhode Island,GHCND:US1RINW0007,2024-07-01T00:00:00,2024,07,105.7,"1,,,N"
Rhode Island,GHCND:US1RINW0016,2024-07-01T00:00:00,2024,07,115.3,"1,,,N"
Rhode Island,GHCND:US1RINW0017,2024-07-01T00:00:00,2024,07,110.8,",,,N"
Rhode Island,GHCND:US1RINW0018,2024-07-01T00:00:00,2024,07,99.7,",,,N"
Rhode Island,GHCND:US1RINW0020,2024-07-01T00:00:00,2024,07,80.0,",,,N"
Rhode Island,GHCND:US1RINW0027,2024-07-01T00:00:00,2024,07,109.7,",,,N"
Rhode Island,GHCND:US1RINW0028,2024-07-01T00:00:00,2024,07,67.2,"2,,,N"
Rhode Island,GHCND:US1RINW0030,2024-07-01T00:00:00,2024,07,105.0,",,,N"
Rhode Island,GHCND:US1RINW0031,2024-07-01T00:00:00,2024,07,92.5,",,,N"
Rhode Island,GHCND:US1RINW0032,2024-07-01T00:00:00,2024,07,121.9,",,,N"
Rhode Island,GHCND:US1RINW0035,2024-07-01T00:00:00,2024,07,85.8,"2,,,N"
Rhode Island,GHCND:US1RIPR0028,2024-07-01T00:00:00,2024,07,57.6,"3,a,,N"
Rhode Island,GHCND:US1RIPR0033,2024-07-01T00:00:00,2024,07,81.9,",,,N"
Rhode Island,GHCND:US1RIPR0050,2024-07-01T00:00:00,2024,07,84.1,",,,N"
Rhode Island,GHCND:US1RIPR0051,2024-07-01T00:00:00,2024,07,65.3,",,,N"
Rhode Island,GHCND:US1RIPR0055,2024-07-01T00:00:00,2024,07,46.9,"4,a,,N"
Rhode Island,GHCND:US1RIPR0057,2024-07-01T00:00:00,2024,07,123.9,"2,,,N"
Rhode Island,GHCND:US1RIPR0059,2024-07-01T00:00:00,2024,07,69.0,",,,N"
Rhode Island,GHCND:US1RIPR0084,2024-07-01T00:00:00,2024,07,50.9,",,,N"
Rhode Island,GHCND:US1RIPR0089,2024-07-01T00:00:00,2024,07,60.4,"1,,,N"
Rhode Island,GHCND:US1RIPR0104,2024-07-01T00:00:00,2024,07,86.8,"1,,,N"
Rhode Island,GHCND:US1RIPR0106,2024-07-01T00:00:00,2024,07,67.8,"3,,,N"
Rhode Island,GHCND:US1RIPR0108,2024-07-01T00:00:00,2024,07,136.8,",,,N"
Rhode Island,GHCND:US1RIPR0111,2024-07-01T00:00:00,2024,07,143.8,"1,,,N"
Rhode Island,GHCND:US1RIPR0112,2024-07-01T00:00:00,2024,07,121.3,",,,N"
Rhode Island,GHCND:US1RIPR0119,2024-07-01T00:00:00,2024,07,101.8,"1,,,N"
Rhode Island,GHCND:US1RIPR0121,2024-07-01T00:00:00,2024,07,98.1,",,,N"
Rhode Island,GHCND:US1RIPR0130,2024-07-01T00:00:00,2024,07,88.7,",,,N"
Rhode Island,GHCND:US1RIPR0131,2024-07-01T00:00:00,2024,07,71.6,",,,N"
Rhode Island,GHCND:US1RIPR0132,2024-07-01T00:00:00,2024,07,85.3,",,,N"
Rhode Island,GHCND:US1RIPR0135,2024-07-01T00:00:00,2024,07,83.8,",a,,N"
Rhode Island,GHCND:US1RIPR0138,2024-07-01T00:00:00,2024,07,99.5,",,,N"
Rhode Island,GHCND:US1RIPR0140,2024-07-01T00:00:00,2024,07,115.7,"2,,,N"
Rhode Island,GHCND:US1RIPR0150,2024-07-01T00:00:00,2024,07,73.8,",a,,N"
Rhode Island,GHCND:US1RIPR0151,2024-07-01T00:00:00,2024,07,103.9,",,,N"
Rhode Island,GHCND:US1RIWS0030,2024-07-01T00:00:00,2024,07,139.0,"1,,,N"
Rhode Island,GHCND:US1RIWS0036,2024-07-01T00:00:00,2024,07,145.4,",,,N"
Rhode Island,GHCND:US1RIWS0040,2024-07-01T00:00:00,2024,07,115.4,"1,,,N"
Rhode Island,GHCND:US1RIWS0042,2024-07-01T00:00:00,2024,07,153.8,",,,N"
Rhode Island,GHCND:US1RIWS0047,2024-07-01T00:00:00,2024,07,154.0,",,,N"
Rhode Island,GHCND:US1RIWS0051,2024-07-01T00:00:00,2024,07,127.9,"4,a,,N"
Rhode Island,GHCND:US1RIWS0052,2024-07-01T00:00:00,2024,07,123.6,"2,,,N"
Rhode Island,GHCND:US1RIWS0054,2024-07-01T00:00:00,2024,07,112.1,",,,N"
Rhode Island,GHCND:US1RIWS0055,2024-07-01T00:00:00,2024,07,139.5,",,,N"
Rhode Island,GHCND:US1RIWS0065,2024-07-01T00:00:00,2024,07,144.1,",,,N"
Rhode Island,GHCND:US1RIWS0067,2024-07-01T00:00:00,2024,07,128.6,"3,a,,N"
Rhode Island,GHCND:US1RIWS0069,2024-07-01T00:00:00,2024,07,106.0,",,,N"
Rhode Island,GHCND:US1RIWS0070,2024-07-01T00:00:00,2024,07,137.8,",,,N"
Rhode Island,GHCND:US1RIWS0071,2024-07-01T00:00:00,2024,07,150.9,"2,,,N"
Rhode Island,GHCND:US1RIWS0077,2024-07-01T00:00:00,2024,07,156.3,",,,N"
Rhode Island,GHCND:US1RIWS0080,2024-07-01T00:00:00,2024,07,174.3,"1,,,N"
Rhode Island,GHCND:US1RIWS0081,2024-07-01T00:00:00,2024,07,134.0,"1,,,N"
Rhode Island,GHCND:US1RIWS0083,2024-07-01T00:00:00,2024,07,137.5,"5,,,N"
Rhode Island,GHCND:US1RIWS0092,2024-07-01T00:00:00,2024,07,153.7,",a,,N"
Rhode Island,GHCND:US1RIWS0097,2024-07-01T00:00:00,2024,07,108.4,",a,,N"
Rhode Island,GHCND:US1RIWS0099,2024-07-01T00:00:00,2024,07,161.7,",,,N"
Rhode Island,GHCND:US1RIWS0100,2024-07-01T00:00:00,2024,07,114.3,"1,a,,N"
Rhode Island,GHCND:US1RIWS0101,2024-07-01T00:00:00,2024,07,113.7,",,,N"
Rhode Island,GHCND:US1RIWS0104,2024-07-01T00:00:00,2024,07,147.3,"1,,,N"
Rhode Island,GHCND:US1RIWS0105,2024-07-01T00:00:00,2024,07,158.8,"5,,,N"
Rhode Island,GHCND:US1RIWS0106,2024-07-01T00:00:00,2024,07,137.7,",,,N"
Rhode Island,GHCND:US1RIWS0107,2024-07-01T00:00:00,2024,07,138.3,"2,,,N"
Rhode Island,GHCND:US1RIWS0108,2024-07-01T00:00:00,2024,07,146.1,"2,,,N"
Rhode Island,GHCND:US1RIWS0109,2024-07-01T00:00:00,2024,07,118.9,"2,,,N"
Rhode Island,GHCND:US1RIWS0110,2024-07-01T00:00:00,2024,07,127.7,"1,a,,N"
Rhode Island,GHCND:US1RIWS0111,2024-07-01T00:00:00,2024,07,97.4,"1,a,,N"
Rhode Island,GHCND:USC00370897,2024-07-01T00:00:00,2024,07,85.7,",,,7"
Rhode Island,GHCND:USC00371874,2024-07-01T00:00:00,2024,07,95.5,"2,a,,7"
Rhode Island,GHCND:USC00374266,2024-07-01T00:00:00,2024,07,136.6,",,,7"
Rhode Island,GHCND:USC00375270,2024-07-01T00:00:00,2024,07,116.6,",,,7"
Rhode Island,GHCND:USC00379423,2024-07-01T00:00:00,2024,07,97.8,",,,7"
Rhode Island,GHCND:USW00014765,2024-07-01T00:00:00,2024,07,90.8,",,,W"
Rhode Island,GHCND:USW00014787,2024-07-01T00:00:00,2024,07,111.6,",,,W"
Rhode Island,GHCND:USW00014794,2024-07-01T00:00:00,2024,07,111.5,",,,W"
Rhode Island,GHCND:USW00054796,2024-07-01T00:00:00,2024,07,114.6,"1,,,R"
Rhode Island,GHCND:USW00054797,2024-07-01T00:00:00,2024,07,137.5,",,,R"
Rhode Island,GHCND:USW00064710,2024-07-01T00:00:00,2024,07,104.3,",,,W"
Rhode Island,GHCND:US1RIKN0002,2024-08-01T00:00:00,2024,08,140.6,",,,N"
Rhode Island,GHCND:US1RIKN0014,2024-08-01T00:00:00,2024,08,106.3,",,,N"
Rhode Island,GHCND:US1RIKN0021,2024-08-01T00:00:00,2024,08,88.4,",,,N"
Rhode Island,GHCND:US1RIKN0023,2024-08-01T00:00:00,2024,08,142.7,"1,,,N"
Rhode Island,GHCND:US1RIKN0031,2024-08-01T00:00:00,2024,08,146.1,",a,,N"
Rhode Island,GHCND:US1RIKN0036,2024-08-01T00:00:00,2024,08,98.0,",,,N"
Rhode Island,GHCND:US1RIKN0038,2024-08-01T00:00:00,2024,08,147.0,"1,,,N"
Rhode Island,GHCND:US1RIKN0045,2024-08-01T00:00:00,2024,08,105.7,",,,N"
Rhode Island,GHCND:US1RIKN0051,2024-08-01T00:00:00,2024,08,67.2,"3,,,N"
Rhode Island,GHCND:US1RIKN0059,2024-08-01T00:00:00,2024,08,109.2,",,,N"
Rhode Island,GHCND:US1RIKN0065,2024-08-01T00:00:00,2024,08,141.9,"1,,,N"
Rhode Island,GHCND:US1RIKN0067,2024-08-01T00:00:00,2024,08,85.7,"4,a,,N"
Rhode Island,GHCND:US1RIKN0068,2024-08-01T00:00:00,2024,08,92.7,"2,,,N"
Rhode Island,GHCND:US1RIKN0076,2024-08-01T00:00:00,2024,08,103.5,"4,,,N"
Rhode Island,GHCND:US1RIKN0079,2024-08-01T00:00:00,2024,08,161.2,"2,,,N"
Rhode Island,GHCND:US1RIKN0080,2024-08-01T00:00:00,2024,08,90.4,"2,a,,N"
Rhode Island,GHCND:US1RINW0004,2024-08-01T00:00:00,2024,08,87.6,",,,N"
Rhode Island,GHCND:US1RINW0005,2024-08-01T00:00:00,2024,08,89.2,",,,N"
Rhode Island,GHCND:US1RINW0007,2024-08-01T00:00:00,2024,08,72.0,"1,,,N"
Rhode Island,GHCND:US1RINW0016,2024-08-01T00:00:00,2024,08,102.1,",,,N"
Rhode Island,GHCND:US1RINW0017,2024-08-01T00:00:00,2024,08,90.3,",,,N"
Rhode Island,GHCND:US1RINW0018,2024-08-01T00:00:00,2024,08,101.1,",,,N"
Rhode Island,GHCND:US1RINW0020,2024-08-01T00:00:00,2024,08,143.9,",,,N"
Rhode Island,GHCND:US1RINW0027,2024-08-01T00:00:00,2024,08,109.3,",,,N"
Rhode Island,GHCND:US1RINW0028,2024-08-01T00:00:00,2024,08,129.1,"1,,,N"
Rhode Island,GHCND:US1RINW0030,2024-08-01T00:00:00,2024,08,95.4,",,,N"
Rhode Island,GHCND:US1RINW0031,2024-08-01T00:00:00,2024,08,82.9,",a,,N"
Rhode Island,GHCND:US1RINW0032,2024-08-01T00:00:00,2024,08,132.5,",,,N"
Rhode Island,GHCND:US1RIPR0033,2024-08-01T00:00:00,2024,08,113.6,",,,N"
Rhode Island,GHCND:US1RIPR0050,2024-08-01T00:00:00,2024,08,111.8,",,,N"
Rhode Island,GHCND:US1RIPR0051,2024-08-01T00:00:00,2024,08,82.9,",,,N"
Rhode Island,GHCND:US1RIPR0055,2024-08-01T00:00:00,2024,08,106.4,",a,,N"
Rhode Island,GHCND:US1RIPR0057,2024-08-01T00:00:00,2024,08,96.7,"5,,,N"
Rhode Island,GHCND:US1RIPR0059,2024-08-01T00:00:00,2024,08,115.9,",,,N"
Rhode Island,GHCND:US1RIPR0067,2024-08-01T00:00:00,2024,08,75.9,"1,,,N"
Rhode Island,GHCND:US1RIPR0082,2024-08-01T00:00:00,2024,08,81.1,",,,N"
Rhode Island,GHCND:US1RIPR0104,2024-08-01T00:00:00,2024,08,90.2,",,,N"
Rhode Island,GHCND:US1RIPR0106,2024-08-01T00:00:00,2024,08,76.7,"1,,,N"
Rhode Island,GHCND:US1RIPR0108,2024-08-01T00:00:00,2024,08,111.8,",,,N"
Rhode Island,GHCND:US1RIPR0111,2024-08-01T00:00:00,2024,08,118.6,"1,,,N"
Rhode Island,GHCND:US1RIPR0112,2024-08-01T00:00:00,2024,08,89.5,",,,N"
Rhode Island,GHCND:US1RIPR0119,2024-08-01T00:00:00,2024,08,77.6,"2,,,N"
Rhode Island,GHCND:US1RIPR0121,2024-08-01T00:00:00,2024,08,93.2,",,,N"
Rhode Island,GHCND:US1RIPR0132,2024-08-01T00:00:00,2024,08,120.7,"1,,,N"
Rhode Island,GHCND:US1RIPR0135,2024-08-01T00:00:00,2024,08,90.2,",,,N"
Rhode Island,GHCND:US1RIPR0138,2024-08-01T00:00:00,2024,08,96.6,",,,N"
Rhode Island,GHCND:US1RIPR0140,2024-08-01T00:00:00,2024,08,83.9,",,,N"
Rhode Island,GHCND:US1RIPR0143,2024-08-01T00:00:00,2024,08,93.7,",,,N"
Rhode Island,GHCND:US1RIPR0150,2024-08-01T00:00:00,2024,08,84.8,"3,,,N"
Rhode Island,GHCND:US1RIPR0151,2024-08-01T00:00:00,2024,08,103.6,",,,N"
Rhode Island,GHCND:US1RIWS0030,2024-08-01T00:00:00,2024,08,104.3,"2,,,N"
Rhode Island,GHCND:US1RIWS0031,2024-08-01T00:00:00,2024,08,155.6,",,,N"
Rhode Island,GHCND:US1RIWS0036,2024-08-01T00:00:00,2024,08,171.6,",,,N"
Rhode Island,GHCND:US1RIWS0037,2024-08-01T00:00:00,2024,08,98.0,"3,,,N"
Rhode Island,GHCND:US1RIWS0042,2024-08-01T00:00:00,2024,08,153.2,",a,,N"
Rhode Island,GHCND:US1RIWS0045,2024-08-01T00:00:00,2024,08,143.9,"5,,,N"
Rhode Island,GHCND:US1RIWS0047,2024-08-01T00:00:00,2024,08,141.8,",,,N"
Rhode Island,GHCND:US1RIWS0052,2024-08-01T00:00:00,2024,08,86.6,"4,,,N"
Rhode Island,GHCND:US1RIWS0054,2024-08-01T00:00:00,2024,08,183.6,",,,N"
Rhode Island,GHCND:US1RIWS0055,2024-08-01T00:00:00,2024,08,108.5,"2,a,,N"
Rhode Island,GHCND:US1RIWS0065,2024-08-01T00:00:00,2024,08,115.4,",,,N"
Rhode Island,GHCND:US1RIWS0066,2024-08-01T00:00:00,2024,08,92.7,"1,,,N"
Rhode Island,GHCND:US1RIWS0069,2024-08-01T00:00:00,2024,08,162.9,"1,,,N"
Rhode Island,GHCND:US1RIWS0070,2024-08-01T00:00:00,2024,08,119.5,",a,,N"
Rhode Island,GHCND:US1RIWS0077,2024-08-01T00:00:00,2024,08,135.9,"1,a,,N"
Rhode Island,GHCND:US1RIWS0080,2024-08-01T00:00:00,2024,08,141.9,",,,N"
Rhode Island,GHCND:US1RIWS0081,2024-08-01T00:00:00,2024,08,114.4,",,,N"
Rhode Island,GHCND:US1RIWS0092,2024-08-01T00:00:00,2024,08,159.5,",,,N"
Rhode Island,GHCND:US1RIWS0099,2024-08-01T00:00:00,2024,08,106.5,",,,N"
Rhode Island,GHCND:US1RIWS0101,2024-08-01T00:00:00,2024,08,179.9,",,,N"
Rhode Island,GHCND:US1RIWS0104,2024-08-01T00:00:00,2024,08,147.8,"3,,,N"
Rhode Island,GHCND:US1RIWS0105,2024-08-01T00:00:00,2024,08,128.7,"2,,,N"
Rhode Island,GHCND:US1RIWS0106,2024-08-01T00:00:00,2024,08,118.3,",,,N"
Rhode Island,GHCND:US1RIWS0107,2024-08-01T00:00:00,2024,08,128.9,",,,N"
Rhode Island,GHCND:US1RIWS0108,2024-08-01T00:00:00,2024,08,131.0,"3,,,N"
Rhode Island,GHCND:US1RIWS0110,2024-08-01T00:00:00,2024,08,106.0,",a,,N"
Rhode Island,GHCND:USC00370897,2024-08-01T00:00:00,2024,08,111.3,",,,7"
Rhode Island,GHCND:USC00371874,2024-08-01T00:00:00,2024,08,93.5,"1,a,,7"
Rhode Island,GHCND:USC00374266,2024-08-01T00:00:00,2024,08,144.3,",,,7"
Rhode Island,GHCND:USC00375270,2024-08-01T00:00:00,2024,08,86.2,",,,7"
Rhode Island,GHCND:USC00379423,2024-08-01T00:00:00,2024,08,91.8,",a,,7"
Rhode Island,GHCND:USW00014765,2024-08-01T00:00:00,2024,08,123.1,",,,W"
Rhode Island,GHCND:USW00014787,2024-08-01T00:00:00,2024,08,63.9,",,,W"
Rhode Island,GHCND:USW00014794,2024-08-01T00:00:00,2024,08,143.6,",,,W"
Rhode Island,GHCND:USW00054796,2024-08-01T00:00:00,2024,08,137.7,",,,R"
Rhode Island,GHCND:USW00054797,2024-08-01T00:00:00,2024,08,124.0,",,,R"
Rhode Island,GHCND:USW00064710,2024-08-01T00:00:00,2024,08,106.1,"4,,,W"
Rhode Island,GHCND:US1RIBR0005,2024-09-01T00:00:00,2024,09,59.5,"2,,,N"
Rhode Island,GHCND:US1RIBR0011,2024-09-01T00:00:00,2024,09,150.5,"2,a,,N"
Rhode Island,GHCND:US1RIKN0002,2024-09-01T00:00:00,2024,09,39.6,",,,N"
Rhode Island,GHCND:US1RIKN0014,2024-09-01T00:00:00,2024,09,40.2,",,,N"
Rhode Island,GHCND:US1RIKN0021,2024-09-01T00:00:00,2024,09,47.8,",,,N"
Rhode Island,GHCND:US1RIKN0023,2024-09-01T00:00:00,2024,09,55.4,",,,N"
Rhode Island,GHCND:US1RIKN0031,2024-09-01T00:00:00,2024,09,50.6,",a,,N"
Rhode Island,GHCND:US1RIKN0036,2024-09-01T00:00:00,2024,09,23.6,",,,N"
Rhode Island,GHCND:US1RIKN0037,2024-09-01T00:00:00,2024,09,50.2,",a,,N"
Rhode Island,GHCND:US1RIKN0038,2024-09-01T00:00:00,2024,09,53.9,",,,N"
Rhode Island,GHCND:US1RIKN0045,2024-09-01T00:00:00,2024,09,39.6,"1,a,,N"
Rhode Island,GHCND:US1RIKN0051,2024-09-01T00:00:00,2024,09,38.6,",a,,N"
Rhode Island,GHCND:US1RIKN0059,2024-09-01T00:00:00,2024,09,41.3,",,,N"
Rhode Island,GHCND:US1RIKN0062,2024-09-01T00:00:00,2024,09,48.9,"4,,,N"
Rhode Island,GHCND:US1RIKN0065,2024-09-01T00:00:00,2024,09,57.2,",,,N"
Rhode Island,GHCND:US1RIKN0067,2024-09-01T00:00:00,2024,09,34.3,",,,N"
Rhode Island,GHCND:US1RIKN0068,2024-09-01T00:00:00,2024,09,43.2,"4,,,N"
Rhode Island,GHCND:US1RIKN0076,2024-09-01T00:00:00,2024,09,42.5,"1,,,N"
Rhode Island,GHCND:US1RIKN0083,2024-09-01T00:00:00,2024,09,54.1,",a,,N"
Rhode Island,GHCND:US1RINW0004,2024-09-01T00:00:00,2024,09,70.8,",,,N"
Rhode Island,GHCND:US1RINW0005,2024-09-01T00:00:00,2024,09,81.0,",,,N"
Rhode Island,GHCND:US1RINW0007,2024-09-01T00:00:00,2024,09,74.3,",,,N"
Rhode Island,GHCND:US1RINW0016,2024-09-01T00:00:00,2024,09,84.6,",,,N"
Rhode Island,GHCND:US1RINW0017,2024-09-01T00:00:00,2024,09,76.9,",,,N"
Rhode Island,GHCND:US1RINW0018,2024-09-01T00:00:00,2024,09,53.1,",,,N"
Rhode Island,GHCND:US1RINW0020,2024-09-01T00:00:00,2024,09,77.2,",,,N"
Rhode Island,GHCND:US1RINW0023,2024-09-01T00:00:00,2024,09,76.9,"4,,,N"
Rhode Island,GHCND:US1RINW0027,2024-09-01T00:00:00,2024,09,51.8,",,,N"
Rhode Island,GHCND:US1RINW0028,2024-09-01T00:00:00,2024,09,69.3,",,,N"
Rhode Island,GHCND:US1RINW0030,2024-09-01T00:00:00,2024,09,90.7,",,,N"
Rhode Island,GHCND:US1RINW0031,2024-09-01T00:00:00,2024,09,65.6,"1,,,N"
Rhode Island,GHCND:US1RINW0032,2024-09-01T00:00:00,2024,09,82.3,",,,N"
Rhode Island,GHCND:US1RINW0035,2024-09-01T00:00:00,2024,09,70.4,"3,a,,N"
Rhode Island,GHCND:US1RIPR0028,2024-09-01T00:00:00,2024,09,50.8,",a,,N"
Rhode Island,GHCND:US1RIPR0033,2024-09-01T00:00:00,2024,09,36.1,",,,N"
Rhode Island,GHCND:US1RIPR0044,2024-09-01T00:00:00,2024,09,59.6,"1,a,,N"
Rhode Island,GHCND:US1RIPR0050,2024-09-01T00:00:00,2024,09,70.4,",,,N"
Rhode Island,GHCND:US1RIPR0051,2024-09-01T00:00:00,2024,09,46.5,",,,N"
Rhode Island,GHCND:US1RIPR0055,2024-09-01T00:00:00,2024,09,48.4,"1,,,N"
Rhode Island,GHCND:US1RIPR0059,2024-09-01T00:00:00,2024,09,56.4,"4,,,N"
Rhode Island,GHCND:US1RIPR0067,2024-09-01T00:00:00,2024,09,46.3,",,,N"
Rhode Island,GHCND:US1RIPR0081,2024-09-01T00:00:00,2024,09,46.0,"1,,,N"
Rhode Island,GHCND:US1RIPR0082,2024-09-01T00:00:00,2024,09,42.1,",,,N"
Rhode Island,GHCND:US1RIPR0089,2024-09-01T00:00:00,2024,09,57.8,",a,,N"
Rhode Island,GHCND:US1RIPR0104,2024-09-01T00:00:00,2024,09,44.7,",,,N"
Rhode Island,GHCND:US1RIPR0106,2024-09-01T00:00:00,2024,09,31.5,"2,,,N"
Rhode Island,GHCND:US1RIPR0108,2024-09-01T00:00:00,2024,09,61.2,",,,N"
Rhode Island,GHCND:US1RIPR0112,2024-09-01T00:00:00,2024,09,55.6,",,,N"
Rhode Island,GHCND:US1RIPR0119,2024-09-01T00:00:00,2024,09,50.5,"2,,,N"
Rhode Island,GHCND:US1RIPR0121,2024-09-01T00:00:00,2024,09,35.9,",,,N"
Rhode Island,GHCND:US1RIPR0130,2024-09-01T00:00:00,2024,09,34.5,",,,N"
Rhode Island,GHCND:US1RIPR0138,2024-09-01T00:00:00,2024,09,49.8,",,,N"
Rhode Island,GHCND:US1RIPR0140,2024-09-01T00:00:00,2024,09,44.8,",,,N"
Rhode Island,GHCND:US1RIPR0150,2024-09-01T00:00:00,2024,09,40.2,"2,,,N"
Rhode Island,GHCND:US1RIPR0151,2024-09-01T00:00:00,2024,09,59.8,",,,N"
Rhode Island,GHCND:US1RIWS0030,2024-09-01T00:00:00,2024,09,45.5,",,,N"
Rhode Island,GHCND:US1RIWS0031,2024-09-01T00:00:00,2024,09,49.0,",,,N"
Rhode Island,GHCND:US1RIWS0036,2024-09-01T00:00:00,2024,09,24.5,",,,N"
Rhode Island,GHCND:US1RIWS0037,2024-09-01T00:00:00,2024,09,46.8,"1,,,N"
Rhode Island,GHCND:US1RIWS0042,2024-09-01T00:00:00,2024,09,35.8,",,,N"
Rhode Island,GHCND:US1RIWS0045,2024-09-01T00:00:00,2024,09,55.4,",,,N"
Rhode Island,GHCND:US1RIWS0047,2024-09-01T00:00:00,2024,09,30.4,",,,N"
Rhode Island,GHCND:US1RIWS0051,2024-09-01T00:00:00,2024,09,59.2,"3,,,N"
Rhode Island,GHCND:US1RIWS0052,2024-09-01T00:00:00,2024,09,60.0,"2,a,,N"
Rhode Island,GHCND:US1RIWS0054,2024-09-01T00:00:00,2024,09,57.1,",,,N"
Rhode Island,GHCND:US1RIWS0058,2024-09-01T00:00:00,2024,09,56.9,"3,,,N"
Rhode Island,GHCND:US1RIWS0065,2024-09-01T00:00:00,2024,09,48.6,",,,N"
Rhode Island,GHCND:US1RIWS0066,2024-09-01T00:00:00,2024,09,68.7,"5,,,N"
Rhode Island,GHCND:US1RIWS0069,2024-09-01T00:00:00,2024,09,67.9,",,,N"
Rhode Island,GHCND:US1RIWS0070,2024-09-01T00:00:00,2024,09,53.1,",,,N"
Rhode Island,GHCND:US1RIWS0080,2024-09-01T00:00:00,2024,09,37.7,",,,N"
Rhode Island,GHCND:US1RIWS0081,2024-09-01T00:00:00,2024,09,47.7,",,,N"
Rhode Island,GHCND:US1RIWS0097,2024-09-01T00:00:00,2024,09,52.7,"2,a,,N"
Rhode Island,GHCND:US1RIWS0099,2024-09-01T00:00:00,2024,09,33.1,",a,,N"
Rhode Island,GHCND:US1RIWS0101,2024-09-01T00:00:00,2024,09,20.8,"2,,,N"
Rhode Island,GHCND:US1RIWS0104,2024-09-01T00:00:00,2024,09,29.6,"1,,,N"
Rhode Island,GHCND:US1RIWS0105,2024-09-01T00:00:00,2024,09,40.2,"4,,,N"
Rhode Island,GHCND:US1RIWS0107,2024-09-01T00:00:00,2024,09,33.8,",,,N"
Rhode Island,GHCND:US1RIWS0108,2024-09-01T00:00:00,2024,09,33.9,"1,,,N"
Rhode Island,GHCND:US1RIWS0109,2024-09-01T00:00:00,2024,09,35.1,",,,N"
Rhode Island,GHCND:US1RIWS0111,2024-09-01T00:00:00,2024,09,59.0,",,,N"
Rhode Island,GHCND:USC00370897,2024-09-01T00:00:00,2024,09,17.8,",,,7"
Rhode Island,GHCND:USC00371874,2024-09-01T00:00:00,2024,09,42.0,",a,,7"
Rhode Island,GHCND:USC00374266,2024-09-01T00:00:00,2024,09,70.6,",,,7"
Rhode Island,GHCND:USC00375270,2024-09-01T00:00:00,2024,09,35.1,",,,7"
Rhode Island,GHCND:USC00379423,2024-09-01T00:00:00,2024,09,50.3,",,,7"
Rhode Island,GHCND:USW00014765,2024-09-01T00:00:00,2024,09,47.3,",,,W"
Rhode Island,GHCND:USW00014787,2024-09-01T00:00:00,2024,09,87.6,",,,W"
Rhode Island,GHCND:USW00014794,2024-09-01T00:00:00,2024,09,22.1,",,,W"
Rhode Island,GHCND:USW00054796,2024-09-01T00:00:00,2024,09,66.8,",,,R"
Rhode Island,GHCND:USW00054797,2024-09-01T00:00:00,2024,09,65.3,",,,R"
Rhode Island,GHCND:USW00064710,2024-09-01T00:00:00,2024,09,45.6,"2,,,W"
Rhode Island,GHCND:US1RIBR0005,2024-10-01T00:00:00,2024,10,28.5,",,,N"
Rhode Island,GHCND:US1RIBR0011,2024-10-01T00:00:00,2024,10,26.1,",,,N"
Rhode Island,GHCND:US1RIKN0002,2024-10-01T00:00:00,2024,10,23.7,",,,N"
Rhode Island,GHCND:US1RIKN0014,2024-10-01T00:00:00,2024,10,21.3,",,,N"
Rhode Island,GHCND:US1RIKN0021,2024-10-01T00:00:00,2024,10,23.2,",,,N"
Rhode Island,GHCND:US1RIKN0023,2024-10-01T00:00:00,2024,10,27.0,",,,N"
Rhode Island,GHCND:US1RIKN0030,2024-10-01T00:00:00,2024,10,22.8,"1,a,,N"
Rhode Island,GHCND:US1RIKN0031,2024-10-01T00:00:00,2024,10,19.5,",,,N"
Rhode Island,GHCND:US1RIKN0036,2024-10-01T00:00:00,2024,10,20.1,",,,N"
Rhode Island,GHCND:US1RIKN0037,2024-10-01T00:00:00,2024,10,29.8,",a,,N"
Rhode Island,GHCND:US1RIKN0038,2024-10-01T00:00:00,2024,10,29.3,",,,N"
Rhode Island,GHCND:US1RIKN0045,2024-10-01T00:00:00,2024,10,23.0,",a,,N"
Rhode Island,GHCND:US1RIKN0051,2024-10-01T00:00:00,2024,10,26.6,",,,N"
Rhode Island,GHCND:US1RIKN0059,2024-10-01T00:00:00,2024,10,21.1,"1,,,N"
Rhode Island,GHCND:US1RIKN0062,2024-10-01T00:00:00,2024,10,24.1,"4,,,N"
Rhode Island,GHCND:US1RIKN0065,2024-10-01T00:00:00,2024,10,28.2,",,,N"
Rhode Island,GHCND:US1RIKN0068,2024-10-01T00:00:00,2024,10,22.6,",,,N"
Rhode Island,GHCND:US1RIKN0076,2024-10-01T00:00:00,2024,10,22.7,"1,,,N"
Rhode Island,GHCND:US1RIKN0079,2024-10-01T00:00:00,2024,10,23.9,"4,,,N"
Rhode Island,GHCND:US1RIKN0080,2024-10-01T00:00:00,2024,10,20.0,"5,a,,N"
Rhode Island,GHCND:US1RINW0004,2024-10-01T00:00:00,2024,10,17.1,",,,N"
Rhode Island,GHCND:US1RINW0005,2024-10-01T00:00:00,2024,10,34.5,",,,N"
Rhode Island,GHCND:US1RINW0007,2024-10-01T00:00:00,2024,10,28.2,",,,N"
Rhode Island,GHCND:US1RINW0016,2024-10-01T00:00:00,2024,10,24.4,",,,N"
Rhode Island,GHCND:US1RINW0017,2024-10-01T00:00:00,2024,10,26.2,",,,N"
Rhode Island,GHCND:US1RINW0018,2024-10-01T00:00:00,2024,10,24.6,",,,N"
Rhode Island,GHCND:US1RINW0020,2024-10-01T00:00:00,2024,10,26.4,"1,,,N"
Rhode Island,GHCND:US1RINW0023,2024-10-01T00:00:00,2024,10,26.4,"4,,,N"
Rhode Island,GHCND:US1RINW0027,2024-10-01T00:00:00,2024,10,25.1,",,,N"
Rhode Island,GHCND:US1RINW0028,2024-10-01T00:00:00,2024,10,20.6,"1,,,N"
Rhode Island,GHCND:US1RINW0030,2024-10-01T00:00:00,2024,10,24.8,",,,N"
Rhode Island,GHCND:US1RINW0031,2024-10-01T00:00:00,2024,10,24.7,",,,N"
Rhode Island,GHCND:US1RINW0032,2024-10-01T00:00:00,2024,10,23.2,",,,N"
Rhode Island,GHCND:US1RINW0035,2024-10-01T00:00:00,2024,10,25.1,",a,,N"
Rhode Island,GHCND:US1RIPR0028,2024-10-01T00:00:00,2024,10,13.2,"1,a,,N"
Rhode Island,GHCND:US1RIPR0033,2024-10-01T00:00:00,2024,10,14.0,",,,N"
Rhode Island,GHCND:US1RIPR0044,2024-10-01T00:00:00,2024,10,24.9,"4,,,N"
Rhode Island,GHCND:US1RIPR0050,2024-10-01T00:00:00,2024,10,15.0,",,,N"
Rhode Island,GHCND:US1RIPR0051,2024-10-01T00:00:00,2024,10,15.1,",,,N"
Rhode Island,GHCND:US1RIPR0055,2024-10-01T00:00:00,2024,10,16.3,",,,N"
Rhode Island,GHCND:US1RIPR0057,2024-10-01T00:00:00,2024,10,21.9,"3,,,N"
Rhode Island,GHCND:US1RIPR0059,2024-10-01T00:00:00,2024,10,15.2,"4,,,N"
Rhode Island,GHCND:US1RIPR0067,2024-10-01T00:00:00,2024,10,17.6,",,,N"
Rhode Island,GHCND:US1RIPR0081,2024-10-01T00:00:00,2024,10,11.9,"2,,,N"
Rhode Island,GHCND:US1RIPR0082,2024-10-01T00:00:00,2024,10,17.3,",,,N"
Rhode Island,GHCND:US1RIPR0084,2024-10-01T00:00:00,2024,10,18.6,",a,,N"
Rhode Island,GHCND:US1RIPR0089,2024-10-01T00:00:00,2024,10,18.0,",,,N"
Rhode Island,GHCND:US1RIPR0104,2024-10-01T00:00:00,2024,10,20.2,"1,,,N"
Rhode Island,GHCND:US1RIPR0106,2024-10-01T00:00:00,2024,10,16.1,",,,N"
Rhode Island,GHCND:US1RIPR0108,2024-10-01T00:00:00,2024,10,20.1,"1,,,N"
Rhode Island,GHCND:US1RIPR0112,2024-10-01T00:00:00,2024,10,20.3,",,,N"
Rhode Island,GHCND:US1RIPR0119,2024-10-01T00:00:00,2024,10,20.9,"5,,,N"
Rhode Island,GHCND:US1RIPR0121,2024-10-01T00:00:00,2024,10,15.3,"1,,,N"
Rhode Island,GHCND:US1RIPR0130,2024-10-01T00:00:00,2024,10,15.0,",,,N"
Rhode Island,GHCND:US1RIPR0135,2024-10-01T00:00:00,2024,10,11.5,"1,,,N"
Rhode Island,GHCND:US1RIPR0138,2024-10-01T00:00:00,2024,10,19.0,",,,N"
Rhode Island,GHCND:US1RIPR0140,2024-10-01T00:00:00,2024,10,15.0,",,,N"
Rhode Island,GHCND:US1RIPR0151,2024-10-01T00:00:00,2024,10,20.7,"1,,,N"
Rhode Island,GHCND:US1RIWS0030,2024-10-01T00:00:00,2024,10,30.8,",,,N"
Rhode Island,GHCND:US1RIWS0031,2024-10-01T00:00:00,2024,10,29.7,",,,N"
Rhode Island,GHCND:US1RIWS0036,2024-10-01T00:00:00,2024,10,30.1,",,,N"
Rhode Island,GHCND:US1RIWS0037,2024-10-01T00:00:00,2024,10,22.2,",,,N"
Rhode Island,GHCND:US1RIWS0042,2024-10-01T00:00:00,2024,10,31.0,"5,,,N"
Rhode Island,GHCND:US1RIWS0045,2024-10-01T00:00:00,2024,10,29.0,",,,N"
Rhode Island,GHCND:US1RIWS0047,2024-10-01T00:00:00,2024,10,39.1,"1,,,N"
Rhode Island,GHCND:US1RIWS0051,2024-10-01T00:00:00,2024,10,30.4,"1,a,,N"
Rhode Island,GHCND:US1RIWS0054,2024-10-01T00:00:00,2024,10,28.6,",,,N"
Rhode Island,GHCND:US1RIWS0055,2024-10-01T00:00:00,2024,10,27.5,",,,N"
Rhode Island,GHCND:US1RIWS0061,2024-10-01T00:00:00,2024,10,28.0,"4,,,N"
Rhode Island,GHCND:US1RIWS0065,2024-10-01T00:00:00,2024,10,24.4,",,,N"
Rhode Island,GHCND:US1RIWS0069,2024-10-01T00:00:00,2024,10,28.3,"1,,,N"
Rhode Island,GHCND:US1RIWS0070,2024-10-01T00:00:00,2024,10,22.4,",,,N"
Rhode Island,GHCND:US1RIWS0080,2024-10-01T00:00:00,2024,10,23.1,"1,,,N"
Rhode Island,GHCND:US1RIWS0081,2024-10-01T00:00:00,2024,10,26.4,",,,N"
Rhode Island,GHCND:US1RIWS0092,2024-10-01T00:00:00,2024,10,26.2,",a,,N"
Rhode Island,GHCND:US1RIWS0097,2024-10-01T00:00:00,2024,10,28.0,",a,,N"
Rhode Island,GHCND:US1RIWS0099,2024-10-01T00:00:00,2024,10,35.9,",a,,N"
Rhode Island,GHCND:US1RIWS0101,2024-10-01T00:00:00,2024,10,24.7,",,,N"
Rhode Island,GHCND:US1RIWS0104,2024-10-01T00:00:00,2024,10,39.1,",,,N"
Rhode Island,GHCND:US1RIWS0106,2024-10-01T00:00:00,2024,10,26.0,",,,N"
Rhode Island,GHCND:US1RIWS0107,2024-10-01T00:00:00,2024,10,19.6,"1,a,,N"
Rhode Island,GHCND:US1RIWS0108,2024-10-01T00:00:00,2024,10,22.9,"3,,,N"
Rhode Island,GHCND:US1RIWS0111,2024-10-01T00:00:00,2024,10,27.0,",a,,N"
Rhode Island,GHCND:USC00370897,2024-10-01T00:00:00,2024,10,21.6,",,,7"
Rhode Island,GHCND:USC00371874,2024-10-01T00:00:00,2024,10,23.9,",a,,7"
Rhode Island,GHCND:USC00374266,2024-10-01T00:00:00,2024,10,27.2,",,,7"
Rhode Island,GHCND:USC00375270,2024-10-01T00:00:00,2024,10,11.1,",,,7"
Rhode Island,GHCND:USC00379423,2024-10-01T00:00:00,2024,10,15.9,",,,7"
Rhode Island,GHCND:USW00014765,2024-10-01T00:00:00,2024,10,25.0,",,,W"
Rhode Island,GHCND:USW00014787,2024-10-01T00:00:00,2024,10,21.8,",,,W"
Rhode Island,GHCND:USW00014794,2024-10-01T00:00:00,2024,10,27.3,",,,W"
Rhode Island,GHCND:USW00054796,2024-10-01T00:00:00,2024,10,26.2,",,,R"
Rhode Island,GHCND:USW00054797,2024-10-01T00:00:00,2024,10,25.7,",,,R"
Rhode Island,GHCND:USW00064710,2024-10-01T00:00:00,2024,10,20.3,"1,,,W"
Rhode Island,GHCND:US1RIBR0005,2024-11-01T00:00:00,2024,11,62.2,",,,N"
Rhode Island,GHCND:US1RIBR0011,2024-11-01T00:00:00,2024,11,54.3,",a,,N"
Rhode Island,GHCND:US1RIBR0018,2024-11-01T00:00:00,2024,11,62.9,",a,,N"
Rhode Island,GHCND:US1RIKN0014,2024-11-01T00:00:00,2024,11,64.2,",,,N"
Rhode Island,GHCND:US1RIKN0015,2024-11-01T00:00:00,2024,11,60.0,"1,,,N"
Rhode Island,GHCND:US1RIKN0021,2024-11-01T00:00:00,2024,11,65.3,",,,N"
Rhode Island,GHCND:US1RIKN0023,2024-11-01T00:00:00,2024,11,65.9,",,,N"
Rhode Island,GHCND:US1RIKN0030,2024-11-01T00:00:00,2024,11,71.2,"2,a,,N"
Rhode Island,GHCND:US1RIKN0031,2024-11-01T00:00:00,2024,11,63.6,",a,,N"
Rhode Island,GHCND:US1RIKN0036,2024-11-01T00:00:00,2024,11,67.6,",,,N"
Rhode Island,GHCND:US1RIKN0037,2024-11-01T00:00:00,2024,11,67.7,",,,N"
Rhode Island,GHCND:US1RIKN0038,2024-11-01T00:00:00,2024,11,67.3,",,,N"
Rhode Island,GHCND:US1RIKN0045,2024-11-01T00:00:00,2024,11,74.2,",,,N"
Rhode Island,GHCND:US1RIKN0051,2024-11-01T00:00:00,2024,11,69.5,"1,a,,N"
Rhode Island,GHCND:US1RIKN0059,2024-11-01T00:00:00,2024,11,77.1,",,,N"
Rhode Island,GHCND:US1RIKN0065,2024-11-01T00:00:00,2024,11,65.3,"1,,,N"
Rhode Island,GHCND:US1RIKN0068,2024-11-01T00:00:00,2024,11,78.7,"1,,,N"
Rhode Island,GHCND:US1RIKN0076,2024-11-01T00:00:00,2024,11,66.6,"1,,,N"
Rhode Island,GHCND:US1RINW0004,2024-11-01T00:00:00,2024,11,53.0,",,,N"
Rhode Island,GHCND:US1RINW0005,2024-11-01T00:00:00,2024,11,68.8,",a,,N"
Rhode Island,GHCND:US1RINW0007,2024-11-01T00:00:00,2024,11,61.6,",,,N"
Rhode Island,GHCND:US1RINW0016,2024-11-01T00:00:00,2024,11,65.8,",,,N"
Rhode Island,GHCND:US1RINW0017,2024-11-01T00:00:00,2024,11,79.5,",,,N"
Rhode Island,GHCND:US1RINW0018,2024-11-01T00:00:00,2024,11,66.5,",,,N"
Rhode Island,GHCND:US1RINW0020,2024-11-01T00:00:00,2024,11,67.0,",,,N"
Rhode Island,GHCND:US1RINW0027,2024-11-01T00:00:00,2024,11,64.6,",,,N"
Rhode Island,GHCND:US1RINW0028,2024-11-01T00:00:00,2024,11,51.4,",,,N"
Rhode Island,GHCND:US1RINW0030,2024-11-01T00:00:00,2024,11,76.1,",,,N"
Rhode Island,GHCND:US1RINW0031,2024-11-01T00:00:00,2024,11,54.7,",a,,N"
Rhode Island,GHCND:US1RINW0032,2024-11-01T00:00:00,2024,11,62.2,",,,N"
Rhode Island,GHCND:US1RINW0035,2024-11-01T00:00:00,2024,11,68.1,",,,N"
Rhode Island,GHCND:US1RIPR0028,2024-11-01T00:00:00,2024,11,68.1,",a,,N"
Rhode Island,GHCND:US1RIPR0033,2024-11-01T00:00:00,2024,11,75.4,",,,N"
Rhode Island,GHCND:US1RIPR0044,2024-11-01T00:00:00,2024,11,66.5,"1,a,,N"
Rhode Island,GHCND:US1RIPR0050,2024-11-01T00:00:00,2024,11,67.5,",,,N"
Rhode Island,GHCND:US1RIPR0051,2024-11-01T00:00:00,2024,11,70.5,",,,N"
Rhode Island,GHCND:US1RIPR0057,2024-11-01T00:00:00,2024,11,73.4,"3,,,N"
Rhode Island,GHCND:US1RIPR0067,2024-11-01T00:00:00,2024,11,81.0,"1,,,N"
Rhode Island,GHCND:US1RIPR0081,2024-11-01T00:00:00,2024,11,74.9,",,,N"
Rhode Island,GHCND:US1RIPR0082,2024-11-01T00:00:00,2024,11,72.3,",,,N"
Rhode Island,GHCND:US1RIPR0084,2024-11-01T00:00:00,2024,11,70.3,",,,N"
Rhode Island,GHCND:US1RIPR0089,2024-11-01T00:00:00,2024,11,70.2,",,,N"
Rhode Island,GHCND:US1RIPR0104,2024-11-01T00:00:00,2024,11,72.1,",,,N"
Rhode Island,GHCND:US1RIPR0106,2024-11-01T00:00:00,2024,11,70.5,",,,N"
Rhode Island,GHCND:US1RIPR0108,2024-11-01T00:00:00,2024,11,64.9,"2,,,N"
Rhode Island,GHCND:US1RIPR0112,2024-11-01T00:00:00,2024,11,69.9,"1,,,N"
Rhode Island,GHCND:US1RIPR0119,2024-11-01T00:00:00,2024,11,64.9,"2,,,N"
Rhode Island,GHCND:US1RIPR0121,2024-11-01T00:00:00,2024,11,78.1,",,,N"
Rhode Island,GHCND:US1RIPR0130,2024-11-01T00:00:00,2024,11,79.9,",,,N"
Rhode Island,GHCND:US1RIPR0132,2024-11-01T00:00:00,2024,11,68.2,",a,,N"
Rhode Island,GHCND:US1RIPR0135,2024-11-01T00:00:00,2024,11,59.5,",,,N"
Rhode Island,GHCND:US1RIPR0138,2024-11-01T00:00:00,2024,11,69.6,",,,N"
Rhode Island,GHCND:US1RIPR0140,2024-11-01T00:00:00,2024,11,72.4,",,,N"
Rhode Island,GHCND:US1RIPR0143,2024-11-01T00:00:00,2024,11,67.0,"1,,,N"
Rhode Island,GHCND:US1RIPR0150,2024-11-01T00:00:00,2024,11,74.1,"3,,,N"
Rhode Island,GHCND:US1RIPR0151,2024-11-01T00:00:00,2024,11,68.5,",,,N"
Rhode Island,GHCND:US1RIWS0030,2024-11-01T00:00:00,2024,11,72.4,"1,,,N"
Rhode Island,GHCND:US1RIWS0031,2024-11-01T00:00:00,2024,11,72.3,",a,,N"
Rhode Island,GHCND:US1RIWS0036,2024-11-01T00:00:00,2024,11,92.6,",,,N"
Rhode Island,GHCND:US1RIWS0037,2024-11-01T00:00:00,2024,11,84.0,",,,N"
Rhode Island,GHCND:US1RIWS0042,2024-11-01T00:00:00,2024,11,77.4,"4,,,N"
Rhode Island,GHCND:US1RIWS0045,2024-11-01T00:00:00,2024,11,94.8,"1,a,,N"
Rhode Island,GHCND:US1RIWS0047,2024-11-01T00:00:00,2024,11,67.3,",,,N"
Rhode Island,GHCND:US1RIWS0051,2024-11-01T00:00:00,2024,11,95.0,",a,,N"
Rhode Island,GHCND:US1RIWS0054,2024-11-01T00:00:00,2024,11,86.9,",,,N"
Rhode Island,GHCND:US1RIWS0058,2024-11-01T00:00:00,2024,11,95.0,"2,,,N"
Rhode Island,GHCND:US1RIWS0061,2024-11-01T00:00:00,2024,11,82.2,"2,,,N"
Rhode Island,GHCND:US1RIWS0065,2024-11-01T00:00:00,2024,11,97.7,",,,N"
Rhode Island,GHCND:US1RIWS0069,2024-11-01T00:00:00,2024,11,87.9,"1,,,N"
Rhode Island,GHCND:US1RIWS0070,2024-11-01T00:00:00,2024,11,98.8,",a,,N"
Rhode Island,GHCND:US1RIWS0077,2024-11-01T00:00:00,2024,11,95.3,",,,N"
Rhode Island,GHCND:US1RIWS0080,2024-11-01T00:00:00,2024,11,87.8,",,,N"
Rhode Island,GHCND:US1RIWS0081,2024-11-01T00:00:00,2024,11,91.2,",,,N"
Rhode Island,GHCND:US1RIWS0083,2024-11-01T00:00:00,2024,11,91.9,"4,,,N"
Rhode Island,GHCND:US1RIWS0088,2024-11-01T00:00:00,2024,11,82.5,"4,,,N"
Rhode Island,GHCND:US1RIWS0092,2024-11-01T00:00:00,2024,11,66.9,",a,,N"
Rhode Island,GHCND:US1RIWS0097,2024-11-01T00:00:00,2024,11,83.8,",a,,N"
Rhode Island,GHCND:US1RIWS0099,2024-11-01T00:00:00,2024,11,73.8,",a,,N"
Rhode Island,GHCND:US1RIWS0101,2024-11-01T00:00:00,2024,11,87.6,"2,,,N"
Rhode Island,GHCND:US1RIWS0106,2024-11-01T00:00:00,2024,11,95.6,",,,N"
Rhode Island,GHCND:US1RIWS0107,2024-11-01T00:00:00,2024,11,85.8,",,,N"
Rhode Island,GHCND:US1RIWS0108,2024-11-01T00:00:00,2024,11,90.4,",,,N"
Rhode Island,GHCND:US1RIWS0109,2024-11-01T00:00:00,2024,11,87.6,",,,N"
Rhode Island,GHCND:US1RIWS0110,2024-11-01T00:00:00,2024,11,96.6,"4,a,,N"
Rhode Island,GHCND:US1RIWS0111,2024-11-01T00:00:00,2024,11,79.9,",,,N"
Rhode Island,GHCND:USC00370897,2024-11-01T00:00:00,2024,11,45.7,",,,7"
Rhode Island,GHCND:USC00371874,2024-11-01T00:00:00,2024,11,53.1,"4,a,,7"
Rhode Island,GHCND:USC00374266,2024-11-01T00:00:00,2024,11,95.2,",,,7"
Rhode Island,GHCND:USC00375270,2024-11-01T00:00:00,2024,11,74.9,",,,7"
Rhode Island,GHCND:USC00379423,2024-11-01T00:00:00,2024,11,63.8,",,,7"
Rhode Island,GHCND:USW00014765,2024-11-01T00:00:00,2024,11,65.4,",,,W"
Rhode Island,GHCND:USW00014787,2024-11-01T00:00:00,2024,11,63.5,",,,W"
Rhode Island,GHCND:USW00014794,2024-11-01T00:00:00,2024,11,74.3,",,,W"
Rhode Island,GHCND:USW00054796,2024-11-01T00:00:00,2024,11,90.5,",,,R"
Rhode Island,GHCND:USW00054797,2024-11-01T00:00:00,2024,11,96.8,",,,R"
Rhode Island,GHCND:USW00064710,2024-11-01T00:00:00,2024,11,98.6,",,,W"
Rhode Island,GHCND:US1RIBR0005,2024-12-01T00:00:00,2024,12,182.5,",a,,N"
Rhode Island,GHCND:US1RIBR0011,2024-12-01T00:00:00,2024,12,122.1,",,,N"
Rhode Island,GHCND:US1RIBR0018,2024-12-01T00:00:00,2024,12,180.4,",a,,N"
Rhode Island,GHCND:US1RIKN0002,2024-12-01T00:00:00,2024,12,218.7,",,,N"
Rhode Island,GHCND:US1RIKN0014,2024-12-01T00:00:00,2024,12,182.7,",,,N"
Rhode Island,GHCND:US1RIKN0021,2024-12-01T00:00:00,2024,12,199.6,",,,N"
Rhode Island,GHCND:US1RIKN0023,2024-12-01T00:00:00,2024,12,168.7,"1,,,N"
Rhode Island,GHCND:US1RIKN0031,2024-12-01T00:00:00,2024,12,152.4,",a,,N"
Rhode Island,GHCND:US1RIKN0036,2024-12-01T00:00:00,2024,12,181.1,",,,N"
Rhode Island,GHCND:US1RIKN0037,2024-12-01T00:00:00,2024,12,198.0,"1,,,N"
Rhode Island,GHCND:US1RIKN0038,2024-12-01T00:00:00,2024,12,188.3,",,,N"
Rhode Island,GHCND:US1RIKN0045,2024-12-01T00:00:00,2024,12,209.9,",,,N"
Rhode Island,GHCND:US1RIKN0051,2024-12-01T00:00:00,2024,12,188.3,",,,N"
Rhode Island,GHCND:US1RIKN0059,2024-12-01T00:00:00,2024,12,207.9,",,,N"
Rhode Island,GHCND:US1RIKN0062,2024-12-01T00:00:00,2024,12,186.3,"5,,,N"
Rhode Island,GHCND:US1RIKN0065,2024-12-01T00:00:00,2024,12,189.8,"1,,,N"
Rhode Island,GHCND:US1RIKN0068,2024-12-01T00:00:00,2024,12,208.4,"1,,,N"
Rhode Island,GHCND:US1RIKN0079,2024-12-01T00:00:00,2024,12,193.4,"3,a,,N"
Rhode Island,GHCND:US1RIKN0080,2024-12-01T00:00:00,2024,12,204.6,"1,a,,N"
Rhode Island,GHCND:US1RIKN0083,2024-12-01T00:00:00,2024,12,174.4,"4,a,,N"
Rhode Island,GHCND:US1RINW0004,2024-12-01T00:00:00,2024,12,132.7,",,,N"
Rhode Island,GHCND:US1RINW0005,2024-12-01T00:00:00,2024,12,148.6,",,,N"
Rhode Island,GHCND:US1RINW0007,2024-12-01T00:00:00,2024,12,143.0,"1,,,N"
Rhode Island,GHCND:US1RINW0016,2024-12-01T00:00:00,2024,12,172.6,",,,N"
Rhode Island,GHCND:US1RINW0017,2024-12-01T00:00:00,2024,12,178.3,",,,N"
Rhode Island,GHCND:US1RINW0018,2024-12-01T00:00:00,2024,12,146.0,",,,N"
Rhode Island,GHCND:US1RINW0020,2024-12-01T00:00:00,2024,12,167.1,",,,N"
Rhode Island,GHCND:US1RINW0027,2024-12-01T00:00:00,2024,12,157.7,",,,N"
Rhode Island,GHCND:US1RINW0028,2024-12-01T00:00:00,2024,12,125.4,"1,,,N"
Rhode Island,GHCND:US1RINW0030,2024-12-01T00:00:00,2024,12,163.5,",,,N"
Rhode Island,GHCND:US1RINW0031,2024-12-01T00:00:00,2024,12,149.6,"1,a,,N"
Rhode Island,GHCND:US1RINW0032,2024-12-01T00:00:00,2024,12,134.2,",,,N"
Rhode Island,GHCND:US1RIPR0028,2024-12-01T00:00:00,2024,12,150.6,",a,,N"
Rhode Island,GHCND:US1RIPR0033,2024-12-01T00:00:00,2024,12,174.1,",,,N"
Rhode Island,GHCND:US1RIPR0044,2024-12-01T00:00:00,2024,12,176.0,"4,,,N"
Rhode Island,GHCND:US1RIPR0050,2024-12-01T00:00:00,2024,12,151.9,",,,N"
Rhode Island,GHCND:US1RIPR0051,2024-12-01T00:00:00,2024,12,156.9,",,,N"
Rhode Island,GHCND:US1RIPR0057,2024-12-01T00:00:00,2024,12,165.1,"5,,,N"
Rhode Island,GHCND:US1RIPR0082,2024-12-01T00:00:00,2024,12,165.2,",a,,N"
Rhode Island,GHCND:US1RIPR0084,2024-12-01T00:00:00,2024,12,166.0,",,,N"
Rhode Island,GHCND:US1RIPR0089,2024-12-01T00:00:00,2024,12,156.0,",,,N"
Rhode Island,GHCND:US1RIPR0104,2024-12-01T00:00:00,2024,12,187.6,",,,N"
Rhode Island,GHCND:US1RIPR0106,2024-12-01T00:00:00,2024,12,182.6,",,,N"
Rhode Island,GHCND:US1RIPR0108,2024-12-01T00:00:00,2024,12,192.8,"1,,,N"
Rhode Island,GHCND:US1RIPR0112,2024-12-01T00:00:00,2024,12,147.8,"2,,,N"
Rhode Island,GHCND:US1RIPR0119,2024-12-01T00:00:00,2024,12,168.2,"1,,,N"
Rhode Island,GHCND:US1RIPR0130,2024-12-01T00:00:00,2024,12,181.2,",,,N"
Rhode Island,GHCND:US1RIPR0135,2024-12-01T00:00:00,2024,12,152.0,",,,N"
Rhode Island,GHCND:US1RIPR0138,2024-12-01T00:00:00,2024,12,172.3,"1,,,N"
Rhode Island,GHCND:US1RIPR0140,2024-12-01T00:00:00,2024,12,186.1,"1,,,N"
Rhode Island,GHCND:US1RIPR0150,2024-12-01T00:00:00,2024,12,177.9,"3,,,N"
Rhode Island,GHCND:US1RIPR0151,2024-12-01T00:00:00,2024,12,161.3,"3,,,N"
Rhode Island,GHCND:US1RIWS0030,2024-12-01T00:00:00,2024,12,178.0,"4,,,N"
Rhode Island,GHCND:US1RIWS0031,2024-12-01T00:00:00,2024,12,216.5,",,,N"
Rhode Island,GHCND:US1RIWS0036,2024-12-01T00:00:00,2024,12,193.4,",,,N"
Rhode Island,GHCND:US1RIWS0037,2024-12-01T00:00:00,2024,12,199.0,"1,,,N"
Rhode Island,GHCND:US1RIWS0042,2024-12-01T00:00:00,2024,12,223.5,",,,N"
Rhode Island,GHCND:US1RIWS0045,2024-12-01T00:00:00,2024,12,220.2,",a,,N"
Rhode Island,GHCND:US1RIWS0047,2024-12-01T00:00:00,2024,12,175.2,",,,N"
Rhode Island,GHCND:US1RIWS0051,2024-12-01T00:00:00,2024,12,221.8,",a,,N"
Rhode Island,GHCND:US1RIWS0052,2024-12-01T00:00:00,2024,12,173.0,"5,,,N"
Rhode Island,GHCND:US1RIWS0054,2024-12-01T00:00:00,2024,12,207.4,",,,N"
Rhode Island,GHCND:US1RIWS0055,2024-12-01T00:00:00,2024,12,189.9,"3,,,N"
Rhode Island,GHCND:US1RIWS0065,2024-12-01T00:00:00,2024,12,198.3,",,,N"
Rhode Island,GHCND:US1RIWS0069,2024-12-01T00:00:00,2024,12,207.1,",,,N"
Rhode Island,GHCND:US1RIWS0070,2024-12-01T00:00:00,2024,12,181.4,"1,a,,N"
Rhode Island,GHCND:US1RIWS0077,2024-12-01T00:00:00,2024,12,196.2,"1,a,,N"
Rhode Island,GHCND:US1RIWS0080,2024-12-01T00:00:00,2024,12,203.8,"2,,,N"
Rhode Island,GHCND:US1RIWS0081,2024-12-01T00:00:00,2024,12,152.1,",,,N"
Rhode Island,GHCND:US1RIWS0083,2024-12-01T00:00:00,2024,12,186.4,"3,a,,N"
Rhode Island,GHCND:US1RIWS0088,2024-12-01T00:00:00,2024,12,151.4,"5,,,N"
Rhode Island,GHCND:US1RIWS0092,2024-12-01T00:00:00,2024,12,175.8,",a,,N"
Rhode Island,GHCND:US1RIWS0097,2024-12-01T00:00:00,2024,12,181.2,",a,,N"
Rhode Island,GHCND:US1RIWS0099,2024-12-01T00:00:00,2024,12,231.8,"1,,,N"
Rhode Island,GHCND:US1RIWS0101,2024-12-01T00:00:00,2024,12,210.2,"2,,,N"
Rhode Island,GHCND:US1RIWS0106,2024-12-01T00:00:00,2024,12,189.6,",,,N"
Rhode Island,GHCND:US1RIWS0107,2024-12-01T00:00:00,2024,12,173.7,"2,,,N"
Rhode Island,GHCND:US1RIWS0108,2024-12-01T00:00:00,2024,12,180.1,"1,,,N"
Rhode Island,GHCND:US1RIWS0110,2024-12-01T00:00:00,2024,12,192.6,"1,a,,N"
Rhode Island,GHCND:US1RIWS0111,2024-12-01T00:00:00,2024,12,204.2,"2,a,,N"
Rhode Island,GHCND:USC00370897,2024-12-01T00:00:00,2024,12,122.0,",,,7"
Rhode Island,GHCND:USC00371874,2024-12-01T00:00:00,2024,12,201.2,"2,a,,7"
Rhode Island,GHCND:USC00374266,2024-12-01T00:00:00,2024,12,211.7,",,,7"
Rhode Island,GHCND:USC00375270,2024-12-01T00:00:00,2024,12,192.0,",,,7"
Rhode Island,GHCND:USC00379423,2024-12-01T00:00:00,2024,12,144.8,",,,7"
Rhode Island,GHCND:USW00014765,2024-12-01T00:00:00,2024,12,192.4,",,,W"
Rhode Island,GHCND:USW00014787,2024-12-01T00:00:00,2024,12,154.9,",,,W"
Rhode Island,GHCND:USW00014794,2024-12-01T00:00:00,2024,12,174.3,",,,W"
Rhode Island,GHCND:USW00054796,2024-12-01T00:00:00,2024,12,200.6,",,,R"
Rhode Island,GHCND:USW00054797,2024-12-01T00:00:00,2024,12,205.6,"1,,,R"
Rhode Island,GHCND:USW00064710,2024-12-01T00:00:00,2024,12,220.8,"1,,,W"
Rhode Island,GHCND:USW00094793,2024-12-01T00:00:00,2024,12,72.4,",,,H"
Rhode Island,GHCND:US1RIBR0005,2025-01-01T00:00:00,2025,01,36.6,"5,,,N"
Rhode Island,GHCND:US1RIBR0011,2025-01-01T00:00:00,2025,01,34.3,",,,N"
Rhode Island,GHCND:US1RIBR0018,2025-01-01T00:00:00,2025,01,36.4,",a,,N"
Rhode Island,GHCND:US1RIKN0002,2025-01-01T00:00:00,2025,01,32.2,",,,N"
Rhode Island,GHCND:US1RIKN0014,2025-01-01T00:00:00,2025,01,43.5,",,,N"
Rhode Island,GHCND:US1RIKN0021,2025-01-01T00:00:00,2025,01,49.7,",,,N"
Rhode Island,GHCND:US1RIKN0023,2025-01-01T00:00:00,2025,01,43.0,",a,,N"
Rhode Island,GHCND:US1RIKN0030,2025-01-01T00:00:00,2025,01,17.6,"2,a,,N"
Rhode Island,GHCND:US1RIKN0031,2025-01-01T00:00:00,2025,01,35.8,"1,a,,N"
Rhode Island,GHCND:US1RIKN0036,2025-01-01T00:00:00,2025,01,45.7,",,,N"
Rhode Island,GHCND:US1RIKN0037,2025-01-01T00:00:00,2025,01,40.9,",,,N"
Rhode Island,GHCND:US1RIKN0038,2025-01-01T00:00:00,2025,01,37.4,",,,N"
Rhode Island,GHCND:US1RIKN0045,2025-01-01T00:00:00,2025,01,45.0,",a,,N"
Rhode Island,GHCND:US1RIKN0051,2025-01-01T00:00:00,2025,01,44.8,"2,,,N"
Rhode Island,GHCND:US1RIKN0059,2025-01-01T00:00:00,2025,01,52.2,",,,N"
Rhode Island,GHCND:US1RIKN0062,2025-01-01T00:00:00,2025,01,38.9,"3,,,N"
Rhode Island,GHCND:US1RIKN0065,2025-01-01T00:00:00,2025,01,37.6,",,,N"
Rhode Island,GHCND:US1RIKN0068,2025-01-01T00:00:00,2025,01,46.2,"1,,,N"
Rhode Island,GHCND:US1RIKN0079,2025-01-01T00:00:00,2025,01,37.7,"4,,,N"
Rhode Island,GHCND:US1RIKN0080,2025-01-01T00:00:00,2025,01,22.7,"2,a,,N"
Rhode Island,GHCND:US1RINW0004,2025-01-01T00:00:00,2025,01,32.3,",,,N"
Rhode Island,GHCND:US1RINW0007,2025-01-01T00:00:00,2025,01,42.9,",,,N"
Rhode Island,GHCND:US1RINW0016,2025-01-01T00:00:00,2025,01,39.3,",,,N"
Rhode Island,GHCND:US1RINW0017,2025-01-01T00:00:00,2025,01,47.8,",,,N"
Rhode Island,GHCND:US1RINW0018,2025-01-01T00:00:00,2025,01,37.1,",,,N"
Rhode Island,GHCND:US1RINW0020,2025-01-01T00:00:00,2025,01,43.4,",,,N"
Rhode Island,GHCND:US1RINW0027,2025-01-01T00:00:00,2025,01,39.7,",,,N"
Rhode Island,GHCND:US1RINW0028,2025-01-01T00:00:00,2025,01,33.3,"3,,,N"
Rhode Island,GHCND:US1RINW0030,2025-01-01T00:00:00,2025,01,43.0,",,,N"
Rhode Island,GHCND:US1RINW0031,2025-01-01T00:00:00,2025,01,33.2,",a,,N"
Rhode Island,GHCND:US1RINW0032,2025-01-01T00:00:00,2025,01,43.9,",,,N"
Rhode Island,GHCND:US1RIPR0028,2025-01-01T00:00:00,2025,01,49.0,"2,a,,N"
Rhode Island,GHCND:US1RIPR0033,2025-01-01T00:00:00,2025,01,41.8,",,,N"
Rhode Island,GHCND:US1RIPR0044,2025-01-01T00:00:00,2025,01,22.1,"2,,,N"
Rhode Island,GHCND:US1RIPR0050,2025-01-01T00:00:00,2025,01,46.8,",,,N"
Rhode Island,GHCND:US1RIPR0051,2025-01-01T00:00:00,2025,01,47.4,",,,N"
Rhode Island,GHCND:US1RIPR0055,2025-01-01T00:00:00,2025,01,41.5,"2,a,,N"
Rhode Island,GHCND:US1RIPR0067,2025-01-01T00:00:00,2025,01,38.9,",a,,N"
Rhode Island,GHCND:US1RIPR0081,2025-01-01T00:00:00,2025,01,31.3,"1,,,N"
Rhode Island,GHCND:US1RIPR0082,2025-01-01T00:00:00,2025,01,43.0,",,,N"
Rhode Island,GHCND:US1RIPR0084,2025-01-01T00:00:00,2025,01,42.0,",,,N"
Rhode Island,GHCND:US1RIPR0089,2025-01-01T00:00:00,2025,01,42.4,",,,N"
Rhode Island,GHCND:US1RIPR0104,2025-01-01T00:00:00,2025,01,30.8,"1,,,N"
Rhode Island,GHCND:US1RIPR0106,2025-01-01T00:00:00,2025,01,43.3,",,,N"
Rhode Island,GHCND:US1RIPR0108,2025-01-01T00:00:00,2025,01,43.2,",,,N"
Rhode Island,GHCND:US1RIPR0112,2025-01-01T00:00:00,2025,01,33.5,"2,,,N"
Rhode Island,GHCND:US1RIPR0119,2025-01-01T00:00:00,2025,01,43.8,",,,N"
Rhode Island,GHCND:US1RIPR0121,2025-01-01T00:00:00,2025,01,42.2,"2,,,N"
Rhode Island,GHCND:US1RIPR0130,2025-01-01T00:00:00,2025,01,42.5,",,,N"
Rhode Island,GHCND:US1RIPR0138,2025-01-01T00:00:00,2025,01,35.7,"2,,,N"
Rhode Island,GHCND:US1RIPR0140,2025-01-01T00:00:00,2025,01,42.2,",,,N"
Rhode Island,GHCND:US1RIPR0150,2025-01-01T00:00:00,2025,01,32.8,"1,,,N"
Rhode Island,GHCND:US1RIPR0151,2025-01-01T00:00:00,2025,01,39.1,"2,,,N"
Rhode Island,GHCND:US1RIWS0030,2025-01-01T00:00:00,2025,01,40.7,",,,N"
Rhode Island,GHCND:US1RIWS0031,2025-01-01T00:00:00,2025,01,38.4,",,,N"
Rhode Island,GHCND:US1RIWS0036,2025-01-01T00:00:00,2025,01,42.3,",,,N"
Rhode Island,GHCND:US1RIWS0037,2025-01-01T00:00:00,2025,01,38.0,",,,N"
Rhode Island,GHCND:US1RIWS0042,2025-01-01T00:00:00,2025,01,44.6,",,,N"
Rhode Island,GHCND:US1RIWS0045,2025-01-01T00:00:00,2025,01,44.3,",,,N"
Rhode Island,GHCND:US1RIWS0047,2025-01-01T00:00:00,2025,01,50.0,",,,N"
Rhode Island,GHCND:US1RIWS0051,2025-01-01T00:00:00,2025,01,51.9,"1,,,N"
Rhode Island,GHCND:US1RIWS0052,2025-01-01T00:00:00,2025,01,34.4,"3,,,N"
Rhode Island,GHCND:US1RIWS0054,2025-01-01T00:00:00,2025,01,41.8,",,,N"
Rhode Island,GHCND:US1RIWS0055,2025-01-01T00:00:00,2025,01,36.6,",,,N"
Rhode Island,GHCND:US1RIWS0065,2025-01-01T00:00:00,2025,01,36.7,",,,N"
Rhode Island,GHCND:US1RIWS0066,2025-01-01T00:00:00,2025,01,36.7,"1,,,N"
Rhode Island,GHCND:US1RIWS0069,2025-01-01T00:00:00,2025,01,43.4,",,,N"
Rhode Island,GHCND:US1RIWS0070,2025-01-01T00:00:00,2025,01,26.3,",,,N"
Rhode Island,GHCND:US1RIWS0077,2025-01-01T00:00:00,2025,01,38.1,"1,a,,N"
Rhode Island,GHCND:US1RIWS0080,2025-01-01T00:00:00,2025,01,39.2,",,,N"
Rhode Island,GHCND:US1RIWS0081,2025-01-01T00:00:00,2025,01,35.1,"1,,,N"
Rhode Island,GHCND:US1RIWS0088,2025-01-01T00:00:00,2025,01,26.2,"4,,,N"
Rhode Island,GHCND:US1RIWS0092,2025-01-01T00:00:00,2025,01,40.2,",a,,N"
Rhode Island,GHCND:US1RIWS0097,2025-01-01T00:00:00,2025,01,35.1,",a,,N"
Rhode Island,GHCND:US1RIWS0099,2025-01-01T00:00:00,2025,01,44.9,",a,,N"
Rhode Island,GHCND:US1RIWS0107,2025-01-01T00:00:00,2025,01,35.4,"4,,,N"
Rhode Island,GHCND:US1RIWS0108,2025-01-01T00:00:00,2025,01,31.3,"2,,,N"
Rhode Island,GHCND:US1RIWS0110,2025-01-01T00:00:00,2025,01,31.8,"2,,,N"
Rhode Island,GHCND:US1RIWS0111,2025-01-01T00:00:00,2025,01,23.1,"4,,,N"
Rhode Island,GHCND:USC00370897,2025-01-01T00:00:00,2025,01,30.5,",,,7"
Rhode Island,GHCND:USC00374266,2025-01-01T00:00:00,2025,01,38.8,",,,7"
Rhode Island,GHCND:USC00375270,2025-01-01T00:00:00,2025,01,57.9,",,,7"
Rhode Island,GHCND:USC00379423,2025-01-01T00:00:00,2025,01,53.2,",,,7"
Rhode Island,GHCND:USW00014765,2025-01-01T00:00:00,2025,01,51.8,",,,W"
Rhode Island,GHCND:USW00014787,2025-01-01T00:00:00,2025,01,45.1,",,,W"
Rhode Island,GHCND:USW00014794,2025-01-01T00:00:00,2025,01,47.0,",,,W"
Rhode Island,GHCND:USW00054796,2025-01-01T00:00:00,2025,01,45.4,",,,R"
Rhode Island,GHCND:USW00054797,2025-01-01T00:00:00,2025,01,46.2,",,,R"
Rhode Island,GHCND:USW00064710,2025-01-01T00:00:00,2025,01,67.5,"1,,,W"
Rhode Island,GHCND:USW00094793,2025-01-01T00:00:00,2025,01,20.4,"1,,,H"
Rhode Island,GHCND:US1RIBR0011,2025-02-01T00:00:00,2025,02,89.0,",,,N"
Rhode Island,GHCND:US1RIBR0018,2025-02-01T00:00:00,2025,02,102.6,"5,,,N"
Rhode Island,GHCND:US1RIKN0002,2025-02-01T00:00:00,2025,02,108.7,",,,N"
Rhode Island,GHCND:US1RIKN0014,2025-02-01T00:00:00,2025,02,91.7,",,,N"
Rhode Island,GHCND:US1RIKN0021,2025-02-01T00:00:00,2025,02,99.1,",,,N"
Rhode Island,GHCND:US1RIKN0023,2025-02-01T00:00:00,2025,02,98.8,",,,N"
Rhode Island,GHCND:US1RIKN0031,2025-02-01T00:00:00,2025,02,86.6,"1,a,,N"
Rhode Island,GHCND:US1RIKN0036,2025-02-01T00:00:00,2025,02,68.5,",a,,N"
Rhode Island,GHCND:US1RIKN0037,2025-02-01T00:00:00,2025,02,105.2,",a,,N"
Rhode Island,GHCND:US1RIKN0038,2025-02-01T00:00:00,2025,02,104.5,",,,N"
Rhode Island,GHCND:US1RIKN0045,2025-02-01T00:00:00,2025,02,100.9,"1,,,N"
Rhode Island,GHCND:US1RIKN0051,2025-02-01T00:00:00,2025,02,95.1,"4,a,,N"
Rhode Island,GHCND:US1RIKN0059,2025-02-01T00:00:00,2025,02,102.2,",,,N"
Rhode Island,GHCND:US1RIKN0062,2025-02-01T00:00:00,2025,02,97.6,"1,,,N"
Rhode Island,GHCND:US1RIKN0065,2025-02-01T00:00:00,2025,02,102.1,"3,,,N"
Rhode Island,GHCND:US1RIKN0079,2025-02-01T00:00:00,2025,02,102.6,"2,,,N"
Rhode Island,GHCND:US1RIKN0080,2025-02-01T00:00:00,2025,02,93.6,"3,,,N"
Rhode Island,GHCND:US1RINW0004,2025-02-01T00:00:00,2025,02,91.2,",,,N"
Rhode Island,GHCND:US1RINW0007,2025-02-01T00:00:00,2025,02,97.4,"5,,,N"
Rhode Island,GHCND:US1RINW0016,2025-02-01T00:00:00,2025,02,106.7,",,,N"
Rhode Island,GHCND:US1RINW0017,2025-02-01T00:00:00,2025,02,100.7,",,,N"
Rhode Island,GHCND:US1RINW0018,2025-02-01T00:00:00,2025,02,95.6,",,,N"
Rhode Island,GHCND:US1RINW0020,2025-02-01T00:00:00,2025,02,92.3,",,,N"
Rhode Island,GHCND:US1RINW0027,2025-02-01T00:00:00,2025,02,99.9,",,,N"
Rhode Island,GHCND:US1RINW0028,2025-02-01T00:00:00,2025,02,88.6,",,,N"
Rhode Island,GHCND:US1RINW0030,2025-02-01T00:00:00,2025,02,109.6,",,,N"
Rhode Island,GHCND:US1RINW0031,2025-02-01T00:00:00,2025,02,46.2,",a,,N"
Rhode Island,GHCND:US1RINW0032,2025-02-01T00:00:00,2025,02,88.3,",,,N"
Rhode Island,GHCND:US1RIPR0028,2025-02-01T00:00:00,2025,02,100.4,",a,,N"
Rhode Island,GHCND:US1RIPR0033,2025-02-01T00:00:00,2025,02,102.1,",,,N"
Rhode Island,GHCND:US1RIPR0044,2025-02-01T00:00:00,2025,02,100.5,"1,,,N"
Rhode Island,GHCND:US1RIPR0050,2025-02-01T00:00:00,2025,02,89.8,",,,N"
Rhode Island,GHCND:US1RIPR0051,2025-02-01T00:00:00,2025,02,102.7,"1,,,N"
Rhode Island,GHCND:US1RIPR0055,2025-02-01T00:00:00,2025,02,76.9,"4,a,,N"
Rhode Island,GHCND:US1RIPR0067,2025-02-01T00:00:00,2025,02,96.0,",a,,N"
Rhode Island,GHCND:US1RIPR0082,2025-02-01T00:00:00,2025,02,97.3,",a,,N"
Rhode Island,GHCND:US1RIPR0089,2025-02-01T00:00:00,2025,02,100.1,",,,N"
Rhode Island,GHCND:US1RIPR0104,2025-02-01T00:00:00,2025,02,98.1,",,,N"
Rhode Island,GHCND:US1RIPR0106,2025-02-01T00:00:00,2025,02,94.2,",a,,N"
Rhode Island,GHCND:US1RIPR0108,2025-02-01T00:00:00,2025,02,90.9,"2,,,N"
Rhode Island,GHCND:US1RIPR0112,2025-02-01T00:00:00,2025,02,94.0,"2,,,N"
Rhode Island,GHCND:US1RIPR0119,2025-02-01T00:00:00,2025,02,95.9,"1,,,N"
Rhode Island,GHCND:US1RIPR0121,2025-02-01T00:00:00,2025,02,98.6,"2,a,,N"
Rhode Island,GHCND:US1RIPR0130,2025-02-01T00:00:00,2025,02,99.1,",,,N"
Rhode Island,GHCND:US1RIPR0135,2025-02-01T00:00:00,2025,02,81.3,",,,N"
Rhode Island,GHCND:US1RIPR0138,2025-02-01T00:00:00,2025,02,62.2,"5,,,N"
Rhode Island,GHCND:US1RIPR0140,2025-02-01T00:00:00,2025,02,99.7,",,,N"
Rhode Island,GHCND:US1RIPR0150,2025-02-01T00:00:00,2025,02,99.4,",a,,N"
Rhode Island,GHCND:US1RIPR0151,2025-02-01T00:00:00,2025,02,91.1,"4,,,N"
Rhode Island,GHCND:US1RIWS0030,2025-02-01T00:00:00,2025,02,93.6,"1,,,N"
Rhode Island,GHCND:US1RIWS0036,2025-02-01T00:00:00,2025,02,112.2,",,,N"
Rhode Island,GHCND:US1RIWS0037,2025-02-01T00:00:00,2025,02,100.6,"2,a,,N"
Rhode Island,GHCND:US1RIWS0042,2025-02-01T00:00:00,2025,02,92.1,",a,,N"
Rhode Island,GHCND:US1RIWS0045,2025-02-01T00:00:00,2025,02,97.2,"3,,,N"
Rhode Island,GHCND:US1RIWS0047,2025-02-01T00:00:00,2025,02,89.1,"1,,,N"
Rhode Island,GHCND:US1RIWS0051,2025-02-01T00:00:00,2025,02,99.3,"1,a,,N"
Rhode Island,GHCND:US1RIWS0052,2025-02-01T00:00:00,2025,02,124.6,"1,,,N"
Rhode Island,GHCND:US1RIWS0054,2025-02-01T00:00:00,2025,02,98.2,",,,N"
Rhode Island,GHCND:US1RIWS0055,2025-02-01T00:00:00,2025,02,111.7,",,,N"
Rhode Island,GHCND:US1RIWS0065,2025-02-01T00:00:00,2025,02,118.5,",,,N"
Rhode Island,GHCND:US1RIWS0066,2025-02-01T00:00:00,2025,02,99.6,"2,,,N"
Rhode Island,GHCND:US1RIWS0069,2025-02-01T00:00:00,2025,02,99.4,",,,N"
Rhode Island,GHCND:US1RIWS0070,2025-02-01T00:00:00,2025,02,92.9,"1,,,N"
Rhode Island,GHCND:US1RIWS0080,2025-02-01T00:00:00,2025,02,112.4,",,,N"
Rhode Island,GHCND:US1RIWS0081,2025-02-01T00:00:00,2025,02,110.4,",,,N"
Rhode Island,GHCND:US1RIWS0083,2025-02-01T00:00:00,2025,02,105.1,"1,a,,N"
Rhode Island,GHCND:US1RIWS0092,2025-02-01T00:00:00,2025,02,91.5,",a,,N"
Rhode Island,GHCND:US1RIWS0097,2025-02-01T00:00:00,2025,02,87.4,",a,,N"
Rhode Island,GHCND:US1RIWS0099,2025-02-01T00:00:00,2025,02,89.1,"2,,,N"
Rhode Island,GHCND:US1RIWS0106,2025-02-01T00:00:00,2025,02,112.8,"1,,,N"
Rhode Island,GHCND:US1RIWS0107,2025-02-01T00:00:00,2025,02,108.8,",,,N"
Rhode Island,GHCND:US1RIWS0111,2025-02-01T00:00:00,2025,02,96.4,"1,,,N"
Rhode Island,GHCND:USC00370897,2025-02-01T00:00:00,2025,02,92.5,",,,7"
Rhode Island,GHCND:USC00371874,2025-02-01T00:00:00,2025,02,67.6,"3,a,,7"
Rhode Island,GHCND:USC00374266,2025-02-01T00:00:00,2025,02,98.1,",,,7"
Rhode Island,GHCND:USC00375270,2025-02-01T00:00:00,2025,02,81.8,",,,7"
Rhode Island,GHCND:USC00379423,2025-02-01T00:00:00,2025,02,84.4,",,,7"
Rhode Island,GHCND:USW00014765,2025-02-01T00:00:00,2025,02,83.7,",,,W"
Rhode Island,GHCND:USW00014787,2025-02-01T00:00:00,2025,02,71.0,",,,W"
Rhode Island,GHCND:USW00014794,2025-02-01T00:00:00,2025,02,70.0,",,,W"
Rhode Island,GHCND:USW00054796,2025-02-01T00:00:00,2025,02,95.2,",,,R"
Rhode Island,GHCND:USW00054797,2025-02-01T00:00:00,2025,02,98.2,",,,R"
Rhode Island,GHCND:USW00064710,2025-02-01T00:00:00,2025,02,104.0,",,,W"
Rhode Island,GHCND:USW00094793,2025-02-01T00:00:00,2025,02,39.6,"1,,,H"
Rhode Island,GHCND:US1RIBR0005,2025-03-01T00:00:00,2025,03,107.3,",,,N"
Rhode Island,GHCND:US1RIBR0011,2025-03-01T00:00:00,2025,03,85.9,",a,,N"
Rhode Island,GHCND:US1RIBR0018,2025-03-01T00:00:00,2025,03,102.2,"1,,,N"
Rhode Island,GHCND:US1RIKN0002,2025-03-01T00:00:00,2025,03,108.6,",,,N"
Rhode Island,GHCND:US1RIKN0014,2025-03-01T00:00:00,2025,03,129.9,",,,N"
Rhode Island,GHCND:US1RIKN0021,2025-03-01T00:00:00,2025,03,134.6,"1,,,N"
Rhode Island,GHCND:US1RIKN0023,2025-03-01T00:00:00,2025,03,97.3,"2,,,N"
Rhode Island,GHCND:US1RIKN0030,2025-03-01T00:00:00,2025,03,122.2,"1,a,,N"
Rhode Island,GHCND:US1RIKN0031,2025-03-01T00:00:00,2025,03,93.3,",a,,N"
Rhode Island,GHCND:US1RIKN0036,2025-03-01T00:00:00,2025,03,118.8,",,,N"
Rhode Island,GHCND:US1RIKN0037,2025-03-01T00:00:00,2025,03,114.8,"1,a,,N"
Rhode Island,GHCND:US1RIKN0038,2025-03-01T00:00:00,2025,03,111.5,",,,N"
Rhode Island,GHCND:US1RIKN0045,2025-03-01T00:00:00,2025,03,118.8,",,,N"
Rhode Island,GHCND:US1RIKN0059,2025-03-01T00:00:00,2025,03,135.5,",,,N"
Rhode Island,GHCND:US1RIKN0065,2025-03-01T00:00:00,2025,03,113.8,",a,,N"
Rhode Island,GHCND:US1RIKN0080,2025-03-01T00:00:00,2025,03,125.1,"1,a,,N"
Rhode Island,GHCND:US1RINW0004,2025-03-01T00:00:00,2025,03,85.5,",,,N"
Rhode Island,GHCND:US1RINW0016,2025-03-01T00:00:00,2025,03,101.2,",,,N"
Rhode Island,GHCND:US1RINW0017,2025-03-01T00:00:00,2025,03,108.6,",,,N"
Rhode Island,GHCND:US1RINW0018,2025-03-01T00:00:00,2025,03,101.0,",,,N"
Rhode Island,GHCND:US1RINW0020,2025-03-01T00:00:00,2025,03,107.6,",,,N"
Rhode Island,GHCND:US1RINW0027,2025-03-01T00:00:00,2025,03,101.9,",,,N"
Rhode Island,GHCND:US1RINW0028,2025-03-01T00:00:00,2025,03,82.4,"1,,,N"
Rhode Island,GHCND:US1RINW0030,2025-03-01T00:00:00,2025,03,113.1,",,,N"
Rhode Island,GHCND:US1RINW0032,2025-03-01T00:00:00,2025,03,92.3,",,,N"
Rhode Island,GHCND:US1RIPR0028,2025-03-01T00:00:00,2025,03,115.8,"1,a,,N"
Rhode Island,GHCND:US1RIPR0033,2025-03-01T00:00:00,2025,03,124.5,",,,N"
Rhode Island,GHCND:US1RIPR0044,2025-03-01T00:00:00,2025,03,117.5,"1,a,,N"
Rhode Island,GHCND:US1RIPR0050,2025-03-01T00:00:00,2025,03,113.4,"1,,,N"
Rhode Island,GHCND:US1RIPR0051,2025-03-01T00:00:00,2025,03,122.3,",,,N"
Rhode Island,GHCND:US1RIPR0067,2025-03-01T00:00:00,2025,03,115.1,",,,N"
Rhode Island,GHCND:US1RIPR0081,2025-03-01T00:00:00,2025,03,119.7,"2,,,N"
Rhode Island,GHCND:US1RIPR0082,2025-03-01T00:00:00,2025,03,122.5,",,,N"
Rhode Island,GHCND:US1RIPR0084,2025-03-01T00:00:00,2025,03,112.9,",,,N"
Rhode Island,GHCND:US1RIPR0089,2025-03-01T00:00:00,2025,03,118.4,",,,N"
Rhode Island,GHCND:US1RIPR0104,2025-03-01T00:00:00,2025,03,118.1,",,,N"
Rhode Island,GHCND:US1RIPR0106,2025-03-01T00:00:00,2025,03,146.1,",,,N"
Rhode Island,GHCND:US1RIPR0108,2025-03-01T00:00:00,2025,03,103.3,"3,,,N"
Rhode Island,GHCND:US1RIPR0112,2025-03-01T00:00:00,2025,03,108.9,",a,,N"
Rhode Island,GHCND:US1RIPR0119,2025-03-01T00:00:00,2025,03,111.1,",,,N"
Rhode Island,GHCND:US1RIPR0121,2025-03-01T00:00:00,2025,03,116.1,"1,,,N"
Rhode Island,GHCND:US1RIPR0130,2025-03-01T00:00:00,2025,03,123.2,",,,N"
Rhode Island,GHCND:US1RIPR0135,2025-03-01T00:00:00,2025,03,95.2,",,,N"
Rhode Island,GHCND:US1RIPR0138,2025-03-01T00:00:00,2025,03,110.9,",,,N"
Rhode Island,GHCND:US1RIPR0140,2025-03-01T00:00:00,2025,03,130.1,",,,N"
Rhode Island,GHCND:US1RIPR0143,2025-03-01T00:00:00,2025,03,104.4,"3,a,,N"
Rhode Island,GHCND:US1RIWS0030,2025-03-01T00:00:00,2025,03,118.5,"1,,,N"
Rhode Island,GHCND:US1RIWS0031,2025-03-01T00:00:00,2025,03,124.4,",,,N"
Rhode Island,GHCND:US1RIWS0036,2025-03-01T00:00:00,2025,03,118.6,",,,N"
Rhode Island,GHCND:US1RIWS0037,2025-03-01T00:00:00,2025,03,128.1,",a,,N"
Rhode Island,GHCND:US1RIWS0042,2025-03-01T00:00:00,2025,03,133.9,",,,N"
Rhode Island,GHCND:US1RIWS0045,2025-03-01T00:00:00,2025,03,131.4,"3,,,N"
Rhode Island,GHCND:US1RIWS0047,2025-03-01T00:00:00,2025,03,115.2,"1,,,N"
Rhode Island,GHCND:US1RIWS0051,2025-03-01T00:00:00,2025,03,131.8,"1,,,N"
Rhode Island,GHCND:US1RIWS0054,2025-03-01T00:00:00,2025,03,121.0,",,,N"
Rhode Island,GHCND:US1RIWS0065,2025-03-01T00:00:00,2025,03,124.9,",,,N"
Rhode Island,GHCND:US1RIWS0066,2025-03-01T00:00:00,2025,03,105.6,",,,N"
Rhode Island,GHCND:US1RIWS0069,2025-03-01T00:00:00,2025,03,129.4,",,,N"
Rhode Island,GHCND:US1RIWS0070,2025-03-01T00:00:00,2025,03,122.3,",,,N"
Rhode Island,GHCND:US1RIWS0080,2025-03-01T00:00:00,2025,03,129.6,",,,N"
Rhode Island,GHCND:US1RIWS0081,2025-03-01T00:00:00,2025,03,94.9,"2,,,N"
Rhode Island,GHCND:US1RIWS0092,2025-03-01T00:00:00,2025,03,97.1,"5,a,,N"
Rhode Island,GHCND:US1RIWS0097,2025-03-01T00:00:00,2025,03,110.5,",a,,N"
Rhode Island,GHCND:US1RIWS0099,2025-03-01T00:00:00,2025,03,146.6,"5,a,,N"
Rhode Island,GHCND:US1RIWS0101,2025-03-01T00:00:00,2025,03,133.5,",,,N"
Rhode Island,GHCND:US1RIWS0106,2025-03-01T00:00:00,2025,03,123.3,",,,N"
Rhode Island,GHCND:US1RIWS0107,2025-03-01T00:00:00,2025,03,120.3,",,,N"
Rhode Island,GHCND:US1RIWS0108,2025-03-01T00:00:00,2025,03,112.6,"4,,,N"
Rhode Island,GHCND:US1RIWS0111,2025-03-01T00:00:00,2025,03,135.3,",,,N"
Rhode Island,GHCND:USC00370897,2025-03-01T00:00:00,2025,03,75.6,",,,7"
Rhode Island,GHCND:USC00371874,2025-03-01T00:00:00,2025,03,127.6,",a,,7"
Rhode Island,GHCND:USC00374266,2025-03-01T00:00:00,2025,03,131.8,",,,7"
Rhode Island,GHCND:USC00375270,2025-03-01T00:00:00,2025,03,111.5,",,,7"
Rhode Island,GHCND:USC00379423,2025-03-01T00:00:00,2025,03,115.7,",,,7"
Rhode Island,GHCND:USW00014765,2025-03-01T00:00:00,2025,03,112.2,",,,W"
Rhode Island,GHCND:USW00014787,2025-03-01T00:00:00,2025,03,103.5,",,,W"
Rhode Island,GHCND:USW00014794,2025-03-01T00:00:00,2025,03,103.9,",,,W"
Rhode Island,GHCND:USW00054796,2025-03-01T00:00:00,2025,03,130.7,",,,R"
Rhode Island,GHCND:USW00054797,2025-03-01T00:00:00,2025,03,134.0,",,,R"
Rhode Island,GHCND:USW00064710,2025-03-01T00:00:00,2025,03,180.0,"1,,,W"
Rhode Island,GHCND:USW00094793,2025-03-01T00:00:00,2025,03,44.3,",,,H"
Rhode Island,GHCND:US1RIBR0005,2025-04-01T00:00:00,2025,04,90.9,",a,,N"
Rhode Island,GHCND:US1RIBR0011,2025-04-01T00:00:00,2025,04,79.0,",,,N"
Rhode Island,GHCND:US1RIBR0018,2025-04-01T00:00:00,2025,04,71.8,"4,a,,N"
Rhode Island,GHCND:US1RIKN0002,2025-04-01T00:00:00,2025,04,90.1,",,,N"
Rhode Island,GHCND:US1RIKN0014,2025-04-01T00:00:00,2025,04,83.9,",,,N"
Rhode Island,GHCND:US1RIKN0021,2025-04-01T00:00:00,2025,04,89.6,",,,N"
Rhode Island,GHCND:US1RIKN0023,2025-04-01T00:00:00,2025,04,85.2,",,,N"
Rhode Island,GHCND:US1RIKN0030,2025-04-01T00:00:00,2025,04,81.5,"5,a,,N"
Rhode Island,GHCND:US1RIKN0031,2025-04-01T00:00:00,2025,04,81.6,",a,,N"
Rhode Island,GHCND:US1RIKN0036,2025-04-01T00:00:00,2025,04,80.6,"1,,,N"
Rhode Island,GHCND:US1RIKN0037,2025-04-01T00:00:00,2025,04,95.4,"1,,,N"
Rhode Island,GHCND:US1RIKN0038,2025-04-01T00:00:00,2025,04,93.4,",,,N"
Rhode Island,GHCND:US1RIKN0051,2025-04-01T00:00:00,2025,04,72.7,"4,a,,N"
Rhode Island,GHCND:US1RIKN0059,2025-04-01T00:00:00,2025,04,90.2,",,,N"
Rhode Island,GHCND:US1RIKN0062,2025-04-01T00:00:00,2025,04,78.1,"1,a,,N"
Rhode Island,GHCND:US1RIKN0065,2025-04-01T00:00:00,2025,04,99.6,"4,a,,N"
Rhode Island,GHCND:US1RIKN0067,2025-04-01T00:00:00,2025,04,92.9,",,,N"
Rhode Island,GHCND:US1RIKN0068,2025-04-01T00:00:00,2025,04,99.2,"3,,,N"
Rhode Island,GHCND:US1RIKN0079,2025-04-01T00:00:00,2025,04,85.1,"4,,,N"
Rhode Island,GHCND:US1RIKN0080,2025-04-01T00:00:00,2025,04,92.2,"3,,,N"
Rhode Island,GHCND:US1RINW0004,2025-04-01T00:00:00,2025,04,73.0,",,,N"
Rhode Island,GHCND:US1RINW0016,2025-04-01T00:00:00,2025,04,106.3,",,,N"
Rhode Island,GHCND:US1RINW0017,2025-04-01T00:00:00,2025,04,95.7,",,,N"
Rhode Island,GHCND:US1RINW0018,2025-04-01T00:00:00,2025,04,97.9,",,,N"
Rhode Island,GHCND:US1RINW0020,2025-04-01T00:00:00,2025,04,97.4,",,,N"
Rhode Island,GHCND:US1RINW0023,2025-04-01T00:00:00,2025,04,97.8,"1,a,,N"
Rhode Island,GHCND:US1RINW0027,2025-04-01T00:00:00,2025,04,104.7,",,,N"
Rhode Island,GHCND:US1RINW0028,2025-04-01T00:00:00,2025,04,73.2,"2,,,N"
Rhode Island,GHCND:US1RINW0030,2025-04-01T00:00:00,2025,04,107.2,",,,N"
Rhode Island,GHCND:US1RINW0031,2025-04-01T00:00:00,2025,04,59.7,"5,a,,N"
Rhode Island,GHCND:US1RINW0032,2025-04-01T00:00:00,2025,04,87.6,",,,N"
Rhode Island,GHCND:US1RIPR0028,2025-04-01T00:00:00,2025,04,86.3,"1,a,,N"
Rhode Island,GHCND:US1RIPR0033,2025-04-01T00:00:00,2025,04,90.2,",,,N"
Rhode Island,GHCND:US1RIPR0044,2025-04-01T00:00:00,2025,04,85.1,"2,,,N"
Rhode Island,GHCND:US1RIPR0050,2025-04-01T00:00:00,2025,04,106.4,",,,N"
Rhode Island,GHCND:US1RIPR0051,2025-04-01T00:00:00,2025,04,103.2,",a,,N"
Rhode Island,GHCND:US1RIPR0057,2025-04-01T00:00:00,2025,04,98.2,",,,N"
Rhode Island,GHCND:US1RIPR0067,2025-04-01T00:00:00,2025,04,91.2,",a,,N"
Rhode Island,GHCND:US1RIPR0081,2025-04-01T00:00:00,2025,04,104.2,"4,,,N"
Rhode Island,GHCND:US1RIPR0082,2025-04-01T00:00:00,2025,04,87.3,",,,N"
Rhode Island,GHCND:US1RIPR0084,2025-04-01T00:00:00,2025,04,83.7,",a,,N"
Rhode Island,GHCND:US1RIPR0089,2025-04-01T00:00:00,2025,04,123.3,",a,,N"
Rhode Island,GHCND:US1RIPR0104,2025-04-01T00:00:00,2025,04,88.9,",,,N"
Rhode Island,GHCND:US1RIPR0106,2025-04-01T00:00:00,2025,04,85.2,",,,N"
Rhode Island,GHCND:US1RIPR0108,2025-04-01T00:00:00,2025,04,95.1,",,,N"
Rhode Island,GHCND:US1RIPR0111,2025-04-01T00:00:00,2025,04,88.3,"3,,,N"
Rhode Island,GHCND:US1RIPR0112,2025-04-01T00:00:00,2025,04,97.6,",,,N"
Rhode Island,GHCND:US1RIPR0119,2025-04-01T00:00:00,2025,04,74.5,",,,N"
Rhode Island,GHCND:US1RIPR0121,2025-04-01T00:00:00,2025,04,97.8,"1,,,N"
Rhode Island,GHCND:US1RIPR0130,2025-04-01T00:00:00,2025,04,95.5,",,,N"
Rhode Island,GHCND:US1RIPR0132,2025-04-01T00:00:00,2025,04,110.2,",,,N"
Rhode Island,GHCND:US1RIPR0138,2025-04-01T00:00:00,2025,04,93.5,",,,N"
Rhode Island,GHCND:US1RIPR0140,2025-04-01T00:00:00,2025,04,107.2,",,,N"
Rhode Island,GHCND:US1RIPR0143,2025-04-01T00:00:00,2025,04,77.8,"5,a,,N"
Rhode Island,GHCND:US1RIPR0150,2025-04-01T00:00:00,2025,04,82.0,"2,,,N"
Rhode Island,GHCND:US1RIPR0151,2025-04-01T00:00:00,2025,04,91.1,"4,,,N"
Rhode Island,GHCND:US1RIWS0030,2025-04-01T00:00:00,2025,04,89.2,"1,,,N"
Rhode Island,GHCND:US1RIWS0031,2025-04-01T00:00:00,2025,04,78.7,",a,,N"
Rhode Island,GHCND:US1RIWS0036,2025-04-01T00:00:00,2025,04,109.4,",,,N"
Rhode Island,GHCND:US1RIWS0037,2025-04-01T00:00:00,2025,04,102.9,",,,N"
Rhode Island,GHCND:US1RIWS0042,2025-04-01T00:00:00,2025,04,77.0,",,,N"
Rhode Island,GHCND:US1RIWS0047,2025-04-01T00:00:00,2025,04,81.9,"2,a,,N"
Rhode Island,GHCND:US1RIWS0051,2025-04-01T00:00:00,2025,04,96.0,"1,a,,N"
Rhode Island,GHCND:US1RIWS0052,2025-04-01T00:00:00,2025,04,73.8,"5,,,N"
Rhode Island,GHCND:US1RIWS0054,2025-04-01T00:00:00,2025,04,94.9,",,,N"
Rhode Island,GHCND:US1RIWS0055,2025-04-01T00:00:00,2025,04,111.7,",,,N"
Rhode Island,GHCND:US1RIWS0065,2025-04-01T00:00:00,2025,04,114.7,",,,N"
Rhode Island,GHCND:US1RIWS0066,2025-04-01T00:00:00,2025,04,93.9,"2,,,N"
Rhode Island,GHCND:US1RIWS0069,2025-04-01T00:00:00,2025,04,92.1,",,,N"
Rhode Island,GHCND:US1RIWS0070,2025-04-01T00:00:00,2025,04,103.0,",,,N"
Rhode Island,GHCND:US1RIWS0080,2025-04-01T00:00:00,2025,04,105.0,"2,,,N"
Rhode Island,GHCND:US1RIWS0081,2025-04-01T00:00:00,2025,04,95.4,"2,,,N"
Rhode Island,GHCND:US1RIWS0083,2025-04-01T00:00:00,2025,04,105.0,",,,N"
Rhode Island,GHCND:US1RIWS0088,2025-04-01T00:00:00,2025,04,99.0,"4,,,N"
Rhode Island,GHCND:US1RIWS0092,2025-04-01T00:00:00,2025,04,101.2,"2,,,N"
Rhode Island,GHCND:US1RIWS0097,2025-04-01T00:00:00,2025,04,86.6,",a,,N"
Rhode Island,GHCND:US1RIWS0099,2025-04-01T00:00:00,2025,04,73.4,"3,a,,N"
Rhode Island,GHCND:US1RIWS0101,2025-04-01T00:00:00,2025,04,90.6,",,,N"
Rhode Island,GHCND:US1RIWS0106,2025-04-01T00:00:00,2025,04,116.1,",,,N"
Rhode Island,GHCND:US1RIWS0107,2025-04-01T00:00:00,2025,04,107.8,",a,,N"
Rhode Island,GHCND:US1RIWS0108,2025-04-01T00:00:00,2025,04,110.5,"4,,,N"
Rhode Island,GHCND:US1RIWS0109,2025-04-01T00:00:00,2025,04,108.2,"3,,,N"
Rhode Island,GHCND:US1RIWS0110,2025-04-01T00:00:00,2025,04,92.5,",,,N"
Rhode Island,GHCND:US1RIWS0111,2025-04-01T00:00:00,2025,04,87.6,"2,a,,N"
Rhode Island,GHCND:USC00370897,2025-04-01T00:00:00,2025,04,81.9,",,,7"
Rhode Island,GHCND:USC00371874,2025-04-01T00:00:00,2025,04,82.6,",a,,7"
Rhode Island,GHCND:USC00374266,2025-04-01T00:00:00,2025,04,94.7,",,,7"
Rhode Island,GHCND:USC00375270,2025-04-01T00:00:00,2025,04,121.6,",,,7"
Rhode Island,GHCND:USC00379423,2025-04-01T00:00:00,2025,04,105.0,",,,7"
Rhode Island,GHCND:USW00014765,2025-04-01T00:00:00,2025,04,72.8,",,,W"
Rhode Island,GHCND:USW00014787,2025-04-01T00:00:00,2025,04,86.3,",,,W"
Rhode Island,GHCND:USW00014794,2025-04-01T00:00:00,2025,04,83.8,",,,W"
Rhode Island,GHCND:USW00054796,2025-04-01T00:00:00,2025,04,81.1,"2,,,R"
Rhode Island,GHCND:USW00054797,2025-04-01T00:00:00,2025,04,88.6,",,,R"
Rhode Island,GHCND:USW00064710,2025-04-01T00:00:00,2025,04,99.4,",,,W"
Rhode Island,GHCND:USW00094793,2025-04-01T00:00:00,2025,04,36.6,",,,H"
Rhode Island,GHCND:US1RIBR0005,2025-05-01T00:00:00,2025,05,199.5,",,,N"
Rhode Island,GHCND:US1RIBR0011,2025-05-01T00:00:00,2025,05,220.6,",,,N"
Rhode Island,GHCND:US1RIKN0002,2025-05-01T00:00:00,2025,05,210.5,",,,N"
Rhode Island,GHCND:US1RIKN0014,2025-05-01T00:00:00,2025,05,192.2,",,,N"
Rhode Island,GHCND:US1RIKN0021,2025-05-01T00:00:00,2025,05,224.2,",,,N"
Rhode Island,GHCND:US1RIKN0023,2025-05-01T00:00:00,2025,05,205.5,",,,N"
Rhode Island,GHCND:US1RIKN0030,2025-05-01T00:00:00,2025,05,188.3,"4,a,,N"
Rhode Island,GHCND:US1RIKN0031,2025-05-01T00:00:00,2025,05,197.2,"1,a,,N"
Rhode Island,GHCND:US1RIKN0036,2025-05-01T00:00:00,2025,05,192.1,",,,N"
Rhode Island,GHCND:US1RIKN0037,2025-05-01T00:00:00,2025,05,197.9,",,,N"
Rhode Island,GHCND:US1RIKN0038,2025-05-01T00:00:00,2025,05,202.0,",,,N"
Rhode Island,GHCND:US1RIKN0051,2025-05-01T00:00:00,2025,05,194.3,",a,,N"
Rhode Island,GHCND:US1RIKN0059,2025-05-01T00:00:00,2025,05,225.0,",,,N"
Rhode Island,GHCND:US1RIKN0062,2025-05-01T00:00:00,2025,05,206.1,"2,,,N"
Rhode Island,GHCND:US1RIKN0065,2025-05-01T00:00:00,2025,05,200.5,"1,a,,N"
Rhode Island,GHCND:US1RIKN0068,2025-05-01T00:00:00,2025,05,235.2,",,,N"
Rhode Island,GHCND:US1RIKN0080,2025-05-01T00:00:00,2025,05,225.8,",a,,N"
Rhode Island,GHCND:US1RINW0004,2025-05-01T00:00:00,2025,05,230.7,",,,N"
Rhode Island,GHCND:US1RINW0016,2025-05-01T00:00:00,2025,05,205.1,",,,N"
Rhode Island,GHCND:US1RINW0017,2025-05-01T00:00:00,2025,05,192.9,",,,N"
Rhode Island,GHCND:US1RINW0018,2025-05-01T00:00:00,2025,05,195.5,",,,N"
Rhode Island,GHCND:US1RINW0020,2025-05-01T00:00:00,2025,05,193.0,",,,N"
Rhode Island,GHCND:US1RINW0023,2025-05-01T00:00:00,2025,05,177.4,"1,a,,N"
Rhode Island,GHCND:US1RINW0027,2025-05-01T00:00:00,2025,05,238.1,"1,,,N"
Rhode Island,GHCND:US1RINW0028,2025-05-01T00:00:00,2025,05,177.5,"1,,,N"
Rhode Island,GHCND:US1RINW0030,2025-05-01T00:00:00,2025,05,228.6,",,,N"
Rhode Island,GHCND:US1RINW0031,2025-05-01T00:00:00,2025,05,220.7,",a,,N"
Rhode Island,GHCND:US1RINW0032,2025-05-01T00:00:00,2025,05,217.2,",,,N"
Rhode Island,GHCND:US1RIPR0021,2025-05-01T00:00:00,2025,05,182.6,"5,a,,N"
Rhode Island,GHCND:US1RIPR0028,2025-05-01T00:00:00,2025,05,187.6,"2,a,,N"
Rhode Island,GHCND:US1RIPR0033,2025-05-01T00:00:00,2025,05,219.2,",,,N"
Rhode Island,GHCND:US1RIPR0050,2025-05-01T00:00:00,2025,05,194.2,"1,,,N"
Rhode Island,GHCND:US1RIPR0051,2025-05-01T00:00:00,2025,05,198.4,",,,N"
Rhode Island,GHCND:US1RIPR0055,2025-05-01T00:00:00,2025,05,185.7,",,,N"
Rhode Island,GHCND:US1RIPR0057,2025-05-01T00:00:00,2025,05,218.0,",,,N"
Rhode Island,GHCND:US1RIPR0067,2025-05-01T00:00:00,2025,05,189.3,",a,,N"
Rhode Island,GHCND:US1RIPR0081,2025-05-01T00:00:00,2025,05,190.6,"5,,,N"
Rhode Island,GHCND:US1RIPR0082,2025-05-01T00:00:00,2025,05,196.1,",,,N"
Rhode Island,GHCND:US1RIPR0084,2025-05-01T00:00:00,2025,05,183.8,",,,N"
Rhode Island,GHCND:US1RIPR0089,2025-05-01T00:00:00,2025,05,196.0,",,,N"
Rhode Island,GHCND:US1RIPR0104,2025-05-01T00:00:00,2025,05,196.8,",,,N"
Rhode Island,GHCND:US1RIPR0106,2025-05-01T00:00:00,2025,05,174.7,",,,N"
Rhode Island,GHCND:US1RIPR0108,2025-05-01T00:00:00,2025,05,226.8,",,,N"
Rhode Island,GHCND:US1RIPR0111,2025-05-01T00:00:00,2025,05,202.8,",a,,N"
Rhode Island,GHCND:US1RIPR0112,2025-05-01T00:00:00,2025,05,216.6,"1,,,N"
Rhode Island,GHCND:US1RIPR0119,2025-05-01T00:00:00,2025,05,206.3,"1,,,N"
Rhode Island,GHCND:US1RIPR0121,2025-05-01T00:00:00,2025,05,200.9,"2,,,N"
Rhode Island,GHCND:US1RIPR0132,2025-05-01T00:00:00,2025,05,202.5,",,,N"
Rhode Island,GHCND:US1RIPR0135,2025-05-01T00:00:00,2025,05,190.7,",,,N"
Rhode Island,GHCND:US1RIPR0140,2025-05-01T00:00:00,2025,05,209.7,",,,N"
Rhode Island,GHCND:US1RIPR0143,2025-05-01T00:00:00,2025,05,190.9,",a,,N"
Rhode Island,GHCND:US1RIPR0150,2025-05-01T00:00:00,2025,05,194.3,"2,,,N"
Rhode Island,GHCND:US1RIPR0151,2025-05-01T00:00:00,2025,05,195.2,"2,,,N"
Rhode Island,GHCND:US1RIWS0030,2025-05-01T00:00:00,2025,05,192.9,",,,N"
Rhode Island,GHCND:US1RIWS0031,2025-05-01T00:00:00,2025,05,186.6,",,,N"
Rhode Island,GHCND:US1RIWS0036,2025-05-01T00:00:00,2025,05,222.6,"1,,,N"
Rhode Island,GHCND:US1RIWS0042,2025-05-01T00:00:00,2025,05,184.2,",,,N"
Rhode Island,GHCND:US1RIWS0045,2025-05-01T00:00:00,2025,05,231.2,"1,a,,N"
Rhode Island,GHCND:US1RIWS0047,2025-05-01T00:00:00,2025,05,191.4,"2,,,N"
Rhode Island,GHCND:US1RIWS0052,2025-05-01T00:00:00,2025,05,217.7,",,,N"
Rhode Island,GHCND:US1RIWS0054,2025-05-01T00:00:00,2025,05,205.5,",,,N"
Rhode Island,GHCND:US1RIWS0055,2025-05-01T00:00:00,2025,05,207.7,",,,N"
Rhode Island,GHCND:US1RIWS0065,2025-05-01T00:00:00,2025,05,207.5,"1,,,N"
Rhode Island,GHCND:US1RIWS0066,2025-05-01T00:00:00,2025,05,205.5,"4,,,N"
Rhode Island,GHCND:US1RIWS0069,2025-05-01T00:00:00,2025,05,200.4,"1,,,N"
Rhode Island,GHCND:US1RIWS0070,2025-05-01T00:00:00,2025,05,194.7,",a,,N"
Rhode Island,GHCND:US1RIWS0080,2025-05-01T00:00:00,2025,05,246.7,"1,,,N"
Rhode Island,GHCND:US1RIWS0081,2025-05-01T00:00:00,2025,05,208.3,"3,,,N"
Rhode Island,GHCND:US1RIWS0083,2025-05-01T00:00:00,2025,05,209.0,",,,N"
Rhode Island,GHCND:US1RIWS0088,2025-05-01T00:00:00,2025,05,192.5,"3,,,N"
Rhode Island,GHCND:US1RIWS0092,2025-05-01T00:00:00,2025,05,178.3,",a,,N"
Rhode Island,GHCND:US1RIWS0097,2025-05-01T00:00:00,2025,05,204.7,"2,a,,N"
Rhode Island,GHCND:US1RIWS0105,2025-05-01T00:00:00,2025,05,188.3,"4,a,,N"
Rhode Island,GHCND:US1RIWS0106,2025-05-01T00:00:00,2025,05,218.9,",,,N"
Rhode Island,GHCND:US1RIWS0108,2025-05-01T00:00:00,2025,05,233.1,"3,,,N"
Rhode Island,GHCND:US1RIWS0111,2025-05-01T00:00:00,2025,05,199.1,",,,N"
Rhode Island,GHCND:USC00370897,2025-05-01T00:00:00,2025,05,214.8,",,,7"
Rhode Island,GHCND:USC00371874,2025-05-01T00:00:00,2025,05,193.8,"2,a,,7"
Rhode Island,GHCND:USC00374266,2025-05-01T00:00:00,2025,05,213.3,",,,7"
Rhode Island,GHCND:USC00375270,2025-05-01T00:00:00,2025,05,236.5,",,,7"
Rhode Island,GHCND:USC00379423,2025-05-01T00:00:00,2025,05,200.0,",a,,7"
Rhode Island,GHCND:USW00014765,2025-05-01T00:00:00,2025,05,204.5,",,,W"
Rhode Island,GHCND:USW00014787,2025-05-01T00:00:00,2025,05,234.1,",,,W"
Rhode Island,GHCND:USW00014794,2025-05-01T00:00:00,2025,05,185.0,",,,W"
Rhode Island,GHCND:USW00054796,2025-05-01T00:00:00,2025,05,206.7,",,,R"
Rhode Island,GHCND:USW00054797,2025-05-01T00:00:00,2025,05,209.7,",,,R"
Rhode Island,GHCND:USW00064710,2025-05-01T00:00:00,2025,05,256.8,",,,W"
Rhode Island,GHCND:USW00094793,2025-05-01T00:00:00,2025,05,93.2,",,,H"
Rhode Island,GHCND:US1RIBR0005,2025-06-01T00:00:00,2025,06,36.9,"2,a,,N"
Rhode Island,GHCND:US1RIBR0018,2025-06-01T00:00:00,2025,06,49.3,"3,a,,N"
Rhode Island,GHCND:US1RIKN0002,2025-06-01T00:00:00,2025,06,34.4,",,,N"
Rhode Island,GHCND:US1RIKN0014,2025-06-01T00:00:00,2025,06,44.9,",,,N"
Rhode Island,GHCND:US1RIKN0021,2025-06-01T00:00:00,2025,06,39.9,",,,N"
Rhode Island,GHCND:US1RIKN0023,2025-06-01T00:00:00,2025,06,38.0,",,,N"
Rhode Island,GHCND:US1RIKN0031,2025-06-01T00:00:00,2025,06,32.7,"1,a,,N"
Rhode Island,GHCND:US1RIKN0036,2025-06-01T00:00:00,2025,06,38.6,",,,N"
Rhode Island,GHCND:US1RIKN0038,2025-06-01T00:00:00,2025,06,51.3,",,,N"
Rhode Island,GHCND:US1RIKN0045,2025-06-01T00:00:00,2025,06,34.9,",a,,N"
Rhode Island,GHCND:US1RIKN0051,2025-06-01T00:00:00,2025,06,45.6,",a,,N"
Rhode Island,GHCND:US1RIKN0059,2025-06-01T00:00:00,2025,06,38.7,",,,N"
Rhode Island,GHCND:US1RIKN0065,2025-06-01T00:00:00,2025,06,47.3,"3,,,N"
Rhode Island,GHCND:US1RIKN0068,2025-06-01T00:00:00,2025,06,44.5,",,,N"
Rhode Island,GHCND:US1RIKN0080,2025-06-01T00:00:00,2025,06,40.6,",,,N"
Rhode Island,GHCND:US1RINW0004,2025-06-01T00:00:00,2025,06,24.2,",,,N"
Rhode Island,GHCND:US1RINW0016,2025-06-01T00:00:00,2025,06,32.1,",,,N"
Rhode Island,GHCND:US1RINW0017,2025-06-01T00:00:00,2025,06,28.1,",,,N"
Rhode Island,GHCND:US1RINW0018,2025-06-01T00:00:00,2025,06,22.6,",,,N"
Rhode Island,GHCND:US1RINW0020,2025-06-01T00:00:00,2025,06,22.4,",,,N"
Rhode Island,GHCND:US1RINW0027,2025-06-01T00:00:00,2025,06,27.7,",,,N"
Rhode Island,GHCND:US1RINW0028,2025-06-01T00:00:00,2025,06,12.8,"1,,,N"
Rhode Island,GHCND:US1RINW0030,2025-06-01T00:00:00,2025,06,26.2,",,,N"
Rhode Island,GHCND:US1RINW0031,2025-06-01T00:00:00,2025,06,23.8,"1,,,N"
Rhode Island,GHCND:US1RINW0032,2025-06-01T00:00:00,2025,06,33.4,",,,N"
Rhode Island,GHCND:US1RIPR0028,2025-06-01T00:00:00,2025,06,79.0,"3,a,,N"
Rhode Island,GHCND:US1RIPR0033,2025-06-01T00:00:00,2025,06,61.7,",,,N"
Rhode Island,GHCND:US1RIPR0051,2025-06-01T00:00:00,2025,06,80.5,",,,N"
Rhode Island,GHCND:US1RIPR0055,2025-06-01T00:00:00,2025,06,70.2,",a,,N"
Rhode Island,GHCND:US1RIPR0057,2025-06-01T00:00:00,2025,06,49.5,",,,N"
Rhode Island,GHCND:US1RIPR0067,2025-06-01T00:00:00,2025,06,50.1,"1,,,N"
Rhode Island,GHCND:US1RIPR0071,2025-06-01T00:00:00,2025,06,41.1,"4,,,N"
Rhode Island,GHCND:US1RIPR0084,2025-06-01T00:00:00,2025,06,42.9,",a,,N"
Rhode Island,GHCND:US1RIPR0104,2025-06-01T00:00:00,2025,06,59.4,",,,N"
Rhode Island,GHCND:US1RIPR0106,2025-06-01T00:00:00,2025,06,38.5,",,,N"
Rhode Island,GHCND:US1RIPR0111,2025-06-01T00:00:00,2025,06,45.5,",,,N"
Rhode Island,GHCND:US1RIPR0112,2025-06-01T00:00:00,2025,06,47.6,",,,N"
Rhode Island,GHCND:US1RIPR0119,2025-06-01T00:00:00,2025,06,40.1,",,,N"
Rhode Island,GHCND:US1RIPR0121,2025-06-01T00:00:00,2025,06,88.2,",,,N"
Rhode Island,GHCND:US1RIPR0130,2025-06-01T00:00:00,2025,06,87.2,",,,N"
Rhode Island,GHCND:US1RIPR0132,2025-06-01T00:00:00,2025,06,60.5,"1,,,N"
Rhode Island,GHCND:US1RIPR0135,2025-06-01T00:00:00,2025,06,43.3,",,,N"
Rhode Island,GHCND:US1RIPR0138,2025-06-01T00:00:00,2025,06,47.4,"1,,,N"
Rhode Island,GHCND:US1RIPR0140,2025-06-01T00:00:00,2025,06,62.8,",,,N"
Rhode Island,GHCND:US1RIPR0150,2025-06-01T00:00:00,2025,06,47.6,"2,,,N"
Rhode Island,GHCND:US1RIWS0031,2025-06-01T00:00:00,2025,06,28.5,",a,,N"
Rhode Island,GHCND:US1RIWS0036,2025-06-01T00:00:00,2025,06,34.7,",,,N"
Rhode Island,GHCND:US1RIWS0042,2025-06-01T00:00:00,2025,06,32.9,",,,N"
Rhode Island,GHCND:US1RIWS0045,2025-06-01T00:00:00,2025,06,26.9,"2,,,N"
Rhode Island,GHCND:US1RIWS0047,2025-06-01T00:00:00,2025,06,25.1,"1,a,,N"
Rhode Island,GHCND:US1RIWS0051,2025-06-01T00:00:00,2025,06,24.2,"5,a,,N"
Rhode Island,GHCND:US1RIWS0052,2025-06-01T00:00:00,2025,06,17.0,"2,,,N"
Rhode Island,GHCND:US1RIWS0054,2025-06-01T00:00:00,2025,06,30.3,",,,N"
Rhode Island,GHCND:US1RIWS0058,2025-06-01T00:00:00,2025,06,22.1,",,,N"
Rhode Island,GHCND:US1RIWS0065,2025-06-01T00:00:00,2025,06,19.8,",,,N"
Rhode Island,GHCND:US1RIWS0069,2025-06-01T00:00:00,2025,06,26.4,",,,N"
Rhode Island,GHCND:US1RIWS0070,2025-06-01T00:00:00,2025,06,22.5,",,,N"
Rhode Island,GHCND:US1RIWS0080,2025-06-01T00:00:00,2025,06,20.6,"1,,,N"
Rhode Island,GHCND:US1RIWS0081,2025-06-01T00:00:00,2025,06,23.4,",,,N"
Rhode Island,GHCND:US1RIWS0083,2025-06-01T00:00:00,2025,06,20.4,",,,N"
Rhode Island,GHCND:US1RIWS0088,2025-06-01T00:00:00,2025,06,22.7,"5,,,N"
Rhode Island,GHCND:US1RIWS0092,2025-06-01T00:00:00,2025,06,37.5,",a,,N"
Rhode Island,GHCND:US1RIWS0097,2025-06-01T00:00:00,2025,06,27.3,",a,,N"
Rhode Island,GHCND:US1RIWS0099,2025-06-01T00:00:00,2025,06,26.2,",a,,N"
Rhode Island,GHCND:US1RIWS0107,2025-06-01T00:00:00,2025,06,26.3,",a,,N"
Rhode Island,GHCND:US1RIWS0108,2025-06-01T00:00:00,2025,06,31.1,"1,,,N"
Rhode Island,GHCND:US1RIWS0109,2025-06-01T00:00:00,2025,06,20.6,"3,,,N"
Rhode Island,GHCND:US1RIWS0111,2025-06-01T00:00:00,2025,06,21.8,",,,N"
Rhode Island,GHCND:USC00370897,2025-06-01T00:00:00,2025,06,43.4,",,,7"
Rhode Island,GHCND:USC00371874,2025-06-01T00:00:00,2025,06,32.7,"2,a,,7"
Rhode Island,GHCND:USC00374266,2025-06-01T00:00:00,2025,06,22.5,",,,7"
Rhode Island,GHCND:USC00375270,2025-06-01T00:00:00,2025,06,87.3,",,,7"
Rhode Island,GHCND:USC00379423,2025-06-01T00:00:00,2025,06,72.0,",,,7"
Rhode Island,GHCND:USW00014765,2025-06-01T00:00:00,2025,06,29.3,",,,W"
Rhode Island,GHCND:USW00014787,2025-06-01T00:00:00,2025,06,26.3,",,,W"
Rhode Island,GHCND:USW00014794,2025-06-01T00:00:00,2025,06,34.3,",,,W"
Rhode Island,GHCND:USW00054796,2025-06-01T00:00:00,2025,06,20.1,",,,R"
Rhode Island,GHCND:USW00054797,2025-06-01T00:00:00,2025,06,18.5,",,,R"
Rhode Island,GHCND:USW00064710,2025-06-01T00:00:00,2025,06,74.4,",,,W"
Rhode Island,GHCND:USW00094793,2025-06-01T00:00:00,2025,06,13.3,",,,H"
Rhode Island,GHCND:US1RIBR0011,2025-07-01T00:00:00,2025,07,116.3,",,,N"
Rhode Island,GHCND:US1RIKN0002,2025-07-01T00:00:00,2025,07,71.1,",,,N"
Rhode Island,GHCND:US1RIKN0014,2025-07-01T00:00:00,2025,07,58.2,",,,N"
Rhode Island,GHCND:US1RIKN0021,2025-07-01T00:00:00,2025,07,76.4,",,,N"
Rhode Island,GHCND:US1RIKN0023,2025-07-01T00:00:00,2025,07,140.7,",,,N"
Rhode Island,GHCND:US1RIKN0031,2025-07-01T00:00:00,2025,07,123.1,",a,,N"
Rhode Island,GHCND:US1RIKN0036,2025-07-01T00:00:00,2025,07,44.6,",,,N"
Rhode Island,GHCND:US1RIKN0038,2025-07-01T00:00:00,2025,07,138.6,",,,N"
Rhode Island,GHCND:US1RIKN0045,2025-07-01T00:00:00,2025,07,63.1,",,,N"
Rhode Island,GHCND:US1RIKN0051,2025-07-01T00:00:00,2025,07,67.4,",a,,N"
Rhode Island,GHCND:US1RIKN0059,2025-07-01T00:00:00,2025,07,74.0,",,,N"
Rhode Island,GHCND:US1RIKN0062,2025-07-01T00:00:00,2025,07,122.5,"2,,,N"
Rhode Island,GHCND:US1RIKN0065,2025-07-01T00:00:00,2025,07,147.0,"1,,,N"
Rhode Island,GHCND:US1RIKN0068,2025-07-01T00:00:00,2025,07,63.2,",,,N"
Rhode Island,GHCND:US1RIKN0079,2025-07-01T00:00:00,2025,07,127.6,"1,a,,N"
Rhode Island,GHCND:US1RIKN0080,2025-07-01T00:00:00,2025,07,83.1,"1,,,N"
Rhode Island,GHCND:US1RIKN0083,2025-07-01T00:00:00,2025,07,119.4,"5,,,N"
Rhode Island,GHCND:US1RINW0004,2025-07-01T00:00:00,2025,07,48.0,",,,N"
Rhode Island,GHCND:US1RINW0017,2025-07-01T00:00:00,2025,07,67.9,",,,N"
Rhode Island,GHCND:US1RINW0018,2025-07-01T00:00:00,2025,07,49.6,",,,N"
Rhode Island,GHCND:US1RINW0020,2025-07-01T00:00:00,2025,07,75.6,",,,N"
Rhode Island,GHCND:US1RINW0023,2025-07-01T00:00:00,2025,07,66.9,"4,,,N"
Rhode Island,GHCND:US1RINW0027,2025-07-01T00:00:00,2025,07,50.9,",,,N"
Rhode Island,GHCND:US1RINW0028,2025-07-01T00:00:00,2025,07,72.2,"1,,,N"
Rhode Island,GHCND:US1RINW0030,2025-07-01T00:00:00,2025,07,58.3,",,,N"
Rhode Island,GHCND:US1RINW0031,2025-07-01T00:00:00,2025,07,50.4,",,,N"
Rhode Island,GHCND:US1RINW0032,2025-07-01T00:00:00,2025,07,44.4,",,,N"
Rhode Island,GHCND:US1RIPR0028,2025-07-01T00:00:00,2025,07,94.3,"1,,,N"
Rhode Island,GHCND:US1RIPR0033,2025-07-01T00:00:00,2025,07,96.2,",,,N"
Rhode Island,GHCND:US1RIPR0044,2025-07-01T00:00:00,2025,07,46.0,"5,a,,N"
Rhode Island,GHCND:US1RIPR0051,2025-07-01T00:00:00,2025,07,91.5,",,,N"
Rhode Island,GHCND:US1RIPR0055,2025-07-01T00:00:00,2025,07,121.8,",a,,N"
Rhode Island,GHCND:US1RIPR0057,2025-07-01T00:00:00,2025,07,142.3,"3,,,N"
Rhode Island,GHCND:US1RIPR0067,2025-07-01T00:00:00,2025,07,89.9,",,,N"
Rhode Island,GHCND:US1RIPR0081,2025-07-01T00:00:00,2025,07,105.5,"1,,,N"
Rhode Island,GHCND:US1RIPR0082,2025-07-01T00:00:00,2025,07,90.2,",,,N"
Rhode Island,GHCND:US1RIPR0089,2025-07-01T00:00:00,2025,07,103.2,"1,,,N"
Rhode Island,GHCND:US1RIPR0104,2025-07-01T00:00:00,2025,07,88.5,",,,N"
Rhode Island,GHCND:US1RIPR0106,2025-07-01T00:00:00,2025,07,81.9,",,,N"
Rhode Island,GHCND:US1RIPR0111,2025-07-01T00:00:00,2025,07,108.1,",,,N"
Rhode Island,GHCND:US1RIPR0112,2025-07-01T00:00:00,2025,07,65.0,"1,,,N"
Rhode Island,GHCND:US1RIPR0119,2025-07-01T00:00:00,2025,07,77.1,"2,,,N"
Rhode Island,GHCND:US1RIPR0121,2025-07-01T00:00:00,2025,07,84.7,"2,,,N"
Rhode Island,GHCND:US1RIPR0130,2025-07-01T00:00:00,2025,07,99.2,",,,N"
Rhode Island,GHCND:US1RIPR0135,2025-07-01T00:00:00,2025,07,136.0,",,,N"
Rhode Island,GHCND:US1RIPR0138,2025-07-01T00:00:00,2025,07,77.2,",,,N"
Rhode Island,GHCND:US1RIPR0140,2025-07-01T00:00:00,2025,07,117.9,",,,N"
Rhode Island,GHCND:US1RIPR0150,2025-07-01T00:00:00,2025,07,90.2,",,,N"
Rhode Island,GHCND:US1RIWS0030,2025-07-01T00:00:00,2025,07,55.0,",,,N"
Rhode Island,GHCND:US1RIWS0031,2025-07-01T00:00:00,2025,07,37.7,"4,a,,N"
Rhode Island,GHCND:US1RIWS0036,2025-07-01T00:00:00,2025,07,48.5,",,,N"
Rhode Island,GHCND:US1RIWS0037,2025-07-01T00:00:00,2025,07,52.2,",,,N"
Rhode Island,GHCND:US1RIWS0042,2025-07-01T00:00:00,2025,07,60.1,",,,N"
Rhode Island,GHCND:US1RIWS0045,2025-07-01T00:00:00,2025,07,64.2,"2,,,N"
Rhode Island,GHCND:US1RIWS0047,2025-07-01T00:00:00,2025,07,46.2,",,,N"
Rhode Island,GHCND:US1RIWS0051,2025-07-01T00:00:00,2025,07,76.6,"1,a,,N"
Rhode Island,GHCND:US1RIWS0052,2025-07-01T00:00:00,2025,07,38.4,"2,,,N"
Rhode Island,GHCND:US1RIWS0054,2025-07-01T00:00:00,2025,07,57.7,",,,N"
Rhode Island,GHCND:US1RIWS0055,2025-07-01T00:00:00,2025,07,38.9,"1,,,N"
Rhode Island,GHCND:US1RIWS0065,2025-07-01T00:00:00,2025,07,38.4,",,,N"
Rhode Island,GHCND:US1RIWS0069,2025-07-01T00:00:00,2025,07,68.1,",a,,N"
Rhode Island,GHCND:US1RIWS0070,2025-07-01T00:00:00,2025,07,33.8,",,,N"
Rhode Island,GHCND:US1RIWS0080,2025-07-01T00:00:00,2025,07,70.8,"1,,,N"
Rhode Island,GHCND:US1RIWS0081,2025-07-01T00:00:00,2025,07,33.7,",,,N"
Rhode Island,GHCND:US1RIWS0088,2025-07-01T00:00:00,2025,07,62.3,"4,,,N"
Rhode Island,GHCND:US1RIWS0092,2025-07-01T00:00:00,2025,07,34.6,",a,,N"
Rhode Island,GHCND:US1RIWS0097,2025-07-01T00:00:00,2025,07,48.0,",a,,N"
Rhode Island,GHCND:US1RIWS0099,2025-07-01T00:00:00,2025,07,86.2,",,,N"
Rhode Island,GHCND:US1RIWS0107,2025-07-01T00:00:00,2025,07,50.1,"1,,,N"
Rhode Island,GHCND:US1RIWS0108,2025-07-01T00:00:00,2025,07,50.6,"3,,,N"
Rhode Island,GHCND:US1RIWS0109,2025-07-01T00:00:00,2025,07,55.9,",,,N"
Rhode Island,GHCND:US1RIWS0111,2025-07-01T00:00:00,2025,07,57.3,"1,,,N"
Rhode Island,GHCND:USC00370897,2025-07-01T00:00:00,2025,07,23.0,",,,7"
Rhode Island,GHCND:USC00371874,2025-07-01T00:00:00,2025,07,61.7,",a,,7"
Rhode Island,GHCND:USC00374266,2025-07-01T00:00:00,2025,07,59.1,",,,7"
Rhode Island,GHCND:USC00379423,2025-07-01T00:00:00,2025,07,116.3,",a,,7"
Rhode Island,GHCND:USW00014765,2025-07-01T00:00:00,2025,07,129.3,",,,W"
Rhode Island,GHCND:USW00014787,2025-07-01T00:00:00,2025,07,64.6,",,,W"
Rhode Island,GHCND:USW00014794,2025-07-01T00:00:00,2025,07,33.2,",,,W"
Rhode Island,GHCND:USW00054796,2025-07-01T00:00:00,2025,07,59.3,",,,R"
Rhode Island,GHCND:USW00054797,2025-07-01T00:00:00,2025,07,54.0,",,,R"
Rhode Island,GHCND:USW00064710,2025-07-01T00:00:00,2025,07,134.0,"2,,,W"
Rhode Island,GHCND:USW00094793,2025-07-01T00:00:00,2025,07,8.4,"2,,,H"
Rhode Island,GHCND:US1RIBR0011,2025-08-01T00:00:00,2025,08,66.6,",,,N"
Rhode Island,GHCND:US1RIBR0018,2025-08-01T00:00:00,2025,08,76.0,"3,,,N"
Rhode Island,GHCND:US1RIKN0002,2025-08-01T00:00:00,2025,08,66.7,",,,N"
Rhode Island,GHCND:US1RIKN0014,2025-08-01T00:00:00,2025,08,78.4,",,,N"
Rhode Island,GHCND:US1RIKN0021,2025-08-01T00:00:00,2025,08,100.2,",,,N"
Rhode Island,GHCND:US1RIKN0023,2025-08-01T00:00:00,2025,08,99.6,",,,N"
Rhode Island,GHCND:US1RIKN0031,2025-08-01T00:00:00,2025,08,100.4,",a,,N"
Rhode Island,GHCND:US1RIKN0036,2025-08-01T00:00:00,2025,08,64.9,",,,N"
Rhode Island,GHCND:US1RIKN0038,2025-08-01T00:00:00,2025,08,109.3,",,,N"
Rhode Island,GHCND:US1RIKN0045,2025-08-01T00:00:00,2025,08,72.9,",,,N"
Rhode Island,GHCND:US1RIKN0051,2025-08-01T00:00:00,2025,08,75.0,",,,N"
Rhode Island,GHCND:US1RIKN0059,2025-08-01T00:00:00,2025,08,78.6,",,,N"
Rhode Island,GHCND:US1RIKN0065,2025-08-01T00:00:00,2025,08,108.7,"1,,,N"
Rhode Island,GHCND:US1RIKN0068,2025-08-01T00:00:00,2025,08,99.1,"1,,,N"
Rhode Island,GHCND:US1RIKN0079,2025-08-01T00:00:00,2025,08,109.9,"1,,,N"
Rhode Island,GHCND:US1RIKN0080,2025-08-01T00:00:00,2025,08,77.9,"4,,,N"
Rhode Island,GHCND:US1RIKN0083,2025-08-01T00:00:00,2025,08,95.3,",a,,N"
Rhode Island,GHCND:US1RINW0004,2025-08-01T00:00:00,2025,08,78.3,",,,N"
Rhode Island,GHCND:US1RINW0017,2025-08-01T00:00:00,2025,08,58.7,",,,N"
Rhode Island,GHCND:US1RINW0018,2025-08-01T00:00:00,2025,08,70.7,",,,N"
Rhode Island,GHCND:US1RINW0020,2025-08-01T00:00:00,2025,08,72.4,",,,N"
Rhode Island,GHCND:US1RINW0023,2025-08-01T00:00:00,2025,08,57.7,"3,,,N"
Rhode Island,GHCND:US1RINW0027,2025-08-01T00:00:00,2025,08,85.0,"1,,,N"
Rhode Island,GHCND:US1RINW0028,2025-08-01T00:00:00,2025,08,63.1,",,,N"
Rhode Island,GHCND:US1RINW0030,2025-08-01T00:00:00,2025,08,72.9,",,,N"
Rhode Island,GHCND:US1RINW0031,2025-08-01T00:00:00,2025,08,73.7,"1,,,N"
Rhode Island,GHCND:US1RINW0032,2025-08-01T00:00:00,2025,08,83.6,",,,N"
Rhode Island,GHCND:US1RIPR0028,2025-08-01T00:00:00,2025,08,65.8,",a,,N"
Rhode Island,GHCND:US1RIPR0033,2025-08-01T00:00:00,2025,08,70.9,",,,N"
Rhode Island,GHCND:US1RIPR0044,2025-08-01T00:00:00,2025,08,115.4,",a,,N"
Rhode Island,GHCND:US1RIPR0051,2025-08-01T00:00:00,2025,08,63.5,",,,N"
Rhode Island,GHCND:US1RIPR0055,2025-08-01T00:00:00,2025,08,64.7,"1,,,N"
Rhode Island,GHCND:US1RIPR0057,2025-08-01T00:00:00,2025,08,93.6,"3,a,,N"
Rhode Island,GHCND:US1RIPR0067,2025-08-01T00:00:00,2025,08,88.9,",,,N"
Rhode Island,GHCND:US1RIPR0081,2025-08-01T00:00:00,2025,08,99.9,"2,,,N"
Rhode Island,GHCND:US1RIPR0082,2025-08-01T00:00:00,2025,08,74.7,",,,N"
Rhode Island,GHCND:US1RIPR0084,2025-08-01T00:00:00,2025,08,67.8,",,,N"
Rhode Island,GHCND:US1RIPR0089,2025-08-01T00:00:00,2025,08,92.6,",a,,N"
Rhode Island,GHCND:US1RIPR0104,2025-08-01T00:00:00,2025,08,89.6,"1,,,N"
Rhode Island,GHCND:US1RIPR0106,2025-08-01T00:00:00,2025,08,70.1,",,,N"
Rhode Island,GHCND:US1RIPR0111,2025-08-01T00:00:00,2025,08,76.4,",,,N"
Rhode Island,GHCND:US1RIPR0112,2025-08-01T00:00:00,2025,08,106.6,",,,N"
Rhode Island,GHCND:US1RIPR0119,2025-08-01T00:00:00,2025,08,89.8,"2,,,N"
Rhode Island,GHCND:US1RIPR0121,2025-08-01T00:00:00,2025,08,78.6,"1,,,N"
Rhode Island,GHCND:US1RIPR0130,2025-08-01T00:00:00,2025,08,90.1,",a,,N"
Rhode Island,GHCND:US1RIPR0132,2025-08-01T00:00:00,2025,08,54.2,",,,N"
Rhode Island,GHCND:US1RIPR0135,2025-08-01T00:00:00,2025,08,55.1,",,,N"
Rhode Island,GHCND:US1RIPR0138,2025-08-01T00:00:00,2025,08,96.6,",,,N"
Rhode Island,GHCND:US1RIPR0140,2025-08-01T00:00:00,2025,08,95.2,",,,N"
Rhode Island,GHCND:US1RIPR0150,2025-08-01T00:00:00,2025,08,60.5,"1,,,N"
Rhode Island,GHCND:US1RIWS0030,2025-08-01T00:00:00,2025,08,67.0,",,,N"
Rhode Island,GHCND:US1RIWS0036,2025-08-01T00:00:00,2025,08,64.9,"1,,,N"
Rhode Island,GHCND:US1RIWS0037,2025-08-01T00:00:00,2025,08,74.3,",,,N"
Rhode Island,GHCND:US1RIWS0042,2025-08-01T00:00:00,2025,08,55.7,",,,N"
Rhode Island,GHCND:US1RIWS0052,2025-08-01T00:00:00,2025,08,66.6,"4,,,N"
Rhode Island,GHCND:US1RIWS0054,2025-08-01T00:00:00,2025,08,71.2,",a,,N"
Rhode Island,GHCND:US1RIWS0061,2025-08-01T00:00:00,2025,08,68.2,"1,,,N"
Rhode Island,GHCND:US1RIWS0065,2025-08-01T00:00:00,2025,08,60.7,",,,N"
Rhode Island,GHCND:US1RIWS0066,2025-08-01T00:00:00,2025,08,69.1,",,,N"
Rhode Island,GHCND:US1RIWS0069,2025-08-01T00:00:00,2025,08,60.5,"1,,,N"
Rhode Island,GHCND:US1RIWS0070,2025-08-01T00:00:00,2025,08,62.5,",,,N"
Rhode Island,GHCND:US1RIWS0077,2025-08-01T00:00:00,2025,08,76.0,"1,,,N"
Rhode Island,GHCND:US1RIWS0080,2025-08-01T00:00:00,2025,08,74.7,",,,N"
Rhode Island,GHCND:US1RIWS0081,2025-08-01T00:00:00,2025,08,67.8,",,,N"
Rhode Island,GHCND:US1RIWS0083,2025-08-01T00:00:00,2025,08,59.3,",,,N"
Rhode Island,GHCND:US1RIWS0092,2025-08-01T00:00:00,2025,08,48.4,"1,a,,N"
Rhode Island,GHCND:US1RIWS0099,2025-08-01T00:00:00,2025,08,72.7,",,,N"
Rhode Island,GHCND:US1RIWS0105,2025-08-01T00:00:00,2025,08,73.8,"3,,,N"
Rhode Island,GHCND:US1RIWS0106,2025-08-01T00:00:00,2025,08,75.0,",,,N"
Rhode Island,GHCND:US1RIWS0107,2025-08-01T00:00:00,2025,08,87.0,"1,,,N"
Rhode Island,GHCND:US1RIWS0108,2025-08-01T00:00:00,2025,08,75.2,"3,,,N"
Rhode Island,GHCND:US1RIWS0109,2025-08-01T00:00:00,2025,08,70.2,",,,N"
Rhode Island,GHCND:US1RIWS0110,2025-08-01T00:00:00,2025,08,62.1,",a,,N"
Rhode Island,GHCND:US1RIWS0111,2025-08-01T00:00:00,2025,08,52.8,"3,,,N"
Rhode Island,GHCND:USC00370897,2025-08-01T00:00:00,2025,08,31.5,",,,7"
Rhode Island,GHCND:USC00371874,2025-08-01T00:00:00,2025,08,79.4,"1,a,,7"
Rhode Island,GHCND:USC00374266,2025-08-01T00:00:00,2025,08,64.8,",,,7"
Rhode Island,GHCND:USC00379423,2025-08-01T00:00:00,2025,08,70.2,",,,7"
Rhode Island,GHCND:USW00014765,2025-08-01T00:00:00,2025,08,70.2,",,,D"
Rhode Island,GHCND:USW00014787,2025-08-01T00:00:00,2025,08,62.5,"5,,,W"
Rhode Island,GHCND:USW00014794,2025-08-01T00:00:00,2025,08,47.7,"5,,,W"
Rhode Island,GHCND:USW00054796,2025-08-01T00:00:00,2025,08,60.9,",,,R"
Rhode Island,GHCND:USW00054797,2025-08-01T00:00:00,2025,08,65.5,",,,R"
Rhode Island,GHCND:US1RIBR0005,2025-09-01T00:00:00,2025,09,159.5,"1,,,N"
Rhode Island,GHCND:US1RIBR0011,2025-09-01T00:00:00,2025,09,136.6,",,,N"
Rhode Island,GHCND:US1RIBR0018,2025-09-01T00:00:00,2025,09,138.7,"3,a,,N"
Rhode Island,GHCND:US1RIKN0002,2025-09-01T00:00:00,2025,09,170.7,",,,N"
Rhode Island,GHCND:US1RIKN0014,2025-09-01T00:00:00,2025,09,101.8,",,,N"
Rhode Island,GHCND:US1RIKN0021,2025-09-01T00:00:00,2025,09,159.1,"1,,,N"
Rhode Island,GHCND:US1RIKN0023,2025-09-01T00:00:00,2025,09,148.3,"1,,,N"
Rhode Island,GHCND:US1RIKN0030,2025-09-01T00:00:00,2025,09,143.2,"4,a,,N"
Rhode Island,GHCND:US1RIKN0031,2025-09-01T00:00:00,2025,09,153.4,",a,,N"
Rhode Island,GHCND:US1RIKN0036,2025-09-01T00:00:00,2025,09,130.7,",,,N"
Rhode Island,GHCND:US1RIKN0037,2025-09-01T00:00:00,2025,09,106.4,"2,,,N"
Rhode Island,GHCND:US1RIKN0038,2025-09-01T00:00:00,2025,09,161.6,",,,N"
Rhode Island,GHCND:US1RIKN0045,2025-09-01T00:00:00,2025,09,157.1,",a,,N"
Rhode Island,GHCND:US1RIKN0051,2025-09-01T00:00:00,2025,09,151.7,",a,,N"
Rhode Island,GHCND:US1RIKN0059,2025-09-01T00:00:00,2025,09,159.5,",,,N"
Rhode Island,GHCND:US1RIKN0062,2025-09-01T00:00:00,2025,09,147.6,"3,,,N"
Rhode Island,GHCND:US1RIKN0065,2025-09-01T00:00:00,2025,09,166.8,"3,,,N"
Rhode Island,GHCND:US1RIKN0068,2025-09-01T00:00:00,2025,09,182.7,"1,,,N"
Rhode Island,GHCND:US1RIKN0079,2025-09-01T00:00:00,2025,09,163.5,"4,a,,N"
Rhode Island,GHCND:US1RIKN0080,2025-09-01T00:00:00,2025,09,193.6,",,,N"
Rhode Island,GHCND:US1RINW0004,2025-09-01T00:00:00,2025,09,54.1,",,,N"
Rhode Island,GHCND:US1RINW0017,2025-09-01T00:00:00,2025,09,52.2,",,,N"
Rhode Island,GHCND:US1RINW0018,2025-09-01T00:00:00,2025,09,59.9,",,,N"
Rhode Island,GHCND:US1RINW0020,2025-09-01T00:00:00,2025,09,99.0,",,,N"
Rhode Island,GHCND:US1RINW0023,2025-09-01T00:00:00,2025,09,60.5,"3,,,N"
Rhode Island,GHCND:US1RINW0027,2025-09-01T00:00:00,2025,09,39.8,",,,N"
Rhode Island,GHCND:US1RINW0028,2025-09-01T00:00:00,2025,09,75.0,"1,,,N"
Rhode Island,GHCND:US1RINW0030,2025-09-01T00:00:00,2025,09,61.1,",,,N"
Rhode Island,GHCND:US1RINW0031,2025-09-01T00:00:00,2025,09,40.6,",a,,N"
Rhode Island,GHCND:US1RINW0032,2025-09-01T00:00:00,2025,09,45.9,",,,N"
Rhode Island,GHCND:US1RIPR0028,2025-09-01T00:00:00,2025,09,97.8,"1,a,,N"
Rhode Island,GHCND:US1RIPR0033,2025-09-01T00:00:00,2025,09,96.9,",,,N"
Rhode Island,GHCND:US1RIPR0051,2025-09-01T00:00:00,2025,09,95.0,"1,,,N"
Rhode Island,GHCND:US1RIPR0055,2025-09-01T00:00:00,2025,09,84.4,"1,,,N"
Rhode Island,GHCND:US1RIPR0057,2025-09-01T00:00:00,2025,09,154.1,"4,,,N"
Rhode Island,GHCND:US1RIPR0060,2025-09-01T00:00:00,2025,09,121.6,",,,N"
Rhode Island,GHCND:US1RIPR0067,2025-09-01T00:00:00,2025,09,152.3,",,,N"
Rhode Island,GHCND:US1RIPR0081,2025-09-01T00:00:00,2025,09,102.4,"1,,,N"
Rhode Island,GHCND:US1RIPR0082,2025-09-01T00:00:00,2025,09,136.5,",,,N"
Rhode Island,GHCND:US1RIPR0084,2025-09-01T00:00:00,2025,09,135.4,",,,N"
Rhode Island,GHCND:US1RIPR0089,2025-09-01T00:00:00,2025,09,97.3,",a,,N"
Rhode Island,GHCND:US1RIPR0104,2025-09-01T00:00:00,2025,09,149.2,"1,,,N"
Rhode Island,GHCND:US1RIPR0106,2025-09-01T00:00:00,2025,09,114.3,",,,N"
Rhode Island,GHCND:US1RIPR0111,2025-09-01T00:00:00,2025,09,164.7,"4,,,N"
Rhode Island,GHCND:US1RIPR0112,2025-09-01T00:00:00,2025,09,160.8,",,,N"
Rhode Island,GHCND:US1RIPR0119,2025-09-01T00:00:00,2025,09,154.9,"2,,,N"
Rhode Island,GHCND:US1RIPR0121,2025-09-01T00:00:00,2025,09,103.4,",,,N"
Rhode Island,GHCND:US1RIPR0130,2025-09-01T00:00:00,2025,09,102.3,",,,N"
Rhode Island,GHCND:US1RIPR0132,2025-09-01T00:00:00,2025,09,89.1,"3,,,N"
Rhode Island,GHCND:US1RIPR0135,2025-09-01T00:00:00,2025,09,95.0,",,,N"
Rhode Island,GHCND:US1RIPR0138,2025-09-01T00:00:00,2025,09,157.4,",,,N"
Rhode Island,GHCND:US1RIPR0140,2025-09-01T00:00:00,2025,09,105.4,"1,,,N"
Rhode Island,GHCND:US1RIPR0150,2025-09-01T00:00:00,2025,09,111.0,"2,a,,N"
Rhode Island,GHCND:US1RIWS0030,2025-09-01T00:00:00,2025,09,106.6,"1,,,N"
Rhode Island,GHCND:US1RIWS0036,2025-09-01T00:00:00,2025,09,57.4,"2,,,N"
Rhode Island,GHCND:US1RIWS0037,2025-09-01T00:00:00,2025,09,65.5,"1,a,,N"
Rhode Island,GHCND:US1RIWS0040,2025-09-01T00:00:00,2025,09,138.2,"1,,,N"
Rhode Island,GHCND:US1RIWS0042,2025-09-01T00:00:00,2025,09,140.0,",,,N"
Rhode Island,GHCND:US1RIWS0045,2025-09-01T00:00:00,2025,09,72.8,"1,a,,N"
Rhode Island,GHCND:US1RIWS0047,2025-09-01T00:00:00,2025,09,98.4,",a,,N"
Rhode Island,GHCND:US1RIWS0051,2025-09-01T00:00:00,2025,09,91.6,"2,a,,N"
Rhode Island,GHCND:US1RIWS0052,2025-09-01T00:00:00,2025,09,53.0,"3,,,N"
Rhode Island,GHCND:US1RIWS0054,2025-09-01T00:00:00,2025,09,123.4,",,,N"
Rhode Island,GHCND:US1RIWS0055,2025-09-01T00:00:00,2025,09,49.3,",,,N"
Rhode Island,GHCND:US1RIWS0065,2025-09-01T00:00:00,2025,09,57.6,",,,N"
Rhode Island,GHCND:US1RIWS0066,2025-09-01T00:00:00,2025,09,49.2,"1,,,N"
Rhode Island,GHCND:US1RIWS0070,2025-09-01T00:00:00,2025,09,53.8,",,,N"
Rhode Island,GHCND:US1RIWS0077,2025-09-01T00:00:00,2025,09,71.9,"1,a,,N"
Rhode Island,GHCND:US1RIWS0080,2025-09-01T00:00:00,2025,09,68.4,",,,N"
Rhode Island,GHCND:US1RIWS0081,2025-09-01T00:00:00,2025,09,50.3,",,,N"
Rhode Island,GHCND:US1RIWS0083,2025-09-01T00:00:00,2025,09,52.1,",,,N"
Rhode Island,GHCND:US1RIWS0092,2025-09-01T00:00:00,2025,09,65.5,",a,,N"
Rhode Island,GHCND:US1RIWS0097,2025-09-01T00:00:00,2025,09,129.5,"1,a,,N"
Rhode Island,GHCND:US1RIWS0099,2025-09-01T00:00:00,2025,09,137.3,",a,,N"
Rhode Island,GHCND:US1RIWS0106,2025-09-01T00:00:00,2025,09,52.2,",,,N"
Rhode Island,GHCND:US1RIWS0107,2025-09-01T00:00:00,2025,09,52.6,"1,a,,N"
Rhode Island,GHCND:US1RIWS0108,2025-09-01T00:00:00,2025,09,26.9,"3,,,N"
Rhode Island,GHCND:US1RIWS0109,2025-09-01T00:00:00,2025,09,49.2,"5,,,N"
Rhode Island,GHCND:US1RIWS0110,2025-09-01T00:00:00,2025,09,51.3,"1,,,N"
Rhode Island,GHCND:US1RIWS0111,2025-09-01T00:00:00,2025,09,122.9,",,,N"
Rhode Island,GHCND:USC00370897,2025-09-01T00:00:00,2025,09,32.3,",,,7"
Rhode Island,GHCND:USC00371874,2025-09-01T00:00:00,2025,09,146.1,"2,a,,7"
Rhode Island,GHCND:USC00374266,2025-09-01T00:00:00,2025,09,90.7,",,,7"
Rhode Island,GHCND:USC00379423,2025-09-01T00:00:00,2025,09,90.5,",,,7"
Rhode Island,GHCND:USW00014765,2025-09-01T00:00:00,2025,09,158.5,",,,D"
Rhode Island,GHCND:USW00054796,2025-09-01T00:00:00,2025,09,87.4,",,,R"
Rhode Island,GHCND:USW00054797,2025-09-01T00:00:00,2025,09,69.4,",,,R"
Rhode Island,GHCND:US1RIBR0005,2025-10-01T00:00:00,2025,10,121.8,",,,N"
Rhode Island,GHCND:US1RIBR0011,2025-10-01T00:00:00,2025,10,133.1,",a,,N"
Rhode Island,GHCND:US1RIKN0002,2025-10-01T00:00:00,2025,10,127.0,",,,N"
Rhode Island,GHCND:US1RIKN0014,2025-10-01T00:00:00,2025,10,185.1,",,,N"
Rhode Island,GHCND:US1RIKN0021,2025-10-01T00:00:00,2025,10,144.4,"1,,,N"
Rhode Island,GHCND:US1RIKN0023,2025-10-01T00:00:00,2025,10,124.6,",,,N"
Rhode Island,GHCND:US1RIKN0030,2025-10-01T00:00:00,2025,10,119.8,"2,,,N"
Rhode Island,GHCND:US1RIKN0031,2025-10-01T00:00:00,2025,10,129.1,",a,,N"
Rhode Island,GHCND:US1RIKN0036,2025-10-01T00:00:00,2025,10,151.4,",,,N"
Rhode Island,GHCND:US1RIKN0037,2025-10-01T00:00:00,2025,10,130.6,"2,,,N"
Rhode Island,GHCND:US1RIKN0038,2025-10-01T00:00:00,2025,10,116.5,",,,N"
Rhode Island,GHCND:US1RIKN0045,2025-10-01T00:00:00,2025,10,143.0,",a,,N"
Rhode Island,GHCND:US1RIKN0051,2025-10-01T00:00:00,2025,10,198.4,",,,N"
Rhode Island,GHCND:US1RIKN0059,2025-10-01T00:00:00,2025,10,175.4,",,,N"
Rhode Island,GHCND:US1RIKN0062,2025-10-01T00:00:00,2025,10,125.6,"3,,,N"
Rhode Island,GHCND:US1RIKN0065,2025-10-01T00:00:00,2025,10,126.3,"1,a,,N"
Rhode Island,GHCND:US1RIKN0068,2025-10-01T00:00:00,2025,10,198.1,"3,,,N"
Rhode Island,GHCND:US1RIKN0079,2025-10-01T00:00:00,2025,10,108.0,"3,a,,N"
Rhode Island,GHCND:US1RIKN0083,2025-10-01T00:00:00,2025,10,137.9,"4,,,N"
Rhode Island,GHCND:US1RINW0004,2025-10-01T00:00:00,2025,10,119.4,",,,N"
Rhode Island,GHCND:US1RINW0018,2025-10-01T00:00:00,2025,10,114.6,",,,N"
Rhode Island,GHCND:US1RINW0020,2025-10-01T00:00:00,2025,10,152.4,",,,N"
Rhode Island,GHCND:US1RINW0023,2025-10-01T00:00:00,2025,10,152.4,"2,,,N"
Rhode Island,GHCND:US1RINW0027,2025-10-01T00:00:00,2025,10,99.6,"1,,,N"
Rhode Island,GHCND:US1RINW0028,2025-10-01T00:00:00,2025,10,130.6,"1,,,N"
Rhode Island,GHCND:US1RINW0030,2025-10-01T00:00:00,2025,10,115.6,",,,N"
Rhode Island,GHCND:US1RINW0031,2025-10-01T00:00:00,2025,10,112.1,",a,,N"
Rhode Island,GHCND:US1RINW0032,2025-10-01T00:00:00,2025,10,120.9,",,,N"
Rhode Island,GHCND:US1RIPR0028,2025-10-01T00:00:00,2025,10,166.5,",,,N"
Rhode Island,GHCND:US1RIPR0033,2025-10-01T00:00:00,2025,10,177.2,",,,N"
Rhode Island,GHCND:US1RIPR0051,2025-10-01T00:00:00,2025,10,169.3,",,,N"
Rhode Island,GHCND:US1RIPR0055,2025-10-01T00:00:00,2025,10,131.5,"4,a,,N"
Rhode Island,GHCND:US1RIPR0067,2025-10-01T00:00:00,2025,10,121.4,",,,N"
Rhode Island,GHCND:US1RIPR0082,2025-10-01T00:00:00,2025,10,135.2,",,,N"
Rhode Island,GHCND:US1RIPR0084,2025-10-01T00:00:00,2025,10,120.0,",,,N"
Rhode Island,GHCND:US1RIPR0089,2025-10-01T00:00:00,2025,10,174.6,",,,N"
Rhode Island,GHCND:US1RIPR0104,2025-10-01T00:00:00,2025,10,126.8,",,,N"
Rhode Island,GHCND:US1RIPR0106,2025-10-01T00:00:00,2025,10,115.4,",,,N"
Rhode Island,GHCND:US1RIPR0112,2025-10-01T00:00:00,2025,10,173.9,",,,N"
Rhode Island,GHCND:US1RIPR0119,2025-10-01T00:00:00,2025,10,126.2,"1,,,N"
Rhode Island,GHCND:US1RIPR0121,2025-10-01T00:00:00,2025,10,218.8,"1,,,N"
Rhode Island,GHCND:US1RIPR0126,2025-10-01T00:00:00,2025,10,74.7,"4,a,,N"
Rhode Island,GHCND:US1RIPR0130,2025-10-01T00:00:00,2025,10,183.9,",,,N"
Rhode Island,GHCND:US1RIPR0135,2025-10-01T00:00:00,2025,10,183.8,",,,N"
Rhode Island,GHCND:US1RIPR0138,2025-10-01T00:00:00,2025,10,121.6,",,,N"
Rhode Island,GHCND:US1RIPR0140,2025-10-01T00:00:00,2025,10,189.7,",,,N"
Rhode Island,GHCND:US1RIPR0143,2025-10-01T00:00:00,2025,10,117.1,"2,,,N"
Rhode Island,GHCND:US1RIPR0150,2025-10-01T00:00:00,2025,10,126.8,"1,,,N"
Rhode Island,GHCND:US1RIWS0030,2025-10-01T00:00:00,2025,10,154.4,",,,N"
Rhode Island,GHCND:US1RIWS0031,2025-10-01T00:00:00,2025,10,139.5,",,,N"
Rhode Island,GHCND:US1RIWS0036,2025-10-01T00:00:00,2025,10,138.9,",,,N"
Rhode Island,GHCND:US1RIWS0037,2025-10-01T00:00:00,2025,10,141.8,",,,N"
Rhode Island,GHCND:US1RIWS0040,2025-10-01T00:00:00,2025,10,170.0,",,,N"
Rhode Island,GHCND:US1RIWS0042,2025-10-01T00:00:00,2025,10,179.5,",,,N"
Rhode Island,GHCND:US1RIWS0045,2025-10-01T00:00:00,2025,10,172.0,",,,N"
Rhode Island,GHCND:US1RIWS0047,2025-10-01T00:00:00,2025,10,153.9,",a,,N"
Rhode Island,GHCND:US1RIWS0051,2025-10-01T00:00:00,2025,10,169.0,"2,a,,N"
Rhode Island,GHCND:US1RIWS0052,2025-10-01T00:00:00,2025,10,155.5,"1,,,N"
Rhode Island,GHCND:US1RIWS0054,2025-10-01T00:00:00,2025,10,175.8,",,,N"
Rhode Island,GHCND:US1RIWS0055,2025-10-01T00:00:00,2025,10,155.8,",,,N"
Rhode Island,GHCND:US1RIWS0061,2025-10-01T00:00:00,2025,10,149.4,"3,,,N"
Rhode Island,GHCND:US1RIWS0065,2025-10-01T00:00:00,2025,10,180.7,",,,N"
Rhode Island,GHCND:US1RIWS0070,2025-10-01T00:00:00,2025,10,131.7,",a,,N"
Rhode Island,GHCND:US1RIWS0080,2025-10-01T00:00:00,2025,10,154.5,"2,,,N"
Rhode Island,GHCND:US1RIWS0081,2025-10-01T00:00:00,2025,10,165.0,",,,N"
Rhode Island,GHCND:US1RIWS0083,2025-10-01T00:00:00,2025,10,158.2,",,,N"
Rhode Island,GHCND:US1RIWS0088,2025-10-01T00:00:00,2025,10,122.7,"4,a,,N"
Rhode Island,GHCND:US1RIWS0092,2025-10-01T00:00:00,2025,10,112.5,"1,a,,N"
Rhode Island,GHCND:US1RIWS0097,2025-10-01T00:00:00,2025,10,144.7,",a,,N"
Rhode Island,GHCND:US1RIWS0099,2025-10-01T00:00:00,2025,10,167.4,",a,,N"
Rhode Island,GHCND:US1RIWS0105,2025-10-01T00:00:00,2025,10,151.7,"3,,,N"
Rhode Island,GHCND:US1RIWS0106,2025-10-01T00:00:00,2025,10,159.6,",,,N"
Rhode Island,GHCND:US1RIWS0107,2025-10-01T00:00:00,2025,10,132.2,"1,a,,N"
Rhode Island,GHCND:US1RIWS0108,2025-10-01T00:00:00,2025,10,152.6,"4,,,N"
Rhode Island,GHCND:US1RIWS0110,2025-10-01T00:00:00,2025,10,131.6,",a,,N"
Rhode Island,GHCND:US1RIWS0111,2025-10-01T00:00:00,2025,10,158.0,",,,N"
Rhode Island,GHCND:USC00370897,2025-10-01T00:00:00,2025,10,136.3,",,,7"
Rhode Island,GHCND:USC00371874,2025-10-01T00:00:00,2025,10,177.1,",a,,7"
Rhode Island,GHCND:USC00374266,2025-10-01T00:00:00,2025,10,187.7,",,,7"
Rhode Island,GHCND:USC00379423,2025-10-01T00:00:00,2025,10,158.8,",,,7"
Rhode Island,GHCND:USW00014765,2025-10-01T00:00:00,2025,10,122.0,",,,D"
Rhode Island,GHCND:USW00054796,2025-10-01T00:00:00,2025,10,171.0,",,,R"
Rhode Island,GHCND:USW00054797,2025-10-01T00:00:00,2025,10,172.7,",,,R"
Rhode Island,GHCND:US1RIBR0005,2025-11-01T00:00:00,2025,11,65.6,",,,N"
Rhode Island,GHCND:US1RIBR0011,2025-11-01T00:00:00,2025,11,70.8,",a,,N"
Rhode Island,GHCND:US1RIBR0018,2025-11-01T00:00:00,2025,11,60.0,",,,N"
Rhode Island,GHCND:US1RIKN0002,2025-11-01T00:00:00,2025,11,61.0,",,,N"
Rhode Island,GHCND:US1RIKN0014,2025-11-01T00:00:00,2025,11,63.8,",,,N"
Rhode Island,GHCND:US1RIKN0021,2025-11-01T00:00:00,2025,11,63.8,",,,N"
Rhode Island,GHCND:US1RIKN0023,2025-11-01T00:00:00,2025,11,56.3,",,,N"
Rhode Island,GHCND:US1RIKN0030,2025-11-01T00:00:00,2025,11,63.7,",a,,N"
Rhode Island,GHCND:US1RIKN0031,2025-11-01T00:00:00,2025,11,59.0,",a,,N"
Rhode Island,GHCND:US1RIKN0036,2025-11-01T00:00:00,2025,11,62.8,",,,N"
Rhode Island,GHCND:US1RIKN0037,2025-11-01T00:00:00,2025,11,61.7,"1,,,N"
Rhode Island,GHCND:US1RIKN0038,2025-11-01T00:00:00,2025,11,65.7,",,,N"
Rhode Island,GHCND:US1RIKN0045,2025-11-01T00:00:00,2025,11,61.0,",a,,N"
Rhode Island,GHCND:US1RIKN0051,2025-11-01T00:00:00,2025,11,62.4,"1,a,,N"
Rhode Island,GHCND:US1RIKN0059,2025-11-01T00:00:00,2025,11,64.6,",,,N"
Rhode Island,GHCND:US1RIKN0062,2025-11-01T00:00:00,2025,11,50.9,"4,,,N"
Rhode Island,GHCND:US1RIKN0065,2025-11-01T00:00:00,2025,11,61.1,"2,a,,N"
Rhode Island,GHCND:US1RIKN0068,2025-11-01T00:00:00,2025,11,58.1,"3,,,N"
Rhode Island,GHCND:US1RIKN0079,2025-11-01T00:00:00,2025,11,58.1,"5,,,N"
Rhode Island,GHCND:US1RIKN0083,2025-11-01T00:00:00,2025,11,62.0,",,,N"
Rhode Island,GHCND:US1RINW0004,2025-11-01T00:00:00,2025,11,68.0,",,,N"
Rhode Island,GHCND:US1RINW0017,2025-11-01T00:00:00,2025,11,65.3,",,,N"
Rhode Island,GHCND:US1RINW0018,2025-11-01T00:00:00,2025,11,60.3,",,,N"
Rhode Island,GHCND:US1RINW0020,2025-11-01T00:00:00,2025,11,68.8,",,,N"
Rhode Island,GHCND:US1RINW0027,2025-11-01T00:00:00,2025,11,67.4,",,,N"
Rhode Island,GHCND:US1RINW0028,2025-11-01T00:00:00,2025,11,59.1,",,,N"
Rhode Island,GHCND:US1RINW0030,2025-11-01T00:00:00,2025,11,64.6,",,,N"
Rhode Island,GHCND:US1RINW0031,2025-11-01T00:00:00,2025,11,59.6,",a,,N"
Rhode Island,GHCND:US1RINW0032,2025-11-01T00:00:00,2025,11,64.0,",,,N"
Rhode Island,GHCND:US1RIPR0028,2025-11-01T00:00:00,2025,11,60.8,",a,,N"
Rhode Island,GHCND:US1RIPR0033,2025-11-01T00:00:00,2025,11,63.1,",,,N"
Rhode Island,GHCND:US1RIPR0044,2025-11-01T00:00:00,2025,11,56.7,"1,a,,N"
Rhode Island,GHCND:US1RIPR0051,2025-11-01T00:00:00,2025,11,60.5,",,,N"
Rhode Island,GHCND:US1RIPR0057,2025-11-01T00:00:00,2025,11,62.2,",,,N"
Rhode Island,GHCND:US1RIPR0067,2025-11-01T00:00:00,2025,11,58.3,",,,N"
Rhode Island,GHCND:US1RIPR0082,2025-11-01T00:00:00,2025,11,60.1,",,,N"
Rhode Island,GHCND:US1RIPR0089,2025-11-01T00:00:00,2025,11,61.7,"1,a,,N"
Rhode Island,GHCND:US1RIPR0104,2025-11-01T00:00:00,2025,11,56.9,",,,N"
Rhode Island,GHCND:US1RIPR0106,2025-11-01T00:00:00,2025,11,56.8,",,,N"
Rhode Island,GHCND:US1RIPR0112,2025-11-01T00:00:00,2025,11,59.2,",,,N"
Rhode Island,GHCND:US1RIPR0119,2025-11-01T00:00:00,2025,11,57.9,"2,,,N"
Rhode Island,GHCND:US1RIPR0121,2025-11-01T00:00:00,2025,11,65.0,",,,N"
Rhode Island,GHCND:US1RIPR0130,2025-11-01T00:00:00,2025,11,67.0,",,,N"
Rhode Island,GHCND:US1RIPR0135,2025-11-01T00:00:00,2025,11,70.0,",,,N"
Rhode Island,GHCND:US1RIPR0138,2025-11-01T00:00:00,2025,11,59.5,",,,N"
Rhode Island,GHCND:US1RIPR0140,2025-11-01T00:00:00,2025,11,78.3,"2,,,N"
Rhode Island,GHCND:US1RIPR0150,2025-11-01T00:00:00,2025,11,61.7,"3,,,N"
Rhode Island,GHCND:US1RIWS0030,2025-11-01T00:00:00,2025,11,54.2,",,,N"
Rhode Island,GHCND:US1RIWS0036,2025-11-01T00:00:00,2025,11,63.8,",,,N"
Rhode Island,GHCND:US1RIWS0037,2025-11-01T00:00:00,2025,11,65.6,",,,N"
Rhode Island,GHCND:US1RIWS0040,2025-11-01T00:00:00,2025,11,65.1,"1,,,N"
Rhode Island,GHCND:US1RIWS0042,2025-11-01T00:00:00,2025,11,58.2,"2,,,N"
Rhode Island,GHCND:US1RIWS0045,2025-11-01T00:00:00,2025,11,68.4,"4,,,N"
Rhode Island,GHCND:US1RIWS0051,2025-11-01T00:00:00,2025,11,56.4,"1,a,,N"
Rhode Island,GHCND:US1RIWS0052,2025-11-01T00:00:00,2025,11,70.0,"1,,,N"
Rhode Island,GHCND:US1RIWS0054,2025-11-01T00:00:00,2025,11,67.4,",,,N"
Rhode Island,GHCND:US1RIWS0065,2025-11-01T00:00:00,2025,11,58.3,"1,,,N"
Rhode Island,GHCND:US1RIWS0070,2025-11-01T00:00:00,2025,11,66.3,",,,N"
Rhode Island,GHCND:US1RIWS0077,2025-11-01T00:00:00,2025,11,73.3,"5,,,N"
Rhode Island,GHCND:US1RIWS0080,2025-11-01T00:00:00,2025,11,58.5,"1,,,N"
Rhode Island,GHCND:US1RIWS0081,2025-11-01T00:00:00,2025,11,74.2,",,,N"
Rhode Island,GHCND:US1RIWS0083,2025-11-01T00:00:00,2025,11,72.2,",,,N"
Rhode Island,GHCND:US1RIWS0092,2025-11-01T00:00:00,2025,11,54.3,",a,,N"
Rhode Island,GHCND:US1RIWS0095,2025-11-01T00:00:00,2025,11,62.8,"3,,,N"
Rhode Island,GHCND:US1RIWS0099,2025-11-01T00:00:00,2025,11,54.1,",a,,N"
Rhode Island,GHCND:US1RIWS0105,2025-11-01T00:00:00,2025,11,63.2,"5,,,N"
Rhode Island,GHCND:US1RIWS0106,2025-11-01T00:00:00,2025,11,70.6,",,,N"
Rhode Island,GHCND:US1RIWS0107,2025-11-01T00:00:00,2025,11,57.6,",,,N"
Rhode Island,GHCND:US1RIWS0108,2025-11-01T00:00:00,2025,11,69.8,"3,,,N"
Rhode Island,GHCND:US1RIWS0109,2025-11-01T00:00:00,2025,11,70.5,"1,,,N"
Rhode Island,GHCND:US1RIWS0111,2025-11-01T00:00:00,2025,11,63.7,",a,,N"
Rhode Island,GHCND:USC00370897,2025-11-01T00:00:00,2025,11,94.1,",,,7"
Rhode Island,GHCND:USC00371874,2025-11-01T00:00:00,2025,11,53.3,"4,a,,7"
Rhode Island,GHCND:USC00374266,2025-11-01T00:00:00,2025,11,72.2,",,,7"
Rhode Island,GHCND:USC00379423,2025-11-01T00:00:00,2025,11,49.2,",a,,7"
Rhode Island,GHCND:USW00014765,2025-11-01T00:00:00,2025,11,65.1,",,,D"
Rhode Island,GHCND:USW00014787,2025-11-01T00:00:00,2025,11,82.4,",,,d"
Rhode Island,GHCND:USW00014794,2025-11-01T00:00:00,2025,11,64.0,",,,d"
Rhode Island,GHCND:USW00054796,2025-11-01T00:00:00,2025,11,82.7,",,,R"
Rhode Island,GHCND:USW00054797,2025-11-01T00:00:00,2025,11,85.3,",,,R"
Rhode Island,GHCND:USW00064710,2025-11-01T00:00:00,2025,11,76.6,",,,d"
Rhode Island,GHCND:US1RIBR0005,2025-12-01T00:00:00,2025,12,64.3,",,,N"
Rhode Island,GHCND:US1RIBR0011,2025-12-01T00:00:00,2025,12,61.6,",,,N"
Rhode Island,GHCND:US1RIBR0018,2025-12-01T00:00:00,2025,12,60.1,"2,a,,N"
Rhode Island,GHCND:US1RIKN0002,2025-12-01T00:00:00,2025,12,65.1,",,,N"
Rhode Island,GHCND:US1RIKN0014,2025-12-01T00:00:00,2025,12,81.6,",,,N"
Rhode Island,GHCND:US1RIKN0021,2025-12-01T00:00:00,2025,12,70.6,",,,N"
Rhode Island,GHCND:US1RIKN0023,2025-12-01T00:00:00,2025,12,58.2,"1,,,N"
Rhode Island,GHCND:US1RIKN0031,2025-12-01T00:00:00,2025,12,60.0,",a,,N"
Rhode Island,GHCND:US1RIKN0036,2025-12-01T00:00:00,2025,12,63.9,"1,,,N"
Rhode Island,GHCND:US1RIKN0037,2025-12-01T00:00:00,2025,12,72.2,"1,a,,N"
Rhode Island,GHCND:US1RIKN0038,2025-12-01T00:00:00,2025,12,64.3,",,,N"
Rhode Island,GHCND:US1RIKN0045,2025-12-01T00:00:00,2025,12,70.2,",,,N"
Rhode Island,GHCND:US1RIKN0051,2025-12-01T00:00:00,2025,12,72.7,",,,N"
Rhode Island,GHCND:US1RIKN0059,2025-12-01T00:00:00,2025,12,73.8,",,,N"
Rhode Island,GHCND:US1RIKN0062,2025-12-01T00:00:00,2025,12,64.3,"2,,,N"
Rhode Island,GHCND:US1RIKN0065,2025-12-01T00:00:00,2025,12,71.0,"3,,,N"
Rhode Island,GHCND:US1RIKN0068,2025-12-01T00:00:00,2025,12,72.1,"5,,,N"
Rhode Island,GHCND:US1RIKN0079,2025-12-01T00:00:00,2025,12,64.6,"5,a,,N"
Rhode Island,GHCND:US1RIKN0083,2025-12-01T00:00:00,2025,12,62.3,"2,,,N"
Rhode Island,GHCND:US1RINW0004,2025-12-01T00:00:00,2025,12,94.8,",,,N"
Rhode Island,GHCND:US1RINW0017,2025-12-01T00:00:00,2025,12,98.0,",,,N"
Rhode Island,GHCND:US1RINW0018,2025-12-01T00:00:00,2025,12,80.8,",,,N"
Rhode Island,GHCND:US1RINW0020,2025-12-01T00:00:00,2025,12,91.1,",,,N"
Rhode Island,GHCND:US1RINW0023,2025-12-01T00:00:00,2025,12,92.8,"2,a,,N"
Rhode Island,GHCND:US1RINW0027,2025-12-01T00:00:00,2025,12,91.5,"1,,,N"
Rhode Island,GHCND:US1RINW0028,2025-12-01T00:00:00,2025,12,59.1,",,,N"
Rhode Island,GHCND:US1RINW0030,2025-12-01T00:00:00,2025,12,68.7,",,,N"
Rhode Island,GHCND:US1RINW0031,2025-12-01T00:00:00,2025,12,59.2,"2,a,,N"
Rhode Island,GHCND:US1RINW0032,2025-12-01T00:00:00,2025,12,77.9,"2,,,N"
Rhode Island,GHCND:US1RIPR0028,2025-12-01T00:00:00,2025,12,82.9,",a,,N"
Rhode Island,GHCND:US1RIPR0033,2025-12-01T00:00:00,2025,12,81.0,"2,,,N"
Rhode Island,GHCND:US1RIPR0051,2025-12-01T00:00:00,2025,12,83.8,",,,N"
Rhode Island,GHCND:US1RIPR0057,2025-12-01T00:00:00,2025,12,61.9,"5,,,N"
Rhode Island,GHCND:US1RIPR0067,2025-12-01T00:00:00,2025,12,66.8,",,,N"
Rhode Island,GHCND:US1RIPR0084,2025-12-01T00:00:00,2025,12,67.2,",,,N"
Rhode Island,GHCND:US1RIPR0089,2025-12-01T00:00:00,2025,12,83.1,"1,a,,N"
Rhode Island,GHCND:US1RIPR0104,2025-12-01T00:00:00,2025,12,67.3,",,,N"
Rhode Island,GHCND:US1RIPR0106,2025-12-01T00:00:00,2025,12,72.7,",a,,N"
Rhode Island,GHCND:US1RIPR0112,2025-12-01T00:00:00,2025,12,64.9,"2,,,N"
Rhode Island,GHCND:US1RIPR0119,2025-12-01T00:00:00,2025,12,65.3,"3,,,N"
Rhode Island,GHCND:US1RIPR0121,2025-12-01T00:00:00,2025,12,94.1,"1,,,N"
Rhode Island,GHCND:US1RIPR0130,2025-12-01T00:00:00,2025,12,88.1,",,,N"
Rhode Island,GHCND:US1RIPR0138,2025-12-01T00:00:00,2025,12,52.6,"3,,,N"
Rhode Island,GHCND:US1RIPR0140,2025-12-01T00:00:00,2025,12,104.1,"1,,,N"
Rhode Island,GHCND:US1RIPR0150,2025-12-01T00:00:00,2025,12,64.2,"3,,,N"
Rhode Island,GHCND:US1RIWS0030,2025-12-01T00:00:00,2025,12,64.2,",,,N"
Rhode Island,GHCND:US1RIWS0036,2025-12-01T00:00:00,2025,12,78.5,",,,N"
Rhode Island,GHCND:US1RIWS0037,2025-12-01T00:00:00,2025,12,74.9,",a,,N"
Rhode Island,GHCND:US1RIWS0042,2025-12-01T00:00:00,2025,12,70.0,",,,N"
Rhode Island,GHCND:US1RIWS0047,2025-12-01T00:00:00,2025,12,76.6,"4,a,,N"
Rhode Island,GHCND:US1RIWS0051,2025-12-01T00:00:00,2025,12,70.1,",a,,N"
Rhode Island,GHCND:US1RIWS0054,2025-12-01T00:00:00,2025,12,77.7,",,,N"
Rhode Island,GHCND:US1RIWS0055,2025-12-01T00:00:00,2025,12,83.6,",,,N"
Rhode Island,GHCND:US1RIWS0065,2025-12-01T00:00:00,2025,12,74.4,"2,,,N"
Rhode Island,GHCND:US1RIWS0066,2025-12-01T00:00:00,2025,12,72.7,",,,N"
Rhode Island,GHCND:US1RIWS0070,2025-12-01T00:00:00,2025,12,74.7,",a,,N"
Rhode Island,GHCND:US1RIWS0077,2025-12-01T00:00:00,2025,12,79.6,"1,a,,N"
Rhode Island,GHCND:US1RIWS0080,2025-12-01T00:00:00,2025,12,79.1,"4,,,N"
Rhode Island,GHCND:US1RIWS0081,2025-12-01T00:00:00,2025,12,83.0,"2,,,N"
Rhode Island,GHCND:US1RIWS0083,2025-12-01T00:00:00,2025,12,80.6,"1,a,,N"
Rhode Island,GHCND:US1RIWS0092,2025-12-01T00:00:00,2025,12,65.4,",a,,N"
Rhode Island,GHCND:US1RIWS0097,2025-12-01T00:00:00,2025,12,69.9,"1,a,,N"
Rhode Island,GHCND:US1RIWS0099,2025-12-01T00:00:00,2025,12,76.7,",,,N"
Rhode Island,GHCND:US1RIWS0106,2025-12-01T00:00:00,2025,12,85.1,",,,N"
Rhode Island,GHCND:US1RIWS0107,2025-12-01T00:00:00,2025,12,70.4,"1,,,N"
Rhode Island,GHCND:US1RIWS0110,2025-12-01T00:00:00,2025,12,79.2,",,,N"
Rhode Island,GHCND:US1RIWS0111,2025-12-01T00:00:00,2025,12,43.5,"4,a,,N"
Rhode Island,GHCND:USC00370897,2025-12-01T00:00:00,2025,12,72.2,"4,,,H"
Rhode Island,GHCND:USC00379423,2025-12-01T00:00:00,2025,12,77.8,",,,H"
Rhode Island,GHCND:USW00014765,2025-12-01T00:00:00,2025,12,60.2,",,,D"
Rhode Island,GHCND:USW00014787,2025-12-01T00:00:00,2025,12,67.8,",,,d"
Rhode Island,GHCND:USW00014794,2025-12-01T00:00:00,2025,12,44.6,",,,d"
Rhode Island,GHCND:USW00054796,2025-12-01T00:00:00,2025,12,58.4,",,,R"
Rhode Island,GHCND:USW00054797,2025-12-01T00:00:00,2025,12,50.4,",,,R"
Rhode Island,GHCND:USW00064710,2025-12-01T00:00:00,2025,12,82.7,",,,d"
