Khu vực,Tiểu bang,Lượng mưa trung bình,Nhiệt độ trung bình của năm,Tỷ lệ đất được tưới tiêu,Tổng lượng phân bón tiêu thụ trong năm,Loại cây ở khu vực đó,Năng suất trung bình của khu vực
Mangalore,Karnataka,2903.1,27.0,Drip,0.0,Coconut,2570.0
Mangalore,Karnataka,2996.6,27.0,Drip,0.0,Coconut,1402.0
Mangalore,Karnataka,3522.8,27.2,Drip,0.0,Coconut,1132.0
Mangalore,Karnataka,3729.8,27.0,Drip,0.0,Coconut,804.0
Mangalore,Karnataka,2746.2,27.0,Drip,0.0,Coconut,792.0
Kodagu,Karnataka,3360.0,27.2,Drip,0.0,Coconut,338.0
Kodagu,Karnataka,3605.4,27.1,Drip,0.0,Coconut,404.0
Kodagu,Karnataka,3512.4,26.8,Drip,0.0,Coconut,343.0
Kodagu,Karnataka,3296.0,37.0,Drip,0.0,Coconut,336.0
Kasaragodu,Karnataka,3550.0,38.0,Drip,0.0,Coconut,316.0
Kasaragodu,Karnataka,3654.0,39.0,Drip,0.0,Coconut,382.0
Kasaragodu,Karnataka,3105.0,42.0,Drip,0.0,Coconut,291.0
Raichur,Karnataka,2903.1,27.0,Basin,0.0,Coconut,7157.0
Raichur,Karnataka,2903.1,27.0,Basin,0.0,Coconut,8700.0
Raichur,Karnataka,2996.6,27.0,Basin,0.0,Coconut,8838.0
Raichur,Karnataka,2996.6,27.0,Basin,0.0,Coconut,8954.0
Raichur,Karnataka,3522.8,27.2,Basin,0.0,Coconut,9230.0
Raichur,Karnataka,3360.0,27.2,Basin,0.0,Coconut,114.0
Raichur,Karnataka,3360.0,27.2,Basin,0.0,Coconut,3.0
Raichur,Karnataka,3360.0,27.2,Basin,0.0,Coconut,95.0
Gulbarga,Karnataka,3605.4,27.1,Basin,0.0,Coconut,19.0
Gulbarga,Karnataka,3605.4,27.1,Basin,0.0,Coconut,54.0
Gulbarga,Karnataka,3605.4,27.1,Basin,0.0,Coconut,13.0
Gulbarga,Karnataka,3512.4,26.8,Basin,0.0,Coconut,123.0
Gulbarga,Karnataka,3512.4,26.8,Basin,0.0,Coconut,19.0
Gulbarga,Karnataka,3512.4,26.8,Basin,0.0,Coconut,32.0
Gulbarga,Karnataka,3296.0,37.0,Basin,0.0,Coconut,8.0
Gulbarga,Karnataka,3296.0,37.0,Basin,0.0,Coconut,50.0
Gulbarga,Karnataka,3296.0,37.0,Basin,0.0,Coconut,10.0
Gulbarga,Karnataka,3550.0,38.0,Basin,0.0,Coconut,29.0
Gulbarga,Karnataka,3550.0,38.0,Basin,0.0,Coconut,44.0
Gulbarga,Karnataka,3550.0,38.0,Basin,0.0,Coconut,33.0
Gulbarga,Karnataka,3654.0,39.0,Basin,0.0,Coconut,14.0
Gulbarga,Karnataka,3654.0,39.0,Basin,0.0,Coconut,56.0
Gulbarga,Karnataka,3654.0,39.0,Basin,0.0,Coconut,26.0
Gulbarga,Karnataka,3522.8,27.2,Spray,0.0,Coconut,2783.0
Gulbarga,Karnataka,3522.8,27.2,Spray,0.0,Coconut,1533.0
Gulbarga,Karnataka,3729.8,27.0,Spray,0.0,Coconut,1647.0
Gulbarga,Karnataka,3729.8,27.0,Spray,0.0,Coconut,975.0
Gulbarga,Karnataka,3729.8,27.0,Spray,0.0,Coconut,2.0
Gulbarga,Karnataka,2746.2,27.0,Spray,0.0,Coconut,836.0
Gulbarga,Karnataka,2746.2,27.0,Spray,0.0,Coconut,806.0
Gulbarga,Karnataka,2746.2,27.0,Spray,0.0,Coconut,880.0
Gulbarga,Karnataka,3360.0,27.2,Spray,0.0,Coconut,770.0
Gulbarga,Karnataka,3360.0,27.2,Spray,0.0,Coconut,395.0
Gulbarga,Karnataka,3360.0,27.2,Spray,0.0,Coconut,187.0
Gulbarga,Karnataka,3605.4,27.1,Spray,0.0,Coconut,187.0
Gulbarga,Karnataka,3605.4,27.1,Spray,0.0,Coconut,121.0
Gulbarga,Karnataka,3605.4,27.1,Spray,0.0,Coconut,103.0
Gulbarga,Karnataka,3512.4,26.8,Spray,0.0,Coconut,71.0
Gulbarga,Karnataka,3512.4,26.8,Spray,0.0,Coconut,3961.0
Gulbarga,Karnataka,3512.4,26.8,Spray,0.0,Coconut,4247.0
Gulbarga,Karnataka,3296.0,37.0,Spray,0.0,Coconut,3290.0
Gulbarga,Karnataka,3296.0,37.0,Spray,0.0,Coconut,3138.0
Gulbarga,Karnataka,3296.0,37.0,Spray,0.0,Coconut,3423.0
Gulbarga,Karnataka,3550.0,38.0,Spray,0.0,Coconut,3899.0
Gulbarga,Karnataka,3550.0,38.0,Spray,0.0,Coconut,4015.0
Gulbarga,Karnataka,3550.0,38.0,Spray,0.0,Coconut,4279.0
Gulbarga,Karnataka,3654.0,39.0,Spray,0.0,Coconut,4167.0
Gulbarga,Karnataka,3654.0,39.0,Spray,0.0,Coconut,4479.0
Gulbarga,Karnataka,3654.0,39.0,Spray,0.0,Coconut,3699.0
Gulbarga,Karnataka,3105.0,42.0,Spray,0.0,Coconut,71.0
Gulbarga,Karnataka,3105.0,42.0,Spray,0.0,Coconut,52.0
Gulbarga,Karnataka,3105.0,42.0,Spray,0.0,Coconut,12.0
Gulbarga,Karnataka,3654.0,129.0,Drip,0.0,Cocoa,62.0
Gulbarga,Karnataka,3105.0,132.0,Drip,0.0,Cocoa,25.0
Gulbarga,Karnataka,2903.1,136.0,Drip,0.0,Coffee,2089.0
Gulbarga,Karnataka,2903.1,137.0,Drip,0.0,Coffee,2810.0
Gulbarga,Karnataka,2903.1,138.0,Drip,0.0,Coffee,841.0
Gulbarga,Karnataka,2996.6,139.0,Drip,0.0,Coffee,3550.0
Gulbarga,Karnataka,2996.6,140.0,Drip,0.0,Coffee,109.0
Gulbarga,Karnataka,2996.6,141.0,Drip,0.0,Coffee,3368.0
Gulbarga,Karnataka,3522.8,142.0,Drip,0.0,Coffee,3671.0
Gulbarga,Karnataka,3522.8,143.0,Drip,0.0,Coffee,2404.0
Gulbarga,Karnataka,3522.8,144.0,Drip,0.0,Coffee,2805.0
Gulbarga,Karnataka,3729.8,145.0,Drip,0.0,Coffee,2331.0
Gulbarga,Karnataka,3729.8,146.0,Drip,0.0,Coffee,2088.0
Gulbarga,Karnataka,3729.8,147.0,Drip,0.0,Coffee,2628.0
Gulbarga,Karnataka,2746.2,148.0,Drip,0.0,Coffee,1939.0
Gulbarga,Karnataka,2746.2,149.0,Drip,0.0,Cardamum,1871.0
Gulbarga,Karnataka,2746.2,150.0,Drip,0.0,Cardamum,1868.0
Gulbarga,Karnataka,3605.4,154.0,Drip,0.0,Cardamum,1901.0
Gulbarga,Karnataka,3605.4,155.0,Drip,0.0,Cardamum,972.0
Gulbarga,Karnataka,3605.4,156.0,Drip,0.0,Cardamum,874.0
Gulbarga,Karnataka,3512.4,157.0,Drip,0.0,Cardamum,592.0
Gulbarga,Karnataka,3512.4,158.0,Drip,0.0,Cardamum,864.0
Gulbarga,Karnataka,3512.4,159.0,Drip,0.0,Cardamum,5373.0
Gulbarga,Karnataka,3296.0,160.0,Drip,0.0,Cardamum,6589.0
Gulbarga,Karnataka,3296.0,161.0,Drip,0.0,Cardamum,5107.0
Gulbarga,Karnataka,3296.0,162.0,Drip,0.0,Cardamum,5518.0
Gulbarga,Karnataka,3550.0,163.0,Drip,0.0,Cardamum,4912.0
Madikeri,Karnataka,3550.0,164.0,Drip,0.0,Pepper,3830.0
Madikeri,Karnataka,3550.0,165.0,Drip,0.0,Pepper,4.0
Madikeri,Karnataka,3654.0,166.0,Drip,0.0,Pepper,9.0
Madikeri,Karnataka,3654.0,167.0,Drip,0.0,Pepper,12.0
Madikeri,Karnataka,3654.0,168.0,Drip,0.0,Pepper,2089.0
Madikeri,Karnataka,3105.0,175.0,Basin,0.0,Pepper,2404.0
Madikeri,Karnataka,3105.0,176.0,Basin,0.0,Pepper,2805.0
Madikeri,Karnataka,3105.0,177.0,Basin,0.0,Pepper,2331.0
Madikeri,Karnataka,2903.1,180.0,Basin,0.0,Arecanut,1939.0
Madikeri,Karnataka,2903.1,181.0,Basin,0.0,Arecanut,1871.0
Madikeri,Karnataka,2903.1,182.0,Basin,0.0,Arecanut,1868.0
Madikeri,Karnataka,3522.8,186.0,Basin,0.0,Arecanut,1901.0
Madikeri,Karnataka,3522.8,187.0,Basin,0.0,Arecanut,972.0
Madikeri,Karnataka,3522.8,188.0,Basin,0.0,Arecanut,874.0
Madikeri,Karnataka,2903.1,189.0,Basin,0.0,Arecanut,592.0
Madikeri,Karnataka,2903.1,190.0,Basin,0.0,Arecanut,864.0
Madikeri,Karnataka,2903.1,191.0,Basin,0.0,Arecanut,5373.0
Hassan,Karnataka,2996.6,192.0,Basin,0.0,Arecanut,6589.0
Hassan,Karnataka,2996.6,193.0,Basin,0.0,Arecanut,5107.0
Hassan,Karnataka,2996.6,194.0,Basin,0.0,Ginger,5518.0
Hassan,Karnataka,3522.8,195.0,Basin,0.0,Ginger,4912.0
Hassan,Karnataka,3522.8,196.0,Basin,0.0,Ginger,3830.0
Hassan,Karnataka,3522.8,197.0,Basin,0.0,Ginger,4.0
Hassan,Karnataka,3729.8,198.0,Basin,0.0,Ginger,9.0
Hassan,Karnataka,3729.8,199.0,Basin,0.0,Ginger,12.0
Hassan,Karnataka,3729.8,200.0,Basin,0.0,Ginger,2089.0
Hassan,Karnataka,2746.2,201.0,Basin,0.0,Ginger,2810.0
Hassan,Karnataka,2746.2,202.0,Basin,0.0,Ginger,841.0
Hassan,Karnataka,2746.2,203.0,Basin,0.0,Ginger,3550.0
Hassan,Karnataka,3360.0,204.0,Basin,0.0,Ginger,109.0
Hassan,Karnataka,3360.0,205.0,Basin,0.0,Ginger,3368.0
Hassan,Karnataka,3360.0,206.0,Basin,0.0,Ginger,3671.0
Hassan,Karnataka,3605.4,207.0,Basin,0.0,Ginger,2404.0
Hassan,Karnataka,3605.4,208.0,Basin,0.0,Ginger,2805.0
Hassan,Karnataka,3605.4,209.0,Basin,0.0,Tea,2331.0
Hassan,Karnataka,3512.4,210.0,Basin,0.0,Tea,2088.0
Hassan,Karnataka,3512.4,211.0,Basin,0.0,Tea,2628.0
Hassan,Karnataka,3512.4,212.0,Basin,0.0,Tea,1939.0
Hassan,Karnataka,3296.0,213.0,Basin,0.0,Tea,1871.0
Hassan,Karnataka,3296.0,214.0,Basin,0.0,Tea,1868.0
Hassan,Karnataka,3550.0,218.0,Spray,0.0,Tea,1901.0
Hassan,Karnataka,3654.0,219.0,Spray,0.0,Tea,972.0
Hassan,Karnataka,3654.0,220.0,Spray,0.0,Tea,874.0
Hassan,Karnataka,3654.0,221.0,Spray,0.0,Tea,592.0
Hassan,Karnataka,3105.0,27.2,Spray,0.0,Paddy,3830.0
Hassan,Karnataka,3105.0,27.2,Spray,0.0,Paddy,2783.0
Hassan,Karnataka,2903.1,27.0,Spray,0.0,Paddy,975.0
Hassan,Karnataka,2903.1,27.0,Spray,0.0,Paddy,2.0
Hassan,Karnataka,2903.1,27.0,Spray,0.0,Paddy,836.0
Hassan,Karnataka,2996.6,27.0,Spray,0.0,Paddy,806.0
Hassan,Karnataka,2996.6,27.2,Spray,0.0,Paddy,880.0
Hassan,Karnataka,2996.6,27.2,Spray,0.0,Paddy,770.0
Hassan,Karnataka,3522.8,27.2,Spray,0.0,Groundnut,395.0
Hassan,Karnataka,3522.8,27.1,Spray,0.0,Groundnut,187.0
Hassan,Karnataka,2903.1,27.1,Spray,0.0,Groundnut,121.0
Hassan,Karnataka,2903.1,26.8,Spray,0.0,Groundnut,103.0
Hassan,Karnataka,2903.1,26.8,Spray,0.0,Groundnut,71.0
Hassan,Karnataka,2996.6,26.8,Spray,0.0,Groundnut,3961.0
Hassan,Karnataka,2996.6,37.0,Spray,0.0,Groundnut,4247.0
Hassan,Karnataka,2996.6,37.0,Spray,0.0,Groundnut,3290.0
Hassan,Karnataka,3522.8,37.0,Spray,0.0,Groundnut,3138.0
Hassan,Karnataka,3522.8,38.0,Spray,0.0,Groundnut,3423.0
Hassan,Karnataka,3522.8,38.0,Spray,0.0,Groundnut,3899.0
Hassan,Karnataka,3729.8,38.0,Spray,0.0,Groundnut,4015.0
Hassan,Karnataka,3729.8,39.0,Spray,0.0,Groundnut,4279.0
Hassan,Karnataka,3729.8,39.0,Spray,0.0,Groundnut,4167.0
Hassan,Karnataka,2746.2,39.0,Spray,0.0,Blackgram,4479.0
Hassan,Karnataka,2746.2,40.0,Spray,0.0,Blackgram,3699.0
Hassan,Karnataka,2746.2,40.0,Spray,0.0,Blackgram,4904.0
Hassan,Karnataka,3360.0,40.0,Spray,0.0,Blackgram,2821.0
Hassan,Karnataka,3360.0,41.0,Spray,0.0,Blackgram,3472.0
Hassan,Karnataka,3360.0,41.0,Drip,0.0,Blackgram,3647.0
Hassan,Karnataka,3605.4,41.0,Drip,0.0,Blackgram,393.0
Hassan,Karnataka,3605.4,42.0,Drip,0.0,Blackgram,167.0
Hassan,Karnataka,3605.4,42.0,Drip,0.0,Blackgram,71.0
Hassan,Karnataka,3512.4,42.0,Drip,0.0,Blackgram,52.0
Hassan,Karnataka,3512.4,43.0,Drip,0.0,Blackgram,2783.0
Hassan,Karnataka,3296.0,27.0,Drip,0.0,Blackgram,1533.0
Hassan,Karnataka,3296.0,27.0,Drip,0.0,Blackgram,1647.0
Hassan,Karnataka,3296.0,27.0,Drip,0.0,Blackgram,975.0
Hassan,Karnataka,3550.0,27.0,Drip,0.0,Cashew,2.0
Hassan,Karnataka,3550.0,27.0,Drip,0.0,Cashew,836.0
Hassan,Karnataka,3550.0,27.0,Drip,0.0,Cashew,806.0
Hassan,Karnataka,3654.0,27.2,Drip,0.0,Cashew,880.0
Hassan,Karnataka,3654.0,27.2,Drip,0.0,Cashew,770.0
Hassan,Karnataka,3654.0,27.2,Drip,0.0,Cashew,395.0
Hassan,Karnataka,3105.0,27.2,Drip,0.0,Cashew,4247.0
Hassan,Karnataka,3105.0,27.2,Drip,0.0,Cashew,3290.0
Hassan,Karnataka,3105.0,27.2,Drip,0.0,Cashew,3138.0
Hassan,Karnataka,2903.1,27.1,Drip,0.0,Coconut,4015.0
Hassan,Karnataka,2903.1,26.8,Drip,0.0,Coconut,4279.0
Hassan,Karnataka,2903.1,26.8,Drip,0.0,Coconut,4167.0
Hassan,Karnataka,2996.6,26.8,Drip,0.0,Coconut,4479.0
Hassan,Karnataka,2996.6,37.0,Drip,0.0,Coconut,3699.0
Hassan,Karnataka,2996.6,37.0,Drip,0.0,Coconut,4904.0
Hassan,Karnataka,3522.8,37.0,Drip,0.0,Coconut,2821.0
Hassan,Karnataka,3522.8,38.0,Drip,0.0,Coconut,3472.0
Hassan,Karnataka,3522.8,38.0,Drip,0.0,Coconut,3647.0
Hassan,Karnataka,2903.1,38.0,Drip,0.0,Coconut,393.0
Hassan,Karnataka,2903.1,39.0,Drip,0.0,Coconut,167.0
Hassan,Karnataka,2903.1,39.0,Drip,0.0,Coconut,71.0
Hassan,Karnataka,2996.6,39.0,Drip,0.0,Coconut,52.0
Hassan,Karnataka,2996.6,40.0,Drip,0.0,Coconut,2570.0
Hassan,Karnataka,3522.8,41.0,Drip,0.0,Ginger,1402.0
Hassan,Karnataka,3729.8,42.0,Basin,0.0,Ginger,1132.0
Hassan,Karnataka,2746.2,43.0,Basin,0.0,Ginger,804.0
Hassan,Karnataka,3360.0,27.0,Basin,0.0,Ginger,792.0
Hassan,Karnataka,3605.4,27.0,Basin,0.0,Ginger,338.0
Hassan,Karnataka,2903.1,27.0,Drip,0.0,Coconut,2570.0
Hassan,Karnataka,2996.6,27.2,Drip,0.0,Coconut,1402.0
Mangalore,Karnataka,3522.8,27.0,Drip,0.0,Coconut,1132.0
Mangalore,Karnataka,2746.2,27.2,Drip,0.0,Coconut,792.0
Mangalore,Karnataka,3360.0,27.1,Drip,0.0,Coconut,338.0
Mangalore,Karnataka,3605.4,26.8,Drip,0.0,Coconut,404.0
Kodagu,Karnataka,3550.0,38.0,Drip,0.0,Coconut,316.0
Kodagu,Karnataka,3654.0,39.0,Drip,0.0,Coconut,382.0
Kodagu,Karnataka,3105.0,42.0,Drip,0.0,Coconut,291.0
Kodagu,Karnataka,2903.1,43.0,Drip,0.0,Coconut,283.0
Kodagu,Karnataka,2903.1,27.0,Basin,0.0,Coconut,7157.0
Kodagu,Karnataka,2996.6,27.0,Basin,0.0,Coconut,8700.0
Kodagu,Karnataka,2996.6,27.0,Basin,0.0,Coconut,8838.0
Kodagu,Karnataka,3296.0,27.0,Basin,0.0,Coconut,8954.0
Kodagu,Karnataka,3550.0,27.2,Basin,0.0,Coconut,9230.0
Mysuru,Karnataka,3105.0,27.1,Basin,0.0,Coconut,95.0
Mysuru,Karnataka,3105.0,27.1,Basin,0.0,Coconut,19.0
Mysuru,Karnataka,3105.0,27.1,Basin,0.0,Coconut,54.0
Mysuru,Karnataka,2903.1,26.8,Basin,0.0,Coconut,19.0
Mysuru,Karnataka,2903.1,37.0,Basin,0.0,Coconut,32.0
Mysuru,Karnataka,2903.1,37.0,Basin,0.0,Coconut,8.0
Mysuru,Karnataka,2996.6,37.0,Basin,0.0,Coconut,50.0
Mysuru,Karnataka,2996.6,38.0,Basin,0.0,Coconut,10.0
Mysuru,Karnataka,2996.6,38.0,Basin,0.0,Coconut,29.0
Mysuru,Karnataka,2903.1,38.0,Basin,0.0,Coconut,44.0
Mysuru,Karnataka,2903.1,39.0,Basin,0.0,Coconut,33.0
Mysuru,Karnataka,2903.1,39.0,Basin,0.0,Coconut,14.0
Mysuru,Karnataka,2996.6,39.0,Basin,0.0,Coconut,56.0
Mysuru,Karnataka,2996.6,40.0,Basin,0.0,Coconut,26.0
Mysuru,Karnataka,2996.6,40.0,Basin,0.0,Coconut,98.0
Mysuru,Karnataka,3522.8,40.0,Basin,0.0,Coconut,3.0
Mysuru,Karnataka,3512.4,27.2,Spray,0.0,Coconut,2783.0
Mysuru,Karnataka,3512.4,27.2,Spray,0.0,Coconut,1533.0
Mysuru,Karnataka,3296.0,27.0,Spray,0.0,Coconut,1647.0
Mysuru,Karnataka,3296.0,27.0,Spray,0.0,Coconut,975.0
Mysuru,Karnataka,3296.0,27.0,Spray,0.0,Coconut,2.0
Mysuru,Karnataka,3550.0,27.0,Spray,0.0,Coconut,836.0
Mysuru,Karnataka,3550.0,27.0,Spray,0.0,Coconut,806.0
Mysuru,Karnataka,3550.0,27.0,Spray,0.0,Coconut,880.0
Mysuru,Karnataka,3654.0,27.2,Spray,0.0,Coconut,770.0
Mysuru,Karnataka,3654.0,27.2,Spray,0.0,Coconut,395.0
Mysuru,Karnataka,3654.0,27.2,Spray,0.0,Coconut,187.0
Kasaragodu,Karnataka,3105.0,37.0,Spray,0.0,Coconut,3290.0
Kasaragodu,Karnataka,3105.0,37.0,Spray,0.0,Coconut,3138.0
Kasaragodu,Karnataka,3105.0,37.0,Spray,0.0,Coconut,3423.0
Kasaragodu,Karnataka,2903.1,38.0,Spray,0.0,Coconut,4279.0
Kasaragodu,Karnataka,2903.1,39.0,Spray,0.0,Coconut,4167.0
Kasaragodu,Karnataka,2903.1,39.0,Spray,0.0,Coconut,4479.0
Kasaragodu,Karnataka,2996.6,39.0,Spray,0.0,Coconut,3699.0
Kasaragodu,Karnataka,2996.6,41.0,Spray,0.0,Coconut,4904.0
Kasaragodu,Karnataka,2996.6,42.0,Spray,0.0,Coconut,2821.0
Kasaragodu,Karnataka,3522.8,42.0,Spray,0.0,Coconut,3472.0
Kasaragodu,Karnataka,3522.8,42.0,Spray,0.0,Coconut,3647.0
Kasaragodu,Karnataka,3522.8,43.0,Spray,0.0,Coconut,393.0
Kasaragodu,Karnataka,3729.8,43.0,Spray,0.0,Coconut,167.0
Kasaragodu,Karnataka,3729.8,128.0,Spray,0.0,Coconut,71.0
Kasaragodu,Karnataka,3729.8,129.0,Spray,0.0,Coconut,52.0
Kasaragodu,Karnataka,2746.2,130.0,Spray,0.0,Coconut,12.0
Kasaragodu,Karnataka,2746.2,131.0,Spray,0.0,Coconut,51.0
Kasaragodu,Karnataka,2746.2,132.0,Spray,0.0,Coconut,61.0
Kasaragodu,Karnataka,3360.0,133.0,Drip,0.0,Cocoa,67.0
Kasaragodu,Karnataka,3360.0,134.0,Drip,0.0,Cocoa,62.0
Kasaragodu,Karnataka,3360.0,135.0,Drip,0.0,Cocoa,32.0
Kasaragodu,Karnataka,3605.4,136.0,Drip,0.0,Cocoa,22.0
Kasaragodu,Karnataka,3605.4,137.0,Drip,0.0,Cocoa,25.0
Kasaragodu,Karnataka,3605.4,138.0,Drip,0.0,Cocoa,4.0
Raichur,Karnataka,3512.4,139.0,Drip,0.0,Coffee,9.0
Raichur,Karnataka,3512.4,140.0,Drip,0.0,Coffee,12.0
Raichur,Karnataka,3512.4,141.0,Drip,0.0,Coffee,2089.0
Raichur,Karnataka,3296.0,142.0,Drip,0.0,Coffee,2810.0
Raichur,Karnataka,3296.0,143.0,Drip,0.0,Coffee,841.0
Raichur,Karnataka,3296.0,144.0,Drip,0.0,Coffee,3550.0
Raichur,Karnataka,3550.0,145.0,Drip,0.0,Coffee,109.0
Raichur,Karnataka,3550.0,146.0,Drip,0.0,Coffee,3368.0
Raichur,Karnataka,3550.0,147.0,Drip,0.0,Coffee,3671.0
Raichur,Karnataka,3654.0,148.0,Drip,0.0,Coffee,2404.0
Raichur,Karnataka,3654.0,149.0,Drip,0.0,Coffee,2805.0
Raichur,Karnataka,3654.0,150.0,Drip,0.0,Coffee,2331.0
Raichur,Karnataka,2903.1,154.0,Drip,0.0,Cardamum,1871.0
Raichur,Karnataka,2903.1,155.0,Drip,0.0,Cardamum,1868.0
Raichur,Karnataka,2996.6,159.0,Drip,0.0,Cardamum,1901.0
Raichur,Karnataka,3522.8,160.0,Drip,0.0,Cardamum,972.0
Raichur,Karnataka,3522.8,161.0,Drip,0.0,Cardamum,874.0
Raichur,Karnataka,3522.8,162.0,Drip,0.0,Cardamum,592.0
Raichur,Karnataka,3729.8,163.0,Drip,0.0,Cardamum,864.0
Raichur,Karnataka,3729.8,164.0,Drip,0.0,Cardamum,5373.0
Raichur,Karnataka,3729.8,165.0,Drip,0.0,Cardamum,6589.0
Raichur,Karnataka,2746.2,166.0,Drip,0.0,Cardamum,5107.0
Raichur,Karnataka,2746.2,167.0,Drip,0.0,Cardamum,5518.0
Raichur,Karnataka,2746.2,168.0,Drip,0.0,Cardamum,4912.0
Gulbarga,Karnataka,3360.0,169.0,Drip,0.0,Cotton,3830.0
Gulbarga,Karnataka,3360.0,170.0,Drip,0.0,Cotton,4.0
Gulbarga,Karnataka,3360.0,171.0,Drip,0.0,Cotton,9.0
Gulbarga,Karnataka,3605.4,172.0,Drip,0.0,Cotton,12.0
Gulbarga,Karnataka,3605.4,173.0,Drip,0.0,Pepper,2089.0
Gulbarga,Karnataka,3605.4,174.0,Drip,0.0,Pepper,2810.0
Gulbarga,Karnataka,3512.4,175.0,Drip,0.0,Pepper,841.0
Gulbarga,Karnataka,3512.4,176.0,Drip,0.0,Pepper,3550.0
Gulbarga,Karnataka,3512.4,177.0,Basin,0.0,Pepper,109.0
Gulbarga,Karnataka,3296.0,178.0,Basin,0.0,Pepper,3368.0
Gulbarga,Karnataka,3296.0,179.0,Basin,0.0,Pepper,3671.0
Gulbarga,Karnataka,3296.0,180.0,Basin,0.0,Pepper,2404.0
Gulbarga,Karnataka,3550.0,181.0,Basin,0.0,Pepper,2805.0
Gulbarga,Karnataka,3550.0,182.0,Basin,0.0,Pepper,2331.0
Gulbarga,Karnataka,3550.0,183.0,Basin,0.0,Pepper,2088.0
Gulbarga,Karnataka,3654.0,184.0,Basin,0.0,Arecanut,2628.0
Gulbarga,Karnataka,3654.0,185.0,Basin,0.0,Arecanut,1939.0
Gulbarga,Karnataka,3654.0,186.0,Basin,0.0,Arecanut,1871.0
Gulbarga,Karnataka,3105.0,193.0,Basin,0.0,Arecanut,874.0
Gulbarga,Karnataka,3105.0,194.0,Basin,0.0,Arecanut,592.0
Gulbarga,Karnataka,3105.0,195.0,Basin,0.0,Arecanut,864.0
Gulbarga,Karnataka,2903.1,198.0,Basin,0.0,Arecanut,5107.0
Gulbarga,Karnataka,2903.1,199.0,Basin,0.0,Ginger,5518.0
Gulbarga,Karnataka,2903.1,200.0,Basin,0.0,Ginger,4912.0
Gulbarga,Karnataka,2996.6,201.0,Basin,0.0,Ginger,3830.0
Gulbarga,Karnataka,2996.6,202.0,Basin,0.0,Ginger,4.0
Gulbarga,Karnataka,2996.6,203.0,Basin,0.0,Ginger,9.0
Gulbarga,Karnataka,3522.8,204.0,Basin,0.0,Ginger,12.0
Gulbarga,Karnataka,3522.8,205.0,Basin,0.0,Ginger,2089.0
Madikeri,Karnataka,3522.8,206.0,Basin,0.0,Ginger,2810.0
Madikeri,Karnataka,3729.8,207.0,Basin,0.0,Ginger,841.0
Madikeri,Karnataka,3729.8,208.0,Basin,0.0,Ginger,3550.0
Madikeri,Karnataka,3729.8,209.0,Basin,0.0,Ginger,109.0
Madikeri,Karnataka,2746.2,210.0,Basin,0.0,Ginger,3368.0
Madikeri,Karnataka,2746.2,211.0,Basin,0.0,Ginger,3671.0
Madikeri,Karnataka,2746.2,212.0,Basin,0.0,Ginger,2404.0
Madikeri,Karnataka,3360.0,213.0,Basin,0.0,Ginger,2805.0
Madikeri,Karnataka,3360.0,214.0,Basin,0.0,Tea,2331.0
Madikeri,Karnataka,3360.0,215.0,Basin,0.0,Tea,2088.0
Madikeri,Karnataka,3605.4,216.0,Basin,0.0,Tea,2628.0
Madikeri,Karnataka,3605.4,217.0,Basin,0.0,Tea,1939.0
Madikeri,Karnataka,3605.4,218.0,Basin,0.0,Tea,1871.0
Madikeri,Karnataka,3512.4,219.0,Basin,0.0,Tea,1868.0
Madikeri,Karnataka,3296.0,27.0,Spray,0.0,Tea,1901.0
Madikeri,Karnataka,3296.0,27.0,Spray,0.0,Tea,972.0
Madikeri,Karnataka,3550.0,27.0,Spray,0.0,Tea,874.0
Madikeri,Karnataka,3550.0,27.0,Spray,0.0,Tea,592.0
Madikeri,Karnataka,3550.0,27.0,Spray,0.0,Tea,864.0
Madikeri,Karnataka,3654.0,27.2,Spray,0.0,Tea,5373.0
Madikeri,Karnataka,3654.0,27.2,Spray,0.0,Paddy,6589.0
Madikeri,Karnataka,3654.0,27.2,Spray,0.0,Paddy,5107.0
Madikeri,Karnataka,2903.1,27.0,Spray,0.0,Paddy,2783.0
Chikmangaluru,Karnataka,2903.1,27.0,Spray,0.0,Paddy,1533.0
Chikmangaluru,Karnataka,2996.6,27.2,Spray,0.0,Paddy,1647.0
Chikmangaluru,Karnataka,2996.6,27.2,Spray,0.0,Paddy,975.0
Chikmangaluru,Karnataka,2996.6,27.2,Spray,0.0,Paddy,2.0
Chikmangaluru,Karnataka,3522.8,27.1,Spray,0.0,Paddy,836.0
Chikmangaluru,Karnataka,3522.8,27.1,Spray,0.0,Paddy,806.0
Chikmangaluru,Karnataka,3522.8,27.1,Spray,0.0,Paddy,880.0
Chikmangaluru,Karnataka,3729.8,26.8,Spray,0.0,Paddy,770.0
Chikmangaluru,Karnataka,3729.8,26.8,Spray,0.0,Groundnut,395.0
Chikmangaluru,Karnataka,3729.8,26.8,Spray,0.0,Groundnut,187.0
Chikmangaluru,Karnataka,2746.2,37.0,Spray,0.0,Groundnut,187.0
Chikmangaluru,Karnataka,2746.2,37.0,Spray,0.0,Cotton,121.0
Chikmangaluru,Karnataka,2746.2,37.0,Spray,0.0,Cotton,103.0
Chikmangaluru,Karnataka,3360.0,38.0,Spray,0.0,Cotton,71.0
Chikmangaluru,Karnataka,3360.0,38.0,Spray,0.0,Cotton,3961.0
Chikmangaluru,Karnataka,3360.0,38.0,Spray,0.0,Groundnut,4247.0
Chikmangaluru,Karnataka,3605.4,39.0,Spray,0.0,Groundnut,3290.0
Chikmangaluru,Karnataka,3605.4,39.0,Spray,0.0,Groundnut,3138.0
Chikmangaluru,Karnataka,3605.4,39.0,Spray,0.0,Groundnut,3423.0
Chikmangaluru,Karnataka,3512.4,40.0,Spray,0.0,Groundnut,3899.0
Chikmangaluru,Karnataka,3512.4,40.0,Spray,0.0,Groundnut,4015.0
Chikmangaluru,Karnataka,3512.4,40.0,Spray,0.0,Groundnut,4279.0
Chikmangaluru,Karnataka,3296.0,41.0,Spray,0.0,Groundnut,4167.0
Chikmangaluru,Karnataka,3296.0,41.0,Spray,0.0,Blackgram,4479.0
Chikmangaluru,Karnataka,3296.0,41.0,Spray,0.0,Blackgram,3699.0
Chikmangaluru,Karnataka,3550.0,42.0,Spray,0.0,Blackgram,4904.0
Chikmangaluru,Karnataka,3550.0,42.0,Spray,0.0,Blackgram,2821.0
Chikmangaluru,Karnataka,3550.0,42.0,Spray,0.0,Blackgram,3472.0
Chikmangaluru,Karnataka,3654.0,43.0,Drip,0.0,Blackgram,3647.0
Chikmangaluru,Karnataka,3654.0,43.0,Drip,0.0,Blackgram,393.0
Chikmangaluru,Karnataka,3654.0,27.0,Drip,0.0,Blackgram,167.0
Chikmangaluru,Karnataka,3105.0,27.2,Drip,0.0,Blackgram,975.0
Chikmangaluru,Karnataka,3105.0,27.2,Drip,0.0,Cashew,2.0
Chikmangaluru,Karnataka,3105.0,27.0,Drip,0.0,Cashew,836.0
Chikmangaluru,Karnataka,2903.1,27.0,Drip,0.0,Cashew,770.0
Chikmangaluru,Karnataka,2903.1,27.0,Drip,0.0,Cashew,395.0
Chikmangaluru,Karnataka,2903.1,27.0,Drip,0.0,Cashew,187.0
Chikmangaluru,Karnataka,2996.6,27.2,Drip,0.0,Cotton,187.0
Chikmangaluru,Karnataka,2996.6,27.2,Drip,0.0,Cotton,121.0
Chikmangaluru,Karnataka,2996.6,27.2,Drip,0.0,Cotton,103.0
Chikmangaluru,Karnataka,3522.8,27.1,Drip,0.0,Cotton,71.0
Chikmangaluru,Karnataka,3522.8,27.1,Drip,0.0,Cashew,3961.0
Chikmangaluru,Karnataka,3522.8,27.1,Drip,0.0,Cashew,4247.0
Chikmangaluru,Karnataka,3729.8,26.8,Drip,0.0,Cashew,3290.0
Chikmangaluru,Karnataka,3729.8,26.8,Drip,0.0,Cashew,3138.0
Chikmangaluru,Karnataka,3729.8,26.8,Drip,0.0,Coconut,3423.0
Chikmangaluru,Karnataka,2746.2,37.0,Drip,0.0,Coconut,3899.0
Chikmangaluru,Karnataka,2746.2,37.0,Drip,0.0,Coconut,4015.0
Chikmangaluru,Karnataka,2746.2,37.0,Drip,0.0,Coconut,4279.0
Chikmangaluru,Karnataka,3360.0,38.0,Drip,0.0,Coconut,4167.0
Chikmangaluru,Karnataka,3360.0,38.0,Drip,0.0,Coconut,4479.0
Chikmangaluru,Karnataka,3360.0,38.0,Drip,0.0,Coconut,3699.0
Chikmangaluru,Karnataka,3605.4,39.0,Drip,0.0,Coconut,4904.0
Chikmangaluru,Karnataka,3605.4,39.0,Drip,0.0,Coconut,2821.0
Chikmangaluru,Karnataka,3605.4,39.0,Drip,0.0,Coconut,3472.0
Chikmangaluru,Karnataka,3512.4,40.0,Drip,0.0,Coconut,3647.0
Chikmangaluru,Karnataka,3512.4,40.0,Drip,0.0,Coconut,393.0
Chikmangaluru,Karnataka,3512.4,27.0,Drip,0.0,Coconut,167.0
Chikmangaluru,Karnataka,3296.0,27.0,Drip,0.0,Coconut,71.0
Chikmangaluru,Karnataka,3296.0,27.0,Drip,0.0,Coconut,52.0
Chikmangaluru,Karnataka,3296.0,27.0,Drip,0.0,Coconut,2570.0
Chikmangaluru,Karnataka,3550.0,27.2,Drip,0.0,Ginger,1402.0
Chikmangaluru,Karnataka,3654.0,27.0,Basin,0.0,Ginger,1132.0
Hassan,Karnataka,3105.0,27.2,Basin,0.0,Ginger,2570.0
Hassan,Karnataka,2903.1,27.1,Drip,0.0,Coconut,1402.0
Hassan,Karnataka,2996.6,26.8,Drip,0.0,Coconut,1132.0
Hassan,Karnataka,3522.8,37.0,Drip,0.0,Coconut,804.0
Hassan,Karnataka,3729.8,38.0,Drip,0.0,Coconut,792.0
Hassan,Karnataka,2746.2,39.0,Drip,0.0,Coconut,338.0
Hassan,Karnataka,3360.0,40.0,Drip,0.0,Coconut,404.0
Hassan,Karnataka,3605.4,41.0,Drip,0.0,Coconut,343.0
Hassan,Karnataka,3512.4,42.0,Drip,0.0,Coconut,336.0
Hassan,Karnataka,3296.0,27.0,Drip,0.0,Coconut,316.0
Hassan,Karnataka,3550.0,27.0,Drip,0.0,Coconut,382.0
Hassan,Karnataka,3654.0,27.2,Drip,0.0,Coconut,231.0
Hassan,Karnataka,3105.0,27.2,Drip,0.0,Coconut,283.0
Hassan,Karnataka,3105.0,27.2,Drip,0.0,Coconut,7157.0
Hassan,Karnataka,3654.0,26.8,Basin,0.0,Coconut,8954.0
Hassan,Karnataka,2996.6,39.0,Basin,0.0,Coconut,114.0
Hassan,Karnataka,2996.6,40.0,Basin,0.0,Coconut,3.0
Hassan,Karnataka,3522.8,40.0,Basin,0.0,Coconut,95.0
Hassan,Karnataka,3522.8,40.0,Basin,0.0,Coconut,19.0
Hassan,Karnataka,3522.8,41.0,Basin,0.0,Coconut,54.0
Hassan,Karnataka,3729.8,41.0,Basin,0.0,Coconut,13.0
Hassan,Karnataka,3729.8,41.0,Basin,0.0,Coconut,123.0
Hassan,Karnataka,3729.8,42.0,Basin,0.0,Coconut,19.0
Hassan,Karnataka,2746.2,42.0,Basin,0.0,Coconut,32.0
Hassan,Karnataka,2746.2,42.0,Basin,0.0,Coconut,8.0
Hassan,Karnataka,2746.2,43.0,Basin,0.0,Coconut,50.0
Hassan,Karnataka,3360.0,27.0,Basin,0.0,Coconut,10.0
Hassan,Karnataka,3360.0,27.0,Basin,0.0,Coconut,29.0
Hassan,Karnataka,3360.0,27.0,Basin,0.0,Coconut,44.0
Hassan,Karnataka,3605.4,27.0,Basin,0.0,Coconut,33.0
Hassan,Karnataka,3605.4,27.0,Basin,0.0,Coconut,14.0
Hassan,Karnataka,3605.4,27.0,Basin,0.0,Coconut,56.0
Hassan,Karnataka,3512.4,27.2,Basin,0.0,Coconut,26.0
Hassan,Karnataka,3512.4,27.2,Basin,0.0,Coconut,98.0
Hassan,Karnataka,3512.4,27.2,Basin,0.0,Coconut,3.0
Hassan,Karnataka,3105.0,37.0,Spray,0.0,Coconut,2783.0
Hassan,Karnataka,3105.0,37.0,Spray,0.0,Coconut,1533.0
Hassan,Karnataka,3105.0,37.0,Spray,0.0,Coconut,1647.0
Hassan,Karnataka,2903.1,38.0,Spray,0.0,Coconut,836.0
Hassan,Karnataka,2903.1,39.0,Spray,0.0,Coconut,806.0
Mangalore,Karnataka,2903.1,39.0,Spray,0.0,Coconut,880.0
Mangalore,Karnataka,2996.6,39.0,Spray,0.0,Coconut,770.0
Mangalore,Karnataka,2996.6,40.0,Spray,0.0,Coconut,395.0
Mangalore,Karnataka,2996.6,40.0,Spray,0.0,Coconut,187.0
Mangalore,Karnataka,3522.8,40.0,Spray,0.0,Coconut,187.0
Mangalore,Karnataka,3522.8,41.0,Spray,0.0,Coconut,121.0
Mangalore,Karnataka,3522.8,41.0,Spray,0.0,Coconut,103.0
Mangalore,Karnataka,2903.1,41.0,Spray,0.0,Coconut,71.0
Mangalore,Karnataka,2903.1,42.0,Spray,0.0,Coconut,3961.0
Mangalore,Karnataka,2903.1,42.0,Spray,0.0,Coconut,4247.0
Mangalore,Karnataka,2996.6,42.0,Spray,0.0,Coconut,3290.0
Mangalore,Karnataka,2996.6,43.0,Spray,0.0,Coconut,3138.0
Mangalore,Karnataka,2996.6,43.0,Spray,0.0,Coconut,3423.0
Mangalore,Karnataka,3522.8,128.0,Spray,0.0,Coconut,3899.0
Mangalore,Karnataka,3522.8,129.0,Spray,0.0,Coconut,4015.0
Mangalore,Karnataka,3522.8,130.0,Spray,0.0,Coconut,4279.0
Mangalore,Karnataka,3729.8,131.0,Spray,0.0,Coconut,4167.0
Mangalore,Karnataka,3729.8,132.0,Spray,0.0,Coconut,4479.0
Mangalore,Karnataka,3729.8,133.0,Spray,0.0,Coconut,3699.0
Mangalore,Karnataka,2746.2,134.0,Spray,0.0,Coconut,4904.0
Mangalore,Karnataka,2746.2,135.0,Spray,0.0,Coconut,2821.0
Mangalore,Karnataka,2746.2,136.0,Spray,0.0,Coconut,3472.0
Mangalore,Karnataka,3360.0,137.0,Spray,0.0,Coconut,3647.0
Mangalore,Karnataka,3360.0,138.0,Spray,0.0,Coconut,393.0
Mangalore,Karnataka,3360.0,139.0,Spray,0.0,Coconut,167.0
Mangalore,Karnataka,3605.4,140.0,Spray,0.0,Coconut,71.0
Mangalore,Karnataka,3605.4,141.0,Spray,0.0,Coconut,52.0
Mangalore,Karnataka,3605.4,142.0,Spray,0.0,Coconut,12.0
Mangalore,Karnataka,3512.4,143.0,Spray,0.0,Coconut,51.0
Mangalore,Karnataka,3512.4,144.0,Spray,0.0,Coconut,61.0
Mangalore,Karnataka,3512.4,27.0,Spray,0.0,Coconut,67.0
Mangalore,Karnataka,3296.0,27.0,Spray,0.0,Coconut,62.0
Mangalore,Karnataka,3296.0,27.0,Drip,0.0,Cocoa,32.0
Mangalore,Karnataka,3296.0,27.0,Drip,0.0,Cocoa,22.0
Mangalore,Karnataka,3550.0,27.0,Drip,0.0,Cocoa,25.0
Mangalore,Karnataka,3550.0,27.0,Drip,0.0,Cocoa,4.0
Mangalore,Karnataka,3550.0,27.2,Drip,0.0,Cocoa,9.0
Mangalore,Karnataka,3654.0,27.2,Drip,0.0,Cocoa,12.0
Mangalore,Karnataka,3654.0,27.2,Drip,0.0,Coffee,2089.0
Mangalore,Karnataka,3654.0,27.0,Drip,0.0,Coffee,2810.0
Mangalore,Karnataka,3105.0,27.2,Drip,0.0,Coffee,2805.0
Mangalore,Karnataka,3105.0,27.2,Drip,0.0,Coffee,2331.0
Mangalore,Karnataka,3105.0,27.1,Drip,0.0,Coffee,2088.0
Mangalore,Karnataka,2903.1,26.8,Drip,0.0,Coffee,1871.0
Mangalore,Karnataka,2903.1,26.8,Drip,0.0,Coffee,1868.0
Mangalore,Karnataka,2996.6,37.0,Drip,0.0,Cardamum,1901.0
Mangalore,Karnataka,3522.8,38.0,Drip,0.0,Cardamum,972.0
Mangalore,Karnataka,3522.8,38.0,Drip,0.0,Cardamum,874.0
Mangalore,Karnataka,3522.8,38.0,Drip,0.0,Cardamum,592.0
Mangalore,Karnataka,2903.1,39.0,Drip,0.0,Cardamum,864.0
Mangalore,Karnataka,2903.1,39.0,Drip,0.0,Cardamum,5373.0
Mangalore,Karnataka,2903.1,39.0,Drip,0.0,Cardamum,6589.0
Mangalore,Karnataka,2996.6,40.0,Drip,0.0,Cardamum,5107.0
Mangalore,Karnataka,2996.6,40.0,Drip,0.0,Cardamum,5518.0
Mangalore,Karnataka,2996.6,40.0,Drip,0.0,Cardamum,4912.0
Mangalore,Karnataka,3522.8,41.0,Drip,0.0,Cardamum,3830.0
Mangalore,Karnataka,3522.8,41.0,Drip,0.0,Cardamum,4.0
Mangalore,Karnataka,3522.8,41.0,Drip,0.0,Pepper,9.0
Mangalore,Karnataka,3729.8,42.0,Drip,0.0,Pepper,12.0
Mangalore,Karnataka,3729.8,42.0,Drip,0.0,Pepper,2089.0
Mangalore,Karnataka,3729.8,42.0,Drip,0.0,Pepper,2810.0
Mangalore,Karnataka,2746.2,43.0,Drip,0.0,Pepper,841.0
Mangalore,Karnataka,2746.2,43.0,Drip,0.0,Pepper,3550.0
Mangalore,Karnataka,2746.2,27.0,Drip,0.0,Pepper,109.0
Mangalore,Karnataka,3360.0,27.0,Drip,0.0,Pepper,3368.0
Mangalore,Karnataka,3360.0,27.0,Basin,0.0,Pepper,3671.0
Mangalore,Karnataka,3360.0,27.0,Basin,0.0,Pepper,2404.0
Mangalore,Karnataka,3605.4,27.0,Basin,0.0,Pepper,2805.0
Mangalore,Karnataka,3605.4,27.0,Basin,0.0,Pepper,2331.0
Mangalore,Karnataka,3605.4,27.2,Basin,0.0,Pepper,2088.0
Mangalore,Karnataka,3512.4,27.2,Basin,0.0,Pepper,2628.0
Mangalore,Karnataka,3512.4,27.2,Basin,0.0,Pepper,1939.0
Kodagu,Karnataka,3512.4,27.0,Basin,0.0,Arecanut,1871.0
Kodagu,Karnataka,3296.0,27.0,Basin,0.0,Arecanut,1868.0
Kodagu,Karnataka,3550.0,27.0,Basin,0.0,Arecanut,1901.0
Kodagu,Karnataka,3550.0,27.2,Basin,0.0,Arecanut,972.0
Kodagu,Karnataka,3654.0,27.2,Basin,0.0,Arecanut,874.0
Kodagu,Karnataka,3654.0,27.2,Basin,0.0,Arecanut,592.0
Kodagu,Karnataka,3654.0,27.1,Basin,0.0,Arecanut,864.0
Kodagu,Karnataka,3105.0,37.0,Basin,0.0,Ginger,4.0
Kodagu,Karnataka,3105.0,37.0,Basin,0.0,Ginger,9.0
Kodagu,Karnataka,3105.0,38.0,Basin,0.0,Ginger,12.0
Mysuru,Karnataka,2903.1,39.0,Basin,0.0,Ginger,841.0
Mysuru,Karnataka,2903.1,39.0,Basin,0.0,Ginger,3550.0
Mysuru,Karnataka,2903.1,39.0,Basin,0.0,Ginger,109.0
Mysuru,Karnataka,2996.6,40.0,Basin,0.0,Ginger,3368.0
Mysuru,Karnataka,2996.6,40.0,Basin,0.0,Ginger,3671.0
Mysuru,Karnataka,2996.6,40.0,Basin,0.0,Ginger,2404.0
Mysuru,Karnataka,3522.8,41.0,Basin,0.0,Ginger,2805.0
Mysuru,Karnataka,3522.8,41.0,Basin,0.0,Ginger,2331.0
Mysuru,Karnataka,3522.8,41.0,Basin,0.0,Ginger,2088.0
Mysuru,Karnataka,2903.1,42.0,Basin,0.0,Tea,2628.0
Mysuru,Karnataka,2903.1,42.0,Basin,0.0,Tea,1939.0
Mysuru,Karnataka,2903.1,42.0,Basin,0.0,Tea,1871.0
Mysuru,Karnataka,2996.6,43.0,Basin,0.0,Tea,1868.0
Mysuru,Karnataka,3522.8,27.0,Spray,0.0,Tea,1901.0
Mysuru,Karnataka,3522.8,27.0,Spray,0.0,Tea,972.0
Kasaragodu,Karnataka,3729.8,27.0,Spray,0.0,Tea,874.0
Kasaragodu,Karnataka,3729.8,27.2,Spray,0.0,Tea,592.0
Kasaragodu,Karnataka,3729.8,27.2,Spray,0.0,Tea,864.0
Kasaragodu,Karnataka,2746.2,27.2,Spray,0.0,Tea,5373.0
Kasaragodu,Karnataka,2746.2,27.0,Spray,0.0,Tea,6589.0
Kasaragodu,Karnataka,2746.2,27.0,Spray,0.0,Tea,5107.0
Kasaragodu,Karnataka,3360.0,27.0,Spray,0.0,Paddy,5518.0
Kasaragodu,Karnataka,3360.0,27.0,Spray,0.0,Paddy,4912.0
Kasaragodu,Karnataka,3360.0,27.0,Spray,0.0,Paddy,3830.0
Kasaragodu,Karnataka,3605.4,27.2,Spray,0.0,Paddy,2783.0
Kasaragodu,Karnataka,2903.1,27.2,Spray,0.0,Paddy,1533.0
Kasaragodu,Karnataka,2903.1,27.2,Spray,0.0,Paddy,1647.0
Kasaragodu,Karnataka,2903.1,27.1,Spray,0.0,Paddy,975.0
Kasaragodu,Karnataka,2996.6,27.1,Spray,0.0,Paddy,2.0
Kasaragodu,Karnataka,2996.6,27.1,Spray,0.0,Paddy,836.0
Kasaragodu,Karnataka,2996.6,26.8,Spray,0.0,Paddy,806.0
Kasaragodu,Karnataka,3522.8,26.8,Spray,0.0,Paddy,880.0
Kasaragodu,Karnataka,3522.8,26.8,Spray,0.0,Paddy,770.0
Kasaragodu,Karnataka,3522.8,37.0,Spray,0.0,Paddy,395.0
Kasaragodu,Karnataka,3729.8,37.0,Spray,0.0,Paddy,187.0
Kasaragodu,Karnataka,2903.1,37.0,Spray,0.0,Groundnut,187.0
Kasaragodu,Karnataka,2903.1,38.0,Spray,0.0,Groundnut,121.0
Kasaragodu,Karnataka,2903.1,38.0,Spray,0.0,Groundnut,103.0
Kasaragodu,Karnataka,2996.6,38.0,Spray,0.0,Groundnut,71.0
Kasaragodu,Karnataka,2996.6,39.0,Spray,0.0,Groundnut,3961.0
Kasaragodu,Karnataka,2996.6,39.0,Spray,0.0,Groundnut,4247.0
Kasaragodu,Karnataka,3522.8,39.0,Spray,0.0,Groundnut,3290.0
Kasaragodu,Karnataka,3522.8,40.0,Spray,0.0,Groundnut,3138.0
Kasaragodu,Karnataka,3522.8,40.0,Spray,0.0,Groundnut,3423.0
Kasaragodu,Karnataka,3729.8,40.0,Spray,0.0,Groundnut,3899.0
Kasaragodu,Karnataka,3729.8,41.0,Spray,0.0,Groundnut,4015.0
Raichur,Karnataka,3729.8,41.0,Spray,0.0,Groundnut,4279.0
Raichur,Karnataka,2746.2,41.0,Spray,0.0,Groundnut,4167.0
Raichur,Karnataka,2746.2,42.0,Spray,0.0,Groundnut,4479.0
Raichur,Karnataka,2746.2,42.0,Spray,0.0,Groundnut,3699.0
Raichur,Karnataka,3360.0,42.0,Spray,0.0,Blackgram,4904.0
Raichur,Karnataka,3360.0,43.0,Spray,0.0,Blackgram,2821.0
Raichur,Karnataka,3360.0,43.0,Spray,0.0,Blackgram,3472.0
Raichur,Karnataka,3605.4,128.0,Spray,0.0,Blackgram,3647.0
Raichur,Karnataka,3605.4,129.0,Spray,0.0,Blackgram,393.0
Raichur,Karnataka,3605.4,130.0,Drip,0.0,Blackgram,167.0
Raichur,Karnataka,3512.4,131.0,Drip,0.0,Blackgram,71.0
Raichur,Karnataka,3512.4,132.0,Drip,0.0,Blackgram,52.0
Raichur,Karnataka,3296.0,134.0,Drip,0.0,Blackgram,2783.0
Raichur,Karnataka,3296.0,135.0,Drip,0.0,Blackgram,1533.0
Raichur,Karnataka,3296.0,136.0,Drip,0.0,Blackgram,1647.0
Raichur,Karnataka,3550.0,137.0,Drip,0.0,Blackgram,975.0
Raichur,Karnataka,3550.0,138.0,Drip,0.0,Blackgram,2.0
Raichur,Karnataka,3550.0,139.0,Drip,0.0,Blackgram,836.0
Raichur,Karnataka,3654.0,140.0,Drip,0.0,Cashew,806.0
Raichur,Karnataka,3654.0,141.0,Drip,0.0,Cashew,880.0
Raichur,Karnataka,3654.0,142.0,Drip,0.0,Cashew,770.0
Gulbarga,Karnataka,3105.0,27.0,Drip,0.0,Cashew,3961.0
Gulbarga,Karnataka,3105.0,27.0,Drip,0.0,Cashew,4247.0
Gulbarga,Karnataka,3105.0,27.2,Drip,0.0,Cashew,3290.0
Gulbarga,Karnataka,2903.1,27.0,Drip,0.0,Cashew,3899.0
Gulbarga,Karnataka,2903.1,27.0,Drip,0.0,Coconut,4015.0
Gulbarga,Karnataka,2903.1,27.0,Drip,0.0,Coconut,4279.0
Gulbarga,Karnataka,2996.6,27.0,Drip,0.0,Coconut,4167.0
Gulbarga,Karnataka,2996.6,27.0,Drip,0.0,Coconut,4479.0
Gulbarga,Karnataka,2996.6,27.0,Drip,0.0,Coconut,3699.0
Gulbarga,Karnataka,3522.8,27.2,Drip,0.0,Coconut,4904.0
Gulbarga,Karnataka,3522.8,27.2,Drip,0.0,Coconut,2821.0
Gulbarga,Karnataka,3522.8,27.2,Drip,0.0,Coconut,3472.0
Gulbarga,Karnataka,3729.8,27.1,Drip,0.0,Coconut,3647.0
Gulbarga,Karnataka,3729.8,27.1,Drip,0.0,Coconut,393.0
Gulbarga,Karnataka,3729.8,27.1,Drip,0.0,Coconut,167.0
Gulbarga,Karnataka,2746.2,26.8,Drip,0.0,Coconut,71.0
Gulbarga,Karnataka,2746.2,26.8,Drip,0.0,Coconut,52.0
Gulbarga,Karnataka,2746.2,26.8,Drip,0.0,Coconut,2570.0
Gulbarga,Karnataka,3360.0,37.0,Drip,0.0,Ginger,1402.0
Gulbarga,Karnataka,3605.4,38.0,Basin,0.0,Ginger,1132.0
Gulbarga,Karnataka,3512.4,39.0,Basin,0.0,Ginger,804.0
Gulbarga,Karnataka,3296.0,40.0,Basin,0.0,Ginger,792.0
Gulbarga,Karnataka,3550.0,41.0,Basin,0.0,Ginger,2570.0
Gulbarga,Karnataka,3654.0,42.0,Basin,0.0,Ginger,1402.0
Madikeri,Karnataka,3105.0,27.0,Drip,0.0,Coconut,792.0
Madikeri,Karnataka,2903.1,27.2,Drip,0.0,Coconut,338.0
Madikeri,Karnataka,2996.6,27.0,Drip,0.0,Coconut,404.0
Madikeri,Karnataka,3522.8,27.0,Drip,0.0,Coconut,343.0
Madikeri,Karnataka,3729.8,27.2,Drip,0.0,Coconut,336.0
Madikeri,Karnataka,2746.2,27.1,Drip,0.0,Coconut,316.0
Madikeri,Karnataka,3360.0,26.8,Drip,0.0,Coconut,382.0
Madikeri,Karnataka,3605.4,37.0,Drip,0.0,Coconut,231.0
Madikeri,Karnataka,3512.4,38.0,Drip,0.0,Coconut,221.0
Chikmangaluru,Karnataka,3296.0,39.0,Drip,0.0,Coconut,291.0
Chikmangaluru,Karnataka,3550.0,40.0,Drip,0.0,Coconut,283.0
Chikmangaluru,Karnataka,3550.0,41.0,Drip,0.0,Coconut,7157.0
Chikmangaluru,Karnataka,3654.0,41.0,Drip,0.0,Coconut,8700.0
Chikmangaluru,Karnataka,3654.0,42.0,Drip,0.0,Coconut,8838.0
Chikmangaluru,Karnataka,3654.0,27.0,Basin,0.0,Coconut,3.0
Chikmangaluru,Karnataka,3105.0,27.0,Basin,0.0,Coconut,54.0
Chikmangaluru,Karnataka,2903.1,27.2,Basin,0.0,Coconut,32.0
Chikmangaluru,Karnataka,2903.1,27.1,Basin,0.0,Coconut,8.0
Chikmangaluru,Karnataka,2903.1,27.1,Basin,0.0,Coconut,50.0
Chikmangaluru,Karnataka,2996.6,27.1,Basin,0.0,Coconut,10.0
Chikmangaluru,Karnataka,2996.6,26.8,Basin,0.0,Coconut,29.0
Chikmangaluru,Karnataka,2996.6,26.8,Basin,0.0,Coconut,44.0
Chikmangaluru,Karnataka,3522.8,26.8,Basin,0.0,Coconut,33.0
Chikmangaluru,Karnataka,3522.8,37.0,Basin,0.0,Coconut,14.0
Chikmangaluru,Karnataka,3522.8,37.0,Basin,0.0,Coconut,56.0
Chikmangaluru,Karnataka,3729.8,37.0,Basin,0.0,Coconut,26.0
Chikmangaluru,Karnataka,3729.8,38.0,Basin,0.0,Coconut,98.0
Chikmangaluru,Karnataka,3729.8,38.0,Basin,0.0,Coconut,3.0
Hassan,Karnataka,3550.0,128.0,Spray,0.0,Coconut,2783.0
Hassan,Karnataka,3550.0,129.0,Spray,0.0,Coconut,1533.0
Hassan,Karnataka,3550.0,130.0,Spray,0.0,Coconut,1647.0
Hassan,Karnataka,3654.0,131.0,Spray,0.0,Coconut,975.0
Hassan,Karnataka,3654.0,132.0,Spray,0.0,Coconut,2.0
Hassan,Karnataka,3654.0,133.0,Spray,0.0,Coconut,836.0
Hassan,Karnataka,3105.0,140.0,Spray,0.0,Coconut,121.0
Hassan,Karnataka,3105.0,141.0,Spray,0.0,Coconut,103.0
Hassan,Karnataka,3105.0,142.0,Spray,0.0,Coconut,71.0
Hassan,Karnataka,2903.1,27.0,Spray,0.0,Coconut,3290.0
Hassan,Karnataka,2903.1,27.0,Spray,0.0,Coconut,3138.0
Hassan,Karnataka,2903.1,27.0,Spray,0.0,Coconut,3423.0
Hassan,Karnataka,2996.6,27.0,Spray,0.0,Coconut,3899.0
Hassan,Karnataka,2996.6,27.0,Spray,0.0,Coconut,4015.0
Hassan,Karnataka,2996.6,27.0,Spray,0.0,Coconut,4279.0
Hassan,Karnataka,3522.8,27.2,Spray,0.0,Coconut,4167.0
Hassan,Karnataka,3522.8,27.2,Spray,0.0,Coconut,4479.0
Hassan,Karnataka,3522.8,27.2,Spray,0.0,Coconut,3699.0
Hassan,Karnataka,2903.1,27.0,Spray,0.0,Coconut,4904.0
Hassan,Karnataka,2903.1,27.0,Spray,0.0,Coconut,2821.0
Hassan,Karnataka,2903.1,27.0,Spray,0.0,Coconut,3472.0
Hassan,Karnataka,2996.6,27.0,Spray,0.0,Coconut,3647.0
Hassan,Karnataka,2996.6,27.0,Spray,0.0,Coconut,393.0
Hassan,Karnataka,2996.6,27.0,Spray,0.0,Coconut,167.0
Hassan,Karnataka,3522.8,27.2,Spray,0.0,Coconut,71.0
Hassan,Karnataka,3522.8,27.2,Spray,0.0,Coconut,52.0
Hassan,Karnataka,3522.8,27.2,Spray,0.0,Coconut,12.0
Hassan,Karnataka,3729.8,27.1,Spray,0.0,Coconut,51.0
Hassan,Karnataka,3729.8,27.1,Spray,0.0,Coconut,61.0
Hassan,Karnataka,3729.8,27.1,Spray,0.0,Coconut,67.0
Hassan,Karnataka,2746.2,26.8,Spray,0.0,Coconut,62.0
Hassan,Karnataka,2746.2,26.8,Spray,0.0,Coconut,32.0
Hassan,Karnataka,2746.2,26.8,Spray,0.0,Coconut,22.0
Hassan,Karnataka,3360.0,37.0,Drip,0.0,Cocoa,25.0
Hassan,Karnataka,3360.0,37.0,Drip,0.0,Cocoa,4.0
Hassan,Karnataka,3360.0,37.0,Drip,0.0,Cocoa,9.0
Hassan,Karnataka,3605.4,38.0,Drip,0.0,Cocoa,12.0
Hassan,Karnataka,3605.4,38.0,Drip,0.0,Cocoa,2089.0
Hassan,Karnataka,3605.4,38.0,Drip,0.0,Cocoa,2810.0
Hassan,Karnataka,3512.4,39.0,Drip,0.0,Coffee,841.0
Mangalore,Karnataka,3512.4,39.0,Drip,0.0,Coffee,3550.0
Mangalore,Karnataka,3512.4,39.0,Drip,0.0,Coffee,109.0
Mangalore,Karnataka,3296.0,40.0,Drip,0.0,Coffee,3368.0
Mangalore,Karnataka,3296.0,40.0,Drip,0.0,Coffee,3671.0
Mangalore,Karnataka,3296.0,40.0,Drip,0.0,Coffee,2404.0
Mangalore,Karnataka,3550.0,41.0,Drip,0.0,Coffee,2805.0
Mangalore,Karnataka,3550.0,41.0,Drip,0.0,Coffee,2331.0
Mangalore,Karnataka,3550.0,41.0,Drip,0.0,Coffee,2088.0
Mangalore,Karnataka,3654.0,42.0,Drip,0.0,Coffee,2628.0
Mangalore,Karnataka,3654.0,42.0,Drip,0.0,Coffee,1939.0
Mangalore,Karnataka,3654.0,42.0,Drip,0.0,Coffee,1871.0
Kodagu,Karnataka,3105.0,27.0,Drip,0.0,Cardamum,874.0
Kodagu,Karnataka,3105.0,27.0,Drip,0.0,Cardamum,592.0
Kodagu,Karnataka,3105.0,27.2,Drip,0.0,Cardamum,864.0
Kodagu,Karnataka,2903.1,27.0,Drip,0.0,Cardamum,5107.0
Kodagu,Karnataka,2903.1,27.0,Drip,0.0,Cardamum,5518.0
Kodagu,Karnataka,2903.1,27.0,Drip,0.0,Cardamum,4912.0
Kodagu,Karnataka,2996.6,27.0,Drip,0.0,Cardamum,3830.0
Kodagu,Karnataka,2996.6,27.0,Drip,0.0,Cardamum,4.0
Kasaragodu,Karnataka,2996.6,27.0,Drip,0.0,Cardamum,9.0
Kasaragodu,Karnataka,3522.8,27.2,Drip,0.0,Cardamum,12.0
Kasaragodu,Karnataka,3522.8,27.2,Drip,0.0,Pepper,2089.0
Kasaragodu,Karnataka,3522.8,27.2,Drip,0.0,Pepper,2810.0
Kasaragodu,Karnataka,2903.1,27.1,Drip,0.0,Pepper,841.0
Kasaragodu,Karnataka,2903.1,27.1,Drip,0.0,Pepper,3550.0
Kasaragodu,Karnataka,2903.1,27.1,Drip,0.0,Pepper,109.0
Kasaragodu,Karnataka,2996.6,26.8,Drip,0.0,Pepper,3368.0
Kasaragodu,Karnataka,2996.6,26.8,Drip,0.0,Pepper,3671.0
Kasaragodu,Karnataka,2996.6,26.8,Drip,0.0,Pepper,2404.0
Kasaragodu,Karnataka,3522.8,37.0,Basin,0.0,Pepper,2805.0
Kasaragodu,Karnataka,3522.8,37.0,Basin,0.0,Pepper,2331.0
Kasaragodu,Karnataka,3522.8,37.0,Basin,0.0,Pepper,2088.0
Kasaragodu,Karnataka,3729.8,38.0,Basin,0.0,Pepper,2628.0
Kasaragodu,Karnataka,3729.8,38.0,Basin,0.0,Pepper,1939.0
Raichur,Karnataka,3729.8,38.0,Basin,0.0,Pepper,1871.0
Raichur,Karnataka,2746.2,39.0,Basin,0.0,Pepper,1868.0
Raichur,Karnataka,3360.0,40.0,Basin,0.0,Arecanut,1901.0
Raichur,Karnataka,3360.0,40.0,Basin,0.0,Arecanut,972.0
Raichur,Karnataka,3605.4,41.0,Basin,0.0,Arecanut,874.0
Raichur,Karnataka,3605.4,41.0,Basin,0.0,Arecanut,592.0
Raichur,Karnataka,3605.4,41.0,Basin,0.0,Arecanut,864.0
Raichur,Karnataka,3512.4,42.0,Basin,0.0,Arecanut,5373.0
Raichur,Karnataka,3512.4,42.0,Basin,0.0,Arecanut,6589.0
Raichur,Karnataka,3512.4,42.0,Basin,0.0,Arecanut,5107.0
Raichur,Karnataka,3296.0,43.0,Basin,0.0,Arecanut,5518.0
Raichur,Karnataka,3296.0,27.0,Basin,0.0,Arecanut,4912.0
Raichur,Karnataka,3296.0,27.0,Basin,0.0,Arecanut,3830.0
Raichur,Karnataka,3550.0,27.0,Basin,0.0,Arecanut,4.0
Raichur,Karnataka,3550.0,27.0,Basin,0.0,Ginger,9.0
Raichur,Karnataka,3550.0,27.0,Basin,0.0,Ginger,12.0
Raichur,Karnataka,3654.0,27.0,Basin,0.0,Ginger,2089.0
Gulbarga,Karnataka,3654.0,27.2,Basin,0.0,Ginger,2810.0
Gulbarga,Karnataka,3654.0,27.2,Basin,0.0,Ginger,841.0
Gulbarga,Karnataka,3105.0,27.0,Basin,0.0,Ginger,2331.0
Gulbarga,Karnataka,3105.0,27.2,Basin,0.0,Ginger,2088.0
Gulbarga,Karnataka,3105.0,27.2,Basin,0.0,Ginger,2628.0
Gulbarga,Karnataka,2903.1,27.1,Basin,0.0,Tea,1868.0
Gulbarga,Karnataka,2996.6,26.8,Basin,0.0,Tea,1901.0
Gulbarga,Karnataka,2996.6,37.0,Spray,0.0,Tea,972.0
Gulbarga,Karnataka,3522.8,37.0,Spray,0.0,Tea,874.0
Gulbarga,Karnataka,3522.8,37.0,Spray,0.0,Tea,592.0
Gulbarga,Karnataka,3522.8,38.0,Spray,0.0,Tea,864.0
Gulbarga,Karnataka,2903.1,38.0,Spray,0.0,Tea,5373.0
Gulbarga,Karnataka,2903.1,38.0,Spray,0.0,Tea,6589.0
Gulbarga,Karnataka,2903.1,39.0,Spray,0.0,Tea,5107.0
Gulbarga,Karnataka,2996.6,39.0,Spray,0.0,Tea,5518.0
Gulbarga,Karnataka,2996.6,39.0,Spray,0.0,Tea,4912.0
Gulbarga,Karnataka,2996.6,40.0,Spray,0.0,Paddy,3830.0
Gulbarga,Karnataka,3522.8,40.0,Spray,0.0,Paddy,2783.0
Gulbarga,Karnataka,3522.8,41.0,Spray,0.0,Paddy,1533.0
Gulbarga,Karnataka,3729.8,41.0,Spray,0.0,Paddy,1647.0
Gulbarga,Karnataka,3729.8,41.0,Spray,0.0,Paddy,975.0
Gulbarga,Karnataka,3729.8,42.0,Spray,0.0,Paddy,2.0
Gulbarga,Karnataka,2746.2,42.0,Spray,0.0,Paddy,836.0
Gulbarga,Karnataka,2746.2,42.0,Spray,0.0,Paddy,806.0
Gulbarga,Karnataka,2746.2,43.0,Spray,0.0,Paddy,880.0
Gulbarga,Karnataka,3360.0,43.0,Spray,0.0,Paddy,770.0
Gulbarga,Karnataka,3360.0,128.0,Spray,0.0,Paddy,395.0
Gulbarga,Karnataka,3360.0,129.0,Spray,0.0,Paddy,187.0
Gulbarga,Karnataka,3605.4,130.0,Spray,0.0,Paddy,187.0
Gulbarga,Karnataka,3605.4,131.0,Spray,0.0,Paddy,121.0
Gulbarga,Karnataka,2903.1,132.0,Spray,0.0,Groundnut,103.0
Gulbarga,Karnataka,2903.1,133.0,Spray,0.0,Groundnut,71.0
Gulbarga,Karnataka,2903.1,134.0,Spray,0.0,Groundnut,3961.0
Gulbarga,Karnataka,2996.6,135.0,Spray,0.0,Groundnut,4247.0
Gulbarga,Karnataka,2996.6,136.0,Spray,0.0,Groundnut,3290.0
Gulbarga,Karnataka,2996.6,137.0,Spray,0.0,Groundnut,3138.0
Gulbarga,Karnataka,3522.8,138.0,Spray,0.0,Groundnut,3423.0
Gulbarga,Karnataka,3522.8,139.0,Spray,0.0,Groundnut,3899.0
Gulbarga,Karnataka,3522.8,140.0,Spray,0.0,Groundnut,4015.0
Gulbarga,Karnataka,3729.8,141.0,Spray,0.0,Groundnut,4279.0
Gulbarga,Karnataka,2903.1,142.0,Spray,0.0,Groundnut,4167.0
Gulbarga,Karnataka,2903.1,143.0,Spray,0.0,Groundnut,4479.0
Gulbarga,Karnataka,2903.1,144.0,Spray,0.0,Groundnut,3699.0
Gulbarga,Karnataka,2996.6,145.0,Spray,0.0,Groundnut,4904.0
Gulbarga,Karnataka,2996.6,146.0,Spray,0.0,Groundnut,2821.0
Gulbarga,Karnataka,2996.6,147.0,Spray,0.0,Blackgram,3472.0
Gulbarga,Karnataka,3522.8,148.0,Spray,0.0,Blackgram,3647.0
Gulbarga,Karnataka,3522.8,149.0,Spray,0.0,Blackgram,393.0
Gulbarga,Karnataka,3522.8,150.0,Spray,0.0,Blackgram,167.0
Gulbarga,Karnataka,3729.8,151.0,Spray,0.0,Blackgram,71.0
Gulbarga,Karnataka,3729.8,152.0,Drip,0.0,Blackgram,52.0
Gulbarga,Karnataka,2746.2,154.0,Drip,0.0,Blackgram,2783.0
Gulbarga,Karnataka,2746.2,155.0,Drip,0.0,Blackgram,1533.0
Gulbarga,Karnataka,2746.2,156.0,Drip,0.0,Blackgram,1647.0
Gulbarga,Karnataka,3360.0,157.0,Drip,0.0,Blackgram,975.0
Gulbarga,Karnataka,3360.0,158.0,Drip,0.0,Blackgram,2.0
Gulbarga,Karnataka,3360.0,159.0,Drip,0.0,Blackgram,836.0
Gulbarga,Karnataka,3605.4,160.0,Drip,0.0,Blackgram,806.0
Gulbarga,Karnataka,3605.4,161.0,Drip,0.0,Blackgram,880.0
Gulbarga,Karnataka,3605.4,162.0,Drip,0.0,Cashew,770.0
Gulbarga,Karnataka,3512.4,163.0,Drip,0.0,Cashew,395.0
Gulbarga,Karnataka,3512.4,164.0,Drip,0.0,Cashew,187.0
Gulbarga,Karnataka,3512.4,165.0,Drip,0.0,Cashew,187.0
Gulbarga,Karnataka,3296.0,166.0,Drip,0.0,Cashew,121.0
Gulbarga,Karnataka,3296.0,167.0,Drip,0.0,Cashew,103.0
Gulbarga,Karnataka,3296.0,168.0,Drip,0.0,Cashew,71.0
Gulbarga,Karnataka,3550.0,169.0,Drip,0.0,Cashew,3961.0
Gulbarga,Karnataka,3550.0,170.0,Drip,0.0,Cashew,4247.0
Gulbarga,Karnataka,3550.0,171.0,Drip,0.0,Cashew,3290.0
Gulbarga,Karnataka,3654.0,172.0,Drip,0.0,Cashew,3138.0
Gulbarga,Karnataka,3654.0,173.0,Drip,0.0,Cashew,3423.0
Gulbarga,Karnataka,3654.0,174.0,Drip,0.0,Cashew,3899.0
Gulbarga,Karnataka,3105.0,181.0,Drip,0.0,Coconut,2821.0
Gulbarga,Karnataka,3105.0,182.0,Drip,0.0,Coconut,3472.0
Gulbarga,Karnataka,3105.0,183.0,Drip,0.0,Coconut,3647.0
Gulbarga,Karnataka,2903.1,186.0,Drip,0.0,Coconut,71.0
Gulbarga,Karnataka,2903.1,187.0,Drip,0.0,Coconut,52.0
Gulbarga,Karnataka,2903.1,188.0,Drip,0.0,Coconut,2570.0
Gulbarga,Karnataka,2996.6,191.0,Drip,0.0,Coconut,1402.0
Gulbarga,Karnataka,3522.8,194.0,Drip,0.0,Ginger,1132.0
Madikeri,Karnataka,3729.8,197.0,Basin,0.0,Ginger,804.0
Madikeri,Karnataka,2746.2,200.0,Basin,0.0,Ginger,792.0
Madikeri,Karnataka,3360.0,202.0,Basin,0.0,Ginger,2570.0
Madikeri,Karnataka,3605.4,205.0,Basin,0.0,Ginger,1402.0
Madikeri,Karnataka,3512.4,208.0,Drip,0.0,Coconut,1132.0
Madikeri,Karnataka,3296.0,211.0,Drip,0.0,Coconut,804.0
Madikeri,Karnataka,3550.0,214.0,Drip,0.0,Coconut,792.0
Madikeri,Karnataka,3654.0,217.0,Drip,0.0,Coconut,338.0
Hassan,Karnataka,3105.0,27.0,Drip,0.0,Coconut,336.0
Hassan,Karnataka,2903.1,27.2,Drip,0.0,Coconut,316.0
Hassan,Karnataka,2996.6,27.0,Drip,0.0,Coconut,382.0
Hassan,Karnataka,3522.8,27.0,Drip,0.0,Coconut,231.0
Hassan,Karnataka,3729.8,27.2,Drip,0.0,Coconut,221.0
Hassan,Karnataka,2746.2,27.1,Drip,0.0,Coconut,291.0
Hassan,Karnataka,3360.0,26.8,Drip,0.0,Coconut,283.0
Hassan,Karnataka,3360.0,37.0,Drip,0.0,Coconut,7157.0
Hassan,Karnataka,3605.4,37.0,Drip,0.0,Coconut,8700.0
Hassan,Karnataka,3605.4,38.0,Drip,0.0,Coconut,8838.0
Hassan,Karnataka,3512.4,38.0,Drip,0.0,Coconut,8954.0
Hassan,Karnataka,3512.4,39.0,Basin,0.0,Coconut,9230.0
Hassan,Karnataka,3654.0,42.0,Basin,0.0,Coconut,114.0
Hassan,Karnataka,3105.0,27.0,Basin,0.0,Coconut,19.0
Hassan,Karnataka,3105.0,27.0,Basin,0.0,Coconut,32.0
Hassan,Karnataka,3105.0,27.0,Basin,0.0,Coconut,8.0
Hassan,Karnataka,3654.0,27.2,Basin,0.0,Coconut,44.0
Hassan,Karnataka,3105.0,27.0,Basin,0.0,Coconut,56.0
Hassan,Karnataka,3360.0,39.0,Spray,0.0,Coconut,2783.0
Hassan,Karnataka,3360.0,39.0,Spray,0.0,Coconut,1533.0
Hassan,Karnataka,3360.0,39.0,Spray,0.0,Coconut,1647.0
Hassan,Karnataka,3605.4,40.0,Spray,0.0,Coconut,975.0
Hassan,Karnataka,3605.4,40.0,Spray,0.0,Coconut,2.0
Hassan,Karnataka,3605.4,40.0,Spray,0.0,Coconut,836.0
Hassan,Karnataka,3512.4,41.0,Spray,0.0,Coconut,806.0
Hassan,Karnataka,3512.4,41.0,Spray,0.0,Coconut,880.0
Hassan,Karnataka,3512.4,41.0,Spray,0.0,Coconut,770.0
Hassan,Karnataka,3296.0,42.0,Spray,0.0,Coconut,395.0
Hassan,Karnataka,3296.0,42.0,Spray,0.0,Coconut,187.0
Hassan,Karnataka,3550.0,43.0,Spray,0.0,Coconut,121.0
Hassan,Karnataka,3550.0,27.0,Spray,0.0,Coconut,103.0
Hassan,Karnataka,3550.0,27.0,Spray,0.0,Coconut,71.0
Hassan,Karnataka,3654.0,27.0,Spray,0.0,Coconut,3961.0
Hassan,Karnataka,3654.0,27.0,Spray,0.0,Coconut,4247.0
Hassan,Karnataka,3654.0,27.0,Spray,0.0,Coconut,3290.0
Hassan,Karnataka,3105.0,27.0,Spray,0.0,Coconut,4479.0
Hassan,Karnataka,3105.0,27.0,Spray,0.0,Coconut,3699.0
Hassan,Karnataka,3105.0,27.0,Spray,0.0,Coconut,4904.0
Hassan,Karnataka,2903.1,27.0,Spray,0.0,Coconut,3647.0
Hassan,Karnataka,2903.1,27.2,Spray,0.0,Coconut,393.0
Hassan,Karnataka,2903.1,27.2,Spray,0.0,Coconut,167.0
Hassan,Karnataka,2996.6,27.2,Spray,0.0,Coconut,71.0
Hassan,Karnataka,2996.6,27.1,Spray,0.0,Coconut,52.0
Hassan,Karnataka,2996.6,27.1,Spray,0.0,Coconut,12.0
Hassan,Karnataka,3522.8,27.1,Spray,0.0,Coconut,51.0
Hassan,Karnataka,3522.8,26.8,Spray,0.0,Coconut,61.0
Hassan,Karnataka,3522.8,26.8,Spray,0.0,Coconut,67.0
Hassan,Karnataka,2903.1,27.1,Spray,0.0,Coconut,62.0
Hassan,Karnataka,2903.1,27.1,Spray,0.0,Coconut,32.0
Hassan,Karnataka,2903.1,26.8,Spray,0.0,Coconut,22.0
Hassan,Karnataka,2996.6,26.8,Spray,0.0,Coconut,25.0
Hassan,Karnataka,2996.6,26.8,Spray,0.0,Coconut,4.0
Hassan,Karnataka,2996.6,37.0,Drip,0.0,Cocoa,9.0
Hassan,Karnataka,3522.8,37.0,Drip,0.0,Cocoa,12.0
Hassan,Karnataka,3522.8,37.0,Drip,0.0,Cocoa,2089.0
Hassan,Karnataka,3522.8,38.0,Drip,0.0,Cocoa,2810.0
Hassan,Karnataka,3729.8,38.0,Drip,0.0,Cocoa,841.0
Hassan,Karnataka,3729.8,38.0,Drip,0.0,Cocoa,3550.0
Hassan,Karnataka,3729.8,39.0,Drip,0.0,Coffee,109.0
Hassan,Karnataka,2746.2,39.0,Drip,0.0,Coffee,3368.0
Hassan,Karnataka,2746.2,39.0,Drip,0.0,Coffee,3671.0
Hassan,Karnataka,2746.2,40.0,Drip,0.0,Coffee,2404.0
Hassan,Karnataka,3360.0,40.0,Drip,0.0,Coffee,2805.0
Mangalore,Karnataka,3360.0,40.0,Drip,0.0,Coffee,2331.0
Mangalore,Karnataka,3360.0,41.0,Drip,0.0,Coffee,2088.0
Mangalore,Karnataka,3605.4,41.0,Drip,0.0,Coffee,2628.0
Mangalore,Karnataka,3605.4,41.0,Drip,0.0,Coffee,1939.0
Mangalore,Karnataka,3605.4,42.0,Drip,0.0,Coffee,1871.0
Mangalore,Karnataka,3512.4,42.0,Drip,0.0,Coffee,1868.0
Mangalore,Karnataka,3296.0,27.0,Drip,0.0,Coffee,1901.0
Mangalore,Karnataka,3296.0,27.0,Drip,0.0,Cardamum,972.0
Mangalore,Karnataka,3550.0,27.0,Drip,0.0,Cardamum,874.0
Mangalore,Karnataka,3550.0,27.2,Drip,0.0,Cardamum,592.0
Mangalore,Karnataka,3550.0,27.2,Drip,0.0,Cardamum,864.0
Mangalore,Karnataka,3654.0,27.2,Drip,0.0,Cardamum,5373.0
Mangalore,Karnataka,3654.0,27.0,Drip,0.0,Cardamum,6589.0
Mangalore,Karnataka,3654.0,27.0,Drip,0.0,Cardamum,5107.0
Kodagu,Karnataka,3105.0,27.2,Drip,0.0,Cardamum,2089.0
Kodagu,Karnataka,3105.0,27.1,Drip,0.0,Cardamum,2810.0
Kodagu,Karnataka,3105.0,27.1,Drip,0.0,Pepper,841.0
Kodagu,Karnataka,2903.1,26.8,Drip,0.0,Pepper,3368.0
Kodagu,Karnataka,2903.1,26.8,Drip,0.0,Pepper,3671.0
Kodagu,Karnataka,2903.1,37.0,Drip,0.0,Pepper,2404.0
Kodagu,Karnataka,2996.6,37.0,Drip,0.0,Pepper,2805.0
Kodagu,Karnataka,2996.6,37.0,Drip,0.0,Pepper,2331.0
Kodagu,Karnataka,2996.6,38.0,Basin,0.0,Pepper,2088.0
Kodagu,Karnataka,3522.8,38.0,Basin,0.0,Pepper,2628.0
Kodagu,Karnataka,3522.8,38.0,Basin,0.0,Pepper,1939.0
Kodagu,Karnataka,3522.8,39.0,Basin,0.0,Pepper,1871.0
Kodagu,Karnataka,2903.1,39.0,Basin,0.0,Pepper,1868.0
Kodagu,Karnataka,2996.6,40.0,Basin,0.0,Arecanut,1901.0
Kodagu,Karnataka,2996.6,41.0,Basin,0.0,Arecanut,972.0
Kodagu,Karnataka,3522.8,41.0,Basin,0.0,Arecanut,874.0
Kodagu,Karnataka,3522.8,41.0,Basin,0.0,Arecanut,592.0
Kodagu,Karnataka,3522.8,42.0,Basin,0.0,Arecanut,864.0
Kodagu,Karnataka,3729.8,42.0,Basin,0.0,Arecanut,5373.0
Kodagu,Karnataka,3729.8,42.0,Basin,0.0,Arecanut,6589.0
Mysuru,Karnataka,3729.8,43.0,Basin,0.0,Arecanut,5107.0
Mysuru,Karnataka,2746.2,43.0,Basin,0.0,Arecanut,5518.0
Mysuru,Karnataka,2746.2,27.0,Basin,0.0,Arecanut,4912.0
Mysuru,Karnataka,2746.2,27.0,Basin,0.0,Arecanut,3830.0
Mysuru,Karnataka,3360.0,27.0,Basin,0.0,Arecanut,4.0
Mysuru,Karnataka,3360.0,27.0,Basin,0.0,Arecanut,9.0
Mysuru,Karnataka,3360.0,27.0,Basin,0.0,Arecanut,12.0
Mysuru,Karnataka,3605.4,27.0,Basin,0.0,Ginger,2089.0
Mysuru,Karnataka,3605.4,27.2,Basin,0.0,Ginger,2810.0
Mysuru,Karnataka,3605.4,27.2,Basin,0.0,Ginger,841.0
Mysuru,Karnataka,3512.4,27.2,Basin,0.0,Ginger,3550.0
Mysuru,Karnataka,3512.4,27.0,Basin,0.0,Ginger,109.0
Mysuru,Karnataka,3512.4,27.0,Basin,0.0,Ginger,3368.0
Mysuru,Karnataka,3296.0,27.0,Basin,0.0,Ginger,3671.0
Mysuru,Karnataka,3296.0,27.0,Basin,0.0,Ginger,2404.0
Mysuru,Karnataka,3296.0,27.0,Basin,0.0,Ginger,2805.0
Mysuru,Karnataka,3550.0,27.0,Basin,0.0,Ginger,2331.0
Mysuru,Karnataka,3550.0,27.2,Basin,0.0,Ginger,2088.0
Mysuru,Karnataka,3550.0,27.2,Basin,0.0,Ginger,2628.0
Mysuru,Karnataka,3654.0,27.2,Basin,0.0,Ginger,1939.0
Mysuru,Karnataka,3654.0,27.1,Basin,0.0,Ginger,1871.0
Mysuru,Karnataka,3654.0,27.1,Basin,0.0,Ginger,1868.0
Mysuru,Karnataka,3105.0,37.0,Spray,0.0,Tea,592.0
Mysuru,Karnataka,3105.0,38.0,Spray,0.0,Tea,864.0
Mysuru,Karnataka,3105.0,38.0,Spray,0.0,Tea,5373.0
Mysuru,Karnataka,2903.1,39.0,Spray,0.0,Tea,5518.0
Mysuru,Karnataka,2903.1,39.0,Spray,0.0,Tea,4912.0
Mysuru,Karnataka,2903.1,40.0,Spray,0.0,Tea,3830.0
Mysuru,Karnataka,2996.6,40.0,Spray,0.0,Paddy,2783.0
Mysuru,Karnataka,2996.6,41.0,Spray,0.0,Paddy,1533.0
Mysuru,Karnataka,3522.8,41.0,Spray,0.0,Paddy,1647.0
Mysuru,Karnataka,3522.8,41.0,Spray,0.0,Paddy,975.0
Mysuru,Karnataka,3522.8,42.0,Spray,0.0,Paddy,2.0
Mysuru,Karnataka,2903.1,42.0,Spray,0.0,Paddy,836.0
Mysuru,Karnataka,2903.1,42.0,Spray,0.0,Paddy,806.0
Mysuru,Karnataka,2903.1,43.0,Spray,0.0,Paddy,880.0
Mysuru,Karnataka,2996.6,27.0,Spray,0.0,Paddy,770.0
Mysuru,Karnataka,2996.6,27.0,Spray,0.0,Paddy,395.0
Mysuru,Karnataka,2996.6,27.0,Spray,0.0,Paddy,187.0
Mysuru,Karnataka,3522.8,27.0,Spray,0.0,Paddy,187.0
Mysuru,Karnataka,3522.8,27.0,Spray,0.0,Paddy,121.0
Mysuru,Karnataka,3522.8,27.0,Spray,0.0,Paddy,103.0
Mysuru,Karnataka,3729.8,27.2,Spray,0.0,Paddy,71.0
Mysuru,Karnataka,3729.8,27.2,Spray,0.0,Groundnut,3961.0
Mysuru,Karnataka,3729.8,27.2,Spray,0.0,Groundnut,4247.0
Mysuru,Karnataka,2746.2,27.0,Spray,0.0,Groundnut,3290.0
Kasaragodu,Karnataka,2746.2,27.0,Spray,0.0,Groundnut,3138.0
Kasaragodu,Karnataka,2746.2,27.0,Spray,0.0,Groundnut,3423.0
Kasaragodu,Karnataka,3360.0,27.0,Spray,0.0,Groundnut,3899.0
Kasaragodu,Karnataka,3360.0,27.0,Spray,0.0,Groundnut,4015.0
Kasaragodu,Karnataka,3360.0,27.0,Spray,0.0,Groundnut,4279.0
Kasaragodu,Karnataka,3605.4,27.2,Spray,0.0,Groundnut,4167.0
Kasaragodu,Karnataka,3605.4,27.2,Spray,0.0,Groundnut,4479.0
Kasaragodu,Karnataka,2903.1,27.2,Spray,0.0,Groundnut,3699.0
Kasaragodu,Karnataka,2903.1,27.1,Spray,0.0,Groundnut,4904.0
Kasaragodu,Karnataka,2903.1,27.1,Spray,0.0,Groundnut,2821.0
Kasaragodu,Karnataka,2996.6,27.1,Spray,0.0,Groundnut,3472.0
Kasaragodu,Karnataka,2996.6,26.8,Spray,0.0,Groundnut,3647.0
Kasaragodu,Karnataka,2996.6,26.8,Spray,0.0,Blackgram,393.0
Kasaragodu,Karnataka,3522.8,26.8,Spray,0.0,Blackgram,167.0
Kasaragodu,Karnataka,3522.8,37.0,Spray,0.0,Blackgram,71.0
Kasaragodu,Karnataka,3522.8,37.0,Spray,0.0,Blackgram,52.0
Kasaragodu,Karnataka,3729.8,38.0,Drip,0.0,Blackgram,2783.0
Kasaragodu,Karnataka,3729.8,38.0,Drip,0.0,Blackgram,1533.0
Kasaragodu,Karnataka,2746.2,38.0,Drip,0.0,Blackgram,1647.0
Kasaragodu,Karnataka,2746.2,39.0,Drip,0.0,Blackgram,975.0
Kasaragodu,Karnataka,2746.2,39.0,Drip,0.0,Blackgram,2.0
Kasaragodu,Karnataka,3360.0,39.0,Drip,0.0,Blackgram,836.0
Kasaragodu,Karnataka,3360.0,40.0,Drip,0.0,Blackgram,806.0
Kasaragodu,Karnataka,3360.0,40.0,Drip,0.0,Blackgram,880.0
Kasaragodu,Karnataka,3605.4,40.0,Drip,0.0,Blackgram,770.0
Kasaragodu,Karnataka,3605.4,41.0,Drip,0.0,Blackgram,395.0
Kasaragodu,Karnataka,3605.4,41.0,Drip,0.0,Cashew,187.0
Kasaragodu,Karnataka,3512.4,41.0,Drip,0.0,Cashew,187.0
Kasaragodu,Karnataka,3512.4,42.0,Drip,0.0,Cashew,121.0
Raichur,Karnataka,3512.4,42.0,Drip,0.0,Cashew,103.0
Raichur,Karnataka,3296.0,42.0,Drip,0.0,Cashew,71.0
Raichur,Karnataka,3550.0,43.0,Drip,0.0,Cashew,3961.0
Raichur,Karnataka,3550.0,43.0,Drip,0.0,Cashew,4247.0
Raichur,Karnataka,3550.0,128.0,Drip,0.0,Cashew,3290.0
Raichur,Karnataka,3654.0,129.0,Drip,0.0,Cashew,3138.0
Raichur,Karnataka,3654.0,130.0,Drip,0.0,Cashew,3423.0
Raichur,Karnataka,3654.0,131.0,Drip,0.0,Cashew,3899.0
Raichur,Karnataka,3105.0,138.0,Drip,0.0,Coconut,2821.0
Raichur,Karnataka,3105.0,139.0,Drip,0.0,Coconut,3472.0
Raichur,Karnataka,3105.0,140.0,Drip,0.0,Coconut,3647.0
Raichur,Karnataka,2903.1,143.0,Drip,0.0,Coconut,71.0
Raichur,Karnataka,2903.1,144.0,Drip,0.0,Coconut,52.0
Raichur,Karnataka,2903.1,145.0,Drip,0.0,Coconut,2570.0
Raichur,Karnataka,2996.6,148.0,Drip,0.0,Coconut,1402.0
Raichur,Karnataka,3550.0,151.0,Drip,0.0,Coconut,1132.0
Gulbarga,Karnataka,3654.0,154.0,Drip,0.0,Ginger,804.0
Gulbarga,Karnataka,3105.0,162.0,Basin,0.0,Ginger,1402.0
Gulbarga,Karnataka,2903.1,168.0,Drip,0.0,Coconut,804.0
Gulbarga,Karnataka,2996.6,171.0,Drip,0.0,Coconut,792.0
Gulbarga,Karnataka,2903.1,174.0,Drip,0.0,Coconut,338.0
Gulbarga,Karnataka,2996.6,177.0,Drip,0.0,Coconut,404.0
Gulbarga,Karnataka,3522.8,180.0,Drip,0.0,Coconut,343.0
Gulbarga,Karnataka,3729.8,183.0,Drip,0.0,Coconut,336.0
Gulbarga,Karnataka,2746.2,186.0,Drip,0.0,Coconut,316.0
Gulbarga,Karnataka,3360.0,189.0,Drip,0.0,Coconut,382.0
Madikeri,Karnataka,3605.4,192.0,Drip,0.0,Coconut,231.0
Madikeri,Karnataka,3512.4,195.0,Drip,0.0,Coconut,221.0
Madikeri,Karnataka,3296.0,198.0,Drip,0.0,Coconut,291.0
Madikeri,Karnataka,3550.0,201.0,Drip,0.0,Coconut,283.0
Madikeri,Karnataka,3654.0,203.0,Drip,0.0,Coconut,7157.0
Madikeri,Karnataka,3654.0,204.0,Drip,0.0,Coconut,8700.0
Madikeri,Karnataka,2903.1,218.0,Basin,0.0,Coconut,114.0
Madikeri,Karnataka,2903.1,219.0,Basin,0.0,Coconut,3.0
Madikeri,Karnataka,2996.6,220.0,Basin,0.0,Coconut,95.0
Chikmangaluru,Karnataka,2996.6,221.0,Basin,0.0,Coconut,19.0
Chikmangaluru,Karnataka,2996.6,222.0,Basin,0.0,Coconut,54.0
Chikmangaluru,Karnataka,3522.8,27.0,Basin,0.0,Coconut,13.0
Chikmangaluru,Karnataka,3522.8,27.0,Basin,0.0,Coconut,123.0
Chikmangaluru,Karnataka,3522.8,27.0,Basin,0.0,Coconut,19.0
Chikmangaluru,Karnataka,3729.8,27.0,Basin,0.0,Coconut,32.0
Chikmangaluru,Karnataka,3729.8,27.0,Basin,0.0,Coconut,8.0
Chikmangaluru,Karnataka,3729.8,27.2,Basin,0.0,Coconut,50.0
Chikmangaluru,Karnataka,2746.2,27.2,Basin,0.0,Coconut,10.0
Chikmangaluru,Karnataka,2746.2,27.2,Basin,0.0,Coconut,29.0
Chikmangaluru,Karnataka,2746.2,27.0,Basin,0.0,Coconut,44.0
Chikmangaluru,Karnataka,3360.0,27.0,Basin,0.0,Coconut,33.0
Chikmangaluru,Karnataka,3360.0,27.0,Basin,0.0,Coconut,14.0
Chikmangaluru,Karnataka,3360.0,27.0,Basin,0.0,Coconut,56.0
Chikmangaluru,Karnataka,3605.4,27.0,Basin,0.0,Coconut,26.0
Chikmangaluru,Karnataka,3605.4,27.0,Basin,0.0,Coconut,98.0
Chikmangaluru,Karnataka,3605.4,27.2,Basin,0.0,Coconut,3.0
Chikmangaluru,Karnataka,2903.1,39.0,Basin,0.0,Coconut,2783.0
Chikmangaluru,Karnataka,2903.1,39.0,Spray,0.0,Coconut,1533.0
Chikmangaluru,Karnataka,2903.1,40.0,Spray,0.0,Coconut,1647.0
Chikmangaluru,Karnataka,2996.6,40.0,Spray,0.0,Coconut,975.0
Chikmangaluru,Karnataka,2996.6,40.0,Spray,0.0,Coconut,2.0
Chikmangaluru,Karnataka,2996.6,41.0,Spray,0.0,Coconut,836.0
Chikmangaluru,Karnataka,3522.8,41.0,Spray,0.0,Coconut,806.0
Chikmangaluru,Karnataka,3522.8,41.0,Spray,0.0,Coconut,880.0
Chikmangaluru,Karnataka,3522.8,42.0,Spray,0.0,Coconut,770.0
Chikmangaluru,Karnataka,3729.8,42.0,Spray,0.0,Coconut,395.0
Chikmangaluru,Karnataka,3729.8,42.0,Spray,0.0,Coconut,187.0
Chikmangaluru,Karnataka,3729.8,43.0,Spray,0.0,Coconut,187.0
Chikmangaluru,Karnataka,2746.2,43.0,Spray,0.0,Coconut,121.0
Chikmangaluru,Karnataka,2746.2,27.0,Spray,0.0,Coconut,103.0
Chikmangaluru,Karnataka,2746.2,27.0,Spray,0.0,Coconut,71.0
Chikmangaluru,Karnataka,3360.0,27.0,Spray,0.0,Coconut,3961.0
Chikmangaluru,Karnataka,3360.0,27.0,Spray,0.0,Coconut,4247.0
Chikmangaluru,Karnataka,3360.0,27.0,Spray,0.0,Coconut,3290.0
Chikmangaluru,Karnataka,3605.4,27.0,Spray,0.0,Coconut,3138.0
Chikmangaluru,Karnataka,3605.4,27.2,Spray,0.0,Coconut,3423.0
Chikmangaluru,Karnataka,3605.4,27.2,Spray,0.0,Coconut,3899.0
Chikmangaluru,Karnataka,3512.4,27.2,Spray,0.0,Coconut,4015.0
Chikmangaluru,Karnataka,3512.4,27.0,Spray,0.0,Coconut,4279.0
Chikmangaluru,Karnataka,3512.4,27.0,Spray,0.0,Coconut,4167.0
Chikmangaluru,Karnataka,3296.0,27.0,Spray,0.0,Coconut,4479.0
Chikmangaluru,Karnataka,3296.0,27.0,Spray,0.0,Coconut,3699.0
Chikmangaluru,Karnataka,3296.0,27.0,Spray,0.0,Coconut,4904.0
Chikmangaluru,Karnataka,3550.0,27.0,Spray,0.0,Coconut,2821.0
Chikmangaluru,Karnataka,3550.0,27.2,Spray,0.0,Coconut,3472.0
Chikmangaluru,Karnataka,3550.0,27.2,Spray,0.0,Coconut,3647.0
Chikmangaluru,Karnataka,3654.0,27.2,Spray,0.0,Coconut,393.0
Chikmangaluru,Karnataka,3654.0,27.1,Spray,0.0,Coconut,167.0
Chikmangaluru,Karnataka,3654.0,27.1,Spray,0.0,Coconut,71.0
Chikmangaluru,Karnataka,3105.0,37.0,Spray,0.0,Coconut,32.0
Chikmangaluru,Karnataka,3105.0,38.0,Spray,0.0,Coconut,22.0
Chikmangaluru,Karnataka,3105.0,38.0,Spray,0.0,Coconut,25.0
Chikmangaluru,Karnataka,2903.1,39.0,Spray,0.0,Coconut,12.0
Chikmangaluru,Karnataka,2903.1,39.0,Drip,0.0,Cocoa,2089.0
Hassan,Karnataka,2903.1,40.0,Drip,0.0,Cocoa,2810.0
Hassan,Karnataka,2996.6,40.0,Drip,0.0,Cocoa,841.0
Hassan,Karnataka,2996.6,40.0,Drip,0.0,Cocoa,3550.0
Hassan,Karnataka,2996.6,41.0,Drip,0.0,Cocoa,109.0
Hassan,Karnataka,3522.8,41.0,Drip,0.0,Cocoa,3368.0
Hassan,Karnataka,3522.8,41.0,Drip,0.0,Coffee,3671.0
Hassan,Karnataka,3522.8,42.0,Drip,0.0,Coffee,2404.0
Hassan,Karnataka,3729.8,42.0,Drip,0.0,Coffee,2805.0
Hassan,Karnataka,3729.8,42.0,Drip,0.0,Coffee,2331.0
Hassan,Karnataka,3729.8,43.0,Drip,0.0,Coffee,2088.0
Hassan,Karnataka,2746.2,27.0,Drip,0.0,Coffee,2628.0
Hassan,Karnataka,2746.2,27.0,Drip,0.0,Coffee,1939.0
Hassan,Karnataka,2746.2,27.0,Drip,0.0,Coffee,1871.0
Hassan,Karnataka,3360.0,27.0,Drip,0.0,Coffee,1868.0
Hassan,Karnataka,3605.4,27.0,Drip,0.0,Coffee,1901.0
Hassan,Karnataka,3605.4,27.2,Drip,0.0,Coffee,972.0
Hassan,Karnataka,3512.4,27.2,Drip,0.0,Coffee,874.0
Hassan,Karnataka,3512.4,27.2,Drip,0.0,Cardamum,592.0
Hassan,Karnataka,3512.4,27.0,Drip,0.0,Cardamum,864.0
Hassan,Karnataka,3296.0,27.0,Drip,0.0,Cardamum,5373.0
Hassan,Karnataka,3296.0,27.0,Drip,0.0,Cardamum,6589.0
Hassan,Karnataka,3296.0,27.0,Drip,0.0,Cardamum,5107.0
Hassan,Karnataka,3550.0,27.0,Drip,0.0,Cardamum,5518.0
Hassan,Karnataka,3550.0,27.0,Drip,0.0,Cardamum,4912.0
Hassan,Karnataka,3550.0,27.2,Drip,0.0,Cardamum,3830.0
Hassan,Karnataka,3654.0,27.2,Drip,0.0,Cardamum,4.0
Hassan,Karnataka,3654.0,27.2,Drip,0.0,Cardamum,9.0
Hassan,Karnataka,3654.0,27.1,Drip,0.0,Cardamum,12.0
Hassan,Karnataka,2903.1,26.8,Drip,0.0,Cardamum,3550.0
Hassan,Karnataka,2903.1,27.1,Drip,0.0,Pepper,109.0
Hassan,Karnataka,2903.1,27.1,Drip,0.0,Pepper,3368.0
Hassan,Karnataka,2996.6,26.8,Drip,0.0,Pepper,3671.0
Hassan,Karnataka,2996.6,26.8,Drip,0.0,Pepper,2404.0
Hassan,Karnataka,2996.6,26.8,Drip,0.0,Pepper,2805.0
Hassan,Karnataka,3522.8,37.0,Drip,0.0,Pepper,2331.0
Hassan,Karnataka,3522.8,37.0,Drip,0.0,Pepper,2088.0
Hassan,Karnataka,3522.8,37.0,Drip,0.0,Pepper,2628.0
Hassan,Karnataka,3729.8,38.0,Basin,0.0,Pepper,1939.0
Hassan,Karnataka,3729.8,38.0,Basin,0.0,Pepper,1871.0
Hassan,Karnataka,3729.8,38.0,Basin,0.0,Pepper,1868.0
Hassan,Karnataka,3360.0,40.0,Basin,0.0,Pepper,1901.0
Hassan,Karnataka,3360.0,40.0,Basin,0.0,Arecanut,972.0
Hassan,Karnataka,3360.0,40.0,Basin,0.0,Arecanut,874.0
Hassan,Karnataka,3605.4,41.0,Basin,0.0,Arecanut,592.0
Hassan,Karnataka,3605.4,41.0,Basin,0.0,Arecanut,864.0
Hassan,Karnataka,3605.4,41.0,Basin,0.0,Arecanut,5373.0
Hassan,Karnataka,3512.4,42.0,Basin,0.0,Arecanut,6589.0
Hassan,Karnataka,3512.4,42.0,Basin,0.0,Arecanut,5107.0
Hassan,Karnataka,3512.4,27.0,Basin,0.0,Arecanut,5518.0
Hassan,Karnataka,3296.0,27.0,Basin,0.0,Arecanut,4912.0
Hassan,Karnataka,3296.0,27.0,Basin,0.0,Arecanut,3830.0
Hassan,Karnataka,3296.0,27.0,Basin,0.0,Arecanut,4.0
Hassan,Karnataka,3550.0,27.0,Basin,0.0,Arecanut,9.0
Hassan,Karnataka,3550.0,27.0,Basin,0.0,Arecanut,12.0
Hassan,Karnataka,3550.0,27.2,Basin,0.0,Arecanut,2089.0
Hassan,Karnataka,3654.0,27.2,Basin,0.0,Arecanut,2810.0
Hassan,Karnataka,3654.0,27.2,Basin,0.0,Ginger,841.0
Hassan,Karnataka,3654.0,27.0,Basin,0.0,Ginger,3550.0
Hassan,Karnataka,3105.0,27.2,Basin,0.0,Ginger,2088.0
Hassan,Karnataka,3105.0,27.2,Basin,0.0,Ginger,2628.0
Hassan,Karnataka,3105.0,27.1,Basin,0.0,Ginger,1939.0
Hassan,Karnataka,2996.6,37.0,Basin,0.0,Tea,1901.0
Hassan,Karnataka,2996.6,37.0,Basin,0.0,Tea,972.0
Hassan,Karnataka,2996.6,37.0,Basin,0.0,Tea,874.0
Hassan,Karnataka,3522.8,38.0,Basin,0.0,Tea,592.0
Hassan,Karnataka,3522.8,38.0,Basin,0.0,Tea,864.0
Hassan,Karnataka,3522.8,38.0,Spray,0.0,Tea,5373.0
Hassan,Karnataka,3729.8,39.0,Spray,0.0,Tea,6589.0
Hassan,Karnataka,3729.8,39.0,Spray,0.0,Tea,5107.0
Hassan,Karnataka,3729.8,39.0,Spray,0.0,Tea,5518.0
Hassan,Karnataka,2746.2,40.0,Spray,0.0,Tea,4912.0
Hassan,Karnataka,2746.2,40.0,Spray,0.0,Tea,3830.0
Hassan,Karnataka,3360.0,41.0,Spray,0.0,Tea,2783.0
Hassan,Karnataka,3360.0,41.0,Spray,0.0,Tea,1533.0
Hassan,Karnataka,3360.0,41.0,Spray,0.0,Paddy,1647.0
Hassan,Karnataka,3605.4,42.0,Spray,0.0,Paddy,975.0
Hassan,Karnataka,3605.4,42.0,Spray,0.0,Paddy,2.0
Hassan,Karnataka,3605.4,42.0,Spray,0.0,Paddy,836.0
Hassan,Karnataka,3512.4,43.0,Spray,0.0,Paddy,806.0
Hassan,Karnataka,3512.4,43.0,Spray,0.0,Paddy,880.0
Hassan,Karnataka,3512.4,27.0,Spray,0.0,Paddy,770.0
Hassan,Karnataka,3296.0,27.0,Spray,0.0,Paddy,395.0
Hassan,Karnataka,3296.0,27.0,Spray,0.0,Paddy,187.0
Mangalore,Karnataka,3550.0,27.0,Spray,0.0,Paddy,121.0
Mangalore,Karnataka,3550.0,27.0,Spray,0.0,Paddy,103.0
Mangalore,Karnataka,3550.0,27.2,Spray,0.0,Paddy,71.0
Mangalore,Karnataka,3654.0,27.2,Spray,0.0,Paddy,3961.0
Mangalore,Karnataka,3654.0,27.2,Spray,0.0,Paddy,4247.0
Mangalore,Karnataka,3654.0,27.0,Spray,0.0,Groundnut,3290.0
Mangalore,Karnataka,3105.0,27.2,Spray,0.0,Groundnut,4479.0
Mangalore,Karnataka,3105.0,27.2,Spray,0.0,Groundnut,3699.0
Mangalore,Karnataka,3105.0,27.1,Spray,0.0,Groundnut,4904.0
Mangalore,Karnataka,2903.1,27.1,Spray,0.0,Groundnut,3472.0
Mangalore,Karnataka,2903.1,26.8,Spray,0.0,Groundnut,3647.0
Mangalore,Karnataka,2903.1,26.8,Spray,0.0,Groundnut,393.0
Mangalore,Karnataka,2996.6,26.8,Spray,0.0,Groundnut,167.0
Mangalore,Karnataka,2996.6,37.0,Spray,0.0,Blackgram,71.0
Mangalore,Karnataka,2996.6,37.0,Spray,0.0,Blackgram,52.0
Mangalore,Karnataka,3522.8,38.0,Spray,0.0,Blackgram,2783.0
Mangalore,Karnataka,3522.8,38.0,Spray,0.0,Blackgram,1533.0
Mangalore,Karnataka,3729.8,38.0,Drip,0.0,Blackgram,1647.0
Mangalore,Karnataka,3729.8,39.0,Drip,0.0,Blackgram,975.0
Mangalore,Karnataka,3729.8,39.0,Drip,0.0,Blackgram,2.0
Mangalore,Karnataka,2746.2,39.0,Drip,0.0,Blackgram,836.0
Mangalore,Karnataka,2746.2,40.0,Drip,0.0,Blackgram,806.0
Mangalore,Karnataka,2746.2,40.0,Drip,0.0,Blackgram,880.0
Mangalore,Karnataka,3360.0,40.0,Drip,0.0,Blackgram,770.0
Mangalore,Karnataka,3360.0,41.0,Drip,0.0,Blackgram,395.0
Mangalore,Karnataka,3360.0,41.0,Drip,0.0,Blackgram,187.0
Mangalore,Karnataka,3605.4,41.0,Drip,0.0,Blackgram,187.0
Mangalore,Karnataka,3605.4,42.0,Drip,0.0,Cashew,121.0
Mangalore,Karnataka,3605.4,42.0,Drip,0.0,Cashew,103.0
Mangalore,Karnataka,3512.4,42.0,Drip,0.0,Cashew,71.0
Mangalore,Karnataka,3512.4,43.0,Drip,0.0,Cashew,3961.0
Mangalore,Karnataka,3512.4,27.0,Drip,0.0,Cashew,4247.0
Mangalore,Karnataka,3296.0,27.0,Drip,0.0,Cashew,3290.0
Mangalore,Karnataka,3296.0,27.0,Drip,0.0,Cashew,3138.0
Mangalore,Karnataka,3296.0,27.0,Drip,0.0,Cashew,3423.0
Mangalore,Karnataka,3550.0,27.0,Drip,0.0,Cashew,3899.0
Mangalore,Karnataka,3550.0,27.0,Drip,0.0,Cashew,4015.0
Mangalore,Karnataka,3550.0,27.2,Drip,0.0,Cashew,4279.0
Mangalore,Karnataka,3654.0,27.2,Drip,0.0,Cashew,4167.0
Mangalore,Karnataka,3654.0,27.2,Drip,0.0,Cashew,4479.0
Mangalore,Karnataka,3654.0,27.0,Drip,0.0,Cashew,3699.0
Mangalore,Karnataka,3105.0,27.2,Drip,0.0,Coconut,71.0
Mangalore,Karnataka,3105.0,27.2,Drip,0.0,Coconut,52.0
Mangalore,Karnataka,3105.0,27.1,Drip,0.0,Coconut,2570.0
Mangalore,Karnataka,2903.1,39.0,Basin,0.0,Ginger,792.0
Mangalore,Karnataka,2996.6,39.0,Basin,0.0,Ginger,2570.0
Mangalore,Karnataka,3522.8,40.0,Basin,0.0,Ginger,1402.0
Mangalore,Karnataka,3729.8,41.0,Basin,0.0,Ginger,1132.0
Mangalore,Karnataka,2746.2,42.0,Basin,0.0,Ginger,804.0
Kodagu,Karnataka,3360.0,128.0,Drip,0.0,Coconut,792.0
Kodagu,Karnataka,3605.4,131.0,Drip,0.0,Coconut,338.0
Kodagu,Karnataka,3512.4,134.0,Drip,0.0,Coconut,404.0
Kodagu,Karnataka,3296.0,137.0,Drip,0.0,Coconut,343.0
Kodagu,Karnataka,3550.0,140.0,Drip,0.0,Coconut,336.0
Kodagu,Karnataka,3654.0,143.0,Drip,0.0,Coconut,316.0
Mysuru,Karnataka,3105.0,152.0,Drip,0.0,Coconut,221.0
Mysuru,Karnataka,2903.1,158.0,Drip,0.0,Coconut,283.0
Mysuru,Karnataka,2996.6,160.0,Drip,0.0,Coconut,7157.0
Mysuru,Karnataka,2996.6,161.0,Drip,0.0,Coconut,8700.0
Mysuru,Karnataka,3522.8,163.0,Drip,0.0,Coconut,8838.0
Mysuru,Karnataka,3522.8,164.0,Drip,0.0,Coconut,8954.0
Mysuru,Karnataka,2903.1,166.0,Drip,0.0,Coconut,9230.0
Kasaragodu,Karnataka,3729.8,175.0,Basin,0.0,Coconut,114.0
Kasaragodu,Karnataka,3729.8,176.0,Basin,0.0,Coconut,3.0
Kasaragodu,Karnataka,3729.8,177.0,Basin,0.0,Coconut,95.0
Kasaragodu,Karnataka,2746.2,178.0,Basin,0.0,Coconut,19.0
Kasaragodu,Karnataka,2746.2,179.0,Basin,0.0,Coconut,54.0
Kasaragodu,Karnataka,2746.2,180.0,Basin,0.0,Coconut,13.0
Kasaragodu,Karnataka,3360.0,181.0,Basin,0.0,Coconut,123.0
Kasaragodu,Karnataka,3360.0,182.0,Basin,0.0,Coconut,19.0
Kasaragodu,Karnataka,3360.0,183.0,Basin,0.0,Coconut,32.0
Kasaragodu,Karnataka,3605.4,184.0,Basin,0.0,Coconut,8.0
Kasaragodu,Karnataka,3605.4,185.0,Basin,0.0,Coconut,50.0
Kasaragodu,Karnataka,3605.4,186.0,Basin,0.0,Coconut,10.0
Kasaragodu,Karnataka,3512.4,187.0,Basin,0.0,Coconut,29.0
Kasaragodu,Karnataka,3512.4,188.0,Basin,0.0,Coconut,44.0
Kasaragodu,Karnataka,3512.4,189.0,Basin,0.0,Coconut,33.0
Kasaragodu,Karnataka,3296.0,190.0,Basin,0.0,Coconut,14.0
Kasaragodu,Karnataka,3296.0,191.0,Basin,0.0,Coconut,56.0
Kasaragodu,Karnataka,3296.0,192.0,Basin,0.0,Coconut,26.0
Kasaragodu,Karnataka,3550.0,193.0,Basin,0.0,Coconut,98.0
Kasaragodu,Karnataka,3550.0,194.0,Basin,0.0,Coconut,3.0
Raichur,Karnataka,2903.1,210.0,Basin,0.0,Coconut,2783.0
Raichur,Karnataka,2903.1,211.0,Basin,0.0,Coconut,1533.0
Raichur,Karnataka,2903.1,212.0,Basin,0.0,Coconut,1647.0
Raichur,Karnataka,2996.6,213.0,Spray,0.0,Coconut,975.0
Raichur,Karnataka,2996.6,214.0,Spray,0.0,Coconut,2.0
Raichur,Karnataka,2996.6,215.0,Spray,0.0,Coconut,836.0
Raichur,Karnataka,3522.8,216.0,Spray,0.0,Coconut,806.0
Raichur,Karnataka,3522.8,217.0,Spray,0.0,Coconut,880.0
Raichur,Karnataka,3522.8,218.0,Spray,0.0,Coconut,770.0
Raichur,Karnataka,2903.1,219.0,Spray,0.0,Coconut,395.0
Raichur,Karnataka,2903.1,220.0,Spray,0.0,Coconut,187.0
Raichur,Karnataka,2903.1,221.0,Spray,0.0,Coconut,187.0
Raichur,Karnataka,2996.6,222.0,Spray,0.0,Coconut,121.0
Raichur,Karnataka,2996.6,27.0,Spray,0.0,Coconut,103.0
Raichur,Karnataka,2996.6,27.0,Spray,0.0,Coconut,71.0
Raichur,Karnataka,3522.8,27.0,Spray,0.0,Coconut,3961.0
Gulbarga,Karnataka,3522.8,27.0,Spray,0.0,Coconut,4247.0
Gulbarga,Karnataka,3522.8,27.0,Spray,0.0,Coconut,3290.0
Gulbarga,Karnataka,3729.8,27.2,Spray,0.0,Coconut,3138.0
Gulbarga,Karnataka,3729.8,27.2,Spray,0.0,Coconut,3423.0
Gulbarga,Karnataka,3729.8,27.2,Spray,0.0,Coconut,3899.0
Gulbarga,Karnataka,2746.2,27.0,Spray,0.0,Coconut,4015.0
Gulbarga,Karnataka,2746.2,27.0,Spray,0.0,Coconut,4279.0
Gulbarga,Karnataka,2746.2,27.0,Spray,0.0,Coconut,4167.0
Gulbarga,Karnataka,3360.0,27.0,Spray,0.0,Coconut,4479.0
Gulbarga,Karnataka,3360.0,27.0,Spray,0.0,Coconut,3699.0
Gulbarga,Karnataka,3360.0,27.0,Spray,0.0,Coconut,4904.0
Gulbarga,Karnataka,3605.4,27.2,Spray,0.0,Coconut,2821.0
Gulbarga,Karnataka,3605.4,27.2,Spray,0.0,Coconut,3472.0
Gulbarga,Karnataka,3605.4,27.2,Spray,0.0,Coconut,3647.0
Gulbarga,Karnataka,3512.4,27.1,Spray,0.0,Coconut,393.0
Gulbarga,Karnataka,3512.4,27.1,Spray,0.0,Coconut,167.0
Gulbarga,Karnataka,3512.4,27.1,Spray,0.0,Coconut,71.0
Gulbarga,Karnataka,3296.0,26.8,Spray,0.0,Coconut,52.0
Gulbarga,Karnataka,3296.0,26.8,Spray,0.0,Coconut,12.0
Gulbarga,Karnataka,3296.0,26.8,Spray,0.0,Coconut,51.0
Gulbarga,Karnataka,3550.0,37.0,Spray,0.0,Coconut,61.0
Gulbarga,Karnataka,3550.0,37.0,Spray,0.0,Coconut,67.0
Gulbarga,Karnataka,3550.0,37.0,Spray,0.0,Coconut,62.0
Gulbarga,Karnataka,3654.0,38.0,Spray,0.0,Coconut,32.0
Gulbarga,Karnataka,3654.0,38.0,Spray,0.0,Coconut,22.0
Gulbarga,Karnataka,3654.0,38.0,Spray,0.0,Coconut,25.0
Gulbarga,Karnataka,3105.0,41.0,Drip,0.0,Cocoa,3550.0
Gulbarga,Karnataka,3105.0,41.0,Drip,0.0,Cocoa,109.0
Gulbarga,Karnataka,3105.0,41.0,Drip,0.0,Cocoa,3368.0
Gulbarga,Karnataka,2903.1,42.0,Drip,0.0,Coffee,2805.0
Gulbarga,Karnataka,2903.1,43.0,Drip,0.0,Coffee,2331.0
Madikeri,Karnataka,2903.1,43.0,Drip,0.0,Coffee,2088.0
Madikeri,Karnataka,2996.6,27.0,Drip,0.0,Coffee,2628.0
Madikeri,Karnataka,2996.6,27.0,Drip,0.0,Coffee,1939.0
Madikeri,Karnataka,2996.6,27.0,Drip,0.0,Coffee,1871.0
Madikeri,Karnataka,3522.8,27.0,Drip,0.0,Coffee,1868.0
Madikeri,Karnataka,2903.1,27.2,Drip,0.0,Coffee,1901.0
Madikeri,Karnataka,2903.1,27.2,Drip,0.0,Coffee,972.0
Madikeri,Karnataka,2996.6,27.0,Drip,0.0,Coffee,874.0
Madikeri,Karnataka,2996.6,27.0,Drip,0.0,Coffee,592.0
Madikeri,Karnataka,2996.6,27.0,Drip,0.0,Coffee,864.0
Madikeri,Karnataka,3522.8,27.0,Drip,0.0,Cardamum,5373.0
Madikeri,Karnataka,3522.8,27.0,Drip,0.0,Cardamum,6589.0
Madikeri,Karnataka,3522.8,27.0,Drip,0.0,Cardamum,5107.0
Madikeri,Karnataka,3729.8,27.2,Drip,0.0,Cardamum,5518.0
Madikeri,Karnataka,3729.8,27.2,Drip,0.0,Cardamum,4912.0
Madikeri,Karnataka,3729.8,27.2,Drip,0.0,Cardamum,3830.0
Madikeri,Karnataka,2746.2,27.1,Drip,0.0,Cardamum,4.0
Madikeri,Karnataka,2746.2,27.1,Drip,0.0,Cardamum,9.0
Madikeri,Karnataka,2746.2,27.1,Drip,0.0,Cardamum,12.0
Madikeri,Karnataka,3360.0,26.8,Drip,0.0,Cardamum,2089.0
Madikeri,Karnataka,3360.0,26.8,Drip,0.0,Cardamum,2810.0
Madikeri,Karnataka,3360.0,26.8,Drip,0.0,Cardamum,841.0
Madikeri,Karnataka,3605.4,37.0,Drip,0.0,Cardamum,3550.0
Madikeri,Karnataka,3605.4,37.0,Drip,0.0,Cardamum,109.0
Madikeri,Karnataka,2903.1,37.0,Drip,0.0,Cardamum,3368.0
Madikeri,Karnataka,2903.1,38.0,Drip,0.0,Pepper,3671.0
Madikeri,Karnataka,2903.1,38.0,Drip,0.0,Pepper,2404.0
Madikeri,Karnataka,2996.6,38.0,Drip,0.0,Pepper,2805.0
Madikeri,Karnataka,2996.6,39.0,Drip,0.0,Pepper,2331.0
Madikeri,Karnataka,2996.6,39.0,Drip,0.0,Pepper,2088.0
Chikmangaluru,Karnataka,3522.8,39.0,Drip,0.0,Pepper,2628.0
Chikmangaluru,Karnataka,3522.8,40.0,Drip,0.0,Pepper,1939.0
Chikmangaluru,Karnataka,3522.8,40.0,Drip,0.0,Pepper,1871.0
Chikmangaluru,Karnataka,3729.8,40.0,Basin,0.0,Pepper,1868.0
Chikmangaluru,Karnataka,2996.6,42.0,Basin,0.0,Pepper,1901.0
Chikmangaluru,Karnataka,2996.6,42.0,Basin,0.0,Pepper,972.0
Chikmangaluru,Karnataka,2996.6,42.0,Basin,0.0,Pepper,874.0
Chikmangaluru,Karnataka,3522.8,43.0,Basin,0.0,Arecanut,592.0
Chikmangaluru,Karnataka,3522.8,27.0,Basin,0.0,Arecanut,864.0
Chikmangaluru,Karnataka,3522.8,27.0,Basin,0.0,Arecanut,5373.0
Chikmangaluru,Karnataka,3729.8,27.0,Basin,0.0,Arecanut,6589.0
Chikmangaluru,Karnataka,3729.8,27.0,Basin,0.0,Arecanut,5107.0
Chikmangaluru,Karnataka,3729.8,27.0,Basin,0.0,Arecanut,5518.0
Chikmangaluru,Karnataka,2746.2,27.0,Basin,0.0,Arecanut,4912.0
Chikmangaluru,Karnataka,2746.2,27.0,Basin,0.0,Arecanut,3830.0
Chikmangaluru,Karnataka,2746.2,27.0,Basin,0.0,Arecanut,4.0
Chikmangaluru,Karnataka,3360.0,27.2,Basin,0.0,Arecanut,9.0
Chikmangaluru,Karnataka,3360.0,27.2,Basin,0.0,Arecanut,12.0
Chikmangaluru,Karnataka,3360.0,27.2,Basin,0.0,Arecanut,2089.0
Chikmangaluru,Karnataka,3605.4,27.0,Basin,0.0,Arecanut,2810.0
Chikmangaluru,Karnataka,3605.4,27.0,Basin,0.0,Arecanut,841.0
Chikmangaluru,Karnataka,3605.4,27.0,Basin,0.0,Arecanut,3550.0
Chikmangaluru,Karnataka,3512.4,27.0,Basin,0.0,Ginger,109.0
Chikmangaluru,Karnataka,3512.4,27.0,Basin,0.0,Ginger,3368.0
Chikmangaluru,Karnataka,3512.4,27.0,Basin,0.0,Ginger,3671.0
Chikmangaluru,Karnataka,3296.0,27.2,Basin,0.0,Ginger,2404.0
Chikmangaluru,Karnataka,3296.0,27.2,Basin,0.0,Ginger,2805.0
Chikmangaluru,Karnataka,3296.0,27.2,Basin,0.0,Ginger,2331.0
Chikmangaluru,Karnataka,3550.0,27.1,Basin,0.0,Ginger,2088.0
Chikmangaluru,Karnataka,3550.0,27.1,Basin,0.0,Ginger,2628.0
Chikmangaluru,Karnataka,3550.0,27.1,Basin,0.0,Ginger,1939.0
Chikmangaluru,Karnataka,3654.0,26.8,Basin,0.0,Ginger,1871.0
Chikmangaluru,Karnataka,3654.0,26.8,Basin,0.0,Ginger,1868.0
Chikmangaluru,Karnataka,3105.0,37.0,Basin,0.0,Tea,864.0
Chikmangaluru,Karnataka,3105.0,38.0,Basin,0.0,Tea,5373.0
Chikmangaluru,Karnataka,3105.0,38.0,Basin,0.0,Tea,6589.0
Chikmangaluru,Karnataka,2903.1,39.0,Spray,0.0,Tea,4912.0
Chikmangaluru,Karnataka,2903.1,39.0,Spray,0.0,Tea,3830.0
Chikmangaluru,Karnataka,2996.6,40.0,Spray,0.0,Tea,2783.0
Chikmangaluru,Karnataka,2996.6,40.0,Spray,0.0,Tea,1533.0
Hassan,Karnataka,2996.6,41.0,Spray,0.0,Tea,1647.0
Hassan,Karnataka,3522.8,41.0,Spray,0.0,Tea,975.0
Hassan,Karnataka,3522.8,41.0,Spray,0.0,Paddy,2.0
Hassan,Karnataka,3522.8,42.0,Spray,0.0,Paddy,836.0
Hassan,Karnataka,3729.8,42.0,Spray,0.0,Paddy,806.0
Hassan,Karnataka,3729.8,42.0,Spray,0.0,Paddy,880.0
Hassan,Karnataka,3729.8,43.0,Spray,0.0,Paddy,770.0
Hassan,Karnataka,2746.2,27.0,Spray,0.0,Paddy,395.0
Hassan,Karnataka,2746.2,27.0,Spray,0.0,Paddy,187.0
Hassan,Karnataka,3360.0,27.0,Spray,0.0,Paddy,121.0
Hassan,Karnataka,3360.0,27.0,Spray,0.0,Paddy,103.0
Hassan,Karnataka,3360.0,27.0,Spray,0.0,Paddy,71.0
Hassan,Karnataka,3605.4,27.2,Spray,0.0,Paddy,3961.0
Hassan,Karnataka,3605.4,27.2,Spray,0.0,Paddy,4247.0
Hassan,Karnataka,3605.4,27.2,Spray,0.0,Paddy,3290.0
Hassan,Karnataka,3512.4,27.0,Spray,0.0,Paddy,3138.0
Hassan,Karnataka,3512.4,27.0,Spray,0.0,Groundnut,3423.0
Hassan,Karnataka,3512.4,27.0,Spray,0.0,Groundnut,3899.0
Hassan,Karnataka,3296.0,27.0,Spray,0.0,Groundnut,4015.0
Hassan,Karnataka,3296.0,27.0,Spray,0.0,Groundnut,4279.0
Hassan,Karnataka,3296.0,27.0,Spray,0.0,Groundnut,4167.0
Hassan,Karnataka,3550.0,27.2,Spray,0.0,Groundnut,4479.0
Hassan,Karnataka,3550.0,27.2,Spray,0.0,Groundnut,3699.0
Hassan,Karnataka,3550.0,27.2,Spray,0.0,Groundnut,4904.0
Hassan,Karnataka,3654.0,27.1,Spray,0.0,Groundnut,2821.0
Hassan,Karnataka,3654.0,27.1,Spray,0.0,Groundnut,3472.0
Hassan,Karnataka,3654.0,27.1,Spray,0.0,Groundnut,3647.0
Hassan,Karnataka,3105.0,38.0,Spray,0.0,Blackgram,1533.0
Hassan,Karnataka,3105.0,38.0,Spray,0.0,Blackgram,1647.0
Hassan,Karnataka,3105.0,38.0,Spray,0.0,Blackgram,975.0
Hassan,Karnataka,2903.1,39.0,Drip,0.0,Blackgram,836.0
Hassan,Karnataka,2903.1,39.0,Drip,0.0,Blackgram,806.0
Hassan,Karnataka,2903.1,40.0,Drip,0.0,Blackgram,880.0
Hassan,Karnataka,2996.6,40.0,Drip,0.0,Blackgram,770.0
Hassan,Karnataka,2996.6,40.0,Drip,0.0,Blackgram,395.0
Hassan,Karnataka,2996.6,41.0,Drip,0.0,Blackgram,187.0
Hassan,Karnataka,3522.8,41.0,Drip,0.0,Blackgram,187.0
Hassan,Karnataka,3522.8,41.0,Drip,0.0,Blackgram,121.0
Hassan,Karnataka,3522.8,42.0,Drip,0.0,Blackgram,103.0
Hassan,Karnataka,3729.8,42.0,Drip,0.0,Cashew,71.0
Hassan,Karnataka,3729.8,42.0,Drip,0.0,Cashew,3961.0
Hassan,Karnataka,3729.8,43.0,Drip,0.0,Cashew,4247.0
Hassan,Karnataka,2746.2,43.0,Drip,0.0,Cashew,3290.0
Mangalore,Karnataka,2746.2,27.0,Drip,0.0,Cashew,3138.0
Mangalore,Karnataka,2746.2,27.0,Drip,0.0,Cashew,3423.0
Mangalore,Karnataka,3360.0,27.0,Drip,0.0,Cashew,3899.0
Mangalore,Karnataka,3360.0,27.0,Drip,0.0,Cashew,4015.0
Mangalore,Karnataka,3360.0,27.0,Drip,0.0,Cashew,4279.0
Mangalore,Karnataka,3605.4,27.0,Drip,0.0,Cashew,4167.0
Mangalore,Karnataka,3605.4,27.2,Drip,0.0,Cashew,4479.0
Mangalore,Karnataka,3605.4,27.2,Drip,0.0,Cashew,3699.0
Mangalore,Karnataka,3512.4,27.2,Drip,0.0,Cashew,4904.0
Mangalore,Karnataka,3512.4,27.0,Drip,0.0,Cashew,2821.0
Mangalore,Karnataka,3512.4,27.0,Drip,0.0,Cashew,3472.0
Mangalore,Karnataka,3296.0,27.0,Drip,0.0,Coconut,3647.0
Mangalore,Karnataka,3296.0,27.0,Drip,0.0,Coconut,393.0
Mangalore,Karnataka,3296.0,27.0,Drip,0.0,Coconut,167.0
Kodagu,Karnataka,3550.0,27.0,Drip,0.0,Coconut,71.0
Kodagu,Karnataka,3550.0,27.2,Drip,0.0,Coconut,52.0
Kodagu,Karnataka,3550.0,27.2,Drip,0.0,Coconut,2570.0
Kodagu,Karnataka,3654.0,27.1,Drip,0.0,Coconut,1402.0
Kasaragodu,Karnataka,3105.0,38.0,Drip,0.0,Ginger,792.0
Kasaragodu,Karnataka,2903.1,128.0,Basin,0.0,Ginger,804.0
Raichur,Karnataka,2996.6,131.0,Drip,0.0,Coconut,792.0
Raichur,Karnataka,3522.8,134.0,Drip,0.0,Coconut,338.0
Raichur,Karnataka,3729.8,137.0,Drip,0.0,Coconut,404.0
Raichur,Karnataka,2746.2,140.0,Drip,0.0,Coconut,343.0
Raichur,Karnataka,3360.0,143.0,Drip,0.0,Coconut,336.0
Raichur,Karnataka,3605.4,146.0,Drip,0.0,Coconut,316.0
Raichur,Karnataka,3512.4,149.0,Drip,0.0,Coconut,382.0
Gulbarga,Karnataka,3296.0,152.0,Drip,0.0,Coconut,231.0
Gulbarga,Karnataka,3550.0,155.0,Drip,0.0,Coconut,221.0
Gulbarga,Karnataka,3654.0,158.0,Drip,0.0,Coconut,291.0
Gulbarga,Karnataka,3105.0,167.0,Drip,0.0,Coconut,8954.0
Gulbarga,Karnataka,3105.0,169.0,Drip,0.0,Coconut,9230.0
Gulbarga,Karnataka,3522.8,178.0,Basin,0.0,Coconut,114.0
Gulbarga,Karnataka,3522.8,179.0,Basin,0.0,Coconut,3.0
Gulbarga,Karnataka,3522.8,180.0,Basin,0.0,Coconut,95.0
Gulbarga,Karnataka,2903.1,181.0,Basin,0.0,Coconut,19.0
Gulbarga,Karnataka,2903.1,182.0,Basin,0.0,Coconut,54.0
Gulbarga,Karnataka,2903.1,183.0,Basin,0.0,Coconut,13.0
Gulbarga,Karnataka,2996.6,184.0,Basin,0.0,Coconut,123.0
Gulbarga,Karnataka,2996.6,185.0,Basin,0.0,Coconut,19.0
Gulbarga,Karnataka,2996.6,186.0,Basin,0.0,Coconut,32.0
Gulbarga,Karnataka,3522.8,187.0,Basin,0.0,Coconut,8.0
Gulbarga,Karnataka,3522.8,188.0,Basin,0.0,Coconut,50.0
Gulbarga,Karnataka,3522.8,189.0,Basin,0.0,Coconut,10.0
Gulbarga,Karnataka,3729.8,190.0,Basin,0.0,Coconut,29.0
Gulbarga,Karnataka,3729.8,191.0,Basin,0.0,Coconut,44.0
Gulbarga,Karnataka,3729.8,192.0,Basin,0.0,Coconut,33.0
Gulbarga,Karnataka,2746.2,193.0,Basin,0.0,Coconut,14.0
Gulbarga,Karnataka,2746.2,194.0,Basin,0.0,Coconut,56.0
Gulbarga,Karnataka,2746.2,195.0,Basin,0.0,Coconut,26.0
Gulbarga,Karnataka,3360.0,196.0,Basin,0.0,Coconut,98.0
Gulbarga,Karnataka,3360.0,197.0,Basin,0.0,Coconut,3.0
Gulbarga,Karnataka,3654.0,213.0,Basin,0.0,Coconut,2783.0
Gulbarga,Karnataka,3105.0,220.0,Spray,0.0,Coconut,880.0
Gulbarga,Karnataka,3105.0,221.0,Spray,0.0,Coconut,770.0
Gulbarga,Karnataka,3105.0,222.0,Spray,0.0,Coconut,395.0
Gulbarga,Karnataka,2903.1,27.0,Spray,0.0,Coconut,121.0
Gulbarga,Karnataka,2903.1,27.0,Spray,0.0,Coconut,103.0
Gulbarga,Karnataka,2903.1,27.0,Spray,0.0,Coconut,71.0
Gulbarga,Karnataka,2996.6,27.2,Spray,0.0,Coconut,3961.0
Gulbarga,Karnataka,2996.6,27.2,Spray,0.0,Coconut,4247.0
Gulbarga,Karnataka,2996.6,27.2,Spray,0.0,Coconut,3290.0
Gulbarga,Karnataka,3522.8,27.0,Spray,0.0,Coconut,3138.0
Gulbarga,Karnataka,3522.8,27.0,Spray,0.0,Coconut,3423.0
Gulbarga,Karnataka,3522.8,27.0,Spray,0.0,Coconut,3899.0
Gulbarga,Karnataka,2903.1,27.0,Spray,0.0,Coconut,4015.0
Gulbarga,Karnataka,2903.1,27.0,Spray,0.0,Coconut,4279.0
Gulbarga,Karnataka,2903.1,27.0,Spray,0.0,Coconut,4167.0
Gulbarga,Karnataka,2996.6,27.2,Spray,0.0,Coconut,4479.0
Gulbarga,Karnataka,2996.6,27.2,Spray,0.0,Coconut,3699.0
Gulbarga,Karnataka,2996.6,27.2,Spray,0.0,Coconut,4904.0
Gulbarga,Karnataka,3522.8,27.1,Spray,0.0,Coconut,2821.0
Gulbarga,Karnataka,3522.8,27.1,Spray,0.0,Coconut,3472.0
Gulbarga,Karnataka,3522.8,27.1,Spray,0.0,Coconut,3647.0
Gulbarga,Karnataka,3729.8,26.8,Spray,0.0,Coconut,393.0
Gulbarga,Karnataka,3729.8,26.8,Spray,0.0,Coconut,167.0
Gulbarga,Karnataka,3729.8,26.8,Spray,0.0,Coconut,71.0
Gulbarga,Karnataka,2746.2,37.0,Spray,0.0,Coconut,52.0
Gulbarga,Karnataka,2746.2,37.0,Spray,0.0,Coconut,12.0
Gulbarga,Karnataka,2746.2,37.0,Spray,0.0,Coconut,51.0
Gulbarga,Karnataka,3360.0,38.0,Spray,0.0,Coconut,61.0
Gulbarga,Karnataka,3360.0,38.0,Spray,0.0,Coconut,67.0
Gulbarga,Karnataka,3360.0,38.0,Spray,0.0,Coconut,62.0
Gulbarga,Karnataka,3605.4,39.0,Spray,0.0,Coconut,32.0
Gulbarga,Karnataka,3605.4,39.0,Spray,0.0,Coconut,22.0
Gulbarga,Karnataka,3605.4,39.0,Spray,0.0,Coconut,25.0
Gulbarga,Karnataka,3512.4,40.0,Spray,0.0,Coconut,4.0
Madikeri,Karnataka,3512.4,40.0,Spray,0.0,Coconut,9.0
Madikeri,Karnataka,3512.4,40.0,Spray,0.0,Coconut,12.0
Madikeri,Karnataka,3296.0,41.0,Spray,0.0,Coconut,2089.0
Madikeri,Karnataka,3296.0,41.0,Spray,0.0,Coconut,2810.0
Madikeri,Karnataka,3296.0,41.0,Spray,0.0,Coconut,841.0
Madikeri,Karnataka,3550.0,42.0,Spray,0.0,Coconut,3550.0
Madikeri,Karnataka,3550.0,42.0,Drip,0.0,Cocoa,109.0
Madikeri,Karnataka,3550.0,42.0,Drip,0.0,Cocoa,3368.0
Madikeri,Karnataka,3654.0,43.0,Drip,0.0,Cocoa,3671.0
Madikeri,Karnataka,3654.0,43.0,Drip,0.0,Cocoa,2404.0
Madikeri,Karnataka,3654.0,27.0,Drip,0.0,Cocoa,2805.0
Madikeri,Karnataka,2903.1,27.0,Drip,0.0,Coffee,874.0
Madikeri,Karnataka,2903.1,27.0,Drip,0.0,Coffee,592.0
Madikeri,Karnataka,2903.1,27.0,Drip,0.0,Coffee,864.0
Madikeri,Karnataka,2996.6,27.2,Drip,0.0,Coffee,5373.0
Madikeri,Karnataka,2996.6,27.2,Drip,0.0,Coffee,6589.0
Madikeri,Karnataka,2996.6,27.2,Drip,0.0,Cardamum,5107.0
Hassan,Karnataka,3522.8,27.1,Drip,0.0,Cardamum,5518.0
Hassan,Karnataka,3522.8,27.1,Drip,0.0,Cardamum,4912.0
Hassan,Karnataka,3522.8,27.1,Drip,0.0,Cardamum,3830.0
Hassan,Karnataka,2903.1,26.8,Drip,0.0,Cardamum,4.0
Hassan,Karnataka,2903.1,26.8,Drip,0.0,Cardamum,9.0
Hassan,Karnataka,2903.1,26.8,Drip,0.0,Cardamum,12.0
Hassan,Karnataka,2996.6,37.0,Drip,0.0,Cardamum,2089.0
Hassan,Karnataka,2996.6,37.0,Drip,0.0,Cardamum,2810.0
Hassan,Karnataka,2996.6,37.0,Drip,0.0,Cardamum,841.0
Hassan,Karnataka,3522.8,38.0,Drip,0.0,Cardamum,3550.0
Hassan,Karnataka,3522.8,38.0,Drip,0.0,Cardamum,109.0
Hassan,Karnataka,3522.8,38.0,Drip,0.0,Cardamum,3368.0
Hassan,Karnataka,3729.8,39.0,Drip,0.0,Cardamum,3671.0
Hassan,Karnataka,3729.8,39.0,Drip,0.0,Cardamum,2404.0
Hassan,Karnataka,3729.8,39.0,Drip,0.0,Pepper,2805.0
Hassan,Karnataka,2746.2,40.0,Drip,0.0,Pepper,2331.0
Hassan,Karnataka,2746.2,40.0,Drip,0.0,Pepper,2088.0
Hassan,Karnataka,2746.2,27.0,Drip,0.0,Pepper,2628.0
Hassan,Karnataka,3360.0,27.0,Drip,0.0,Pepper,1939.0
Hassan,Karnataka,3360.0,27.0,Drip,0.0,Pepper,1871.0
Hassan,Karnataka,3360.0,27.0,Drip,0.0,Pepper,1868.0
Hassan,Karnataka,2903.1,27.2,Basin,0.0,Pepper,1901.0
Hassan,Karnataka,2903.1,27.2,Basin,0.0,Pepper,972.0
Hassan,Karnataka,2996.6,27.0,Basin,0.0,Pepper,874.0
Hassan,Karnataka,2996.6,27.0,Basin,0.0,Pepper,592.0
Hassan,Karnataka,2996.6,27.0,Basin,0.0,Pepper,864.0
Hassan,Karnataka,3522.8,27.0,Basin,0.0,Arecanut,5373.0
Hassan,Karnataka,3522.8,27.0,Basin,0.0,Arecanut,6589.0
Hassan,Karnataka,3522.8,27.0,Basin,0.0,Arecanut,5107.0
Hassan,Karnataka,2746.2,27.2,Basin,0.0,Arecanut,5518.0
Hassan,Karnataka,2746.2,27.2,Basin,0.0,Arecanut,4912.0
Hassan,Karnataka,3360.0,27.2,Basin,0.0,Arecanut,3830.0
Hassan,Karnataka,3360.0,27.1,Basin,0.0,Arecanut,4.0
Hassan,Karnataka,3360.0,27.1,Basin,0.0,Arecanut,9.0
Hassan,Karnataka,3605.4,27.1,Basin,0.0,Arecanut,12.0
Hassan,Karnataka,3605.4,26.8,Basin,0.0,Arecanut,2089.0
Hassan,Karnataka,3605.4,26.8,Basin,0.0,Arecanut,2810.0
Hassan,Karnataka,3512.4,26.8,Basin,0.0,Arecanut,841.0
Hassan,Karnataka,3512.4,37.0,Basin,0.0,Arecanut,3550.0
Hassan,Karnataka,3512.4,37.0,Basin,0.0,Arecanut,109.0
Hassan,Karnataka,3296.0,37.0,Basin,0.0,Arecanut,3368.0
Hassan,Karnataka,3296.0,38.0,Basin,0.0,Ginger,3671.0
Hassan,Karnataka,3296.0,38.0,Basin,0.0,Ginger,2404.0
Hassan,Karnataka,3550.0,38.0,Basin,0.0,Ginger,2805.0
Hassan,Karnataka,3550.0,39.0,Basin,0.0,Ginger,2331.0
Hassan,Karnataka,3550.0,39.0,Basin,0.0,Ginger,2088.0
Hassan,Karnataka,3654.0,39.0,Basin,0.0,Ginger,2628.0
Hassan,Karnataka,3654.0,40.0,Basin,0.0,Ginger,1939.0
Hassan,Karnataka,3654.0,40.0,Basin,0.0,Ginger,1871.0
Hassan,Karnataka,3105.0,42.0,Basin,0.0,Ginger,874.0
Hassan,Karnataka,3105.0,43.0,Basin,0.0,Tea,592.0
Hassan,Karnataka,3105.0,43.0,Basin,0.0,Tea,864.0
Hassan,Karnataka,2903.1,27.0,Basin,0.0,Tea,5107.0
Hassan,Karnataka,2903.1,27.0,Basin,0.0,Tea,5518.0
Hassan,Karnataka,2903.1,27.0,Spray,0.0,Tea,4912.0
Hassan,Karnataka,2996.6,27.0,Spray,0.0,Tea,3830.0
Hassan,Karnataka,2996.6,27.2,Spray,0.0,Tea,2783.0
Hassan,Karnataka,3522.8,27.2,Spray,0.0,Tea,1533.0
Hassan,Karnataka,3522.8,27.0,Spray,0.0,Tea,1647.0
Hassan,Karnataka,3522.8,27.0,Spray,0.0,Tea,975.0
Hassan,Karnataka,2903.1,27.0,Spray,0.0,Tea,2.0
Hassan,Karnataka,2903.1,27.0,Spray,0.0,Tea,836.0
Hassan,Karnataka,2903.1,27.0,Spray,0.0,Paddy,806.0
Hassan,Karnataka,2996.6,27.0,Spray,0.0,Paddy,880.0
Hassan,Karnataka,2996.6,27.2,Spray,0.0,Paddy,395.0
Hassan,Karnataka,3522.8,27.2,Spray,0.0,Paddy,187.0
Hassan,Karnataka,3522.8,27.1,Spray,0.0,Paddy,187.0
Hassan,Karnataka,3522.8,27.1,Spray,0.0,Paddy,121.0
Hassan,Karnataka,3729.8,27.1,Spray,0.0,Paddy,103.0
Hassan,Karnataka,3729.8,26.8,Spray,0.0,Paddy,71.0
Hassan,Karnataka,3729.8,26.8,Spray,0.0,Paddy,3961.0
Hassan,Karnataka,2746.2,26.8,Spray,0.0,Paddy,4247.0
Hassan,Karnataka,2746.2,37.0,Spray,0.0,Paddy,3290.0
Hassan,Karnataka,2746.2,37.0,Spray,0.0,Paddy,3138.0
Hassan,Karnataka,3360.0,37.0,Spray,0.0,Paddy,3423.0
Hassan,Karnataka,3360.0,38.0,Spray,0.0,Paddy,3899.0
Hassan,Karnataka,3360.0,38.0,Spray,0.0,Groundnut,4015.0
Hassan,Karnataka,3605.4,38.0,Spray,0.0,Groundnut,4279.0
Hassan,Karnataka,3605.4,39.0,Spray,0.0,Groundnut,4167.0
Hassan,Karnataka,3605.4,39.0,Spray,0.0,Groundnut,4479.0
Hassan,Karnataka,3512.4,39.0,Spray,0.0,Groundnut,3699.0
Hassan,Karnataka,3512.4,40.0,Spray,0.0,Groundnut,4904.0
Hassan,Karnataka,3512.4,40.0,Spray,0.0,Groundnut,2821.0
Hassan,Karnataka,3296.0,40.0,Spray,0.0,Groundnut,3472.0
Hassan,Karnataka,3296.0,41.0,Spray,0.0,Groundnut,3647.0
Hassan,Karnataka,3296.0,41.0,Spray,0.0,Groundnut,393.0
Hassan,Karnataka,3550.0,41.0,Spray,0.0,Groundnut,167.0
Hassan,Karnataka,3550.0,42.0,Spray,0.0,Groundnut,71.0
Hassan,Karnataka,3550.0,42.0,Spray,0.0,Groundnut,52.0
Hassan,Karnataka,3654.0,43.0,Spray,0.0,Groundnut,2783.0
Hassan,Karnataka,3654.0,27.0,Spray,0.0,Blackgram,1533.0
Hassan,Karnataka,3105.0,27.2,Drip,0.0,Blackgram,770.0
Hassan,Karnataka,3105.0,27.2,Drip,0.0,Blackgram,395.0
Hassan,Karnataka,3105.0,27.0,Drip,0.0,Blackgram,187.0
Hassan,Karnataka,2903.1,27.0,Drip,0.0,Blackgram,103.0
Hassan,Karnataka,2903.1,27.0,Drip,0.0,Blackgram,71.0
Hassan,Karnataka,2903.1,27.0,Drip,0.0,Blackgram,3961.0
Hassan,Karnataka,2996.6,27.2,Drip,0.0,Cashew,4247.0
Hassan,Karnataka,2996.6,27.2,Drip,0.0,Cashew,3290.0
Hassan,Karnataka,2996.6,27.2,Drip,0.0,Cashew,3138.0
Hassan,Karnataka,3522.8,27.1,Drip,0.0,Cashew,3423.0
Hassan,Karnataka,3522.8,27.1,Drip,0.0,Cashew,3899.0
Hassan,Karnataka,3522.8,27.1,Drip,0.0,Cashew,4015.0
Hassan,Karnataka,2903.1,26.8,Drip,0.0,Cashew,4279.0
Hassan,Karnataka,2903.1,26.8,Drip,0.0,Cashew,4167.0
Mangalore,Karnataka,2903.1,26.8,Drip,0.0,Cashew,4479.0
Mangalore,Karnataka,2996.6,37.0,Drip,0.0,Cashew,3699.0
Mangalore,Karnataka,2996.6,37.0,Drip,0.0,Cashew,4904.0
Mangalore,Karnataka,2996.6,37.0,Drip,0.0,Cashew,2821.0
Mangalore,Karnataka,3522.8,38.0,Drip,0.0,Cashew,3472.0
Mangalore,Karnataka,3522.8,38.0,Drip,0.0,Cashew,3647.0
Mangalore,Karnataka,3522.8,38.0,Drip,0.0,Cashew,393.0
Mangalore,Karnataka,3729.8,39.0,Drip,0.0,Coconut,167.0
Mangalore,Karnataka,3729.8,39.0,Drip,0.0,Coconut,71.0
Mangalore,Karnataka,3729.8,39.0,Drip,0.0,Coconut,52.0
Mangalore,Karnataka,2746.2,40.0,Drip,0.0,Coconut,2570.0
Mangalore,Karnataka,3360.0,41.0,Drip,0.0,Coconut,1402.0
Mangalore,Karnataka,3605.4,42.0,Drip,0.0,Coconut,1132.0
Kodagu,Karnataka,2903.1,43.0,Drip,0.0,Coconut,804.0
Kodagu,Karnataka,2996.6,129.0,Drip,0.0,Coconut,792.0
Kodagu,Karnataka,3522.8,131.0,Drip,0.0,Ginger,2570.0
Kodagu,Karnataka,3729.8,134.0,Basin,0.0,Ginger,1402.0
Kodagu,Karnataka,2746.2,137.0,Basin,0.0,Ginger,1132.0
Kodagu,Karnataka,3360.0,140.0,Basin,0.0,Ginger,804.0
Kodagu,Karnataka,3605.4,143.0,Basin,0.0,Ginger,792.0
Kodagu,Karnataka,3512.4,27.0,Drip,0.0,Coconut,338.0
Kodagu,Karnataka,3296.0,27.0,Drip,0.0,Coconut,404.0
Kodagu,Karnataka,3550.0,27.2,Drip,0.0,Coconut,343.0
Mysuru,Karnataka,3654.0,27.0,Drip,0.0,Coconut,336.0
Mysuru,Karnataka,3105.0,27.1,Drip,0.0,Coconut,231.0
Mysuru,Karnataka,2903.1,26.8,Drip,0.0,Coconut,221.0
Mysuru,Karnataka,2996.6,37.0,Drip,0.0,Coconut,291.0
Mysuru,Karnataka,3296.0,38.0,Drip,0.0,Coconut,283.0
Mysuru,Karnataka,3550.0,39.0,Drip,0.0,Coconut,7157.0
Mysuru,Karnataka,3550.0,39.0,Drip,0.0,Coconut,8700.0
Mysuru,Karnataka,3654.0,40.0,Drip,0.0,Coconut,8838.0
Mysuru,Karnataka,3654.0,40.0,Drip,0.0,Coconut,8954.0
Mysuru,Karnataka,2903.1,27.0,Basin,0.0,Coconut,3.0
Mysuru,Karnataka,2903.1,27.0,Basin,0.0,Coconut,95.0
Mysuru,Karnataka,2903.1,27.0,Basin,0.0,Coconut,19.0
Mysuru,Karnataka,2996.6,27.0,Basin,0.0,Coconut,54.0
Mysuru,Karnataka,2996.6,27.2,Basin,0.0,Coconut,13.0
Mysuru,Karnataka,2996.6,27.2,Basin,0.0,Coconut,123.0
Mysuru,Karnataka,2903.1,27.2,Basin,0.0,Coconut,19.0
Mysuru,Karnataka,2903.1,27.0,Basin,0.0,Coconut,32.0
Mysuru,Karnataka,2903.1,27.0,Basin,0.0,Coconut,8.0
Mysuru,Karnataka,2996.6,27.0,Basin,0.0,Coconut,50.0
Mysuru,Karnataka,2996.6,27.0,Basin,0.0,Coconut,10.0
Mysuru,Karnataka,2996.6,27.0,Basin,0.0,Coconut,29.0
Mysuru,Karnataka,3522.8,27.0,Basin,0.0,Coconut,44.0
Mysuru,Karnataka,3522.8,27.2,Basin,0.0,Coconut,33.0
Mysuru,Karnataka,3522.8,27.2,Basin,0.0,Coconut,14.0
Mysuru,Karnataka,3729.8,27.2,Basin,0.0,Coconut,56.0
Mysuru,Karnataka,3729.8,27.1,Basin,0.0,Coconut,26.0
Mysuru,Karnataka,3729.8,27.1,Basin,0.0,Coconut,98.0
Mysuru,Karnataka,2746.2,27.1,Basin,0.0,Coconut,3.0
Kasaragodu,Karnataka,3550.0,41.0,Basin,0.0,Coconut,2783.0
Kasaragodu,Karnataka,3550.0,41.0,Basin,0.0,Coconut,1533.0
Kasaragodu,Karnataka,3654.0,41.0,Basin,0.0,Coconut,1647.0
Kasaragodu,Karnataka,3654.0,42.0,Basin,0.0,Coconut,975.0
Kasaragodu,Karnataka,3654.0,42.0,Basin,0.0,Coconut,2.0
Kasaragodu,Karnataka,3105.0,27.0,Spray,0.0,Coconut,187.0
Kasaragodu,Karnataka,3105.0,27.0,Spray,0.0,Coconut,121.0
Kasaragodu,Karnataka,3105.0,27.2,Spray,0.0,Coconut,103.0
Raichur,Karnataka,2903.1,27.0,Spray,0.0,Coconut,4247.0
Raichur,Karnataka,2903.1,27.0,Spray,0.0,Coconut,3290.0
Raichur,Karnataka,2903.1,27.0,Spray,0.0,Coconut,3138.0
Raichur,Karnataka,2996.6,27.0,Spray,0.0,Coconut,3423.0
Raichur,Karnataka,2996.6,27.0,Spray,0.0,Coconut,3899.0
Raichur,Karnataka,2996.6,27.0,Spray,0.0,Coconut,4015.0
Raichur,Karnataka,3522.8,27.2,Spray,0.0,Coconut,4279.0
Raichur,Karnataka,3522.8,27.2,Spray,0.0,Coconut,4167.0
Raichur,Karnataka,3522.8,27.2,Spray,0.0,Coconut,4479.0
Raichur,Karnataka,3729.8,27.1,Spray,0.0,Coconut,3699.0
Raichur,Karnataka,3729.8,27.1,Spray,0.0,Coconut,4904.0
Raichur,Karnataka,3729.8,27.1,Spray,0.0,Coconut,2821.0
Raichur,Karnataka,2746.2,26.8,Spray,0.0,Coconut,3472.0
Raichur,Karnataka,2746.2,26.8,Spray,0.0,Coconut,3647.0
Raichur,Karnataka,2746.2,26.8,Spray,0.0,Coconut,393.0
Raichur,Karnataka,3360.0,37.0,Spray,0.0,Coconut,167.0
Raichur,Karnataka,3360.0,37.0,Spray,0.0,Coconut,71.0
Raichur,Karnataka,3360.0,37.0,Spray,0.0,Coconut,52.0
Raichur,Karnataka,3605.4,38.0,Spray,0.0,Coconut,12.0
Raichur,Karnataka,3605.4,38.0,Spray,0.0,Coconut,51.0
Raichur,Karnataka,3605.4,38.0,Spray,0.0,Coconut,61.0
Raichur,Karnataka,3512.4,39.0,Spray,0.0,Coconut,67.0
Raichur,Karnataka,3512.4,39.0,Spray,0.0,Coconut,62.0
Raichur,Karnataka,3512.4,39.0,Spray,0.0,Coconut,32.0
Raichur,Karnataka,3296.0,40.0,Spray,0.0,Coconut,22.0
Raichur,Karnataka,3296.0,40.0,Spray,0.0,Coconut,25.0
Raichur,Karnataka,3296.0,40.0,Spray,0.0,Coconut,4.0
Raichur,Karnataka,3550.0,41.0,Spray,0.0,Coconut,9.0
Raichur,Karnataka,3550.0,41.0,Spray,0.0,Coconut,12.0
Gulbarga,Karnataka,3550.0,41.0,Spray,0.0,Coconut,2089.0
Gulbarga,Karnataka,3654.0,42.0,Spray,0.0,Coconut,2810.0
Gulbarga,Karnataka,3654.0,42.0,Spray,0.0,Coconut,841.0
Gulbarga,Karnataka,3654.0,42.0,Spray,0.0,Coconut,3550.0
Gulbarga,Karnataka,2903.1,129.0,Drip,0.0,Cocoa,2404.0
Gulbarga,Karnataka,2903.1,130.0,Drip,0.0,Cocoa,2805.0
Gulbarga,Karnataka,2903.1,131.0,Drip,0.0,Cocoa,2331.0
Gulbarga,Karnataka,2996.6,132.0,Drip,0.0,Cocoa,2088.0
Gulbarga,Karnataka,2996.6,133.0,Drip,0.0,Cocoa,2628.0
Gulbarga,Karnataka,2996.6,134.0,Drip,0.0,Coffee,1939.0
Gulbarga,Karnataka,3522.8,135.0,Drip,0.0,Coffee,1871.0
Gulbarga,Karnataka,3522.8,136.0,Drip,0.0,Coffee,1868.0
Gulbarga,Karnataka,3729.8,140.0,Drip,0.0,Coffee,1901.0
Gulbarga,Karnataka,2746.2,141.0,Drip,0.0,Coffee,972.0
Gulbarga,Karnataka,2746.2,142.0,Drip,0.0,Coffee,874.0
Gulbarga,Karnataka,2746.2,143.0,Drip,0.0,Coffee,592.0
Gulbarga,Karnataka,3360.0,144.0,Drip,0.0,Coffee,864.0
Gulbarga,Karnataka,3360.0,27.0,Drip,0.0,Coffee,5373.0
Gulbarga,Karnataka,3360.0,27.0,Drip,0.0,Coffee,6589.0
Gulbarga,Karnataka,3605.4,27.0,Drip,0.0,Coffee,5107.0
Gulbarga,Karnataka,3605.4,27.0,Drip,0.0,Coffee,5518.0
Gulbarga,Karnataka,3605.4,27.0,Drip,0.0,Cardamum,4912.0
Gulbarga,Karnataka,3512.4,27.0,Drip,0.0,Cardamum,3830.0
Gulbarga,Karnataka,3512.4,27.2,Drip,0.0,Cardamum,4.0
Gulbarga,Karnataka,3512.4,27.2,Drip,0.0,Cardamum,9.0
Gulbarga,Karnataka,3296.0,27.2,Drip,0.0,Cardamum,12.0
Gulbarga,Karnataka,3296.0,27.0,Drip,0.0,Cardamum,2089.0
Gulbarga,Karnataka,3296.0,27.0,Drip,0.0,Cardamum,2810.0
Gulbarga,Karnataka,3550.0,27.0,Drip,0.0,Cardamum,841.0
Gulbarga,Karnataka,3550.0,27.0,Drip,0.0,Cardamum,3550.0
Gulbarga,Karnataka,3550.0,27.0,Drip,0.0,Cardamum,109.0
Madikeri,Karnataka,3654.0,27.0,Drip,0.0,Cardamum,3368.0
Madikeri,Karnataka,3654.0,27.2,Drip,0.0,Cardamum,3671.0
Madikeri,Karnataka,3654.0,27.2,Drip,0.0,Cardamum,2404.0
Madikeri,Karnataka,3105.0,26.8,Drip,0.0,Pepper,1868.0
Madikeri,Karnataka,2903.1,38.0,Basin,0.0,Pepper,972.0
Madikeri,Karnataka,2903.1,38.0,Basin,0.0,Pepper,874.0
Madikeri,Karnataka,2903.1,39.0,Basin,0.0,Pepper,592.0
Madikeri,Karnataka,2996.6,39.0,Basin,0.0,Pepper,864.0
Madikeri,Karnataka,2996.6,39.0,Basin,0.0,Pepper,5373.0
Madikeri,Karnataka,2996.6,40.0,Basin,0.0,Pepper,6589.0
Madikeri,Karnataka,3522.8,40.0,Basin,0.0,Arecanut,5107.0
Madikeri,Karnataka,3522.8,40.0,Basin,0.0,Arecanut,5518.0
Madikeri,Karnataka,3522.8,41.0,Basin,0.0,Arecanut,4912.0
Madikeri,Karnataka,3729.8,41.0,Basin,0.0,Arecanut,3830.0
Madikeri,Karnataka,3729.8,41.0,Basin,0.0,Arecanut,4.0
Madikeri,Karnataka,3729.8,42.0,Basin,0.0,Arecanut,9.0
Madikeri,Karnataka,2746.2,42.0,Basin,0.0,Arecanut,12.0
Madikeri,Karnataka,2746.2,42.0,Basin,0.0,Arecanut,2089.0
Madikeri,Karnataka,2746.2,43.0,Basin,0.0,Arecanut,2810.0
Madikeri,Karnataka,3360.0,43.0,Basin,0.0,Arecanut,841.0
Chikmangaluru,Karnataka,3360.0,27.0,Basin,0.0,Arecanut,3550.0
Chikmangaluru,Karnataka,3360.0,27.0,Basin,0.0,Arecanut,109.0
Chikmangaluru,Karnataka,3605.4,27.0,Basin,0.0,Arecanut,3368.0
Chikmangaluru,Karnataka,3605.4,27.0,Basin,0.0,Arecanut,3671.0
Chikmangaluru,Karnataka,3605.4,27.0,Basin,0.0,Arecanut,2404.0
Chikmangaluru,Karnataka,3512.4,27.0,Basin,0.0,Ginger,2805.0
Chikmangaluru,Karnataka,3512.4,27.2,Basin,0.0,Ginger,2331.0
Chikmangaluru,Karnataka,3512.4,27.2,Basin,0.0,Ginger,2088.0
Chikmangaluru,Karnataka,3296.0,27.2,Basin,0.0,Ginger,2628.0
Chikmangaluru,Karnataka,3296.0,27.0,Basin,0.0,Ginger,1939.0
Chikmangaluru,Karnataka,3296.0,27.0,Basin,0.0,Ginger,1871.0
Chikmangaluru,Karnataka,3550.0,27.0,Basin,0.0,Ginger,1868.0
Chikmangaluru,Karnataka,3654.0,27.2,Basin,0.0,Ginger,1901.0
Chikmangaluru,Karnataka,3654.0,27.2,Basin,0.0,Ginger,972.0
Chikmangaluru,Karnataka,2903.1,27.1,Basin,0.0,Tea,5373.0
Chikmangaluru,Karnataka,2903.1,26.8,Basin,0.0,Tea,6589.0
Chikmangaluru,Karnataka,2903.1,26.8,Basin,0.0,Tea,5107.0
Chikmangaluru,Karnataka,2996.6,26.8,Basin,0.0,Tea,5518.0
Chikmangaluru,Karnataka,2996.6,37.0,Basin,0.0,Tea,4912.0
Chikmangaluru,Karnataka,2996.6,37.0,Basin,0.0,Tea,3830.0
Chikmangaluru,Karnataka,3522.8,38.0,Spray,0.0,Tea,2783.0
Chikmangaluru,Karnataka,3522.8,38.0,Spray,0.0,Tea,1533.0
Chikmangaluru,Karnataka,3729.8,38.0,Spray,0.0,Tea,1647.0
Chikmangaluru,Karnataka,3729.8,39.0,Spray,0.0,Tea,975.0
Chikmangaluru,Karnataka,3729.8,39.0,Spray,0.0,Tea,2.0
Chikmangaluru,Karnataka,2746.2,39.0,Spray,0.0,Tea,836.0
Chikmangaluru,Karnataka,2746.2,40.0,Spray,0.0,Tea,806.0
Chikmangaluru,Karnataka,2746.2,40.0,Spray,0.0,Tea,880.0
Chikmangaluru,Karnataka,3360.0,40.0,Spray,0.0,Paddy,770.0
Chikmangaluru,Karnataka,3360.0,41.0,Spray,0.0,Paddy,395.0
Chikmangaluru,Karnataka,3360.0,41.0,Spray,0.0,Paddy,187.0
Chikmangaluru,Karnataka,3605.4,41.0,Spray,0.0,Paddy,187.0
Chikmangaluru,Karnataka,3605.4,42.0,Spray,0.0,Paddy,121.0
Chikmangaluru,Karnataka,3605.4,42.0,Spray,0.0,Paddy,103.0
Chikmangaluru,Karnataka,3512.4,42.0,Spray,0.0,Paddy,71.0
Chikmangaluru,Karnataka,3512.4,43.0,Spray,0.0,Paddy,3961.0
Chikmangaluru,Karnataka,3512.4,27.0,Spray,0.0,Paddy,4247.0
Chikmangaluru,Karnataka,3296.0,27.0,Spray,0.0,Paddy,3290.0
Chikmangaluru,Karnataka,3296.0,27.0,Spray,0.0,Paddy,3138.0
Chikmangaluru,Karnataka,3296.0,27.0,Spray,0.0,Paddy,3423.0
Chikmangaluru,Karnataka,3550.0,27.0,Spray,0.0,Paddy,3899.0
Chikmangaluru,Karnataka,3550.0,27.0,Spray,0.0,Paddy,4015.0
Chikmangaluru,Karnataka,3550.0,27.2,Spray,0.0,Paddy,4279.0
Chikmangaluru,Karnataka,3654.0,27.2,Spray,0.0,Groundnut,4167.0
Chikmangaluru,Karnataka,3654.0,27.2,Spray,0.0,Groundnut,4479.0
Chikmangaluru,Karnataka,3654.0,27.0,Spray,0.0,Groundnut,3699.0
Chikmangaluru,Karnataka,3105.0,27.2,Spray,0.0,Groundnut,71.0
Chikmangaluru,Karnataka,3105.0,27.2,Spray,0.0,Groundnut,52.0
Chikmangaluru,Karnataka,2903.1,26.8,Spray,0.0,Groundnut,1647.0
Chikmangaluru,Karnataka,2903.1,26.8,Spray,0.0,Blackgram,975.0
Chikmangaluru,Karnataka,2903.1,26.8,Spray,0.0,Blackgram,2.0
Chikmangaluru,Karnataka,2996.6,37.0,Spray,0.0,Blackgram,836.0
Chikmangaluru,Karnataka,2996.6,37.0,Spray,0.0,Blackgram,806.0
Chikmangaluru,Karnataka,2996.6,37.0,Spray,0.0,Blackgram,880.0
Chikmangaluru,Karnataka,3522.8,38.0,Drip,0.0,Blackgram,770.0
Chikmangaluru,Karnataka,3522.8,38.0,Drip,0.0,Blackgram,395.0
Chikmangaluru,Karnataka,3522.8,38.0,Drip,0.0,Blackgram,187.0
Chikmangaluru,Karnataka,3729.8,39.0,Drip,0.0,Blackgram,187.0
Chikmangaluru,Karnataka,3729.8,39.0,Drip,0.0,Blackgram,121.0
Chikmangaluru,Karnataka,3729.8,39.0,Drip,0.0,Blackgram,103.0
Chikmangaluru,Karnataka,2746.2,40.0,Drip,0.0,Blackgram,71.0
Chikmangaluru,Karnataka,2746.2,40.0,Drip,0.0,Blackgram,3961.0
Hassan,Karnataka,2746.2,40.0,Drip,0.0,Blackgram,4247.0
Hassan,Karnataka,3360.0,41.0,Drip,0.0,Blackgram,3290.0
Hassan,Karnataka,3360.0,41.0,Drip,0.0,Cashew,3138.0
Hassan,Karnataka,3360.0,41.0,Drip,0.0,Cashew,3423.0
Hassan,Karnataka,3605.4,42.0,Drip,0.0,Cashew,3899.0
Hassan,Karnataka,3605.4,42.0,Drip,0.0,Cashew,4015.0
Hassan,Karnataka,3605.4,42.0,Drip,0.0,Cashew,4279.0
Hassan,Karnataka,3512.4,43.0,Drip,0.0,Cashew,4167.0
Hassan,Karnataka,3512.4,43.0,Drip,0.0,Cashew,4479.0
Hassan,Karnataka,3512.4,128.0,Drip,0.0,Cashew,3699.0
Hassan,Karnataka,3296.0,129.0,Drip,0.0,Cashew,4904.0
Hassan,Karnataka,3296.0,130.0,Drip,0.0,Cashew,2821.0
Hassan,Karnataka,3296.0,131.0,Drip,0.0,Cashew,3472.0
Hassan,Karnataka,3550.0,132.0,Drip,0.0,Cashew,3647.0
Hassan,Karnataka,3550.0,133.0,Drip,0.0,Cashew,393.0
Hassan,Karnataka,3550.0,134.0,Drip,0.0,Cashew,167.0
Hassan,Karnataka,3654.0,135.0,Drip,0.0,Cashew,71.0
Hassan,Karnataka,3654.0,136.0,Drip,0.0,Coconut,52.0
Hassan,Karnataka,3654.0,137.0,Drip,0.0,Coconut,2570.0
Hassan,Karnataka,3105.0,27.0,Drip,0.0,Coconut,804.0
Hassan,Karnataka,2903.1,27.0,Drip,0.0,Coconut,792.0
Hassan,Karnataka,2996.6,27.2,Drip,0.0,Coconut,2570.0
Hassan,Karnataka,3522.8,27.0,Drip,0.0,Ginger,1402.0
Hassan,Karnataka,3729.8,27.0,Basin,0.0,Ginger,1132.0
Hassan,Karnataka,2746.2,27.2,Basin,0.0,Ginger,804.0
Hassan,Karnataka,3360.0,27.1,Basin,0.0,Ginger,792.0
Hassan,Karnataka,3605.4,26.8,Basin,0.0,Ginger,338.0
Hassan,Karnataka,3512.4,37.0,Drip,0.0,Coconut,404.0
Hassan,Karnataka,3296.0,38.0,Drip,0.0,Coconut,343.0
Hassan,Karnataka,3550.0,39.0,Drip,0.0,Coconut,336.0
Hassan,Karnataka,3654.0,40.0,Drip,0.0,Coconut,316.0
Hassan,Karnataka,3105.0,43.0,Drip,0.0,Coconut,221.0
Hassan,Karnataka,3654.0,27.0,Drip,0.0,Coconut,283.0
Hassan,Karnataka,3105.0,27.2,Drip,0.0,Coconut,8700.0
Hassan,Karnataka,2903.1,27.0,Drip,0.0,Coconut,9230.0
Hassan,Karnataka,3729.8,26.8,Drip,0.0,Coconut,114.0
Hassan,Karnataka,3729.8,26.8,Basin,0.0,Coconut,3.0
Hassan,Karnataka,2746.2,26.8,Basin,0.0,Coconut,95.0
Hassan,Karnataka,2746.2,37.0,Basin,0.0,Coconut,19.0
Hassan,Karnataka,2746.2,37.0,Basin,0.0,Coconut,54.0
Hassan,Karnataka,3360.0,37.0,Basin,0.0,Coconut,13.0
Hassan,Karnataka,3360.0,38.0,Basin,0.0,Coconut,123.0
Hassan,Karnataka,3360.0,38.0,Basin,0.0,Coconut,19.0
Hassan,Karnataka,3605.4,38.0,Basin,0.0,Coconut,32.0
Hassan,Karnataka,3605.4,39.0,Basin,0.0,Coconut,8.0
Hassan,Karnataka,3605.4,39.0,Basin,0.0,Coconut,50.0
Hassan,Karnataka,3512.4,39.0,Basin,0.0,Coconut,10.0
Hassan,Karnataka,3512.4,40.0,Basin,0.0,Coconut,29.0
Hassan,Karnataka,3512.4,40.0,Basin,0.0,Coconut,44.0
Mangalore,Karnataka,3296.0,27.0,Basin,0.0,Coconut,33.0
Mangalore,Karnataka,3296.0,27.0,Basin,0.0,Coconut,14.0
Mangalore,Karnataka,3296.0,27.0,Basin,0.0,Coconut,56.0
Mangalore,Karnataka,3550.0,27.0,Basin,0.0,Coconut,26.0
Mangalore,Karnataka,3550.0,27.0,Basin,0.0,Coconut,98.0
Mangalore,Karnataka,3550.0,27.0,Basin,0.0,Coconut,3.0
Mangalore,Karnataka,2903.1,26.8,Basin,0.0,Coconut,2783.0
Mangalore,Karnataka,2903.1,26.8,Basin,0.0,Coconut,1533.0
Mangalore,Karnataka,2996.6,26.8,Basin,0.0,Coconut,1647.0
Mangalore,Karnataka,2996.6,37.0,Basin,0.0,Coconut,975.0
Mangalore,Karnataka,2996.6,37.0,Basin,0.0,Coconut,2.0
Mangalore,Karnataka,3522.8,37.0,Basin,0.0,Coconut,836.0
Mangalore,Karnataka,3522.8,38.0,Basin,0.0,Coconut,806.0
Mangalore,Karnataka,3522.8,38.0,Basin,0.0,Coconut,880.0
Mangalore,Karnataka,2903.1,38.0,Basin,0.0,Coconut,770.0
Mangalore,Karnataka,2903.1,39.0,Spray,0.0,Coconut,395.0
Mangalore,Karnataka,2903.1,39.0,Spray,0.0,Coconut,187.0
Mangalore,Karnataka,2996.6,39.0,Spray,0.0,Coconut,187.0
Mangalore,Karnataka,2996.6,40.0,Spray,0.0,Coconut,121.0
Mangalore,Karnataka,2996.6,40.0,Spray,0.0,Coconut,103.0
Mangalore,Karnataka,3522.8,40.0,Spray,0.0,Coconut,71.0
Mangalore,Karnataka,3522.8,41.0,Spray,0.0,Coconut,3961.0
Mangalore,Karnataka,3522.8,41.0,Spray,0.0,Coconut,4247.0
Mangalore,Karnataka,3729.8,41.0,Spray,0.0,Coconut,3290.0
Mangalore,Karnataka,3729.8,42.0,Spray,0.0,Coconut,3138.0
Mangalore,Karnataka,3729.8,42.0,Spray,0.0,Coconut,3423.0
Mangalore,Karnataka,2746.2,42.0,Spray,0.0,Coconut,3899.0
Mangalore,Karnataka,2746.2,43.0,Spray,0.0,Coconut,4015.0
Mangalore,Karnataka,2746.2,43.0,Spray,0.0,Coconut,4279.0
Mangalore,Karnataka,3360.0,27.0,Spray,0.0,Coconut,4167.0
Mangalore,Karnataka,3360.0,27.0,Spray,0.0,Coconut,4479.0
Mangalore,Karnataka,3360.0,27.0,Spray,0.0,Coconut,3699.0
Mangalore,Karnataka,3605.4,27.0,Spray,0.0,Coconut,4904.0
Mangalore,Karnataka,3605.4,27.0,Spray,0.0,Coconut,2821.0
Mangalore,Karnataka,3605.4,27.0,Spray,0.0,Coconut,3472.0
Mangalore,Karnataka,3512.4,27.2,Spray,0.0,Coconut,3647.0
Mangalore,Karnataka,3512.4,27.2,Spray,0.0,Coconut,393.0
Mangalore,Karnataka,3512.4,27.2,Spray,0.0,Coconut,167.0
Mangalore,Karnataka,3296.0,27.0,Spray,0.0,Coconut,71.0
Mangalore,Karnataka,3296.0,27.0,Spray,0.0,Coconut,52.0
Mangalore,Karnataka,3296.0,27.0,Spray,0.0,Coconut,12.0
Mangalore,Karnataka,3550.0,27.0,Spray,0.0,Coconut,51.0
Mangalore,Karnataka,3550.0,27.0,Spray,0.0,Coconut,61.0
Mangalore,Karnataka,3550.0,27.0,Spray,0.0,Coconut,67.0
Mangalore,Karnataka,3654.0,27.2,Spray,0.0,Coconut,62.0
Mangalore,Karnataka,3654.0,27.2,Spray,0.0,Coconut,32.0
Mangalore,Karnataka,3654.0,27.2,Spray,0.0,Coconut,22.0
Mangalore,Karnataka,3105.0,37.0,Spray,0.0,Coconut,841.0
Mangalore,Karnataka,3105.0,37.0,Spray,0.0,Coconut,3550.0
Mangalore,Karnataka,3105.0,37.0,Spray,0.0,Coconut,109.0
Mangalore,Karnataka,2903.1,38.0,Spray,0.0,Coconut,2404.0
Mangalore,Karnataka,2903.1,39.0,Drip,0.0,Cocoa,2805.0
Mangalore,Karnataka,2903.1,39.0,Drip,0.0,Cocoa,2331.0
Mangalore,Karnataka,2996.6,39.0,Drip,0.0,Cocoa,2088.0
Mangalore,Karnataka,2996.6,40.0,Drip,0.0,Cocoa,2628.0
Mangalore,Karnataka,2996.6,40.0,Drip,0.0,Cocoa,1939.0
Mangalore,Karnataka,3522.8,40.0,Drip,0.0,Cocoa,1871.0
Mangalore,Karnataka,3522.8,41.0,Drip,0.0,Coffee,1868.0
Kodagu,Karnataka,2903.1,42.0,Drip,0.0,Coffee,1901.0
Kodagu,Karnataka,2996.6,42.0,Drip,0.0,Coffee,972.0
Kodagu,Karnataka,2996.6,43.0,Drip,0.0,Coffee,874.0
Kodagu,Karnataka,2996.6,27.0,Drip,0.0,Coffee,592.0
Kodagu,Karnataka,3522.8,27.0,Drip,0.0,Coffee,864.0
Kodagu,Karnataka,3522.8,27.0,Drip,0.0,Coffee,5373.0
Kodagu,Karnataka,3522.8,27.0,Drip,0.0,Coffee,6589.0
Kodagu,Karnataka,3729.8,27.0,Drip,0.0,Coffee,5107.0
Kodagu,Karnataka,3729.8,27.0,Drip,0.0,Coffee,5518.0
Kodagu,Karnataka,3729.8,27.2,Drip,0.0,Coffee,4912.0
Kodagu,Karnataka,2746.2,27.2,Drip,0.0,Coffee,3830.0
Kodagu,Karnataka,2746.2,27.2,Drip,0.0,Cardamum,4.0
Kodagu,Karnataka,2746.2,27.0,Drip,0.0,Cardamum,9.0
Kodagu,Karnataka,3360.0,27.0,Drip,0.0,Cardamum,12.0
Kodagu,Karnataka,3360.0,27.0,Drip,0.0,Cardamum,2089.0
Kodagu,Karnataka,3360.0,27.0,Drip,0.0,Cardamum,2810.0
Kodagu,Karnataka,3605.4,27.0,Drip,0.0,Cardamum,841.0
Kodagu,Karnataka,3605.4,27.0,Drip,0.0,Cardamum,3550.0
Kodagu,Karnataka,3605.4,27.2,Drip,0.0,Cardamum,109.0
Mysuru,Karnataka,3512.4,27.2,Drip,0.0,Cardamum,3368.0
Mysuru,Karnataka,3512.4,27.2,Drip,0.0,Cardamum,3671.0
Mysuru,Karnataka,3512.4,27.1,Drip,0.0,Cardamum,2404.0
Mysuru,Karnataka,3296.0,27.1,Drip,0.0,Cardamum,2805.0
Mysuru,Karnataka,3296.0,27.1,Drip,0.0,Cardamum,2331.0
Mysuru,Karnataka,3296.0,26.8,Drip,0.0,Cardamum,2088.0
Mysuru,Karnataka,3550.0,26.8,Drip,0.0,Cardamum,2628.0
Mysuru,Karnataka,3550.0,26.8,Drip,0.0,Pepper,1939.0
Mysuru,Karnataka,3550.0,37.0,Drip,0.0,Pepper,1871.0
Mysuru,Karnataka,3654.0,37.0,Drip,0.0,Pepper,1868.0
Mysuru,Karnataka,3105.0,40.0,Basin,0.0,Pepper,5373.0
Kasaragodu,Karnataka,3105.0,40.0,Basin,0.0,Pepper,6589.0
Kasaragodu,Karnataka,3105.0,41.0,Basin,0.0,Pepper,5107.0
Kasaragodu,Karnataka,2903.1,42.0,Basin,0.0,Arecanut,3830.0
Kasaragodu,Karnataka,2903.1,42.0,Basin,0.0,Arecanut,4.0
Kasaragodu,Karnataka,2903.1,42.0,Basin,0.0,Arecanut,9.0
Kasaragodu,Karnataka,2996.6,43.0,Basin,0.0,Arecanut,12.0
Kasaragodu,Karnataka,2996.6,43.0,Basin,0.0,Arecanut,2089.0
Kasaragodu,Karnataka,2996.6,128.0,Basin,0.0,Arecanut,2810.0
Kasaragodu,Karnataka,3522.8,129.0,Basin,0.0,Arecanut,841.0
Kasaragodu,Karnataka,3522.8,130.0,Basin,0.0,Arecanut,3550.0
Kasaragodu,Karnataka,3522.8,131.0,Basin,0.0,Arecanut,109.0
Kasaragodu,Karnataka,2903.1,132.0,Basin,0.0,Arecanut,3368.0
Kasaragodu,Karnataka,2903.1,133.0,Basin,0.0,Arecanut,3671.0
Kasaragodu,Karnataka,2903.1,134.0,Basin,0.0,Arecanut,2404.0
Kasaragodu,Karnataka,2996.6,135.0,Basin,0.0,Arecanut,2805.0
Kasaragodu,Karnataka,2996.6,136.0,Basin,0.0,Arecanut,2331.0
Kasaragodu,Karnataka,2996.6,137.0,Basin,0.0,Ginger,2088.0
Kasaragodu,Karnataka,3522.8,138.0,Basin,0.0,Ginger,2628.0
Kasaragodu,Karnataka,3522.8,139.0,Basin,0.0,Ginger,1939.0
Kasaragodu,Karnataka,3522.8,140.0,Basin,0.0,Ginger,1871.0
Kasaragodu,Karnataka,3729.8,141.0,Basin,0.0,Ginger,1868.0
Kasaragodu,Karnataka,2746.2,145.0,Basin,0.0,Ginger,1901.0
Kasaragodu,Karnataka,2746.2,146.0,Basin,0.0,Ginger,972.0
Kasaragodu,Karnataka,3360.0,147.0,Basin,0.0,Ginger,874.0
Kasaragodu,Karnataka,3360.0,148.0,Basin,0.0,Ginger,592.0
Kasaragodu,Karnataka,3360.0,149.0,Basin,0.0,Ginger,864.0
Kasaragodu,Karnataka,3605.4,150.0,Basin,0.0,Ginger,5373.0
Raichur,Karnataka,3605.4,151.0,Basin,0.0,Ginger,6589.0
Raichur,Karnataka,2903.1,152.0,Basin,0.0,Tea,5107.0
Raichur,Karnataka,2903.1,153.0,Basin,0.0,Tea,5518.0
Raichur,Karnataka,2903.1,154.0,Basin,0.0,Tea,4912.0
Raichur,Karnataka,2996.6,155.0,Basin,0.0,Tea,3830.0
Raichur,Karnataka,2996.6,157.0,Basin,0.0,Tea,2783.0
Raichur,Karnataka,3522.8,158.0,Spray,0.0,Tea,1533.0
Raichur,Karnataka,3522.8,159.0,Spray,0.0,Tea,1647.0
Raichur,Karnataka,3522.8,160.0,Spray,0.0,Tea,975.0
Raichur,Karnataka,3729.8,161.0,Spray,0.0,Tea,2.0
Raichur,Karnataka,2903.1,162.0,Spray,0.0,Tea,836.0
Raichur,Karnataka,2903.1,163.0,Spray,0.0,Tea,806.0
Raichur,Karnataka,2903.1,164.0,Spray,0.0,Tea,880.0
Raichur,Karnataka,2996.6,165.0,Spray,0.0,Tea,770.0
Raichur,Karnataka,2996.6,166.0,Spray,0.0,Tea,395.0
Raichur,Karnataka,2996.6,167.0,Spray,0.0,Paddy,187.0
Raichur,Karnataka,3522.8,168.0,Spray,0.0,Paddy,187.0
Raichur,Karnataka,3522.8,169.0,Spray,0.0,Paddy,121.0
Raichur,Karnataka,3522.8,170.0,Spray,0.0,Paddy,103.0
Raichur,Karnataka,3729.8,171.0,Spray,0.0,Paddy,71.0
Raichur,Karnataka,3729.8,172.0,Spray,0.0,Paddy,3961.0
Raichur,Karnataka,3729.8,173.0,Spray,0.0,Paddy,4247.0
Raichur,Karnataka,2746.2,174.0,Spray,0.0,Paddy,3290.0
Raichur,Karnataka,2746.2,175.0,Spray,0.0,Paddy,3138.0
Raichur,Karnataka,2746.2,176.0,Spray,0.0,Paddy,3423.0
Raichur,Karnataka,3360.0,177.0,Spray,0.0,Paddy,3899.0
Bangalore,Karnataka,3360.0,178.0,Spray,0.0,Paddy,4015.0
Bangalore,Karnataka,3360.0,179.0,Spray,0.0,Paddy,4279.0
Bangalore,Karnataka,3605.4,180.0,Spray,0.0,Paddy,4167.0
Bangalore,Karnataka,3605.4,181.0,Spray,0.0,Paddy,4479.0
Bangalore,Karnataka,3605.4,182.0,Spray,0.0,Groundnut,3699.0
Bangalore,Karnataka,3512.4,183.0,Spray,0.0,Groundnut,4904.0
Bangalore,Karnataka,3512.4,184.0,Spray,0.0,Groundnut,2821.0
Bangalore,Karnataka,3512.4,185.0,Spray,0.0,Groundnut,3472.0
Bangalore,Karnataka,3296.0,186.0,Spray,0.0,Groundnut,3647.0
Bangalore,Karnataka,3296.0,187.0,Spray,0.0,Groundnut,393.0
Bangalore,Karnataka,3296.0,188.0,Spray,0.0,Groundnut,167.0
Bangalore,Karnataka,3550.0,189.0,Spray,0.0,Groundnut,71.0
Bangalore,Karnataka,3550.0,190.0,Spray,0.0,Groundnut,52.0
Bangalore,Karnataka,3654.0,192.0,Spray,0.0,Groundnut,2783.0
Bangalore,Karnataka,3654.0,193.0,Spray,0.0,Groundnut,1533.0
Davangere,Karnataka,3654.0,194.0,Spray,0.0,Groundnut,1647.0
Davangere,Karnataka,3105.0,201.0,Spray,0.0,Blackgram,395.0
Davangere,Karnataka,3105.0,202.0,Drip,0.0,Blackgram,187.0
Davangere,Karnataka,3105.0,203.0,Drip,0.0,Blackgram,187.0
Davangere,Karnataka,2903.1,206.0,Drip,0.0,Blackgram,71.0
Davangere,Karnataka,2903.1,207.0,Drip,0.0,Blackgram,3961.0
Davangere,Karnataka,2903.1,208.0,Drip,0.0,Blackgram,4247.0
Davangere,Karnataka,2996.6,209.0,Drip,0.0,Blackgram,3290.0
Davangere,Karnataka,2996.6,210.0,Drip,0.0,Blackgram,3138.0
Davangere,Karnataka,2996.6,211.0,Drip,0.0,Blackgram,3423.0
Davangere,Karnataka,3522.8,212.0,Drip,0.0,Cashew,3899.0
Davangere,Karnataka,3522.8,213.0,Drip,0.0,Cashew,4015.0
Davangere,Karnataka,3522.8,214.0,Drip,0.0,Cashew,4279.0
Davangere,Karnataka,3729.8,215.0,Drip,0.0,Cashew,4167.0
Davangere,Karnataka,3729.8,216.0,Drip,0.0,Cashew,4479.0
Davangere,Karnataka,3729.8,217.0,Drip,0.0,Cashew,3699.0
Davangere,Karnataka,2746.2,218.0,Drip,0.0,Cashew,4904.0
Davangere,Karnataka,2746.2,219.0,Drip,0.0,Cashew,2821.0
Davangere,Karnataka,2746.2,220.0,Drip,0.0,Cashew,3472.0
Davangere,Karnataka,3360.0,221.0,Drip,0.0,Cashew,3647.0
Davangere,Karnataka,3360.0,222.0,Drip,0.0,Cashew,393.0
Davangere,Karnataka,3360.0,27.0,Drip,0.0,Cashew,167.0
Davangere,Karnataka,3605.4,27.0,Drip,0.0,Cashew,71.0
Davangere,Karnataka,3605.4,27.0,Drip,0.0,Cashew,52.0
Davangere,Karnataka,3605.4,27.0,Drip,0.0,Cashew,2570.0
Davangere,Karnataka,3512.4,27.2,Drip,0.0,Coconut,1402.0
Davangere,Karnataka,3296.0,27.0,Drip,0.0,Coconut,1132.0
Davangere,Karnataka,3550.0,27.0,Drip,0.0,Coconut,804.0
