OBJECTID,STATE_LGD,DISTRICT,STATE_UT,Shape_Leng,Shape_Area,Dist_LGD,REMARKS,Lat,Lon
297,29,B<galkot,Karn<taka,663809.400829,6.42467429774E9,0556,,16.15,75.5
297,29,B<galkot,Karn<taka,663809.400829,6.42467429774E9,0556,,16.15,75.505
297,29,B<galkot,Karn<taka,663809.400829,6.42467429774E9,0556,,16.15,75.50999999999999
297,29,B<galkot,Karn<taka,663809.400829,6.42467429774E9,0556,,16.15,75.51499999999999
297,29,B<galkot,Karn<taka,663809.400829,6.42467429774E9,0556,,16.15,75.51999999999998
297,29,B<galkot,Karn<taka,663809.400829,6.42467429774E9,0556,,16.15,75.52499999999998
297,29,B<galkot,Karn<taka,663809.400829,6.42467429774E9,0556,,16.15,75.52999999999997
297,29,B<galkot,Karn<taka,663809.400829,6.42467429774E9,0556,,16.15,75.53499999999997
297,29,B<galkot,Karn<taka,663809.400829,6.42467429774E9,0556,,16.15,75.53999999999996
297,29,B<galkot,Karn<taka,663809.400829,6.42467429774E9,0556,,16.15,75.54499999999996
297,29,B<galkot,Karn<taka,663809.400829,6.42467429774E9,0556,,16.15,75.54999999999995
297,29,B<galkot,Karn<taka,663809.400829,6.42467429774E9,0556,,16.15,75.55499999999995
297,29,B<galkot,Karn<taka,663809.400829,6.42467429774E9,0556,,16.15,75.55999999999995
297,29,B<galkot,Karn<taka,663809.400829,6.42467429774E9,0556,,16.15,75.56499999999994
297,29,B<galkot,Karn<taka,663809.400829,6.42467429774E9,0556,,16.15,75.56999999999994
297,29,B<galkot,Karn<taka,663809.400829,6.42467429774E9,0556,,16.15,75.57499999999993
297,29,B<galkot,Karn<taka,663809.400829,6.42467429774E9,0556,,16.15,75.57999999999993
297,29,B<galkot,Karn<taka,663809.400829,6.42467429774E9,0556,,16.15,75.58499999999992
297,29,B<galkot,Karn<taka,663809.400829,6.42467429774E9,0556,,16.15,75.58999999999992
297,29,B<galkot,Karn<taka,663809.400829,6.42467429774E9,0556,,16.15,75.59499999999991
297,29,B<galkot,Karn<taka,663809.400829,6.42467429774E9,0556,,16.15,75.59999999999991
297,29,B<galkot,Karn<taka,663809.400829,6.42467429774E9,0556,,16.15,75.6049999999999
297,29,B<galkot,Karn<taka,663809.400829,6.42467429774E9,0556,,16.15,75.6099999999999
297,29,B<galkot,Karn<taka,663809.400829,6.42467429774E9,0556,,16.15,75.6149999999999
297,29,B<galkot,Karn<taka,663809.400829,6.42467429774E9,0556,,16.15,75.61999999999989
297,29,B<galkot,Karn<taka,663809.400829,6.42467429774E9,0556,,16.15,75.62499999999989
297,29,B<galkot,Karn<taka,663809.400829,6.42467429774E9,0556,,16.15,75.62999999999988
297,29,B<galkot,Karn<taka,663809.400829,6.42467429774E9,0556,,16.15,75.63499999999988
297,29,B<galkot,Karn<taka,663809.400829,6.42467429774E9,0556,,16.15,75.63999999999987
297,29,B<galkot,Karn<taka,663809.400829,6.42467429774E9,0556,,16.15,75.64499999999987
297,29,B<galkot,Karn<taka,663809.400829,6.42467429774E9,0556,,16.15,75.64999999999986
297,29,B<galkot,Karn<taka,663809.400829,6.42467429774E9,0556,,16.15,75.65499999999986
297,29,B<galkot,Karn<taka,663809.400829,6.42467429774E9,0556,,16.15,75.65999999999985
297,29,B<galkot,Karn<taka,663809.400829,6.42467429774E9,0556,,16.15,75.66499999999985
297,29,B<galkot,Karn<taka,663809.400829,6.42467429774E9,0556,,16.15,75.66999999999985
297,29,B<galkot,Karn<taka,663809.400829,6.42467429774E9,0556,,16.15,75.67499999999984
297,29,B<galkot,Karn<taka,663809.400829,6.42467429774E9,0556,,16.15,75.67999999999984
297,29,B<galkot,Karn<taka,663809.400829,6.42467429774E9,0556,,16.15,75.68499999999983
297,29,B<galkot,Karn<taka,663809.400829,6.42467429774E9,0556,,16.15,75.68999999999983
297,29,B<galkot,Karn<taka,663809.400829,6.42467429774E9,0556,,16.15,75.69499999999982
297,29,B<galkot,Karn<taka,663809.400829,6.42467429774E9,0556,,16.15,75.69999999999982
297,29,B<galkot,Karn<taka,663809.400829,6.42467429774E9,0556,,16.15,75.70499999999981
297,29,B<galkot,Karn<taka,663809.400829,6.42467429774E9,0556,,16.15,75.70999999999981
297,29,B<galkot,Karn<taka,663809.400829,6.42467429774E9,0556,,16.15,75.7149999999998
297,29,B<galkot,Karn<taka,663809.400829,6.42467429774E9,0556,,16.15,75.7199999999998
297,29,B<galkot,Karn<taka,663809.400829,6.42467429774E9,0556,,16.15,75.7249999999998
297,29,B<galkot,Karn<taka,663809.400829,6.42467429774E9,0556,,16.15,75.72999999999979
297,29,B<galkot,Karn<taka,663809.400829,6.42467429774E9,0556,,16.15,75.73499999999979
297,29,B<galkot,Karn<taka,663809.400829,6.42467429774E9,0556,,16.15,75.73999999999978
297,29,B<galkot,Karn<taka,663809.400829,6.42467429774E9,0556,,16.15,75.74499999999978
297,29,B<galkot,Karn<taka,663809.400829,6.42467429774E9,0556,,16.15,75.74999999999977
297,29,B<galkot,Karn<taka,663809.400829,6.42467429774E9,0556,,16.154999999999998,75.5
297,29,B<galkot,Karn<taka,663809.400829,6.42467429774E9,0556,,16.154999999999998,75.505
297,29,B<galkot,Karn<taka,663809.400829,6.42467429774E9,0556,,16.154999999999998,75.50999999999999
297,29,B<galkot,Karn<taka,663809.400829,6.42467429774E9,0556,,16.154999999999998,75.51499999999999
297,29,B<galkot,Karn<taka,663809.400829,6.42467429774E9,0556,,16.154999999999998,75.51999999999998
297,29,B<galkot,Karn<taka,663809.400829,6.42467429774E9,0556,,16.154999999999998,75.52499999999998
297,29,B<galkot,Karn<taka,663809.400829,6.42467429774E9,0556,,16.154999999999998,75.52999999999997
297,29,B<galkot,Karn<taka,663809.400829,6.42467429774E9,0556,,16.154999999999998,75.53499999999997
297,29,B<galkot,Karn<taka,663809.400829,6.42467429774E9,0556,,16.154999999999998,75.53999999999996
297,29,B<galkot,Karn<taka,663809.400829,6.42467429774E9,0556,,16.154999999999998,75.54499999999996
297,29,B<galkot,Karn<taka,663809.400829,6.42467429774E9,0556,,16.154999999999998,75.54999999999995
297,29,B<galkot,Karn<taka,663809.400829,6.42467429774E9,0556,,16.154999999999998,75.55499999999995
297,29,B<galkot,Karn<taka,663809.400829,6.42467429774E9,0556,,16.154999999999998,75.55999999999995
297,29,B<galkot,Karn<taka,663809.400829,6.42467429774E9,0556,,16.154999999999998,75.56499999999994
297,29,B<galkot,Karn<taka,663809.400829,6.42467429774E9,0556,,16.154999999999998,75.56999999999994
297,29,B<galkot,Karn<taka,663809.400829,6.42467429774E9,0556,,16.154999999999998,75.57499999999993
297,29,B<galkot,Karn<taka,663809.400829,6.42467429774E9,0556,,16.154999999999998,75.57999999999993
297,29,B<galkot,Karn<taka,663809.400829,6.42467429774E9,0556,,16.154999999999998,75.58499999999992
297,29,B<galkot,Karn<taka,663809.400829,6.42467429774E9,0556,,16.154999999999998,75.58999999999992
297,29,B<galkot,Karn<taka,663809.400829,6.42467429774E9,0556,,16.154999999999998,75.59499999999991
297,29,B<galkot,Karn<taka,663809.400829,6.42467429774E9,0556,,16.154999999999998,75.59999999999991
297,29,B<galkot,Karn<taka,663809.400829,6.42467429774E9,0556,,16.154999999999998,75.6049999999999
297,29,B<galkot,Karn<taka,663809.400829,6.42467429774E9,0556,,16.154999999999998,75.6099999999999
297,29,B<galkot,Karn<taka,663809.400829,6.42467429774E9,0556,,16.154999999999998,75.6149999999999
297,29,B<galkot,Karn<taka,663809.400829,6.42467429774E9,0556,,16.154999999999998,75.61999999999989
297,29,B<galkot,Karn<taka,663809.400829,6.42467429774E9,0556,,16.154999999999998,75.62499999999989
297,29,B<galkot,Karn<taka,663809.400829,6.42467429774E9,0556,,16.154999999999998,75.62999999999988
297,29,B<galkot,Karn<taka,663809.400829,6.42467429774E9,0556,,16.154999999999998,75.63499999999988
297,29,B<galkot,Karn<taka,663809.400829,6.42467429774E9,0556,,16.154999999999998,75.63999999999987
297,29,B<galkot,Karn<taka,663809.400829,6.42467429774E9,0556,,16.154999999999998,75.64499999999987
297,29,B<galkot,Karn<taka,663809.400829,6.42467429774E9,0556,,16.154999999999998,75.64999999999986
297,29,B<galkot,Karn<taka,663809.400829,6.42467429774E9,0556,,16.154999999999998,75.65499999999986
297,29,B<galkot,Karn<taka,663809.400829,6.42467429774E9,0556,,16.154999999999998,75.65999999999985
297,29,B<galkot,Karn<taka,663809.400829,6.42467429774E9,0556,,16.154999999999998,75.66499999999985
297,29,B<galkot,Karn<taka,663809.400829,6.42467429774E9,0556,,16.154999999999998,75.66999999999985
297,29,B<galkot,Karn<taka,663809.400829,6.42467429774E9,0556,,16.154999999999998,75.67499999999984
297,29,B<galkot,Karn<taka,663809.400829,6.42467429774E9,0556,,16.154999999999998,75.67999999999984
297,29,B<galkot,Karn<taka,663809.400829,6.42467429774E9,0556,,16.154999999999998,75.68499999999983
297,29,B<galkot,Karn<taka,663809.400829,6.42467429774E9,0556,,16.154999999999998,75.68999999999983
297,29,B<galkot,Karn<taka,663809.400829,6.42467429774E9,0556,,16.154999999999998,75.69499999999982
297,29,B<galkot,Karn<taka,663809.400829,6.42467429774E9,0556,,16.154999999999998,75.69999999999982
297,29,B<galkot,Karn<taka,663809.400829,6.42467429774E9,0556,,16.154999999999998,75.70499999999981
297,29,B<galkot,Karn<taka,663809.400829,6.42467429774E9,0556,,16.154999999999998,75.70999999999981
297,29,B<galkot,Karn<taka,663809.400829,6.42467429774E9,0556,,16.154999999999998,75.7149999999998
297,29,B<galkot,Karn<taka,663809.400829,6.42467429774E9,0556,,16.154999999999998,75.7199999999998
297,29,B<galkot,Karn<taka,663809.400829,6.42467429774E9,0556,,16.154999999999998,75.7249999999998
297,29,B<galkot,Karn<taka,663809.400829,6.42467429774E9,0556,,16.154999999999998,75.72999999999979
297,29,B<galkot,Karn<taka,663809.400829,6.42467429774E9,0556,,16.154999999999998,75.73499999999979
297,29,B<galkot,Karn<taka,663809.400829,6.42467429774E9,0556,,16.154999999999998,75.73999999999978
297,29,B<galkot,Karn<taka,663809.400829,6.42467429774E9,0556,,16.154999999999998,75.74499999999978
297,29,B<galkot,Karn<taka,663809.400829,6.42467429774E9,0556,,16.154999999999998,75.74999999999977
297,29,B<galkot,Karn<taka,663809.400829,6.42467429774E9,0556,,16.159999999999997,75.5
297,29,B<galkot,Karn<taka,663809.400829,6.42467429774E9,0556,,16.159999999999997,75.505
297,29,B<galkot,Karn<taka,663809.400829,6.42467429774E9,0556,,16.159999999999997,75.50999999999999
297,29,B<galkot,Karn<taka,663809.400829,6.42467429774E9,0556,,16.159999999999997,75.51499999999999
297,29,B<galkot,Karn<taka,663809.400829,6.42467429774E9,0556,,16.159999999999997,75.51999999999998
297,29,B<galkot,Karn<taka,663809.400829,6.42467429774E9,0556,,16.159999999999997,75.52499999999998
297,29,B<galkot,Karn<taka,663809.400829,6.42467429774E9,0556,,16.159999999999997,75.52999999999997
297,29,B<galkot,Karn<taka,663809.400829,6.42467429774E9,0556,,16.159999999999997,75.53499999999997
297,29,B<galkot,Karn<taka,663809.400829,6.42467429774E9,0556,,16.159999999999997,75.53999999999996
297,29,B<galkot,Karn<taka,663809.400829,6.42467429774E9,0556,,16.159999999999997,75.54499999999996
297,29,B<galkot,Karn<taka,663809.400829,6.42467429774E9,0556,,16.159999999999997,75.54999999999995
297,29,B<galkot,Karn<taka,663809.400829,6.42467429774E9,0556,,16.159999999999997,75.55499999999995
297,29,B<galkot,Karn<taka,663809.400829,6.42467429774E9,0556,,16.159999999999997,75.55999999999995
297,29,B<galkot,Karn<taka,663809.400829,6.42467429774E9,0556,,16.159999999999997,75.56499999999994
297,29,B<galkot,Karn<taka,663809.400829,6.42467429774E9,0556,,16.159999999999997,75.56999999999994
297,29,B<galkot,Karn<taka,663809.400829,6.42467429774E9,0556,,16.159999999999997,75.57499999999993
297,29,B<galkot,Karn<taka,663809.400829,6.42467429774E9,0556,,16.159999999999997,75.57999999999993
297,29,B<galkot,Karn<taka,663809.400829,6.42467429774E9,0556,,16.159999999999997,75.58499999999992
297,29,B<galkot,Karn<taka,663809.400829,6.42467429774E9,0556,,16.159999999999997,75.58999999999992
297,29,B<galkot,Karn<taka,663809.400829,6.42467429774E9,0556,,16.159999999999997,75.59499999999991
297,29,B<galkot,Karn<taka,663809.400829,6.42467429774E9,0556,,16.159999999999997,75.59999999999991
297,29,B<galkot,Karn<taka,663809.400829,6.42467429774E9,0556,,16.159999999999997,75.6049999999999
297,29,B<galkot,Karn<taka,663809.400829,6.42467429774E9,0556,,16.159999999999997,75.6099999999999
297,29,B<galkot,Karn<taka,663809.400829,6.42467429774E9,0556,,16.159999999999997,75.6149999999999
297,29,B<galkot,Karn<taka,663809.400829,6.42467429774E9,0556,,16.159999999999997,75.61999999999989
297,29,B<galkot,Karn<taka,663809.400829,6.42467429774E9,0556,,16.159999999999997,75.62499999999989
297,29,B<galkot,Karn<taka,663809.400829,6.42467429774E9,0556,,16.159999999999997,75.62999999999988
297,29,B<galkot,Karn<taka,663809.400829,6.42467429774E9,0556,,16.159999999999997,75.63499999999988
297,29,B<galkot,Karn<taka,663809.400829,6.42467429774E9,0556,,16.159999999999997,75.63999999999987
297,29,B<galkot,Karn<taka,663809.400829,6.42467429774E9,0556,,16.159999999999997,75.64499999999987
297,29,B<galkot,Karn<taka,663809.400829,6.42467429774E9,0556,,16.159999999999997,75.64999999999986
297,29,B<galkot,Karn<taka,663809.400829,6.42467429774E9,0556,,16.159999999999997,75.65499999999986
297,29,B<galkot,Karn<taka,663809.400829,6.42467429774E9,0556,,16.159999999999997,75.65999999999985
297,29,B<galkot,Karn<taka,663809.400829,6.42467429774E9,0556,,16.159999999999997,75.66499999999985
297,29,B<galkot,Karn<taka,663809.400829,6.42467429774E9,0556,,16.159999999999997,75.66999999999985
297,29,B<galkot,Karn<taka,663809.400829,6.42467429774E9,0556,,16.159999999999997,75.67499999999984
297,29,B<galkot,Karn<taka,663809.400829,6.42467429774E9,0556,,16.159999999999997,75.67999999999984
297,29,B<galkot,Karn<taka,663809.400829,6.42467429774E9,0556,,16.159999999999997,75.68499999999983
297,29,B<galkot,Karn<taka,663809.400829,6.42467429774E9,0556,,16.159999999999997,75.68999999999983
297,29,B<galkot,Karn<taka,663809.400829,6.42467429774E9,0556,,16.159999999999997,75.69499999999982
297,29,B<galkot,Karn<taka,663809.400829,6.42467429774E9,0556,,16.159999999999997,75.69999999999982
297,29,B<galkot,Karn<taka,663809.400829,6.42467429774E9,0556,,16.159999999999997,75.70499999999981
297,29,B<galkot,Karn<taka,663809.400829,6.42467429774E9,0556,,16.159999999999997,75.70999999999981
297,29,B<galkot,Karn<taka,663809.400829,6.42467429774E9,0556,,16.159999999999997,75.7149999999998
297,29,B<galkot,Karn<taka,663809.400829,6.42467429774E9,0556,,16.159999999999997,75.7199999999998
297,29,B<galkot,Karn<taka,663809.400829,6.42467429774E9,0556,,16.159999999999997,75.7249999999998
297,29,B<galkot,Karn<taka,663809.400829,6.42467429774E9,0556,,16.159999999999997,75.72999999999979
297,29,B<galkot,Karn<taka,663809.400829,6.42467429774E9,0556,,16.159999999999997,75.73499999999979
297,29,B<galkot,Karn<taka,663809.400829,6.42467429774E9,0556,,16.159999999999997,75.73999999999978
297,29,B<galkot,Karn<taka,663809.400829,6.42467429774E9,0556,,16.159999999999997,75.74499999999978
297,29,B<galkot,Karn<taka,663809.400829,6.42467429774E9,0556,,16.159999999999997,75.74999999999977
297,29,B<galkot,Karn<taka,663809.400829,6.42467429774E9,0556,,16.164999999999996,75.5
297,29,B<galkot,Karn<taka,663809.400829,6.42467429774E9,0556,,16.164999999999996,75.505
297,29,B<galkot,Karn<taka,663809.400829,6.42467429774E9,0556,,16.164999999999996,75.50999999999999
297,29,B<galkot,Karn<taka,663809.400829,6.42467429774E9,0556,,16.164999999999996,75.51499999999999
297,29,B<galkot,Karn<taka,663809.400829,6.42467429774E9,0556,,16.164999999999996,75.51999999999998
297,29,B<galkot,Karn<taka,663809.400829,6.42467429774E9,0556,,16.164999999999996,75.52499999999998
297,29,B<galkot,Karn<taka,663809.400829,6.42467429774E9,0556,,16.164999999999996,75.52999999999997
297,29,B<galkot,Karn<taka,663809.400829,6.42467429774E9,0556,,16.164999999999996,75.53499999999997
297,29,B<galkot,Karn<taka,663809.400829,6.42467429774E9,0556,,16.164999999999996,75.53999999999996
297,29,B<galkot,Karn<taka,663809.400829,6.42467429774E9,0556,,16.164999999999996,75.54499999999996
297,29,B<galkot,Karn<taka,663809.400829,6.42467429774E9,0556,,16.164999999999996,75.54999999999995
297,29,B<galkot,Karn<taka,663809.400829,6.42467429774E9,0556,,16.164999999999996,75.55499999999995
297,29,B<galkot,Karn<taka,663809.400829,6.42467429774E9,0556,,16.164999999999996,75.55999999999995
297,29,B<galkot,Karn<taka,663809.400829,6.42467429774E9,0556,,16.164999999999996,75.56499999999994
297,29,B<galkot,Karn<taka,663809.400829,6.42467429774E9,0556,,16.164999999999996,75.56999999999994
297,29,B<galkot,Karn<taka,663809.400829,6.42467429774E9,0556,,16.164999999999996,75.57499999999993
297,29,B<galkot,Karn<taka,663809.400829,6.42467429774E9,0556,,16.164999999999996,75.57999999999993
297,29,B<galkot,Karn<taka,663809.400829,6.42467429774E9,0556,,16.164999999999996,75.58499999999992
297,29,B<galkot,Karn<taka,663809.400829,6.42467429774E9,0556,,16.164999999999996,75.58999999999992
297,29,B<galkot,Karn<taka,663809.400829,6.42467429774E9,0556,,16.164999999999996,75.59499999999991
297,29,B<galkot,Karn<taka,663809.400829,6.42467429774E9,0556,,16.164999999999996,75.59999999999991
297,29,B<galkot,Karn<taka,663809.400829,6.42467429774E9,0556,,16.164999999999996,75.6049999999999
297,29,B<galkot,Karn<taka,663809.400829,6.42467429774E9,0556,,16.164999999999996,75.6099999999999
297,29,B<galkot,Karn<taka,663809.400829,6.42467429774E9,0556,,16.164999999999996,75.6149999999999
297,29,B<galkot,Karn<taka,663809.400829,6.42467429774E9,0556,,16.164999999999996,75.61999999999989
297,29,B<galkot,Karn<taka,663809.400829,6.42467429774E9,0556,,16.164999999999996,75.62499999999989
297,29,B<galkot,Karn<taka,663809.400829,6.42467429774E9,0556,,16.164999999999996,75.62999999999988
297,29,B<galkot,Karn<taka,663809.400829,6.42467429774E9,0556,,16.164999999999996,75.63499999999988
297,29,B<galkot,Karn<taka,663809.400829,6.42467429774E9,0556,,16.164999999999996,75.63999999999987
297,29,B<galkot,Karn<taka,663809.400829,6.42467429774E9,0556,,16.164999999999996,75.64499999999987
297,29,B<galkot,Karn<taka,663809.400829,6.42467429774E9,0556,,16.164999999999996,75.64999999999986
297,29,B<galkot,Karn<taka,663809.400829,6.42467429774E9,0556,,16.164999999999996,75.65499999999986
297,29,B<galkot,Karn<taka,663809.400829,6.42467429774E9,0556,,16.164999999999996,75.65999999999985
297,29,B<galkot,Karn<taka,663809.400829,6.42467429774E9,0556,,16.164999999999996,75.66499999999985
297,29,B<galkot,Karn<taka,663809.400829,6.42467429774E9,0556,,16.164999999999996,75.66999999999985
297,29,B<galkot,Karn<taka,663809.400829,6.42467429774E9,0556,,16.164999999999996,75.67499999999984
297,29,B<galkot,Karn<taka,663809.400829,6.42467429774E9,0556,,16.164999999999996,75.67999999999984
297,29,B<galkot,Karn<taka,663809.400829,6.42467429774E9,0556,,16.164999999999996,75.68499999999983
297,29,B<galkot,Karn<taka,663809.400829,6.42467429774E9,0556,,16.164999999999996,75.68999999999983
297,29,B<galkot,Karn<taka,663809.400829,6.42467429774E9,0556,,16.164999999999996,75.69499999999982
297,29,B<galkot,Karn<taka,663809.400829,6.42467429774E9,0556,,16.164999999999996,75.69999999999982
297,29,B<galkot,Karn<taka,663809.400829,6.42467429774E9,0556,,16.164999999999996,75.70499999999981
297,29,B<galkot,Karn<taka,663809.400829,6.42467429774E9,0556,,16.164999999999996,75.70999999999981
297,29,B<galkot,Karn<taka,663809.400829,6.42467429774E9,0556,,16.164999999999996,75.7149999999998
297,29,B<galkot,Karn<taka,663809.400829,6.42467429774E9,0556,,16.164999999999996,75.7199999999998
297,29,B<galkot,Karn<taka,663809.400829,6.42467429774E9,0556,,16.164999999999996,75.7249999999998
297,29,B<galkot,Karn<taka,663809.400829,6.42467429774E9,0556,,16.164999999999996,75.72999999999979
297,29,B<galkot,Karn<taka,663809.400829,6.42467429774E9,0556,,16.164999999999996,75.73499999999979
297,29,B<galkot,Karn<taka,663809.400829,6.42467429774E9,0556,,16.164999999999996,75.73999999999978
297,29,B<galkot,Karn<taka,663809.400829,6.42467429774E9,0556,,16.164999999999996,75.74499999999978
297,29,B<galkot,Karn<taka,663809.400829,6.42467429774E9,0556,,16.164999999999996,75.74999999999977
297,29,B<galkot,Karn<taka,663809.400829,6.42467429774E9,0556,,16.169999999999995,75.5
297,29,B<galkot,Karn<taka,663809.400829,6.42467429774E9,0556,,16.169999999999995,75.505
297,29,B<galkot,Karn<taka,663809.400829,6.42467429774E9,0556,,16.169999999999995,75.50999999999999
297,29,B<galkot,Karn<taka,663809.400829,6.42467429774E9,0556,,16.169999999999995,75.51499999999999
297,29,B<galkot,Karn<taka,663809.400829,6.42467429774E9,0556,,16.169999999999995,75.51999999999998
297,29,B<galkot,Karn<taka,663809.400829,6.42467429774E9,0556,,16.169999999999995,75.52499999999998
297,29,B<galkot,Karn<taka,663809.400829,6.42467429774E9,0556,,16.169999999999995,75.52999999999997
297,29,B<galkot,Karn<taka,663809.400829,6.42467429774E9,0556,,16.169999999999995,75.53499999999997
297,29,B<galkot,Karn<taka,663809.400829,6.42467429774E9,0556,,16.169999999999995,75.53999999999996
297,29,B<galkot,Karn<taka,663809.400829,6.42467429774E9,0556,,16.169999999999995,75.54499999999996
297,29,B<galkot,Karn<taka,663809.400829,6.42467429774E9,0556,,16.169999999999995,75.54999999999995
297,29,B<galkot,Karn<taka,663809.400829,6.42467429774E9,0556,,16.169999999999995,75.55499999999995
297,29,B<galkot,Karn<taka,663809.400829,6.42467429774E9,0556,,16.169999999999995,75.55999999999995
297,29,B<galkot,Karn<taka,663809.400829,6.42467429774E9,0556,,16.169999999999995,75.56499999999994
297,29,B<galkot,Karn<taka,663809.400829,6.42467429774E9,0556,,16.169999999999995,75.56999999999994
297,29,B<galkot,Karn<taka,663809.400829,6.42467429774E9,0556,,16.169999999999995,75.57499999999993
297,29,B<galkot,Karn<taka,663809.400829,6.42467429774E9,0556,,16.169999999999995,75.57999999999993
297,29,B<galkot,Karn<taka,663809.400829,6.42467429774E9,0556,,16.169999999999995,75.58499999999992
297,29,B<galkot,Karn<taka,663809.400829,6.42467429774E9,0556,,16.169999999999995,75.58999999999992
297,29,B<galkot,Karn<taka,663809.400829,6.42467429774E9,0556,,16.169999999999995,75.59499999999991
297,29,B<galkot,Karn<taka,663809.400829,6.42467429774E9,0556,,16.169999999999995,75.59999999999991
297,29,B<galkot,Karn<taka,663809.400829,6.42467429774E9,0556,,16.169999999999995,75.6049999999999
297,29,B<galkot,Karn<taka,663809.400829,6.42467429774E9,0556,,16.169999999999995,75.6099999999999
297,29,B<galkot,Karn<taka,663809.400829,6.42467429774E9,0556,,16.169999999999995,75.6149999999999
297,29,B<galkot,Karn<taka,663809.400829,6.42467429774E9,0556,,16.169999999999995,75.61999999999989
297,29,B<galkot,Karn<taka,663809.400829,6.42467429774E9,0556,,16.169999999999995,75.62499999999989
297,29,B<galkot,Karn<taka,663809.400829,6.42467429774E9,0556,,16.169999999999995,75.62999999999988
297,29,B<galkot,Karn<taka,663809.400829,6.42467429774E9,0556,,16.169999999999995,75.63499999999988
297,29,B<galkot,Karn<taka,663809.400829,6.42467429774E9,0556,,16.169999999999995,75.63999999999987
297,29,B<galkot,Karn<taka,663809.400829,6.42467429774E9,0556,,16.169999999999995,75.64499999999987
297,29,B<galkot,Karn<taka,663809.400829,6.42467429774E9,0556,,16.169999999999995,75.64999999999986
297,29,B<galkot,Karn<taka,663809.400829,6.42467429774E9,0556,,16.169999999999995,75.65499999999986
297,29,B<galkot,Karn<taka,663809.400829,6.42467429774E9,0556,,16.169999999999995,75.65999999999985
297,29,B<galkot,Karn<taka,663809.400829,6.42467429774E9,0556,,16.169999999999995,75.66499999999985
297,29,B<galkot,Karn<taka,663809.400829,6.42467429774E9,0556,,16.169999999999995,75.66999999999985
297,29,B<galkot,Karn<taka,663809.400829,6.42467429774E9,0556,,16.169999999999995,75.67499999999984
297,29,B<galkot,Karn<taka,663809.400829,6.42467429774E9,0556,,16.169999999999995,75.67999999999984
297,29,B<galkot,Karn<taka,663809.400829,6.42467429774E9,0556,,16.169999999999995,75.68499999999983
297,29,B<galkot,Karn<taka,663809.400829,6.42467429774E9,0556,,16.169999999999995,75.68999999999983
297,29,B<galkot,Karn<taka,663809.400829,6.42467429774E9,0556,,16.169999999999995,75.69499999999982
297,29,B<galkot,Karn<taka,663809.400829,6.42467429774E9,0556,,16.169999999999995,75.69999999999982
297,29,B<galkot,Karn<taka,663809.400829,6.42467429774E9,0556,,16.169999999999995,75.70499999999981
297,29,B<galkot,Karn<taka,663809.400829,6.42467429774E9,0556,,16.169999999999995,75.70999999999981
297,29,B<galkot,Karn<taka,663809.400829,6.42467429774E9,0556,,16.169999999999995,75.7149999999998
297,29,B<galkot,Karn<taka,663809.400829,6.42467429774E9,0556,,16.169999999999995,75.7199999999998
297,29,B<galkot,Karn<taka,663809.400829,6.42467429774E9,0556,,16.169999999999995,75.7249999999998
297,29,B<galkot,Karn<taka,663809.400829,6.42467429774E9,0556,,16.169999999999995,75.72999999999979
297,29,B<galkot,Karn<taka,663809.400829,6.42467429774E9,0556,,16.169999999999995,75.73499999999979
297,29,B<galkot,Karn<taka,663809.400829,6.42467429774E9,0556,,16.169999999999995,75.73999999999978
297,29,B<galkot,Karn<taka,663809.400829,6.42467429774E9,0556,,16.169999999999995,75.74499999999978
297,29,B<galkot,Karn<taka,663809.400829,6.42467429774E9,0556,,16.169999999999995,75.74999999999977
297,29,B<galkot,Karn<taka,663809.400829,6.42467429774E9,0556,,16.174999999999994,75.5
297,29,B<galkot,Karn<taka,663809.400829,6.42467429774E9,0556,,16.174999999999994,75.505
297,29,B<galkot,Karn<taka,663809.400829,6.42467429774E9,0556,,16.174999999999994,75.50999999999999
297,29,B<galkot,Karn<taka,663809.400829,6.42467429774E9,0556,,16.174999999999994,75.51499999999999
297,29,B<galkot,Karn<taka,663809.400829,6.42467429774E9,0556,,16.174999999999994,75.51999999999998
297,29,B<galkot,Karn<taka,663809.400829,6.42467429774E9,0556,,16.174999999999994,75.52499999999998
297,29,B<galkot,Karn<taka,663809.400829,6.42467429774E9,0556,,16.174999999999994,75.52999999999997
297,29,B<galkot,Karn<taka,663809.400829,6.42467429774E9,0556,,16.174999999999994,75.53499999999997
297,29,B<galkot,Karn<taka,663809.400829,6.42467429774E9,0556,,16.174999999999994,75.53999999999996
297,29,B<galkot,Karn<taka,663809.400829,6.42467429774E9,0556,,16.174999999999994,75.54499999999996
297,29,B<galkot,Karn<taka,663809.400829,6.42467429774E9,0556,,16.174999999999994,75.54999999999995
297,29,B<galkot,Karn<taka,663809.400829,6.42467429774E9,0556,,16.174999999999994,75.55499999999995
297,29,B<galkot,Karn<taka,663809.400829,6.42467429774E9,0556,,16.174999999999994,75.55999999999995
297,29,B<galkot,Karn<taka,663809.400829,6.42467429774E9,0556,,16.174999999999994,75.56499999999994
297,29,B<galkot,Karn<taka,663809.400829,6.42467429774E9,0556,,16.174999999999994,75.56999999999994
297,29,B<galkot,Karn<taka,663809.400829,6.42467429774E9,0556,,16.174999999999994,75.57499999999993
297,29,B<galkot,Karn<taka,663809.400829,6.42467429774E9,0556,,16.174999999999994,75.57999999999993
297,29,B<galkot,Karn<taka,663809.400829,6.42467429774E9,0556,,16.174999999999994,75.58499999999992
297,29,B<galkot,Karn<taka,663809.400829,6.42467429774E9,0556,,16.174999999999994,75.58999999999992
297,29,B<galkot,Karn<taka,663809.400829,6.42467429774E9,0556,,16.174999999999994,75.59499999999991
297,29,B<galkot,Karn<taka,663809.400829,6.42467429774E9,0556,,16.174999999999994,75.59999999999991
297,29,B<galkot,Karn<taka,663809.400829,6.42467429774E9,0556,,16.174999999999994,75.6049999999999
297,29,B<galkot,Karn<taka,663809.400829,6.42467429774E9,0556,,16.174999999999994,75.6099999999999
297,29,B<galkot,Karn<taka,663809.400829,6.42467429774E9,0556,,16.174999999999994,75.6149999999999
297,29,B<galkot,Karn<taka,663809.400829,6.42467429774E9,0556,,16.174999999999994,75.61999999999989
297,29,B<galkot,Karn<taka,663809.400829,6.42467429774E9,0556,,16.174999999999994,75.62499999999989
297,29,B<galkot,Karn<taka,663809.400829,6.42467429774E9,0556,,16.174999999999994,75.62999999999988
297,29,B<galkot,Karn<taka,663809.400829,6.42467429774E9,0556,,16.174999999999994,75.63499999999988
297,29,B<galkot,Karn<taka,663809.400829,6.42467429774E9,0556,,16.174999999999994,75.63999999999987
297,29,B<galkot,Karn<taka,663809.400829,6.42467429774E9,0556,,16.174999999999994,75.64499999999987
297,29,B<galkot,Karn<taka,663809.400829,6.42467429774E9,0556,,16.174999999999994,75.64999999999986
297,29,B<galkot,Karn<taka,663809.400829,6.42467429774E9,0556,,16.174999999999994,75.65499999999986
297,29,B<galkot,Karn<taka,663809.400829,6.42467429774E9,0556,,16.174999999999994,75.65999999999985
297,29,B<galkot,Karn<taka,663809.400829,6.42467429774E9,0556,,16.174999999999994,75.66499999999985
297,29,B<galkot,Karn<taka,663809.400829,6.42467429774E9,0556,,16.174999999999994,75.66999999999985
297,29,B<galkot,Karn<taka,663809.400829,6.42467429774E9,0556,,16.174999999999994,75.67499999999984
297,29,B<galkot,Karn<taka,663809.400829,6.42467429774E9,0556,,16.174999999999994,75.67999999999984
297,29,B<galkot,Karn<taka,663809.400829,6.42467429774E9,0556,,16.174999999999994,75.68499999999983
297,29,B<galkot,Karn<taka,663809.400829,6.42467429774E9,0556,,16.174999999999994,75.68999999999983
297,29,B<galkot,Karn<taka,663809.400829,6.42467429774E9,0556,,16.174999999999994,75.69499999999982
297,29,B<galkot,Karn<taka,663809.400829,6.42467429774E9,0556,,16.174999999999994,75.69999999999982
297,29,B<galkot,Karn<taka,663809.400829,6.42467429774E9,0556,,16.174999999999994,75.70499999999981
297,29,B<galkot,Karn<taka,663809.400829,6.42467429774E9,0556,,16.174999999999994,75.70999999999981
297,29,B<galkot,Karn<taka,663809.400829,6.42467429774E9,0556,,16.174999999999994,75.7149999999998
297,29,B<galkot,Karn<taka,663809.400829,6.42467429774E9,0556,,16.174999999999994,75.7199999999998
297,29,B<galkot,Karn<taka,663809.400829,6.42467429774E9,0556,,16.174999999999994,75.7249999999998
297,29,B<galkot,Karn<taka,663809.400829,6.42467429774E9,0556,,16.174999999999994,75.72999999999979
297,29,B<galkot,Karn<taka,663809.400829,6.42467429774E9,0556,,16.174999999999994,75.73499999999979
297,29,B<galkot,Karn<taka,663809.400829,6.42467429774E9,0556,,16.174999999999994,75.73999999999978
297,29,B<galkot,Karn<taka,663809.400829,6.42467429774E9,0556,,16.174999999999994,75.74499999999978
297,29,B<galkot,Karn<taka,663809.400829,6.42467429774E9,0556,,16.174999999999994,75.74999999999977
297,29,B<galkot,Karn<taka,663809.400829,6.42467429774E9,0556,,16.179999999999993,75.5
297,29,B<galkot,Karn<taka,663809.400829,6.42467429774E9,0556,,16.179999999999993,75.505
297,29,B<galkot,Karn<taka,663809.400829,6.42467429774E9,0556,,16.179999999999993,75.50999999999999
297,29,B<galkot,Karn<taka,663809.400829,6.42467429774E9,0556,,16.179999999999993,75.51499999999999
297,29,B<galkot,Karn<taka,663809.400829,6.42467429774E9,0556,,16.179999999999993,75.51999999999998
297,29,B<galkot,Karn<taka,663809.400829,6.42467429774E9,0556,,16.179999999999993,75.52499999999998
297,29,B<galkot,Karn<taka,663809.400829,6.42467429774E9,0556,,16.179999999999993,75.52999999999997
297,29,B<galkot,Karn<taka,663809.400829,6.42467429774E9,0556,,16.179999999999993,75.53499999999997
297,29,B<galkot,Karn<taka,663809.400829,6.42467429774E9,0556,,16.179999999999993,75.53999999999996
297,29,B<galkot,Karn<taka,663809.400829,6.42467429774E9,0556,,16.179999999999993,75.54499999999996
297,29,B<galkot,Karn<taka,663809.400829,6.42467429774E9,0556,,16.179999999999993,75.54999999999995
297,29,B<galkot,Karn<taka,663809.400829,6.42467429774E9,0556,,16.179999999999993,75.55499999999995
297,29,B<galkot,Karn<taka,663809.400829,6.42467429774E9,0556,,16.179999999999993,75.55999999999995
297,29,B<galkot,Karn<taka,663809.400829,6.42467429774E9,0556,,16.179999999999993,75.56499999999994
297,29,B<galkot,Karn<taka,663809.400829,6.42467429774E9,0556,,16.179999999999993,75.56999999999994
297,29,B<galkot,Karn<taka,663809.400829,6.42467429774E9,0556,,16.179999999999993,75.57499999999993
297,29,B<galkot,Karn<taka,663809.400829,6.42467429774E9,0556,,16.179999999999993,75.57999999999993
297,29,B<galkot,Karn<taka,663809.400829,6.42467429774E9,0556,,16.179999999999993,75.58499999999992
297,29,B<galkot,Karn<taka,663809.400829,6.42467429774E9,0556,,16.179999999999993,75.58999999999992
297,29,B<galkot,Karn<taka,663809.400829,6.42467429774E9,0556,,16.179999999999993,75.59499999999991
297,29,B<galkot,Karn<taka,663809.400829,6.42467429774E9,0556,,16.179999999999993,75.59999999999991
297,29,B<galkot,Karn<taka,663809.400829,6.42467429774E9,0556,,16.179999999999993,75.6049999999999
297,29,B<galkot,Karn<taka,663809.400829,6.42467429774E9,0556,,16.179999999999993,75.6099999999999
297,29,B<galkot,Karn<taka,663809.400829,6.42467429774E9,0556,,16.179999999999993,75.6149999999999
297,29,B<galkot,Karn<taka,663809.400829,6.42467429774E9,0556,,16.179999999999993,75.61999999999989
297,29,B<galkot,Karn<taka,663809.400829,6.42467429774E9,0556,,16.179999999999993,75.62499999999989
297,29,B<galkot,Karn<taka,663809.400829,6.42467429774E9,0556,,16.179999999999993,75.62999999999988
297,29,B<galkot,Karn<taka,663809.400829,6.42467429774E9,0556,,16.179999999999993,75.63499999999988
297,29,B<galkot,Karn<taka,663809.400829,6.42467429774E9,0556,,16.179999999999993,75.63999999999987
297,29,B<galkot,Karn<taka,663809.400829,6.42467429774E9,0556,,16.179999999999993,75.64499999999987
297,29,B<galkot,Karn<taka,663809.400829,6.42467429774E9,0556,,16.179999999999993,75.64999999999986
297,29,B<galkot,Karn<taka,663809.400829,6.42467429774E9,0556,,16.179999999999993,75.65499999999986
297,29,B<galkot,Karn<taka,663809.400829,6.42467429774E9,0556,,16.179999999999993,75.65999999999985
297,29,B<galkot,Karn<taka,663809.400829,6.42467429774E9,0556,,16.179999999999993,75.66499999999985
297,29,B<galkot,Karn<taka,663809.400829,6.42467429774E9,0556,,16.179999999999993,75.66999999999985
297,29,B<galkot,Karn<taka,663809.400829,6.42467429774E9,0556,,16.179999999999993,75.67499999999984
297,29,B<galkot,Karn<taka,663809.400829,6.42467429774E9,0556,,16.179999999999993,75.67999999999984
297,29,B<galkot,Karn<taka,663809.400829,6.42467429774E9,0556,,16.179999999999993,75.68499999999983
297,29,B<galkot,Karn<taka,663809.400829,6.42467429774E9,0556,,16.179999999999993,75.68999999999983
297,29,B<galkot,Karn<taka,663809.400829,6.42467429774E9,0556,,16.179999999999993,75.69499999999982
297,29,B<galkot,Karn<taka,663809.400829,6.42467429774E9,0556,,16.179999999999993,75.69999999999982
297,29,B<galkot,Karn<taka,663809.400829,6.42467429774E9,0556,,16.179999999999993,75.70499999999981
297,29,B<galkot,Karn<taka,663809.400829,6.42467429774E9,0556,,16.179999999999993,75.70999999999981
297,29,B<galkot,Karn<taka,663809.400829,6.42467429774E9,0556,,16.179999999999993,75.7149999999998
297,29,B<galkot,Karn<taka,663809.400829,6.42467429774E9,0556,,16.179999999999993,75.7199999999998
297,29,B<galkot,Karn<taka,663809.400829,6.42467429774E9,0556,,16.179999999999993,75.7249999999998
297,29,B<galkot,Karn<taka,663809.400829,6.42467429774E9,0556,,16.179999999999993,75.72999999999979
297,29,B<galkot,Karn<taka,663809.400829,6.42467429774E9,0556,,16.179999999999993,75.73499999999979
297,29,B<galkot,Karn<taka,663809.400829,6.42467429774E9,0556,,16.179999999999993,75.73999999999978
297,29,B<galkot,Karn<taka,663809.400829,6.42467429774E9,0556,,16.179999999999993,75.74499999999978
297,29,B<galkot,Karn<taka,663809.400829,6.42467429774E9,0556,,16.179999999999993,75.74999999999977
297,29,B<galkot,Karn<taka,663809.400829,6.42467429774E9,0556,,16.18499999999999,75.5
297,29,B<galkot,Karn<taka,663809.400829,6.42467429774E9,0556,,16.18499999999999,75.505
297,29,B<galkot,Karn<taka,663809.400829,6.42467429774E9,0556,,16.18499999999999,75.50999999999999
297,29,B<galkot,Karn<taka,663809.400829,6.42467429774E9,0556,,16.18499999999999,75.51499999999999
297,29,B<galkot,Karn<taka,663809.400829,6.42467429774E9,0556,,16.18499999999999,75.51999999999998
297,29,B<galkot,Karn<taka,663809.400829,6.42467429774E9,0556,,16.18499999999999,75.52499999999998
297,29,B<galkot,Karn<taka,663809.400829,6.42467429774E9,0556,,16.18499999999999,75.52999999999997
297,29,B<galkot,Karn<taka,663809.400829,6.42467429774E9,0556,,16.18499999999999,75.53499999999997
297,29,B<galkot,Karn<taka,663809.400829,6.42467429774E9,0556,,16.18499999999999,75.53999999999996
297,29,B<galkot,Karn<taka,663809.400829,6.42467429774E9,0556,,16.18499999999999,75.54499999999996
297,29,B<galkot,Karn<taka,663809.400829,6.42467429774E9,0556,,16.18499999999999,75.54999999999995
297,29,B<galkot,Karn<taka,663809.400829,6.42467429774E9,0556,,16.18499999999999,75.55499999999995
297,29,B<galkot,Karn<taka,663809.400829,6.42467429774E9,0556,,16.18499999999999,75.55999999999995
297,29,B<galkot,Karn<taka,663809.400829,6.42467429774E9,0556,,16.18499999999999,75.56499999999994
297,29,B<galkot,Karn<taka,663809.400829,6.42467429774E9,0556,,16.18499999999999,75.56999999999994
297,29,B<galkot,Karn<taka,663809.400829,6.42467429774E9,0556,,16.18499999999999,75.57499999999993
297,29,B<galkot,Karn<taka,663809.400829,6.42467429774E9,0556,,16.18499999999999,75.57999999999993
297,29,B<galkot,Karn<taka,663809.400829,6.42467429774E9,0556,,16.18499999999999,75.58499999999992
297,29,B<galkot,Karn<taka,663809.400829,6.42467429774E9,0556,,16.18499999999999,75.58999999999992
297,29,B<galkot,Karn<taka,663809.400829,6.42467429774E9,0556,,16.18499999999999,75.59499999999991
297,29,B<galkot,Karn<taka,663809.400829,6.42467429774E9,0556,,16.18499999999999,75.59999999999991
297,29,B<galkot,Karn<taka,663809.400829,6.42467429774E9,0556,,16.18499999999999,75.6049999999999
297,29,B<galkot,Karn<taka,663809.400829,6.42467429774E9,0556,,16.18499999999999,75.6099999999999
297,29,B<galkot,Karn<taka,663809.400829,6.42467429774E9,0556,,16.18499999999999,75.6149999999999
297,29,B<galkot,Karn<taka,663809.400829,6.42467429774E9,0556,,16.18499999999999,75.61999999999989
297,29,B<galkot,Karn<taka,663809.400829,6.42467429774E9,0556,,16.18499999999999,75.62499999999989
297,29,B<galkot,Karn<taka,663809.400829,6.42467429774E9,0556,,16.18499999999999,75.62999999999988
297,29,B<galkot,Karn<taka,663809.400829,6.42467429774E9,0556,,16.18499999999999,75.63499999999988
297,29,B<galkot,Karn<taka,663809.400829,6.42467429774E9,0556,,16.18499999999999,75.63999999999987
297,29,B<galkot,Karn<taka,663809.400829,6.42467429774E9,0556,,16.18499999999999,75.64499999999987
297,29,B<galkot,Karn<taka,663809.400829,6.42467429774E9,0556,,16.18499999999999,75.64999999999986
297,29,B<galkot,Karn<taka,663809.400829,6.42467429774E9,0556,,16.18499999999999,75.65499999999986
297,29,B<galkot,Karn<taka,663809.400829,6.42467429774E9,0556,,16.18499999999999,75.65999999999985
297,29,B<galkot,Karn<taka,663809.400829,6.42467429774E9,0556,,16.18499999999999,75.66499999999985
297,29,B<galkot,Karn<taka,663809.400829,6.42467429774E9,0556,,16.18499999999999,75.66999999999985
297,29,B<galkot,Karn<taka,663809.400829,6.42467429774E9,0556,,16.18499999999999,75.67499999999984
297,29,B<galkot,Karn<taka,663809.400829,6.42467429774E9,0556,,16.18499999999999,75.67999999999984
297,29,B<galkot,Karn<taka,663809.400829,6.42467429774E9,0556,,16.18499999999999,75.68499999999983
297,29,B<galkot,Karn<taka,663809.400829,6.42467429774E9,0556,,16.18499999999999,75.68999999999983
297,29,B<galkot,Karn<taka,663809.400829,6.42467429774E9,0556,,16.18499999999999,75.69499999999982
297,29,B<galkot,Karn<taka,663809.400829,6.42467429774E9,0556,,16.18499999999999,75.69999999999982
297,29,B<galkot,Karn<taka,663809.400829,6.42467429774E9,0556,,16.18499999999999,75.70499999999981
297,29,B<galkot,Karn<taka,663809.400829,6.42467429774E9,0556,,16.18499999999999,75.70999999999981
297,29,B<galkot,Karn<taka,663809.400829,6.42467429774E9,0556,,16.18499999999999,75.7149999999998
297,29,B<galkot,Karn<taka,663809.400829,6.42467429774E9,0556,,16.18499999999999,75.7199999999998
297,29,B<galkot,Karn<taka,663809.400829,6.42467429774E9,0556,,16.18499999999999,75.7249999999998
297,29,B<galkot,Karn<taka,663809.400829,6.42467429774E9,0556,,16.18499999999999,75.72999999999979
297,29,B<galkot,Karn<taka,663809.400829,6.42467429774E9,0556,,16.18499999999999,75.73499999999979
297,29,B<galkot,Karn<taka,663809.400829,6.42467429774E9,0556,,16.18499999999999,75.73999999999978
297,29,B<galkot,Karn<taka,663809.400829,6.42467429774E9,0556,,16.18499999999999,75.74499999999978
297,29,B<galkot,Karn<taka,663809.400829,6.42467429774E9,0556,,16.18499999999999,75.74999999999977
297,29,B<galkot,Karn<taka,663809.400829,6.42467429774E9,0556,,16.18999999999999,75.5
297,29,B<galkot,Karn<taka,663809.400829,6.42467429774E9,0556,,16.18999999999999,75.505
297,29,B<galkot,Karn<taka,663809.400829,6.42467429774E9,0556,,16.18999999999999,75.50999999999999
297,29,B<galkot,Karn<taka,663809.400829,6.42467429774E9,0556,,16.18999999999999,75.51499999999999
297,29,B<galkot,Karn<taka,663809.400829,6.42467429774E9,0556,,16.18999999999999,75.51999999999998
297,29,B<galkot,Karn<taka,663809.400829,6.42467429774E9,0556,,16.18999999999999,75.52499999999998
297,29,B<galkot,Karn<taka,663809.400829,6.42467429774E9,0556,,16.18999999999999,75.52999999999997
297,29,B<galkot,Karn<taka,663809.400829,6.42467429774E9,0556,,16.18999999999999,75.53499999999997
297,29,B<galkot,Karn<taka,663809.400829,6.42467429774E9,0556,,16.18999999999999,75.53999999999996
297,29,B<galkot,Karn<taka,663809.400829,6.42467429774E9,0556,,16.18999999999999,75.54499999999996
297,29,B<galkot,Karn<taka,663809.400829,6.42467429774E9,0556,,16.18999999999999,75.54999999999995
297,29,B<galkot,Karn<taka,663809.400829,6.42467429774E9,0556,,16.18999999999999,75.55499999999995
297,29,B<galkot,Karn<taka,663809.400829,6.42467429774E9,0556,,16.18999999999999,75.55999999999995
297,29,B<galkot,Karn<taka,663809.400829,6.42467429774E9,0556,,16.18999999999999,75.56499999999994
297,29,B<galkot,Karn<taka,663809.400829,6.42467429774E9,0556,,16.18999999999999,75.56999999999994
297,29,B<galkot,Karn<taka,663809.400829,6.42467429774E9,0556,,16.18999999999999,75.57499999999993
297,29,B<galkot,Karn<taka,663809.400829,6.42467429774E9,0556,,16.18999999999999,75.57999999999993
297,29,B<galkot,Karn<taka,663809.400829,6.42467429774E9,0556,,16.18999999999999,75.58499999999992
297,29,B<galkot,Karn<taka,663809.400829,6.42467429774E9,0556,,16.18999999999999,75.58999999999992
297,29,B<galkot,Karn<taka,663809.400829,6.42467429774E9,0556,,16.18999999999999,75.59499999999991
297,29,B<galkot,Karn<taka,663809.400829,6.42467429774E9,0556,,16.18999999999999,75.59999999999991
297,29,B<galkot,Karn<taka,663809.400829,6.42467429774E9,0556,,16.18999999999999,75.6049999999999
297,29,B<galkot,Karn<taka,663809.400829,6.42467429774E9,0556,,16.18999999999999,75.6099999999999
297,29,B<galkot,Karn<taka,663809.400829,6.42467429774E9,0556,,16.18999999999999,75.6149999999999
297,29,B<galkot,Karn<taka,663809.400829,6.42467429774E9,0556,,16.18999999999999,75.61999999999989
297,29,B<galkot,Karn<taka,663809.400829,6.42467429774E9,0556,,16.18999999999999,75.62499999999989
297,29,B<galkot,Karn<taka,663809.400829,6.42467429774E9,0556,,16.18999999999999,75.62999999999988
297,29,B<galkot,Karn<taka,663809.400829,6.42467429774E9,0556,,16.18999999999999,75.63499999999988
297,29,B<galkot,Karn<taka,663809.400829,6.42467429774E9,0556,,16.18999999999999,75.63999999999987
297,29,B<galkot,Karn<taka,663809.400829,6.42467429774E9,0556,,16.18999999999999,75.64499999999987
297,29,B<galkot,Karn<taka,663809.400829,6.42467429774E9,0556,,16.18999999999999,75.64999999999986
297,29,B<galkot,Karn<taka,663809.400829,6.42467429774E9,0556,,16.18999999999999,75.65499999999986
297,29,B<galkot,Karn<taka,663809.400829,6.42467429774E9,0556,,16.18999999999999,75.65999999999985
297,29,B<galkot,Karn<taka,663809.400829,6.42467429774E9,0556,,16.18999999999999,75.66499999999985
297,29,B<galkot,Karn<taka,663809.400829,6.42467429774E9,0556,,16.18999999999999,75.66999999999985
297,29,B<galkot,Karn<taka,663809.400829,6.42467429774E9,0556,,16.18999999999999,75.67499999999984
297,29,B<galkot,Karn<taka,663809.400829,6.42467429774E9,0556,,16.18999999999999,75.67999999999984
297,29,B<galkot,Karn<taka,663809.400829,6.42467429774E9,0556,,16.18999999999999,75.68499999999983
297,29,B<galkot,Karn<taka,663809.400829,6.42467429774E9,0556,,16.18999999999999,75.68999999999983
297,29,B<galkot,Karn<taka,663809.400829,6.42467429774E9,0556,,16.18999999999999,75.69499999999982
297,29,B<galkot,Karn<taka,663809.400829,6.42467429774E9,0556,,16.18999999999999,75.69999999999982
297,29,B<galkot,Karn<taka,663809.400829,6.42467429774E9,0556,,16.18999999999999,75.70499999999981
297,29,B<galkot,Karn<taka,663809.400829,6.42467429774E9,0556,,16.18999999999999,75.70999999999981
297,29,B<galkot,Karn<taka,663809.400829,6.42467429774E9,0556,,16.18999999999999,75.7149999999998
297,29,B<galkot,Karn<taka,663809.400829,6.42467429774E9,0556,,16.18999999999999,75.7199999999998
297,29,B<galkot,Karn<taka,663809.400829,6.42467429774E9,0556,,16.18999999999999,75.7249999999998
297,29,B<galkot,Karn<taka,663809.400829,6.42467429774E9,0556,,16.18999999999999,75.72999999999979
297,29,B<galkot,Karn<taka,663809.400829,6.42467429774E9,0556,,16.18999999999999,75.73499999999979
297,29,B<galkot,Karn<taka,663809.400829,6.42467429774E9,0556,,16.18999999999999,75.73999999999978
297,29,B<galkot,Karn<taka,663809.400829,6.42467429774E9,0556,,16.18999999999999,75.74499999999978
297,29,B<galkot,Karn<taka,663809.400829,6.42467429774E9,0556,,16.18999999999999,75.74999999999977
297,29,B<galkot,Karn<taka,663809.400829,6.42467429774E9,0556,,16.19499999999999,75.5
297,29,B<galkot,Karn<taka,663809.400829,6.42467429774E9,0556,,16.19499999999999,75.505
297,29,B<galkot,Karn<taka,663809.400829,6.42467429774E9,0556,,16.19499999999999,75.50999999999999
297,29,B<galkot,Karn<taka,663809.400829,6.42467429774E9,0556,,16.19499999999999,75.51499999999999
297,29,B<galkot,Karn<taka,663809.400829,6.42467429774E9,0556,,16.19499999999999,75.51999999999998
297,29,B<galkot,Karn<taka,663809.400829,6.42467429774E9,0556,,16.19499999999999,75.52499999999998
297,29,B<galkot,Karn<taka,663809.400829,6.42467429774E9,0556,,16.19499999999999,75.52999999999997
297,29,B<galkot,Karn<taka,663809.400829,6.42467429774E9,0556,,16.19499999999999,75.53499999999997
297,29,B<galkot,Karn<taka,663809.400829,6.42467429774E9,0556,,16.19499999999999,75.53999999999996
297,29,B<galkot,Karn<taka,663809.400829,6.42467429774E9,0556,,16.19499999999999,75.54499999999996
297,29,B<galkot,Karn<taka,663809.400829,6.42467429774E9,0556,,16.19499999999999,75.54999999999995
297,29,B<galkot,Karn<taka,663809.400829,6.42467429774E9,0556,,16.19499999999999,75.55499999999995
297,29,B<galkot,Karn<taka,663809.400829,6.42467429774E9,0556,,16.19499999999999,75.55999999999995
297,29,B<galkot,Karn<taka,663809.400829,6.42467429774E9,0556,,16.19499999999999,75.56499999999994
297,29,B<galkot,Karn<taka,663809.400829,6.42467429774E9,0556,,16.19499999999999,75.56999999999994
297,29,B<galkot,Karn<taka,663809.400829,6.42467429774E9,0556,,16.19499999999999,75.57499999999993
297,29,B<galkot,Karn<taka,663809.400829,6.42467429774E9,0556,,16.19499999999999,75.57999999999993
297,29,B<galkot,Karn<taka,663809.400829,6.42467429774E9,0556,,16.19499999999999,75.58499999999992
297,29,B<galkot,Karn<taka,663809.400829,6.42467429774E9,0556,,16.19499999999999,75.58999999999992
297,29,B<galkot,Karn<taka,663809.400829,6.42467429774E9,0556,,16.19499999999999,75.59499999999991
297,29,B<galkot,Karn<taka,663809.400829,6.42467429774E9,0556,,16.19499999999999,75.59999999999991
297,29,B<galkot,Karn<taka,663809.400829,6.42467429774E9,0556,,16.19499999999999,75.6049999999999
297,29,B<galkot,Karn<taka,663809.400829,6.42467429774E9,0556,,16.19499999999999,75.6099999999999
297,29,B<galkot,Karn<taka,663809.400829,6.42467429774E9,0556,,16.19499999999999,75.6149999999999
297,29,B<galkot,Karn<taka,663809.400829,6.42467429774E9,0556,,16.19499999999999,75.61999999999989
297,29,B<galkot,Karn<taka,663809.400829,6.42467429774E9,0556,,16.19499999999999,75.62499999999989
297,29,B<galkot,Karn<taka,663809.400829,6.42467429774E9,0556,,16.19499999999999,75.62999999999988
297,29,B<galkot,Karn<taka,663809.400829,6.42467429774E9,0556,,16.19499999999999,75.63499999999988
297,29,B<galkot,Karn<taka,663809.400829,6.42467429774E9,0556,,16.19499999999999,75.63999999999987
297,29,B<galkot,Karn<taka,663809.400829,6.42467429774E9,0556,,16.19499999999999,75.64499999999987
297,29,B<galkot,Karn<taka,663809.400829,6.42467429774E9,0556,,16.19499999999999,75.64999999999986
297,29,B<galkot,Karn<taka,663809.400829,6.42467429774E9,0556,,16.19499999999999,75.65499999999986
297,29,B<galkot,Karn<taka,663809.400829,6.42467429774E9,0556,,16.19499999999999,75.65999999999985
297,29,B<galkot,Karn<taka,663809.400829,6.42467429774E9,0556,,16.19499999999999,75.66499999999985
297,29,B<galkot,Karn<taka,663809.400829,6.42467429774E9,0556,,16.19499999999999,75.66999999999985
297,29,B<galkot,Karn<taka,663809.400829,6.42467429774E9,0556,,16.19499999999999,75.67499999999984
297,29,B<galkot,Karn<taka,663809.400829,6.42467429774E9,0556,,16.19499999999999,75.67999999999984
297,29,B<galkot,Karn<taka,663809.400829,6.42467429774E9,0556,,16.19499999999999,75.68499999999983
297,29,B<galkot,Karn<taka,663809.400829,6.42467429774E9,0556,,16.19499999999999,75.68999999999983
297,29,B<galkot,Karn<taka,663809.400829,6.42467429774E9,0556,,16.19499999999999,75.69499999999982
297,29,B<galkot,Karn<taka,663809.400829,6.42467429774E9,0556,,16.19499999999999,75.69999999999982
297,29,B<galkot,Karn<taka,663809.400829,6.42467429774E9,0556,,16.19499999999999,75.70499999999981
297,29,B<galkot,Karn<taka,663809.400829,6.42467429774E9,0556,,16.19499999999999,75.70999999999981
297,29,B<galkot,Karn<taka,663809.400829,6.42467429774E9,0556,,16.19499999999999,75.7149999999998
297,29,B<galkot,Karn<taka,663809.400829,6.42467429774E9,0556,,16.19499999999999,75.7199999999998
297,29,B<galkot,Karn<taka,663809.400829,6.42467429774E9,0556,,16.19499999999999,75.7249999999998
297,29,B<galkot,Karn<taka,663809.400829,6.42467429774E9,0556,,16.19499999999999,75.72999999999979
297,29,B<galkot,Karn<taka,663809.400829,6.42467429774E9,0556,,16.19499999999999,75.73499999999979
297,29,B<galkot,Karn<taka,663809.400829,6.42467429774E9,0556,,16.19499999999999,75.73999999999978
297,29,B<galkot,Karn<taka,663809.400829,6.42467429774E9,0556,,16.19499999999999,75.74499999999978
297,29,B<galkot,Karn<taka,663809.400829,6.42467429774E9,0556,,16.19499999999999,75.74999999999977
297,29,B<galkot,Karn<taka,663809.400829,6.42467429774E9,0556,,16.19999999999999,75.5
297,29,B<galkot,Karn<taka,663809.400829,6.42467429774E9,0556,,16.19999999999999,75.505
297,29,B<galkot,Karn<taka,663809.400829,6.42467429774E9,0556,,16.19999999999999,75.50999999999999
297,29,B<galkot,Karn<taka,663809.400829,6.42467429774E9,0556,,16.19999999999999,75.51499999999999
297,29,B<galkot,Karn<taka,663809.400829,6.42467429774E9,0556,,16.19999999999999,75.51999999999998
297,29,B<galkot,Karn<taka,663809.400829,6.42467429774E9,0556,,16.19999999999999,75.52499999999998
297,29,B<galkot,Karn<taka,663809.400829,6.42467429774E9,0556,,16.19999999999999,75.52999999999997
297,29,B<galkot,Karn<taka,663809.400829,6.42467429774E9,0556,,16.19999999999999,75.53499999999997
297,29,B<galkot,Karn<taka,663809.400829,6.42467429774E9,0556,,16.19999999999999,75.53999999999996
297,29,B<galkot,Karn<taka,663809.400829,6.42467429774E9,0556,,16.19999999999999,75.54499999999996
297,29,B<galkot,Karn<taka,663809.400829,6.42467429774E9,0556,,16.19999999999999,75.54999999999995
297,29,B<galkot,Karn<taka,663809.400829,6.42467429774E9,0556,,16.19999999999999,75.55499999999995
297,29,B<galkot,Karn<taka,663809.400829,6.42467429774E9,0556,,16.19999999999999,75.55999999999995
297,29,B<galkot,Karn<taka,663809.400829,6.42467429774E9,0556,,16.19999999999999,75.56499999999994
297,29,B<galkot,Karn<taka,663809.400829,6.42467429774E9,0556,,16.19999999999999,75.56999999999994
297,29,B<galkot,Karn<taka,663809.400829,6.42467429774E9,0556,,16.19999999999999,75.57499999999993
297,29,B<galkot,Karn<taka,663809.400829,6.42467429774E9,0556,,16.19999999999999,75.57999999999993
297,29,B<galkot,Karn<taka,663809.400829,6.42467429774E9,0556,,16.19999999999999,75.58499999999992
297,29,B<galkot,Karn<taka,663809.400829,6.42467429774E9,0556,,16.19999999999999,75.58999999999992
297,29,B<galkot,Karn<taka,663809.400829,6.42467429774E9,0556,,16.19999999999999,75.59499999999991
297,29,B<galkot,Karn<taka,663809.400829,6.42467429774E9,0556,,16.19999999999999,75.59999999999991
297,29,B<galkot,Karn<taka,663809.400829,6.42467429774E9,0556,,16.19999999999999,75.6049999999999
297,29,B<galkot,Karn<taka,663809.400829,6.42467429774E9,0556,,16.19999999999999,75.6099999999999
297,29,B<galkot,Karn<taka,663809.400829,6.42467429774E9,0556,,16.19999999999999,75.6149999999999
297,29,B<galkot,Karn<taka,663809.400829,6.42467429774E9,0556,,16.19999999999999,75.61999999999989
297,29,B<galkot,Karn<taka,663809.400829,6.42467429774E9,0556,,16.19999999999999,75.62499999999989
297,29,B<galkot,Karn<taka,663809.400829,6.42467429774E9,0556,,16.19999999999999,75.62999999999988
297,29,B<galkot,Karn<taka,663809.400829,6.42467429774E9,0556,,16.19999999999999,75.63499999999988
297,29,B<galkot,Karn<taka,663809.400829,6.42467429774E9,0556,,16.19999999999999,75.63999999999987
297,29,B<galkot,Karn<taka,663809.400829,6.42467429774E9,0556,,16.19999999999999,75.64499999999987
297,29,B<galkot,Karn<taka,663809.400829,6.42467429774E9,0556,,16.19999999999999,75.64999999999986
297,29,B<galkot,Karn<taka,663809.400829,6.42467429774E9,0556,,16.19999999999999,75.65499999999986
297,29,B<galkot,Karn<taka,663809.400829,6.42467429774E9,0556,,16.19999999999999,75.65999999999985
297,29,B<galkot,Karn<taka,663809.400829,6.42467429774E9,0556,,16.19999999999999,75.66499999999985
297,29,B<galkot,Karn<taka,663809.400829,6.42467429774E9,0556,,16.19999999999999,75.66999999999985
297,29,B<galkot,Karn<taka,663809.400829,6.42467429774E9,0556,,16.19999999999999,75.67499999999984
297,29,B<galkot,Karn<taka,663809.400829,6.42467429774E9,0556,,16.19999999999999,75.67999999999984
297,29,B<galkot,Karn<taka,663809.400829,6.42467429774E9,0556,,16.19999999999999,75.68499999999983
297,29,B<galkot,Karn<taka,663809.400829,6.42467429774E9,0556,,16.19999999999999,75.68999999999983
297,29,B<galkot,Karn<taka,663809.400829,6.42467429774E9,0556,,16.19999999999999,75.69499999999982
297,29,B<galkot,Karn<taka,663809.400829,6.42467429774E9,0556,,16.19999999999999,75.69999999999982
297,29,B<galkot,Karn<taka,663809.400829,6.42467429774E9,0556,,16.19999999999999,75.70499999999981
297,29,B<galkot,Karn<taka,663809.400829,6.42467429774E9,0556,,16.19999999999999,75.70999999999981
297,29,B<galkot,Karn<taka,663809.400829,6.42467429774E9,0556,,16.19999999999999,75.7149999999998
297,29,B<galkot,Karn<taka,663809.400829,6.42467429774E9,0556,,16.19999999999999,75.7199999999998
297,29,B<galkot,Karn<taka,663809.400829,6.42467429774E9,0556,,16.19999999999999,75.7249999999998
297,29,B<galkot,Karn<taka,663809.400829,6.42467429774E9,0556,,16.19999999999999,75.72999999999979
297,29,B<galkot,Karn<taka,663809.400829,6.42467429774E9,0556,,16.19999999999999,75.73499999999979
297,29,B<galkot,Karn<taka,663809.400829,6.42467429774E9,0556,,16.19999999999999,75.73999999999978
297,29,B<galkot,Karn<taka,663809.400829,6.42467429774E9,0556,,16.19999999999999,75.74499999999978
297,29,B<galkot,Karn<taka,663809.400829,6.42467429774E9,0556,,16.19999999999999,75.74999999999977
297,29,B<galkot,Karn<taka,663809.400829,6.42467429774E9,0556,,16.204999999999988,75.5
297,29,B<galkot,Karn<taka,663809.400829,6.42467429774E9,0556,,16.204999999999988,75.505
297,29,B<galkot,Karn<taka,663809.400829,6.42467429774E9,0556,,16.204999999999988,75.50999999999999
297,29,B<galkot,Karn<taka,663809.400829,6.42467429774E9,0556,,16.204999999999988,75.51499999999999
297,29,B<galkot,Karn<taka,663809.400829,6.42467429774E9,0556,,16.204999999999988,75.51999999999998
297,29,B<galkot,Karn<taka,663809.400829,6.42467429774E9,0556,,16.204999999999988,75.52499999999998
297,29,B<galkot,Karn<taka,663809.400829,6.42467429774E9,0556,,16.204999999999988,75.52999999999997
297,29,B<galkot,Karn<taka,663809.400829,6.42467429774E9,0556,,16.204999999999988,75.53499999999997
297,29,B<galkot,Karn<taka,663809.400829,6.42467429774E9,0556,,16.204999999999988,75.53999999999996
297,29,B<galkot,Karn<taka,663809.400829,6.42467429774E9,0556,,16.204999999999988,75.54499999999996
297,29,B<galkot,Karn<taka,663809.400829,6.42467429774E9,0556,,16.204999999999988,75.54999999999995
297,29,B<galkot,Karn<taka,663809.400829,6.42467429774E9,0556,,16.204999999999988,75.55499999999995
297,29,B<galkot,Karn<taka,663809.400829,6.42467429774E9,0556,,16.204999999999988,75.55999999999995
297,29,B<galkot,Karn<taka,663809.400829,6.42467429774E9,0556,,16.204999999999988,75.56499999999994
297,29,B<galkot,Karn<taka,663809.400829,6.42467429774E9,0556,,16.204999999999988,75.56999999999994
297,29,B<galkot,Karn<taka,663809.400829,6.42467429774E9,0556,,16.204999999999988,75.57499999999993
297,29,B<galkot,Karn<taka,663809.400829,6.42467429774E9,0556,,16.204999999999988,75.57999999999993
297,29,B<galkot,Karn<taka,663809.400829,6.42467429774E9,0556,,16.204999999999988,75.58499999999992
297,29,B<galkot,Karn<taka,663809.400829,6.42467429774E9,0556,,16.204999999999988,75.58999999999992
297,29,B<galkot,Karn<taka,663809.400829,6.42467429774E9,0556,,16.204999999999988,75.59499999999991
297,29,B<galkot,Karn<taka,663809.400829,6.42467429774E9,0556,,16.204999999999988,75.59999999999991
297,29,B<galkot,Karn<taka,663809.400829,6.42467429774E9,0556,,16.204999999999988,75.6049999999999
297,29,B<galkot,Karn<taka,663809.400829,6.42467429774E9,0556,,16.204999999999988,75.6099999999999
297,29,B<galkot,Karn<taka,663809.400829,6.42467429774E9,0556,,16.204999999999988,75.6149999999999
297,29,B<galkot,Karn<taka,663809.400829,6.42467429774E9,0556,,16.204999999999988,75.61999999999989
297,29,B<galkot,Karn<taka,663809.400829,6.42467429774E9,0556,,16.204999999999988,75.62499999999989
297,29,B<galkot,Karn<taka,663809.400829,6.42467429774E9,0556,,16.204999999999988,75.62999999999988
297,29,B<galkot,Karn<taka,663809.400829,6.42467429774E9,0556,,16.204999999999988,75.63499999999988
297,29,B<galkot,Karn<taka,663809.400829,6.42467429774E9,0556,,16.204999999999988,75.63999999999987
297,29,B<galkot,Karn<taka,663809.400829,6.42467429774E9,0556,,16.204999999999988,75.64499999999987
297,29,B<galkot,Karn<taka,663809.400829,6.42467429774E9,0556,,16.204999999999988,75.64999999999986
297,29,B<galkot,Karn<taka,663809.400829,6.42467429774E9,0556,,16.204999999999988,75.65499999999986
297,29,B<galkot,Karn<taka,663809.400829,6.42467429774E9,0556,,16.204999999999988,75.65999999999985
297,29,B<galkot,Karn<taka,663809.400829,6.42467429774E9,0556,,16.204999999999988,75.66499999999985
297,29,B<galkot,Karn<taka,663809.400829,6.42467429774E9,0556,,16.204999999999988,75.66999999999985
297,29,B<galkot,Karn<taka,663809.400829,6.42467429774E9,0556,,16.204999999999988,75.67499999999984
297,29,B<galkot,Karn<taka,663809.400829,6.42467429774E9,0556,,16.204999999999988,75.67999999999984
297,29,B<galkot,Karn<taka,663809.400829,6.42467429774E9,0556,,16.204999999999988,75.68499999999983
297,29,B<galkot,Karn<taka,663809.400829,6.42467429774E9,0556,,16.204999999999988,75.68999999999983
297,29,B<galkot,Karn<taka,663809.400829,6.42467429774E9,0556,,16.204999999999988,75.69499999999982
297,29,B<galkot,Karn<taka,663809.400829,6.42467429774E9,0556,,16.204999999999988,75.69999999999982
297,29,B<galkot,Karn<taka,663809.400829,6.42467429774E9,0556,,16.204999999999988,75.70499999999981
297,29,B<galkot,Karn<taka,663809.400829,6.42467429774E9,0556,,16.204999999999988,75.70999999999981
297,29,B<galkot,Karn<taka,663809.400829,6.42467429774E9,0556,,16.204999999999988,75.7149999999998
297,29,B<galkot,Karn<taka,663809.400829,6.42467429774E9,0556,,16.204999999999988,75.7199999999998
297,29,B<galkot,Karn<taka,663809.400829,6.42467429774E9,0556,,16.204999999999988,75.7249999999998
297,29,B<galkot,Karn<taka,663809.400829,6.42467429774E9,0556,,16.204999999999988,75.72999999999979
297,29,B<galkot,Karn<taka,663809.400829,6.42467429774E9,0556,,16.204999999999988,75.73499999999979
297,29,B<galkot,Karn<taka,663809.400829,6.42467429774E9,0556,,16.204999999999988,75.73999999999978
297,29,B<galkot,Karn<taka,663809.400829,6.42467429774E9,0556,,16.204999999999988,75.74499999999978
297,29,B<galkot,Karn<taka,663809.400829,6.42467429774E9,0556,,16.204999999999988,75.74999999999977
297,29,B<galkot,Karn<taka,663809.400829,6.42467429774E9,0556,,16.209999999999987,75.5
297,29,B<galkot,Karn<taka,663809.400829,6.42467429774E9,0556,,16.209999999999987,75.505
297,29,B<galkot,Karn<taka,663809.400829,6.42467429774E9,0556,,16.209999999999987,75.50999999999999
297,29,B<galkot,Karn<taka,663809.400829,6.42467429774E9,0556,,16.209999999999987,75.51499999999999
297,29,B<galkot,Karn<taka,663809.400829,6.42467429774E9,0556,,16.209999999999987,75.51999999999998
297,29,B<galkot,Karn<taka,663809.400829,6.42467429774E9,0556,,16.209999999999987,75.52499999999998
297,29,B<galkot,Karn<taka,663809.400829,6.42467429774E9,0556,,16.209999999999987,75.52999999999997
297,29,B<galkot,Karn<taka,663809.400829,6.42467429774E9,0556,,16.209999999999987,75.53499999999997
297,29,B<galkot,Karn<taka,663809.400829,6.42467429774E9,0556,,16.209999999999987,75.53999999999996
297,29,B<galkot,Karn<taka,663809.400829,6.42467429774E9,0556,,16.209999999999987,75.54499999999996
297,29,B<galkot,Karn<taka,663809.400829,6.42467429774E9,0556,,16.209999999999987,75.54999999999995
297,29,B<galkot,Karn<taka,663809.400829,6.42467429774E9,0556,,16.209999999999987,75.55499999999995
297,29,B<galkot,Karn<taka,663809.400829,6.42467429774E9,0556,,16.209999999999987,75.55999999999995
297,29,B<galkot,Karn<taka,663809.400829,6.42467429774E9,0556,,16.209999999999987,75.56499999999994
297,29,B<galkot,Karn<taka,663809.400829,6.42467429774E9,0556,,16.209999999999987,75.56999999999994
297,29,B<galkot,Karn<taka,663809.400829,6.42467429774E9,0556,,16.209999999999987,75.57499999999993
297,29,B<galkot,Karn<taka,663809.400829,6.42467429774E9,0556,,16.209999999999987,75.57999999999993
297,29,B<galkot,Karn<taka,663809.400829,6.42467429774E9,0556,,16.209999999999987,75.58499999999992
297,29,B<galkot,Karn<taka,663809.400829,6.42467429774E9,0556,,16.209999999999987,75.58999999999992
297,29,B<galkot,Karn<taka,663809.400829,6.42467429774E9,0556,,16.209999999999987,75.59499999999991
297,29,B<galkot,Karn<taka,663809.400829,6.42467429774E9,0556,,16.209999999999987,75.59999999999991
297,29,B<galkot,Karn<taka,663809.400829,6.42467429774E9,0556,,16.209999999999987,75.6049999999999
297,29,B<galkot,Karn<taka,663809.400829,6.42467429774E9,0556,,16.209999999999987,75.6099999999999
297,29,B<galkot,Karn<taka,663809.400829,6.42467429774E9,0556,,16.209999999999987,75.6149999999999
297,29,B<galkot,Karn<taka,663809.400829,6.42467429774E9,0556,,16.209999999999987,75.61999999999989
297,29,B<galkot,Karn<taka,663809.400829,6.42467429774E9,0556,,16.209999999999987,75.62499999999989
297,29,B<galkot,Karn<taka,663809.400829,6.42467429774E9,0556,,16.209999999999987,75.62999999999988
297,29,B<galkot,Karn<taka,663809.400829,6.42467429774E9,0556,,16.209999999999987,75.63499999999988
297,29,B<galkot,Karn<taka,663809.400829,6.42467429774E9,0556,,16.209999999999987,75.63999999999987
297,29,B<galkot,Karn<taka,663809.400829,6.42467429774E9,0556,,16.209999999999987,75.64499999999987
297,29,B<galkot,Karn<taka,663809.400829,6.42467429774E9,0556,,16.209999999999987,75.64999999999986
297,29,B<galkot,Karn<taka,663809.400829,6.42467429774E9,0556,,16.209999999999987,75.65499999999986
297,29,B<galkot,Karn<taka,663809.400829,6.42467429774E9,0556,,16.209999999999987,75.65999999999985
297,29,B<galkot,Karn<taka,663809.400829,6.42467429774E9,0556,,16.209999999999987,75.66499999999985
297,29,B<galkot,Karn<taka,663809.400829,6.42467429774E9,0556,,16.209999999999987,75.66999999999985
297,29,B<galkot,Karn<taka,663809.400829,6.42467429774E9,0556,,16.209999999999987,75.67499999999984
297,29,B<galkot,Karn<taka,663809.400829,6.42467429774E9,0556,,16.209999999999987,75.67999999999984
297,29,B<galkot,Karn<taka,663809.400829,6.42467429774E9,0556,,16.209999999999987,75.68499999999983
297,29,B<galkot,Karn<taka,663809.400829,6.42467429774E9,0556,,16.209999999999987,75.68999999999983
297,29,B<galkot,Karn<taka,663809.400829,6.42467429774E9,0556,,16.209999999999987,75.69499999999982
297,29,B<galkot,Karn<taka,663809.400829,6.42467429774E9,0556,,16.209999999999987,75.69999999999982
297,29,B<galkot,Karn<taka,663809.400829,6.42467429774E9,0556,,16.209999999999987,75.70499999999981
297,29,B<galkot,Karn<taka,663809.400829,6.42467429774E9,0556,,16.209999999999987,75.70999999999981
297,29,B<galkot,Karn<taka,663809.400829,6.42467429774E9,0556,,16.209999999999987,75.7149999999998
297,29,B<galkot,Karn<taka,663809.400829,6.42467429774E9,0556,,16.209999999999987,75.7199999999998
297,29,B<galkot,Karn<taka,663809.400829,6.42467429774E9,0556,,16.209999999999987,75.7249999999998
297,29,B<galkot,Karn<taka,663809.400829,6.42467429774E9,0556,,16.209999999999987,75.72999999999979
297,29,B<galkot,Karn<taka,663809.400829,6.42467429774E9,0556,,16.209999999999987,75.73499999999979
297,29,B<galkot,Karn<taka,663809.400829,6.42467429774E9,0556,,16.209999999999987,75.73999999999978
297,29,B<galkot,Karn<taka,663809.400829,6.42467429774E9,0556,,16.209999999999987,75.74499999999978
297,29,B<galkot,Karn<taka,663809.400829,6.42467429774E9,0556,,16.209999999999987,75.74999999999977
297,29,B<galkot,Karn<taka,663809.400829,6.42467429774E9,0556,,16.214999999999986,75.5
297,29,B<galkot,Karn<taka,663809.400829,6.42467429774E9,0556,,16.214999999999986,75.505
297,29,B<galkot,Karn<taka,663809.400829,6.42467429774E9,0556,,16.214999999999986,75.50999999999999
297,29,B<galkot,Karn<taka,663809.400829,6.42467429774E9,0556,,16.214999999999986,75.51499999999999
297,29,B<galkot,Karn<taka,663809.400829,6.42467429774E9,0556,,16.214999999999986,75.51999999999998
297,29,B<galkot,Karn<taka,663809.400829,6.42467429774E9,0556,,16.214999999999986,75.52499999999998
297,29,B<galkot,Karn<taka,663809.400829,6.42467429774E9,0556,,16.214999999999986,75.52999999999997
297,29,B<galkot,Karn<taka,663809.400829,6.42467429774E9,0556,,16.214999999999986,75.53499999999997
297,29,B<galkot,Karn<taka,663809.400829,6.42467429774E9,0556,,16.214999999999986,75.53999999999996
297,29,B<galkot,Karn<taka,663809.400829,6.42467429774E9,0556,,16.214999999999986,75.54499999999996
297,29,B<galkot,Karn<taka,663809.400829,6.42467429774E9,0556,,16.214999999999986,75.54999999999995
297,29,B<galkot,Karn<taka,663809.400829,6.42467429774E9,0556,,16.214999999999986,75.55499999999995
297,29,B<galkot,Karn<taka,663809.400829,6.42467429774E9,0556,,16.214999999999986,75.55999999999995
297,29,B<galkot,Karn<taka,663809.400829,6.42467429774E9,0556,,16.214999999999986,75.56499999999994
297,29,B<galkot,Karn<taka,663809.400829,6.42467429774E9,0556,,16.214999999999986,75.56999999999994
297,29,B<galkot,Karn<taka,663809.400829,6.42467429774E9,0556,,16.214999999999986,75.57499999999993
297,29,B<galkot,Karn<taka,663809.400829,6.42467429774E9,0556,,16.214999999999986,75.57999999999993
297,29,B<galkot,Karn<taka,663809.400829,6.42467429774E9,0556,,16.214999999999986,75.58499999999992
297,29,B<galkot,Karn<taka,663809.400829,6.42467429774E9,0556,,16.214999999999986,75.58999999999992
297,29,B<galkot,Karn<taka,663809.400829,6.42467429774E9,0556,,16.214999999999986,75.59499999999991
297,29,B<galkot,Karn<taka,663809.400829,6.42467429774E9,0556,,16.214999999999986,75.59999999999991
297,29,B<galkot,Karn<taka,663809.400829,6.42467429774E9,0556,,16.214999999999986,75.6049999999999
297,29,B<galkot,Karn<taka,663809.400829,6.42467429774E9,0556,,16.214999999999986,75.6099999999999
297,29,B<galkot,Karn<taka,663809.400829,6.42467429774E9,0556,,16.214999999999986,75.6149999999999
297,29,B<galkot,Karn<taka,663809.400829,6.42467429774E9,0556,,16.214999999999986,75.61999999999989
297,29,B<galkot,Karn<taka,663809.400829,6.42467429774E9,0556,,16.214999999999986,75.62499999999989
297,29,B<galkot,Karn<taka,663809.400829,6.42467429774E9,0556,,16.214999999999986,75.62999999999988
297,29,B<galkot,Karn<taka,663809.400829,6.42467429774E9,0556,,16.214999999999986,75.63499999999988
297,29,B<galkot,Karn<taka,663809.400829,6.42467429774E9,0556,,16.214999999999986,75.63999999999987
297,29,B<galkot,Karn<taka,663809.400829,6.42467429774E9,0556,,16.214999999999986,75.64499999999987
297,29,B<galkot,Karn<taka,663809.400829,6.42467429774E9,0556,,16.214999999999986,75.64999999999986
297,29,B<galkot,Karn<taka,663809.400829,6.42467429774E9,0556,,16.214999999999986,75.65499999999986
297,29,B<galkot,Karn<taka,663809.400829,6.42467429774E9,0556,,16.214999999999986,75.65999999999985
297,29,B<galkot,Karn<taka,663809.400829,6.42467429774E9,0556,,16.214999999999986,75.66499999999985
297,29,B<galkot,Karn<taka,663809.400829,6.42467429774E9,0556,,16.214999999999986,75.66999999999985
297,29,B<galkot,Karn<taka,663809.400829,6.42467429774E9,0556,,16.214999999999986,75.67499999999984
297,29,B<galkot,Karn<taka,663809.400829,6.42467429774E9,0556,,16.214999999999986,75.67999999999984
297,29,B<galkot,Karn<taka,663809.400829,6.42467429774E9,0556,,16.214999999999986,75.68499999999983
297,29,B<galkot,Karn<taka,663809.400829,6.42467429774E9,0556,,16.214999999999986,75.68999999999983
297,29,B<galkot,Karn<taka,663809.400829,6.42467429774E9,0556,,16.214999999999986,75.69499999999982
297,29,B<galkot,Karn<taka,663809.400829,6.42467429774E9,0556,,16.214999999999986,75.69999999999982
297,29,B<galkot,Karn<taka,663809.400829,6.42467429774E9,0556,,16.214999999999986,75.70499999999981
297,29,B<galkot,Karn<taka,663809.400829,6.42467429774E9,0556,,16.214999999999986,75.70999999999981
297,29,B<galkot,Karn<taka,663809.400829,6.42467429774E9,0556,,16.214999999999986,75.7149999999998
297,29,B<galkot,Karn<taka,663809.400829,6.42467429774E9,0556,,16.214999999999986,75.7199999999998
297,29,B<galkot,Karn<taka,663809.400829,6.42467429774E9,0556,,16.214999999999986,75.7249999999998
297,29,B<galkot,Karn<taka,663809.400829,6.42467429774E9,0556,,16.214999999999986,75.72999999999979
297,29,B<galkot,Karn<taka,663809.400829,6.42467429774E9,0556,,16.214999999999986,75.73499999999979
297,29,B<galkot,Karn<taka,663809.400829,6.42467429774E9,0556,,16.214999999999986,75.73999999999978
297,29,B<galkot,Karn<taka,663809.400829,6.42467429774E9,0556,,16.214999999999986,75.74499999999978
297,29,B<galkot,Karn<taka,663809.400829,6.42467429774E9,0556,,16.214999999999986,75.74999999999977
297,29,B<galkot,Karn<taka,663809.400829,6.42467429774E9,0556,,16.219999999999985,75.5
297,29,B<galkot,Karn<taka,663809.400829,6.42467429774E9,0556,,16.219999999999985,75.505
297,29,B<galkot,Karn<taka,663809.400829,6.42467429774E9,0556,,16.219999999999985,75.50999999999999
297,29,B<galkot,Karn<taka,663809.400829,6.42467429774E9,0556,,16.219999999999985,75.51499999999999
297,29,B<galkot,Karn<taka,663809.400829,6.42467429774E9,0556,,16.219999999999985,75.51999999999998
297,29,B<galkot,Karn<taka,663809.400829,6.42467429774E9,0556,,16.219999999999985,75.52499999999998
297,29,B<galkot,Karn<taka,663809.400829,6.42467429774E9,0556,,16.219999999999985,75.52999999999997
297,29,B<galkot,Karn<taka,663809.400829,6.42467429774E9,0556,,16.219999999999985,75.53499999999997
297,29,B<galkot,Karn<taka,663809.400829,6.42467429774E9,0556,,16.219999999999985,75.53999999999996
297,29,B<galkot,Karn<taka,663809.400829,6.42467429774E9,0556,,16.219999999999985,75.54499999999996
297,29,B<galkot,Karn<taka,663809.400829,6.42467429774E9,0556,,16.219999999999985,75.54999999999995
297,29,B<galkot,Karn<taka,663809.400829,6.42467429774E9,0556,,16.219999999999985,75.55499999999995
297,29,B<galkot,Karn<taka,663809.400829,6.42467429774E9,0556,,16.219999999999985,75.55999999999995
297,29,B<galkot,Karn<taka,663809.400829,6.42467429774E9,0556,,16.219999999999985,75.56499999999994
297,29,B<galkot,Karn<taka,663809.400829,6.42467429774E9,0556,,16.219999999999985,75.56999999999994
297,29,B<galkot,Karn<taka,663809.400829,6.42467429774E9,0556,,16.219999999999985,75.57499999999993
297,29,B<galkot,Karn<taka,663809.400829,6.42467429774E9,0556,,16.219999999999985,75.57999999999993
297,29,B<galkot,Karn<taka,663809.400829,6.42467429774E9,0556,,16.219999999999985,75.58499999999992
297,29,B<galkot,Karn<taka,663809.400829,6.42467429774E9,0556,,16.219999999999985,75.58999999999992
297,29,B<galkot,Karn<taka,663809.400829,6.42467429774E9,0556,,16.219999999999985,75.59499999999991
297,29,B<galkot,Karn<taka,663809.400829,6.42467429774E9,0556,,16.219999999999985,75.59999999999991
297,29,B<galkot,Karn<taka,663809.400829,6.42467429774E9,0556,,16.219999999999985,75.6049999999999
297,29,B<galkot,Karn<taka,663809.400829,6.42467429774E9,0556,,16.219999999999985,75.6099999999999
297,29,B<galkot,Karn<taka,663809.400829,6.42467429774E9,0556,,16.219999999999985,75.6149999999999
297,29,B<galkot,Karn<taka,663809.400829,6.42467429774E9,0556,,16.219999999999985,75.61999999999989
297,29,B<galkot,Karn<taka,663809.400829,6.42467429774E9,0556,,16.219999999999985,75.62499999999989
297,29,B<galkot,Karn<taka,663809.400829,6.42467429774E9,0556,,16.219999999999985,75.62999999999988
297,29,B<galkot,Karn<taka,663809.400829,6.42467429774E9,0556,,16.219999999999985,75.63499999999988
297,29,B<galkot,Karn<taka,663809.400829,6.42467429774E9,0556,,16.219999999999985,75.63999999999987
297,29,B<galkot,Karn<taka,663809.400829,6.42467429774E9,0556,,16.219999999999985,75.64499999999987
297,29,B<galkot,Karn<taka,663809.400829,6.42467429774E9,0556,,16.219999999999985,75.64999999999986
297,29,B<galkot,Karn<taka,663809.400829,6.42467429774E9,0556,,16.219999999999985,75.65499999999986
297,29,B<galkot,Karn<taka,663809.400829,6.42467429774E9,0556,,16.219999999999985,75.65999999999985
297,29,B<galkot,Karn<taka,663809.400829,6.42467429774E9,0556,,16.219999999999985,75.66499999999985
297,29,B<galkot,Karn<taka,663809.400829,6.42467429774E9,0556,,16.219999999999985,75.66999999999985
297,29,B<galkot,Karn<taka,663809.400829,6.42467429774E9,0556,,16.219999999999985,75.67499999999984
297,29,B<galkot,Karn<taka,663809.400829,6.42467429774E9,0556,,16.219999999999985,75.67999999999984
297,29,B<galkot,Karn<taka,663809.400829,6.42467429774E9,0556,,16.219999999999985,75.68499999999983
297,29,B<galkot,Karn<taka,663809.400829,6.42467429774E9,0556,,16.219999999999985,75.68999999999983
297,29,B<galkot,Karn<taka,663809.400829,6.42467429774E9,0556,,16.219999999999985,75.69499999999982
297,29,B<galkot,Karn<taka,663809.400829,6.42467429774E9,0556,,16.219999999999985,75.69999999999982
297,29,B<galkot,Karn<taka,663809.400829,6.42467429774E9,0556,,16.219999999999985,75.70499999999981
297,29,B<galkot,Karn<taka,663809.400829,6.42467429774E9,0556,,16.219999999999985,75.70999999999981
297,29,B<galkot,Karn<taka,663809.400829,6.42467429774E9,0556,,16.219999999999985,75.7149999999998
297,29,B<galkot,Karn<taka,663809.400829,6.42467429774E9,0556,,16.219999999999985,75.7199999999998
297,29,B<galkot,Karn<taka,663809.400829,6.42467429774E9,0556,,16.219999999999985,75.7249999999998
297,29,B<galkot,Karn<taka,663809.400829,6.42467429774E9,0556,,16.219999999999985,75.72999999999979
297,29,B<galkot,Karn<taka,663809.400829,6.42467429774E9,0556,,16.219999999999985,75.73499999999979
297,29,B<galkot,Karn<taka,663809.400829,6.42467429774E9,0556,,16.219999999999985,75.73999999999978
297,29,B<galkot,Karn<taka,663809.400829,6.42467429774E9,0556,,16.219999999999985,75.74499999999978
297,29,B<galkot,Karn<taka,663809.400829,6.42467429774E9,0556,,16.219999999999985,75.74999999999977
297,29,B<galkot,Karn<taka,663809.400829,6.42467429774E9,0556,,16.224999999999984,75.5
297,29,B<galkot,Karn<taka,663809.400829,6.42467429774E9,0556,,16.224999999999984,75.505
297,29,B<galkot,Karn<taka,663809.400829,6.42467429774E9,0556,,16.224999999999984,75.50999999999999
297,29,B<galkot,Karn<taka,663809.400829,6.42467429774E9,0556,,16.224999999999984,75.51499999999999
297,29,B<galkot,Karn<taka,663809.400829,6.42467429774E9,0556,,16.224999999999984,75.51999999999998
297,29,B<galkot,Karn<taka,663809.400829,6.42467429774E9,0556,,16.224999999999984,75.52499999999998
297,29,B<galkot,Karn<taka,663809.400829,6.42467429774E9,0556,,16.224999999999984,75.52999999999997
297,29,B<galkot,Karn<taka,663809.400829,6.42467429774E9,0556,,16.224999999999984,75.53499999999997
297,29,B<galkot,Karn<taka,663809.400829,6.42467429774E9,0556,,16.224999999999984,75.53999999999996
297,29,B<galkot,Karn<taka,663809.400829,6.42467429774E9,0556,,16.224999999999984,75.54499999999996
297,29,B<galkot,Karn<taka,663809.400829,6.42467429774E9,0556,,16.224999999999984,75.54999999999995
297,29,B<galkot,Karn<taka,663809.400829,6.42467429774E9,0556,,16.224999999999984,75.55499999999995
297,29,B<galkot,Karn<taka,663809.400829,6.42467429774E9,0556,,16.224999999999984,75.55999999999995
297,29,B<galkot,Karn<taka,663809.400829,6.42467429774E9,0556,,16.224999999999984,75.56499999999994
297,29,B<galkot,Karn<taka,663809.400829,6.42467429774E9,0556,,16.224999999999984,75.56999999999994
297,29,B<galkot,Karn<taka,663809.400829,6.42467429774E9,0556,,16.224999999999984,75.57499999999993
297,29,B<galkot,Karn<taka,663809.400829,6.42467429774E9,0556,,16.224999999999984,75.57999999999993
297,29,B<galkot,Karn<taka,663809.400829,6.42467429774E9,0556,,16.224999999999984,75.58499999999992
297,29,B<galkot,Karn<taka,663809.400829,6.42467429774E9,0556,,16.224999999999984,75.58999999999992
297,29,B<galkot,Karn<taka,663809.400829,6.42467429774E9,0556,,16.224999999999984,75.59499999999991
297,29,B<galkot,Karn<taka,663809.400829,6.42467429774E9,0556,,16.224999999999984,75.59999999999991
297,29,B<galkot,Karn<taka,663809.400829,6.42467429774E9,0556,,16.224999999999984,75.6049999999999
297,29,B<galkot,Karn<taka,663809.400829,6.42467429774E9,0556,,16.224999999999984,75.6099999999999
297,29,B<galkot,Karn<taka,663809.400829,6.42467429774E9,0556,,16.224999999999984,75.6149999999999
297,29,B<galkot,Karn<taka,663809.400829,6.42467429774E9,0556,,16.224999999999984,75.61999999999989
297,29,B<galkot,Karn<taka,663809.400829,6.42467429774E9,0556,,16.224999999999984,75.62499999999989
297,29,B<galkot,Karn<taka,663809.400829,6.42467429774E9,0556,,16.224999999999984,75.62999999999988
297,29,B<galkot,Karn<taka,663809.400829,6.42467429774E9,0556,,16.224999999999984,75.63499999999988
297,29,B<galkot,Karn<taka,663809.400829,6.42467429774E9,0556,,16.224999999999984,75.63999999999987
297,29,B<galkot,Karn<taka,663809.400829,6.42467429774E9,0556,,16.224999999999984,75.64499999999987
297,29,B<galkot,Karn<taka,663809.400829,6.42467429774E9,0556,,16.224999999999984,75.64999999999986
297,29,B<galkot,Karn<taka,663809.400829,6.42467429774E9,0556,,16.224999999999984,75.65499999999986
297,29,B<galkot,Karn<taka,663809.400829,6.42467429774E9,0556,,16.224999999999984,75.65999999999985
297,29,B<galkot,Karn<taka,663809.400829,6.42467429774E9,0556,,16.224999999999984,75.66499999999985
297,29,B<galkot,Karn<taka,663809.400829,6.42467429774E9,0556,,16.224999999999984,75.66999999999985
297,29,B<galkot,Karn<taka,663809.400829,6.42467429774E9,0556,,16.224999999999984,75.67499999999984
297,29,B<galkot,Karn<taka,663809.400829,6.42467429774E9,0556,,16.224999999999984,75.67999999999984
297,29,B<galkot,Karn<taka,663809.400829,6.42467429774E9,0556,,16.224999999999984,75.68499999999983
297,29,B<galkot,Karn<taka,663809.400829,6.42467429774E9,0556,,16.224999999999984,75.68999999999983
297,29,B<galkot,Karn<taka,663809.400829,6.42467429774E9,0556,,16.224999999999984,75.69499999999982
297,29,B<galkot,Karn<taka,663809.400829,6.42467429774E9,0556,,16.224999999999984,75.69999999999982
297,29,B<galkot,Karn<taka,663809.400829,6.42467429774E9,0556,,16.224999999999984,75.70499999999981
297,29,B<galkot,Karn<taka,663809.400829,6.42467429774E9,0556,,16.224999999999984,75.70999999999981
297,29,B<galkot,Karn<taka,663809.400829,6.42467429774E9,0556,,16.224999999999984,75.7149999999998
297,29,B<galkot,Karn<taka,663809.400829,6.42467429774E9,0556,,16.224999999999984,75.7199999999998
297,29,B<galkot,Karn<taka,663809.400829,6.42467429774E9,0556,,16.224999999999984,75.7249999999998
297,29,B<galkot,Karn<taka,663809.400829,6.42467429774E9,0556,,16.224999999999984,75.72999999999979
297,29,B<galkot,Karn<taka,663809.400829,6.42467429774E9,0556,,16.224999999999984,75.73499999999979
297,29,B<galkot,Karn<taka,663809.400829,6.42467429774E9,0556,,16.224999999999984,75.73999999999978
297,29,B<galkot,Karn<taka,663809.400829,6.42467429774E9,0556,,16.224999999999984,75.74499999999978
297,29,B<galkot,Karn<taka,663809.400829,6.42467429774E9,0556,,16.224999999999984,75.74999999999977
297,29,B<galkot,Karn<taka,663809.400829,6.42467429774E9,0556,,16.229999999999983,75.5
297,29,B<galkot,Karn<taka,663809.400829,6.42467429774E9,0556,,16.229999999999983,75.505
297,29,B<galkot,Karn<taka,663809.400829,6.42467429774E9,0556,,16.229999999999983,75.50999999999999
297,29,B<galkot,Karn<taka,663809.400829,6.42467429774E9,0556,,16.229999999999983,75.51499999999999
297,29,B<galkot,Karn<taka,663809.400829,6.42467429774E9,0556,,16.229999999999983,75.51999999999998
297,29,B<galkot,Karn<taka,663809.400829,6.42467429774E9,0556,,16.229999999999983,75.52499999999998
297,29,B<galkot,Karn<taka,663809.400829,6.42467429774E9,0556,,16.229999999999983,75.52999999999997
297,29,B<galkot,Karn<taka,663809.400829,6.42467429774E9,0556,,16.229999999999983,75.53499999999997
297,29,B<galkot,Karn<taka,663809.400829,6.42467429774E9,0556,,16.229999999999983,75.53999999999996
297,29,B<galkot,Karn<taka,663809.400829,6.42467429774E9,0556,,16.229999999999983,75.54499999999996
297,29,B<galkot,Karn<taka,663809.400829,6.42467429774E9,0556,,16.229999999999983,75.54999999999995
297,29,B<galkot,Karn<taka,663809.400829,6.42467429774E9,0556,,16.229999999999983,75.55499999999995
297,29,B<galkot,Karn<taka,663809.400829,6.42467429774E9,0556,,16.229999999999983,75.55999999999995
297,29,B<galkot,Karn<taka,663809.400829,6.42467429774E9,0556,,16.229999999999983,75.56499999999994
297,29,B<galkot,Karn<taka,663809.400829,6.42467429774E9,0556,,16.229999999999983,75.56999999999994
297,29,B<galkot,Karn<taka,663809.400829,6.42467429774E9,0556,,16.229999999999983,75.57499999999993
297,29,B<galkot,Karn<taka,663809.400829,6.42467429774E9,0556,,16.229999999999983,75.57999999999993
297,29,B<galkot,Karn<taka,663809.400829,6.42467429774E9,0556,,16.229999999999983,75.58499999999992
297,29,B<galkot,Karn<taka,663809.400829,6.42467429774E9,0556,,16.229999999999983,75.58999999999992
297,29,B<galkot,Karn<taka,663809.400829,6.42467429774E9,0556,,16.229999999999983,75.59499999999991
297,29,B<galkot,Karn<taka,663809.400829,6.42467429774E9,0556,,16.229999999999983,75.59999999999991
297,29,B<galkot,Karn<taka,663809.400829,6.42467429774E9,0556,,16.229999999999983,75.6049999999999
297,29,B<galkot,Karn<taka,663809.400829,6.42467429774E9,0556,,16.229999999999983,75.6099999999999
297,29,B<galkot,Karn<taka,663809.400829,6.42467429774E9,0556,,16.229999999999983,75.6149999999999
297,29,B<galkot,Karn<taka,663809.400829,6.42467429774E9,0556,,16.229999999999983,75.61999999999989
297,29,B<galkot,Karn<taka,663809.400829,6.42467429774E9,0556,,16.229999999999983,75.62499999999989
297,29,B<galkot,Karn<taka,663809.400829,6.42467429774E9,0556,,16.229999999999983,75.62999999999988
297,29,B<galkot,Karn<taka,663809.400829,6.42467429774E9,0556,,16.229999999999983,75.63499999999988
297,29,B<galkot,Karn<taka,663809.400829,6.42467429774E9,0556,,16.229999999999983,75.63999999999987
297,29,B<galkot,Karn<taka,663809.400829,6.42467429774E9,0556,,16.229999999999983,75.64499999999987
297,29,B<galkot,Karn<taka,663809.400829,6.42467429774E9,0556,,16.229999999999983,75.64999999999986
297,29,B<galkot,Karn<taka,663809.400829,6.42467429774E9,0556,,16.229999999999983,75.65499999999986
297,29,B<galkot,Karn<taka,663809.400829,6.42467429774E9,0556,,16.229999999999983,75.65999999999985
297,29,B<galkot,Karn<taka,663809.400829,6.42467429774E9,0556,,16.229999999999983,75.66499999999985
297,29,B<galkot,Karn<taka,663809.400829,6.42467429774E9,0556,,16.229999999999983,75.66999999999985
297,29,B<galkot,Karn<taka,663809.400829,6.42467429774E9,0556,,16.229999999999983,75.67499999999984
297,29,B<galkot,Karn<taka,663809.400829,6.42467429774E9,0556,,16.229999999999983,75.67999999999984
297,29,B<galkot,Karn<taka,663809.400829,6.42467429774E9,0556,,16.229999999999983,75.68499999999983
297,29,B<galkot,Karn<taka,663809.400829,6.42467429774E9,0556,,16.229999999999983,75.68999999999983
297,29,B<galkot,Karn<taka,663809.400829,6.42467429774E9,0556,,16.229999999999983,75.69499999999982
297,29,B<galkot,Karn<taka,663809.400829,6.42467429774E9,0556,,16.229999999999983,75.69999999999982
297,29,B<galkot,Karn<taka,663809.400829,6.42467429774E9,0556,,16.229999999999983,75.70499999999981
297,29,B<galkot,Karn<taka,663809.400829,6.42467429774E9,0556,,16.229999999999983,75.70999999999981
297,29,B<galkot,Karn<taka,663809.400829,6.42467429774E9,0556,,16.229999999999983,75.7149999999998
297,29,B<galkot,Karn<taka,663809.400829,6.42467429774E9,0556,,16.229999999999983,75.7199999999998
297,29,B<galkot,Karn<taka,663809.400829,6.42467429774E9,0556,,16.229999999999983,75.7249999999998
297,29,B<galkot,Karn<taka,663809.400829,6.42467429774E9,0556,,16.229999999999983,75.72999999999979
297,29,B<galkot,Karn<taka,663809.400829,6.42467429774E9,0556,,16.229999999999983,75.73499999999979
297,29,B<galkot,Karn<taka,663809.400829,6.42467429774E9,0556,,16.229999999999983,75.73999999999978
297,29,B<galkot,Karn<taka,663809.400829,6.42467429774E9,0556,,16.229999999999983,75.74499999999978
297,29,B<galkot,Karn<taka,663809.400829,6.42467429774E9,0556,,16.229999999999983,75.74999999999977
297,29,B<galkot,Karn<taka,663809.400829,6.42467429774E9,0556,,16.23499999999998,75.5
297,29,B<galkot,Karn<taka,663809.400829,6.42467429774E9,0556,,16.23499999999998,75.505
297,29,B<galkot,Karn<taka,663809.400829,6.42467429774E9,0556,,16.23499999999998,75.50999999999999
297,29,B<galkot,Karn<taka,663809.400829,6.42467429774E9,0556,,16.23499999999998,75.51499999999999
297,29,B<galkot,Karn<taka,663809.400829,6.42467429774E9,0556,,16.23499999999998,75.51999999999998
297,29,B<galkot,Karn<taka,663809.400829,6.42467429774E9,0556,,16.23499999999998,75.52499999999998
297,29,B<galkot,Karn<taka,663809.400829,6.42467429774E9,0556,,16.23499999999998,75.52999999999997
297,29,B<galkot,Karn<taka,663809.400829,6.42467429774E9,0556,,16.23499999999998,75.53499999999997
297,29,B<galkot,Karn<taka,663809.400829,6.42467429774E9,0556,,16.23499999999998,75.53999999999996
297,29,B<galkot,Karn<taka,663809.400829,6.42467429774E9,0556,,16.23499999999998,75.54499999999996
297,29,B<galkot,Karn<taka,663809.400829,6.42467429774E9,0556,,16.23499999999998,75.54999999999995
297,29,B<galkot,Karn<taka,663809.400829,6.42467429774E9,0556,,16.23499999999998,75.55499999999995
297,29,B<galkot,Karn<taka,663809.400829,6.42467429774E9,0556,,16.23499999999998,75.55999999999995
297,29,B<galkot,Karn<taka,663809.400829,6.42467429774E9,0556,,16.23499999999998,75.56499999999994
297,29,B<galkot,Karn<taka,663809.400829,6.42467429774E9,0556,,16.23499999999998,75.56999999999994
297,29,B<galkot,Karn<taka,663809.400829,6.42467429774E9,0556,,16.23499999999998,75.57499999999993
297,29,B<galkot,Karn<taka,663809.400829,6.42467429774E9,0556,,16.23499999999998,75.57999999999993
297,29,B<galkot,Karn<taka,663809.400829,6.42467429774E9,0556,,16.23499999999998,75.58499999999992
297,29,B<galkot,Karn<taka,663809.400829,6.42467429774E9,0556,,16.23499999999998,75.58999999999992
297,29,B<galkot,Karn<taka,663809.400829,6.42467429774E9,0556,,16.23499999999998,75.59499999999991
297,29,B<galkot,Karn<taka,663809.400829,6.42467429774E9,0556,,16.23499999999998,75.59999999999991
297,29,B<galkot,Karn<taka,663809.400829,6.42467429774E9,0556,,16.23499999999998,75.6049999999999
297,29,B<galkot,Karn<taka,663809.400829,6.42467429774E9,0556,,16.23499999999998,75.6099999999999
297,29,B<galkot,Karn<taka,663809.400829,6.42467429774E9,0556,,16.23499999999998,75.6149999999999
297,29,B<galkot,Karn<taka,663809.400829,6.42467429774E9,0556,,16.23499999999998,75.61999999999989
297,29,B<galkot,Karn<taka,663809.400829,6.42467429774E9,0556,,16.23499999999998,75.62499999999989
297,29,B<galkot,Karn<taka,663809.400829,6.42467429774E9,0556,,16.23499999999998,75.62999999999988
297,29,B<galkot,Karn<taka,663809.400829,6.42467429774E9,0556,,16.23499999999998,75.63499999999988
297,29,B<galkot,Karn<taka,663809.400829,6.42467429774E9,0556,,16.23499999999998,75.63999999999987
297,29,B<galkot,Karn<taka,663809.400829,6.42467429774E9,0556,,16.23499999999998,75.64499999999987
297,29,B<galkot,Karn<taka,663809.400829,6.42467429774E9,0556,,16.23499999999998,75.64999999999986
297,29,B<galkot,Karn<taka,663809.400829,6.42467429774E9,0556,,16.23499999999998,75.65499999999986
297,29,B<galkot,Karn<taka,663809.400829,6.42467429774E9,0556,,16.23499999999998,75.65999999999985
297,29,B<galkot,Karn<taka,663809.400829,6.42467429774E9,0556,,16.23499999999998,75.66499999999985
297,29,B<galkot,Karn<taka,663809.400829,6.42467429774E9,0556,,16.23499999999998,75.66999999999985
297,29,B<galkot,Karn<taka,663809.400829,6.42467429774E9,0556,,16.23499999999998,75.67499999999984
297,29,B<galkot,Karn<taka,663809.400829,6.42467429774E9,0556,,16.23499999999998,75.67999999999984
297,29,B<galkot,Karn<taka,663809.400829,6.42467429774E9,0556,,16.23499999999998,75.68499999999983
297,29,B<galkot,Karn<taka,663809.400829,6.42467429774E9,0556,,16.23499999999998,75.68999999999983
297,29,B<galkot,Karn<taka,663809.400829,6.42467429774E9,0556,,16.23499999999998,75.69499999999982
297,29,B<galkot,Karn<taka,663809.400829,6.42467429774E9,0556,,16.23499999999998,75.69999999999982
297,29,B<galkot,Karn<taka,663809.400829,6.42467429774E9,0556,,16.23499999999998,75.70499999999981
297,29,B<galkot,Karn<taka,663809.400829,6.42467429774E9,0556,,16.23499999999998,75.70999999999981
297,29,B<galkot,Karn<taka,663809.400829,6.42467429774E9,0556,,16.23499999999998,75.7149999999998
297,29,B<galkot,Karn<taka,663809.400829,6.42467429774E9,0556,,16.23499999999998,75.7199999999998
297,29,B<galkot,Karn<taka,663809.400829,6.42467429774E9,0556,,16.23499999999998,75.7249999999998
297,29,B<galkot,Karn<taka,663809.400829,6.42467429774E9,0556,,16.23499999999998,75.72999999999979
297,29,B<galkot,Karn<taka,663809.400829,6.42467429774E9,0556,,16.23499999999998,75.73499999999979
297,29,B<galkot,Karn<taka,663809.400829,6.42467429774E9,0556,,16.23499999999998,75.73999999999978
297,29,B<galkot,Karn<taka,663809.400829,6.42467429774E9,0556,,16.23499999999998,75.74499999999978
297,29,B<galkot,Karn<taka,663809.400829,6.42467429774E9,0556,,16.23499999999998,75.74999999999977
297,29,B<galkot,Karn<taka,663809.400829,6.42467429774E9,0556,,16.23999999999998,75.5
297,29,B<galkot,Karn<taka,663809.400829,6.42467429774E9,0556,,16.23999999999998,75.505
297,29,B<galkot,Karn<taka,663809.400829,6.42467429774E9,0556,,16.23999999999998,75.50999999999999
297,29,B<galkot,Karn<taka,663809.400829,6.42467429774E9,0556,,16.23999999999998,75.51499999999999
297,29,B<galkot,Karn<taka,663809.400829,6.42467429774E9,0556,,16.23999999999998,75.51999999999998
297,29,B<galkot,Karn<taka,663809.400829,6.42467429774E9,0556,,16.23999999999998,75.52499999999998
297,29,B<galkot,Karn<taka,663809.400829,6.42467429774E9,0556,,16.23999999999998,75.52999999999997
297,29,B<galkot,Karn<taka,663809.400829,6.42467429774E9,0556,,16.23999999999998,75.53499999999997
297,29,B<galkot,Karn<taka,663809.400829,6.42467429774E9,0556,,16.23999999999998,75.53999999999996
297,29,B<galkot,Karn<taka,663809.400829,6.42467429774E9,0556,,16.23999999999998,75.54499999999996
297,29,B<galkot,Karn<taka,663809.400829,6.42467429774E9,0556,,16.23999999999998,75.54999999999995
297,29,B<galkot,Karn<taka,663809.400829,6.42467429774E9,0556,,16.23999999999998,75.55499999999995
297,29,B<galkot,Karn<taka,663809.400829,6.42467429774E9,0556,,16.23999999999998,75.55999999999995
297,29,B<galkot,Karn<taka,663809.400829,6.42467429774E9,0556,,16.23999999999998,75.56499999999994
297,29,B<galkot,Karn<taka,663809.400829,6.42467429774E9,0556,,16.23999999999998,75.56999999999994
297,29,B<galkot,Karn<taka,663809.400829,6.42467429774E9,0556,,16.23999999999998,75.57499999999993
297,29,B<galkot,Karn<taka,663809.400829,6.42467429774E9,0556,,16.23999999999998,75.57999999999993
297,29,B<galkot,Karn<taka,663809.400829,6.42467429774E9,0556,,16.23999999999998,75.58499999999992
297,29,B<galkot,Karn<taka,663809.400829,6.42467429774E9,0556,,16.23999999999998,75.58999999999992
297,29,B<galkot,Karn<taka,663809.400829,6.42467429774E9,0556,,16.23999999999998,75.59499999999991
297,29,B<galkot,Karn<taka,663809.400829,6.42467429774E9,0556,,16.23999999999998,75.59999999999991
297,29,B<galkot,Karn<taka,663809.400829,6.42467429774E9,0556,,16.23999999999998,75.6049999999999
297,29,B<galkot,Karn<taka,663809.400829,6.42467429774E9,0556,,16.23999999999998,75.6099999999999
297,29,B<galkot,Karn<taka,663809.400829,6.42467429774E9,0556,,16.23999999999998,75.6149999999999
297,29,B<galkot,Karn<taka,663809.400829,6.42467429774E9,0556,,16.23999999999998,75.61999999999989
297,29,B<galkot,Karn<taka,663809.400829,6.42467429774E9,0556,,16.23999999999998,75.62499999999989
297,29,B<galkot,Karn<taka,663809.400829,6.42467429774E9,0556,,16.23999999999998,75.62999999999988
297,29,B<galkot,Karn<taka,663809.400829,6.42467429774E9,0556,,16.23999999999998,75.63499999999988
297,29,B<galkot,Karn<taka,663809.400829,6.42467429774E9,0556,,16.23999999999998,75.63999999999987
297,29,B<galkot,Karn<taka,663809.400829,6.42467429774E9,0556,,16.23999999999998,75.64499999999987
297,29,B<galkot,Karn<taka,663809.400829,6.42467429774E9,0556,,16.23999999999998,75.64999999999986
297,29,B<galkot,Karn<taka,663809.400829,6.42467429774E9,0556,,16.23999999999998,75.65499999999986
297,29,B<galkot,Karn<taka,663809.400829,6.42467429774E9,0556,,16.23999999999998,75.65999999999985
297,29,B<galkot,Karn<taka,663809.400829,6.42467429774E9,0556,,16.23999999999998,75.66499999999985
297,29,B<galkot,Karn<taka,663809.400829,6.42467429774E9,0556,,16.23999999999998,75.66999999999985
297,29,B<galkot,Karn<taka,663809.400829,6.42467429774E9,0556,,16.23999999999998,75.67499999999984
297,29,B<galkot,Karn<taka,663809.400829,6.42467429774E9,0556,,16.23999999999998,75.67999999999984
297,29,B<galkot,Karn<taka,663809.400829,6.42467429774E9,0556,,16.23999999999998,75.68499999999983
297,29,B<galkot,Karn<taka,663809.400829,6.42467429774E9,0556,,16.23999999999998,75.68999999999983
297,29,B<galkot,Karn<taka,663809.400829,6.42467429774E9,0556,,16.23999999999998,75.69499999999982
297,29,B<galkot,Karn<taka,663809.400829,6.42467429774E9,0556,,16.23999999999998,75.69999999999982
297,29,B<galkot,Karn<taka,663809.400829,6.42467429774E9,0556,,16.23999999999998,75.70499999999981
297,29,B<galkot,Karn<taka,663809.400829,6.42467429774E9,0556,,16.23999999999998,75.70999999999981
297,29,B<galkot,Karn<taka,663809.400829,6.42467429774E9,0556,,16.23999999999998,75.7149999999998
297,29,B<galkot,Karn<taka,663809.400829,6.42467429774E9,0556,,16.23999999999998,75.7199999999998
297,29,B<galkot,Karn<taka,663809.400829,6.42467429774E9,0556,,16.23999999999998,75.7249999999998
297,29,B<galkot,Karn<taka,663809.400829,6.42467429774E9,0556,,16.23999999999998,75.72999999999979
297,29,B<galkot,Karn<taka,663809.400829,6.42467429774E9,0556,,16.23999999999998,75.73499999999979
297,29,B<galkot,Karn<taka,663809.400829,6.42467429774E9,0556,,16.23999999999998,75.73999999999978
297,29,B<galkot,Karn<taka,663809.400829,6.42467429774E9,0556,,16.23999999999998,75.74499999999978
297,29,B<galkot,Karn<taka,663809.400829,6.42467429774E9,0556,,16.23999999999998,75.74999999999977
297,29,B<galkot,Karn<taka,663809.400829,6.42467429774E9,0556,,16.24499999999998,75.5
297,29,B<galkot,Karn<taka,663809.400829,6.42467429774E9,0556,,16.24499999999998,75.505
297,29,B<galkot,Karn<taka,663809.400829,6.42467429774E9,0556,,16.24499999999998,75.50999999999999
297,29,B<galkot,Karn<taka,663809.400829,6.42467429774E9,0556,,16.24499999999998,75.51499999999999
297,29,B<galkot,Karn<taka,663809.400829,6.42467429774E9,0556,,16.24499999999998,75.51999999999998
297,29,B<galkot,Karn<taka,663809.400829,6.42467429774E9,0556,,16.24499999999998,75.52499999999998
297,29,B<galkot,Karn<taka,663809.400829,6.42467429774E9,0556,,16.24499999999998,75.52999999999997
297,29,B<galkot,Karn<taka,663809.400829,6.42467429774E9,0556,,16.24499999999998,75.53499999999997
297,29,B<galkot,Karn<taka,663809.400829,6.42467429774E9,0556,,16.24499999999998,75.53999999999996
297,29,B<galkot,Karn<taka,663809.400829,6.42467429774E9,0556,,16.24499999999998,75.54499999999996
297,29,B<galkot,Karn<taka,663809.400829,6.42467429774E9,0556,,16.24499999999998,75.54999999999995
297,29,B<galkot,Karn<taka,663809.400829,6.42467429774E9,0556,,16.24499999999998,75.55499999999995
297,29,B<galkot,Karn<taka,663809.400829,6.42467429774E9,0556,,16.24499999999998,75.55999999999995
297,29,B<galkot,Karn<taka,663809.400829,6.42467429774E9,0556,,16.24499999999998,75.56499999999994
297,29,B<galkot,Karn<taka,663809.400829,6.42467429774E9,0556,,16.24499999999998,75.56999999999994
297,29,B<galkot,Karn<taka,663809.400829,6.42467429774E9,0556,,16.24499999999998,75.57499999999993
297,29,B<galkot,Karn<taka,663809.400829,6.42467429774E9,0556,,16.24499999999998,75.57999999999993
297,29,B<galkot,Karn<taka,663809.400829,6.42467429774E9,0556,,16.24499999999998,75.58499999999992
297,29,B<galkot,Karn<taka,663809.400829,6.42467429774E9,0556,,16.24499999999998,75.58999999999992
297,29,B<galkot,Karn<taka,663809.400829,6.42467429774E9,0556,,16.24499999999998,75.59499999999991
297,29,B<galkot,Karn<taka,663809.400829,6.42467429774E9,0556,,16.24499999999998,75.59999999999991
297,29,B<galkot,Karn<taka,663809.400829,6.42467429774E9,0556,,16.24499999999998,75.6049999999999
297,29,B<galkot,Karn<taka,663809.400829,6.42467429774E9,0556,,16.24499999999998,75.6099999999999
297,29,B<galkot,Karn<taka,663809.400829,6.42467429774E9,0556,,16.24499999999998,75.6149999999999
297,29,B<galkot,Karn<taka,663809.400829,6.42467429774E9,0556,,16.24499999999998,75.61999999999989
297,29,B<galkot,Karn<taka,663809.400829,6.42467429774E9,0556,,16.24499999999998,75.62499999999989
297,29,B<galkot,Karn<taka,663809.400829,6.42467429774E9,0556,,16.24499999999998,75.62999999999988
297,29,B<galkot,Karn<taka,663809.400829,6.42467429774E9,0556,,16.24499999999998,75.63499999999988
297,29,B<galkot,Karn<taka,663809.400829,6.42467429774E9,0556,,16.24499999999998,75.63999999999987
297,29,B<galkot,Karn<taka,663809.400829,6.42467429774E9,0556,,16.24499999999998,75.64499999999987
297,29,B<galkot,Karn<taka,663809.400829,6.42467429774E9,0556,,16.24499999999998,75.64999999999986
297,29,B<galkot,Karn<taka,663809.400829,6.42467429774E9,0556,,16.24499999999998,75.65499999999986
297,29,B<galkot,Karn<taka,663809.400829,6.42467429774E9,0556,,16.24499999999998,75.65999999999985
297,29,B<galkot,Karn<taka,663809.400829,6.42467429774E9,0556,,16.24499999999998,75.66499999999985
297,29,B<galkot,Karn<taka,663809.400829,6.42467429774E9,0556,,16.24499999999998,75.66999999999985
297,29,B<galkot,Karn<taka,663809.400829,6.42467429774E9,0556,,16.24499999999998,75.67499999999984
297,29,B<galkot,Karn<taka,663809.400829,6.42467429774E9,0556,,16.24499999999998,75.67999999999984
297,29,B<galkot,Karn<taka,663809.400829,6.42467429774E9,0556,,16.24499999999998,75.68499999999983
297,29,B<galkot,Karn<taka,663809.400829,6.42467429774E9,0556,,16.24499999999998,75.68999999999983
297,29,B<galkot,Karn<taka,663809.400829,6.42467429774E9,0556,,16.24499999999998,75.69499999999982
297,29,B<galkot,Karn<taka,663809.400829,6.42467429774E9,0556,,16.24499999999998,75.69999999999982
297,29,B<galkot,Karn<taka,663809.400829,6.42467429774E9,0556,,16.24499999999998,75.70499999999981
297,29,B<galkot,Karn<taka,663809.400829,6.42467429774E9,0556,,16.24499999999998,75.70999999999981
297,29,B<galkot,Karn<taka,663809.400829,6.42467429774E9,0556,,16.24499999999998,75.7149999999998
297,29,B<galkot,Karn<taka,663809.400829,6.42467429774E9,0556,,16.24499999999998,75.7199999999998
297,29,B<galkot,Karn<taka,663809.400829,6.42467429774E9,0556,,16.24499999999998,75.7249999999998
297,29,B<galkot,Karn<taka,663809.400829,6.42467429774E9,0556,,16.24499999999998,75.72999999999979
297,29,B<galkot,Karn<taka,663809.400829,6.42467429774E9,0556,,16.24499999999998,75.73499999999979
297,29,B<galkot,Karn<taka,663809.400829,6.42467429774E9,0556,,16.24499999999998,75.73999999999978
297,29,B<galkot,Karn<taka,663809.400829,6.42467429774E9,0556,,16.24499999999998,75.74499999999978
297,29,B<galkot,Karn<taka,663809.400829,6.42467429774E9,0556,,16.24499999999998,75.74999999999977
297,29,B<galkot,Karn<taka,663809.400829,6.42467429774E9,0556,,16.24999999999998,75.5
297,29,B<galkot,Karn<taka,663809.400829,6.42467429774E9,0556,,16.24999999999998,75.505
297,29,B<galkot,Karn<taka,663809.400829,6.42467429774E9,0556,,16.24999999999998,75.50999999999999
297,29,B<galkot,Karn<taka,663809.400829,6.42467429774E9,0556,,16.24999999999998,75.51499999999999
297,29,B<galkot,Karn<taka,663809.400829,6.42467429774E9,0556,,16.24999999999998,75.51999999999998
297,29,B<galkot,Karn<taka,663809.400829,6.42467429774E9,0556,,16.24999999999998,75.52499999999998
297,29,B<galkot,Karn<taka,663809.400829,6.42467429774E9,0556,,16.24999999999998,75.52999999999997
297,29,B<galkot,Karn<taka,663809.400829,6.42467429774E9,0556,,16.24999999999998,75.53499999999997
297,29,B<galkot,Karn<taka,663809.400829,6.42467429774E9,0556,,16.24999999999998,75.53999999999996
297,29,B<galkot,Karn<taka,663809.400829,6.42467429774E9,0556,,16.24999999999998,75.54499999999996
297,29,B<galkot,Karn<taka,663809.400829,6.42467429774E9,0556,,16.24999999999998,75.54999999999995
297,29,B<galkot,Karn<taka,663809.400829,6.42467429774E9,0556,,16.24999999999998,75.55499999999995
297,29,B<galkot,Karn<taka,663809.400829,6.42467429774E9,0556,,16.24999999999998,75.55999999999995
297,29,B<galkot,Karn<taka,663809.400829,6.42467429774E9,0556,,16.24999999999998,75.56499999999994
297,29,B<galkot,Karn<taka,663809.400829,6.42467429774E9,0556,,16.24999999999998,75.56999999999994
297,29,B<galkot,Karn<taka,663809.400829,6.42467429774E9,0556,,16.24999999999998,75.57499999999993
297,29,B<galkot,Karn<taka,663809.400829,6.42467429774E9,0556,,16.24999999999998,75.57999999999993
297,29,B<galkot,Karn<taka,663809.400829,6.42467429774E9,0556,,16.24999999999998,75.58499999999992
297,29,B<galkot,Karn<taka,663809.400829,6.42467429774E9,0556,,16.24999999999998,75.58999999999992
297,29,B<galkot,Karn<taka,663809.400829,6.42467429774E9,0556,,16.24999999999998,75.59499999999991
297,29,B<galkot,Karn<taka,663809.400829,6.42467429774E9,0556,,16.24999999999998,75.59999999999991
297,29,B<galkot,Karn<taka,663809.400829,6.42467429774E9,0556,,16.24999999999998,75.6049999999999
297,29,B<galkot,Karn<taka,663809.400829,6.42467429774E9,0556,,16.24999999999998,75.6099999999999
297,29,B<galkot,Karn<taka,663809.400829,6.42467429774E9,0556,,16.24999999999998,75.6149999999999
297,29,B<galkot,Karn<taka,663809.400829,6.42467429774E9,0556,,16.24999999999998,75.61999999999989
297,29,B<galkot,Karn<taka,663809.400829,6.42467429774E9,0556,,16.24999999999998,75.62499999999989
297,29,B<galkot,Karn<taka,663809.400829,6.42467429774E9,0556,,16.24999999999998,75.62999999999988
297,29,B<galkot,Karn<taka,663809.400829,6.42467429774E9,0556,,16.24999999999998,75.63499999999988
297,29,B<galkot,Karn<taka,663809.400829,6.42467429774E9,0556,,16.24999999999998,75.63999999999987
297,29,B<galkot,Karn<taka,663809.400829,6.42467429774E9,0556,,16.24999999999998,75.64499999999987
297,29,B<galkot,Karn<taka,663809.400829,6.42467429774E9,0556,,16.24999999999998,75.64999999999986
297,29,B<galkot,Karn<taka,663809.400829,6.42467429774E9,0556,,16.24999999999998,75.65499999999986
297,29,B<galkot,Karn<taka,663809.400829,6.42467429774E9,0556,,16.24999999999998,75.65999999999985
297,29,B<galkot,Karn<taka,663809.400829,6.42467429774E9,0556,,16.24999999999998,75.66499999999985
297,29,B<galkot,Karn<taka,663809.400829,6.42467429774E9,0556,,16.24999999999998,75.66999999999985
297,29,B<galkot,Karn<taka,663809.400829,6.42467429774E9,0556,,16.24999999999998,75.67499999999984
297,29,B<galkot,Karn<taka,663809.400829,6.42467429774E9,0556,,16.24999999999998,75.67999999999984
297,29,B<galkot,Karn<taka,663809.400829,6.42467429774E9,0556,,16.24999999999998,75.68499999999983
297,29,B<galkot,Karn<taka,663809.400829,6.42467429774E9,0556,,16.24999999999998,75.68999999999983
297,29,B<galkot,Karn<taka,663809.400829,6.42467429774E9,0556,,16.24999999999998,75.69499999999982
297,29,B<galkot,Karn<taka,663809.400829,6.42467429774E9,0556,,16.24999999999998,75.69999999999982
297,29,B<galkot,Karn<taka,663809.400829,6.42467429774E9,0556,,16.24999999999998,75.70499999999981
297,29,B<galkot,Karn<taka,663809.400829,6.42467429774E9,0556,,16.24999999999998,75.70999999999981
297,29,B<galkot,Karn<taka,663809.400829,6.42467429774E9,0556,,16.24999999999998,75.7149999999998
297,29,B<galkot,Karn<taka,663809.400829,6.42467429774E9,0556,,16.24999999999998,75.7199999999998
297,29,B<galkot,Karn<taka,663809.400829,6.42467429774E9,0556,,16.24999999999998,75.7249999999998
297,29,B<galkot,Karn<taka,663809.400829,6.42467429774E9,0556,,16.24999999999998,75.72999999999979
297,29,B<galkot,Karn<taka,663809.400829,6.42467429774E9,0556,,16.24999999999998,75.73499999999979
297,29,B<galkot,Karn<taka,663809.400829,6.42467429774E9,0556,,16.24999999999998,75.73999999999978
297,29,B<galkot,Karn<taka,663809.400829,6.42467429774E9,0556,,16.24999999999998,75.74499999999978
297,29,B<galkot,Karn<taka,663809.400829,6.42467429774E9,0556,,16.24999999999998,75.74999999999977
297,29,B<galkot,Karn<taka,663809.400829,6.42467429774E9,0556,,16.254999999999978,75.5
297,29,B<galkot,Karn<taka,663809.400829,6.42467429774E9,0556,,16.254999999999978,75.505
297,29,B<galkot,Karn<taka,663809.400829,6.42467429774E9,0556,,16.254999999999978,75.50999999999999
297,29,B<galkot,Karn<taka,663809.400829,6.42467429774E9,0556,,16.254999999999978,75.51499999999999
297,29,B<galkot,Karn<taka,663809.400829,6.42467429774E9,0556,,16.254999999999978,75.51999999999998
297,29,B<galkot,Karn<taka,663809.400829,6.42467429774E9,0556,,16.254999999999978,75.52499999999998
297,29,B<galkot,Karn<taka,663809.400829,6.42467429774E9,0556,,16.254999999999978,75.52999999999997
297,29,B<galkot,Karn<taka,663809.400829,6.42467429774E9,0556,,16.254999999999978,75.53499999999997
297,29,B<galkot,Karn<taka,663809.400829,6.42467429774E9,0556,,16.254999999999978,75.53999999999996
297,29,B<galkot,Karn<taka,663809.400829,6.42467429774E9,0556,,16.254999999999978,75.54499999999996
297,29,B<galkot,Karn<taka,663809.400829,6.42467429774E9,0556,,16.254999999999978,75.54999999999995
297,29,B<galkot,Karn<taka,663809.400829,6.42467429774E9,0556,,16.254999999999978,75.55499999999995
297,29,B<galkot,Karn<taka,663809.400829,6.42467429774E9,0556,,16.254999999999978,75.55999999999995
297,29,B<galkot,Karn<taka,663809.400829,6.42467429774E9,0556,,16.254999999999978,75.56499999999994
297,29,B<galkot,Karn<taka,663809.400829,6.42467429774E9,0556,,16.254999999999978,75.56999999999994
297,29,B<galkot,Karn<taka,663809.400829,6.42467429774E9,0556,,16.254999999999978,75.57499999999993
297,29,B<galkot,Karn<taka,663809.400829,6.42467429774E9,0556,,16.254999999999978,75.57999999999993
297,29,B<galkot,Karn<taka,663809.400829,6.42467429774E9,0556,,16.254999999999978,75.58499999999992
297,29,B<galkot,Karn<taka,663809.400829,6.42467429774E9,0556,,16.254999999999978,75.58999999999992
297,29,B<galkot,Karn<taka,663809.400829,6.42467429774E9,0556,,16.254999999999978,75.59499999999991
297,29,B<galkot,Karn<taka,663809.400829,6.42467429774E9,0556,,16.254999999999978,75.59999999999991
297,29,B<galkot,Karn<taka,663809.400829,6.42467429774E9,0556,,16.254999999999978,75.6049999999999
297,29,B<galkot,Karn<taka,663809.400829,6.42467429774E9,0556,,16.254999999999978,75.6099999999999
297,29,B<galkot,Karn<taka,663809.400829,6.42467429774E9,0556,,16.254999999999978,75.6149999999999
297,29,B<galkot,Karn<taka,663809.400829,6.42467429774E9,0556,,16.254999999999978,75.61999999999989
297,29,B<galkot,Karn<taka,663809.400829,6.42467429774E9,0556,,16.254999999999978,75.62499999999989
297,29,B<galkot,Karn<taka,663809.400829,6.42467429774E9,0556,,16.254999999999978,75.62999999999988
297,29,B<galkot,Karn<taka,663809.400829,6.42467429774E9,0556,,16.254999999999978,75.63499999999988
297,29,B<galkot,Karn<taka,663809.400829,6.42467429774E9,0556,,16.254999999999978,75.63999999999987
297,29,B<galkot,Karn<taka,663809.400829,6.42467429774E9,0556,,16.254999999999978,75.64499999999987
297,29,B<galkot,Karn<taka,663809.400829,6.42467429774E9,0556,,16.254999999999978,75.64999999999986
297,29,B<galkot,Karn<taka,663809.400829,6.42467429774E9,0556,,16.254999999999978,75.65499999999986
297,29,B<galkot,Karn<taka,663809.400829,6.42467429774E9,0556,,16.254999999999978,75.65999999999985
297,29,B<galkot,Karn<taka,663809.400829,6.42467429774E9,0556,,16.254999999999978,75.66499999999985
297,29,B<galkot,Karn<taka,663809.400829,6.42467429774E9,0556,,16.254999999999978,75.66999999999985
297,29,B<galkot,Karn<taka,663809.400829,6.42467429774E9,0556,,16.254999999999978,75.67499999999984
297,29,B<galkot,Karn<taka,663809.400829,6.42467429774E9,0556,,16.254999999999978,75.67999999999984
297,29,B<galkot,Karn<taka,663809.400829,6.42467429774E9,0556,,16.254999999999978,75.68499999999983
297,29,B<galkot,Karn<taka,663809.400829,6.42467429774E9,0556,,16.254999999999978,75.68999999999983
297,29,B<galkot,Karn<taka,663809.400829,6.42467429774E9,0556,,16.254999999999978,75.69499999999982
297,29,B<galkot,Karn<taka,663809.400829,6.42467429774E9,0556,,16.254999999999978,75.69999999999982
297,29,B<galkot,Karn<taka,663809.400829,6.42467429774E9,0556,,16.254999999999978,75.70499999999981
297,29,B<galkot,Karn<taka,663809.400829,6.42467429774E9,0556,,16.254999999999978,75.70999999999981
297,29,B<galkot,Karn<taka,663809.400829,6.42467429774E9,0556,,16.254999999999978,75.7149999999998
297,29,B<galkot,Karn<taka,663809.400829,6.42467429774E9,0556,,16.254999999999978,75.7199999999998
297,29,B<galkot,Karn<taka,663809.400829,6.42467429774E9,0556,,16.254999999999978,75.7249999999998
297,29,B<galkot,Karn<taka,663809.400829,6.42467429774E9,0556,,16.254999999999978,75.72999999999979
297,29,B<galkot,Karn<taka,663809.400829,6.42467429774E9,0556,,16.254999999999978,75.73499999999979
297,29,B<galkot,Karn<taka,663809.400829,6.42467429774E9,0556,,16.254999999999978,75.73999999999978
297,29,B<galkot,Karn<taka,663809.400829,6.42467429774E9,0556,,16.254999999999978,75.74499999999978
297,29,B<galkot,Karn<taka,663809.400829,6.42467429774E9,0556,,16.254999999999978,75.74999999999977
297,29,B<galkot,Karn<taka,663809.400829,6.42467429774E9,0556,,16.259999999999977,75.5
297,29,B<galkot,Karn<taka,663809.400829,6.42467429774E9,0556,,16.259999999999977,75.505
297,29,B<galkot,Karn<taka,663809.400829,6.42467429774E9,0556,,16.259999999999977,75.50999999999999
297,29,B<galkot,Karn<taka,663809.400829,6.42467429774E9,0556,,16.259999999999977,75.51499999999999
297,29,B<galkot,Karn<taka,663809.400829,6.42467429774E9,0556,,16.259999999999977,75.51999999999998
297,29,B<galkot,Karn<taka,663809.400829,6.42467429774E9,0556,,16.259999999999977,75.52499999999998
297,29,B<galkot,Karn<taka,663809.400829,6.42467429774E9,0556,,16.259999999999977,75.52999999999997
297,29,B<galkot,Karn<taka,663809.400829,6.42467429774E9,0556,,16.259999999999977,75.53499999999997
297,29,B<galkot,Karn<taka,663809.400829,6.42467429774E9,0556,,16.259999999999977,75.53999999999996
297,29,B<galkot,Karn<taka,663809.400829,6.42467429774E9,0556,,16.259999999999977,75.54499999999996
297,29,B<galkot,Karn<taka,663809.400829,6.42467429774E9,0556,,16.259999999999977,75.54999999999995
297,29,B<galkot,Karn<taka,663809.400829,6.42467429774E9,0556,,16.259999999999977,75.55499999999995
297,29,B<galkot,Karn<taka,663809.400829,6.42467429774E9,0556,,16.259999999999977,75.55999999999995
297,29,B<galkot,Karn<taka,663809.400829,6.42467429774E9,0556,,16.259999999999977,75.56499999999994
297,29,B<galkot,Karn<taka,663809.400829,6.42467429774E9,0556,,16.259999999999977,75.56999999999994
297,29,B<galkot,Karn<taka,663809.400829,6.42467429774E9,0556,,16.259999999999977,75.57499999999993
297,29,B<galkot,Karn<taka,663809.400829,6.42467429774E9,0556,,16.259999999999977,75.57999999999993
297,29,B<galkot,Karn<taka,663809.400829,6.42467429774E9,0556,,16.259999999999977,75.58499999999992
297,29,B<galkot,Karn<taka,663809.400829,6.42467429774E9,0556,,16.259999999999977,75.58999999999992
297,29,B<galkot,Karn<taka,663809.400829,6.42467429774E9,0556,,16.259999999999977,75.59499999999991
297,29,B<galkot,Karn<taka,663809.400829,6.42467429774E9,0556,,16.259999999999977,75.59999999999991
297,29,B<galkot,Karn<taka,663809.400829,6.42467429774E9,0556,,16.259999999999977,75.6049999999999
297,29,B<galkot,Karn<taka,663809.400829,6.42467429774E9,0556,,16.259999999999977,75.6099999999999
297,29,B<galkot,Karn<taka,663809.400829,6.42467429774E9,0556,,16.259999999999977,75.6149999999999
297,29,B<galkot,Karn<taka,663809.400829,6.42467429774E9,0556,,16.259999999999977,75.61999999999989
297,29,B<galkot,Karn<taka,663809.400829,6.42467429774E9,0556,,16.259999999999977,75.62499999999989
297,29,B<galkot,Karn<taka,663809.400829,6.42467429774E9,0556,,16.259999999999977,75.62999999999988
297,29,B<galkot,Karn<taka,663809.400829,6.42467429774E9,0556,,16.259999999999977,75.63499999999988
297,29,B<galkot,Karn<taka,663809.400829,6.42467429774E9,0556,,16.259999999999977,75.63999999999987
297,29,B<galkot,Karn<taka,663809.400829,6.42467429774E9,0556,,16.259999999999977,75.64499999999987
297,29,B<galkot,Karn<taka,663809.400829,6.42467429774E9,0556,,16.259999999999977,75.64999999999986
297,29,B<galkot,Karn<taka,663809.400829,6.42467429774E9,0556,,16.259999999999977,75.65499999999986
297,29,B<galkot,Karn<taka,663809.400829,6.42467429774E9,0556,,16.259999999999977,75.65999999999985
297,29,B<galkot,Karn<taka,663809.400829,6.42467429774E9,0556,,16.259999999999977,75.66499999999985
297,29,B<galkot,Karn<taka,663809.400829,6.42467429774E9,0556,,16.259999999999977,75.66999999999985
297,29,B<galkot,Karn<taka,663809.400829,6.42467429774E9,0556,,16.259999999999977,75.67499999999984
297,29,B<galkot,Karn<taka,663809.400829,6.42467429774E9,0556,,16.259999999999977,75.67999999999984
297,29,B<galkot,Karn<taka,663809.400829,6.42467429774E9,0556,,16.259999999999977,75.68499999999983
297,29,B<galkot,Karn<taka,663809.400829,6.42467429774E9,0556,,16.259999999999977,75.68999999999983
297,29,B<galkot,Karn<taka,663809.400829,6.42467429774E9,0556,,16.259999999999977,75.69499999999982
297,29,B<galkot,Karn<taka,663809.400829,6.42467429774E9,0556,,16.259999999999977,75.69999999999982
297,29,B<galkot,Karn<taka,663809.400829,6.42467429774E9,0556,,16.259999999999977,75.70499999999981
297,29,B<galkot,Karn<taka,663809.400829,6.42467429774E9,0556,,16.259999999999977,75.70999999999981
297,29,B<galkot,Karn<taka,663809.400829,6.42467429774E9,0556,,16.259999999999977,75.7149999999998
297,29,B<galkot,Karn<taka,663809.400829,6.42467429774E9,0556,,16.259999999999977,75.7199999999998
297,29,B<galkot,Karn<taka,663809.400829,6.42467429774E9,0556,,16.259999999999977,75.7249999999998
297,29,B<galkot,Karn<taka,663809.400829,6.42467429774E9,0556,,16.259999999999977,75.72999999999979
297,29,B<galkot,Karn<taka,663809.400829,6.42467429774E9,0556,,16.259999999999977,75.73499999999979
297,29,B<galkot,Karn<taka,663809.400829,6.42467429774E9,0556,,16.259999999999977,75.73999999999978
297,29,B<galkot,Karn<taka,663809.400829,6.42467429774E9,0556,,16.259999999999977,75.74499999999978
297,29,B<galkot,Karn<taka,663809.400829,6.42467429774E9,0556,,16.259999999999977,75.74999999999977
297,29,B<galkot,Karn<taka,663809.400829,6.42467429774E9,0556,,16.264999999999976,75.5
297,29,B<galkot,Karn<taka,663809.400829,6.42467429774E9,0556,,16.264999999999976,75.505
297,29,B<galkot,Karn<taka,663809.400829,6.42467429774E9,0556,,16.264999999999976,75.50999999999999
297,29,B<galkot,Karn<taka,663809.400829,6.42467429774E9,0556,,16.264999999999976,75.51499999999999
297,29,B<galkot,Karn<taka,663809.400829,6.42467429774E9,0556,,16.264999999999976,75.51999999999998
297,29,B<galkot,Karn<taka,663809.400829,6.42467429774E9,0556,,16.264999999999976,75.52499999999998
297,29,B<galkot,Karn<taka,663809.400829,6.42467429774E9,0556,,16.264999999999976,75.52999999999997
297,29,B<galkot,Karn<taka,663809.400829,6.42467429774E9,0556,,16.264999999999976,75.53499999999997
297,29,B<galkot,Karn<taka,663809.400829,6.42467429774E9,0556,,16.264999999999976,75.53999999999996
297,29,B<galkot,Karn<taka,663809.400829,6.42467429774E9,0556,,16.264999999999976,75.54499999999996
297,29,B<galkot,Karn<taka,663809.400829,6.42467429774E9,0556,,16.264999999999976,75.54999999999995
297,29,B<galkot,Karn<taka,663809.400829,6.42467429774E9,0556,,16.264999999999976,75.55499999999995
297,29,B<galkot,Karn<taka,663809.400829,6.42467429774E9,0556,,16.264999999999976,75.55999999999995
297,29,B<galkot,Karn<taka,663809.400829,6.42467429774E9,0556,,16.264999999999976,75.56499999999994
297,29,B<galkot,Karn<taka,663809.400829,6.42467429774E9,0556,,16.264999999999976,75.56999999999994
297,29,B<galkot,Karn<taka,663809.400829,6.42467429774E9,0556,,16.264999999999976,75.57499999999993
297,29,B<galkot,Karn<taka,663809.400829,6.42467429774E9,0556,,16.264999999999976,75.57999999999993
297,29,B<galkot,Karn<taka,663809.400829,6.42467429774E9,0556,,16.264999999999976,75.58499999999992
297,29,B<galkot,Karn<taka,663809.400829,6.42467429774E9,0556,,16.264999999999976,75.58999999999992
297,29,B<galkot,Karn<taka,663809.400829,6.42467429774E9,0556,,16.264999999999976,75.59499999999991
297,29,B<galkot,Karn<taka,663809.400829,6.42467429774E9,0556,,16.264999999999976,75.59999999999991
297,29,B<galkot,Karn<taka,663809.400829,6.42467429774E9,0556,,16.264999999999976,75.6049999999999
297,29,B<galkot,Karn<taka,663809.400829,6.42467429774E9,0556,,16.264999999999976,75.6099999999999
297,29,B<galkot,Karn<taka,663809.400829,6.42467429774E9,0556,,16.264999999999976,75.6149999999999
297,29,B<galkot,Karn<taka,663809.400829,6.42467429774E9,0556,,16.264999999999976,75.61999999999989
297,29,B<galkot,Karn<taka,663809.400829,6.42467429774E9,0556,,16.264999999999976,75.62499999999989
297,29,B<galkot,Karn<taka,663809.400829,6.42467429774E9,0556,,16.264999999999976,75.62999999999988
297,29,B<galkot,Karn<taka,663809.400829,6.42467429774E9,0556,,16.264999999999976,75.63499999999988
297,29,B<galkot,Karn<taka,663809.400829,6.42467429774E9,0556,,16.264999999999976,75.63999999999987
297,29,B<galkot,Karn<taka,663809.400829,6.42467429774E9,0556,,16.264999999999976,75.64499999999987
297,29,B<galkot,Karn<taka,663809.400829,6.42467429774E9,0556,,16.264999999999976,75.64999999999986
297,29,B<galkot,Karn<taka,663809.400829,6.42467429774E9,0556,,16.264999999999976,75.65499999999986
297,29,B<galkot,Karn<taka,663809.400829,6.42467429774E9,0556,,16.264999999999976,75.65999999999985
297,29,B<galkot,Karn<taka,663809.400829,6.42467429774E9,0556,,16.264999999999976,75.66499999999985
297,29,B<galkot,Karn<taka,663809.400829,6.42467429774E9,0556,,16.264999999999976,75.66999999999985
297,29,B<galkot,Karn<taka,663809.400829,6.42467429774E9,0556,,16.264999999999976,75.67499999999984
297,29,B<galkot,Karn<taka,663809.400829,6.42467429774E9,0556,,16.264999999999976,75.67999999999984
297,29,B<galkot,Karn<taka,663809.400829,6.42467429774E9,0556,,16.264999999999976,75.68499999999983
297,29,B<galkot,Karn<taka,663809.400829,6.42467429774E9,0556,,16.264999999999976,75.68999999999983
297,29,B<galkot,Karn<taka,663809.400829,6.42467429774E9,0556,,16.264999999999976,75.69499999999982
297,29,B<galkot,Karn<taka,663809.400829,6.42467429774E9,0556,,16.264999999999976,75.69999999999982
297,29,B<galkot,Karn<taka,663809.400829,6.42467429774E9,0556,,16.264999999999976,75.70499999999981
297,29,B<galkot,Karn<taka,663809.400829,6.42467429774E9,0556,,16.264999999999976,75.70999999999981
297,29,B<galkot,Karn<taka,663809.400829,6.42467429774E9,0556,,16.264999999999976,75.7149999999998
297,29,B<galkot,Karn<taka,663809.400829,6.42467429774E9,0556,,16.264999999999976,75.7199999999998
297,29,B<galkot,Karn<taka,663809.400829,6.42467429774E9,0556,,16.264999999999976,75.7249999999998
297,29,B<galkot,Karn<taka,663809.400829,6.42467429774E9,0556,,16.264999999999976,75.72999999999979
297,29,B<galkot,Karn<taka,663809.400829,6.42467429774E9,0556,,16.264999999999976,75.73499999999979
297,29,B<galkot,Karn<taka,663809.400829,6.42467429774E9,0556,,16.264999999999976,75.73999999999978
297,29,B<galkot,Karn<taka,663809.400829,6.42467429774E9,0556,,16.264999999999976,75.74499999999978
297,29,B<galkot,Karn<taka,663809.400829,6.42467429774E9,0556,,16.264999999999976,75.74999999999977
297,29,B<galkot,Karn<taka,663809.400829,6.42467429774E9,0556,,16.269999999999975,75.5
297,29,B<galkot,Karn<taka,663809.400829,6.42467429774E9,0556,,16.269999999999975,75.505
297,29,B<galkot,Karn<taka,663809.400829,6.42467429774E9,0556,,16.269999999999975,75.50999999999999
297,29,B<galkot,Karn<taka,663809.400829,6.42467429774E9,0556,,16.269999999999975,75.51499999999999
297,29,B<galkot,Karn<taka,663809.400829,6.42467429774E9,0556,,16.269999999999975,75.51999999999998
297,29,B<galkot,Karn<taka,663809.400829,6.42467429774E9,0556,,16.269999999999975,75.52499999999998
297,29,B<galkot,Karn<taka,663809.400829,6.42467429774E9,0556,,16.269999999999975,75.52999999999997
297,29,B<galkot,Karn<taka,663809.400829,6.42467429774E9,0556,,16.269999999999975,75.53499999999997
297,29,B<galkot,Karn<taka,663809.400829,6.42467429774E9,0556,,16.269999999999975,75.53999999999996
297,29,B<galkot,Karn<taka,663809.400829,6.42467429774E9,0556,,16.269999999999975,75.54499999999996
297,29,B<galkot,Karn<taka,663809.400829,6.42467429774E9,0556,,16.269999999999975,75.54999999999995
297,29,B<galkot,Karn<taka,663809.400829,6.42467429774E9,0556,,16.269999999999975,75.55499999999995
297,29,B<galkot,Karn<taka,663809.400829,6.42467429774E9,0556,,16.269999999999975,75.55999999999995
297,29,B<galkot,Karn<taka,663809.400829,6.42467429774E9,0556,,16.269999999999975,75.56499999999994
297,29,B<galkot,Karn<taka,663809.400829,6.42467429774E9,0556,,16.269999999999975,75.56999999999994
297,29,B<galkot,Karn<taka,663809.400829,6.42467429774E9,0556,,16.269999999999975,75.57499999999993
297,29,B<galkot,Karn<taka,663809.400829,6.42467429774E9,0556,,16.269999999999975,75.57999999999993
297,29,B<galkot,Karn<taka,663809.400829,6.42467429774E9,0556,,16.269999999999975,75.58499999999992
297,29,B<galkot,Karn<taka,663809.400829,6.42467429774E9,0556,,16.269999999999975,75.58999999999992
297,29,B<galkot,Karn<taka,663809.400829,6.42467429774E9,0556,,16.269999999999975,75.59499999999991
297,29,B<galkot,Karn<taka,663809.400829,6.42467429774E9,0556,,16.269999999999975,75.59999999999991
297,29,B<galkot,Karn<taka,663809.400829,6.42467429774E9,0556,,16.269999999999975,75.6049999999999
297,29,B<galkot,Karn<taka,663809.400829,6.42467429774E9,0556,,16.269999999999975,75.6099999999999
297,29,B<galkot,Karn<taka,663809.400829,6.42467429774E9,0556,,16.269999999999975,75.6149999999999
297,29,B<galkot,Karn<taka,663809.400829,6.42467429774E9,0556,,16.269999999999975,75.61999999999989
297,29,B<galkot,Karn<taka,663809.400829,6.42467429774E9,0556,,16.269999999999975,75.62499999999989
297,29,B<galkot,Karn<taka,663809.400829,6.42467429774E9,0556,,16.269999999999975,75.62999999999988
297,29,B<galkot,Karn<taka,663809.400829,6.42467429774E9,0556,,16.269999999999975,75.63499999999988
297,29,B<galkot,Karn<taka,663809.400829,6.42467429774E9,0556,,16.269999999999975,75.63999999999987
297,29,B<galkot,Karn<taka,663809.400829,6.42467429774E9,0556,,16.269999999999975,75.64499999999987
297,29,B<galkot,Karn<taka,663809.400829,6.42467429774E9,0556,,16.269999999999975,75.64999999999986
297,29,B<galkot,Karn<taka,663809.400829,6.42467429774E9,0556,,16.269999999999975,75.65499999999986
297,29,B<galkot,Karn<taka,663809.400829,6.42467429774E9,0556,,16.269999999999975,75.65999999999985
297,29,B<galkot,Karn<taka,663809.400829,6.42467429774E9,0556,,16.269999999999975,75.66499999999985
297,29,B<galkot,Karn<taka,663809.400829,6.42467429774E9,0556,,16.269999999999975,75.66999999999985
297,29,B<galkot,Karn<taka,663809.400829,6.42467429774E9,0556,,16.269999999999975,75.67499999999984
297,29,B<galkot,Karn<taka,663809.400829,6.42467429774E9,0556,,16.269999999999975,75.67999999999984
297,29,B<galkot,Karn<taka,663809.400829,6.42467429774E9,0556,,16.269999999999975,75.68499999999983
297,29,B<galkot,Karn<taka,663809.400829,6.42467429774E9,0556,,16.269999999999975,75.68999999999983
297,29,B<galkot,Karn<taka,663809.400829,6.42467429774E9,0556,,16.269999999999975,75.69499999999982
297,29,B<galkot,Karn<taka,663809.400829,6.42467429774E9,0556,,16.269999999999975,75.69999999999982
297,29,B<galkot,Karn<taka,663809.400829,6.42467429774E9,0556,,16.269999999999975,75.70499999999981
297,29,B<galkot,Karn<taka,663809.400829,6.42467429774E9,0556,,16.269999999999975,75.70999999999981
297,29,B<galkot,Karn<taka,663809.400829,6.42467429774E9,0556,,16.269999999999975,75.7149999999998
297,29,B<galkot,Karn<taka,663809.400829,6.42467429774E9,0556,,16.269999999999975,75.7199999999998
297,29,B<galkot,Karn<taka,663809.400829,6.42467429774E9,0556,,16.269999999999975,75.7249999999998
297,29,B<galkot,Karn<taka,663809.400829,6.42467429774E9,0556,,16.269999999999975,75.72999999999979
297,29,B<galkot,Karn<taka,663809.400829,6.42467429774E9,0556,,16.269999999999975,75.73499999999979
297,29,B<galkot,Karn<taka,663809.400829,6.42467429774E9,0556,,16.269999999999975,75.73999999999978
297,29,B<galkot,Karn<taka,663809.400829,6.42467429774E9,0556,,16.269999999999975,75.74499999999978
297,29,B<galkot,Karn<taka,663809.400829,6.42467429774E9,0556,,16.269999999999975,75.74999999999977
297,29,B<galkot,Karn<taka,663809.400829,6.42467429774E9,0556,,16.274999999999974,75.5
297,29,B<galkot,Karn<taka,663809.400829,6.42467429774E9,0556,,16.274999999999974,75.505
297,29,B<galkot,Karn<taka,663809.400829,6.42467429774E9,0556,,16.274999999999974,75.50999999999999
297,29,B<galkot,Karn<taka,663809.400829,6.42467429774E9,0556,,16.274999999999974,75.51499999999999
297,29,B<galkot,Karn<taka,663809.400829,6.42467429774E9,0556,,16.274999999999974,75.51999999999998
297,29,B<galkot,Karn<taka,663809.400829,6.42467429774E9,0556,,16.274999999999974,75.52499999999998
297,29,B<galkot,Karn<taka,663809.400829,6.42467429774E9,0556,,16.274999999999974,75.53499999999997
297,29,B<galkot,Karn<taka,663809.400829,6.42467429774E9,0556,,16.274999999999974,75.53999999999996
297,29,B<galkot,Karn<taka,663809.400829,6.42467429774E9,0556,,16.274999999999974,75.54499999999996
297,29,B<galkot,Karn<taka,663809.400829,6.42467429774E9,0556,,16.274999999999974,75.54999999999995
297,29,B<galkot,Karn<taka,663809.400829,6.42467429774E9,0556,,16.274999999999974,75.55499999999995
297,29,B<galkot,Karn<taka,663809.400829,6.42467429774E9,0556,,16.274999999999974,75.55999999999995
297,29,B<galkot,Karn<taka,663809.400829,6.42467429774E9,0556,,16.274999999999974,75.56499999999994
297,29,B<galkot,Karn<taka,663809.400829,6.42467429774E9,0556,,16.274999999999974,75.56999999999994
297,29,B<galkot,Karn<taka,663809.400829,6.42467429774E9,0556,,16.274999999999974,75.57499999999993
297,29,B<galkot,Karn<taka,663809.400829,6.42467429774E9,0556,,16.274999999999974,75.57999999999993
297,29,B<galkot,Karn<taka,663809.400829,6.42467429774E9,0556,,16.274999999999974,75.58499999999992
297,29,B<galkot,Karn<taka,663809.400829,6.42467429774E9,0556,,16.274999999999974,75.58999999999992
297,29,B<galkot,Karn<taka,663809.400829,6.42467429774E9,0556,,16.274999999999974,75.59499999999991
297,29,B<galkot,Karn<taka,663809.400829,6.42467429774E9,0556,,16.274999999999974,75.59999999999991
297,29,B<galkot,Karn<taka,663809.400829,6.42467429774E9,0556,,16.274999999999974,75.6049999999999
297,29,B<galkot,Karn<taka,663809.400829,6.42467429774E9,0556,,16.274999999999974,75.6099999999999
297,29,B<galkot,Karn<taka,663809.400829,6.42467429774E9,0556,,16.274999999999974,75.6149999999999
297,29,B<galkot,Karn<taka,663809.400829,6.42467429774E9,0556,,16.274999999999974,75.61999999999989
297,29,B<galkot,Karn<taka,663809.400829,6.42467429774E9,0556,,16.274999999999974,75.62499999999989
297,29,B<galkot,Karn<taka,663809.400829,6.42467429774E9,0556,,16.274999999999974,75.62999999999988
297,29,B<galkot,Karn<taka,663809.400829,6.42467429774E9,0556,,16.274999999999974,75.63499999999988
297,29,B<galkot,Karn<taka,663809.400829,6.42467429774E9,0556,,16.274999999999974,75.63999999999987
297,29,B<galkot,Karn<taka,663809.400829,6.42467429774E9,0556,,16.274999999999974,75.64499999999987
297,29,B<galkot,Karn<taka,663809.400829,6.42467429774E9,0556,,16.274999999999974,75.64999999999986
297,29,B<galkot,Karn<taka,663809.400829,6.42467429774E9,0556,,16.274999999999974,75.65499999999986
297,29,B<galkot,Karn<taka,663809.400829,6.42467429774E9,0556,,16.274999999999974,75.65999999999985
297,29,B<galkot,Karn<taka,663809.400829,6.42467429774E9,0556,,16.274999999999974,75.66499999999985
297,29,B<galkot,Karn<taka,663809.400829,6.42467429774E9,0556,,16.274999999999974,75.66999999999985
297,29,B<galkot,Karn<taka,663809.400829,6.42467429774E9,0556,,16.274999999999974,75.67499999999984
297,29,B<galkot,Karn<taka,663809.400829,6.42467429774E9,0556,,16.274999999999974,75.67999999999984
297,29,B<galkot,Karn<taka,663809.400829,6.42467429774E9,0556,,16.274999999999974,75.68499999999983
297,29,B<galkot,Karn<taka,663809.400829,6.42467429774E9,0556,,16.274999999999974,75.68999999999983
297,29,B<galkot,Karn<taka,663809.400829,6.42467429774E9,0556,,16.274999999999974,75.69499999999982
297,29,B<galkot,Karn<taka,663809.400829,6.42467429774E9,0556,,16.274999999999974,75.69999999999982
297,29,B<galkot,Karn<taka,663809.400829,6.42467429774E9,0556,,16.274999999999974,75.70499999999981
297,29,B<galkot,Karn<taka,663809.400829,6.42467429774E9,0556,,16.274999999999974,75.70999999999981
297,29,B<galkot,Karn<taka,663809.400829,6.42467429774E9,0556,,16.274999999999974,75.7149999999998
297,29,B<galkot,Karn<taka,663809.400829,6.42467429774E9,0556,,16.274999999999974,75.7199999999998
297,29,B<galkot,Karn<taka,663809.400829,6.42467429774E9,0556,,16.274999999999974,75.7249999999998
297,29,B<galkot,Karn<taka,663809.400829,6.42467429774E9,0556,,16.274999999999974,75.72999999999979
297,29,B<galkot,Karn<taka,663809.400829,6.42467429774E9,0556,,16.274999999999974,75.73499999999979
297,29,B<galkot,Karn<taka,663809.400829,6.42467429774E9,0556,,16.274999999999974,75.73999999999978
297,29,B<galkot,Karn<taka,663809.400829,6.42467429774E9,0556,,16.274999999999974,75.74499999999978
297,29,B<galkot,Karn<taka,663809.400829,6.42467429774E9,0556,,16.274999999999974,75.74999999999977
297,29,B<galkot,Karn<taka,663809.400829,6.42467429774E9,0556,,16.279999999999973,75.5
297,29,B<galkot,Karn<taka,663809.400829,6.42467429774E9,0556,,16.279999999999973,75.505
297,29,B<galkot,Karn<taka,663809.400829,6.42467429774E9,0556,,16.279999999999973,75.50999999999999
297,29,B<galkot,Karn<taka,663809.400829,6.42467429774E9,0556,,16.279999999999973,75.51499999999999
297,29,B<galkot,Karn<taka,663809.400829,6.42467429774E9,0556,,16.279999999999973,75.51999999999998
297,29,B<galkot,Karn<taka,663809.400829,6.42467429774E9,0556,,16.279999999999973,75.52499999999998
297,29,B<galkot,Karn<taka,663809.400829,6.42467429774E9,0556,,16.279999999999973,75.52999999999997
297,29,B<galkot,Karn<taka,663809.400829,6.42467429774E9,0556,,16.279999999999973,75.53499999999997
297,29,B<galkot,Karn<taka,663809.400829,6.42467429774E9,0556,,16.279999999999973,75.53999999999996
297,29,B<galkot,Karn<taka,663809.400829,6.42467429774E9,0556,,16.279999999999973,75.54499999999996
297,29,B<galkot,Karn<taka,663809.400829,6.42467429774E9,0556,,16.279999999999973,75.54999999999995
297,29,B<galkot,Karn<taka,663809.400829,6.42467429774E9,0556,,16.279999999999973,75.55499999999995
297,29,B<galkot,Karn<taka,663809.400829,6.42467429774E9,0556,,16.279999999999973,75.55999999999995
297,29,B<galkot,Karn<taka,663809.400829,6.42467429774E9,0556,,16.279999999999973,75.56499999999994
297,29,B<galkot,Karn<taka,663809.400829,6.42467429774E9,0556,,16.279999999999973,75.56999999999994
297,29,B<galkot,Karn<taka,663809.400829,6.42467429774E9,0556,,16.279999999999973,75.57499999999993
297,29,B<galkot,Karn<taka,663809.400829,6.42467429774E9,0556,,16.279999999999973,75.57999999999993
297,29,B<galkot,Karn<taka,663809.400829,6.42467429774E9,0556,,16.279999999999973,75.58499999999992
297,29,B<galkot,Karn<taka,663809.400829,6.42467429774E9,0556,,16.279999999999973,75.58999999999992
297,29,B<galkot,Karn<taka,663809.400829,6.42467429774E9,0556,,16.279999999999973,75.59499999999991
297,29,B<galkot,Karn<taka,663809.400829,6.42467429774E9,0556,,16.279999999999973,75.59999999999991
297,29,B<galkot,Karn<taka,663809.400829,6.42467429774E9,0556,,16.279999999999973,75.6049999999999
297,29,B<galkot,Karn<taka,663809.400829,6.42467429774E9,0556,,16.279999999999973,75.6099999999999
297,29,B<galkot,Karn<taka,663809.400829,6.42467429774E9,0556,,16.279999999999973,75.6149999999999
297,29,B<galkot,Karn<taka,663809.400829,6.42467429774E9,0556,,16.279999999999973,75.61999999999989
297,29,B<galkot,Karn<taka,663809.400829,6.42467429774E9,0556,,16.279999999999973,75.62499999999989
297,29,B<galkot,Karn<taka,663809.400829,6.42467429774E9,0556,,16.279999999999973,75.62999999999988
297,29,B<galkot,Karn<taka,663809.400829,6.42467429774E9,0556,,16.279999999999973,75.63499999999988
297,29,B<galkot,Karn<taka,663809.400829,6.42467429774E9,0556,,16.279999999999973,75.63999999999987
297,29,B<galkot,Karn<taka,663809.400829,6.42467429774E9,0556,,16.279999999999973,75.64499999999987
297,29,B<galkot,Karn<taka,663809.400829,6.42467429774E9,0556,,16.279999999999973,75.64999999999986
297,29,B<galkot,Karn<taka,663809.400829,6.42467429774E9,0556,,16.279999999999973,75.65499999999986
297,29,B<galkot,Karn<taka,663809.400829,6.42467429774E9,0556,,16.279999999999973,75.65999999999985
297,29,B<galkot,Karn<taka,663809.400829,6.42467429774E9,0556,,16.279999999999973,75.66499999999985
297,29,B<galkot,Karn<taka,663809.400829,6.42467429774E9,0556,,16.279999999999973,75.66999999999985
297,29,B<galkot,Karn<taka,663809.400829,6.42467429774E9,0556,,16.279999999999973,75.67499999999984
297,29,B<galkot,Karn<taka,663809.400829,6.42467429774E9,0556,,16.279999999999973,75.67999999999984
297,29,B<galkot,Karn<taka,663809.400829,6.42467429774E9,0556,,16.279999999999973,75.68499999999983
297,29,B<galkot,Karn<taka,663809.400829,6.42467429774E9,0556,,16.279999999999973,75.68999999999983
297,29,B<galkot,Karn<taka,663809.400829,6.42467429774E9,0556,,16.279999999999973,75.69499999999982
297,29,B<galkot,Karn<taka,663809.400829,6.42467429774E9,0556,,16.279999999999973,75.69999999999982
297,29,B<galkot,Karn<taka,663809.400829,6.42467429774E9,0556,,16.279999999999973,75.70499999999981
297,29,B<galkot,Karn<taka,663809.400829,6.42467429774E9,0556,,16.279999999999973,75.70999999999981
297,29,B<galkot,Karn<taka,663809.400829,6.42467429774E9,0556,,16.279999999999973,75.7149999999998
297,29,B<galkot,Karn<taka,663809.400829,6.42467429774E9,0556,,16.279999999999973,75.7199999999998
297,29,B<galkot,Karn<taka,663809.400829,6.42467429774E9,0556,,16.279999999999973,75.7249999999998
297,29,B<galkot,Karn<taka,663809.400829,6.42467429774E9,0556,,16.279999999999973,75.72999999999979
297,29,B<galkot,Karn<taka,663809.400829,6.42467429774E9,0556,,16.279999999999973,75.73499999999979
297,29,B<galkot,Karn<taka,663809.400829,6.42467429774E9,0556,,16.279999999999973,75.73999999999978
297,29,B<galkot,Karn<taka,663809.400829,6.42467429774E9,0556,,16.279999999999973,75.74499999999978
297,29,B<galkot,Karn<taka,663809.400829,6.42467429774E9,0556,,16.279999999999973,75.74999999999977
