Year,District,Season,Crops,Soil_Type,Area,Irrigation,Rainfall,Temperature,Humidity,Wind_Speed,NDVI,Yield,Price
2004,Dakshina Kannada,Kharif,Coconut,Alluvial,1279,Drip,2903.1,27.0,57.0,10.411475409836063,0.4820666666666667,2570.0,200000
2004,Dakshina Kannada,Kharif,Coconut,Alluvial,13283,Drip,2903.1,27.0,57.5,10.411475409836063,0.4820666666666667,27170.0,4847
2004,Dakshina Kannada,Kharif,Coconut,Alluvial,52119,Drip,2903.1,27.0,57.0,10.411475409836063,0.4820666666666667,114744.0,51239
2004,Dakshina Kannada,Kharif,Coconut,Alluvial,725,Drip,2996.6,27.0,55.0,10.411475409836063,0.4820666666666667,1402.0,216396
2004,Dakshina Kannada,Kharif,Coconut,Alluvial,12885,Drip,2996.6,27.0,56.0,10.411475409836063,0.4820666666666667,23456.0,2644
2004,Dakshina Kannada,Kharif,Coconut,Alluvial,51179,Drip,2996.6,27.0,54.0,10.411475409836063,0.4820666666666667,107809.0,44235
2004,Dakshina Kannada,Kharif,Coconut,Alluvial,468,Drip,3522.8,27.2,58.0,10.411475409836063,0.4820666666666667,1132.0,203317
2004,Dakshina Kannada,Kharif,Coconut,Alluvial,11841,Drip,3522.8,27.2,58.0,10.411475409836063,0.4820666666666667,23960.0,2134
2004,Dakshina Kannada,Kharif,Coconut,Alluvial,50975,Drip,3522.8,27.2,59.0,10.411475409836063,0.4820666666666667,126487.0,45186
2004,Dakshina Kannada,Kharif,Coconut,Alluvial,206,Drip,3729.8,27.0,50.0,10.411475409836063,0.4820666666666667,804.0,238542
2004,Dakshina Kannada,Kharif,Coconut,Alluvial,10922,Drip,3729.8,27.0,54.0,10.411475409836063,0.4820666666666667,30362.0,1516
2004,Dakshina Kannada,Kharif,Coconut,Alluvial,51390,Drip,3729.8,27.0,53.0,10.411475409836063,0.4820666666666667,124492.0,57259
2004,Dakshina Kannada,Kharif,Coconut,Alluvial,177,Drip,2746.2,27.0,52.0,10.411475409836063,0.4820666666666667,792.0,234779
2004,Dakshina Kannada,Kharif,Coconut,Alluvial,10723,Drip,2746.2,27.0,51.0,10.411475409836063,0.4820666666666667,34153.0,1493
2004,Kodagu,Kharif,Coconut,Alluvial,51709,Drip,2746.2,27.0,57.0,6.525934426229509,0.5597888888888889,132551.0,64409
2004,Kodagu,Kharif,Coconut,Alluvial,146,Drip,3360.0,27.2,57.0,6.525934426229509,0.5597888888888889,338.0,249978
2004,Kodagu,Kharif,Coconut,Alluvial,10910,Drip,3360.0,27.2,60.0,6.525934426229509,0.5597888888888889,22966.0,637
2004,Kodagu,Kharif,Coconut,Alluvial,51355,Drip,3360.0,27.2,57.0,6.525934426229509,0.5597888888888889,131763.0,43311
2004,Kodagu,Kharif,Coconut,Alluvial,160,Drip,3605.4,27.1,57.0,6.525934426229509,0.5597888888888889,404.0,24848
2004,Kodagu,Kharif,Coconut,Alluvial,10912,Drip,3605.4,27.1,54.0,6.525934426229509,0.5597888888888889,24184.0,761
2004,Kodagu,Kharif,Coconut,Alluvial,51353,Drip,3605.4,27.1,54.5,6.525934426229509,0.5597888888888889,124387.0,45608
2004,Kodagu,Kharif,Coconut,Alluvial,142,Drip,3512.4,26.8,56.6,6.525934426229509,0.5597888888888889,343.0,234581
2004,Kodagu,Kharif,Coconut,Alluvial,10505,Drip,3512.4,26.8,55.5,6.525934426229509,0.5597888888888889,23099.0,646
2004,Kodagu,Kharif,Coconut,Alluvial,51040,Drip,3512.4,26.8,58.5,6.525934426229509,0.5597888888888889,117825.84,43562
2004,Kodagu,Kharif,Coconut,Alluvial,154,Drip,3296.0,37.0,59.5,6.525934426229509,0.5597888888888889,336.0,200000
2004,Kodagu,Kharif,Coconut,Alluvial,10318,Drip,3296.0,37.0,55.0,6.525934426229509,0.5597888888888889,22594.0,4847
2004,Kodagu,Kharif,Coconut,Alluvial,48083,Drip,3296.0,37.0,53.0,6.525934426229509,0.5597888888888889,116481.07,51239
2004,Kasaragodu,Kharif,Coconut,Alluvial,143,Drip,3550.0,38.0,53.5,10.411475409836063,0.7173888888888889,316.0,216396
2004,Kasaragodu,Kharif,Coconut,Alluvial,9283,Drip,3550.0,38.0,52.5,10.411475409836063,0.7173888888888889,21400.0,2644
2004,Kasaragodu,Kharif,Coconut,Alluvial,47200,Drip,3550.0,38.0,56.0,10.411475409836063,0.7173888888888889,122102.0,44235
2004,Kasaragodu,Kharif,Coconut,Alluvial,158,Drip,3654.0,39.0,57.0,10.411475409836063,0.7173888888888889,382.0,203317
2004,Kasaragodu,Kharif,Coconut,Alluvial,8982,Drip,3654.0,39.0,57.5,10.411475409836063,0.7173888888888889,19578.0,2134
2004,Kasaragodu,Kharif,Coconut,Alluvial,46990,Drip,3654.0,39.0,57.0,10.411475409836063,0.7173888888888889,121037.0,45186
2004,Kasaragodu,Kharif,Coconut,Alluvial,103,Drip,233.0,40.0,55.0,10.411475409836063,0.7173888888888889,231.0,238542
2004,Kasaragodu,Kharif,Coconut,Alluvial,8239,Drip,233.0,40.0,56.0,10.411475409836063,0.7173888888888889,18951.0,1516
2004,Kasaragodu,Kharif,Coconut,Alluvial,44563,Drip,233.0,40.0,54.0,10.411475409836063,0.7173888888888889,110579.0,57259
2004,Kasaragodu,Kharif,Coconut,Alluvial,96,Drip,234.0,41.0,58.0,10.411475409836063,0.7173888888888889,221.0,234779
2004,Kasaragodu,Kharif,Coconut,Alluvial,6949,Drip,234.0,41.0,58.0,10.411475409836063,0.7173888888888889,15362.0,1493
2004,Kasaragodu,Kharif,Coconut,Alluvial,44663,Drip,234.0,41.0,59.0,10.411475409836063,0.7173888888888889,120373.0,64409
2004,Kasaragodu,Kharif,Coconut,Red,110,Drip,3105.0,42.0,50.0,10.411475409836063,0.7173888888888889,291.0,249978
2004,Kasaragodu,Kharif,Coconut,Red,6824,Drip,3105.0,42.0,54.0,10.411475409836063,0.7173888888888889,17231.0,637
2004,Kasaragodu,Kharif,Coconut,Red,43013,Drip,3105.0,42.0,53.0,10.411475409836063,0.7173888888888889,119359.0,43311
2004,Raichur,Kharif,Coconut,Red,95,Drip,236.0,43.0,52.0,14.763836065573772,0.5092,283.0,24848
2004,Raichur,Kharif,Coconut,Red,6441,Drip,236.0,43.0,51.0,14.763836065573772,0.5092,17690.0,761
2004,Raichur,Kharif,Coconut,Red,4012,Basin,2903.1,27.0,57.0,14.763836065573772,0.5092,7157.0,45608
2004,Raichur,Kharif,Coconut,Red,4877,Basin,2903.1,27.0,57.0,14.763836065573772,0.5092,8700.0,234581
2004,Raichur,Rabi,Coconut,Red,4930,Basin,2903.1,27.0,60.0,14.763836065573772,0.4696636363636364,41266.0,646
2004,Raichur,Rabi,Coconut,Red,4954,Basin,2996.6,27.0,57.0,14.763836065573772,0.4696636363636364,8838.0,43562
2004,Raichur,Rabi,Coconut,Red,5019,Basin,2996.6,27.0,57.0,14.763836065573772,0.4696636363636364,8954.0,200000
2004,Raichur,Rabi,Coconut,Red,5127,Basin,2996.6,27.0,54.0,14.763836065573772,0.4696636363636364,42915.0,4847
2004,Raichur,Rabi,Coconut,Red,5174,Basin,3522.8,27.2,54.5,14.763836065573772,0.4696636363636364,9230.0,51239
2004,Raichur,Rabi,Coconut,Red,5294,Basin,3522.8,27.2,56.6,14.763836065573772,0.4696636363636364,44313.0,216396
2004,Raichur,Rabi,Coconut,Red,5474,Basin,3522.8,27.2,55.5,14.763836065573772,0.4696636363636364,45820.0,2644
2004,Raichur,Rabi,Coconut,Red,5864,Basin,3729.8,27.0,58.5,14.763836065573772,0.4696636363636364,49084.0,44235
2004,Raichur,Rabi,Coconut,Red,7028,Basin,3729.8,27.0,59.5,14.763836065573772,0.4696636363636364,86311.0,203317
2004,Raichur,Rabi,Coconut,Red,7403,Basin,3729.8,27.0,55.0,14.763836065573772,0.4696636363636364,57642.0,2134
2004,Raichur,Rabi,Coconut,Red,7501,Basin,2746.2,27.0,53.0,14.763836065573772,0.4696636363636364,58405.0,45186
2004,Raichur,Rabi,Coconut,Red,7714,Basin,2746.2,27.0,53.5,14.763836065573772,0.4696636363636364,60751.0,238542
2004,Raichur,Rabi,Coconut,Red,7856,Basin,2746.2,27.0,52.5,14.763836065573772,0.4696636363636364,109506.0,1516
2004,Raichur,Rabi,Coconut,Red,32,Basin,3360.0,27.2,56.0,14.763836065573772,0.4696636363636364,114.0,57259
2004,Raichur,Rabi,Coconut,Red,1,Basin,3360.0,27.2,57.0,14.763836065573772,0.4696636363636364,3.0,234779
2004,Raichur,Rabi,Coconut,Red,30,Basin,3360.0,27.2,57.5,14.763836065573772,0.4696636363636364,95.0,1493
2004,Gulbarga,Rabi,Coconut,Red,6,Basin,3605.4,27.1,57.0,13.973901639344264,0.4632272727272727,19.0,64409
2004,Gulbarga,Rabi,Coconut,Red,15,Basin,3605.4,27.1,55.0,13.973901639344264,0.4632272727272727,54.0,249978
2004,Gulbarga,Rabi,Coconut,Red,4,Basin,3605.4,27.1,56.0,13.973901639344264,0.4632272727272727,13.0,200000
2004,Gulbarga,Rabi,Coconut,Red,39,Basin,3512.4,26.8,54.0,13.973901639344264,0.4632272727272727,123.0,4847
2004,Gulbarga,Rabi,Coconut,Red,6,Basin,3512.4,26.8,58.0,13.973901639344264,0.4632272727272727,19.0,51239
2004,Gulbarga,Rabi,Coconut,Red,12,Basin,3512.4,26.8,58.0,13.973901639344264,0.4632272727272727,32.0,216396
2004,Gulbarga,Rabi,Coconut,Red,3,Basin,3296.0,37.0,59.0,13.973901639344264,0.4632272727272727,8.0,2644
2004,Gulbarga,Rabi,Coconut,Black,17,Basin,3296.0,37.0,50.0,13.973901639344264,0.4632272727272727,50.0,44235
2004,Gulbarga,Rabi,Coconut,Black,3,Basin,3296.0,37.0,54.0,13.973901639344264,0.4632272727272727,10.0,203317
2004,Gulbarga,Rabi,Coconut,Black,9,Basin,3550.0,38.0,53.0,13.973901639344264,0.4632272727272727,29.0,2134
2004,Gulbarga,Rabi,Coconut,Black,21,Basin,3550.0,38.0,52.0,13.973901639344264,0.4632272727272727,44.0,45186
2004,Gulbarga,Rabi,Coconut,Black,11,Basin,3550.0,38.0,51.0,13.973901639344264,0.4632272727272727,33.0,238542
2004,Gulbarga,Rabi,Coconut,Black,4,Basin,3654.0,39.0,57.0,13.973901639344264,0.4632272727272727,14.0,1516
2004,Gulbarga,Rabi,Coconut,Black,15,Basin,3654.0,39.0,57.0,13.973901639344264,0.4632272727272727,56.0,57259
2004,Gulbarga,Rabi,Coconut,Black,8,Basin,3654.0,39.0,60.0,13.973901639344264,0.4632272727272727,26.0,234779
2004,Gulbarga,Zaid,Coconut,Black,29,Basin,233.0,40.0,57.0,13.973901639344264,0.3844125,98.0,1493
2004,Gulbarga,Zaid,Coconut,Black,1,Basin,233.0,40.0,57.0,13.973901639344264,0.3844125,3.0,64409
2004,Gulbarga,Zaid,Coconut,Black,13736,Basin,233.0,40.0,54.0,13.973901639344264,0.3844125,58637.0,249978
2004,Gulbarga,Zaid,Coconut,Black,14003,Basin,234.0,41.0,54.5,13.973901639344264,0.3844125,59777.0,637
2004,Gulbarga,Zaid,Coconut,Black,14179,Basin,234.0,41.0,56.6,13.973901639344264,0.3844125,60528.0,43311
2004,Gulbarga,Zaid,Coconut,Black,14319,Basin,234.0,41.0,55.5,13.973901639344264,0.3844125,61126.0,24848
2004,Gulbarga,Zaid,Coconut,Black,14464,Basin,3105.0,42.0,58.5,13.973901639344264,0.3844125,623687.0,761
2004,Gulbarga,Zaid,Coconut,Black,14876,Basin,3105.0,42.0,59.5,13.973901639344264,0.3844125,63504.0,45608
2004,Gulbarga,Zaid,Coconut,Black,14976,Basin,3105.0,42.0,55.0,13.973901639344264,0.3844125,63931.0,234581
2004,Gulbarga,Zaid,Coconut,Black,15009,Basin,236.0,43.0,53.0,13.973901639344264,0.3844125,73730.0,646
2004,Gulbarga,Zaid,Coconut,Black,15114,Spray,2903.1,27.0,53.5,13.973901639344264,0.3844125,118416.0,43562
2004,Gulbarga,Zaid,Coconut,Black,16224,Spray,2903.1,27.0,52.5,13.973901639344264,0.3844125,130132.0,200000
2004,Gulbarga,Zaid,Coconut,Black,17095,Spray,2903.1,27.0,56.0,13.973901639344264,0.3844125,154889.0,4847
2004,Gulbarga,Zaid,Coconut,Black,17512,Spray,2996.6,27.0,57.0,13.973901639344264,0.3844125,171739.0,51239
2004,Gulbarga,Zaid,Coconut,Black,17587,Spray,2996.6,27.0,57.5,13.973901639344264,0.3844125,172475.0,216396
2004,Gulbarga,Zaid,Coconut,Black,17771,Spray,2996.6,27.0,57.0,13.973901639344264,0.3844125,177939.0,2644
2004,Gulbarga,Zaid,Coconut,Black,17825,Spray,3522.8,27.2,55.0,13.973901639344264,0.3844125,313547.0,44235
2004,Gulbarga,Zaid,Coconut,Black,3147,Spray,3522.8,27.2,56.0,13.973901639344264,0.3844125,2783.0,203317
2004,Gulbarga,Zaid,Coconut,Black,2578,Spray,3522.8,27.2,54.0,13.973901639344264,0.3844125,1533.0,2134
2004,Gulbarga,Zaid,Coconut,Black,1591,Spray,3729.8,27.0,58.0,13.973901639344264,0.3844125,1647.0,45186
2004,Gulbarga,Zaid,Coconut,Black,1298,Spray,3729.8,27.0,58.0,13.973901639344264,0.3844125,975.0,238542
2004,Gulbarga,Zaid,Coconut,Black,4,Spray,3729.8,27.0,59.0,13.973901639344264,0.3844125,2.0,1516
2004,Gulbarga,Zaid,Coconut,Black,1122,Spray,2746.2,27.0,50.0,13.973901639344264,0.3844125,836.0,57259
2004,Gulbarga,Zaid,Coconut,Loam,917,Spray,2746.2,27.0,54.0,13.973901639344264,0.3844125,806.0,234779
2004,Gulbarga,Zaid,Coconut,Loam,819,Spray,2746.2,27.0,53.0,13.973901639344264,0.3844125,880.0,1493
2004,Gulbarga,Zaid,Coconut,Loam,619,Spray,3360.0,27.2,52.0,13.973901639344264,0.3844125,770.0,64409
2004,Gulbarga,Zaid,Coconut,Loam,391,Spray,3360.0,27.2,51.0,13.973901639344264,0.3844125,395.0,249978
2004,Gulbarga,Zaid,Coconut,Loam,211,Spray,3360.0,27.2,57.0,13.973901639344264,0.3844125,187.0,637
2004,Gulbarga,Zaid,Coconut,Loam,153,Spray,3605.4,27.1,57.0,13.973901639344264,0.3844125,187.0,43311
2004,Gulbarga,Zaid,Coconut,Loam,111,Spray,3605.4,27.1,60.0,13.973901639344264,0.3844125,121.0,24848
2004,Gulbarga,Zaid,Coconut,Loam,76,Spray,3605.4,27.1,57.0,13.973901639344264,0.3844125,103.0,761
2004,Gulbarga,Zaid,Coconut,Loam,53,Spray,3512.4,26.8,57.0,13.973901639344264,0.3844125,71.0,45608
2004,Gulbarga,Zaid,Coconut,Loam,2688,Spray,3512.4,26.8,54.0,13.973901639344264,0.3844125,3961.0,234581
2004,Gulbarga,Zaid,Coconut,Loam,2311,Spray,3512.4,26.8,54.5,13.973901639344264,0.3844125,4247.0,646
2004,Gulbarga,Zaid,Coconut,Loam,2188,Spray,3296.0,37.0,56.6,13.973901639344264,0.3844125,3290.0,43562
2004,Gulbarga,Zaid,Coconut,Loam,1998,Spray,3296.0,37.0,55.5,13.973901639344264,0.3844125,3138.0,200000
2004,Gulbarga,Zaid,Coconut,Loam,2006,Spray,3296.0,37.0,58.5,13.973901639344264,0.3844125,3423.0,4847
2004,Gulbarga,Zaid,Coconut,Loam,2034,Spray,3550.0,38.0,59.5,13.973901639344264,0.3844125,3899.0,51239
2004,Gulbarga,Zaid,Coconut,Loam,2035,Spray,3550.0,38.0,55.0,13.973901639344264,0.3844125,4015.0,216396
2004,Gulbarga,Zaid,Coconut,Loam,2074,Spray,3550.0,38.0,53.0,13.973901639344264,0.3844125,4279.0,2644
2004,Gulbarga,Zaid,Coconut,Loam,2127,Spray,3654.0,39.0,53.5,13.973901639344264,0.3844125,4167.0,44235
2004,Gulbarga,Zaid,Coconut,Loam,2090,Spray,3654.0,39.0,52.5,13.973901639344264,0.3844125,4479.0,203317
2004,Gulbarga,Zaid,Coconut,Loam,2059,Spray,3654.0,39.0,56.0,13.973901639344264,0.3844125,3699.0,2134
2004,Gulbarga,Zaid,Coconut,Loam,2050,Spray,233.0,40.0,57.0,13.973901639344264,0.3844125,4904.0,45186
2004,Gulbarga,Zaid,Coconut,Loam,1865,Spray,233.0,40.0,57.5,13.973901639344264,0.3844125,2821.0,238542
2004,Gulbarga,Zaid,Coconut,Loam,1841,Spray,233.0,40.0,57.0,13.973901639344264,0.3844125,3472.0,1516
2004,Gulbarga,Zaid,Coconut,Loam,1799,Spray,234.0,41.0,55.0,13.973901639344264,0.3844125,3647.0,200000
2004,Gulbarga,Zaid,Coconut,Loam,1468,Spray,234.0,41.0,56.0,13.973901639344264,0.3844125,393.0,4847
2004,Gulbarga,Zaid,Coconut,Red,568,Spray,234.0,41.0,54.0,13.973901639344264,0.3844125,167.0,51239
2004,Gulbarga,Zaid,Coconut,Red,407,Spray,3105.0,42.0,58.0,13.973901639344264,0.3844125,71.0,216396
2004,Gulbarga,Zaid,Coconut,Red,177,Spray,3105.0,42.0,58.0,13.973901639344264,0.3844125,52.0,2644
2004,Gulbarga,Zaid,Coconut,Red,51,Spray,3105.0,42.0,59.0,13.973901639344264,0.3844125,12.0,44235
2004,Gulbarga,Zaid,Coconut,Red,173,Spray,236.0,43.0,50.0,13.973901639344264,0.3844125,51.0,203317
2004,Gulbarga,Zaid,Coconut,Red,201,Spray,236.0,43.0,54.0,13.973901639344264,0.3844125,61.0,2134
2018,Hassan,Kharif,Tea,Red Laterite,15,Spray,233.0,27.0,60.0,12.060887671232877,0.5000777777777777,5373.0,45608
2004,Hassan,Kharif,Paddy,Red Laterite,4,Spray,233.0,27.0,57.0,12.409475409836066,0.4651222222222222,6589.0,234581
2005,Hassan,Kharif,Paddy,Red Laterite,39,Spray,234.0,27.0,57.0,11.4912,0.3362,5107.0,646
2006,Hassan,Kharif,Paddy,Red Laterite,6,Spray,234.0,27.0,54.0,12.763923287671236,0.4772888888888889,5518.0,43562
2007,Hassan,Kharif,Paddy,Red Laterite,12,Spray,234.0,27.0,54.5,11.626619178082192,0.3796333333333334,4912.0,200000
2008,Hassan,Kharif,Paddy,Red Laterite,3,Spray,3105.0,27.2,56.6,11.760590163934427,0.4339777777777777,3830.0,4847
2009,Hassan,Kharif,Paddy,Red Laterite,17,Spray,3105.0,27.2,55.5,12.3314301369863,0.4845333333333333,313547.0,51239
2010,Hassan,Kharif,Paddy,Red Laterite,3,Spray,3105.0,27.2,58.5,11.197282191780822,0.4428888888888889,2783.0,216396
2011,Hassan,Kharif,Paddy,Red Laterite,9,Spray,236.0,27.0,59.5,12.588657534246574,0.4679555555555555,1533.0,2644
2012,Hassan,Kharif,Paddy,Red Laterite,21,Spray,236.0,27.0,55.0,12.175081967213115,0.3185777777777778,1647.0,44235
2013,Hassan,Kharif,Paddy,Red Laterite,11,Spray,2903.1,27.0,53.0,12.60424109589041,0.4517333333333333,975.0,203317
2014,Hassan,Kharif,Paddy,Red Laterite,4,Spray,2903.1,27.0,53.5,11.763024657534247,0.4841222222222223,2.0,2134
2015,Hassan,Kharif,Paddy,Red Laterite,15,Spray,2903.1,27.0,52.5,11.717852054794522,0.5406666666666667,836.0,45186
2016,Hassan,Kharif,Paddy,Red Laterite,8,Spray,2996.6,27.0,56.0,12.007081967213114,0.3877666666666666,806.0,238542
2017,Hassan,Kharif,Paddy,Red Laterite,29,Spray,2996.6,27.2,57.0,11.484493150684932,0.5799000000000001,880.0,1516
2018,Hassan,Kharif,Paddy,Red Laterite,1,Spray,2996.6,27.2,57.5,12.060887671232877,0.5000777777777777,770.0,200000
2004,Hassan,Kharif,Groundnut,Red Laterite,13736,Spray,3522.8,27.2,57.0,12.409475409836066,0.4651222222222222,395.0,4847
2005,Hassan,Kharif,Groundnut,Red Laterite,14003,Spray,3522.8,27.1,55.0,11.4912,0.3362,187.0,51239
2006,Hassan,Kharif,Groundnut,Red Laterite,14179,Spray,3522.8,27.1,56.0,12.763923287671236,0.4772888888888889,187.0,216396
2007,Hassan,Kharif,Groundnut,Red Laterite,14319,Spray,2903.1,27.1,54.0,11.626619178082192,0.3796333333333334,121.0,2644
2008,Hassan,Kharif,Groundnut,Red Laterite,14464,Spray,2903.1,26.8,58.0,11.760590163934427,0.4339777777777777,103.0,44235
2009,Hassan,Kharif,Groundnut,Red Laterite,14876,Spray,2903.1,26.8,58.0,12.3314301369863,0.4845333333333333,71.0,203317
2010,Hassan,Kharif,Groundnut,Red Laterite,14976,Spray,2996.6,26.8,59.0,11.197282191780822,0.4428888888888889,3961.0,2134
2011,Hassan,Kharif,Groundnut,Red Laterite,15009,Spray,2996.6,37.0,50.0,12.588657534246574,0.4679555555555555,4247.0,45186
2012,Hassan,Kharif,Groundnut,Black Cotton,15114,Spray,2996.6,37.0,54.0,12.175081967213115,0.3185777777777778,3290.0,238542
2013,Hassan,Kharif,Groundnut,Black Cotton,16224,Spray,3522.8,37.0,53.0,12.60424109589041,0.4517333333333333,3138.0,1516
2014,Hassan,Kharif,Groundnut,Black Cotton,17095,Spray,3522.8,38.0,52.0,11.763024657534247,0.4841222222222223,3423.0,57259
2015,Hassan,Kharif,Groundnut,Black Cotton,17512,Spray,3522.8,38.0,51.0,11.717852054794522,0.5406666666666667,3899.0,234779
2016,Hassan,Kharif,Groundnut,Black Cotton,17587,Spray,3729.8,38.0,57.0,12.007081967213114,0.3877666666666666,4015.0,1493
2017,Hassan,Kharif,Groundnut,Black Cotton,17771,Spray,3729.8,39.0,57.0,11.484493150684932,0.5799000000000001,4279.0,64409
2018,Hassan,Kharif,Groundnut,Black Cotton,17825,Spray,3729.8,39.0,60.0,12.060887671232877,0.5000777777777777,4167.0,249978
2004,Hassan,Kharif,Blackgram,Black Cotton,3147,Spray,2746.2,39.0,57.0,12.409475409836066,0.4651222222222222,4479.0,637
2005,Hassan,Kharif,Blackgram,Black Cotton,2578,Spray,2746.2,40.0,57.0,11.4912,0.3362,3699.0,43311
2006,Hassan,Kharif,Blackgram,Black Cotton,1591,Spray,2746.2,40.0,54.0,12.763923287671236,0.4772888888888889,4904.0,24848
2007,Hassan,Kharif,Blackgram,Black Cotton,1298,Spray,3360.0,40.0,54.5,11.626619178082192,0.3796333333333334,2821.0,761
2008,Hassan,Kharif,Blackgram,Black Cotton,4,Spray,3360.0,41.0,56.6,11.760590163934427,0.4339777777777777,3472.0,45608
2009,Hassan,Kharif,Blackgram,Black Cotton,1122,Drip,3360.0,41.0,55.5,12.3314301369863,0.4845333333333333,3647.0,234581
2010,Hassan,Kharif,Blackgram,Black Cotton,917,Drip,3605.4,41.0,58.5,11.197282191780822,0.4428888888888889,393.0,646
2011,Hassan,Kharif,Blackgram,Black Cotton,819,Drip,3605.4,42.0,59.5,12.588657534246574,0.4679555555555555,167.0,43562
2012,Hassan,Kharif,Blackgram,Black Cotton,619,Drip,3605.4,42.0,55.0,12.175081967213115,0.3185777777777778,71.0,200000
2013,Hassan,Kharif,Blackgram,Black Cotton,391,Drip,3512.4,42.0,53.0,12.60424109589041,0.4517333333333333,52.0,4847
2014,Hassan,Kharif,Blackgram,Black Cotton,211,Drip,3512.4,43.0,53.5,11.763024657534247,0.4841222222222223,313547.0,51239
2015,Hassan,Kharif,Blackgram,Black Cotton,153,Drip,3512.4,43.0,52.5,11.717852054794522,0.5406666666666667,2783.0,216396
2016,Hassan,Kharif,Blackgram,Black Cotton,111,Drip,3296.0,27.0,56.0,12.007081967213114,0.3877666666666666,1533.0,2644
2017,Hassan,Kharif,Blackgram,Black Cotton,76,Drip,3296.0,27.0,59.5,11.484493150684932,0.5799000000000001,1647.0,44235
2018,Hassan,Kharif,Blackgram,Black Cotton,53,Drip,3296.0,27.0,55.0,12.060887671232877,0.5000777777777777,975.0,203317
2004,Hassan,Kharif,Cashew,Black Cotton,2688,Drip,3550.0,27.0,53.0,12.409475409836066,0.4651222222222222,2.0,2134
2005,Hassan,Kharif,Cashew,Black Cotton,2311,Drip,3550.0,27.0,53.5,11.4912,0.3362,836.0,45186
2006,Hassan,Kharif,Cashew,Black Cotton,2188,Drip,3550.0,27.0,52.5,12.763923287671236,0.4772888888888889,806.0,238542
2007,Hassan,Kharif,Cashew,Sandy,1998,Drip,3654.0,27.2,56.0,11.626619178082192,0.3796333333333334,880.0,1516
2008,Hassan,Kharif,Cashew,Sandy,2006,Drip,3654.0,27.2,57.0,11.760590163934427,0.4339777777777777,770.0,57259
2009,Hassan,Kharif,Cashew,Sandy,2034,Drip,3654.0,27.2,57.5,12.3314301369863,0.4845333333333333,395.0,234779
2010,Hassan,Kharif,Cashew,Sandy,2035,Drip,233.0,27.0,57.0,11.197282191780822,0.4428888888888889,187.0,1493
2011,Hassan,Kharif,Cashew,Sandy,2074,Drip,233.0,27.0,55.0,12.588657534246574,0.4679555555555555,187.0,64409
2012,Hassan,Kharif,Cashew,Sandy,2127,Drip,233.0,27.0,56.0,12.175081967213115,0.3185777777777778,121.0,249978
2013,Hassan,Kharif,Cashew,Sandy,2090,Drip,234.0,27.0,54.0,12.60424109589041,0.4517333333333333,103.0,637
2014,Hassan,Kharif,Cashew,Sandy,2059,Drip,234.0,27.0,58.0,11.763024657534247,0.4841222222222223,71.0,43311
2015,Hassan,Kharif,Cashew,Sandy,2050,Drip,234.0,27.0,58.0,11.717852054794522,0.5406666666666667,3961.0,24848
2016,Hassan,Kharif,Cashew,Sandy,1865,Drip,3105.0,27.2,59.0,12.007081967213114,0.3877666666666666,4247.0,761
2017,Hassan,Kharif,Cashew,Sandy,1841,Drip,3105.0,27.2,50.0,11.484493150684932,0.5799000000000001,3290.0,45608
2018,Hassan,Kharif,Cashew,Sandy,1799,Drip,3105.0,27.2,54.0,12.060887671232877,0.5000777777777777,3138.0,234581
2004,Hassan,Kharif,Coconut,Sandy,1468,Drip,236.0,27.1,53.0,12.409475409836066,0.4651222222222222,3423.0,646
2005,Hassan,Kharif,Coconut,Sandy,568,Drip,236.0,27.1,59.5,11.4912,0.3362,3899.0,43562
2006,Hassan,Kharif,Coconut,Sandy,407,Drip,2903.1,27.1,55.0,12.763923287671236,0.4772888888888889,4015.0,200000
2007,Hassan,Kharif,Coconut,Sandy,177,Drip,2903.1,26.8,53.0,11.626619178082192,0.3796333333333334,4279.0,4847
2008,Hassan,Kharif,Coconut,Sandy,51,Drip,2903.1,26.8,53.5,11.760590163934427,0.4339777777777777,4167.0,51239
2009,Hassan,Kharif,Coconut,Sandy,173,Drip,2996.6,26.8,52.5,12.3314301369863,0.4845333333333333,4479.0,216396
2010,Hassan,Kharif,Coconut,Sandy,201,Drip,2996.6,37.0,56.0,11.197282191780822,0.4428888888888889,3699.0,2644
2011,Hassan,Kharif,Coconut,Sandy,206,Drip,2996.6,37.0,57.0,12.588657534246574,0.4679555555555555,4904.0,44235
2012,Hassan,Kharif,Coconut,Sandy,243,Drip,3522.8,37.0,57.5,12.175081967213115,0.3185777777777778,2821.0,203317
2013,Hassan,Kharif,Coconut,Sandy,123,Drip,3522.8,38.0,57.0,12.60424109589041,0.4517333333333333,3472.0,2134
2014,Hassan,Kharif,Coconut,Sandy,82,Drip,3522.8,38.0,55.0,11.763024657534247,0.4841222222222223,3647.0,45186
2015,Hassan,Kharif,Coconut,Sandy,74,Drip,2903.1,38.0,56.0,11.717852054794522,0.5406666666666667,393.0,238542
2016,Hassan,Kharif,Coconut,Sandy,18,Drip,2903.1,39.0,54.0,12.007081967213114,0.3877666666666666,167.0,1516
2017,Hassan,Kharif,Coconut,Laterite,37,Drip,2903.1,39.0,58.0,11.484493150684932,0.5799000000000001,71.0,200000
2018,Hassan,Kharif,Coconut,Laterite,35,Drip,2996.6,39.0,58.0,12.060887671232877,0.5000777777777777,52.0,4847
2019,Hassan,Kharif,Coconut,Laterite,5974,Drip,2996.6,40.0,59.0,12.225106849315068,0.5128,2570.0,51239
2004,Hassan,Kharif,Ginger,Laterite,6631,Drip,2996.6,40.0,50.0,12.409475409836066,0.4651222222222222,27170.0,216396
2005,Hassan,Kharif,Ginger,Laterite,6705,Drip,3522.8,40.0,54.0,11.4912,0.3362,114744.0,2644
2006,Hassan,Kharif,Ginger,Laterite,5876,Drip,3522.8,41.0,53.0,12.763923287671236,0.4772888888888889,1402.0,44235
2007,Hassan,Kharif,Ginger,Laterite,326,Basin,3522.8,41.0,59.5,11.626619178082192,0.3796333333333334,23456.0,203317
2008,Hassan,Kharif,Ginger,Laterite,6470,Basin,3729.8,41.0,55.0,11.760590163934427,0.4339777777777777,107809.0,2134
2009,Hassan,Kharif,Ginger,Laterite,6709,Basin,3729.8,42.0,53.0,12.3314301369863,0.4845333333333333,1132.0,45186
2010,Hassan,Kharif,Ginger,Laterite,6186,Basin,3729.8,42.0,53.5,11.197282191780822,0.4428888888888889,23960.0,238542
2011,Hassan,Kharif,Ginger,Laterite,6503,Basin,2746.2,42.0,52.5,12.588657534246574,0.4679555555555555,126487.0,1516
2012,Hassan,Kharif,Ginger,Laterite,5220,Basin,2746.2,43.0,56.0,12.175081967213115,0.3185777777777778,804.0,57259
2013,Hassan,Kharif,Ginger,Laterite,4677,Basin,2746.2,27.0,57.0,12.60424109589041,0.4517333333333333,30362.0,234779
2014,Hassan,Kharif,Ginger,Laterite,4803,Basin,3360.0,27.0,57.5,11.763024657534247,0.4841222222222223,124492.0,1493
2015,Hassan,Kharif,Ginger,Laterite,3739,Basin,3360.0,27.0,57.0,11.717852054794522,0.5406666666666667,792.0,64409
2016,Hassan,Kharif,Ginger,Laterite,3529,Basin,3360.0,27.0,55.0,12.007081967213114,0.3877666666666666,34153.0,249978
2017,Hassan,Kharif,Ginger,Laterite,3649,Basin,3605.4,27.0,56.0,11.484493150684932,0.5799000000000001,132551.0,637
2018,Hassan,Kharif,Ginger,Laterite,1374,Basin,3605.4,27.0,54.0,12.060887671232877,0.5000777777777777,338.0,43311
2012,Hassan,Kharif,Coconut,Laterite,1279,Drip,2903.1,27.0,57.0,12.175081967213115,0.3185777777777778,2570.0,200000
2013,Hassan,Kharif,Coconut,Laterite,13283,Drip,2903.1,27.0,57.5,12.60424109589041,0.4517333333333333,27170.0,4847
2014,Hassan,Kharif,Coconut,Laterite,52119,Drip,2903.1,27.2,57.0,11.763024657534247,0.4841222222222223,114744.0,51239
2015,Hassan,Kharif,Coconut,Laterite,725,Drip,2996.6,27.2,55.0,11.717852054794522,0.5406666666666667,1402.0,216396
2016,Dakshina Kannada,Kharif,Coconut,Laterite,12885,Drip,2996.6,27.2,56.0,9.974754098360656,0.3140555555555556,23456.0,2644
2017,Dakshina Kannada,Kharif,Coconut,Laterite,51179,Drip,2996.6,27.0,54.0,9.751561643835617,0.2585222222222222,107809.0,44235
2018,Dakshina Kannada,Kharif,Coconut,Laterite,468,Drip,3522.8,27.0,58.0,9.655002739726028,0.3191111111111111,1132.0,203317
2019,Dakshina Kannada,Kharif,Coconut,Laterite,11841,Drip,3522.8,27.0,58.0,10.073194520547943,0.2575625,23960.0,2134
2004,Dakshina Kannada,Kharif,Coconut,Laterite,50975,Drip,3522.8,27.0,59.0,10.411475409836063,0.4820666666666667,126487.0,45186
2005,Dakshina Kannada,Kharif,Coconut,Laterite,206,Drip,3729.8,27.0,50.0,10.166597260273972,0.4155555555555555,804.0,238542
2006,Dakshina Kannada,Kharif,Coconut,Laterite,10922,Drip,3729.8,27.0,54.0,10.098838356164384,0.4185444444444444,30362.0,1516
2007,Dakshina Kannada,Kharif,Coconut,Laterite,51390,Drip,3729.8,27.2,53.0,9.919430136986302,0.3070666666666666,124492.0,57259
2008,Dakshina Kannada,Kharif,Coconut,Laterite,177,Drip,2746.2,27.2,52.0,9.504295081967214,0.3138666666666667,792.0,234779
2009,Dakshina Kannada,Kharif,Coconut,Laterite,10723,Drip,2746.2,27.2,51.0,9.862224657534249,0.3781111111111112,34153.0,1493
2010,Dakshina Kannada,Kharif,Coconut,Laterite,51709,Drip,2746.2,27.1,57.0,9.499265753424655,0.36,132551.0,64409
2011,Dakshina Kannada,Kharif,Coconut,Laterite,146,Drip,3360.0,27.1,57.0,9.75787397260274,0.3327625,338.0,249978
2012,Dakshina Kannada,Kharif,Coconut,Laterite,10910,Drip,3360.0,27.1,60.0,9.984295081967211,0.3874444444444445,22966.0,637
2013,Dakshina Kannada,Kharif,Coconut,Laterite,51355,Drip,3360.0,26.8,57.0,10.523243835616436,0.3224111111111111,131763.0,43311
2014,Dakshina Kannada,Kharif,Coconut,Laterite,160,Drip,3605.4,26.8,57.0,9.763495890410958,0.3803375,404.0,24848
2015,Dakshina Kannada,Kharif,Coconut,Laterite,10912,Drip,3605.4,27.1,54.0,9.057698630136986,0.3909555555555556,24184.0,761
2016,Dakshina Kannada,Kharif,Coconut,Laterite,51353,Drip,3605.4,27.1,54.5,9.974754098360656,0.3140555555555556,124387.0,45608
2017,Kodagu,Kharif,Coconut,Laterite,1279,Drip,3512.4,26.8,56.6,6.04158904109589,0.5446888888888889,343.0,234581
2018,Kodagu,Kharif,Coconut,Laterite,13283,Drip,3512.4,26.8,55.5,6.021961643835617,0.4750111111111111,23099.0,646
2011,Kodagu,Kharif,Coconut,Laterite,52119,Drip,3512.4,26.8,58.5,6.49706301369863,0.5459777777777778,117825.84,43562
2012,Kodagu,Kharif,Coconut,Laterite,725,Drip,3296.0,37.0,59.5,6.252590163934426,0.5620666666666667,336.0,200000
2013,Kodagu,Kharif,Coconut,Laterite,12885,Drip,3550.0,37.0,55.0,6.683375342465754,0.3361666666666666,22594.0,4847
2014,Kodagu,Kharif,Coconut,Laterite,51179,Drip,3550.0,37.0,53.0,6.103627397260274,0.5669333333333333,116481.07,51239
2015,Kodagu,Kharif,Coconut,Laterite,468,Drip,3550.0,38.0,53.5,5.836635616438356,0.5716777777777777,316.0,216396
2016,Kodagu,Kharif,Coconut,Laterite,11841,Drip,3654.0,38.0,52.5,6.23183606557377,0.5312555555555556,21400.0,2644
2017,Kodagu,Kharif,Coconut,Laterite,50975,Drip,3654.0,38.0,56.0,6.04158904109589,0.5446888888888889,122102.0,44235
2018,Kodagu,Kharif,Coconut,Laterite,206,Drip,3654.0,39.0,57.0,6.021961643835617,0.4750111111111111,382.0,203317
2004,Kodagu,Kharif,Coconut,Laterite,10922,Drip,233.0,39.0,57.5,6.525934426229509,0.5597888888888889,19578.0,2134
2005,Kodagu,Kharif,Coconut,Laterite,51390,Drip,233.0,39.0,57.0,6.273468493150686,0.5699666666666667,121037.0,45186
2006,Kodagu,Kharif,Coconut,Laterite,177,Drip,233.0,40.0,55.0,6.635243835616438,0.5252555555555556,231.0,238542
2007,Kodagu,Kharif,Coconut,Laterite,10723,Drip,234.0,40.0,56.0,6.265972602739726,0.4375555555555556,18951.0,1516
2008,Kodagu,Kharif,Coconut,Laterite,51709,Drip,234.0,40.0,54.0,6.1113442622950815,0.587488888888889,110579.0,57259
2009,Kodagu,Kharif,Coconut,Laterite,146,Drip,234.0,41.0,58.0,6.271890410958905,0.6691555555555556,221.0,234779
2010,Kodagu,Kharif,Coconut,Laterite,10910,Drip,3105.0,41.0,58.0,5.862969863013698,0.3900777777777778,15362.0,1493
2011,Kodagu,Kharif,Coconut,Laterite,51355,Drip,3105.0,41.0,59.0,6.49706301369863,0.5459777777777778,120373.0,64409
2012,Kodagu,Kharif,Coconut,Laterite,160,Drip,3105.0,42.0,50.0,6.252590163934426,0.5620666666666667,291.0,249978
2013,Kodagu,Kharif,Coconut,Laterite,10912,Drip,236.0,42.0,54.0,6.683375342465754,0.3361666666666666,17231.0,637
2014,Kodagu,Kharif,Coconut,Laterite,51353,Drip,236.0,42.0,53.0,6.103627397260274,0.5669333333333333,119359.0,43311
2015,Kodagu,Kharif,Coconut,Laterite,1279,Drip,2903.1,43.0,52.0,5.836635616438356,0.5716777777777777,283.0,24848
2016,Kodagu,Kharif,Coconut,Laterite,13283,Drip,2903.1,27.0,51.0,6.23183606557377,0.5312555555555556,17690.0,761
2017,Kodagu,Kharif,Coconut,Laterite,52119,Basin,2903.1,27.0,57.0,6.04158904109589,0.5446888888888889,7157.0,45608
2018,Kodagu,Kharif,Coconut,Laterite,725,Basin,2996.6,27.0,57.0,6.021961643835617,0.4750111111111111,8700.0,234581
2004,Kodagu,Kharif,Coconut,Laterite,12885,Basin,2996.6,27.0,60.0,6.525934426229509,0.5597888888888889,41266.0,646
2005,Kodagu,Kharif,Coconut,Laterite,51179,Basin,2996.6,27.0,57.0,6.273468493150686,0.5699666666666667,8838.0,43562
2012,Kodagu,Kharif,Coconut,Laterite,468,Basin,3296.0,27.0,57.0,6.252590163934426,0.5620666666666667,8954.0,200000
2013,Kodagu,Kharif,Coconut,Laterite,11841,Basin,3550.0,27.2,54.0,6.683375342465754,0.3361666666666666,42915.0,4847
2014,Kodagu,Kharif,Coconut,Laterite,50975,Basin,3550.0,27.2,54.5,6.103627397260274,0.5669333333333333,9230.0,51239
2015,Kodagu,Kharif,Coconut,Alluvial,206,Basin,3550.0,27.2,56.6,5.836635616438356,0.5716777777777777,44313.0,216396
2016,Mysuru,Kharif,Coconut,Alluvial,10922,Basin,3654.0,27.0,55.5,13.00790163934426,0.3159111111111111,45820.0,2644
2017,Mysuru,Kharif,Coconut,Alluvial,51390,Basin,3654.0,27.0,58.5,12.33547397260274,0.2835777777777778,49084.0,44235
2018,Mysuru,Kharif,Coconut,Alluvial,177,Basin,3654.0,27.0,59.5,13.11149589041096,0.3541222222222222,86311.0,203317
2004,Mysuru,Kharif,Coconut,Alluvial,10723,Basin,233.0,27.0,55.0,13.4047868852459,0.3643111111111111,57642.0,2134
2005,Mysuru,Kharif,Coconut,Alluvial,51709,Basin,233.0,27.0,53.0,12.621797260273972,0.3508888888888888,58405.0,45186
2006,Mysuru,Kharif,Coconut,Alluvial,146,Basin,233.0,27.0,53.5,14.024515068493152,0.3368777777777778,60751.0,238542
2007,Mysuru,Kharif,Coconut,Alluvial,10910,Basin,234.0,27.2,52.5,12.763923287671236,0.3535666666666667,109506.0,1516
2008,Mysuru,Kharif,Coconut,Alluvial,51355,Basin,234.0,27.2,56.0,12.78265573770492,0.3845777777777778,114.0,57259
2009,Mysuru,Kharif,Coconut,Alluvial,160,Basin,234.0,27.2,57.0,13.703671232876712,0.3610888888888889,3.0,234779
2010,Mysuru,Kharif,Coconut,Loam,10912,Basin,3105.0,27.1,57.5,12.399386301369862,0.3971222222222222,95.0,1493
2011,Mysuru,Kharif,Coconut,Loam,51353,Basin,3105.0,27.1,57.0,13.80565479452055,0.3876333333333334,19.0,64409
2012,Mysuru,Kharif,Coconut,Loam,142,Basin,3105.0,27.1,55.0,13.91134426229508,0.3416111111111111,54.0,249978
2013,Mysuru,Kharif,Coconut,Loam,10505,Basin,236.0,26.8,56.0,13.860295890410958,0.3122444444444444,13.0,200000
2014,Mysuru,Kharif,Coconut,Loam,51040,Basin,236.0,26.8,54.0,13.254904109589042,0.3838666666666667,123.0,4847
2015,Mysuru,Kharif,Coconut,Loam,154,Basin,2903.1,26.8,58.0,12.95891506849315,0.3827555555555555,19.0,51239
2016,Mysuru,Kharif,Coconut,Loam,10318,Basin,2903.1,37.0,58.0,13.00790163934426,0.3159111111111111,32.0,216396
2017,Mysuru,Kharif,Coconut,Loam,48083,Basin,2903.1,37.0,59.0,12.33547397260274,0.2835777777777778,8.0,2644
2018,Mysuru,Kharif,Coconut,Loam,143,Basin,2996.6,37.0,50.0,13.11149589041096,0.3541222222222222,50.0,44235
2019,Mysuru,Kharif,Coconut,Loam,9283,Basin,2996.6,38.0,54.0,13.12619178082192,0.3255,10.0,203317
2004,Mysuru,Kharif,Coconut,Teelah,47200,Basin,2996.6,38.0,53.0,13.4047868852459,0.3643111111111111,29.0,2134
2013,Mysuru,Kharif,Coconut,Teelah,158,Basin,2903.1,38.0,52.0,13.860295890410958,0.3122444444444444,44.0,45186
2014,Mysuru,Kharif,Coconut,Teelah,8982,Basin,2903.1,39.0,51.0,13.254904109589042,0.3838666666666667,33.0,238542
2015,Mysuru,Kharif,Coconut,Teelah,46990,Basin,2903.1,39.0,57.0,12.95891506849315,0.3827555555555555,14.0,1516
2016,Mysuru,Kharif,Coconut,Teelah,103,Basin,2996.6,39.0,57.0,13.00790163934426,0.3159111111111111,56.0,57259
2017,Mysuru,Kharif,Coconut,Teelah,8239,Basin,2996.6,40.0,60.0,12.33547397260274,0.2835777777777778,26.0,234779
2018,Mysuru,Kharif,Coconut,Teelah,44563,Basin,2996.6,40.0,57.0,13.11149589041096,0.3541222222222222,98.0,1493
2004,Mysuru,Kharif,Coconut,Teelah,96,Basin,3522.8,40.0,57.0,13.4047868852459,0.3643111111111111,3.0,64409
2005,Mysuru,Kharif,Coconut,Teelah,6949,Basin,3522.8,41.0,54.0,12.621797260273972,0.3508888888888888,58637.0,249978
2006,Mysuru,Kharif,Coconut,Teelah,44663,Basin,3522.8,41.0,54.5,14.024515068493152,0.3368777777777778,59777.0,637
2007,Mysuru,Kharif,Coconut,Teelah,110,Basin,3729.8,41.0,56.6,12.763923287671236,0.3535666666666667,60528.0,43311
2008,Mysuru,Kharif,Cotton,Clay,6824,Basin,3729.8,42.0,55.5,12.78265573770492,0.3845777777777778,61126.0,24848
2009,Mysuru,Kharif,Cotton,Clay,43013,Basin,3729.8,42.0,58.5,13.703671232876712,0.3610888888888889,623687.0,761
2010,Mysuru,Kharif,Cotton,Clay,95,Basin,2746.2,42.0,59.5,12.399386301369862,0.3971222222222222,63504.0,45608
2011,Mysuru,Kharif,Cotton,Clay,6441,Basin,2746.2,43.0,55.0,13.80565479452055,0.3876333333333334,63931.0,234581
2012,Mysuru,Kharif,Cotton,Clay,4012,Basin,2746.2,43.0,53.0,13.91134426229508,0.3416111111111111,73730.0,646
2013,Mysuru,Kharif,Coconut,Clay,4877,Spray,3360.0,27.0,53.5,13.860295890410958,0.3122444444444444,118416.0,43562
2014,Mysuru,Kharif,Coconut,Clay,4930,Spray,3360.0,27.0,52.5,13.254904109589042,0.3838666666666667,130132.0,200000
2015,Mysuru,Kharif,Coconut,Clay,4954,Spray,3360.0,27.0,56.0,12.95891506849315,0.3827555555555555,154889.0,4847
2016,Mysuru,Kharif,Coconut,Clay,5019,Spray,3605.4,27.0,57.0,13.00790163934426,0.3159111111111111,171739.0,51239
2017,Mysuru,Kharif,Coconut,Clay,5127,Spray,3605.4,27.0,57.5,12.33547397260274,0.2835777777777778,172475.0,216396
2018,Mysuru,Kharif,Coconut,Clay,5174,Spray,3605.4,27.0,57.0,13.11149589041096,0.3541222222222222,177939.0,2644
2013,Mysuru,Kharif,Coconut,Clay,5294,Spray,3512.4,27.2,55.0,13.860295890410958,0.3122444444444444,313547.0,44235
2014,Mysuru,Kharif,Coconut,Clay,5474,Spray,3512.4,27.2,56.0,13.254904109589042,0.3838666666666667,2783.0,203317
2015,Mysuru,Kharif,Coconut,Clay,5864,Spray,3512.4,27.2,54.0,12.95891506849315,0.3827555555555555,1533.0,2134
2016,Mysuru,Kharif,Coconut,Clay,7028,Spray,3296.0,27.0,58.0,13.00790163934426,0.3159111111111111,1647.0,45186
2017,Mysuru,Kharif,Coconut,Clay,7403,Spray,3296.0,27.0,58.0,12.33547397260274,0.2835777777777778,975.0,238542
2018,Mysuru,Kharif,Coconut,Clay,7501,Spray,3296.0,27.0,59.0,13.11149589041096,0.3541222222222222,2.0,1516
2004,Mysuru,Kharif,Coconut,Clay,7714,Spray,3550.0,27.0,50.0,13.4047868852459,0.3643111111111111,836.0,57259
2005,Mysuru,Kharif,Coconut,Clay,7856,Spray,3550.0,27.0,54.0,12.621797260273972,0.3508888888888888,806.0,234779
2006,Mysuru,Kharif,Coconut,Clay,32,Spray,3550.0,27.0,53.0,14.024515068493152,0.3368777777777778,880.0,1493
2007,Mysuru,Kharif,Coconut,Clay,1,Spray,3654.0,27.2,52.0,12.763923287671236,0.3535666666666667,770.0,64409
2008,Mysuru,Kharif,Coconut,Clay,30,Spray,3654.0,27.2,51.0,12.78265573770492,0.3845777777777778,395.0,249978
2009,Mysuru,Kharif,Coconut,Clay,6,Spray,3654.0,27.2,57.0,13.703671232876712,0.3610888888888889,187.0,637
2010,Mysuru,Kharif,Coconut,Clay,15,Spray,233.0,27.1,57.0,12.399386301369862,0.3971222222222222,187.0,43311
2011,Mysuru,Kharif,Coconut,Clay,4,Spray,233.0,27.1,60.0,13.80565479452055,0.3876333333333334,121.0,24848
2012,Kasaragodu,Kharif,Coconut,Clay,39,Spray,233.0,27.1,57.0,9.984295081967211,0.4941444444444444,103.0,761
2013,Kasaragodu,Kharif,Coconut,Clay,6,Spray,234.0,26.8,57.0,10.523243835616436,0.5204111111111112,71.0,45608
2014,Kasaragodu,Kharif,Coconut,Clay,12,Spray,234.0,26.8,54.0,9.763495890410958,0.6136555555555556,3961.0,234581
2015,Kasaragodu,Kharif,Coconut,Clay,3,Spray,234.0,26.8,54.5,9.057698630136986,0.6954,4247.0,646
2016,Kasaragodu,Kharif,Coconut,Clay,17,Spray,3105.0,37.0,56.6,9.974754098360656,0.6315888888888889,3290.0,43562
2017,Kasaragodu,Kharif,Coconut,Clay,3,Spray,3105.0,37.0,55.5,9.751561643835617,0.6460555555555556,3138.0,200000
2018,Kasaragodu,Kharif,Coconut,Clay,9,Spray,3105.0,37.0,58.5,9.655002739726028,0.6131555555555556,3423.0,4847
2015,Kasaragodu,Kharif,Coconut,Clay,21,Spray,236.0,38.0,59.5,9.057698630136986,0.6954,3899.0,51239
2016,Kasaragodu,Kharif,Coconut,Clay,11,Spray,236.0,38.0,55.0,9.974754098360656,0.6315888888888889,4015.0,216396
2017,Kasaragodu,Kharif,Coconut,Clay Loam,4,Spray,2903.1,38.0,53.0,9.751561643835617,0.6460555555555556,4279.0,2644
2018,Kasaragodu,Kharif,Coconut,Clay Loam,15,Spray,2903.1,39.0,53.5,9.655002739726028,0.6131555555555556,4167.0,44235
2013,Kasaragodu,Kharif,Coconut,Clay Loam,8,Spray,2903.1,39.0,52.5,10.523243835616436,0.5204111111111112,4479.0,203317
2014,Kasaragodu,Kharif,Coconut,Clay Loam,29,Spray,2996.6,39.0,56.0,9.763495890410958,0.6136555555555556,3699.0,2134
2015,Kasaragodu,Kharif,Coconut,Clay Loam,1,Spray,2996.6,41.0,57.0,9.057698630136986,0.6954,4904.0,45186
2016,Kasaragodu,Kharif,Coconut,Clay Loam,13736,Spray,2996.6,42.0,57.5,9.974754098360656,0.6315888888888889,2821.0,238542
2017,Kasaragodu,Kharif,Coconut,Clay Loam,14003,Spray,3522.8,42.0,57.0,9.751561643835617,0.6460555555555556,3472.0,1516
2018,Kasaragodu,Kharif,Coconut,Clay Loam,14179,Spray,3522.8,42.0,55.0,9.655002739726028,0.6131555555555556,3647.0,200000
2004,Kasaragodu,Kharif,Coconut,Clay Loam,14319,Spray,3522.8,43.0,56.0,10.411475409836063,0.7173888888888889,393.0,4847
2005,Kasaragodu,Kharif,Coconut,Clay Loam,14464,Spray,3729.8,43.0,54.0,10.166597260273972,0.5367444444444445,167.0,51239
2004,Madikeri,Kharif,Tea,Loamy Sand,10910,Spray,3296.0,27.0,53.0,6.525934426229509,0.3685333333333334,1901.0,249978
2004,Madikeri,Kharif,Tea,Loamy Sand,51355,Spray,3296.0,27.0,52.0,6.525934426229509,0.3685333333333334,972.0,637
2004,Madikeri,Kharif,Tea,Loamy Sand,160,Spray,3550.0,27.0,51.0,6.525934426229509,0.3685333333333334,874.0,43311
2004,Madikeri,Kharif,Tea,Loamy Sand,10912,Spray,3550.0,27.0,57.0,6.525934426229509,0.3685333333333334,592.0,24848
2004,Madikeri,Kharif,Tea,Loamy Sand,51353,Spray,3550.0,27.0,57.0,6.525934426229509,0.3685333333333334,864.0,761
2004,Madikeri,Kharif,Tea,Loamy Sand,142,Spray,3654.0,27.2,60.0,6.525934426229509,0.3685333333333334,5373.0,45608
2004,Madikeri,Kharif,Paddy,Loamy Sand,10505,Spray,3654.0,27.2,57.0,6.525934426229509,0.3685333333333334,6589.0,234581
2004,Madikeri,Kharif,Paddy,Loamy Sand,51040,Spray,3654.0,27.2,57.0,6.525934426229509,0.3685333333333334,5107.0,646
2004,Madikeri,Kharif,Paddy,Loamy Sand,154,Spray,233.0,27.0,54.0,6.525934426229509,0.3685333333333334,5518.0,43562
2004,Madikeri,Kharif,Paddy,Loamy Sand,10318,Spray,233.0,27.0,54.5,6.525934426229509,0.3685333333333334,4912.0,200000
2004,Madikeri,Kharif,Paddy,Loamy Sand,48083,Spray,233.0,27.0,56.6,6.525934426229509,0.3685333333333334,3830.0,4847
2004,Madikeri,Kharif,Paddy,Loamy Sand,143,Spray,2903.1,27.0,55.5,6.525934426229509,0.3685333333333334,313547.0,51239
2004,Madikeri,Kharif,Paddy,Loamy Sand,9283,Spray,2903.1,27.0,58.5,6.525934426229509,0.3685333333333334,2783.0,216396
2004,Chikmangaluru,Kharif,Paddy,Loamy Sand,47200,Spray,2903.1,27.0,59.5,8.667934426229507,0.6811111111111111,1533.0,2644
2004,Chikmangaluru,Kharif,Paddy,Loamy Sand,158,Spray,2996.6,27.2,55.0,8.667934426229507,0.6811111111111111,1647.0,44235
2004,Chikmangaluru,Kharif,Paddy,Loamy Sand,8982,Spray,2996.6,27.2,53.0,8.667934426229507,0.6811111111111111,975.0,203317
2004,Chikmangaluru,Kharif,Paddy,Loamy Sand,46990,Spray,2996.6,27.2,53.5,8.667934426229507,0.6811111111111111,2.0,2134
2004,Chikmangaluru,Kharif,Paddy,Loamy Sand,103,Spray,3522.8,27.1,52.5,8.667934426229507,0.6811111111111111,836.0,45186
2004,Chikmangaluru,Kharif,Paddy,Loamy Sand,8239,Spray,3522.8,27.1,56.0,8.667934426229507,0.6811111111111111,806.0,238542
2004,Chikmangaluru,Kharif,Paddy,Loamy Sand,44563,Spray,3522.8,27.1,57.0,8.667934426229507,0.6811111111111111,880.0,1516
2004,Chikmangaluru,Kharif,Paddy,Clay Loam,96,Spray,3729.8,26.8,57.5,8.667934426229507,0.6811111111111111,770.0,200000
2004,Chikmangaluru,Kharif,Groundnut,Clay Loam,6949,Spray,3729.8,26.8,57.0,8.667934426229507,0.6811111111111111,395.0,4847
2004,Chikmangaluru,Kharif,Groundnut,Clay Loam,44663,Spray,3729.8,26.8,55.0,8.667934426229507,0.6811111111111111,187.0,51239
2004,Chikmangaluru,Kharif,Groundnut,Clay Loam,110,Spray,2746.2,37.0,56.0,8.667934426229507,0.6811111111111111,187.0,216396
2004,Chikmangaluru,Kharif,Cotton,Clay Loam,6824,Spray,2746.2,37.0,54.0,8.667934426229507,0.6811111111111111,121.0,2644
2004,Chikmangaluru,Kharif,Cotton,Clay Loam,43013,Spray,2746.2,37.0,58.0,8.667934426229507,0.6811111111111111,103.0,44235
2004,Chikmangaluru,Kharif,Cotton,Clay Loam,95,Spray,3360.0,38.0,58.0,8.667934426229507,0.6811111111111111,71.0,203317
2004,Chikmangaluru,Kharif,Cotton,Clay Loam,6441,Spray,3360.0,38.0,59.0,8.667934426229507,0.6811111111111111,3961.0,2134
2004,Chikmangaluru,Kharif,Groundnut,Clay Loam,4012,Spray,3360.0,38.0,50.0,8.667934426229507,0.6811111111111111,4247.0,45186
2004,Chikmangaluru,Kharif,Groundnut,Clay Loam,4877,Spray,3605.4,39.0,54.0,8.667934426229507,0.6811111111111111,3290.0,238542
2004,Chikmangaluru,Kharif,Groundnut,Clay Loam,4930,Spray,3605.4,39.0,53.0,8.667934426229507,0.6811111111111111,3138.0,1516
2004,Chikmangaluru,Kharif,Groundnut,Clay Loam,4954,Spray,3605.4,39.0,52.0,8.667934426229507,0.6811111111111111,3423.0,57259
2004,Chikmangaluru,Kharif,Groundnut,Clay Loam,5019,Spray,3512.4,40.0,51.0,8.667934426229507,0.6811111111111111,3899.0,234779
2004,Chikmangaluru,Kharif,Groundnut,Clay Loam,5127,Spray,3512.4,40.0,57.0,8.667934426229507,0.6811111111111111,4015.0,1493
2004,Chikmangaluru,Kharif,Groundnut,Clay Loam,5174,Spray,3512.4,40.0,57.0,8.667934426229507,0.6811111111111111,4279.0,64409
2004,Chikmangaluru,Kharif,Groundnut,Clay Loam,5294,Spray,3296.0,41.0,60.0,8.667934426229507,0.6811111111111111,4167.0,249978
2004,Chikmangaluru,Kharif,Blackgram,Clay Loam,5474,Spray,3296.0,41.0,57.0,8.667934426229507,0.6811111111111111,4479.0,637
2004,Chikmangaluru,Kharif,Blackgram,Clay Loam,5864,Spray,3296.0,41.0,57.0,8.667934426229507,0.6811111111111111,3699.0,43311
2004,Chikmangaluru,Kharif,Blackgram,Clay Loam,7028,Spray,3550.0,42.0,54.0,8.667934426229507,0.6811111111111111,4904.0,24848
2004,Chikmangaluru,Kharif,Blackgram,Clay Loam,7403,Spray,3550.0,42.0,54.5,8.667934426229507,0.6811111111111111,2821.0,761
2004,Chikmangaluru,Kharif,Blackgram,Clay Loam,7501,Spray,3550.0,42.0,56.6,8.667934426229507,0.6811111111111111,3472.0,45608
2004,Chikmangaluru,Kharif,Blackgram,Clay Loam,7714,Drip,3654.0,43.0,55.5,8.667934426229507,0.6811111111111111,3647.0,234581
2004,Chikmangaluru,Kharif,Blackgram,Clay Loam,7856,Drip,3654.0,43.0,58.5,8.667934426229507,0.6811111111111111,393.0,646
2004,Chikmangaluru,Kharif,Blackgram,Clay Loam,32,Drip,3654.0,27.0,59.5,8.667934426229507,0.6811111111111111,167.0,43562
2004,Chikmangaluru,Kharif,Blackgram,Clay Loam,1,Drip,233.0,27.0,55.0,8.667934426229507,0.6811111111111111,71.0,200000
2004,Chikmangaluru,Kharif,Blackgram,Clay Loam,30,Drip,233.0,27.0,53.0,8.667934426229507,0.6811111111111111,52.0,4847
2004,Chikmangaluru,Kharif,Blackgram,Clay Loam,6,Drip,233.0,27.0,53.5,8.667934426229507,0.6811111111111111,313547.0,51239
2004,Chikmangaluru,Kharif,Blackgram,Clay Loam,15,Drip,234.0,27.0,52.5,8.667934426229507,0.6811111111111111,2783.0,216396
2004,Chikmangaluru,Kharif,Blackgram,Clay Loam,4,Drip,234.0,27.0,56.0,8.667934426229507,0.6811111111111111,1533.0,2644
2004,Chikmangaluru,Kharif,Blackgram,Clay Loam,39,Drip,234.0,27.2,59.5,8.667934426229507,0.6811111111111111,1647.0,44235
2004,Chikmangaluru,Kharif,Blackgram,Clay Loam,6,Drip,3105.0,27.2,55.0,8.667934426229507,0.6811111111111111,975.0,203317
2004,Chikmangaluru,Kharif,Cashew,Clay Loam,12,Drip,3105.0,27.2,53.0,8.667934426229507,0.6811111111111111,2.0,2134
2004,Chikmangaluru,Kharif,Cashew,Clay Loam,3,Drip,3105.0,27.0,53.5,8.667934426229507,0.6811111111111111,836.0,45186
2004,Chikmangaluru,Kharif,Cashew,Clay Loam,17,Drip,236.0,27.0,52.5,8.667934426229507,0.6811111111111111,806.0,238542
2004,Chikmangaluru,Kharif,Cashew,Clay Loam,3,Drip,236.0,27.0,56.0,8.667934426229507,0.6811111111111111,880.0,1516
2004,Chikmangaluru,Rabi,Cashew,Clay Loam,9,Drip,2903.1,27.0,57.0,8.667934426229507,0.8515727272727273,770.0,57259
2004,Chikmangaluru,Rabi,Cashew,Clay Loam,21,Drip,2903.1,27.0,57.5,8.667934426229507,0.8515727272727273,395.0,234779
2004,Chikmangaluru,Rabi,Cashew,Clay Loam,11,Drip,2903.1,27.0,57.0,8.667934426229507,0.8515727272727273,187.0,1493
2004,Chikmangaluru,Rabi,Cotton,Clay Loam,4,Drip,2996.6,27.2,55.0,8.667934426229507,0.8515727272727273,187.0,64409
2004,Chikmangaluru,Rabi,Cotton,Clay Loam,15,Drip,2996.6,27.2,56.0,8.667934426229507,0.8515727272727273,121.0,249978
2004,Chikmangaluru,Rabi,Cotton,Clay Loam,8,Drip,2996.6,27.2,54.0,8.667934426229507,0.8515727272727273,103.0,637
2004,Chikmangaluru,Rabi,Cotton,Alluvial,29,Drip,3522.8,27.1,58.0,8.667934426229507,0.8515727272727273,71.0,43311
2004,Chikmangaluru,Rabi,Cashew,Alluvial,1,Drip,3522.8,27.1,58.0,8.667934426229507,0.8515727272727273,3961.0,24848
2004,Chikmangaluru,Rabi,Cashew,Alluvial,13736,Drip,3522.8,27.1,59.0,8.667934426229507,0.8515727272727273,4247.0,761
2004,Chikmangaluru,Rabi,Cashew,Alluvial,14003,Drip,3729.8,26.8,50.0,8.667934426229507,0.8515727272727273,3290.0,45608
2004,Chikmangaluru,Rabi,Cashew,Alluvial,14179,Drip,3729.8,26.8,54.0,8.667934426229507,0.8515727272727273,3138.0,234581
2004,Chikmangaluru,Rabi,Coconut,Alluvial,14319,Drip,3729.8,26.8,53.0,8.667934426229507,0.8515727272727273,3423.0,646
2004,Chikmangaluru,Rabi,Coconut,Alluvial,14464,Drip,2746.2,37.0,59.5,8.667934426229507,0.8515727272727273,3899.0,43562
2004,Chikmangaluru,Rabi,Coconut,Alluvial,14876,Drip,2746.2,37.0,55.0,8.667934426229507,0.8515727272727273,4015.0,200000
2004,Chikmangaluru,Rabi,Coconut,Alluvial,14976,Drip,2746.2,37.0,53.0,8.667934426229507,0.8515727272727273,4279.0,4847
2004,Chikmangaluru,Rabi,Coconut,Alluvial,15009,Drip,3360.0,38.0,53.5,8.667934426229507,0.8515727272727273,4167.0,51239
2004,Chikmangaluru,Rabi,Coconut,Alluvial,15114,Drip,3360.0,38.0,52.5,8.667934426229507,0.8515727272727273,4479.0,216396
2004,Chikmangaluru,Rabi,Coconut,Alluvial,16224,Drip,3360.0,38.0,56.0,8.667934426229507,0.8515727272727273,3699.0,2644
2004,Chikmangaluru,Rabi,Coconut,Alluvial,17095,Drip,3605.4,39.0,57.0,8.667934426229507,0.8515727272727273,4904.0,44235
2004,Chikmangaluru,Rabi,Coconut,Alluvial,17512,Drip,3605.4,39.0,57.5,8.667934426229507,0.8515727272727273,2821.0,203317
2004,Chikmangaluru,Rabi,Coconut,Alluvial,17587,Drip,3605.4,39.0,57.0,8.667934426229507,0.8515727272727273,3472.0,2134
2004,Chikmangaluru,Rabi,Coconut,Alluvial,17771,Drip,3512.4,40.0,55.0,8.667934426229507,0.8515727272727273,3647.0,45186
2004,Chikmangaluru,Rabi,Coconut,Alluvial,17825,Drip,3512.4,40.0,56.0,8.667934426229507,0.8515727272727273,393.0,238542
2004,Chikmangaluru,Rabi,Coconut,Alluvial,3147,Drip,3512.4,27.0,54.0,8.667934426229507,0.8515727272727273,167.0,1516
2004,Chikmangaluru,Rabi,Coconut,Alluvial,2578,Drip,3296.0,27.0,58.0,8.667934426229507,0.8515727272727273,71.0,200000
2004,Chikmangaluru,Rabi,Coconut,Alluvial,1591,Drip,3296.0,27.0,58.0,8.667934426229507,0.8515727272727273,52.0,4847
2004,Chikmangaluru,Rabi,Coconut,Alluvial,1298,Drip,3296.0,27.0,59.0,8.667934426229507,0.8515727272727273,2570.0,51239
2004,Chikmangaluru,Rabi,Ginger,Alluvial,4,Drip,3550.0,27.0,50.0,8.667934426229507,0.8515727272727273,27170.0,216396
2004,Chikmangaluru,Rabi,Ginger,Alluvial,1122,Drip,3550.0,27.0,54.0,8.667934426229507,0.8515727272727273,114744.0,2644
2004,Chikmangaluru,Rabi,Ginger,Alluvial,917,Drip,3550.0,27.2,53.0,8.667934426229507,0.8515727272727273,1402.0,44235
2004,Chikmangaluru,Rabi,Ginger,Alluvial,819,Basin,3654.0,27.2,59.5,8.667934426229507,0.8515727272727273,23456.0,203317
2004,Chikmangaluru,Rabi,Ginger,Alluvial,619,Basin,3654.0,27.2,55.0,8.667934426229507,0.8515727272727273,107809.0,2134
2004,Chikmangaluru,Rabi,Ginger,Alluvial,391,Basin,3654.0,27.0,53.0,8.667934426229507,0.8515727272727273,1132.0,45186
2004,Chikmangaluru,Rabi,Cotton,Alluvial,211,Basin,233.0,27.0,53.5,8.667934426229507,0.8515727272727273,23960.0,238542
2004,Chikmangaluru,Rabi,Cotton,Alluvial,153,Basin,233.0,27.0,52.5,8.667934426229507,0.8515727272727273,126487.0,1516
2004,Chikmangaluru,Rabi,Cotton,Alluvial,111,Basin,233.0,27.0,56.0,8.667934426229507,0.8515727272727273,804.0,57259
2004,Hassan,Rabi,Cotton,Alluvial,76,Basin,234.0,27.0,57.0,12.409475409836066,0.4079363636363636,30362.0,234779
2004,Hassan,Rabi,Ginger,Alluvial,53,Basin,234.0,27.0,57.5,12.409475409836066,0.4079363636363636,124492.0,1493
2004,Hassan,Rabi,Ginger,Alluvial,2688,Basin,234.0,27.2,57.0,12.409475409836066,0.4079363636363636,792.0,64409
2004,Hassan,Rabi,Ginger,Alluvial,2311,Basin,3105.0,27.2,55.0,12.409475409836066,0.4079363636363636,34153.0,249978
2004,Hassan,Rabi,Ginger,Alluvial,2188,Basin,3105.0,27.2,56.0,12.409475409836066,0.4079363636363636,2570.0,637
2004,Hassan,Rabi,Ginger,Alluvial,1998,Basin,3105.0,27.1,54.0,12.409475409836066,0.4079363636363636,27170.0,43311
2004,Hassan,Rabi,Coconut,Alluvial,2006,Drip,236.0,27.1,57.0,12.409475409836066,0.4079363636363636,114744.0,200000
2004,Hassan,Rabi,Coconut,Alluvial,2034,Drip,2903.1,27.1,57.5,12.409475409836066,0.4079363636363636,1402.0,4847
2004,Hassan,Rabi,Coconut,Alluvial,2035,Drip,2903.1,26.8,57.0,12.409475409836066,0.4079363636363636,23456.0,51239
2004,Hassan,Rabi,Coconut,Alluvial,2074,Drip,2903.1,26.8,55.0,12.409475409836066,0.4079363636363636,107809.0,216396
2004,Hassan,Rabi,Coconut,Alluvial,2127,Drip,2996.6,26.8,56.0,12.409475409836066,0.4079363636363636,1132.0,2644
2004,Hassan,Rabi,Coconut,Alluvial,2090,Drip,2996.6,37.0,54.0,12.409475409836066,0.4079363636363636,23960.0,44235
2004,Hassan,Rabi,Coconut,Alluvial,2059,Drip,2996.6,37.0,58.0,12.409475409836066,0.4079363636363636,126487.0,203317
2004,Hassan,Rabi,Coconut,Alluvial,2050,Drip,3522.8,37.0,58.0,12.409475409836066,0.4079363636363636,804.0,2134
2004,Hassan,Rabi,Coconut,Alluvial,1865,Drip,3522.8,38.0,59.0,12.409475409836066,0.4079363636363636,30362.0,45186
2004,Hassan,Rabi,Coconut,Alluvial,1841,Drip,3522.8,38.0,50.0,12.409475409836066,0.4079363636363636,124492.0,238542
2004,Hassan,Rabi,Coconut,Alluvial,1799,Drip,3729.8,38.0,54.0,12.409475409836066,0.4079363636363636,792.0,1516
2004,Hassan,Rabi,Coconut,Alluvial,1468,Drip,3729.8,39.0,53.0,12.409475409836066,0.4079363636363636,34153.0,57259
2004,Hassan,Rabi,Coconut,Alluvial,568,Drip,3729.8,39.0,52.0,12.409475409836066,0.4079363636363636,132551.0,234779
2004,Hassan,Rabi,Coconut,Alluvial,407,Drip,2746.2,39.0,51.0,12.409475409836066,0.4079363636363636,338.0,1493
2004,Hassan,Rabi,Coconut,Sandy Loam,177,Drip,2746.2,40.0,57.0,12.409475409836066,0.4079363636363636,22966.0,64409
2004,Hassan,Rabi,Coconut,Sandy Loam,51,Drip,2746.2,40.0,57.0,12.409475409836066,0.4079363636363636,131763.0,249978
2004,Hassan,Rabi,Coconut,Sandy Loam,173,Drip,3360.0,40.0,60.0,12.409475409836066,0.4079363636363636,404.0,637
2004,Hassan,Rabi,Coconut,Sandy Loam,201,Drip,3360.0,41.0,57.0,12.409475409836066,0.4079363636363636,24184.0,43311
2004,Hassan,Rabi,Coconut,Sandy Loam,206,Drip,3360.0,41.0,57.0,12.409475409836066,0.4079363636363636,124387.0,24848
2004,Hassan,Rabi,Coconut,Sandy Loam,243,Drip,3605.4,41.0,54.0,12.409475409836066,0.4079363636363636,343.0,761
2004,Hassan,Rabi,Coconut,Sandy Loam,123,Drip,3605.4,42.0,54.5,12.409475409836066,0.4079363636363636,23099.0,45608
2013,Hassan,Rabi,Coconut,Sandy Loam,82,Drip,3605.4,42.0,56.6,12.60424109589041,0.3842090909090909,117825.84,234581
2014,Hassan,Rabi,Coconut,Sandy Loam,74,Drip,3512.4,42.0,55.5,11.763024657534247,0.4307,336.0,646
2015,Hassan,Rabi,Coconut,Sandy Loam,18,Drip,3512.4,43.0,58.5,11.717852054794522,0.4436,22594.0,43562
2016,Hassan,Rabi,Coconut,Sandy Loam,37,Drip,3512.4,43.0,59.5,12.007081967213114,0.3211909090909091,116481.07,200000
2017,Hassan,Rabi,Coconut,Sandy Loam,35,Drip,3296.0,27.0,55.0,11.484493150684932,0.4208090909090909,316.0,4847
2018,Hassan,Rabi,Coconut,Sandy Loam,5974,Drip,3296.0,27.0,53.0,12.060887671232877,0.3941909090909091,21400.0,51239
2004,Hassan,Rabi,Coconut,Sandy Loam,6631,Drip,3296.0,27.0,53.5,12.409475409836066,0.4079363636363636,122102.0,216396
2005,Hassan,Rabi,Coconut,Sandy Loam,6705,Drip,3550.0,27.0,52.5,11.4912,0.3535909090909091,382.0,2644
2006,Hassan,Rabi,Coconut,Sandy Loam,5876,Drip,3550.0,27.0,56.0,12.763923287671236,0.4052363636363637,19578.0,44235
2007,Hassan,Rabi,Coconut,Sandy Loam,326,Drip,3550.0,27.0,57.0,11.626619178082192,0.4128818181818182,121037.0,203317
2008,Hassan,Rabi,Coconut,Sandy Loam,6470,Drip,3654.0,27.2,57.5,11.760590163934427,0.4111181818181818,231.0,2134
2009,Hassan,Rabi,Coconut,Sandy Loam,6709,Drip,3654.0,27.2,57.0,12.3314301369863,0.4219363636363636,18951.0,45186
2010,Hassan,Rabi,Coconut,Sandy Loam,6186,Drip,3654.0,27.2,55.0,11.197282191780822,0.4286272727272727,110579.0,238542
2011,Hassan,Rabi,Coconut,Sandy Loam,6503,Drip,233.0,27.0,56.0,12.588657534246574,0.4415909090909091,221.0,1516
2012,Hassan,Rabi,Coconut,Sandy Loam,5220,Drip,233.0,27.0,54.0,12.175081967213115,0.3215909090909091,15362.0,57259
2013,Hassan,Rabi,Coconut,Sandy Loam,4677,Drip,233.0,27.0,58.0,12.60424109589041,0.3842090909090909,120373.0,234779
2014,Hassan,Rabi,Coconut,Sandy Loam,4803,Drip,234.0,27.0,58.0,11.763024657534247,0.4307,291.0,1493
2015,Hassan,Rabi,Coconut,Sandy Loam,3739,Drip,234.0,27.0,59.0,11.717852054794522,0.4436,17231.0,64409
2016,Hassan,Rabi,Coconut,Sandy Loam,3529,Drip,234.0,27.0,50.0,12.007081967213114,0.3211909090909091,119359.0,249978
2017,Hassan,Rabi,Coconut,Sandy Loam,3649,Drip,3105.0,27.2,54.0,11.484493150684932,0.4208090909090909,283.0,637
2018,Hassan,Rabi,Coconut,Sandy Loam,1374,Drip,3105.0,27.2,53.0,12.060887671232877,0.3941909090909091,17690.0,43311
2004,Hassan,Rabi,Coconut,Sandy Loam,1279,Drip,3105.0,27.2,52.0,12.409475409836066,0.4079363636363636,7157.0,24848
2005,Hassan,Rabi,Coconut,Sandy Loam,13283,Drip,236.0,27.1,51.0,11.4912,0.3535909090909091,8700.0,761
2006,Hassan,Rabi,Coconut,Sandy Loam,52119,Basin,236.0,27.1,57.0,12.763923287671236,0.4052363636363637,41266.0,45608
2007,Hassan,Rabi,Coconut,Sandy Loam,725,Basin,321.0,27.1,57.0,11.626619178082192,0.4128818181818182,8838.0,234581
2008,Hassan,Rabi,Coconut,Sandy Loam,12885,Basin,3654.0,26.8,60.0,11.760590163934427,0.4111181818181818,8954.0,646
2009,Hassan,Rabi,Coconut,Sandy Loam,51179,Basin,323.0,26.8,57.0,12.3314301369863,0.4219363636363636,42915.0,43562
2010,Hassan,Rabi,Coconut,Sandy Loam,468,Basin,324.0,26.8,57.0,11.197282191780822,0.4286272727272727,9230.0,200000
2011,Hassan,Rabi,Coconut,Sandy Loam,11841,Basin,3105.0,37.0,54.0,12.588657534246574,0.4415909090909091,44313.0,4847
2012,Hassan,Rabi,Coconut,Sandy Loam,50975,Basin,326.0,37.0,54.5,12.175081967213115,0.3215909090909091,45820.0,51239
2013,Hassan,Rabi,Coconut,Sandy Loam,206,Basin,327.0,37.0,56.6,12.60424109589041,0.3842090909090909,49084.0,216396
2014,Hassan,Rabi,Coconut,Sandy Loam,10922,Basin,328.0,38.0,55.5,11.763024657534247,0.4307,86311.0,2644
2015,Hassan,Rabi,Coconut,Sandy Loam,51390,Basin,2903.1,38.0,58.5,11.717852054794522,0.4436,57642.0,44235
2016,Hassan,Rabi,Coconut,Sandy Loam,177,Basin,2903.1,38.0,59.5,12.007081967213114,0.3211909090909091,58405.0,203317
2017,Hassan,Rabi,Coconut,Sandy Loam,10723,Basin,2903.1,39.0,55.0,11.484493150684932,0.4208090909090909,60751.0,2134
2018,Hassan,Rabi,Coconut,Sandy Loam,51709,Basin,2996.6,39.0,53.0,12.060887671232877,0.3941909090909091,109506.0,45186
2004,Hassan,Rabi,Coconut,Sandy Loam,146,Basin,2996.6,39.0,53.5,12.409475409836066,0.4079363636363636,114.0,238542
2005,Hassan,Rabi,Coconut,Sandy Loam,10910,Basin,2996.6,40.0,52.5,11.4912,0.3535909090909091,3.0,1516
2006,Hassan,Rabi,Coconut,Sandy Loam,51355,Basin,3522.8,40.0,56.0,12.763923287671236,0.4052363636363637,95.0,57259
2007,Hassan,Rabi,Coconut,Sandy Loam,160,Basin,3522.8,40.0,57.0,11.626619178082192,0.4128818181818182,19.0,234779
2008,Hassan,Rabi,Coconut,Sandy Loam,10912,Basin,3522.8,41.0,57.5,11.760590163934427,0.4111181818181818,54.0,1493
2009,Hassan,Rabi,Coconut,Sandy Loam,51353,Basin,3729.8,41.0,57.0,12.3314301369863,0.4219363636363636,13.0,64409
2010,Hassan,Rabi,Coconut,Sandy Loam,1279,Basin,3729.8,41.0,55.0,11.197282191780822,0.4286272727272727,123.0,249978
2011,Hassan,Rabi,Coconut,River Basins,13283,Basin,3729.8,42.0,56.0,12.588657534246574,0.4415909090909091,19.0,200000
2012,Hassan,Rabi,Coconut,River Basins,52119,Basin,2746.2,42.0,54.0,12.175081967213115,0.3215909090909091,32.0,4847
2013,Hassan,Rabi,Coconut,River Basins,725,Basin,2746.2,42.0,58.0,12.60424109589041,0.3842090909090909,8.0,51239
2014,Hassan,Rabi,Coconut,River Basins,12885,Basin,2746.2,43.0,58.0,11.763024657534247,0.4307,50.0,216396
2015,Hassan,Rabi,Coconut,River Basins,51179,Basin,3360.0,27.0,59.0,11.717852054794522,0.4436,10.0,2644
2016,Hassan,Rabi,Coconut,River Basins,468,Basin,3360.0,27.0,50.0,12.007081967213114,0.3211909090909091,29.0,44235
2017,Hassan,Rabi,Coconut,River Basins,11841,Basin,3360.0,27.0,54.0,11.484493150684932,0.4208090909090909,44.0,203317
2018,Hassan,Rabi,Coconut,River Basins,50975,Basin,3605.4,27.0,53.0,12.060887671232877,0.3941909090909091,33.0,2134
2004,Hassan,Rabi,Coconut,River Basins,206,Basin,3605.4,27.0,52.0,12.409475409836066,0.4079363636363636,14.0,45186
2005,Hassan,Rabi,Coconut,River Basins,10922,Basin,3605.4,27.0,51.0,11.4912,0.3535909090909091,56.0,238542
2006,Hassan,Rabi,Coconut,River Basins,51390,Basin,3512.4,27.2,57.0,12.763923287671236,0.4052363636363637,26.0,1516
2007,Hassan,Rabi,Coconut,River Basins,177,Basin,3512.4,27.2,57.0,11.626619178082192,0.4128818181818182,98.0,57259
2008,Hassan,Rabi,Coconut,River Basins,10723,Basin,3512.4,27.2,60.0,11.760590163934427,0.4111181818181818,3.0,234779
2009,Hassan,Rabi,Coconut,River Basins,51709,Basin,3296.0,27.0,57.0,12.3314301369863,0.4219363636363636,58637.0,1493
2010,Hassan,Rabi,Coconut,River Basins,146,Basin,3296.0,27.0,57.0,11.197282191780822,0.4286272727272727,59777.0,64409
2011,Hassan,Rabi,Coconut,River Basins,10910,Basin,3296.0,27.0,54.0,12.588657534246574,0.4415909090909091,60528.0,249978
2012,Hassan,Rabi,Coconut,River Basins,51355,Basin,3550.0,27.0,54.5,12.175081967213115,0.3215909090909091,61126.0,637
2013,Hassan,Rabi,Coconut,River Basins,160,Basin,3550.0,27.0,56.6,12.60424109589041,0.3842090909090909,623687.0,43311
2014,Hassan,Rabi,Coconut,River Basins,10912,Basin,3550.0,27.0,55.5,11.763024657534247,0.4307,63504.0,24848
2015,Hassan,Rabi,Coconut,River Basins,51353,Basin,3654.0,27.2,58.5,11.717852054794522,0.4436,63931.0,761
2016,Hassan,Rabi,Coconut,River Basins,1279,Basin,3654.0,27.2,59.5,12.007081967213114,0.3211909090909091,73730.0,45608
2017,Hassan,Rabi,Coconut,River Basins,13283,Basin,3654.0,27.2,55.0,11.484493150684932,0.4208090909090909,118416.0,234581
2018,Hassan,Rabi,Coconut,River Basins,52119,Basin,233.0,27.1,53.0,12.060887671232877,0.3941909090909091,130132.0,646
2004,Hassan,Rabi,Coconut,River Basins,725,Spray,233.0,27.1,53.5,12.409475409836066,0.4079363636363636,154889.0,43562
2005,Hassan,Rabi,Coconut,River Basins,12885,Spray,233.0,27.1,52.5,11.4912,0.3535909090909091,171739.0,200000
2006,Hassan,Rabi,Coconut,River Basins,51179,Spray,234.0,26.8,56.0,12.763923287671236,0.4052363636363637,172475.0,4847
2007,Hassan,Rabi,Coconut,River Basins,468,Spray,234.0,26.8,57.0,11.626619178082192,0.4128818181818182,177939.0,51239
2008,Hassan,Rabi,Coconut,River Basins,11841,Spray,234.0,26.8,57.5,11.760590163934427,0.4111181818181818,313547.0,216396
2009,Hassan,Rabi,Coconut,River Basins,50975,Spray,3105.0,37.0,57.0,12.3314301369863,0.4219363636363636,2783.0,2644
2010,Hassan,Rabi,Coconut,River Basins,206,Spray,3105.0,37.0,55.0,11.197282191780822,0.4286272727272727,1533.0,44235
2011,Hassan,Rabi,Coconut,Alluvial,10922,Spray,3105.0,37.0,56.0,12.588657534246574,0.4415909090909091,1647.0,203317
2012,Hassan,Rabi,Coconut,Alluvial,51390,Spray,236.0,38.0,54.0,12.175081967213115,0.3215909090909091,975.0,2134
2013,Hassan,Rabi,Coconut,Alluvial,177,Spray,236.0,38.0,58.0,12.60424109589041,0.3842090909090909,2.0,45186
2014,Hassan,Rabi,Coconut,Alluvial,10723,Spray,2903.1,38.0,58.0,11.763024657534247,0.4307,836.0,238542
2015,Hassan,Rabi,Coconut,Alluvial,51709,Spray,2903.1,39.0,59.0,11.717852054794522,0.4436,806.0,1516
2016,Dakshina Kannada,Rabi,Coconut,Alluvial,146,Spray,2903.1,39.0,50.0,9.974754098360656,0.3608545454545455,880.0,57259
2017,Dakshina Kannada,Rabi,Coconut,Alluvial,10910,Spray,2996.6,39.0,54.0,9.751561643835617,0.3395636363636363,770.0,234779
2018,Dakshina Kannada,Rabi,Coconut,Alluvial,51355,Spray,2996.6,40.0,53.0,9.655002739726028,0.3434181818181818,395.0,1493
2004,Dakshina Kannada,Rabi,Coconut,Alluvial,160,Spray,2996.6,40.0,52.0,10.411475409836063,0.4282363636363636,187.0,64409
2005,Dakshina Kannada,Rabi,Coconut,Alluvial,10912,Spray,3522.8,40.0,51.0,10.166597260273972,0.3671454545454545,187.0,249978
2006,Dakshina Kannada,Rabi,Coconut,Alluvial,51353,Spray,3522.8,41.0,57.0,10.098838356164384,0.4176,121.0,637
2007,Dakshina Kannada,Rabi,Coconut,Alluvial,142,Spray,3522.8,41.0,57.0,9.919430136986302,0.323,103.0,43311
2008,Dakshina Kannada,Rabi,Coconut,Alluvial,10505,Spray,2903.1,41.0,60.0,9.504295081967214,0.3603818181818182,71.0,24848
2009,Dakshina Kannada,Rabi,Coconut,Alluvial,51040,Spray,2903.1,42.0,57.0,9.862224657534249,0.3680444444444444,3961.0,761
2010,Dakshina Kannada,Rabi,Coconut,Alluvial,154,Spray,2903.1,42.0,57.0,9.499265753424655,0.3710272727272727,4247.0,45608
2011,Dakshina Kannada,Rabi,Coconut,Alluvial,10318,Spray,2996.6,42.0,54.0,9.75787397260274,0.3423909090909091,3290.0,234581
2012,Dakshina Kannada,Rabi,Coconut,Alluvial,48083,Spray,2996.6,43.0,54.5,9.984295081967211,0.3934363636363637,3138.0,646
2013,Dakshina Kannada,Rabi,Coconut,Alluvial,143,Spray,2996.6,43.0,56.6,10.523243835616436,0.3876545454545455,3423.0,43562
2016,Dakshina Kannada,Rabi,Coconut,Loam,4877,Spray,3512.4,27.0,50.0,9.974754098360656,0.3608545454545455,67.0,203317
2017,Dakshina Kannada,Rabi,Coconut,Loam,4930,Spray,3296.0,27.0,54.0,9.751561643835617,0.3395636363636363,62.0,2134
2018,Dakshina Kannada,Rabi,Cocoa,Loam,4954,Drip,3296.0,27.0,53.0,9.655002739726028,0.3434181818181818,32.0,45186
2004,Dakshina Kannada,Rabi,Cocoa,Loam,5019,Drip,3296.0,27.0,52.0,10.411475409836063,0.4282363636363636,22.0,238542
2005,Dakshina Kannada,Rabi,Cocoa,Loam,5127,Drip,3550.0,27.0,51.0,10.166597260273972,0.3671454545454545,25.0,1516
2006,Dakshina Kannada,Rabi,Cocoa,Loam,5174,Drip,3550.0,27.0,57.0,10.098838356164384,0.4176,4.0,57259
2007,Dakshina Kannada,Rabi,Cocoa,Loam,5294,Drip,3550.0,27.2,57.0,9.919430136986302,0.323,9.0,234779
2008,Dakshina Kannada,Rabi,Cocoa,Loam,5474,Drip,3654.0,27.2,60.0,9.504295081967214,0.3603818181818182,12.0,1493
2009,Dakshina Kannada,Rabi,Coffee,Loam,5864,Drip,3654.0,27.2,57.0,9.862224657534249,0.3680444444444444,2089.0,64409
2010,Dakshina Kannada,Rabi,Coffee,Loam,7028,Drip,3654.0,27.0,57.0,9.499265753424655,0.3710272727272727,2810.0,249978
2011,Dakshina Kannada,Rabi,Coffee,Loam,7403,Drip,233.0,27.0,54.0,9.75787397260274,0.3423909090909091,841.0,637
2012,Dakshina Kannada,Rabi,Coffee,Loam,7501,Drip,233.0,27.0,54.5,9.984295081967211,0.3934363636363637,3550.0,43311
2013,Dakshina Kannada,Rabi,Coffee,Loam,7714,Drip,233.0,27.0,56.6,10.523243835616436,0.3876545454545455,109.0,24848
2014,Dakshina Kannada,Rabi,Coffee,Loam,7856,Drip,234.0,27.0,55.5,9.763495890410958,0.3620909090909091,3368.0,761
2015,Dakshina Kannada,Rabi,Coffee,Loam,32,Drip,234.0,27.0,58.5,9.057698630136986,0.3603909090909091,3671.0,45608
2016,Dakshina Kannada,Rabi,Coffee,Loam,1,Drip,234.0,27.2,59.5,9.974754098360656,0.3608545454545455,2404.0,234581
2017,Dakshina Kannada,Rabi,Coffee,Loam,30,Drip,3105.0,27.2,55.0,9.751561643835617,0.3395636363636363,2805.0,646
2018,Dakshina Kannada,Rabi,Coffee,Loam,6,Drip,3105.0,27.2,53.0,9.655002739726028,0.3434181818181818,2331.0,43562
2004,Dakshina Kannada,Rabi,Coffee,Loam,15,Drip,3105.0,27.1,53.5,10.411475409836063,0.4282363636363636,2088.0,200000
2005,Dakshina Kannada,Rabi,Coffee,Loam,4,Drip,236.0,27.1,52.5,10.166597260273972,0.3671454545454545,2628.0,4847
2006,Dakshina Kannada,Rabi,Coffee,Loam,39,Drip,236.0,27.1,56.0,10.098838356164384,0.4176,1939.0,51239
2007,Dakshina Kannada,Rabi,Coffee,Loam,6,Drip,2903.1,26.8,57.0,9.919430136986302,0.323,1871.0,216396
2008,Dakshina Kannada,Rabi,Coffee,Loam,12,Drip,2903.1,26.8,57.5,9.504295081967214,0.3603818181818182,1868.0,2644
2009,Dakshina Kannada,Rabi,Cardamum,Loam,3,Drip,2903.1,26.8,57.0,9.862224657534249,0.3680444444444444,127919.0,44235
2010,Dakshina Kannada,Rabi,Cardamum,Sandy Loam,17,Drip,2996.6,37.0,55.0,9.499265753424655,0.3710272727272727,75340.0,203317
2011,Dakshina Kannada,Rabi,Cardamum,Sandy Loam,3,Drip,2996.6,37.0,56.0,9.75787397260274,0.3423909090909091,29170.0,2134
2012,Dakshina Kannada,Rabi,Cardamum,Sandy Loam,9,Drip,2996.6,37.0,54.0,9.984295081967211,0.3934363636363637,1901.0,45186
2013,Dakshina Kannada,Rabi,Cardamum,Sandy Loam,21,Drip,3522.8,38.0,58.0,10.523243835616436,0.3876545454545455,972.0,238542
2014,Dakshina Kannada,Rabi,Cardamum,Sandy Loam,11,Drip,3522.8,38.0,58.0,9.763495890410958,0.3620909090909091,874.0,1516
2015,Dakshina Kannada,Rabi,Cardamum,Clay Loam,4,Drip,3522.8,38.0,59.0,9.057698630136986,0.3603909090909091,592.0,57259
2016,Dakshina Kannada,Rabi,Cardamum,Clay Loam,15,Drip,2903.1,39.0,50.0,9.974754098360656,0.3608545454545455,864.0,234779
2017,Dakshina Kannada,Rabi,Cardamum,Clay Loam,8,Drip,2903.1,39.0,54.0,9.751561643835617,0.3395636363636363,5373.0,1493
2018,Dakshina Kannada,Rabi,Cardamum,Clay Loam,29,Drip,2903.1,39.0,53.0,9.655002739726028,0.3434181818181818,6589.0,64409
2004,Dakshina Kannada,Rabi,Cardamum,Clay Loam,1,Drip,2996.6,40.0,52.0,10.411475409836063,0.4282363636363636,5107.0,249978
2005,Dakshina Kannada,Rabi,Cardamum,Clay Loam,13736,Drip,2996.6,40.0,51.0,10.166597260273972,0.3671454545454545,5518.0,637
2006,Dakshina Kannada,Rabi,Cardamum,Laterite,14003,Drip,2996.6,40.0,57.0,10.098838356164384,0.4176,4912.0,43311
2007,Dakshina Kannada,Rabi,Cardamum,Laterite,14179,Drip,3522.8,41.0,57.0,9.919430136986302,0.323,3830.0,24848
2008,Dakshina Kannada,Rabi,Cardamum,Laterite,14319,Drip,3522.8,41.0,60.0,9.504295081967214,0.3603818181818182,4.0,761
2009,Dakshina Kannada,Rabi,Pepper,Laterite,14464,Drip,3522.8,41.0,57.0,9.862224657534249,0.3680444444444444,9.0,45608
2010,Dakshina Kannada,Rabi,Pepper,Laterite,14876,Drip,3729.8,42.0,57.0,9.499265753424655,0.3710272727272727,12.0,234581
2011,Dakshina Kannada,Rabi,Pepper,Laterite,14976,Drip,3729.8,42.0,54.0,9.75787397260274,0.3423909090909091,2089.0,646
2012,Dakshina Kannada,Rabi,Pepper,Laterite,15009,Drip,3729.8,42.0,54.5,9.984295081967211,0.3934363636363637,2810.0,43562
2013,Dakshina Kannada,Rabi,Pepper,Laterite,15114,Drip,2746.2,43.0,56.6,10.523243835616436,0.3876545454545455,841.0,200000
2014,Dakshina Kannada,Rabi,Pepper,Laterite,16224,Drip,2746.2,43.0,55.5,9.763495890410958,0.3620909090909091,3550.0,4847
2015,Dakshina Kannada,Rabi,Pepper,Laterite,17095,Drip,2746.2,27.0,58.5,9.057698630136986,0.3603909090909091,109.0,51239
2016,Dakshina Kannada,Rabi,Pepper,Laterite,17512,Drip,3360.0,27.0,59.5,9.974754098360656,0.3608545454545455,3368.0,216396
2017,Dakshina Kannada,Rabi,Pepper,Laterite,17587,Basin,3360.0,27.0,55.0,9.751561643835617,0.3395636363636363,3671.0,2644
2018,Dakshina Kannada,Rabi,Pepper,Laterite,17771,Basin,3360.0,27.0,53.0,9.655002739726028,0.3434181818181818,2404.0,44235
2004,Dakshina Kannada,Rabi,Pepper,Laterite,17825,Basin,3605.4,27.0,53.5,10.411475409836063,0.4282363636363636,2805.0,203317
2005,Dakshina Kannada,Rabi,Pepper,Laterite,3147,Basin,3605.4,27.0,52.5,10.166597260273972,0.3671454545454545,2331.0,2134
2006,Dakshina Kannada,Rabi,Pepper,Laterite,2578,Basin,3605.4,27.2,56.0,10.098838356164384,0.4176,2088.0,45186
2007,Dakshina Kannada,Rabi,Pepper,Laterite,1591,Basin,3512.4,27.2,57.0,9.919430136986302,0.323,2628.0,238542
2008,Dakshina Kannada,Rabi,Pepper,Laterite,1298,Basin,3512.4,27.2,57.5,9.504295081967214,0.3603818181818182,1939.0,1516
2009,Kodagu,Rabi,Arecanut,Laterite,4,Basin,3512.4,27.0,57.0,6.271890410958905,0.7747181818181819,1871.0,200000
2010,Kodagu,Rabi,Arecanut,Laterite,1122,Basin,3296.0,27.0,55.0,5.862969863013698,0.7586454545454545,1868.0,4847
2011,Kodagu,Rabi,Arecanut,Laterite,917,Basin,3296.0,27.0,56.0,6.49706301369863,0.7213,127919.0,51239
2012,Kodagu,Rabi,Arecanut,Laterite,819,Basin,3296.0,27.0,54.0,6.252590163934426,0.7788818181818182,75340.0,216396
2013,Kodagu,Rabi,Arecanut,Laterite,619,Basin,3550.0,27.0,58.0,6.683375342465754,0.7593727272727273,29170.0,2644
2014,Kodagu,Rabi,Arecanut,Laterite,391,Basin,3550.0,27.0,58.0,6.103627397260274,0.7765090909090909,1901.0,44235
2015,Kodagu,Rabi,Arecanut,Laterite,211,Basin,3550.0,27.2,59.0,5.836635616438356,0.7544909090909091,972.0,203317
2016,Kodagu,Rabi,Arecanut,Laterite,153,Basin,3654.0,27.2,50.0,6.23183606557377,0.7828363636363637,874.0,2134
2017,Kodagu,Rabi,Arecanut,Laterite,111,Basin,3654.0,27.2,54.0,6.04158904109589,0.7913363636363636,592.0,45186
2018,Kodagu,Rabi,Arecanut,Laterite,76,Basin,3654.0,27.1,53.0,6.021961643835617,0.7582272727272727,864.0,238542
2019,Kodagu,Rabi,Arecanut,Laterite,53,Basin,233.0,27.1,52.0,6.185194520547945,0.7339363636363636,5373.0,1516
2004,Kodagu,Rabi,Arecanut,Laterite,2688,Basin,233.0,27.1,51.0,6.525934426229509,0.7472272727272727,6589.0,57259
2005,Kodagu,Rabi,Arecanut,Laterite,2311,Basin,233.0,26.8,57.0,6.273468493150686,0.7642818181818183,5107.0,234779
2006,Kodagu,Rabi,Arecanut,Laterite,2188,Basin,234.0,26.8,57.0,6.635243835616438,0.7530454545454546,5518.0,1493
2007,Kodagu,Rabi,Arecanut,Laterite,1998,Basin,234.0,26.8,60.0,6.265972602739726,0.7814909090909091,4912.0,64409
2008,Kodagu,Rabi,Ginger,Laterite,2006,Basin,234.0,37.0,57.0,6.1113442622950815,0.7380545454545455,3830.0,249978
2009,Kodagu,Rabi,Ginger,Laterite,2034,Basin,3105.0,37.0,57.0,6.271890410958905,0.7747181818181819,4.0,637
2010,Kodagu,Rabi,Ginger,Laterite,2035,Basin,3105.0,37.0,54.0,5.862969863013698,0.7586454545454545,9.0,43311
2011,Kodagu,Rabi,Ginger,Laterite,2074,Basin,3105.0,38.0,54.5,6.49706301369863,0.7213,12.0,24848
2012,Kodagu,Rabi,Ginger,Laterite,2127,Basin,236.0,38.0,56.6,6.252590163934426,0.7788818181818182,2089.0,761
2013,Mysuru,Rabi,Ginger,Laterite,2090,Basin,236.0,38.0,55.5,13.860295890410958,0.3283272727272727,2810.0,45608
2014,Mysuru,Rabi,Ginger,Laterite,2059,Basin,2903.1,39.0,58.5,13.254904109589042,0.3774090909090909,841.0,234581
2015,Mysuru,Rabi,Ginger,Laterite,2050,Basin,2903.1,39.0,59.5,12.95891506849315,0.3397545454545455,3550.0,646
2016,Mysuru,Rabi,Ginger,Laterite,1865,Basin,2903.1,39.0,55.0,13.00790163934426,0.3204727272727272,109.0,43562
2017,Mysuru,Rabi,Ginger,Laterite,1841,Basin,2996.6,40.0,53.0,12.33547397260274,0.3587727272727272,3368.0,200000
2018,Mysuru,Rabi,Ginger,Laterite,1799,Basin,2996.6,40.0,53.5,13.11149589041096,0.3218363636363636,3671.0,4847
2012,Mysuru,Rabi,Ginger,Laterite,1468,Basin,2996.6,40.0,52.5,13.91134426229508,0.3465272727272727,2404.0,51239
2013,Mysuru,Rabi,Ginger,Laterite,568,Basin,3522.8,41.0,56.0,13.860295890410958,0.3283272727272727,2805.0,216396
2014,Mysuru,Rabi,Ginger,Laterite,407,Basin,3522.8,41.0,57.0,13.254904109589042,0.3774090909090909,2331.0,2644
2015,Mysuru,Rabi,Ginger,Laterite,177,Basin,3522.8,41.0,57.5,12.95891506849315,0.3397545454545455,2088.0,44235
2016,Mysuru,Rabi,Tea,Laterite,51,Basin,2903.1,42.0,57.0,13.00790163934426,0.3204727272727272,2628.0,203317
2017,Mysuru,Rabi,Tea,Sandy Loam,173,Basin,2903.1,42.0,55.0,12.33547397260274,0.3587727272727272,1939.0,2134
2018,Mysuru,Rabi,Tea,Sandy Loam,201,Basin,2903.1,42.0,56.0,13.11149589041096,0.3218363636363636,1871.0,45186
2019,Mysuru,Rabi,Tea,Sandy Loam,206,Basin,2996.6,43.0,54.0,13.12619178082192,0.3792090909090909,1868.0,238542
2004,Mysuru,Rabi,Tea,Sandy Loam,243,Basin,2996.6,27.0,58.0,13.4047868852459,0.3174727272727272,127919.0,1516
2005,Mysuru,Rabi,Tea,Sandy Loam,123,Basin,2996.6,27.0,58.0,12.621797260273972,0.3947636363636363,75340.0,57259
2006,Mysuru,Rabi,Tea,Sandy Loam,82,Spray,3522.8,27.0,59.0,14.024515068493152,0.3318090909090909,29170.0,234779
2007,Mysuru,Rabi,Tea,Sandy Loam,74,Spray,3522.8,27.0,50.0,12.763923287671236,0.3885,1901.0,1493
2008,Mysuru,Rabi,Tea,Sandy Loam,18,Spray,3522.8,27.0,54.0,12.78265573770492,0.3646636363636363,972.0,64409
2009,Kasaragodu,Rabi,Tea,Sandy Loam,37,Spray,3729.8,27.0,53.0,9.862224657534249,0.8009909090909091,874.0,249978
2010,Kasaragodu,Rabi,Tea,Sandy Loam,35,Spray,3729.8,27.2,52.0,9.499265753424655,0.7986272727272727,592.0,637
2011,Kasaragodu,Rabi,Tea,Sandy Loam,5974,Spray,3729.8,27.2,51.0,9.75787397260274,0.7569727272727274,864.0,43311
2012,Kasaragodu,Rabi,Tea,Sandy Loam,6631,Spray,2746.2,27.2,57.0,9.984295081967211,0.8034363636363636,5373.0,24848
2013,Kasaragodu,Rabi,Tea,Sandy Loam,6705,Spray,2746.2,27.0,57.0,10.523243835616436,0.8104363636363636,6589.0,761
2014,Kasaragodu,Rabi,Tea,Sandy Loam,5876,Spray,2746.2,27.0,60.0,9.763495890410958,0.8059090909090909,5107.0,45608
2015,Kasaragodu,Rabi,Paddy,Sandy Loam,326,Spray,3360.0,27.0,57.0,9.057698630136986,0.8201272727272728,5518.0,234581
2016,Kasaragodu,Rabi,Paddy,Sandy Loam,6470,Spray,3360.0,27.0,57.0,9.974754098360656,0.8089727272727273,4912.0,646
2017,Kasaragodu,Rabi,Paddy,Sandy Loam,6709,Spray,3360.0,27.0,54.0,9.751561643835617,0.8192363636363637,3830.0,43562
2018,Kasaragodu,Rabi,Paddy,Sandy Loam,6186,Spray,3605.4,27.0,54.5,9.655002739726028,0.7922727272727274,313547.0,200000
2011,Kasaragodu,Rabi,Paddy,Sandy Loam,6503,Spray,3605.4,27.2,56.6,9.75787397260274,0.7569727272727274,2783.0,4847
2012,Kasaragodu,Rabi,Paddy,Sandy Loam,5220,Spray,2903.1,27.2,55.5,9.984295081967211,0.8034363636363636,1533.0,51239
2013,Kasaragodu,Rabi,Paddy,Sandy Loam,4677,Spray,2903.1,27.2,58.5,10.523243835616436,0.8104363636363636,1647.0,216396
2014,Kasaragodu,Rabi,Paddy,Sandy Loam,4803,Spray,2903.1,27.1,59.5,9.763495890410958,0.8059090909090909,975.0,2644
2015,Kasaragodu,Rabi,Paddy,Sandy Loam,3739,Spray,2996.6,27.1,55.0,9.057698630136986,0.8201272727272728,2.0,44235
2016,Kasaragodu,Rabi,Paddy,Sandy Loam,3529,Spray,2996.6,27.1,53.0,9.974754098360656,0.8089727272727273,836.0,203317
2017,Kasaragodu,Rabi,Paddy,Sandy Loam,3649,Spray,2996.6,26.8,53.5,9.751561643835617,0.8192363636363637,806.0,2134
2018,Kasaragodu,Rabi,Paddy,Sandy Loam,1374,Spray,3522.8,26.8,52.5,9.655002739726028,0.7922727272727274,880.0,45186
2004,Kasaragodu,Rabi,Paddy,Sandy Loam,933,Spray,3522.8,26.8,56.0,10.411475409836063,0.7905909090909091,770.0,238542
2005,Kasaragodu,Rabi,Paddy,Sandy Loam,345,Spray,3522.8,37.0,57.0,10.166597260273972,0.7873909090909091,395.0,1516
2006,Kasaragodu,Rabi,Paddy,Sandy Loam,29,Spray,3729.8,37.0,57.5,10.098838356164384,0.7705454545454545,187.0,200000
2007,Kasaragodu,Rabi,Groundnut,Sandy Loam,11,Spray,2903.1,37.0,57.0,9.919430136986302,0.7498727272727274,187.0,4847
2008,Kasaragodu,Rabi,Groundnut,Sandy Loam,10,Spray,2903.1,38.0,55.0,9.504295081967214,0.7613909090909091,121.0,51239
2009,Kasaragodu,Rabi,Groundnut,Sandy Loam,7,Spray,2903.1,38.0,56.0,9.862224657534249,0.8009909090909091,103.0,216396
2010,Kasaragodu,Rabi,Groundnut,Sandy Loam,10,Spray,2996.6,38.0,54.0,9.499265753424655,0.7986272727272727,71.0,2644
2011,Kasaragodu,Rabi,Groundnut,Sandy Loam,56,Spray,2996.6,39.0,58.0,9.75787397260274,0.7569727272727274,3961.0,44235
2012,Kasaragodu,Rabi,Groundnut,Sandy Loam,68,Spray,2996.6,39.0,58.0,9.984295081967211,0.8034363636363636,4247.0,203317
2013,Kasaragodu,Rabi,Groundnut,Sandy Loam,56,Spray,3522.8,39.0,59.0,10.523243835616436,0.8104363636363636,3290.0,2134
2014,Kasaragodu,Rabi,Groundnut,Sandy Loam,66,Spray,3522.8,40.0,50.0,9.763495890410958,0.8059090909090909,3138.0,45186
2015,Kasaragodu,Rabi,Groundnut,Sandy Loam,55,Spray,3522.8,40.0,54.0,9.057698630136986,0.8201272727272728,3423.0,238542
2016,Kasaragodu,Rabi,Groundnut,Sandy Loam,42,Spray,3729.8,40.0,53.0,9.974754098360656,0.8089727272727273,3899.0,1516
2017,Kasaragodu,Rabi,Groundnut,Sandy Loam,51179,Spray,3729.8,41.0,52.0,9.751561643835617,0.8192363636363637,4015.0,57259
2018,Raichur,Rabi,Groundnut,Sandy Loam,468,Spray,3729.8,41.0,51.0,14.459178082191782,0.5111181818181818,4279.0,234779
2004,Raichur,Rabi,Groundnut,Sandy Loam,11841,Spray,2746.2,41.0,57.0,14.763836065573772,0.4696636363636364,4167.0,1493
2005,Raichur,Rabi,Groundnut,Sandy Loam,50975,Spray,2746.2,42.0,57.0,13.37286575342466,0.5934,4479.0,64409
2012,Raichur,Rabi,Groundnut,Sandy Loam,206,Spray,2746.2,42.0,60.0,15.060098360655738,0.492,3699.0,249978
2013,Raichur,Rabi,Blackgram,Sandy Loam,10922,Spray,3360.0,42.0,57.0,15.578531506849314,0.5900545454545455,4904.0,637
2014,Raichur,Rabi,Blackgram,Sandy Loam,51390,Spray,3360.0,43.0,57.0,14.32454794520548,0.5945,2821.0,43311
2015,Raichur,Rabi,Blackgram,Sandy Loam,177,Spray,3360.0,43.0,54.0,14.56747397260274,0.4772272727272727,3472.0,24848
2018,Raichur,Rabi,Cashew,Black,158,Drip,233.0,27.0,57.5,14.459178082191782,0.5111181818181818,187.0,234779
2019,Raichur,Rabi,Cashew,Black,8982,Drip,234.0,27.0,57.0,14.628723287671232,0.6577909090909091,121.0,1493
2004,Raichur,Rabi,Cashew,Black,46990,Drip,234.0,27.0,55.0,14.763836065573772,0.4696636363636364,103.0,64409
2013,Gulbarga,Rabi,Cashew,Black,103,Drip,234.0,27.0,56.0,14.621819178082191,0.4551909090909091,71.0,249978
2014,Gulbarga,Rabi,Cashew,Black,8239,Drip,3105.0,27.0,54.0,13.689764383561643,0.4811363636363636,3961.0,637
2015,Gulbarga,Rabi,Cashew,Black,44563,Drip,3105.0,27.0,58.0,13.556613698630136,0.4339545454545455,4247.0,43311
2016,Gulbarga,Rabi,Cashew,Black,96,Drip,3105.0,27.2,58.0,13.69455737704918,0.4428818181818182,3290.0,24848
2017,Gulbarga,Rabi,Cashew,Black,6949,Drip,236.0,27.2,59.0,12.800219178082193,0.4537636363636364,3138.0,761
2018,Gulbarga,Rabi,Cashew,Black,44663,Drip,236.0,27.2,50.0,13.796679452054796,0.4454181818181818,3423.0,45608
2004,Gulbarga,Rabi,Cashew,Black,110,Drip,2903.1,27.0,54.0,13.973901639344264,0.4632272727272727,3899.0,234581
2005,Gulbarga,Rabi,Coconut,Black,6824,Drip,2903.1,27.0,53.0,13.989994520547944,0.4649818181818182,4015.0,646
2006,Gulbarga,Rabi,Coconut,Black,43013,Drip,2903.1,27.0,59.5,13.861676712328766,0.4322181818181818,4279.0,43562
2007,Gulbarga,Rabi,Coconut,Red,95,Drip,2996.6,27.0,55.0,13.754761643835618,0.4716454545454545,4167.0,200000
2008,Gulbarga,Rabi,Coconut,Red,6441,Drip,2996.6,27.0,53.0,13.99209836065574,0.4737272727272727,4479.0,4847
2009,Gulbarga,Rabi,Coconut,Red,4012,Drip,2996.6,27.0,53.5,14.08507397260274,0.4693363636363636,3699.0,51239
2010,Gulbarga,Rabi,Coconut,Red,4877,Drip,3522.8,27.2,52.5,13.272361643835618,0.4806090909090909,4904.0,216396
2011,Gulbarga,Rabi,Coconut,Red,4930,Drip,3522.8,27.2,56.0,14.772427397260271,0.4386909090909091,2821.0,2644
2012,Gulbarga,Rabi,Coconut,Red,4954,Drip,3522.8,27.2,57.0,14.42577049180328,0.4566818181818182,3472.0,44235
2013,Gulbarga,Rabi,Coconut,Red,5019,Drip,3729.8,27.1,57.5,14.621819178082191,0.4551909090909091,3647.0,203317
2014,Gulbarga,Rabi,Coconut,Red,5127,Drip,3729.8,27.1,57.0,13.689764383561643,0.4811363636363636,393.0,2134
2015,Gulbarga,Rabi,Coconut,Red,5174,Drip,3729.8,27.1,55.0,13.556613698630136,0.4339545454545455,167.0,45186
2016,Gulbarga,Rabi,Coconut,Red,5294,Drip,2746.2,26.8,56.0,13.69455737704918,0.4428818181818182,71.0,238542
2017,Gulbarga,Rabi,Coconut,Red,5474,Drip,2746.2,26.8,54.0,12.800219178082193,0.4537636363636364,52.0,1516
2018,Gulbarga,Rabi,Coconut,Red,5864,Drip,2746.2,26.8,58.0,13.796679452054796,0.4454181818181818,2570.0,200000
2013,Gulbarga,Rabi,Coconut,Red,7028,Drip,3360.0,37.0,58.0,14.621819178082191,0.4551909090909091,27170.0,4847
2014,Gulbarga,Rabi,Coconut,Red,7403,Drip,3360.0,37.0,59.0,13.689764383561643,0.4811363636363636,114744.0,51239
2015,Gulbarga,Rabi,Ginger,Red,7501,Drip,3360.0,37.0,50.0,13.556613698630136,0.4339545454545455,1402.0,216396
2016,Gulbarga,Rabi,Ginger,Red,7714,Drip,3605.4,38.0,54.0,13.69455737704918,0.4428818181818182,23456.0,2644
2017,Gulbarga,Rabi,Ginger,Red,7856,Drip,3605.4,38.0,53.0,12.800219178082193,0.4537636363636364,107809.0,44235
2018,Gulbarga,Rabi,Ginger,Red,32,Basin,3605.4,38.0,59.5,13.796679452054796,0.4454181818181818,1132.0,203317
2004,Gulbarga,Rabi,Ginger,Red,1,Basin,3512.4,39.0,55.0,13.973901639344264,0.4632272727272727,23960.0,2134
2005,Gulbarga,Rabi,Ginger,Red,30,Basin,3512.4,39.0,53.0,13.989994520547944,0.4649818181818182,126487.0,45186
2006,Gulbarga,Rabi,Ginger,Red,6,Basin,3512.4,39.0,53.5,13.861676712328766,0.4322181818181818,804.0,238542
2007,Gulbarga,Rabi,Ginger,Red,15,Basin,3296.0,40.0,52.5,13.754761643835618,0.4716454545454545,30362.0,1516
2008,Gulbarga,Rabi,Ginger,Red,4,Basin,3296.0,40.0,56.0,13.99209836065574,0.4737272727272727,124492.0,57259
2009,Gulbarga,Rabi,Ginger,Red,39,Basin,3296.0,40.0,57.0,14.08507397260274,0.4693363636363636,792.0,234779
2010,Gulbarga,Rabi,Ginger,Red,6,Basin,3550.0,41.0,57.5,13.272361643835618,0.4806090909090909,34153.0,1493
2011,Gulbarga,Rabi,Ginger,Alluvial,12,Basin,3550.0,41.0,57.0,14.772427397260271,0.4386909090909091,2570.0,64409
2012,Gulbarga,Rabi,Ginger,Alluvial,3,Basin,3550.0,41.0,55.0,14.42577049180328,0.4566818181818182,27170.0,249978
2013,Gulbarga,Rabi,Ginger,Alluvial,17,Basin,3654.0,42.0,56.0,14.621819178082191,0.4551909090909091,114744.0,637
2014,Gulbarga,Rabi,Ginger,Alluvial,3,Basin,3654.0,42.0,54.0,13.689764383561643,0.4811363636363636,1402.0,43311
2015,Gulbarga,Rabi,Coconut,Alluvial,9,Drip,3654.0,42.0,57.0,13.556613698630136,0.4339545454545455,23456.0,200000
2016,Madikeri,Rabi,Coconut,Alluvial,21,Drip,233.0,43.0,57.5,6.23183606557377,0.4848909090909091,107809.0,4847
2017,Madikeri,Rabi,Coconut,Alluvial,11,Drip,233.0,43.0,57.0,6.04158904109589,0.4788363636363636,1132.0,51239
2018,Madikeri,Rabi,Coconut,Alluvial,4,Drip,233.0,27.0,55.0,6.021961643835617,0.4335090909090909,23960.0,216396
2015,Madikeri,Rabi,Coconut,Alluvial,15,Drip,234.0,27.0,56.0,5.836635616438356,0.4540545454545455,126487.0,2644
2016,Madikeri,Rabi,Coconut,Alluvial,8,Drip,234.0,27.0,54.0,6.23183606557377,0.4848909090909091,804.0,44235
2017,Madikeri,Rabi,Coconut,Alluvial,29,Drip,234.0,27.0,58.0,6.04158904109589,0.4788363636363636,30362.0,203317
2018,Madikeri,Rabi,Coconut,Alluvial,1,Drip,3105.0,27.0,58.0,6.021961643835617,0.4335090909090909,124492.0,2134
2013,Madikeri,Rabi,Coconut,Alluvial,13736,Drip,3105.0,27.0,59.0,6.683375342465754,0.4335181818181818,792.0,45186
2014,Madikeri,Rabi,Coconut,Alluvial,14003,Drip,3105.0,27.2,50.0,6.103627397260274,0.4556636363636364,34153.0,238542
2015,Madikeri,Rabi,Coconut,Alluvial,14179,Drip,236.0,27.2,54.0,5.836635616438356,0.4540545454545455,132551.0,1516
2016,Madikeri,Rabi,Coconut,Alluvial,14319,Drip,2903.1,27.2,53.0,6.23183606557377,0.4848909090909091,338.0,57259
2017,Madikeri,Rabi,Coconut,Alluvial,14464,Drip,2903.1,27.0,52.0,6.04158904109589,0.4788363636363636,22966.0,234779
2018,Madikeri,Rabi,Coconut,Alluvial,14876,Drip,2903.1,27.0,51.0,6.021961643835617,0.4335090909090909,131763.0,1493
2004,Madikeri,Rabi,Coconut,Alluvial,14976,Drip,2996.6,27.0,57.0,6.525934426229509,0.4472545454545455,404.0,64409
2005,Madikeri,Rabi,Coconut,Alluvial,15009,Drip,2996.6,27.0,57.0,6.273468493150686,0.4658,24184.0,249978
2006,Madikeri,Rabi,Coconut,Alluvial,15114,Drip,2996.6,27.0,60.0,6.635243835616438,0.4616090909090909,124387.0,637
2007,Madikeri,Rabi,Coconut,Alluvial,16224,Drip,3522.8,27.0,57.0,6.265972602739726,0.4300636363636364,343.0,43311
2008,Madikeri,Rabi,Coconut,Alluvial,17095,Drip,3522.8,27.2,57.0,6.1113442622950815,0.4288454545454545,23099.0,24848
2009,Madikeri,Rabi,Coconut,Alluvial,17512,Drip,3522.8,27.2,54.0,6.271890410958905,0.4718,117825.84,761
2010,Madikeri,Rabi,Coconut,Alluvial,17587,Drip,3729.8,27.2,54.5,5.862969863013698,0.4721363636363636,336.0,45608
2011,Madikeri,Rabi,Coconut,Arid And Desert,17771,Drip,3729.8,27.1,56.6,6.49706301369863,0.4258181818181818,22594.0,234581
2012,Madikeri,Rabi,Coconut,Arid And Desert,17825,Drip,3729.8,27.1,55.5,6.252590163934426,0.4688545454545455,116481.07,646
2013,Madikeri,Rabi,Coconut,Arid And Desert,3147,Drip,2746.2,27.1,58.5,6.683375342465754,0.4335181818181818,316.0,43562
2014,Madikeri,Rabi,Coconut,Arid And Desert,2578,Drip,2746.2,26.8,59.5,6.103627397260274,0.4556636363636364,21400.0,200000
2015,Madikeri,Rabi,Coconut,Arid And Desert,1591,Drip,2746.2,26.8,55.0,5.836635616438356,0.4540545454545455,122102.0,4847
2016,Madikeri,Rabi,Coconut,Arid And Desert,1298,Drip,3360.0,26.8,53.0,6.23183606557377,0.4848909090909091,382.0,51239
2017,Madikeri,Rabi,Coconut,Arid And Desert,4,Drip,3360.0,37.0,53.5,6.04158904109589,0.4788363636363636,19578.0,216396
2016,Madikeri,Rabi,Coconut,Arid And Desert,1122,Drip,3360.0,37.0,52.5,6.23183606557377,0.4848909090909091,121037.0,2644
2017,Madikeri,Rabi,Coconut,Arid And Desert,917,Drip,3605.4,37.0,56.0,6.04158904109589,0.4788363636363636,231.0,44235
2018,Madikeri,Rabi,Coconut,Arid And Desert,819,Drip,3605.4,38.0,57.0,6.021961643835617,0.4335090909090909,18951.0,203317
2013,Madikeri,Rabi,Coconut,Arid And Desert,619,Drip,3605.4,38.0,57.5,6.683375342465754,0.4335181818181818,110579.0,2134
2014,Madikeri,Rabi,Coconut,Arid And Desert,391,Drip,3512.4,38.0,57.0,6.103627397260274,0.4556636363636364,221.0,45186
2015,Madikeri,Rabi,Coconut,Arid And Desert,211,Drip,3512.4,39.0,55.0,5.836635616438356,0.4540545454545455,15362.0,238542
2016,Chikmangaluru,Rabi,Coconut,Arid And Desert,153,Drip,3512.4,39.0,56.0,8.220786885245902,0.8332454545454546,120373.0,1516
2017,Chikmangaluru,Rabi,Coconut,Arid And Desert,111,Drip,3296.0,39.0,54.0,8.1165698630137,0.8266545454545454,291.0,57259
2018,Chikmangaluru,Rabi,Coconut,Arid And Desert,76,Drip,3296.0,40.0,58.0,8.283945205479451,0.8212727272727273,17231.0,234779
2004,Chikmangaluru,Rabi,Coconut,Arid And Desert,53,Drip,3296.0,40.0,58.0,8.667934426229507,0.8515727272727273,119359.0,1493
2005,Chikmangaluru,Rabi,Coconut,Arid And Desert,2688,Drip,3550.0,40.0,59.0,8.097435616438355,0.8359545454545454,283.0,64409
2006,Chikmangaluru,Rabi,Coconut,Arid And Desert,2311,Drip,3550.0,41.0,50.0,8.92721095890411,0.8343272727272728,17690.0,249978
2007,Chikmangaluru,Rabi,Coconut,Arid And Desert,2188,Drip,3550.0,41.0,54.0,8.239857534246577,0.8071363636363637,7157.0,637
2008,Chikmangaluru,Rabi,Coconut,Arid And Desert,1998,Drip,3654.0,41.0,53.0,8.19472131147541,0.8342818181818182,8700.0,43311
2009,Chikmangaluru,Rabi,Coconut,Arid And Desert,2006,Drip,3654.0,42.0,52.0,8.389676712328766,0.840509090909091,41266.0,24848
2010,Chikmangaluru,Rabi,Coconut,Arid And Desert,2034,Drip,3654.0,42.0,51.0,7.646794520547945,0.8229454545454546,8838.0,761
2011,Chikmangaluru,Rabi,Coconut,Arid And Desert,2035,Basin,233.0,42.0,57.0,8.771868493150684,0.7876090909090909,8954.0,45608
2012,Chikmangaluru,Rabi,Coconut,Arid And Desert,2074,Basin,233.0,43.0,57.0,8.314032786885246,0.845990909090909,42915.0,234581
2013,Chikmangaluru,Rabi,Coconut,Black,2127,Basin,233.0,27.0,60.0,8.723835616438356,0.823009090909091,9230.0,646
2014,Chikmangaluru,Rabi,Coconut,Black,2090,Basin,234.0,27.0,57.0,8.067550684931506,0.8393,44313.0,43562
2015,Chikmangaluru,Rabi,Coconut,Black,2059,Basin,234.0,27.0,57.0,7.928679452054794,0.8594909090909091,45820.0,200000
2016,Chikmangaluru,Rabi,Coconut,Black,2050,Basin,234.0,27.0,54.0,8.220786885245902,0.8332454545454546,49084.0,4847
2017,Chikmangaluru,Rabi,Coconut,Black,1865,Basin,3105.0,27.0,54.5,8.1165698630137,0.8266545454545454,86311.0,51239
2016,Chikmangaluru,Rabi,Coconut,Black,1841,Basin,3105.0,27.0,56.6,8.220786885245902,0.8332454545454546,57642.0,216396
2017,Chikmangaluru,Rabi,Coconut,Black,1799,Basin,3105.0,27.2,55.5,8.1165698630137,0.8266545454545454,58405.0,2644
2016,Chikmangaluru,Rabi,Coconut,Black,1468,Basin,236.0,27.2,58.5,8.220786885245902,0.8332454545454546,60751.0,44235
2017,Chikmangaluru,Rabi,Coconut,Black,568,Basin,236.0,27.2,59.5,8.1165698630137,0.8266545454545454,109506.0,203317
2018,Chikmangaluru,Rabi,Coconut,Black,407,Basin,321.0,27.0,55.0,8.283945205479451,0.8212727272727273,114.0,2134
2013,Chikmangaluru,Rabi,Coconut,Black,177,Basin,3654.0,27.0,53.0,8.723835616438356,0.823009090909091,3.0,45186
2014,Chikmangaluru,Rabi,Coconut,Black,51,Basin,323.0,27.0,53.5,8.067550684931506,0.8393,95.0,238542
2015,Chikmangaluru,Rabi,Coconut,Black,173,Basin,324.0,27.0,52.5,7.928679452054794,0.8594909090909091,19.0,1516
2016,Chikmangaluru,Rabi,Coconut,Black,201,Basin,3105.0,27.0,56.0,8.220786885245902,0.8332454545454546,54.0,57259
2017,Chikmangaluru,Rabi,Coconut,Black,206,Basin,326.0,27.0,57.0,8.1165698630137,0.8266545454545454,13.0,234779
2018,Chikmangaluru,Rabi,Coconut,Black,243,Basin,327.0,27.2,57.5,8.283945205479451,0.8212727272727273,123.0,1493
2004,Chikmangaluru,Rabi,Coconut,Black,123,Basin,328.0,27.2,57.0,8.667934426229507,0.8515727272727273,19.0,64409
2005,Chikmangaluru,Rabi,Coconut,Black,82,Basin,2903.1,27.2,55.0,8.097435616438355,0.8359545454545454,32.0,249978
2006,Chikmangaluru,Rabi,Coconut,Black,74,Basin,2903.1,27.1,56.0,8.92721095890411,0.8343272727272728,8.0,200000
2007,Chikmangaluru,Rabi,Coconut,Black,18,Basin,2903.1,27.1,54.0,8.239857534246577,0.8071363636363637,50.0,4847
2008,Chikmangaluru,Rabi,Coconut,Black,37,Basin,2996.6,27.1,58.0,8.19472131147541,0.8342818181818182,10.0,51239
2009,Chikmangaluru,Rabi,Coconut,Black,35,Basin,2996.6,26.8,58.0,8.389676712328766,0.840509090909091,29.0,216396
2010,Chikmangaluru,Rabi,Coconut,Black,5974,Basin,2996.6,26.8,59.0,7.646794520547945,0.8229454545454546,44.0,2644
2011,Chikmangaluru,Rabi,Coconut,Black,6631,Basin,3522.8,26.8,50.0,8.771868493150684,0.7876090909090909,33.0,44235
2012,Chikmangaluru,Rabi,Coconut,Black,6705,Basin,3522.8,37.0,54.0,8.314032786885246,0.845990909090909,14.0,203317
2013,Chikmangaluru,Rabi,Coconut,Red,5876,Basin,3522.8,37.0,53.0,8.723835616438356,0.823009090909091,56.0,2134
2014,Chikmangaluru,Rabi,Coconut,Red,326,Basin,3729.8,37.0,52.0,8.067550684931506,0.8393,26.0,45186
2015,Chikmangaluru,Rabi,Coconut,Red,6470,Basin,3729.8,38.0,51.0,7.928679452054794,0.8594909090909091,98.0,238542
2016,Chikmangaluru,Rabi,Coconut,Red,6709,Basin,3729.8,38.0,57.0,8.220786885245902,0.8332454545454546,3.0,1516
2017,Chikmangaluru,Rabi,Coconut,Red,6186,Basin,2746.2,38.0,57.0,8.1165698630137,0.8266545454545454,58637.0,57259
2017,Chikmangaluru,Rabi,Coconut,Red,6503,Basin,2746.2,39.0,60.0,8.1165698630137,0.8266545454545454,59777.0,234779
2016,Chikmangaluru,Rabi,Coconut,Red,5220,Basin,2746.2,39.0,57.0,8.220786885245902,0.8332454545454546,60528.0,1493
2017,Chikmangaluru,Rabi,Coconut,Red,4677,Basin,3360.0,39.0,57.0,8.1165698630137,0.8266545454545454,61126.0,64409
2018,Chikmangaluru,Rabi,Coconut,Red,4803,Basin,3360.0,40.0,54.0,8.283945205479451,0.8212727272727273,623687.0,249978
2013,Chikmangaluru,Rabi,Coconut,Red,3739,Basin,3360.0,40.0,54.5,8.723835616438356,0.823009090909091,63504.0,637
2014,Chikmangaluru,Rabi,Coconut,Red,3529,Basin,3605.4,40.0,56.6,8.067550684931506,0.8393,63931.0,43311
2015,Chikmangaluru,Rabi,Coconut,Red,3649,Basin,3605.4,41.0,55.5,7.928679452054794,0.8594909090909091,73730.0,24848
2016,Chikmangaluru,Rabi,Coconut,Red,1374,Basin,3605.4,41.0,58.5,8.220786885245902,0.8332454545454546,118416.0,761
2017,Chikmangaluru,Rabi,Coconut,Red,1279,Basin,3512.4,41.0,59.5,8.1165698630137,0.8266545454545454,130132.0,45608
2018,Chikmangaluru,Rabi,Coconut,Red,13283,Basin,3512.4,42.0,55.0,8.283945205479451,0.8212727272727273,154889.0,234581
2004,Chikmangaluru,Rabi,Coconut,Red,52119,Basin,3512.4,42.0,53.0,8.667934426229507,0.8515727272727273,171739.0,646
2005,Hassan,Rabi,Coconut,Red,725,Spray,3296.0,42.0,53.5,11.4912,0.3535909090909091,172475.0,43562
2006,Hassan,Rabi,Coconut,Red,12885,Spray,3296.0,43.0,52.5,12.763923287671236,0.4052363636363637,177939.0,200000
2007,Hassan,Rabi,Coconut,Red,51179,Spray,3296.0,43.0,56.0,11.626619178082192,0.4128818181818182,313547.0,4847
2004,Hassan,Rabi,Coconut,Alluvial,52119,Spray,2903.1,27.0,57.0,12.409475409836066,0.4079363636363636,3290.0,761
2004,Hassan,Rabi,Coconut,Alluvial,725,Spray,2903.1,27.0,57.0,12.409475409836066,0.4079363636363636,3138.0,45608
2004,Hassan,Rabi,Coconut,Alluvial,12885,Spray,2903.1,27.0,54.0,12.409475409836066,0.4079363636363636,3423.0,234581
2004,Hassan,Rabi,Coconut,Alluvial,51179,Spray,2996.6,27.0,54.5,12.409475409836066,0.4079363636363636,3899.0,646
2004,Hassan,Rabi,Coconut,Alluvial,468,Spray,2996.6,27.0,56.6,12.409475409836066,0.4079363636363636,4015.0,43562
2004,Hassan,Rabi,Coconut,Alluvial,11841,Spray,2996.6,27.0,55.5,12.409475409836066,0.4079363636363636,4279.0,200000
2004,Hassan,Rabi,Coconut,Alluvial,50975,Spray,3522.8,27.2,58.5,12.409475409836066,0.4079363636363636,4167.0,4847
2004,Hassan,Rabi,Coconut,Alluvial,206,Spray,3522.8,27.2,59.5,12.409475409836066,0.4079363636363636,4479.0,51239
2004,Hassan,Rabi,Coconut,Alluvial,10922,Spray,3522.8,27.2,55.0,12.409475409836066,0.4079363636363636,3699.0,216396
2004,Hassan,Rabi,Coconut,Alluvial,51390,Spray,2903.1,27.0,53.0,12.409475409836066,0.4079363636363636,4904.0,2644
2004,Hassan,Rabi,Coconut,Alluvial,177,Spray,2903.1,27.0,53.5,12.409475409836066,0.4079363636363636,2821.0,44235
2004,Hassan,Rabi,Coconut,Alluvial,10723,Spray,2903.1,27.0,52.5,12.409475409836066,0.4079363636363636,3472.0,203317
2004,Hassan,Rabi,Coconut,Alluvial,51709,Spray,2996.6,27.0,56.0,12.409475409836066,0.4079363636363636,3647.0,2134
2004,Hassan,Rabi,Coconut,Alluvial,146,Spray,2996.6,27.0,57.0,12.409475409836066,0.4079363636363636,393.0,45186
2004,Hassan,Rabi,Coconut,Sandy Loam,10910,Spray,2996.6,27.0,57.5,12.409475409836066,0.4079363636363636,167.0,238542
2004,Hassan,Rabi,Coconut,Sandy Loam,51355,Spray,3522.8,27.2,57.0,12.409475409836066,0.4079363636363636,71.0,1516
2004,Hassan,Rabi,Coconut,Sandy Loam,160,Spray,3522.8,27.2,55.0,12.409475409836066,0.4079363636363636,52.0,200000
2004,Hassan,Rabi,Coconut,Sandy Loam,10912,Spray,3522.8,27.2,56.0,12.409475409836066,0.4079363636363636,12.0,4847
2004,Hassan,Rabi,Coconut,Sandy Loam,51353,Spray,3729.8,27.1,54.0,12.409475409836066,0.4079363636363636,51.0,51239
2004,Hassan,Rabi,Coconut,Sandy Loam,1279,Spray,3729.8,27.1,58.0,12.409475409836066,0.4079363636363636,61.0,216396
2004,Hassan,Rabi,Coconut,Sandy Loam,13283,Spray,3729.8,27.1,58.0,12.409475409836066,0.4079363636363636,67.0,2644
2004,Hassan,Rabi,Coconut,Sandy Loam,52119,Spray,2746.2,26.8,59.0,12.409475409836066,0.4079363636363636,62.0,44235
2004,Hassan,Rabi,Coconut,Sandy Loam,725,Spray,2746.2,26.8,50.0,12.409475409836066,0.4079363636363636,32.0,203317
2004,Hassan,Rabi,Coconut,Sandy Loam,12885,Spray,2746.2,26.8,54.0,12.409475409836066,0.4079363636363636,22.0,2134
2004,Hassan,Rabi,Cocoa,Sandy Loam,51179,Drip,3360.0,37.0,53.0,12.409475409836066,0.4079363636363636,25.0,45186
2004,Hassan,Rabi,Cocoa,Sandy Loam,468,Drip,3360.0,37.0,52.0,12.409475409836066,0.4079363636363636,4.0,238542
2004,Hassan,Rabi,Cocoa,Sandy Loam,11841,Drip,3360.0,37.0,51.0,12.409475409836066,0.4079363636363636,9.0,1516
2004,Hassan,Rabi,Cocoa,Sandy Loam,50975,Drip,3605.4,38.0,57.0,12.409475409836066,0.4079363636363636,12.0,57259
2004,Hassan,Rabi,Cocoa,Sandy Loam,206,Drip,3605.4,38.0,57.0,12.409475409836066,0.4079363636363636,2089.0,234779
2004,Hassan,Rabi,Cocoa,Sandy Loam,10922,Drip,3605.4,38.0,60.0,12.409475409836066,0.4079363636363636,2810.0,1493
2004,Hassan,Rabi,Coffee,Sandy Loam,51390,Drip,3512.4,39.0,57.0,12.409475409836066,0.4079363636363636,841.0,64409
2004,Dakshina Kannada,Rabi,Coffee,Sandy Loam,177,Drip,3512.4,39.0,57.0,10.411475409836063,0.4282363636363636,3550.0,249978
2004,Dakshina Kannada,Rabi,Coffee,Sandy Loam,10723,Drip,3512.4,39.0,54.0,10.411475409836063,0.4282363636363636,109.0,637
2004,Dakshina Kannada,Rabi,Coffee,Sandy Loam,51709,Drip,3296.0,40.0,54.5,10.411475409836063,0.4282363636363636,3368.0,43311
2004,Dakshina Kannada,Zaid,Coffee,Sandy Loam,146,Drip,3296.0,40.0,56.6,10.411475409836063,0.3479875,3671.0,24848
2004,Dakshina Kannada,Zaid,Coffee,Sandy Loam,10910,Drip,3296.0,40.0,55.5,10.411475409836063,0.3479875,2404.0,761
2004,Dakshina Kannada,Zaid,Coffee,Sandy Loam,51355,Drip,3550.0,41.0,58.5,10.411475409836063,0.3479875,2805.0,45608
2004,Dakshina Kannada,Zaid,Coffee,Sandy Loam,160,Drip,3550.0,41.0,59.5,10.411475409836063,0.3479875,2331.0,234581
2004,Dakshina Kannada,Zaid,Coffee,Sandy Loam,10912,Drip,3550.0,41.0,55.0,10.411475409836063,0.3479875,2088.0,646
2004,Dakshina Kannada,Zaid,Coffee,Clay,51353,Drip,3654.0,42.0,53.0,10.411475409836063,0.3479875,2628.0,43562
2004,Dakshina Kannada,Zaid,Coffee,Clay,142,Drip,3654.0,42.0,53.5,10.411475409836063,0.3479875,1939.0,200000
2004,Dakshina Kannada,Zaid,Coffee,Clay,10505,Drip,3654.0,42.0,52.5,10.411475409836063,0.3479875,1871.0,4847
2004,Dakshina Kannada,Zaid,Coffee,Clay,51040,Drip,233.0,43.0,56.0,10.411475409836063,0.3479875,1868.0,51239
2004,Dakshina Kannada,Zaid,Coffee,Clay,154,Drip,233.0,43.0,57.0,10.411475409836063,0.3479875,127919.0,216396
2004,Dakshina Kannada,Zaid,Coffee,Clay,10318,Drip,233.0,27.0,57.5,10.411475409836063,0.3479875,75340.0,2644
2004,Kodagu,Zaid,Cardamum,Clay,48083,Drip,234.0,27.0,57.0,6.525934426229509,0.6369,29170.0,44235
2004,Kodagu,Zaid,Cardamum,Clay,143,Drip,234.0,27.0,55.0,6.525934426229509,0.6369,1901.0,203317
2004,Kodagu,Zaid,Cardamum,Clay,9283,Drip,234.0,27.0,56.0,6.525934426229509,0.6369,972.0,2134
2004,Kodagu,Zaid,Cardamum,Clay,47200,Drip,3105.0,27.0,54.0,6.525934426229509,0.6369,874.0,45186
2004,Kodagu,Zaid,Cardamum,Clay,158,Drip,3105.0,27.0,58.0,6.525934426229509,0.6369,592.0,238542
2004,Kodagu,Zaid,Cardamum,Clay,8982,Drip,3105.0,27.2,58.0,6.525934426229509,0.6369,864.0,1516
2004,Kodagu,Zaid,Cardamum,Clay,46990,Drip,236.0,27.2,59.0,6.525934426229509,0.6369,5373.0,57259
2004,Kodagu,Zaid,Cardamum,Clay,103,Drip,236.0,27.2,50.0,6.525934426229509,0.6369,6589.0,234779
2004,Kodagu,Zaid,Cardamum,Clay,8239,Drip,2903.1,27.0,54.0,6.525934426229509,0.6369,5107.0,1493
2004,Kodagu,Zaid,Cardamum,Clay,44563,Drip,2903.1,27.0,53.0,6.525934426229509,0.6369,5518.0,64409
2004,Kodagu,Zaid,Cardamum,Clay,96,Drip,2903.1,27.0,52.0,6.525934426229509,0.6369,4912.0,249978
2004,Kodagu,Zaid,Cardamum,Clay,6949,Drip,2996.6,27.0,51.0,6.525934426229509,0.6369,3830.0,637
2004,Kodagu,Zaid,Cardamum,Clay,44663,Drip,2996.6,27.0,57.0,6.525934426229509,0.6369,4.0,43311
2004,Kasaragodu,Zaid,Cardamum,Clay,110,Drip,2996.6,27.0,57.0,10.411475409836063,0.6828125,9.0,24848
2004,Kasaragodu,Zaid,Cardamum,Clay,6824,Drip,3522.8,27.2,60.0,10.411475409836063,0.6828125,12.0,761
2004,Kasaragodu,Zaid,Pepper,Clay,43013,Drip,3522.8,27.2,57.0,10.411475409836063,0.6828125,2089.0,45608
2004,Kasaragodu,Zaid,Pepper,Clay,95,Drip,3522.8,27.2,57.0,10.411475409836063,0.6828125,2810.0,234581
2004,Kasaragodu,Zaid,Pepper,Clay,6441,Drip,2903.1,27.1,54.0,10.411475409836063,0.6828125,841.0,646
2004,Kasaragodu,Zaid,Pepper,Clay,4012,Drip,2903.1,27.1,54.5,10.411475409836063,0.6828125,3550.0,43562
2004,Kasaragodu,Zaid,Pepper,Clay,4877,Drip,2903.1,27.1,56.6,10.411475409836063,0.6828125,109.0,200000
2004,Kasaragodu,Zaid,Pepper,Clay,4930,Drip,2996.6,26.8,55.5,10.411475409836063,0.6828125,3368.0,4847
2004,Kasaragodu,Zaid,Pepper,Clay,4954,Drip,2996.6,26.8,58.5,10.411475409836063,0.6828125,3671.0,51239
2004,Kasaragodu,Zaid,Pepper,Clay,5019,Drip,2996.6,26.8,59.5,10.411475409836063,0.6828125,2404.0,216396
2004,Kasaragodu,Zaid,Pepper,Clay,5127,Basin,3522.8,37.0,55.0,10.411475409836063,0.6828125,2805.0,2644
2004,Kasaragodu,Zaid,Pepper,Sandy Loam,5174,Basin,3522.8,37.0,53.0,10.411475409836063,0.6828125,2331.0,44235
2004,Kasaragodu,Zaid,Pepper,Sandy Loam,5294,Basin,3522.8,37.0,53.5,10.411475409836063,0.6828125,2088.0,203317
2004,Kasaragodu,Zaid,Pepper,Sandy Loam,5474,Basin,3729.8,38.0,52.5,10.411475409836063,0.6828125,2628.0,2134
2004,Kasaragodu,Zaid,Pepper,Sandy Loam,5864,Basin,3729.8,38.0,56.0,10.411475409836063,0.6828125,1939.0,45186
2004,Raichur,Zaid,Pepper,Sandy Loam,7028,Basin,3729.8,38.0,57.0,14.763836065573772,0.3071375,1871.0,238542
2004,Raichur,Zaid,Pepper,Sandy Loam,7403,Basin,2746.2,39.0,57.5,14.763836065573772,0.3071375,1868.0,1516
2004,Raichur,Zaid,Arecanut,Sandy Loam,7501,Basin,2746.2,39.0,57.0,14.763836065573772,0.3071375,127919.0,200000
2004,Raichur,Zaid,Arecanut,Sandy Loam,7714,Basin,2746.2,39.0,55.0,14.763836065573772,0.3071375,75340.0,4847
2004,Raichur,Zaid,Arecanut,Sandy Loam,7856,Basin,3360.0,40.0,56.0,14.763836065573772,0.3071375,29170.0,51239
2004,Raichur,Zaid,Arecanut,Sandy Loam,32,Basin,3360.0,40.0,54.0,14.763836065573772,0.3071375,1901.0,216396
2004,Raichur,Zaid,Arecanut,Sandy Loam,1,Basin,3360.0,40.0,58.0,14.763836065573772,0.3071375,972.0,2644
2004,Raichur,Zaid,Arecanut,Sandy Loam,30,Basin,3605.4,41.0,58.0,14.763836065573772,0.3071375,874.0,44235
2004,Raichur,Zaid,Arecanut,Sandy Loam,6,Basin,3605.4,41.0,59.0,14.763836065573772,0.3071375,592.0,203317
2004,Raichur,Zaid,Arecanut,Sandy Loam,15,Basin,3605.4,41.0,50.0,14.763836065573772,0.3071375,864.0,2134
2004,Raichur,Zaid,Arecanut,Sandy Loam,4,Basin,3512.4,42.0,54.0,14.763836065573772,0.3071375,5373.0,45186
2004,Raichur,Zaid,Arecanut,Sandy Loam,39,Basin,3512.4,42.0,53.0,14.763836065573772,0.3071375,6589.0,238542
2004,Raichur,Zaid,Arecanut,Sandy Loam,6,Basin,3512.4,42.0,52.0,14.763836065573772,0.3071375,5107.0,1516
2004,Raichur,Zaid,Arecanut,Sandy Loam,12,Basin,3296.0,43.0,51.0,14.763836065573772,0.3071375,5518.0,57259
2004,Raichur,Zaid,Arecanut,Sandy Loam,3,Basin,3296.0,27.0,57.0,14.763836065573772,0.3071375,4912.0,234779
2004,Raichur,Zaid,Arecanut,Sandy Loam,17,Basin,3296.0,27.0,57.0,14.763836065573772,0.3071375,3830.0,1493
2004,Raichur,Zaid,Arecanut,Sandy Loam,3,Basin,3550.0,27.0,60.0,14.763836065573772,0.3071375,4.0,64409
2004,Raichur,Zaid,Ginger,Sandy Loam,9,Basin,3550.0,27.0,57.0,14.763836065573772,0.3071375,9.0,249978
2004,Raichur,Zaid,Ginger,Sandy Loam,21,Basin,3550.0,27.0,57.0,14.763836065573772,0.3071375,12.0,637
2004,Raichur,Zaid,Ginger,Sandy Loam,11,Basin,3654.0,27.0,54.0,14.763836065573772,0.3071375,2089.0,43311
2004,Gulbarga,Zaid,Ginger,Sandy Loam,4,Basin,3654.0,27.2,54.5,13.973901639344264,0.3844125,2810.0,24848
2004,Gulbarga,Zaid,Ginger,Sandy Loam,15,Basin,3654.0,27.2,56.6,13.973901639344264,0.3844125,841.0,761
2004,Gulbarga,Zaid,Ginger,Sandy Loam,8,Basin,233.0,27.2,55.5,13.973901639344264,0.3844125,3550.0,45608
2004,Gulbarga,Zaid,Ginger,Sandy Loam,29,Basin,233.0,27.0,58.5,13.973901639344264,0.3844125,109.0,234581
2004,Gulbarga,Zaid,Ginger,Sandy Loam,1,Basin,233.0,27.0,59.5,13.973901639344264,0.3844125,3368.0,646
2004,Gulbarga,Zaid,Ginger,Sandy Loam,13736,Basin,234.0,27.0,55.0,13.973901639344264,0.3844125,3671.0,43562
2004,Gulbarga,Zaid,Ginger,Sandy Loam,14003,Basin,234.0,27.0,53.0,13.973901639344264,0.3844125,2404.0,200000
2004,Gulbarga,Zaid,Ginger,Sandy Loam,14179,Basin,234.0,27.0,53.5,13.973901639344264,0.3844125,2805.0,4847
2004,Gulbarga,Zaid,Ginger,Sandy Loam,14319,Basin,3105.0,27.0,52.5,13.973901639344264,0.3844125,2331.0,51239
2004,Gulbarga,Zaid,Ginger,Sandy Loam,14464,Basin,3105.0,27.2,56.0,13.973901639344264,0.3844125,2088.0,216396
2004,Gulbarga,Zaid,Ginger,Loam,14876,Basin,3105.0,27.2,57.0,13.973901639344264,0.3844125,2628.0,2644
2004,Gulbarga,Zaid,Ginger,Loam,14976,Basin,236.0,27.2,57.5,13.973901639344264,0.3844125,1939.0,44235
2004,Gulbarga,Zaid,Tea,Loam,15009,Basin,236.0,27.1,57.0,13.973901639344264,0.3844125,1871.0,203317
2004,Gulbarga,Zaid,Tea,Loam,15114,Basin,2903.1,27.1,55.0,13.973901639344264,0.3844125,1868.0,2134
2004,Gulbarga,Zaid,Tea,Loam,16224,Basin,2903.1,27.1,56.0,13.973901639344264,0.3844125,127919.0,45186
2004,Gulbarga,Zaid,Tea,Loam,17095,Basin,2903.1,26.8,54.0,13.973901639344264,0.3844125,75340.0,238542
2004,Gulbarga,Zaid,Tea,Loam,17512,Basin,2996.6,26.8,58.0,13.973901639344264,0.3844125,29170.0,1516
2004,Gulbarga,Zaid,Tea,Loam,17587,Basin,2996.6,26.8,58.0,13.973901639344264,0.3844125,1901.0,57259
2004,Gulbarga,Zaid,Tea,Loam,17771,Spray,2996.6,37.0,59.0,13.973901639344264,0.3844125,972.0,234779
2004,Gulbarga,Zaid,Tea,Loam,17825,Spray,3522.8,37.0,50.0,13.973901639344264,0.3844125,874.0,1493
2004,Gulbarga,Zaid,Tea,Loam,3147,Spray,3522.8,37.0,54.0,13.973901639344264,0.3844125,592.0,64409
2004,Gulbarga,Zaid,Tea,Loam,2578,Spray,3522.8,38.0,53.0,13.973901639344264,0.3844125,864.0,249978
2004,Gulbarga,Zaid,Tea,Loam,1591,Spray,2903.1,38.0,52.0,13.973901639344264,0.3844125,5373.0,637
2004,Gulbarga,Zaid,Tea,Loam,1298,Spray,2903.1,38.0,51.0,13.973901639344264,0.3844125,6589.0,43311
2004,Gulbarga,Zaid,Tea,Loam,4,Spray,2903.1,39.0,57.0,13.973901639344264,0.3844125,5107.0,24848
2004,Gulbarga,Rabi,Tea,Loam,1122,Spray,2996.6,39.0,57.0,13.973901639344264,0.4632272727272727,5518.0,761
2004,Gulbarga,Rabi,Tea,Loam,917,Spray,2996.6,39.0,60.0,13.973901639344264,0.4632272727272727,4912.0,45608
2004,Gulbarga,Rabi,Paddy,Loam,819,Spray,2996.6,40.0,57.0,13.973901639344264,0.4632272727272727,3830.0,234581
2004,Gulbarga,Rabi,Paddy,Loam,619,Spray,3522.8,40.0,57.0,13.973901639344264,0.4632272727272727,313547.0,646
2013,Gulbarga,Rabi,Paddy,Loam,391,Spray,3522.8,40.0,54.0,14.621819178082191,0.4551909090909091,2783.0,43562
2014,Gulbarga,Rabi,Paddy,Loam,211,Spray,3522.8,41.0,54.5,13.689764383561643,0.4811363636363636,1533.0,200000
2015,Gulbarga,Rabi,Paddy,Loam,153,Spray,3729.8,41.0,56.6,13.556613698630136,0.4339545454545455,1647.0,4847
2016,Gulbarga,Rabi,Paddy,Loam,111,Spray,3729.8,41.0,55.5,13.69455737704918,0.4428818181818182,975.0,51239
2017,Gulbarga,Rabi,Paddy,Loam,76,Spray,3729.8,42.0,58.5,12.800219178082193,0.4537636363636364,2.0,216396
2018,Gulbarga,Rabi,Paddy,Loam,53,Spray,2746.2,42.0,59.5,13.796679452054796,0.4454181818181818,836.0,2644
2004,Gulbarga,Rabi,Paddy,Loam,2688,Spray,2746.2,42.0,55.0,13.973901639344264,0.4632272727272727,806.0,44235
2005,Gulbarga,Rabi,Paddy,Loam,2311,Spray,2746.2,43.0,53.0,13.989994520547944,0.4649818181818182,880.0,203317
2006,Gulbarga,Rabi,Paddy,Loam,2188,Spray,3360.0,43.0,53.5,13.861676712328766,0.4322181818181818,770.0,2134
2012,Hassan,Rabi,Coconut,Loam,4012,Drip,234.0,27.0,57.0,12.175081967213115,0.3215909090909091,343.0,249978
2013,Hassan,Rabi,Coconut,Loam,4877,Drip,234.0,27.0,60.0,12.60424109589041,0.3842090909090909,23099.0,637
2014,Hassan,Rabi,Coconut,Loam,4930,Drip,3105.0,27.0,57.0,11.763024657534247,0.4307,117825.84,43311
2015,Hassan,Rabi,Coconut,Loam,4954,Drip,3105.0,27.0,57.0,11.717852054794522,0.4436,336.0,24848
2016,Hassan,Rabi,Coconut,Loam,5019,Drip,3105.0,27.0,54.0,12.007081967213114,0.3211909090909091,22594.0,761
2017,Hassan,Rabi,Coconut,Loam,5127,Drip,236.0,27.2,54.5,11.484493150684932,0.4208090909090909,116481.07,45608
2018,Hassan,Rabi,Coconut,Loam,5174,Drip,2903.1,27.2,56.6,12.060887671232877,0.3941909090909091,316.0,234581
2004,Hassan,Rabi,Coconut,Loam,5294,Drip,2903.1,27.2,55.5,12.409475409836066,0.4079363636363636,21400.0,646
2005,Hassan,Rabi,Coconut,Loam,5474,Drip,2903.1,27.0,58.5,11.4912,0.3535909090909091,122102.0,43562
2006,Hassan,Rabi,Coconut,Loam,5864,Drip,2996.6,27.0,59.5,12.763923287671236,0.4052363636363637,382.0,200000
2007,Hassan,Rabi,Coconut,Loam,7028,Drip,2996.6,27.0,55.0,11.626619178082192,0.4128818181818182,19578.0,4847
2008,Hassan,Rabi,Coconut,Loam,7403,Drip,2996.6,27.0,53.0,11.760590163934427,0.4111181818181818,121037.0,51239
2009,Hassan,Rabi,Coconut,Loam,7501,Drip,3522.8,27.0,53.5,12.3314301369863,0.4219363636363636,231.0,216396
2010,Hassan,Rabi,Coconut,Alluvial,7714,Drip,3522.8,27.0,52.5,11.197282191780822,0.4286272727272727,18951.0,2644
2011,Hassan,Rabi,Coconut,Alluvial,7856,Drip,3522.8,27.2,56.0,12.588657534246574,0.4415909090909091,110579.0,44235
2012,Hassan,Rabi,Coconut,Alluvial,32,Drip,3729.8,27.2,57.0,12.175081967213115,0.3215909090909091,221.0,203317
2013,Hassan,Rabi,Coconut,Alluvial,1,Drip,3729.8,27.2,57.5,12.60424109589041,0.3842090909090909,15362.0,2134
2014,Hassan,Rabi,Coconut,Alluvial,30,Drip,3729.8,27.1,57.0,11.763024657534247,0.4307,120373.0,45186
2015,Hassan,Rabi,Coconut,Alluvial,6,Drip,2746.2,27.1,55.0,11.717852054794522,0.4436,291.0,238542
2016,Hassan,Rabi,Coconut,Alluvial,15,Drip,2746.2,27.1,56.0,12.007081967213114,0.3211909090909091,17231.0,1516
2017,Hassan,Rabi,Coconut,Alluvial,4,Drip,2746.2,26.8,54.0,11.484493150684932,0.4208090909090909,119359.0,57259
2018,Hassan,Rabi,Coconut,Alluvial,39,Drip,3360.0,26.8,58.0,12.060887671232877,0.3941909090909091,283.0,234779
2004,Hassan,Rabi,Coconut,Alluvial,6,Drip,3360.0,26.8,58.0,12.409475409836066,0.4079363636363636,17690.0,1493
2005,Hassan,Rabi,Coconut,Alluvial,12,Drip,3360.0,37.0,59.0,11.4912,0.3535909090909091,7157.0,64409
2006,Hassan,Rabi,Coconut,Alluvial,3,Drip,3605.4,37.0,50.0,12.763923287671236,0.4052363636363637,8700.0,249978
2007,Hassan,Rabi,Coconut,Alluvial,17,Drip,3605.4,37.0,54.0,11.626619178082192,0.4128818181818182,41266.0,637
2008,Hassan,Rabi,Coconut,Alluvial,3,Drip,3605.4,38.0,53.0,11.760590163934427,0.4111181818181818,8838.0,43311
2009,Hassan,Rabi,Coconut,Alluvial,9,Drip,3512.4,38.0,52.0,12.3314301369863,0.4219363636363636,8954.0,24848
2010,Hassan,Rabi,Coconut,Alluvial,21,Drip,3512.4,38.0,51.0,11.197282191780822,0.4286272727272727,42915.0,761
2011,Hassan,Rabi,Coconut,Alluvial,11,Basin,3512.4,39.0,57.0,12.588657534246574,0.4415909090909091,9230.0,45608
2012,Hassan,Rabi,Coconut,Alluvial,4,Basin,3296.0,39.0,57.0,12.175081967213115,0.3215909090909091,44313.0,234581
2013,Hassan,Rabi,Coconut,Alluvial,15,Basin,3296.0,39.0,60.0,12.60424109589041,0.3842090909090909,45820.0,646
2014,Hassan,Rabi,Coconut,Alluvial,8,Basin,3296.0,40.0,57.0,11.763024657534247,0.4307,49084.0,43562
2015,Hassan,Rabi,Coconut,Alluvial,29,Basin,3550.0,40.0,57.0,11.717852054794522,0.4436,86311.0,200000
2016,Hassan,Rabi,Coconut,Alluvial,1,Basin,3550.0,40.0,54.0,12.007081967213114,0.3211909090909091,57642.0,4847
2017,Hassan,Rabi,Coconut,Alluvial,13736,Basin,3550.0,41.0,54.5,11.484493150684932,0.4208090909090909,58405.0,51239
2018,Hassan,Rabi,Coconut,Alluvial,14003,Basin,3654.0,41.0,56.6,12.060887671232877,0.3941909090909091,60751.0,216396
2004,Hassan,Rabi,Coconut,Alluvial,14179,Basin,3654.0,41.0,55.5,12.409475409836066,0.4079363636363636,109506.0,2644
2005,Hassan,Rabi,Coconut,Alluvial,14319,Basin,3654.0,42.0,58.5,11.4912,0.3535909090909091,114.0,44235
2006,Hassan,Rabi,Coconut,Alluvial,14464,Basin,233.0,42.0,59.5,12.763923287671236,0.4052363636363637,3.0,203317
2007,Hassan,Rabi,Coconut,Alluvial,14876,Basin,233.0,42.0,55.0,11.626619178082192,0.4128818181818182,95.0,2134
2008,Hassan,Rabi,Coconut,Alluvial,14976,Basin,233.0,43.0,53.0,11.760590163934427,0.4111181818181818,19.0,45186
2009,Hassan,Rabi,Coconut,Alluvial,15009,Basin,234.0,43.0,53.5,12.3314301369863,0.4219363636363636,54.0,238542
2010,Hassan,Rabi,Coconut,Alluvial,15114,Basin,234.0,27.0,52.5,11.197282191780822,0.4286272727272727,13.0,1516
2011,Hassan,Rabi,Coconut,Alluvial,16224,Basin,234.0,27.0,56.0,12.588657534246574,0.4415909090909091,123.0,57259
2012,Hassan,Rabi,Coconut,Alluvial,17095,Basin,3105.0,27.0,57.0,12.175081967213115,0.3215909090909091,19.0,234779
2013,Hassan,Rabi,Coconut,Alluvial,17512,Basin,3105.0,27.0,57.5,12.60424109589041,0.3842090909090909,32.0,1493
2014,Hassan,Rabi,Coconut,Alluvial,17587,Basin,3105.0,27.0,57.0,11.763024657534247,0.4307,8.0,64409
2015,Hassan,Rabi,Coconut,Alluvial,17771,Basin,236.0,27.0,55.0,11.717852054794522,0.4436,50.0,249978
2016,Hassan,Rabi,Coconut,Red,17825,Basin,236.0,27.2,56.0,12.007081967213114,0.3211909090909091,10.0,200000
2017,Hassan,Rabi,Coconut,Red,3147,Basin,321.0,27.2,54.0,11.484493150684932,0.4208090909090909,29.0,4847
2018,Hassan,Rabi,Coconut,Red,2578,Basin,3654.0,27.2,58.0,12.060887671232877,0.3941909090909091,44.0,51239
2004,Hassan,Rabi,Coconut,Red,1591,Basin,323.0,27.0,58.0,12.409475409836066,0.4079363636363636,33.0,216396
2005,Hassan,Rabi,Coconut,Red,1298,Basin,324.0,27.0,59.0,11.4912,0.3535909090909091,14.0,2644
2006,Hassan,Rabi,Coconut,Red,4,Basin,3105.0,27.0,50.0,12.763923287671236,0.4052363636363637,56.0,44235
2007,Hassan,Rabi,Coconut,Red,1122,Basin,326.0,27.0,54.0,11.626619178082192,0.4128818181818182,26.0,203317
2008,Hassan,Rabi,Coconut,Red,917,Basin,327.0,27.0,53.0,11.760590163934427,0.4111181818181818,98.0,2134
2009,Hassan,Rabi,Coconut,Red,819,Basin,328.0,27.0,52.0,12.3314301369863,0.4219363636363636,3.0,45186
2010,Hassan,Rabi,Coconut,Red,619,Basin,2903.1,27.2,51.0,11.197282191780822,0.4286272727272727,58637.0,238542
2011,Hassan,Rabi,Coconut,Red,391,Basin,2903.1,27.2,57.0,12.588657534246574,0.4415909090909091,59777.0,1516
2012,Hassan,Rabi,Coconut,Red,211,Basin,2903.1,27.2,57.0,12.175081967213115,0.3215909090909091,60528.0,57259
2013,Hassan,Rabi,Coconut,Red,153,Basin,2996.6,27.1,60.0,12.60424109589041,0.3842090909090909,61126.0,234779
2014,Hassan,Rabi,Coconut,Red,111,Basin,2996.6,27.1,57.0,11.763024657534247,0.4307,623687.0,1493
2015,Hassan,Rabi,Coconut,Red,76,Basin,2996.6,27.1,57.0,11.717852054794522,0.4436,63504.0,64409
2016,Hassan,Rabi,Coconut,Red,53,Basin,3522.8,26.8,54.0,12.007081967213114,0.3211909090909091,63931.0,249978
2017,Hassan,Rabi,Coconut,Red,2688,Basin,3522.8,26.8,54.5,11.484493150684932,0.4208090909090909,73730.0,637
2018,Hassan,Rabi,Coconut,Red,2311,Basin,3522.8,26.8,56.6,12.060887671232877,0.3941909090909091,118416.0,43311
2019,Hassan,Rabi,Coconut,Red,2188,Basin,3729.8,37.0,55.5,12.225106849315068,0.4544636363636364,130132.0,24848
2004,Hassan,Rabi,Coconut,Red,1998,Basin,3729.8,37.0,58.5,12.409475409836066,0.4079363636363636,154889.0,761
2005,Hassan,Rabi,Coconut,Red,2006,Basin,3729.8,37.0,59.5,11.4912,0.3535909090909091,171739.0,45608
2006,Hassan,Rabi,Coconut,Red,2034,Basin,2746.2,38.0,55.0,12.763923287671236,0.4052363636363637,172475.0,234581
2007,Hassan,Rabi,Coconut,Red,2035,Basin,2746.2,38.0,53.0,11.626619178082192,0.4128818181818182,177939.0,646
2008,Hassan,Rabi,Coconut,Red,2074,Spray,2746.2,38.0,53.5,11.760590163934427,0.4111181818181818,313547.0,43562
2009,Hassan,Rabi,Coconut,Red,2127,Spray,3360.0,39.0,52.5,12.3314301369863,0.4219363636363636,2783.0,200000
2010,Hassan,Rabi,Coconut,Red,2090,Spray,3360.0,39.0,56.0,11.197282191780822,0.4286272727272727,1533.0,4847
2011,Hassan,Rabi,Coconut,Red,2059,Spray,3360.0,39.0,57.0,12.588657534246574,0.4415909090909091,1647.0,51239
2012,Hassan,Rabi,Coconut,Red,2050,Spray,3605.4,40.0,57.5,12.175081967213115,0.3215909090909091,975.0,216396
2013,Hassan,Rabi,Coconut,Red,1865,Spray,3605.4,40.0,57.0,12.60424109589041,0.3842090909090909,2.0,2644
2014,Hassan,Rabi,Coconut,Black,1841,Spray,3605.4,40.0,55.0,11.763024657534247,0.4307,836.0,44235
2015,Hassan,Rabi,Coconut,Black,1799,Spray,3512.4,41.0,56.0,11.717852054794522,0.4436,806.0,203317
2016,Hassan,Rabi,Coconut,Black,1468,Spray,3512.4,41.0,54.0,12.007081967213114,0.3211909090909091,880.0,2134
2017,Hassan,Rabi,Coconut,Black,568,Spray,3512.4,41.0,58.0,11.484493150684932,0.4208090909090909,770.0,45186
2018,Hassan,Rabi,Coconut,Black,407,Spray,3296.0,42.0,58.0,12.060887671232877,0.3941909090909091,395.0,238542
2012,Hassan,Rabi,Coconut,Black,177,Spray,3296.0,42.0,59.0,12.175081967213115,0.3215909090909091,187.0,1516
2013,Hassan,Rabi,Coconut,Black,51,Spray,3296.0,42.0,50.0,12.60424109589041,0.3842090909090909,187.0,57259
2014,Hassan,Rabi,Coconut,Black,173,Spray,3550.0,43.0,54.0,11.763024657534247,0.4307,121.0,234779
2015,Hassan,Rabi,Coconut,Black,201,Spray,3550.0,27.0,53.0,11.717852054794522,0.4436,103.0,1493
2016,Hassan,Rabi,Coconut,Black,206,Spray,3550.0,27.0,52.0,12.007081967213114,0.3211909090909091,71.0,64409
2017,Hassan,Rabi,Coconut,Black,243,Spray,3654.0,27.0,51.0,11.484493150684932,0.4208090909090909,3961.0,249978
2018,Hassan,Rabi,Coconut,Black,123,Spray,3654.0,27.0,57.0,12.060887671232877,0.3941909090909091,4247.0,637
2019,Hassan,Rabi,Coconut,Black,82,Spray,3654.0,27.0,57.0,12.225106849315068,0.4544636363636364,3290.0,43311
2004,Hassan,Rabi,Coconut,Black,74,Spray,233.0,27.0,60.0,12.409475409836066,0.4079363636363636,3138.0,24848
2005,Hassan,Rabi,Coconut,Black,18,Spray,233.0,27.0,57.0,11.4912,0.3535909090909091,3423.0,761
2006,Hassan,Rabi,Coconut,Black,37,Spray,233.0,27.0,57.0,12.763923287671236,0.4052363636363637,3899.0,45608
2007,Hassan,Rabi,Coconut,Black,35,Spray,234.0,27.2,54.0,11.626619178082192,0.4128818181818182,4015.0,234581
2008,Hassan,Rabi,Coconut,Black,5974,Spray,234.0,27.2,54.5,11.760590163934427,0.4111181818181818,4279.0,646
2009,Hassan,Rabi,Coconut,Black,6631,Spray,234.0,27.2,56.6,12.3314301369863,0.4219363636363636,4167.0,43562
2010,Hassan,Rabi,Coconut,Black,6705,Spray,3105.0,27.0,55.5,11.197282191780822,0.4286272727272727,4479.0,200000
2011,Hassan,Rabi,Coconut,Black,5876,Spray,3105.0,27.0,58.5,12.588657534246574,0.4415909090909091,3699.0,4847
2012,Hassan,Rabi,Coconut,Black,326,Spray,3105.0,27.0,59.5,12.175081967213115,0.3215909090909091,4904.0,51239
2013,Hassan,Rabi,Coconut,Black,6470,Spray,236.0,27.0,55.0,12.60424109589041,0.3842090909090909,2821.0,216396
2014,Hassan,Rabi,Coconut,Black,6709,Spray,236.0,27.0,53.0,11.763024657534247,0.4307,3472.0,2644
2015,Hassan,Rabi,Coconut,Black,6186,Spray,2903.1,27.0,53.5,11.717852054794522,0.4436,3647.0,44235
2016,Hassan,Rabi,Coconut,Black,6503,Spray,2903.1,27.2,52.5,12.007081967213114,0.3211909090909091,393.0,203317
2017,Hassan,Rabi,Coconut,Black,5220,Spray,2903.1,27.2,56.0,11.484493150684932,0.4208090909090909,167.0,2134
2018,Hassan,Rabi,Coconut,Black,4677,Spray,2996.6,27.2,57.0,12.060887671232877,0.3941909090909091,71.0,45186
2011,Hassan,Rabi,Coconut,Black,1279,Spray,2996.6,27.1,57.5,12.588657534246574,0.4415909090909091,52.0,238542
2012,Hassan,Rabi,Coconut,Black,13283,Spray,2996.6,27.1,57.0,12.175081967213115,0.3215909090909091,12.0,1516
2013,Hassan,Rabi,Coconut,Black,52119,Spray,3522.8,27.1,55.0,12.60424109589041,0.3842090909090909,51.0,200000
2014,Hassan,Rabi,Coconut,Black,725,Spray,3522.8,26.8,56.0,11.763024657534247,0.4307,61.0,4847
2015,Hassan,Rabi,Coconut,Black,12885,Spray,3522.8,26.8,54.0,11.717852054794522,0.4436,67.0,51239
2016,Hassan,Rabi,Coconut,Black,51179,Spray,2903.1,27.1,58.0,12.007081967213114,0.3211909090909091,62.0,216396
2017,Hassan,Rabi,Coconut,Black,468,Spray,2903.1,27.1,58.0,11.484493150684932,0.4208090909090909,32.0,2644
2018,Hassan,Rabi,Coconut,Alluvial,11841,Spray,2903.1,26.8,59.0,12.060887671232877,0.3941909090909091,22.0,44235
2004,Hassan,Rabi,Coconut,Alluvial,50975,Spray,2996.6,26.8,50.0,12.409475409836066,0.4079363636363636,25.0,203317
2005,Hassan,Rabi,Coconut,Alluvial,206,Spray,2996.6,26.8,54.0,11.4912,0.3535909090909091,4.0,2134
2006,Hassan,Rabi,Cocoa,Alluvial,10922,Drip,2996.6,37.0,53.0,12.763923287671236,0.4052363636363637,9.0,45186
2007,Hassan,Rabi,Cocoa,Alluvial,51390,Drip,3522.8,37.0,52.0,11.626619178082192,0.4128818181818182,12.0,238542
2008,Hassan,Rabi,Cocoa,Alluvial,177,Drip,3522.8,37.0,51.0,11.760590163934427,0.4111181818181818,2089.0,1516
2009,Hassan,Rabi,Cocoa,Alluvial,10723,Drip,3522.8,38.0,57.0,12.3314301369863,0.4219363636363636,2810.0,57259
2010,Hassan,Rabi,Cocoa,Alluvial,51709,Drip,3729.8,38.0,57.0,11.197282191780822,0.4286272727272727,841.0,234779
2011,Hassan,Rabi,Cocoa,Alluvial,146,Drip,3729.8,38.0,60.0,12.588657534246574,0.4415909090909091,3550.0,1493
2012,Hassan,Rabi,Coffee,Alluvial,10910,Drip,3729.8,39.0,57.0,12.175081967213115,0.3215909090909091,109.0,64409
2013,Hassan,Rabi,Coffee,Alluvial,51355,Drip,2746.2,39.0,57.0,12.60424109589041,0.3842090909090909,3368.0,249978
2014,Hassan,Rabi,Coffee,Alluvial,160,Drip,2746.2,39.0,54.0,11.763024657534247,0.4307,3671.0,637
2015,Hassan,Rabi,Coffee,Alluvial,10912,Drip,2746.2,40.0,54.5,11.717852054794522,0.4436,2404.0,43311
2016,Hassan,Rabi,Coffee,Alluvial,51353,Drip,3360.0,40.0,56.6,12.007081967213114,0.3211909090909091,2805.0,24848
2017,Dakshina Kannada,Rabi,Coffee,Alluvial,142,Drip,3360.0,40.0,55.5,9.751561643835617,0.3395636363636363,2331.0,761
2018,Dakshina Kannada,Rabi,Coffee,Alluvial,10505,Drip,3360.0,41.0,58.5,9.655002739726028,0.3434181818181818,2088.0,45608
2004,Dakshina Kannada,Rabi,Coffee,Alluvial,51040,Drip,3605.4,41.0,59.5,10.411475409836063,0.4282363636363636,2628.0,234581
2005,Dakshina Kannada,Rabi,Coffee,Alluvial,154,Drip,3605.4,41.0,55.0,10.166597260273972,0.3671454545454545,1939.0,646
2012,Dakshina Kannada,Rabi,Coffee,Alluvial,10318,Drip,3605.4,42.0,53.0,9.984295081967211,0.3934363636363637,1871.0,43562
2013,Dakshina Kannada,Rabi,Coffee,Alluvial,48083,Drip,3512.4,42.0,53.5,10.523243835616436,0.3876545454545455,1868.0,200000
2014,Dakshina Kannada,Rabi,Coffee,Alluvial,143,Drip,3512.4,27.0,52.5,9.763495890410958,0.3620909090909091,127919.0,4847
2015,Dakshina Kannada,Rabi,Coffee,Alluvial,9283,Drip,3512.4,27.0,56.0,9.057698630136986,0.3603909090909091,75340.0,51239
2016,Dakshina Kannada,Rabi,Coffee,Alluvial,47200,Drip,3296.0,27.0,57.0,9.974754098360656,0.3608545454545455,29170.0,216396
2017,Dakshina Kannada,Rabi,Coffee,Alluvial,158,Drip,3296.0,27.0,57.5,9.751561643835617,0.3395636363636363,1901.0,2644
2018,Dakshina Kannada,Rabi,Cardamum,Alluvial,8982,Drip,3296.0,27.0,57.0,9.655002739726028,0.3434181818181818,972.0,44235
2004,Dakshina Kannada,Rabi,Cardamum,Alluvial,46990,Drip,3550.0,27.0,55.0,10.411475409836063,0.4282363636363636,874.0,203317
2005,Dakshina Kannada,Rabi,Cardamum,Alluvial,103,Drip,3550.0,27.2,56.0,10.166597260273972,0.3671454545454545,592.0,2134
2006,Dakshina Kannada,Rabi,Cardamum,Alluvial,8239,Drip,3550.0,27.2,54.0,10.098838356164384,0.4176,864.0,45186
2007,Dakshina Kannada,Rabi,Cardamum,Alluvial,44563,Drip,3654.0,27.2,58.0,9.919430136986302,0.323,5373.0,238542
2008,Dakshina Kannada,Rabi,Cardamum,Black,96,Drip,3654.0,27.0,58.0,9.504295081967214,0.3603818181818182,6589.0,1516
2009,Dakshina Kannada,Rabi,Cardamum,Black,6949,Drip,3654.0,27.0,59.0,9.862224657534249,0.3680444444444444,5107.0,57259
2010,Kodagu,Rabi,Cardamum,Black,44663,Drip,233.0,27.0,50.0,5.862969863013698,0.7586454545454545,5518.0,234779
2011,Kodagu,Rabi,Cardamum,Black,110,Drip,233.0,27.0,54.0,6.49706301369863,0.7213,4912.0,1493
2012,Kodagu,Rabi,Cardamum,Black,6824,Drip,233.0,27.0,53.0,6.252590163934426,0.7788818181818182,3830.0,64409
2013,Kodagu,Rabi,Cardamum,Black,43013,Drip,234.0,27.0,52.0,6.683375342465754,0.7593727272727273,4.0,249978
2014,Kodagu,Rabi,Cardamum,Black,95,Drip,234.0,27.2,51.0,6.103627397260274,0.7765090909090909,9.0,637
2015,Kodagu,Rabi,Cardamum,Black,6441,Drip,234.0,27.2,57.0,5.836635616438356,0.7544909090909091,12.0,43311
2016,Kodagu,Rabi,Cardamum,Black,4012,Drip,3105.0,27.2,57.0,6.23183606557377,0.7828363636363637,2089.0,24848
2017,Kodagu,Rabi,Cardamum,Black,4877,Drip,3105.0,27.1,60.0,6.04158904109589,0.7913363636363636,2810.0,761
2018,Kodagu,Rabi,Pepper,Black,4930,Drip,3105.0,27.1,57.0,6.021961643835617,0.7582272727272727,841.0,45608
2019,Kodagu,Rabi,Pepper,Black,4954,Drip,236.0,27.1,57.0,6.185194520547945,0.7339363636363636,3550.0,234581
2004,Kodagu,Rabi,Pepper,Black,5019,Drip,236.0,26.8,54.0,6.525934426229509,0.7472272727272727,109.0,646
2013,Kodagu,Rabi,Pepper,Black,5127,Drip,2903.1,26.8,54.5,6.683375342465754,0.7593727272727273,3368.0,43562
2014,Kodagu,Rabi,Pepper,Black,5174,Drip,2903.1,26.8,56.6,6.103627397260274,0.7765090909090909,3671.0,200000
2015,Kodagu,Rabi,Pepper,Black,5294,Drip,2903.1,37.0,55.5,5.836635616438356,0.7544909090909091,2404.0,4847
2016,Kodagu,Rabi,Pepper,Black,5474,Drip,2996.6,37.0,58.5,6.23183606557377,0.7828363636363637,2805.0,51239
2017,Kodagu,Rabi,Pepper,Black,5864,Drip,2996.6,37.0,59.5,6.04158904109589,0.7913363636363636,2331.0,216396
2018,Kodagu,Rabi,Pepper,Black,7028,Basin,2996.6,38.0,55.0,6.021961643835617,0.7582272727272727,2088.0,2644
2004,Kodagu,Rabi,Pepper,Black,7403,Basin,3522.8,38.0,53.0,6.525934426229509,0.7472272727272727,2628.0,44235
2005,Kodagu,Rabi,Pepper,Black,7501,Basin,3522.8,38.0,53.5,6.273468493150686,0.7642818181818183,1939.0,203317
2006,Kodagu,Rabi,Pepper,Black,7714,Basin,3522.8,39.0,52.5,6.635243835616438,0.7530454545454546,1871.0,2134
2007,Kodagu,Rabi,Pepper,Black,7856,Basin,2903.1,39.0,56.0,6.265972602739726,0.7814909090909091,1868.0,45186
2008,Kodagu,Rabi,Pepper,Black,32,Basin,2903.1,39.0,57.0,6.1113442622950815,0.7380545454545455,127919.0,238542
2009,Kodagu,Rabi,Pepper,Black,1,Basin,2903.1,40.0,57.5,6.271890410958905,0.7747181818181819,75340.0,1516
2010,Kodagu,Rabi,Arecanut,Black,30,Basin,2996.6,40.0,57.0,5.862969863013698,0.7586454545454545,29170.0,200000
2011,Kodagu,Rabi,Arecanut,Black,6,Basin,2996.6,40.0,55.0,6.49706301369863,0.7213,1901.0,4847
2012,Kodagu,Rabi,Arecanut,Black,15,Basin,2996.6,41.0,56.0,6.252590163934426,0.7788818181818182,972.0,51239
2013,Kodagu,Rabi,Arecanut,Black,4,Basin,3522.8,41.0,54.0,6.683375342465754,0.7593727272727273,874.0,216396
2014,Kodagu,Rabi,Arecanut,Black,39,Basin,3522.8,41.0,58.0,6.103627397260274,0.7765090909090909,592.0,2644
2015,Kodagu,Rabi,Arecanut,Black,6,Basin,3522.8,42.0,58.0,5.836635616438356,0.7544909090909091,864.0,44235
2016,Kodagu,Rabi,Arecanut,Black,12,Basin,3729.8,42.0,59.0,6.23183606557377,0.7828363636363637,5373.0,203317
2017,Kodagu,Rabi,Arecanut,Black,3,Basin,3729.8,42.0,50.0,6.04158904109589,0.7913363636363636,6589.0,2134
2018,Mysuru,Rabi,Arecanut,Black,17,Basin,3729.8,43.0,54.0,13.11149589041096,0.3218363636363636,5107.0,45186
2013,Mysuru,Rabi,Arecanut,Black,3,Basin,2746.2,43.0,53.0,13.860295890410958,0.3283272727272727,5518.0,238542
2014,Mysuru,Rabi,Arecanut,Black,9,Basin,2746.2,27.0,52.0,13.254904109589042,0.3774090909090909,4912.0,1516
2015,Mysuru,Rabi,Arecanut,Black,21,Basin,2746.2,27.0,51.0,12.95891506849315,0.3397545454545455,3830.0,57259
2016,Mysuru,Rabi,Arecanut,Black,11,Basin,3360.0,27.0,57.0,13.00790163934426,0.3204727272727272,4.0,234779
2017,Mysuru,Rabi,Arecanut,Black,4,Basin,3360.0,27.0,57.0,12.33547397260274,0.3587727272727272,9.0,1493
2018,Mysuru,Rabi,Arecanut,Black,15,Basin,3360.0,27.0,60.0,13.11149589041096,0.3218363636363636,12.0,64409
2004,Mysuru,Rabi,Ginger,Black,8,Basin,3605.4,27.0,57.0,13.4047868852459,0.3174727272727272,2089.0,249978
2005,Mysuru,Rabi,Ginger,Black,29,Basin,3605.4,27.2,57.0,12.621797260273972,0.3947636363636363,2810.0,637
2006,Mysuru,Rabi,Ginger,Loam,1,Basin,3605.4,27.2,54.0,14.024515068493152,0.3318090909090909,841.0,43311
2007,Mysuru,Rabi,Ginger,Loam,13736,Basin,3512.4,27.2,54.5,12.763923287671236,0.3885,3550.0,24848
2008,Mysuru,Rabi,Ginger,Loam,14003,Basin,3512.4,27.0,56.6,12.78265573770492,0.3646636363636363,109.0,761
2009,Mysuru,Rabi,Ginger,Loam,14179,Basin,3512.4,27.0,55.5,13.703671232876712,0.3614636363636364,3368.0,45608
2010,Mysuru,Rabi,Ginger,Loam,14319,Basin,3296.0,27.0,58.5,12.399386301369862,0.3664363636363636,3671.0,234581
2011,Mysuru,Rabi,Ginger,Loam,14464,Basin,3296.0,27.0,59.5,13.80565479452055,0.3763363636363637,2404.0,646
2012,Mysuru,Rabi,Ginger,Loam,14876,Basin,3296.0,27.0,55.0,13.91134426229508,0.3465272727272727,2805.0,43562
2013,Mysuru,Rabi,Ginger,Loam,14976,Basin,3550.0,27.0,53.0,13.860295890410958,0.3283272727272727,2331.0,200000
2014,Mysuru,Rabi,Ginger,Loam,15009,Basin,3550.0,27.2,53.5,13.254904109589042,0.3774090909090909,2088.0,4847
2015,Mysuru,Rabi,Ginger,Loam,15114,Basin,3550.0,27.2,52.5,12.95891506849315,0.3397545454545455,2628.0,51239
2016,Mysuru,Rabi,Ginger,Loam,16224,Basin,3654.0,27.2,56.0,13.00790163934426,0.3204727272727272,1939.0,216396
2017,Mysuru,Rabi,Ginger,Loam,17095,Basin,3654.0,27.1,57.0,12.33547397260274,0.3587727272727272,1871.0,2644
2018,Mysuru,Rabi,Ginger,Loam,17512,Basin,3654.0,27.1,57.5,13.11149589041096,0.3218363636363636,1868.0,44235
2015,Mysuru,Rabi,Tea,Loam,17587,Basin,233.0,27.1,57.0,12.95891506849315,0.3397545454545455,127919.0,203317
2016,Mysuru,Rabi,Tea,Loam,17771,Basin,233.0,26.8,55.0,13.00790163934426,0.3204727272727272,75340.0,2134
2017,Mysuru,Rabi,Tea,Loam,17825,Basin,233.0,26.8,56.0,12.33547397260274,0.3587727272727272,29170.0,45186
2018,Mysuru,Rabi,Tea,Loam,3147,Basin,234.0,26.8,54.0,13.11149589041096,0.3218363636363636,1901.0,238542
2013,Mysuru,Rabi,Tea,Loam,2578,Basin,234.0,37.0,58.0,13.860295890410958,0.3283272727272727,972.0,1516
2014,Mysuru,Rabi,Tea,Loam,1591,Basin,234.0,37.0,58.0,13.254904109589042,0.3774090909090909,874.0,57259
2015,Mysuru,Rabi,Tea,Loam,1298,Spray,3105.0,37.0,59.0,12.95891506849315,0.3397545454545455,592.0,234779
2016,Mysuru,Rabi,Tea,Loam,4,Spray,3105.0,38.0,50.0,13.00790163934426,0.3204727272727272,864.0,1493
2017,Mysuru,Rabi,Tea,Loam,1122,Spray,3105.0,38.0,54.0,12.33547397260274,0.3587727272727272,5373.0,64409
2018,Mysuru,Rabi,Tea,Loam,917,Spray,236.0,38.0,53.0,13.11149589041096,0.3218363636363636,6589.0,249978
2004,Mysuru,Rabi,Tea,Loam,819,Spray,236.0,39.0,52.0,13.4047868852459,0.3174727272727272,5107.0,637
2005,Mysuru,Rabi,Tea,Loam,619,Spray,2903.1,39.0,51.0,12.621797260273972,0.3947636363636363,5518.0,43311
2006,Mysuru,Rabi,Tea,Loam,391,Spray,2903.1,39.0,57.0,14.024515068493152,0.3318090909090909,4912.0,24848
2007,Mysuru,Rabi,Tea,Loam,211,Spray,2903.1,40.0,57.0,12.763923287671236,0.3885,3830.0,761
2008,Mysuru,Rabi,Tea,Loam,153,Spray,2996.6,40.0,60.0,12.78265573770492,0.3646636363636363,313547.0,45608
2009,Mysuru,Rabi,Paddy,Loam,111,Spray,2996.6,40.0,57.0,13.703671232876712,0.3614636363636364,2783.0,234581
2010,Mysuru,Rabi,Paddy,Light Sandy,76,Spray,2996.6,41.0,57.0,12.399386301369862,0.3664363636363636,1533.0,646
2011,Mysuru,Zaid,Paddy,Light Sandy,53,Spray,3522.8,41.0,54.0,13.80565479452055,0.4192375,1647.0,43562
2012,Mysuru,Zaid,Paddy,Light Sandy,2688,Spray,3522.8,41.0,54.5,13.91134426229508,0.349725,975.0,200000
2013,Mysuru,Zaid,Paddy,Light Sandy,2311,Spray,3522.8,42.0,56.6,13.860295890410958,0.3293125,2.0,4847
2014,Mysuru,Zaid,Paddy,Light Sandy,2188,Spray,2903.1,42.0,55.5,13.254904109589042,0.3449125,836.0,51239
2015,Mysuru,Zaid,Paddy,Light Sandy,1998,Spray,2903.1,42.0,58.5,12.95891506849315,0.3839375,806.0,216396
2016,Mysuru,Zaid,Paddy,Light Sandy,2006,Spray,2903.1,43.0,59.5,13.00790163934426,0.324975,880.0,2644
2017,Mysuru,Zaid,Paddy,Light Sandy,2034,Spray,2996.6,27.0,55.0,12.33547397260274,0.318575,770.0,44235
2016,Mysuru,Zaid,Paddy,Light Sandy,2035,Spray,2996.6,27.0,53.0,13.00790163934426,0.324975,395.0,203317
2017,Mysuru,Zaid,Paddy,Light Sandy,2074,Spray,2996.6,27.0,53.5,12.33547397260274,0.318575,187.0,2134
2018,Mysuru,Zaid,Paddy,Light Sandy,2127,Spray,3522.8,27.0,52.5,13.11149589041096,0.38515,187.0,45186
2013,Mysuru,Zaid,Paddy,Light Sandy,2090,Spray,3522.8,27.0,56.0,13.860295890410958,0.3293125,121.0,238542
2014,Mysuru,Zaid,Paddy,Light Sandy,2059,Spray,3522.8,27.0,57.0,13.254904109589042,0.3449125,103.0,1516
2015,Mysuru,Zaid,Paddy,Light Sandy,2050,Spray,3729.8,27.2,57.5,12.95891506849315,0.3839375,71.0,200000
2016,Mysuru,Zaid,Groundnut,Light Sandy,1865,Spray,3729.8,27.2,57.0,13.00790163934426,0.324975,3961.0,4847
2017,Mysuru,Zaid,Groundnut,Light Sandy,1841,Spray,3729.8,27.2,55.0,12.33547397260274,0.318575,4247.0,51239
2018,Mysuru,Zaid,Groundnut,Light Sandy,1799,Spray,2746.2,27.0,56.0,13.11149589041096,0.38515,3290.0,216396
2004,Kasaragodu,Zaid,Groundnut,Light Sandy,1468,Spray,2746.2,27.0,54.0,10.411475409836063,0.6828125,3138.0,2644
2005,Kasaragodu,Zaid,Groundnut,Light Sandy,568,Spray,2746.2,27.0,58.0,10.166597260273972,0.5817625000000001,3423.0,44235
2006,Kasaragodu,Zaid,Groundnut,Light Sandy,407,Spray,3360.0,27.0,58.0,10.098838356164384,0.5876,3899.0,203317
2007,Kasaragodu,Zaid,Groundnut,Light Sandy,177,Spray,3360.0,27.0,59.0,9.919430136986302,0.5687375,4015.0,2134
2008,Kasaragodu,Zaid,Groundnut,Light Sandy,51,Spray,3360.0,27.0,50.0,9.504295081967214,0.6318750000000001,4279.0,45186
2009,Kasaragodu,Zaid,Groundnut,Light Sandy,173,Spray,3605.4,27.2,54.0,9.862224657534249,0.6294500000000001,4167.0,238542
2010,Kasaragodu,Zaid,Groundnut,Light Sandy,201,Spray,3605.4,27.2,53.0,9.499265753424655,0.633625,4479.0,1516
2011,Kasaragodu,Zaid,Groundnut,Light Sandy,206,Spray,2903.1,27.2,52.0,9.75787397260274,0.6885,3699.0,57259
2012,Kasaragodu,Zaid,Groundnut,Light Sandy,243,Spray,2903.1,27.1,51.0,9.984295081967211,0.5873125,4904.0,234779
2013,Kasaragodu,Zaid,Groundnut,Light Sandy,123,Spray,2903.1,27.1,57.0,10.523243835616436,0.5730000000000001,2821.0,1493
2014,Kasaragodu,Zaid,Groundnut,Light Sandy,82,Spray,2996.6,27.1,57.0,9.763495890410958,0.7108,3472.0,64409
2015,Kasaragodu,Zaid,Groundnut,Light Sandy,74,Spray,2996.6,26.8,60.0,9.057698630136986,0.749525,3647.0,249978
2016,Kasaragodu,Zaid,Blackgram,Heavy Clay,18,Spray,2996.6,26.8,57.0,9.974754098360656,0.7151625,393.0,637
2017,Kasaragodu,Zaid,Blackgram,Heavy Clay,37,Spray,3522.8,26.8,57.0,9.751561643835617,0.746575,167.0,43311
2016,Kasaragodu,Zaid,Blackgram,Heavy Clay,35,Spray,3522.8,37.0,54.0,9.974754098360656,0.7151625,71.0,24848
2017,Kasaragodu,Zaid,Blackgram,Heavy Clay,5974,Spray,3522.8,37.0,54.5,9.751561643835617,0.746575,52.0,761
2016,Kasaragodu,Zaid,Blackgram,Heavy Clay,6631,Spray,3729.8,37.0,56.6,9.974754098360656,0.7151625,313547.0,45608
2017,Kasaragodu,Zaid,Blackgram,Heavy Clay,6705,Drip,3729.8,38.0,55.5,9.751561643835617,0.746575,2783.0,234581
2018,Kasaragodu,Zaid,Blackgram,Heavy Clay,5876,Drip,3729.8,38.0,58.5,9.655002739726028,0.7108375,1533.0,646
2013,Kasaragodu,Zaid,Blackgram,Heavy Clay,326,Drip,2746.2,38.0,59.5,10.523243835616436,0.5730000000000001,1647.0,43562
2014,Kasaragodu,Zaid,Blackgram,Heavy Clay,6470,Drip,2746.2,39.0,55.0,9.763495890410958,0.7108,975.0,200000
2015,Kasaragodu,Zaid,Blackgram,Heavy Clay,6709,Drip,2746.2,39.0,53.0,9.057698630136986,0.749525,2.0,4847
2016,Kasaragodu,Zaid,Blackgram,Heavy Clay,6186,Drip,3360.0,39.0,53.5,9.974754098360656,0.7151625,836.0,51239
2017,Kasaragodu,Zaid,Blackgram,Heavy Clay,6503,Drip,3360.0,40.0,52.5,9.751561643835617,0.746575,806.0,216396
2018,Kasaragodu,Zaid,Blackgram,Heavy Clay,5220,Drip,3360.0,40.0,56.0,9.655002739726028,0.7108375,880.0,2644
2004,Kasaragodu,Zaid,Blackgram,Heavy Clay,4677,Drip,3605.4,40.0,59.5,10.411475409836063,0.6828125,770.0,44235
2005,Kasaragodu,Zaid,Blackgram,Heavy Clay,4803,Drip,3605.4,41.0,55.0,10.166597260273972,0.5817625000000001,395.0,203317
2006,Kasaragodu,Zaid,Cashew,Heavy Clay,3739,Drip,3605.4,41.0,53.0,10.098838356164384,0.5876,187.0,2134
2007,Kasaragodu,Zaid,Cashew,Heavy Clay,3529,Drip,3512.4,41.0,53.5,9.919430136986302,0.5687375,187.0,45186
2008,Kasaragodu,Zaid,Cashew,Heavy Clay,3649,Drip,3512.4,42.0,52.5,9.504295081967214,0.6318750000000001,121.0,238542
2009,Raichur,Zaid,Cashew,Heavy Clay,1374,Drip,3512.4,42.0,56.0,14.638191780821916,0.4246125,103.0,1516
2010,Raichur,Zaid,Cashew,Heavy Clay,933,Drip,3296.0,42.0,57.0,13.939890410958904,0.39365,71.0,57259
2011,Raichur,Zaid,Cashew,Heavy Clay,345,Drip,3550.0,43.0,57.5,15.486213698630136,0.4483125,3961.0,234779
2012,Raichur,Zaid,Cashew,Heavy Clay,29,Drip,3550.0,43.0,57.0,15.060098360655738,0.2999875,4247.0,1493
2004,Chikmangaluru,Zaid,Coconut,Dry Sandy,17512,Basin,3522.8,27.0,53.0,8.667934426229507,0.746075,13.0,45186
2004,Chikmangaluru,Zaid,Coconut,Dry Sandy,17587,Basin,3522.8,27.0,53.5,8.667934426229507,0.746075,123.0,238542
2004,Chikmangaluru,Zaid,Coconut,Dry Sandy,17771,Basin,3522.8,27.0,52.5,8.667934426229507,0.746075,19.0,1516
2004,Chikmangaluru,Zaid,Coconut,Dry Sandy,17825,Basin,3729.8,27.0,56.0,8.667934426229507,0.746075,32.0,57259
2004,Chikmangaluru,Zaid,Coconut,Dry Sandy,3147,Basin,3729.8,27.0,57.0,8.667934426229507,0.746075,8.0,234779
2004,Chikmangaluru,Zaid,Coconut,Dry Sandy,2578,Basin,3729.8,27.2,57.5,8.667934426229507,0.746075,50.0,1493
2004,Chikmangaluru,Zaid,Coconut,Dry Sandy,1591,Basin,2746.2,27.2,57.0,8.667934426229507,0.746075,10.0,64409
2004,Chikmangaluru,Zaid,Coconut,Dry Sandy,1298,Basin,2746.2,27.2,55.0,8.667934426229507,0.746075,29.0,249978
2004,Chikmangaluru,Zaid,Coconut,Dry Sandy,4,Basin,2746.2,27.0,56.0,8.667934426229507,0.746075,44.0,200000
2004,Chikmangaluru,Zaid,Coconut,Dry Sandy,1122,Basin,3360.0,27.0,54.0,8.667934426229507,0.746075,33.0,4847
2004,Chikmangaluru,Zaid,Coconut,Dry Sandy,917,Basin,3360.0,27.0,58.0,8.667934426229507,0.746075,14.0,51239
2004,Chikmangaluru,Zaid,Coconut,Dry Sandy,819,Basin,3360.0,27.0,58.0,8.667934426229507,0.746075,56.0,216396
2004,Chikmangaluru,Zaid,Coconut,Dry Sandy,619,Basin,3605.4,27.0,59.0,8.667934426229507,0.746075,26.0,2644
2004,Chikmangaluru,Zaid,Coconut,Dry Sandy,391,Basin,3605.4,27.0,50.0,8.667934426229507,0.746075,98.0,44235
2004,Chikmangaluru,Zaid,Coconut,Dry Sandy,211,Basin,3605.4,27.2,54.0,8.667934426229507,0.746075,3.0,203317
2004,Chikmangaluru,Zaid,Coconut,Dry Sandy,153,Basin,3512.4,27.2,53.0,8.667934426229507,0.746075,58637.0,2134
2004,Chikmangaluru,Zaid,Coconut,Dry Sandy,111,Basin,3512.4,27.2,52.0,8.667934426229507,0.746075,59777.0,45186
2004,Chikmangaluru,Zaid,Coconut,Dry Sandy,76,Basin,3512.4,27.1,51.0,8.667934426229507,0.746075,60528.0,238542
2004,Chikmangaluru,Zaid,Coconut,Dry Sandy,53,Basin,3296.0,27.1,57.0,8.667934426229507,0.746075,61126.0,1516
2004,Chikmangaluru,Zaid,Coconut,Dry Sandy,2688,Basin,3296.0,27.1,57.0,8.667934426229507,0.746075,623687.0,57259
2004,Chikmangaluru,Zaid,Coconut,Dry Sandy,2311,Basin,3296.0,26.8,60.0,8.667934426229507,0.746075,63504.0,234779
2004,Chikmangaluru,Zaid,Coconut,Dry Sandy,2188,Basin,3550.0,26.8,57.0,8.667934426229507,0.746075,63931.0,1493
2004,Chikmangaluru,Zaid,Coconut,Dry Sandy,1998,Basin,3550.0,26.8,57.0,8.667934426229507,0.746075,73730.0,64409
2004,Chikmangaluru,Zaid,Coconut,Dry Sandy,2006,Basin,3550.0,37.0,54.0,8.667934426229507,0.746075,118416.0,249978
2004,Chikmangaluru,Zaid,Coconut,Dry Sandy,2034,Basin,3654.0,37.0,54.5,8.667934426229507,0.746075,130132.0,637
2004,Chikmangaluru,Zaid,Coconut,Dry Sandy,2035,Basin,3654.0,37.0,56.6,8.667934426229507,0.746075,154889.0,43311
2004,Chikmangaluru,Zaid,Coconut,Dry Sandy,2074,Basin,3654.0,38.0,55.5,8.667934426229507,0.746075,171739.0,24848
2004,Chikmangaluru,Zaid,Coconut,Dry Sandy,2127,Basin,233.0,38.0,58.5,8.667934426229507,0.746075,172475.0,761
2004,Chikmangaluru,Zaid,Coconut,Dry Sandy,2090,Basin,233.0,38.0,59.5,8.667934426229507,0.746075,177939.0,45608
2004,Chikmangaluru,Zaid,Coconut,Dry Sandy,2059,Basin,233.0,39.0,55.0,8.667934426229507,0.746075,313547.0,234581
2004,Chikmangaluru,Zaid,Coconut,Dry Sandy,2050,Basin,2903.1,39.0,53.0,8.667934426229507,0.746075,2783.0,646
2004,Chikmangaluru,Zaid,Coconut,Dry Sandy,1865,Spray,2903.1,39.0,53.5,8.667934426229507,0.746075,1533.0,43562
2004,Chikmangaluru,Zaid,Coconut,Dry Sandy,1841,Spray,2903.1,40.0,52.5,8.667934426229507,0.746075,1647.0,200000
2004,Chikmangaluru,Zaid,Coconut,Dry Sandy,1799,Spray,2996.6,40.0,56.0,8.667934426229507,0.746075,975.0,4847
2004,Chikmangaluru,Zaid,Coconut,Dry Sandy,1468,Spray,2996.6,40.0,57.0,8.667934426229507,0.746075,2.0,51239
2004,Chikmangaluru,Zaid,Coconut,Dry Sandy,568,Spray,2996.6,41.0,57.5,8.667934426229507,0.746075,836.0,216396
2004,Chikmangaluru,Zaid,Coconut,Dry Sandy,407,Spray,3522.8,41.0,57.0,8.667934426229507,0.746075,806.0,2644
2004,Chikmangaluru,Zaid,Coconut,Dry Sandy,177,Spray,3522.8,41.0,55.0,8.667934426229507,0.746075,880.0,44235
2004,Chikmangaluru,Zaid,Coconut,Dry Sandy,51,Spray,3522.8,42.0,56.0,8.667934426229507,0.746075,770.0,203317
2004,Chikmangaluru,Zaid,Coconut,Dry Sandy,173,Spray,3729.8,42.0,54.0,8.667934426229507,0.746075,395.0,2134
2004,Chikmangaluru,Zaid,Coconut,Dry Sandy,201,Spray,3729.8,42.0,58.0,8.667934426229507,0.746075,187.0,45186
2004,Chikmangaluru,Zaid,Coconut,Dry Sandy,206,Spray,3729.8,43.0,58.0,8.667934426229507,0.746075,187.0,238542
2004,Chikmangaluru,Zaid,Coconut,Dry Sandy,243,Spray,2746.2,43.0,59.0,8.667934426229507,0.746075,121.0,1516
2004,Chikmangaluru,Zaid,Coconut,Dry Sandy,123,Spray,2746.2,27.0,50.0,8.667934426229507,0.746075,103.0,57259
2004,Chikmangaluru,Zaid,Coconut,Dry Sandy,82,Spray,2746.2,27.0,54.0,8.667934426229507,0.746075,71.0,234779
2004,Chikmangaluru,Zaid,Coconut,Dry Sandy,74,Spray,3360.0,27.0,53.0,8.667934426229507,0.746075,3961.0,1493
2004,Chikmangaluru,Zaid,Coconut,Dry Sandy,18,Spray,3360.0,27.0,52.0,8.667934426229507,0.746075,4247.0,64409
2004,Chikmangaluru,Zaid,Coconut,Dry Sandy,37,Spray,3360.0,27.0,51.0,8.667934426229507,0.746075,3290.0,249978
2004,Chikmangaluru,Zaid,Coconut,Dry Sandy,35,Spray,3605.4,27.0,57.0,8.667934426229507,0.746075,3138.0,637
2004,Chikmangaluru,Zaid,Coconut,Dry Sandy,5974,Spray,3605.4,27.2,57.0,8.667934426229507,0.746075,3423.0,43311
2004,Chikmangaluru,Zaid,Coconut,Dry Sandy,6631,Spray,3605.4,27.2,60.0,8.667934426229507,0.746075,3899.0,24848
2004,Chikmangaluru,Zaid,Coconut,Dry Sandy,6705,Spray,3512.4,27.2,57.0,8.667934426229507,0.746075,4015.0,761
2004,Chikmangaluru,Zaid,Coconut,Dry Sandy,5876,Spray,3512.4,27.0,57.0,8.667934426229507,0.746075,4279.0,45608
2004,Chikmangaluru,Zaid,Coconut,Dry Sandy,326,Spray,3512.4,27.0,54.0,8.667934426229507,0.746075,4167.0,234581
2004,Chikmangaluru,Zaid,Coconut,Laterite,6470,Spray,3296.0,27.0,54.5,8.667934426229507,0.746075,4479.0,646
2004,Chikmangaluru,Zaid,Coconut,Laterite,6709,Spray,3296.0,27.0,56.6,8.667934426229507,0.746075,3699.0,43562
2004,Chikmangaluru,Zaid,Coconut,Laterite,6186,Spray,3296.0,27.0,55.5,8.667934426229507,0.746075,4904.0,200000
2004,Chikmangaluru,Zaid,Coconut,Laterite,6503,Spray,3550.0,27.0,58.5,8.667934426229507,0.746075,2821.0,4847
2004,Chikmangaluru,Zaid,Coconut,Laterite,5220,Spray,3550.0,27.2,59.5,8.667934426229507,0.746075,3472.0,51239
2004,Chikmangaluru,Zaid,Coconut,Laterite,4677,Spray,3550.0,27.2,55.0,8.667934426229507,0.746075,3647.0,216396
2004,Chikmangaluru,Zaid,Coconut,Laterite,1279,Spray,3654.0,27.2,53.0,8.667934426229507,0.746075,393.0,2644
2004,Chikmangaluru,Zaid,Coconut,Laterite,13283,Spray,3654.0,27.1,53.5,8.667934426229507,0.746075,167.0,44235
2004,Chikmangaluru,Zaid,Coconut,Laterite,52119,Spray,3654.0,27.1,52.5,8.667934426229507,0.746075,71.0,203317
2013,Chikmangaluru,Zaid,Coconut,Laterite,725,Spray,233.0,27.1,56.0,8.723835616438356,0.6019,52.0,2134
2014,Chikmangaluru,Zaid,Coconut,Laterite,12885,Spray,233.0,26.8,57.0,8.067550684931506,0.8119375000000001,12.0,45186
2015,Chikmangaluru,Zaid,Coconut,Laterite,51179,Spray,233.0,26.8,57.5,7.928679452054794,0.803875,51.0,238542
2016,Chikmangaluru,Zaid,Coconut,Laterite,468,Spray,234.0,26.8,57.0,8.220786885245902,0.6098375,61.0,1516
2017,Chikmangaluru,Zaid,Coconut,Laterite,11841,Spray,234.0,37.0,55.0,8.1165698630137,0.6496625,67.0,200000
2018,Chikmangaluru,Zaid,Coconut,Laterite,50975,Spray,234.0,37.0,56.0,8.283945205479451,0.6792875,62.0,4847
2004,Chikmangaluru,Zaid,Coconut,Laterite,206,Spray,3105.0,37.0,54.0,8.667934426229507,0.746075,32.0,51239
2005,Chikmangaluru,Zaid,Coconut,Laterite,10922,Spray,3105.0,38.0,58.0,8.097435616438355,0.769575,22.0,216396
2006,Chikmangaluru,Zaid,Coconut,Laterite,51390,Spray,3105.0,38.0,58.0,8.92721095890411,0.7234875000000001,25.0,2644
2007,Chikmangaluru,Zaid,Coconut,Laterite,177,Spray,236.0,38.0,59.0,8.239857534246577,0.6786625000000001,4.0,44235
2008,Chikmangaluru,Zaid,Coconut,Laterite,10723,Spray,236.0,39.0,50.0,8.19472131147541,0.680525,9.0,203317
2009,Chikmangaluru,Zaid,Coconut,Laterite,51709,Spray,2903.1,39.0,54.0,8.389676712328766,0.7491625000000001,12.0,2134
2010,Chikmangaluru,Zaid,Cocoa,Laterite,146,Drip,2903.1,39.0,53.0,7.646794520547945,0.7680875,2089.0,45186
2011,Hassan,Zaid,Cocoa,Laterite,10910,Drip,2903.1,40.0,52.0,12.588657534246574,0.3032375,2810.0,238542
2012,Hassan,Zaid,Cocoa,Laterite,51355,Drip,2996.6,40.0,51.0,12.175081967213115,0.2522875,841.0,1516
2013,Hassan,Zaid,Cocoa,Laterite,160,Drip,2996.6,40.0,57.0,12.60424109589041,0.2861,3550.0,57259
2014,Hassan,Zaid,Cocoa,Laterite,10912,Drip,2996.6,41.0,57.0,11.763024657534247,0.287375,109.0,234779
2015,Hassan,Zaid,Cocoa,Laterite,51353,Drip,3522.8,41.0,60.0,11.717852054794522,0.3356375,3368.0,1493
2016,Hassan,Zaid,Coffee,Laterite,142,Drip,3522.8,41.0,57.0,12.007081967213114,0.2695125,3671.0,64409
2017,Hassan,Zaid,Coffee,Laterite,10505,Drip,3522.8,42.0,57.0,11.484493150684932,0.312975,2404.0,249978
2018,Hassan,Zaid,Coffee,Laterite,51040,Drip,3729.8,42.0,54.0,12.060887671232877,0.3784875,2805.0,637
2004,Hassan,Zaid,Coffee,Laterite,154,Drip,3729.8,42.0,54.5,12.409475409836066,0.2517875,2331.0,43311
2005,Hassan,Zaid,Coffee,Laterite,10318,Drip,3729.8,43.0,56.6,11.4912,0.245925,2088.0,24848
2006,Hassan,Zaid,Coffee,Laterite,48083,Drip,2746.2,27.0,55.5,12.763923287671236,0.3114875,2628.0,761
2007,Hassan,Zaid,Coffee,Laterite,143,Drip,2746.2,27.0,58.5,11.626619178082192,0.2305,1939.0,45608
2008,Hassan,Zaid,Coffee,Alluvial,9283,Drip,2746.2,27.0,59.5,11.760590163934427,0.315875,1871.0,234581
2009,Hassan,Zaid,Coffee,Alluvial,47200,Drip,3360.0,27.0,55.0,12.3314301369863,0.2917375,1868.0,646
2010,Hassan,Zaid,Coffee,Alluvial,158,Drip,3360.0,27.0,53.0,11.197282191780822,0.3201625,127919.0,43562
2011,Hassan,Zaid,Coffee,Alluvial,8982,Drip,3360.0,27.0,53.5,12.588657534246574,0.3032375,75340.0,200000
2012,Hassan,Zaid,Coffee,Alluvial,46990,Drip,3605.4,27.0,52.5,12.175081967213115,0.2522875,29170.0,4847
2013,Hassan,Zaid,Coffee,Alluvial,103,Drip,3605.4,27.0,56.0,12.60424109589041,0.2861,1901.0,51239
2014,Hassan,Zaid,Coffee,Alluvial,8239,Drip,3605.4,27.2,57.0,11.763024657534247,0.287375,972.0,216396
2015,Hassan,Zaid,Coffee,Alluvial,44563,Drip,3512.4,27.2,57.5,11.717852054794522,0.3356375,874.0,2644
2016,Hassan,Zaid,Cardamum,Alluvial,96,Drip,3512.4,27.2,57.0,12.007081967213114,0.2695125,592.0,44235
2017,Hassan,Zaid,Cardamum,Alluvial,6949,Drip,3512.4,27.0,55.0,11.484493150684932,0.312975,864.0,203317
2018,Hassan,Zaid,Cardamum,Alluvial,44663,Drip,3296.0,27.0,56.0,12.060887671232877,0.3784875,5373.0,2134
2004,Hassan,Zaid,Cardamum,Alluvial,110,Drip,3296.0,27.0,54.0,12.409475409836066,0.2517875,6589.0,45186
2005,Hassan,Zaid,Cardamum,Alluvial,6824,Drip,3296.0,27.0,58.0,11.4912,0.245925,5107.0,238542
2006,Hassan,Zaid,Cardamum,Alluvial,43013,Drip,3550.0,27.0,58.0,12.763923287671236,0.3114875,5518.0,1516
2007,Hassan,Zaid,Cardamum,Alluvial,95,Drip,3550.0,27.0,59.0,11.626619178082192,0.2305,4912.0,57259
2008,Hassan,Zaid,Cardamum,Alluvial,6441,Drip,3550.0,27.2,50.0,11.760590163934427,0.315875,3830.0,234779
2009,Hassan,Zaid,Cardamum,Alluvial,4012,Drip,3654.0,27.2,54.0,12.3314301369863,0.2917375,4.0,1493
2010,Hassan,Zaid,Cardamum,Alluvial,4877,Drip,3654.0,27.2,53.0,11.197282191780822,0.3201625,9.0,64409
2011,Hassan,Zaid,Cardamum,Alluvial,4930,Drip,3654.0,27.1,52.0,12.588657534246574,0.3032375,12.0,249978
2012,Hassan,Zaid,Cardamum,Alluvial,4954,Drip,233.0,27.1,51.0,12.175081967213115,0.2522875,2089.0,637
2013,Hassan,Zaid,Cardamum,Alluvial,5019,Drip,233.0,27.1,57.0,12.60424109589041,0.2861,2810.0,43311
2014,Hassan,Zaid,Cardamum,Alluvial,5127,Drip,233.0,26.8,57.0,11.763024657534247,0.287375,841.0,24848
2015,Hassan,Zaid,Cardamum,Alluvial,5174,Drip,2903.1,26.8,60.0,11.717852054794522,0.3356375,3550.0,761
2016,Hassan,Zaid,Pepper,Alluvial,5294,Drip,2903.1,27.1,57.0,12.007081967213114,0.2695125,109.0,45608
2017,Hassan,Kharif,Pepper,Alluvial,5474,Drip,2903.1,27.1,57.0,11.484493150684932,0.5799000000000001,3368.0,234581
2018,Hassan,Kharif,Pepper,Alluvial,5864,Drip,2996.6,26.8,54.0,12.060887671232877,0.5000777777777777,3671.0,646
2004,Hassan,Kharif,Pepper,Alluvial,7028,Drip,2996.6,26.8,54.5,12.409475409836066,0.4651222222222222,2404.0,43562
2005,Hassan,Kharif,Pepper,Alluvial,7403,Drip,2996.6,26.8,56.6,11.4912,0.3362,2805.0,200000
2006,Hassan,Kharif,Pepper,Alluvial,7501,Drip,3522.8,37.0,55.5,12.763923287671236,0.4772888888888889,2331.0,4847
2007,Hassan,Kharif,Pepper,Alluvial,7714,Drip,3522.8,37.0,58.5,11.626619178082192,0.3796333333333334,2088.0,51239
2008,Hassan,Kharif,Pepper,Red,7856,Drip,3522.8,37.0,59.5,11.760590163934427,0.4339777777777777,2628.0,216396
2009,Hassan,Kharif,Pepper,Red,32,Basin,3729.8,38.0,55.0,12.3314301369863,0.4845333333333333,1939.0,2644
2010,Hassan,Kharif,Pepper,Red,1,Basin,3729.8,38.0,53.0,11.197282191780822,0.4428888888888889,1871.0,44235
2011,Hassan,Kharif,Pepper,Red,30,Basin,3729.8,38.0,53.5,12.588657534246574,0.4679555555555555,1868.0,203317
2012,Hassan,Kharif,Pepper,Red,6,Basin,2746.2,39.0,52.5,12.175081967213115,0.3185777777777778,127919.0,2134
2013,Hassan,Kharif,Pepper,Red,15,Basin,2746.2,39.0,56.0,12.60424109589041,0.4517333333333333,75340.0,45186
2014,Hassan,Kharif,Pepper,Red,4,Basin,2746.2,39.0,57.0,11.763024657534247,0.4841222222222223,29170.0,238542
2015,Hassan,Kharif,Pepper,Red,39,Basin,3360.0,40.0,57.5,11.717852054794522,0.5406666666666667,1901.0,1516
2016,Hassan,Kharif,Arecanut,Red,6,Basin,3360.0,40.0,57.0,12.007081967213114,0.3877666666666666,972.0,200000
2017,Hassan,Kharif,Arecanut,Red,12,Basin,3360.0,40.0,55.0,11.484493150684932,0.5799000000000001,874.0,4847
2018,Hassan,Kharif,Arecanut,Red,3,Basin,3605.4,41.0,56.0,12.060887671232877,0.5000777777777777,592.0,51239
2004,Hassan,Kharif,Arecanut,Red,17,Basin,3605.4,41.0,54.0,12.409475409836066,0.4651222222222222,864.0,216396
2005,Hassan,Kharif,Arecanut,Red,3,Basin,3605.4,41.0,58.0,11.4912,0.3362,5373.0,2644
2006,Hassan,Kharif,Arecanut,Red,9,Basin,3512.4,42.0,58.0,12.763923287671236,0.4772888888888889,6589.0,44235
2007,Hassan,Kharif,Arecanut,Red,21,Basin,3512.4,42.0,59.0,11.626619178082192,0.3796333333333334,5107.0,203317
2008,Hassan,Kharif,Arecanut,Red,11,Basin,3512.4,27.0,50.0,11.760590163934427,0.4339777777777777,5518.0,2134
2009,Hassan,Kharif,Arecanut,Red,4,Basin,3296.0,27.0,54.0,12.3314301369863,0.4845333333333333,4912.0,45186
2010,Hassan,Kharif,Arecanut,Red,15,Basin,3296.0,27.0,53.0,11.197282191780822,0.4428888888888889,3830.0,238542
2011,Hassan,Kharif,Arecanut,Red,8,Basin,3296.0,27.0,52.0,12.588657534246574,0.4679555555555555,4.0,1516
2012,Hassan,Kharif,Arecanut,Red,29,Basin,3550.0,27.0,51.0,12.175081967213115,0.3185777777777778,9.0,57259
2013,Hassan,Kharif,Arecanut,Red,1,Basin,3550.0,27.0,57.0,12.60424109589041,0.4517333333333333,12.0,234779
2014,Hassan,Kharif,Arecanut,Red,13736,Basin,3550.0,27.2,57.0,11.763024657534247,0.4841222222222223,2089.0,1493
2015,Hassan,Kharif,Arecanut,Red,14003,Basin,3654.0,27.2,60.0,11.717852054794522,0.5406666666666667,2810.0,64409
2016,Hassan,Kharif,Ginger,Red,14179,Basin,3654.0,27.2,57.0,12.007081967213114,0.3877666666666666,841.0,249978
2017,Hassan,Kharif,Ginger,Red,14319,Basin,3654.0,27.0,57.0,11.484493150684932,0.5799000000000001,3550.0,637
2018,Hassan,Kharif,Ginger,Red,14464,Basin,233.0,27.0,54.0,12.060887671232877,0.5000777777777777,109.0,43311
2004,Hassan,Kharif,Ginger,Red,14876,Basin,233.0,27.0,54.5,12.409475409836066,0.4651222222222222,3368.0,24848
2005,Hassan,Kharif,Ginger,Red,14976,Basin,233.0,27.0,56.6,11.4912,0.3362,3671.0,761
2006,Hassan,Kharif,Ginger,Red,15009,Basin,234.0,27.0,55.5,12.763923287671236,0.4772888888888889,2404.0,45608
2007,Hassan,Kharif,Ginger,Red,15114,Basin,234.0,27.0,58.5,11.626619178082192,0.3796333333333334,2805.0,234581
2008,Hassan,Kharif,Ginger,Red,16224,Basin,234.0,27.2,59.5,11.760590163934427,0.4339777777777777,2331.0,646
2009,Hassan,Kharif,Ginger,Red,17095,Basin,3105.0,27.2,55.0,12.3314301369863,0.4845333333333333,2088.0,43562
2010,Hassan,Kharif,Ginger,Red,17512,Basin,3105.0,27.2,53.0,11.197282191780822,0.4428888888888889,2628.0,200000
2011,Hassan,Kharif,Ginger,Red,17587,Basin,3105.0,27.1,53.5,12.588657534246574,0.4679555555555555,1939.0,4847
2012,Hassan,Kharif,Ginger,Red,17771,Basin,236.0,27.1,52.5,12.175081967213115,0.3185777777777778,1871.0,51239
2013,Hassan,Kharif,Ginger,Red,17825,Basin,236.0,27.1,56.0,12.60424109589041,0.4517333333333333,1868.0,216396
2014,Hassan,Kharif,Ginger,Sandy,3147,Basin,2903.1,26.8,57.0,11.763024657534247,0.4841222222222223,127919.0,2644
2015,Hassan,Kharif,Ginger,Sandy,2578,Basin,2903.1,26.8,57.5,11.717852054794522,0.5406666666666667,75340.0,44235
2016,Hassan,Kharif,Tea,Sandy,1591,Basin,2903.1,26.8,57.0,12.007081967213114,0.3877666666666666,29170.0,203317
2017,Hassan,Kharif,Tea,Sandy,1298,Basin,2996.6,37.0,55.0,11.484493150684932,0.5799000000000001,1901.0,2134
2018,Hassan,Kharif,Tea,Sandy,4,Basin,2996.6,37.0,56.0,12.060887671232877,0.5000777777777777,972.0,45186
2004,Hassan,Kharif,Tea,Sandy,1122,Basin,2996.6,37.0,54.0,12.409475409836066,0.4651222222222222,874.0,238542
2005,Hassan,Kharif,Tea,Sandy,917,Basin,3522.8,38.0,58.0,11.4912,0.3362,592.0,1516
2006,Hassan,Kharif,Tea,Sandy,819,Basin,3522.8,38.0,58.0,12.763923287671236,0.4772888888888889,864.0,57259
2007,Hassan,Kharif,Tea,Sandy,619,Spray,3522.8,38.0,59.0,11.626619178082192,0.3796333333333334,5373.0,234779
2008,Hassan,Kharif,Tea,Sandy,391,Spray,3729.8,39.0,50.0,11.760590163934427,0.4339777777777777,6589.0,1493
2009,Hassan,Kharif,Tea,Sandy,211,Spray,3729.8,39.0,54.0,12.3314301369863,0.4845333333333333,5107.0,64409
2010,Hassan,Kharif,Tea,Sandy,153,Spray,3729.8,39.0,53.0,11.197282191780822,0.4428888888888889,5518.0,249978
2011,Hassan,Kharif,Tea,Sandy,111,Spray,2746.2,40.0,52.0,12.588657534246574,0.4679555555555555,4912.0,637
2012,Hassan,Kharif,Tea,Sandy,76,Spray,2746.2,40.0,51.0,12.175081967213115,0.3185777777777778,3830.0,43311
2013,Hassan,Kharif,Tea,Sandy,53,Spray,2746.2,40.0,57.0,12.60424109589041,0.4517333333333333,313547.0,24848
2014,Hassan,Kharif,Tea,Sandy,2688,Spray,3360.0,41.0,57.0,11.763024657534247,0.4841222222222223,2783.0,761
2015,Hassan,Kharif,Tea,Sandy,2311,Spray,3360.0,41.0,60.0,11.717852054794522,0.5406666666666667,1533.0,45608
2016,Hassan,Kharif,Paddy,Sandy,2188,Spray,3360.0,41.0,57.0,12.007081967213114,0.3877666666666666,1647.0,234581
2017,Hassan,Kharif,Paddy,Sandy,1998,Spray,3605.4,42.0,57.0,11.484493150684932,0.5799000000000001,975.0,646
2018,Hassan,Kharif,Paddy,Sandy,2006,Spray,3605.4,42.0,54.0,12.060887671232877,0.5000777777777777,2.0,43562
2004,Hassan,Kharif,Paddy,Sandy,2034,Spray,3605.4,42.0,54.5,12.409475409836066,0.4651222222222222,836.0,200000
2005,Hassan,Kharif,Paddy,Sandy,2035,Spray,3512.4,43.0,56.6,11.4912,0.3362,806.0,4847
2006,Hassan,Kharif,Paddy,Sandy,2074,Spray,3512.4,43.0,55.5,12.763923287671236,0.4772888888888889,880.0,51239
2007,Hassan,Kharif,Paddy,Sandy,2127,Spray,3512.4,27.0,58.5,11.626619178082192,0.3796333333333334,770.0,216396
2008,Hassan,Kharif,Paddy,Sandy,2090,Spray,3296.0,27.0,59.5,11.760590163934427,0.4339777777777777,395.0,2644
2009,Hassan,Kharif,Paddy,Sandy,2059,Spray,3296.0,27.0,55.0,12.3314301369863,0.4845333333333333,187.0,44235
2010,Hassan,Kharif,Paddy,Sandy,2050,Spray,3296.0,27.0,53.0,11.197282191780822,0.4428888888888889,187.0,203317
2011,Dakshina Kannada,Kharif,Paddy,Sandy,1865,Spray,3550.0,27.0,53.5,9.75787397260274,0.3327625,121.0,2134
2012,Dakshina Kannada,Kharif,Paddy,Sandy,1841,Spray,3550.0,27.0,52.5,9.984295081967211,0.3874444444444445,103.0,45186
2013,Dakshina Kannada,Kharif,Paddy,Sandy,1799,Spray,3550.0,27.2,56.0,10.523243835616436,0.3224111111111111,71.0,238542
2014,Dakshina Kannada,Kharif,Paddy,Sandy,1468,Spray,3654.0,27.2,57.0,9.763495890410958,0.3803375,3961.0,1516
2015,Dakshina Kannada,Kharif,Paddy,Sandy,568,Spray,3654.0,27.2,57.5,9.057698630136986,0.3909555555555556,4247.0,200000
2016,Dakshina Kannada,Kharif,Groundnut,Sandy,407,Spray,3654.0,27.0,57.0,9.974754098360656,0.3140555555555556,3290.0,4847
2017,Dakshina Kannada,Kharif,Groundnut,Sandy,177,Spray,233.0,27.0,55.0,9.751561643835617,0.2585222222222222,3138.0,51239
2018,Dakshina Kannada,Kharif,Groundnut,Sandy,51,Spray,233.0,27.0,56.0,9.655002739726028,0.3191111111111111,3423.0,216396
2004,Dakshina Kannada,Kharif,Groundnut,Sandy,173,Spray,233.0,27.0,54.0,10.411475409836063,0.4820666666666667,3899.0,2644
2005,Dakshina Kannada,Kharif,Groundnut,Sandy,201,Spray,234.0,27.0,58.0,10.166597260273972,0.4155555555555555,4015.0,44235
2006,Dakshina Kannada,Kharif,Groundnut,Sandy,206,Spray,234.0,27.0,58.0,10.098838356164384,0.4185444444444444,4279.0,203317
2007,Dakshina Kannada,Kharif,Groundnut,Sandy,243,Spray,234.0,27.2,59.0,9.919430136986302,0.3070666666666666,4167.0,2134
2008,Dakshina Kannada,Kharif,Groundnut,Sandy,123,Spray,3105.0,27.2,50.0,9.504295081967214,0.3138666666666667,4479.0,45186
2009,Dakshina Kannada,Kharif,Groundnut,Sandy,82,Spray,3105.0,27.2,54.0,9.862224657534249,0.3781111111111112,3699.0,238542
2010,Dakshina Kannada,Kharif,Groundnut,Sandy,74,Spray,3105.0,27.1,53.0,9.499265753424655,0.36,4904.0,1516
2011,Dakshina Kannada,Kharif,Groundnut,Sandy,18,Spray,236.0,27.1,52.0,9.75787397260274,0.3327625,2821.0,57259
2012,Dakshina Kannada,Kharif,Groundnut,Sandy,37,Spray,2903.1,27.1,51.0,9.984295081967211,0.3874444444444445,3472.0,234779
2013,Dakshina Kannada,Kharif,Groundnut,Sandy,35,Spray,2903.1,26.8,57.0,10.523243835616436,0.3224111111111111,3647.0,1493
2014,Dakshina Kannada,Kharif,Groundnut,Sandy,5974,Spray,2903.1,26.8,57.0,9.763495890410958,0.3803375,393.0,64409
2015,Dakshina Kannada,Kharif,Groundnut,Sandy,6631,Spray,2996.6,26.8,60.0,9.057698630136986,0.3909555555555556,167.0,249978
2016,Dakshina Kannada,Kharif,Blackgram,Sandy,6705,Spray,2996.6,37.0,57.0,9.974754098360656,0.3140555555555556,71.0,637
2017,Dakshina Kannada,Kharif,Blackgram,Sandy,5876,Spray,2996.6,37.0,57.0,9.751561643835617,0.2585222222222222,52.0,43311
2018,Dakshina Kannada,Kharif,Blackgram,Heavy Cotton,326,Spray,3522.8,37.0,54.0,9.655002739726028,0.3191111111111111,313547.0,24848
2004,Dakshina Kannada,Kharif,Blackgram,Heavy Cotton,6470,Spray,3522.8,38.0,54.5,10.411475409836063,0.4820666666666667,2783.0,761
2005,Dakshina Kannada,Kharif,Blackgram,Heavy Cotton,6709,Spray,3522.8,38.0,56.6,10.166597260273972,0.4155555555555555,1533.0,45608
2006,Dakshina Kannada,Kharif,Blackgram,Heavy Cotton,6186,Drip,3729.8,38.0,55.5,10.098838356164384,0.4185444444444444,1647.0,234581
2007,Dakshina Kannada,Kharif,Blackgram,Heavy Cotton,6503,Drip,3729.8,39.0,58.5,9.919430136986302,0.3070666666666666,975.0,646
2008,Dakshina Kannada,Kharif,Blackgram,Heavy Cotton,5220,Drip,3729.8,39.0,59.5,9.504295081967214,0.3138666666666667,2.0,43562
2009,Dakshina Kannada,Kharif,Blackgram,Heavy Cotton,4677,Drip,2746.2,39.0,55.0,9.862224657534249,0.3781111111111112,836.0,200000
2010,Dakshina Kannada,Kharif,Blackgram,Heavy Cotton,4803,Drip,2746.2,40.0,53.0,9.499265753424655,0.36,806.0,4847
2011,Dakshina Kannada,Kharif,Blackgram,Heavy Cotton,3739,Drip,2746.2,40.0,53.5,9.75787397260274,0.3327625,880.0,51239
2012,Dakshina Kannada,Kharif,Blackgram,Heavy Cotton,3529,Drip,3360.0,40.0,52.5,9.984295081967211,0.3874444444444445,770.0,216396
2013,Dakshina Kannada,Kharif,Blackgram,Heavy Cotton,3649,Drip,3360.0,41.0,56.0,10.523243835616436,0.3224111111111111,395.0,2644
2014,Dakshina Kannada,Kharif,Blackgram,Heavy Cotton,1374,Drip,3360.0,41.0,59.5,9.763495890410958,0.3803375,187.0,44235
2015,Dakshina Kannada,Kharif,Blackgram,Heavy Cotton,933,Drip,3605.4,41.0,55.0,9.057698630136986,0.3909555555555556,187.0,203317
2016,Dakshina Kannada,Kharif,Cashew,Heavy Cotton,345,Drip,3605.4,42.0,53.0,9.974754098360656,0.3140555555555556,121.0,2134
2017,Dakshina Kannada,Kharif,Cashew,Heavy Cotton,29,Drip,3605.4,42.0,53.5,9.751561643835617,0.2585222222222222,103.0,45186
2018,Dakshina Kannada,Kharif,Cashew,Heavy Cotton,11,Drip,3512.4,42.0,52.5,9.655002739726028,0.3191111111111111,71.0,238542
2004,Dakshina Kannada,Kharif,Cashew,Heavy Cotton,10,Drip,3512.4,43.0,56.0,10.411475409836063,0.4820666666666667,3961.0,1516
2005,Dakshina Kannada,Kharif,Cashew,Heavy Cotton,7,Drip,3512.4,27.0,57.0,10.166597260273972,0.4155555555555555,4247.0,57259
2006,Dakshina Kannada,Kharif,Cashew,Heavy Cotton,10,Drip,3296.0,27.0,57.5,10.098838356164384,0.4185444444444444,3290.0,234779
2007,Dakshina Kannada,Kharif,Cashew,Heavy Cotton,56,Drip,3296.0,27.0,57.0,9.919430136986302,0.3070666666666666,3138.0,1493
2008,Dakshina Kannada,Kharif,Cashew,Heavy Cotton,68,Drip,3296.0,27.0,55.0,9.504295081967214,0.3138666666666667,3423.0,64409
2009,Dakshina Kannada,Kharif,Cashew,Heavy Cotton,56,Drip,3550.0,27.0,56.0,9.862224657534249,0.3781111111111112,3899.0,249978
2010,Dakshina Kannada,Kharif,Cashew,Heavy Cotton,66,Drip,3550.0,27.0,54.0,9.499265753424655,0.36,4015.0,637
2011,Dakshina Kannada,Kharif,Cashew,Heavy Cotton,55,Drip,3550.0,27.2,58.0,9.75787397260274,0.3327625,4279.0,43311
2012,Dakshina Kannada,Kharif,Cashew,Heavy Cotton,42,Drip,3654.0,27.2,58.0,9.984295081967211,0.3874444444444445,4167.0,24848
2013,Dakshina Kannada,Kharif,Cashew,Heavy Cotton,51179,Drip,3654.0,27.2,59.0,10.523243835616436,0.3224111111111111,4479.0,761
2014,Dakshina Kannada,Kharif,Cashew,Heavy Cotton,468,Drip,3654.0,27.0,50.0,9.763495890410958,0.3803375,3699.0,45608
2015,Dakshina Kannada,Kharif,Cashew,Heavy Cotton,11841,Drip,233.0,27.0,54.0,9.057698630136986,0.3909555555555556,4904.0,234581
2016,Dakshina Kannada,Kharif,Coconut,Heavy Cotton,50975,Drip,233.0,27.0,53.0,9.974754098360656,0.3140555555555556,2821.0,646
2017,Dakshina Kannada,Kharif,Coconut,Heavy Cotton,206,Drip,233.0,27.0,59.5,9.751561643835617,0.2585222222222222,3472.0,43562
2018,Dakshina Kannada,Kharif,Coconut,Loam,10922,Drip,234.0,27.0,55.0,9.655002739726028,0.3191111111111111,3647.0,200000
2019,Dakshina Kannada,Kharif,Coconut,Loam,51390,Drip,234.0,27.0,53.0,10.073194520547943,0.2575625,393.0,4847
2004,Dakshina Kannada,Kharif,Coconut,Loam,177,Drip,234.0,27.2,53.5,10.411475409836063,0.4820666666666667,167.0,51239
2005,Dakshina Kannada,Kharif,Coconut,Loam,10723,Drip,3105.0,27.2,52.5,10.166597260273972,0.4155555555555555,71.0,216396
2006,Dakshina Kannada,Rabi,Coconut,Loam,51709,Drip,3105.0,27.2,56.0,10.098838356164384,0.4176,52.0,2644
2007,Dakshina Kannada,Rabi,Coconut,Loam,146,Drip,3105.0,27.1,57.0,9.919430136986302,0.323,2570.0,44235
2008,Dakshina Kannada,Rabi,Coconut,Loam,10910,Drip,236.0,27.1,57.5,9.504295081967214,0.3603818181818182,27170.0,203317
2009,Dakshina Kannada,Rabi,Coconut,Loam,51355,Drip,236.0,27.1,57.0,9.862224657534249,0.3680444444444444,114744.0,2134
2010,Dakshina Kannada,Rabi,Coconut,Loam,160,Drip,321.0,26.8,55.0,9.499265753424655,0.3710272727272727,1402.0,45186
2011,Dakshina Kannada,Rabi,Coconut,Loam,10912,Drip,3654.0,26.8,56.0,9.75787397260274,0.3423909090909091,23456.0,238542
2012,Dakshina Kannada,Rabi,Coconut,Loam,51353,Drip,323.0,26.8,54.0,9.984295081967211,0.3934363636363637,107809.0,1516
2013,Dakshina Kannada,Rabi,Coconut,Loam,142,Drip,324.0,37.0,58.0,10.523243835616436,0.3876545454545455,1132.0,200000
2014,Dakshina Kannada,Rabi,Coconut,Loam,10505,Drip,3105.0,37.0,58.0,9.763495890410958,0.3620909090909091,23960.0,4847
2015,Dakshina Kannada,Rabi,Coconut,Loam,51040,Drip,326.0,37.0,59.0,9.057698630136986,0.3603909090909091,126487.0,51239
2016,Dakshina Kannada,Rabi,Ginger,Loam,154,Drip,327.0,38.0,50.0,9.974754098360656,0.3608545454545455,804.0,216396
2017,Dakshina Kannada,Rabi,Ginger,Loam,10318,Drip,328.0,38.0,54.0,9.751561643835617,0.3395636363636363,30362.0,2644
2018,Dakshina Kannada,Rabi,Ginger,Loam,48083,Drip,2903.1,38.0,53.0,9.655002739726028,0.3434181818181818,124492.0,44235
2012,Dakshina Kannada,Rabi,Ginger,Loam,143,Basin,2903.1,39.0,59.5,9.984295081967211,0.3934363636363637,792.0,203317
2013,Dakshina Kannada,Rabi,Ginger,Loam,9283,Basin,2903.1,39.0,55.0,10.523243835616436,0.3876545454545455,34153.0,2134
2014,Dakshina Kannada,Rabi,Ginger,Loam,47200,Basin,2996.6,39.0,53.0,9.763495890410958,0.3620909090909091,2570.0,45186
2015,Dakshina Kannada,Rabi,Ginger,Loam,158,Basin,2996.6,40.0,53.5,9.057698630136986,0.3603909090909091,27170.0,238542
2016,Dakshina Kannada,Rabi,Ginger,Sandy Loam,8982,Basin,2996.6,40.0,52.5,9.974754098360656,0.3608545454545455,114744.0,1516
2017,Dakshina Kannada,Rabi,Ginger,Sandy Loam,46990,Basin,3522.8,40.0,56.0,9.751561643835617,0.3395636363636363,1402.0,57259
2018,Dakshina Kannada,Rabi,Ginger,Sandy Loam,103,Basin,3522.8,41.0,57.0,9.655002739726028,0.3434181818181818,23456.0,234779
2019,Dakshina Kannada,Rabi,Ginger,Sandy Loam,8239,Basin,3522.8,41.0,57.5,10.073194520547943,0.3424090909090909,107809.0,1493
2004,Dakshina Kannada,Rabi,Ginger,Sandy Loam,44563,Basin,3729.8,41.0,57.0,10.411475409836063,0.4282363636363636,1132.0,64409
2005,Dakshina Kannada,Rabi,Ginger,Sandy Loam,96,Basin,3729.8,42.0,55.0,10.166597260273972,0.3671454545454545,23960.0,249978
2006,Dakshina Kannada,Rabi,Ginger,Sandy Loam,6949,Basin,3729.8,42.0,56.0,10.098838356164384,0.4176,126487.0,637
2007,Dakshina Kannada,Rabi,Ginger,Sandy Loam,44663,Basin,2746.2,42.0,54.0,9.919430136986302,0.323,804.0,43311
2008,Dakshina Kannada,Rabi,Coconut,Sandy Loam,110,Drip,2746.2,43.0,57.0,9.504295081967214,0.3603818181818182,30362.0,200000
2009,Dakshina Kannada,Rabi,Coconut,Sandy Loam,6824,Drip,2746.2,43.0,57.5,9.862224657534249,0.3680444444444444,124492.0,4847
2014,Raichur,Rabi,Coconut,Sandy Loam,18,Spray,2996.6,27.0,58.0,14.32454794520548,0.5945,103.0,238542
2015,Raichur,Rabi,Coconut,Sandy Loam,37,Spray,2996.6,27.0,59.0,14.56747397260274,0.4772272727272727,71.0,1516
2016,Raichur,Rabi,Coconut,Sandy Loam,35,Spray,3522.8,27.0,50.0,14.297508196721312,0.4654272727272727,3961.0,57259
2017,Gulbarga,Rabi,Coconut,Sandy Loam,5974,Spray,3522.8,27.0,54.0,12.800219178082193,0.4537636363636364,4247.0,234779
2018,Gulbarga,Rabi,Coconut,Sandy Loam,6631,Spray,3522.8,27.0,53.0,13.796679452054796,0.4454181818181818,3290.0,1493
2015,Gulbarga,Rabi,Coconut,Sandy Loam,6705,Spray,3729.8,27.2,52.0,13.556613698630136,0.4339545454545455,3138.0,64409
2016,Gulbarga,Rabi,Coconut,Sandy Loam,5876,Spray,3729.8,27.2,51.0,13.69455737704918,0.4428818181818182,3423.0,249978
2017,Gulbarga,Rabi,Coconut,Sandy Loam,326,Spray,3729.8,27.2,57.0,12.800219178082193,0.4537636363636364,3899.0,637
2018,Gulbarga,Rabi,Coconut,Sandy Loam,6470,Spray,2746.2,27.0,57.0,13.796679452054796,0.4454181818181818,4015.0,43311
2013,Gulbarga,Rabi,Coconut,Sandy Loam,6709,Spray,2746.2,27.0,60.0,14.621819178082191,0.4551909090909091,4279.0,24848
2014,Gulbarga,Rabi,Coconut,Sandy Loam,6186,Spray,2746.2,27.0,57.0,13.689764383561643,0.4811363636363636,4167.0,761
2015,Gulbarga,Rabi,Coconut,Sandy Loam,6503,Spray,3360.0,27.0,57.0,13.556613698630136,0.4339545454545455,4479.0,45608
2016,Gulbarga,Rabi,Coconut,Sandy Loam,5220,Spray,3360.0,27.0,54.0,13.69455737704918,0.4428818181818182,3699.0,234581
2017,Gulbarga,Rabi,Coconut,Sandy Loam,4677,Spray,3360.0,27.0,54.5,12.800219178082193,0.4537636363636364,4904.0,646
2018,Gulbarga,Rabi,Coconut,Sandy Loam,4803,Spray,3605.4,27.2,56.6,13.796679452054796,0.4454181818181818,2821.0,43562
2004,Gulbarga,Rabi,Coconut,Sandy Loam,3739,Spray,3605.4,27.2,55.5,13.973901639344264,0.4632272727272727,3472.0,200000
2005,Gulbarga,Rabi,Coconut,Sandy Loam,3529,Spray,3605.4,27.2,58.5,13.989994520547944,0.4649818181818182,3647.0,4847
2006,Gulbarga,Rabi,Coconut,Sandy Loam,3649,Spray,3512.4,27.1,59.5,13.861676712328766,0.4322181818181818,393.0,51239
2007,Gulbarga,Rabi,Coconut,Sandy Loam,1374,Spray,3512.4,27.1,55.0,13.754761643835618,0.4716454545454545,167.0,216396
2008,Gulbarga,Rabi,Coconut,Sandy Loam,1279,Spray,3512.4,27.1,53.0,13.99209836065574,0.4737272727272727,71.0,2644
2009,Gulbarga,Rabi,Coconut,Sandy Loam,13283,Spray,3296.0,26.8,53.5,14.08507397260274,0.4693363636363636,52.0,44235
2010,Gulbarga,Rabi,Coconut,Sandy Loam,52119,Spray,3296.0,26.8,52.5,13.272361643835618,0.4806090909090909,12.0,203317
2011,Gulbarga,Rabi,Coconut,Sandy Loam,725,Spray,3296.0,26.8,56.0,14.772427397260271,0.4386909090909091,51.0,2134
2012,Gulbarga,Rabi,Coconut,Sandy Loam,12885,Spray,3550.0,37.0,57.0,14.42577049180328,0.4566818181818182,61.0,45186
2013,Gulbarga,Rabi,Coconut,Sandy Loam,51179,Spray,3550.0,37.0,57.5,14.621819178082191,0.4551909090909091,67.0,238542
2014,Gulbarga,Rabi,Coconut,Sandy Loam,468,Spray,3550.0,37.0,57.0,13.689764383561643,0.4811363636363636,62.0,1516
2015,Gulbarga,Rabi,Coconut,Sandy Loam,11841,Spray,3654.0,38.0,55.0,13.556613698630136,0.4339545454545455,32.0,200000
2016,Gulbarga,Rabi,Coconut,Clay Loam,50975,Spray,3654.0,38.0,56.0,13.69455737704918,0.4428818181818182,22.0,4847
2017,Gulbarga,Rabi,Coconut,Clay Loam,206,Spray,3654.0,38.0,54.0,12.800219178082193,0.4537636363636364,25.0,51239
2016,Gulbarga,Rabi,Coconut,Clay Loam,10922,Spray,233.0,39.0,58.0,13.69455737704918,0.4428818181818182,4.0,216396
2017,Gulbarga,Rabi,Coconut,Clay Loam,51390,Spray,233.0,39.0,58.0,12.800219178082193,0.4537636363636364,9.0,2644
2018,Gulbarga,Rabi,Coconut,Clay Loam,177,Spray,233.0,39.0,59.0,13.796679452054796,0.4454181818181818,12.0,44235
2013,Gulbarga,Rabi,Coconut,Clay Loam,10723,Spray,234.0,40.0,50.0,14.621819178082191,0.4551909090909091,2089.0,203317
2014,Gulbarga,Rabi,Coconut,Clay Loam,51709,Spray,234.0,40.0,54.0,13.689764383561643,0.4811363636363636,2810.0,2134
2015,Gulbarga,Rabi,Cocoa,Clay Loam,146,Drip,234.0,40.0,53.0,13.556613698630136,0.4339545454545455,841.0,45186
2016,Gulbarga,Rabi,Cocoa,Clay Loam,10910,Drip,3105.0,41.0,52.0,13.69455737704918,0.4428818181818182,3550.0,238542
2017,Gulbarga,Rabi,Cocoa,Clay Loam,51355,Drip,3105.0,41.0,51.0,12.800219178082193,0.4537636363636364,109.0,1516
2018,Gulbarga,Rabi,Cocoa,Clay Loam,160,Drip,3105.0,41.0,57.0,13.796679452054796,0.4454181818181818,3368.0,57259
2004,Gulbarga,Rabi,Cocoa,Clay Loam,10912,Drip,236.0,42.0,57.0,13.973901639344264,0.4632272727272727,3671.0,234779
2005,Gulbarga,Rabi,Cocoa,Clay Loam,51353,Drip,236.0,42.0,60.0,13.989994520547944,0.4649818181818182,2404.0,1493
2006,Gulbarga,Rabi,Coffee,Clay Loam,1279,Drip,2903.1,42.0,57.0,13.861676712328766,0.4322181818181818,2805.0,64409
2007,Gulbarga,Rabi,Coffee,Clay Loam,13283,Drip,2903.1,43.0,57.0,13.754761643835618,0.4716454545454545,2331.0,249978
2008,Madikeri,Rabi,Coffee,Clay Loam,52119,Drip,2903.1,43.0,54.0,6.1113442622950815,0.4288454545454545,2088.0,637
2009,Madikeri,Rabi,Coffee,Clay Loam,725,Drip,2996.6,27.0,54.5,6.271890410958905,0.4718,2628.0,43311
2010,Madikeri,Rabi,Coffee,Clay Loam,12885,Drip,2996.6,27.0,56.6,5.862969863013698,0.4721363636363636,1939.0,24848
2011,Madikeri,Rabi,Coffee,Clay Loam,51179,Drip,2996.6,27.0,55.5,6.49706301369863,0.4258181818181818,1871.0,761
2012,Madikeri,Rabi,Coffee,Clay Loam,468,Drip,3522.8,27.0,58.5,6.252590163934426,0.4688545454545455,1868.0,45608
2013,Madikeri,Rabi,Coffee,Clay Loam,11841,Drip,3522.8,27.0,59.5,6.683375342465754,0.4335181818181818,127919.0,234581
2014,Madikeri,Rabi,Coffee,Clay Loam,50975,Drip,3522.8,27.0,55.0,6.103627397260274,0.4556636363636364,75340.0,646
2015,Madikeri,Rabi,Coffee,Clay Loam,206,Drip,2903.1,27.2,53.0,5.836635616438356,0.4540545454545455,29170.0,43562
2016,Madikeri,Rabi,Coffee,Clay Loam,10922,Drip,2903.1,27.2,53.5,6.23183606557377,0.4848909090909091,1901.0,200000
2017,Madikeri,Rabi,Coffee,Clay Loam,51390,Drip,2903.1,27.2,52.5,6.04158904109589,0.4788363636363636,972.0,4847
2016,Madikeri,Rabi,Coffee,Clay Loam,177,Drip,2996.6,27.0,56.0,6.23183606557377,0.4848909090909091,874.0,51239
2017,Madikeri,Rabi,Coffee,Clay Loam,10723,Drip,2996.6,27.0,57.0,6.04158904109589,0.4788363636363636,592.0,216396
2016,Madikeri,Rabi,Coffee,Clay Loam,51709,Drip,2996.6,27.0,57.5,6.23183606557377,0.4848909090909091,864.0,2644
2017,Madikeri,Rabi,Cardamum,Clay Loam,146,Drip,3522.8,27.0,57.0,6.04158904109589,0.4788363636363636,5373.0,44235
2018,Madikeri,Rabi,Cardamum,Clay Loam,10910,Drip,3522.8,27.0,55.0,6.021961643835617,0.4335090909090909,6589.0,203317
2013,Madikeri,Rabi,Cardamum,Clay Loam,51355,Drip,3522.8,27.0,56.0,6.683375342465754,0.4335181818181818,5107.0,2134
2014,Madikeri,Rabi,Cardamum,Clay Loam,160,Drip,3729.8,27.2,54.0,6.103627397260274,0.4556636363636364,5518.0,45186
2015,Madikeri,Rabi,Cardamum,Clay Loam,10912,Drip,3729.8,27.2,58.0,5.836635616438356,0.4540545454545455,4912.0,238542
2016,Madikeri,Rabi,Cardamum,Drained Loam,51353,Drip,3729.8,27.2,58.0,6.23183606557377,0.4848909090909091,3830.0,1516
2017,Madikeri,Rabi,Cardamum,Drained Loam,1279,Drip,2746.2,27.1,59.0,6.04158904109589,0.4788363636363636,4.0,57259
2018,Madikeri,Rabi,Cardamum,Drained Loam,13283,Drip,2746.2,27.1,50.0,6.021961643835617,0.4335090909090909,9.0,234779
2004,Madikeri,Rabi,Cardamum,Drained Loam,52119,Drip,2746.2,27.1,54.0,6.525934426229509,0.4472545454545455,12.0,1493
2005,Madikeri,Rabi,Cardamum,Drained Loam,725,Drip,3360.0,26.8,53.0,6.273468493150686,0.4658,2089.0,64409
2006,Madikeri,Rabi,Cardamum,Drained Loam,12885,Drip,3360.0,26.8,52.0,6.635243835616438,0.4616090909090909,2810.0,249978
2007,Madikeri,Rabi,Cardamum,Drained Loam,51179,Drip,3360.0,26.8,51.0,6.265972602739726,0.4300636363636364,841.0,637
2008,Madikeri,Rabi,Cardamum,Drained Loam,468,Drip,3605.4,37.0,57.0,6.1113442622950815,0.4288454545454545,3550.0,43311
2009,Madikeri,Rabi,Cardamum,Drained Loam,11841,Drip,3605.4,37.0,57.0,6.271890410958905,0.4718,109.0,24848
2010,Madikeri,Rabi,Cardamum,Drained Loam,50975,Drip,2903.1,37.0,60.0,5.862969863013698,0.4721363636363636,3368.0,761
2011,Madikeri,Rabi,Pepper,Drained Loam,206,Drip,2903.1,38.0,57.0,6.49706301369863,0.4258181818181818,3671.0,45608
2012,Madikeri,Rabi,Pepper,Drained Loam,10922,Drip,2903.1,38.0,57.0,6.252590163934426,0.4688545454545455,2404.0,234581
2013,Madikeri,Rabi,Pepper,Drained Loam,51390,Drip,2996.6,38.0,54.0,6.683375342465754,0.4335181818181818,2805.0,646
2014,Madikeri,Rabi,Pepper,Drained Loam,177,Drip,2996.6,39.0,54.5,6.103627397260274,0.4556636363636364,2331.0,43562
2015,Madikeri,Rabi,Pepper,Drained Loam,10723,Drip,2996.6,39.0,56.6,5.836635616438356,0.4540545454545455,2088.0,200000
2016,Chikmangaluru,Rabi,Pepper,Drained Loam,51709,Drip,3522.8,39.0,55.5,8.220786885245902,0.8332454545454546,2628.0,4847
2017,Chikmangaluru,Rabi,Pepper,Drained Loam,1279,Drip,3522.8,40.0,58.5,8.1165698630137,0.8266545454545454,1939.0,51239
2017,Chikmangaluru,Rabi,Pepper,Drained Loam,13283,Drip,3522.8,40.0,59.5,8.1165698630137,0.8266545454545454,1871.0,216396
2016,Chikmangaluru,Rabi,Pepper,Drained Loam,52119,Basin,3729.8,40.0,55.0,8.220786885245902,0.8332454545454546,1868.0,2644
2017,Chikmangaluru,Rabi,Pepper,Drained Loam,725,Basin,2903.1,41.0,53.0,8.1165698630137,0.8266545454545454,127919.0,44235
2018,Chikmangaluru,Rabi,Pepper,Drained Loam,12885,Basin,2903.1,41.0,53.5,8.283945205479451,0.8212727272727273,75340.0,203317
2013,Chikmangaluru,Rabi,Pepper,Drained Loam,51179,Basin,2903.1,41.0,52.5,8.723835616438356,0.823009090909091,29170.0,2134
2014,Chikmangaluru,Rabi,Pepper,Drained Loam,468,Basin,2996.6,42.0,56.0,8.067550684931506,0.8393,1901.0,45186
2015,Chikmangaluru,Rabi,Pepper,Drained Loam,11841,Basin,2996.6,42.0,57.0,7.928679452054794,0.8594909090909091,972.0,238542
2016,Chikmangaluru,Rabi,Pepper,Drained Loam,50975,Basin,2996.6,42.0,57.5,8.220786885245902,0.8332454545454546,874.0,1516
2017,Chikmangaluru,Rabi,Arecanut,Drained Loam,206,Basin,3522.8,43.0,57.0,8.1165698630137,0.8266545454545454,592.0,200000
2018,Chikmangaluru,Rabi,Arecanut,Drained Loam,10922,Basin,3522.8,27.0,55.0,8.283945205479451,0.8212727272727273,864.0,4847
2004,Chikmangaluru,Rabi,Arecanut,Drained Loam,51390,Basin,3522.8,27.0,56.0,8.667934426229507,0.8515727272727273,5373.0,51239
2005,Chikmangaluru,Rabi,Arecanut,Drained Loam,177,Basin,3729.8,27.0,54.0,8.097435616438355,0.8359545454545454,6589.0,216396
2006,Chikmangaluru,Rabi,Arecanut,Drained Loam,10723,Basin,3729.8,27.0,58.0,8.92721095890411,0.8343272727272728,5107.0,2644
2007,Chikmangaluru,Rabi,Arecanut,Drained Loam,51709,Basin,3729.8,27.0,58.0,8.239857534246577,0.8071363636363637,5518.0,44235
2008,Chikmangaluru,Rabi,Arecanut,Drained Loam,146,Basin,2746.2,27.0,59.0,8.19472131147541,0.8342818181818182,4912.0,203317
2009,Chikmangaluru,Rabi,Arecanut,Drained Loam,10910,Basin,2746.2,27.0,50.0,8.389676712328766,0.840509090909091,3830.0,2134
2010,Chikmangaluru,Rabi,Arecanut,Drained Loam,51355,Basin,2746.2,27.0,54.0,7.646794520547945,0.8229454545454546,4.0,45186
2011,Chikmangaluru,Rabi,Arecanut,Drained Loam,160,Basin,3360.0,27.2,53.0,8.771868493150684,0.7876090909090909,9.0,238542
2012,Chikmangaluru,Rabi,Arecanut,Clay Loam,10912,Basin,3360.0,27.2,52.0,8.314032786885246,0.845990909090909,12.0,1516
2013,Chikmangaluru,Rabi,Arecanut,Clay Loam,51353,Basin,3360.0,27.2,51.0,8.723835616438356,0.823009090909091,2089.0,57259
2014,Chikmangaluru,Rabi,Arecanut,Clay Loam,142,Basin,3605.4,27.0,57.0,8.067550684931506,0.8393,2810.0,234779
2015,Chikmangaluru,Rabi,Arecanut,Clay Loam,10505,Basin,3605.4,27.0,57.0,7.928679452054794,0.8594909090909091,841.0,1493
2016,Chikmangaluru,Rabi,Arecanut,Clay Loam,51040,Basin,3605.4,27.0,60.0,8.220786885245902,0.8332454545454546,3550.0,64409
2017,Chikmangaluru,Rabi,Ginger,Clay Loam,154,Basin,3512.4,27.0,57.0,8.1165698630137,0.8266545454545454,109.0,249978
2004,Chikmangaluru,Rabi,Ginger,Clay Loam,10318,Basin,3512.4,27.0,57.0,8.667934426229507,0.8515727272727273,3368.0,637
2004,Chikmangaluru,Rabi,Ginger,Clay Loam,48083,Basin,3512.4,27.0,54.0,8.667934426229507,0.8515727272727273,3671.0,43311
2004,Chikmangaluru,Rabi,Ginger,Clay Loam,143,Basin,3296.0,27.2,54.5,8.667934426229507,0.8515727272727273,2404.0,24848
2004,Chikmangaluru,Rabi,Ginger,Clay Loam,9283,Basin,3296.0,27.2,56.6,8.667934426229507,0.8515727272727273,2805.0,761
2004,Chikmangaluru,Rabi,Ginger,Clay Loam,47200,Basin,3296.0,27.2,55.5,8.667934426229507,0.8515727272727273,2331.0,45608
2004,Chikmangaluru,Rabi,Ginger,Clay Loam,158,Basin,3550.0,27.1,58.5,8.667934426229507,0.8515727272727273,2088.0,234581
2004,Chikmangaluru,Rabi,Ginger,Clay Loam,8982,Basin,3550.0,27.1,59.5,8.667934426229507,0.8515727272727273,2628.0,646
2004,Chikmangaluru,Rabi,Ginger,Clay Loam,46990,Basin,3550.0,27.1,55.0,8.667934426229507,0.8515727272727273,1939.0,43562
2004,Chikmangaluru,Rabi,Ginger,Clay Loam,103,Basin,3654.0,26.8,53.0,8.667934426229507,0.8515727272727273,1871.0,200000
2004,Chikmangaluru,Rabi,Ginger,Clay Loam,8239,Basin,3654.0,26.8,53.5,8.667934426229507,0.8515727272727273,1868.0,4847
2004,Chikmangaluru,Rabi,Ginger,Clay Loam,44563,Basin,3654.0,27.1,52.5,8.667934426229507,0.8515727272727273,127919.0,51239
2004,Chikmangaluru,Rabi,Ginger,Clay Loam,96,Basin,233.0,27.1,56.0,8.667934426229507,0.8515727272727273,75340.0,216396
2004,Chikmangaluru,Rabi,Ginger,Clay Loam,6949,Basin,233.0,26.8,57.0,8.667934426229507,0.8515727272727273,29170.0,2644
2004,Chikmangaluru,Rabi,Ginger,Clay Loam,44663,Basin,233.0,26.8,57.5,8.667934426229507,0.8515727272727273,1901.0,44235
2004,Chikmangaluru,Rabi,Tea,Clay Loam,110,Basin,234.0,26.8,57.0,8.667934426229507,0.8515727272727273,972.0,203317
2004,Chikmangaluru,Rabi,Tea,Clay Loam,6824,Basin,234.0,37.0,55.0,8.667934426229507,0.8515727272727273,874.0,2134
2004,Chikmangaluru,Rabi,Tea,Clay Loam,43013,Basin,234.0,37.0,56.0,8.667934426229507,0.8515727272727273,592.0,45186
2004,Chikmangaluru,Rabi,Tea,Clay Loam,95,Basin,3105.0,37.0,54.0,8.667934426229507,0.8515727272727273,864.0,238542
2004,Chikmangaluru,Rabi,Tea,Clay Loam,6441,Basin,3105.0,38.0,58.0,8.667934426229507,0.8515727272727273,5373.0,1516
2004,Chikmangaluru,Rabi,Tea,Clay Loam,4012,Basin,3105.0,38.0,58.0,8.667934426229507,0.8515727272727273,6589.0,57259
2004,Chikmangaluru,Rabi,Tea,Clay Loam,4877,Spray,236.0,38.0,59.0,8.667934426229507,0.8515727272727273,5107.0,234779
2004,Chikmangaluru,Rabi,Tea,Clay Loam,4930,Spray,236.0,39.0,50.0,8.667934426229507,0.8515727272727273,5518.0,1493
2004,Chikmangaluru,Rabi,Tea,Clay Loam,4954,Spray,2903.1,39.0,54.0,8.667934426229507,0.8515727272727273,4912.0,64409
2004,Chikmangaluru,Rabi,Tea,Clay Loam,5019,Spray,2903.1,39.0,53.0,8.667934426229507,0.8515727272727273,3830.0,249978
2004,Chikmangaluru,Rabi,Tea,Clay Loam,5127,Spray,2903.1,40.0,52.0,8.667934426229507,0.8515727272727273,313547.0,637
2004,Chikmangaluru,Rabi,Tea,Clay Loam,5174,Spray,2996.6,40.0,51.0,8.667934426229507,0.8515727272727273,2783.0,43311
2004,Chikmangaluru,Rabi,Tea,Clay Loam,5294,Spray,2996.6,40.0,57.0,8.667934426229507,0.8515727272727273,1533.0,24848
2004,Hassan,Rabi,Tea,Clay Loam,5474,Spray,2996.6,41.0,57.0,12.409475409836066,0.4079363636363636,1647.0,761
2004,Hassan,Rabi,Tea,Clay Loam,5864,Spray,3522.8,41.0,60.0,12.409475409836066,0.4079363636363636,975.0,45608
2004,Hassan,Rabi,Paddy,Clay Loam,7028,Spray,3522.8,41.0,57.0,12.409475409836066,0.4079363636363636,2.0,234581
2004,Hassan,Rabi,Paddy,Clay Loam,7403,Spray,3522.8,42.0,57.0,12.409475409836066,0.4079363636363636,836.0,646
2004,Hassan,Rabi,Paddy,Clay Loam,7501,Spray,3729.8,42.0,54.0,12.409475409836066,0.4079363636363636,806.0,43562
2004,Hassan,Rabi,Paddy,Clay Loam,7714,Spray,3729.8,42.0,54.5,12.409475409836066,0.4079363636363636,880.0,200000
2004,Hassan,Rabi,Paddy,Clay Loam,7856,Spray,3729.8,43.0,56.6,12.409475409836066,0.4079363636363636,770.0,4847
2004,Hassan,Rabi,Paddy,Clay Loam,32,Spray,2746.2,27.0,55.5,12.409475409836066,0.4079363636363636,395.0,51239
2004,Hassan,Rabi,Paddy,Clay Loam,1,Spray,2746.2,27.0,58.5,12.409475409836066,0.4079363636363636,187.0,216396
2004,Hassan,Rabi,Paddy,Clay Loam,30,Spray,2746.2,27.0,59.5,12.409475409836066,0.4079363636363636,187.0,2644
2004,Hassan,Rabi,Paddy,Clay Loam,6,Spray,3360.0,27.0,55.0,12.409475409836066,0.4079363636363636,121.0,44235
2004,Hassan,Rabi,Paddy,Clay Loam,15,Spray,3360.0,27.0,53.0,12.409475409836066,0.4079363636363636,103.0,203317
2004,Hassan,Rabi,Paddy,Clay Loam,4,Spray,3360.0,27.0,53.5,12.409475409836066,0.4079363636363636,71.0,2134
2004,Hassan,Rabi,Paddy,Clay Loam,39,Spray,3605.4,27.2,52.5,12.409475409836066,0.4079363636363636,3961.0,45186
2004,Hassan,Rabi,Paddy,Clay Loam,6,Spray,3605.4,27.2,56.0,12.409475409836066,0.4079363636363636,4247.0,238542
2004,Hassan,Rabi,Paddy,Clay Loam,12,Spray,3605.4,27.2,57.0,12.409475409836066,0.4079363636363636,3290.0,1516
2004,Hassan,Rabi,Paddy,Clay Loam,3,Spray,3512.4,27.0,57.5,12.409475409836066,0.4079363636363636,3138.0,200000
2004,Hassan,Rabi,Groundnut,Drained Loam,17,Spray,3512.4,27.0,57.0,12.409475409836066,0.4079363636363636,3423.0,4847
2004,Hassan,Rabi,Groundnut,Drained Loam,3,Spray,3512.4,27.0,55.0,12.409475409836066,0.4079363636363636,3899.0,51239
2004,Hassan,Rabi,Groundnut,Drained Loam,9,Spray,3296.0,27.0,56.0,12.409475409836066,0.4079363636363636,4015.0,216396
2004,Hassan,Rabi,Groundnut,Drained Loam,21,Spray,3296.0,27.0,54.0,12.409475409836066,0.4079363636363636,4279.0,2644
2004,Hassan,Rabi,Groundnut,Drained Loam,11,Spray,3296.0,27.0,58.0,12.409475409836066,0.4079363636363636,4167.0,44235
2004,Hassan,Rabi,Groundnut,Drained Loam,4,Spray,3550.0,27.2,58.0,12.409475409836066,0.4079363636363636,4479.0,203317
2004,Hassan,Rabi,Groundnut,Drained Loam,15,Spray,3550.0,27.2,59.0,12.409475409836066,0.4079363636363636,3699.0,2134
2004,Hassan,Rabi,Groundnut,Drained Loam,8,Spray,3550.0,27.2,50.0,12.409475409836066,0.4079363636363636,4904.0,45186
2004,Hassan,Rabi,Groundnut,Drained Loam,29,Spray,3654.0,27.1,54.0,12.409475409836066,0.4079363636363636,2821.0,238542
2004,Hassan,Rabi,Groundnut,Drained Loam,1,Spray,3654.0,27.1,53.0,12.409475409836066,0.4079363636363636,3472.0,1516
2004,Hassan,Rabi,Groundnut,Drained Loam,13736,Spray,3654.0,27.1,52.0,12.409475409836066,0.4079363636363636,3647.0,57259
2004,Hassan,Rabi,Groundnut,Drained Loam,14003,Spray,233.0,26.8,51.0,12.409475409836066,0.4079363636363636,393.0,234779
2004,Hassan,Rabi,Groundnut,Drained Loam,14179,Spray,233.0,26.8,57.0,12.409475409836066,0.4079363636363636,167.0,1493
2004,Hassan,Rabi,Groundnut,Drained Loam,14319,Spray,233.0,26.8,57.0,12.409475409836066,0.4079363636363636,71.0,64409
2004,Hassan,Rabi,Groundnut,Drained Loam,14464,Spray,234.0,37.0,60.0,12.409475409836066,0.4079363636363636,52.0,249978
2004,Hassan,Rabi,Blackgram,Drained Loam,14876,Spray,234.0,37.0,57.0,12.409475409836066,0.4079363636363636,313547.0,637
2004,Hassan,Rabi,Blackgram,Drained Loam,14976,Spray,234.0,37.0,57.0,12.409475409836066,0.4079363636363636,2783.0,43311
2004,Hassan,Rabi,Blackgram,Drained Loam,15009,Spray,3105.0,38.0,54.0,12.409475409836066,0.4079363636363636,1533.0,24848
2004,Hassan,Rabi,Blackgram,Drained Loam,15114,Spray,3105.0,38.0,54.5,12.409475409836066,0.4079363636363636,1647.0,761
2004,Hassan,Rabi,Blackgram,Drained Loam,16224,Spray,3105.0,38.0,56.6,12.409475409836066,0.4079363636363636,975.0,45608
2004,Hassan,Rabi,Blackgram,Drained Loam,17095,Drip,236.0,39.0,55.5,12.409475409836066,0.4079363636363636,2.0,234581
2004,Hassan,Rabi,Blackgram,Drained Loam,17512,Drip,2903.1,39.0,58.5,12.409475409836066,0.4079363636363636,836.0,646
2004,Hassan,Rabi,Blackgram,Drained Loam,17587,Drip,2903.1,39.0,59.5,12.409475409836066,0.4079363636363636,806.0,43562
2004,Hassan,Rabi,Blackgram,Drained Loam,17771,Drip,2903.1,40.0,55.0,12.409475409836066,0.4079363636363636,880.0,200000
2004,Hassan,Rabi,Blackgram,Drained Loam,17825,Drip,2996.6,40.0,53.0,12.409475409836066,0.4079363636363636,770.0,4847
2004,Hassan,Rabi,Blackgram,Drained Loam,3147,Drip,2996.6,40.0,53.5,12.409475409836066,0.4079363636363636,395.0,51239
2004,Hassan,Rabi,Blackgram,Drained Loam,2578,Drip,2996.6,41.0,52.5,12.409475409836066,0.4079363636363636,187.0,216396
2004,Hassan,Rabi,Blackgram,Drained Loam,1591,Drip,3522.8,41.0,56.0,12.409475409836066,0.4079363636363636,187.0,2644
2004,Hassan,Rabi,Blackgram,Drained Loam,1298,Drip,3522.8,41.0,59.5,12.409475409836066,0.4079363636363636,121.0,44235
2004,Hassan,Rabi,Blackgram,Drained Loam,4,Drip,3522.8,42.0,55.0,12.409475409836066,0.4079363636363636,103.0,203317
2004,Hassan,Rabi,Cashew,Drained Loam,1122,Drip,3729.8,42.0,53.0,12.409475409836066,0.4079363636363636,71.0,2134
2004,Hassan,Rabi,Cashew,Drained Loam,917,Drip,3729.8,42.0,53.5,12.409475409836066,0.4079363636363636,3961.0,45186
2004,Hassan,Rabi,Cashew,Drained Loam,819,Drip,3729.8,43.0,52.5,12.409475409836066,0.4079363636363636,4247.0,238542
2004,Hassan,Rabi,Cashew,Drained Loam,619,Drip,2746.2,43.0,56.0,12.409475409836066,0.4079363636363636,3290.0,1516
2004,Dakshina Kannada,Rabi,Cashew,Drained Loam,391,Drip,2746.2,27.0,57.0,10.411475409836063,0.4282363636363636,3138.0,57259
2004,Dakshina Kannada,Rabi,Cashew,Drained Loam,211,Drip,2746.2,27.0,57.5,10.411475409836063,0.4282363636363636,3423.0,234779
2004,Dakshina Kannada,Rabi,Cashew,Drained Loam,153,Drip,3360.0,27.0,57.0,10.411475409836063,0.4282363636363636,3899.0,1493
2004,Dakshina Kannada,Rabi,Cashew,Drained Loam,111,Drip,3360.0,27.0,55.0,10.411475409836063,0.4282363636363636,4015.0,64409
2004,Dakshina Kannada,Rabi,Cashew,Drained Loam,76,Drip,3360.0,27.0,56.0,10.411475409836063,0.4282363636363636,4279.0,249978
2004,Dakshina Kannada,Rabi,Cashew,Drained Loam,53,Drip,3605.4,27.0,54.0,10.411475409836063,0.4282363636363636,4167.0,637
2004,Dakshina Kannada,Rabi,Cashew,Drained Loam,2688,Drip,3605.4,27.2,58.0,10.411475409836063,0.4282363636363636,4479.0,43311
2004,Dakshina Kannada,Rabi,Cashew,Drained Loam,2311,Drip,3605.4,27.2,58.0,10.411475409836063,0.4282363636363636,3699.0,24848
2004,Dakshina Kannada,Rabi,Cashew,Drained Loam,2188,Drip,3512.4,27.2,59.0,10.411475409836063,0.4282363636363636,4904.0,761
2004,Dakshina Kannada,Rabi,Cashew,Drained Loam,1998,Drip,3512.4,27.0,50.0,10.411475409836063,0.4282363636363636,2821.0,45608
2004,Dakshina Kannada,Rabi,Cashew,Drained Loam,2006,Drip,3512.4,27.0,54.0,10.411475409836063,0.4282363636363636,3472.0,234581
2004,Dakshina Kannada,Rabi,Coconut,Drained Loam,2034,Drip,3296.0,27.0,53.0,10.411475409836063,0.4282363636363636,3647.0,646
2004,Dakshina Kannada,Rabi,Coconut,Drained Loam,2035,Drip,3296.0,27.0,59.5,10.411475409836063,0.4282363636363636,393.0,43562
2004,Dakshina Kannada,Rabi,Coconut,Drained Loam,2074,Drip,3296.0,27.0,55.0,10.411475409836063,0.4282363636363636,167.0,200000
2004,Kodagu,Rabi,Coconut,Drained Loam,2127,Drip,3550.0,27.0,53.0,6.525934426229509,0.7472272727272727,71.0,4847
2004,Kodagu,Rabi,Coconut,Drained Loam,2090,Drip,3550.0,27.2,53.5,6.525934426229509,0.7472272727272727,52.0,51239
2004,Kodagu,Rabi,Coconut,Red,2059,Drip,3550.0,27.2,52.5,6.525934426229509,0.7472272727272727,2570.0,216396
2004,Kodagu,Rabi,Coconut,Red,2050,Drip,3654.0,27.2,56.0,6.525934426229509,0.7472272727272727,27170.0,2644
2004,Kodagu,Rabi,Coconut,Red,1865,Drip,3654.0,27.1,57.0,6.525934426229509,0.7472272727272727,114744.0,44235
2004,Kodagu,Rabi,Coconut,Red,1841,Drip,3654.0,27.1,57.5,6.525934426229509,0.7472272727272727,1402.0,203317
2004,Kodagu,Rabi,Coconut,Red,1799,Drip,233.0,27.1,57.0,6.525934426229509,0.7472272727272727,23456.0,2134
2004,Kodagu,Rabi,Coconut,Red,1468,Drip,233.0,26.8,55.0,6.525934426229509,0.7472272727272727,107809.0,45186
2004,Kodagu,Rabi,Coconut,Red,568,Drip,233.0,26.8,56.0,6.525934426229509,0.7472272727272727,1132.0,238542
2004,Kodagu,Rabi,Coconut,Red,407,Drip,234.0,26.8,54.0,6.525934426229509,0.7472272727272727,23960.0,1516
2004,Kodagu,Rabi,Coconut,Red,177,Drip,234.0,37.0,58.0,6.525934426229509,0.7472272727272727,126487.0,200000
2004,Kodagu,Rabi,Coconut,Red,51,Drip,234.0,37.0,58.0,6.525934426229509,0.7472272727272727,804.0,4847
2004,Kodagu,Rabi,Coconut,Red,173,Drip,3105.0,37.0,59.0,6.525934426229509,0.7472272727272727,30362.0,51239
2004,Kasaragodu,Rabi,Ginger,Red,201,Drip,3105.0,38.0,50.0,10.411475409836063,0.7905909090909091,124492.0,216396
2004,Kasaragodu,Rabi,Ginger,Red,206,Drip,3105.0,38.0,54.0,10.411475409836063,0.7905909090909091,792.0,2644
2004,Kasaragodu,Rabi,Ginger,Red,243,Drip,236.0,38.0,53.0,10.411475409836063,0.7905909090909091,34153.0,44235
2004,Kasaragodu,Rabi,Ginger,Red,123,Basin,236.0,39.0,59.5,10.411475409836063,0.7905909090909091,2570.0,203317
2004,Kasaragodu,Rabi,Ginger,Red,82,Basin,321.0,39.0,55.0,10.411475409836063,0.7905909090909091,27170.0,2134
2004,Kasaragodu,Rabi,Ginger,Red,74,Basin,3654.0,39.0,53.0,10.411475409836063,0.7905909090909091,114744.0,45186
2004,Kasaragodu,Rabi,Ginger,Red,18,Basin,323.0,41.0,53.5,10.411475409836063,0.7905909090909091,1402.0,238542
2004,Kasaragodu,Rabi,Ginger,Red,37,Basin,324.0,42.0,52.5,10.411475409836063,0.7905909090909091,23456.0,1516
2004,Kasaragodu,Rabi,Ginger,Red,35,Basin,3105.0,42.0,56.0,10.411475409836063,0.7905909090909091,107809.0,57259
2004,Kasaragodu,Rabi,Ginger,Red,5974,Basin,326.0,42.0,57.0,10.411475409836063,0.7905909090909091,1132.0,234779
2004,Kasaragodu,Rabi,Ginger,Red,6631,Basin,327.0,43.0,57.5,10.411475409836063,0.7905909090909091,23960.0,1493
2004,Kasaragodu,Rabi,Ginger,Red,6705,Basin,328.0,43.0,57.0,10.411475409836063,0.7905909090909091,126487.0,64409
2006,Gulbarga,Rabi,Coconut,Sandy Loam,4,Spray,236.0,27.0,57.0,13.861676712328766,0.4322181818181818,187.0,2644
2007,Gulbarga,Rabi,Coconut,Sandy Loam,15,Spray,236.0,27.0,55.0,13.754761643835618,0.4716454545454545,187.0,44235
2008,Gulbarga,Rabi,Coconut,Sandy Loam,8,Spray,2903.1,27.0,56.0,13.99209836065574,0.4737272727272727,121.0,203317
2009,Gulbarga,Rabi,Coconut,Sandy Loam,29,Spray,2903.1,27.0,54.0,14.08507397260274,0.4693363636363636,103.0,2134
2010,Gulbarga,Rabi,Coconut,Sandy Loam,1,Spray,2903.1,27.0,58.0,13.272361643835618,0.4806090909090909,71.0,45186
2011,Gulbarga,Rabi,Coconut,Sandy Loam,13736,Spray,2996.6,27.2,58.0,14.772427397260271,0.4386909090909091,3961.0,238542
2012,Gulbarga,Rabi,Coconut,Sandy Loam,14003,Spray,2996.6,27.2,59.0,14.42577049180328,0.4566818181818182,4247.0,1516
2013,Gulbarga,Rabi,Coconut,Sandy Loam,14179,Spray,2996.6,27.2,50.0,14.621819178082191,0.4551909090909091,3290.0,57259
2014,Gulbarga,Rabi,Coconut,Sandy Loam,14319,Spray,3522.8,27.0,54.0,13.689764383561643,0.4811363636363636,3138.0,234779
2015,Gulbarga,Rabi,Coconut,Sandy Loam,14464,Spray,3522.8,27.0,53.0,13.556613698630136,0.4339545454545455,3423.0,1493
2016,Gulbarga,Rabi,Coconut,Sandy Loam,14876,Spray,3522.8,27.0,52.0,13.69455737704918,0.4428818181818182,3899.0,64409
2017,Gulbarga,Rabi,Coconut,Sandy Loam,14976,Spray,2903.1,27.0,51.0,12.800219178082193,0.4537636363636364,4015.0,249978
2018,Gulbarga,Rabi,Coconut,Sandy Loam,15009,Spray,2903.1,27.0,57.0,13.796679452054796,0.4454181818181818,4279.0,637
2004,Gulbarga,Rabi,Coconut,Sandy Loam,15114,Spray,2903.1,27.0,57.0,13.973901639344264,0.4632272727272727,4167.0,43311
2005,Gulbarga,Rabi,Coconut,Sandy Loam,16224,Spray,2996.6,27.2,60.0,13.989994520547944,0.4649818181818182,4479.0,24848
2006,Gulbarga,Rabi,Coconut,Sandy Loam,17095,Spray,2996.6,27.2,57.0,13.861676712328766,0.4322181818181818,3699.0,761
2007,Gulbarga,Rabi,Coconut,Sandy Loam,17512,Spray,2996.6,27.2,57.0,13.754761643835618,0.4716454545454545,4904.0,45608
2008,Gulbarga,Rabi,Coconut,Clay Loam,17587,Spray,3522.8,27.1,54.0,13.99209836065574,0.4737272727272727,2821.0,234581
2009,Gulbarga,Rabi,Coconut,Red,17771,Spray,3522.8,27.1,54.5,14.08507397260274,0.4693363636363636,3472.0,646
2010,Gulbarga,Rabi,Coconut,Red,17825,Spray,3522.8,27.1,56.6,13.272361643835618,0.4806090909090909,3647.0,43562
2011,Gulbarga,Rabi,Coconut,Red,3147,Spray,3729.8,26.8,55.5,14.772427397260271,0.4386909090909091,393.0,200000
2012,Gulbarga,Rabi,Coconut,Red,2578,Spray,3729.8,26.8,58.5,14.42577049180328,0.4566818181818182,167.0,4847
2013,Gulbarga,Rabi,Coconut,Red,1591,Spray,3729.8,26.8,59.5,14.621819178082191,0.4551909090909091,71.0,51239
2014,Gulbarga,Rabi,Coconut,Red,1298,Spray,2746.2,37.0,55.0,13.689764383561643,0.4811363636363636,52.0,216396
2015,Gulbarga,Rabi,Coconut,Red,4,Spray,2746.2,37.0,53.0,13.556613698630136,0.4339545454545455,12.0,2644
2016,Gulbarga,Rabi,Coconut,Red,1122,Spray,2746.2,37.0,53.5,13.69455737704918,0.4428818181818182,51.0,44235
2017,Gulbarga,Rabi,Coconut,Red,917,Spray,3360.0,38.0,52.5,12.800219178082193,0.4537636363636364,61.0,203317
2018,Gulbarga,Rabi,Coconut,Red,819,Spray,3360.0,38.0,56.0,13.796679452054796,0.4454181818181818,67.0,2134
2004,Gulbarga,Rabi,Coconut,Red,619,Spray,3360.0,38.0,57.0,13.973901639344264,0.4632272727272727,62.0,45186
2005,Gulbarga,Rabi,Coconut,Red,391,Spray,3605.4,39.0,57.5,13.989994520547944,0.4649818181818182,32.0,238542
2006,Gulbarga,Rabi,Coconut,Red,211,Spray,3605.4,39.0,57.0,13.861676712328766,0.4322181818181818,22.0,1516
2007,Gulbarga,Rabi,Coconut,Red,153,Spray,3605.4,39.0,55.0,13.754761643835618,0.4716454545454545,25.0,200000
2008,Gulbarga,Rabi,Coconut,Red,111,Spray,3512.4,40.0,56.0,13.99209836065574,0.4737272727272727,4.0,4847
2009,Madikeri,Rabi,Coconut,Red,76,Spray,3512.4,40.0,54.0,6.271890410958905,0.4718,9.0,51239
2010,Madikeri,Rabi,Coconut,Red,53,Spray,3512.4,40.0,58.0,5.862969863013698,0.4721363636363636,12.0,216396
2011,Madikeri,Rabi,Coconut,Red,2688,Spray,3296.0,41.0,58.0,6.49706301369863,0.4258181818181818,2089.0,2644
2012,Madikeri,Rabi,Coconut,Red,2311,Spray,3296.0,41.0,59.0,6.252590163934426,0.4688545454545455,2810.0,44235
2013,Madikeri,Rabi,Coconut,Red,2188,Spray,3296.0,41.0,50.0,6.683375342465754,0.4335181818181818,841.0,203317
2014,Madikeri,Rabi,Coconut,Red,1998,Spray,3550.0,42.0,54.0,6.103627397260274,0.4556636363636364,3550.0,2134
2015,Madikeri,Rabi,Cocoa,Red,2006,Drip,3550.0,42.0,53.0,5.836635616438356,0.4540545454545455,109.0,45186
2016,Madikeri,Rabi,Cocoa,Red,2034,Drip,3550.0,42.0,52.0,6.23183606557377,0.4848909090909091,3368.0,238542
2017,Madikeri,Rabi,Cocoa,Red,2035,Drip,3654.0,43.0,51.0,6.04158904109589,0.4788363636363636,3671.0,1516
2018,Madikeri,Rabi,Cocoa,Red,2074,Drip,3654.0,43.0,57.0,6.021961643835617,0.4335090909090909,2404.0,57259
2004,Madikeri,Rabi,Cocoa,Red,2127,Drip,3654.0,27.0,57.0,6.525934426229509,0.4472545454545455,2805.0,234779
2005,Madikeri,Rabi,Cocoa,Red,2090,Drip,233.0,27.0,60.0,6.273468493150686,0.4658,2331.0,1493
2006,Madikeri,Rabi,Coffee,Red,2059,Drip,233.0,27.0,57.0,6.635243835616438,0.4616090909090909,2088.0,64409
2007,Madikeri,Rabi,Coffee,Red,2050,Drip,233.0,27.0,57.0,6.265972602739726,0.4300636363636364,2628.0,249978
2008,Madikeri,Rabi,Coffee,Red,1865,Drip,234.0,27.0,54.0,6.1113442622950815,0.4288454545454545,1939.0,637
2009,Madikeri,Rabi,Coffee,Red,1841,Drip,234.0,27.0,54.5,6.271890410958905,0.4718,1871.0,43311
2010,Madikeri,Rabi,Coffee,Red,1799,Drip,234.0,27.2,56.6,5.862969863013698,0.4721363636363636,1868.0,24848
2011,Madikeri,Rabi,Coffee,Red,1468,Drip,3105.0,27.2,55.5,6.49706301369863,0.4258181818181818,127919.0,761
2012,Madikeri,Rabi,Coffee,Black,568,Drip,3105.0,27.2,58.5,6.252590163934426,0.4688545454545455,75340.0,45608
2013,Madikeri,Rabi,Coffee,Black,407,Drip,3105.0,27.0,59.5,6.683375342465754,0.4335181818181818,29170.0,234581
2014,Madikeri,Rabi,Coffee,Black,177,Drip,236.0,27.0,55.0,6.103627397260274,0.4556636363636364,1901.0,646
2015,Madikeri,Rabi,Coffee,Black,51,Drip,236.0,27.0,53.0,5.836635616438356,0.4540545454545455,972.0,43562
2016,Madikeri,Rabi,Coffee,Black,173,Drip,2903.1,27.0,53.5,6.23183606557377,0.4848909090909091,874.0,200000
2017,Madikeri,Rabi,Coffee,Black,201,Drip,2903.1,27.0,52.5,6.04158904109589,0.4788363636363636,592.0,4847
2018,Madikeri,Rabi,Coffee,Black,206,Drip,2903.1,27.0,56.0,6.021961643835617,0.4335090909090909,864.0,51239
2004,Madikeri,Rabi,Coffee,Black,243,Drip,2996.6,27.2,57.0,6.525934426229509,0.4472545454545455,5373.0,216396
2005,Madikeri,Rabi,Coffee,Black,123,Drip,2996.6,27.2,57.5,6.273468493150686,0.4658,6589.0,2644
2006,Madikeri,Rabi,Cardamum,Black,82,Drip,2996.6,27.2,57.0,6.635243835616438,0.4616090909090909,5107.0,44235
2007,Hassan,Rabi,Cardamum,Black,74,Drip,3522.8,27.1,55.0,11.626619178082192,0.4128818181818182,5518.0,203317
2008,Hassan,Rabi,Cardamum,Black,18,Drip,3522.8,27.1,56.0,11.760590163934427,0.4111181818181818,4912.0,2134
2009,Hassan,Rabi,Cardamum,Black,37,Drip,3522.8,27.1,54.0,12.3314301369863,0.4219363636363636,3830.0,45186
2010,Hassan,Rabi,Cardamum,Black,35,Drip,2903.1,26.8,58.0,11.197282191780822,0.4286272727272727,4.0,238542
2011,Hassan,Rabi,Cardamum,Black,5974,Drip,2903.1,26.8,58.0,12.588657534246574,0.4415909090909091,9.0,1516
2012,Hassan,Rabi,Cardamum,Black,6631,Drip,2903.1,26.8,59.0,12.175081967213115,0.3215909090909091,12.0,57259
2013,Hassan,Rabi,Cardamum,Black,6705,Drip,2996.6,37.0,50.0,12.60424109589041,0.3842090909090909,2089.0,234779
2014,Hassan,Rabi,Cardamum,Black,5876,Drip,2996.6,37.0,54.0,11.763024657534247,0.4307,2810.0,1493
2015,Hassan,Rabi,Cardamum,Black,326,Drip,2996.6,37.0,53.0,11.717852054794522,0.4436,841.0,64409
2016,Hassan,Rabi,Cardamum,Black,6470,Drip,3522.8,38.0,52.0,12.007081967213114,0.3211909090909091,3550.0,249978
2017,Hassan,Rabi,Cardamum,Black,6709,Drip,3522.8,38.0,51.0,11.484493150684932,0.4208090909090909,109.0,637
2018,Hassan,Rabi,Cardamum,Black,6186,Drip,3522.8,38.0,57.0,12.060887671232877,0.3941909090909091,3368.0,43311
2004,Hassan,Rabi,Cardamum,Black,6503,Drip,3729.8,39.0,57.0,12.409475409836066,0.4079363636363636,3671.0,24848
2005,Hassan,Rabi,Cardamum,Black,5220,Drip,3729.8,39.0,60.0,11.4912,0.3535909090909091,2404.0,761
2006,Hassan,Rabi,Pepper,Black,4677,Drip,3729.8,39.0,57.0,12.763923287671236,0.4052363636363637,2805.0,45608
2007,Hassan,Rabi,Pepper,Black,4803,Drip,2746.2,40.0,57.0,11.626619178082192,0.4128818181818182,2331.0,234581
2008,Hassan,Rabi,Pepper,Black,3739,Drip,2746.2,40.0,54.0,11.760590163934427,0.4111181818181818,2088.0,646
2009,Hassan,Rabi,Pepper,Black,3529,Drip,2746.2,27.0,54.5,12.3314301369863,0.4219363636363636,2628.0,43562
2010,Hassan,Rabi,Pepper,Black,3649,Drip,3360.0,27.0,56.6,11.197282191780822,0.4286272727272727,1939.0,200000
2011,Hassan,Rabi,Pepper,Black,1374,Drip,3360.0,27.0,55.5,12.588657534246574,0.4415909090909091,1871.0,4847
2012,Hassan,Rabi,Pepper,Black,1279,Drip,3360.0,27.0,58.5,12.175081967213115,0.3215909090909091,1868.0,51239
2013,Hassan,Rabi,Pepper,Gravelly Sand,13283,Drip,3605.4,27.0,59.5,12.60424109589041,0.3842090909090909,127919.0,216396
2014,Hassan,Rabi,Pepper,Gravelly Sand,52119,Basin,3605.4,27.0,55.0,11.763024657534247,0.4307,75340.0,2644
2015,Hassan,Rabi,Pepper,Gravelly Sand,725,Basin,2903.1,27.2,53.0,11.717852054794522,0.4436,29170.0,44235
2016,Hassan,Rabi,Pepper,Gravelly Sand,12885,Basin,2903.1,27.2,53.5,12.007081967213114,0.3211909090909091,1901.0,203317
2017,Hassan,Rabi,Pepper,Gravelly Sand,51179,Basin,2903.1,27.2,52.5,11.484493150684932,0.4208090909090909,972.0,2134
2018,Hassan,Rabi,Pepper,Gravelly Sand,468,Basin,2996.6,27.0,56.0,12.060887671232877,0.3941909090909091,874.0,45186
2019,Hassan,Rabi,Pepper,Gravelly Sand,11841,Basin,2996.6,27.0,57.0,12.225106849315068,0.4544636363636364,592.0,238542
2004,Hassan,Rabi,Pepper,Gravelly Sand,50975,Basin,2996.6,27.0,57.5,12.409475409836066,0.4079363636363636,864.0,1516
2005,Hassan,Rabi,Arecanut,Gravelly Sand,206,Basin,3522.8,27.0,57.0,11.4912,0.3535909090909091,5373.0,200000
2006,Hassan,Rabi,Arecanut,Gravelly Sand,10922,Basin,3522.8,27.0,55.0,12.763923287671236,0.4052363636363637,6589.0,4847
2007,Hassan,Rabi,Arecanut,Gravelly Sand,51390,Basin,3522.8,27.0,56.0,11.626619178082192,0.4128818181818182,5107.0,51239
2008,Hassan,Rabi,Arecanut,Gravelly Sand,177,Basin,2746.2,27.2,54.0,11.760590163934427,0.4111181818181818,5518.0,216396
2009,Hassan,Rabi,Arecanut,Gravelly Sand,10723,Basin,2746.2,27.2,58.0,12.3314301369863,0.4219363636363636,4912.0,2644
2010,Hassan,Rabi,Arecanut,Gravelly Sand,51709,Basin,3360.0,27.2,58.0,11.197282191780822,0.4286272727272727,3830.0,44235
2011,Hassan,Rabi,Arecanut,Gravelly Sand,146,Basin,3360.0,27.1,59.0,12.588657534246574,0.4415909090909091,4.0,203317
2012,Hassan,Rabi,Arecanut,Gravelly Sand,10910,Basin,3360.0,27.1,50.0,12.175081967213115,0.3215909090909091,9.0,2134
2013,Hassan,Rabi,Arecanut,Gravelly Sand,51355,Basin,3605.4,27.1,54.0,12.60424109589041,0.3842090909090909,12.0,45186
2014,Hassan,Rabi,Arecanut,Gravelly Sand,160,Basin,3605.4,26.8,53.0,11.763024657534247,0.4307,2089.0,238542
2015,Hassan,Rabi,Arecanut,Gravelly Sand,10912,Basin,3605.4,26.8,52.0,11.717852054794522,0.4436,2810.0,1516
2016,Hassan,Rabi,Arecanut,Gravelly Sand,51353,Basin,3512.4,26.8,51.0,12.007081967213114,0.3211909090909091,841.0,57259
2017,Hassan,Rabi,Arecanut,Gravelly Sand,1279,Basin,3512.4,37.0,57.0,11.484493150684932,0.4208090909090909,3550.0,234779
2018,Hassan,Rabi,Arecanut,Gravelly Sand,13283,Basin,3512.4,37.0,57.0,12.060887671232877,0.3941909090909091,109.0,1493
2012,Hassan,Rabi,Arecanut,Gravelly Sand,52119,Basin,3296.0,37.0,60.0,12.175081967213115,0.3215909090909091,3368.0,64409
2013,Hassan,Rabi,Ginger,Gravelly Sand,725,Basin,3296.0,38.0,57.0,12.60424109589041,0.3842090909090909,3671.0,249978
2014,Hassan,Rabi,Ginger,Gravelly Sand,12885,Basin,3296.0,38.0,57.0,11.763024657534247,0.4307,2404.0,637
2015,Hassan,Rabi,Ginger,Gravelly Sand,51179,Basin,3550.0,38.0,54.0,11.717852054794522,0.4436,2805.0,43311
2016,Hassan,Rabi,Ginger,Gravelly Sand,468,Basin,3550.0,39.0,54.5,12.007081967213114,0.3211909090909091,2331.0,24848
2017,Hassan,Rabi,Ginger,Gravelly Sand,11841,Basin,3550.0,39.0,56.6,11.484493150684932,0.4208090909090909,2088.0,761
2018,Hassan,Rabi,Ginger,Gravelly Sand,50975,Basin,3654.0,39.0,55.5,12.060887671232877,0.3941909090909091,2628.0,45608
2019,Hassan,Rabi,Ginger,Gravelly Sand,206,Basin,3654.0,40.0,58.5,12.225106849315068,0.4544636363636364,1939.0,234581
2004,Hassan,Rabi,Ginger,Gravelly Sand,10922,Basin,3654.0,40.0,59.5,12.409475409836066,0.4079363636363636,1871.0,646
2005,Hassan,Rabi,Ginger,Gravelly Sand,51390,Basin,233.0,40.0,55.0,11.4912,0.3535909090909091,1868.0,43562
2006,Hassan,Rabi,Ginger,Gravelly Sand,177,Basin,233.0,41.0,53.0,12.763923287671236,0.4052363636363637,127919.0,200000
2007,Hassan,Rabi,Ginger,Gravelly Sand,10723,Basin,233.0,41.0,53.5,11.626619178082192,0.4128818181818182,75340.0,4847
2008,Hassan,Rabi,Ginger,Gravelly Sand,51709,Basin,234.0,41.0,52.5,11.760590163934427,0.4111181818181818,29170.0,51239
2009,Hassan,Rabi,Ginger,Gravelly Sand,146,Basin,234.0,42.0,56.0,12.3314301369863,0.4219363636363636,1901.0,216396
2010,Hassan,Rabi,Ginger,Gravelly Sand,10910,Basin,234.0,42.0,57.0,11.197282191780822,0.4286272727272727,972.0,2644
2011,Hassan,Rabi,Ginger,Gravelly Sand,51355,Basin,3105.0,42.0,57.5,12.588657534246574,0.4415909090909091,874.0,44235
2012,Hassan,Rabi,Tea,Gravelly Sand,160,Basin,3105.0,43.0,57.0,12.175081967213115,0.3215909090909091,592.0,203317
2013,Hassan,Rabi,Tea,Gravelly Sand,10912,Basin,3105.0,43.0,55.0,12.60424109589041,0.3842090909090909,864.0,2134
2014,Hassan,Rabi,Tea,Loam,51353,Basin,236.0,27.0,56.0,11.763024657534247,0.4307,5373.0,45186
2015,Hassan,Rabi,Tea,Loam,1279,Basin,236.0,27.0,54.0,11.717852054794522,0.4436,6589.0,238542
2016,Hassan,Rabi,Tea,Loam,13283,Basin,2903.1,27.0,58.0,12.007081967213114,0.3211909090909091,5107.0,1516
2017,Hassan,Rabi,Tea,Loam,52119,Basin,2903.1,27.0,58.0,11.484493150684932,0.4208090909090909,5518.0,57259
2018,Hassan,Rabi,Tea,Loam,725,Spray,2903.1,27.0,59.0,12.060887671232877,0.3941909090909091,4912.0,234779
2011,Hassan,Rabi,Tea,Loam,12885,Spray,2996.6,27.0,50.0,12.588657534246574,0.4415909090909091,3830.0,1493
2012,Hassan,Rabi,Tea,Loam,51179,Spray,2996.6,27.2,54.0,12.175081967213115,0.3215909090909091,313547.0,64409
2013,Hassan,Rabi,Tea,Loam,468,Spray,2996.6,27.2,53.0,12.60424109589041,0.3842090909090909,2783.0,249978
2014,Hassan,Rabi,Tea,Loam,11841,Spray,3522.8,27.2,52.0,11.763024657534247,0.4307,1533.0,637
2015,Hassan,Rabi,Tea,Loam,50975,Spray,3522.8,27.0,51.0,11.717852054794522,0.4436,1647.0,43311
2016,Hassan,Rabi,Tea,Loam,206,Spray,3522.8,27.0,57.0,12.007081967213114,0.3211909090909091,975.0,24848
2017,Hassan,Rabi,Tea,Loam,10922,Spray,2903.1,27.0,57.0,11.484493150684932,0.4208090909090909,2.0,761
2018,Hassan,Rabi,Tea,Loam,51390,Spray,2903.1,27.0,60.0,12.060887671232877,0.3941909090909091,836.0,45608
2004,Hassan,Rabi,Paddy,Loam,177,Spray,2903.1,27.0,57.0,12.409475409836066,0.4079363636363636,806.0,234581
2005,Hassan,Rabi,Paddy,Loam,10723,Spray,2996.6,27.0,57.0,11.4912,0.3535909090909091,880.0,646
2006,Hassan,Rabi,Paddy,Loam,51709,Spray,2996.6,27.2,54.0,12.763923287671236,0.4052363636363637,770.0,43562
2007,Hassan,Rabi,Paddy,Loam,1279,Spray,2996.6,27.2,54.5,11.626619178082192,0.4128818181818182,395.0,200000
2008,Hassan,Rabi,Paddy,Loam,13283,Spray,3522.8,27.2,56.6,11.760590163934427,0.4111181818181818,187.0,4847
2009,Hassan,Rabi,Paddy,Loam,52119,Spray,3522.8,27.1,55.5,12.3314301369863,0.4219363636363636,187.0,51239
2010,Hassan,Rabi,Paddy,Loam,725,Spray,3522.8,27.1,58.5,11.197282191780822,0.4286272727272727,121.0,216396
2011,Hassan,Rabi,Paddy,Loam,12885,Spray,3729.8,27.1,59.5,12.588657534246574,0.4415909090909091,103.0,2644
2012,Hassan,Rabi,Paddy,Loam,51179,Spray,3729.8,26.8,55.0,12.175081967213115,0.3215909090909091,71.0,44235
2013,Hassan,Rabi,Paddy,Loam,468,Spray,3729.8,26.8,53.0,12.60424109589041,0.3842090909090909,3961.0,203317
2014,Hassan,Rabi,Paddy,Loam,11841,Spray,2746.2,26.8,53.5,11.763024657534247,0.4307,4247.0,2134
2015,Hassan,Rabi,Paddy,Well Drained,50975,Spray,2746.2,37.0,52.5,11.717852054794522,0.4436,3290.0,45186
2016,Hassan,Rabi,Paddy,Well Drained,206,Spray,2746.2,37.0,56.0,12.007081967213114,0.3211909090909091,3138.0,238542
2017,Hassan,Rabi,Paddy,Well Drained,10922,Spray,3360.0,37.0,57.0,11.484493150684932,0.4208090909090909,3423.0,1516
2018,Hassan,Rabi,Paddy,Well Drained,51390,Spray,3360.0,38.0,57.5,12.060887671232877,0.3941909090909091,3899.0,200000
2004,Hassan,Rabi,Groundnut,Well Drained,177,Spray,3360.0,38.0,57.0,12.409475409836066,0.4079363636363636,4015.0,4847
2005,Hassan,Rabi,Groundnut,Well Drained,10723,Spray,3605.4,38.0,55.0,11.4912,0.3535909090909091,4279.0,51239
2012,Hassan,Rabi,Groundnut,Well Drained,51709,Spray,3605.4,39.0,56.0,12.175081967213115,0.3215909090909091,4167.0,216396
2013,Hassan,Rabi,Groundnut,Well Drained,146,Spray,3605.4,39.0,54.0,12.60424109589041,0.3842090909090909,4479.0,2644
2014,Hassan,Rabi,Groundnut,Well Drained,10910,Spray,3512.4,39.0,58.0,11.763024657534247,0.4307,3699.0,44235
2015,Hassan,Rabi,Groundnut,Well Drained,51355,Spray,3512.4,40.0,58.0,11.717852054794522,0.4436,4904.0,203317
2016,Hassan,Rabi,Groundnut,Well Drained,160,Spray,3512.4,40.0,59.0,12.007081967213114,0.3211909090909091,2821.0,2134
2017,Hassan,Rabi,Groundnut,Well Drained,10912,Spray,3296.0,40.0,50.0,11.484493150684932,0.4208090909090909,3472.0,45186
2018,Hassan,Rabi,Groundnut,Well Drained,51353,Spray,3296.0,41.0,54.0,12.060887671232877,0.3941909090909091,3647.0,238542
2004,Hassan,Rabi,Groundnut,Well Drained,142,Spray,3296.0,41.0,53.0,12.409475409836066,0.4079363636363636,393.0,1516
2005,Hassan,Rabi,Groundnut,Well Drained,10505,Spray,3550.0,41.0,52.0,11.4912,0.3535909090909091,167.0,57259
2006,Hassan,Rabi,Groundnut,Well Drained,51040,Spray,3550.0,42.0,51.0,12.763923287671236,0.4052363636363637,71.0,234779
2007,Hassan,Rabi,Groundnut,Medium Textured Clay,154,Spray,3550.0,42.0,57.0,11.626619178082192,0.4128818181818182,52.0,1493
2008,Hassan,Rabi,Groundnut,Medium Textured Clay,10318,Spray,3654.0,42.0,57.0,11.760590163934427,0.4111181818181818,313547.0,64409
2009,Hassan,Rabi,Groundnut,Medium Textured Clay,48083,Spray,3654.0,43.0,60.0,12.3314301369863,0.4219363636363636,2783.0,249978
2010,Hassan,Rabi,Blackgram,Medium Textured Clay,143,Spray,3654.0,27.0,57.0,11.197282191780822,0.4286272727272727,1533.0,637
2011,Hassan,Rabi,Blackgram,Medium Textured Clay,9283,Spray,233.0,27.0,57.0,12.588657534246574,0.4415909090909091,1647.0,43311
2012,Hassan,Rabi,Blackgram,Medium Textured Clay,47200,Spray,233.0,27.0,54.0,12.175081967213115,0.3215909090909091,975.0,24848
2013,Hassan,Rabi,Blackgram,Medium Textured Clay,158,Spray,233.0,27.0,54.5,12.60424109589041,0.3842090909090909,2.0,761
2014,Hassan,Rabi,Blackgram,Medium Textured Clay,8982,Spray,234.0,27.0,56.6,11.763024657534247,0.4307,836.0,45608
2015,Hassan,Rabi,Blackgram,Medium Textured Clay,46990,Drip,234.0,27.0,55.5,11.717852054794522,0.4436,806.0,234581
2016,Hassan,Rabi,Blackgram,Medium Textured Clay,103,Drip,234.0,27.2,58.5,12.007081967213114,0.3211909090909091,880.0,646
2017,Hassan,Rabi,Blackgram,Medium Textured Clay,8239,Drip,3105.0,27.2,59.5,11.484493150684932,0.4208090909090909,770.0,43562
2018,Hassan,Rabi,Blackgram,Medium Textured Clay,44563,Drip,3105.0,27.2,55.0,12.060887671232877,0.3941909090909091,395.0,200000
2019,Hassan,Rabi,Blackgram,Medium Textured Clay,96,Drip,3105.0,27.0,53.0,12.225106849315068,0.4544636363636364,187.0,4847
2004,Hassan,Rabi,Blackgram,Medium Textured Clay,6949,Drip,236.0,27.0,53.5,12.409475409836066,0.4079363636363636,187.0,51239
2013,Hassan,Rabi,Blackgram,Medium Textured Clay,44663,Drip,236.0,27.0,52.5,12.60424109589041,0.3842090909090909,121.0,216396
2014,Hassan,Rabi,Blackgram,Medium Textured Clay,110,Drip,2903.1,27.0,56.0,11.763024657534247,0.4307,103.0,2644
2015,Hassan,Rabi,Blackgram,Medium Textured Clay,6824,Drip,2903.1,27.0,59.5,11.717852054794522,0.4436,71.0,44235
2016,Hassan,Rabi,Blackgram,Medium Textured Clay,43013,Drip,2903.1,27.0,55.0,12.007081967213114,0.3211909090909091,3961.0,203317
2017,Hassan,Rabi,Cashew,Medium Textured Clay,95,Drip,2996.6,27.2,53.0,11.484493150684932,0.4208090909090909,4247.0,2134
2018,Hassan,Rabi,Cashew,Medium Textured Clay,6441,Drip,2996.6,27.2,53.5,12.060887671232877,0.3941909090909091,3290.0,45186
2004,Hassan,Rabi,Cashew,Laterite,4012,Drip,2996.6,27.2,52.5,12.409475409836066,0.4079363636363636,3138.0,238542
2005,Hassan,Rabi,Cashew,Laterite,4877,Drip,3522.8,27.1,56.0,11.4912,0.3535909090909091,3423.0,1516
2006,Hassan,Rabi,Cashew,Laterite,4930,Drip,3522.8,27.1,57.0,12.763923287671236,0.4052363636363637,3899.0,57259
2007,Hassan,Rabi,Cashew,Laterite,4954,Drip,3522.8,27.1,57.5,11.626619178082192,0.4128818181818182,4015.0,234779
2008,Hassan,Rabi,Cashew,Laterite,5019,Drip,2903.1,26.8,57.0,11.760590163934427,0.4111181818181818,4279.0,1493
2009,Hassan,Rabi,Cashew,Laterite,5127,Drip,2903.1,26.8,55.0,12.3314301369863,0.4219363636363636,4167.0,64409
2010,Dakshina Kannada,Rabi,Cashew,Laterite,5174,Drip,2903.1,26.8,56.0,9.499265753424655,0.3710272727272727,4479.0,249978
2011,Dakshina Kannada,Rabi,Cashew,Laterite,5294,Drip,2996.6,37.0,54.0,9.75787397260274,0.3423909090909091,3699.0,637
2012,Dakshina Kannada,Rabi,Cashew,Laterite,5474,Drip,2996.6,37.0,58.0,9.984295081967211,0.3934363636363637,4904.0,43311
2013,Dakshina Kannada,Rabi,Cashew,Laterite,5864,Drip,2996.6,37.0,58.0,10.523243835616436,0.3876545454545455,2821.0,24848
2014,Dakshina Kannada,Rabi,Cashew,Laterite,7028,Drip,3522.8,38.0,59.0,9.763495890410958,0.3620909090909091,3472.0,761
2015,Dakshina Kannada,Rabi,Cashew,Laterite,7403,Drip,3522.8,38.0,50.0,9.057698630136986,0.3603909090909091,3647.0,45608
2016,Dakshina Kannada,Rabi,Cashew,Laterite,7501,Drip,3522.8,38.0,54.0,9.974754098360656,0.3608545454545455,393.0,234581
2017,Dakshina Kannada,Rabi,Coconut,Laterite,7714,Drip,3729.8,39.0,53.0,9.751561643835617,0.3395636363636363,167.0,646
2018,Dakshina Kannada,Rabi,Coconut,Laterite,7856,Drip,3729.8,39.0,59.5,9.655002739726028,0.3434181818181818,71.0,43562
2013,Dakshina Kannada,Rabi,Coconut,Laterite,32,Drip,3729.8,39.0,55.0,10.523243835616436,0.3876545454545455,52.0,200000
2014,Dakshina Kannada,Rabi,Coconut,Laterite,1,Drip,2746.2,40.0,53.0,9.763495890410958,0.3620909090909091,2570.0,4847
2015,Dakshina Kannada,Rabi,Coconut,Laterite,30,Drip,2746.2,40.0,53.5,9.057698630136986,0.3603909090909091,27170.0,51239
2016,Dakshina Kannada,Rabi,Coconut,Laterite,6,Drip,2746.2,40.0,52.5,9.974754098360656,0.3608545454545455,114744.0,216396
2017,Dakshina Kannada,Rabi,Coconut,Laterite,15,Drip,3360.0,41.0,56.0,9.751561643835617,0.3395636363636363,1402.0,2644
2018,Dakshina Kannada,Rabi,Coconut,Laterite,4,Drip,3360.0,41.0,57.0,9.655002739726028,0.3434181818181818,23456.0,44235
2004,Dakshina Kannada,Rabi,Coconut,Laterite,39,Drip,3360.0,41.0,57.5,10.411475409836063,0.4282363636363636,107809.0,203317
2005,Dakshina Kannada,Rabi,Coconut,Laterite,6,Drip,3605.4,42.0,57.0,10.166597260273972,0.3671454545454545,1132.0,2134
2006,Kodagu,Rabi,Coconut,Laterite,12,Drip,3605.4,42.0,55.0,6.635243835616438,0.7530454545454546,23960.0,45186
2007,Kodagu,Rabi,Coconut,Laterite,3,Drip,2903.1,42.0,56.0,6.265972602739726,0.7814909090909091,126487.0,238542
2008,Kodagu,Rabi,Coconut,Laterite,17,Drip,2903.1,43.0,54.0,6.1113442622950815,0.7380545454545455,804.0,1516
2009,Kodagu,Rabi,Coconut,Laterite,3,Drip,2903.1,43.0,58.0,6.271890410958905,0.7747181818181819,30362.0,200000
2017,Kodagu,Rabi,Coconut,Alluvial,16224,Drip,3605.4,27.0,57.0,6.04158904109589,0.7913363636363636,132551.0,200000
2018,Kodagu,Rabi,Coconut,Alluvial,17095,Drip,3512.4,27.0,57.5,6.021961643835617,0.7582272727272727,338.0,4847
2004,Kodagu,Rabi,Coconut,Alluvial,17512,Drip,3512.4,27.0,57.0,6.525934426229509,0.7472272727272727,22966.0,51239
2005,Kodagu,Rabi,Coconut,Alluvial,17587,Drip,3512.4,27.0,55.0,6.273468493150686,0.7642818181818183,131763.0,216396
2006,Kodagu,Rabi,Coconut,Alluvial,17771,Drip,3296.0,27.0,56.0,6.635243835616438,0.7530454545454546,404.0,2644
2007,Kodagu,Rabi,Coconut,Alluvial,17825,Drip,3550.0,27.0,54.0,6.265972602739726,0.7814909090909091,24184.0,44235
2008,Kodagu,Rabi,Coconut,Alluvial,3147,Drip,3550.0,27.2,58.0,6.1113442622950815,0.7380545454545455,124387.0,203317
2009,Kodagu,Rabi,Coconut,Alluvial,2578,Drip,3550.0,27.2,58.0,6.271890410958905,0.7747181818181819,343.0,2134
2010,Kodagu,Rabi,Coconut,Alluvial,1591,Drip,3654.0,27.2,59.0,5.862969863013698,0.7586454545454545,23099.0,45186
2011,Kodagu,Rabi,Coconut,Alluvial,1298,Drip,3654.0,27.0,50.0,6.49706301369863,0.7213,117825.84,238542
2012,Mysuru,Rabi,Coconut,Sandy Loam,4,Drip,3654.0,27.0,54.0,13.91134426229508,0.3465272727272727,336.0,1516
2013,Mysuru,Rabi,Coconut,Sandy Loam,1122,Drip,233.0,27.0,53.0,13.860295890410958,0.3283272727272727,22594.0,57259
2014,Mysuru,Rabi,Coconut,Sandy Loam,917,Drip,233.0,27.0,52.0,13.254904109589042,0.3774090909090909,116481.07,234779
2015,Mysuru,Rabi,Coconut,Sandy Loam,819,Drip,233.0,27.0,51.0,12.95891506849315,0.3397545454545455,316.0,1493
2016,Mysuru,Rabi,Coconut,Sandy Loam,619,Drip,234.0,27.0,57.0,13.00790163934426,0.3204727272727272,21400.0,64409
2017,Mysuru,Rabi,Coconut,Sandy Loam,391,Drip,234.0,27.2,57.0,12.33547397260274,0.3587727272727272,122102.0,249978
2016,Mysuru,Rabi,Coconut,Sandy Loam,211,Drip,234.0,27.2,60.0,13.00790163934426,0.3204727272727272,382.0,637
2017,Mysuru,Rabi,Coconut,Sandy Loam,153,Drip,3105.0,27.2,57.0,12.33547397260274,0.3587727272727272,19578.0,43311
2018,Mysuru,Rabi,Coconut,Sandy Loam,111,Drip,3105.0,27.1,57.0,13.11149589041096,0.3218363636363636,121037.0,24848
2013,Mysuru,Rabi,Coconut,Sandy Loam,76,Drip,3105.0,27.1,54.0,13.860295890410958,0.3283272727272727,231.0,761
2014,Mysuru,Rabi,Coconut,Sandy Loam,53,Drip,236.0,27.1,54.5,13.254904109589042,0.3774090909090909,18951.0,45608
2015,Mysuru,Rabi,Coconut,Sandy Loam,2688,Drip,236.0,26.8,56.6,12.95891506849315,0.3397545454545455,110579.0,234581
2016,Mysuru,Rabi,Coconut,Sandy Loam,2311,Drip,2903.1,26.8,55.5,13.00790163934426,0.3204727272727272,221.0,646
2017,Mysuru,Rabi,Coconut,Sandy Loam,2188,Drip,2903.1,26.8,58.5,12.33547397260274,0.3587727272727272,15362.0,43562
2018,Mysuru,Rabi,Coconut,Sandy Loam,1998,Drip,2903.1,37.0,59.5,13.11149589041096,0.3218363636363636,120373.0,200000
2004,Mysuru,Rabi,Coconut,Sandy Loam,2006,Drip,2996.6,37.0,55.0,13.4047868852459,0.3174727272727272,291.0,4847
2005,Mysuru,Rabi,Coconut,Sandy Loam,2034,Drip,2996.6,37.0,53.0,12.621797260273972,0.3947636363636363,17231.0,51239
2006,Mysuru,Rabi,Coconut,Sandy Loam,2035,Drip,2996.6,38.0,53.5,14.024515068493152,0.3318090909090909,119359.0,216396
2007,Mysuru,Rabi,Coconut,Sandy Loam,2074,Drip,3296.0,38.0,52.5,12.763923287671236,0.3885,283.0,2644
2008,Mysuru,Rabi,Coconut,Sandy Loam,2127,Drip,3550.0,38.0,56.0,12.78265573770492,0.3646636363636363,17690.0,44235
2009,Mysuru,Rabi,Coconut,Sandy Loam,2090,Drip,3550.0,39.0,57.0,13.703671232876712,0.3614636363636364,7157.0,203317
2010,Mysuru,Rabi,Coconut,Sandy Loam,2059,Drip,3550.0,39.0,57.5,12.399386301369862,0.3664363636363636,8700.0,2134
2011,Mysuru,Rabi,Coconut,Sandy Loam,2050,Drip,3654.0,39.0,57.0,13.80565479452055,0.3763363636363637,41266.0,45186
2012,Mysuru,Rabi,Coconut,Sandy Loam,1865,Drip,3654.0,40.0,55.0,13.91134426229508,0.3465272727272727,8838.0,238542
2013,Mysuru,Rabi,Coconut,Sandy Loam,1841,Drip,3654.0,40.0,56.0,13.860295890410958,0.3283272727272727,8954.0,1516
2014,Mysuru,Rabi,Coconut,Sandy,1799,Drip,233.0,40.0,54.0,13.254904109589042,0.3774090909090909,42915.0,57259
2015,Mysuru,Rabi,Coconut,Sandy,1468,Drip,233.0,41.0,58.0,12.95891506849315,0.3397545454545455,9230.0,234779
2016,Mysuru,Rabi,Coconut,Sandy,568,Drip,233.0,41.0,58.0,13.00790163934426,0.3204727272727272,44313.0,1493
2017,Mysuru,Rabi,Coconut,Sandy,407,Drip,234.0,41.0,59.0,12.33547397260274,0.3587727272727272,45820.0,64409
2016,Mysuru,Rabi,Coconut,Sandy,177,Drip,234.0,42.0,50.0,13.00790163934426,0.3204727272727272,49084.0,249978
2017,Mysuru,Rabi,Coconut,Sandy,51,Drip,234.0,42.0,54.0,12.33547397260274,0.3587727272727272,86311.0,637
2016,Mysuru,Rabi,Coconut,Sandy,173,Drip,3105.0,42.0,53.0,13.00790163934426,0.3204727272727272,57642.0,43311
2017,Mysuru,Rabi,Coconut,Sandy,201,Drip,3105.0,43.0,52.0,12.33547397260274,0.3587727272727272,58405.0,24848
2018,Mysuru,Rabi,Coconut,Sandy,206,Drip,3105.0,43.0,51.0,13.11149589041096,0.3218363636363636,60751.0,761
2013,Mysuru,Rabi,Coconut,Sandy,243,Basin,236.0,27.0,57.0,13.860295890410958,0.3283272727272727,109506.0,45608
2014,Mysuru,Rabi,Coconut,Sandy,123,Basin,236.0,27.0,57.0,13.254904109589042,0.3774090909090909,114.0,234581
2015,Mysuru,Rabi,Coconut,Sandy,82,Basin,2903.1,27.0,60.0,12.95891506849315,0.3397545454545455,3.0,646
2016,Mysuru,Rabi,Coconut,Sandy,74,Basin,2903.1,27.0,57.0,13.00790163934426,0.3204727272727272,95.0,43562
2017,Mysuru,Rabi,Coconut,Sandy,18,Basin,2903.1,27.0,57.0,12.33547397260274,0.3587727272727272,19.0,200000
2018,Mysuru,Rabi,Coconut,Sandy,37,Basin,2996.6,27.0,54.0,13.11149589041096,0.3218363636363636,54.0,4847
2004,Mysuru,Rabi,Coconut,Sandy,35,Basin,2996.6,27.2,54.5,13.4047868852459,0.3174727272727272,13.0,51239
2005,Mysuru,Rabi,Coconut,Sandy,5974,Basin,2996.6,27.2,56.6,12.621797260273972,0.3947636363636363,123.0,216396
2006,Mysuru,Rabi,Coconut,Sandy,6631,Basin,2903.1,27.2,55.5,14.024515068493152,0.3318090909090909,19.0,2644
2007,Mysuru,Rabi,Coconut,Sandy,6705,Basin,2903.1,27.0,58.5,12.763923287671236,0.3885,32.0,44235
2008,Mysuru,Rabi,Coconut,Sandy,5876,Basin,2903.1,27.0,59.5,12.78265573770492,0.3646636363636363,8.0,203317
2009,Mysuru,Rabi,Coconut,Sandy,326,Basin,2996.6,27.0,55.0,13.703671232876712,0.3614636363636364,50.0,2134
2010,Mysuru,Rabi,Coconut,Sandy Loam,6470,Basin,2996.6,27.0,53.0,12.399386301369862,0.3664363636363636,10.0,45186
2011,Mysuru,Rabi,Coconut,Sandy Loam,6709,Basin,2996.6,27.0,53.5,13.80565479452055,0.3763363636363637,29.0,238542
2012,Mysuru,Rabi,Coconut,Sandy Loam,6186,Basin,3522.8,27.0,52.5,13.91134426229508,0.3465272727272727,44.0,1516
2013,Mysuru,Rabi,Coconut,Sandy Loam,6503,Basin,3522.8,27.2,56.0,13.860295890410958,0.3283272727272727,33.0,57259
2014,Mysuru,Rabi,Coconut,Sandy Loam,5220,Basin,3522.8,27.2,57.0,13.254904109589042,0.3774090909090909,14.0,234779
2015,Mysuru,Rabi,Coconut,Sandy Loam,4677,Basin,3729.8,27.2,57.5,12.95891506849315,0.3397545454545455,56.0,1493
2016,Mysuru,Rabi,Coconut,Sandy Loam,4803,Basin,3729.8,27.1,57.0,13.00790163934426,0.3204727272727272,26.0,64409
2017,Mysuru,Rabi,Coconut,Sandy Loam,3739,Basin,3729.8,27.1,55.0,12.33547397260274,0.3587727272727272,98.0,249978
2017,Mysuru,Rabi,Coconut,Sandy Loam,3529,Basin,2746.2,27.1,56.0,12.33547397260274,0.3587727272727272,3.0,200000
2016,Kasaragodu,Rabi,Coconut,Sandy Loam,3649,Basin,2746.2,26.8,54.0,9.974754098360656,0.8089727272727273,58637.0,4847
2017,Kasaragodu,Rabi,Coconut,Sandy Loam,1374,Basin,2746.2,26.8,58.0,9.751561643835617,0.8192363636363637,59777.0,51239
2018,Kasaragodu,Rabi,Coconut,Sandy Loam,933,Basin,3360.0,26.8,58.0,9.655002739726028,0.7922727272727274,60528.0,216396
2013,Kasaragodu,Rabi,Coconut,Sandy Loam,345,Basin,3360.0,37.0,59.0,10.523243835616436,0.8104363636363636,61126.0,2644
2014,Kasaragodu,Rabi,Coconut,Sandy Loam,29,Basin,3360.0,37.0,50.0,9.763495890410958,0.8059090909090909,623687.0,44235
2015,Kasaragodu,Rabi,Coconut,Sandy Loam,11,Basin,3605.4,37.0,54.0,9.057698630136986,0.8201272727272728,63504.0,203317
2016,Kasaragodu,Rabi,Coconut,Sandy Loam,10,Basin,3605.4,38.0,53.0,9.974754098360656,0.8089727272727273,63931.0,2134
2017,Kasaragodu,Rabi,Coconut,Sandy Loam,7,Basin,3605.4,38.0,52.0,9.751561643835617,0.8192363636363637,73730.0,45186
2018,Kasaragodu,Rabi,Coconut,Sandy Loam,10,Basin,3512.4,38.0,51.0,9.655002739726028,0.7922727272727274,118416.0,238542
2004,Kasaragodu,Rabi,Coconut,Sandy Loam,56,Basin,3512.4,39.0,57.0,10.411475409836063,0.7905909090909091,130132.0,1516
2005,Kasaragodu,Rabi,Coconut,Sandy Loam,68,Basin,3512.4,39.0,57.0,10.166597260273972,0.7873909090909091,154889.0,57259
2006,Kasaragodu,Rabi,Coconut,Sandy Loam,56,Basin,3296.0,39.0,60.0,10.098838356164384,0.7705454545454545,171739.0,234779
2007,Kasaragodu,Rabi,Coconut,Sandy Loam,66,Basin,3296.0,40.0,57.0,9.919430136986302,0.7498727272727274,172475.0,1493
2008,Kasaragodu,Rabi,Coconut,Sandy Loam,55,Basin,3296.0,40.0,57.0,9.504295081967214,0.7613909090909091,177939.0,64409
2009,Kasaragodu,Rabi,Coconut,Sandy Loam,42,Basin,3550.0,40.0,54.0,9.862224657534249,0.8009909090909091,313547.0,249978
2010,Kasaragodu,Rabi,Coconut,Sandy Loam,51179,Basin,3550.0,41.0,54.5,9.499265753424655,0.7986272727272727,2783.0,637
2011,Kasaragodu,Rabi,Coconut,Sandy Loam,468,Basin,3550.0,41.0,56.6,9.75787397260274,0.7569727272727274,1533.0,43311
2012,Kasaragodu,Rabi,Coconut,Sandy Loam,11841,Basin,3654.0,41.0,55.5,9.984295081967211,0.8034363636363636,1647.0,24848
2013,Kasaragodu,Rabi,Coconut,Sandy Loam,50975,Basin,3654.0,42.0,58.5,10.523243835616436,0.8104363636363636,975.0,761
2014,Kasaragodu,Rabi,Coconut,Sandy Loam,206,Basin,3654.0,42.0,59.5,9.763495890410958,0.8059090909090909,2.0,45608
2015,Kasaragodu,Rabi,Coconut,Sandy Loam,10922,Basin,233.0,42.0,55.0,9.057698630136986,0.8201272727272728,836.0,234581
2016,Kasaragodu,Rabi,Coconut,Sandy Loam,51390,Basin,233.0,43.0,53.0,9.974754098360656,0.8089727272727273,806.0,646
2017,Kasaragodu,Rabi,Coconut,Sandy Loam,177,Spray,233.0,27.0,53.5,9.751561643835617,0.8192363636363637,880.0,43562
2004,Kasaragodu,Rabi,Coconut,Sandy Loam,10723,Spray,234.0,27.0,52.5,10.411475409836063,0.7905909090909091,770.0,200000
2004,Kasaragodu,Rabi,Coconut,Sandy Loam,51709,Spray,234.0,27.0,56.0,10.411475409836063,0.7905909090909091,395.0,4847
2004,Kasaragodu,Rabi,Coconut,Sandy Loam,146,Spray,234.0,27.0,57.0,10.411475409836063,0.7905909090909091,187.0,51239
2004,Kasaragodu,Rabi,Coconut,Sandy Loam,10910,Spray,3105.0,27.0,57.5,10.411475409836063,0.7905909090909091,187.0,216396
2004,Kasaragodu,Rabi,Coconut,Sandy Loam,51355,Spray,3105.0,27.0,57.0,10.411475409836063,0.7905909090909091,121.0,2644
2004,Kasaragodu,Rabi,Coconut,Sandy Loam,160,Spray,3105.0,27.2,55.0,10.411475409836063,0.7905909090909091,103.0,44235
2004,Kasaragodu,Rabi,Coconut,Sandy Loam,10912,Spray,236.0,27.2,56.0,10.411475409836063,0.7905909090909091,71.0,203317
2004,Raichur,Rabi,Coconut,Sandy Loam,51353,Spray,236.0,27.2,54.0,14.763836065573772,0.4696636363636364,3961.0,2134
2004,Raichur,Rabi,Coconut,Sandy Loam,142,Spray,2903.1,27.0,58.0,14.763836065573772,0.4696636363636364,4247.0,45186
2004,Raichur,Rabi,Coconut,Sandy Loam,10505,Spray,2903.1,27.0,58.0,14.763836065573772,0.4696636363636364,3290.0,238542
2004,Raichur,Rabi,Coconut,Sandy Loam,51040,Spray,2903.1,27.0,59.0,14.763836065573772,0.4696636363636364,3138.0,1516
2004,Raichur,Rabi,Coconut,Sandy Loam,154,Spray,2996.6,27.0,50.0,14.763836065573772,0.4696636363636364,3423.0,57259
2004,Raichur,Rabi,Coconut,Sandy Loam,10318,Spray,2996.6,27.0,54.0,14.763836065573772,0.4696636363636364,3899.0,234779
2004,Raichur,Rabi,Coconut,Sandy Loam,48083,Spray,2996.6,27.0,53.0,14.763836065573772,0.4696636363636364,4015.0,1493
2004,Raichur,Rabi,Coconut,Sandy Loam,143,Spray,3522.8,27.2,52.0,14.763836065573772,0.4696636363636364,4279.0,64409
2004,Raichur,Rabi,Coconut,Sandy Loam,9283,Spray,3522.8,27.2,51.0,14.763836065573772,0.4696636363636364,4167.0,249978
2004,Raichur,Rabi,Coconut,Sandy Loam,47200,Spray,3522.8,27.2,57.0,14.763836065573772,0.4696636363636364,4479.0,637
2004,Raichur,Rabi,Coconut,Sandy,158,Spray,3729.8,27.1,57.0,14.763836065573772,0.4696636363636364,3699.0,43311
2004,Raichur,Rabi,Coconut,Sandy,8982,Spray,3729.8,27.1,60.0,14.763836065573772,0.4696636363636364,4904.0,24848
2004,Raichur,Rabi,Coconut,Sandy,46990,Spray,3729.8,27.1,57.0,14.763836065573772,0.4696636363636364,2821.0,761
2004,Raichur,Rabi,Coconut,Sandy,103,Spray,2746.2,26.8,57.0,14.763836065573772,0.4696636363636364,3472.0,45608
2004,Raichur,Rabi,Coconut,Sandy,8239,Spray,2746.2,26.8,54.0,14.763836065573772,0.4696636363636364,3647.0,234581
2004,Raichur,Rabi,Coconut,Sandy,44563,Spray,2746.2,26.8,54.5,14.763836065573772,0.4696636363636364,393.0,646
2004,Raichur,Rabi,Coconut,Sandy,96,Spray,3360.0,37.0,56.6,14.763836065573772,0.4696636363636364,167.0,43562
2004,Raichur,Rabi,Coconut,Sandy,6949,Spray,3360.0,37.0,55.5,14.763836065573772,0.4696636363636364,71.0,200000
2004,Raichur,Rabi,Coconut,Sandy,44663,Spray,3360.0,37.0,58.5,14.763836065573772,0.4696636363636364,52.0,4847
2004,Raichur,Rabi,Coconut,Sandy,110,Spray,3605.4,38.0,59.5,14.763836065573772,0.4696636363636364,12.0,51239
2004,Raichur,Rabi,Coconut,Sandy,6824,Spray,3605.4,38.0,55.0,14.763836065573772,0.4696636363636364,51.0,216396
2004,Raichur,Rabi,Coconut,Sandy,43013,Spray,3605.4,38.0,53.0,14.763836065573772,0.4696636363636364,61.0,2644
2004,Raichur,Rabi,Coconut,Sandy,95,Spray,3512.4,39.0,53.5,14.763836065573772,0.4696636363636364,67.0,44235
2004,Raichur,Rabi,Coconut,Sandy,6441,Spray,3512.4,39.0,52.5,14.763836065573772,0.4696636363636364,62.0,203317
2004,Raichur,Rabi,Coconut,Sandy,4012,Spray,3512.4,39.0,56.0,14.763836065573772,0.4696636363636364,32.0,2134
2004,Raichur,Rabi,Coconut,Sandy,4877,Spray,3296.0,40.0,57.0,14.763836065573772,0.4696636363636364,22.0,45186
2004,Raichur,Rabi,Coconut,Sandy,4930,Spray,3296.0,40.0,57.5,14.763836065573772,0.4696636363636364,25.0,238542
2004,Raichur,Rabi,Coconut,Sandy,4954,Spray,3296.0,40.0,57.0,14.763836065573772,0.4696636363636364,4.0,1516
2004,Raichur,Rabi,Coconut,Sandy,5019,Spray,3550.0,41.0,55.0,14.763836065573772,0.4696636363636364,9.0,200000
2004,Raichur,Rabi,Coconut,Sandy,5127,Spray,3550.0,41.0,56.0,14.763836065573772,0.4696636363636364,12.0,4847
2004,Gulbarga,Rabi,Coconut,Sandy,5174,Spray,3550.0,41.0,54.0,13.973901639344264,0.4632272727272727,2089.0,51239
2004,Gulbarga,Rabi,Coconut,Sandy,5294,Spray,3654.0,42.0,58.0,13.973901639344264,0.4632272727272727,2810.0,216396
2004,Gulbarga,Rabi,Coconut,Sandy,5474,Spray,3654.0,42.0,58.0,13.973901639344264,0.4632272727272727,841.0,2644
2004,Gulbarga,Rabi,Coconut,Sandy,5864,Spray,3654.0,42.0,59.0,13.973901639344264,0.4632272727272727,3550.0,44235
2004,Gulbarga,Rabi,Coconut,Sandy,7028,Spray,233.0,43.0,50.0,13.973901639344264,0.4632272727272727,109.0,203317
2004,Gulbarga,Rabi,Coconut,Sandy,7403,Spray,233.0,43.0,54.0,13.973901639344264,0.4632272727272727,3368.0,2134
2004,Gulbarga,Rabi,Coffee,Sandy,11,Drip,3360.0,27.0,52.5,13.973901639344264,0.4632272727272727,5373.0,4847
2004,Gulbarga,Rabi,Coffee,Sandy,4,Drip,3360.0,27.0,56.0,13.973901639344264,0.4632272727272727,6589.0,51239
2004,Gulbarga,Rabi,Coffee,Sandy,15,Drip,3605.4,27.0,57.0,13.973901639344264,0.4632272727272727,5107.0,216396
2004,Gulbarga,Rabi,Coffee,Sandy,8,Drip,3605.4,27.0,57.5,13.973901639344264,0.4632272727272727,5518.0,2644
2004,Gulbarga,Rabi,Cardamum,Sandy,29,Drip,3605.4,27.0,57.0,13.973901639344264,0.4632272727272727,4912.0,44235
2004,Gulbarga,Rabi,Cardamum,Sandy,1,Drip,3512.4,27.0,55.0,13.973901639344264,0.4632272727272727,3830.0,203317
2004,Gulbarga,Rabi,Cardamum,Sandy,13736,Drip,3512.4,27.2,56.0,13.973901639344264,0.4632272727272727,4.0,2134
2004,Gulbarga,Rabi,Cardamum,Sandy,14003,Drip,3512.4,27.2,54.0,13.973901639344264,0.4632272727272727,9.0,45186
2004,Gulbarga,Rabi,Cardamum,Alluvial,14179,Drip,3296.0,27.2,58.0,13.973901639344264,0.4632272727272727,12.0,238542
2004,Gulbarga,Rabi,Cardamum,Alluvial,14319,Drip,3296.0,27.0,58.0,13.973901639344264,0.4632272727272727,2089.0,1516
2004,Gulbarga,Rabi,Cardamum,Alluvial,14464,Drip,3296.0,27.0,59.0,13.973901639344264,0.4632272727272727,2810.0,57259
2004,Gulbarga,Rabi,Cardamum,Alluvial,14876,Drip,3550.0,27.0,50.0,13.973901639344264,0.4632272727272727,841.0,234779
2004,Gulbarga,Rabi,Cardamum,Alluvial,14976,Drip,3550.0,27.0,54.0,13.973901639344264,0.4632272727272727,3550.0,1493
2004,Gulbarga,Rabi,Cardamum,Alluvial,15009,Drip,3550.0,27.0,53.0,13.973901639344264,0.4632272727272727,109.0,64409
2004,Madikeri,Rabi,Cardamum,Alluvial,15114,Drip,3654.0,27.0,52.0,6.525934426229509,0.4472545454545455,3368.0,249978
2004,Madikeri,Rabi,Cardamum,Alluvial,16224,Drip,3654.0,27.2,51.0,6.525934426229509,0.4472545454545455,3671.0,637
2004,Madikeri,Rabi,Cardamum,Alluvial,17095,Drip,3654.0,27.2,57.0,6.525934426229509,0.4472545454545455,2404.0,43311
2004,Madikeri,Rabi,Cardamum,Alluvial,17512,Drip,233.0,27.2,57.0,6.525934426229509,0.4472545454545455,2805.0,24848
2004,Madikeri,Rabi,Cardamum,Alluvial,17587,Drip,233.0,27.1,60.0,6.525934426229509,0.4472545454545455,2331.0,761
2004,Madikeri,Rabi,Pepper,Alluvial,17771,Drip,233.0,27.1,57.0,6.525934426229509,0.4472545454545455,2088.0,45608
2004,Madikeri,Rabi,Pepper,Alluvial,17825,Drip,234.0,27.1,57.0,6.525934426229509,0.4472545454545455,2628.0,234581
2004,Madikeri,Rabi,Pepper,Alluvial,3147,Drip,234.0,26.8,54.0,6.525934426229509,0.4472545454545455,1939.0,646
2004,Madikeri,Rabi,Pepper,Alluvial,2578,Drip,234.0,26.8,54.5,6.525934426229509,0.4472545454545455,1871.0,43562
2004,Madikeri,Rabi,Pepper,Alluvial,1591,Drip,3105.0,26.8,56.6,6.525934426229509,0.4472545454545455,1868.0,200000
2004,Madikeri,Rabi,Pepper,Alluvial,1298,Drip,3105.0,37.0,55.5,6.525934426229509,0.4472545454545455,127919.0,4847
2004,Madikeri,Rabi,Pepper,Alluvial,4,Drip,3105.0,37.0,58.5,6.525934426229509,0.4472545454545455,75340.0,51239
2004,Madikeri,Rabi,Pepper,Alluvial,1122,Drip,236.0,37.0,59.5,6.525934426229509,0.4472545454545455,29170.0,216396
2004,Madikeri,Rabi,Pepper,Alluvial,917,Basin,236.0,38.0,55.0,6.525934426229509,0.4472545454545455,1901.0,2644
2004,Madikeri,Rabi,Pepper,Alluvial,819,Basin,2903.1,38.0,53.0,6.525934426229509,0.4472545454545455,972.0,44235
2004,Madikeri,Rabi,Pepper,Alluvial,619,Basin,2903.1,38.0,53.5,6.525934426229509,0.4472545454545455,874.0,203317
2004,Madikeri,Rabi,Pepper,Sandy Loam,391,Basin,2903.1,39.0,52.5,6.525934426229509,0.4472545454545455,592.0,2134
2004,Madikeri,Rabi,Pepper,Sandy Loam,211,Basin,2996.6,39.0,56.0,6.525934426229509,0.4472545454545455,864.0,45186
2004,Madikeri,Rabi,Pepper,Sandy Loam,153,Basin,2996.6,39.0,57.0,6.525934426229509,0.4472545454545455,5373.0,238542
2004,Madikeri,Rabi,Pepper,Sandy Loam,111,Basin,2996.6,40.0,57.5,6.525934426229509,0.4472545454545455,6589.0,1516
2004,Madikeri,Rabi,Arecanut,Sandy Loam,76,Basin,3522.8,40.0,57.0,6.525934426229509,0.4472545454545455,5107.0,200000
2004,Madikeri,Rabi,Arecanut,Sandy Loam,53,Basin,3522.8,40.0,55.0,6.525934426229509,0.4472545454545455,5518.0,4847
2004,Madikeri,Rabi,Arecanut,Sandy Loam,2688,Basin,3522.8,41.0,56.0,6.525934426229509,0.4472545454545455,4912.0,51239
2004,Madikeri,Rabi,Arecanut,Sandy Loam,2311,Basin,3729.8,41.0,54.0,6.525934426229509,0.4472545454545455,3830.0,216396
2004,Madikeri,Rabi,Arecanut,Sandy Loam,2188,Basin,3729.8,41.0,58.0,6.525934426229509,0.4472545454545455,4.0,2644
2004,Madikeri,Rabi,Arecanut,Sandy Loam,1998,Basin,3729.8,42.0,58.0,6.525934426229509,0.4472545454545455,9.0,44235
2004,Madikeri,Rabi,Arecanut,Sandy Loam,2006,Basin,2746.2,42.0,59.0,6.525934426229509,0.4472545454545455,12.0,203317
2004,Madikeri,Rabi,Arecanut,Sandy Loam,2034,Basin,2746.2,42.0,50.0,6.525934426229509,0.4472545454545455,2089.0,2134
2004,Madikeri,Rabi,Arecanut,Sandy Loam,2035,Basin,2746.2,43.0,54.0,6.525934426229509,0.4472545454545455,2810.0,45186
2004,Madikeri,Rabi,Arecanut,Sandy Loam,2074,Basin,3360.0,43.0,53.0,6.525934426229509,0.4472545454545455,841.0,238542
2004,Chikmangaluru,Rabi,Arecanut,Sandy Loam,2127,Basin,3360.0,27.0,52.0,8.667934426229507,0.8515727272727273,3550.0,1516
2004,Chikmangaluru,Rabi,Arecanut,Sandy Loam,2090,Basin,3360.0,27.0,51.0,8.667934426229507,0.8515727272727273,109.0,57259
2004,Chikmangaluru,Rabi,Arecanut,Sandy Loam,2059,Basin,3605.4,27.0,57.0,8.667934426229507,0.8515727272727273,3368.0,234779
2004,Chikmangaluru,Rabi,Arecanut,Laterite,2050,Basin,3605.4,27.0,57.0,8.667934426229507,0.8515727272727273,3671.0,1493
2004,Chikmangaluru,Rabi,Arecanut,Laterite,1865,Basin,3605.4,27.0,60.0,8.667934426229507,0.8515727272727273,2404.0,64409
2004,Chikmangaluru,Rabi,Ginger,Laterite,1841,Basin,3512.4,27.0,57.0,8.667934426229507,0.8515727272727273,2805.0,249978
2004,Chikmangaluru,Rabi,Ginger,Laterite,1799,Basin,3512.4,27.2,57.0,8.667934426229507,0.8515727272727273,2331.0,637
2004,Chikmangaluru,Rabi,Ginger,Laterite,1468,Basin,3512.4,27.2,54.0,8.667934426229507,0.8515727272727273,2088.0,43311
2004,Chikmangaluru,Rabi,Ginger,Laterite,568,Basin,3296.0,27.2,54.5,8.667934426229507,0.8515727272727273,2628.0,24848
2004,Chikmangaluru,Rabi,Ginger,Laterite,407,Basin,3296.0,27.0,56.6,8.667934426229507,0.8515727272727273,1939.0,761
2004,Chikmangaluru,Rabi,Ginger,Laterite,177,Basin,3296.0,27.0,55.5,8.667934426229507,0.8515727272727273,1871.0,45608
2004,Chikmangaluru,Rabi,Ginger,Laterite,51,Basin,3550.0,27.0,58.5,8.667934426229507,0.8515727272727273,1868.0,234581
2004,Chikmangaluru,Rabi,Ginger,Laterite,173,Basin,3550.0,27.0,59.5,8.667934426229507,0.8515727272727273,127919.0,646
2004,Chikmangaluru,Rabi,Ginger,Laterite,201,Basin,3550.0,27.0,55.0,8.667934426229507,0.8515727272727273,75340.0,43562
2004,Chikmangaluru,Rabi,Ginger,Laterite,206,Basin,3654.0,27.0,53.0,8.667934426229507,0.8515727272727273,29170.0,200000
2004,Chikmangaluru,Rabi,Ginger,Laterite,243,Basin,3654.0,27.2,53.5,8.667934426229507,0.8515727272727273,1901.0,4847
2004,Chikmangaluru,Rabi,Ginger,Laterite,123,Basin,3654.0,27.2,52.5,8.667934426229507,0.8515727272727273,972.0,51239
2004,Chikmangaluru,Rabi,Ginger,Laterite,82,Basin,233.0,27.2,56.0,8.667934426229507,0.8515727272727273,874.0,216396
2004,Chikmangaluru,Rabi,Ginger,Laterite,74,Basin,233.0,27.1,57.0,8.667934426229507,0.8515727272727273,592.0,2644
2004,Chikmangaluru,Rabi,Ginger,Laterite,18,Basin,233.0,27.1,57.5,8.667934426229507,0.8515727272727273,864.0,44235
2004,Chikmangaluru,Rabi,Tea,Laterite,37,Basin,2903.1,27.1,57.0,8.667934426229507,0.8515727272727273,5373.0,203317
2004,Chikmangaluru,Rabi,Tea,Laterite,35,Basin,2903.1,26.8,55.0,8.667934426229507,0.8515727272727273,6589.0,2134
2004,Chikmangaluru,Rabi,Tea,Laterite,5974,Basin,2903.1,26.8,56.0,8.667934426229507,0.8515727272727273,5107.0,45186
2004,Chikmangaluru,Rabi,Tea,Clay Loam,6631,Basin,2996.6,26.8,54.0,8.667934426229507,0.8515727272727273,5518.0,238542
2004,Chikmangaluru,Rabi,Tea,Clay Loam,6705,Basin,2996.6,37.0,58.0,8.667934426229507,0.8515727272727273,4912.0,1516
2013,Chikmangaluru,Rabi,Tea,Clay Loam,5876,Basin,2996.6,37.0,58.0,8.723835616438356,0.823009090909091,3830.0,57259
2014,Chikmangaluru,Rabi,Tea,Clay Loam,326,Spray,3522.8,37.0,59.0,8.067550684931506,0.8393,313547.0,234779
2015,Chikmangaluru,Zaid,Tea,Clay Loam,6470,Spray,3522.8,38.0,50.0,7.928679452054794,0.803875,2783.0,1493
2016,Chikmangaluru,Zaid,Tea,Clay Loam,6709,Spray,3522.8,38.0,54.0,8.220786885245902,0.6098375,1533.0,64409
2017,Chikmangaluru,Zaid,Tea,Clay Loam,6186,Spray,3729.8,38.0,53.0,8.1165698630137,0.6496625,1647.0,249978
2018,Chikmangaluru,Zaid,Tea,Clay Loam,6503,Spray,3729.8,39.0,52.0,8.283945205479451,0.6792875,975.0,637
2004,Chikmangaluru,Zaid,Tea,Clay Loam,5220,Spray,3729.8,39.0,51.0,8.667934426229507,0.746075,2.0,43311
2005,Chikmangaluru,Zaid,Tea,Clay Loam,4677,Spray,2746.2,39.0,57.0,8.097435616438355,0.769575,836.0,24848
2006,Chikmangaluru,Zaid,Tea,Clay Loam,4803,Spray,2746.2,40.0,57.0,8.92721095890411,0.7234875000000001,806.0,761
2007,Chikmangaluru,Zaid,Tea,Clay Loam,3739,Spray,2746.2,40.0,60.0,8.239857534246577,0.6786625000000001,880.0,45608
2008,Chikmangaluru,Zaid,Paddy,Clay Loam,3529,Spray,3360.0,40.0,57.0,8.19472131147541,0.680525,770.0,234581
2009,Chikmangaluru,Zaid,Paddy,Clay Loam,3649,Spray,3360.0,41.0,57.0,8.389676712328766,0.7491625000000001,395.0,646
2010,Chikmangaluru,Zaid,Paddy,Clay Loam,1374,Spray,3360.0,41.0,54.0,7.646794520547945,0.7680875,187.0,43562
2011,Chikmangaluru,Zaid,Paddy,Clay Loam,1279,Spray,3605.4,41.0,54.5,8.771868493150684,0.7983750000000001,187.0,200000
2012,Chikmangaluru,Zaid,Paddy,Clay Loam,13283,Spray,3605.4,42.0,56.6,8.314032786885246,0.7047,121.0,4847
2013,Chikmangaluru,Zaid,Paddy,Clay Loam,52119,Spray,3605.4,42.0,55.5,8.723835616438356,0.6019,103.0,51239
2014,Chikmangaluru,Zaid,Paddy,Clay Loam,725,Spray,3512.4,42.0,58.5,8.067550684931506,0.8119375000000001,71.0,216396
2015,Chikmangaluru,Zaid,Paddy,Clay Loam,12885,Spray,3512.4,43.0,59.5,7.928679452054794,0.803875,3961.0,2644
2016,Chikmangaluru,Zaid,Paddy,Medium Textured,51179,Spray,3512.4,27.0,55.0,8.220786885245902,0.6098375,4247.0,44235
2017,Chikmangaluru,Zaid,Paddy,Medium Textured,468,Spray,3296.0,27.0,53.0,8.1165698630137,0.6496625,3290.0,203317
2018,Chikmangaluru,Zaid,Paddy,Medium Textured,11841,Spray,3296.0,27.0,53.5,8.283945205479451,0.6792875,3138.0,2134
2004,Chikmangaluru,Zaid,Paddy,Medium Textured,50975,Spray,3296.0,27.0,52.5,8.667934426229507,0.746075,3423.0,45186
2005,Chikmangaluru,Zaid,Paddy,Medium Textured,206,Spray,3550.0,27.0,56.0,8.097435616438355,0.769575,3899.0,238542
2006,Chikmangaluru,Zaid,Paddy,Medium Textured,10922,Spray,3550.0,27.0,57.0,8.92721095890411,0.7234875000000001,4015.0,1516
2007,Chikmangaluru,Zaid,Paddy,Medium Textured,51390,Spray,3550.0,27.2,57.5,8.239857534246577,0.6786625000000001,4279.0,200000
2008,Chikmangaluru,Zaid,Groundnut,Medium Textured,177,Spray,3654.0,27.2,57.0,8.19472131147541,0.680525,4167.0,4847
2009,Chikmangaluru,Zaid,Groundnut,Medium Textured,10723,Spray,3654.0,27.2,55.0,8.389676712328766,0.7491625000000001,4479.0,51239
2010,Chikmangaluru,Zaid,Groundnut,Medium Textured,51709,Spray,3654.0,27.0,56.0,7.646794520547945,0.7680875,3699.0,216396
2011,Chikmangaluru,Zaid,Groundnut,Medium Textured,146,Spray,233.0,27.0,54.0,8.771868493150684,0.7983750000000001,4904.0,2644
2012,Chikmangaluru,Zaid,Groundnut,Medium Textured,10910,Spray,233.0,27.0,58.0,8.314032786885246,0.7047,2821.0,44235
2013,Chikmangaluru,Zaid,Groundnut,Medium Textured,51355,Spray,233.0,27.0,58.0,8.723835616438356,0.6019,3472.0,203317
2014,Chikmangaluru,Zaid,Groundnut,Medium Textured,160,Spray,234.0,27.0,59.0,8.067550684931506,0.8119375000000001,3647.0,2134
2015,Chikmangaluru,Zaid,Groundnut,Medium Textured,10912,Spray,234.0,27.0,50.0,7.928679452054794,0.803875,393.0,45186
2016,Chikmangaluru,Zaid,Groundnut,Medium Textured,51353,Spray,234.0,27.2,54.0,8.220786885245902,0.6098375,167.0,238542
2017,Chikmangaluru,Zaid,Groundnut,Medium Textured,1279,Spray,3105.0,27.2,53.0,8.1165698630137,0.6496625,71.0,1516
2018,Chikmangaluru,Zaid,Groundnut,Medium Textured,13283,Spray,3105.0,27.2,52.0,8.283945205479451,0.6792875,52.0,57259
2004,Chikmangaluru,Zaid,Groundnut,Medium Textured,52119,Spray,3105.0,27.1,51.0,8.667934426229507,0.746075,313547.0,234779
2005,Chikmangaluru,Zaid,Groundnut,Medium Textured,725,Spray,236.0,27.1,57.0,8.097435616438355,0.769575,2783.0,1493
2006,Chikmangaluru,Zaid,Groundnut,Medium Textured,12885,Spray,236.0,27.1,57.0,8.92721095890411,0.7234875000000001,1533.0,64409
2007,Chikmangaluru,Zaid,Groundnut,Alluvial,51179,Spray,2903.1,26.8,60.0,8.239857534246577,0.6786625000000001,1647.0,249978
2008,Chikmangaluru,Zaid,Blackgram,Alluvial,468,Spray,2903.1,26.8,57.0,8.19472131147541,0.680525,975.0,637
2009,Chikmangaluru,Zaid,Blackgram,Alluvial,11841,Spray,2903.1,26.8,57.0,8.389676712328766,0.7491625000000001,2.0,43311
2010,Chikmangaluru,Zaid,Blackgram,Alluvial,50975,Spray,2996.6,37.0,54.0,7.646794520547945,0.7680875,836.0,24848
2011,Chikmangaluru,Zaid,Blackgram,Alluvial,206,Spray,2996.6,37.0,54.5,8.771868493150684,0.7983750000000001,806.0,761
2012,Chikmangaluru,Zaid,Blackgram,Alluvial,10922,Spray,2996.6,37.0,56.6,8.314032786885246,0.7047,880.0,45608
2013,Chikmangaluru,Zaid,Blackgram,Alluvial,51390,Drip,3522.8,38.0,55.5,8.723835616438356,0.6019,770.0,234581
2014,Chikmangaluru,Zaid,Blackgram,Alluvial,177,Drip,3522.8,38.0,58.5,8.067550684931506,0.8119375000000001,395.0,646
2015,Chikmangaluru,Zaid,Blackgram,Alluvial,10723,Drip,3522.8,38.0,59.5,7.928679452054794,0.803875,187.0,43562
2016,Chikmangaluru,Zaid,Blackgram,Alluvial,51709,Drip,3729.8,39.0,55.0,8.220786885245902,0.6098375,187.0,200000
2017,Chikmangaluru,Zaid,Blackgram,Alluvial,146,Drip,3729.8,39.0,53.0,8.1165698630137,0.6496625,121.0,4847
2018,Chikmangaluru,Zaid,Blackgram,Alluvial,10910,Drip,3729.8,39.0,53.5,8.283945205479451,0.6792875,103.0,51239
2004,Chikmangaluru,Zaid,Blackgram,Alluvial,51355,Drip,2746.2,40.0,52.5,8.667934426229507,0.746075,71.0,216396
2005,Chikmangaluru,Zaid,Blackgram,Alluvial,160,Drip,2746.2,40.0,56.0,8.097435616438355,0.769575,3961.0,2644
2006,Hassan,Zaid,Blackgram,Alluvial,10912,Drip,2746.2,40.0,59.5,12.763923287671236,0.3114875,4247.0,44235
2007,Hassan,Zaid,Blackgram,Alluvial,51353,Drip,3360.0,41.0,55.0,11.626619178082192,0.2305,3290.0,203317
2008,Hassan,Zaid,Cashew,Alluvial,1279,Drip,3360.0,41.0,53.0,11.760590163934427,0.315875,3138.0,2134
2009,Hassan,Zaid,Cashew,Alluvial,13283,Drip,3360.0,41.0,53.5,12.3314301369863,0.2917375,3423.0,45186
2010,Hassan,Zaid,Cashew,Alluvial,52119,Drip,3605.4,42.0,52.5,11.197282191780822,0.3201625,3899.0,238542
2011,Hassan,Zaid,Cashew,Alluvial,725,Drip,3605.4,42.0,56.0,12.588657534246574,0.3032375,4015.0,1516
2012,Hassan,Zaid,Cashew,Alluvial,12885,Drip,3605.4,42.0,57.0,12.175081967213115,0.2522875,4279.0,57259
2013,Hassan,Zaid,Cashew,Alluvial,51179,Drip,3512.4,43.0,57.5,12.60424109589041,0.2861,4167.0,234779
2014,Hassan,Zaid,Cashew,Alluvial,468,Drip,3512.4,43.0,57.0,11.763024657534247,0.287375,4479.0,1493
2017,Hassan,Zaid,Coconut,Alluvial,206,Drip,3105.0,27.0,57.0,11.484493150684932,0.312975,126487.0,2134
2018,Hassan,Zaid,Coconut,Alluvial,10922,Drip,3105.0,27.0,55.0,12.060887671232877,0.3784875,804.0,45186
2004,Hassan,Zaid,Coconut,Alluvial,51390,Drip,236.0,27.0,56.0,12.409475409836066,0.2517875,30362.0,238542
2005,Hassan,Zaid,Coconut,Alluvial,177,Drip,2903.1,27.0,54.0,11.4912,0.245925,124492.0,1516
2006,Hassan,Zaid,Coconut,Alluvial,10723,Drip,2903.1,27.0,58.0,12.763923287671236,0.3114875,792.0,200000
2007,Hassan,Zaid,Coconut,Alluvial,51709,Drip,2903.1,27.0,58.0,11.626619178082192,0.2305,34153.0,4847
2008,Hassan,Zaid,Coconut,Alluvial,146,Drip,2996.6,27.2,59.0,11.760590163934427,0.315875,2570.0,51239
2009,Hassan,Zaid,Ginger,Alluvial,10910,Drip,2996.6,27.2,50.0,12.3314301369863,0.2917375,27170.0,216396
2010,Hassan,Zaid,Ginger,Alluvial,51355,Drip,2996.6,27.2,54.0,11.197282191780822,0.3201625,114744.0,2644
2011,Hassan,Zaid,Ginger,Alluvial,160,Drip,3522.8,27.0,53.0,12.588657534246574,0.3032375,1402.0,44235
2012,Hassan,Zaid,Ginger,Sandy Loam,10912,Basin,3522.8,27.0,59.5,12.175081967213115,0.2522875,23456.0,203317
2013,Hassan,Zaid,Ginger,Sandy Loam,51353,Basin,3522.8,27.0,55.0,12.60424109589041,0.2861,107809.0,2134
2014,Hassan,Zaid,Ginger,Sandy Loam,142,Basin,3729.8,27.0,53.0,11.763024657534247,0.287375,1132.0,45186
2015,Hassan,Zaid,Ginger,Sandy Loam,10505,Basin,3729.8,27.0,53.5,11.717852054794522,0.3356375,23960.0,238542
2016,Hassan,Zaid,Ginger,Sandy Loam,51040,Basin,3729.8,27.0,52.5,12.007081967213114,0.2695125,126487.0,1516
2017,Hassan,Zaid,Ginger,Sandy Loam,154,Basin,2746.2,27.2,56.0,11.484493150684932,0.312975,804.0,57259
2018,Hassan,Zaid,Ginger,Sandy Loam,10318,Basin,2746.2,27.2,57.0,12.060887671232877,0.3784875,30362.0,234779
2004,Hassan,Zaid,Ginger,Sandy Loam,48083,Basin,2746.2,27.2,57.5,12.409475409836066,0.2517875,124492.0,1493
2005,Hassan,Zaid,Ginger,Sandy Loam,143,Basin,3360.0,27.1,57.0,11.4912,0.245925,792.0,64409
2006,Hassan,Zaid,Ginger,Sandy Loam,9283,Basin,3360.0,27.1,55.0,12.763923287671236,0.3114875,34153.0,249978
2007,Hassan,Zaid,Ginger,Sandy Loam,47200,Basin,3360.0,27.1,56.0,11.626619178082192,0.2305,132551.0,637
2008,Hassan,Zaid,Ginger,Sandy Loam,158,Basin,3605.4,26.8,54.0,11.760590163934427,0.315875,338.0,43311
2009,Hassan,Zaid,Coconut,Sandy Loam,8982,Drip,3605.4,26.8,57.0,12.3314301369863,0.2917375,22966.0,200000
2010,Hassan,Zaid,Coconut,Sandy Loam,46990,Drip,3605.4,26.8,57.5,11.197282191780822,0.3201625,131763.0,4847
2011,Hassan,Zaid,Coconut,Sandy Loam,103,Drip,3512.4,37.0,57.0,12.588657534246574,0.3032375,404.0,51239
2012,Hassan,Zaid,Coconut,Sandy Loam,8239,Drip,3512.4,37.0,55.0,12.175081967213115,0.2522875,24184.0,216396
2013,Hassan,Zaid,Coconut,Sandy Loam,44563,Drip,3512.4,37.0,56.0,12.60424109589041,0.2861,124387.0,2644
2014,Hassan,Zaid,Coconut,Sandy Loam,96,Drip,3296.0,38.0,54.0,11.763024657534247,0.287375,343.0,44235
2015,Hassan,Zaid,Coconut,Sandy Loam,6949,Drip,3296.0,38.0,58.0,11.717852054794522,0.3356375,23099.0,203317
2016,Hassan,Zaid,Coconut,Sandy Loam,44663,Drip,3296.0,38.0,58.0,12.007081967213114,0.2695125,117825.84,2134
2017,Hassan,Zaid,Coconut,Sandy Loam,110,Drip,3550.0,39.0,59.0,11.484493150684932,0.312975,336.0,45186
2018,Hassan,Zaid,Coconut,Sandy Loam,6824,Drip,3550.0,39.0,50.0,12.060887671232877,0.3784875,22594.0,238542
2004,Hassan,Zaid,Coconut,Sandy Loam,43013,Drip,3550.0,39.0,54.0,12.409475409836066,0.2517875,116481.07,1516
2005,Hassan,Zaid,Coconut,Sandy Loam,95,Drip,3654.0,40.0,53.0,11.4912,0.245925,316.0,57259
2006,Hassan,Zaid,Coconut,Sandy Loam,6441,Drip,3654.0,40.0,52.0,12.763923287671236,0.3114875,21400.0,234779
2007,Hassan,Zaid,Coconut,Sandy Loam,4012,Drip,3654.0,40.0,51.0,11.626619178082192,0.2305,122102.0,1493
2008,Hassan,Zaid,Coconut,Sandy Loam,4877,Drip,233.0,41.0,57.0,11.760590163934427,0.315875,382.0,64409
2009,Hassan,Zaid,Coconut,Sandy Loam,4930,Drip,233.0,41.0,57.0,12.3314301369863,0.2917375,19578.0,249978
2010,Hassan,Zaid,Coconut,Sandy Loam,4954,Drip,233.0,41.0,60.0,11.197282191780822,0.3201625,121037.0,637
2011,Hassan,Zaid,Coconut,Sandy Loam,5019,Drip,234.0,42.0,57.0,12.588657534246574,0.3032375,231.0,43311
2012,Hassan,Zaid,Coconut,Sandy Loam,5127,Drip,234.0,42.0,57.0,12.175081967213115,0.2522875,18951.0,24848
2013,Hassan,Zaid,Coconut,Sandy Loam,5174,Drip,234.0,42.0,54.0,12.60424109589041,0.2861,110579.0,761
2014,Hassan,Zaid,Coconut,Sandy Loam,5294,Drip,3105.0,43.0,54.5,11.763024657534247,0.287375,221.0,45608
2015,Hassan,Zaid,Coconut,Sandy Loam,5474,Drip,3105.0,43.0,56.6,11.717852054794522,0.3356375,15362.0,234581
2016,Hassan,Zaid,Coconut,Sandy Loam,5864,Drip,3105.0,27.0,55.5,12.007081967213114,0.2695125,120373.0,646
2017,Hassan,Zaid,Coconut,Sandy Loam,7028,Drip,236.0,27.0,58.5,11.484493150684932,0.312975,291.0,43562
2018,Hassan,Zaid,Coconut,Sandy Loam,7403,Drip,236.0,27.0,59.5,12.060887671232877,0.3784875,17231.0,200000
2004,Hassan,Zaid,Coconut,Sandy Loam,7501,Drip,321.0,27.0,55.0,12.409475409836066,0.2517875,119359.0,4847
2005,Hassan,Zaid,Coconut,Sandy Loam,7714,Drip,3654.0,27.0,53.0,11.4912,0.245925,283.0,51239
2006,Hassan,Zaid,Coconut,Sandy Loam,7856,Drip,323.0,27.0,53.5,12.763923287671236,0.3114875,17690.0,216396
2007,Hassan,Zaid,Coconut,Sandy Loam,32,Drip,324.0,27.2,52.5,11.626619178082192,0.2305,7157.0,2644
2008,Hassan,Zaid,Coconut,Sandy Loam,1,Drip,3105.0,27.2,56.0,11.760590163934427,0.315875,8700.0,44235
2009,Hassan,Zaid,Coconut,Sandy Loam,30,Drip,326.0,27.2,57.0,12.3314301369863,0.2917375,41266.0,203317
2010,Hassan,Zaid,Coconut,Sandy Loam,6,Drip,327.0,27.0,57.5,11.197282191780822,0.3201625,8838.0,2134
2011,Hassan,Zaid,Coconut,Sandy Loam,15,Drip,328.0,27.0,57.0,12.588657534246574,0.3032375,8954.0,45186
2012,Hassan,Zaid,Coconut,Sandy Loam,4,Drip,2903.1,27.0,55.0,12.175081967213115,0.2522875,42915.0,238542
2013,Hassan,Zaid,Coconut,Sandy Loam,39,Drip,2903.1,27.0,56.0,12.60424109589041,0.2861,9230.0,1516
2014,Hassan,Zaid,Coconut,Sandy Loam,6,Drip,2903.1,27.0,54.0,11.763024657534247,0.287375,44313.0,57259
2015,Hassan,Zaid,Coconut,Sandy Loam,12,Drip,2996.6,27.0,58.0,11.717852054794522,0.3356375,45820.0,234779
2016,Hassan,Zaid,Coconut,Sandy Loam,3,Drip,2996.6,27.2,58.0,12.007081967213114,0.2695125,49084.0,1493
2017,Hassan,Zaid,Coconut,Sandy,17,Drip,2996.6,27.2,59.0,11.484493150684932,0.312975,86311.0,64409
2018,Hassan,Zaid,Coconut,Sandy,3,Drip,3522.8,27.2,50.0,12.060887671232877,0.3784875,57642.0,249978
2004,Hassan,Zaid,Coconut,Sandy,9,Drip,3522.8,27.1,54.0,12.409475409836066,0.2517875,58405.0,637
2005,Hassan,Zaid,Coconut,Sandy,21,Drip,3522.8,27.1,53.0,11.4912,0.245925,60751.0,43311
2006,Hassan,Zaid,Coconut,Sandy,11,Drip,3729.8,27.1,52.0,12.763923287671236,0.3114875,109506.0,24848
2007,Hassan,Zaid,Coconut,Sandy,4,Drip,3729.8,26.8,51.0,11.626619178082192,0.2305,114.0,761
2008,Hassan,Zaid,Coconut,Sandy,15,Basin,3729.8,26.8,57.0,11.760590163934427,0.315875,3.0,45608
2009,Hassan,Zaid,Coconut,Sandy,8,Basin,2746.2,26.8,57.0,12.3314301369863,0.2917375,95.0,234581
2010,Hassan,Zaid,Coconut,Sandy,29,Basin,2746.2,37.0,60.0,11.197282191780822,0.3201625,19.0,646
2011,Hassan,Zaid,Coconut,Sandy,1,Basin,2746.2,37.0,57.0,12.588657534246574,0.3032375,54.0,43562
2012,Hassan,Zaid,Coconut,Sandy,13736,Basin,3360.0,37.0,57.0,12.175081967213115,0.2522875,13.0,200000
2013,Hassan,Zaid,Coconut,Sandy,14003,Basin,3360.0,38.0,54.0,12.60424109589041,0.2861,123.0,4847
2014,Hassan,Zaid,Coconut,Sandy,14179,Basin,3360.0,38.0,54.5,11.763024657534247,0.287375,19.0,51239
2015,Hassan,Zaid,Coconut,Sandy,14319,Basin,3605.4,38.0,56.6,11.717852054794522,0.3356375,32.0,216396
2016,Hassan,Zaid,Coconut,Sandy,14464,Basin,3605.4,39.0,55.5,12.007081967213114,0.2695125,8.0,2644
2017,Hassan,Zaid,Coconut,Sandy,14876,Basin,3605.4,39.0,58.5,11.484493150684932,0.312975,50.0,44235
2018,Hassan,Zaid,Coconut,Sandy,14976,Basin,3512.4,39.0,59.5,12.060887671232877,0.3784875,10.0,203317
2004,Hassan,Zaid,Coconut,Sandy,15009,Basin,3512.4,40.0,55.0,12.409475409836066,0.2517875,29.0,2134
2005,Hassan,Zaid,Coconut,Sandy,15114,Basin,3512.4,40.0,53.0,11.4912,0.245925,44.0,45186
2006,Dakshina Kannada,Zaid,Coconut,Sandy,16224,Basin,3296.0,27.0,53.5,10.098838356164384,0.3323375,33.0,238542
2007,Dakshina Kannada,Zaid,Coconut,Sandy,17095,Basin,3296.0,27.0,52.5,9.919430136986302,0.3672375,14.0,1516
2008,Dakshina Kannada,Zaid,Coconut,Sandy,17512,Basin,3296.0,27.0,56.0,9.504295081967214,0.307525,56.0,57259
2009,Dakshina Kannada,Zaid,Coconut,Sandy,17587,Basin,3550.0,27.0,57.0,9.862224657534249,0.3086125,26.0,234779
2010,Dakshina Kannada,Zaid,Coconut,Sandy,17771,Basin,3550.0,27.0,57.5,9.499265753424655,0.3060375,98.0,1493
2011,Dakshina Kannada,Zaid,Coconut,Sandy,17825,Basin,3550.0,27.0,57.0,9.75787397260274,0.310225,3.0,64409
2012,Dakshina Kannada,Zaid,Coconut,Sandy,3147,Basin,3654.0,27.2,55.0,9.984295081967211,0.3183,58637.0,249978
2013,Dakshina Kannada,Zaid,Coconut,Sandy,2578,Basin,3654.0,27.2,56.0,10.523243835616436,0.2915625,59777.0,200000
2014,Dakshina Kannada,Zaid,Coconut,Sandy,1591,Basin,3654.0,27.2,54.0,9.763495890410958,0.3965125,60528.0,4847
2015,Dakshina Kannada,Zaid,Coconut,Sandy,1298,Basin,233.0,27.0,58.0,9.057698630136986,0.3040285714285714,61126.0,51239
2016,Dakshina Kannada,Zaid,Coconut,Sandy,4,Basin,233.0,27.0,58.0,9.974754098360656,0.2794625,623687.0,216396
2017,Dakshina Kannada,Zaid,Coconut,Sandy,1122,Basin,233.0,27.0,59.0,9.751561643835617,0.3166375,63504.0,2644
2018,Dakshina Kannada,Zaid,Coconut,Sandy,917,Basin,234.0,27.0,50.0,9.655002739726028,0.2362,63931.0,44235
2019,Dakshina Kannada,Zaid,Coconut,Clay,819,Basin,234.0,27.0,54.0,10.073194520547943,0.297725,73730.0,203317
2004,Dakshina Kannada,Zaid,Coconut,Clay,619,Basin,234.0,27.0,53.0,10.411475409836063,0.3479875,118416.0,2134
2005,Dakshina Kannada,Zaid,Coconut,Clay,391,Basin,3105.0,27.2,52.0,10.166597260273972,0.4025125,130132.0,45186
2006,Dakshina Kannada,Zaid,Coconut,Clay,211,Basin,3105.0,27.2,51.0,10.098838356164384,0.3323375,154889.0,238542
2007,Dakshina Kannada,Zaid,Coconut,Clay,153,Basin,3105.0,27.2,57.0,9.919430136986302,0.3672375,171739.0,1516
2008,Dakshina Kannada,Zaid,Coconut,Clay,111,Basin,236.0,27.1,57.0,9.504295081967214,0.307525,172475.0,57259
2009,Dakshina Kannada,Zaid,Coconut,Clay,76,Basin,236.0,27.1,60.0,9.862224657534249,0.3086125,177939.0,234779
2010,Dakshina Kannada,Zaid,Coconut,Clay,53,Basin,2903.1,27.1,57.0,9.499265753424655,0.3060375,313547.0,1493
2011,Dakshina Kannada,Zaid,Coconut,Clay,2688,Basin,2903.1,26.8,57.0,9.75787397260274,0.310225,2783.0,64409
2012,Dakshina Kannada,Zaid,Coconut,Clay,2311,Basin,2903.1,26.8,54.0,9.984295081967211,0.3183,1533.0,249978
2013,Dakshina Kannada,Zaid,Coconut,Clay,2188,Basin,2996.6,26.8,54.5,10.523243835616436,0.2915625,1647.0,637
2014,Dakshina Kannada,Zaid,Coconut,Clay,1998,Basin,2996.6,37.0,56.6,9.763495890410958,0.3965125,975.0,43311
2015,Dakshina Kannada,Zaid,Coconut,Clay,2006,Basin,2996.6,37.0,55.5,9.057698630136986,0.3040285714285714,2.0,24848
2016,Dakshina Kannada,Zaid,Coconut,Clay,2034,Basin,3522.8,37.0,58.5,9.974754098360656,0.2794625,836.0,761
2017,Dakshina Kannada,Zaid,Coconut,Clay,2035,Basin,3522.8,38.0,59.5,9.751561643835617,0.3166375,806.0,45608
2018,Dakshina Kannada,Zaid,Coconut,Clay,2074,Basin,3522.8,38.0,55.0,9.655002739726028,0.2362,880.0,234581
2012,Dakshina Kannada,Zaid,Coconut,Clay,2127,Basin,2903.1,38.0,53.0,9.984295081967211,0.3183,770.0,646
2013,Dakshina Kannada,Zaid,Coconut,Clay,2090,Spray,2903.1,39.0,53.5,10.523243835616436,0.2915625,395.0,43562
2014,Dakshina Kannada,Zaid,Coconut,Clay,2059,Spray,2903.1,39.0,52.5,9.763495890410958,0.3965125,187.0,200000
2015,Dakshina Kannada,Zaid,Coconut,Clay,2050,Spray,2996.6,39.0,56.0,9.057698630136986,0.3040285714285714,187.0,4847
2016,Dakshina Kannada,Zaid,Coconut,Clay,1865,Spray,2996.6,40.0,57.0,9.974754098360656,0.2794625,121.0,51239
2017,Dakshina Kannada,Zaid,Coconut,Clay,1841,Spray,2996.6,40.0,57.5,9.751561643835617,0.3166375,103.0,216396
2018,Dakshina Kannada,Zaid,Coconut,Clay,1799,Spray,3522.8,40.0,57.0,9.655002739726028,0.2362,71.0,2644
2019,Dakshina Kannada,Zaid,Coconut,Clay,1468,Spray,3522.8,41.0,55.0,10.073194520547943,0.297725,3961.0,44235
2004,Dakshina Kannada,Zaid,Coconut,Clay,568,Spray,3522.8,41.0,56.0,10.411475409836063,0.3479875,4247.0,203317
2005,Dakshina Kannada,Zaid,Coconut,Clay,407,Spray,3729.8,41.0,54.0,10.166597260273972,0.4025125,3290.0,2134
2006,Dakshina Kannada,Zaid,Coconut,Clay,177,Spray,3729.8,42.0,58.0,10.098838356164384,0.3323375,3138.0,45186
2007,Dakshina Kannada,Zaid,Coconut,Clay,51,Spray,3729.8,42.0,58.0,9.919430136986302,0.3672375,3423.0,238542
2008,Dakshina Kannada,Zaid,Coconut,Clay,173,Spray,2746.2,42.0,59.0,9.504295081967214,0.307525,3899.0,1516
2009,Dakshina Kannada,Zaid,Coconut,Clay,201,Spray,2746.2,43.0,50.0,9.862224657534249,0.3086125,4015.0,57259
2010,Dakshina Kannada,Zaid,Coconut,Loam,206,Spray,2746.2,43.0,54.0,9.499265753424655,0.3060375,4279.0,234779
2011,Dakshina Kannada,Zaid,Coconut,Loam,243,Spray,3360.0,27.0,53.0,9.75787397260274,0.310225,4167.0,1493
2012,Dakshina Kannada,Zaid,Coconut,Loam,123,Spray,3360.0,27.0,52.0,9.984295081967211,0.3183,4479.0,64409
2013,Dakshina Kannada,Zaid,Coconut,Loam,82,Spray,3360.0,27.0,51.0,10.523243835616436,0.2915625,3699.0,249978
2014,Dakshina Kannada,Zaid,Coconut,Loam,74,Spray,3605.4,27.0,57.0,9.763495890410958,0.3965125,4904.0,637
2015,Dakshina Kannada,Zaid,Coconut,Loam,18,Spray,3605.4,27.0,57.0,9.057698630136986,0.3040285714285714,2821.0,43311
2016,Dakshina Kannada,Zaid,Coconut,Loam,37,Spray,3605.4,27.0,60.0,9.974754098360656,0.2794625,3472.0,24848
2017,Dakshina Kannada,Zaid,Coconut,Loam,35,Spray,3512.4,27.2,57.0,9.751561643835617,0.3166375,3647.0,761
2018,Dakshina Kannada,Zaid,Coconut,Loam,5974,Spray,3512.4,27.2,57.0,9.655002739726028,0.2362,393.0,45608
2011,Dakshina Kannada,Zaid,Coconut,Loam,6631,Spray,3512.4,27.2,54.0,9.75787397260274,0.310225,167.0,234581
2012,Dakshina Kannada,Zaid,Coconut,Loam,6705,Spray,3296.0,27.0,54.5,9.984295081967211,0.3183,71.0,646
2013,Dakshina Kannada,Zaid,Coconut,Loam,5876,Spray,3296.0,27.0,56.6,10.523243835616436,0.2915625,52.0,43562
2014,Dakshina Kannada,Zaid,Coconut,Loam,326,Spray,3296.0,27.0,55.5,9.763495890410958,0.3965125,12.0,200000
2015,Dakshina Kannada,Zaid,Coconut,Loam,6470,Spray,3550.0,27.0,58.5,9.057698630136986,0.3040285714285714,51.0,4847
2016,Dakshina Kannada,Zaid,Coconut,Loam,1279,Spray,3550.0,27.0,59.5,9.974754098360656,0.2794625,61.0,51239
2017,Dakshina Kannada,Zaid,Coconut,Loam,13283,Spray,3550.0,27.0,55.0,9.751561643835617,0.3166375,67.0,216396
2018,Dakshina Kannada,Zaid,Coconut,Loam,52119,Spray,3654.0,27.2,53.0,9.655002739726028,0.2362,62.0,2644
2004,Dakshina Kannada,Zaid,Coconut,Loam,725,Spray,3654.0,27.2,53.5,10.411475409836063,0.3479875,32.0,44235
2005,Dakshina Kannada,Zaid,Coconut,Loam,12885,Spray,3654.0,27.2,52.5,10.166597260273972,0.4025125,22.0,203317
2006,Dakshina Kannada,Zaid,Coconut,Loam,51179,Spray,233.0,27.1,56.0,10.098838356164384,0.3323375,25.0,2134
2007,Dakshina Kannada,Zaid,Coconut,Loam,468,Spray,233.0,27.1,57.0,9.919430136986302,0.3672375,4.0,45186
2008,Dakshina Kannada,Zaid,Coconut,Loam,11841,Spray,233.0,27.1,57.5,9.504295081967214,0.307525,9.0,238542
2009,Dakshina Kannada,Zaid,Coconut,Loam,50975,Spray,234.0,26.8,57.0,9.862224657534249,0.3086125,12.0,1516
2010,Dakshina Kannada,Zaid,Coconut,Loam,206,Spray,234.0,26.8,55.0,9.499265753424655,0.3060375,2089.0,200000
2011,Dakshina Kannada,Zaid,Coconut,Loam,10922,Spray,234.0,26.8,56.0,9.75787397260274,0.310225,2810.0,4847
2012,Dakshina Kannada,Zaid,Coconut,Loam,51390,Spray,3105.0,37.0,54.0,9.984295081967211,0.3183,841.0,51239
2013,Dakshina Kannada,Zaid,Coconut,Loam,177,Spray,3105.0,37.0,58.0,10.523243835616436,0.2915625,3550.0,216396
2014,Dakshina Kannada,Zaid,Coconut,Loam,10723,Spray,3105.0,37.0,58.0,9.763495890410958,0.3965125,109.0,2644
2015,Dakshina Kannada,Zaid,Coconut,Loam,51709,Spray,236.0,38.0,59.0,9.057698630136986,0.3040285714285714,3368.0,44235
2016,Dakshina Kannada,Zaid,Coconut,Loam,146,Spray,236.0,38.0,50.0,9.974754098360656,0.2794625,3671.0,203317
2017,Dakshina Kannada,Zaid,Coconut,Loam,10910,Spray,2903.1,38.0,54.0,9.751561643835617,0.3166375,2404.0,2134
2018,Dakshina Kannada,Zaid,Cocoa,Loam,51355,Drip,2903.1,39.0,53.0,9.655002739726028,0.2362,2805.0,45186
2004,Dakshina Kannada,Zaid,Cocoa,Loam,160,Drip,2903.1,39.0,52.0,10.411475409836063,0.3479875,2331.0,238542
2005,Dakshina Kannada,Zaid,Cocoa,Loam,10912,Drip,2996.6,39.0,51.0,10.166597260273972,0.4025125,2088.0,1516
2012,Dakshina Kannada,Zaid,Cocoa,Loam,51353,Drip,2996.6,40.0,57.0,9.984295081967211,0.3183,2628.0,57259
2013,Dakshina Kannada,Zaid,Cocoa,Loam,142,Drip,2996.6,40.0,57.0,10.523243835616436,0.2915625,1939.0,234779
2014,Dakshina Kannada,Zaid,Cocoa,Loam,10505,Drip,3522.8,40.0,60.0,9.763495890410958,0.3965125,1871.0,1493
2015,Dakshina Kannada,Zaid,Coffee,Loam,51040,Drip,3522.8,41.0,57.0,9.057698630136986,0.3040285714285714,1868.0,64409
2016,Dakshina Kannada,Zaid,Coffee,Sandy Loam,154,Drip,3522.8,41.0,57.0,9.974754098360656,0.2794625,127919.0,249978
2017,Dakshina Kannada,Zaid,Coffee,Sandy Loam,10318,Drip,2903.1,41.0,54.0,9.751561643835617,0.3166375,75340.0,637
2018,Kodagu,Zaid,Coffee,Sandy Loam,48083,Drip,2903.1,42.0,54.5,6.021961643835617,0.5845375,29170.0,43311
2004,Kodagu,Zaid,Coffee,Sandy Loam,143,Drip,2903.1,42.0,56.6,6.525934426229509,0.6369,1901.0,24848
2005,Kodagu,Zaid,Coffee,Sandy Loam,9283,Drip,2996.6,42.0,55.5,6.273468493150686,0.7077125000000001,972.0,761
2006,Kodagu,Zaid,Coffee,Sandy Loam,47200,Drip,2996.6,43.0,58.5,6.635243835616438,0.5850625,874.0,45608
2007,Kodagu,Zaid,Coffee,Sandy Loam,158,Drip,2996.6,27.0,59.5,6.265972602739726,0.72075,592.0,234581
2008,Kodagu,Zaid,Coffee,Sandy Loam,8982,Drip,3522.8,27.0,55.0,6.1113442622950815,0.6993625,864.0,646
2009,Kodagu,Zaid,Coffee,Sandy Loam,46990,Drip,3522.8,27.0,53.0,6.271890410958905,0.7490875,5373.0,43562
2010,Kodagu,Zaid,Coffee,Sandy Loam,103,Drip,3522.8,27.0,53.5,5.862969863013698,0.662825,6589.0,200000
2011,Kodagu,Zaid,Coffee,Sandy Loam,8239,Drip,3729.8,27.0,52.5,6.49706301369863,0.7140375,5107.0,4847
2012,Kodagu,Zaid,Coffee,Sandy Loam,44563,Drip,3729.8,27.0,56.0,6.252590163934426,0.7044250000000001,5518.0,51239
2013,Kodagu,Zaid,Coffee,Sandy Loam,96,Drip,3729.8,27.2,57.0,6.683375342465754,0.6044,4912.0,216396
2014,Kodagu,Zaid,Coffee,Sandy Loam,6949,Drip,2746.2,27.2,57.5,6.103627397260274,0.734425,3830.0,2644
2015,Kodagu,Zaid,Cardamum,Sandy Loam,44663,Drip,2746.2,27.2,57.0,5.836635616438356,0.660475,4.0,44235
2016,Kodagu,Zaid,Cardamum,Sandy Loam,110,Drip,2746.2,27.0,55.0,6.23183606557377,0.6671375,9.0,203317
2017,Kodagu,Zaid,Cardamum,Sandy Loam,6824,Drip,3360.0,27.0,56.0,6.04158904109589,0.6802625,12.0,2134
2018,Kodagu,Zaid,Cardamum,Sandy Loam,43013,Drip,3360.0,27.0,54.0,6.021961643835617,0.5845375,2089.0,45186
2019,Kodagu,Zaid,Cardamum,Sandy Loam,95,Drip,3360.0,27.0,58.0,6.185194520547945,0.6940375000000001,2810.0,238542
2004,Kodagu,Zaid,Cardamum,Sandy Loam,6441,Drip,3605.4,27.0,58.0,6.525934426229509,0.6369,841.0,1516
2013,Kodagu,Zaid,Cardamum,Sandy Loam,4012,Drip,3605.4,27.0,59.0,6.683375342465754,0.6044,3550.0,57259
2014,Kodagu,Zaid,Cardamum,Sandy Loam,4877,Drip,3605.4,27.2,50.0,6.103627397260274,0.734425,109.0,234779
2015,Mysuru,Zaid,Cardamum,Sandy Loam,4930,Drip,3512.4,27.2,54.0,12.95891506849315,0.3839375,3368.0,1493
2016,Mysuru,Zaid,Cardamum,Sandy Loam,4954,Drip,3512.4,27.2,53.0,13.00790163934426,0.324975,3671.0,64409
2017,Mysuru,Zaid,Cardamum,Sandy Loam,5019,Drip,3512.4,27.1,52.0,12.33547397260274,0.318575,2404.0,249978
2018,Mysuru,Zaid,Cardamum,Sandy Loam,5127,Drip,3296.0,27.1,51.0,13.11149589041096,0.38515,2805.0,637
2004,Mysuru,Zaid,Cardamum,Sandy Loam,5174,Drip,3296.0,27.1,57.0,13.4047868852459,0.4081125,2331.0,43311
2005,Mysuru,Zaid,Cardamum,Sandy Loam,5294,Drip,3296.0,26.8,57.0,12.621797260273972,0.3353875,2088.0,24848
2006,Mysuru,Zaid,Cardamum,Sandy Loam,5474,Drip,3550.0,26.8,60.0,14.024515068493152,0.3653125,2628.0,761
2007,Mysuru,Zaid,Pepper,Sandy Loam,5864,Drip,3550.0,26.8,57.0,12.763923287671236,0.3245125,1939.0,45608
2008,Mysuru,Zaid,Pepper,Sandy Loam,7028,Drip,3550.0,37.0,57.0,12.78265573770492,0.3676875,1871.0,234581
2009,Mysuru,Zaid,Pepper,Alluvial,7403,Drip,3654.0,37.0,54.0,13.703671232876712,0.34375,1868.0,646
2010,Mysuru,Zaid,Pepper,Alluvial,7501,Drip,3654.0,37.0,54.5,12.399386301369862,0.3906125,127919.0,43562
2011,Mysuru,Zaid,Pepper,Alluvial,7714,Drip,3654.0,38.0,56.6,13.80565479452055,0.4192375,75340.0,200000
2012,Mysuru,Zaid,Pepper,Alluvial,7856,Drip,233.0,38.0,55.5,13.91134426229508,0.349725,29170.0,4847
2013,Mysuru,Zaid,Pepper,Alluvial,32,Drip,233.0,38.0,58.5,13.860295890410958,0.3293125,1901.0,51239
2014,Mysuru,Zaid,Pepper,Alluvial,1,Drip,233.0,39.0,59.5,13.254904109589042,0.3449125,972.0,216396
2015,Mysuru,Zaid,Pepper,Alluvial,30,Basin,234.0,39.0,55.0,12.95891506849315,0.3839375,874.0,2644
2016,Mysuru,Zaid,Pepper,Alluvial,6,Basin,234.0,39.0,53.0,13.00790163934426,0.324975,592.0,44235
2017,Mysuru,Zaid,Pepper,Alluvial,15,Basin,234.0,40.0,53.5,12.33547397260274,0.318575,864.0,203317
2018,Mysuru,Zaid,Pepper,Alluvial,4,Basin,3105.0,40.0,52.5,13.11149589041096,0.38515,5373.0,2134
2013,Kasaragodu,Zaid,Pepper,Alluvial,39,Basin,3105.0,40.0,56.0,10.523243835616436,0.5730000000000001,6589.0,45186
2014,Kasaragodu,Zaid,Pepper,Alluvial,6,Basin,3105.0,41.0,57.0,9.763495890410958,0.7108,5107.0,238542
2015,Kasaragodu,Zaid,Pepper,Alluvial,12,Basin,236.0,41.0,57.5,9.057698630136986,0.749525,5518.0,1516
2016,Kasaragodu,Zaid,Arecanut,Alluvial,3,Basin,236.0,41.0,57.0,9.974754098360656,0.7151625,4912.0,200000
2017,Kasaragodu,Zaid,Arecanut,Alluvial,17,Basin,2903.1,42.0,55.0,9.751561643835617,0.746575,3830.0,4847
2018,Kasaragodu,Zaid,Arecanut,Alluvial,3,Basin,2903.1,42.0,56.0,9.655002739726028,0.7108375,4.0,51239
2004,Kasaragodu,Zaid,Arecanut,Alluvial,9,Basin,2903.1,42.0,54.0,10.411475409836063,0.6828125,9.0,216396
2005,Kasaragodu,Zaid,Arecanut,Alluvial,21,Basin,2996.6,43.0,58.0,10.166597260273972,0.5817625000000001,12.0,2644
2006,Kasaragodu,Zaid,Arecanut,Alluvial,11,Basin,2996.6,43.0,58.0,10.098838356164384,0.5876,2089.0,44235
2005,Davangere,Zaid,Cashew,Alluvial,154,Drip,3360.0,27.0,58.0,14.603868493150683,0.31085,167.0,24848
2006,Davangere,Zaid,Cashew,Alluvial,10318,Drip,3605.4,27.0,59.0,16.365895890410957,0.2984875,71.0,761
2007,Davangere,Zaid,Cashew,Alluvial,48083,Drip,3605.4,27.0,50.0,14.891572602739728,0.2804,52.0,45608
2008,Davangere,Zaid,Cashew,Alluvial,143,Drip,3605.4,27.0,54.0,15.042196721311475,0.3135875,2570.0,234581
2009,Davangere,Zaid,Coconut,Alluvial,9283,Drip,3512.4,27.0,53.0,15.315583561643836,0.3441625,27170.0,646
2010,Davangere,Rabi,Coconut,Alluvial,47200,Drip,3512.4,27.2,59.5,14.089216438356166,0.3194,114744.0,43562
2011,Davangere,Rabi,Coconut,Alluvial,158,Drip,3512.4,27.2,55.0,16.22722191780822,0.3072727272727272,1402.0,200000
2012,Davangere,Rabi,Coconut,Alluvial,8982,Drip,3296.0,27.2,53.0,15.21088524590164,0.3251363636363636,23456.0,4847
2013,Davangere,Rabi,Coconut,Alluvial,46990,Drip,3296.0,27.0,53.5,15.926301369863015,0.3230818181818182,107809.0,51239
2014,Davangere,Rabi,Coconut,Alluvial,103,Drip,3296.0,27.0,52.5,14.862476712328768,0.3129909090909091,1132.0,216396
2015,Davangere,Rabi,Coconut,Alluvial,8239,Drip,3550.0,27.0,56.0,14.665413698630138,0.2984636363636364,23960.0,2644
2016,Davangere,Rabi,Coconut,Alluvial,44563,Drip,3550.0,27.0,57.0,15.00472131147541,0.2819090909090909,126487.0,44235
2017,Davangere,Rabi,Coconut,Alluvial,96,Drip,3550.0,27.0,57.5,14.85626301369863,0.2971454545454545,804.0,203317
