Predicted_Yield,True_Yield
0.6722780797433354,0.7722007722007722
2.2620873754509767,2.2470308788598574
1.1186455657157217,1.847881242307772
3.504725642396724,3.508771929824561
5.793271616891298,4.994778067885117
27.629466138242364,26.71578947368421
18.065120942835406,11.4
1.2569299629815518,1.118843608498781
1.3793156538995874,1.3863636363636365
9.97334919355794,10.719483568075118
31.70824769202332,17.27710843373494
7.248343910710746,6.700598802395209
0.9034442780812517,1.0
29.758067876674307,28.860973187686195
3.854629291243401,1.9428571428571428
1.405879280824371,1.1925601750547046
2.712137896446442,2.851851851851852
2.505918858608663,3.02454991816694
0.18877347952057685,0.2830188679245283
1.4454643880767515,1.3557046979865772
5.954632597697175,6.2216427640156455
1.0850678591787166,1.0753623188405796
0.27320915780766963,0.3388543823326432
2.5286792110467795,1.4776536312849162
2.1224387085265706,2.843137254901961
4.8664786521715095,4.158401540683679
3.8620572794064802,4.404494382022472
4.273020014018446,22.96551724137931
2.2937633019866497,1.7179487179487178
5.216247230131809,3.940251572327044
1.9536248527932392,2.1128055617851538
2.7470411632567475,2.3249516441005804
1.6388789647125237,1.6125
7.674697999196857,11.028571428571428
4.463056768527371,4.7936507936507935
1.9359741312205392,1.7753164556962024
2.349101487070506,1.326086956521739
1.5786895922719308,1.3612334801762114
2.596773790624603,2.088888888888889
5.462093675229385,5.140083217753121
0.43730115413693804,0.5655737704918032
2.029480419257331,1.5555555555555556
0.2646487486579537,0.3191489361702128
0.805842396257554,0.6086956521739131
2.244485262939519,2.476007677543186
0.20379208182191816,0.2736842105263158
8.674792712678995,8.607142857142858
0.30095618541431013,0.2857142857142857
2.4120958886248194,2.0550284629981026
0.9725449476825025,0.8510272330970386
13.105254363210738,23.903703703703705
4.2705873129913,3.408849557522124
1.6471687567819986,1.516994633273703
1.1459489621665244,1.1391162029459905
2.839359206517684,2.412751677852349
4.875488851652263,5.070496808215376
1.3665836128315232,0.8414634146341463
3.507200830774331,3.6422413793103448
0.7271239230442259,0.5294117647058824
7.524748844056408,8.454545454545455
2.0190434791065477,1.4611260053619304
1.2874994904404784,1.5632332922797691
3.6619829153888617,3.7958115183246073
1.220186340659812,1.3163085593518844
14.323579857199688,12.53
17.596946067853192,21.8
0.777022971781758,0.806813310028691
1.6308426247693717,1.6137724550898205
5.787454398240007,4.15668202764977
2.057688725666342,1.3046875
6.875229099215753,5.916666666666667
0.1727652688544322,0.3238747553816047
2.047308146715195,2.0120481927710845
6.199576510359189,6.111940298507463
2.5137768563478797,1.939086294416244
1.5953184425331348,1.30188679245283
1.9413754782881867,1.671875
0.2703888369743825,0.3057692307692308
1.5874463571390707,1.9027777777777777
3.061899762050027,2.8129496402877696
3.338979141099032,2.88936170212766
0.35842080089897854,0.211864406779661
0.32325869236079624,0.2676923076923077
0.6933494544233172,0.4857702153290167
0.28435664713584674,0.3703703703703703
2.1295014638342273,1.7275641025641026
0.7874554816060746,0.9417989417989416
3.0360868178601583,4.81201044386423
0.36159638187820736,0.130703166935051
0.14400258734151206,0.2
4.183638533592532,3.619346733668342
1.6456932194401555,1.618320610687023
1.8969906543300317,1.6416666666666666
8.622815836258393,10.25925925925926
1.9091300955864114,1.864077669902913
3.4468681707731124,4.063595068137573
1.176956812193371,0.9635922330097088
1.7082434842300667,2.3628318584070795
1.8935303918675617,1.25
3.5614825011463056,3.0766917293233083
0.9941885830349553,0.9212827988338192
1.7255110866254553,1.5118110236220472
0.36123120896587657,0.375
0.6968258098151892,0.6948356807511737
3.4767028166483342,2.689487870619946
1.1470609781343968,0.2900763358778626
0.24326321694246414,0.38
0.9623055816357966,0.8695652173913043
0.34246089033595284,0.4285714285714285
0.331475015157621,0.265625
1.4392938827653126,1.7685512367491163
0.8765598509110906,1.175777899087577
2.620064587024442,2.629213483146068
1.5867231060657336,2.284210526315789
1.1316099397065265,1.098901098901099
1.1144138035382736,0.9565217391304348
1.5346278386242682,1.145631067961165
1.328222922566344,1.3061224489795915
2.2530571633316896,1.6968503937007875
1.3097999898539565,1.238095238095238
1.0376545191689694,0.4223013048635824
0.17964414036460638,0.0476190476190476
1.43679842337293,1.4365079365079363
1.093672877951788,1.3170731707317074
3.82302189559259,3.7686809616634176
1.8537684150413805,3.0664395229982966
4.1491218182855,3.945
4.609238698041055,3.773333333333333
0.9413247072014757,1.02366595771117
1.5820511604648884,1.248
5.043292377612455,3.183333333333333
1.4399915593072548,0.8094035973493215
1.8679770960879187,0.9198497182216656
0.762906117604252,0.9375
1.153706590811436,1.116871921182266
1.4239877565715862,1.449438202247191
1.6450437782110798,1.5232558139534884
2.124901288667448,2.4224137931034484
0.3272200456642967,0.3658536585365853
1.058474537326422,1.03125
2.354407405286334,2.68
4.887649191546608,5.397350993377484
0.5437041003699117,0.6043956043956044
0.9167140112420473,0.3765237020316027
0.40707723703492743,0.3672316384180791
1.4476176179085027,1.0
0.3375483333044441,0.6355140186915887
0.38061906352650693,0.344053851907255
1.0651448842275806,0.2941176470588235
2.704538673521769,3.1904761904761907
0.5259439604992562,0.0689432989690721
1.7263494486641187,2.12280701754386
1.4024630904912705,1.2727272727272727
1.1399203153265112,0.956989247311828
1.454850092205989,1.1940298507462686
1.4927142501798683,1.2229102167182662
1.5986797314063876,1.646341463414634
1.5921423471292617,2.025
2.1665828586784497,1.9166666666666667
3.9424058622091547,4.791176470588235
0.6804108424732265,1.1741071428571428
1.365499880028052,1.1923076923076923
0.7105056714589801,0.9444444444444444
1.4939086962458301,1.2962962962962965
1.8959854984438778,2.1544117647058822
2.7130837210445455,2.035849056603773
0.3432745114847489,0.3514724241756627
1.1690151218306455,0.6916890080428955
0.4642984582914709,0.3571428571428571
0.42119779647506567,0.3809523809523809
1.3004658264828506,1.4502164502164503
0.9620420996702861,0.7705887182855735
0.7365808318012375,0.5822442541685444
3.3092186090580933,3.0535714285714284
1.309501549608743,1.105726872246696
2.5955546766096433,1.6527777777777777
1.4332469742052587,1.6842105263157894
1.8746765198377253,2.217821782178218
1.3817880220146916,1.6956521739130437
1.3861188202480212,0.5362517099863201
0.9020698854799978,0.9422222222222222
2.0146555251018965,2.0
1.1036664444861852,1.6127805102981865
3.9780747039545465,3.67292576419214
1.206397481200689,0.3897687966502822
16.33121852831975,17.202
13.825508721118911,13.705882352941176
0.8805944812987447,0.7564793488226481
1.7628627306692093,1.5144230769230769
5.187060765494443,5.373977086743044
3.508851498561426,4.071058475203553
1.2469225753705278,0.4210526315789473
0.7369711545415445,0.9253996447602132
3.0524269232254397,2.039710101162615
4.13904263722839,4.256410256410256
1.4896418360011436,1.3476923076923075
2.004335981847581,1.896186440677966
2.8757391966253754,2.720998531571219
0.35719704570055344,0.4728476821192053
1.414245513185357,1.3841463414634143
2.9471361265919302,2.169934640522876
3.24249215335794,3.475638051044084
1.9090715916800587,2.4301336573511545
0.43216453985255415,0.4346610761705101
1.6205301047213139,1.5015015015015014
0.9174262416137786,0.8790035587188612
3.6494742437291174,3.284659090909091
0.9623838066648376,1.4129353233830846
2.275320017753785,1.4528301886792452
4.6129218654375705,4.658227848101266
0.8720896559958591,0.4403798256537982
2.0968034844369745,2.041002277904328
1.4529080264406113,1.4027777777777777
2.499872139369675,1.6205533596837944
1.4400929581658377,1.1189060642092747
1.8289766767230553,1.8562874251497008
2.337436499055789,1.6071428571428572
1.7662103445972748,1.6288416075650118
4.001853107208563,2.8282950423216446
0.5787833563542666,0.4124559341950646
1.7659685864618435,1.5696428571428571
0.5784971888596251,0.5
1.0676346765486704,0.8831168831168831
2.2427221734624263,2.018927444794953
1.10140727306892,1.25
0.39082831712406335,0.413937111038323
2.0469422936974366,3.414814814814815
0.42521735411918943,0.3993743482794578
0.6233554934277317,0.5
2.0082822858332827,2.0572916666666665
0.8483359592825126,0.757104389341351
1.935028400608227,1.3046728971962618
4.352138751414001,3.494086727989488
1.5289949629300077,1.5348226018396849
1.450770024913108,1.339001062699256
3.1697535135203596,3.453287197231834
3.4557085920634645,2.4100091421156624
1.5668514160122986,1.6366197183098592
1.8044940222499557,2.057377049180328
1.3318424420816664,1.1578947368421053
2.6209909289342375,2.7098028325465147
1.6740273727361616,2.583333333333333
1.3006578726349147,1.2354497354497354
2.401616665514309,2.6888433981576254
1.2493008030236585,1.548791816599575
4.587008674481242,3.990596892886345
3.96985445443221,2.116083916083916
14.309516045826173,23.33333333333333
15.124417808182596,15.35483870967742
0.886770211287615,0.7846976432292245
2.0432296464860955,2.1265206812652067
9.036943835756922,6.3163371488033295
4.593471684901653,5.155405405405405
9.240380538753376,6.202898550724638
0.9683500692972311,1.032258064516129
1.9733126670697119,1.962962962962963
2.0053117225692523,2.065217391304348
3.0016875084533643,2.775431861804223
0.356651587815437,0.3625
1.8387115738118953,1.8189845474613688
3.033545644975205,3.446735395189004
3.9962551518896063,3.267100977198697
0.5648027879729927,0.8448275862068966
0.5076126019404767,0.5213715359323626
1.9615624164376437,1.0607843137254902
0.4302830943069467,0.4577020202020202
1.622614897927816,1.367741935483871
2.314741317910145,8.761904761904763
3.9555100164036396,3.621669626998224
0.6919618415096549,0.386411889596603
3.2026653321853544,4.0
3.646400593643862,2.7116843702579665
1.5849788574998498,1.9757917426629084
3.1226593148104875,2.7211155378486054
1.6819779271842719,1.4050632911392404
4.225199089051252,4.130434782608695
2.7395448031317327,1.4565217391304348
1.9032517907853657,2.0576923076923075
2.3860340282994175,1.9245283018867925
2.171932700802209,2.3159609120521174
3.24059493923193,2.790909090909091
3.3748562838713667,2.925641025641025
0.6990371972475307,0.4255121827839137
2.2344472929989654,2.269449715370019
0.9175006775372814,0.7873197625106022
2.836721283423401,3.0096153846153846
6.71294592855847,7.612903225806452
0.38426400853430126,0.3654110530657135
2.4412183914626873,1.5824175824175823
0.6362039477502814,0.6891891891891891
2.4476154945751993,3.5303030303030303
1.028627285405201,1.1006523837097086
6.247775823055846,6.966861598440546
1.8971078753201627,1.633257403189066
2.2306623817044358,2.880530973451328
3.294437758162468,2.8641975308641974
1.3652880757249286,0.9333333333333332
1.7626734475693113,1.6311475409836065
1.6744288309884703,1.4210526315789471
8.459708653429429,7.587096774193548
0.7496973634324509,0.3333333333333333
1.2597583323222468,1.1851851851851851
2.9952227084450476,3.050283814001491
2.111416909514816,1.571584534797143
4.434150538081139,4.403986710963455
8.741719253575013,7.126429479034307
38.920136146083856,34.65942028985507
18.84901059795898,17.552346570397113
0.9604825995919519,0.9793184606524952
2.650048865316269,3.5126262626262625
15.923338044603582,22.809187279151946
20.068518666926998,16.28669724770642
5.485021800744231,3.390557939914163
2.583188887157138,1.0
2.1026205807466525,1.857558139534884
22.751096160741948,24.33231707317073
4.489948701318564,11.0
2.619672614219935,2.76878612716763
4.212310170015651,3.139194139194139
0.2836539697802219,0.3134328358208955
2.167362865420497,1.733644859813084
4.524904706655483,4.705935251798561
6.662972210030931,6.039772727272728
0.37110912963861276,0.308411214953271
0.49529666731724276,0.5436081242532855
3.3682261235895696,3.38
0.3946067263381208,0.4236186348862405
3.3523608545436936,3.1621052631578945
8.295995786730025,7.906298600311042
3.203516682087737,3.074074074074074
4.978294861296122,13.25
3.5265264554239026,3.7703604806408544
4.2762861430921255,2.972850678733032
3.766745774909378,4.061425061425061
2.147071245634289,1.871287128712872
6.70190010783472,10.023529411764706
5.421258744111801,6.666666666666667
2.4244891048854034,2.815217391304348
3.5261674997863715,3.0
2.8276741911136645,2.7583187390542907
2.4539412761423427,2.883008356545961
4.545887690131212,5.5
5.0790747211328995,4.170412750306498
3.2253086401779507,2.7181571815718155
4.636957149046116,4.118991682011556
3.3610856256199915,4.21606648199446
0.5967045133033608,0.5352622061482821
3.674979982618554,2.978678038379531
11.254027213143628,15.022421524663676
0.3606185469028289,0.3636363636363636
8.687309863038768,9.626315789473685
0.3912665293282488,0.4698275862068966
0.27070628708895417,0.3333333333333333
3.365199403452756,3.340909090909091
1.003120199641769,1.192475513930931
4.630628453011762,3.901004304160689
8.139680860627049,7.228571428571429
1.865325011511855,1.815126050420168
1.528869394089725,1.6785714285714286
5.604423130396291,5.469876203576341
2.06052051124599,2.25531914893617
3.5829166360439135,3.870769230769231
4.459957771991142,4.655763239875389
2.2251956841900165,3.018867924528302
10.229265842922786,12.37087912087912
3.9923189573322126,4.0
0.5361236001122958,0.726027397260274
2.302174130855126,1.4549356223175969
1.1836615611895995,1.8652091295960465
4.463734915687606,3.922861710631495
4.681291751206375,3.445028011204482
3.0026033303209703,1.3938
11.763241292152301,14.58974358974359
0.9948902447466086,1.044016896808775
4.475709703024416,3.9069767441860463
2.070424782612018,0.8666666666666667
9.68606544884136,7.079545454545454
2.1274899827421745,2.031496062992126
14.093985530468727,16.7225
1.5551371693552345,1.5555555555555556
2.047494532876773,2.021897810218978
2.9395878993034352,4.083067092651757
0.2875194885075412,0.4127806563039723
1.772791962766306,1.5562422744128557
6.251301669692491,7.101075268817205
7.3886308710732305,8.853305785123966
0.4314964821292467,0.4594893029675638
0.3223018119354068,0.3030408947920308
3.0390230844423725,3.2942857142857145
0.3936063149864799,0.1685214626391097
4.0194325538659355,3.828996282527881
6.819042016611192,6.9365853658536585
2.1329035441910102,3.0
2.6747460885230443,5.0
5.2403902357313115,4.386940749697702
2.3105027380950927,2.389233954451346
2.5082796582472207,2.848354792560801
2.0003399785042406,1.5743589743589743
3.543059632208977,3.386861313868613
3.456655355935898,2.6
2.6576825936926256,2.5902777777777777
2.26532460799498,1.3888888888888888
2.3825881635788995,2.0
2.924237296762682,3.1184336198662845
1.958832628840411,1.5238095238095235
5.923452665781208,6.321462043111528
0.6640975797407518,0.5351970360390704
2.424236502994484,2.70464904284412
2.1093511846597446,2.0921052631578947
0.3550039460756008,0.3392857142857143
0.6531722292968047,0.5994897959183674
3.4858545273036032,4.037162162162162
5.372021015231323,4.545454545454546
0.2840170734457673,0.3333333333333333
5.175751711318335,6.668539325842697
0.4059879191093532,0.4637964774951076
2.4833063000018054,2.579399141630901
0.9051748659728369,1.0146344536852476
3.498676302802684,3.1228915662650603
1.9783490375253834,1.790277777777778
1.4198442160826015,1.3170731707317074
1.6458964640223996,1.5454545454545454
4.708857265612417,5.329555675481202
3.4088468425267715,4.314285714285714
2.498157944768626,1.903225806451613
2.1525096962393286,2.437086092715232
2.5115151527634136,1.998468606431853
1.4494431765756488,0.8787878787878788
0.9890304283493092,1.0934579439252337
2.6773833295100107,2.890051041753828
1.2157926806132826,1.659046631159695
3.4534077419216587,3.406480117820324
8.692012193146542,9.240037950664137
16.597254977075732,22.54583333333333
13.00133256856443,8.806282722513089
0.9400564398254059,1.0430477501242497
1.4936171497764592,1.512690355329949
10.884803896185309,11.002124645892351
16.768401737880005,25.5686274509804
6.097717597120101,5.26
0.8478614604386898,1.2317073170731707
14.122279254127115,9.98477157360406
1.563455583037387,0.6463414634146342
1.6041590003687465,1.768939393939394
2.1713184225444975,2.32089552238806
0.2121741205459807,0.2835820895522388
2.86019052362031,3.588850174216028
4.648501889242168,4.3293413173652695
0.3845025052484002,0.3265306122448979
0.3596866153814368,0.4398340248962655
2.6206400618377543,3.132701421800948
0.40973273310663527,0.3956442831215971
3.047014046233758,2.96
2.324414450225396,2.627906976744186
4.732201521087838,5.182828282828283
3.7873293833070365,10.636363636363637
4.8418499063277585,5.900507614213198
2.719572872323804,4.319218241042345
2.4177174957266163,2.642857142857143
1.3262156475657658,1.0555555555555556
4.417694667264878,7.367647058823529
5.47189333472817,7.086956521739131
1.4639527971003745,1.5480225988700564
2.169649284702792,1.2
1.5086466921811557,1.2950191570881229
2.8409583690001283,4.047619047619048
4.903976197518606,5.543298969072165
0.4542966195336212,0.482657967032967
2.518805970810849,2.564031180400891
2.9239169462572527,3.0
0.44723927935941726,0.5157894736842106
0.6865068897867872,0.5924528301886792
2.3562672596881433,1.9897435897435896
15.16732344821569,15.65137614678899
0.37844482674040647,0.4251497005988024
13.859941684465976,19.90909090909091
0.27656763006629975,0.3258426966292135
2.636202775236246,3.128453038674033
0.7098429728545315,0.7804430914181592
4.636678555878204,4.875730994152047
1.4427558960645865,1.952789699570816
0.9717912142622507,0.9403254972875226
3.7387902506287016,3.930005832847263
1.4308483421563563,1.205128205128205
2.2826122135205478,2.350806451612903
1.473991557710438,1.9014084507042253
11.338779797721967,14.409090909090908
1.6547046002358647,1.4688362656733296
3.3300663552585714,2.858786682099816
2.059387737280154,1.8028038093950431
4.5189160819729555,4.641891891891892
3.672944602452776,2.087906583602041
17.659500061215727,17.488235294117647
19.893112262187852,15.988372093023257
0.8331174389614153,1.093138168108228
2.087459951941317,1.9494163424124515
15.030557630114071,17.206886574074073
11.201611586248003,12.950819672131148
2.5155956967854607,2.183098591549296
1.5861724919014017,0.6304347826086957
1.9168807318409353,2.134453781512605
8.802266110018019,7.59433962264151
2.6437390627728483,2.6666666666666665
1.5351030373106145,1.1176470588235294
2.118939294319496,2.337620578778135
2.819232274006825,2.7142857142857144
0.26670387919637206,0.2483660130718954
2.012787505991292,1.80273566249176
3.958722535163842,3.4081632653061225
5.2098124076991414,4.457831325301205
0.3995956903736995,0.3157894736842105
0.37461509999266207,0.3568950213830388
11.03839324988377,10.057692307692308
0.28128911503010245,0.3029960429621255
2.8004453219198884,3.51025641025641
1.749685944618756,1.7692307692307692
8.31187869288162,8.102625298329356
3.1601635734571687,2.003257328990228
2.3405776914541434,1.2941176470588236
3.0400236686709157,3.8946236559139775
3.038365024414765,3.429967426710098
2.407494929741917,1.75
3.0403360251143807,2.8795180722891565
2.0668935628507485,1.5
1.8546490785885794,0.375
2.2503431099386506,2.2048192771084336
2.3502985110319154,1.8136343514829567
1.8040394627485878,1.4927953890489911
3.6082332806183297,3.4950980392156863
3.2313236591351284,2.9589442815249267
3.7032521160702156,3.602829011232839
0.36540963459437015,0.3098236775818639
2.0988219249644904,1.349431818181818
3.5205754144247834,2.506849315068493
0.4169898040089205,0.2692307692307692
4.118773809424669,3.651376146788991
0.29188727387197533,0.3376819082063205
0.30179950686334345,0.382091212458287
0.26853334703166637,0.38
2.469301640610091,2.186147186147186
0.7716157178366001,1.1272526925674475
4.007350986594268,3.315028901734104
1.8950445960336042,1.9720670391061448
1.2004213805547788,0.6
4.597785230833475,5.02000645369474
2.256089914251006,1.676595744680851
3.4089997628332807,2.8419689119170983
2.5690742778507794,2.622047244094488
0.7332372411987194,0.6666666666666666
4.928412212036945,4.880195599022005
2.400822101206721,2.130434782608696
2.2709110089907676,2.590909090909091
0.9848386569769403,1.6208802153950943
4.702360325981991,3.4841180446046405
5.3945090361547585,7.667053813395277
31.252939155635325,34.12825651302605
16.955828148290085,13.695
1.1170267173559703,1.1682410124724871
1.8213029666208875,1.9189189189189189
10.71824293277321,9.358588479501815
9.520317772846546,12.080996884735203
4.975576967698513,4.810526315789474
2.469153521702958,1.4909028492962582
2.149318339987119,2.4027303754266214
3.385736328320628,4.2
2.21844133210024,1.9365397461589848
2.0772917493175003,1.98914223669924
3.240815606696425,3.858009708737864
0.15268603181900042,0.1
1.332903387905017,1.0425531914893618
4.990616596549744,4.482478415439309
5.9177323171007155,5.3990123456790124
0.41774343301315564,0.2857142857142857
0.4186224691700474,0.3326885880077369
4.149793400272367,3.5306859205776173
0.32889642268687574,0.23046875
2.781481941793327,1.838975297346752
2.8725311293092464,4.5
5.1706974737090725,4.901384667342114
1.8218026025830554,1.3111111111111111
2.1387800666773074,1.25
5.781956920031607,5.180379746835443
3.719616959305892,3.5391156462585034
2.892188250542265,3.1076555023923444
3.811963820325107,3.060344827586207
0.9092730291904487,0.1919866444073455
2.595807023181099,2.450943396226415
5.116216304347743,3.8854853911404335
2.4421734245164357,1.6256524981357197
3.3087333068727105,3.46
4.994396508767905,4.860650069156293
0.5925693198640849,0.4354935194416749
2.1557651312728923,1.4335260115606936
3.336581939648469,4.733142857142857
0.3958393133608366,0.3484848484848485
0.8041840573016383,0.9081364829396326
3.590794835217812,2.7318339100346023
15.077760235385025,14.594827586206897
0.6277320807419016,0.300953516090584
8.56981293925158,10.384892086330936
0.5133933057031725,0.3076923076923077
0.46057783438489536,0.4512195121951219
0.5730008047695834,0.6571428571428571
3.0502226441025995,3.6152202937249664
5.6023042168799195,4.892114175133044
2.375530839126163,1.8171945701357464
1.779688327026324,2.208333333333333
3.0563930263043657,2.447058823529412
1.9594506042633264,2.0
2.6841289007302978,2.7945945945945945
4.742750353389197,5.328596802841918
1.9610780044134826,1.5664335664335665
1.9877436257556047,7.900131406044678
1.8773039960455633,2.0
1.1456037366304987,1.5045478865703583
4.496964152648311,4.386955304656154
1.1967089418891406,1.524445797807552
5.016978322864397,6.051724137931035
7.4569071822527135,6.927789934354486
3.6063448090769867,0.7942857142857143
25.946047910109574,28.10144927536232
1.0471129411680735,1.088181249881604
2.0643199875165985,2.0211267605633805
20.111145728879972,24.270824699544136
23.44096220303033,25.408450704225352
4.3849496585583685,4.701298701298701
3.4330207378913826,5.0588235294117645
2.4466407461257984,2.383838383838384
22.39167483086765,21.463687150837988
5.216052533509103,6.179836512261581
2.8806228558380815,2.484326018808777
3.6495929278924226,2.9520639147802927
2.851323234516632,3.229090909090909
0.27478258786862736,0.3894230769230769
2.581151117504666,2.971105527638191
4.7062176118862915,3.134543513080619
7.032966267628172,4.898576512455516
0.5083554353303101,0.6356228172293364
0.8955448571463573,0.9859154929577464
3.117341956303571,3.862962962962963
2.7169349434393606,2.625477707006369
5.104461000054899,8.0
9.036470648491113,9.927744070601214
2.2828676809333652,1.853932584269663
1.6836830378879424,1.3
3.2127719058886406,2.6723356009070294
4.419097967728761,4.867768595041323
3.8033489435635506,6.363636363636363
3.3856136679741784,3.125683060109289
1.9661932298996918,1.2678571428571428
3.366203087361357,2.3076923076923075
3.625663953477047,3.5454545454545454
2.3885807414867437,2.1743486973947896
2.267152547015525,2.0
2.632504145171608,2.9983388704318936
3.8169376102865673,3.73972602739726
4.069439850445417,4.153263954588458
0.9608324676998854,1.053347280334728
5.721259499062296,5.8034137728075335
1.9437106073784283,2.6333333333333333
0.44608822220026717,0.4491525423728814
0.6650324923123083,0.5961538461538461
2.634207988546962,2.055137844611529
5.351516138332542,6.365853658536586
0.5255795065360485,0.5702956020187455
7.083560785382316,3.941176470588236
0.31918124576023926,0.329646017699115
0.36937378901776885,0.3680555555555556
0.2475154642200127,0.25
2.7933854955405732,1.981958762886598
1.0390701970309206,1.0966774773093166
26.062110635865345,26.47058823529412
7.117345764238987,6.016778523489933
2.4162343801432464,2.2524850894632205
2.9289381261216265,3.409090909090909
2.609041677238398,4.59375
6.253573458443243,5.670004593477263
3.6343686336308814,2.2757894736842106
2.2929508482085788,2.5125
5.58656919625342,6.215496368038741
2.2990095495607696,2.5492957746478875
9.291100313549256,9.58128078817734
1.4236575901449795,1.0
3.3217645954755852,2.12
1.1128888156801318,1.60050491319377
4.53649662472924,4.294697903822441
8.456177787886311,8.095637583892618
31.350638006481887,30.820833333333333
1.1092008706242291,1.0644471185987432
1.9201300004013815,1.7667638483965014
8.865324560869844,6.086460032626428
3.471454682973338,2.605633802816901
10.214089996715863,7.816666666666666
2.0954502188787303,1.881118881118881
13.509464783638927,15.43661971830986
2.0295373279170863,2.0296052631578947
2.9809576333762893,1.9615384615384608
1.827612282861391,2.363636363636364
1.2267091935502776,0.75
3.525674930825801,3.633928571428572
4.304706525373513,3.766773162939297
0.9306187060107955,1.096103896103896
7.3334905613168235,4.225
5.745722694215522,10.316666666666666
2.4278421179524274,2.9047619047619047
5.1024612157257305,2.710772833723653
0.46893642140737657,0.0139259259259259
3.9998632370072533,1.6
1.7165917374836694,1.2
4.499423389362414,6.05050505050505
3.658341781980048,5.466129190836693
2.0136917545267354,1.6986899563318778
9.986949709396036,14.947368421052632
1.0992782281035787,0.9490445859872612
2.3377971555084844,1.8799171842650104
5.172910013278127,6.463414634146342
2.1631271114275155,2.0950118764845604
2.7721204845771057,1.6666666666666667
5.014445108252464,5.307785888077859
2.940391826696735,1.3770491803278688
3.0355877237379847,2.4125
0.7135667862324457,1.255591054313099
3.1654572142313775,2.2666666666666666
12.297326112025946,28.25
11.224912860824173,14.636942675159236
0.9907532804178683,2.0
2.844914975704639,2.631404958677686
0.9491276605710977,1.1104155405778078
5.144261340805017,4.775229357798165
1.7693279054785904,2.797872340425532
1.6912573122415413,1.1166666666666667
1.83558813492753,1.3333333333333333
4.745902563898805,6.10126582278481
5.054396050803916,5.462962962962963
2.2898028572156632,2.7901234567901234
0.3023468096234193,0.3523578223031774
1.7548775742359792,1.3333333333333333
0.9326070923547054,1.0227457351746547
3.1989988078969587,2.4507616391332334
1.3103240008590227,1.7847299339664036
4.936794090037642,4.785746709033137
6.37576643933194,3.832766247022797
19.353924932788573,24.8875
10.315161231833759,12.678947368421053
0.8365040171212956,0.9509400961958898
2.4932370180705195,2.676818950930626
7.587725670635088,6.109619686800895
2.212362683821998,1.0818181818181818
5.4599158965728165,5.238512035010941
1.5998696834693313,1.9192708333333333
5.329045309247424,4.802117263843648
2.9931332576962877,2.0
1.8998617160274072,1.9954545454545447
2.9975839472420587,3.003205128205128
0.4098876373895522,0.4286507495835647
1.7422853839216739,1.8939828080229224
5.451358206089517,4.844364937388193
6.569360148789832,6.350397175639894
0.43058632070400943,0.4670619235836627
0.7998096069360892,0.5471092077087795
0.34343178419734777,0.2677083333333333
0.9446780061748583,0.4455128205128205
5.1787709906177986,4.628975265017668
1.8849079884026967,1.33373934226553
0.557647156274105,0.5384615384615384
1.672498930276654,1.3272727272727274
5.835723073513671,6.297859327217125
2.8643383999837466,3.418454935622317
2.577738993365653,2.8850931677018634
2.1996212417468333,6.85
3.1330583520615836,3.2686567164179103
3.30400032369662,2.98989898989899
1.7748673563935937,1.8905109489051093
3.205491562568316,3.46875
1.9597125862610643,1.8886861313868613
2.564148362183432,2.5
4.643692909641024,4.973626373626374
0.8500192786992335,0.603515625
2.5336290367561776,2.813753581661892
1.7404414662579586,1.8125
0.46848015633341406,0.5116279069767442
0.8740465786449465,0.959752321981424
3.289111677359087,3.24577861163227
2.490841509977565,1.8303393213572847
0.6161742897391473,0.6666666666666666
6.214274437362209,6.693037974683544
1.9167830350191788,3.0191991223258365
0.9520864290432165,0.9096474381482488
2.431313769999352,2.174787316318638
2.165257525318096,2.026986506746627
2.5577979185022772,5.0
4.635226004594376,4.371638141809291
2.13094349770931,2.099462365591398
2.5219583584715264,2.845553822152886
2.854249582363065,3.326923076923077
2.2454867815534807,3.2796610169491527
4.3767577736702,3.8899868247694336
1.1008454387802922,0.75
1.314504458605715,1.2231182795698925
3.484343793201039,2.7409082162786222
1.7787763338049203,1.864394344254128
5.893472714364473,5.419847328244275
17.86054742497845,16.676056338028168
11.990260044568169,10.0875
0.8747948540399155,0.7902338376891335
2.1019347866768046,2.0111607142857144
20.153417654056973,21.17796610169492
7.823301246206549,7.580645161290323
1.4004710889349936,1.3636363636363635
17.864099352179707,22.420689655172414
1.7242122789651968,1.574105621805792
2.819428486132482,2.2144420131291027
2.3725682633616394,5.582236842105263
0.5131867431781441,0.4501915708812261
2.2717346004994914,2.571428571428572
6.577767744232548,9.722842639593908
5.994321360037466,6.0
0.6120246479285705,0.4844329975001893
2.030409661217657,2.36
0.587993157121466,0.4408427876823338
2.942046916807106,2.237142857142857
6.978695696499868,9.894736842105264
7.308412237743184,6.930272108843537
5.55496932626544,16.652173913043477
2.539783681801613,1.400219298245614
5.183940380039019,6.874551971326165
2.9616742752473937,3.925490196078431
3.036862672639021,4.719072164948454
9.5113695800333,8.578947368421053
4.486120057465197,5.217391304347826
1.5825704781452563,1.7150916784203103
2.5542597684350303,2.6100196463654224
1.5863294341907181,1.779204107830552
6.548719034486069,7.410194174757281
6.874289252666562,7.80547686496695
1.5619186152315008,1.807495741056218
3.753838641431111,3.5850043591979075
2.5371147884144465,5.375
0.5356336440713878,0.5560975609756098
0.9622708724074112,0.6704980842911877
3.284011687227407,2.2569558101472995
9.35575276759894,9.7
0.5117633706237066,0.6065573770491803
17.46287277397005,17.357142857142858
0.4580190080966458,0.2857142857142857
0.4135799587379121,0.4400278940027894
0.6389832589735411,0.9652443588920973
9.985929875611564,21.33333333333333
6.06046824358411,8.022222222222222
3.538424773732835,4.96875
2.316434133856175,3.621019108280255
1.533371849784206,1.5121951219512195
4.617430472568258,4.409724013412433
2.200640030149123,2.012987012987013
2.692050046442258,2.159942363112392
2.7081751192716625,2.887218045112782
10.61691157840388,14.709558823529411
4.1989282945848325,3.8
1.3910581475278412,1.2791833544983882
3.905514141084775,3.562369274210416
2.3448982276576054,1.65535246220006
4.257438303076922,3.9107883817427385
17.233097504301536,27.246414602346807
23.458869009592124,22.23836477987421
16.397753887042338,15.645569620253164
0.7972745141378443,0.8469804277291282
2.2766015690517425,2.113003095975232
22.429367625470473,14.519879518072289
9.928306066555974,12.106382978723405
9.700366805270383,8.782608695652174
2.4307464727043366,2.6448598130841123
1.1508054119981979,1.0
8.462426016256526,8.053846153846154
1.2160795109159248,1.1685393258426966
1.9108398550218864,1.5746835443037974
2.964000730879354,3.224199288256228
0.29229741042785856,0.2857142857142857
2.5092193638619116,3.114378789249842
4.598783582595511,7.099192245557351
7.923780806080963,9.720706260032102
0.5543151188599007,0.25
0.31293298676174774,0.4444444444444444
0.488988789801659,0.550539200388363
2.054137301098682,1.6766666666666667
0.3031868028774002,0.38
2.943424166845065,2.3285714285714287
3.4590636105006594,2.9444444444444446
10.925091693148472,10.43001443001443
2.7030300680668873,2.117816091954023
2.729212343547972,1.5
3.7146847606940474,2.47459584295612
5.649401687120287,6.4977099236641225
2.821128328790825,2.844186046511628
1.568825996631535,1.65
5.503916019809434,5.171171171171171
1.6043818091744573,1.5911111111111111
2.605056707493474,2.9514806882800384
1.7146416671622515,1.7105719237435009
2.416810503384604,2.1180124223602483
3.418556211145135,3.1395958083832336
5.400535083433863,5.246998284734134
0.3517936498224191,0.135593220338983
2.1632558710999743,2.389830508474576
5.995172206091308,5.333333333333333
0.3509668636899502,0.3157894736842105
9.154608292633673,8.156028368794326
0.35148896612964675,0.3333333333333333
0.37106091744785025,0.4945736434108527
0.34404505736599633,0.2666666666666666
2.155269611894828,1.88503937007874
0.9547417304243242,1.0789189926131575
3.9425415021167813,3.892508143322476
5.973127374645151,4.133333333333334
1.5774196936607665,1.4355971896955504
1.462021482772652,1.5789473684210529
2.5863381260667166,1.818181818181818
5.155222039395895,5.149952040925077
1.6891796828874095,1.7058823529411764
2.7694750936074195,2.1340909090909093
3.1496779042108036,3.2394578313253013
1.4466919108820604,1.2735849056603774
6.903274469591728,5.1260683760683765
2.4592403184344263,2.5
1.343233328484776,1.3773874704107265
2.3194669177898333,2.2132998745294854
1.253703240794572,1.86805616575576
3.69504693948463,3.7884972170686457
5.397064636394854,6.035847647498133
17.809113007064692,19.60030165912519
18.390456397909805,19.8
0.733217339332739,0.6256938937351308
1.4592121428488523,1.2121212121212122
14.91372975323717,15.737898284313726
3.86406656206925,1.350730688935282
19.281315791826973,26.826638477801268
1.097737115840666,1.200716845878136
10.295518544816403,9.648897058823527
3.4955948396364525,4.401041666666667
1.382138665139185,1.5643153526970954
1.935475313232042,1.9220032840722496
2.40708657926694,2.25177304964539
0.38666135440450333,0.4108976046327981
1.8987270693474336,1.564040682640924
3.6899249054154897,3.845345345345345
3.575674715291382,2.8134715025906734
0.4279577678980326,0.3220678934964649
0.7474788481070778,0.8105263157894737
1.8889476876590425,1.8768888888888888
0.5421515945129292,0.6916483569548736
1.8017303896611772,1.396
1.5868403970257843,1.448717948717949
4.4689290187453805,3.089108910891089
1.7824741527325174,2.4
3.519147540430878,6.943262411347518
1.9984239838019797,1.5444444444444445
3.6664494019569593,4.11395101171459
4.692365344355541,4.6158192090395485
2.8627096295195833,3.129107981220657
2.0238357379398395,1.6071428571428572
3.6714078915377586,3.523316062176166
4.563549062984109,4.901408450704225
2.205016120969576,2.298804780876494
1.9993726988063947,1.5072463768115942
2.48369081463103,2.0
3.9126518640627133,4.603678929765886
0.9297453443240997,0.95800933125972
3.8387594115803063,5.426015467998295
1.3367696212919382,1.5
0.3171653294616177,0.4078847611827141
1.2623072082124094,1.1397748592870545
2.0831932892845386,1.900709219858156
10.634995764558884,27.7948717948718
0.29577501027012243,0.3645833333333333
5.998371997269269,6.4
0.3802297707507949,0.3941086846114779
0.3732040034853824,0.4047619047619047
0.4847615216075263,0.4
2.1568317518256066,1.816532258064516
0.8869936860527827,1.0401759653073137
8.16459036664347,13.11377245508982
3.8898124891038464,3.3798283261802573
1.8104523366384124,2.0957854406130267
1.476342509004028,1.2422360248447204
2.084385897614483,1.7589285714285714
3.7066213583713363,3.519997712368461
2.312097159377605,2.2972477064220183
2.0693287587925395,2.333948339483394
4.391152832146834,4.6187845303867405
2.3511801885018477,2.854014598540146
5.40835693481639,5.647302904564316
2.9676014474656323,3.0
1.0584033995740425,1.0733333333333333
2.4260311768608833,2.902173913043478
1.0984069263266991,1.4776211097292355
12.571832674474825,23.61
8.797735800007565,8.2
0.7829562513826152,0.8943726430637425
1.4392840054668885,1.5772357723577235
10.848832206958056,12.620192307692308
2.757335559956423,1.9642857142857144
0.9735369109870973,0.7213114754098361
1.5786690900660574,2.1704918032786886
1.4444709254421157,1.0782608695652174
2.247112366806267,1.8758620689655168
1.8233343487833427,2.007142857142857
0.28402534340207897,0.1666666666666666
1.7158307924864027,2.25
2.2783751379454955,2.064516129032258
0.3585456335244898,0.2510356255178128
2.8301612762459247,3.236666666666667
0.38708931657685,0.4572192513368984
1.7304363804904406,1.5818181818181818
0.5941551035542605,0.3
4.617649522644507,4.461697722567288
2.280331869098549,1.9861111111111112
1.0099606386232969,1.0
1.9863869296084053,2.3076923076923075
3.6232374925298556,7.071240105540897
1.4489480205900698,0.6141684402553967
2.5140359062616993,1.811965811965812
1.401658084400455,1.0476190476190477
1.4269232683880544,1.4593023255813953
3.177645511422198,4.0
1.4289933626116724,1.0150375939849623
2.6804273146164106,2.6
2.1485520321914824,2.903614457831325
1.6712503128774943,1.0333333333333334
3.172095786883242,3.0462962962962963
0.7531567958781431,0.399260628465804
1.7435402869734387,1.72
1.4484878792256124,1.2142857142857142
0.43399178543252365,0.550314465408805
2.3510252298613095,1.4954954954954955
2.910830080844799,2.5307692307692307
0.3952716667513176,0.5228095582910934
3.7914840586446052,2.6610169491525424
0.32342606203444235,0.3245614035087719
0.3427978210420687,0.4473684210526316
0.2087304124349749,0.1818181818181818
1.9334584866162667,1.6394984326018809
1.023762339630823,1.202152897400217
2.574068112744644,2.4880174291939
1.803720103617127,1.8937381404174567
1.2958211252505833,1.2612612612612613
1.264259890320591,1.18
1.7704957209789596,1.6524822695035462
3.6031941541618346,3.702702702702703
1.7877880617060589,2.357142857142857
3.9112758908538607,3.613756613756614
1.2648662345179318,1.0
2.9004047383214635,3.2123805188893946
2.1037838013518555,1.6305499526868867
4.024730529357537,3.397976391231029
8.578488847294944,7.425192519251925
10.379111064947361,18.368584758942458
11.685704486843647,10.374149659863946
0.7554807819263216,0.8496074723511546
1.8843227595141308,1.842239185750636
10.279445466791902,10.333333333333334
1.714196405323142,0.9846153846153848
5.6173668018317855,3.7825342465753424
2.7130560417160225,2.736842105263158
1.5621590208667717,1.596244131455399
2.4097752601551643,2.0354330708661417
0.5240206984454385,0.5888111888111888
1.3863093642977677,1.2496570644718792
4.099273327553368,5.164271047227926
5.578431148624315,6.048780487804878
0.6583062922624277,0.835
0.37793804856978974,0.4429065743944637
0.5426875396440423,0.7317073170731707
0.7040312132097177,0.6296296296296297
0.420858269190641,0.7430555555555556
1.9242779284913327,1.7333333333333334
2.2697949142768836,1.173913043478261
12.392320392598588,18.04191962995085
2.5103732038359956,2.317241379310345
3.159550040292104,3.727272727272727
3.3263168851610496,2.761557177615572
4.32701001172549,5.047453703703703
2.67206490005236,2.379939209726444
1.5128996780333366,1.7375
4.613227886208605,3.449438202247191
1.6421831051958762,1.7875457875457876
2.5959866220220227,3.28330658105939
1.5066594188107705,1.8235294117647056
2.760901903196825,2.1552795031055902
3.9778072857845483,3.961346633416458
2.722324433976459,2.4321907600596124
3.6010792887299434,2.909448818897638
1.948748323136161,1.9289340101522845
0.34707781768219703,0.2857142857142857
0.8218786046529982,0.9025133282559024
2.578773178894271,2.358974358974359
9.35801648496338,3.176470588235294
0.37463188812413106,0.4060150375939849
8.115023647070434,7.078125
0.400234943446544,0.3707317073170731
0.4198299423410527,0.5806451612903226
0.42707928125121664,0.5918367346938775
1.921743685798699,2.131367292225201
0.8862678391481089,1.1266569384777083
3.8678134792963155,3.2857142857142856
3.7861746203287794,3.56
1.4959970791321417,1.4126984126984128
1.628484393420914,1.4642857142857142
4.776839636010832,4.330002145856963
1.7005226476105237,1.485207100591716
2.6639507871942167,2.814516129032258
3.351605207143722,3.4683544303797467
5.641629224654645,4.489583333333333
1.7044684072256429,1.5833333333333333
0.9733129518159662,1.1916167664670658
2.0599291728268434,1.6666666666666667
1.2524427128652902,1.7558126856924796
3.6426525611611034,3.495798319327731
5.646953167093529,4.9203786191536745
10.969464285031423,14.574167047010498
8.517943815175268,8.595
0.9478886595137634,1.3053512553892974
1.3750553719626804,1.0368271954674222
8.557127414467303,8.5585326953748
2.0304833519033223,1.3038674033149171
6.821015145763831,5.9
1.592409537051902,1.4027777777777777
1.839361546330022,2.089385474860335
4.025035868865323,3.8931297709923673
4.017391608134641,5.275862068965517
1.0981608361790758,1.150197628458498
1.4706415754898305,2.222772277227723
0.9621701205701085,0.7737430167597765
5.604369844355988,7.071334214002642
7.111569170920506,7.663451232583065
0.18527542836113337,0.2671272308578008
2.2352245153875603,2.5028571428571427
0.25274342083868706,0.3953488372093023
2.0941715990726584,1.99
4.994897368162532,6.112741827885257
2.596067989381483,2.615023474178404
4.818551685217085,5.857142857142857
1.5217877867868377,1.4831460674157304
3.1967325326385687,2.945067698259188
1.493419925842809,1.812097812097812
2.263489037507083,2.297058823529412
1.318590644317153,1.0338983050847457
3.3467214169648214,2.62
3.4569032220944917,3.631578947368421
1.248053273519944,1.0275482093663912
3.579259802441281,3.7056156260899895
1.2520905784494856,1.3114754098360657
3.0979455582468107,3.811320754716981
3.978640181993951,4.334075723830735
0.7713524387942974,0.4342105263157895
2.02484896952925,1.9616161616161616
1.9706114424522485,2.1737649063032367
0.2427718625881099,0.2857142857142857
0.6086689832095884,0.375
2.3884725649299385,1.693661971830986
5.483352966176574,5.480952380952381
0.16303769661911047,0.2651515151515151
4.370241207564948,4.43455497382199
0.19721063226167154,0.2515822784810126
0.2874744192028838,0.5
1.820728931831912,1.5686448184233834
0.8102035126993017,1.1859079265689485
2.064335610464785,1.5918367346938775
2.237779237223436,2.363380281690141
1.4554674069896167,1.4851190476190477
1.5986450065480304,1.8238993710691824
3.6566653181942836,4.360655737704918
3.5573478523193742,3.4800646551724137
1.4494290869093018,1.5095541401273886
1.7433482685972805,1.7381615598885791
2.5042537869631514,2.690058479532164
1.3623934128709232,1.1891891891891893
1.4612089266329606,0.8492006337318162
1.2471605406622466,0.7083333333333334
1.210000030692572,1.1593559551576254
2.8973298527067928,2.863636363636364
1.4563415499794652,1.99441015425144
4.663583608753617,4.928571428571429
4.78921884065804,3.6695402298850577
14.078230144233835,12.369565217391305
10.55993471476261,9.333333333333334
0.7873621227661658,1.4323261589403973
2.0119465386478126,3.1979166666666665
16.700128328388395,13.1866485013624
6.008822312324011,11.365384615384617
10.376205360886175,4.588362068965517
0.48294583020398013,0.1256983240223463
10.402553551805513,10.447447447447448
4.867469407216307,4.205128205128205
1.6823518862871998,1.794871794871795
2.6450370785281963,2.565432098765432
5.147359588796869,5.764267990074441
0.28978841759404517,0.2619392185238784
2.0083513925808614,2.7444168734491314
3.5220941321882844,4.76
0.3788195913359536,0.4486896116198295
0.9558570354385756,1.2785683484260455
0.3560771065707327,0.4063198212575806
2.0225466680069504,1.4353876739562623
6.4341811088030205,5.922992299229923
1.5122403302004805,0.3704
1.6244039469192835,2.109375
5.016191843615061,6.530670470756062
1.3825174147511126,0.9981916817359856
3.3082583079037207,3.424164524421594
1.382605462258025,1.7142857142857142
5.082077348474483,4.417582417582418
7.265583017907776,25.565217391304348
1.3338514618614945,1.05625
2.137045499054019,2.814814814814815
1.0990618461258848,1.1961722488038278
5.006170769389159,5.891191709844559
0.9755980602209833,2.03646408839779
3.0405227882497687,2.5991458206223306
1.1440011370082752,1.3870967741935485
0.3817973184708244,0.4216027874564459
3.311035561241235,2.057894736842105
16.413535031460658,22.18831168831169
0.3082974237505129,0.3964497041420118
9.567870150352869,10.765625
0.18809821411403135,0.1941747572815534
0.20388978461913287,0.3393316195372751
2.106404227292012,2.607250755287009
0.7211754404365618,0.7519377260680413
11.406961474938056,14.692307692307692
5.118206421937226,5.253467843631778
1.8344862556626933,2.0696864111498257
1.7803625346232264,1.9122257053291536
2.1893586256950313,1.6875
5.179672338124302,5.460005386479935
1.9795429288399595,1.826330532212885
3.1819609862620473,3.4684287812041115
3.700272960194794,3.4871794871794872
1.0855569713948046,1.2833333333333334
6.49706539039797,6.303249097472924
1.9132924707102372,7.25
0.811379077684452,1.0745454545454545
1.5669545619217446,1.4444444444444444
1.384099702981981,1.4798242676975213
4.267783965656215,4.64868804664723
4.055698917772667,2.0916203059805287
39.98529052222292,30.9
26.075178112985704,25.5
1.3097347167253912,1.0852199847746968
2.259746807786949,2.175824175824176
13.361567086761305,15.956430666108083
6.09803154068371,3.780141843971631
1.6382233515561326,1.435483870967742
13.531729105083999,7.45280437756498
1.6081542499314336,3.567441860465116
2.15797590994979,2.9393939393939394
2.9745233864374496,4.018348623853211
0.3341671216642272,0.35
1.6049528653435474,2.053763440860215
4.725356672498899,5.421621621621622
6.7908150340675055,7.779220779220779
0.4298194147414572,0.5018450184501845
0.35106320031587357,0.225
3.061514643905869,3.0497237569060776
2.6597796575011174,0.6956521739130435
3.876516666688783,2.7777777777777777
3.7982774639416377,3.933962264150944
5.417422349729454,9.93416149068323
2.167170121196507,4.294392523364486
3.4492811682747417,4.111969111969112
1.7974270690258232,1.15
2.5530576354262853,1.9563953488372088
2.6061005786123905,2.402555910543131
2.6959135813424644,3.406852248394004
2.032777914920311,1.7176470588235293
5.56259694873638,7.462873674059788
1.0798434884086592,1.6030828516377649
2.124079661861264,2.493589743589744
2.2073644753047548,2.841666666666667
0.6633320547974015,0.4666666666666667
2.2124636909757838,2.113924050632912
2.0593921060134766,1.395973154362416
5.760130366989309,3.797333333333333
3.2886869844747846,3.512622720897616
1.0124489381094661,1.064665286966724
5.018001980315476,5.016085790884718
2.1338041495771662,1.7865612648221345
1.66848012579448,1.59375
6.357357681282618,5.420134228187919
2.853712109985708,2.680555555555556
2.5304999015017784,2.8079096045197742
4.673939127272696,3.1768488745980705
1.6885991234616702,1.0857142857142856
5.089374594114651,6.799220272904483
1.1569182890249254,1.1455332768521134
3.8279017841709138,4.108008525087599
1.6365891293319557,1.7118527806918984
4.996446553133457,5.808874566187407
6.708606120456533,4.801801801801802
3.892266974294464,2.8681
24.33886448239617,21.0
0.780510527400454,0.9179949874686716
2.1924824035825417,2.1390887290167866
19.60238672273426,20.58761300250048
16.001495393504573,17.44736842105263
5.571352932332392,4.069767441860465
1.8708973613179882,1.5617283950617284
12.325758101883904,9.53515625
2.703322541395211,2.142857142857143
1.542886771782753,1.5296442687747036
2.027603698883158,1.953531598513011
2.802296432560026,2.708433734939759
0.3148427507754075,0.3461538461538461
1.708153485556387,1.965202982601492
4.540200892081726,3.856050069541029
8.199140577695717,8.429360694554065
0.40139015809077233,0.5
0.40071620634760974,0.4399660152931181
0.47217204769025645,0.4848484848484848
0.3022642917357889,0.3477124183006536
2.4269729458656406,2.788421052631579
2.2092788114917226,1.9384615384615385
5.383305688395269,5.530966767371601
0.9090751145446385,0.8447058823529412
2.254058254185208,1.932944606413994
4.738639009661243,4.0701754385964914
1.4924451034980075,1.391170431211499
3.1746727131842984,3.263157894736842
1.5864010692378994,1.5040650406504066
3.161257300533536,2.75968992248062
2.557166123559503,2.75
2.100992540191122,2.3936651583710407
3.0671295231485445,2.910891089108911
2.779067762012349,3.0
1.868371765993928,1.740066225165563
3.9935803323306605,4.182758620689655
4.697598775752376,4.088272383354351
1.9822689079198064,1.4756165919282511
3.160131326965816,2.902139037433156
2.6955087136394473,3.894523326572008
0.334901830662696,0.3783783783783784
0.7297264231919585,0.6710526315789473
7.114659670169306,10.522922636103152
9.645026352412279,11.0
0.3090240887868008,0.3793103448275862
7.031363899637771,6.248677248677248
0.30625662093174855,0.3547613336531542
0.3125042844710187,0.3777777777777777
0.1452813496027549,0.25
2.407036595317074,2.0153349475383373
0.802677028091638,0.9535003593102748
4.996903065912577,0.1904761904761904
4.336817196493353,4.0
2.0814874549116382,1.821301775147929
2.6303047982502346,2.7751124437781107
2.123366832646534,1.878787878787879
4.227278988304034,3.919999343045313
3.0263186587948594,2.7744063324538257
2.5721163873196278,2.892156862745098
2.8460836718320843,2.303370786516854
1.9887047219723462,1.7421052631578948
5.743491339641956,5.724458204334366
1.6370739485378567,1.5
1.1261078913353937,1.2275132275132274
3.2347683680813315,3.2331420373027258
1.6392831595306188,1.8096303236534168
4.266707147933664,3.942222222222222
3.6955625021676486,2.622502053107035
2.055648048127022,1.1311
8.61643527740846,22.046666666666667
1.3507966077860831,1.2620709368523857
2.151924473649798,3.1787648970747564
15.439784932479416,17.735966735966738
9.545187400956207,20.236623067776456
6.362872882729985,5.980392156862745
3.0339341033407505,3.728395061728395
2.294811029987206,1.6229508196721312
6.036058123773076,11.219931271477662
3.8831613832144036,3.4939759036144578
2.389236151544327,2.46271186440678
2.572998531827834,2.909540636042403
4.111755520735127,5.380997177798683
0.3332084833029012,0.3634020618556701
2.4942746066696597,2.806060606060606
4.5071549172854874,4.650559511698881
4.455196647868916,4.9411060091834695
0.4922720711149043,0.7580251770259638
2.4011342757224243,1.9188059701492537
0.4609349734884332,0.484623844242597
2.5806191245465895,3.1618181818181816
4.854679442951208,5.0144927536231885
6.362718260842985,5.144450076026356
1.2644611161872477,1.145664739884393
3.896056319492402,8.4
2.176636863794598,5.874222076645922
4.850723054586037,5.449160908193485
1.6059244129022647,1.263157894736842
4.3376759237819895,4.382488479262673
3.4208866867703724,4.5322128851540615
4.279487360670076,3.4037735849056605
7.056275560118317,4.51063829787234
2.66601792395602,1.8448023426061493
3.3547478830284234,3.485981308411215
2.839607716729781,3.723684210526316
3.4561676022320142,3.2067868504772004
3.293061629463412,3.3732394366197185
4.2328300005136965,4.068568568568568
1.4112069825320153,1.4099318403115872
3.8457398213169194,4.1516327190430005
2.040948685746937,2.810344827586207
0.37318346731688473,0.4396946564885496
0.8499814840443911,0.5294117647058824
3.728320071664508,4.085978835978836
5.645479889376508,5.424390243902439
0.2744008299564382,0.3882783882783883
0.36350511425376053,0.3755506607929515
0.3343441841255549,0.3333333333333333
3.2986043881527376,3.338611011155092
1.0756897049739442,1.1469545895829585
16.414842619984064,18.206451612903223
5.4521555221765965,6.137409200968523
2.2308992987831746,2.310774710596616
2.3120982330726423,2.5277777777777777
5.623705046053805,5.240008301195026
2.0698487720377563,1.756601607347876
3.542458569929982,4.27741935483871
7.5166907760914174,7.287804878048781
8.82044692386245,8.461538461538462
1.1321725144241293,1.24375
2.2469447701141916,2.195433789954338
1.146865567840475,1.516265858738875
4.236867844910937,3.810810810810811
1.6535460874425363,0.5569749616760348
6.08196876558794,3.57
9.940450433405223,10.138461538461538
0.9737009808152688,1.0706923057536732
8.693792592962263,6.910394265232975
5.203191656269315,2.86697247706422
7.289169015020862,6.132075471698113
2.5202390481016015,3.363636363636364
0.6030072679526559,0.6423841059602649
4.057604017325462,3.2733224222585924
1.5799404000448352,1.0333333333333334
1.329510295012161,0.945054945054945
2.5808782898071647,2.6255506607929515
0.23339745770358786,0.4816
1.018913975625582,0.8148148148148148
2.1857823067960176,2.7346938775510203
3.930520404128366,3.2795698924731185
0.381411163950644,0.3495145631067961
1.1592474321455302,1.055
0.5190619920597448,0.4699853587115666
1.9812187382774944,1.41834451901566
1.4155810215488285,0.9821428571428572
4.782353904003294,3.2646048109965635
1.1211933045686249,0.3907692307692307
1.3716595109618122,0.8857142857142857
4.993568683702639,6.992230854605993
1.2922656532807428,1.190928270042194
3.054100759789984,2.556851311953353
1.5861597793761582,1.0381679389312977
0.7470611208259246,0.5301204819277109
1.4971966251931978,1.1045454545454545
1.8103593870975576,1.753554502369668
1.9060014997831516,1.8388278388278387
3.5418638566411955,1.7335766423357664
0.5312933655827949,0.4378145219266715
1.8108848730787752,1.511111111111111
0.7254704498575382,0.44
0.5962778304591896,0.5357142857142857
2.2849912905194403,2.032388663967611
2.261329734663953,1.8886679920477136
0.41824273528228584,0.3389158219479947
5.310955148619724,4.425595238095238
0.43938115688170015,0.3725490196078431
2.1819717469516156,1.696755994358251
1.1058479667937715,0.7944799211417306
4.614443475238139,1.5362035225048924
5.119431823903381,6.243614931237721
1.763016187599454,1.1765913757700206
2.397930445233235,3.56
3.408863252498346,3.9625
1.9366956731293898,1.7159763313609468
1.3111378524687258,1.203883495145631
3.226462368941836,1.825016633399867
0.9922851544062892,0.7692307692307693
1.2656990748014283,1.406530427569565
4.094204114715274,3.984405865811429
1.5632547476776462,1.7200686227872188
4.64460031846212,4.726027397260274
8.53931072442436,9.680429864253394
14.45274738088139,21.55666666666667
17.841467091277323,11.121495327102805
1.2776472849709393,1.2235910458346202
2.5411683865164467,2.419405320813772
19.741242357788895,22.241573033707866
23.63061683530822,12.98364008179959
2.3251255094763112,1.2333333333333334
2.1641892976752835,1.853080568720379
24.422091840992334,32.25132275132275
5.252946977029797,5.4775
2.174792868110271,2.4185303514377
2.76550417415627,2.4623115577889445
5.630731253602721,6.080862533692723
0.3295840864054033,0.3460568959308606
4.492195989164193,5.239208633093525
6.062548689900465,5.628601921024546
0.48586345885612486,0.5300674684658258
1.018583997535515,0.8263368315842079
2.527503538562093,2.12979683972912
0.5048903415570116,0.5656156722818815
2.8032399095239895,3.067142857142857
5.534783959542139,7.48
7.1100639981745015,6.176521099116782
3.0749974187385307,4.71830985915493
3.4067782501251527,4.833333333333333
3.5164564045684816,4.427101200686106
5.339401412060114,4.99783315276273
3.2952216249429336,2.1385135135135136
4.0801601480153655,3.8344827586206898
2.5922846834952593,2.7454545454545456
6.843538412059342,10.26530612244898
16.95642342806914,15.5531914893617
2.4469798367185347,2.602564102564102
2.4141417619008068,2.0
2.890033857349019,2.900943396226415
2.7374941705063187,2.827392120075047
3.9763639012742162,3.4516129032258065
4.752713692997503,5.0495049504950495
1.1715422900885208,1.4063852813852813
5.339674513631867,5.468394675863555
2.262087919292539,2.791208791208791
0.41993799919775276,0.3740685543964232
1.084340500091903,1.1969057665260197
3.263365735210227,3.314442413162705
5.65432292233907,6.427586206896552
0.3439498826213677,0.4268440145102781
7.204363690892233,12.666666666666666
0.35204637866954686,0.3409356725146198
0.38626719122409714,0.5056179775280899
3.7849384284219374,4.381979695431472
1.2240960163684673,1.369529118728502
24.062689639959338,26.140350877192983
6.611220340034417,5.974683544303797
2.4880831481818677,2.288065843621399
2.1907467895291415,2.015957446808511
3.051500822851505,2.92
6.934178825356354,5.719999253132177
2.530054891945139,3.478802992518703
4.605844289785855,4.422437673130194
5.122347128307424,4.584239130434782
1.5554333207940405,1.3333333333333333
10.16810419798134,12.70103092783505
3.126443133812228,3.8333333333333335
1.2923255419058823,1.0970083200566472
3.205682530871666,3.4614443084455324
2.3273023363899092,1.6453671107022605
4.415666286364188,4.127659574468085
8.822492615759911,5.171007927519819
32.316355972734335,29.473684210526315
18.664751678593554,11.97872340425532
0.9548136138963632,0.9441233140655106
2.7643102427389157,4.494464944649447
21.111245576250397,19.90398550724637
16.091274818040226,28.43548387096774
8.098724720902432,9.774193548387096
5.273438572251965,1.3805970149253732
5.485358843830771,5.441176470588236
2.189191455078363,1.5154639175257731
2.859503489050982,2.531073446327684
4.3000600877931285,4.2993630573248405
0.445937684175077,0.3870967741935484
2.5397908460020857,2.5526315789473686
5.359260316521934,5.253869969040248
6.838352350069922,6.929292929292929
0.7119271988831961,0.7364477743499339
5.0513199692767055,3.1823529411764704
0.4847983344724374,0.4894894894894895
3.301543206987118,3.68
4.479210554240276,4.823529411764706
8.232850909185037,7.34375
3.263254280547449,3.395833333333333
3.727865353494696,3.42215088282504
4.621920404596256,5.087962962962963
2.7160524002855944,1.320754716981132
4.24106282153363,4.637426900584796
2.720888443807995,4.947826086956522
4.583199795463342,7.402985074626866
1.5986639729989132,1.3333333333333333
2.9284236492965925,3.2060301507537687
4.505382824372999,3.760869565217391
5.408432909796199,4.607142857142857
3.560704302797647,4.145444858817261
5.4872055705611915,5.656419529837251
3.1497200872079096,3.2972972972972974
0.43110746072175066,0.4705882352941176
3.772465558106119,4.221374045801527
6.767431621485686,8.392156862745098
0.36445001092832674,0.2777777777777778
6.352951831192339,8.76
0.4125315674542978,0.3809523809523809
0.26283298442316966,0.4
3.1784781372673763,3.0319634703196345
1.0917987648318581,1.1379286107564168
4.556464604318266,4.817460317460317
10.187201669347337,7.611111111111111
2.0543903350502126,2.04040404040404
1.5923435569828737,1.7826086956521738
5.527677208211745,5.410002304678497
2.000225805753644,2.5357142857142856
3.5066500662035205,2.696261682242991
4.165262488329322,4.481012658227848
1.8165143611028545,1.8644067796610169
6.633135665739593,7.647619047619048
3.372420444253449,2.8
2.178702015831189,2.0451977401129944
1.0539508580663188,1.5485552576705393
3.7824025800205003,3.724373576309795
1.8949826451442875,2.16638935108153
11.300138329149656,7.908956874308883
15.630531650422089,16.026666666666667
0.9105410183839768,1.0091447014523938
1.9936455945573819,1.9168
9.5649288451167,9.07176287051482
2.2735098718220947,2.062015503875969
8.524005161836046,8.11
-0.03193551622415798,0.0478331235389318
1.945800010482699,1.824022346368715
5.943363927430937,2.364329268292683
2.689582119831615,3.839572192513369
2.014652883260804,2.27600411946447
1.3966251078688825,1.73953488372093
2.319925126915033,1.934354485776805
0.2360486818000328,0.2179487179487179
1.302558764374901,0.9375
3.819017737902345,3.288421052631579
3.5654811414474255,4.096892138939671
0.33563794098263333,0.431266846361186
0.9957318713172625,0.966275659824047
0.8752158375159944,3.4363636363636365
0.4141285318427195,0.2537313432835821
1.9666260622385034,2.2620481927710845
1.551262116563073,2.2782608695652176
2.6084598210644105,3.610024122219244
1.795887138766258,1.269956458635704
0.7800697645520998,0.8282828282828283
4.271339036785156,3.619346733668342
1.836640233991854,0.7839805825242718
3.0210928517254363,2.97495183044316
2.0086939325621924,2.193078324225865
2.3394348333656887,1.8756345177664973
2.7801044416123655,1.1304347826086956
2.2257730079590567,1.8379501385041552
5.188660604237403,3.953117674636662
1.4396781884832968,1.1046228710462287
1.8743135979746013,1.875457875457876
3.281905193000499,2.0
3.8353490992242802,3.065605095541401
0.4106872446521674,0.3830049261083744
2.050811026314831,1.5185185185185186
2.351167201283705,2.7839392544868846
0.3680939193199639,0.4134615384615384
0.8891952097546603,1.054263565891473
2.938227827547097,2.9958246346555324
1.9862175178029826,2.2666666666666666
2.231439852362913,2.1012145748987856
0.403718452725259,0.3103448275862069
1.0657916330253379,1.304375206165472
3.0517829551065256,3.532675709001233
1.674057017422288,1.889807162534436
1.4214511614869743,1.2401847575057736
1.704967816882983,1.7413793103448276
1.874632003182647,2.116022099447514
3.90482546994588,5.2522388059701495
1.691901961633624,1.6878048780487804
2.364572482421902,2.4349258649093906
0.4382525169619588,0.5
0.8966168533995471,1.040241448692153
2.9730505473000997,2.87192118226601
1.499416229393534,1.7122616609303405
3.15935975656486,2.6296296296296298
5.517195594863556,5.322604790419161
18.107612222229463,20.69306930693069
9.284934080196338,5.495
0.8976636919988541,0.5480758567150937
1.8129140081805595,1.0711462450592886
13.651249374166497,13.895238095238096
3.719183588485305,1.491554054054054
11.874940375743307,15.052631578947368
1.1429371578081624,1.1496062992125984
9.793153217395407,7.009881422924901
3.125670663123617,2.87248322147651
1.6856176533069855,1.4109589041095891
2.441616834894437,2.3110647181628394
2.8908215552724683,3.6004901960784315
0.09965471799307535,0.1215880893300248
1.5320029631365237,1.7142857142857142
4.590476617100636,5.427152317880795
6.921651801085787,7.279365079365079
0.35991892971823586,0.3378684807256236
1.7086640547424383,1.186530612244898
0.32081710591463575,0.3155555555555555
2.647382680579646,1.9672727272727275
2.2063846077940537,2.0229007633587788
11.41863793028025,16.79672131147541
1.658992837830044,1.4192439862542956
5.602340972709399,5.666666666666667
2.3739173890764955,1.5754716981132075
3.9985246828240735,2.6861167002012074
7.900783342942184,18.490066225165563
3.265616433841598,2.1846153846153844
1.9654276102454,1.7777777777777777
3.177488308371408,3.270833333333333
0.5468197091807632,0.6348684210526315
2.2259133224503573,2.338582677165354
2.5458006910339592,3.4705882352941178
2.6014761426083988,1.9
2.0980825373698497,1.5213675213675213
2.266119121822722,1.9545454545454544
4.271387683209526,3.7591522157996144
1.0908329525682774,1.733160621761658
3.0700262252161625,3.195439739413681
2.25782649418009,1.7272727272727273
0.3390854369012713,0.3125
2.0536824907722715,1.5054945054945057
14.682651226202436,15.23469387755102
0.28213866542169824,0.2811059907834101
7.3894920526450285,6.131221719457014
0.3229628723196617,0.3333333333333333
0.336140694687507,0.4285714285714285
3.167089006865874,3.737201365187713
0.9844867747332953,1.1209503876426024
4.293852613744714,3.023224043715847
7.50418084198442,4.91358024691358
1.6451786277749636,1.6394422310756973
1.6561767983336795,1.6131687242798354
3.092391902751908,2.2203023758099354
1.942489722630722,1.2876254180602007
2.909438437717996,2.932975871313673
4.283044684956776,4.227272727272728
0.8533891051381322,1.103448275862069
7.945386809358682,7.557422969187675
3.2616514588561927,4.714285714285714
0.9438470194789381,1.0178217821782178
3.2400982029735585,3.0993106419646703
1.7336469235183811,1.7200109955968084
5.29103051143167,5.677917068466731
17.141019901196888,16.177018633540374
1.2640036313581229,1.2859
16.649137705254844,12.966666666666669
1.0139168818863609,1.0502166207168175
2.3599443236212045,2.597302504816956
10.02704797929085,12.122448979591836
10.634407959981619,9.45
4.918028379527704,6.0
2.6807763819234873,2.381374722838137
30.156362857152054,24.11182108626198
1.7193733956483768,1.65625
2.1352043791304887,1.7150837988826817
3.55319510359244,3.1228668941979523
0.2994434256378429,0.25
2.2726099279860765,2.531073446327684
5.532950728114424,6.011705685618729
6.648522696181621,5.498845265588915
0.4241736052276615,0.4409072821329088
0.9289660553044221,0.5
0.37015507215362686,0.3846153846153846
2.8826226407704674,3.391489361702128
1.7300740921843478,2.782608695652174
6.895176624016731,7.524088541666667
6.938976644800344,7.176470588235294
1.4502366690690929,0.5
2.3941626877112263,2.472972972972973
5.858596721695207,7.58590308370044
1.7786973741015601,1.9543057996485065
4.082869746516427,3.030054644808743
2.5227700120273155,2.7954545454545454
5.750266615537014,5.410041841004184
4.065347918741997,6.125
2.6749933193697095,2.7857142857142856
4.052628074812276,4.8
2.493126090644404,2.8310249307479225
3.3710914232767353,3.125
5.18872299324046,5.664451827242525
1.749374748664359,1.6839365394149728
2.941178930672793,3.226586102719033
2.497276206032837,2.5376884422110555
0.28189205515377436,0.3
0.7298881920012499,0.809299895506792
4.731740484033302,6.92
12.301390986429526,13.117647058823527
0.17133859415141983,0.3690987124463519
11.972750354758583,10.766666666666667
0.3250650928071438,0.2
0.4227653874055441,0.5269121813031161
3.200691213035298,3.339765100671141
1.0607497934780938,1.158322957365506
8.381152093931133,10.714285714285714
5.69527596248174,6.764322916666667
1.7862865783202886,1.6904109589041096
1.7093436147123153,1.6027397260273972
1.895232703392134,2.583333333333333
5.8472500736605495,4.5599528046802025
2.386752849671153,2.358565737051793
4.034962545275076,3.9
5.024903657076942,5.566037735849057
2.552378564510142,2.272727272727273
11.051094229598098,7.853503184713376
1.7481044006475637,1.3636363636363635
1.4633244678970585,1.3374259506974966
1.949280134663705,1.6071562789084182
4.7278086057011075,5.777564717162033
15.993309251184677,13.271370420624152
14.176508631982651,15.32857142857143
0.8157269668690528,0.8437977624258727
2.0610033475949727,2.1170731707317074
14.291223467457684,14.741109530583214
12.289866943871784,11.88586956521739
5.3025336351550685,6.958333333333333
1.5369056810318948,1.0
1.5501966792205826,2.0357142857142856
10.849691431277416,5.944444444444445
4.673703954807188,5.5
1.5517075373480687,1.4587155963302751
2.1774051705180626,2.547692307692308
3.061380349265236,2.8777777777777778
0.41377479645233334,0.4368
1.7203152737023544,1.41156462585034
6.377789655730175,6.942139737991266
7.111562847988774,7.075601374570447
0.6939549791128632,0.4568965517241379
0.3759489121207339,0.4528301886792453
0.5906039527096727,0.6132315521628499
1.9868717631646713,2.37
0.2576777571444239,0.3805811481218993
2.346787551188733,3.333333333333333
1.873442232262244,1.7647058823529411
8.828230852554375,10.184615384615384
1.330986465512161,1.344
2.8742163854044005,2.4578696343402227
4.920985681204764,4.468879668049793
1.9264475309504254,3.1204819277108435
3.141773061309941,2.980337078651685
1.756891097132586,1.945652173913044
5.8448704906816875,8.188481675392671
4.365128634271137,5.666666666666667
2.0887133712806762,2.3128654970760234
3.7334476583975906,3.9583333333333335
3.0230350173336378,3.2550570342205325
3.1685086093670067,2.1184210526315788
4.21533581868012,4.1922030825022665
2.8114450378111435,2.334542157751587
2.7466986811547076,2.497835497835498
2.598969612029458,2.850220264317181
0.35861488739593467,0.3829787234042553
0.7902559332902421,0.6728232189973615
3.941689521312319,4.130030959752322
6.544135128056699,4.0
8.787306178019742,8.5625
0.4095401413263069,0.4227447216890595
0.428225319049709,0.4380165289256198
0.3472400447046808,0.2950819672131147
2.306389598679889,1.608108108108108
0.9067396170979056,1.1020673065052609
5.297241820827983,4.602083333333334
1.9862383044815468,1.8705583756345177
2.099600438233492,2.482093663911846
5.261333869355443,5.040006074675113
2.02932429776123,1.5977011494252873
2.68150378667544,2.233183856502242
3.7051944042600535,4.046846846846847
1.7637087715946782,1.5974025974025974
5.9135690383247335,5.191011235955056
2.4199782898701705,5.166666666666667
1.4492993414442186,1.5606408993028942
3.634617728494904,4.038897409679619
1.5131538113357283,1.725202031863311
4.569782640499782,4.635135135135135
10.385418959660512,11.085393258426969
27.25629697464143,2.7585333333333333
1.1221330355950174,1.1674240859326586
2.5609736275237225,2.360526315789474
19.72932340872167,19.38302859821848
20.689300407522172,16.886666666666667
7.935986306694396,9.238095238095235
16.99220739083867,13.03810264385692
3.059032574141602,4.764705882352941
4.565666413866944,4.662790697674419
2.4895859647177954,3.7945945945945945
2.768158628188076,2.8940731399747794
5.414511679084414,7.682228915662651
0.3558843029366056,0.4916453409604094
2.8282386114280524,2.6372939169982943
4.45515126901314,4.945538818076478
6.501575686969804,6.142857142857143
0.5734022940233128,0.5772235576923077
1.0594918391834702,1.067920681986657
3.886849403621534,3.836170212765957
0.5287555835625983,0.5926416343516504
2.514740575152281,2.250714285714286
3.236559068878937,3.019607843137255
22.01905424823625,21.001136363636363
10.637185602677302,12.04109589041096
5.032177481189007,8.0
4.303911483690172,3.949730700179533
4.407317936138704,4.830188679245283
6.775994838904258,5.618618618618618
4.423973498141825,5.389057750759879
4.868772323261061,5.0
6.096467914413793,7.136933461909354
11.761071896585493,14.26923076923077
2.9114949882100363,2.67870036101083
2.963921465910921,2.609375
3.999794520933121,4.457886676875957
3.8507049765471644,3.182795698924731
5.061321619017906,6.052894211576846
1.3656006607866482,1.2727272727272727
4.825046021531725,5.126957451684364
3.096398500878628,3.907894736842105
0.7570672111633048,0.6262626262626263
4.197061431357017,6.275132275132275
10.8289180089483,10.26923076923077
0.6130213182762325,0.535031847133758
17.29372570930934,19.17582417582417
0.5757070349776359,0.4817073170731707
0.5430843888213441,0.4967741935483871
0.5003113067568321,0.4725274725274725
3.2715309735322915,2.920777279521674
1.0871440074564753,1.2003743826668791
6.5057169146132505,7.438028169014085
3.0699665995677927,3.1621621621621623
2.243728416208901,2.2
5.668376385433624,5.0199973580726125
3.1522130333464746,3.763809523809524
5.091505836720681,4.956293706293707
4.552772146455137,4.9209650582362725
14.162475676860973,16.988290398126463
3.3657726966341377,2.583333333333333
1.113775673321785,1.5712195631727452
3.0532049695718184,2.5557851239669422
2.3149952954226642,1.001040041601664
16.411609364842167,9.636363636363637
22.865586814031857,21.6
0.8477340301513476,0.8856152944988659
1.475633382682894,1.1654676258992809
11.339320196225401,11.080597014925374
12.855709056313742,27.692307692307693
1.6340202505951495,0.6106194690265486
1.6293999066342857,2.254658385093168
1.4591293730427544,1.2741116751269037
1.9993291106138686,1.9634146341463408
1.2653895849729602,0.9577464788732394
2.4854254329544796,2.3142857142857145
4.944496239255431,4.544910179640719
0.2743592953144315,0.3135593220338983
2.3810000697853386,2.6222222222222222
0.23529551638464552,0.28125
2.1782955994333832,2.5056603773584905
1.881152497458574,1.880952380952381
5.170881599298704,3.825230769230769
0.8439022796072593,0.65
2.4869843175730644,0.9285714285714286
2.110097863461853,1.0
4.360585860874298,4.159824046920821
2.5074337858602687,11.161549223179442
2.6570024167462485,2.2285714285714286
2.0430186950172087,2.2254901960784315
4.388787972991129,3.230769230769231
1.6058288955528996,1.1764705882352942
2.4399299633732907,2.7142857142857144
2.2363467156113437,3.1993769470404985
2.6334668162623975,2.333333333333333
3.128867550725732,2.507323568575233
0.44486937246446023,0.3475
2.1853535718383577,1.839449541284404
1.9789146662184227,1.0
0.33421762197412164,0.3125
1.0910570911566673,1.1848341232227488
2.7715225054979205,1.6194503171247356
14.409758343759988,24.0
0.1920634138311095,0.2548638132295719
2.289234414131538,1.1596638655462186
0.2798900754453199,0.2337662337662337
0.25613516059179253,0.5454545454545454
1.854637980236189,1.3576072821846554
0.8276931761951327,1.0532629998974157
4.114594355441604,2.2310160427807486
1.3283103829774414,1.279245283018868
1.1203045199003596,1.037037037037037
5.194948987634997,3.840909090909091
1.9984688947705531,1.3297297297297297
1.7101639368249457,2.5785714285714287
2.0387123174499195,2.847826086956522
10.573838901135357,15.212121212121213
1.5525960884965109,1.125
1.4749429507163452,1.2162325863113264
3.875550681952949,3.621818641496713
2.196602745470111,1.681689918676388
4.942892174812492,3.0855855855855854
6.396018272681036,6.351501668520578
5.390922804187372,18.876315789473683
1.023936614234425,1.0126745897813365
2.5545133488106586,2.1944444444444446
13.180516073790129,13.359861591695502
1.999833267089537,1.5
9.706128126923412,9.214285714285714
1.1497004267001336,0.6041666666666666
1.1166625400279648,0.4712041884816754
9.886224009898982,7.951219512195122
1.2638882298707275,1.1901840490797546
2.909606022190383,2.2654545454545456
2.1962578017341365,2.412
0.3795494222466862,0.4761904761904761
1.937961000713945,1.898876404494382
7.48309411178653,7.830282861896839
8.086416217900672,8.849589790337284
0.6934434115697949,0.5
0.4887695183395911,0.6434245366284201
0.8644124398260902,0.8388301539875891
3.3137713979964074,3.525
0.33813704729401806,0.4134615384615384
2.886445044213825,1.15
3.3188332008066093,3.6666666666666665
9.456964508402951,10.83393501805054
2.4871212846699122,2.769230769230769
2.4571110959605638,2.60327868852459
6.372344963893124,8.482200647249192
2.6023985228823863,2.2485380116959064
3.0084249353516332,2.9904306220095696
1.7126258267656453,1.6363636363636365
6.42729916515493,4.837837837837838
1.9997582660244229,1.75
2.2746287197495727,2.1901140684410647
2.539666032035743,2.1
3.102871752463991,2.934726596049241
2.2604484144158707,2.212025316455696
3.605869728224908,3.8217821782178216
5.113748337274838,4.386861313868613
3.5509846406898387,3.16116035455278
2.62010049820444,3.6416666666666666
4.1927716699599875,4.857954545454546
0.9481292361015319,0.9095354523227384
3.036611884599526,2.4722222222222223
4.30683894471086,3.4545454545454546
0.2613904288593968,0.3220338983050847
5.268965165080778,3.566666666666667
0.3464956753661461,0.3899082568807339
0.3549368309055515,0.8181818181818182
0.15977930762150647,0.1428571428571428
2.649851417826545,2.681274900398406
0.9863182122753771,1.141163464069492
5.320994599922038,3.064516129032258
2.4572949938581905,1.847545219638243
2.6447553287316974,2.973584905660377
5.792623098571439,5.8
1.7177888171452698,1.6421052631578947
2.896537947256105,2.342857142857143
4.408613507888884,5.8
1.7845056322297075,1.8645833333333333
5.184232030523443,4.223188405797101
2.4415461439490644,2.25
1.2560658227064483,1.1944515143802494
3.7095136505074953,3.790492957746479
1.537685851521596,1.7220830750154992
4.682402535963884,4.12235294117647
7.03580683086699,7.310344827586207
11.010415667809726,10.705263157894738
9.868823363252785,8.171641791044776
0.6682580114133487,0.6847960444993819
1.9113158479960726,2.25130890052356
19.52197075898248,18.851720047449582
7.026728735391048,21.181818181818183
9.89874236591128,8.777777777777779
0.9270367236473147,1.0660377358490567
12.843659041149232,12.535106382978723
2.275669686067676,2.955223880597015
1.675983622366533,1.390557939914163
3.6402277868759274,3.5085714285714285
0.38149607325193324,0.4424040066777963
2.6513074532798044,2.997341486109265
3.611357486785473,4.944444444444445
8.168262106373463,5.35
0.5483217757800822,0.4654758238373883
2.109208500484441,2.1786516853932585
0.45945142236106745,0.4725649776844316
3.4850486358280364,3.615
8.064141256946447,8.555555555555555
7.939097642651356,7.698863636363637
8.607899060586279,12.107142857142858
7.845572520968252,8.204545454545455
3.5577602838338684,4.333333333333333
5.319714231210788,4.867768595041323
2.062390041526823,1.4644549763033174
4.798520829737769,4.3532934131736525
5.108462009663139,5.136363636363637
4.41492164548937,3.6301369863013697
5.0871017989506715,8.26086956521739
2.812719886391883,3.548936170212766
3.377204921247073,3.1818181818181817
6.8346241067217255,7.382926829268293
1.6776422109232714,2.615828524319868
4.261780402861012,4.174134419551935
0.50225051196782,0.391304347826087
0.7699345681734133,0.7288135593220338
5.472319489076112,5.0625
0.43005702590593625,0.3208333333333333
7.100760168447351,7.603174603174603
0.3329740361395532,0.3990697674418604
0.33616891153698014,0.416580310880829
3.317945216299991,3.1353846153846154
0.5922978368044145,0.8303146321111274
11.942475882801935,10.238095238095235
5.697244930936971,4.736745886654479
2.004930245672461,1.8503118503118503
1.8039159192460543,1.352459016393443
3.3870240056358956,4.527777777777778
4.601267796903229,4.210005616830065
1.7951288068566682,1.1666666666666667
4.098827405815464,6.4789644012944985
4.215589170091285,5.285714285714286
1.2155566597883602,1.4878048780487805
5.190933580285988,4.7
4.947026274470735,7.0
1.1093194811281402,1.1321823330592855
3.2653519703769547,3.303225806451613
1.3690896903840368,1.5354978505463437
4.219061906711337,3.911111111111111
13.268268407880942,13.432892249527413
8.70715390106034,5.62
15.260399562006441,25.77894736842105
0.8806719993471697,0.8349173553719008
2.145729332671024,2.631578947368421
13.535515325507244,12.91869918699187
9.042755652063779,10.333333333333334
11.780689493715087,8.829787234042554
0.911572726572339,0.3233445096395641
2.153967275805723,2.3346303501945527
10.538674666649552,7.732374100719425
6.476468006762835,4.516129032258065
2.1104309529285104,2.23728813559322
2.7950366022230844,3.294392523364486
5.35547969112758,4.93859649122807
0.3142870176935721,0.3886710239651416
2.956029820132368,3.234428086070216
3.1759558753598656,3.4299065420560746
6.013385919446076,4.287735849056604
0.4703029426991973,0.5097875013084895
1.6401999509368883,1.652
0.41997839028904455,0.3564630027632791
2.5250418134109007,1.8684615384615384
5.551998930627041,4.888888888888889
8.24940281661939,26.3214920071048
3.247666445078674,5.412451361867705
3.716343556557651,6.827586206896552
2.802016951256275,3.0597014925373136
4.712204766924579,5.114893617021276
2.9506317121410603,1.6940063091482649
4.416448245183135,2.7635135135135136
2.1155738068747234,2.3859649122807016
4.861633606811306,4.074534161490683
2.211460498522162,2.308333333333333
2.3263132956643355,2.635658914728682
5.005420846580574,3.4545454545454546
4.14542990720522,3.965
0.8833777194415302,0.9690909090909092
4.419266062265432,4.0493757094211125
2.350132491448256,2.72
0.36962028208076564,0.3159387407827567
1.6561229188857194,2.0615384615384613
4.1232481933512,2.6486486486486487
8.090329009036266,8.458333333333334
0.43183704761612346,0.2248062015503876
10.988427685839811,11.875
0.4163267130236869,0.2918287937743191
0.41990467237998425,0.4050632911392405
0.6457108790592028,0.2727272727272727
3.0061029404985034,3.413978494623656
1.004458439589953,1.0626437983685422
14.740987247154933,13.732824427480915
5.838877363784197,5.474308300395257
2.028713376003136,2.0338983050847457
2.8328967801677796,3.477272727272727
4.786484745298745,4.120003278458188
1.9324674968300761,1.680851063829787
3.913687885207768,3.832
4.953178038036063,5.192771084337349
1.442375650078088,1.0833333333333333
10.162176515780184,8.857142857142858
2.0216877408168124,1.4130434782608696
1.1823575376110336,1.1354871024292512
3.5856108149080947,3.337107331496879
1.6180590377299655,1.9567936711856384
4.71991136543983,4.851515151515152
4.143943506147348,2.033247137052088
8.004639934624832,6.881176470588235
13.987517548419,13.809090909090909
0.9194576567383426,0.8540083353763177
3.043660749303852,5.704918032786885
19.201552305883073,19.841993185689947
11.553789598101302,14.359116022099448
5.062852408825787,4.111111111111111
1.7142281170073108,1.8682634730538925
9.223492550267153,9.07501630789302
1.6614601309964838,1.458762886597938
2.1933787930806123,1.9385964912280704
3.321070323422404,2.8344827586206898
0.29330152760515416,0.3115163147792706
1.9445318865425878,1.458846403110823
5.425106985713602,5.321167883211679
5.820473734828922,5.513513513513513
0.5059993213809542,0.491908241891683
0.964925444004842,0.8320596458527493
2.6005239756243506,2.4754545454545456
0.39083869459341175,0.4501118568232662
2.320441026090692,2.142857142857143
3.388493855997333,3.411764705882353
4.788110882704045,3.271214642262896
2.6189410749011426,4.561290322580645
1.8758078543389365,0.9
2.4679506382740417,1.806100217864924
4.62844501468092,3.955357142857143
2.841171932066836,1.5809859154929575
3.309933227225314,2.876325088339222
2.0273062959775157,2.0963855421686746
3.7549032468934813,1.7340425531914894
3.3497247472042453,2.764705882352941
1.8477135383987453,1.3579952267303104
2.2796726380451577,2.1426179382644146
2.649015479532007,3.333333333333333
5.196218513918083,6.946428571428571
4.955610478281947,5.738241308793456
3.434667770374679,3.3380913316926444
2.2504125439499925,6.386075949367089
2.151457940478773,1.5087719298245614
0.4503071807041996,0.3823529411764705
0.7918933314627903,0.694955209806695
10.883317288308891,8.023255813953488
0.3205897836814774,0.3022388059701492
6.023093171201942,6.688679245283019
0.2958651154857507,0.25
0.37684957317646395,0.3913773796192609
3.6504831930480535,5.078144078144078
0.7854477303628289,0.9198231998766512
4.713809262370116,4.333333333333333
5.5822444476728075,7.141317365269461
1.9948402052896759,1.7553956834532374
1.9336802959289745,2.352112676056338
4.539287813769923,4.130020192954903
2.246176298123602,2.548387096774193
2.8927883478250043,2.565217391304348
7.82306819191686,7.316062176165803
2.8903524475877744,2.0
1.687691609310931,1.7189363973127394
1.4674072027896479,1.6074930118069173
5.15640563717901,5.257142857142857
3.2444204410389936,2.2469421487603305
1.7812440978596582,0.8375862068965517
20.041047137199207,28.90909090909091
1.1289026059373066,1.2445010104150471
2.7890882442560967,3.054621848739496
18.34593282423039,18.1020134228188
1.7803730929100272,1.851485148514852
19.64351179804224,21.23529411764705
2.388130379540975,1.875
13.600041253403104,10.604651162790695
2.574394450491558,2.1904761904761907
6.258416519761083,7.69090909090909
4.505150633597039,5.284313725490196
6.1527072374623994,11.097765363128492
4.399760017379756,4.1732851985559565
0.37859075909572804,0.4661016949152542
4.274403301211627,3.748229233741146
8.972891498777607,9.90158371040724
10.887540260915339,12.764250138350858
0.7321241392616809,0.6157403514672496
2.560123023325763,1.6125
0.5413791752508053,0.5237587896867675
3.347299381734854,2.45
1.2900004895886603,1.28
13.81472291904222,15.377878289473683
5.744919127915837,5.656050955414012
4.378727788314725,4.301369863013699
5.666420183470682,9.278145695364238
2.913196801040847,0.9714285714285714
3.3151921706258314,3.6885245901639343
4.211089694916765,6.166666666666667
1.95607642411648,2.215686274509804
1.7181862165160195,0.4615384615384615
2.7728240709868763,3.0580357142857144
3.0816299096938566,3.4558823529411766
4.861576828543898,5.212121212121212
5.224150104595524,4.741144414168938
1.4867467326130024,0.935483870967742
6.561317934541712,10.578819233110163
1.86806580804028,2.0
0.39058110785861977,0.4285714285714285
0.6216849631022436,0.8571428571428571
6.948629131719342,10.937219730941704
3.300804123821921,3.128205128205128
0.7568243225632298,0.935897435897436
5.7932470722634655,6.0085470085470085
0.301170887982037,0.375
0.38017140706202196,0.4852856318522793
0.21062662801404386,0.375
3.2712872398889683,8.476831091180866
1.322875939013219,1.2792036256119432
25.785101804260396,15.0
7.122897772470234,8.371584699453551
3.7064172359560636,4.028688524590164
4.84039527825201,5.666666666666667
5.543327878165516,6.420007769213469
3.070267819609114,4.545454545454546
4.009568095677393,4.808510638297872
5.732103340387063,8.692762186115214
2.480035849934564,2.708333333333333
6.584699779343606,4.551724137931035
1.9585681913854671,0.6428571428571429
0.8313675320369172,0.7045454545454546
3.809256643651892,3.5
1.2029271662720729,1.3126037024961057
4.829337994309629,4.791304347826087
8.434442795804774,7.642213642213642
7.378932966838002,6.1398243045388
13.596936132456616,20.42222222222222
1.1493242563157597,1.2111819881654984
1.9299754456796472,1.90625
7.380346069257502,6.18
6.4263899843284,5.338403041825095
7.027252837805509,8.976744186046512
11.606113609094017,16.286245353159853
2.2103892339370588,2.4901408450704223
1.3654153713403439,0.9473684210526316
2.6710354453977456,2.5508982035928143
0.31526141278265546,0.3
1.7806912818107685,1.7818181818181815
4.40896602685627,4.64
5.634373104725846,5.593103448275862
0.46246152320027994,0.485054347826087
0.33432862522864537,0.4285714285714285
3.6641341860453487,4.907692307692308
2.1160983683443413,3.0
5.024746964976536,5.289962825278811
4.127127980374972,8.990009082652135
6.401972326135996,6.960344827586207
1.9613890904140172,2.087461300309597
3.3885365981233138,3.682730923694779
2.1528911637509385,3.367647058823529
3.6797601354664264,4.333333333333333
0.0035450061344792652,0.1010830324909747
1.8121824281541188,2.079510703363914
4.147141714103751,5.70063694267516
1.5226970765636585,1.33003300330033
3.935927481874155,5.0
5.282417232393024,5.769934640522876
1.0082249336445828,1.0444444444444445
2.3803206156128223,2.2888888888888888
3.1332927120790295,3.2017167381974247
0.3802008579152217,0.4375
0.6886686046277608,0.45
3.556909350137511,3.596774193548387
7.215298712305351,20.0
0.2886435725663566,0.2727272727272727
11.256025260029734,13.242105263157894
0.429757522062338,0.4569288389513108
0.6318371462841372,1.0
0.32934236006272205,0.2692307692307692
0.949076641455683,1.1806229862076385
4.644176106923695,4.9
4.714999313439727,7.5
2.1445729932335253,2.005357142857143
2.0156460474508666,2.2280701754385963
2.236084038764145,3.333333333333333
2.147260683333323,2.05859375
2.0561587189332577,2.05859375
2.6093107712482353,2.5926605504587155
1.4846013863713705,0.9411764705882352
6.216304255811701,8.341614906832298
0.8144703457211213,0.8
1.2748740251239412,1.1428571428571428
2.7261302047592175,2.679611650485437
1.4720508044190699,1.7874074074074071
4.2479520668898605,3.8376623376623376
8.45033198380629,11.769811320754718
7.897330609633155,13.46551724137931
5.297734607462802,5.608695652173913
1.7570999999270192,1.0689655172413792
9.394995342663448,8.090032154340836
9.964979108342995,6.185567010309279
9.587354274843056,9.133333333333333
1.6438575701274245,1.4711538461538465
15.87598097492263,14.238805970149254
1.6789628762912714,1.68
1.5988699270168474,1.3304904051172708
2.0833435754761798,1.5903307888040712
0.2468953954380025,0.1577946768060836
1.5977993316434578,1.4981949458483754
3.877654006569819,3.0315315315315314
4.579762693406808,3.17004048582996
0.44312557258840096,0.4117647058823529
0.46802702084510545,0.4710118168389955
0.6021288465489532,0.5
1.4361065293460142,1.3148148148148149
0.3350043425844771,0.35
2.269707835062639,2.1533333333333333
5.166184142009114,5.0
4.4945098561138925,3.805882352941176
3.0184540036510166,2.4693877551020407
2.780994300549298,2.0
2.3977819000545137,1.524590163934426
4.991193205049381,5.38680926916221
3.4647035011309075,3.0375
2.441579663493959,2.051039697542533
1.7917939783243622,1.0793650793650793
7.914024560388265,6.5625
5.04770601668952,4.5
1.6713216373960669,1.2203389830508475
1.8329585284974814,2.193783068783069
2.61801721253177,3.377016129032258
5.242808867785174,5.241452991452992
2.659861201851529,2.9356846473029043
0.8202428926768395,0.7517241379310344
0.5786925847337441,0.9672131147540984
4.468932759669575,5.544444444444444
18.13535751359518,17.529411764705884
6.790229758227791,6.32
0.42776960112883633,0.4430379746835443
0.340238778963131,0.25
2.1068579091115,1.843920145190563
0.608907892162506,0.3934053847257424
0.8487960105904777,0.0533707865168539
5.030178391467302,5.582978723404255
2.2016668893360576,2.2995169082125604
1.4829766112202138,1.031746031746032
1.8876308478675297,1.5555555555555556
3.646841464501339,3.9
2.111042506510296,1.2571428571428571
1.8310424250915665,2.2803030303030303
1.4392055735699532,1.4807692307692308
7.563918052942526,6.655172413793103
3.7376848490753716,4.0
1.1523365233929868,1.1216507545426548
3.1763927048525655,3.5
1.5426343166023373,1.6696870311356902
4.929001946700649,4.099748533109807
4.567623093773318,3.132391116238823
17.063126083161823,11.995
0.7838808082837567,0.935062709889658
2.5228478471139977,2.207547169811321
13.99801365480079,14.95605174552543
2.272936330079644,1.6805896805896805
12.72791906611194,18.470826580226905
1.5004487664601491,1.3496271748135875
12.987662101584364,6.588482303539292
4.057461914478944,4.133333333333334
2.0793967424961113,2.1537102473498235
3.2361674720129123,3.144298688193744
2.127490274857144,3.917369308600337
0.34544721093986597,0.3360995850622407
1.931738557381769,2.123529411764706
8.455338620657447,9.880605707629586
8.456333040258857,8.433712121212121
0.4054103696212225,0.4418682795698925
1.6588742428555396,1.437003968253968
0.4085212776773841,0.5151098901098901
3.19035900289287,3.1466535433070866
1.384963900832719,1.5462962962962965
6.957401741613894,6.7981220657277
3.9176309877833795,4.287925696594427
1.2344152818334058,1.1359670781893003
3.224503692909658,3.083333333333333
1.7941050203792566,1.7146118721461188
3.3235005503444217,3.0008163265306123
2.247208433183193,2.3664416586306656
4.398352133633355,8.765899864682003
1.995737003327271,2.0144796380090497
3.794713701648633,3.447619047619048
4.991089573204398,4.974417716685758
1.5272543409757948,1.3779661016949152
2.8498419918596176,2.673370319001387
2.6109824524392145,2.5403050108932463
0.6196610389317787,0.5624036979969184
0.455321674456617,0.5811965811965812
4.176364257520604,6.238012205754141
5.181075534389754,4.222014925373134
0.32872930337866135,0.3766233766233766
4.513504454407131,3.1805887032617344
0.38743492603451923,0.3907317073170732
0.39701488276174784,0.5111111111111111
2.2713149399708934,2.9685002350728724
0.9173570144828833,0.971157120171635
6.441616110933975,7.977037887485649
2.5106126640985753,2.3689986282578874
2.9219676883367236,2.701042873696408
2.115967289376184,1.3333333333333333
4.3249395406606554,3.940004527960154
2.7201147717970535,2.8963963963963963
3.2210642720881246,3.1976823449216085
3.333371848254906,3.874848116646416
2.321365069907804,2.571428571428572
0.6290305336932009,0.6111111111111112
1.3563872088408218,1.4158292352647708
3.5446391097895953,3.74809366354005
2.175119326698284,1.7870632713556651
4.476155921179775,4.070796460176991
5.946022335444041,6.631413958092724
23.561210374561902,22.228571428571428
1.0302164782510346,1.0776771725383352
2.708596511664436,2.3975
19.16232630718358,19.634050880626223
4.6847267820539065,5.548387096774194
3.353133156908477,6.5588235294117645
1.7249753976815287,1.6608695652173913
7.004424686476046,8.614035087719298
3.3333610583308104,2.24468085106383
1.4560352920631083,1.1764705882352942
2.372591811238054,2.133587786259542
4.180530713554053,4.265027322404372
0.35321835490143244,0.4166666666666667
2.61268692015238,2.691527878349022
5.985830135193698,6.487698986975398
6.768087391749064,6.64696223316913
0.6587098327872352,0.5730314889950091
4.288472411890691,2.331439393939394
0.4458356036741137,0.5
3.655199228932479,4.838333333333333
5.81707268007483,6.538461538461538
9.825186901198247,8.500306560392398
3.3167182251053973,1.556935817805383
4.403150098518049,4.170415814587594
4.077418330323128,4.128329297820823
4.802481227825116,5.2682926829268295
2.8957520046756606,2.736
3.876821326589358,3.753846153846154
6.597398708475141,11.75
3.075053813442569,2.8866666666666667
2.6603171007749125,2.4427449359239355
2.4069458206658436,1.8266978922716628
4.203786910287045,4.764705882352941
5.650502034972018,7.109322033898305
4.394839191103735,3.261888814467515
4.2872464649200275,3.883379785829544
3.257754319717228,3.4680851063829787
0.474413217377188,0.4736842105263157
0.635326240353252,0.6995305164319249
3.3096147352036773,3.4055944055944054
4.997528658093674,3.184873949579832
0.46834292414008677,0.4810126582278481
4.128263801766108,3.5
0.41322971208641757,0.3736842105263158
0.420353801231923,0.4162348877374784
0.4115085429120237,0.4166666666666667
3.0667785832339014,3.335373317013464
1.0340761981625115,1.0823665645416982
6.7767369078257005,11.90686274509804
4.177087072021338,4.036190476190476
1.6969790383509276,1.794392523364486
0.8676896703936976,0.75
6.123808131941338,5.829982643910905
2.2615181774559177,2.546153846153846
4.4990766309264805,4.316860465116279
3.405125220039565,3.3595744680851065
2.439709629692994,2.295081967213114
4.784055845376989,4.258064516129032
4.039957549835451,4.2
1.109774083571669,1.182943233790691
2.9815802866349115,3.524916943521595
1.6622352645748957,1.8496687834853904
4.076675173055743,4.140625
4.77095240775774,4.742786985880908
9.56306029187637,9.607361963190185
0.9099619477821181,0.8399334151042579
2.3764159842453094,2.9371980676328504
16.861190420873665,15.58403869407497
12.087476287988414,10.364383561643836
4.907000956239181,6.119266055045872
2.718499634665196,1.25
1.7678828498157948,1.528301886792453
10.01794492176984,9.190880169671262
3.3269245240679126,3.5729166666666665
2.0627330083875415,2.380434782608696
2.781595669910012,3.075892857142857
3.585840719342813,6.368932038834951
0.4142001969234029,0.4001766784452297
2.226546619447272,2.518413597733711
4.208624494617058,3.5813397129186604
5.856735196713637,5.473389355742297
0.5198890581092634,0.3964813639249115
1.7796151422098156,1.076
0.49932847225537463,0.4877943400302441
2.408395612516996,2.08
0.8770162820829284,0.8785046728971962
7.630905507849413,6.887147335423197
1.7606494755492856,2.2009685230024214
1.8404756052861386,2.029166666666667
2.807637692734087,4.32034632034632
4.48665714664975,4.952164009111617
4.238045022115112,4.6328671328671325
3.375981400914651,3.881188118811881
2.6381555740257405,4.638297872340425
4.89301270627424,2.8375
2.408975998623553,1.4292035398230087
2.6678029445459903,2.559055118110236
2.997387336555485,3.4753086419753085
2.937768059435949,2.3666666666666667
4.163522529097433,3.8457300275482096
1.5944192207137866,2.4358490566037734
2.7693835085027456,3.204956463496316
1.9874887849175598,2.393939393939394
0.494779809160498,0.4207589285714285
0.7682327082020146,0.9293032786885246
2.915539430475059,3.88785046728972
6.977671433336284,3.709090909090909
0.396438696130731,0.3974025974025974
5.317764825890662,5.797356828193832
0.3912397348395382,0.3495145631067961
0.3708630491944865,0.4418604651162791
2.720055178549063,3.352777777777778
0.9695489557726356,1.068098886529233
8.45117576126111,12.367816091954024
4.521019871680811,5.161559888579387
2.008768401954202,1.905128205128205
2.1316271843985626,3.225563909774436
2.1540992927732425,2.0
3.3454694194487242,4.284829721362229
3.9431646251276726,4.928571428571429
1.5108654576991412,1.108108108108108
0.7944077830428715,0.3809523809523809
0.7741898623708752,0.7642857142857142
2.1592326041248926,3.2153846153846155
1.2287073765035057,1.7414310758256597
4.146081911365785,4.766203703703703
18.544731431700537,23.7625
19.011981137877648,16.333333333333332
0.7735388190021373,0.9326065411298315
1.4101928820999952,1.271551724137931
8.70560867117414,5.0
14.874279407872809,17.125
30.673756098669593,21.375
2.2931570116980753,1.843137254901961
3.3618911459062346,3.117647058823529
1.1291188346939447,1.077922077922078
1.7470526861991993,1.5630026809651474
2.556914363718817,2.459499263622975
0.24063298446119924,0.4756097560975609
1.2765421376259125,1.0058823529411764
3.707751378087565,3.362919132149901
4.647357906394028,3.8046272493573263
0.3452040729023336,0.3746867167919799
2.3305307345868522,3.022222222222222
0.19567637745263275,0.2874493927125506
1.8120078656030936,2.055
10.781498162592642,10.8
4.309983848425802,5.128205128205129
0.39187665433037194,0.0938511326860841
2.5449231127834566,3.2408376963350785
4.4364887268245035,4.157972079353416
3.38502899871537,2.641509433962264
2.794322246859191,2.282722513089005
1.6994411787097894,1.7820512820512822
10.768791251669938,12.2
5.423891237427877,13.88888888888889
1.6893372012902437,1.5380710659898478
1.7766350796282966,1.6799065420560748
2.4837145392990627,1.893617021276596
0.6240097017680166,0.5139146567717996
2.1835347504937594,2.1666666666666665
1.452431301445971,1.0555555555555556
0.3045522027926524,0.4375
0.5849189317450623,0.5295238095238095
2.9600138001997016,2.0361990950226243
10.621566131793319,11.1
0.40069514125535144,0.4137931034482758
13.327039432346869,10.0
0.44773440425986777,0.4
2.653469469894963,2.597452229299363
0.5459390303525027,0.5482385098198016
4.096841643570334,4.532307692307692
7.5819779721011695,7.75
1.9289386036641463,1.9821428571428568
1.8483107732187491,1.659322033898305
1.3070352825917246,1.0
5.208713365739506,4.816666666666666
1.3395692207355396,1.4107142857142858
2.089966097793112,1.9442724458204328
2.7528562192903294,3.0
2.0065435713248916,1.524590163934426
19.727631346347795,19.695652173913043
5.359094438889825,7.25
0.8423087061700185,0.9045643153526972
2.3110677193017373,2.58974358974359
1.5308905194334121,1.6031434779646132
5.36154650275144,5.774176121015668
8.473773012188182,5.029116465863454
23.72914499346242,23.13531914893617
8.639819206173403,10.006802721088436
1.1662629763586883,1.0899598393574297
1.7116232150190518,2.123028391167193
9.089079788073164,9.26595744680851
10.510619200392465,18.97952218430034
10.387713877985504,7.857142857142857
2.1799955996428553,0.9454545454545454
19.35753242584951,17.928571428571427
2.3532238334893365,2.375
1.4123292784999397,1.588235294117647
1.3666125776792852,1.2773722627737227
2.235658794107494,2.9717514124293785
0.27608381283160527,0.3505154639175257
1.1873450936969188,1.1288343558282208
3.100802206722025,4.302211302211302
4.157800145673098,4.225296442687747
0.3000093352828698,0.3875661375661375
1.5468419287579245,1.74
0.1729948521490315,0.2916666666666667
2.323163694614984,2.106382978723404
5.943089785851997,8.363636363636363
6.231569048467128,6.8191460429698125
5.76007587588522,7.372832369942197
1.9088835627131049,2.0120481927710845
5.319978095486064,7.700707785642063
3.5860027283613105,3.6875
3.2014629458467363,3.818639798488665
2.648552387949571,4.53024523160763
10.902503363684724,13.076923076923077
7.841457843790508,11.0
1.8554868652280918,1.4464285714285714
2.9252154971359716,4.652014652014652
2.199101643378337,2.2710843373493974
1.2501549770506872,1.0
4.121666183221702,4.074626865671642
2.529797951011851,2.694006309148265
1.6572050546810622,3.4722803347280333
1.686979162742114,1.3219512195121952
0.5362533379104029,0.5318021201413428
2.623655567734077,4.181333333333333
16.04231135270179,16.71698113207547
0.31450927783414745,0.2857142857142857
8.700555885841363,11.1375
0.5095896831284048,0.4550898203592814
1.0909191943409193,1.6666666666666667
3.2822541363383886,4.383690341976701
0.8205924051676656,1.03931377363123
3.97240526076233,3.997601918465228
1.3511233627013093,1.2607003891050583
0.7545054248258227,0.84
1.9415591870092768,1.5396825396825398
5.513677424441218,4.889993972272453
1.5716273862574464,1.6453900709219855
2.7276929815845414,2.656992084432717
3.29919463411433,4.142857142857143
2.620747097325877,2.75
12.485027659179794,15.282142857142857
1.3800745211651146,1.190003162378853
4.259727624692697,3.425478260869565
1.8225942733299143,1.7425699831365935
4.031445249661878,3.802267002518892
13.484907002664665,14.943423952975753
34.5964782105923,34.194117647058825
27.21691893997692,24.651515151515152
0.9943446402297735,1.1514053716427233
2.015193184379813,1.8903508771929824
19.50202980806399,18.22988700564972
21.00903318321889,19.140575079872203
4.399039825276205,3.074074074074074
3.086071172479886,3.566666666666667
2.2698393908981442,1.8287795992714029
17.575571993556267,14.545727136431784
4.6081649650976635,5.684210526315789
1.4483944263203892,1.099502487562189
2.478932145009876,2.3851851851851853
3.9258698438075585,3.9037900874635567
0.395209969659667,0.5347025495750708
2.863747890033619,3.0227058679005774
6.858369358261667,7.478753541076487
8.21410821646255,7.625187406296852
0.5922016622844375,0.4367816091954023
0.44125882382090786,0.5269719491728603
3.3418728500890804,3.328888888888889
5.010240929307567,4.340425531914893
16.397276775704185,16.77570093457944
7.091810827590608,5.383333333333334
11.354401328159353,9.0
4.518564294021053,4.202839756592292
3.7572968161291183,3.562025316455696
4.285131014347831,6.041763341067285
3.5008656422634967,2.907462686567164
2.1765448783977708,2.233183856502242
5.858305391058695,8.516129032258064
2.1724976991000644,1.8558951965065504
3.037449569892477,2.466411925653364
2.044830628167713,1.2387387387387387
3.818803172279541,3.2222222222222223
3.88619146257164,3.843283582089552
2.114555256298761,3.598951507208388
4.924013653686493,5.510127016821147
0.4992424755950555,0.4500458295142071
3.207198799904794,2.492957746478873
10.290121509524505,18.872
0.5255973959168236,0.3733986435568952
12.194464828791384,14.951965065502185
0.2994801330806664,0.3323823109843081
0.3158828189156368,0.4090909090909091
0.2060859477368605,0.2
3.234165713380146,2.3714285714285714
1.025383545937272,1.119438849235889
4.166364556448889,3.2765072765072767
1.8342339062755384,1.9805068226120857
1.8972442702653427,1.8766519823788543
4.657231268354349,4.562043795620438
2.806607403337557,3.0846560846560847
1.7480977136909077,1.7272727272727273
12.087535673489374,10.378846153846156
3.3990977242449025,6.375
0.8938677139032158,0.8683291770573566
1.6219022693508398,1.6685393758427192
5.160695477277558,5.747320061255743
5.148657715630796,9.512166666666667
10.39465848388573,15.833333333333334
0.7938460506025082,0.9614851759490164
1.8535893946615118,2.0274509803921568
9.627367715054573,13.25
11.38975121975069,18.413612565445025
5.001813861748671,5.109375
2.137624505327545,2.5121951219512195
10.995684893606942,9.4510556621881
1.6131772049223914,1.536
2.164169786030697,2.389830508474576
4.123745750390546,4.905349794238683
0.3984287650061196,0.4166666666666667
2.0960262226522333,2.4027210884353742
4.408394605372043,4.934383202099737
6.656206863800524,6.72209026128266
0.38981259383507044,0.4672897196261682
0.6537225611213293,1.0
1.6773059883820531,1.1
0.32377653638896614,0.391304347826087
4.596002895185849,6.202216066481994
2.545758056182837,3.4838709677419355
5.930996066869811,5.706467661691542
8.464297412308339,9.61320754716981
2.7982604524434342,4.703703703703703
4.822385705539671,3.9130434782608696
0.3021059560705484,0.3032786885245901
4.850479820055065,5.471544715447155
2.271408825263751,2.3893805309734515
5.769483394832143,3.899239543726236
2.7221547527630787,2.5
2.300291285882375,1.987603305785124
4.183167968253,4.823529411764706
2.262036027547767,2.546341463414634
2.9083355679825424,3.0
3.7624683294562997,2.8194285714285714
1.4106046123631515,1.3333333333333333
3.4752364177547257,3.055844155844156
3.087289613308447,2.3384615384615386
0.385495682698849,0.4242424242424242
0.7642087239970594,0.8083067092651757
4.913907469945076,6.533527696793003
7.82315901394491,11.25
0.3227446911279988,0.303030303030303
7.875215042309694,6.177685950413223
0.34701021217624417,0.375
2.4361228193502233,2.645378151260504
0.9151950784856739,1.0910584237735512
4.346021614174725,4.0
5.0332683704552705,6.578828828828829
1.8708868219465722,2.122994652406417
1.6726255913713484,1.92090395480226
4.438294471494967,4.279968863518422
1.7716505302420709,1.4764705882352942
4.067373506394228,5.143939393939394
3.5706688023506024,3.62015503875969
1.7332269467721595,1.7605633802816902
4.573950768790354,5.741379310344827
1.619227335150513,1.7333333333333334
1.511201187568484,1.303807615230461
3.599572707153283,4.236310477834334
2.206859825483135,1.7629348915674434
4.655221697619225,4.642045454545454
18.2977234394798,17.176470588235293
5.886111873694583,1.894058823529412
16.63112954535432,19.20833333333333
0.9043210249235949,0.8267625231910947
2.4980854050549115,2.858620689655172
22.39402073811166,23.11418685121108
18.950705123926664,20.8
29.785652558238503,29.246376811594203
1.8887192392837715,1.5
2.0241820707830867,1.7337278106508875
15.634462938622654,15.310679611650484
4.464690715115004,5.413793103448276
1.9587522381640108,2.121794871794872
2.6202902412022446,2.43952802359882
3.93973124324853,3.871794871794872
0.3404134328478227,0.4054054054054054
6.435392093547399,5.595902105862265
10.100649513580851,10.770687237026648
0.5132307571334362,0.4444444444444444
0.49819677316253463,0.5470562956596476
0.8249707733405407,0.7561076604554865
2.136967877807684,2.12
3.7571392038291886,3.1415384615384614
4.4374974644122345,6.2
8.704892743006656,8.364464692482915
1.9401641462966648,2.048611111111111
1.963061833795464,1.0
3.612383137511329,3.183734939759036
6.304942575841758,6.777439024390244
5.489624712606267,6.227390180878553
3.857190265323946,3.981818181818182
2.284855538716593,2.515527950310559
8.067717606640807,9.774193548387096
1.0671124358999768,0.9
2.364736114675248,2.5685714285714285
5.111261379713224,6.222222222222222
3.3645848108213965,3.4838006230529595
2.190126272718045,2.411504424778761
3.6438968059363397,3.75
5.059740876491739,4.615487316421896
4.484071783077909,3.84622182942996
3.536770500755651,3.922926447574335
3.54967792780712,3.500354609929078
0.39758832854196735,0.3333333333333333
0.6418102832423549,0.5669642857142857
3.2560710355414653,3.082089552238806
6.0533048771547495,4.0
0.4645193799065475,0.4545454545454545
13.789336779112766,17.0
0.40568251085671575,0.3978494623655914
2.849917341770377,2.9675
0.9087753039531916,1.1033550325488233
9.833291801110638,13.0
5.7138531131453485,5.974317817014446
2.247673656631499,2.0310344827586206
2.6273555404504605,3.3821989528795813
6.0682127316424195,5.350002910869185
2.2762840940773006,2.7545454545454544
2.9953052116202357,3.1336898395721926
3.9357397000649774,4.3355263157894735
1.9889836513705825,1.816326530612245
11.234886982395293,11.364963503649635
2.3084743791887954,3.0
1.1190304863056557,0.9523809523809524
3.095864611224351,3.1171875
1.296523973288425,1.874573911373565
4.253230957446689,3.8869552914544414
6.04343197860892,9.063013698630137
14.616574832251901,10.238095238095235
13.470262583927182,14.306666666666668
0.8496811299082374,0.8683017915720413
1.6199481975940775,1.5352112676056338
8.163867724524208,8.8
4.456876378256145,7.417721518987341
10.602123706353673,7.821052631578947
1.234910803304846,1.2950819672131149
11.81521530407972,14.849468713105075
1.9913289056338996,2.408450704225352
1.8672028833964238,1.3059071729957803
1.7526845435754383,1.963235294117647
1.6639410485270356,2.161764705882353
2.4433474659345973,4.095070422535211
4.047509463176324,4.003355704697986
0.2061922092625253,0.1578947368421052
0.27482783423140256,0.3488372093023256
2.391307341579,3.303333333333333
3.3511328219892347,2.882013201320132
2.645297054665654,3.6407766990291264
2.6323544887910577,3.0
3.413738187795353,3.723140495867769
2.3369693422851663,2.3306026916325338
1.9539960108844783,1.3566176470588236
1.4564305529669732,1.736842105263158
2.834013193901462,2.2745098039215685
9.308493948761761,10.163934426229508
1.1874867620106282,1.009302325581395
1.4694629101198102,1.2173913043478262
1.8867246689884563,2.475757575757576
2.4823813147196856,2.92
3.1332040413190674,3.5692821368948247
0.881288751505392,0.4461340206185567
2.9878010278025973,3.4244306418219463
0.29320866047940813,0.3888888888888889
0.8317995607664366,0.6782880071333036
2.126548211390163,2.431972789115646
5.295480536709048,4.398104265402844
0.18307388574883468,0.3292698575644809
5.135760909099325,6.511111111111111
0.1707126787754919,0.1428571428571428
0.22751217297060017,0.3305785123966942
0.21589402512081174,0.25
2.18830976214048,1.7629499561018438
0.9188594045745868,1.0336239558608875
4.165843076107648,4.39268680445151
1.7727447681136144,1.2315608919382504
1.7526339114345872,1.2968036529680365
2.2982448247213627,1.5847750865051904
1.6457207896203419,1.6206896551724137
3.010283080350016,2.25
2.107101824224332,1.9257142857142853
4.341863747009232,4.933518005540166
0.4112096041977615,0.5
1.2808003224504665,1.223959615858163
3.7261246055364925,2.8198830409356725
1.5895075818698134,1.7478308711459394
4.371821517864707,4.26448362720403
13.513203111028472,14.014112903225806
18.008037355274563,21.87471867966992
15.728642594048353,11.37092731829574
0.8816103080900302,0.848073326481441
1.9154359639964444,1.6900369003690037
18.802540744391276,19.06125249500998
18.052949158052837,14.937373737373738
3.3467485553102625,3.0
2.4968462966393665,1.8
15.313090215679704,16.295172413793104
2.6621864871206635,2.838888888888889
2.457160979958855,2.3225806451612905
1.1712945766799416,1.2053571428571428
2.321535791742208,2.618157543391188
3.7888531936346634,4.356635071090047
0.39847020332261024,0.4124261040918048
2.9157284579882856,2.8292682926829267
5.649116577893593,7.220151426907397
6.797403254496285,7.557213930348259
0.44233206596629715,0.4283752231836286
3.407354508598562,2.006
0.41244677243903144,0.4986324978457158
3.2723573521648124,2.6125
1.429031742464561,1.1045751633986929
8.042374035449807,7.35978835978836
10.295514135688524,8.775862068965518
4.831477724581266,7.5
3.6864066407555995,4.001656177542232
3.502258523823242,2.409863945578232
7.037107764819483,6.590909090909091
4.091213456032573,4.979978925184405
2.025535957493013,1.9142857142857144
4.325027053358245,4.219387755102041
6.527769936181089,5.133333333333334
2.1792679705747564,2.372549019607843
2.6574747563909407,2.7444444444444445
2.2051148224454,2.1545023696682466
3.8308402077837114,7.544419134396355
2.4190223802892077,3.2266368214885284
6.273781818688302,4.807738061519289
1.9871911134677744,1.826086956521739
0.42021455561261684,0.4925028835063437
0.7257475580283534,0.7488226059654631
2.2530604936788152,2.3471810089020773
11.637728155738381,12.647058823529411
0.43493910879072506,0.4199134199134199
10.375705790370864,9.181818181818182
0.4551012588259294,0.4816872427983539
0.5197782455288966,0.6459627329192547
0.5265639810951934,0.7142857142857143
2.6940420873581323,2.777158774373259
0.8424013567618494,0.8668718373894354
3.3211873830257854,2.8766233766233764
4.149427580940814,3.724884080370943
2.157848900397825,2.4725806451612904
1.1671649190323254,1.0396825396825398
5.165950696863174,5.009998143062384
1.9150798597107697,1.7293814432989691
3.2936424146495638,3.3773234200743496
1.9078331576414849,1.807692307692308
11.186043192036022,12.813909774436093
2.550304487714896,2.0
1.2530606998841822,1.334080818047271
4.119190580773482,4.201297898640297
2.2406153952921586,1.5506412406781411
4.716314999573783,5.318059299191375
6.82150406075543,8.198552223371252
3.3988016305001656,1.04576
18.583216458408977,19.53846153846154
0.9069110680073638,1.027408637873754
2.4979108066498075,2.8308026030368763
14.05622937870164,11.493247391037446
24.728718398413026,23.43243243243243
7.686024456579055,6.315789473684211
2.6097960478334485,2.7
1.6510312548131303,1.3473684210526315
14.010534212654825,16.53968253968254
2.392777133909467,3.222520107238606
2.4095773327008905,1.9603340292275573
2.9673196839029505,2.6109324758842445
0.32564768090710366,0.3487565066512434
5.5887920673830545,5.978482446206115
6.502405153444756,5.808668076109937
0.41073295617177313,0.4333333333333333
0.3101971859712204,0.2
0.39055284201248835,0.3435510492808299
1.397124231365321,1.05
0.3765748876819599,0.3351955307262569
2.5087565911273213,2.2045454545454546
2.7149928466776663,2.9
9.37436750063918,12.611940298507465
2.033939720787384,2.3684210526315788
1.2532129610517009,1.4285714285714286
2.6468808264041654,2.1088709677419355
6.466751416737751,6.657039711191335
4.968097524697008,5.489583333333333
3.353992984366746,3.421686746987952
2.2981600645865474,2.4239130434782608
6.88780021255631,6.346153846153846
11.211127004123556,22.5
3.4838915596886038,2.588235294117647
2.8486481242496913,3.4703763010408326
2.7240713263609964,2.953061224489796
3.58588638868586,3.243781094527363
6.47782202593681,6.973193473193473
3.720481097456733,3.6105445716267774
3.4480573839832083,3.619426299346777
2.7246602447764867,3.21978021978022
0.34578034022553106,0.4074074074074074
0.7869523991142644,0.7584990542405807
3.273885660478955,2.857142857142857
0.5602555541474548,0.5691056910569106
7.357255451376298,8.54054054054054
0.3649821367152155,0.325
0.3692764367320704,0.4387096774193548
2.6494915073847656,2.98488120950324
1.073271262309809,1.2465490205636938
5.769713208221542,6.796407185628743
1.8497877968697716,1.7546816479400749
1.703772134449089,1.6948356807511735
2.226463158645982,1.7837837837837838
5.062101843524498,4.9400170972644375
2.093104656559175,2.1780821917808217
2.918234356566631,2.4180929095354524
3.4427561919686713,3.2379310344827585
6.110261694370134,6.495614035087719
0.7608302070563215,0.7619047619047619
0.8918134769502715,1.3225806451612905
1.8319630159784674,1.4910714285714286
1.0910399470276197,1.3246704331450094
4.051537795634523,3.689680772086117
1.0009641021839895,0.8181634304207119
20.63044327688577,20.612
15.344468592472307,2.425
0.8376851529304472,1.0170975062134546
1.7246294273739764,1.6906474820143884
6.18812856011008,4.205882352941177
1.2110938369505324,1.2325
6.271279202315528,4.887118193891102
1.118554319228223,1.3162217659137576
8.199340858768872,7.897133220910624
1.472006926368031,1.1411764705882352
1.3873796149856532,1.4057971014492754
2.2063050845795518,2.5301204819277108
0.3410799352275437,0.3190298507462686
1.0606923230470566,0.819672131147541
1.8869172971006827,1.208955223880597
4.6117850120159805,3.737864077669903
0.3371736022632084,0.3214285714285714
2.2259798942429727,3.525965379494008
0.33210436497255996,0.3637873754152824
1.868400381693514,2.656716417910448
0.3449630907555767,0.4682080924855491
4.278692950717174,3.360071301247772
0.4266692935991097,0.5636363636363636
1.1787672007206669,1.181818181818182
2.467741266027571,2.185185185185185
0.7984998935312688,0.7898903775883069
1.9828466312082456,2.073170731707317
1.2981350923642578,1.3541666666666667
2.248262986404917,2.4714828897338403
1.5099156249109638,1.6184971098265897
2.273767957936393,2.569230769230769
1.5915311701079298,1.6666666666666667
2.573615018454557,1.5185185185185186
0.9640021386022164,0.3448648648648648
1.620174148638954,1.7450980392156863
0.6504319404364196,0.4144518272425249
2.282424604019257,1.952054794520548
7.51532088172063,6.615384615384615
0.29842540188595734,0.3673063141969902
1.111241797704475,1.0228310502283104
0.4159720728089202,0.4347826086956521
1.423997364547113,0.9090909090909092
0.7149436119520953,0.7493452329951625
3.0722794058132905,3.0292887029288704
4.264331953596225,3.958064516129032
1.4548853084265208,0.8589743589743589
1.4174933792172726,1.6690140845070425
3.2366837989729778,2.5531914893617023
1.6519348292580691,1.2156862745098038
1.4134537913969667,1.394904458598726
1.8248498300766678,2.00625
0.6833623671344118,0.6363636363636364
0.7289018587199965,0.7368421052631579
1.6864935974137607,1.866791744840525
0.9084289359730862,1.7104693268957682
3.64019900441052,3.8568329718004337
2.130166535464375,1.2321707444039562
14.588840054434877,8.4875
20.92513179508462,17.307692307692307
0.8713629242484191,0.9485387360287828
1.7714049972666848,1.9808153477218224
7.396005654499092,6.360110803324099
7.587965828360083,11.647208121827411
6.974986108837773,3.463470319634703
2.211636840128689,2.3908045977011496
0.604888023406406,0.6837606837606838
5.498166709342558,4.780923076923077
2.388191294847848,4.521739130434782
1.3836450491874466,1.132867132867133
1.498790823862869,1.7560975609756098
2.1626046421540006,2.1828358208955225
0.14565328321942383,0.2222222222222222
1.1266980743655193,1.2424242424242424
2.811659816271435,3.0054794520547947
3.884890627805576,3.205338809034908
0.2946532978725811,0.3465346534653465
1.1634480717160192,1.0875979714153987
0.4054689657429616,0.5194805194805194
3.7582657509479294,7.530864197530864
2.750886092304584,2.3289473684210527
3.7936314761638608,4.8291457286432165
1.963021988611489,1.3616438356164384
5.884609515782007,5.78125
0.9244038328611066,0.922077922077922
2.8462579441575913,2.1396648044692737
1.5947557173244271,1.681372549019608
1.9893482406584115,1.2666666666666666
2.853452697371306,2.904109589041096
1.9970291250604548,1.75
2.088001149344675,2.4722222222222223
1.6636724086841945,1.3179723502304148
4.1488165996346265,3.751633986928105
0.23532971604342856,0.3874501992031872
0.6459229057934959,0.6923076923076923
1.8130618233235385,1.774468085106383
3.992407970210806,3.5294117647058822
0.36107789430138854,0.3538205980066445
3.6614038277761596,3.346613545816733
2.374832667518803,1.7760736196319018
4.054499716653519,2.881057268722467
5.093116363779022,6.762658227848101
1.3762624023097065,1.0148809523809523
1.070658911649787,1.039568345323741
2.8384949307238845,2.800429184549356
4.9486192468644115,2.31
1.6648344555866967,1.370044052863436
1.4718823640185401,1.5080645161290325
3.9317434265975564,11.391610987379362
2.4476000258697095,2.0
0.9821756803196076,1.0597252840427336
2.207957341651304,2.998561151079137
1.1305369255272018,1.7199938099659549
5.528633262749873,5.960303139660772
26.239914170484997,22.23333333333333
0.8800998955488728,0.6995788488535329
2.518762266912302,1.872340425531915
20.284598975310775,17.64950015146925
15.969208785598681,11.943469785575047
6.086211072234154,2.3047210300429186
1.3549514825309492,1.698717948717949
18.285738334383154,27.588571428571427
4.320964432416514,3.1379310344827585
2.0113964577724586,2.4151624548736463
3.501380302745993,4.402930402930403
5.508881006263573,6.4055459272097055
0.2978194024751099,0.4648850217526414
2.8195269606531075,2.543706777316736
5.3930390716015255,5.972021660649819
7.508815946864489,6.742016806722689
0.45868318373018185,0.4790628115653041
0.8984414656576676,0.912621359223301
0.4973856652546485,0.5173427056925559
1.750339272604306,1.675
4.812704317657028,7.391304347826087
7.422859744592879,5.8431372549019605
4.854310107142932,7.224043715846994
3.940614230887001,4.363636363636363
3.656375388371117,4.965671641791045
5.360140642845363,5.438175270108043
3.2977127885787585,2.82521847690387
4.519050977405864,5.276041666666667
2.1088640591669496,1.6103896103896105
8.384586256541716,11.767441860465116
8.372058692976921,3.9864864864864864
2.6426003115182297,3.477777777777778
2.4988230318516615,2.3529411764705883
3.4767449466579077,4.40341655716163
4.695791326522258,3.923076923076923
5.913632400143844,4.1492932862190814
0.8647605930767897,1.2135922330097086
2.9960679025956654,4.103280752425387
2.0873351542697365,1.6
0.4652731223244178,0.4197667962243198
1.5446290822105584,1.6344827586206896
5.086495893483573,4.491620111731844
18.150482199980825,27.149253731343283
0.44280439149991707,0.4
4.979496392044183,3.546916890080429
0.48305154087693103,0.4208494208494208
2.5744522423452287,2.4465811965811968
1.012909964170797,0.9136968912137812
9.873043505877865,13.60377358490566
5.264346800992192,4.725834797891037
2.421233364231943,3.966666666666667
1.441485293307597,1.0
3.351584758958147,3.25
5.252886879310103,4.070003026430829
2.835525123581234,3.3391136801541426
3.274585210986965,4.63849765258216
4.965572488232403,5.516556291390729
6.940502059757792,5.85
4.788361194166384,5.0
1.3834349494693972,1.236269280668877
3.8827169720690415,3.3456983629397423
2.0192580692765536,1.6430805437710958
5.363177238101139,5.658333333333333
6.7566355260072,6.88534318665323
27.181569369856838,25.9675
19.34297489269122,16.462857142857143
1.1276152289848826,1.1516005544794412
2.635571111020029,2.591743119266055
20.116646658007095,18.25776362188602
2.750539887944524,2.912568306010929
2.524911297540908,2.1024844720496896
20.309053431234904,13.595348837209302
2.5371588479467424,2.967741935483871
5.048552488853389,6.112903225806452
2.460899741862582,3.2816326530612243
3.024350885360721,2.338206627680312
5.029386995846291,4.543988269794721
0.33359901229680455,0.3968072976054732
3.3560778418991193,4.176351733613513
7.253922884045011,7.863433312061264
8.428128829962933,9.176252319109462
0.5127759714866438,0.5617327638804149
5.139309996188221,5.708583539385376
0.5687031179056563,0.5226903706965352
2.3363433505504267,2.211267605633803
10.118597423895576,10.235873287671232
21.438707050716577,18.83084577114428
1.8570909066446633,1.1875
4.867846078577607,5.6173200702165005
5.899276214151751,6.374137931034483
5.562854564272588,5.590062111801243
4.671517267287129,5.379834254143646
2.8816292112132227,2.6341463414634148
3.800233301070069,4.101449275362318
11.655326887255153,20.5
2.840459664865187,2.5111876075731496
2.5883445946991563,2.658735404274069
3.4422376726939925,3.417956656346749
4.7101289174840675,4.660714285714286
6.060169968883612,6.426900584795321
3.474193573746244,2.9346031746031747
6.681957945766777,6.893558197401161
2.7874316290055425,3.5
0.5189997707262015,0.5858178887993554
0.8329349353867084,0.8677098150782361
4.401581207125954,3.3564356435643563
6.592890494510568,7.039735099337748
0.45293622791436106,0.4377702465817459
5.177852176858816,5.28125
0.36817810040529575,0.3728668941979522
0.3735133710795085,0.4898419864559819
0.1689262504911164,0.1666666666666666
3.8527373187331797,3.835004557885141
1.1066016534544834,1.2738517159212293
8.517944695927465,10.208672086720869
6.049823581307282,7.850719424460432
2.7179884921704343,2.500733137829912
1.9950437756437198,1.0336134453781514
5.575361960466459,5.349990113273637
2.6209499778343455,2.84
5.500355825319269,5.302197802197802
4.976195756939962,4.551212938005391
1.7840290271576555,1.68
7.0763069704014026,5.878807947019868
5.826797592101269,5.625
2.3243894528561833,2.124548736462094
1.0533770902599229,1.6158169409875551
3.67218744217113,3.67986798679868
2.913412254892978,1.634204909284952
9.257880622386926,13.875739644970414
14.266731193438687,15.46
0.7533871806140655,0.6259725951938305
1.7188392562555386,1.5183044315992291
10.370273191746753,14.49063670411985
7.610920200900905,15.42570281124498
2.3036961140233925,4.533333333333333
2.542491744324273,1.7018299246501614
1.0996224864832689,2.0657276995305165
2.8903939721283702,3.321428571428572
1.8481846495415382,1.396681749622926
0.9538205328661069,0.8029197080291971
2.2421550915651585,1.6738197424892705
0.1566077635313908,0.4032710280373832
1.3855628873722705,1.673469387755102
2.945998044821496,3.235
4.543482547625938,4.631921824104235
0.3551451238115761,0.4390243902439024
0.32663354065486616,0.4633569739952718
0.5684597575145225,0.6875945537065052
1.2413697171771223,1.2844827586206895
0.34970993102010833,0.3472222222222222
2.4612644859925896,3.1415607985480944
1.4715600395286077,0.7533460803059273
4.196320758016353,4.629902491874323
2.172843443395809,3.380327868852459
0.7096887168073804,0.5405405405405406
1.6082798742640154,1.7142857142857142
4.023524096723477,3.808080808080808
1.9710876860843602,2.035830618892508
2.70858668918302,3.078470824949698
1.7063983713492248,1.5647668393782384
1.8538265991735194,1.4545454545454546
3.851956870625907,3.2857142857142856
4.380000852647816,7.592033796016898
1.613519358688563,1.336
1.7106483429851043,1.477859778597786
4.148790203929544,4.004056795131846
0.4743931587905971,0.543630017452007
2.110571638003315,1.9824561403508767
2.8429440961713595,4.177428106348345
0.7321274056899969,0.5740740740740741
0.3602753421441415,0.5789473684210527
2.413448142066985,2.0614617940199333
4.808514247767749,2.625
5.137662959084053,7.397368421052631
0.3463612696153822,0.5298013245033113
1.5963092513014558,1.4305993690851737
0.8733257818257552,1.1990412671946644
4.335589872056277,2.0
3.360628215139279,2.7590551181102363
1.5413213066084652,1.2585034013605445
1.4641120727428039,1.2956810631229236
1.4403573597681363,0.7777777777777778
1.9052287725254233,1.6487179487179486
1.5672494091923475,2.056
2.8102191677455086,2.6448275862068966
2.1246306402435864,2.292929292929293
5.0687862051388395,6.141769743101808
0.6421859398428111,0.5
1.7093864804874355,1.6793388429752063
3.455930815470733,3.2416160609081843
3.4098329213461627,3.0206896551724136
25.518184381112892,24.89695057833859
19.45849124128832,14.82
0.8874142527210171,1.1101192802538808
2.0735283940498794,2.0010729613733904
22.848510656544445,22.99649010848756
13.703021963021948,10.0
19.511652091015275,14.705128205128204
2.552135379229552,3.289473684210526
1.7246967051918918,1.864
16.272406132214407,15.836601307189545
1.505656957295339,1.4257142857142855
1.8096470419565551,1.6170212765957446
2.367895632529436,2.227272727272727
0.3892317747997196,0.4166666666666667
2.1377075771501852,1.9629272989889264
8.263340979843242,10.511511511511513
7.920945815565096,6.564671814671815
0.6184738780863219,0.6
0.43915383508533323,0.4755228683061365
0.7764075735532838,0.7675747993189005
3.0413326611785543,3.76
0.41233510320026756,0.5255813953488372
2.4127141192256047,2.61875
4.416919387244495,6.2631578947368425
7.273895538483783,5.618698836708315
3.124737638416063,2.8939759036144577
4.882145792014334,4.099115044247788
4.705662496590998,4.25925925925926
2.989519091261592,3.119250425894378
1.8147880502008253,1.5488958990536277
12.023402816951855,16.23076923076923
2.091360365214192,1.9722222222222223
2.4899846476249166,2.0869565217391304
3.008091154200028,3.127422751300013
1.7617641966547137,1.6757369614512472
2.5993298326982486,2.5450236966824646
4.2151379752489815,3.277482269503546
3.499126618126904,2.2436453812771235
3.1122377291268384,3.379718875502008
2.6792592959812245,3.174950298210736
0.5123501152466894,0.5
0.7132285637193896,0.7394957983193278
2.483260979940401,2.5144404332129966
12.242082751655987,19.23809523809524
0.3600363736418917,0.4347826086956521
11.426645733671904,11.412280701754383
0.5474804306654024,0.4583333333333333
0.4304780191191522,0.4711779448621553
0.5198626990260571,0.7349397590361446
1.9160391780038415,1.7095588235294117
0.8577505675550459,1.0923109207391588
4.390438442047246,4.4792122538293215
5.722375958792997,6.6875
1.9598474641704833,1.5357142857142858
1.9063782599098391,1.5773809523809523
5.981425753540067,6.400010001500225
1.7098644506264327,1.584664536741214
2.0444533495875383,1.7088122605363985
3.900915341410273,4.34113712374582
9.057904616909033,8.880829015544041
2.849180931730232,3.142857142857143
0.9777473442266842,1.1747151383613674
3.059356339012578,2.828767123287671
1.6387505589578013,1.5930982074525994
4.481341355746937,4.512820512820513
2.547156266969099,3.1629231255931667
17.38971138768496,23.34
0.9447189813684658,1.1433066071247335
2.3787860257048528,2.705583756345177
13.336885065774558,15.508896797153024
4.135460271923498,2.7493606138107416
1.3969373564171472,1.6810551558752995
10.721489497767722,9.785180930499711
4.097941387999141,4.828859060402684
1.8620443844626813,1.6319218241042346
2.745837437160391,2.449152542372881
3.0473259987100336,4.178861788617886
0.2635692718608921,0.2896341463414634
2.371323324473421,2.591962905718702
5.45258893434827,5.763063063063063
7.4731024862830076,7.923150816522575
0.4745750170236307,0.5342163355408388
1.2916639493946538,1.236923076923077
0.3197528961187633,0.3616187989556135
3.593874418210704,4.53375
0.7558093221868647,0.4706896551724138
7.4762282044130774,6.271356783919598
2.034724843844009,1.2118380062305296
2.676012266984826,1.6938775510204085
5.136781884445646,6.190217391304348
1.5887063301774709,1.3566265060240963
3.833975407116359,3.75
2.6457040644640983,2.647887323943662
3.97032512992305,3.251336898395722
0.4574205227183739,0.2388380849919311
2.6607986505218277,2.588932806324111
2.7189206754093185,2.75
3.279167638318155,3.2
2.884508921513296,2.733674775928297
3.579490750745008,3.8369565217391295
5.00041576351216,4.258
1.1168110521597021,1.2460567823343849
3.110957246729696,3.320987654320988
3.8337914463864387,4.688311688311688
0.4350360169723186,0.3333333333333333
2.826102306886612,2.756097560975609
8.27467660207506,5.642317380352645
0.2630265960451614,0.2666666666666666
5.141830462308873,4.301587301587301
0.34430390834907465,0.2939393939393939
2.802750818353681,2.5341074020319305
1.0643032112031339,1.1084507855822552
5.237328312171579,5.361676646706587
6.832275366443628,7.391791044776119
2.2986551056351985,2.0052631578947366
2.3359232025354357,2.4375
3.019697219513156,4.08
5.214809240459667,4.970013397430845
2.249398431645723,1.905579399141631
2.891942458017006,2.749546279491833
4.351504648346078,4.385892116182573
0.7876599218148046,0.8333333333333334
3.6851445071432236,3.627218934911242
1.1931823585234054,1.313157894736842
2.832690456590823,3.09375
1.5317895287548131,1.8809122675652064
4.6282171221963795,4.552921253175275
0.8006659957670459,0.5859390559649472
10.866017025898946,7.598802395209581
15.574727404814688,16.075
1.0279878714745907,0.983107450878672
3.1310356335380707,3.8121019108280256
16.839308697594575,15.187262357414449
16.94393504071996,11.428571428571429
6.672397732269,4.047619047619048
6.334003328808597,11.714285714285714
2.4006675423049777,1.469135802469136
1.9260165636029645,1.7303370786516854
2.4704732063734878,2.2704918032786887
4.421859351189903,4.041841004184101
0.20105369435503403,0.2461538461538461
2.6792473124815044,2.77989417989418
4.327052475938272,7.313725490196078
8.85827213948673,14.098214285714286
0.5501379532752508,0.4199865604300662
2.6431276094181757,2.317765567765568
0.5329765430286901,0.5124240750966317
2.042780899655205,1.6716666666666666
4.495504565599577,4.064516129032258
5.053774589068055,3.7845036319612593
2.7958654354064016,2.5026178010471205
5.373676221083277,6.151515151515151
2.533847767336124,1.9523809523809523
5.734534281504852,5.989082969432315
3.1250924274713094,3.808139534883721
5.457481981843553,7.864406779661017
4.917733067066183,5.410256410256411
3.767871850874152,2.4451219512195124
5.635534946961262,4.471264367816092
4.230876077976942,3.1818181818181817
5.392902321862055,5.055793991416309
3.9702979869900688,3.2142857142857144
7.900384150741697,7.738341968911917
1.5295188930104548,3.79345703125
4.065262566378588,4.251563691838292
0.5745830561691616,0.5639344262295082
1.0873773674883194,1.0448916408668731
5.304623782060778,6.151260504201681
9.655444873917347,6.338983050847458
0.35286133257960617,0.5023255813953489
4.165604404362177,3.6267123287671232
0.6051858941452934,0.5378151260504201
0.6077785326421603,0.7032967032967034
3.037686986266025,2.180904522613065
0.9391311855441609,0.7015016110401848
7.443429551372935,5.946428571428571
7.731727448652258,8.739612188365651
2.747330321649897,3.016759776536313
2.2770637126420263,3.046875
5.082890451061641,4.0900077079391775
2.7943251630027874,2.2996845425867507
3.703229183251941,3.8142857142857145
4.703342851780583,3.771929824561404
2.4369869592595457,1.375
5.867624821573774,4.4035714285714285
7.520958866166273,8.333333333333334
0.9250448013050823,1.1730769230769231
2.9722302220360475,2.475026014568158
1.5279559922235992,1.672864613596746
5.273506835923715,6.452015355086372
5.417221524154748,4.86963906581741
5.049581568881374,1.5205
10.515576490512109,9.121739130434785
0.9854167209237927,0.9488596559508056
2.491711765239782,2.7806691449814127
18.124424411760696,21.45798319327731
15.062916870579365,13.175115207373272
6.921932241318411,5.258620689655173
1.990334089545184,1.820224719101124
12.730454030802179,10.105527638190956
1.62797331206423,1.5142857142857142
2.639834808158714,3.04320987654321
4.146664378833974,4.081743869209809
0.3510745278720231,0.3780487804878049
2.0531005594701455,1.844097995545657
6.1593380076637905,6.428942245295263
7.901130805320541,8.193863319386331
0.4579547969741536,0.4824231704620826
3.8598522889211777,4.525
0.39841034859248303,0.3458646616541353
3.2201263248904386,3.225
3.218989428796238,5.631578947368421
5.419195302219468,5.585874799357946
2.8661593231358675,2.6666666666666665
3.20686891165447,3.43859649122807
5.744997853183948,5.929032258064516
1.623290201877535,1.3997271487039564
4.127520343397085,4.576138147566719
2.249247981419091,1.9280575539568343
3.6523576506489324,3.3839662447257384
1.1986293845941178,0.5384615384615384
2.5941182634979425,2.8566666666666665
4.636400036872367,5.777777777777778
3.4372883732617776,3.514705882352941
2.776590556617409,2.5176470588235293
4.20575717278855,3.7639751552795033
1.2794719290482255,1.171614771904417
2.939024541943638,2.7730829420970267
2.8878698000449456,3.2780269058295963
0.3372429746733748,0.3636363636363636
0.9416851641320703,0.970873786407767
5.977471359827486,6.747688243064729
6.211701299232563,5.222222222222222
0.36072333983986893,0.3636363636363636
5.835771565993088,4.6869565217391305
0.44706473968596216,0.5607064017660044
0.4697807547160049,0.6896551724137931
0.23259081097428527,0.375
3.203570086693599,3.150093808630394
0.9222504973691323,0.9527689388698934
3.1276599684221704,4.733333333333333
4.63458250577306,5.144366197183099
2.0325847187313038,2.9867109634551494
5.346014659605754,5.3500908540278616
2.223912289834768,2.0444444444444443
4.31825142277691,4.837714285714286
5.471549624350287,5.944055944055944
2.8678239409272193,3.1574074074074074
4.9956592024663635,3.8782894736842106
1.7211944717917733,1.3333333333333333
1.1660788061794816,1.149331352154532
4.076487791822766,3.451316311681439
4.530339714375704,4.535757575757576
21.069932213410752,30.501295336787564
3.3368177607362943,2.0179787234042554
14.652830771069324,16.005555555555556
0.8743115206741183,1.043884004318988
2.251043541510292,2.1635802469135803
20.58196459344923,16.321458863443596
12.034917779191437,12.130434782608695
14.690986868924748,13.30976430976431
3.6286554739761128,6.0
2.169754010949603,2.1953125
19.027562058929885,21.32558139534884
3.063166884365221,3.0625
2.150662487458084,2.5544554455445545
3.5503141521115014,5.470370370370371
0.3233621205676677,0.3612493564441393
2.030199563321985,2.1941747572815533
5.139847294366604,6.357396449704142
6.857437425736163,6.901986754966887
0.4865176792764212,0.5414847161572053
0.45575884941755523,0.4323559087389423
5.8954574430580315,11.25
0.4035593690724401,0.4417974322396576
3.639329735778656,3.9657142857142857
7.0679732212841735,19.375
7.78640887550335,7.468267581475128
3.473143848467278,5.127659574468085
4.556754878946064,5.0
2.6936165725058934,3.698224852071006
4.31520363224091,5.7938311688311686
3.562470265168238,2.8666666666666667
4.127476630635141,4.735802469135803
2.294472452574656,1.4594594594594594
6.533736872275785,10.75
2.3542578178282625,0.6805555555555556
2.2807663491927155,2.1923076923076925
2.7248119517135954,2.2491803278688525
2.124394930840982,1.5640495867768596
3.7936773327205673,4.215384615384616
4.814504776788204,5.893858984078848
3.3249529421157966,3.303470031545741
3.5114324713600693,4.088042049934297
2.5312686314633694,2.150326797385621
0.32968307662220514,0.5
0.7770266770896757,0.7639633953928684
3.1159132973056956,2.5953757225433525
16.120531489240914,17.953125
0.26396818851530823,0.3157894736842105
18.946651839978372,15.428571428571429
0.3343095495902729,0.3365726799890501
0.365736572050744,0.5192307692307693
2.7313375090357153,2.259183673469388
0.8038071974649281,1.1044982664388558
7.423757920135891,7.666666666666667
1.940518033410914,2.103671706263499
1.9574030493937582,1.927672955974843
4.745016256500406,4.139995760915642
2.0073564658121006,1.7976878612716762
3.492787893626071,5.355172413793103
3.6356133619690443,3.2045454545454546
2.1116654541216917,1.7058823529411764
20.807614338710316,23.36764705882353
2.942674024649244,2.8
0.7289858080698766,0.7081911262798635
2.857279263712283,2.066666666666667
1.2881681209250084,1.5005947566255888
5.098747578015647,6.230440967283073
9.831658472127346,8.34733053389322
6.846571038377102,13.33
10.840913311797074,7.833333333333333
0.9298769845526123,1.0886544475673965
2.196162539675071,1.7873303167420815
11.85922548826211,17.614525139664803
1.167051852921626,0.7560975609756098
3.4924863485698845,1.027027027027027
1.7838147929159724,1.38
4.989631594754285,16.516483516483518
1.8848092933632534,2.1341463414634148
2.167040891289046,2.056603773584906
3.9025784723743513,3.3674698795180724
0.6363878776470213,1.0
1.9136834199884194,2.720812182741117
5.9162749300651045,8.277675276752767
9.641806570287363,9.822934232715008
0.3414864364371775,0.4057187017001545
4.007543336818472,3.1075
2.219149425539243,1.0
5.352123945689208,5.996923076923077
5.601206737591318,5.197278911564626
3.312098841236873,2.333333333333333
4.296481719023835,3.2814814814814817
2.531658253708605,2.586407766990291
4.7399997690720905,5.102564102564102
2.9596670546128583,3.02247191011236
4.994733513441275,7.545253863134658
6.88579333475717,13.0
2.849468074995105,2.4836065573770494
3.5341616579375854,2.75
2.97204736542174,2.055555555555556
4.162252909122418,5.173151750972763
0.9992181192967688,1.2710280373831775
3.0261974592458305,2.769470404984424
3.6904747838210374,5.659574468085107
0.7559372136931497,0.7273383893102203
4.012131050287417,3.662921348314607
9.967110743540019,7.129411764705883
18.633726879756704,29.14018691588785
0.3980429540940796,0.4280575539568345
5.708860283837795,8.634567901234568
0.7394144842434689,1.0448518785217562
4.831287000983183,4.82306477093207
2.3578515611419553,2.991718426501035
1.8186697702850227,1.4689165186500888
4.059017614129265,4.790499390986602
2.442690334197308,3.061224489795918
3.759929823170899,4.211382113821138
3.4622030194618896,3.3877551020408165
1.7255026754672032,1.9375
2.3252496874593263,0.4218512898330804
1.5292747281122616,0.5
0.8511306768219202,0.7406779661016949
2.3709929672956767,1.827586206896552
1.3274791559900354,1.2254706273727056
3.2213829549152884,2.722772277227723
3.5173271544605447,3.347679892400807
9.216165329616691,15.895555555555555
7.882979804990441,11.018181818181818
0.9408481945770566,1.072493239706909
1.454884515711186,1.3037249283667622
11.941704605069985,13.75
2.5419759259362755,2.121212121212121
4.545279917930112,3.6546762589928057
5.7311710367874955,21.0
5.677345320389331,0.6458238247375627
1.276082413550712,1.2421052631578948
1.738332190861135,1.860635696821516
1.7077930259330452,1.6071428571428572
2.9274974232801725,1.6347826086956525
0.3872490295457437,0.6470588235294118
1.4110419463097998,1.4444444444444444
7.438094281682552,6.165739710789766
0.4671155147098678,0.5794334975369458
9.241309339903033,12.0
0.3080881933406171,0.5238095238095238
1.8303625488776354,1.4705882352941178
4.3590841946014365,3.9076023391812864
1.9277885793872969,1.327659574468085
2.220598356042007,1.5769230769230769
6.034381463681878,4.401869158878505
1.664496473213779,3.110823630875377
2.869584251691172,3.1614906832298137
1.8249613091147334,1.4022988505747127
3.0567136714247534,0.8116343490304709
0.14400435741018855,0.0209790209790209
2.0189061256128795,1.3058823529411765
3.479904257750066,3.047058823529412
1.7206923964380452,1.0766129032258065
4.230850223458657,3.3377982419422354
1.4743215266347347,1.3617021276595744
2.3621507207336907,3.246006389776358
1.5350325738728112,1.2784810126582278
0.2862154845562841,0.3333333333333333
0.8920196248115184,0.75
3.385598781695024,3.8
0.230651714827605,0.2222222222222222
2.389059043092094,0.8178294573643411
0.3893167631551944,0.2857142857142857
0.48949239677554934,0.5114503816793893
3.757657452879224,2.3214750542299347
0.926847155577428,1.0596983399773905
3.789072009108014,3.288100208768267
1.465896335338805,1.3108695652173914
1.2157970303927463,1.106060606060606
2.3300617873415135,2.5
1.5630286656506458,1.7366071428571428
1.8681705921452365,1.983783783783784
2.4804697299719125,2.108433734939759
1.944918836693165,1.5
3.1413503083602095,3.385281385281385
1.1815543889005578,1.1358364622444723
3.0689311305904674,2.931554977228367
1.6334159605002272,1.7493186196399269
4.179958464041488,4.18977202711029
10.207909519331578,8.319419237749546
27.895561846971617,31.35498742665549
13.86725204516382,13.52051282051282
0.8854068603131207,0.8667341430499326
2.0870448170665394,1.8832997987927564
18.45165114491142,17.352331606217618
2.1364112515414715,0.9691119691119692
11.263189457571338,12.6497461928934
1.985743601154502,2.026666666666667
1.381719354907534,1.348088531187123
12.904759726215582,17.727941176470587
1.327394196539513,1.4694835680751173
2.1409449601500095,2.126470588235294
3.345019420956442,2.9157549234135667
0.28365289549248235,0.3000868809730669
2.2452164265951584,2.77989417989418
5.9022785960979425,6.349615806805708
9.585390058538922,10.192307692307692
0.36333059079391583,0.4626555098065258
0.45964332579190104,0.5058479532163743
2.495866611370198,2.38
0.21036765228980406,0.2750368188512518
2.4923786482699497,2.2394160583941605
5.274833623573829,5.0344827586206895
9.148426789795234,7.752962865420068
2.8718482320151133,3.661504424778761
2.683605575315738,3.08445945945946
3.3919191264448907,3.4130434782608696
3.1119069915246325,3.082808280828083
1.826404090410846,2.149484536082474
7.4655486495679,6.3875
4.574977838495088,5.153846153846154
1.8892474248422055,1.739454094292804
5.806620196232838,7.102879057358826
2.0748491974358023,1.9885764499121263
3.3490695352790256,3.313725490196078
3.8859146135395584,4.658940397350993
1.348120918341912,1.3308089500860585
2.786924526294677,2.08557457212714
2.4813019366736375,2.4747998115873764
0.24753080234659605,0.3
0.536215096310239,0.5523255813953488
3.974340946962516,2.617794486215539
13.994356634702251,19.58620689655172
0.4185879807940737,0.5
13.216502705885553,12.264516129032256
0.30701495772867116,0.2970583752476756
0.47294063975548906,0.3333333333333333
2.1472562832533213,1.815050344462109
0.7009492853092418,0.8334115890730909
5.013510171838348,5.228260869565218
1.9025087036600064,1.9279835390946505
2.1948448640947547,2.333333333333333
4.560648173941248,4.209985274914566
2.766343297240884,2.617523609653725
3.491040757600124,5.834635416666667
2.754414952748022,4.026548672566372
1.4172379624110278,0.6608542633178691
3.2656690886063933,3.4166666666666665
1.2316981556013658,1.507652516626981
3.201461535678291,2.9917275430947363
1.3972483878101198,1.5761069155472105
3.8002494215615013,3.676691729323308
6.750865054661106,6.931562574778655
9.097022099076096,9.317444219066935
13.040612827150156,13.181818181818182
0.8514931128460497,1.0787597304899588
1.5561025660818726,1.5319148936170213
17.2807196539443,13.535578791524012
12.640454416343518,14.208791208791208
8.105319492120152,6.75
4.122474579678357,4.875
1.811891822335022,1.469387755102041
13.656813202850419,11.76271186440678
1.934341624164278,1.0
1.5843764984405309,1.4156626506024097
2.331605623742802,3.0220125786163523
2.144800154917694,3.188925081433225
1.9979892816110891,2.0906630581867387
4.584545402379961,5.112774451097804
7.147995666710617,7.804532577903683
0.27117003363779385,0.2522522522522522
0.4009848300887562,0.4168133206985244
0.31903511941095647,0.3922413793103448
2.3255958499330247,3.7066666666666666
6.457852331544766,8.4
6.296196135899357,5.04306632213609
0.24060667059946342,0.2661224489795918
5.175178504801465,9.666666666666666
2.762832849685065,2.042168674698796
3.9593366200951117,3.609375
3.7862896841530453,2.925
2.3298218885379542,2.093851132686084
6.342601062334042,11.065217391304348
0.40515995364307505,0.0888888888888888
1.5908124224085762,1.395505617977528
2.500118515135838,2.117647058823529
2.4581170044461427,2.593844262137601
1.6637661862770847,1.9083333333333328
3.047100844954091,4.296296296296297
2.8401593319852023,2.269751693002257
1.7222011254626808,1.950819672131148
2.266514230122148,2.3434959349593494
2.059845710823553,1.9921875
0.3910442984260121,0.28125
0.5825317391904765,0.6172839506172839
2.23476620450421,2.289473684210526
3.8053404901767047,2.0
0.4138552943374608,0.3040935672514619
6.8938112697881575,4.79047619047619
0.3279359616673072,0.3212951432129514
0.3493967085051853,0.4390243902439024
0.29748208353306477,0.35
2.251878900555703,2.3218085106382977
0.8691563597318497,1.0836957464471124
14.69737801068709,19.0
4.180315952448637,3.7931456548347615
1.7096365124729735,1.7065727699530515
1.6576436141688196,1.6578947368421053
5.396584992471844,5.410018686215323
1.4014487394349229,1.4759358288770053
1.8466669432877363,1.818897637795276
2.6658975375547955,3.0684491978609625
1.6539011676624633,1.1896551724137931
7.498285161154101,7.575342465753424
2.7004322412209634,3.0
