domaincat_desc,prodn_practice_desc,agg_level_desc,class_desc,location_desc,asd_code,group_desc,freq_desc,Value,unit_desc,county_code,begin_code,zip_5,statisticcat_desc,week_ending,source_desc,state_fips_code,commodity_desc,country_name,watershed_desc,short_desc,CV (%),country_code,congr_district_code,watershed_code,state_alpha,county_ansi,year,load_time,util_practice_desc,state_ansi,reference_period_desc,asd_desc,domain_desc,sector_desc,state_name,end_code,region_desc,county_name
"PRACTICE, AVOIDANCE: (CROP OR PLANT VARIETY CHOSEN FOR SPECIFIC PEST RESISTANCE)",ALL PRODUCTION PRACTICES,STATE,ALL CLASSES,IOWA,,FIELD CROPS,ANNUAL,59,PCT OF AREA PLANTED,,00,,PEST MGMT,,SURVEY,19,CORN,UNITED STATES,,"CORN - PEST MGMT, MEASURED IN PCT OF AREA PLANTED",,9000,,00000000,IA,,2021,2021-05-13 15:00:30.000,ALL UTILIZATION PRACTICES,19,YEAR,,"PRACTICE, AVOIDANCE",ENVIRONMENTAL,IOWA,00,,
"PRACTICE, AVOIDANCE: (CROP OR PLANT VARIETY CHOSEN FOR SPECIFIC PEST RESISTANCE)",ALL PRODUCTION PRACTICES,STATE,ALL CLASSES,IOWA,,FIELD CROPS,ANNUAL,69,PCT OF AREA PLANTED,,00,,PEST MGMT,,SURVEY,19,CORN,UNITED STATES,,"CORN - PEST MGMT, MEASURED IN PCT OF AREA PLANTED",,9000,,00000000,IA,,2018,2018-05-10 15:16:25.000,ALL UTILIZATION PRACTICES,19,YEAR,,"PRACTICE, AVOIDANCE",ENVIRONMENTAL,IOWA,00,,
"PRACTICE, AVOIDANCE: (CROP OR PLANT VARIETY CHOSEN FOR SPECIFIC PEST RESISTANCE)",ALL PRODUCTION PRACTICES,STATE,ALL CLASSES,IOWA,,FIELD CROPS,ANNUAL,71,PCT OF AREA PLANTED,,00,,PEST MGMT,,SURVEY,19,CORN,UNITED STATES,,"CORN - PEST MGMT, MEASURED IN PCT OF AREA PLANTED",,9000,,00000000,IA,,2016,2016-08-31 14:19:39.000,ALL UTILIZATION PRACTICES,19,YEAR,,"PRACTICE, AVOIDANCE",ENVIRONMENTAL,IOWA,00,,
"PRACTICE, AVOIDANCE: (CROP OR PLANT VARIETY CHOSEN FOR SPECIFIC PEST RESISTANCE)",ALL PRODUCTION PRACTICES,STATE,ALL CLASSES,IOWA,,FIELD CROPS,ANNUAL,61,PCT OF AREA PLANTED,,00,,PEST MGMT,,SURVEY,19,CORN,UNITED STATES,,"CORN - PEST MGMT, MEASURED IN PCT OF AREA PLANTED",,9000,,00000000,IA,,2014,2014-05-14 15:12:54.000,ALL UTILIZATION PRACTICES,19,YEAR,,"PRACTICE, AVOIDANCE",ENVIRONMENTAL,IOWA,00,,
"PRACTICE, AVOIDANCE: (CROP OR PLANT VARIETY CHOSEN FOR SPECIFIC PEST RESISTANCE)",ALL PRODUCTION PRACTICES,STATE,ALL CLASSES,IOWA,,FIELD CROPS,ANNUAL,68,PCT OF AREA PLANTED,,00,,PEST MGMT,,SURVEY,19,CORN,UNITED STATES,,"CORN - PEST MGMT, MEASURED IN PCT OF AREA PLANTED",,9000,,00000000,IA,,2010,2012-01-01 00:00:00.000,ALL UTILIZATION PRACTICES,19,YEAR,,"PRACTICE, AVOIDANCE",ENVIRONMENTAL,IOWA,00,,
"PRACTICE, AVOIDANCE: (PLANTING LOCATIONS PLANNED TO AVOID CROSS INFESTATION OF PESTS)",ALL PRODUCTION PRACTICES,STATE,ALL CLASSES,IOWA,,FIELD CROPS,ANNUAL,8,PCT OF AREA PLANTED,,00,,PEST MGMT,,SURVEY,19,CORN,UNITED STATES,,"CORN - PEST MGMT, MEASURED IN PCT OF AREA PLANTED",,9000,,00000000,IA,,2021,2021-05-13 15:00:30.000,ALL UTILIZATION PRACTICES,19,YEAR,,"PRACTICE, AVOIDANCE",ENVIRONMENTAL,IOWA,00,,
"PRACTICE, AVOIDANCE: (PLANTING LOCATIONS PLANNED TO AVOID CROSS INFESTATION OF PESTS)",ALL PRODUCTION PRACTICES,STATE,ALL CLASSES,IOWA,,FIELD CROPS,ANNUAL,17,PCT OF AREA PLANTED,,00,,PEST MGMT,,SURVEY,19,CORN,UNITED STATES,,"CORN - PEST MGMT, MEASURED IN PCT OF AREA PLANTED",,9000,,00000000,IA,,2018,2018-05-10 15:16:25.000,ALL UTILIZATION PRACTICES,19,YEAR,,"PRACTICE, AVOIDANCE",ENVIRONMENTAL,IOWA,00,,
"PRACTICE, AVOIDANCE: (PLANTING LOCATIONS PLANNED TO AVOID CROSS INFESTATION OF PESTS)",ALL PRODUCTION PRACTICES,STATE,ALL CLASSES,IOWA,,FIELD CROPS,ANNUAL,10,PCT OF AREA PLANTED,,00,,PEST MGMT,,SURVEY,19,CORN,UNITED STATES,,"CORN - PEST MGMT, MEASURED IN PCT OF AREA PLANTED",,9000,,00000000,IA,,2016,2016-08-31 14:19:39.000,ALL UTILIZATION PRACTICES,19,YEAR,,"PRACTICE, AVOIDANCE",ENVIRONMENTAL,IOWA,00,,
"PRACTICE, AVOIDANCE: (PLANTING LOCATIONS PLANNED TO AVOID CROSS INFESTATION OF PESTS)",ALL PRODUCTION PRACTICES,STATE,ALL CLASSES,IOWA,,FIELD CROPS,ANNUAL,20,PCT OF AREA PLANTED,,00,,PEST MGMT,,SURVEY,19,CORN,UNITED STATES,,"CORN - PEST MGMT, MEASURED IN PCT OF AREA PLANTED",,9000,,00000000,IA,,2014,2014-05-14 15:12:54.000,ALL UTILIZATION PRACTICES,19,YEAR,,"PRACTICE, AVOIDANCE",ENVIRONMENTAL,IOWA,00,,
"PRACTICE, AVOIDANCE: (PLANTING LOCATIONS PLANNED TO AVOID CROSS INFESTATION OF PESTS)",ALL PRODUCTION PRACTICES,STATE,ALL CLASSES,IOWA,,FIELD CROPS,ANNUAL,14,PCT OF AREA PLANTED,,00,,PEST MGMT,,SURVEY,19,CORN,UNITED STATES,,"CORN - PEST MGMT, MEASURED IN PCT OF AREA PLANTED",,9000,,00000000,IA,,2010,2012-01-01 00:00:00.000,ALL UTILIZATION PRACTICES,19,YEAR,,"PRACTICE, AVOIDANCE",ENVIRONMENTAL,IOWA,00,,
"PRACTICE, AVOIDANCE: (PLANTING OR HARVESTING DATES ADJUSTED)",ALL PRODUCTION PRACTICES,STATE,ALL CLASSES,IOWA,,FIELD CROPS,ANNUAL,6,PCT OF AREA PLANTED,,00,,PEST MGMT,,SURVEY,19,CORN,UNITED STATES,,"CORN - PEST MGMT, MEASURED IN PCT OF AREA PLANTED",,9000,,00000000,IA,,2021,2021-05-13 15:00:30.000,ALL UTILIZATION PRACTICES,19,YEAR,,"PRACTICE, AVOIDANCE",ENVIRONMENTAL,IOWA,00,,
"PRACTICE, AVOIDANCE: (PLANTING OR HARVESTING DATES ADJUSTED)",ALL PRODUCTION PRACTICES,STATE,ALL CLASSES,IOWA,,FIELD CROPS,ANNUAL,24,PCT OF AREA PLANTED,,00,,PEST MGMT,,SURVEY,19,CORN,UNITED STATES,,"CORN - PEST MGMT, MEASURED IN PCT OF AREA PLANTED",,9000,,00000000,IA,,2018,2018-05-10 15:16:25.000,ALL UTILIZATION PRACTICES,19,YEAR,,"PRACTICE, AVOIDANCE",ENVIRONMENTAL,IOWA,00,,
"PRACTICE, AVOIDANCE: (PLANTING OR HARVESTING DATES ADJUSTED)",ALL PRODUCTION PRACTICES,STATE,ALL CLASSES,IOWA,,FIELD CROPS,ANNUAL,15,PCT OF AREA PLANTED,,00,,PEST MGMT,,SURVEY,19,CORN,UNITED STATES,,"CORN - PEST MGMT, MEASURED IN PCT OF AREA PLANTED",,9000,,00000000,IA,,2016,2016-08-31 14:19:39.000,ALL UTILIZATION PRACTICES,19,YEAR,,"PRACTICE, AVOIDANCE",ENVIRONMENTAL,IOWA,00,,
"PRACTICE, AVOIDANCE: (PLANTING OR HARVESTING DATES ADJUSTED)",ALL PRODUCTION PRACTICES,STATE,ALL CLASSES,IOWA,,FIELD CROPS,ANNUAL,16,PCT OF AREA PLANTED,,00,,PEST MGMT,,SURVEY,19,CORN,UNITED STATES,,"CORN - PEST MGMT, MEASURED IN PCT OF AREA PLANTED",,9000,,00000000,IA,,2014,2014-05-14 15:12:54.000,ALL UTILIZATION PRACTICES,19,YEAR,,"PRACTICE, AVOIDANCE",ENVIRONMENTAL,IOWA,00,,
"PRACTICE, AVOIDANCE: (PLANTING OR HARVESTING DATES ADJUSTED)",ALL PRODUCTION PRACTICES,STATE,ALL CLASSES,IOWA,,FIELD CROPS,ANNUAL,15,PCT OF AREA PLANTED,,00,,PEST MGMT,,SURVEY,19,CORN,UNITED STATES,,"CORN - PEST MGMT, MEASURED IN PCT OF AREA PLANTED",,9000,,00000000,IA,,2010,2012-01-01 00:00:00.000,ALL UTILIZATION PRACTICES,19,YEAR,,"PRACTICE, AVOIDANCE",ENVIRONMENTAL,IOWA,00,,
"PRACTICE, AVOIDANCE: (ROTATED CROPS DURING PAST 3 YEARS)",ALL PRODUCTION PRACTICES,STATE,ALL CLASSES,IOWA,,FIELD CROPS,ANNUAL,72,PCT OF AREA PLANTED,,00,,PEST MGMT,,SURVEY,19,CORN,UNITED STATES,,"CORN - PEST MGMT, MEASURED IN PCT OF AREA PLANTED",,9000,,00000000,IA,,2021,2021-05-13 15:00:30.000,ALL UTILIZATION PRACTICES,19,YEAR,,"PRACTICE, AVOIDANCE",ENVIRONMENTAL,IOWA,00,,
"PRACTICE, AVOIDANCE: (ROTATED CROPS DURING PAST 3 YEARS)",ALL PRODUCTION PRACTICES,STATE,ALL CLASSES,IOWA,,FIELD CROPS,ANNUAL,86,PCT OF AREA PLANTED,,00,,PEST MGMT,,SURVEY,19,CORN,UNITED STATES,,"CORN - PEST MGMT, MEASURED IN PCT OF AREA PLANTED",,9000,,00000000,IA,,2018,2018-05-10 15:16:25.000,ALL UTILIZATION PRACTICES,19,YEAR,,"PRACTICE, AVOIDANCE",ENVIRONMENTAL,IOWA,00,,
"PRACTICE, AVOIDANCE: (ROTATED CROPS DURING PAST 3 YEARS)",ALL PRODUCTION PRACTICES,STATE,ALL CLASSES,IOWA,,FIELD CROPS,ANNUAL,82,PCT OF AREA PLANTED,,00,,PEST MGMT,,SURVEY,19,CORN,UNITED STATES,,"CORN - PEST MGMT, MEASURED IN PCT OF AREA PLANTED",,9000,,00000000,IA,,2016,2016-08-31 14:19:39.000,ALL UTILIZATION PRACTICES,19,YEAR,,"PRACTICE, AVOIDANCE",ENVIRONMENTAL,IOWA,00,,
"PRACTICE, AVOIDANCE: (ROTATED CROPS DURING PAST 3 YEARS)",ALL PRODUCTION PRACTICES,STATE,ALL CLASSES,IOWA,,FIELD CROPS,ANNUAL,79,PCT OF AREA PLANTED,,00,,PEST MGMT,,SURVEY,19,CORN,UNITED STATES,,"CORN - PEST MGMT, MEASURED IN PCT OF AREA PLANTED",,9000,,00000000,IA,,2014,2014-05-14 15:12:54.000,ALL UTILIZATION PRACTICES,19,YEAR,,"PRACTICE, AVOIDANCE",ENVIRONMENTAL,IOWA,00,,
"PRACTICE, AVOIDANCE: (ROTATED CROPS DURING PAST 3 YEARS)",ALL PRODUCTION PRACTICES,STATE,ALL CLASSES,IOWA,,FIELD CROPS,ANNUAL,72,PCT OF AREA PLANTED,,00,,PEST MGMT,,SURVEY,19,CORN,UNITED STATES,,"CORN - PEST MGMT, MEASURED IN PCT OF AREA PLANTED",,9000,,00000000,IA,,2010,2012-01-01 00:00:00.000,ALL UTILIZATION PRACTICES,19,YEAR,,"PRACTICE, AVOIDANCE",ENVIRONMENTAL,IOWA,00,,
"PRACTICE, AVOIDANCE: (ROW SPACING, PLANT DENSITY, OR ROW DIRECTIONS ADJUSTED)",ALL PRODUCTION PRACTICES,STATE,ALL CLASSES,IOWA,,FIELD CROPS,ANNUAL,5,PCT OF AREA PLANTED,,00,,PEST MGMT,,SURVEY,19,CORN,UNITED STATES,,"CORN - PEST MGMT, MEASURED IN PCT OF AREA PLANTED",,9000,,00000000,IA,,2021,2021-05-13 15:00:30.000,ALL UTILIZATION PRACTICES,19,YEAR,,"PRACTICE, AVOIDANCE",ENVIRONMENTAL,IOWA,00,,
"PRACTICE, AVOIDANCE: (ROW SPACING, PLANT DENSITY, OR ROW DIRECTIONS ADJUSTED)",ALL PRODUCTION PRACTICES,STATE,ALL CLASSES,IOWA,,FIELD CROPS,ANNUAL,24,PCT OF AREA PLANTED,,00,,PEST MGMT,,SURVEY,19,CORN,UNITED STATES,,"CORN - PEST MGMT, MEASURED IN PCT OF AREA PLANTED",,9000,,00000000,IA,,2018,2018-05-10 15:16:25.000,ALL UTILIZATION PRACTICES,19,YEAR,,"PRACTICE, AVOIDANCE",ENVIRONMENTAL,IOWA,00,,
"PRACTICE, AVOIDANCE: (ROW SPACING, PLANT DENSITY, OR ROW DIRECTIONS ADJUSTED)",ALL PRODUCTION PRACTICES,STATE,ALL CLASSES,IOWA,,FIELD CROPS,ANNUAL,7,PCT OF AREA PLANTED,,00,,PEST MGMT,,SURVEY,19,CORN,UNITED STATES,,"CORN - PEST MGMT, MEASURED IN PCT OF AREA PLANTED",,9000,,00000000,IA,,2016,2016-08-31 14:19:39.000,ALL UTILIZATION PRACTICES,19,YEAR,,"PRACTICE, AVOIDANCE",ENVIRONMENTAL,IOWA,00,,
"PRACTICE, AVOIDANCE: (ROW SPACING, PLANT DENSITY, OR ROW DIRECTIONS ADJUSTED)",ALL PRODUCTION PRACTICES,STATE,ALL CLASSES,IOWA,,FIELD CROPS,ANNUAL,20,PCT OF AREA PLANTED,,00,,PEST MGMT,,SURVEY,19,CORN,UNITED STATES,,"CORN - PEST MGMT, MEASURED IN PCT OF AREA PLANTED",,9000,,00000000,IA,,2014,2014-05-14 15:12:54.000,ALL UTILIZATION PRACTICES,19,YEAR,,"PRACTICE, AVOIDANCE",ENVIRONMENTAL,IOWA,00,,
"PRACTICE, AVOIDANCE: (ROW SPACING, PLANT DENSITY, OR ROW DIRECTIONS ADJUSTED)",ALL PRODUCTION PRACTICES,STATE,ALL CLASSES,IOWA,,FIELD CROPS,ANNUAL,16,PCT OF AREA PLANTED,,00,,PEST MGMT,,SURVEY,19,CORN,UNITED STATES,,"CORN - PEST MGMT, MEASURED IN PCT OF AREA PLANTED",,9000,,00000000,IA,,2010,2012-01-01 00:00:00.000,ALL UTILIZATION PRACTICES,19,YEAR,,"PRACTICE, AVOIDANCE",ENVIRONMENTAL,IOWA,00,,
"PRACTICE, MONITORING: (DIAGNOSTIC LABORATORY SERVICES USED FOR PEST DETECTION VIA SOIL OR PLANT TISSUE ANALYSIS)",ALL PRODUCTION PRACTICES,STATE,ALL CLASSES,IOWA,,FIELD CROPS,ANNUAL,0,PCT OF AREA PLANTED,,00,,PEST MGMT,,SURVEY,19,CORN,UNITED STATES,,"CORN - PEST MGMT, MEASURED IN PCT OF AREA PLANTED",,9000,,00000000,IA,,2021,2021-05-13 15:00:30.000,ALL UTILIZATION PRACTICES,19,YEAR,,"PRACTICE, MONITORING",ENVIRONMENTAL,IOWA,00,,
"PRACTICE, MONITORING: (DIAGNOSTIC LABORATORY SERVICES USED FOR PEST DETECTION VIA SOIL OR PLANT TISSUE ANALYSIS)",ALL PRODUCTION PRACTICES,STATE,ALL CLASSES,IOWA,,FIELD CROPS,ANNUAL,5,PCT OF AREA PLANTED,,00,,PEST MGMT,,SURVEY,19,CORN,UNITED STATES,,"CORN - PEST MGMT, MEASURED IN PCT OF AREA PLANTED",,9000,,00000000,IA,,2018,2018-05-10 15:16:25.000,ALL UTILIZATION PRACTICES,19,YEAR,,"PRACTICE, MONITORING",ENVIRONMENTAL,IOWA,00,,
"PRACTICE, MONITORING: (DIAGNOSTIC LABORATORY SERVICES USED FOR PEST DETECTION VIA SOIL OR PLANT TISSUE ANALYSIS)",ALL PRODUCTION PRACTICES,STATE,ALL CLASSES,IOWA,,FIELD CROPS,ANNUAL,7,PCT OF AREA PLANTED,,00,,PEST MGMT,,SURVEY,19,CORN,UNITED STATES,,"CORN - PEST MGMT, MEASURED IN PCT OF AREA PLANTED",,9000,,00000000,IA,,2016,2016-08-31 14:19:39.000,ALL UTILIZATION PRACTICES,19,YEAR,,"PRACTICE, MONITORING",ENVIRONMENTAL,IOWA,00,,
"PRACTICE, MONITORING: (DIAGNOSTIC LABORATORY SERVICES USED FOR PEST DETECTION VIA SOIL OR PLANT TISSUE ANALYSIS)",ALL PRODUCTION PRACTICES,STATE,ALL CLASSES,IOWA,,FIELD CROPS,ANNUAL,10,PCT OF AREA PLANTED,,00,,PEST MGMT,,SURVEY,19,CORN,UNITED STATES,,"CORN - PEST MGMT, MEASURED IN PCT OF AREA PLANTED",,9000,,00000000,IA,,2014,2014-05-14 15:12:54.000,ALL UTILIZATION PRACTICES,19,YEAR,,"PRACTICE, MONITORING",ENVIRONMENTAL,IOWA,00,,
"PRACTICE, MONITORING: (DIAGNOSTIC LABORATORY SERVICES USED FOR PEST DETECTION VIA SOIL OR PLANT TISSUE ANALYSIS)",ALL PRODUCTION PRACTICES,STATE,ALL CLASSES,IOWA,,FIELD CROPS,ANNUAL,5,PCT OF AREA PLANTED,,00,,PEST MGMT,,SURVEY,19,CORN,UNITED STATES,,"CORN - PEST MGMT, MEASURED IN PCT OF AREA PLANTED",,9000,,00000000,IA,,2010,2012-01-01 00:00:00.000,ALL UTILIZATION PRACTICES,19,YEAR,,"PRACTICE, MONITORING",ENVIRONMENTAL,IOWA,00,,
"PRACTICE, MONITORING: (FIELD MAPPING DATA USED TO ASSIST DECISIONS)",ALL PRODUCTION PRACTICES,STATE,ALL CLASSES,IOWA,,FIELD CROPS,ANNUAL,18,PCT OF AREA PLANTED,,00,,PEST MGMT,,SURVEY,19,CORN,UNITED STATES,,"CORN - PEST MGMT, MEASURED IN PCT OF AREA PLANTED",,9000,,00000000,IA,,2021,2021-05-13 15:00:30.000,ALL UTILIZATION PRACTICES,19,YEAR,,"PRACTICE, MONITORING",ENVIRONMENTAL,IOWA,00,,
"PRACTICE, MONITORING: (FIELD MAPPING DATA USED TO ASSIST DECISIONS)",ALL PRODUCTION PRACTICES,STATE,ALL CLASSES,IOWA,,FIELD CROPS,ANNUAL,17,PCT OF AREA PLANTED,,00,,PEST MGMT,,SURVEY,19,CORN,UNITED STATES,,"CORN - PEST MGMT, MEASURED IN PCT OF AREA PLANTED",,9000,,00000000,IA,,2018,2018-05-10 15:16:25.000,ALL UTILIZATION PRACTICES,19,YEAR,,"PRACTICE, MONITORING",ENVIRONMENTAL,IOWA,00,,
"PRACTICE, MONITORING: (FIELD MAPPING DATA USED TO ASSIST DECISIONS)",ALL PRODUCTION PRACTICES,STATE,ALL CLASSES,IOWA,,FIELD CROPS,ANNUAL,12,PCT OF AREA PLANTED,,00,,PEST MGMT,,SURVEY,19,CORN,UNITED STATES,,"CORN - PEST MGMT, MEASURED IN PCT OF AREA PLANTED",,9000,,00000000,IA,,2016,2016-08-31 14:19:39.000,ALL UTILIZATION PRACTICES,19,YEAR,,"PRACTICE, MONITORING",ENVIRONMENTAL,IOWA,00,,
"PRACTICE, MONITORING: (FIELD MAPPING DATA USED TO ASSIST DECISIONS)",ALL PRODUCTION PRACTICES,STATE,ALL CLASSES,IOWA,,FIELD CROPS,ANNUAL,24,PCT OF AREA PLANTED,,00,,PEST MGMT,,SURVEY,19,CORN,UNITED STATES,,"CORN - PEST MGMT, MEASURED IN PCT OF AREA PLANTED",,9000,,00000000,IA,,2014,2014-05-14 15:12:54.000,ALL UTILIZATION PRACTICES,19,YEAR,,"PRACTICE, MONITORING",ENVIRONMENTAL,IOWA,00,,
"PRACTICE, MONITORING: (FIELD MAPPING DATA USED TO ASSIST DECISIONS)",ALL PRODUCTION PRACTICES,STATE,ALL CLASSES,IOWA,,FIELD CROPS,ANNUAL,13,PCT OF AREA PLANTED,,00,,PEST MGMT,,SURVEY,19,CORN,UNITED STATES,,"CORN - PEST MGMT, MEASURED IN PCT OF AREA PLANTED",,9000,,00000000,IA,,2010,2012-01-01 00:00:00.000,ALL UTILIZATION PRACTICES,19,YEAR,,"PRACTICE, MONITORING",ENVIRONMENTAL,IOWA,00,,
"PRACTICE, MONITORING: (SCOUTED - ESTABLISHED PROCESS USED)",ALL PRODUCTION PRACTICES,STATE,ALL CLASSES,IOWA,,FIELD CROPS,ANNUAL,18,PCT OF AREA PLANTED,,00,,PEST MGMT,,SURVEY,19,CORN,UNITED STATES,,"CORN - PEST MGMT, MEASURED IN PCT OF AREA PLANTED",,9000,,00000000,IA,,2021,2021-05-13 15:00:30.000,ALL UTILIZATION PRACTICES,19,YEAR,,"PRACTICE, MONITORING",ENVIRONMENTAL,IOWA,00,,
"PRACTICE, MONITORING: (SCOUTED - ESTABLISHED PROCESS USED)",ALL PRODUCTION PRACTICES,STATE,ALL CLASSES,IOWA,,FIELD CROPS,ANNUAL,11,PCT OF AREA PLANTED,,00,,PEST MGMT,,SURVEY,19,CORN,UNITED STATES,,"CORN - PEST MGMT, MEASURED IN PCT OF AREA PLANTED",,9000,,00000000,IA,,2018,2018-05-10 15:16:25.000,ALL UTILIZATION PRACTICES,19,YEAR,,"PRACTICE, MONITORING",ENVIRONMENTAL,IOWA,00,,
"PRACTICE, MONITORING: (SCOUTED - ESTABLISHED PROCESS USED)",ALL PRODUCTION PRACTICES,STATE,ALL CLASSES,IOWA,,FIELD CROPS,ANNUAL,20,PCT OF AREA PLANTED,,00,,PEST MGMT,,SURVEY,19,CORN,UNITED STATES,,"CORN - PEST MGMT, MEASURED IN PCT OF AREA PLANTED",,9000,,00000000,IA,,2016,2016-08-31 14:19:39.000,ALL UTILIZATION PRACTICES,19,YEAR,,"PRACTICE, MONITORING",ENVIRONMENTAL,IOWA,00,,
"PRACTICE, MONITORING: (SCOUTED - ESTABLISHED PROCESS USED)",ALL PRODUCTION PRACTICES,STATE,ALL CLASSES,IOWA,,FIELD CROPS,ANNUAL,29,PCT OF AREA PLANTED,,00,,PEST MGMT,,SURVEY,19,CORN,UNITED STATES,,"CORN - PEST MGMT, MEASURED IN PCT OF AREA PLANTED",,9000,,00000000,IA,,2014,2014-05-14 15:12:54.000,ALL UTILIZATION PRACTICES,19,YEAR,,"PRACTICE, MONITORING",ENVIRONMENTAL,IOWA,00,,
"PRACTICE, MONITORING: (SCOUTED - ESTABLISHED PROCESS USED)",ALL PRODUCTION PRACTICES,STATE,ALL CLASSES,IOWA,,FIELD CROPS,ANNUAL,14,PCT OF AREA PLANTED,,00,,PEST MGMT,,SURVEY,19,CORN,UNITED STATES,,"CORN - PEST MGMT, MEASURED IN PCT OF AREA PLANTED",,9000,,00000000,IA,,2010,2012-01-01 00:00:00.000,ALL UTILIZATION PRACTICES,19,YEAR,,"PRACTICE, MONITORING",ENVIRONMENTAL,IOWA,00,,
"PRACTICE, MONITORING: (SCOUTED - FOR PESTS DUE TO A PEST ADVISORY WARNING)",ALL PRODUCTION PRACTICES,STATE,ALL CLASSES,IOWA,,FIELD CROPS,ANNUAL,28,PCT OF AREA PLANTED,,00,,PEST MGMT,,SURVEY,19,CORN,UNITED STATES,,"CORN - PEST MGMT, MEASURED IN PCT OF AREA PLANTED",,9000,,00000000,IA,,2021,2021-05-13 15:00:30.000,ALL UTILIZATION PRACTICES,19,YEAR,,"PRACTICE, MONITORING",ENVIRONMENTAL,IOWA,00,,
"PRACTICE, MONITORING: (SCOUTED - FOR PESTS DUE TO A PEST ADVISORY WARNING)",ALL PRODUCTION PRACTICES,STATE,ALL CLASSES,IOWA,,FIELD CROPS,ANNUAL,14,PCT OF AREA PLANTED,,00,,PEST MGMT,,SURVEY,19,CORN,UNITED STATES,,"CORN - PEST MGMT, MEASURED IN PCT OF AREA PLANTED",,9000,,00000000,IA,,2018,2018-05-10 15:16:25.000,ALL UTILIZATION PRACTICES,19,YEAR,,"PRACTICE, MONITORING",ENVIRONMENTAL,IOWA,00,,
"PRACTICE, MONITORING: (SCOUTED - FOR PESTS DUE TO A PEST ADVISORY WARNING)",ALL PRODUCTION PRACTICES,STATE,ALL CLASSES,IOWA,,FIELD CROPS,ANNUAL,12,PCT OF AREA PLANTED,,00,,PEST MGMT,,SURVEY,19,CORN,UNITED STATES,,"CORN - PEST MGMT, MEASURED IN PCT OF AREA PLANTED",,9000,,00000000,IA,,2016,2016-08-31 14:19:39.000,ALL UTILIZATION PRACTICES,19,YEAR,,"PRACTICE, MONITORING",ENVIRONMENTAL,IOWA,00,,
"PRACTICE, MONITORING: (SCOUTED - FOR PESTS DUE TO A PEST ADVISORY WARNING)",ALL PRODUCTION PRACTICES,STATE,ALL CLASSES,IOWA,,FIELD CROPS,ANNUAL,20,PCT OF AREA PLANTED,,00,,PEST MGMT,,SURVEY,19,CORN,UNITED STATES,,"CORN - PEST MGMT, MEASURED IN PCT OF AREA PLANTED",,9000,,00000000,IA,,2014,2014-05-14 15:12:54.000,ALL UTILIZATION PRACTICES,19,YEAR,,"PRACTICE, MONITORING",ENVIRONMENTAL,IOWA,00,,
"PRACTICE, MONITORING: (SCOUTED - FOR PESTS DUE TO A PEST ADVISORY WARNING)",ALL PRODUCTION PRACTICES,STATE,ALL CLASSES,IOWA,,FIELD CROPS,ANNUAL,6,PCT OF AREA PLANTED,,00,,PEST MGMT,,SURVEY,19,CORN,UNITED STATES,,"CORN - PEST MGMT, MEASURED IN PCT OF AREA PLANTED",,9000,,00000000,IA,,2010,2012-01-01 00:00:00.000,ALL UTILIZATION PRACTICES,19,YEAR,,"PRACTICE, MONITORING",ENVIRONMENTAL,IOWA,00,,
"PRACTICE, MONITORING: (SCOUTED - FOR PESTS DUE TO A PEST DEVELOPMENT MODEL)",ALL PRODUCTION PRACTICES,STATE,ALL CLASSES,IOWA,,FIELD CROPS,ANNUAL,3,PCT OF AREA PLANTED,,00,,PEST MGMT,,SURVEY,19,CORN,UNITED STATES,,"CORN - PEST MGMT, MEASURED IN PCT OF AREA PLANTED",,9000,,00000000,IA,,2021,2021-05-13 15:00:30.000,ALL UTILIZATION PRACTICES,19,YEAR,,"PRACTICE, MONITORING",ENVIRONMENTAL,IOWA,00,,
"PRACTICE, MONITORING: (SCOUTED - FOR PESTS DUE TO A PEST DEVELOPMENT MODEL)",ALL PRODUCTION PRACTICES,STATE,ALL CLASSES,IOWA,,FIELD CROPS,ANNUAL,8,PCT OF AREA PLANTED,,00,,PEST MGMT,,SURVEY,19,CORN,UNITED STATES,,"CORN - PEST MGMT, MEASURED IN PCT OF AREA PLANTED",,9000,,00000000,IA,,2018,2018-05-10 15:16:25.000,ALL UTILIZATION PRACTICES,19,YEAR,,"PRACTICE, MONITORING",ENVIRONMENTAL,IOWA,00,,
"PRACTICE, MONITORING: (SCOUTED - FOR PESTS DUE TO A PEST DEVELOPMENT MODEL)",ALL PRODUCTION PRACTICES,STATE,ALL CLASSES,IOWA,,FIELD CROPS,ANNUAL,6,PCT OF AREA PLANTED,,00,,PEST MGMT,,SURVEY,19,CORN,UNITED STATES,,"CORN - PEST MGMT, MEASURED IN PCT OF AREA PLANTED",,9000,,00000000,IA,,2016,2016-08-31 14:19:39.000,ALL UTILIZATION PRACTICES,19,YEAR,,"PRACTICE, MONITORING",ENVIRONMENTAL,IOWA,00,,
"PRACTICE, MONITORING: (SCOUTED - FOR PESTS DUE TO A PEST DEVELOPMENT MODEL)",ALL PRODUCTION PRACTICES,STATE,ALL CLASSES,IOWA,,FIELD CROPS,ANNUAL,17,PCT OF AREA PLANTED,,00,,PEST MGMT,,SURVEY,19,CORN,UNITED STATES,,"CORN - PEST MGMT, MEASURED IN PCT OF AREA PLANTED",,9000,,00000000,IA,,2014,2014-05-14 15:12:54.000,ALL UTILIZATION PRACTICES,19,YEAR,,"PRACTICE, MONITORING",ENVIRONMENTAL,IOWA,00,,
"PRACTICE, MONITORING: (SCOUTED - FOR PESTS DUE TO A PEST DEVELOPMENT MODEL)",ALL PRODUCTION PRACTICES,STATE,ALL CLASSES,IOWA,,FIELD CROPS,ANNUAL,9,PCT OF AREA PLANTED,,00,,PEST MGMT,,SURVEY,19,CORN,UNITED STATES,,"CORN - PEST MGMT, MEASURED IN PCT OF AREA PLANTED",,9000,,00000000,IA,,2010,2012-01-01 00:00:00.000,ALL UTILIZATION PRACTICES,19,YEAR,,"PRACTICE, MONITORING",ENVIRONMENTAL,IOWA,00,,
"PRACTICE, MONITORING: (SCOUTED - FOR PESTS OR BENEFICIAL ORGANISMS - NOT SCOUTED)",ALL PRODUCTION PRACTICES,STATE,ALL CLASSES,IOWA,,FIELD CROPS,ANNUAL,15,PCT OF AREA PLANTED,,00,,PEST MGMT,,SURVEY,19,CORN,UNITED STATES,,"CORN - PEST MGMT, MEASURED IN PCT OF AREA PLANTED",,9000,,00000000,IA,,2021,2021-05-13 15:00:30.000,ALL UTILIZATION PRACTICES,19,YEAR,,"PRACTICE, MONITORING",ENVIRONMENTAL,IOWA,00,,
"PRACTICE, MONITORING: (SCOUTED - FOR PESTS OR BENEFICIAL ORGANISMS - NOT SCOUTED)",ALL PRODUCTION PRACTICES,STATE,ALL CLASSES,IOWA,,FIELD CROPS,ANNUAL,6,PCT OF AREA PLANTED,,00,,PEST MGMT,,SURVEY,19,CORN,UNITED STATES,,"CORN - PEST MGMT, MEASURED IN PCT OF AREA PLANTED",,9000,,00000000,IA,,2018,2018-05-10 15:16:25.000,ALL UTILIZATION PRACTICES,19,YEAR,,"PRACTICE, MONITORING",ENVIRONMENTAL,IOWA,00,,
"PRACTICE, MONITORING: (SCOUTED - FOR PESTS OR BENEFICIAL ORGANISMS - NOT SCOUTED)",ALL PRODUCTION PRACTICES,STATE,ALL CLASSES,IOWA,,FIELD CROPS,ANNUAL,10,PCT OF AREA PLANTED,,00,,PEST MGMT,,SURVEY,19,CORN,UNITED STATES,,"CORN - PEST MGMT, MEASURED IN PCT OF AREA PLANTED",,9000,,00000000,IA,,2016,2016-08-31 14:19:39.000,ALL UTILIZATION PRACTICES,19,YEAR,,"PRACTICE, MONITORING",ENVIRONMENTAL,IOWA,00,,
"PRACTICE, MONITORING: (SCOUTED - FOR PESTS OR BENEFICIAL ORGANISMS - NOT SCOUTED)",ALL PRODUCTION PRACTICES,STATE,ALL CLASSES,IOWA,,FIELD CROPS,ANNUAL,5,PCT OF AREA PLANTED,,00,,PEST MGMT,,SURVEY,19,CORN,UNITED STATES,,"CORN - PEST MGMT, MEASURED IN PCT OF AREA PLANTED",,9000,,00000000,IA,,2014,2014-05-14 15:12:54.000,ALL UTILIZATION PRACTICES,19,YEAR,,"PRACTICE, MONITORING",ENVIRONMENTAL,IOWA,00,,
"PRACTICE, MONITORING: (SCOUTED - FOR PESTS OR BENEFICIAL ORGANISMS - NOT SCOUTED)",ALL PRODUCTION PRACTICES,STATE,ALL CLASSES,IOWA,,FIELD CROPS,ANNUAL,9,PCT OF AREA PLANTED,,00,,PEST MGMT,,SURVEY,19,CORN,UNITED STATES,,"CORN - PEST MGMT, MEASURED IN PCT OF AREA PLANTED",,9000,,00000000,IA,,2010,2012-01-01 00:00:00.000,ALL UTILIZATION PRACTICES,19,YEAR,,"PRACTICE, MONITORING",ENVIRONMENTAL,IOWA,00,,
"PRACTICE, MONITORING: (SCOUTED - FOR PESTS OR BENEFICIAL ORGANISMS BY CONDUCTING GENERAL OBSERVATIONS WHILE PERFORMING ROUTINE TASKS)",ALL PRODUCTION PRACTICES,STATE,ALL CLASSES,IOWA,,FIELD CROPS,ANNUAL,39,PCT OF AREA PLANTED,,00,,PEST MGMT,,SURVEY,19,CORN,UNITED STATES,,"CORN - PEST MGMT, MEASURED IN PCT OF AREA PLANTED",,9000,,00000000,IA,,2021,2021-05-13 15:00:30.000,ALL UTILIZATION PRACTICES,19,YEAR,,"PRACTICE, MONITORING",ENVIRONMENTAL,IOWA,00,,
"PRACTICE, MONITORING: (SCOUTED - FOR PESTS OR BENEFICIAL ORGANISMS BY CONDUCTING GENERAL OBSERVATIONS WHILE PERFORMING ROUTINE TASKS)",ALL PRODUCTION PRACTICES,STATE,ALL CLASSES,IOWA,,FIELD CROPS,ANNUAL,34,PCT OF AREA PLANTED,,00,,PEST MGMT,,SURVEY,19,CORN,UNITED STATES,,"CORN - PEST MGMT, MEASURED IN PCT OF AREA PLANTED",,9000,,00000000,IA,,2018,2018-05-10 15:16:25.000,ALL UTILIZATION PRACTICES,19,YEAR,,"PRACTICE, MONITORING",ENVIRONMENTAL,IOWA,00,,
"PRACTICE, MONITORING: (SCOUTED - FOR PESTS OR BENEFICIAL ORGANISMS BY CONDUCTING GENERAL OBSERVATIONS WHILE PERFORMING ROUTINE TASKS)",ALL PRODUCTION PRACTICES,STATE,ALL CLASSES,IOWA,,FIELD CROPS,ANNUAL,34,PCT OF AREA PLANTED,,00,,PEST MGMT,,SURVEY,19,CORN,UNITED STATES,,"CORN - PEST MGMT, MEASURED IN PCT OF AREA PLANTED",,9000,,00000000,IA,,2016,2016-08-31 14:19:39.000,ALL UTILIZATION PRACTICES,19,YEAR,,"PRACTICE, MONITORING",ENVIRONMENTAL,IOWA,00,,
"PRACTICE, MONITORING: (SCOUTED - FOR PESTS OR BENEFICIAL ORGANISMS BY CONDUCTING GENERAL OBSERVATIONS WHILE PERFORMING ROUTINE TASKS)",ALL PRODUCTION PRACTICES,STATE,ALL CLASSES,IOWA,,FIELD CROPS,ANNUAL,27,PCT OF AREA PLANTED,,00,,PEST MGMT,,SURVEY,19,CORN,UNITED STATES,,"CORN - PEST MGMT, MEASURED IN PCT OF AREA PLANTED",,9000,,00000000,IA,,2014,2014-05-14 15:12:54.000,ALL UTILIZATION PRACTICES,19,YEAR,,"PRACTICE, MONITORING",ENVIRONMENTAL,IOWA,00,,
"PRACTICE, MONITORING: (SCOUTED - FOR PESTS OR BENEFICIAL ORGANISMS BY CONDUCTING GENERAL OBSERVATIONS WHILE PERFORMING ROUTINE TASKS)",ALL PRODUCTION PRACTICES,STATE,ALL CLASSES,IOWA,,FIELD CROPS,ANNUAL,28,PCT OF AREA PLANTED,,00,,PEST MGMT,,SURVEY,19,CORN,UNITED STATES,,"CORN - PEST MGMT, MEASURED IN PCT OF AREA PLANTED",,9000,,00000000,IA,,2010,2012-01-01 00:00:00.000,ALL UTILIZATION PRACTICES,19,YEAR,,"PRACTICE, MONITORING",ENVIRONMENTAL,IOWA,00,,
"PRACTICE, MONITORING: (SCOUTED - FOR PESTS OR BENEFICIAL ORGANISMS BY DELIBERATELY GOING TO THE CROP ACRES OR GROWING AREAS)",ALL PRODUCTION PRACTICES,STATE,ALL CLASSES,IOWA,,FIELD CROPS,ANNUAL,46,PCT OF AREA PLANTED,,00,,PEST MGMT,,SURVEY,19,CORN,UNITED STATES,,"CORN - PEST MGMT, MEASURED IN PCT OF AREA PLANTED",,9000,,00000000,IA,,2021,2021-05-13 15:00:30.000,ALL UTILIZATION PRACTICES,19,YEAR,,"PRACTICE, MONITORING",ENVIRONMENTAL,IOWA,00,,
"PRACTICE, MONITORING: (SCOUTED - FOR PESTS OR BENEFICIAL ORGANISMS BY DELIBERATELY GOING TO THE CROP ACRES OR GROWING AREAS)",ALL PRODUCTION PRACTICES,STATE,ALL CLASSES,IOWA,,FIELD CROPS,ANNUAL,60,PCT OF AREA PLANTED,,00,,PEST MGMT,,SURVEY,19,CORN,UNITED STATES,,"CORN - PEST MGMT, MEASURED IN PCT OF AREA PLANTED",,9000,,00000000,IA,,2018,2018-05-10 15:16:25.000,ALL UTILIZATION PRACTICES,19,YEAR,,"PRACTICE, MONITORING",ENVIRONMENTAL,IOWA,00,,
"PRACTICE, MONITORING: (SCOUTED - FOR PESTS OR BENEFICIAL ORGANISMS BY DELIBERATELY GOING TO THE CROP ACRES OR GROWING AREAS)",ALL PRODUCTION PRACTICES,STATE,ALL CLASSES,IOWA,,FIELD CROPS,ANNUAL,57,PCT OF AREA PLANTED,,00,,PEST MGMT,,SURVEY,19,CORN,UNITED STATES,,"CORN - PEST MGMT, MEASURED IN PCT OF AREA PLANTED",,9000,,00000000,IA,,2016,2016-08-31 14:19:39.000,ALL UTILIZATION PRACTICES,19,YEAR,,"PRACTICE, MONITORING",ENVIRONMENTAL,IOWA,00,,
"PRACTICE, MONITORING: (SCOUTED - FOR PESTS OR BENEFICIAL ORGANISMS BY DELIBERATELY GOING TO THE CROP ACRES OR GROWING AREAS)",ALL PRODUCTION PRACTICES,STATE,ALL CLASSES,IOWA,,FIELD CROPS,ANNUAL,67,PCT OF AREA PLANTED,,00,,PEST MGMT,,SURVEY,19,CORN,UNITED STATES,,"CORN - PEST MGMT, MEASURED IN PCT OF AREA PLANTED",,9000,,00000000,IA,,2014,2014-05-14 15:12:54.000,ALL UTILIZATION PRACTICES,19,YEAR,,"PRACTICE, MONITORING",ENVIRONMENTAL,IOWA,00,,
"PRACTICE, MONITORING: (SCOUTED - FOR PESTS OR BENEFICIAL ORGANISMS BY DELIBERATELY GOING TO THE CROP ACRES OR GROWING AREAS)",ALL PRODUCTION PRACTICES,STATE,ALL CLASSES,IOWA,,FIELD CROPS,ANNUAL,63,PCT OF AREA PLANTED,,00,,PEST MGMT,,SURVEY,19,CORN,UNITED STATES,,"CORN - PEST MGMT, MEASURED IN PCT OF AREA PLANTED",,9000,,00000000,IA,,2010,2012-01-01 00:00:00.000,ALL UTILIZATION PRACTICES,19,YEAR,,"PRACTICE, MONITORING",ENVIRONMENTAL,IOWA,00,,
"PRACTICE, MONITORING: (SCOUTED FOR DISEASES - BY EMPLOYEE)",ALL PRODUCTION PRACTICES,STATE,ALL CLASSES,IOWA,,FIELD CROPS,ANNUAL,0,PCT OF AREA PLANTED,,00,,PEST MGMT,,SURVEY,19,CORN,UNITED STATES,,"CORN - PEST MGMT, MEASURED IN PCT OF AREA PLANTED",,9000,,00000000,IA,,2021,2021-05-13 15:00:30.000,ALL UTILIZATION PRACTICES,19,YEAR,,"PRACTICE, MONITORING",ENVIRONMENTAL,IOWA,00,,
"PRACTICE, MONITORING: (SCOUTED FOR DISEASES - BY EMPLOYEE)",ALL PRODUCTION PRACTICES,STATE,ALL CLASSES,IOWA,,FIELD CROPS,ANNUAL,1,PCT OF AREA PLANTED,,00,,PEST MGMT,,SURVEY,19,CORN,UNITED STATES,,"CORN - PEST MGMT, MEASURED IN PCT OF AREA PLANTED",,9000,,00000000,IA,,2018,2018-05-10 15:16:25.000,ALL UTILIZATION PRACTICES,19,YEAR,,"PRACTICE, MONITORING",ENVIRONMENTAL,IOWA,00,,
"PRACTICE, MONITORING: (SCOUTED FOR DISEASES - BY EMPLOYEE)",ALL PRODUCTION PRACTICES,STATE,ALL CLASSES,IOWA,,FIELD CROPS,ANNUAL,1,PCT OF AREA PLANTED,,00,,PEST MGMT,,SURVEY,19,CORN,UNITED STATES,,"CORN - PEST MGMT, MEASURED IN PCT OF AREA PLANTED",,9000,,00000000,IA,,2016,2016-08-31 14:19:39.000,ALL UTILIZATION PRACTICES,19,YEAR,,"PRACTICE, MONITORING",ENVIRONMENTAL,IOWA,00,,
"PRACTICE, MONITORING: (SCOUTED FOR DISEASES - BY EMPLOYEE)",ALL PRODUCTION PRACTICES,STATE,ALL CLASSES,IOWA,,FIELD CROPS,ANNUAL,1,PCT OF AREA PLANTED,,00,,PEST MGMT,,SURVEY,19,CORN,UNITED STATES,,"CORN - PEST MGMT, MEASURED IN PCT OF AREA PLANTED",,9000,,00000000,IA,,2014,2014-05-14 15:12:54.000,ALL UTILIZATION PRACTICES,19,YEAR,,"PRACTICE, MONITORING",ENVIRONMENTAL,IOWA,00,,
"PRACTICE, MONITORING: (SCOUTED FOR DISEASES - BY EMPLOYEE)",ALL PRODUCTION PRACTICES,STATE,ALL CLASSES,IOWA,,FIELD CROPS,ANNUAL,                 (Z),PCT OF AREA PLANTED,,00,,PEST MGMT,,SURVEY,19,CORN,UNITED STATES,,"CORN - PEST MGMT, MEASURED IN PCT OF AREA PLANTED",,9000,,00000000,IA,,2010,2012-01-01 00:00:00.000,ALL UTILIZATION PRACTICES,19,YEAR,,"PRACTICE, MONITORING",ENVIRONMENTAL,IOWA,00,,
"PRACTICE, MONITORING: (SCOUTED FOR DISEASES - BY FARM SUPPLY COMPANY OR CHEMICAL DEALER)",ALL PRODUCTION PRACTICES,STATE,ALL CLASSES,IOWA,,FIELD CROPS,ANNUAL,0,PCT OF AREA PLANTED,,00,,PEST MGMT,,SURVEY,19,CORN,UNITED STATES,,"CORN - PEST MGMT, MEASURED IN PCT OF AREA PLANTED",,9000,,00000000,IA,,2021,2021-05-13 15:00:30.000,ALL UTILIZATION PRACTICES,19,YEAR,,"PRACTICE, MONITORING",ENVIRONMENTAL,IOWA,00,,
"PRACTICE, MONITORING: (SCOUTED FOR DISEASES - BY FARM SUPPLY COMPANY OR CHEMICAL DEALER)",ALL PRODUCTION PRACTICES,STATE,ALL CLASSES,IOWA,,FIELD CROPS,ANNUAL,14,PCT OF AREA PLANTED,,00,,PEST MGMT,,SURVEY,19,CORN,UNITED STATES,,"CORN - PEST MGMT, MEASURED IN PCT OF AREA PLANTED",,9000,,00000000,IA,,2018,2018-05-10 15:16:25.000,ALL UTILIZATION PRACTICES,19,YEAR,,"PRACTICE, MONITORING",ENVIRONMENTAL,IOWA,00,,
"PRACTICE, MONITORING: (SCOUTED FOR DISEASES - BY FARM SUPPLY COMPANY OR CHEMICAL DEALER)",ALL PRODUCTION PRACTICES,STATE,ALL CLASSES,IOWA,,FIELD CROPS,ANNUAL,17,PCT OF AREA PLANTED,,00,,PEST MGMT,,SURVEY,19,CORN,UNITED STATES,,"CORN - PEST MGMT, MEASURED IN PCT OF AREA PLANTED",,9000,,00000000,IA,,2016,2016-08-31 14:19:39.000,ALL UTILIZATION PRACTICES,19,YEAR,,"PRACTICE, MONITORING",ENVIRONMENTAL,IOWA,00,,
"PRACTICE, MONITORING: (SCOUTED FOR DISEASES - BY FARM SUPPLY COMPANY OR CHEMICAL DEALER)",ALL PRODUCTION PRACTICES,STATE,ALL CLASSES,IOWA,,FIELD CROPS,ANNUAL,23,PCT OF AREA PLANTED,,00,,PEST MGMT,,SURVEY,19,CORN,UNITED STATES,,"CORN - PEST MGMT, MEASURED IN PCT OF AREA PLANTED",,9000,,00000000,IA,,2014,2014-05-14 15:12:54.000,ALL UTILIZATION PRACTICES,19,YEAR,,"PRACTICE, MONITORING",ENVIRONMENTAL,IOWA,00,,
"PRACTICE, MONITORING: (SCOUTED FOR DISEASES - BY FARM SUPPLY COMPANY OR CHEMICAL DEALER)",ALL PRODUCTION PRACTICES,STATE,ALL CLASSES,IOWA,,FIELD CROPS,ANNUAL,16,PCT OF AREA PLANTED,,00,,PEST MGMT,,SURVEY,19,CORN,UNITED STATES,,"CORN - PEST MGMT, MEASURED IN PCT OF AREA PLANTED",,9000,,00000000,IA,,2010,2012-01-01 00:00:00.000,ALL UTILIZATION PRACTICES,19,YEAR,,"PRACTICE, MONITORING",ENVIRONMENTAL,IOWA,00,,
"PRACTICE, MONITORING: (SCOUTED FOR DISEASES - BY INDEPENDENT CROP CONSULTANT OR COMMERICAL SCOUT)",ALL PRODUCTION PRACTICES,STATE,ALL CLASSES,IOWA,,FIELD CROPS,ANNUAL,0,PCT OF AREA PLANTED,,00,,PEST MGMT,,SURVEY,19,CORN,UNITED STATES,,"CORN - PEST MGMT, MEASURED IN PCT OF AREA PLANTED",,9000,,00000000,IA,,2021,2021-05-13 15:00:30.000,ALL UTILIZATION PRACTICES,19,YEAR,,"PRACTICE, MONITORING",ENVIRONMENTAL,IOWA,00,,
"PRACTICE, MONITORING: (SCOUTED FOR DISEASES - BY INDEPENDENT CROP CONSULTANT OR COMMERICAL SCOUT)",ALL PRODUCTION PRACTICES,STATE,ALL CLASSES,IOWA,,FIELD CROPS,ANNUAL,6,PCT OF AREA PLANTED,,00,,PEST MGMT,,SURVEY,19,CORN,UNITED STATES,,"CORN - PEST MGMT, MEASURED IN PCT OF AREA PLANTED",,9000,,00000000,IA,,2018,2018-05-10 15:16:25.000,ALL UTILIZATION PRACTICES,19,YEAR,,"PRACTICE, MONITORING",ENVIRONMENTAL,IOWA,00,,
"PRACTICE, MONITORING: (SCOUTED FOR DISEASES - BY INDEPENDENT CROP CONSULTANT OR COMMERICAL SCOUT)",ALL PRODUCTION PRACTICES,STATE,ALL CLASSES,IOWA,,FIELD CROPS,ANNUAL,5,PCT OF AREA PLANTED,,00,,PEST MGMT,,SURVEY,19,CORN,UNITED STATES,,"CORN - PEST MGMT, MEASURED IN PCT OF AREA PLANTED",,9000,,00000000,IA,,2016,2016-08-31 14:19:39.000,ALL UTILIZATION PRACTICES,19,YEAR,,"PRACTICE, MONITORING",ENVIRONMENTAL,IOWA,00,,
"PRACTICE, MONITORING: (SCOUTED FOR DISEASES - BY INDEPENDENT CROP CONSULTANT OR COMMERICAL SCOUT)",ALL PRODUCTION PRACTICES,STATE,ALL CLASSES,IOWA,,FIELD CROPS,ANNUAL,6,PCT OF AREA PLANTED,,00,,PEST MGMT,,SURVEY,19,CORN,UNITED STATES,,"CORN - PEST MGMT, MEASURED IN PCT OF AREA PLANTED",,9000,,00000000,IA,,2014,2014-05-14 15:12:54.000,ALL UTILIZATION PRACTICES,19,YEAR,,"PRACTICE, MONITORING",ENVIRONMENTAL,IOWA,00,,
"PRACTICE, MONITORING: (SCOUTED FOR DISEASES - BY INDEPENDENT CROP CONSULTANT OR COMMERICAL SCOUT)",ALL PRODUCTION PRACTICES,STATE,ALL CLASSES,IOWA,,FIELD CROPS,ANNUAL,7,PCT OF AREA PLANTED,,00,,PEST MGMT,,SURVEY,19,CORN,UNITED STATES,,"CORN - PEST MGMT, MEASURED IN PCT OF AREA PLANTED",,9000,,00000000,IA,,2010,2012-01-01 00:00:00.000,ALL UTILIZATION PRACTICES,19,YEAR,,"PRACTICE, MONITORING",ENVIRONMENTAL,IOWA,00,,
"PRACTICE, MONITORING: (SCOUTED FOR DISEASES - BY OPERATOR, PARTNER, OR FAMILY MEMBER)",ALL PRODUCTION PRACTICES,STATE,ALL CLASSES,IOWA,,FIELD CROPS,ANNUAL,0,PCT OF AREA PLANTED,,00,,PEST MGMT,,SURVEY,19,CORN,UNITED STATES,,"CORN - PEST MGMT, MEASURED IN PCT OF AREA PLANTED",,9000,,00000000,IA,,2021,2021-05-13 15:00:30.000,ALL UTILIZATION PRACTICES,19,YEAR,,"PRACTICE, MONITORING",ENVIRONMENTAL,IOWA,00,,
"PRACTICE, MONITORING: (SCOUTED FOR DISEASES - BY OPERATOR, PARTNER, OR FAMILY MEMBER)",ALL PRODUCTION PRACTICES,STATE,ALL CLASSES,IOWA,,FIELD CROPS,ANNUAL,79,PCT OF AREA PLANTED,,00,,PEST MGMT,,SURVEY,19,CORN,UNITED STATES,,"CORN - PEST MGMT, MEASURED IN PCT OF AREA PLANTED",,9000,,00000000,IA,,2018,2018-05-10 15:16:25.000,ALL UTILIZATION PRACTICES,19,YEAR,,"PRACTICE, MONITORING",ENVIRONMENTAL,IOWA,00,,
"PRACTICE, MONITORING: (SCOUTED FOR DISEASES - BY OPERATOR, PARTNER, OR FAMILY MEMBER)",ALL PRODUCTION PRACTICES,STATE,ALL CLASSES,IOWA,,FIELD CROPS,ANNUAL,77,PCT OF AREA PLANTED,,00,,PEST MGMT,,SURVEY,19,CORN,UNITED STATES,,"CORN - PEST MGMT, MEASURED IN PCT OF AREA PLANTED",,9000,,00000000,IA,,2016,2016-08-31 14:19:39.000,ALL UTILIZATION PRACTICES,19,YEAR,,"PRACTICE, MONITORING",ENVIRONMENTAL,IOWA,00,,
"PRACTICE, MONITORING: (SCOUTED FOR DISEASES - BY OPERATOR, PARTNER, OR FAMILY MEMBER)",ALL PRODUCTION PRACTICES,STATE,ALL CLASSES,IOWA,,FIELD CROPS,ANNUAL,70,PCT OF AREA PLANTED,,00,,PEST MGMT,,SURVEY,19,CORN,UNITED STATES,,"CORN - PEST MGMT, MEASURED IN PCT OF AREA PLANTED",,9000,,00000000,IA,,2014,2014-05-14 15:12:54.000,ALL UTILIZATION PRACTICES,19,YEAR,,"PRACTICE, MONITORING",ENVIRONMENTAL,IOWA,00,,
"PRACTICE, MONITORING: (SCOUTED FOR DISEASES - BY OPERATOR, PARTNER, OR FAMILY MEMBER)",ALL PRODUCTION PRACTICES,STATE,ALL CLASSES,IOWA,,FIELD CROPS,ANNUAL,76,PCT OF AREA PLANTED,,00,,PEST MGMT,,SURVEY,19,CORN,UNITED STATES,,"CORN - PEST MGMT, MEASURED IN PCT OF AREA PLANTED",,9000,,00000000,IA,,2010,2012-01-01 00:00:00.000,ALL UTILIZATION PRACTICES,19,YEAR,,"PRACTICE, MONITORING",ENVIRONMENTAL,IOWA,00,,
"PRACTICE, MONITORING: (SCOUTED FOR DISEASES)",ALL PRODUCTION PRACTICES,STATE,ALL CLASSES,IOWA,,FIELD CROPS,ANNUAL,0,PCT OF AREA PLANTED,,00,,PEST MGMT,,SURVEY,19,CORN,UNITED STATES,,"CORN - PEST MGMT, MEASURED IN PCT OF AREA PLANTED",,9000,,00000000,IA,,2021,2021-05-13 15:00:30.000,ALL UTILIZATION PRACTICES,19,YEAR,,"PRACTICE, MONITORING",ENVIRONMENTAL,IOWA,00,,
"PRACTICE, MONITORING: (SCOUTED FOR DISEASES)",ALL PRODUCTION PRACTICES,STATE,ALL CLASSES,IOWA,,FIELD CROPS,ANNUAL,86,PCT OF AREA PLANTED,,00,,PEST MGMT,,SURVEY,19,CORN,UNITED STATES,,"CORN - PEST MGMT, MEASURED IN PCT OF AREA PLANTED",,9000,,00000000,IA,,2018,2018-05-10 15:16:25.000,ALL UTILIZATION PRACTICES,19,YEAR,,"PRACTICE, MONITORING",ENVIRONMENTAL,IOWA,00,,
"PRACTICE, MONITORING: (SCOUTED FOR DISEASES)",ALL PRODUCTION PRACTICES,STATE,ALL CLASSES,IOWA,,FIELD CROPS,ANNUAL,68,PCT OF AREA PLANTED,,00,,PEST MGMT,,SURVEY,19,CORN,UNITED STATES,,"CORN - PEST MGMT, MEASURED IN PCT OF AREA PLANTED",,9000,,00000000,IA,,2016,2016-08-31 14:19:39.000,ALL UTILIZATION PRACTICES,19,YEAR,,"PRACTICE, MONITORING",ENVIRONMENTAL,IOWA,00,,
"PRACTICE, MONITORING: (SCOUTED FOR DISEASES)",ALL PRODUCTION PRACTICES,STATE,ALL CLASSES,IOWA,,FIELD CROPS,ANNUAL,88,PCT OF AREA PLANTED,,00,,PEST MGMT,,SURVEY,19,CORN,UNITED STATES,,"CORN - PEST MGMT, MEASURED IN PCT OF AREA PLANTED",,9000,,00000000,IA,,2014,2014-05-14 15:12:54.000,ALL UTILIZATION PRACTICES,19,YEAR,,"PRACTICE, MONITORING",ENVIRONMENTAL,IOWA,00,,
"PRACTICE, MONITORING: (SCOUTED FOR DISEASES)",ALL PRODUCTION PRACTICES,STATE,ALL CLASSES,IOWA,,FIELD CROPS,ANNUAL,48,PCT OF AREA PLANTED,,00,,PEST MGMT,,SURVEY,19,CORN,UNITED STATES,,"CORN - PEST MGMT, MEASURED IN PCT OF AREA PLANTED",,9000,,00000000,IA,,2010,2012-01-01 00:00:00.000,ALL UTILIZATION PRACTICES,19,YEAR,,"PRACTICE, MONITORING",ENVIRONMENTAL,IOWA,00,,
"PRACTICE, MONITORING: (SCOUTED FOR INSECTS & MITES - BY EMPLOYEE)",ALL PRODUCTION PRACTICES,STATE,ALL CLASSES,IOWA,,FIELD CROPS,ANNUAL,0,PCT OF AREA PLANTED,,00,,PEST MGMT,,SURVEY,19,CORN,UNITED STATES,,"CORN - PEST MGMT, MEASURED IN PCT OF AREA PLANTED",,9000,,00000000,IA,,2021,2021-05-13 15:00:30.000,ALL UTILIZATION PRACTICES,19,YEAR,,"PRACTICE, MONITORING",ENVIRONMENTAL,IOWA,00,,
"PRACTICE, MONITORING: (SCOUTED FOR INSECTS & MITES - BY EMPLOYEE)",ALL PRODUCTION PRACTICES,STATE,ALL CLASSES,IOWA,,FIELD CROPS,ANNUAL,1,PCT OF AREA PLANTED,,00,,PEST MGMT,,SURVEY,19,CORN,UNITED STATES,,"CORN - PEST MGMT, MEASURED IN PCT OF AREA PLANTED",,9000,,00000000,IA,,2018,2018-05-10 15:16:25.000,ALL UTILIZATION PRACTICES,19,YEAR,,"PRACTICE, MONITORING",ENVIRONMENTAL,IOWA,00,,
"PRACTICE, MONITORING: (SCOUTED FOR INSECTS & MITES - BY EMPLOYEE)",ALL PRODUCTION PRACTICES,STATE,ALL CLASSES,IOWA,,FIELD CROPS,ANNUAL,1,PCT OF AREA PLANTED,,00,,PEST MGMT,,SURVEY,19,CORN,UNITED STATES,,"CORN - PEST MGMT, MEASURED IN PCT OF AREA PLANTED",,9000,,00000000,IA,,2016,2016-08-31 14:19:39.000,ALL UTILIZATION PRACTICES,19,YEAR,,"PRACTICE, MONITORING",ENVIRONMENTAL,IOWA,00,,
"PRACTICE, MONITORING: (SCOUTED FOR INSECTS & MITES - BY EMPLOYEE)",ALL PRODUCTION PRACTICES,STATE,ALL CLASSES,IOWA,,FIELD CROPS,ANNUAL,1,PCT OF AREA PLANTED,,00,,PEST MGMT,,SURVEY,19,CORN,UNITED STATES,,"CORN - PEST MGMT, MEASURED IN PCT OF AREA PLANTED",,9000,,00000000,IA,,2014,2014-05-14 15:12:54.000,ALL UTILIZATION PRACTICES,19,YEAR,,"PRACTICE, MONITORING",ENVIRONMENTAL,IOWA,00,,
"PRACTICE, MONITORING: (SCOUTED FOR INSECTS & MITES - BY EMPLOYEE)",ALL PRODUCTION PRACTICES,STATE,ALL CLASSES,IOWA,,FIELD CROPS,ANNUAL,0,PCT OF AREA PLANTED,,00,,PEST MGMT,,SURVEY,19,CORN,UNITED STATES,,"CORN - PEST MGMT, MEASURED IN PCT OF AREA PLANTED",,9000,,00000000,IA,,2010,2012-01-01 00:00:00.000,ALL UTILIZATION PRACTICES,19,YEAR,,"PRACTICE, MONITORING",ENVIRONMENTAL,IOWA,00,,
"PRACTICE, MONITORING: (SCOUTED FOR INSECTS & MITES - BY FARM SUPPLY COMPANY OR CHEMICAL DEALER)",ALL PRODUCTION PRACTICES,STATE,ALL CLASSES,IOWA,,FIELD CROPS,ANNUAL,0,PCT OF AREA PLANTED,,00,,PEST MGMT,,SURVEY,19,CORN,UNITED STATES,,"CORN - PEST MGMT, MEASURED IN PCT OF AREA PLANTED",,9000,,00000000,IA,,2021,2021-05-13 15:00:30.000,ALL UTILIZATION PRACTICES,19,YEAR,,"PRACTICE, MONITORING",ENVIRONMENTAL,IOWA,00,,
"PRACTICE, MONITORING: (SCOUTED FOR INSECTS & MITES - BY FARM SUPPLY COMPANY OR CHEMICAL DEALER)",ALL PRODUCTION PRACTICES,STATE,ALL CLASSES,IOWA,,FIELD CROPS,ANNUAL,14,PCT OF AREA PLANTED,,00,,PEST MGMT,,SURVEY,19,CORN,UNITED STATES,,"CORN - PEST MGMT, MEASURED IN PCT OF AREA PLANTED",,9000,,00000000,IA,,2018,2018-05-10 15:16:25.000,ALL UTILIZATION PRACTICES,19,YEAR,,"PRACTICE, MONITORING",ENVIRONMENTAL,IOWA,00,,
"PRACTICE, MONITORING: (SCOUTED FOR INSECTS & MITES - BY FARM SUPPLY COMPANY OR CHEMICAL DEALER)",ALL PRODUCTION PRACTICES,STATE,ALL CLASSES,IOWA,,FIELD CROPS,ANNUAL,15,PCT OF AREA PLANTED,,00,,PEST MGMT,,SURVEY,19,CORN,UNITED STATES,,"CORN - PEST MGMT, MEASURED IN PCT OF AREA PLANTED",,9000,,00000000,IA,,2016,2016-08-31 14:19:39.000,ALL UTILIZATION PRACTICES,19,YEAR,,"PRACTICE, MONITORING",ENVIRONMENTAL,IOWA,00,,
"PRACTICE, MONITORING: (SCOUTED FOR INSECTS & MITES - BY FARM SUPPLY COMPANY OR CHEMICAL DEALER)",ALL PRODUCTION PRACTICES,STATE,ALL CLASSES,IOWA,,FIELD CROPS,ANNUAL,23,PCT OF AREA PLANTED,,00,,PEST MGMT,,SURVEY,19,CORN,UNITED STATES,,"CORN - PEST MGMT, MEASURED IN PCT OF AREA PLANTED",,9000,,00000000,IA,,2014,2014-05-14 15:12:54.000,ALL UTILIZATION PRACTICES,19,YEAR,,"PRACTICE, MONITORING",ENVIRONMENTAL,IOWA,00,,
"PRACTICE, MONITORING: (SCOUTED FOR INSECTS & MITES - BY FARM SUPPLY COMPANY OR CHEMICAL DEALER)",ALL PRODUCTION PRACTICES,STATE,ALL CLASSES,IOWA,,FIELD CROPS,ANNUAL,16,PCT OF AREA PLANTED,,00,,PEST MGMT,,SURVEY,19,CORN,UNITED STATES,,"CORN - PEST MGMT, MEASURED IN PCT OF AREA PLANTED",,9000,,00000000,IA,,2010,2012-01-01 00:00:00.000,ALL UTILIZATION PRACTICES,19,YEAR,,"PRACTICE, MONITORING",ENVIRONMENTAL,IOWA,00,,
"PRACTICE, MONITORING: (SCOUTED FOR INSECTS & MITES - BY INDEPENDENT CROP CONSULTANT OR COMMERICAL SCOUT)",ALL PRODUCTION PRACTICES,STATE,ALL CLASSES,IOWA,,FIELD CROPS,ANNUAL,0,PCT OF AREA PLANTED,,00,,PEST MGMT,,SURVEY,19,CORN,UNITED STATES,,"CORN - PEST MGMT, MEASURED IN PCT OF AREA PLANTED",,9000,,00000000,IA,,2021,2021-05-13 15:00:30.000,ALL UTILIZATION PRACTICES,19,YEAR,,"PRACTICE, MONITORING",ENVIRONMENTAL,IOWA,00,,
"PRACTICE, MONITORING: (SCOUTED FOR INSECTS & MITES - BY INDEPENDENT CROP CONSULTANT OR COMMERICAL SCOUT)",ALL PRODUCTION PRACTICES,STATE,ALL CLASSES,IOWA,,FIELD CROPS,ANNUAL,6,PCT OF AREA PLANTED,,00,,PEST MGMT,,SURVEY,19,CORN,UNITED STATES,,"CORN - PEST MGMT, MEASURED IN PCT OF AREA PLANTED",,9000,,00000000,IA,,2018,2018-05-10 15:16:25.000,ALL UTILIZATION PRACTICES,19,YEAR,,"PRACTICE, MONITORING",ENVIRONMENTAL,IOWA,00,,
"PRACTICE, MONITORING: (SCOUTED FOR INSECTS & MITES - BY INDEPENDENT CROP CONSULTANT OR COMMERICAL SCOUT)",ALL PRODUCTION PRACTICES,STATE,ALL CLASSES,IOWA,,FIELD CROPS,ANNUAL,5,PCT OF AREA PLANTED,,00,,PEST MGMT,,SURVEY,19,CORN,UNITED STATES,,"CORN - PEST MGMT, MEASURED IN PCT OF AREA PLANTED",,9000,,00000000,IA,,2016,2016-08-31 14:19:39.000,ALL UTILIZATION PRACTICES,19,YEAR,,"PRACTICE, MONITORING",ENVIRONMENTAL,IOWA,00,,
"PRACTICE, MONITORING: (SCOUTED FOR INSECTS & MITES - BY INDEPENDENT CROP CONSULTANT OR COMMERICAL SCOUT)",ALL PRODUCTION PRACTICES,STATE,ALL CLASSES,IOWA,,FIELD CROPS,ANNUAL,6,PCT OF AREA PLANTED,,00,,PEST MGMT,,SURVEY,19,CORN,UNITED STATES,,"CORN - PEST MGMT, MEASURED IN PCT OF AREA PLANTED",,9000,,00000000,IA,,2014,2014-05-14 15:12:54.000,ALL UTILIZATION PRACTICES,19,YEAR,,"PRACTICE, MONITORING",ENVIRONMENTAL,IOWA,00,,
"PRACTICE, MONITORING: (SCOUTED FOR INSECTS & MITES - BY INDEPENDENT CROP CONSULTANT OR COMMERICAL SCOUT)",ALL PRODUCTION PRACTICES,STATE,ALL CLASSES,IOWA,,FIELD CROPS,ANNUAL,7,PCT OF AREA PLANTED,,00,,PEST MGMT,,SURVEY,19,CORN,UNITED STATES,,"CORN - PEST MGMT, MEASURED IN PCT OF AREA PLANTED",,9000,,00000000,IA,,2010,2012-01-01 00:00:00.000,ALL UTILIZATION PRACTICES,19,YEAR,,"PRACTICE, MONITORING",ENVIRONMENTAL,IOWA,00,,
"PRACTICE, MONITORING: (SCOUTED FOR INSECTS & MITES - BY OPERATOR, PARTNER, OR FAMILY MEMBER)",ALL PRODUCTION PRACTICES,STATE,ALL CLASSES,IOWA,,FIELD CROPS,ANNUAL,0,PCT OF AREA PLANTED,,00,,PEST MGMT,,SURVEY,19,CORN,UNITED STATES,,"CORN - PEST MGMT, MEASURED IN PCT OF AREA PLANTED",,9000,,00000000,IA,,2021,2021-05-13 15:00:30.000,ALL UTILIZATION PRACTICES,19,YEAR,,"PRACTICE, MONITORING",ENVIRONMENTAL,IOWA,00,,
"PRACTICE, MONITORING: (SCOUTED FOR INSECTS & MITES - BY OPERATOR, PARTNER, OR FAMILY MEMBER)",ALL PRODUCTION PRACTICES,STATE,ALL CLASSES,IOWA,,FIELD CROPS,ANNUAL,79,PCT OF AREA PLANTED,,00,,PEST MGMT,,SURVEY,19,CORN,UNITED STATES,,"CORN - PEST MGMT, MEASURED IN PCT OF AREA PLANTED",,9000,,00000000,IA,,2018,2018-05-10 15:16:25.000,ALL UTILIZATION PRACTICES,19,YEAR,,"PRACTICE, MONITORING",ENVIRONMENTAL,IOWA,00,,
"PRACTICE, MONITORING: (SCOUTED FOR INSECTS & MITES - BY OPERATOR, PARTNER, OR FAMILY MEMBER)",ALL PRODUCTION PRACTICES,STATE,ALL CLASSES,IOWA,,FIELD CROPS,ANNUAL,79,PCT OF AREA PLANTED,,00,,PEST MGMT,,SURVEY,19,CORN,UNITED STATES,,"CORN - PEST MGMT, MEASURED IN PCT OF AREA PLANTED",,9000,,00000000,IA,,2016,2016-08-31 14:19:39.000,ALL UTILIZATION PRACTICES,19,YEAR,,"PRACTICE, MONITORING",ENVIRONMENTAL,IOWA,00,,
"PRACTICE, MONITORING: (SCOUTED FOR INSECTS & MITES - BY OPERATOR, PARTNER, OR FAMILY MEMBER)",ALL PRODUCTION PRACTICES,STATE,ALL CLASSES,IOWA,,FIELD CROPS,ANNUAL,71,PCT OF AREA PLANTED,,00,,PEST MGMT,,SURVEY,19,CORN,UNITED STATES,,"CORN - PEST MGMT, MEASURED IN PCT OF AREA PLANTED",,9000,,00000000,IA,,2014,2014-05-14 15:12:54.000,ALL UTILIZATION PRACTICES,19,YEAR,,"PRACTICE, MONITORING",ENVIRONMENTAL,IOWA,00,,
"PRACTICE, MONITORING: (SCOUTED FOR INSECTS & MITES - BY OPERATOR, PARTNER, OR FAMILY MEMBER)",ALL PRODUCTION PRACTICES,STATE,ALL CLASSES,IOWA,,FIELD CROPS,ANNUAL,77,PCT OF AREA PLANTED,,00,,PEST MGMT,,SURVEY,19,CORN,UNITED STATES,,"CORN - PEST MGMT, MEASURED IN PCT OF AREA PLANTED",,9000,,00000000,IA,,2010,2012-01-01 00:00:00.000,ALL UTILIZATION PRACTICES,19,YEAR,,"PRACTICE, MONITORING",ENVIRONMENTAL,IOWA,00,,
"PRACTICE, MONITORING: (SCOUTED FOR INSECTS & MITES)",ALL PRODUCTION PRACTICES,STATE,ALL CLASSES,IOWA,,FIELD CROPS,ANNUAL,0,PCT OF AREA PLANTED,,00,,PEST MGMT,,SURVEY,19,CORN,UNITED STATES,,"CORN - PEST MGMT, MEASURED IN PCT OF AREA PLANTED",,9000,,00000000,IA,,2021,2021-05-13 15:00:30.000,ALL UTILIZATION PRACTICES,19,YEAR,,"PRACTICE, MONITORING",ENVIRONMENTAL,IOWA,00,,
"PRACTICE, MONITORING: (SCOUTED FOR INSECTS & MITES)",ALL PRODUCTION PRACTICES,STATE,ALL CLASSES,IOWA,,FIELD CROPS,ANNUAL,85,PCT OF AREA PLANTED,,00,,PEST MGMT,,SURVEY,19,CORN,UNITED STATES,,"CORN - PEST MGMT, MEASURED IN PCT OF AREA PLANTED",,9000,,00000000,IA,,2018,2018-05-10 15:16:25.000,ALL UTILIZATION PRACTICES,19,YEAR,,"PRACTICE, MONITORING",ENVIRONMENTAL,IOWA,00,,
"PRACTICE, MONITORING: (SCOUTED FOR INSECTS & MITES)",ALL PRODUCTION PRACTICES,STATE,ALL CLASSES,IOWA,,FIELD CROPS,ANNUAL,75,PCT OF AREA PLANTED,,00,,PEST MGMT,,SURVEY,19,CORN,UNITED STATES,,"CORN - PEST MGMT, MEASURED IN PCT OF AREA PLANTED",,9000,,00000000,IA,,2016,2016-08-31 14:19:39.000,ALL UTILIZATION PRACTICES,19,YEAR,,"PRACTICE, MONITORING",ENVIRONMENTAL,IOWA,00,,
"PRACTICE, MONITORING: (SCOUTED FOR INSECTS & MITES)",ALL PRODUCTION PRACTICES,STATE,ALL CLASSES,IOWA,,FIELD CROPS,ANNUAL,90,PCT OF AREA PLANTED,,00,,PEST MGMT,,SURVEY,19,CORN,UNITED STATES,,"CORN - PEST MGMT, MEASURED IN PCT OF AREA PLANTED",,9000,,00000000,IA,,2014,2014-05-14 15:12:54.000,ALL UTILIZATION PRACTICES,19,YEAR,,"PRACTICE, MONITORING",ENVIRONMENTAL,IOWA,00,,
"PRACTICE, MONITORING: (SCOUTED FOR INSECTS & MITES)",ALL PRODUCTION PRACTICES,STATE,ALL CLASSES,IOWA,,FIELD CROPS,ANNUAL,52,PCT OF AREA PLANTED,,00,,PEST MGMT,,SURVEY,19,CORN,UNITED STATES,,"CORN - PEST MGMT, MEASURED IN PCT OF AREA PLANTED",,9000,,00000000,IA,,2010,2012-01-01 00:00:00.000,ALL UTILIZATION PRACTICES,19,YEAR,,"PRACTICE, MONITORING",ENVIRONMENTAL,IOWA,00,,
"PRACTICE, MONITORING: (SCOUTED FOR WEEDS - BY EMPLOYEE)",ALL PRODUCTION PRACTICES,STATE,ALL CLASSES,IOWA,,FIELD CROPS,ANNUAL,0,PCT OF AREA PLANTED,,00,,PEST MGMT,,SURVEY,19,CORN,UNITED STATES,,"CORN - PEST MGMT, MEASURED IN PCT OF AREA PLANTED",,9000,,00000000,IA,,2021,2021-05-13 15:00:30.000,ALL UTILIZATION PRACTICES,19,YEAR,,"PRACTICE, MONITORING",ENVIRONMENTAL,IOWA,00,,
"PRACTICE, MONITORING: (SCOUTED FOR WEEDS - BY EMPLOYEE)",ALL PRODUCTION PRACTICES,STATE,ALL CLASSES,IOWA,,FIELD CROPS,ANNUAL,1,PCT OF AREA PLANTED,,00,,PEST MGMT,,SURVEY,19,CORN,UNITED STATES,,"CORN - PEST MGMT, MEASURED IN PCT OF AREA PLANTED",,9000,,00000000,IA,,2018,2018-05-10 15:16:25.000,ALL UTILIZATION PRACTICES,19,YEAR,,"PRACTICE, MONITORING",ENVIRONMENTAL,IOWA,00,,
"PRACTICE, MONITORING: (SCOUTED FOR WEEDS - BY EMPLOYEE)",ALL PRODUCTION PRACTICES,STATE,ALL CLASSES,IOWA,,FIELD CROPS,ANNUAL,1,PCT OF AREA PLANTED,,00,,PEST MGMT,,SURVEY,19,CORN,UNITED STATES,,"CORN - PEST MGMT, MEASURED IN PCT OF AREA PLANTED",,9000,,00000000,IA,,2016,2016-08-31 14:19:39.000,ALL UTILIZATION PRACTICES,19,YEAR,,"PRACTICE, MONITORING",ENVIRONMENTAL,IOWA,00,,
"PRACTICE, MONITORING: (SCOUTED FOR WEEDS - BY EMPLOYEE)",ALL PRODUCTION PRACTICES,STATE,ALL CLASSES,IOWA,,FIELD CROPS,ANNUAL,1,PCT OF AREA PLANTED,,00,,PEST MGMT,,SURVEY,19,CORN,UNITED STATES,,"CORN - PEST MGMT, MEASURED IN PCT OF AREA PLANTED",,9000,,00000000,IA,,2014,2014-05-14 15:12:54.000,ALL UTILIZATION PRACTICES,19,YEAR,,"PRACTICE, MONITORING",ENVIRONMENTAL,IOWA,00,,
"PRACTICE, MONITORING: (SCOUTED FOR WEEDS - BY EMPLOYEE)",ALL PRODUCTION PRACTICES,STATE,ALL CLASSES,IOWA,,FIELD CROPS,ANNUAL,1,PCT OF AREA PLANTED,,00,,PEST MGMT,,SURVEY,19,CORN,UNITED STATES,,"CORN - PEST MGMT, MEASURED IN PCT OF AREA PLANTED",,9000,,00000000,IA,,2010,2012-01-01 00:00:00.000,ALL UTILIZATION PRACTICES,19,YEAR,,"PRACTICE, MONITORING",ENVIRONMENTAL,IOWA,00,,
"PRACTICE, MONITORING: (SCOUTED FOR WEEDS - BY FARM SUPPLY COMPANY OR CHEMICAL DEALER)",ALL PRODUCTION PRACTICES,STATE,ALL CLASSES,IOWA,,FIELD CROPS,ANNUAL,0,PCT OF AREA PLANTED,,00,,PEST MGMT,,SURVEY,19,CORN,UNITED STATES,,"CORN - PEST MGMT, MEASURED IN PCT OF AREA PLANTED",,9000,,00000000,IA,,2021,2021-05-13 15:00:30.000,ALL UTILIZATION PRACTICES,19,YEAR,,"PRACTICE, MONITORING",ENVIRONMENTAL,IOWA,00,,
"PRACTICE, MONITORING: (SCOUTED FOR WEEDS - BY FARM SUPPLY COMPANY OR CHEMICAL DEALER)",ALL PRODUCTION PRACTICES,STATE,ALL CLASSES,IOWA,,FIELD CROPS,ANNUAL,14,PCT OF AREA PLANTED,,00,,PEST MGMT,,SURVEY,19,CORN,UNITED STATES,,"CORN - PEST MGMT, MEASURED IN PCT OF AREA PLANTED",,9000,,00000000,IA,,2018,2018-05-10 15:16:25.000,ALL UTILIZATION PRACTICES,19,YEAR,,"PRACTICE, MONITORING",ENVIRONMENTAL,IOWA,00,,
"PRACTICE, MONITORING: (SCOUTED FOR WEEDS - BY FARM SUPPLY COMPANY OR CHEMICAL DEALER)",ALL PRODUCTION PRACTICES,STATE,ALL CLASSES,IOWA,,FIELD CROPS,ANNUAL,14,PCT OF AREA PLANTED,,00,,PEST MGMT,,SURVEY,19,CORN,UNITED STATES,,"CORN - PEST MGMT, MEASURED IN PCT OF AREA PLANTED",,9000,,00000000,IA,,2016,2016-08-31 14:19:39.000,ALL UTILIZATION PRACTICES,19,YEAR,,"PRACTICE, MONITORING",ENVIRONMENTAL,IOWA,00,,
"PRACTICE, MONITORING: (SCOUTED FOR WEEDS - BY FARM SUPPLY COMPANY OR CHEMICAL DEALER)",ALL PRODUCTION PRACTICES,STATE,ALL CLASSES,IOWA,,FIELD CROPS,ANNUAL,20,PCT OF AREA PLANTED,,00,,PEST MGMT,,SURVEY,19,CORN,UNITED STATES,,"CORN - PEST MGMT, MEASURED IN PCT OF AREA PLANTED",,9000,,00000000,IA,,2014,2014-05-14 15:12:54.000,ALL UTILIZATION PRACTICES,19,YEAR,,"PRACTICE, MONITORING",ENVIRONMENTAL,IOWA,00,,
"PRACTICE, MONITORING: (SCOUTED FOR WEEDS - BY FARM SUPPLY COMPANY OR CHEMICAL DEALER)",ALL PRODUCTION PRACTICES,STATE,ALL CLASSES,IOWA,,FIELD CROPS,ANNUAL,10,PCT OF AREA PLANTED,,00,,PEST MGMT,,SURVEY,19,CORN,UNITED STATES,,"CORN - PEST MGMT, MEASURED IN PCT OF AREA PLANTED",,9000,,00000000,IA,,2010,2012-01-01 00:00:00.000,ALL UTILIZATION PRACTICES,19,YEAR,,"PRACTICE, MONITORING",ENVIRONMENTAL,IOWA,00,,
"PRACTICE, MONITORING: (SCOUTED FOR WEEDS - BY INDEPENDENT CROP CONSULTANT OR COMMERICAL SCOUT)",ALL PRODUCTION PRACTICES,STATE,ALL CLASSES,IOWA,,FIELD CROPS,ANNUAL,0,PCT OF AREA PLANTED,,00,,PEST MGMT,,SURVEY,19,CORN,UNITED STATES,,"CORN - PEST MGMT, MEASURED IN PCT OF AREA PLANTED",,9000,,00000000,IA,,2021,2021-05-13 15:00:30.000,ALL UTILIZATION PRACTICES,19,YEAR,,"PRACTICE, MONITORING",ENVIRONMENTAL,IOWA,00,,
"PRACTICE, MONITORING: (SCOUTED FOR WEEDS - BY INDEPENDENT CROP CONSULTANT OR COMMERICAL SCOUT)",ALL PRODUCTION PRACTICES,STATE,ALL CLASSES,IOWA,,FIELD CROPS,ANNUAL,6,PCT OF AREA PLANTED,,00,,PEST MGMT,,SURVEY,19,CORN,UNITED STATES,,"CORN - PEST MGMT, MEASURED IN PCT OF AREA PLANTED",,9000,,00000000,IA,,2018,2018-05-10 15:16:25.000,ALL UTILIZATION PRACTICES,19,YEAR,,"PRACTICE, MONITORING",ENVIRONMENTAL,IOWA,00,,
"PRACTICE, MONITORING: (SCOUTED FOR WEEDS - BY INDEPENDENT CROP CONSULTANT OR COMMERICAL SCOUT)",ALL PRODUCTION PRACTICES,STATE,ALL CLASSES,IOWA,,FIELD CROPS,ANNUAL,3,PCT OF AREA PLANTED,,00,,PEST MGMT,,SURVEY,19,CORN,UNITED STATES,,"CORN - PEST MGMT, MEASURED IN PCT OF AREA PLANTED",,9000,,00000000,IA,,2016,2016-08-31 14:19:39.000,ALL UTILIZATION PRACTICES,19,YEAR,,"PRACTICE, MONITORING",ENVIRONMENTAL,IOWA,00,,
"PRACTICE, MONITORING: (SCOUTED FOR WEEDS - BY INDEPENDENT CROP CONSULTANT OR COMMERICAL SCOUT)",ALL PRODUCTION PRACTICES,STATE,ALL CLASSES,IOWA,,FIELD CROPS,ANNUAL,5,PCT OF AREA PLANTED,,00,,PEST MGMT,,SURVEY,19,CORN,UNITED STATES,,"CORN - PEST MGMT, MEASURED IN PCT OF AREA PLANTED",,9000,,00000000,IA,,2014,2014-05-14 15:12:54.000,ALL UTILIZATION PRACTICES,19,YEAR,,"PRACTICE, MONITORING",ENVIRONMENTAL,IOWA,00,,
"PRACTICE, MONITORING: (SCOUTED FOR WEEDS - BY INDEPENDENT CROP CONSULTANT OR COMMERICAL SCOUT)",ALL PRODUCTION PRACTICES,STATE,ALL CLASSES,IOWA,,FIELD CROPS,ANNUAL,4,PCT OF AREA PLANTED,,00,,PEST MGMT,,SURVEY,19,CORN,UNITED STATES,,"CORN - PEST MGMT, MEASURED IN PCT OF AREA PLANTED",,9000,,00000000,IA,,2010,2012-01-01 00:00:00.000,ALL UTILIZATION PRACTICES,19,YEAR,,"PRACTICE, MONITORING",ENVIRONMENTAL,IOWA,00,,
"PRACTICE, MONITORING: (SCOUTED FOR WEEDS - BY OPERATOR, PARTNER, OR FAMILY MEMBER)",ALL PRODUCTION PRACTICES,STATE,ALL CLASSES,IOWA,,FIELD CROPS,ANNUAL,0,PCT OF AREA PLANTED,,00,,PEST MGMT,,SURVEY,19,CORN,UNITED STATES,,"CORN - PEST MGMT, MEASURED IN PCT OF AREA PLANTED",,9000,,00000000,IA,,2021,2021-05-13 15:00:30.000,ALL UTILIZATION PRACTICES,19,YEAR,,"PRACTICE, MONITORING",ENVIRONMENTAL,IOWA,00,,
"PRACTICE, MONITORING: (SCOUTED FOR WEEDS - BY OPERATOR, PARTNER, OR FAMILY MEMBER)",ALL PRODUCTION PRACTICES,STATE,ALL CLASSES,IOWA,,FIELD CROPS,ANNUAL,79,PCT OF AREA PLANTED,,00,,PEST MGMT,,SURVEY,19,CORN,UNITED STATES,,"CORN - PEST MGMT, MEASURED IN PCT OF AREA PLANTED",,9000,,00000000,IA,,2018,2018-05-10 15:16:25.000,ALL UTILIZATION PRACTICES,19,YEAR,,"PRACTICE, MONITORING",ENVIRONMENTAL,IOWA,00,,
"PRACTICE, MONITORING: (SCOUTED FOR WEEDS - BY OPERATOR, PARTNER, OR FAMILY MEMBER)",ALL PRODUCTION PRACTICES,STATE,ALL CLASSES,IOWA,,FIELD CROPS,ANNUAL,82,PCT OF AREA PLANTED,,00,,PEST MGMT,,SURVEY,19,CORN,UNITED STATES,,"CORN - PEST MGMT, MEASURED IN PCT OF AREA PLANTED",,9000,,00000000,IA,,2016,2016-08-31 14:19:39.000,ALL UTILIZATION PRACTICES,19,YEAR,,"PRACTICE, MONITORING",ENVIRONMENTAL,IOWA,00,,
"PRACTICE, MONITORING: (SCOUTED FOR WEEDS - BY OPERATOR, PARTNER, OR FAMILY MEMBER)",ALL PRODUCTION PRACTICES,STATE,ALL CLASSES,IOWA,,FIELD CROPS,ANNUAL,74,PCT OF AREA PLANTED,,00,,PEST MGMT,,SURVEY,19,CORN,UNITED STATES,,"CORN - PEST MGMT, MEASURED IN PCT OF AREA PLANTED",,9000,,00000000,IA,,2014,2014-05-14 15:12:54.000,ALL UTILIZATION PRACTICES,19,YEAR,,"PRACTICE, MONITORING",ENVIRONMENTAL,IOWA,00,,
"PRACTICE, MONITORING: (SCOUTED FOR WEEDS - BY OPERATOR, PARTNER, OR FAMILY MEMBER)",ALL PRODUCTION PRACTICES,STATE,ALL CLASSES,IOWA,,FIELD CROPS,ANNUAL,85,PCT OF AREA PLANTED,,00,,PEST MGMT,,SURVEY,19,CORN,UNITED STATES,,"CORN - PEST MGMT, MEASURED IN PCT OF AREA PLANTED",,9000,,00000000,IA,,2010,2012-01-01 00:00:00.000,ALL UTILIZATION PRACTICES,19,YEAR,,"PRACTICE, MONITORING",ENVIRONMENTAL,IOWA,00,,
"PRACTICE, MONITORING: (SCOUTED FOR WEEDS)",ALL PRODUCTION PRACTICES,STATE,ALL CLASSES,IOWA,,FIELD CROPS,ANNUAL,0,PCT OF AREA PLANTED,,00,,PEST MGMT,,SURVEY,19,CORN,UNITED STATES,,"CORN - PEST MGMT, MEASURED IN PCT OF AREA PLANTED",,9000,,00000000,IA,,2021,2021-05-13 15:00:30.000,ALL UTILIZATION PRACTICES,19,YEAR,,"PRACTICE, MONITORING",ENVIRONMENTAL,IOWA,00,,
"PRACTICE, MONITORING: (SCOUTED FOR WEEDS)",ALL PRODUCTION PRACTICES,STATE,ALL CLASSES,IOWA,,FIELD CROPS,ANNUAL,94,PCT OF AREA PLANTED,,00,,PEST MGMT,,SURVEY,19,CORN,UNITED STATES,,"CORN - PEST MGMT, MEASURED IN PCT OF AREA PLANTED",,9000,,00000000,IA,,2018,2018-05-10 15:16:25.000,ALL UTILIZATION PRACTICES,19,YEAR,,"PRACTICE, MONITORING",ENVIRONMENTAL,IOWA,00,,
"PRACTICE, MONITORING: (SCOUTED FOR WEEDS)",ALL PRODUCTION PRACTICES,STATE,ALL CLASSES,IOWA,,FIELD CROPS,ANNUAL,88,PCT OF AREA PLANTED,,00,,PEST MGMT,,SURVEY,19,CORN,UNITED STATES,,"CORN - PEST MGMT, MEASURED IN PCT OF AREA PLANTED",,9000,,00000000,IA,,2016,2016-08-31 14:19:39.000,ALL UTILIZATION PRACTICES,19,YEAR,,"PRACTICE, MONITORING",ENVIRONMENTAL,IOWA,00,,
"PRACTICE, MONITORING: (SCOUTED FOR WEEDS)",ALL PRODUCTION PRACTICES,STATE,ALL CLASSES,IOWA,,FIELD CROPS,ANNUAL,94,PCT OF AREA PLANTED,,00,,PEST MGMT,,SURVEY,19,CORN,UNITED STATES,,"CORN - PEST MGMT, MEASURED IN PCT OF AREA PLANTED",,9000,,00000000,IA,,2014,2014-05-14 15:12:54.000,ALL UTILIZATION PRACTICES,19,YEAR,,"PRACTICE, MONITORING",ENVIRONMENTAL,IOWA,00,,
"PRACTICE, MONITORING: (SCOUTED FOR WEEDS)",ALL PRODUCTION PRACTICES,STATE,ALL CLASSES,IOWA,,FIELD CROPS,ANNUAL,86,PCT OF AREA PLANTED,,00,,PEST MGMT,,SURVEY,19,CORN,UNITED STATES,,"CORN - PEST MGMT, MEASURED IN PCT OF AREA PLANTED",,9000,,00000000,IA,,2010,2012-01-01 00:00:00.000,ALL UTILIZATION PRACTICES,19,YEAR,,"PRACTICE, MONITORING",ENVIRONMENTAL,IOWA,00,,
"PRACTICE, MONITORING: (WEATHER DATA USED TO ASSIST DECISIONS)",ALL PRODUCTION PRACTICES,STATE,ALL CLASSES,IOWA,,FIELD CROPS,ANNUAL,43,PCT OF AREA PLANTED,,00,,PEST MGMT,,SURVEY,19,CORN,UNITED STATES,,"CORN - PEST MGMT, MEASURED IN PCT OF AREA PLANTED",,9000,,00000000,IA,,2021,2021-05-13 15:00:30.000,ALL UTILIZATION PRACTICES,19,YEAR,,"PRACTICE, MONITORING",ENVIRONMENTAL,IOWA,00,,
"PRACTICE, MONITORING: (WEATHER DATA USED TO ASSIST DECISIONS)",ALL PRODUCTION PRACTICES,STATE,ALL CLASSES,IOWA,,FIELD CROPS,ANNUAL,61,PCT OF AREA PLANTED,,00,,PEST MGMT,,SURVEY,19,CORN,UNITED STATES,,"CORN - PEST MGMT, MEASURED IN PCT OF AREA PLANTED",,9000,,00000000,IA,,2018,2018-05-10 15:16:25.000,ALL UTILIZATION PRACTICES,19,YEAR,,"PRACTICE, MONITORING",ENVIRONMENTAL,IOWA,00,,
"PRACTICE, MONITORING: (WEATHER DATA USED TO ASSIST DECISIONS)",ALL PRODUCTION PRACTICES,STATE,ALL CLASSES,IOWA,,FIELD CROPS,ANNUAL,63,PCT OF AREA PLANTED,,00,,PEST MGMT,,SURVEY,19,CORN,UNITED STATES,,"CORN - PEST MGMT, MEASURED IN PCT OF AREA PLANTED",,9000,,00000000,IA,,2016,2016-08-31 14:19:39.000,ALL UTILIZATION PRACTICES,19,YEAR,,"PRACTICE, MONITORING",ENVIRONMENTAL,IOWA,00,,
"PRACTICE, MONITORING: (WEATHER DATA USED TO ASSIST DECISIONS)",ALL PRODUCTION PRACTICES,STATE,ALL CLASSES,IOWA,,FIELD CROPS,ANNUAL,48,PCT OF AREA PLANTED,,00,,PEST MGMT,,SURVEY,19,CORN,UNITED STATES,,"CORN - PEST MGMT, MEASURED IN PCT OF AREA PLANTED",,9000,,00000000,IA,,2014,2014-05-14 15:12:54.000,ALL UTILIZATION PRACTICES,19,YEAR,,"PRACTICE, MONITORING",ENVIRONMENTAL,IOWA,00,,
"PRACTICE, MONITORING: (WEATHER DATA USED TO ASSIST DECISIONS)",ALL PRODUCTION PRACTICES,STATE,ALL CLASSES,IOWA,,FIELD CROPS,ANNUAL,65,PCT OF AREA PLANTED,,00,,PEST MGMT,,SURVEY,19,CORN,UNITED STATES,,"CORN - PEST MGMT, MEASURED IN PCT OF AREA PLANTED",,9000,,00000000,IA,,2010,2012-01-01 00:00:00.000,ALL UTILIZATION PRACTICES,19,YEAR,,"PRACTICE, MONITORING",ENVIRONMENTAL,IOWA,00,,
"PRACTICE, MONITORING: (WRITTEN OR ELECTRONIC RECORDS KEPT TO TRACK THE ACTIVITY OF PESTS)",ALL PRODUCTION PRACTICES,STATE,ALL CLASSES,IOWA,,FIELD CROPS,ANNUAL,51,PCT OF AREA PLANTED,,00,,PEST MGMT,,SURVEY,19,CORN,UNITED STATES,,"CORN - PEST MGMT, MEASURED IN PCT OF AREA PLANTED",,9000,,00000000,IA,,2021,2021-05-13 15:00:30.000,ALL UTILIZATION PRACTICES,19,YEAR,,"PRACTICE, MONITORING",ENVIRONMENTAL,IOWA,00,,
"PRACTICE, MONITORING: (WRITTEN OR ELECTRONIC RECORDS KEPT TO TRACK THE ACTIVITY OF PESTS)",ALL PRODUCTION PRACTICES,STATE,ALL CLASSES,IOWA,,FIELD CROPS,ANNUAL,32,PCT OF AREA PLANTED,,00,,PEST MGMT,,SURVEY,19,CORN,UNITED STATES,,"CORN - PEST MGMT, MEASURED IN PCT OF AREA PLANTED",,9000,,00000000,IA,,2018,2018-05-10 15:16:25.000,ALL UTILIZATION PRACTICES,19,YEAR,,"PRACTICE, MONITORING",ENVIRONMENTAL,IOWA,00,,
"PRACTICE, MONITORING: (WRITTEN OR ELECTRONIC RECORDS KEPT TO TRACK THE ACTIVITY OF PESTS)",ALL PRODUCTION PRACTICES,STATE,ALL CLASSES,IOWA,,FIELD CROPS,ANNUAL,20,PCT OF AREA PLANTED,,00,,PEST MGMT,,SURVEY,19,CORN,UNITED STATES,,"CORN - PEST MGMT, MEASURED IN PCT OF AREA PLANTED",,9000,,00000000,IA,,2016,2016-08-31 14:19:39.000,ALL UTILIZATION PRACTICES,19,YEAR,,"PRACTICE, MONITORING",ENVIRONMENTAL,IOWA,00,,
"PRACTICE, MONITORING: (WRITTEN OR ELECTRONIC RECORDS KEPT TO TRACK THE ACTIVITY OF PESTS)",ALL PRODUCTION PRACTICES,STATE,ALL CLASSES,IOWA,,FIELD CROPS,ANNUAL,33,PCT OF AREA PLANTED,,00,,PEST MGMT,,SURVEY,19,CORN,UNITED STATES,,"CORN - PEST MGMT, MEASURED IN PCT OF AREA PLANTED",,9000,,00000000,IA,,2014,2014-05-14 15:12:54.000,ALL UTILIZATION PRACTICES,19,YEAR,,"PRACTICE, MONITORING",ENVIRONMENTAL,IOWA,00,,
"PRACTICE, MONITORING: (WRITTEN OR ELECTRONIC RECORDS KEPT TO TRACK THE ACTIVITY OF PESTS)",ALL PRODUCTION PRACTICES,STATE,ALL CLASSES,IOWA,,FIELD CROPS,ANNUAL,12,PCT OF AREA PLANTED,,00,,PEST MGMT,,SURVEY,19,CORN,UNITED STATES,,"CORN - PEST MGMT, MEASURED IN PCT OF AREA PLANTED",,9000,,00000000,IA,,2010,2012-01-01 00:00:00.000,ALL UTILIZATION PRACTICES,19,YEAR,,"PRACTICE, MONITORING",ENVIRONMENTAL,IOWA,00,,
"PRACTICE, PREVENTION: (BENEFICIAL INSECT OR VERTEBRATE HABITAT MAINTAINED)",ALL PRODUCTION PRACTICES,STATE,ALL CLASSES,IOWA,,FIELD CROPS,ANNUAL,1,PCT OF AREA PLANTED,,00,,PEST MGMT,,SURVEY,19,CORN,UNITED STATES,,"CORN - PEST MGMT, MEASURED IN PCT OF AREA PLANTED",,9000,,00000000,IA,,2021,2021-05-13 15:00:30.000,ALL UTILIZATION PRACTICES,19,YEAR,,"PRACTICE, PREVENTION",ENVIRONMENTAL,IOWA,00,,
"PRACTICE, PREVENTION: (BENEFICIAL INSECT OR VERTEBRATE HABITAT MAINTAINED)",ALL PRODUCTION PRACTICES,STATE,ALL CLASSES,IOWA,,FIELD CROPS,ANNUAL,12,PCT OF AREA PLANTED,,00,,PEST MGMT,,SURVEY,19,CORN,UNITED STATES,,"CORN - PEST MGMT, MEASURED IN PCT OF AREA PLANTED",,9000,,00000000,IA,,2018,2018-05-10 15:16:25.000,ALL UTILIZATION PRACTICES,19,YEAR,,"PRACTICE, PREVENTION",ENVIRONMENTAL,IOWA,00,,
"PRACTICE, PREVENTION: (BENEFICIAL INSECT OR VERTEBRATE HABITAT MAINTAINED)",ALL PRODUCTION PRACTICES,STATE,ALL CLASSES,IOWA,,FIELD CROPS,ANNUAL,10,PCT OF AREA PLANTED,,00,,PEST MGMT,,SURVEY,19,CORN,UNITED STATES,,"CORN - PEST MGMT, MEASURED IN PCT OF AREA PLANTED",,9000,,00000000,IA,,2016,2016-08-31 14:19:39.000,ALL UTILIZATION PRACTICES,19,YEAR,,"PRACTICE, PREVENTION",ENVIRONMENTAL,IOWA,00,,
"PRACTICE, PREVENTION: (BENEFICIAL INSECT OR VERTEBRATE HABITAT MAINTAINED)",ALL PRODUCTION PRACTICES,STATE,ALL CLASSES,IOWA,,FIELD CROPS,ANNUAL,16,PCT OF AREA PLANTED,,00,,PEST MGMT,,SURVEY,19,CORN,UNITED STATES,,"CORN - PEST MGMT, MEASURED IN PCT OF AREA PLANTED",,9000,,00000000,IA,,2014,2014-05-14 15:12:54.000,ALL UTILIZATION PRACTICES,19,YEAR,,"PRACTICE, PREVENTION",ENVIRONMENTAL,IOWA,00,,
"PRACTICE, PREVENTION: (BENEFICIAL INSECT OR VERTEBRATE HABITAT MAINTAINED)",ALL PRODUCTION PRACTICES,STATE,ALL CLASSES,IOWA,,FIELD CROPS,ANNUAL,16,PCT OF AREA PLANTED,,00,,PEST MGMT,,SURVEY,19,CORN,UNITED STATES,,"CORN - PEST MGMT, MEASURED IN PCT OF AREA PLANTED",,9000,,00000000,IA,,2010,2012-01-01 00:00:00.000,ALL UTILIZATION PRACTICES,19,YEAR,,"PRACTICE, PREVENTION",ENVIRONMENTAL,IOWA,00,,
"PRACTICE, PREVENTION: (CROP RESIDUES REMOVED OR BURNED DOWN)",ALL PRODUCTION PRACTICES,STATE,ALL CLASSES,IOWA,,FIELD CROPS,ANNUAL,2,PCT OF AREA PLANTED,,00,,PEST MGMT,,SURVEY,19,CORN,UNITED STATES,,"CORN - PEST MGMT, MEASURED IN PCT OF AREA PLANTED",,9000,,00000000,IA,,2021,2021-05-13 15:00:30.000,ALL UTILIZATION PRACTICES,19,YEAR,,"PRACTICE, PREVENTION",ENVIRONMENTAL,IOWA,00,,
"PRACTICE, PREVENTION: (CROP RESIDUES REMOVED OR BURNED DOWN)",ALL PRODUCTION PRACTICES,STATE,ALL CLASSES,IOWA,,FIELD CROPS,ANNUAL,4,PCT OF AREA PLANTED,,00,,PEST MGMT,,SURVEY,19,CORN,UNITED STATES,,"CORN - PEST MGMT, MEASURED IN PCT OF AREA PLANTED",,9000,,00000000,IA,,2018,2018-05-10 15:16:25.000,ALL UTILIZATION PRACTICES,19,YEAR,,"PRACTICE, PREVENTION",ENVIRONMENTAL,IOWA,00,,
"PRACTICE, PREVENTION: (CROP RESIDUES REMOVED OR BURNED DOWN)",ALL PRODUCTION PRACTICES,STATE,ALL CLASSES,IOWA,,FIELD CROPS,ANNUAL,8,PCT OF AREA PLANTED,,00,,PEST MGMT,,SURVEY,19,CORN,UNITED STATES,,"CORN - PEST MGMT, MEASURED IN PCT OF AREA PLANTED",,9000,,00000000,IA,,2016,2016-08-31 14:19:39.000,ALL UTILIZATION PRACTICES,19,YEAR,,"PRACTICE, PREVENTION",ENVIRONMENTAL,IOWA,00,,
"PRACTICE, PREVENTION: (CROP RESIDUES REMOVED OR BURNED DOWN)",ALL PRODUCTION PRACTICES,STATE,ALL CLASSES,IOWA,,FIELD CROPS,ANNUAL,6,PCT OF AREA PLANTED,,00,,PEST MGMT,,SURVEY,19,CORN,UNITED STATES,,"CORN - PEST MGMT, MEASURED IN PCT OF AREA PLANTED",,9000,,00000000,IA,,2014,2014-05-14 15:12:54.000,ALL UTILIZATION PRACTICES,19,YEAR,,"PRACTICE, PREVENTION",ENVIRONMENTAL,IOWA,00,,
"PRACTICE, PREVENTION: (CROP RESIDUES REMOVED OR BURNED DOWN)",ALL PRODUCTION PRACTICES,STATE,ALL CLASSES,IOWA,,FIELD CROPS,ANNUAL,6,PCT OF AREA PLANTED,,00,,PEST MGMT,,SURVEY,19,CORN,UNITED STATES,,"CORN - PEST MGMT, MEASURED IN PCT OF AREA PLANTED",,9000,,00000000,IA,,2010,2012-01-01 00:00:00.000,ALL UTILIZATION PRACTICES,19,YEAR,,"PRACTICE, PREVENTION",ENVIRONMENTAL,IOWA,00,,
"PRACTICE, PREVENTION: (EQUIPMENT & IMPLEMENTS CLEANED AFTER FIELD WORK TO REDUCE SPREAD OF PESTS)",ALL PRODUCTION PRACTICES,STATE,ALL CLASSES,IOWA,,FIELD CROPS,ANNUAL,48,PCT OF AREA PLANTED,,00,,PEST MGMT,,SURVEY,19,CORN,UNITED STATES,,"CORN - PEST MGMT, MEASURED IN PCT OF AREA PLANTED",,9000,,00000000,IA,,2021,2021-05-13 15:00:30.000,ALL UTILIZATION PRACTICES,19,YEAR,,"PRACTICE, PREVENTION",ENVIRONMENTAL,IOWA,00,,
"PRACTICE, PREVENTION: (EQUIPMENT & IMPLEMENTS CLEANED AFTER FIELD WORK TO REDUCE SPREAD OF PESTS)",ALL PRODUCTION PRACTICES,STATE,ALL CLASSES,IOWA,,FIELD CROPS,ANNUAL,40,PCT OF AREA PLANTED,,00,,PEST MGMT,,SURVEY,19,CORN,UNITED STATES,,"CORN - PEST MGMT, MEASURED IN PCT OF AREA PLANTED",,9000,,00000000,IA,,2018,2018-05-10 15:16:25.000,ALL UTILIZATION PRACTICES,19,YEAR,,"PRACTICE, PREVENTION",ENVIRONMENTAL,IOWA,00,,
"PRACTICE, PREVENTION: (EQUIPMENT & IMPLEMENTS CLEANED AFTER FIELD WORK TO REDUCE SPREAD OF PESTS)",ALL PRODUCTION PRACTICES,STATE,ALL CLASSES,IOWA,,FIELD CROPS,ANNUAL,32,PCT OF AREA PLANTED,,00,,PEST MGMT,,SURVEY,19,CORN,UNITED STATES,,"CORN - PEST MGMT, MEASURED IN PCT OF AREA PLANTED",,9000,,00000000,IA,,2016,2016-08-31 14:19:39.000,ALL UTILIZATION PRACTICES,19,YEAR,,"PRACTICE, PREVENTION",ENVIRONMENTAL,IOWA,00,,
"PRACTICE, PREVENTION: (EQUIPMENT & IMPLEMENTS CLEANED AFTER FIELD WORK TO REDUCE SPREAD OF PESTS)",ALL PRODUCTION PRACTICES,STATE,ALL CLASSES,IOWA,,FIELD CROPS,ANNUAL,19,PCT OF AREA PLANTED,,00,,PEST MGMT,,SURVEY,19,CORN,UNITED STATES,,"CORN - PEST MGMT, MEASURED IN PCT OF AREA PLANTED",,9000,,00000000,IA,,2014,2014-05-14 15:12:54.000,ALL UTILIZATION PRACTICES,19,YEAR,,"PRACTICE, PREVENTION",ENVIRONMENTAL,IOWA,00,,
"PRACTICE, PREVENTION: (EQUIPMENT & IMPLEMENTS CLEANED AFTER FIELD WORK TO REDUCE SPREAD OF PESTS)",ALL PRODUCTION PRACTICES,STATE,ALL CLASSES,IOWA,,FIELD CROPS,ANNUAL,23,PCT OF AREA PLANTED,,00,,PEST MGMT,,SURVEY,19,CORN,UNITED STATES,,"CORN - PEST MGMT, MEASURED IN PCT OF AREA PLANTED",,9000,,00000000,IA,,2010,2012-01-01 00:00:00.000,ALL UTILIZATION PRACTICES,19,YEAR,,"PRACTICE, PREVENTION",ENVIRONMENTAL,IOWA,00,,
"PRACTICE, PREVENTION: (FIELD EDGES, DITCHES, OR FENCE LINES WERE CHOPPED, SPRAYED, MOWED, PLOWED, OR BURNED)",ALL PRODUCTION PRACTICES,STATE,ALL CLASSES,IOWA,,FIELD CROPS,ANNUAL,52,PCT OF AREA PLANTED,,00,,PEST MGMT,,SURVEY,19,CORN,UNITED STATES,,"CORN - PEST MGMT, MEASURED IN PCT OF AREA PLANTED",,9000,,00000000,IA,,2021,2021-05-13 15:00:30.000,ALL UTILIZATION PRACTICES,19,YEAR,,"PRACTICE, PREVENTION",ENVIRONMENTAL,IOWA,00,,
"PRACTICE, PREVENTION: (FIELD EDGES, DITCHES, OR FENCE LINES WERE CHOPPED, SPRAYED, MOWED, PLOWED, OR BURNED)",ALL PRODUCTION PRACTICES,STATE,ALL CLASSES,IOWA,,FIELD CROPS,ANNUAL,62,PCT OF AREA PLANTED,,00,,PEST MGMT,,SURVEY,19,CORN,UNITED STATES,,"CORN - PEST MGMT, MEASURED IN PCT OF AREA PLANTED",,9000,,00000000,IA,,2018,2018-05-10 15:16:25.000,ALL UTILIZATION PRACTICES,19,YEAR,,"PRACTICE, PREVENTION",ENVIRONMENTAL,IOWA,00,,
"PRACTICE, PREVENTION: (FIELD EDGES, DITCHES, OR FENCE LINES WERE CHOPPED, SPRAYED, MOWED, PLOWED, OR BURNED)",ALL PRODUCTION PRACTICES,STATE,ALL CLASSES,IOWA,,FIELD CROPS,ANNUAL,49,PCT OF AREA PLANTED,,00,,PEST MGMT,,SURVEY,19,CORN,UNITED STATES,,"CORN - PEST MGMT, MEASURED IN PCT OF AREA PLANTED",,9000,,00000000,IA,,2016,2016-08-31 14:19:39.000,ALL UTILIZATION PRACTICES,19,YEAR,,"PRACTICE, PREVENTION",ENVIRONMENTAL,IOWA,00,,
"PRACTICE, PREVENTION: (FIELD EDGES, DITCHES, OR FENCE LINES WERE CHOPPED, SPRAYED, MOWED, PLOWED, OR BURNED)",ALL PRODUCTION PRACTICES,STATE,ALL CLASSES,IOWA,,FIELD CROPS,ANNUAL,52,PCT OF AREA PLANTED,,00,,PEST MGMT,,SURVEY,19,CORN,UNITED STATES,,"CORN - PEST MGMT, MEASURED IN PCT OF AREA PLANTED",,9000,,00000000,IA,,2014,2014-05-14 15:12:54.000,ALL UTILIZATION PRACTICES,19,YEAR,,"PRACTICE, PREVENTION",ENVIRONMENTAL,IOWA,00,,
"PRACTICE, PREVENTION: (FIELD EDGES, DITCHES, OR FENCE LINES WERE CHOPPED, SPRAYED, MOWED, PLOWED, OR BURNED)",ALL PRODUCTION PRACTICES,STATE,ALL CLASSES,IOWA,,FIELD CROPS,ANNUAL,47,PCT OF AREA PLANTED,,00,,PEST MGMT,,SURVEY,19,CORN,UNITED STATES,,"CORN - PEST MGMT, MEASURED IN PCT OF AREA PLANTED",,9000,,00000000,IA,,2010,2012-01-01 00:00:00.000,ALL UTILIZATION PRACTICES,19,YEAR,,"PRACTICE, PREVENTION",ENVIRONMENTAL,IOWA,00,,
"PRACTICE, PREVENTION: (FIELD LEFT FALLOW PREVIOUS YEAR TO MANAGE INSECTS)",ALL PRODUCTION PRACTICES,STATE,ALL CLASSES,IOWA,,FIELD CROPS,ANNUAL,4,PCT OF AREA PLANTED,,00,,PEST MGMT,,SURVEY,19,CORN,UNITED STATES,,"CORN - PEST MGMT, MEASURED IN PCT OF AREA PLANTED",,9000,,00000000,IA,,2021,2021-05-13 15:00:30.000,ALL UTILIZATION PRACTICES,19,YEAR,,"PRACTICE, PREVENTION",ENVIRONMENTAL,IOWA,00,,
"PRACTICE, PREVENTION: (FIELD LEFT FALLOW PREVIOUS YEAR TO MANAGE INSECTS)",ALL PRODUCTION PRACTICES,STATE,ALL CLASSES,IOWA,,FIELD CROPS,ANNUAL,0,PCT OF AREA PLANTED,,00,,PEST MGMT,,SURVEY,19,CORN,UNITED STATES,,"CORN - PEST MGMT, MEASURED IN PCT OF AREA PLANTED",,9000,,00000000,IA,,2018,2018-05-10 15:16:25.000,ALL UTILIZATION PRACTICES,19,YEAR,,"PRACTICE, PREVENTION",ENVIRONMENTAL,IOWA,00,,
"PRACTICE, PREVENTION: (FIELD LEFT FALLOW PREVIOUS YEAR TO MANAGE INSECTS)",ALL PRODUCTION PRACTICES,STATE,ALL CLASSES,IOWA,,FIELD CROPS,ANNUAL,0,PCT OF AREA PLANTED,,00,,PEST MGMT,,SURVEY,19,CORN,UNITED STATES,,"CORN - PEST MGMT, MEASURED IN PCT OF AREA PLANTED",,9000,,00000000,IA,,2016,2016-08-31 14:19:39.000,ALL UTILIZATION PRACTICES,19,YEAR,,"PRACTICE, PREVENTION",ENVIRONMENTAL,IOWA,00,,
"PRACTICE, PREVENTION: (FIELD LEFT FALLOW PREVIOUS YEAR TO MANAGE INSECTS)",ALL PRODUCTION PRACTICES,STATE,ALL CLASSES,IOWA,,FIELD CROPS,ANNUAL,1,PCT OF AREA PLANTED,,00,,PEST MGMT,,SURVEY,19,CORN,UNITED STATES,,"CORN - PEST MGMT, MEASURED IN PCT OF AREA PLANTED",,9000,,00000000,IA,,2014,2014-05-14 15:12:54.000,ALL UTILIZATION PRACTICES,19,YEAR,,"PRACTICE, PREVENTION",ENVIRONMENTAL,IOWA,00,,
"PRACTICE, PREVENTION: (FIELD LEFT FALLOW PREVIOUS YEAR TO MANAGE INSECTS)",ALL PRODUCTION PRACTICES,STATE,ALL CLASSES,IOWA,,FIELD CROPS,ANNUAL,0,PCT OF AREA PLANTED,,00,,PEST MGMT,,SURVEY,19,CORN,UNITED STATES,,"CORN - PEST MGMT, MEASURED IN PCT OF AREA PLANTED",,9000,,00000000,IA,,2010,2012-01-01 00:00:00.000,ALL UTILIZATION PRACTICES,19,YEAR,,"PRACTICE, PREVENTION",ENVIRONMENTAL,IOWA,00,,
"PRACTICE, PREVENTION: (FLAMER USED TO KILL WEEDS)",ALL PRODUCTION PRACTICES,STATE,ALL CLASSES,IOWA,,FIELD CROPS,ANNUAL,0,PCT OF AREA PLANTED,,00,,PEST MGMT,,SURVEY,19,CORN,UNITED STATES,,"CORN - PEST MGMT, MEASURED IN PCT OF AREA PLANTED",,9000,,00000000,IA,,2021,2021-05-13 15:00:30.000,ALL UTILIZATION PRACTICES,19,YEAR,,"PRACTICE, PREVENTION",ENVIRONMENTAL,IOWA,00,,
"PRACTICE, PREVENTION: (FLAMER USED TO KILL WEEDS)",ALL PRODUCTION PRACTICES,STATE,ALL CLASSES,IOWA,,FIELD CROPS,ANNUAL,                 (Z),PCT OF AREA PLANTED,,00,,PEST MGMT,,SURVEY,19,CORN,UNITED STATES,,"CORN - PEST MGMT, MEASURED IN PCT OF AREA PLANTED",,9000,,00000000,IA,,2018,2018-05-10 15:16:25.000,ALL UTILIZATION PRACTICES,19,YEAR,,"PRACTICE, PREVENTION",ENVIRONMENTAL,IOWA,00,,
"PRACTICE, PREVENTION: (FLAMER USED TO KILL WEEDS)",ALL PRODUCTION PRACTICES,STATE,ALL CLASSES,IOWA,,FIELD CROPS,ANNUAL,1,PCT OF AREA PLANTED,,00,,PEST MGMT,,SURVEY,19,CORN,UNITED STATES,,"CORN - PEST MGMT, MEASURED IN PCT OF AREA PLANTED",,9000,,00000000,IA,,2016,2016-08-31 14:19:39.000,ALL UTILIZATION PRACTICES,19,YEAR,,"PRACTICE, PREVENTION",ENVIRONMENTAL,IOWA,00,,
"PRACTICE, PREVENTION: (FLAMER USED TO KILL WEEDS)",ALL PRODUCTION PRACTICES,STATE,ALL CLASSES,IOWA,,FIELD CROPS,ANNUAL,1,PCT OF AREA PLANTED,,00,,PEST MGMT,,SURVEY,19,CORN,UNITED STATES,,"CORN - PEST MGMT, MEASURED IN PCT OF AREA PLANTED",,9000,,00000000,IA,,2014,2014-05-14 15:12:54.000,ALL UTILIZATION PRACTICES,19,YEAR,,"PRACTICE, PREVENTION",ENVIRONMENTAL,IOWA,00,,
"PRACTICE, PREVENTION: (FLAMER USED TO KILL WEEDS)",ALL PRODUCTION PRACTICES,STATE,ALL CLASSES,IOWA,,FIELD CROPS,ANNUAL,                 (Z),PCT OF AREA PLANTED,,00,,PEST MGMT,,SURVEY,19,CORN,UNITED STATES,,"CORN - PEST MGMT, MEASURED IN PCT OF AREA PLANTED",,9000,,00000000,IA,,2010,2012-01-01 00:00:00.000,ALL UTILIZATION PRACTICES,19,YEAR,,"PRACTICE, PREVENTION",ENVIRONMENTAL,IOWA,00,,
"PRACTICE, PREVENTION: (NO-TILL OR MINIMUM TILL USED)",ALL PRODUCTION PRACTICES,STATE,ALL CLASSES,IOWA,,FIELD CROPS,ANNUAL,51,PCT OF AREA PLANTED,,00,,PEST MGMT,,SURVEY,19,CORN,UNITED STATES,,"CORN - PEST MGMT, MEASURED IN PCT OF AREA PLANTED",,9000,,00000000,IA,,2021,2021-05-13 15:00:30.000,ALL UTILIZATION PRACTICES,19,YEAR,,"PRACTICE, PREVENTION",ENVIRONMENTAL,IOWA,00,,
"PRACTICE, PREVENTION: (NO-TILL OR MINIMUM TILL USED)",ALL PRODUCTION PRACTICES,STATE,ALL CLASSES,IOWA,,FIELD CROPS,ANNUAL,63,PCT OF AREA PLANTED,,00,,PEST MGMT,,SURVEY,19,CORN,UNITED STATES,,"CORN - PEST MGMT, MEASURED IN PCT OF AREA PLANTED",,9000,,00000000,IA,,2018,2018-05-10 15:16:25.000,ALL UTILIZATION PRACTICES,19,YEAR,,"PRACTICE, PREVENTION",ENVIRONMENTAL,IOWA,00,,
"PRACTICE, PREVENTION: (NO-TILL OR MINIMUM TILL USED)",ALL PRODUCTION PRACTICES,STATE,ALL CLASSES,IOWA,,FIELD CROPS,ANNUAL,67,PCT OF AREA PLANTED,,00,,PEST MGMT,,SURVEY,19,CORN,UNITED STATES,,"CORN - PEST MGMT, MEASURED IN PCT OF AREA PLANTED",,9000,,00000000,IA,,2016,2016-08-31 14:19:39.000,ALL UTILIZATION PRACTICES,19,YEAR,,"PRACTICE, PREVENTION",ENVIRONMENTAL,IOWA,00,,
"PRACTICE, PREVENTION: (NO-TILL OR MINIMUM TILL USED)",ALL PRODUCTION PRACTICES,STATE,ALL CLASSES,IOWA,,FIELD CROPS,ANNUAL,68,PCT OF AREA PLANTED,,00,,PEST MGMT,,SURVEY,19,CORN,UNITED STATES,,"CORN - PEST MGMT, MEASURED IN PCT OF AREA PLANTED",,9000,,00000000,IA,,2014,2014-05-14 15:12:54.000,ALL UTILIZATION PRACTICES,19,YEAR,,"PRACTICE, PREVENTION",ENVIRONMENTAL,IOWA,00,,
"PRACTICE, PREVENTION: (NO-TILL OR MINIMUM TILL USED)",ALL PRODUCTION PRACTICES,STATE,ALL CLASSES,IOWA,,FIELD CROPS,ANNUAL,72,PCT OF AREA PLANTED,,00,,PEST MGMT,,SURVEY,19,CORN,UNITED STATES,,"CORN - PEST MGMT, MEASURED IN PCT OF AREA PLANTED",,9000,,00000000,IA,,2010,2012-01-01 00:00:00.000,ALL UTILIZATION PRACTICES,19,YEAR,,"PRACTICE, PREVENTION",ENVIRONMENTAL,IOWA,00,,
"PRACTICE, PREVENTION: (PLOWED DOWN CROP RESIDUE USING CONVENTIONAL TILLAGE)",ALL PRODUCTION PRACTICES,STATE,ALL CLASSES,IOWA,,FIELD CROPS,ANNUAL,39,PCT OF AREA PLANTED,,00,,PEST MGMT,,SURVEY,19,CORN,UNITED STATES,,"CORN - PEST MGMT, MEASURED IN PCT OF AREA PLANTED",,9000,,00000000,IA,,2021,2021-05-13 15:00:30.000,ALL UTILIZATION PRACTICES,19,YEAR,,"PRACTICE, PREVENTION",ENVIRONMENTAL,IOWA,00,,
"PRACTICE, PREVENTION: (PLOWED DOWN CROP RESIDUE USING CONVENTIONAL TILLAGE)",ALL PRODUCTION PRACTICES,STATE,ALL CLASSES,IOWA,,FIELD CROPS,ANNUAL,29,PCT OF AREA PLANTED,,00,,PEST MGMT,,SURVEY,19,CORN,UNITED STATES,,"CORN - PEST MGMT, MEASURED IN PCT OF AREA PLANTED",,9000,,00000000,IA,,2018,2018-05-10 15:16:25.000,ALL UTILIZATION PRACTICES,19,YEAR,,"PRACTICE, PREVENTION",ENVIRONMENTAL,IOWA,00,,
"PRACTICE, PREVENTION: (PLOWED DOWN CROP RESIDUE USING CONVENTIONAL TILLAGE)",ALL PRODUCTION PRACTICES,STATE,ALL CLASSES,IOWA,,FIELD CROPS,ANNUAL,30,PCT OF AREA PLANTED,,00,,PEST MGMT,,SURVEY,19,CORN,UNITED STATES,,"CORN - PEST MGMT, MEASURED IN PCT OF AREA PLANTED",,9000,,00000000,IA,,2016,2016-08-31 14:19:39.000,ALL UTILIZATION PRACTICES,19,YEAR,,"PRACTICE, PREVENTION",ENVIRONMENTAL,IOWA,00,,
"PRACTICE, PREVENTION: (PLOWED DOWN CROP RESIDUE USING CONVENTIONAL TILLAGE)",ALL PRODUCTION PRACTICES,STATE,ALL CLASSES,IOWA,,FIELD CROPS,ANNUAL,24,PCT OF AREA PLANTED,,00,,PEST MGMT,,SURVEY,19,CORN,UNITED STATES,,"CORN - PEST MGMT, MEASURED IN PCT OF AREA PLANTED",,9000,,00000000,IA,,2014,2014-05-14 15:12:54.000,ALL UTILIZATION PRACTICES,19,YEAR,,"PRACTICE, PREVENTION",ENVIRONMENTAL,IOWA,00,,
"PRACTICE, PREVENTION: (PLOWED DOWN CROP RESIDUE USING CONVENTIONAL TILLAGE)",ALL PRODUCTION PRACTICES,STATE,ALL CLASSES,IOWA,,FIELD CROPS,ANNUAL,17,PCT OF AREA PLANTED,,00,,PEST MGMT,,SURVEY,19,CORN,UNITED STATES,,"CORN - PEST MGMT, MEASURED IN PCT OF AREA PLANTED",,9000,,00000000,IA,,2010,2012-01-01 00:00:00.000,ALL UTILIZATION PRACTICES,19,YEAR,,"PRACTICE, PREVENTION",ENVIRONMENTAL,IOWA,00,,
"PRACTICE, PREVENTION: (SEED TREATED FOR INSECT OR DISEASE CONTROL AFTER PURCHASE)",ALL PRODUCTION PRACTICES,STATE,ALL CLASSES,IOWA,,FIELD CROPS,ANNUAL,12,PCT OF AREA PLANTED,,00,,PEST MGMT,,SURVEY,19,CORN,UNITED STATES,,"CORN - PEST MGMT, MEASURED IN PCT OF AREA PLANTED",,9000,,00000000,IA,,2021,2021-05-13 15:00:30.000,ALL UTILIZATION PRACTICES,19,YEAR,,"PRACTICE, PREVENTION",ENVIRONMENTAL,IOWA,00,,
"PRACTICE, PREVENTION: (SEED TREATED FOR INSECT OR DISEASE CONTROL AFTER PURCHASE)",ALL PRODUCTION PRACTICES,STATE,ALL CLASSES,IOWA,,FIELD CROPS,ANNUAL,21,PCT OF AREA PLANTED,,00,,PEST MGMT,,SURVEY,19,CORN,UNITED STATES,,"CORN - PEST MGMT, MEASURED IN PCT OF AREA PLANTED",,9000,,00000000,IA,,2018,2018-05-10 15:16:25.000,ALL UTILIZATION PRACTICES,19,YEAR,,"PRACTICE, PREVENTION",ENVIRONMENTAL,IOWA,00,,
"PRACTICE, PREVENTION: (SEED TREATED FOR INSECT OR DISEASE CONTROL AFTER PURCHASE)",ALL PRODUCTION PRACTICES,STATE,ALL CLASSES,IOWA,,FIELD CROPS,ANNUAL,30,PCT OF AREA PLANTED,,00,,PEST MGMT,,SURVEY,19,CORN,UNITED STATES,,"CORN - PEST MGMT, MEASURED IN PCT OF AREA PLANTED",,9000,,00000000,IA,,2016,2016-08-31 14:19:39.000,ALL UTILIZATION PRACTICES,19,YEAR,,"PRACTICE, PREVENTION",ENVIRONMENTAL,IOWA,00,,
"PRACTICE, PREVENTION: (SEED TREATED FOR INSECT OR DISEASE CONTROL AFTER PURCHASE)",ALL PRODUCTION PRACTICES,STATE,ALL CLASSES,IOWA,,FIELD CROPS,ANNUAL,25,PCT OF AREA PLANTED,,00,,PEST MGMT,,SURVEY,19,CORN,UNITED STATES,,"CORN - PEST MGMT, MEASURED IN PCT OF AREA PLANTED",,9000,,00000000,IA,,2014,2014-05-14 15:12:54.000,ALL UTILIZATION PRACTICES,19,YEAR,,"PRACTICE, PREVENTION",ENVIRONMENTAL,IOWA,00,,
"PRACTICE, PREVENTION: (SEED TREATED FOR INSECT OR DISEASE CONTROL AFTER PURCHASE)",ALL PRODUCTION PRACTICES,STATE,ALL CLASSES,IOWA,,FIELD CROPS,ANNUAL,21,PCT OF AREA PLANTED,,00,,PEST MGMT,,SURVEY,19,CORN,UNITED STATES,,"CORN - PEST MGMT, MEASURED IN PCT OF AREA PLANTED",,9000,,00000000,IA,,2010,2012-01-01 00:00:00.000,ALL UTILIZATION PRACTICES,19,YEAR,,"PRACTICE, PREVENTION",ENVIRONMENTAL,IOWA,00,,
"PRACTICE, PREVENTION: (WATER MGMT PRACTICES USED)",ALL PRODUCTION PRACTICES,STATE,ALL CLASSES,IOWA,,FIELD CROPS,ANNUAL,0,PCT OF AREA PLANTED,,00,,PEST MGMT,,SURVEY,19,CORN,UNITED STATES,,"CORN - PEST MGMT, MEASURED IN PCT OF AREA PLANTED",,9000,,00000000,IA,,2021,2021-05-13 15:00:30.000,ALL UTILIZATION PRACTICES,19,YEAR,,"PRACTICE, PREVENTION",ENVIRONMENTAL,IOWA,00,,
"PRACTICE, PREVENTION: (WATER MGMT PRACTICES USED)",ALL PRODUCTION PRACTICES,STATE,ALL CLASSES,IOWA,,FIELD CROPS,ANNUAL,2,PCT OF AREA PLANTED,,00,,PEST MGMT,,SURVEY,19,CORN,UNITED STATES,,"CORN - PEST MGMT, MEASURED IN PCT OF AREA PLANTED",,9000,,00000000,IA,,2018,2018-05-10 15:16:25.000,ALL UTILIZATION PRACTICES,19,YEAR,,"PRACTICE, PREVENTION",ENVIRONMENTAL,IOWA,00,,
"PRACTICE, PREVENTION: (WATER MGMT PRACTICES USED)",ALL PRODUCTION PRACTICES,STATE,ALL CLASSES,IOWA,,FIELD CROPS,ANNUAL,                 (Z),PCT OF AREA PLANTED,,00,,PEST MGMT,,SURVEY,19,CORN,UNITED STATES,,"CORN - PEST MGMT, MEASURED IN PCT OF AREA PLANTED",,9000,,00000000,IA,,2016,2016-08-31 14:19:39.000,ALL UTILIZATION PRACTICES,19,YEAR,,"PRACTICE, PREVENTION",ENVIRONMENTAL,IOWA,00,,
"PRACTICE, PREVENTION: (WATER MGMT PRACTICES USED)",ALL PRODUCTION PRACTICES,STATE,ALL CLASSES,IOWA,,FIELD CROPS,ANNUAL,5,PCT OF AREA PLANTED,,00,,PEST MGMT,,SURVEY,19,CORN,UNITED STATES,,"CORN - PEST MGMT, MEASURED IN PCT OF AREA PLANTED",,9000,,00000000,IA,,2014,2014-05-14 15:12:54.000,ALL UTILIZATION PRACTICES,19,YEAR,,"PRACTICE, PREVENTION",ENVIRONMENTAL,IOWA,00,,
"PRACTICE, PREVENTION: (WATER MGMT PRACTICES USED)",ALL PRODUCTION PRACTICES,STATE,ALL CLASSES,IOWA,,FIELD CROPS,ANNUAL,2,PCT OF AREA PLANTED,,00,,PEST MGMT,,SURVEY,19,CORN,UNITED STATES,,"CORN - PEST MGMT, MEASURED IN PCT OF AREA PLANTED",,9000,,00000000,IA,,2010,2012-01-01 00:00:00.000,ALL UTILIZATION PRACTICES,19,YEAR,,"PRACTICE, PREVENTION",ENVIRONMENTAL,IOWA,00,,
"PRACTICE, SUPPRESSION: (BENEFICIAL ORGANISMS APPLIED OR RELEASED)",ALL PRODUCTION PRACTICES,STATE,ALL CLASSES,IOWA,,FIELD CROPS,ANNUAL,0,PCT OF AREA PLANTED,,00,,PEST MGMT,,SURVEY,19,CORN,UNITED STATES,,"CORN - PEST MGMT, MEASURED IN PCT OF AREA PLANTED",,9000,,00000000,IA,,2021,2021-05-13 15:00:30.000,ALL UTILIZATION PRACTICES,19,YEAR,,"PRACTICE, SUPPRESSION",ENVIRONMENTAL,IOWA,00,,
"PRACTICE, SUPPRESSION: (BENEFICIAL ORGANISMS APPLIED OR RELEASED)",ALL PRODUCTION PRACTICES,STATE,ALL CLASSES,IOWA,,FIELD CROPS,ANNUAL,0,PCT OF AREA PLANTED,,00,,PEST MGMT,,SURVEY,19,CORN,UNITED STATES,,"CORN - PEST MGMT, MEASURED IN PCT OF AREA PLANTED",,9000,,00000000,IA,,2018,2018-05-10 15:16:25.000,ALL UTILIZATION PRACTICES,19,YEAR,,"PRACTICE, SUPPRESSION",ENVIRONMENTAL,IOWA,00,,
"PRACTICE, SUPPRESSION: (BENEFICIAL ORGANISMS APPLIED OR RELEASED)",ALL PRODUCTION PRACTICES,STATE,ALL CLASSES,IOWA,,FIELD CROPS,ANNUAL,3,PCT OF AREA PLANTED,,00,,PEST MGMT,,SURVEY,19,CORN,UNITED STATES,,"CORN - PEST MGMT, MEASURED IN PCT OF AREA PLANTED",,9000,,00000000,IA,,2016,2016-08-31 14:19:39.000,ALL UTILIZATION PRACTICES,19,YEAR,,"PRACTICE, SUPPRESSION",ENVIRONMENTAL,IOWA,00,,
"PRACTICE, SUPPRESSION: (BENEFICIAL ORGANISMS APPLIED OR RELEASED)",ALL PRODUCTION PRACTICES,STATE,ALL CLASSES,IOWA,,FIELD CROPS,ANNUAL,2,PCT OF AREA PLANTED,,00,,PEST MGMT,,SURVEY,19,CORN,UNITED STATES,,"CORN - PEST MGMT, MEASURED IN PCT OF AREA PLANTED",,9000,,00000000,IA,,2014,2014-05-14 15:12:54.000,ALL UTILIZATION PRACTICES,19,YEAR,,"PRACTICE, SUPPRESSION",ENVIRONMENTAL,IOWA,00,,
"PRACTICE, SUPPRESSION: (BENEFICIAL ORGANISMS APPLIED OR RELEASED)",ALL PRODUCTION PRACTICES,STATE,ALL CLASSES,IOWA,,FIELD CROPS,ANNUAL,                 (Z),PCT OF AREA PLANTED,,00,,PEST MGMT,,SURVEY,19,CORN,UNITED STATES,,"CORN - PEST MGMT, MEASURED IN PCT OF AREA PLANTED",,9000,,00000000,IA,,2010,2012-01-01 00:00:00.000,ALL UTILIZATION PRACTICES,19,YEAR,,"PRACTICE, SUPPRESSION",ENVIRONMENTAL,IOWA,00,,
"PRACTICE, SUPPRESSION: (BIOLOGICAL PESTICIDES APPLIED)",ALL PRODUCTION PRACTICES,STATE,ALL CLASSES,IOWA,,FIELD CROPS,ANNUAL,8,PCT OF AREA PLANTED,,00,,PEST MGMT,,SURVEY,19,CORN,UNITED STATES,,"CORN - PEST MGMT, MEASURED IN PCT OF AREA PLANTED",,9000,,00000000,IA,,2021,2021-05-13 15:00:30.000,ALL UTILIZATION PRACTICES,19,YEAR,,"PRACTICE, SUPPRESSION",ENVIRONMENTAL,IOWA,00,,
"PRACTICE, SUPPRESSION: (BIOLOGICAL PESTICIDES APPLIED)",ALL PRODUCTION PRACTICES,STATE,ALL CLASSES,IOWA,,FIELD CROPS,ANNUAL,10,PCT OF AREA PLANTED,,00,,PEST MGMT,,SURVEY,19,CORN,UNITED STATES,,"CORN - PEST MGMT, MEASURED IN PCT OF AREA PLANTED",,9000,,00000000,IA,,2018,2018-05-10 15:16:25.000,ALL UTILIZATION PRACTICES,19,YEAR,,"PRACTICE, SUPPRESSION",ENVIRONMENTAL,IOWA,00,,
"PRACTICE, SUPPRESSION: (BIOLOGICAL PESTICIDES APPLIED)",ALL PRODUCTION PRACTICES,STATE,ALL CLASSES,IOWA,,FIELD CROPS,ANNUAL,9,PCT OF AREA PLANTED,,00,,PEST MGMT,,SURVEY,19,CORN,UNITED STATES,,"CORN - PEST MGMT, MEASURED IN PCT OF AREA PLANTED",,9000,,00000000,IA,,2016,2016-08-31 14:19:39.000,ALL UTILIZATION PRACTICES,19,YEAR,,"PRACTICE, SUPPRESSION",ENVIRONMENTAL,IOWA,00,,
"PRACTICE, SUPPRESSION: (BIOLOGICAL PESTICIDES APPLIED)",ALL PRODUCTION PRACTICES,STATE,ALL CLASSES,IOWA,,FIELD CROPS,ANNUAL,11,PCT OF AREA PLANTED,,00,,PEST MGMT,,SURVEY,19,CORN,UNITED STATES,,"CORN - PEST MGMT, MEASURED IN PCT OF AREA PLANTED",,9000,,00000000,IA,,2014,2014-05-14 15:12:54.000,ALL UTILIZATION PRACTICES,19,YEAR,,"PRACTICE, SUPPRESSION",ENVIRONMENTAL,IOWA,00,,
"PRACTICE, SUPPRESSION: (BIOLOGICAL PESTICIDES APPLIED)",ALL PRODUCTION PRACTICES,STATE,ALL CLASSES,IOWA,,FIELD CROPS,ANNUAL,13,PCT OF AREA PLANTED,,00,,PEST MGMT,,SURVEY,19,CORN,UNITED STATES,,"CORN - PEST MGMT, MEASURED IN PCT OF AREA PLANTED",,9000,,00000000,IA,,2010,2012-01-01 00:00:00.000,ALL UTILIZATION PRACTICES,19,YEAR,,"PRACTICE, SUPPRESSION",ENVIRONMENTAL,IOWA,00,,
"PRACTICE, SUPPRESSION: (BUFFER STRIPS OR BORDER ROWS MAINTAINED TO ISOLATE ORGANIC FROM NON ORGANIC CROPS)",ALL PRODUCTION PRACTICES,STATE,ALL CLASSES,IOWA,,FIELD CROPS,ANNUAL,1,PCT OF AREA PLANTED,,00,,PEST MGMT,,SURVEY,19,CORN,UNITED STATES,,"CORN - PEST MGMT, MEASURED IN PCT OF AREA PLANTED",,9000,,00000000,IA,,2021,2021-05-13 15:00:30.000,ALL UTILIZATION PRACTICES,19,YEAR,,"PRACTICE, SUPPRESSION",ENVIRONMENTAL,IOWA,00,,
"PRACTICE, SUPPRESSION: (BUFFER STRIPS OR BORDER ROWS MAINTAINED TO ISOLATE ORGANIC FROM NON ORGANIC CROPS)",ALL PRODUCTION PRACTICES,STATE,ALL CLASSES,IOWA,,FIELD CROPS,ANNUAL,5,PCT OF AREA PLANTED,,00,,PEST MGMT,,SURVEY,19,CORN,UNITED STATES,,"CORN - PEST MGMT, MEASURED IN PCT OF AREA PLANTED",,9000,,00000000,IA,,2018,2018-05-10 15:16:25.000,ALL UTILIZATION PRACTICES,19,YEAR,,"PRACTICE, SUPPRESSION",ENVIRONMENTAL,IOWA,00,,
"PRACTICE, SUPPRESSION: (BUFFER STRIPS OR BORDER ROWS MAINTAINED TO ISOLATE ORGANIC FROM NON ORGANIC CROPS)",ALL PRODUCTION PRACTICES,STATE,ALL CLASSES,IOWA,,FIELD CROPS,ANNUAL,12,PCT OF AREA PLANTED,,00,,PEST MGMT,,SURVEY,19,CORN,UNITED STATES,,"CORN - PEST MGMT, MEASURED IN PCT OF AREA PLANTED",,9000,,00000000,IA,,2016,2016-08-31 14:19:39.000,ALL UTILIZATION PRACTICES,19,YEAR,,"PRACTICE, SUPPRESSION",ENVIRONMENTAL,IOWA,00,,
"PRACTICE, SUPPRESSION: (BUFFER STRIPS OR BORDER ROWS MAINTAINED TO ISOLATE ORGANIC FROM NON ORGANIC CROPS)",ALL PRODUCTION PRACTICES,STATE,ALL CLASSES,IOWA,,FIELD CROPS,ANNUAL,10,PCT OF AREA PLANTED,,00,,PEST MGMT,,SURVEY,19,CORN,UNITED STATES,,"CORN - PEST MGMT, MEASURED IN PCT OF AREA PLANTED",,9000,,00000000,IA,,2014,2014-05-14 15:12:54.000,ALL UTILIZATION PRACTICES,19,YEAR,,"PRACTICE, SUPPRESSION",ENVIRONMENTAL,IOWA,00,,
"PRACTICE, SUPPRESSION: (BUFFER STRIPS OR BORDER ROWS MAINTAINED TO ISOLATE ORGANIC FROM NON ORGANIC CROPS)",ALL PRODUCTION PRACTICES,STATE,ALL CLASSES,IOWA,,FIELD CROPS,ANNUAL,4,PCT OF AREA PLANTED,,00,,PEST MGMT,,SURVEY,19,CORN,UNITED STATES,,"CORN - PEST MGMT, MEASURED IN PCT OF AREA PLANTED",,9000,,00000000,IA,,2010,2012-01-01 00:00:00.000,ALL UTILIZATION PRACTICES,19,YEAR,,"PRACTICE, SUPPRESSION",ENVIRONMENTAL,IOWA,00,,
"PRACTICE, SUPPRESSION: (FLORAL LURES, ATTRACTANTS, REPELLANTS, PHERMONE TRAPS, OR BIOLOGICAL PEST CONTROLS USED)",ALL PRODUCTION PRACTICES,STATE,ALL CLASSES,IOWA,,FIELD CROPS,ANNUAL,3,PCT OF AREA PLANTED,,00,,PEST MGMT,,SURVEY,19,CORN,UNITED STATES,,"CORN - PEST MGMT, MEASURED IN PCT OF AREA PLANTED",,9000,,00000000,IA,,2021,2021-05-13 15:00:30.000,ALL UTILIZATION PRACTICES,19,YEAR,,"PRACTICE, SUPPRESSION",ENVIRONMENTAL,IOWA,00,,
"PRACTICE, SUPPRESSION: (FLORAL LURES, ATTRACTANTS, REPELLANTS, PHERMONE TRAPS, OR BIOLOGICAL PEST CONTROLS USED)",ALL PRODUCTION PRACTICES,STATE,ALL CLASSES,IOWA,,FIELD CROPS,ANNUAL,2,PCT OF AREA PLANTED,,00,,PEST MGMT,,SURVEY,19,CORN,UNITED STATES,,"CORN - PEST MGMT, MEASURED IN PCT OF AREA PLANTED",,9000,,00000000,IA,,2018,2018-05-10 15:16:25.000,ALL UTILIZATION PRACTICES,19,YEAR,,"PRACTICE, SUPPRESSION",ENVIRONMENTAL,IOWA,00,,
"PRACTICE, SUPPRESSION: (FLORAL LURES, ATTRACTANTS, REPELLANTS, PHERMONE TRAPS, OR BIOLOGICAL PEST CONTROLS USED)",ALL PRODUCTION PRACTICES,STATE,ALL CLASSES,IOWA,,FIELD CROPS,ANNUAL,                 (Z),PCT OF AREA PLANTED,,00,,PEST MGMT,,SURVEY,19,CORN,UNITED STATES,,"CORN - PEST MGMT, MEASURED IN PCT OF AREA PLANTED",,9000,,00000000,IA,,2016,2016-08-31 14:19:39.000,ALL UTILIZATION PRACTICES,19,YEAR,,"PRACTICE, SUPPRESSION",ENVIRONMENTAL,IOWA,00,,
"PRACTICE, SUPPRESSION: (FLORAL LURES, ATTRACTANTS, REPELLANTS, PHERMONE TRAPS, OR BIOLOGICAL PEST CONTROLS USED)",ALL PRODUCTION PRACTICES,STATE,ALL CLASSES,IOWA,,FIELD CROPS,ANNUAL,1,PCT OF AREA PLANTED,,00,,PEST MGMT,,SURVEY,19,CORN,UNITED STATES,,"CORN - PEST MGMT, MEASURED IN PCT OF AREA PLANTED",,9000,,00000000,IA,,2014,2014-05-14 15:12:54.000,ALL UTILIZATION PRACTICES,19,YEAR,,"PRACTICE, SUPPRESSION",ENVIRONMENTAL,IOWA,00,,
"PRACTICE, SUPPRESSION: (FLORAL LURES, ATTRACTANTS, REPELLANTS, PHERMONE TRAPS, OR BIOLOGICAL PEST CONTROLS USED)",ALL PRODUCTION PRACTICES,STATE,ALL CLASSES,IOWA,,FIELD CROPS,ANNUAL,0,PCT OF AREA PLANTED,,00,,PEST MGMT,,SURVEY,19,CORN,UNITED STATES,,"CORN - PEST MGMT, MEASURED IN PCT OF AREA PLANTED",,9000,,00000000,IA,,2010,2012-01-01 00:00:00.000,ALL UTILIZATION PRACTICES,19,YEAR,,"PRACTICE, SUPPRESSION",ENVIRONMENTAL,IOWA,00,,
"PRACTICE, SUPPRESSION: (GROUND COVERS, MULCHES, OR OTHER PHYSICAL BARRIERS MAINTAINED)",ALL PRODUCTION PRACTICES,STATE,ALL CLASSES,IOWA,,FIELD CROPS,ANNUAL,44,PCT OF AREA PLANTED,,00,,PEST MGMT,,SURVEY,19,CORN,UNITED STATES,,"CORN - PEST MGMT, MEASURED IN PCT OF AREA PLANTED",,9000,,00000000,IA,,2021,2021-05-13 15:00:30.000,ALL UTILIZATION PRACTICES,19,YEAR,,"PRACTICE, SUPPRESSION",ENVIRONMENTAL,IOWA,00,,
"PRACTICE, SUPPRESSION: (GROUND COVERS, MULCHES, OR OTHER PHYSICAL BARRIERS MAINTAINED)",ALL PRODUCTION PRACTICES,STATE,ALL CLASSES,IOWA,,FIELD CROPS,ANNUAL,53,PCT OF AREA PLANTED,,00,,PEST MGMT,,SURVEY,19,CORN,UNITED STATES,,"CORN - PEST MGMT, MEASURED IN PCT OF AREA PLANTED",,9000,,00000000,IA,,2018,2018-05-10 15:16:25.000,ALL UTILIZATION PRACTICES,19,YEAR,,"PRACTICE, SUPPRESSION",ENVIRONMENTAL,IOWA,00,,
"PRACTICE, SUPPRESSION: (GROUND COVERS, MULCHES, OR OTHER PHYSICAL BARRIERS MAINTAINED)",ALL PRODUCTION PRACTICES,STATE,ALL CLASSES,IOWA,,FIELD CROPS,ANNUAL,44,PCT OF AREA PLANTED,,00,,PEST MGMT,,SURVEY,19,CORN,UNITED STATES,,"CORN - PEST MGMT, MEASURED IN PCT OF AREA PLANTED",,9000,,00000000,IA,,2016,2016-08-31 14:19:39.000,ALL UTILIZATION PRACTICES,19,YEAR,,"PRACTICE, SUPPRESSION",ENVIRONMENTAL,IOWA,00,,
"PRACTICE, SUPPRESSION: (GROUND COVERS, MULCHES, OR OTHER PHYSICAL BARRIERS MAINTAINED)",ALL PRODUCTION PRACTICES,STATE,ALL CLASSES,IOWA,,FIELD CROPS,ANNUAL,40,PCT OF AREA PLANTED,,00,,PEST MGMT,,SURVEY,19,CORN,UNITED STATES,,"CORN - PEST MGMT, MEASURED IN PCT OF AREA PLANTED",,9000,,00000000,IA,,2014,2014-05-14 15:12:54.000,ALL UTILIZATION PRACTICES,19,YEAR,,"PRACTICE, SUPPRESSION",ENVIRONMENTAL,IOWA,00,,
"PRACTICE, SUPPRESSION: (GROUND COVERS, MULCHES, OR OTHER PHYSICAL BARRIERS MAINTAINED)",ALL PRODUCTION PRACTICES,STATE,ALL CLASSES,IOWA,,FIELD CROPS,ANNUAL,35,PCT OF AREA PLANTED,,00,,PEST MGMT,,SURVEY,19,CORN,UNITED STATES,,"CORN - PEST MGMT, MEASURED IN PCT OF AREA PLANTED",,9000,,00000000,IA,,2010,2012-01-01 00:00:00.000,ALL UTILIZATION PRACTICES,19,YEAR,,"PRACTICE, SUPPRESSION",ENVIRONMENTAL,IOWA,00,,
"PRACTICE, SUPPRESSION: (PESTICIDES WITH DIFFERENT MECHANISMS OF ACTION USED TO KEEP PEST FROM BECOMING RESISTANT TO PESTICIDES)",ALL PRODUCTION PRACTICES,STATE,ALL CLASSES,IOWA,,FIELD CROPS,ANNUAL,35,PCT OF AREA PLANTED,,00,,PEST MGMT,,SURVEY,19,CORN,UNITED STATES,,"CORN - PEST MGMT, MEASURED IN PCT OF AREA PLANTED",,9000,,00000000,IA,,2021,2021-05-13 15:00:30.000,ALL UTILIZATION PRACTICES,19,YEAR,,"PRACTICE, SUPPRESSION",ENVIRONMENTAL,IOWA,00,,
"PRACTICE, SUPPRESSION: (PESTICIDES WITH DIFFERENT MECHANISMS OF ACTION USED TO KEEP PEST FROM BECOMING RESISTANT TO PESTICIDES)",ALL PRODUCTION PRACTICES,STATE,ALL CLASSES,IOWA,,FIELD CROPS,ANNUAL,53,PCT OF AREA PLANTED,,00,,PEST MGMT,,SURVEY,19,CORN,UNITED STATES,,"CORN - PEST MGMT, MEASURED IN PCT OF AREA PLANTED",,9000,,00000000,IA,,2018,2018-05-10 15:16:25.000,ALL UTILIZATION PRACTICES,19,YEAR,,"PRACTICE, SUPPRESSION",ENVIRONMENTAL,IOWA,00,,
"PRACTICE, SUPPRESSION: (PESTICIDES WITH DIFFERENT MECHANISMS OF ACTION USED TO KEEP PEST FROM BECOMING RESISTANT TO PESTICIDES)",ALL PRODUCTION PRACTICES,STATE,ALL CLASSES,IOWA,,FIELD CROPS,ANNUAL,44,PCT OF AREA PLANTED,,00,,PEST MGMT,,SURVEY,19,CORN,UNITED STATES,,"CORN - PEST MGMT, MEASURED IN PCT OF AREA PLANTED",,9000,,00000000,IA,,2016,2016-08-31 14:19:39.000,ALL UTILIZATION PRACTICES,19,YEAR,,"PRACTICE, SUPPRESSION",ENVIRONMENTAL,IOWA,00,,
"PRACTICE, SUPPRESSION: (PESTICIDES WITH DIFFERENT MECHANISMS OF ACTION USED TO KEEP PEST FROM BECOMING RESISTANT TO PESTICIDES)",ALL PRODUCTION PRACTICES,STATE,ALL CLASSES,IOWA,,FIELD CROPS,ANNUAL,37,PCT OF AREA PLANTED,,00,,PEST MGMT,,SURVEY,19,CORN,UNITED STATES,,"CORN - PEST MGMT, MEASURED IN PCT OF AREA PLANTED",,9000,,00000000,IA,,2014,2014-05-14 15:12:54.000,ALL UTILIZATION PRACTICES,19,YEAR,,"PRACTICE, SUPPRESSION",ENVIRONMENTAL,IOWA,00,,
"PRACTICE, SUPPRESSION: (PESTICIDES WITH DIFFERENT MECHANISMS OF ACTION USED TO KEEP PEST FROM BECOMING RESISTANT TO PESTICIDES)",ALL PRODUCTION PRACTICES,STATE,ALL CLASSES,IOWA,,FIELD CROPS,ANNUAL,34,PCT OF AREA PLANTED,,00,,PEST MGMT,,SURVEY,19,CORN,UNITED STATES,,"CORN - PEST MGMT, MEASURED IN PCT OF AREA PLANTED",,9000,,00000000,IA,,2010,2012-01-01 00:00:00.000,ALL UTILIZATION PRACTICES,19,YEAR,,"PRACTICE, SUPPRESSION",ENVIRONMENTAL,IOWA,00,,
"PRACTICE, SUPPRESSION: (SCOUTING DATA COMPARED TO PUBLISHED INFORMATION TO ASSIST DECISIONS)",ALL PRODUCTION PRACTICES,STATE,ALL CLASSES,IOWA,,FIELD CROPS,ANNUAL,11,PCT OF AREA PLANTED,,00,,PEST MGMT,,SURVEY,19,CORN,UNITED STATES,,"CORN - PEST MGMT, MEASURED IN PCT OF AREA PLANTED",,9000,,00000000,IA,,2021,2021-05-13 15:00:30.000,ALL UTILIZATION PRACTICES,19,YEAR,,"PRACTICE, SUPPRESSION",ENVIRONMENTAL,IOWA,00,,
"PRACTICE, SUPPRESSION: (SCOUTING DATA COMPARED TO PUBLISHED INFORMATION TO ASSIST DECISIONS)",ALL PRODUCTION PRACTICES,STATE,ALL CLASSES,IOWA,,FIELD CROPS,ANNUAL,19,PCT OF AREA PLANTED,,00,,PEST MGMT,,SURVEY,19,CORN,UNITED STATES,,"CORN - PEST MGMT, MEASURED IN PCT OF AREA PLANTED",,9000,,00000000,IA,,2018,2018-05-10 15:16:25.000,ALL UTILIZATION PRACTICES,19,YEAR,,"PRACTICE, SUPPRESSION",ENVIRONMENTAL,IOWA,00,,
"PRACTICE, SUPPRESSION: (SCOUTING DATA COMPARED TO PUBLISHED INFORMATION TO ASSIST DECISIONS)",ALL PRODUCTION PRACTICES,STATE,ALL CLASSES,IOWA,,FIELD CROPS,ANNUAL,29,PCT OF AREA PLANTED,,00,,PEST MGMT,,SURVEY,19,CORN,UNITED STATES,,"CORN - PEST MGMT, MEASURED IN PCT OF AREA PLANTED",,9000,,00000000,IA,,2016,2016-08-31 14:19:39.000,ALL UTILIZATION PRACTICES,19,YEAR,,"PRACTICE, SUPPRESSION",ENVIRONMENTAL,IOWA,00,,
"PRACTICE, SUPPRESSION: (SCOUTING DATA COMPARED TO PUBLISHED INFORMATION TO ASSIST DECISIONS)",ALL PRODUCTION PRACTICES,STATE,ALL CLASSES,IOWA,,FIELD CROPS,ANNUAL,26,PCT OF AREA PLANTED,,00,,PEST MGMT,,SURVEY,19,CORN,UNITED STATES,,"CORN - PEST MGMT, MEASURED IN PCT OF AREA PLANTED",,9000,,00000000,IA,,2014,2014-05-14 15:12:54.000,ALL UTILIZATION PRACTICES,19,YEAR,,"PRACTICE, SUPPRESSION",ENVIRONMENTAL,IOWA,00,,
"PRACTICE, SUPPRESSION: (SCOUTING DATA COMPARED TO PUBLISHED INFORMATION TO ASSIST DECISIONS)",ALL PRODUCTION PRACTICES,STATE,ALL CLASSES,IOWA,,FIELD CROPS,ANNUAL,23,PCT OF AREA PLANTED,,00,,PEST MGMT,,SURVEY,19,CORN,UNITED STATES,,"CORN - PEST MGMT, MEASURED IN PCT OF AREA PLANTED",,9000,,00000000,IA,,2010,2012-01-01 00:00:00.000,ALL UTILIZATION PRACTICES,19,YEAR,,"PRACTICE, SUPPRESSION",ENVIRONMENTAL,IOWA,00,,
"PRACTICE, SUPPRESSION: (TRAP CROP GROWN TO MANAGE INSECTS)",ALL PRODUCTION PRACTICES,STATE,ALL CLASSES,IOWA,,FIELD CROPS,ANNUAL,3,PCT OF AREA PLANTED,,00,,PEST MGMT,,SURVEY,19,CORN,UNITED STATES,,"CORN - PEST MGMT, MEASURED IN PCT OF AREA PLANTED",,9000,,00000000,IA,,2021,2021-05-13 15:00:30.000,ALL UTILIZATION PRACTICES,19,YEAR,,"PRACTICE, SUPPRESSION",ENVIRONMENTAL,IOWA,00,,
"PRACTICE, SUPPRESSION: (TRAP CROP GROWN TO MANAGE INSECTS)",ALL PRODUCTION PRACTICES,STATE,ALL CLASSES,IOWA,,FIELD CROPS,ANNUAL,0,PCT OF AREA PLANTED,,00,,PEST MGMT,,SURVEY,19,CORN,UNITED STATES,,"CORN - PEST MGMT, MEASURED IN PCT OF AREA PLANTED",,9000,,00000000,IA,,2018,2018-05-10 15:16:25.000,ALL UTILIZATION PRACTICES,19,YEAR,,"PRACTICE, SUPPRESSION",ENVIRONMENTAL,IOWA,00,,
"PRACTICE, SUPPRESSION: (TRAP CROP GROWN TO MANAGE INSECTS)",ALL PRODUCTION PRACTICES,STATE,ALL CLASSES,IOWA,,FIELD CROPS,ANNUAL,1,PCT OF AREA PLANTED,,00,,PEST MGMT,,SURVEY,19,CORN,UNITED STATES,,"CORN - PEST MGMT, MEASURED IN PCT OF AREA PLANTED",,9000,,00000000,IA,,2016,2016-08-31 14:19:39.000,ALL UTILIZATION PRACTICES,19,YEAR,,"PRACTICE, SUPPRESSION",ENVIRONMENTAL,IOWA,00,,
"PRACTICE, SUPPRESSION: (TRAP CROP GROWN TO MANAGE INSECTS)",ALL PRODUCTION PRACTICES,STATE,ALL CLASSES,IOWA,,FIELD CROPS,ANNUAL,3,PCT OF AREA PLANTED,,00,,PEST MGMT,,SURVEY,19,CORN,UNITED STATES,,"CORN - PEST MGMT, MEASURED IN PCT OF AREA PLANTED",,9000,,00000000,IA,,2014,2014-05-14 15:12:54.000,ALL UTILIZATION PRACTICES,19,YEAR,,"PRACTICE, SUPPRESSION",ENVIRONMENTAL,IOWA,00,,
"PRACTICE, SUPPRESSION: (TRAP CROP GROWN TO MANAGE INSECTS)",ALL PRODUCTION PRACTICES,STATE,ALL CLASSES,IOWA,,FIELD CROPS,ANNUAL,2,PCT OF AREA PLANTED,,00,,PEST MGMT,,SURVEY,19,CORN,UNITED STATES,,"CORN - PEST MGMT, MEASURED IN PCT OF AREA PLANTED",,9000,,00000000,IA,,2010,2012-01-01 00:00:00.000,ALL UTILIZATION PRACTICES,19,YEAR,,"PRACTICE, SUPPRESSION",ENVIRONMENTAL,IOWA,00,,
"PRACTICE, AVOIDANCE: (CROP OR PLANT VARIETY CHOSEN FOR SPECIFIC PEST RESISTANCE)",ALL PRODUCTION PRACTICES,STATE,ALL CLASSES,IOWA,,FIELD CROPS,ANNUAL,56,PCT OF OPERATIONS,,00,,PEST MGMT,,SURVEY,19,CORN,UNITED STATES,,"CORN - PEST MGMT, MEASURED IN PCT OF OPERATIONS",,9000,,00000000,IA,,2021,2021-05-13 15:00:30.000,ALL UTILIZATION PRACTICES,19,YEAR,,"PRACTICE, AVOIDANCE",ENVIRONMENTAL,IOWA,00,,
"PRACTICE, AVOIDANCE: (CROP OR PLANT VARIETY CHOSEN FOR SPECIFIC PEST RESISTANCE)",ALL PRODUCTION PRACTICES,STATE,ALL CLASSES,IOWA,,FIELD CROPS,ANNUAL,60,PCT OF OPERATIONS,,00,,PEST MGMT,,SURVEY,19,CORN,UNITED STATES,,"CORN - PEST MGMT, MEASURED IN PCT OF OPERATIONS",,9000,,00000000,IA,,2018,2018-05-10 15:16:25.000,ALL UTILIZATION PRACTICES,19,YEAR,,"PRACTICE, AVOIDANCE",ENVIRONMENTAL,IOWA,00,,
"PRACTICE, AVOIDANCE: (CROP OR PLANT VARIETY CHOSEN FOR SPECIFIC PEST RESISTANCE)",ALL PRODUCTION PRACTICES,STATE,ALL CLASSES,IOWA,,FIELD CROPS,ANNUAL,67,PCT OF OPERATIONS,,00,,PEST MGMT,,SURVEY,19,CORN,UNITED STATES,,"CORN - PEST MGMT, MEASURED IN PCT OF OPERATIONS",,9000,,00000000,IA,,2016,2016-08-31 14:19:39.000,ALL UTILIZATION PRACTICES,19,YEAR,,"PRACTICE, AVOIDANCE",ENVIRONMENTAL,IOWA,00,,
"PRACTICE, AVOIDANCE: (CROP OR PLANT VARIETY CHOSEN FOR SPECIFIC PEST RESISTANCE)",ALL PRODUCTION PRACTICES,STATE,ALL CLASSES,IOWA,,FIELD CROPS,ANNUAL,58,PCT OF OPERATIONS,,00,,PEST MGMT,,SURVEY,19,CORN,UNITED STATES,,"CORN - PEST MGMT, MEASURED IN PCT OF OPERATIONS",,9000,,00000000,IA,,2014,2014-05-14 15:12:54.000,ALL UTILIZATION PRACTICES,19,YEAR,,"PRACTICE, AVOIDANCE",ENVIRONMENTAL,IOWA,00,,
"PRACTICE, AVOIDANCE: (CROP OR PLANT VARIETY CHOSEN FOR SPECIFIC PEST RESISTANCE)",ALL PRODUCTION PRACTICES,STATE,ALL CLASSES,IOWA,,FIELD CROPS,ANNUAL,65,PCT OF OPERATIONS,,00,,PEST MGMT,,SURVEY,19,CORN,UNITED STATES,,"CORN - PEST MGMT, MEASURED IN PCT OF OPERATIONS",,9000,,00000000,IA,,2010,2012-01-01 00:00:00.000,ALL UTILIZATION PRACTICES,19,YEAR,,"PRACTICE, AVOIDANCE",ENVIRONMENTAL,IOWA,00,,
"PRACTICE, AVOIDANCE: (PLANTING LOCATIONS PLANNED TO AVOID CROSS INFESTATION OF PESTS)",ALL PRODUCTION PRACTICES,STATE,ALL CLASSES,IOWA,,FIELD CROPS,ANNUAL,14,PCT OF OPERATIONS,,00,,PEST MGMT,,SURVEY,19,CORN,UNITED STATES,,"CORN - PEST MGMT, MEASURED IN PCT OF OPERATIONS",,9000,,00000000,IA,,2021,2021-05-13 15:00:30.000,ALL UTILIZATION PRACTICES,19,YEAR,,"PRACTICE, AVOIDANCE",ENVIRONMENTAL,IOWA,00,,
"PRACTICE, AVOIDANCE: (PLANTING LOCATIONS PLANNED TO AVOID CROSS INFESTATION OF PESTS)",ALL PRODUCTION PRACTICES,STATE,ALL CLASSES,IOWA,,FIELD CROPS,ANNUAL,16,PCT OF OPERATIONS,,00,,PEST MGMT,,SURVEY,19,CORN,UNITED STATES,,"CORN - PEST MGMT, MEASURED IN PCT OF OPERATIONS",,9000,,00000000,IA,,2018,2018-05-10 15:16:25.000,ALL UTILIZATION PRACTICES,19,YEAR,,"PRACTICE, AVOIDANCE",ENVIRONMENTAL,IOWA,00,,
"PRACTICE, AVOIDANCE: (PLANTING LOCATIONS PLANNED TO AVOID CROSS INFESTATION OF PESTS)",ALL PRODUCTION PRACTICES,STATE,ALL CLASSES,IOWA,,FIELD CROPS,ANNUAL,8,PCT OF OPERATIONS,,00,,PEST MGMT,,SURVEY,19,CORN,UNITED STATES,,"CORN - PEST MGMT, MEASURED IN PCT OF OPERATIONS",,9000,,00000000,IA,,2016,2016-08-31 14:19:39.000,ALL UTILIZATION PRACTICES,19,YEAR,,"PRACTICE, AVOIDANCE",ENVIRONMENTAL,IOWA,00,,
"PRACTICE, AVOIDANCE: (PLANTING LOCATIONS PLANNED TO AVOID CROSS INFESTATION OF PESTS)",ALL PRODUCTION PRACTICES,STATE,ALL CLASSES,IOWA,,FIELD CROPS,ANNUAL,21,PCT OF OPERATIONS,,00,,PEST MGMT,,SURVEY,19,CORN,UNITED STATES,,"CORN - PEST MGMT, MEASURED IN PCT OF OPERATIONS",,9000,,00000000,IA,,2014,2014-05-14 15:12:54.000,ALL UTILIZATION PRACTICES,19,YEAR,,"PRACTICE, AVOIDANCE",ENVIRONMENTAL,IOWA,00,,
"PRACTICE, AVOIDANCE: (PLANTING LOCATIONS PLANNED TO AVOID CROSS INFESTATION OF PESTS)",ALL PRODUCTION PRACTICES,STATE,ALL CLASSES,IOWA,,FIELD CROPS,ANNUAL,12,PCT OF OPERATIONS,,00,,PEST MGMT,,SURVEY,19,CORN,UNITED STATES,,"CORN - PEST MGMT, MEASURED IN PCT OF OPERATIONS",,9000,,00000000,IA,,2010,2012-01-01 00:00:00.000,ALL UTILIZATION PRACTICES,19,YEAR,,"PRACTICE, AVOIDANCE",ENVIRONMENTAL,IOWA,00,,
"PRACTICE, AVOIDANCE: (PLANTING OR HARVESTING DATES ADJUSTED)",ALL PRODUCTION PRACTICES,STATE,ALL CLASSES,IOWA,,FIELD CROPS,ANNUAL,4,PCT OF OPERATIONS,,00,,PEST MGMT,,SURVEY,19,CORN,UNITED STATES,,"CORN - PEST MGMT, MEASURED IN PCT OF OPERATIONS",,9000,,00000000,IA,,2021,2021-05-13 15:00:30.000,ALL UTILIZATION PRACTICES,19,YEAR,,"PRACTICE, AVOIDANCE",ENVIRONMENTAL,IOWA,00,,
"PRACTICE, AVOIDANCE: (PLANTING OR HARVESTING DATES ADJUSTED)",ALL PRODUCTION PRACTICES,STATE,ALL CLASSES,IOWA,,FIELD CROPS,ANNUAL,21,PCT OF OPERATIONS,,00,,PEST MGMT,,SURVEY,19,CORN,UNITED STATES,,"CORN - PEST MGMT, MEASURED IN PCT OF OPERATIONS",,9000,,00000000,IA,,2018,2018-05-10 15:16:25.000,ALL UTILIZATION PRACTICES,19,YEAR,,"PRACTICE, AVOIDANCE",ENVIRONMENTAL,IOWA,00,,
"PRACTICE, AVOIDANCE: (PLANTING OR HARVESTING DATES ADJUSTED)",ALL PRODUCTION PRACTICES,STATE,ALL CLASSES,IOWA,,FIELD CROPS,ANNUAL,15,PCT OF OPERATIONS,,00,,PEST MGMT,,SURVEY,19,CORN,UNITED STATES,,"CORN - PEST MGMT, MEASURED IN PCT OF OPERATIONS",,9000,,00000000,IA,,2016,2016-08-31 14:19:39.000,ALL UTILIZATION PRACTICES,19,YEAR,,"PRACTICE, AVOIDANCE",ENVIRONMENTAL,IOWA,00,,
"PRACTICE, AVOIDANCE: (PLANTING OR HARVESTING DATES ADJUSTED)",ALL PRODUCTION PRACTICES,STATE,ALL CLASSES,IOWA,,FIELD CROPS,ANNUAL,17,PCT OF OPERATIONS,,00,,PEST MGMT,,SURVEY,19,CORN,UNITED STATES,,"CORN - PEST MGMT, MEASURED IN PCT OF OPERATIONS",,9000,,00000000,IA,,2014,2014-05-14 15:12:54.000,ALL UTILIZATION PRACTICES,19,YEAR,,"PRACTICE, AVOIDANCE",ENVIRONMENTAL,IOWA,00,,
"PRACTICE, AVOIDANCE: (PLANTING OR HARVESTING DATES ADJUSTED)",ALL PRODUCTION PRACTICES,STATE,ALL CLASSES,IOWA,,FIELD CROPS,ANNUAL,12,PCT OF OPERATIONS,,00,,PEST MGMT,,SURVEY,19,CORN,UNITED STATES,,"CORN - PEST MGMT, MEASURED IN PCT OF OPERATIONS",,9000,,00000000,IA,,2010,2012-01-01 00:00:00.000,ALL UTILIZATION PRACTICES,19,YEAR,,"PRACTICE, AVOIDANCE",ENVIRONMENTAL,IOWA,00,,
"PRACTICE, AVOIDANCE: (ROTATED CROPS DURING PAST 3 YEARS)",ALL PRODUCTION PRACTICES,STATE,ALL CLASSES,IOWA,,FIELD CROPS,ANNUAL,79,PCT OF OPERATIONS,,00,,PEST MGMT,,SURVEY,19,CORN,UNITED STATES,,"CORN - PEST MGMT, MEASURED IN PCT OF OPERATIONS",,9000,,00000000,IA,,2021,2021-05-13 15:00:30.000,ALL UTILIZATION PRACTICES,19,YEAR,,"PRACTICE, AVOIDANCE",ENVIRONMENTAL,IOWA,00,,
"PRACTICE, AVOIDANCE: (ROTATED CROPS DURING PAST 3 YEARS)",ALL PRODUCTION PRACTICES,STATE,ALL CLASSES,IOWA,,FIELD CROPS,ANNUAL,86,PCT OF OPERATIONS,,00,,PEST MGMT,,SURVEY,19,CORN,UNITED STATES,,"CORN - PEST MGMT, MEASURED IN PCT OF OPERATIONS",,9000,,00000000,IA,,2018,2018-05-10 15:16:25.000,ALL UTILIZATION PRACTICES,19,YEAR,,"PRACTICE, AVOIDANCE",ENVIRONMENTAL,IOWA,00,,
"PRACTICE, AVOIDANCE: (ROTATED CROPS DURING PAST 3 YEARS)",ALL PRODUCTION PRACTICES,STATE,ALL CLASSES,IOWA,,FIELD CROPS,ANNUAL,80,PCT OF OPERATIONS,,00,,PEST MGMT,,SURVEY,19,CORN,UNITED STATES,,"CORN - PEST MGMT, MEASURED IN PCT OF OPERATIONS",,9000,,00000000,IA,,2016,2016-08-31 14:19:39.000,ALL UTILIZATION PRACTICES,19,YEAR,,"PRACTICE, AVOIDANCE",ENVIRONMENTAL,IOWA,00,,
"PRACTICE, AVOIDANCE: (ROTATED CROPS DURING PAST 3 YEARS)",ALL PRODUCTION PRACTICES,STATE,ALL CLASSES,IOWA,,FIELD CROPS,ANNUAL,85,PCT OF OPERATIONS,,00,,PEST MGMT,,SURVEY,19,CORN,UNITED STATES,,"CORN - PEST MGMT, MEASURED IN PCT OF OPERATIONS",,9000,,00000000,IA,,2014,2014-05-14 15:12:54.000,ALL UTILIZATION PRACTICES,19,YEAR,,"PRACTICE, AVOIDANCE",ENVIRONMENTAL,IOWA,00,,
"PRACTICE, AVOIDANCE: (ROTATED CROPS DURING PAST 3 YEARS)",ALL PRODUCTION PRACTICES,STATE,ALL CLASSES,IOWA,,FIELD CROPS,ANNUAL,75,PCT OF OPERATIONS,,00,,PEST MGMT,,SURVEY,19,CORN,UNITED STATES,,"CORN - PEST MGMT, MEASURED IN PCT OF OPERATIONS",,9000,,00000000,IA,,2010,2012-01-01 00:00:00.000,ALL UTILIZATION PRACTICES,19,YEAR,,"PRACTICE, AVOIDANCE",ENVIRONMENTAL,IOWA,00,,
"PRACTICE, AVOIDANCE: (ROW SPACING, PLANT DENSITY, OR ROW DIRECTIONS ADJUSTED)",ALL PRODUCTION PRACTICES,STATE,ALL CLASSES,IOWA,,FIELD CROPS,ANNUAL,8,PCT OF OPERATIONS,,00,,PEST MGMT,,SURVEY,19,CORN,UNITED STATES,,"CORN - PEST MGMT, MEASURED IN PCT OF OPERATIONS",,9000,,00000000,IA,,2021,2021-05-13 15:00:30.000,ALL UTILIZATION PRACTICES,19,YEAR,,"PRACTICE, AVOIDANCE",ENVIRONMENTAL,IOWA,00,,
"PRACTICE, AVOIDANCE: (ROW SPACING, PLANT DENSITY, OR ROW DIRECTIONS ADJUSTED)",ALL PRODUCTION PRACTICES,STATE,ALL CLASSES,IOWA,,FIELD CROPS,ANNUAL,18,PCT OF OPERATIONS,,00,,PEST MGMT,,SURVEY,19,CORN,UNITED STATES,,"CORN - PEST MGMT, MEASURED IN PCT OF OPERATIONS",,9000,,00000000,IA,,2018,2018-05-10 15:16:25.000,ALL UTILIZATION PRACTICES,19,YEAR,,"PRACTICE, AVOIDANCE",ENVIRONMENTAL,IOWA,00,,
"PRACTICE, AVOIDANCE: (ROW SPACING, PLANT DENSITY, OR ROW DIRECTIONS ADJUSTED)",ALL PRODUCTION PRACTICES,STATE,ALL CLASSES,IOWA,,FIELD CROPS,ANNUAL,5,PCT OF OPERATIONS,,00,,PEST MGMT,,SURVEY,19,CORN,UNITED STATES,,"CORN - PEST MGMT, MEASURED IN PCT OF OPERATIONS",,9000,,00000000,IA,,2016,2016-08-31 14:19:39.000,ALL UTILIZATION PRACTICES,19,YEAR,,"PRACTICE, AVOIDANCE",ENVIRONMENTAL,IOWA,00,,
"PRACTICE, AVOIDANCE: (ROW SPACING, PLANT DENSITY, OR ROW DIRECTIONS ADJUSTED)",ALL PRODUCTION PRACTICES,STATE,ALL CLASSES,IOWA,,FIELD CROPS,ANNUAL,19,PCT OF OPERATIONS,,00,,PEST MGMT,,SURVEY,19,CORN,UNITED STATES,,"CORN - PEST MGMT, MEASURED IN PCT OF OPERATIONS",,9000,,00000000,IA,,2014,2014-05-14 15:12:54.000,ALL UTILIZATION PRACTICES,19,YEAR,,"PRACTICE, AVOIDANCE",ENVIRONMENTAL,IOWA,00,,
"PRACTICE, AVOIDANCE: (ROW SPACING, PLANT DENSITY, OR ROW DIRECTIONS ADJUSTED)",ALL PRODUCTION PRACTICES,STATE,ALL CLASSES,IOWA,,FIELD CROPS,ANNUAL,14,PCT OF OPERATIONS,,00,,PEST MGMT,,SURVEY,19,CORN,UNITED STATES,,"CORN - PEST MGMT, MEASURED IN PCT OF OPERATIONS",,9000,,00000000,IA,,2010,2012-01-01 00:00:00.000,ALL UTILIZATION PRACTICES,19,YEAR,,"PRACTICE, AVOIDANCE",ENVIRONMENTAL,IOWA,00,,
"PRACTICE, MONITORING: (DIAGNOSTIC LABORATORY SERVICES USED FOR PEST DETECTION VIA SOIL OR PLANT TISSUE ANALYSIS)",ALL PRODUCTION PRACTICES,STATE,ALL CLASSES,IOWA,,FIELD CROPS,ANNUAL,0,PCT OF OPERATIONS,,00,,PEST MGMT,,SURVEY,19,CORN,UNITED STATES,,"CORN - PEST MGMT, MEASURED IN PCT OF OPERATIONS",,9000,,00000000,IA,,2021,2021-05-13 15:00:30.000,ALL UTILIZATION PRACTICES,19,YEAR,,"PRACTICE, MONITORING",ENVIRONMENTAL,IOWA,00,,
"PRACTICE, MONITORING: (DIAGNOSTIC LABORATORY SERVICES USED FOR PEST DETECTION VIA SOIL OR PLANT TISSUE ANALYSIS)",ALL PRODUCTION PRACTICES,STATE,ALL CLASSES,IOWA,,FIELD CROPS,ANNUAL,5,PCT OF OPERATIONS,,00,,PEST MGMT,,SURVEY,19,CORN,UNITED STATES,,"CORN - PEST MGMT, MEASURED IN PCT OF OPERATIONS",,9000,,00000000,IA,,2018,2018-05-10 15:16:25.000,ALL UTILIZATION PRACTICES,19,YEAR,,"PRACTICE, MONITORING",ENVIRONMENTAL,IOWA,00,,
"PRACTICE, MONITORING: (DIAGNOSTIC LABORATORY SERVICES USED FOR PEST DETECTION VIA SOIL OR PLANT TISSUE ANALYSIS)",ALL PRODUCTION PRACTICES,STATE,ALL CLASSES,IOWA,,FIELD CROPS,ANNUAL,5,PCT OF OPERATIONS,,00,,PEST MGMT,,SURVEY,19,CORN,UNITED STATES,,"CORN - PEST MGMT, MEASURED IN PCT OF OPERATIONS",,9000,,00000000,IA,,2016,2016-08-31 14:19:39.000,ALL UTILIZATION PRACTICES,19,YEAR,,"PRACTICE, MONITORING",ENVIRONMENTAL,IOWA,00,,
"PRACTICE, MONITORING: (DIAGNOSTIC LABORATORY SERVICES USED FOR PEST DETECTION VIA SOIL OR PLANT TISSUE ANALYSIS)",ALL PRODUCTION PRACTICES,STATE,ALL CLASSES,IOWA,,FIELD CROPS,ANNUAL,12,PCT OF OPERATIONS,,00,,PEST MGMT,,SURVEY,19,CORN,UNITED STATES,,"CORN - PEST MGMT, MEASURED IN PCT OF OPERATIONS",,9000,,00000000,IA,,2014,2014-05-14 15:12:54.000,ALL UTILIZATION PRACTICES,19,YEAR,,"PRACTICE, MONITORING",ENVIRONMENTAL,IOWA,00,,
"PRACTICE, MONITORING: (DIAGNOSTIC LABORATORY SERVICES USED FOR PEST DETECTION VIA SOIL OR PLANT TISSUE ANALYSIS)",ALL PRODUCTION PRACTICES,STATE,ALL CLASSES,IOWA,,FIELD CROPS,ANNUAL,3,PCT OF OPERATIONS,,00,,PEST MGMT,,SURVEY,19,CORN,UNITED STATES,,"CORN - PEST MGMT, MEASURED IN PCT OF OPERATIONS",,9000,,00000000,IA,,2010,2012-01-01 00:00:00.000,ALL UTILIZATION PRACTICES,19,YEAR,,"PRACTICE, MONITORING",ENVIRONMENTAL,IOWA,00,,
"PRACTICE, MONITORING: (FIELD MAPPING DATA USED TO ASSIST DECISIONS)",ALL PRODUCTION PRACTICES,STATE,ALL CLASSES,IOWA,,FIELD CROPS,ANNUAL,18,PCT OF OPERATIONS,,00,,PEST MGMT,,SURVEY,19,CORN,UNITED STATES,,"CORN - PEST MGMT, MEASURED IN PCT OF OPERATIONS",,9000,,00000000,IA,,2021,2021-05-13 15:00:30.000,ALL UTILIZATION PRACTICES,19,YEAR,,"PRACTICE, MONITORING",ENVIRONMENTAL,IOWA,00,,
"PRACTICE, MONITORING: (FIELD MAPPING DATA USED TO ASSIST DECISIONS)",ALL PRODUCTION PRACTICES,STATE,ALL CLASSES,IOWA,,FIELD CROPS,ANNUAL,15,PCT OF OPERATIONS,,00,,PEST MGMT,,SURVEY,19,CORN,UNITED STATES,,"CORN - PEST MGMT, MEASURED IN PCT OF OPERATIONS",,9000,,00000000,IA,,2018,2018-05-10 15:16:25.000,ALL UTILIZATION PRACTICES,19,YEAR,,"PRACTICE, MONITORING",ENVIRONMENTAL,IOWA,00,,
"PRACTICE, MONITORING: (FIELD MAPPING DATA USED TO ASSIST DECISIONS)",ALL PRODUCTION PRACTICES,STATE,ALL CLASSES,IOWA,,FIELD CROPS,ANNUAL,10,PCT OF OPERATIONS,,00,,PEST MGMT,,SURVEY,19,CORN,UNITED STATES,,"CORN - PEST MGMT, MEASURED IN PCT OF OPERATIONS",,9000,,00000000,IA,,2016,2016-08-31 14:19:39.000,ALL UTILIZATION PRACTICES,19,YEAR,,"PRACTICE, MONITORING",ENVIRONMENTAL,IOWA,00,,
"PRACTICE, MONITORING: (FIELD MAPPING DATA USED TO ASSIST DECISIONS)",ALL PRODUCTION PRACTICES,STATE,ALL CLASSES,IOWA,,FIELD CROPS,ANNUAL,23,PCT OF OPERATIONS,,00,,PEST MGMT,,SURVEY,19,CORN,UNITED STATES,,"CORN - PEST MGMT, MEASURED IN PCT OF OPERATIONS",,9000,,00000000,IA,,2014,2014-05-14 15:12:54.000,ALL UTILIZATION PRACTICES,19,YEAR,,"PRACTICE, MONITORING",ENVIRONMENTAL,IOWA,00,,
"PRACTICE, MONITORING: (FIELD MAPPING DATA USED TO ASSIST DECISIONS)",ALL PRODUCTION PRACTICES,STATE,ALL CLASSES,IOWA,,FIELD CROPS,ANNUAL,10,PCT OF OPERATIONS,,00,,PEST MGMT,,SURVEY,19,CORN,UNITED STATES,,"CORN - PEST MGMT, MEASURED IN PCT OF OPERATIONS",,9000,,00000000,IA,,2010,2012-01-01 00:00:00.000,ALL UTILIZATION PRACTICES,19,YEAR,,"PRACTICE, MONITORING",ENVIRONMENTAL,IOWA,00,,
"PRACTICE, MONITORING: (SCOUTED - ESTABLISHED PROCESS USED)",ALL PRODUCTION PRACTICES,STATE,ALL CLASSES,IOWA,,FIELD CROPS,ANNUAL,6,PCT OF OPERATIONS,,00,,PEST MGMT,,SURVEY,19,CORN,UNITED STATES,,"CORN - PEST MGMT, MEASURED IN PCT OF OPERATIONS",,9000,,00000000,IA,,2021,2021-05-13 15:00:30.000,ALL UTILIZATION PRACTICES,19,YEAR,,"PRACTICE, MONITORING",ENVIRONMENTAL,IOWA,00,,
"PRACTICE, MONITORING: (SCOUTED - ESTABLISHED PROCESS USED)",ALL PRODUCTION PRACTICES,STATE,ALL CLASSES,IOWA,,FIELD CROPS,ANNUAL,11,PCT OF OPERATIONS,,00,,PEST MGMT,,SURVEY,19,CORN,UNITED STATES,,"CORN - PEST MGMT, MEASURED IN PCT OF OPERATIONS",,9000,,00000000,IA,,2018,2018-05-10 15:16:25.000,ALL UTILIZATION PRACTICES,19,YEAR,,"PRACTICE, MONITORING",ENVIRONMENTAL,IOWA,00,,
"PRACTICE, MONITORING: (SCOUTED - ESTABLISHED PROCESS USED)",ALL PRODUCTION PRACTICES,STATE,ALL CLASSES,IOWA,,FIELD CROPS,ANNUAL,17,PCT OF OPERATIONS,,00,,PEST MGMT,,SURVEY,19,CORN,UNITED STATES,,"CORN - PEST MGMT, MEASURED IN PCT OF OPERATIONS",,9000,,00000000,IA,,2016,2016-08-31 14:19:39.000,ALL UTILIZATION PRACTICES,19,YEAR,,"PRACTICE, MONITORING",ENVIRONMENTAL,IOWA,00,,
"PRACTICE, MONITORING: (SCOUTED - ESTABLISHED PROCESS USED)",ALL PRODUCTION PRACTICES,STATE,ALL CLASSES,IOWA,,FIELD CROPS,ANNUAL,26,PCT OF OPERATIONS,,00,,PEST MGMT,,SURVEY,19,CORN,UNITED STATES,,"CORN - PEST MGMT, MEASURED IN PCT OF OPERATIONS",,9000,,00000000,IA,,2014,2014-05-14 15:12:54.000,ALL UTILIZATION PRACTICES,19,YEAR,,"PRACTICE, MONITORING",ENVIRONMENTAL,IOWA,00,,
"PRACTICE, MONITORING: (SCOUTED - ESTABLISHED PROCESS USED)",ALL PRODUCTION PRACTICES,STATE,ALL CLASSES,IOWA,,FIELD CROPS,ANNUAL,12,PCT OF OPERATIONS,,00,,PEST MGMT,,SURVEY,19,CORN,UNITED STATES,,"CORN - PEST MGMT, MEASURED IN PCT OF OPERATIONS",,9000,,00000000,IA,,2010,2012-01-01 00:00:00.000,ALL UTILIZATION PRACTICES,19,YEAR,,"PRACTICE, MONITORING",ENVIRONMENTAL,IOWA,00,,
"PRACTICE, MONITORING: (SCOUTED - FOR PESTS DUE TO A PEST ADVISORY WARNING)",ALL PRODUCTION PRACTICES,STATE,ALL CLASSES,IOWA,,FIELD CROPS,ANNUAL,28,PCT OF OPERATIONS,,00,,PEST MGMT,,SURVEY,19,CORN,UNITED STATES,,"CORN - PEST MGMT, MEASURED IN PCT OF OPERATIONS",,9000,,00000000,IA,,2021,2021-05-13 15:00:30.000,ALL UTILIZATION PRACTICES,19,YEAR,,"PRACTICE, MONITORING",ENVIRONMENTAL,IOWA,00,,
"PRACTICE, MONITORING: (SCOUTED - FOR PESTS DUE TO A PEST ADVISORY WARNING)",ALL PRODUCTION PRACTICES,STATE,ALL CLASSES,IOWA,,FIELD CROPS,ANNUAL,7,PCT OF OPERATIONS,,00,,PEST MGMT,,SURVEY,19,CORN,UNITED STATES,,"CORN - PEST MGMT, MEASURED IN PCT OF OPERATIONS",,9000,,00000000,IA,,2018,2018-05-10 15:16:25.000,ALL UTILIZATION PRACTICES,19,YEAR,,"PRACTICE, MONITORING",ENVIRONMENTAL,IOWA,00,,
"PRACTICE, MONITORING: (SCOUTED - FOR PESTS DUE TO A PEST ADVISORY WARNING)",ALL PRODUCTION PRACTICES,STATE,ALL CLASSES,IOWA,,FIELD CROPS,ANNUAL,9,PCT OF OPERATIONS,,00,,PEST MGMT,,SURVEY,19,CORN,UNITED STATES,,"CORN - PEST MGMT, MEASURED IN PCT OF OPERATIONS",,9000,,00000000,IA,,2016,2016-08-31 14:19:39.000,ALL UTILIZATION PRACTICES,19,YEAR,,"PRACTICE, MONITORING",ENVIRONMENTAL,IOWA,00,,
"PRACTICE, MONITORING: (SCOUTED - FOR PESTS DUE TO A PEST ADVISORY WARNING)",ALL PRODUCTION PRACTICES,STATE,ALL CLASSES,IOWA,,FIELD CROPS,ANNUAL,17,PCT OF OPERATIONS,,00,,PEST MGMT,,SURVEY,19,CORN,UNITED STATES,,"CORN - PEST MGMT, MEASURED IN PCT OF OPERATIONS",,9000,,00000000,IA,,2014,2014-05-14 15:12:54.000,ALL UTILIZATION PRACTICES,19,YEAR,,"PRACTICE, MONITORING",ENVIRONMENTAL,IOWA,00,,
"PRACTICE, MONITORING: (SCOUTED - FOR PESTS DUE TO A PEST ADVISORY WARNING)",ALL PRODUCTION PRACTICES,STATE,ALL CLASSES,IOWA,,FIELD CROPS,ANNUAL,6,PCT OF OPERATIONS,,00,,PEST MGMT,,SURVEY,19,CORN,UNITED STATES,,"CORN - PEST MGMT, MEASURED IN PCT OF OPERATIONS",,9000,,00000000,IA,,2010,2012-01-01 00:00:00.000,ALL UTILIZATION PRACTICES,19,YEAR,,"PRACTICE, MONITORING",ENVIRONMENTAL,IOWA,00,,
"PRACTICE, MONITORING: (SCOUTED - FOR PESTS DUE TO A PEST DEVELOPMENT MODEL)",ALL PRODUCTION PRACTICES,STATE,ALL CLASSES,IOWA,,FIELD CROPS,ANNUAL,1,PCT OF OPERATIONS,,00,,PEST MGMT,,SURVEY,19,CORN,UNITED STATES,,"CORN - PEST MGMT, MEASURED IN PCT OF OPERATIONS",,9000,,00000000,IA,,2021,2021-05-13 15:00:30.000,ALL UTILIZATION PRACTICES,19,YEAR,,"PRACTICE, MONITORING",ENVIRONMENTAL,IOWA,00,,
"PRACTICE, MONITORING: (SCOUTED - FOR PESTS DUE TO A PEST DEVELOPMENT MODEL)",ALL PRODUCTION PRACTICES,STATE,ALL CLASSES,IOWA,,FIELD CROPS,ANNUAL,7,PCT OF OPERATIONS,,00,,PEST MGMT,,SURVEY,19,CORN,UNITED STATES,,"CORN - PEST MGMT, MEASURED IN PCT OF OPERATIONS",,9000,,00000000,IA,,2018,2018-05-10 15:16:25.000,ALL UTILIZATION PRACTICES,19,YEAR,,"PRACTICE, MONITORING",ENVIRONMENTAL,IOWA,00,,
"PRACTICE, MONITORING: (SCOUTED - FOR PESTS DUE TO A PEST DEVELOPMENT MODEL)",ALL PRODUCTION PRACTICES,STATE,ALL CLASSES,IOWA,,FIELD CROPS,ANNUAL,5,PCT OF OPERATIONS,,00,,PEST MGMT,,SURVEY,19,CORN,UNITED STATES,,"CORN - PEST MGMT, MEASURED IN PCT OF OPERATIONS",,9000,,00000000,IA,,2016,2016-08-31 14:19:39.000,ALL UTILIZATION PRACTICES,19,YEAR,,"PRACTICE, MONITORING",ENVIRONMENTAL,IOWA,00,,
"PRACTICE, MONITORING: (SCOUTED - FOR PESTS DUE TO A PEST DEVELOPMENT MODEL)",ALL PRODUCTION PRACTICES,STATE,ALL CLASSES,IOWA,,FIELD CROPS,ANNUAL,14,PCT OF OPERATIONS,,00,,PEST MGMT,,SURVEY,19,CORN,UNITED STATES,,"CORN - PEST MGMT, MEASURED IN PCT OF OPERATIONS",,9000,,00000000,IA,,2014,2014-05-14 15:12:54.000,ALL UTILIZATION PRACTICES,19,YEAR,,"PRACTICE, MONITORING",ENVIRONMENTAL,IOWA,00,,
"PRACTICE, MONITORING: (SCOUTED - FOR PESTS DUE TO A PEST DEVELOPMENT MODEL)",ALL PRODUCTION PRACTICES,STATE,ALL CLASSES,IOWA,,FIELD CROPS,ANNUAL,7,PCT OF OPERATIONS,,00,,PEST MGMT,,SURVEY,19,CORN,UNITED STATES,,"CORN - PEST MGMT, MEASURED IN PCT OF OPERATIONS",,9000,,00000000,IA,,2010,2012-01-01 00:00:00.000,ALL UTILIZATION PRACTICES,19,YEAR,,"PRACTICE, MONITORING",ENVIRONMENTAL,IOWA,00,,
"PRACTICE, MONITORING: (SCOUTED - FOR PESTS OR BENEFICIAL ORGANISMS - NOT SCOUTED)",ALL PRODUCTION PRACTICES,STATE,ALL CLASSES,IOWA,,FIELD CROPS,ANNUAL,19,PCT OF OPERATIONS,,00,,PEST MGMT,,SURVEY,19,CORN,UNITED STATES,,"CORN - PEST MGMT, MEASURED IN PCT OF OPERATIONS",,9000,,00000000,IA,,2021,2021-05-13 15:00:30.000,ALL UTILIZATION PRACTICES,19,YEAR,,"PRACTICE, MONITORING",ENVIRONMENTAL,IOWA,00,,
"PRACTICE, MONITORING: (SCOUTED - FOR PESTS OR BENEFICIAL ORGANISMS - NOT SCOUTED)",ALL PRODUCTION PRACTICES,STATE,ALL CLASSES,IOWA,,FIELD CROPS,ANNUAL,9,PCT OF OPERATIONS,,00,,PEST MGMT,,SURVEY,19,CORN,UNITED STATES,,"CORN - PEST MGMT, MEASURED IN PCT OF OPERATIONS",,9000,,00000000,IA,,2018,2018-05-10 15:16:25.000,ALL UTILIZATION PRACTICES,19,YEAR,,"PRACTICE, MONITORING",ENVIRONMENTAL,IOWA,00,,
"PRACTICE, MONITORING: (SCOUTED - FOR PESTS OR BENEFICIAL ORGANISMS - NOT SCOUTED)",ALL PRODUCTION PRACTICES,STATE,ALL CLASSES,IOWA,,FIELD CROPS,ANNUAL,14,PCT OF OPERATIONS,,00,,PEST MGMT,,SURVEY,19,CORN,UNITED STATES,,"CORN - PEST MGMT, MEASURED IN PCT OF OPERATIONS",,9000,,00000000,IA,,2016,2016-08-31 14:19:39.000,ALL UTILIZATION PRACTICES,19,YEAR,,"PRACTICE, MONITORING",ENVIRONMENTAL,IOWA,00,,
"PRACTICE, MONITORING: (SCOUTED - FOR PESTS OR BENEFICIAL ORGANISMS - NOT SCOUTED)",ALL PRODUCTION PRACTICES,STATE,ALL CLASSES,IOWA,,FIELD CROPS,ANNUAL,7,PCT OF OPERATIONS,,00,,PEST MGMT,,SURVEY,19,CORN,UNITED STATES,,"CORN - PEST MGMT, MEASURED IN PCT OF OPERATIONS",,9000,,00000000,IA,,2014,2014-05-14 15:12:54.000,ALL UTILIZATION PRACTICES,19,YEAR,,"PRACTICE, MONITORING",ENVIRONMENTAL,IOWA,00,,
"PRACTICE, MONITORING: (SCOUTED - FOR PESTS OR BENEFICIAL ORGANISMS - NOT SCOUTED)",ALL PRODUCTION PRACTICES,STATE,ALL CLASSES,IOWA,,FIELD CROPS,ANNUAL,10,PCT OF OPERATIONS,,00,,PEST MGMT,,SURVEY,19,CORN,UNITED STATES,,"CORN - PEST MGMT, MEASURED IN PCT OF OPERATIONS",,9000,,00000000,IA,,2010,2012-01-01 00:00:00.000,ALL UTILIZATION PRACTICES,19,YEAR,,"PRACTICE, MONITORING",ENVIRONMENTAL,IOWA,00,,
"PRACTICE, MONITORING: (SCOUTED - FOR PESTS OR BENEFICIAL ORGANISMS BY CONDUCTING GENERAL OBSERVATIONS WHILE PERFORMING ROUTINE TASKS)",ALL PRODUCTION PRACTICES,STATE,ALL CLASSES,IOWA,,FIELD CROPS,ANNUAL,41,PCT OF OPERATIONS,,00,,PEST MGMT,,SURVEY,19,CORN,UNITED STATES,,"CORN - PEST MGMT, MEASURED IN PCT OF OPERATIONS",,9000,,00000000,IA,,2021,2021-05-13 15:00:30.000,ALL UTILIZATION PRACTICES,19,YEAR,,"PRACTICE, MONITORING",ENVIRONMENTAL,IOWA,00,,
"PRACTICE, MONITORING: (SCOUTED - FOR PESTS OR BENEFICIAL ORGANISMS BY CONDUCTING GENERAL OBSERVATIONS WHILE PERFORMING ROUTINE TASKS)",ALL PRODUCTION PRACTICES,STATE,ALL CLASSES,IOWA,,FIELD CROPS,ANNUAL,34,PCT OF OPERATIONS,,00,,PEST MGMT,,SURVEY,19,CORN,UNITED STATES,,"CORN - PEST MGMT, MEASURED IN PCT OF OPERATIONS",,9000,,00000000,IA,,2018,2018-05-10 15:16:25.000,ALL UTILIZATION PRACTICES,19,YEAR,,"PRACTICE, MONITORING",ENVIRONMENTAL,IOWA,00,,
"PRACTICE, MONITORING: (SCOUTED - FOR PESTS OR BENEFICIAL ORGANISMS BY CONDUCTING GENERAL OBSERVATIONS WHILE PERFORMING ROUTINE TASKS)",ALL PRODUCTION PRACTICES,STATE,ALL CLASSES,IOWA,,FIELD CROPS,ANNUAL,36,PCT OF OPERATIONS,,00,,PEST MGMT,,SURVEY,19,CORN,UNITED STATES,,"CORN - PEST MGMT, MEASURED IN PCT OF OPERATIONS",,9000,,00000000,IA,,2016,2016-08-31 14:19:39.000,ALL UTILIZATION PRACTICES,19,YEAR,,"PRACTICE, MONITORING",ENVIRONMENTAL,IOWA,00,,
"PRACTICE, MONITORING: (SCOUTED - FOR PESTS OR BENEFICIAL ORGANISMS BY CONDUCTING GENERAL OBSERVATIONS WHILE PERFORMING ROUTINE TASKS)",ALL PRODUCTION PRACTICES,STATE,ALL CLASSES,IOWA,,FIELD CROPS,ANNUAL,30,PCT OF OPERATIONS,,00,,PEST MGMT,,SURVEY,19,CORN,UNITED STATES,,"CORN - PEST MGMT, MEASURED IN PCT OF OPERATIONS",,9000,,00000000,IA,,2014,2014-05-14 15:12:54.000,ALL UTILIZATION PRACTICES,19,YEAR,,"PRACTICE, MONITORING",ENVIRONMENTAL,IOWA,00,,
"PRACTICE, MONITORING: (SCOUTED - FOR PESTS OR BENEFICIAL ORGANISMS BY CONDUCTING GENERAL OBSERVATIONS WHILE PERFORMING ROUTINE TASKS)",ALL PRODUCTION PRACTICES,STATE,ALL CLASSES,IOWA,,FIELD CROPS,ANNUAL,27,PCT OF OPERATIONS,,00,,PEST MGMT,,SURVEY,19,CORN,UNITED STATES,,"CORN - PEST MGMT, MEASURED IN PCT OF OPERATIONS",,9000,,00000000,IA,,2010,2012-01-01 00:00:00.000,ALL UTILIZATION PRACTICES,19,YEAR,,"PRACTICE, MONITORING",ENVIRONMENTAL,IOWA,00,,
"PRACTICE, MONITORING: (SCOUTED - FOR PESTS OR BENEFICIAL ORGANISMS BY DELIBERATELY GOING TO THE CROP ACRES OR GROWING AREAS)",ALL PRODUCTION PRACTICES,STATE,ALL CLASSES,IOWA,,FIELD CROPS,ANNUAL,40,PCT OF OPERATIONS,,00,,PEST MGMT,,SURVEY,19,CORN,UNITED STATES,,"CORN - PEST MGMT, MEASURED IN PCT OF OPERATIONS",,9000,,00000000,IA,,2021,2021-05-13 15:00:30.000,ALL UTILIZATION PRACTICES,19,YEAR,,"PRACTICE, MONITORING",ENVIRONMENTAL,IOWA,00,,
"PRACTICE, MONITORING: (SCOUTED - FOR PESTS OR BENEFICIAL ORGANISMS BY DELIBERATELY GOING TO THE CROP ACRES OR GROWING AREAS)",ALL PRODUCTION PRACTICES,STATE,ALL CLASSES,IOWA,,FIELD CROPS,ANNUAL,57,PCT OF OPERATIONS,,00,,PEST MGMT,,SURVEY,19,CORN,UNITED STATES,,"CORN - PEST MGMT, MEASURED IN PCT OF OPERATIONS",,9000,,00000000,IA,,2018,2018-05-10 15:16:25.000,ALL UTILIZATION PRACTICES,19,YEAR,,"PRACTICE, MONITORING",ENVIRONMENTAL,IOWA,00,,
"PRACTICE, MONITORING: (SCOUTED - FOR PESTS OR BENEFICIAL ORGANISMS BY DELIBERATELY GOING TO THE CROP ACRES OR GROWING AREAS)",ALL PRODUCTION PRACTICES,STATE,ALL CLASSES,IOWA,,FIELD CROPS,ANNUAL,50,PCT OF OPERATIONS,,00,,PEST MGMT,,SURVEY,19,CORN,UNITED STATES,,"CORN - PEST MGMT, MEASURED IN PCT OF OPERATIONS",,9000,,00000000,IA,,2016,2016-08-31 14:19:39.000,ALL UTILIZATION PRACTICES,19,YEAR,,"PRACTICE, MONITORING",ENVIRONMENTAL,IOWA,00,,
"PRACTICE, MONITORING: (SCOUTED - FOR PESTS OR BENEFICIAL ORGANISMS BY DELIBERATELY GOING TO THE CROP ACRES OR GROWING AREAS)",ALL PRODUCTION PRACTICES,STATE,ALL CLASSES,IOWA,,FIELD CROPS,ANNUAL,63,PCT OF OPERATIONS,,00,,PEST MGMT,,SURVEY,19,CORN,UNITED STATES,,"CORN - PEST MGMT, MEASURED IN PCT OF OPERATIONS",,9000,,00000000,IA,,2014,2014-05-14 15:12:54.000,ALL UTILIZATION PRACTICES,19,YEAR,,"PRACTICE, MONITORING",ENVIRONMENTAL,IOWA,00,,
"PRACTICE, MONITORING: (SCOUTED - FOR PESTS OR BENEFICIAL ORGANISMS BY DELIBERATELY GOING TO THE CROP ACRES OR GROWING AREAS)",ALL PRODUCTION PRACTICES,STATE,ALL CLASSES,IOWA,,FIELD CROPS,ANNUAL,63,PCT OF OPERATIONS,,00,,PEST MGMT,,SURVEY,19,CORN,UNITED STATES,,"CORN - PEST MGMT, MEASURED IN PCT OF OPERATIONS",,9000,,00000000,IA,,2010,2012-01-01 00:00:00.000,ALL UTILIZATION PRACTICES,19,YEAR,,"PRACTICE, MONITORING",ENVIRONMENTAL,IOWA,00,,
"PRACTICE, MONITORING: (SCOUTED FOR DISEASES - BY EMPLOYEE)",ALL PRODUCTION PRACTICES,STATE,ALL CLASSES,IOWA,,FIELD CROPS,ANNUAL,0,PCT OF OPERATIONS,,00,,PEST MGMT,,SURVEY,19,CORN,UNITED STATES,,"CORN - PEST MGMT, MEASURED IN PCT OF OPERATIONS",,9000,,00000000,IA,,2021,2021-05-13 15:00:30.000,ALL UTILIZATION PRACTICES,19,YEAR,,"PRACTICE, MONITORING",ENVIRONMENTAL,IOWA,00,,
"PRACTICE, MONITORING: (SCOUTED FOR DISEASES - BY EMPLOYEE)",ALL PRODUCTION PRACTICES,STATE,ALL CLASSES,IOWA,,FIELD CROPS,ANNUAL,1,PCT OF OPERATIONS,,00,,PEST MGMT,,SURVEY,19,CORN,UNITED STATES,,"CORN - PEST MGMT, MEASURED IN PCT OF OPERATIONS",,9000,,00000000,IA,,2018,2018-05-10 15:16:25.000,ALL UTILIZATION PRACTICES,19,YEAR,,"PRACTICE, MONITORING",ENVIRONMENTAL,IOWA,00,,
"PRACTICE, MONITORING: (SCOUTED FOR DISEASES - BY EMPLOYEE)",ALL PRODUCTION PRACTICES,STATE,ALL CLASSES,IOWA,,FIELD CROPS,ANNUAL,2,PCT OF OPERATIONS,,00,,PEST MGMT,,SURVEY,19,CORN,UNITED STATES,,"CORN - PEST MGMT, MEASURED IN PCT OF OPERATIONS",,9000,,00000000,IA,,2016,2016-08-31 14:19:39.000,ALL UTILIZATION PRACTICES,19,YEAR,,"PRACTICE, MONITORING",ENVIRONMENTAL,IOWA,00,,
"PRACTICE, MONITORING: (SCOUTED FOR DISEASES - BY EMPLOYEE)",ALL PRODUCTION PRACTICES,STATE,ALL CLASSES,IOWA,,FIELD CROPS,ANNUAL,                 (Z),PCT OF OPERATIONS,,00,,PEST MGMT,,SURVEY,19,CORN,UNITED STATES,,"CORN - PEST MGMT, MEASURED IN PCT OF OPERATIONS",,9000,,00000000,IA,,2014,2014-05-14 15:12:54.000,ALL UTILIZATION PRACTICES,19,YEAR,,"PRACTICE, MONITORING",ENVIRONMENTAL,IOWA,00,,
"PRACTICE, MONITORING: (SCOUTED FOR DISEASES - BY EMPLOYEE)",ALL PRODUCTION PRACTICES,STATE,ALL CLASSES,IOWA,,FIELD CROPS,ANNUAL,                 (Z),PCT OF OPERATIONS,,00,,PEST MGMT,,SURVEY,19,CORN,UNITED STATES,,"CORN - PEST MGMT, MEASURED IN PCT OF OPERATIONS",,9000,,00000000,IA,,2010,2012-01-01 00:00:00.000,ALL UTILIZATION PRACTICES,19,YEAR,,"PRACTICE, MONITORING",ENVIRONMENTAL,IOWA,00,,
"PRACTICE, MONITORING: (SCOUTED FOR DISEASES - BY FARM SUPPLY COMPANY OR CHEMICAL DEALER)",ALL PRODUCTION PRACTICES,STATE,ALL CLASSES,IOWA,,FIELD CROPS,ANNUAL,0,PCT OF OPERATIONS,,00,,PEST MGMT,,SURVEY,19,CORN,UNITED STATES,,"CORN - PEST MGMT, MEASURED IN PCT OF OPERATIONS",,9000,,00000000,IA,,2021,2021-05-13 15:00:30.000,ALL UTILIZATION PRACTICES,19,YEAR,,"PRACTICE, MONITORING",ENVIRONMENTAL,IOWA,00,,
"PRACTICE, MONITORING: (SCOUTED FOR DISEASES - BY FARM SUPPLY COMPANY OR CHEMICAL DEALER)",ALL PRODUCTION PRACTICES,STATE,ALL CLASSES,IOWA,,FIELD CROPS,ANNUAL,16,PCT OF OPERATIONS,,00,,PEST MGMT,,SURVEY,19,CORN,UNITED STATES,,"CORN - PEST MGMT, MEASURED IN PCT OF OPERATIONS",,9000,,00000000,IA,,2018,2018-05-10 15:16:25.000,ALL UTILIZATION PRACTICES,19,YEAR,,"PRACTICE, MONITORING",ENVIRONMENTAL,IOWA,00,,
"PRACTICE, MONITORING: (SCOUTED FOR DISEASES - BY FARM SUPPLY COMPANY OR CHEMICAL DEALER)",ALL PRODUCTION PRACTICES,STATE,ALL CLASSES,IOWA,,FIELD CROPS,ANNUAL,20,PCT OF OPERATIONS,,00,,PEST MGMT,,SURVEY,19,CORN,UNITED STATES,,"CORN - PEST MGMT, MEASURED IN PCT OF OPERATIONS",,9000,,00000000,IA,,2016,2016-08-31 14:19:39.000,ALL UTILIZATION PRACTICES,19,YEAR,,"PRACTICE, MONITORING",ENVIRONMENTAL,IOWA,00,,
"PRACTICE, MONITORING: (SCOUTED FOR DISEASES - BY FARM SUPPLY COMPANY OR CHEMICAL DEALER)",ALL PRODUCTION PRACTICES,STATE,ALL CLASSES,IOWA,,FIELD CROPS,ANNUAL,25,PCT OF OPERATIONS,,00,,PEST MGMT,,SURVEY,19,CORN,UNITED STATES,,"CORN - PEST MGMT, MEASURED IN PCT OF OPERATIONS",,9000,,00000000,IA,,2014,2014-05-14 15:12:54.000,ALL UTILIZATION PRACTICES,19,YEAR,,"PRACTICE, MONITORING",ENVIRONMENTAL,IOWA,00,,
"PRACTICE, MONITORING: (SCOUTED FOR DISEASES - BY FARM SUPPLY COMPANY OR CHEMICAL DEALER)",ALL PRODUCTION PRACTICES,STATE,ALL CLASSES,IOWA,,FIELD CROPS,ANNUAL,18,PCT OF OPERATIONS,,00,,PEST MGMT,,SURVEY,19,CORN,UNITED STATES,,"CORN - PEST MGMT, MEASURED IN PCT OF OPERATIONS",,9000,,00000000,IA,,2010,2012-01-01 00:00:00.000,ALL UTILIZATION PRACTICES,19,YEAR,,"PRACTICE, MONITORING",ENVIRONMENTAL,IOWA,00,,
"PRACTICE, MONITORING: (SCOUTED FOR DISEASES - BY INDEPENDENT CROP CONSULTANT OR COMMERICAL SCOUT)",ALL PRODUCTION PRACTICES,STATE,ALL CLASSES,IOWA,,FIELD CROPS,ANNUAL,0,PCT OF OPERATIONS,,00,,PEST MGMT,,SURVEY,19,CORN,UNITED STATES,,"CORN - PEST MGMT, MEASURED IN PCT OF OPERATIONS",,9000,,00000000,IA,,2021,2021-05-13 15:00:30.000,ALL UTILIZATION PRACTICES,19,YEAR,,"PRACTICE, MONITORING",ENVIRONMENTAL,IOWA,00,,
"PRACTICE, MONITORING: (SCOUTED FOR DISEASES - BY INDEPENDENT CROP CONSULTANT OR COMMERICAL SCOUT)",ALL PRODUCTION PRACTICES,STATE,ALL CLASSES,IOWA,,FIELD CROPS,ANNUAL,7,PCT OF OPERATIONS,,00,,PEST MGMT,,SURVEY,19,CORN,UNITED STATES,,"CORN - PEST MGMT, MEASURED IN PCT OF OPERATIONS",,9000,,00000000,IA,,2018,2018-05-10 15:16:25.000,ALL UTILIZATION PRACTICES,19,YEAR,,"PRACTICE, MONITORING",ENVIRONMENTAL,IOWA,00,,
"PRACTICE, MONITORING: (SCOUTED FOR DISEASES - BY INDEPENDENT CROP CONSULTANT OR COMMERICAL SCOUT)",ALL PRODUCTION PRACTICES,STATE,ALL CLASSES,IOWA,,FIELD CROPS,ANNUAL,3,PCT OF OPERATIONS,,00,,PEST MGMT,,SURVEY,19,CORN,UNITED STATES,,"CORN - PEST MGMT, MEASURED IN PCT OF OPERATIONS",,9000,,00000000,IA,,2016,2016-08-31 14:19:39.000,ALL UTILIZATION PRACTICES,19,YEAR,,"PRACTICE, MONITORING",ENVIRONMENTAL,IOWA,00,,
"PRACTICE, MONITORING: (SCOUTED FOR DISEASES - BY INDEPENDENT CROP CONSULTANT OR COMMERICAL SCOUT)",ALL PRODUCTION PRACTICES,STATE,ALL CLASSES,IOWA,,FIELD CROPS,ANNUAL,7,PCT OF OPERATIONS,,00,,PEST MGMT,,SURVEY,19,CORN,UNITED STATES,,"CORN - PEST MGMT, MEASURED IN PCT OF OPERATIONS",,9000,,00000000,IA,,2014,2014-05-14 15:12:54.000,ALL UTILIZATION PRACTICES,19,YEAR,,"PRACTICE, MONITORING",ENVIRONMENTAL,IOWA,00,,
"PRACTICE, MONITORING: (SCOUTED FOR DISEASES - BY INDEPENDENT CROP CONSULTANT OR COMMERICAL SCOUT)",ALL PRODUCTION PRACTICES,STATE,ALL CLASSES,IOWA,,FIELD CROPS,ANNUAL,6,PCT OF OPERATIONS,,00,,PEST MGMT,,SURVEY,19,CORN,UNITED STATES,,"CORN - PEST MGMT, MEASURED IN PCT OF OPERATIONS",,9000,,00000000,IA,,2010,2012-01-01 00:00:00.000,ALL UTILIZATION PRACTICES,19,YEAR,,"PRACTICE, MONITORING",ENVIRONMENTAL,IOWA,00,,
"PRACTICE, MONITORING: (SCOUTED FOR DISEASES - BY OPERATOR, PARTNER, OR FAMILY MEMBER)",ALL PRODUCTION PRACTICES,STATE,ALL CLASSES,IOWA,,FIELD CROPS,ANNUAL,0,PCT OF OPERATIONS,,00,,PEST MGMT,,SURVEY,19,CORN,UNITED STATES,,"CORN - PEST MGMT, MEASURED IN PCT OF OPERATIONS",,9000,,00000000,IA,,2021,2021-05-13 15:00:30.000,ALL UTILIZATION PRACTICES,19,YEAR,,"PRACTICE, MONITORING",ENVIRONMENTAL,IOWA,00,,
"PRACTICE, MONITORING: (SCOUTED FOR DISEASES - BY OPERATOR, PARTNER, OR FAMILY MEMBER)",ALL PRODUCTION PRACTICES,STATE,ALL CLASSES,IOWA,,FIELD CROPS,ANNUAL,76,PCT OF OPERATIONS,,00,,PEST MGMT,,SURVEY,19,CORN,UNITED STATES,,"CORN - PEST MGMT, MEASURED IN PCT OF OPERATIONS",,9000,,00000000,IA,,2018,2018-05-10 15:16:25.000,ALL UTILIZATION PRACTICES,19,YEAR,,"PRACTICE, MONITORING",ENVIRONMENTAL,IOWA,00,,
"PRACTICE, MONITORING: (SCOUTED FOR DISEASES - BY OPERATOR, PARTNER, OR FAMILY MEMBER)",ALL PRODUCTION PRACTICES,STATE,ALL CLASSES,IOWA,,FIELD CROPS,ANNUAL,76,PCT OF OPERATIONS,,00,,PEST MGMT,,SURVEY,19,CORN,UNITED STATES,,"CORN - PEST MGMT, MEASURED IN PCT OF OPERATIONS",,9000,,00000000,IA,,2016,2016-08-31 14:19:39.000,ALL UTILIZATION PRACTICES,19,YEAR,,"PRACTICE, MONITORING",ENVIRONMENTAL,IOWA,00,,
"PRACTICE, MONITORING: (SCOUTED FOR DISEASES - BY OPERATOR, PARTNER, OR FAMILY MEMBER)",ALL PRODUCTION PRACTICES,STATE,ALL CLASSES,IOWA,,FIELD CROPS,ANNUAL,68,PCT OF OPERATIONS,,00,,PEST MGMT,,SURVEY,19,CORN,UNITED STATES,,"CORN - PEST MGMT, MEASURED IN PCT OF OPERATIONS",,9000,,00000000,IA,,2014,2014-05-14 15:12:54.000,ALL UTILIZATION PRACTICES,19,YEAR,,"PRACTICE, MONITORING",ENVIRONMENTAL,IOWA,00,,
"PRACTICE, MONITORING: (SCOUTED FOR DISEASES - BY OPERATOR, PARTNER, OR FAMILY MEMBER)",ALL PRODUCTION PRACTICES,STATE,ALL CLASSES,IOWA,,FIELD CROPS,ANNUAL,76,PCT OF OPERATIONS,,00,,PEST MGMT,,SURVEY,19,CORN,UNITED STATES,,"CORN - PEST MGMT, MEASURED IN PCT OF OPERATIONS",,9000,,00000000,IA,,2010,2012-01-01 00:00:00.000,ALL UTILIZATION PRACTICES,19,YEAR,,"PRACTICE, MONITORING",ENVIRONMENTAL,IOWA,00,,
"PRACTICE, MONITORING: (SCOUTED FOR DISEASES)",ALL PRODUCTION PRACTICES,STATE,ALL CLASSES,IOWA,,FIELD CROPS,ANNUAL,0,PCT OF OPERATIONS,,00,,PEST MGMT,,SURVEY,19,CORN,UNITED STATES,,"CORN - PEST MGMT, MEASURED IN PCT OF OPERATIONS",,9000,,00000000,IA,,2021,2021-05-13 15:00:30.000,ALL UTILIZATION PRACTICES,19,YEAR,,"PRACTICE, MONITORING",ENVIRONMENTAL,IOWA,00,,
"PRACTICE, MONITORING: (SCOUTED FOR DISEASES)",ALL PRODUCTION PRACTICES,STATE,ALL CLASSES,IOWA,,FIELD CROPS,ANNUAL,80,PCT OF OPERATIONS,,00,,PEST MGMT,,SURVEY,19,CORN,UNITED STATES,,"CORN - PEST MGMT, MEASURED IN PCT OF OPERATIONS",,9000,,00000000,IA,,2018,2018-05-10 15:16:25.000,ALL UTILIZATION PRACTICES,19,YEAR,,"PRACTICE, MONITORING",ENVIRONMENTAL,IOWA,00,,
"PRACTICE, MONITORING: (SCOUTED FOR DISEASES)",ALL PRODUCTION PRACTICES,STATE,ALL CLASSES,IOWA,,FIELD CROPS,ANNUAL,65,PCT OF OPERATIONS,,00,,PEST MGMT,,SURVEY,19,CORN,UNITED STATES,,"CORN - PEST MGMT, MEASURED IN PCT OF OPERATIONS",,9000,,00000000,IA,,2016,2016-08-31 14:19:39.000,ALL UTILIZATION PRACTICES,19,YEAR,,"PRACTICE, MONITORING",ENVIRONMENTAL,IOWA,00,,
"PRACTICE, MONITORING: (SCOUTED FOR DISEASES)",ALL PRODUCTION PRACTICES,STATE,ALL CLASSES,IOWA,,FIELD CROPS,ANNUAL,86,PCT OF OPERATIONS,,00,,PEST MGMT,,SURVEY,19,CORN,UNITED STATES,,"CORN - PEST MGMT, MEASURED IN PCT OF OPERATIONS",,9000,,00000000,IA,,2014,2014-05-14 15:12:54.000,ALL UTILIZATION PRACTICES,19,YEAR,,"PRACTICE, MONITORING",ENVIRONMENTAL,IOWA,00,,
"PRACTICE, MONITORING: (SCOUTED FOR DISEASES)",ALL PRODUCTION PRACTICES,STATE,ALL CLASSES,IOWA,,FIELD CROPS,ANNUAL,40,PCT OF OPERATIONS,,00,,PEST MGMT,,SURVEY,19,CORN,UNITED STATES,,"CORN - PEST MGMT, MEASURED IN PCT OF OPERATIONS",,9000,,00000000,IA,,2010,2012-01-01 00:00:00.000,ALL UTILIZATION PRACTICES,19,YEAR,,"PRACTICE, MONITORING",ENVIRONMENTAL,IOWA,00,,
"PRACTICE, MONITORING: (SCOUTED FOR INSECTS & MITES - BY EMPLOYEE)",ALL PRODUCTION PRACTICES,STATE,ALL CLASSES,IOWA,,FIELD CROPS,ANNUAL,0,PCT OF OPERATIONS,,00,,PEST MGMT,,SURVEY,19,CORN,UNITED STATES,,"CORN - PEST MGMT, MEASURED IN PCT OF OPERATIONS",,9000,,00000000,IA,,2021,2021-05-13 15:00:30.000,ALL UTILIZATION PRACTICES,19,YEAR,,"PRACTICE, MONITORING",ENVIRONMENTAL,IOWA,00,,
"PRACTICE, MONITORING: (SCOUTED FOR INSECTS & MITES - BY EMPLOYEE)",ALL PRODUCTION PRACTICES,STATE,ALL CLASSES,IOWA,,FIELD CROPS,ANNUAL,1,PCT OF OPERATIONS,,00,,PEST MGMT,,SURVEY,19,CORN,UNITED STATES,,"CORN - PEST MGMT, MEASURED IN PCT OF OPERATIONS",,9000,,00000000,IA,,2018,2018-05-10 15:16:25.000,ALL UTILIZATION PRACTICES,19,YEAR,,"PRACTICE, MONITORING",ENVIRONMENTAL,IOWA,00,,
"PRACTICE, MONITORING: (SCOUTED FOR INSECTS & MITES - BY EMPLOYEE)",ALL PRODUCTION PRACTICES,STATE,ALL CLASSES,IOWA,,FIELD CROPS,ANNUAL,                 (Z),PCT OF OPERATIONS,,00,,PEST MGMT,,SURVEY,19,CORN,UNITED STATES,,"CORN - PEST MGMT, MEASURED IN PCT OF OPERATIONS",,9000,,00000000,IA,,2016,2016-08-31 14:19:39.000,ALL UTILIZATION PRACTICES,19,YEAR,,"PRACTICE, MONITORING",ENVIRONMENTAL,IOWA,00,,
"PRACTICE, MONITORING: (SCOUTED FOR INSECTS & MITES - BY EMPLOYEE)",ALL PRODUCTION PRACTICES,STATE,ALL CLASSES,IOWA,,FIELD CROPS,ANNUAL,                 (Z),PCT OF OPERATIONS,,00,,PEST MGMT,,SURVEY,19,CORN,UNITED STATES,,"CORN - PEST MGMT, MEASURED IN PCT OF OPERATIONS",,9000,,00000000,IA,,2014,2014-05-14 15:12:54.000,ALL UTILIZATION PRACTICES,19,YEAR,,"PRACTICE, MONITORING",ENVIRONMENTAL,IOWA,00,,
"PRACTICE, MONITORING: (SCOUTED FOR INSECTS & MITES - BY EMPLOYEE)",ALL PRODUCTION PRACTICES,STATE,ALL CLASSES,IOWA,,FIELD CROPS,ANNUAL,0,PCT OF OPERATIONS,,00,,PEST MGMT,,SURVEY,19,CORN,UNITED STATES,,"CORN - PEST MGMT, MEASURED IN PCT OF OPERATIONS",,9000,,00000000,IA,,2010,2012-01-01 00:00:00.000,ALL UTILIZATION PRACTICES,19,YEAR,,"PRACTICE, MONITORING",ENVIRONMENTAL,IOWA,00,,
"PRACTICE, MONITORING: (SCOUTED FOR INSECTS & MITES - BY FARM SUPPLY COMPANY OR CHEMICAL DEALER)",ALL PRODUCTION PRACTICES,STATE,ALL CLASSES,IOWA,,FIELD CROPS,ANNUAL,0,PCT OF OPERATIONS,,00,,PEST MGMT,,SURVEY,19,CORN,UNITED STATES,,"CORN - PEST MGMT, MEASURED IN PCT OF OPERATIONS",,9000,,00000000,IA,,2021,2021-05-13 15:00:30.000,ALL UTILIZATION PRACTICES,19,YEAR,,"PRACTICE, MONITORING",ENVIRONMENTAL,IOWA,00,,
"PRACTICE, MONITORING: (SCOUTED FOR INSECTS & MITES - BY FARM SUPPLY COMPANY OR CHEMICAL DEALER)",ALL PRODUCTION PRACTICES,STATE,ALL CLASSES,IOWA,,FIELD CROPS,ANNUAL,16,PCT OF OPERATIONS,,00,,PEST MGMT,,SURVEY,19,CORN,UNITED STATES,,"CORN - PEST MGMT, MEASURED IN PCT OF OPERATIONS",,9000,,00000000,IA,,2018,2018-05-10 15:16:25.000,ALL UTILIZATION PRACTICES,19,YEAR,,"PRACTICE, MONITORING",ENVIRONMENTAL,IOWA,00,,
"PRACTICE, MONITORING: (SCOUTED FOR INSECTS & MITES - BY FARM SUPPLY COMPANY OR CHEMICAL DEALER)",ALL PRODUCTION PRACTICES,STATE,ALL CLASSES,IOWA,,FIELD CROPS,ANNUAL,19,PCT OF OPERATIONS,,00,,PEST MGMT,,SURVEY,19,CORN,UNITED STATES,,"CORN - PEST MGMT, MEASURED IN PCT OF OPERATIONS",,9000,,00000000,IA,,2016,2016-08-31 14:19:39.000,ALL UTILIZATION PRACTICES,19,YEAR,,"PRACTICE, MONITORING",ENVIRONMENTAL,IOWA,00,,
"PRACTICE, MONITORING: (SCOUTED FOR INSECTS & MITES - BY FARM SUPPLY COMPANY OR CHEMICAL DEALER)",ALL PRODUCTION PRACTICES,STATE,ALL CLASSES,IOWA,,FIELD CROPS,ANNUAL,23,PCT OF OPERATIONS,,00,,PEST MGMT,,SURVEY,19,CORN,UNITED STATES,,"CORN - PEST MGMT, MEASURED IN PCT OF OPERATIONS",,9000,,00000000,IA,,2014,2014-05-14 15:12:54.000,ALL UTILIZATION PRACTICES,19,YEAR,,"PRACTICE, MONITORING",ENVIRONMENTAL,IOWA,00,,
"PRACTICE, MONITORING: (SCOUTED FOR INSECTS & MITES - BY FARM SUPPLY COMPANY OR CHEMICAL DEALER)",ALL PRODUCTION PRACTICES,STATE,ALL CLASSES,IOWA,,FIELD CROPS,ANNUAL,18,PCT OF OPERATIONS,,00,,PEST MGMT,,SURVEY,19,CORN,UNITED STATES,,"CORN - PEST MGMT, MEASURED IN PCT OF OPERATIONS",,9000,,00000000,IA,,2010,2012-01-01 00:00:00.000,ALL UTILIZATION PRACTICES,19,YEAR,,"PRACTICE, MONITORING",ENVIRONMENTAL,IOWA,00,,
"PRACTICE, MONITORING: (SCOUTED FOR INSECTS & MITES - BY INDEPENDENT CROP CONSULTANT OR COMMERICAL SCOUT)",ALL PRODUCTION PRACTICES,STATE,ALL CLASSES,IOWA,,FIELD CROPS,ANNUAL,0,PCT OF OPERATIONS,,00,,PEST MGMT,,SURVEY,19,CORN,UNITED STATES,,"CORN - PEST MGMT, MEASURED IN PCT OF OPERATIONS",,9000,,00000000,IA,,2021,2021-05-13 15:00:30.000,ALL UTILIZATION PRACTICES,19,YEAR,,"PRACTICE, MONITORING",ENVIRONMENTAL,IOWA,00,,
"PRACTICE, MONITORING: (SCOUTED FOR INSECTS & MITES - BY INDEPENDENT CROP CONSULTANT OR COMMERICAL SCOUT)",ALL PRODUCTION PRACTICES,STATE,ALL CLASSES,IOWA,,FIELD CROPS,ANNUAL,7,PCT OF OPERATIONS,,00,,PEST MGMT,,SURVEY,19,CORN,UNITED STATES,,"CORN - PEST MGMT, MEASURED IN PCT OF OPERATIONS",,9000,,00000000,IA,,2018,2018-05-10 15:16:25.000,ALL UTILIZATION PRACTICES,19,YEAR,,"PRACTICE, MONITORING",ENVIRONMENTAL,IOWA,00,,
"PRACTICE, MONITORING: (SCOUTED FOR INSECTS & MITES - BY INDEPENDENT CROP CONSULTANT OR COMMERICAL SCOUT)",ALL PRODUCTION PRACTICES,STATE,ALL CLASSES,IOWA,,FIELD CROPS,ANNUAL,5,PCT OF OPERATIONS,,00,,PEST MGMT,,SURVEY,19,CORN,UNITED STATES,,"CORN - PEST MGMT, MEASURED IN PCT OF OPERATIONS",,9000,,00000000,IA,,2016,2016-08-31 14:19:39.000,ALL UTILIZATION PRACTICES,19,YEAR,,"PRACTICE, MONITORING",ENVIRONMENTAL,IOWA,00,,
"PRACTICE, MONITORING: (SCOUTED FOR INSECTS & MITES - BY INDEPENDENT CROP CONSULTANT OR COMMERICAL SCOUT)",ALL PRODUCTION PRACTICES,STATE,ALL CLASSES,IOWA,,FIELD CROPS,ANNUAL,7,PCT OF OPERATIONS,,00,,PEST MGMT,,SURVEY,19,CORN,UNITED STATES,,"CORN - PEST MGMT, MEASURED IN PCT OF OPERATIONS",,9000,,00000000,IA,,2014,2014-05-14 15:12:54.000,ALL UTILIZATION PRACTICES,19,YEAR,,"PRACTICE, MONITORING",ENVIRONMENTAL,IOWA,00,,
"PRACTICE, MONITORING: (SCOUTED FOR INSECTS & MITES - BY INDEPENDENT CROP CONSULTANT OR COMMERICAL SCOUT)",ALL PRODUCTION PRACTICES,STATE,ALL CLASSES,IOWA,,FIELD CROPS,ANNUAL,6,PCT OF OPERATIONS,,00,,PEST MGMT,,SURVEY,19,CORN,UNITED STATES,,"CORN - PEST MGMT, MEASURED IN PCT OF OPERATIONS",,9000,,00000000,IA,,2010,2012-01-01 00:00:00.000,ALL UTILIZATION PRACTICES,19,YEAR,,"PRACTICE, MONITORING",ENVIRONMENTAL,IOWA,00,,
"PRACTICE, MONITORING: (SCOUTED FOR INSECTS & MITES - BY OPERATOR, PARTNER, OR FAMILY MEMBER)",ALL PRODUCTION PRACTICES,STATE,ALL CLASSES,IOWA,,FIELD CROPS,ANNUAL,0,PCT OF OPERATIONS,,00,,PEST MGMT,,SURVEY,19,CORN,UNITED STATES,,"CORN - PEST MGMT, MEASURED IN PCT OF OPERATIONS",,9000,,00000000,IA,,2021,2021-05-13 15:00:30.000,ALL UTILIZATION PRACTICES,19,YEAR,,"PRACTICE, MONITORING",ENVIRONMENTAL,IOWA,00,,
"PRACTICE, MONITORING: (SCOUTED FOR INSECTS & MITES - BY OPERATOR, PARTNER, OR FAMILY MEMBER)",ALL PRODUCTION PRACTICES,STATE,ALL CLASSES,IOWA,,FIELD CROPS,ANNUAL,77,PCT OF OPERATIONS,,00,,PEST MGMT,,SURVEY,19,CORN,UNITED STATES,,"CORN - PEST MGMT, MEASURED IN PCT OF OPERATIONS",,9000,,00000000,IA,,2018,2018-05-10 15:16:25.000,ALL UTILIZATION PRACTICES,19,YEAR,,"PRACTICE, MONITORING",ENVIRONMENTAL,IOWA,00,,
"PRACTICE, MONITORING: (SCOUTED FOR INSECTS & MITES - BY OPERATOR, PARTNER, OR FAMILY MEMBER)",ALL PRODUCTION PRACTICES,STATE,ALL CLASSES,IOWA,,FIELD CROPS,ANNUAL,76,PCT OF OPERATIONS,,00,,PEST MGMT,,SURVEY,19,CORN,UNITED STATES,,"CORN - PEST MGMT, MEASURED IN PCT OF OPERATIONS",,9000,,00000000,IA,,2016,2016-08-31 14:19:39.000,ALL UTILIZATION PRACTICES,19,YEAR,,"PRACTICE, MONITORING",ENVIRONMENTAL,IOWA,00,,
"PRACTICE, MONITORING: (SCOUTED FOR INSECTS & MITES - BY OPERATOR, PARTNER, OR FAMILY MEMBER)",ALL PRODUCTION PRACTICES,STATE,ALL CLASSES,IOWA,,FIELD CROPS,ANNUAL,70,PCT OF OPERATIONS,,00,,PEST MGMT,,SURVEY,19,CORN,UNITED STATES,,"CORN - PEST MGMT, MEASURED IN PCT OF OPERATIONS",,9000,,00000000,IA,,2014,2014-05-14 15:12:54.000,ALL UTILIZATION PRACTICES,19,YEAR,,"PRACTICE, MONITORING",ENVIRONMENTAL,IOWA,00,,
"PRACTICE, MONITORING: (SCOUTED FOR INSECTS & MITES - BY OPERATOR, PARTNER, OR FAMILY MEMBER)",ALL PRODUCTION PRACTICES,STATE,ALL CLASSES,IOWA,,FIELD CROPS,ANNUAL,76,PCT OF OPERATIONS,,00,,PEST MGMT,,SURVEY,19,CORN,UNITED STATES,,"CORN - PEST MGMT, MEASURED IN PCT OF OPERATIONS",,9000,,00000000,IA,,2010,2012-01-01 00:00:00.000,ALL UTILIZATION PRACTICES,19,YEAR,,"PRACTICE, MONITORING",ENVIRONMENTAL,IOWA,00,,
"PRACTICE, MONITORING: (SCOUTED FOR INSECTS & MITES)",ALL PRODUCTION PRACTICES,STATE,ALL CLASSES,IOWA,,FIELD CROPS,ANNUAL,0,PCT OF OPERATIONS,,00,,PEST MGMT,,SURVEY,19,CORN,UNITED STATES,,"CORN - PEST MGMT, MEASURED IN PCT OF OPERATIONS",,9000,,00000000,IA,,2021,2021-05-13 15:00:30.000,ALL UTILIZATION PRACTICES,19,YEAR,,"PRACTICE, MONITORING",ENVIRONMENTAL,IOWA,00,,
"PRACTICE, MONITORING: (SCOUTED FOR INSECTS & MITES)",ALL PRODUCTION PRACTICES,STATE,ALL CLASSES,IOWA,,FIELD CROPS,ANNUAL,80,PCT OF OPERATIONS,,00,,PEST MGMT,,SURVEY,19,CORN,UNITED STATES,,"CORN - PEST MGMT, MEASURED IN PCT OF OPERATIONS",,9000,,00000000,IA,,2018,2018-05-10 15:16:25.000,ALL UTILIZATION PRACTICES,19,YEAR,,"PRACTICE, MONITORING",ENVIRONMENTAL,IOWA,00,,
"PRACTICE, MONITORING: (SCOUTED FOR INSECTS & MITES)",ALL PRODUCTION PRACTICES,STATE,ALL CLASSES,IOWA,,FIELD CROPS,ANNUAL,72,PCT OF OPERATIONS,,00,,PEST MGMT,,SURVEY,19,CORN,UNITED STATES,,"CORN - PEST MGMT, MEASURED IN PCT OF OPERATIONS",,9000,,00000000,IA,,2016,2016-08-31 14:19:39.000,ALL UTILIZATION PRACTICES,19,YEAR,,"PRACTICE, MONITORING",ENVIRONMENTAL,IOWA,00,,
"PRACTICE, MONITORING: (SCOUTED FOR INSECTS & MITES)",ALL PRODUCTION PRACTICES,STATE,ALL CLASSES,IOWA,,FIELD CROPS,ANNUAL,86,PCT OF OPERATIONS,,00,,PEST MGMT,,SURVEY,19,CORN,UNITED STATES,,"CORN - PEST MGMT, MEASURED IN PCT OF OPERATIONS",,9000,,00000000,IA,,2014,2014-05-14 15:12:54.000,ALL UTILIZATION PRACTICES,19,YEAR,,"PRACTICE, MONITORING",ENVIRONMENTAL,IOWA,00,,
"PRACTICE, MONITORING: (SCOUTED FOR INSECTS & MITES)",ALL PRODUCTION PRACTICES,STATE,ALL CLASSES,IOWA,,FIELD CROPS,ANNUAL,47,PCT OF OPERATIONS,,00,,PEST MGMT,,SURVEY,19,CORN,UNITED STATES,,"CORN - PEST MGMT, MEASURED IN PCT OF OPERATIONS",,9000,,00000000,IA,,2010,2012-01-01 00:00:00.000,ALL UTILIZATION PRACTICES,19,YEAR,,"PRACTICE, MONITORING",ENVIRONMENTAL,IOWA,00,,
"PRACTICE, MONITORING: (SCOUTED FOR WEEDS - BY EMPLOYEE)",ALL PRODUCTION PRACTICES,STATE,ALL CLASSES,IOWA,,FIELD CROPS,ANNUAL,0,PCT OF OPERATIONS,,00,,PEST MGMT,,SURVEY,19,CORN,UNITED STATES,,"CORN - PEST MGMT, MEASURED IN PCT OF OPERATIONS",,9000,,00000000,IA,,2021,2021-05-13 15:00:30.000,ALL UTILIZATION PRACTICES,19,YEAR,,"PRACTICE, MONITORING",ENVIRONMENTAL,IOWA,00,,
"PRACTICE, MONITORING: (SCOUTED FOR WEEDS - BY EMPLOYEE)",ALL PRODUCTION PRACTICES,STATE,ALL CLASSES,IOWA,,FIELD CROPS,ANNUAL,1,PCT OF OPERATIONS,,00,,PEST MGMT,,SURVEY,19,CORN,UNITED STATES,,"CORN - PEST MGMT, MEASURED IN PCT OF OPERATIONS",,9000,,00000000,IA,,2018,2018-05-10 15:16:25.000,ALL UTILIZATION PRACTICES,19,YEAR,,"PRACTICE, MONITORING",ENVIRONMENTAL,IOWA,00,,
"PRACTICE, MONITORING: (SCOUTED FOR WEEDS - BY EMPLOYEE)",ALL PRODUCTION PRACTICES,STATE,ALL CLASSES,IOWA,,FIELD CROPS,ANNUAL,                 (Z),PCT OF OPERATIONS,,00,,PEST MGMT,,SURVEY,19,CORN,UNITED STATES,,"CORN - PEST MGMT, MEASURED IN PCT OF OPERATIONS",,9000,,00000000,IA,,2016,2016-08-31 14:19:39.000,ALL UTILIZATION PRACTICES,19,YEAR,,"PRACTICE, MONITORING",ENVIRONMENTAL,IOWA,00,,
"PRACTICE, MONITORING: (SCOUTED FOR WEEDS - BY EMPLOYEE)",ALL PRODUCTION PRACTICES,STATE,ALL CLASSES,IOWA,,FIELD CROPS,ANNUAL,                 (Z),PCT OF OPERATIONS,,00,,PEST MGMT,,SURVEY,19,CORN,UNITED STATES,,"CORN - PEST MGMT, MEASURED IN PCT OF OPERATIONS",,9000,,00000000,IA,,2014,2014-05-14 15:12:54.000,ALL UTILIZATION PRACTICES,19,YEAR,,"PRACTICE, MONITORING",ENVIRONMENTAL,IOWA,00,,
"PRACTICE, MONITORING: (SCOUTED FOR WEEDS - BY EMPLOYEE)",ALL PRODUCTION PRACTICES,STATE,ALL CLASSES,IOWA,,FIELD CROPS,ANNUAL,1,PCT OF OPERATIONS,,00,,PEST MGMT,,SURVEY,19,CORN,UNITED STATES,,"CORN - PEST MGMT, MEASURED IN PCT OF OPERATIONS",,9000,,00000000,IA,,2010,2012-01-01 00:00:00.000,ALL UTILIZATION PRACTICES,19,YEAR,,"PRACTICE, MONITORING",ENVIRONMENTAL,IOWA,00,,
"PRACTICE, MONITORING: (SCOUTED FOR WEEDS - BY FARM SUPPLY COMPANY OR CHEMICAL DEALER)",ALL PRODUCTION PRACTICES,STATE,ALL CLASSES,IOWA,,FIELD CROPS,ANNUAL,0,PCT OF OPERATIONS,,00,,PEST MGMT,,SURVEY,19,CORN,UNITED STATES,,"CORN - PEST MGMT, MEASURED IN PCT OF OPERATIONS",,9000,,00000000,IA,,2021,2021-05-13 15:00:30.000,ALL UTILIZATION PRACTICES,19,YEAR,,"PRACTICE, MONITORING",ENVIRONMENTAL,IOWA,00,,
"PRACTICE, MONITORING: (SCOUTED FOR WEEDS - BY FARM SUPPLY COMPANY OR CHEMICAL DEALER)",ALL PRODUCTION PRACTICES,STATE,ALL CLASSES,IOWA,,FIELD CROPS,ANNUAL,14,PCT OF OPERATIONS,,00,,PEST MGMT,,SURVEY,19,CORN,UNITED STATES,,"CORN - PEST MGMT, MEASURED IN PCT OF OPERATIONS",,9000,,00000000,IA,,2018,2018-05-10 15:16:25.000,ALL UTILIZATION PRACTICES,19,YEAR,,"PRACTICE, MONITORING",ENVIRONMENTAL,IOWA,00,,
"PRACTICE, MONITORING: (SCOUTED FOR WEEDS - BY FARM SUPPLY COMPANY OR CHEMICAL DEALER)",ALL PRODUCTION PRACTICES,STATE,ALL CLASSES,IOWA,,FIELD CROPS,ANNUAL,16,PCT OF OPERATIONS,,00,,PEST MGMT,,SURVEY,19,CORN,UNITED STATES,,"CORN - PEST MGMT, MEASURED IN PCT OF OPERATIONS",,9000,,00000000,IA,,2016,2016-08-31 14:19:39.000,ALL UTILIZATION PRACTICES,19,YEAR,,"PRACTICE, MONITORING",ENVIRONMENTAL,IOWA,00,,
"PRACTICE, MONITORING: (SCOUTED FOR WEEDS - BY FARM SUPPLY COMPANY OR CHEMICAL DEALER)",ALL PRODUCTION PRACTICES,STATE,ALL CLASSES,IOWA,,FIELD CROPS,ANNUAL,20,PCT OF OPERATIONS,,00,,PEST MGMT,,SURVEY,19,CORN,UNITED STATES,,"CORN - PEST MGMT, MEASURED IN PCT OF OPERATIONS",,9000,,00000000,IA,,2014,2014-05-14 15:12:54.000,ALL UTILIZATION PRACTICES,19,YEAR,,"PRACTICE, MONITORING",ENVIRONMENTAL,IOWA,00,,
"PRACTICE, MONITORING: (SCOUTED FOR WEEDS - BY FARM SUPPLY COMPANY OR CHEMICAL DEALER)",ALL PRODUCTION PRACTICES,STATE,ALL CLASSES,IOWA,,FIELD CROPS,ANNUAL,12,PCT OF OPERATIONS,,00,,PEST MGMT,,SURVEY,19,CORN,UNITED STATES,,"CORN - PEST MGMT, MEASURED IN PCT OF OPERATIONS",,9000,,00000000,IA,,2010,2012-01-01 00:00:00.000,ALL UTILIZATION PRACTICES,19,YEAR,,"PRACTICE, MONITORING",ENVIRONMENTAL,IOWA,00,,
"PRACTICE, MONITORING: (SCOUTED FOR WEEDS - BY INDEPENDENT CROP CONSULTANT OR COMMERICAL SCOUT)",ALL PRODUCTION PRACTICES,STATE,ALL CLASSES,IOWA,,FIELD CROPS,ANNUAL,0,PCT OF OPERATIONS,,00,,PEST MGMT,,SURVEY,19,CORN,UNITED STATES,,"CORN - PEST MGMT, MEASURED IN PCT OF OPERATIONS",,9000,,00000000,IA,,2021,2021-05-13 15:00:30.000,ALL UTILIZATION PRACTICES,19,YEAR,,"PRACTICE, MONITORING",ENVIRONMENTAL,IOWA,00,,
"PRACTICE, MONITORING: (SCOUTED FOR WEEDS - BY INDEPENDENT CROP CONSULTANT OR COMMERICAL SCOUT)",ALL PRODUCTION PRACTICES,STATE,ALL CLASSES,IOWA,,FIELD CROPS,ANNUAL,7,PCT OF OPERATIONS,,00,,PEST MGMT,,SURVEY,19,CORN,UNITED STATES,,"CORN - PEST MGMT, MEASURED IN PCT OF OPERATIONS",,9000,,00000000,IA,,2018,2018-05-10 15:16:25.000,ALL UTILIZATION PRACTICES,19,YEAR,,"PRACTICE, MONITORING",ENVIRONMENTAL,IOWA,00,,
"PRACTICE, MONITORING: (SCOUTED FOR WEEDS - BY INDEPENDENT CROP CONSULTANT OR COMMERICAL SCOUT)",ALL PRODUCTION PRACTICES,STATE,ALL CLASSES,IOWA,,FIELD CROPS,ANNUAL,3,PCT OF OPERATIONS,,00,,PEST MGMT,,SURVEY,19,CORN,UNITED STATES,,"CORN - PEST MGMT, MEASURED IN PCT OF OPERATIONS",,9000,,00000000,IA,,2016,2016-08-31 14:19:39.000,ALL UTILIZATION PRACTICES,19,YEAR,,"PRACTICE, MONITORING",ENVIRONMENTAL,IOWA,00,,
"PRACTICE, MONITORING: (SCOUTED FOR WEEDS - BY INDEPENDENT CROP CONSULTANT OR COMMERICAL SCOUT)",ALL PRODUCTION PRACTICES,STATE,ALL CLASSES,IOWA,,FIELD CROPS,ANNUAL,6,PCT OF OPERATIONS,,00,,PEST MGMT,,SURVEY,19,CORN,UNITED STATES,,"CORN - PEST MGMT, MEASURED IN PCT OF OPERATIONS",,9000,,00000000,IA,,2014,2014-05-14 15:12:54.000,ALL UTILIZATION PRACTICES,19,YEAR,,"PRACTICE, MONITORING",ENVIRONMENTAL,IOWA,00,,
"PRACTICE, MONITORING: (SCOUTED FOR WEEDS - BY INDEPENDENT CROP CONSULTANT OR COMMERICAL SCOUT)",ALL PRODUCTION PRACTICES,STATE,ALL CLASSES,IOWA,,FIELD CROPS,ANNUAL,3,PCT OF OPERATIONS,,00,,PEST MGMT,,SURVEY,19,CORN,UNITED STATES,,"CORN - PEST MGMT, MEASURED IN PCT OF OPERATIONS",,9000,,00000000,IA,,2010,2012-01-01 00:00:00.000,ALL UTILIZATION PRACTICES,19,YEAR,,"PRACTICE, MONITORING",ENVIRONMENTAL,IOWA,00,,
"PRACTICE, MONITORING: (SCOUTED FOR WEEDS - BY OPERATOR, PARTNER, OR FAMILY MEMBER)",ALL PRODUCTION PRACTICES,STATE,ALL CLASSES,IOWA,,FIELD CROPS,ANNUAL,0,PCT OF OPERATIONS,,00,,PEST MGMT,,SURVEY,19,CORN,UNITED STATES,,"CORN - PEST MGMT, MEASURED IN PCT OF OPERATIONS",,9000,,00000000,IA,,2021,2021-05-13 15:00:30.000,ALL UTILIZATION PRACTICES,19,YEAR,,"PRACTICE, MONITORING",ENVIRONMENTAL,IOWA,00,,
"PRACTICE, MONITORING: (SCOUTED FOR WEEDS - BY OPERATOR, PARTNER, OR FAMILY MEMBER)",ALL PRODUCTION PRACTICES,STATE,ALL CLASSES,IOWA,,FIELD CROPS,ANNUAL,79,PCT OF OPERATIONS,,00,,PEST MGMT,,SURVEY,19,CORN,UNITED STATES,,"CORN - PEST MGMT, MEASURED IN PCT OF OPERATIONS",,9000,,00000000,IA,,2018,2018-05-10 15:16:25.000,ALL UTILIZATION PRACTICES,19,YEAR,,"PRACTICE, MONITORING",ENVIRONMENTAL,IOWA,00,,
"PRACTICE, MONITORING: (SCOUTED FOR WEEDS - BY OPERATOR, PARTNER, OR FAMILY MEMBER)",ALL PRODUCTION PRACTICES,STATE,ALL CLASSES,IOWA,,FIELD CROPS,ANNUAL,81,PCT OF OPERATIONS,,00,,PEST MGMT,,SURVEY,19,CORN,UNITED STATES,,"CORN - PEST MGMT, MEASURED IN PCT OF OPERATIONS",,9000,,00000000,IA,,2016,2016-08-31 14:19:39.000,ALL UTILIZATION PRACTICES,19,YEAR,,"PRACTICE, MONITORING",ENVIRONMENTAL,IOWA,00,,
"PRACTICE, MONITORING: (SCOUTED FOR WEEDS - BY OPERATOR, PARTNER, OR FAMILY MEMBER)",ALL PRODUCTION PRACTICES,STATE,ALL CLASSES,IOWA,,FIELD CROPS,ANNUAL,74,PCT OF OPERATIONS,,00,,PEST MGMT,,SURVEY,19,CORN,UNITED STATES,,"CORN - PEST MGMT, MEASURED IN PCT OF OPERATIONS",,9000,,00000000,IA,,2014,2014-05-14 15:12:54.000,ALL UTILIZATION PRACTICES,19,YEAR,,"PRACTICE, MONITORING",ENVIRONMENTAL,IOWA,00,,
"PRACTICE, MONITORING: (SCOUTED FOR WEEDS - BY OPERATOR, PARTNER, OR FAMILY MEMBER)",ALL PRODUCTION PRACTICES,STATE,ALL CLASSES,IOWA,,FIELD CROPS,ANNUAL,84,PCT OF OPERATIONS,,00,,PEST MGMT,,SURVEY,19,CORN,UNITED STATES,,"CORN - PEST MGMT, MEASURED IN PCT OF OPERATIONS",,9000,,00000000,IA,,2010,2012-01-01 00:00:00.000,ALL UTILIZATION PRACTICES,19,YEAR,,"PRACTICE, MONITORING",ENVIRONMENTAL,IOWA,00,,
"PRACTICE, MONITORING: (SCOUTED FOR WEEDS)",ALL PRODUCTION PRACTICES,STATE,ALL CLASSES,IOWA,,FIELD CROPS,ANNUAL,0,PCT OF OPERATIONS,,00,,PEST MGMT,,SURVEY,19,CORN,UNITED STATES,,"CORN - PEST MGMT, MEASURED IN PCT OF OPERATIONS",,9000,,00000000,IA,,2021,2021-05-13 15:00:30.000,ALL UTILIZATION PRACTICES,19,YEAR,,"PRACTICE, MONITORING",ENVIRONMENTAL,IOWA,00,,
"PRACTICE, MONITORING: (SCOUTED FOR WEEDS)",ALL PRODUCTION PRACTICES,STATE,ALL CLASSES,IOWA,,FIELD CROPS,ANNUAL,91,PCT OF OPERATIONS,,00,,PEST MGMT,,SURVEY,19,CORN,UNITED STATES,,"CORN - PEST MGMT, MEASURED IN PCT OF OPERATIONS",,9000,,00000000,IA,,2018,2018-05-10 15:16:25.000,ALL UTILIZATION PRACTICES,19,YEAR,,"PRACTICE, MONITORING",ENVIRONMENTAL,IOWA,00,,
"PRACTICE, MONITORING: (SCOUTED FOR WEEDS)",ALL PRODUCTION PRACTICES,STATE,ALL CLASSES,IOWA,,FIELD CROPS,ANNUAL,85,PCT OF OPERATIONS,,00,,PEST MGMT,,SURVEY,19,CORN,UNITED STATES,,"CORN - PEST MGMT, MEASURED IN PCT OF OPERATIONS",,9000,,00000000,IA,,2016,2016-08-31 14:19:39.000,ALL UTILIZATION PRACTICES,19,YEAR,,"PRACTICE, MONITORING",ENVIRONMENTAL,IOWA,00,,
"PRACTICE, MONITORING: (SCOUTED FOR WEEDS)",ALL PRODUCTION PRACTICES,STATE,ALL CLASSES,IOWA,,FIELD CROPS,ANNUAL,93,PCT OF OPERATIONS,,00,,PEST MGMT,,SURVEY,19,CORN,UNITED STATES,,"CORN - PEST MGMT, MEASURED IN PCT OF OPERATIONS",,9000,,00000000,IA,,2014,2014-05-14 15:12:54.000,ALL UTILIZATION PRACTICES,19,YEAR,,"PRACTICE, MONITORING",ENVIRONMENTAL,IOWA,00,,
"PRACTICE, MONITORING: (SCOUTED FOR WEEDS)",ALL PRODUCTION PRACTICES,STATE,ALL CLASSES,IOWA,,FIELD CROPS,ANNUAL,87,PCT OF OPERATIONS,,00,,PEST MGMT,,SURVEY,19,CORN,UNITED STATES,,"CORN - PEST MGMT, MEASURED IN PCT OF OPERATIONS",,9000,,00000000,IA,,2010,2012-01-01 00:00:00.000,ALL UTILIZATION PRACTICES,19,YEAR,,"PRACTICE, MONITORING",ENVIRONMENTAL,IOWA,00,,
"PRACTICE, MONITORING: (WEATHER DATA USED TO ASSIST DECISIONS)",ALL PRODUCTION PRACTICES,STATE,ALL CLASSES,IOWA,,FIELD CROPS,ANNUAL,34,PCT OF OPERATIONS,,00,,PEST MGMT,,SURVEY,19,CORN,UNITED STATES,,"CORN - PEST MGMT, MEASURED IN PCT OF OPERATIONS",,9000,,00000000,IA,,2021,2021-05-13 15:00:30.000,ALL UTILIZATION PRACTICES,19,YEAR,,"PRACTICE, MONITORING",ENVIRONMENTAL,IOWA,00,,
"PRACTICE, MONITORING: (WEATHER DATA USED TO ASSIST DECISIONS)",ALL PRODUCTION PRACTICES,STATE,ALL CLASSES,IOWA,,FIELD CROPS,ANNUAL,64,PCT OF OPERATIONS,,00,,PEST MGMT,,SURVEY,19,CORN,UNITED STATES,,"CORN - PEST MGMT, MEASURED IN PCT OF OPERATIONS",,9000,,00000000,IA,,2018,2018-05-10 15:16:25.000,ALL UTILIZATION PRACTICES,19,YEAR,,"PRACTICE, MONITORING",ENVIRONMENTAL,IOWA,00,,
"PRACTICE, MONITORING: (WEATHER DATA USED TO ASSIST DECISIONS)",ALL PRODUCTION PRACTICES,STATE,ALL CLASSES,IOWA,,FIELD CROPS,ANNUAL,61,PCT OF OPERATIONS,,00,,PEST MGMT,,SURVEY,19,CORN,UNITED STATES,,"CORN - PEST MGMT, MEASURED IN PCT OF OPERATIONS",,9000,,00000000,IA,,2016,2016-08-31 14:19:39.000,ALL UTILIZATION PRACTICES,19,YEAR,,"PRACTICE, MONITORING",ENVIRONMENTAL,IOWA,00,,
"PRACTICE, MONITORING: (WEATHER DATA USED TO ASSIST DECISIONS)",ALL PRODUCTION PRACTICES,STATE,ALL CLASSES,IOWA,,FIELD CROPS,ANNUAL,46,PCT OF OPERATIONS,,00,,PEST MGMT,,SURVEY,19,CORN,UNITED STATES,,"CORN - PEST MGMT, MEASURED IN PCT OF OPERATIONS",,9000,,00000000,IA,,2014,2014-05-14 15:12:54.000,ALL UTILIZATION PRACTICES,19,YEAR,,"PRACTICE, MONITORING",ENVIRONMENTAL,IOWA,00,,
"PRACTICE, MONITORING: (WEATHER DATA USED TO ASSIST DECISIONS)",ALL PRODUCTION PRACTICES,STATE,ALL CLASSES,IOWA,,FIELD CROPS,ANNUAL,58,PCT OF OPERATIONS,,00,,PEST MGMT,,SURVEY,19,CORN,UNITED STATES,,"CORN - PEST MGMT, MEASURED IN PCT OF OPERATIONS",,9000,,00000000,IA,,2010,2012-01-01 00:00:00.000,ALL UTILIZATION PRACTICES,19,YEAR,,"PRACTICE, MONITORING",ENVIRONMENTAL,IOWA,00,,
"PRACTICE, MONITORING: (WRITTEN OR ELECTRONIC RECORDS KEPT TO TRACK THE ACTIVITY OF PESTS)",ALL PRODUCTION PRACTICES,STATE,ALL CLASSES,IOWA,,FIELD CROPS,ANNUAL,33,PCT OF OPERATIONS,,00,,PEST MGMT,,SURVEY,19,CORN,UNITED STATES,,"CORN - PEST MGMT, MEASURED IN PCT OF OPERATIONS",,9000,,00000000,IA,,2021,2021-05-13 15:00:30.000,ALL UTILIZATION PRACTICES,19,YEAR,,"PRACTICE, MONITORING",ENVIRONMENTAL,IOWA,00,,
"PRACTICE, MONITORING: (WRITTEN OR ELECTRONIC RECORDS KEPT TO TRACK THE ACTIVITY OF PESTS)",ALL PRODUCTION PRACTICES,STATE,ALL CLASSES,IOWA,,FIELD CROPS,ANNUAL,28,PCT OF OPERATIONS,,00,,PEST MGMT,,SURVEY,19,CORN,UNITED STATES,,"CORN - PEST MGMT, MEASURED IN PCT OF OPERATIONS",,9000,,00000000,IA,,2018,2018-05-10 15:16:25.000,ALL UTILIZATION PRACTICES,19,YEAR,,"PRACTICE, MONITORING",ENVIRONMENTAL,IOWA,00,,
"PRACTICE, MONITORING: (WRITTEN OR ELECTRONIC RECORDS KEPT TO TRACK THE ACTIVITY OF PESTS)",ALL PRODUCTION PRACTICES,STATE,ALL CLASSES,IOWA,,FIELD CROPS,ANNUAL,20,PCT OF OPERATIONS,,00,,PEST MGMT,,SURVEY,19,CORN,UNITED STATES,,"CORN - PEST MGMT, MEASURED IN PCT OF OPERATIONS",,9000,,00000000,IA,,2016,2016-08-31 14:19:39.000,ALL UTILIZATION PRACTICES,19,YEAR,,"PRACTICE, MONITORING",ENVIRONMENTAL,IOWA,00,,
"PRACTICE, MONITORING: (WRITTEN OR ELECTRONIC RECORDS KEPT TO TRACK THE ACTIVITY OF PESTS)",ALL PRODUCTION PRACTICES,STATE,ALL CLASSES,IOWA,,FIELD CROPS,ANNUAL,31,PCT OF OPERATIONS,,00,,PEST MGMT,,SURVEY,19,CORN,UNITED STATES,,"CORN - PEST MGMT, MEASURED IN PCT OF OPERATIONS",,9000,,00000000,IA,,2014,2014-05-14 15:12:54.000,ALL UTILIZATION PRACTICES,19,YEAR,,"PRACTICE, MONITORING",ENVIRONMENTAL,IOWA,00,,
"PRACTICE, MONITORING: (WRITTEN OR ELECTRONIC RECORDS KEPT TO TRACK THE ACTIVITY OF PESTS)",ALL PRODUCTION PRACTICES,STATE,ALL CLASSES,IOWA,,FIELD CROPS,ANNUAL,10,PCT OF OPERATIONS,,00,,PEST MGMT,,SURVEY,19,CORN,UNITED STATES,,"CORN - PEST MGMT, MEASURED IN PCT OF OPERATIONS",,9000,,00000000,IA,,2010,2012-01-01 00:00:00.000,ALL UTILIZATION PRACTICES,19,YEAR,,"PRACTICE, MONITORING",ENVIRONMENTAL,IOWA,00,,
"PRACTICE, PREVENTION: (BENEFICIAL INSECT OR VERTEBRATE HABITAT MAINTAINED)",ALL PRODUCTION PRACTICES,STATE,ALL CLASSES,IOWA,,FIELD CROPS,ANNUAL,5,PCT OF OPERATIONS,,00,,PEST MGMT,,SURVEY,19,CORN,UNITED STATES,,"CORN - PEST MGMT, MEASURED IN PCT OF OPERATIONS",,9000,,00000000,IA,,2021,2021-05-13 15:00:30.000,ALL UTILIZATION PRACTICES,19,YEAR,,"PRACTICE, PREVENTION",ENVIRONMENTAL,IOWA,00,,
"PRACTICE, PREVENTION: (BENEFICIAL INSECT OR VERTEBRATE HABITAT MAINTAINED)",ALL PRODUCTION PRACTICES,STATE,ALL CLASSES,IOWA,,FIELD CROPS,ANNUAL,7,PCT OF OPERATIONS,,00,,PEST MGMT,,SURVEY,19,CORN,UNITED STATES,,"CORN - PEST MGMT, MEASURED IN PCT OF OPERATIONS",,9000,,00000000,IA,,2018,2018-05-10 15:16:25.000,ALL UTILIZATION PRACTICES,19,YEAR,,"PRACTICE, PREVENTION",ENVIRONMENTAL,IOWA,00,,
"PRACTICE, PREVENTION: (BENEFICIAL INSECT OR VERTEBRATE HABITAT MAINTAINED)",ALL PRODUCTION PRACTICES,STATE,ALL CLASSES,IOWA,,FIELD CROPS,ANNUAL,10,PCT OF OPERATIONS,,00,,PEST MGMT,,SURVEY,19,CORN,UNITED STATES,,"CORN - PEST MGMT, MEASURED IN PCT OF OPERATIONS",,9000,,00000000,IA,,2016,2016-08-31 14:19:39.000,ALL UTILIZATION PRACTICES,19,YEAR,,"PRACTICE, PREVENTION",ENVIRONMENTAL,IOWA,00,,
"PRACTICE, PREVENTION: (BENEFICIAL INSECT OR VERTEBRATE HABITAT MAINTAINED)",ALL PRODUCTION PRACTICES,STATE,ALL CLASSES,IOWA,,FIELD CROPS,ANNUAL,13,PCT OF OPERATIONS,,00,,PEST MGMT,,SURVEY,19,CORN,UNITED STATES,,"CORN - PEST MGMT, MEASURED IN PCT OF OPERATIONS",,9000,,00000000,IA,,2014,2014-05-14 15:12:54.000,ALL UTILIZATION PRACTICES,19,YEAR,,"PRACTICE, PREVENTION",ENVIRONMENTAL,IOWA,00,,
"PRACTICE, PREVENTION: (BENEFICIAL INSECT OR VERTEBRATE HABITAT MAINTAINED)",ALL PRODUCTION PRACTICES,STATE,ALL CLASSES,IOWA,,FIELD CROPS,ANNUAL,10,PCT OF OPERATIONS,,00,,PEST MGMT,,SURVEY,19,CORN,UNITED STATES,,"CORN - PEST MGMT, MEASURED IN PCT OF OPERATIONS",,9000,,00000000,IA,,2010,2012-01-01 00:00:00.000,ALL UTILIZATION PRACTICES,19,YEAR,,"PRACTICE, PREVENTION",ENVIRONMENTAL,IOWA,00,,
"PRACTICE, PREVENTION: (CROP RESIDUES REMOVED OR BURNED DOWN)",ALL PRODUCTION PRACTICES,STATE,ALL CLASSES,IOWA,,FIELD CROPS,ANNUAL,4,PCT OF OPERATIONS,,00,,PEST MGMT,,SURVEY,19,CORN,UNITED STATES,,"CORN - PEST MGMT, MEASURED IN PCT OF OPERATIONS",,9000,,00000000,IA,,2021,2021-05-13 15:00:30.000,ALL UTILIZATION PRACTICES,19,YEAR,,"PRACTICE, PREVENTION",ENVIRONMENTAL,IOWA,00,,
"PRACTICE, PREVENTION: (CROP RESIDUES REMOVED OR BURNED DOWN)",ALL PRODUCTION PRACTICES,STATE,ALL CLASSES,IOWA,,FIELD CROPS,ANNUAL,5,PCT OF OPERATIONS,,00,,PEST MGMT,,SURVEY,19,CORN,UNITED STATES,,"CORN - PEST MGMT, MEASURED IN PCT OF OPERATIONS",,9000,,00000000,IA,,2018,2018-05-10 15:16:25.000,ALL UTILIZATION PRACTICES,19,YEAR,,"PRACTICE, PREVENTION",ENVIRONMENTAL,IOWA,00,,
"PRACTICE, PREVENTION: (CROP RESIDUES REMOVED OR BURNED DOWN)",ALL PRODUCTION PRACTICES,STATE,ALL CLASSES,IOWA,,FIELD CROPS,ANNUAL,7,PCT OF OPERATIONS,,00,,PEST MGMT,,SURVEY,19,CORN,UNITED STATES,,"CORN - PEST MGMT, MEASURED IN PCT OF OPERATIONS",,9000,,00000000,IA,,2016,2016-08-31 14:19:39.000,ALL UTILIZATION PRACTICES,19,YEAR,,"PRACTICE, PREVENTION",ENVIRONMENTAL,IOWA,00,,
"PRACTICE, PREVENTION: (CROP RESIDUES REMOVED OR BURNED DOWN)",ALL PRODUCTION PRACTICES,STATE,ALL CLASSES,IOWA,,FIELD CROPS,ANNUAL,7,PCT OF OPERATIONS,,00,,PEST MGMT,,SURVEY,19,CORN,UNITED STATES,,"CORN - PEST MGMT, MEASURED IN PCT OF OPERATIONS",,9000,,00000000,IA,,2014,2014-05-14 15:12:54.000,ALL UTILIZATION PRACTICES,19,YEAR,,"PRACTICE, PREVENTION",ENVIRONMENTAL,IOWA,00,,
"PRACTICE, PREVENTION: (CROP RESIDUES REMOVED OR BURNED DOWN)",ALL PRODUCTION PRACTICES,STATE,ALL CLASSES,IOWA,,FIELD CROPS,ANNUAL,7,PCT OF OPERATIONS,,00,,PEST MGMT,,SURVEY,19,CORN,UNITED STATES,,"CORN - PEST MGMT, MEASURED IN PCT OF OPERATIONS",,9000,,00000000,IA,,2010,2012-01-01 00:00:00.000,ALL UTILIZATION PRACTICES,19,YEAR,,"PRACTICE, PREVENTION",ENVIRONMENTAL,IOWA,00,,
"PRACTICE, PREVENTION: (EQUIPMENT & IMPLEMENTS CLEANED AFTER FIELD WORK TO REDUCE SPREAD OF PESTS)",ALL PRODUCTION PRACTICES,STATE,ALL CLASSES,IOWA,,FIELD CROPS,ANNUAL,35,PCT OF OPERATIONS,,00,,PEST MGMT,,SURVEY,19,CORN,UNITED STATES,,"CORN - PEST MGMT, MEASURED IN PCT OF OPERATIONS",,9000,,00000000,IA,,2021,2021-05-13 15:00:30.000,ALL UTILIZATION PRACTICES,19,YEAR,,"PRACTICE, PREVENTION",ENVIRONMENTAL,IOWA,00,,
"PRACTICE, PREVENTION: (EQUIPMENT & IMPLEMENTS CLEANED AFTER FIELD WORK TO REDUCE SPREAD OF PESTS)",ALL PRODUCTION PRACTICES,STATE,ALL CLASSES,IOWA,,FIELD CROPS,ANNUAL,35,PCT OF OPERATIONS,,00,,PEST MGMT,,SURVEY,19,CORN,UNITED STATES,,"CORN - PEST MGMT, MEASURED IN PCT OF OPERATIONS",,9000,,00000000,IA,,2018,2018-05-10 15:16:25.000,ALL UTILIZATION PRACTICES,19,YEAR,,"PRACTICE, PREVENTION",ENVIRONMENTAL,IOWA,00,,
"PRACTICE, PREVENTION: (EQUIPMENT & IMPLEMENTS CLEANED AFTER FIELD WORK TO REDUCE SPREAD OF PESTS)",ALL PRODUCTION PRACTICES,STATE,ALL CLASSES,IOWA,,FIELD CROPS,ANNUAL,27,PCT OF OPERATIONS,,00,,PEST MGMT,,SURVEY,19,CORN,UNITED STATES,,"CORN - PEST MGMT, MEASURED IN PCT OF OPERATIONS",,9000,,00000000,IA,,2016,2016-08-31 14:19:39.000,ALL UTILIZATION PRACTICES,19,YEAR,,"PRACTICE, PREVENTION",ENVIRONMENTAL,IOWA,00,,
"PRACTICE, PREVENTION: (EQUIPMENT & IMPLEMENTS CLEANED AFTER FIELD WORK TO REDUCE SPREAD OF PESTS)",ALL PRODUCTION PRACTICES,STATE,ALL CLASSES,IOWA,,FIELD CROPS,ANNUAL,19,PCT OF OPERATIONS,,00,,PEST MGMT,,SURVEY,19,CORN,UNITED STATES,,"CORN - PEST MGMT, MEASURED IN PCT OF OPERATIONS",,9000,,00000000,IA,,2014,2014-05-14 15:12:54.000,ALL UTILIZATION PRACTICES,19,YEAR,,"PRACTICE, PREVENTION",ENVIRONMENTAL,IOWA,00,,
"PRACTICE, PREVENTION: (EQUIPMENT & IMPLEMENTS CLEANED AFTER FIELD WORK TO REDUCE SPREAD OF PESTS)",ALL PRODUCTION PRACTICES,STATE,ALL CLASSES,IOWA,,FIELD CROPS,ANNUAL,22,PCT OF OPERATIONS,,00,,PEST MGMT,,SURVEY,19,CORN,UNITED STATES,,"CORN - PEST MGMT, MEASURED IN PCT OF OPERATIONS",,9000,,00000000,IA,,2010,2012-01-01 00:00:00.000,ALL UTILIZATION PRACTICES,19,YEAR,,"PRACTICE, PREVENTION",ENVIRONMENTAL,IOWA,00,,
"PRACTICE, PREVENTION: (FIELD EDGES, DITCHES, OR FENCE LINES WERE CHOPPED, SPRAYED, MOWED, PLOWED, OR BURNED)",ALL PRODUCTION PRACTICES,STATE,ALL CLASSES,IOWA,,FIELD CROPS,ANNUAL,48,PCT OF OPERATIONS,,00,,PEST MGMT,,SURVEY,19,CORN,UNITED STATES,,"CORN - PEST MGMT, MEASURED IN PCT OF OPERATIONS",,9000,,00000000,IA,,2021,2021-05-13 15:00:30.000,ALL UTILIZATION PRACTICES,19,YEAR,,"PRACTICE, PREVENTION",ENVIRONMENTAL,IOWA,00,,
"PRACTICE, PREVENTION: (FIELD EDGES, DITCHES, OR FENCE LINES WERE CHOPPED, SPRAYED, MOWED, PLOWED, OR BURNED)",ALL PRODUCTION PRACTICES,STATE,ALL CLASSES,IOWA,,FIELD CROPS,ANNUAL,52,PCT OF OPERATIONS,,00,,PEST MGMT,,SURVEY,19,CORN,UNITED STATES,,"CORN - PEST MGMT, MEASURED IN PCT OF OPERATIONS",,9000,,00000000,IA,,2018,2018-05-10 15:16:25.000,ALL UTILIZATION PRACTICES,19,YEAR,,"PRACTICE, PREVENTION",ENVIRONMENTAL,IOWA,00,,
"PRACTICE, PREVENTION: (FIELD EDGES, DITCHES, OR FENCE LINES WERE CHOPPED, SPRAYED, MOWED, PLOWED, OR BURNED)",ALL PRODUCTION PRACTICES,STATE,ALL CLASSES,IOWA,,FIELD CROPS,ANNUAL,46,PCT OF OPERATIONS,,00,,PEST MGMT,,SURVEY,19,CORN,UNITED STATES,,"CORN - PEST MGMT, MEASURED IN PCT OF OPERATIONS",,9000,,00000000,IA,,2016,2016-08-31 14:19:39.000,ALL UTILIZATION PRACTICES,19,YEAR,,"PRACTICE, PREVENTION",ENVIRONMENTAL,IOWA,00,,
"PRACTICE, PREVENTION: (FIELD EDGES, DITCHES, OR FENCE LINES WERE CHOPPED, SPRAYED, MOWED, PLOWED, OR BURNED)",ALL PRODUCTION PRACTICES,STATE,ALL CLASSES,IOWA,,FIELD CROPS,ANNUAL,51,PCT OF OPERATIONS,,00,,PEST MGMT,,SURVEY,19,CORN,UNITED STATES,,"CORN - PEST MGMT, MEASURED IN PCT OF OPERATIONS",,9000,,00000000,IA,,2014,2014-05-14 15:12:54.000,ALL UTILIZATION PRACTICES,19,YEAR,,"PRACTICE, PREVENTION",ENVIRONMENTAL,IOWA,00,,
"PRACTICE, PREVENTION: (FIELD EDGES, DITCHES, OR FENCE LINES WERE CHOPPED, SPRAYED, MOWED, PLOWED, OR BURNED)",ALL PRODUCTION PRACTICES,STATE,ALL CLASSES,IOWA,,FIELD CROPS,ANNUAL,42,PCT OF OPERATIONS,,00,,PEST MGMT,,SURVEY,19,CORN,UNITED STATES,,"CORN - PEST MGMT, MEASURED IN PCT OF OPERATIONS",,9000,,00000000,IA,,2010,2012-01-01 00:00:00.000,ALL UTILIZATION PRACTICES,19,YEAR,,"PRACTICE, PREVENTION",ENVIRONMENTAL,IOWA,00,,
"PRACTICE, PREVENTION: (FIELD LEFT FALLOW PREVIOUS YEAR TO MANAGE INSECTS)",ALL PRODUCTION PRACTICES,STATE,ALL CLASSES,IOWA,,FIELD CROPS,ANNUAL,8,PCT OF OPERATIONS,,00,,PEST MGMT,,SURVEY,19,CORN,UNITED STATES,,"CORN - PEST MGMT, MEASURED IN PCT OF OPERATIONS",,9000,,00000000,IA,,2021,2021-05-13 15:00:30.000,ALL UTILIZATION PRACTICES,19,YEAR,,"PRACTICE, PREVENTION",ENVIRONMENTAL,IOWA,00,,
"PRACTICE, PREVENTION: (FIELD LEFT FALLOW PREVIOUS YEAR TO MANAGE INSECTS)",ALL PRODUCTION PRACTICES,STATE,ALL CLASSES,IOWA,,FIELD CROPS,ANNUAL,0,PCT OF OPERATIONS,,00,,PEST MGMT,,SURVEY,19,CORN,UNITED STATES,,"CORN - PEST MGMT, MEASURED IN PCT OF OPERATIONS",,9000,,00000000,IA,,2018,2018-05-10 15:16:25.000,ALL UTILIZATION PRACTICES,19,YEAR,,"PRACTICE, PREVENTION",ENVIRONMENTAL,IOWA,00,,
"PRACTICE, PREVENTION: (FIELD LEFT FALLOW PREVIOUS YEAR TO MANAGE INSECTS)",ALL PRODUCTION PRACTICES,STATE,ALL CLASSES,IOWA,,FIELD CROPS,ANNUAL,0,PCT OF OPERATIONS,,00,,PEST MGMT,,SURVEY,19,CORN,UNITED STATES,,"CORN - PEST MGMT, MEASURED IN PCT OF OPERATIONS",,9000,,00000000,IA,,2016,2016-08-31 14:19:39.000,ALL UTILIZATION PRACTICES,19,YEAR,,"PRACTICE, PREVENTION",ENVIRONMENTAL,IOWA,00,,
"PRACTICE, PREVENTION: (FIELD LEFT FALLOW PREVIOUS YEAR TO MANAGE INSECTS)",ALL PRODUCTION PRACTICES,STATE,ALL CLASSES,IOWA,,FIELD CROPS,ANNUAL,1,PCT OF OPERATIONS,,00,,PEST MGMT,,SURVEY,19,CORN,UNITED STATES,,"CORN - PEST MGMT, MEASURED IN PCT OF OPERATIONS",,9000,,00000000,IA,,2014,2014-05-14 15:12:54.000,ALL UTILIZATION PRACTICES,19,YEAR,,"PRACTICE, PREVENTION",ENVIRONMENTAL,IOWA,00,,
"PRACTICE, PREVENTION: (FIELD LEFT FALLOW PREVIOUS YEAR TO MANAGE INSECTS)",ALL PRODUCTION PRACTICES,STATE,ALL CLASSES,IOWA,,FIELD CROPS,ANNUAL,0,PCT OF OPERATIONS,,00,,PEST MGMT,,SURVEY,19,CORN,UNITED STATES,,"CORN - PEST MGMT, MEASURED IN PCT OF OPERATIONS",,9000,,00000000,IA,,2010,2012-01-01 00:00:00.000,ALL UTILIZATION PRACTICES,19,YEAR,,"PRACTICE, PREVENTION",ENVIRONMENTAL,IOWA,00,,
"PRACTICE, PREVENTION: (FLAMER USED TO KILL WEEDS)",ALL PRODUCTION PRACTICES,STATE,ALL CLASSES,IOWA,,FIELD CROPS,ANNUAL,0,PCT OF OPERATIONS,,00,,PEST MGMT,,SURVEY,19,CORN,UNITED STATES,,"CORN - PEST MGMT, MEASURED IN PCT OF OPERATIONS",,9000,,00000000,IA,,2021,2021-05-13 15:00:30.000,ALL UTILIZATION PRACTICES,19,YEAR,,"PRACTICE, PREVENTION",ENVIRONMENTAL,IOWA,00,,
"PRACTICE, PREVENTION: (FLAMER USED TO KILL WEEDS)",ALL PRODUCTION PRACTICES,STATE,ALL CLASSES,IOWA,,FIELD CROPS,ANNUAL,                 (Z),PCT OF OPERATIONS,,00,,PEST MGMT,,SURVEY,19,CORN,UNITED STATES,,"CORN - PEST MGMT, MEASURED IN PCT OF OPERATIONS",,9000,,00000000,IA,,2018,2018-05-10 15:16:25.000,ALL UTILIZATION PRACTICES,19,YEAR,,"PRACTICE, PREVENTION",ENVIRONMENTAL,IOWA,00,,
"PRACTICE, PREVENTION: (FLAMER USED TO KILL WEEDS)",ALL PRODUCTION PRACTICES,STATE,ALL CLASSES,IOWA,,FIELD CROPS,ANNUAL,1,PCT OF OPERATIONS,,00,,PEST MGMT,,SURVEY,19,CORN,UNITED STATES,,"CORN - PEST MGMT, MEASURED IN PCT OF OPERATIONS",,9000,,00000000,IA,,2016,2016-08-31 14:19:39.000,ALL UTILIZATION PRACTICES,19,YEAR,,"PRACTICE, PREVENTION",ENVIRONMENTAL,IOWA,00,,
"PRACTICE, PREVENTION: (FLAMER USED TO KILL WEEDS)",ALL PRODUCTION PRACTICES,STATE,ALL CLASSES,IOWA,,FIELD CROPS,ANNUAL,1,PCT OF OPERATIONS,,00,,PEST MGMT,,SURVEY,19,CORN,UNITED STATES,,"CORN - PEST MGMT, MEASURED IN PCT OF OPERATIONS",,9000,,00000000,IA,,2014,2014-05-14 15:12:54.000,ALL UTILIZATION PRACTICES,19,YEAR,,"PRACTICE, PREVENTION",ENVIRONMENTAL,IOWA,00,,
"PRACTICE, PREVENTION: (FLAMER USED TO KILL WEEDS)",ALL PRODUCTION PRACTICES,STATE,ALL CLASSES,IOWA,,FIELD CROPS,ANNUAL,                 (Z),PCT OF OPERATIONS,,00,,PEST MGMT,,SURVEY,19,CORN,UNITED STATES,,"CORN - PEST MGMT, MEASURED IN PCT OF OPERATIONS",,9000,,00000000,IA,,2010,2012-01-01 00:00:00.000,ALL UTILIZATION PRACTICES,19,YEAR,,"PRACTICE, PREVENTION",ENVIRONMENTAL,IOWA,00,,
"PRACTICE, PREVENTION: (NO-TILL OR MINIMUM TILL USED)",ALL PRODUCTION PRACTICES,STATE,ALL CLASSES,IOWA,,FIELD CROPS,ANNUAL,67,PCT OF OPERATIONS,,00,,PEST MGMT,,SURVEY,19,CORN,UNITED STATES,,"CORN - PEST MGMT, MEASURED IN PCT OF OPERATIONS",,9000,,00000000,IA,,2021,2021-05-13 15:00:30.000,ALL UTILIZATION PRACTICES,19,YEAR,,"PRACTICE, PREVENTION",ENVIRONMENTAL,IOWA,00,,
"PRACTICE, PREVENTION: (NO-TILL OR MINIMUM TILL USED)",ALL PRODUCTION PRACTICES,STATE,ALL CLASSES,IOWA,,FIELD CROPS,ANNUAL,63,PCT OF OPERATIONS,,00,,PEST MGMT,,SURVEY,19,CORN,UNITED STATES,,"CORN - PEST MGMT, MEASURED IN PCT OF OPERATIONS",,9000,,00000000,IA,,2018,2018-05-10 15:16:25.000,ALL UTILIZATION PRACTICES,19,YEAR,,"PRACTICE, PREVENTION",ENVIRONMENTAL,IOWA,00,,
"PRACTICE, PREVENTION: (NO-TILL OR MINIMUM TILL USED)",ALL PRODUCTION PRACTICES,STATE,ALL CLASSES,IOWA,,FIELD CROPS,ANNUAL,68,PCT OF OPERATIONS,,00,,PEST MGMT,,SURVEY,19,CORN,UNITED STATES,,"CORN - PEST MGMT, MEASURED IN PCT OF OPERATIONS",,9000,,00000000,IA,,2016,2016-08-31 14:19:39.000,ALL UTILIZATION PRACTICES,19,YEAR,,"PRACTICE, PREVENTION",ENVIRONMENTAL,IOWA,00,,
"PRACTICE, PREVENTION: (NO-TILL OR MINIMUM TILL USED)",ALL PRODUCTION PRACTICES,STATE,ALL CLASSES,IOWA,,FIELD CROPS,ANNUAL,73,PCT OF OPERATIONS,,00,,PEST MGMT,,SURVEY,19,CORN,UNITED STATES,,"CORN - PEST MGMT, MEASURED IN PCT OF OPERATIONS",,9000,,00000000,IA,,2014,2014-05-14 15:12:54.000,ALL UTILIZATION PRACTICES,19,YEAR,,"PRACTICE, PREVENTION",ENVIRONMENTAL,IOWA,00,,
"PRACTICE, PREVENTION: (NO-TILL OR MINIMUM TILL USED)",ALL PRODUCTION PRACTICES,STATE,ALL CLASSES,IOWA,,FIELD CROPS,ANNUAL,73,PCT OF OPERATIONS,,00,,PEST MGMT,,SURVEY,19,CORN,UNITED STATES,,"CORN - PEST MGMT, MEASURED IN PCT OF OPERATIONS",,9000,,00000000,IA,,2010,2012-01-01 00:00:00.000,ALL UTILIZATION PRACTICES,19,YEAR,,"PRACTICE, PREVENTION",ENVIRONMENTAL,IOWA,00,,
"PRACTICE, PREVENTION: (PLOWED DOWN CROP RESIDUE USING CONVENTIONAL TILLAGE)",ALL PRODUCTION PRACTICES,STATE,ALL CLASSES,IOWA,,FIELD CROPS,ANNUAL,25,PCT OF OPERATIONS,,00,,PEST MGMT,,SURVEY,19,CORN,UNITED STATES,,"CORN - PEST MGMT, MEASURED IN PCT OF OPERATIONS",,9000,,00000000,IA,,2021,2021-05-13 15:00:30.000,ALL UTILIZATION PRACTICES,19,YEAR,,"PRACTICE, PREVENTION",ENVIRONMENTAL,IOWA,00,,
"PRACTICE, PREVENTION: (PLOWED DOWN CROP RESIDUE USING CONVENTIONAL TILLAGE)",ALL PRODUCTION PRACTICES,STATE,ALL CLASSES,IOWA,,FIELD CROPS,ANNUAL,34,PCT OF OPERATIONS,,00,,PEST MGMT,,SURVEY,19,CORN,UNITED STATES,,"CORN - PEST MGMT, MEASURED IN PCT OF OPERATIONS",,9000,,00000000,IA,,2018,2018-05-10 15:16:25.000,ALL UTILIZATION PRACTICES,19,YEAR,,"PRACTICE, PREVENTION",ENVIRONMENTAL,IOWA,00,,
"PRACTICE, PREVENTION: (PLOWED DOWN CROP RESIDUE USING CONVENTIONAL TILLAGE)",ALL PRODUCTION PRACTICES,STATE,ALL CLASSES,IOWA,,FIELD CROPS,ANNUAL,24,PCT OF OPERATIONS,,00,,PEST MGMT,,SURVEY,19,CORN,UNITED STATES,,"CORN - PEST MGMT, MEASURED IN PCT OF OPERATIONS",,9000,,00000000,IA,,2016,2016-08-31 14:19:39.000,ALL UTILIZATION PRACTICES,19,YEAR,,"PRACTICE, PREVENTION",ENVIRONMENTAL,IOWA,00,,
"PRACTICE, PREVENTION: (PLOWED DOWN CROP RESIDUE USING CONVENTIONAL TILLAGE)",ALL PRODUCTION PRACTICES,STATE,ALL CLASSES,IOWA,,FIELD CROPS,ANNUAL,23,PCT OF OPERATIONS,,00,,PEST MGMT,,SURVEY,19,CORN,UNITED STATES,,"CORN - PEST MGMT, MEASURED IN PCT OF OPERATIONS",,9000,,00000000,IA,,2014,2014-05-14 15:12:54.000,ALL UTILIZATION PRACTICES,19,YEAR,,"PRACTICE, PREVENTION",ENVIRONMENTAL,IOWA,00,,
"PRACTICE, PREVENTION: (PLOWED DOWN CROP RESIDUE USING CONVENTIONAL TILLAGE)",ALL PRODUCTION PRACTICES,STATE,ALL CLASSES,IOWA,,FIELD CROPS,ANNUAL,16,PCT OF OPERATIONS,,00,,PEST MGMT,,SURVEY,19,CORN,UNITED STATES,,"CORN - PEST MGMT, MEASURED IN PCT OF OPERATIONS",,9000,,00000000,IA,,2010,2012-01-01 00:00:00.000,ALL UTILIZATION PRACTICES,19,YEAR,,"PRACTICE, PREVENTION",ENVIRONMENTAL,IOWA,00,,
"PRACTICE, PREVENTION: (SEED TREATED FOR INSECT OR DISEASE CONTROL AFTER PURCHASE)",ALL PRODUCTION PRACTICES,STATE,ALL CLASSES,IOWA,,FIELD CROPS,ANNUAL,14,PCT OF OPERATIONS,,00,,PEST MGMT,,SURVEY,19,CORN,UNITED STATES,,"CORN - PEST MGMT, MEASURED IN PCT OF OPERATIONS",,9000,,00000000,IA,,2021,2021-05-13 15:00:30.000,ALL UTILIZATION PRACTICES,19,YEAR,,"PRACTICE, PREVENTION",ENVIRONMENTAL,IOWA,00,,
"PRACTICE, PREVENTION: (SEED TREATED FOR INSECT OR DISEASE CONTROL AFTER PURCHASE)",ALL PRODUCTION PRACTICES,STATE,ALL CLASSES,IOWA,,FIELD CROPS,ANNUAL,21,PCT OF OPERATIONS,,00,,PEST MGMT,,SURVEY,19,CORN,UNITED STATES,,"CORN - PEST MGMT, MEASURED IN PCT OF OPERATIONS",,9000,,00000000,IA,,2018,2018-05-10 15:16:25.000,ALL UTILIZATION PRACTICES,19,YEAR,,"PRACTICE, PREVENTION",ENVIRONMENTAL,IOWA,00,,
"PRACTICE, PREVENTION: (SEED TREATED FOR INSECT OR DISEASE CONTROL AFTER PURCHASE)",ALL PRODUCTION PRACTICES,STATE,ALL CLASSES,IOWA,,FIELD CROPS,ANNUAL,25,PCT OF OPERATIONS,,00,,PEST MGMT,,SURVEY,19,CORN,UNITED STATES,,"CORN - PEST MGMT, MEASURED IN PCT OF OPERATIONS",,9000,,00000000,IA,,2016,2016-08-31 14:19:39.000,ALL UTILIZATION PRACTICES,19,YEAR,,"PRACTICE, PREVENTION",ENVIRONMENTAL,IOWA,00,,
"PRACTICE, PREVENTION: (SEED TREATED FOR INSECT OR DISEASE CONTROL AFTER PURCHASE)",ALL PRODUCTION PRACTICES,STATE,ALL CLASSES,IOWA,,FIELD CROPS,ANNUAL,27,PCT OF OPERATIONS,,00,,PEST MGMT,,SURVEY,19,CORN,UNITED STATES,,"CORN - PEST MGMT, MEASURED IN PCT OF OPERATIONS",,9000,,00000000,IA,,2014,2014-05-14 15:12:54.000,ALL UTILIZATION PRACTICES,19,YEAR,,"PRACTICE, PREVENTION",ENVIRONMENTAL,IOWA,00,,
"PRACTICE, PREVENTION: (SEED TREATED FOR INSECT OR DISEASE CONTROL AFTER PURCHASE)",ALL PRODUCTION PRACTICES,STATE,ALL CLASSES,IOWA,,FIELD CROPS,ANNUAL,17,PCT OF OPERATIONS,,00,,PEST MGMT,,SURVEY,19,CORN,UNITED STATES,,"CORN - PEST MGMT, MEASURED IN PCT OF OPERATIONS",,9000,,00000000,IA,,2010,2012-01-01 00:00:00.000,ALL UTILIZATION PRACTICES,19,YEAR,,"PRACTICE, PREVENTION",ENVIRONMENTAL,IOWA,00,,
"PRACTICE, PREVENTION: (WATER MGMT PRACTICES USED)",ALL PRODUCTION PRACTICES,STATE,ALL CLASSES,IOWA,,FIELD CROPS,ANNUAL,0,PCT OF OPERATIONS,,00,,PEST MGMT,,SURVEY,19,CORN,UNITED STATES,,"CORN - PEST MGMT, MEASURED IN PCT OF OPERATIONS",,9000,,00000000,IA,,2021,2021-05-13 15:00:30.000,ALL UTILIZATION PRACTICES,19,YEAR,,"PRACTICE, PREVENTION",ENVIRONMENTAL,IOWA,00,,
"PRACTICE, PREVENTION: (WATER MGMT PRACTICES USED)",ALL PRODUCTION PRACTICES,STATE,ALL CLASSES,IOWA,,FIELD CROPS,ANNUAL,2,PCT OF OPERATIONS,,00,,PEST MGMT,,SURVEY,19,CORN,UNITED STATES,,"CORN - PEST MGMT, MEASURED IN PCT OF OPERATIONS",,9000,,00000000,IA,,2018,2018-05-10 15:16:25.000,ALL UTILIZATION PRACTICES,19,YEAR,,"PRACTICE, PREVENTION",ENVIRONMENTAL,IOWA,00,,
"PRACTICE, PREVENTION: (WATER MGMT PRACTICES USED)",ALL PRODUCTION PRACTICES,STATE,ALL CLASSES,IOWA,,FIELD CROPS,ANNUAL,                 (Z),PCT OF OPERATIONS,,00,,PEST MGMT,,SURVEY,19,CORN,UNITED STATES,,"CORN - PEST MGMT, MEASURED IN PCT OF OPERATIONS",,9000,,00000000,IA,,2016,2016-08-31 14:19:39.000,ALL UTILIZATION PRACTICES,19,YEAR,,"PRACTICE, PREVENTION",ENVIRONMENTAL,IOWA,00,,
"PRACTICE, PREVENTION: (WATER MGMT PRACTICES USED)",ALL PRODUCTION PRACTICES,STATE,ALL CLASSES,IOWA,,FIELD CROPS,ANNUAL,5,PCT OF OPERATIONS,,00,,PEST MGMT,,SURVEY,19,CORN,UNITED STATES,,"CORN - PEST MGMT, MEASURED IN PCT OF OPERATIONS",,9000,,00000000,IA,,2014,2014-05-14 15:12:54.000,ALL UTILIZATION PRACTICES,19,YEAR,,"PRACTICE, PREVENTION",ENVIRONMENTAL,IOWA,00,,
"PRACTICE, PREVENTION: (WATER MGMT PRACTICES USED)",ALL PRODUCTION PRACTICES,STATE,ALL CLASSES,IOWA,,FIELD CROPS,ANNUAL,1,PCT OF OPERATIONS,,00,,PEST MGMT,,SURVEY,19,CORN,UNITED STATES,,"CORN - PEST MGMT, MEASURED IN PCT OF OPERATIONS",,9000,,00000000,IA,,2010,2012-01-01 00:00:00.000,ALL UTILIZATION PRACTICES,19,YEAR,,"PRACTICE, PREVENTION",ENVIRONMENTAL,IOWA,00,,
"PRACTICE, SUPPRESSION: (BENEFICIAL ORGANISMS APPLIED OR RELEASED)",ALL PRODUCTION PRACTICES,STATE,ALL CLASSES,IOWA,,FIELD CROPS,ANNUAL,0,PCT OF OPERATIONS,,00,,PEST MGMT,,SURVEY,19,CORN,UNITED STATES,,"CORN - PEST MGMT, MEASURED IN PCT OF OPERATIONS",,9000,,00000000,IA,,2021,2021-05-13 15:00:30.000,ALL UTILIZATION PRACTICES,19,YEAR,,"PRACTICE, SUPPRESSION",ENVIRONMENTAL,IOWA,00,,
"PRACTICE, SUPPRESSION: (BENEFICIAL ORGANISMS APPLIED OR RELEASED)",ALL PRODUCTION PRACTICES,STATE,ALL CLASSES,IOWA,,FIELD CROPS,ANNUAL,0,PCT OF OPERATIONS,,00,,PEST MGMT,,SURVEY,19,CORN,UNITED STATES,,"CORN - PEST MGMT, MEASURED IN PCT OF OPERATIONS",,9000,,00000000,IA,,2018,2018-05-10 15:16:25.000,ALL UTILIZATION PRACTICES,19,YEAR,,"PRACTICE, SUPPRESSION",ENVIRONMENTAL,IOWA,00,,
"PRACTICE, SUPPRESSION: (BENEFICIAL ORGANISMS APPLIED OR RELEASED)",ALL PRODUCTION PRACTICES,STATE,ALL CLASSES,IOWA,,FIELD CROPS,ANNUAL,2,PCT OF OPERATIONS,,00,,PEST MGMT,,SURVEY,19,CORN,UNITED STATES,,"CORN - PEST MGMT, MEASURED IN PCT OF OPERATIONS",,9000,,00000000,IA,,2016,2016-08-31 14:19:39.000,ALL UTILIZATION PRACTICES,19,YEAR,,"PRACTICE, SUPPRESSION",ENVIRONMENTAL,IOWA,00,,
"PRACTICE, SUPPRESSION: (BENEFICIAL ORGANISMS APPLIED OR RELEASED)",ALL PRODUCTION PRACTICES,STATE,ALL CLASSES,IOWA,,FIELD CROPS,ANNUAL,2,PCT OF OPERATIONS,,00,,PEST MGMT,,SURVEY,19,CORN,UNITED STATES,,"CORN - PEST MGMT, MEASURED IN PCT OF OPERATIONS",,9000,,00000000,IA,,2014,2014-05-14 15:12:54.000,ALL UTILIZATION PRACTICES,19,YEAR,,"PRACTICE, SUPPRESSION",ENVIRONMENTAL,IOWA,00,,
"PRACTICE, SUPPRESSION: (BENEFICIAL ORGANISMS APPLIED OR RELEASED)",ALL PRODUCTION PRACTICES,STATE,ALL CLASSES,IOWA,,FIELD CROPS,ANNUAL,                 (Z),PCT OF OPERATIONS,,00,,PEST MGMT,,SURVEY,19,CORN,UNITED STATES,,"CORN - PEST MGMT, MEASURED IN PCT OF OPERATIONS",,9000,,00000000,IA,,2010,2012-01-01 00:00:00.000,ALL UTILIZATION PRACTICES,19,YEAR,,"PRACTICE, SUPPRESSION",ENVIRONMENTAL,IOWA,00,,
"PRACTICE, SUPPRESSION: (BIOLOGICAL PESTICIDES APPLIED)",ALL PRODUCTION PRACTICES,STATE,ALL CLASSES,IOWA,,FIELD CROPS,ANNUAL,6,PCT OF OPERATIONS,,00,,PEST MGMT,,SURVEY,19,CORN,UNITED STATES,,"CORN - PEST MGMT, MEASURED IN PCT OF OPERATIONS",,9000,,00000000,IA,,2021,2021-05-13 15:00:30.000,ALL UTILIZATION PRACTICES,19,YEAR,,"PRACTICE, SUPPRESSION",ENVIRONMENTAL,IOWA,00,,
"PRACTICE, SUPPRESSION: (BIOLOGICAL PESTICIDES APPLIED)",ALL PRODUCTION PRACTICES,STATE,ALL CLASSES,IOWA,,FIELD CROPS,ANNUAL,12,PCT OF OPERATIONS,,00,,PEST MGMT,,SURVEY,19,CORN,UNITED STATES,,"CORN - PEST MGMT, MEASURED IN PCT OF OPERATIONS",,9000,,00000000,IA,,2018,2018-05-10 15:16:25.000,ALL UTILIZATION PRACTICES,19,YEAR,,"PRACTICE, SUPPRESSION",ENVIRONMENTAL,IOWA,00,,
"PRACTICE, SUPPRESSION: (BIOLOGICAL PESTICIDES APPLIED)",ALL PRODUCTION PRACTICES,STATE,ALL CLASSES,IOWA,,FIELD CROPS,ANNUAL,9,PCT OF OPERATIONS,,00,,PEST MGMT,,SURVEY,19,CORN,UNITED STATES,,"CORN - PEST MGMT, MEASURED IN PCT OF OPERATIONS",,9000,,00000000,IA,,2016,2016-08-31 14:19:39.000,ALL UTILIZATION PRACTICES,19,YEAR,,"PRACTICE, SUPPRESSION",ENVIRONMENTAL,IOWA,00,,
"PRACTICE, SUPPRESSION: (BIOLOGICAL PESTICIDES APPLIED)",ALL PRODUCTION PRACTICES,STATE,ALL CLASSES,IOWA,,FIELD CROPS,ANNUAL,14,PCT OF OPERATIONS,,00,,PEST MGMT,,SURVEY,19,CORN,UNITED STATES,,"CORN - PEST MGMT, MEASURED IN PCT OF OPERATIONS",,9000,,00000000,IA,,2014,2014-05-14 15:12:54.000,ALL UTILIZATION PRACTICES,19,YEAR,,"PRACTICE, SUPPRESSION",ENVIRONMENTAL,IOWA,00,,
"PRACTICE, SUPPRESSION: (BIOLOGICAL PESTICIDES APPLIED)",ALL PRODUCTION PRACTICES,STATE,ALL CLASSES,IOWA,,FIELD CROPS,ANNUAL,7,PCT OF OPERATIONS,,00,,PEST MGMT,,SURVEY,19,CORN,UNITED STATES,,"CORN - PEST MGMT, MEASURED IN PCT OF OPERATIONS",,9000,,00000000,IA,,2010,2012-01-01 00:00:00.000,ALL UTILIZATION PRACTICES,19,YEAR,,"PRACTICE, SUPPRESSION",ENVIRONMENTAL,IOWA,00,,
"PRACTICE, SUPPRESSION: (BUFFER STRIPS OR BORDER ROWS MAINTAINED TO ISOLATE ORGANIC FROM NON ORGANIC CROPS)",ALL PRODUCTION PRACTICES,STATE,ALL CLASSES,IOWA,,FIELD CROPS,ANNUAL,2,PCT OF OPERATIONS,,00,,PEST MGMT,,SURVEY,19,CORN,UNITED STATES,,"CORN - PEST MGMT, MEASURED IN PCT OF OPERATIONS",,9000,,00000000,IA,,2021,2021-05-13 15:00:30.000,ALL UTILIZATION PRACTICES,19,YEAR,,"PRACTICE, SUPPRESSION",ENVIRONMENTAL,IOWA,00,,
"PRACTICE, SUPPRESSION: (BUFFER STRIPS OR BORDER ROWS MAINTAINED TO ISOLATE ORGANIC FROM NON ORGANIC CROPS)",ALL PRODUCTION PRACTICES,STATE,ALL CLASSES,IOWA,,FIELD CROPS,ANNUAL,8,PCT OF OPERATIONS,,00,,PEST MGMT,,SURVEY,19,CORN,UNITED STATES,,"CORN - PEST MGMT, MEASURED IN PCT OF OPERATIONS",,9000,,00000000,IA,,2018,2018-05-10 15:16:25.000,ALL UTILIZATION PRACTICES,19,YEAR,,"PRACTICE, SUPPRESSION",ENVIRONMENTAL,IOWA,00,,
"PRACTICE, SUPPRESSION: (BUFFER STRIPS OR BORDER ROWS MAINTAINED TO ISOLATE ORGANIC FROM NON ORGANIC CROPS)",ALL PRODUCTION PRACTICES,STATE,ALL CLASSES,IOWA,,FIELD CROPS,ANNUAL,14,PCT OF OPERATIONS,,00,,PEST MGMT,,SURVEY,19,CORN,UNITED STATES,,"CORN - PEST MGMT, MEASURED IN PCT OF OPERATIONS",,9000,,00000000,IA,,2016,2016-08-31 14:19:39.000,ALL UTILIZATION PRACTICES,19,YEAR,,"PRACTICE, SUPPRESSION",ENVIRONMENTAL,IOWA,00,,
"PRACTICE, SUPPRESSION: (BUFFER STRIPS OR BORDER ROWS MAINTAINED TO ISOLATE ORGANIC FROM NON ORGANIC CROPS)",ALL PRODUCTION PRACTICES,STATE,ALL CLASSES,IOWA,,FIELD CROPS,ANNUAL,10,PCT OF OPERATIONS,,00,,PEST MGMT,,SURVEY,19,CORN,UNITED STATES,,"CORN - PEST MGMT, MEASURED IN PCT OF OPERATIONS",,9000,,00000000,IA,,2014,2014-05-14 15:12:54.000,ALL UTILIZATION PRACTICES,19,YEAR,,"PRACTICE, SUPPRESSION",ENVIRONMENTAL,IOWA,00,,
"PRACTICE, SUPPRESSION: (BUFFER STRIPS OR BORDER ROWS MAINTAINED TO ISOLATE ORGANIC FROM NON ORGANIC CROPS)",ALL PRODUCTION PRACTICES,STATE,ALL CLASSES,IOWA,,FIELD CROPS,ANNUAL,5,PCT OF OPERATIONS,,00,,PEST MGMT,,SURVEY,19,CORN,UNITED STATES,,"CORN - PEST MGMT, MEASURED IN PCT OF OPERATIONS",,9000,,00000000,IA,,2010,2012-01-01 00:00:00.000,ALL UTILIZATION PRACTICES,19,YEAR,,"PRACTICE, SUPPRESSION",ENVIRONMENTAL,IOWA,00,,
"PRACTICE, SUPPRESSION: (FLORAL LURES, ATTRACTANTS, REPELLANTS, PHERMONE TRAPS, OR BIOLOGICAL PEST CONTROLS USED)",ALL PRODUCTION PRACTICES,STATE,ALL CLASSES,IOWA,,FIELD CROPS,ANNUAL,2,PCT OF OPERATIONS,,00,,PEST MGMT,,SURVEY,19,CORN,UNITED STATES,,"CORN - PEST MGMT, MEASURED IN PCT OF OPERATIONS",,9000,,00000000,IA,,2021,2021-05-13 15:00:30.000,ALL UTILIZATION PRACTICES,19,YEAR,,"PRACTICE, SUPPRESSION",ENVIRONMENTAL,IOWA,00,,
"PRACTICE, SUPPRESSION: (FLORAL LURES, ATTRACTANTS, REPELLANTS, PHERMONE TRAPS, OR BIOLOGICAL PEST CONTROLS USED)",ALL PRODUCTION PRACTICES,STATE,ALL CLASSES,IOWA,,FIELD CROPS,ANNUAL,2,PCT OF OPERATIONS,,00,,PEST MGMT,,SURVEY,19,CORN,UNITED STATES,,"CORN - PEST MGMT, MEASURED IN PCT OF OPERATIONS",,9000,,00000000,IA,,2018,2018-05-10 15:16:25.000,ALL UTILIZATION PRACTICES,19,YEAR,,"PRACTICE, SUPPRESSION",ENVIRONMENTAL,IOWA,00,,
"PRACTICE, SUPPRESSION: (FLORAL LURES, ATTRACTANTS, REPELLANTS, PHERMONE TRAPS, OR BIOLOGICAL PEST CONTROLS USED)",ALL PRODUCTION PRACTICES,STATE,ALL CLASSES,IOWA,,FIELD CROPS,ANNUAL,                 (Z),PCT OF OPERATIONS,,00,,PEST MGMT,,SURVEY,19,CORN,UNITED STATES,,"CORN - PEST MGMT, MEASURED IN PCT OF OPERATIONS",,9000,,00000000,IA,,2016,2016-08-31 14:19:39.000,ALL UTILIZATION PRACTICES,19,YEAR,,"PRACTICE, SUPPRESSION",ENVIRONMENTAL,IOWA,00,,
"PRACTICE, SUPPRESSION: (FLORAL LURES, ATTRACTANTS, REPELLANTS, PHERMONE TRAPS, OR BIOLOGICAL PEST CONTROLS USED)",ALL PRODUCTION PRACTICES,STATE,ALL CLASSES,IOWA,,FIELD CROPS,ANNUAL,1,PCT OF OPERATIONS,,00,,PEST MGMT,,SURVEY,19,CORN,UNITED STATES,,"CORN - PEST MGMT, MEASURED IN PCT OF OPERATIONS",,9000,,00000000,IA,,2014,2014-05-14 15:12:54.000,ALL UTILIZATION PRACTICES,19,YEAR,,"PRACTICE, SUPPRESSION",ENVIRONMENTAL,IOWA,00,,
"PRACTICE, SUPPRESSION: (FLORAL LURES, ATTRACTANTS, REPELLANTS, PHERMONE TRAPS, OR BIOLOGICAL PEST CONTROLS USED)",ALL PRODUCTION PRACTICES,STATE,ALL CLASSES,IOWA,,FIELD CROPS,ANNUAL,0,PCT OF OPERATIONS,,00,,PEST MGMT,,SURVEY,19,CORN,UNITED STATES,,"CORN - PEST MGMT, MEASURED IN PCT OF OPERATIONS",,9000,,00000000,IA,,2010,2012-01-01 00:00:00.000,ALL UTILIZATION PRACTICES,19,YEAR,,"PRACTICE, SUPPRESSION",ENVIRONMENTAL,IOWA,00,,
"PRACTICE, SUPPRESSION: (GROUND COVERS, MULCHES, OR OTHER PHYSICAL BARRIERS MAINTAINED)",ALL PRODUCTION PRACTICES,STATE,ALL CLASSES,IOWA,,FIELD CROPS,ANNUAL,51,PCT OF OPERATIONS,,00,,PEST MGMT,,SURVEY,19,CORN,UNITED STATES,,"CORN - PEST MGMT, MEASURED IN PCT OF OPERATIONS",,9000,,00000000,IA,,2021,2021-05-13 15:00:30.000,ALL UTILIZATION PRACTICES,19,YEAR,,"PRACTICE, SUPPRESSION",ENVIRONMENTAL,IOWA,00,,
"PRACTICE, SUPPRESSION: (GROUND COVERS, MULCHES, OR OTHER PHYSICAL BARRIERS MAINTAINED)",ALL PRODUCTION PRACTICES,STATE,ALL CLASSES,IOWA,,FIELD CROPS,ANNUAL,52,PCT OF OPERATIONS,,00,,PEST MGMT,,SURVEY,19,CORN,UNITED STATES,,"CORN - PEST MGMT, MEASURED IN PCT OF OPERATIONS",,9000,,00000000,IA,,2018,2018-05-10 15:16:25.000,ALL UTILIZATION PRACTICES,19,YEAR,,"PRACTICE, SUPPRESSION",ENVIRONMENTAL,IOWA,00,,
"PRACTICE, SUPPRESSION: (GROUND COVERS, MULCHES, OR OTHER PHYSICAL BARRIERS MAINTAINED)",ALL PRODUCTION PRACTICES,STATE,ALL CLASSES,IOWA,,FIELD CROPS,ANNUAL,40,PCT OF OPERATIONS,,00,,PEST MGMT,,SURVEY,19,CORN,UNITED STATES,,"CORN - PEST MGMT, MEASURED IN PCT OF OPERATIONS",,9000,,00000000,IA,,2016,2016-08-31 14:19:39.000,ALL UTILIZATION PRACTICES,19,YEAR,,"PRACTICE, SUPPRESSION",ENVIRONMENTAL,IOWA,00,,
"PRACTICE, SUPPRESSION: (GROUND COVERS, MULCHES, OR OTHER PHYSICAL BARRIERS MAINTAINED)",ALL PRODUCTION PRACTICES,STATE,ALL CLASSES,IOWA,,FIELD CROPS,ANNUAL,40,PCT OF OPERATIONS,,00,,PEST MGMT,,SURVEY,19,CORN,UNITED STATES,,"CORN - PEST MGMT, MEASURED IN PCT OF OPERATIONS",,9000,,00000000,IA,,2014,2014-05-14 15:12:54.000,ALL UTILIZATION PRACTICES,19,YEAR,,"PRACTICE, SUPPRESSION",ENVIRONMENTAL,IOWA,00,,
"PRACTICE, SUPPRESSION: (GROUND COVERS, MULCHES, OR OTHER PHYSICAL BARRIERS MAINTAINED)",ALL PRODUCTION PRACTICES,STATE,ALL CLASSES,IOWA,,FIELD CROPS,ANNUAL,36,PCT OF OPERATIONS,,00,,PEST MGMT,,SURVEY,19,CORN,UNITED STATES,,"CORN - PEST MGMT, MEASURED IN PCT OF OPERATIONS",,9000,,00000000,IA,,2010,2012-01-01 00:00:00.000,ALL UTILIZATION PRACTICES,19,YEAR,,"PRACTICE, SUPPRESSION",ENVIRONMENTAL,IOWA,00,,
"PRACTICE, SUPPRESSION: (PESTICIDES WITH DIFFERENT MECHANISMS OF ACTION USED TO KEEP PEST FROM BECOMING RESISTANT TO PESTICIDES)",ALL PRODUCTION PRACTICES,STATE,ALL CLASSES,IOWA,,FIELD CROPS,ANNUAL,28,PCT OF OPERATIONS,,00,,PEST MGMT,,SURVEY,19,CORN,UNITED STATES,,"CORN - PEST MGMT, MEASURED IN PCT OF OPERATIONS",,9000,,00000000,IA,,2021,2021-05-13 15:00:30.000,ALL UTILIZATION PRACTICES,19,YEAR,,"PRACTICE, SUPPRESSION",ENVIRONMENTAL,IOWA,00,,
"PRACTICE, SUPPRESSION: (PESTICIDES WITH DIFFERENT MECHANISMS OF ACTION USED TO KEEP PEST FROM BECOMING RESISTANT TO PESTICIDES)",ALL PRODUCTION PRACTICES,STATE,ALL CLASSES,IOWA,,FIELD CROPS,ANNUAL,46,PCT OF OPERATIONS,,00,,PEST MGMT,,SURVEY,19,CORN,UNITED STATES,,"CORN - PEST MGMT, MEASURED IN PCT OF OPERATIONS",,9000,,00000000,IA,,2018,2018-05-10 15:16:25.000,ALL UTILIZATION PRACTICES,19,YEAR,,"PRACTICE, SUPPRESSION",ENVIRONMENTAL,IOWA,00,,
"PRACTICE, SUPPRESSION: (PESTICIDES WITH DIFFERENT MECHANISMS OF ACTION USED TO KEEP PEST FROM BECOMING RESISTANT TO PESTICIDES)",ALL PRODUCTION PRACTICES,STATE,ALL CLASSES,IOWA,,FIELD CROPS,ANNUAL,45,PCT OF OPERATIONS,,00,,PEST MGMT,,SURVEY,19,CORN,UNITED STATES,,"CORN - PEST MGMT, MEASURED IN PCT OF OPERATIONS",,9000,,00000000,IA,,2016,2016-08-31 14:19:39.000,ALL UTILIZATION PRACTICES,19,YEAR,,"PRACTICE, SUPPRESSION",ENVIRONMENTAL,IOWA,00,,
"PRACTICE, SUPPRESSION: (PESTICIDES WITH DIFFERENT MECHANISMS OF ACTION USED TO KEEP PEST FROM BECOMING RESISTANT TO PESTICIDES)",ALL PRODUCTION PRACTICES,STATE,ALL CLASSES,IOWA,,FIELD CROPS,ANNUAL,34,PCT OF OPERATIONS,,00,,PEST MGMT,,SURVEY,19,CORN,UNITED STATES,,"CORN - PEST MGMT, MEASURED IN PCT OF OPERATIONS",,9000,,00000000,IA,,2014,2014-05-14 15:12:54.000,ALL UTILIZATION PRACTICES,19,YEAR,,"PRACTICE, SUPPRESSION",ENVIRONMENTAL,IOWA,00,,
"PRACTICE, SUPPRESSION: (PESTICIDES WITH DIFFERENT MECHANISMS OF ACTION USED TO KEEP PEST FROM BECOMING RESISTANT TO PESTICIDES)",ALL PRODUCTION PRACTICES,STATE,ALL CLASSES,IOWA,,FIELD CROPS,ANNUAL,28,PCT OF OPERATIONS,,00,,PEST MGMT,,SURVEY,19,CORN,UNITED STATES,,"CORN - PEST MGMT, MEASURED IN PCT OF OPERATIONS",,9000,,00000000,IA,,2010,2012-01-01 00:00:00.000,ALL UTILIZATION PRACTICES,19,YEAR,,"PRACTICE, SUPPRESSION",ENVIRONMENTAL,IOWA,00,,
"PRACTICE, SUPPRESSION: (SCOUTING DATA COMPARED TO PUBLISHED INFORMATION TO ASSIST DECISIONS)",ALL PRODUCTION PRACTICES,STATE,ALL CLASSES,IOWA,,FIELD CROPS,ANNUAL,14,PCT OF OPERATIONS,,00,,PEST MGMT,,SURVEY,19,CORN,UNITED STATES,,"CORN - PEST MGMT, MEASURED IN PCT OF OPERATIONS",,9000,,00000000,IA,,2021,2021-05-13 15:00:30.000,ALL UTILIZATION PRACTICES,19,YEAR,,"PRACTICE, SUPPRESSION",ENVIRONMENTAL,IOWA,00,,
"PRACTICE, SUPPRESSION: (SCOUTING DATA COMPARED TO PUBLISHED INFORMATION TO ASSIST DECISIONS)",ALL PRODUCTION PRACTICES,STATE,ALL CLASSES,IOWA,,FIELD CROPS,ANNUAL,21,PCT OF OPERATIONS,,00,,PEST MGMT,,SURVEY,19,CORN,UNITED STATES,,"CORN - PEST MGMT, MEASURED IN PCT OF OPERATIONS",,9000,,00000000,IA,,2018,2018-05-10 15:16:25.000,ALL UTILIZATION PRACTICES,19,YEAR,,"PRACTICE, SUPPRESSION",ENVIRONMENTAL,IOWA,00,,
"PRACTICE, SUPPRESSION: (SCOUTING DATA COMPARED TO PUBLISHED INFORMATION TO ASSIST DECISIONS)",ALL PRODUCTION PRACTICES,STATE,ALL CLASSES,IOWA,,FIELD CROPS,ANNUAL,24,PCT OF OPERATIONS,,00,,PEST MGMT,,SURVEY,19,CORN,UNITED STATES,,"CORN - PEST MGMT, MEASURED IN PCT OF OPERATIONS",,9000,,00000000,IA,,2016,2016-08-31 14:19:39.000,ALL UTILIZATION PRACTICES,19,YEAR,,"PRACTICE, SUPPRESSION",ENVIRONMENTAL,IOWA,00,,
"PRACTICE, SUPPRESSION: (SCOUTING DATA COMPARED TO PUBLISHED INFORMATION TO ASSIST DECISIONS)",ALL PRODUCTION PRACTICES,STATE,ALL CLASSES,IOWA,,FIELD CROPS,ANNUAL,27,PCT OF OPERATIONS,,00,,PEST MGMT,,SURVEY,19,CORN,UNITED STATES,,"CORN - PEST MGMT, MEASURED IN PCT OF OPERATIONS",,9000,,00000000,IA,,2014,2014-05-14 15:12:54.000,ALL UTILIZATION PRACTICES,19,YEAR,,"PRACTICE, SUPPRESSION",ENVIRONMENTAL,IOWA,00,,
"PRACTICE, SUPPRESSION: (SCOUTING DATA COMPARED TO PUBLISHED INFORMATION TO ASSIST DECISIONS)",ALL PRODUCTION PRACTICES,STATE,ALL CLASSES,IOWA,,FIELD CROPS,ANNUAL,21,PCT OF OPERATIONS,,00,,PEST MGMT,,SURVEY,19,CORN,UNITED STATES,,"CORN - PEST MGMT, MEASURED IN PCT OF OPERATIONS",,9000,,00000000,IA,,2010,2012-01-01 00:00:00.000,ALL UTILIZATION PRACTICES,19,YEAR,,"PRACTICE, SUPPRESSION",ENVIRONMENTAL,IOWA,00,,
"PRACTICE, SUPPRESSION: (TRAP CROP GROWN TO MANAGE INSECTS)",ALL PRODUCTION PRACTICES,STATE,ALL CLASSES,IOWA,,FIELD CROPS,ANNUAL,2,PCT OF OPERATIONS,,00,,PEST MGMT,,SURVEY,19,CORN,UNITED STATES,,"CORN - PEST MGMT, MEASURED IN PCT OF OPERATIONS",,9000,,00000000,IA,,2021,2021-05-13 15:00:30.000,ALL UTILIZATION PRACTICES,19,YEAR,,"PRACTICE, SUPPRESSION",ENVIRONMENTAL,IOWA,00,,
"PRACTICE, SUPPRESSION: (TRAP CROP GROWN TO MANAGE INSECTS)",ALL PRODUCTION PRACTICES,STATE,ALL CLASSES,IOWA,,FIELD CROPS,ANNUAL,0,PCT OF OPERATIONS,,00,,PEST MGMT,,SURVEY,19,CORN,UNITED STATES,,"CORN - PEST MGMT, MEASURED IN PCT OF OPERATIONS",,9000,,00000000,IA,,2018,2018-05-10 15:16:25.000,ALL UTILIZATION PRACTICES,19,YEAR,,"PRACTICE, SUPPRESSION",ENVIRONMENTAL,IOWA,00,,
"PRACTICE, SUPPRESSION: (TRAP CROP GROWN TO MANAGE INSECTS)",ALL PRODUCTION PRACTICES,STATE,ALL CLASSES,IOWA,,FIELD CROPS,ANNUAL,1,PCT OF OPERATIONS,,00,,PEST MGMT,,SURVEY,19,CORN,UNITED STATES,,"CORN - PEST MGMT, MEASURED IN PCT OF OPERATIONS",,9000,,00000000,IA,,2016,2016-08-31 14:19:39.000,ALL UTILIZATION PRACTICES,19,YEAR,,"PRACTICE, SUPPRESSION",ENVIRONMENTAL,IOWA,00,,
"PRACTICE, SUPPRESSION: (TRAP CROP GROWN TO MANAGE INSECTS)",ALL PRODUCTION PRACTICES,STATE,ALL CLASSES,IOWA,,FIELD CROPS,ANNUAL,2,PCT OF OPERATIONS,,00,,PEST MGMT,,SURVEY,19,CORN,UNITED STATES,,"CORN - PEST MGMT, MEASURED IN PCT OF OPERATIONS",,9000,,00000000,IA,,2014,2014-05-14 15:12:54.000,ALL UTILIZATION PRACTICES,19,YEAR,,"PRACTICE, SUPPRESSION",ENVIRONMENTAL,IOWA,00,,
"PRACTICE, SUPPRESSION: (TRAP CROP GROWN TO MANAGE INSECTS)",ALL PRODUCTION PRACTICES,STATE,ALL CLASSES,IOWA,,FIELD CROPS,ANNUAL,1,PCT OF OPERATIONS,,00,,PEST MGMT,,SURVEY,19,CORN,UNITED STATES,,"CORN - PEST MGMT, MEASURED IN PCT OF OPERATIONS",,9000,,00000000,IA,,2010,2012-01-01 00:00:00.000,ALL UTILIZATION PRACTICES,19,YEAR,,"PRACTICE, SUPPRESSION",ENVIRONMENTAL,IOWA,00,,
"CHEMICAL, FUNGICIDE: (AZOXYSTROBIN = 128810)",ALL PRODUCTION PRACTICES,STATE,ALL CLASSES,IOWA,,FIELD CROPS,ANNUAL,13,"PCT OF AREA PLANTED, AVG",,00,,TREATED,,SURVEY,19,CORN,UNITED STATES,,"CORN - TREATED, MEASURED IN PCT OF AREA PLANTED, AVG",,9000,,00000000,IA,,2021,2021-05-13 15:00:30.000,ALL UTILIZATION PRACTICES,19,YEAR,,"CHEMICAL, FUNGICIDE",ENVIRONMENTAL,IOWA,00,,
"CHEMICAL, FUNGICIDE: (AZOXYSTROBIN = 128810)",ALL PRODUCTION PRACTICES,STATE,ALL CLASSES,IOWA,,FIELD CROPS,ANNUAL,9,"PCT OF AREA PLANTED, AVG",,00,,TREATED,,SURVEY,19,CORN,UNITED STATES,,"CORN - TREATED, MEASURED IN PCT OF AREA PLANTED, AVG",,9000,,00000000,IA,,2018,2018-05-10 15:16:25.000,ALL UTILIZATION PRACTICES,19,YEAR,,"CHEMICAL, FUNGICIDE",ENVIRONMENTAL,IOWA,00,,
"CHEMICAL, FUNGICIDE: (AZOXYSTROBIN = 128810)",ALL PRODUCTION PRACTICES,STATE,ALL CLASSES,IOWA,,FIELD CROPS,ANNUAL,10,"PCT OF AREA PLANTED, AVG",,00,,TREATED,,SURVEY,19,CORN,UNITED STATES,,"CORN - TREATED, MEASURED IN PCT OF AREA PLANTED, AVG",,9000,,00000000,IA,,2016,2016-08-31 14:19:39.000,ALL UTILIZATION PRACTICES,19,YEAR,,"CHEMICAL, FUNGICIDE",ENVIRONMENTAL,IOWA,00,,
"CHEMICAL, FUNGICIDE: (AZOXYSTROBIN = 128810)",ALL PRODUCTION PRACTICES,STATE,ALL CLASSES,IOWA,,FIELD CROPS,ANNUAL,5,"PCT OF AREA PLANTED, AVG",,00,,TREATED,,SURVEY,19,CORN,UNITED STATES,,"CORN - TREATED, MEASURED IN PCT OF AREA PLANTED, AVG",,9000,,00000000,IA,,2014,2014-05-14 15:12:54.000,ALL UTILIZATION PRACTICES,19,YEAR,,"CHEMICAL, FUNGICIDE",ENVIRONMENTAL,IOWA,00,,
"CHEMICAL, FUNGICIDE: (AZOXYSTROBIN = 128810)",ALL PRODUCTION PRACTICES,STATE,ALL CLASSES,IOWA,,FIELD CROPS,ANNUAL,                 (D),"PCT OF AREA PLANTED, AVG",,00,,TREATED,,SURVEY,19,CORN,UNITED STATES,,"CORN - TREATED, MEASURED IN PCT OF AREA PLANTED, AVG",,9000,,00000000,IA,,2010,2012-01-01 00:00:00.000,ALL UTILIZATION PRACTICES,19,YEAR,,"CHEMICAL, FUNGICIDE",ENVIRONMENTAL,IOWA,00,,
"CHEMICAL, FUNGICIDE: (BENZOVINDIFLUPYR = 122305)",ALL PRODUCTION PRACTICES,STATE,ALL CLASSES,IOWA,,FIELD CROPS,ANNUAL,                 (D),"PCT OF AREA PLANTED, AVG",,00,,TREATED,,SURVEY,19,CORN,UNITED STATES,,"CORN - TREATED, MEASURED IN PCT OF AREA PLANTED, AVG",,9000,,00000000,IA,,2021,2021-05-13 15:00:30.000,ALL UTILIZATION PRACTICES,19,YEAR,,"CHEMICAL, FUNGICIDE",ENVIRONMENTAL,IOWA,00,,
"CHEMICAL, FUNGICIDE: (BENZOVINDIFLUPYR = 122305)",ALL PRODUCTION PRACTICES,STATE,ALL CLASSES,IOWA,,FIELD CROPS,ANNUAL,3,"PCT OF AREA PLANTED, AVG",,00,,TREATED,,SURVEY,19,CORN,UNITED STATES,,"CORN - TREATED, MEASURED IN PCT OF AREA PLANTED, AVG",,9000,,00000000,IA,,2018,2018-05-10 15:16:25.000,ALL UTILIZATION PRACTICES,19,YEAR,,"CHEMICAL, FUNGICIDE",ENVIRONMENTAL,IOWA,00,,
"CHEMICAL, FUNGICIDE: (CAPTAN = 81301)",ALL PRODUCTION PRACTICES,STATE,ALL CLASSES,IOWA,,FIELD CROPS,ANNUAL,                 (D),"PCT OF AREA PLANTED, AVG",,00,,TREATED,,SURVEY,19,CORN,UNITED STATES,,"CORN - TREATED, MEASURED IN PCT OF AREA PLANTED, AVG",,9000,,00000000,IA,,2018,2018-05-10 15:16:25.000,ALL UTILIZATION PRACTICES,19,YEAR,,"CHEMICAL, FUNGICIDE",ENVIRONMENTAL,IOWA,00,,
"CHEMICAL, FUNGICIDE: (CYPROCONAZOLE = 128993)",ALL PRODUCTION PRACTICES,STATE,ALL CLASSES,IOWA,,FIELD CROPS,ANNUAL,                 (D),"PCT OF AREA PLANTED, AVG",,00,,TREATED,,SURVEY,19,CORN,UNITED STATES,,"CORN - TREATED, MEASURED IN PCT OF AREA PLANTED, AVG",,9000,,00000000,IA,,2018,2018-05-10 15:16:25.000,ALL UTILIZATION PRACTICES,19,YEAR,,"CHEMICAL, FUNGICIDE",ENVIRONMENTAL,IOWA,00,,
"CHEMICAL, FUNGICIDE: (FLUOPYRAM = 80302)",ALL PRODUCTION PRACTICES,STATE,ALL CLASSES,IOWA,,FIELD CROPS,ANNUAL,                 (D),"PCT OF AREA PLANTED, AVG",,00,,TREATED,,SURVEY,19,CORN,UNITED STATES,,"CORN - TREATED, MEASURED IN PCT OF AREA PLANTED, AVG",,9000,,00000000,IA,,2021,2021-05-13 15:00:30.000,ALL UTILIZATION PRACTICES,19,YEAR,,"CHEMICAL, FUNGICIDE",ENVIRONMENTAL,IOWA,00,,
"CHEMICAL, FUNGICIDE: (FLUOXASTROBIN = 28869)",ALL PRODUCTION PRACTICES,STATE,ALL CLASSES,IOWA,,FIELD CROPS,ANNUAL,                 (D),"PCT OF AREA PLANTED, AVG",,00,,TREATED,,SURVEY,19,CORN,UNITED STATES,,"CORN - TREATED, MEASURED IN PCT OF AREA PLANTED, AVG",,9000,,00000000,IA,,2018,2018-05-10 15:16:25.000,ALL UTILIZATION PRACTICES,19,YEAR,,"CHEMICAL, FUNGICIDE",ENVIRONMENTAL,IOWA,00,,
"CHEMICAL, FUNGICIDE: (FLUOXASTROBIN = 28869)",ALL PRODUCTION PRACTICES,STATE,ALL CLASSES,IOWA,,FIELD CROPS,ANNUAL,                 (D),"PCT OF AREA PLANTED, AVG",,00,,TREATED,,SURVEY,19,CORN,UNITED STATES,,"CORN - TREATED, MEASURED IN PCT OF AREA PLANTED, AVG",,9000,,00000000,IA,,2014,2014-05-14 15:12:54.000,ALL UTILIZATION PRACTICES,19,YEAR,,"CHEMICAL, FUNGICIDE",ENVIRONMENTAL,IOWA,00,,
"CHEMICAL, FUNGICIDE: (FLUXAPYROXAD = 138009)",ALL PRODUCTION PRACTICES,STATE,ALL CLASSES,IOWA,,FIELD CROPS,ANNUAL,                 (D),"PCT OF AREA PLANTED, AVG",,00,,TREATED,,SURVEY,19,CORN,UNITED STATES,,"CORN - TREATED, MEASURED IN PCT OF AREA PLANTED, AVG",,9000,,00000000,IA,,2016,2016-08-31 14:19:39.000,ALL UTILIZATION PRACTICES,19,YEAR,,"CHEMICAL, FUNGICIDE",ENVIRONMENTAL,IOWA,00,,
"CHEMICAL, FUNGICIDE: (FLUXAPYROXAD = 138009)",ALL PRODUCTION PRACTICES,STATE,ALL CLASSES,IOWA,,FIELD CROPS,ANNUAL,                 (D),"PCT OF AREA PLANTED, AVG",,00,,TREATED,,SURVEY,19,CORN,UNITED STATES,,"CORN - TREATED, MEASURED IN PCT OF AREA PLANTED, AVG",,9000,,00000000,IA,,2014,2014-05-14 15:12:54.000,ALL UTILIZATION PRACTICES,19,YEAR,,"CHEMICAL, FUNGICIDE",ENVIRONMENTAL,IOWA,00,,
"CHEMICAL, FUNGICIDE: (MEFENTRIFLUCONAZOLE = 122000)",ALL PRODUCTION PRACTICES,STATE,ALL CLASSES,IOWA,,FIELD CROPS,ANNUAL,                 (D),"PCT OF AREA PLANTED, AVG",,00,,TREATED,,SURVEY,19,CORN,UNITED STATES,,"CORN - TREATED, MEASURED IN PCT OF AREA PLANTED, AVG",,9000,,00000000,IA,,2021,2021-05-13 15:00:30.000,ALL UTILIZATION PRACTICES,19,YEAR,,"CHEMICAL, FUNGICIDE",ENVIRONMENTAL,IOWA,00,,
"CHEMICAL, FUNGICIDE: (METCONAZOLE = 125619)",ALL PRODUCTION PRACTICES,STATE,ALL CLASSES,IOWA,,FIELD CROPS,ANNUAL,                 (D),"PCT OF AREA PLANTED, AVG",,00,,TREATED,,SURVEY,19,CORN,UNITED STATES,,"CORN - TREATED, MEASURED IN PCT OF AREA PLANTED, AVG",,9000,,00000000,IA,,2021,2021-05-13 15:00:30.000,ALL UTILIZATION PRACTICES,19,YEAR,,"CHEMICAL, FUNGICIDE",ENVIRONMENTAL,IOWA,00,,
"CHEMICAL, FUNGICIDE: (METCONAZOLE = 125619)",ALL PRODUCTION PRACTICES,STATE,ALL CLASSES,IOWA,,FIELD CROPS,ANNUAL,                 (D),"PCT OF AREA PLANTED, AVG",,00,,TREATED,,SURVEY,19,CORN,UNITED STATES,,"CORN - TREATED, MEASURED IN PCT OF AREA PLANTED, AVG",,9000,,00000000,IA,,2018,2018-05-10 15:16:25.000,ALL UTILIZATION PRACTICES,19,YEAR,,"CHEMICAL, FUNGICIDE",ENVIRONMENTAL,IOWA,00,,
"CHEMICAL, FUNGICIDE: (METCONAZOLE = 125619)",ALL PRODUCTION PRACTICES,STATE,ALL CLASSES,IOWA,,FIELD CROPS,ANNUAL,5,"PCT OF AREA PLANTED, AVG",,00,,TREATED,,SURVEY,19,CORN,UNITED STATES,,"CORN - TREATED, MEASURED IN PCT OF AREA PLANTED, AVG",,9000,,00000000,IA,,2016,2016-08-31 14:19:39.000,ALL UTILIZATION PRACTICES,19,YEAR,,"CHEMICAL, FUNGICIDE",ENVIRONMENTAL,IOWA,00,,
"CHEMICAL, FUNGICIDE: (METCONAZOLE = 125619)",ALL PRODUCTION PRACTICES,STATE,ALL CLASSES,IOWA,,FIELD CROPS,ANNUAL,1,"PCT OF AREA PLANTED, AVG",,00,,TREATED,,SURVEY,19,CORN,UNITED STATES,,"CORN - TREATED, MEASURED IN PCT OF AREA PLANTED, AVG",,9000,,00000000,IA,,2014,2014-05-14 15:12:54.000,ALL UTILIZATION PRACTICES,19,YEAR,,"CHEMICAL, FUNGICIDE",ENVIRONMENTAL,IOWA,00,,
"CHEMICAL, FUNGICIDE: (PICOXYSTROBIN = 129200)",ALL PRODUCTION PRACTICES,STATE,ALL CLASSES,IOWA,,FIELD CROPS,ANNUAL,                 (D),"PCT OF AREA PLANTED, AVG",,00,,TREATED,,SURVEY,19,CORN,UNITED STATES,,"CORN - TREATED, MEASURED IN PCT OF AREA PLANTED, AVG",,9000,,00000000,IA,,2018,2018-05-10 15:16:25.000,ALL UTILIZATION PRACTICES,19,YEAR,,"CHEMICAL, FUNGICIDE",ENVIRONMENTAL,IOWA,00,,
"CHEMICAL, FUNGICIDE: (PICOXYSTROBIN = 129200)",ALL PRODUCTION PRACTICES,STATE,ALL CLASSES,IOWA,,FIELD CROPS,ANNUAL,                 (D),"PCT OF AREA PLANTED, AVG",,00,,TREATED,,SURVEY,19,CORN,UNITED STATES,,"CORN - TREATED, MEASURED IN PCT OF AREA PLANTED, AVG",,9000,,00000000,IA,,2014,2014-05-14 15:12:54.000,ALL UTILIZATION PRACTICES,19,YEAR,,"CHEMICAL, FUNGICIDE",ENVIRONMENTAL,IOWA,00,,
"CHEMICAL, FUNGICIDE: (PROPICONAZOLE = 122101)",ALL PRODUCTION PRACTICES,STATE,ALL CLASSES,IOWA,,FIELD CROPS,ANNUAL,13,"PCT OF AREA PLANTED, AVG",,00,,TREATED,,SURVEY,19,CORN,UNITED STATES,,"CORN - TREATED, MEASURED IN PCT OF AREA PLANTED, AVG",,9000,,00000000,IA,,2021,2021-05-13 15:00:30.000,ALL UTILIZATION PRACTICES,19,YEAR,,"CHEMICAL, FUNGICIDE",ENVIRONMENTAL,IOWA,00,,
"CHEMICAL, FUNGICIDE: (PROPICONAZOLE = 122101)",ALL PRODUCTION PRACTICES,STATE,ALL CLASSES,IOWA,,FIELD CROPS,ANNUAL,9,"PCT OF AREA PLANTED, AVG",,00,,TREATED,,SURVEY,19,CORN,UNITED STATES,,"CORN - TREATED, MEASURED IN PCT OF AREA PLANTED, AVG",,9000,,00000000,IA,,2018,2018-05-10 15:16:25.000,ALL UTILIZATION PRACTICES,19,YEAR,,"CHEMICAL, FUNGICIDE",ENVIRONMENTAL,IOWA,00,,
"CHEMICAL, FUNGICIDE: (PROPICONAZOLE = 122101)",ALL PRODUCTION PRACTICES,STATE,ALL CLASSES,IOWA,,FIELD CROPS,ANNUAL,11,"PCT OF AREA PLANTED, AVG",,00,,TREATED,,SURVEY,19,CORN,UNITED STATES,,"CORN - TREATED, MEASURED IN PCT OF AREA PLANTED, AVG",,9000,,00000000,IA,,2016,2016-08-31 14:19:39.000,ALL UTILIZATION PRACTICES,19,YEAR,,"CHEMICAL, FUNGICIDE",ENVIRONMENTAL,IOWA,00,,
"CHEMICAL, FUNGICIDE: (PROPICONAZOLE = 122101)",ALL PRODUCTION PRACTICES,STATE,ALL CLASSES,IOWA,,FIELD CROPS,ANNUAL,7,"PCT OF AREA PLANTED, AVG",,00,,TREATED,,SURVEY,19,CORN,UNITED STATES,,"CORN - TREATED, MEASURED IN PCT OF AREA PLANTED, AVG",,9000,,00000000,IA,,2014,2014-05-14 15:12:54.000,ALL UTILIZATION PRACTICES,19,YEAR,,"CHEMICAL, FUNGICIDE",ENVIRONMENTAL,IOWA,00,,
"CHEMICAL, FUNGICIDE: (PROPICONAZOLE = 122101)",ALL PRODUCTION PRACTICES,STATE,ALL CLASSES,IOWA,,FIELD CROPS,ANNUAL,                 (D),"PCT OF AREA PLANTED, AVG",,00,,TREATED,,SURVEY,19,CORN,UNITED STATES,,"CORN - TREATED, MEASURED IN PCT OF AREA PLANTED, AVG",,9000,,00000000,IA,,2010,2012-01-01 00:00:00.000,ALL UTILIZATION PRACTICES,19,YEAR,,"CHEMICAL, FUNGICIDE",ENVIRONMENTAL,IOWA,00,,
"CHEMICAL, FUNGICIDE: (PROTHIOCONAZOLE = 113961)",ALL PRODUCTION PRACTICES,STATE,ALL CLASSES,IOWA,,FIELD CROPS,ANNUAL,9,"PCT OF AREA PLANTED, AVG",,00,,TREATED,,SURVEY,19,CORN,UNITED STATES,,"CORN - TREATED, MEASURED IN PCT OF AREA PLANTED, AVG",,9000,,00000000,IA,,2021,2021-05-13 15:00:30.000,ALL UTILIZATION PRACTICES,19,YEAR,,"CHEMICAL, FUNGICIDE",ENVIRONMENTAL,IOWA,00,,
"CHEMICAL, FUNGICIDE: (PROTHIOCONAZOLE = 113961)",ALL PRODUCTION PRACTICES,STATE,ALL CLASSES,IOWA,,FIELD CROPS,ANNUAL,6,"PCT OF AREA PLANTED, AVG",,00,,TREATED,,SURVEY,19,CORN,UNITED STATES,,"CORN - TREATED, MEASURED IN PCT OF AREA PLANTED, AVG",,9000,,00000000,IA,,2018,2018-05-10 15:16:25.000,ALL UTILIZATION PRACTICES,19,YEAR,,"CHEMICAL, FUNGICIDE",ENVIRONMENTAL,IOWA,00,,
"CHEMICAL, FUNGICIDE: (PROTHIOCONAZOLE = 113961)",ALL PRODUCTION PRACTICES,STATE,ALL CLASSES,IOWA,,FIELD CROPS,ANNUAL,                 (D),"PCT OF AREA PLANTED, AVG",,00,,TREATED,,SURVEY,19,CORN,UNITED STATES,,"CORN - TREATED, MEASURED IN PCT OF AREA PLANTED, AVG",,9000,,00000000,IA,,2014,2014-05-14 15:12:54.000,ALL UTILIZATION PRACTICES,19,YEAR,,"CHEMICAL, FUNGICIDE",ENVIRONMENTAL,IOWA,00,,
"CHEMICAL, FUNGICIDE: (PYDIFLUMETOFEN = 90110)",ALL PRODUCTION PRACTICES,STATE,ALL CLASSES,IOWA,,FIELD CROPS,ANNUAL,                 (D),"PCT OF AREA PLANTED, AVG",,00,,TREATED,,SURVEY,19,CORN,UNITED STATES,,"CORN - TREATED, MEASURED IN PCT OF AREA PLANTED, AVG",,9000,,00000000,IA,,2021,2021-05-13 15:00:30.000,ALL UTILIZATION PRACTICES,19,YEAR,,"CHEMICAL, FUNGICIDE",ENVIRONMENTAL,IOWA,00,,
"CHEMICAL, FUNGICIDE: (PYRACLOSTROBIN = 99100)",ALL PRODUCTION PRACTICES,STATE,ALL CLASSES,IOWA,,FIELD CROPS,ANNUAL,                 (D),"PCT OF AREA PLANTED, AVG",,00,,TREATED,,SURVEY,19,CORN,UNITED STATES,,"CORN - TREATED, MEASURED IN PCT OF AREA PLANTED, AVG",,9000,,00000000,IA,,2021,2021-05-13 15:00:30.000,ALL UTILIZATION PRACTICES,19,YEAR,,"CHEMICAL, FUNGICIDE",ENVIRONMENTAL,IOWA,00,,
"CHEMICAL, FUNGICIDE: (PYRACLOSTROBIN = 99100)",ALL PRODUCTION PRACTICES,STATE,ALL CLASSES,IOWA,,FIELD CROPS,ANNUAL,8,"PCT OF AREA PLANTED, AVG",,00,,TREATED,,SURVEY,19,CORN,UNITED STATES,,"CORN - TREATED, MEASURED IN PCT OF AREA PLANTED, AVG",,9000,,00000000,IA,,2018,2018-05-10 15:16:25.000,ALL UTILIZATION PRACTICES,19,YEAR,,"CHEMICAL, FUNGICIDE",ENVIRONMENTAL,IOWA,00,,
"CHEMICAL, FUNGICIDE: (PYRACLOSTROBIN = 99100)",ALL PRODUCTION PRACTICES,STATE,ALL CLASSES,IOWA,,FIELD CROPS,ANNUAL,12,"PCT OF AREA PLANTED, AVG",,00,,TREATED,,SURVEY,19,CORN,UNITED STATES,,"CORN - TREATED, MEASURED IN PCT OF AREA PLANTED, AVG",,9000,,00000000,IA,,2016,2016-08-31 14:19:39.000,ALL UTILIZATION PRACTICES,19,YEAR,,"CHEMICAL, FUNGICIDE",ENVIRONMENTAL,IOWA,00,,
"CHEMICAL, FUNGICIDE: (PYRACLOSTROBIN = 99100)",ALL PRODUCTION PRACTICES,STATE,ALL CLASSES,IOWA,,FIELD CROPS,ANNUAL,9,"PCT OF AREA PLANTED, AVG",,00,,TREATED,,SURVEY,19,CORN,UNITED STATES,,"CORN - TREATED, MEASURED IN PCT OF AREA PLANTED, AVG",,9000,,00000000,IA,,2014,2014-05-14 15:12:54.000,ALL UTILIZATION PRACTICES,19,YEAR,,"CHEMICAL, FUNGICIDE",ENVIRONMENTAL,IOWA,00,,
"CHEMICAL, FUNGICIDE: (PYRACLOSTROBIN = 99100)",ALL PRODUCTION PRACTICES,STATE,ALL CLASSES,IOWA,,FIELD CROPS,ANNUAL,8,"PCT OF AREA PLANTED, AVG",,00,,TREATED,,SURVEY,19,CORN,UNITED STATES,,"CORN - TREATED, MEASURED IN PCT OF AREA PLANTED, AVG",,9000,,00000000,IA,,2010,2012-01-01 00:00:00.000,ALL UTILIZATION PRACTICES,19,YEAR,,"CHEMICAL, FUNGICIDE",ENVIRONMENTAL,IOWA,00,,
"CHEMICAL, FUNGICIDE: (TEBUCONAZOLE = 128997)",ALL PRODUCTION PRACTICES,STATE,ALL CLASSES,IOWA,,FIELD CROPS,ANNUAL,                 (D),"PCT OF AREA PLANTED, AVG",,00,,TREATED,,SURVEY,19,CORN,UNITED STATES,,"CORN - TREATED, MEASURED IN PCT OF AREA PLANTED, AVG",,9000,,00000000,IA,,2021,2021-05-13 15:00:30.000,ALL UTILIZATION PRACTICES,19,YEAR,,"CHEMICAL, FUNGICIDE",ENVIRONMENTAL,IOWA,00,,
"CHEMICAL, FUNGICIDE: (TEBUCONAZOLE = 128997)",ALL PRODUCTION PRACTICES,STATE,ALL CLASSES,IOWA,,FIELD CROPS,ANNUAL,                 (D),"PCT OF AREA PLANTED, AVG",,00,,TREATED,,SURVEY,19,CORN,UNITED STATES,,"CORN - TREATED, MEASURED IN PCT OF AREA PLANTED, AVG",,9000,,00000000,IA,,2014,2014-05-14 15:12:54.000,ALL UTILIZATION PRACTICES,19,YEAR,,"CHEMICAL, FUNGICIDE",ENVIRONMENTAL,IOWA,00,,
"CHEMICAL, FUNGICIDE: (TETRACONAZOLE = 120603)",ALL PRODUCTION PRACTICES,STATE,ALL CLASSES,IOWA,,FIELD CROPS,ANNUAL,                 (D),"PCT OF AREA PLANTED, AVG",,00,,TREATED,,SURVEY,19,CORN,UNITED STATES,,"CORN - TREATED, MEASURED IN PCT OF AREA PLANTED, AVG",,9000,,00000000,IA,,2018,2018-05-10 15:16:25.000,ALL UTILIZATION PRACTICES,19,YEAR,,"CHEMICAL, FUNGICIDE",ENVIRONMENTAL,IOWA,00,,
"CHEMICAL, FUNGICIDE: (TETRACONAZOLE = 120603)",ALL PRODUCTION PRACTICES,STATE,ALL CLASSES,IOWA,,FIELD CROPS,ANNUAL,                 (D),"PCT OF AREA PLANTED, AVG",,00,,TREATED,,SURVEY,19,CORN,UNITED STATES,,"CORN - TREATED, MEASURED IN PCT OF AREA PLANTED, AVG",,9000,,00000000,IA,,2016,2016-08-31 14:19:39.000,ALL UTILIZATION PRACTICES,19,YEAR,,"CHEMICAL, FUNGICIDE",ENVIRONMENTAL,IOWA,00,,
"CHEMICAL, FUNGICIDE: (TOTAL)",ALL PRODUCTION PRACTICES,STATE,ALL CLASSES,IOWA,,FIELD CROPS,ANNUAL,26,"PCT OF AREA PLANTED, AVG",,00,,TREATED,,SURVEY,19,CORN,UNITED STATES,,"CORN - TREATED, MEASURED IN PCT OF AREA PLANTED, AVG",,9000,,00000000,IA,,2021,2021-05-13 15:00:30.000,ALL UTILIZATION PRACTICES,19,YEAR,,"CHEMICAL, FUNGICIDE",ENVIRONMENTAL,IOWA,00,,
"CHEMICAL, FUNGICIDE: (TOTAL)",ALL PRODUCTION PRACTICES,STATE,ALL CLASSES,IOWA,,FIELD CROPS,ANNUAL,32,"PCT OF AREA PLANTED, AVG",,00,,TREATED,,SURVEY,19,CORN,UNITED STATES,,"CORN - TREATED, MEASURED IN PCT OF AREA PLANTED, AVG",,9000,,00000000,IA,,2018,2018-05-10 15:16:25.000,ALL UTILIZATION PRACTICES,19,YEAR,,"CHEMICAL, FUNGICIDE",ENVIRONMENTAL,IOWA,00,,
"CHEMICAL, FUNGICIDE: (TOTAL)",ALL PRODUCTION PRACTICES,STATE,ALL CLASSES,IOWA,,FIELD CROPS,ANNUAL,22,"PCT OF AREA PLANTED, AVG",,00,,TREATED,,SURVEY,19,CORN,UNITED STATES,,"CORN - TREATED, MEASURED IN PCT OF AREA PLANTED, AVG",,9000,,00000000,IA,,2016,2016-08-31 14:19:39.000,ALL UTILIZATION PRACTICES,19,YEAR,,"CHEMICAL, FUNGICIDE",ENVIRONMENTAL,IOWA,00,,
"CHEMICAL, FUNGICIDE: (TOTAL)",ALL PRODUCTION PRACTICES,STATE,ALL CLASSES,IOWA,,FIELD CROPS,ANNUAL,19,"PCT OF AREA PLANTED, AVG",,00,,TREATED,,SURVEY,19,CORN,UNITED STATES,,"CORN - TREATED, MEASURED IN PCT OF AREA PLANTED, AVG",,9000,,00000000,IA,,2014,2014-05-14 15:12:54.000,ALL UTILIZATION PRACTICES,19,YEAR,,"CHEMICAL, FUNGICIDE",ENVIRONMENTAL,IOWA,00,,
"CHEMICAL, FUNGICIDE: (TOTAL)",ALL PRODUCTION PRACTICES,STATE,ALL CLASSES,IOWA,,FIELD CROPS,ANNUAL,11,"PCT OF AREA PLANTED, AVG",,00,,TREATED,,SURVEY,19,CORN,UNITED STATES,,"CORN - TREATED, MEASURED IN PCT OF AREA PLANTED, AVG",,9000,,00000000,IA,,2010,2012-01-01 00:00:00.000,ALL UTILIZATION PRACTICES,19,YEAR,,"CHEMICAL, FUNGICIDE",ENVIRONMENTAL,IOWA,00,,
"CHEMICAL, FUNGICIDE: (TRIFLOXYSTROBIN = 129112)",ALL PRODUCTION PRACTICES,STATE,ALL CLASSES,IOWA,,FIELD CROPS,ANNUAL,9,"PCT OF AREA PLANTED, AVG",,00,,TREATED,,SURVEY,19,CORN,UNITED STATES,,"CORN - TREATED, MEASURED IN PCT OF AREA PLANTED, AVG",,9000,,00000000,IA,,2021,2021-05-13 15:00:30.000,ALL UTILIZATION PRACTICES,19,YEAR,,"CHEMICAL, FUNGICIDE",ENVIRONMENTAL,IOWA,00,,
"CHEMICAL, FUNGICIDE: (TRIFLOXYSTROBIN = 129112)",ALL PRODUCTION PRACTICES,STATE,ALL CLASSES,IOWA,,FIELD CROPS,ANNUAL,7,"PCT OF AREA PLANTED, AVG",,00,,TREATED,,SURVEY,19,CORN,UNITED STATES,,"CORN - TREATED, MEASURED IN PCT OF AREA PLANTED, AVG",,9000,,00000000,IA,,2018,2018-05-10 15:16:25.000,ALL UTILIZATION PRACTICES,19,YEAR,,"CHEMICAL, FUNGICIDE",ENVIRONMENTAL,IOWA,00,,
"CHEMICAL, FUNGICIDE: (TRIFLOXYSTROBIN = 129112)",ALL PRODUCTION PRACTICES,STATE,ALL CLASSES,IOWA,,FIELD CROPS,ANNUAL,                 (D),"PCT OF AREA PLANTED, AVG",,00,,TREATED,,SURVEY,19,CORN,UNITED STATES,,"CORN - TREATED, MEASURED IN PCT OF AREA PLANTED, AVG",,9000,,00000000,IA,,2016,2016-08-31 14:19:39.000,ALL UTILIZATION PRACTICES,19,YEAR,,"CHEMICAL, FUNGICIDE",ENVIRONMENTAL,IOWA,00,,
"CHEMICAL, FUNGICIDE: (TRIFLOXYSTROBIN = 129112)",ALL PRODUCTION PRACTICES,STATE,ALL CLASSES,IOWA,,FIELD CROPS,ANNUAL,4,"PCT OF AREA PLANTED, AVG",,00,,TREATED,,SURVEY,19,CORN,UNITED STATES,,"CORN - TREATED, MEASURED IN PCT OF AREA PLANTED, AVG",,9000,,00000000,IA,,2014,2014-05-14 15:12:54.000,ALL UTILIZATION PRACTICES,19,YEAR,,"CHEMICAL, FUNGICIDE",ENVIRONMENTAL,IOWA,00,,
"CHEMICAL, FUNGICIDE: (TRIFLOXYSTROBIN = 129112)",ALL PRODUCTION PRACTICES,STATE,ALL CLASSES,IOWA,,FIELD CROPS,ANNUAL,                 (D),"PCT OF AREA PLANTED, AVG",,00,,TREATED,,SURVEY,19,CORN,UNITED STATES,,"CORN - TREATED, MEASURED IN PCT OF AREA PLANTED, AVG",,9000,,00000000,IA,,2010,2012-01-01 00:00:00.000,ALL UTILIZATION PRACTICES,19,YEAR,,"CHEMICAL, FUNGICIDE",ENVIRONMENTAL,IOWA,00,,
"CHEMICAL, HERBICIDE: (2,4-D = 30001)",ALL PRODUCTION PRACTICES,STATE,ALL CLASSES,IOWA,,FIELD CROPS,ANNUAL,                 (D),"PCT OF AREA PLANTED, AVG",,00,,TREATED,,SURVEY,19,CORN,UNITED STATES,,"CORN - TREATED, MEASURED IN PCT OF AREA PLANTED, AVG",,9000,,00000000,IA,,2010,2012-01-01 00:00:00.000,ALL UTILIZATION PRACTICES,19,YEAR,,"CHEMICAL, HERBICIDE",ENVIRONMENTAL,IOWA,00,,
"CHEMICAL, HERBICIDE: (2,4-D = 30001)",ALL PRODUCTION PRACTICES,STATE,ALL CLASSES,IOWA,,FIELD CROPS,ANNUAL,3,"PCT OF AREA PLANTED, AVG",,00,,TREATED,,SURVEY,19,CORN,UNITED STATES,,"CORN - TREATED, MEASURED IN PCT OF AREA PLANTED, AVG",,9000,,00000000,IA,,2003,2003-06-11 10:11:36.000,ALL UTILIZATION PRACTICES,19,YEAR,,"CHEMICAL, HERBICIDE",ENVIRONMENTAL,IOWA,00,,
"CHEMICAL, HERBICIDE: (2,4-D = 30001)",ALL PRODUCTION PRACTICES,STATE,ALL CLASSES,IOWA,,FIELD CROPS,ANNUAL,4,"PCT OF AREA PLANTED, AVG",,00,,TREATED,,SURVEY,19,CORN,UNITED STATES,,"CORN - TREATED, MEASURED IN PCT OF AREA PLANTED, AVG",,9000,,00000000,IA,,2002,2002-06-11 10:11:36.000,ALL UTILIZATION PRACTICES,19,YEAR,,"CHEMICAL, HERBICIDE",ENVIRONMENTAL,IOWA,00,,
"CHEMICAL, HERBICIDE: (2,4-D = 30001)",ALL PRODUCTION PRACTICES,STATE,ALL CLASSES,IOWA,,FIELD CROPS,ANNUAL,3,"PCT OF AREA PLANTED, AVG",,00,,TREATED,,SURVEY,19,CORN,UNITED STATES,,"CORN - TREATED, MEASURED IN PCT OF AREA PLANTED, AVG",,9000,,00000000,IA,,2001,2001-06-11 10:11:36.000,ALL UTILIZATION PRACTICES,19,YEAR,,"CHEMICAL, HERBICIDE",ENVIRONMENTAL,IOWA,00,,
"CHEMICAL, HERBICIDE: (2,4-D = 30001)",ALL PRODUCTION PRACTICES,STATE,ALL CLASSES,IOWA,,FIELD CROPS,ANNUAL,10,"PCT OF AREA PLANTED, AVG",,00,,TREATED,,SURVEY,19,CORN,UNITED STATES,,"CORN - TREATED, MEASURED IN PCT OF AREA PLANTED, AVG",,9000,,00000000,IA,,2000,2000-06-11 10:11:36.000,ALL UTILIZATION PRACTICES,19,YEAR,,"CHEMICAL, HERBICIDE",ENVIRONMENTAL,IOWA,00,,
"CHEMICAL, HERBICIDE: (2,4-D, 2-EHE = 30063)",ALL PRODUCTION PRACTICES,STATE,ALL CLASSES,IOWA,,FIELD CROPS,ANNUAL,                 (D),"PCT OF AREA PLANTED, AVG",,00,,TREATED,,SURVEY,19,CORN,UNITED STATES,,"CORN - TREATED, MEASURED IN PCT OF AREA PLANTED, AVG",,9000,,00000000,IA,,2021,2021-05-13 15:00:30.000,ALL UTILIZATION PRACTICES,19,YEAR,,"CHEMICAL, HERBICIDE",ENVIRONMENTAL,IOWA,00,,
"CHEMICAL, HERBICIDE: (2,4-D, 2-EHE = 30063)",ALL PRODUCTION PRACTICES,STATE,ALL CLASSES,IOWA,,FIELD CROPS,ANNUAL,                 (D),"PCT OF AREA PLANTED, AVG",,00,,TREATED,,SURVEY,19,CORN,UNITED STATES,,"CORN - TREATED, MEASURED IN PCT OF AREA PLANTED, AVG",,9000,,00000000,IA,,2018,2018-05-10 15:16:25.000,ALL UTILIZATION PRACTICES,19,YEAR,,"CHEMICAL, HERBICIDE",ENVIRONMENTAL,IOWA,00,,
"CHEMICAL, HERBICIDE: (2,4-D, 2-EHE = 30063)",ALL PRODUCTION PRACTICES,STATE,ALL CLASSES,IOWA,,FIELD CROPS,ANNUAL,4,"PCT OF AREA PLANTED, AVG",,00,,TREATED,,SURVEY,19,CORN,UNITED STATES,,"CORN - TREATED, MEASURED IN PCT OF AREA PLANTED, AVG",,9000,,00000000,IA,,2016,2016-08-31 14:19:39.000,ALL UTILIZATION PRACTICES,19,YEAR,,"CHEMICAL, HERBICIDE",ENVIRONMENTAL,IOWA,00,,
"CHEMICAL, HERBICIDE: (2,4-D, 2-EHE = 30063)",ALL PRODUCTION PRACTICES,STATE,ALL CLASSES,IOWA,,FIELD CROPS,ANNUAL,4,"PCT OF AREA PLANTED, AVG",,00,,TREATED,,SURVEY,19,CORN,UNITED STATES,,"CORN - TREATED, MEASURED IN PCT OF AREA PLANTED, AVG",,9000,,00000000,IA,,2014,2014-05-14 15:12:54.000,ALL UTILIZATION PRACTICES,19,YEAR,,"CHEMICAL, HERBICIDE",ENVIRONMENTAL,IOWA,00,,
"CHEMICAL, HERBICIDE: (2,4-D, 2-EHE = 30063)",ALL PRODUCTION PRACTICES,STATE,ALL CLASSES,IOWA,,FIELD CROPS,ANNUAL,3,"PCT OF AREA PLANTED, AVG",,00,,TREATED,,SURVEY,19,CORN,UNITED STATES,,"CORN - TREATED, MEASURED IN PCT OF AREA PLANTED, AVG",,9000,,00000000,IA,,2010,2012-01-01 00:00:00.000,ALL UTILIZATION PRACTICES,19,YEAR,,"CHEMICAL, HERBICIDE",ENVIRONMENTAL,IOWA,00,,
"CHEMICAL, HERBICIDE: (2,4-D, 2-EHE = 30063)",ALL PRODUCTION PRACTICES,STATE,ALL CLASSES,IOWA,,FIELD CROPS,ANNUAL,2,"PCT OF AREA PLANTED, AVG",,00,,TREATED,,SURVEY,19,CORN,UNITED STATES,,"CORN - TREATED, MEASURED IN PCT OF AREA PLANTED, AVG",,9000,,00000000,IA,,2005,2005-06-11 10:11:36.000,ALL UTILIZATION PRACTICES,19,YEAR,,"CHEMICAL, HERBICIDE",ENVIRONMENTAL,IOWA,00,,
"CHEMICAL, HERBICIDE: (2,4-D, DIMETH. SALT = 30019)",ALL PRODUCTION PRACTICES,STATE,ALL CLASSES,IOWA,,FIELD CROPS,ANNUAL,                 (D),"PCT OF AREA PLANTED, AVG",,00,,TREATED,,SURVEY,19,CORN,UNITED STATES,,"CORN - TREATED, MEASURED IN PCT OF AREA PLANTED, AVG",,9000,,00000000,IA,,2018,2018-05-10 15:16:25.000,ALL UTILIZATION PRACTICES,19,YEAR,,"CHEMICAL, HERBICIDE",ENVIRONMENTAL,IOWA,00,,
"CHEMICAL, HERBICIDE: (2,4-D, DIMETH. SALT = 30019)",ALL PRODUCTION PRACTICES,STATE,ALL CLASSES,IOWA,,FIELD CROPS,ANNUAL,2,"PCT OF AREA PLANTED, AVG",,00,,TREATED,,SURVEY,19,CORN,UNITED STATES,,"CORN - TREATED, MEASURED IN PCT OF AREA PLANTED, AVG",,9000,,00000000,IA,,2016,2016-08-31 14:19:39.000,ALL UTILIZATION PRACTICES,19,YEAR,,"CHEMICAL, HERBICIDE",ENVIRONMENTAL,IOWA,00,,
"CHEMICAL, HERBICIDE: (2,4-D, DIMETH. SALT = 30019)",ALL PRODUCTION PRACTICES,STATE,ALL CLASSES,IOWA,,FIELD CROPS,ANNUAL,                 (D),"PCT OF AREA PLANTED, AVG",,00,,TREATED,,SURVEY,19,CORN,UNITED STATES,,"CORN - TREATED, MEASURED IN PCT OF AREA PLANTED, AVG",,9000,,00000000,IA,,2014,2014-05-14 15:12:54.000,ALL UTILIZATION PRACTICES,19,YEAR,,"CHEMICAL, HERBICIDE",ENVIRONMENTAL,IOWA,00,,
"CHEMICAL, HERBICIDE: (2,4-D, DIMETH. SALT = 30019)",ALL PRODUCTION PRACTICES,STATE,ALL CLASSES,IOWA,,FIELD CROPS,ANNUAL,                 (D),"PCT OF AREA PLANTED, AVG",,00,,TREATED,,SURVEY,19,CORN,UNITED STATES,,"CORN - TREATED, MEASURED IN PCT OF AREA PLANTED, AVG",,9000,,00000000,IA,,2010,2012-01-01 00:00:00.000,ALL UTILIZATION PRACTICES,19,YEAR,,"CHEMICAL, HERBICIDE",ENVIRONMENTAL,IOWA,00,,
"CHEMICAL, HERBICIDE: (2,4-D, ISOPROP. SALT = 30025)",ALL PRODUCTION PRACTICES,STATE,ALL CLASSES,IOWA,,FIELD CROPS,ANNUAL,                 (D),"PCT OF AREA PLANTED, AVG",,00,,TREATED,,SURVEY,19,CORN,UNITED STATES,,"CORN - TREATED, MEASURED IN PCT OF AREA PLANTED, AVG",,9000,,00000000,IA,,2016,2016-08-31 14:19:39.000,ALL UTILIZATION PRACTICES,19,YEAR,,"CHEMICAL, HERBICIDE",ENVIRONMENTAL,IOWA,00,,
"CHEMICAL, HERBICIDE: (2,4-DB, DIMETH. SALT = 30819)",ALL PRODUCTION PRACTICES,STATE,ALL CLASSES,IOWA,,FIELD CROPS,ANNUAL,                 (D),"PCT OF AREA PLANTED, AVG",,00,,TREATED,,SURVEY,19,CORN,UNITED STATES,,"CORN - TREATED, MEASURED IN PCT OF AREA PLANTED, AVG",,9000,,00000000,IA,,2018,2018-05-10 15:16:25.000,ALL UTILIZATION PRACTICES,19,YEAR,,"CHEMICAL, HERBICIDE",ENVIRONMENTAL,IOWA,00,,
"CHEMICAL, HERBICIDE: (ACETOCHLOR = 121601)",ALL PRODUCTION PRACTICES,STATE,ALL CLASSES,IOWA,,FIELD CROPS,ANNUAL,48,"PCT OF AREA PLANTED, AVG",,00,,TREATED,,SURVEY,19,CORN,UNITED STATES,,"CORN - TREATED, MEASURED IN PCT OF AREA PLANTED, AVG",,9000,,00000000,IA,,2021,2021-05-13 15:00:30.000,ALL UTILIZATION PRACTICES,19,YEAR,,"CHEMICAL, HERBICIDE",ENVIRONMENTAL,IOWA,00,,
"CHEMICAL, HERBICIDE: (ACETOCHLOR = 121601)",ALL PRODUCTION PRACTICES,STATE,ALL CLASSES,IOWA,,FIELD CROPS,ANNUAL,49,"PCT OF AREA PLANTED, AVG",,00,,TREATED,,SURVEY,19,CORN,UNITED STATES,,"CORN - TREATED, MEASURED IN PCT OF AREA PLANTED, AVG",,9000,,00000000,IA,,2018,2018-05-10 15:16:25.000,ALL UTILIZATION PRACTICES,19,YEAR,,"CHEMICAL, HERBICIDE",ENVIRONMENTAL,IOWA,00,,
"CHEMICAL, HERBICIDE: (ACETOCHLOR = 121601)",ALL PRODUCTION PRACTICES,STATE,ALL CLASSES,IOWA,,FIELD CROPS,ANNUAL,46,"PCT OF AREA PLANTED, AVG",,00,,TREATED,,SURVEY,19,CORN,UNITED STATES,,"CORN - TREATED, MEASURED IN PCT OF AREA PLANTED, AVG",,9000,,00000000,IA,,2016,2016-08-31 14:19:39.000,ALL UTILIZATION PRACTICES,19,YEAR,,"CHEMICAL, HERBICIDE",ENVIRONMENTAL,IOWA,00,,
"CHEMICAL, HERBICIDE: (ACETOCHLOR = 121601)",ALL PRODUCTION PRACTICES,STATE,ALL CLASSES,IOWA,,FIELD CROPS,ANNUAL,42,"PCT OF AREA PLANTED, AVG",,00,,TREATED,,SURVEY,19,CORN,UNITED STATES,,"CORN - TREATED, MEASURED IN PCT OF AREA PLANTED, AVG",,9000,,00000000,IA,,2014,2014-05-14 15:12:54.000,ALL UTILIZATION PRACTICES,19,YEAR,,"CHEMICAL, HERBICIDE",ENVIRONMENTAL,IOWA,00,,
"CHEMICAL, HERBICIDE: (ACETOCHLOR = 121601)",ALL PRODUCTION PRACTICES,STATE,ALL CLASSES,IOWA,,FIELD CROPS,ANNUAL,32,"PCT OF AREA PLANTED, AVG",,00,,TREATED,,SURVEY,19,CORN,UNITED STATES,,"CORN - TREATED, MEASURED IN PCT OF AREA PLANTED, AVG",,9000,,00000000,IA,,2010,2012-01-01 00:00:00.000,ALL UTILIZATION PRACTICES,19,YEAR,,"CHEMICAL, HERBICIDE",ENVIRONMENTAL,IOWA,00,,
"CHEMICAL, HERBICIDE: (ACETOCHLOR = 121601)",ALL PRODUCTION PRACTICES,STATE,ALL CLASSES,IOWA,,FIELD CROPS,ANNUAL,32,"PCT OF AREA PLANTED, AVG",,00,,TREATED,,SURVEY,19,CORN,UNITED STATES,,"CORN - TREATED, MEASURED IN PCT OF AREA PLANTED, AVG",,9000,,00000000,IA,,2005,2005-06-11 10:11:36.000,ALL UTILIZATION PRACTICES,19,YEAR,,"CHEMICAL, HERBICIDE",ENVIRONMENTAL,IOWA,00,,
"CHEMICAL, HERBICIDE: (ACETOCHLOR = 121601)",ALL PRODUCTION PRACTICES,STATE,ALL CLASSES,IOWA,,FIELD CROPS,ANNUAL,37,"PCT OF AREA PLANTED, AVG",,00,,TREATED,,SURVEY,19,CORN,UNITED STATES,,"CORN - TREATED, MEASURED IN PCT OF AREA PLANTED, AVG",,9000,,00000000,IA,,2003,2003-06-11 10:11:36.000,ALL UTILIZATION PRACTICES,19,YEAR,,"CHEMICAL, HERBICIDE",ENVIRONMENTAL,IOWA,00,,
"CHEMICAL, HERBICIDE: (ACETOCHLOR = 121601)",ALL PRODUCTION PRACTICES,STATE,ALL CLASSES,IOWA,,FIELD CROPS,ANNUAL,29,"PCT OF AREA PLANTED, AVG",,00,,TREATED,,SURVEY,19,CORN,UNITED STATES,,"CORN - TREATED, MEASURED IN PCT OF AREA PLANTED, AVG",,9000,,00000000,IA,,2002,2002-06-11 10:11:36.000,ALL UTILIZATION PRACTICES,19,YEAR,,"CHEMICAL, HERBICIDE",ENVIRONMENTAL,IOWA,00,,
"CHEMICAL, HERBICIDE: (ACETOCHLOR = 121601)",ALL PRODUCTION PRACTICES,STATE,ALL CLASSES,IOWA,,FIELD CROPS,ANNUAL,17,"PCT OF AREA PLANTED, AVG",,00,,TREATED,,SURVEY,19,CORN,UNITED STATES,,"CORN - TREATED, MEASURED IN PCT OF AREA PLANTED, AVG",,9000,,00000000,IA,,2001,2001-06-11 10:11:36.000,ALL UTILIZATION PRACTICES,19,YEAR,,"CHEMICAL, HERBICIDE",ENVIRONMENTAL,IOWA,00,,
"CHEMICAL, HERBICIDE: (ACETOCHLOR = 121601)",ALL PRODUCTION PRACTICES,STATE,ALL CLASSES,IOWA,,FIELD CROPS,ANNUAL,32,"PCT OF AREA PLANTED, AVG",,00,,TREATED,,SURVEY,19,CORN,UNITED STATES,,"CORN - TREATED, MEASURED IN PCT OF AREA PLANTED, AVG",,9000,,00000000,IA,,2000,2000-06-11 10:11:36.000,ALL UTILIZATION PRACTICES,19,YEAR,,"CHEMICAL, HERBICIDE",ENVIRONMENTAL,IOWA,00,,
"CHEMICAL, HERBICIDE: (ACIFLUORFEN, SODIUM = 114402)",ALL PRODUCTION PRACTICES,STATE,ALL CLASSES,IOWA,,FIELD CROPS,ANNUAL,                 (D),"PCT OF AREA PLANTED, AVG",,00,,TREATED,,SURVEY,19,CORN,UNITED STATES,,"CORN - TREATED, MEASURED IN PCT OF AREA PLANTED, AVG",,9000,,00000000,IA,,2010,2012-01-01 00:00:00.000,ALL UTILIZATION PRACTICES,19,YEAR,,"CHEMICAL, HERBICIDE",ENVIRONMENTAL,IOWA,00,,
"CHEMICAL, HERBICIDE: (ALACHLOR = 90501)",ALL PRODUCTION PRACTICES,STATE,ALL CLASSES,IOWA,,FIELD CROPS,ANNUAL,                 (D),"PCT OF AREA PLANTED, AVG",,00,,TREATED,,SURVEY,19,CORN,UNITED STATES,,"CORN - TREATED, MEASURED IN PCT OF AREA PLANTED, AVG",,9000,,00000000,IA,,2021,2021-05-13 15:00:30.000,ALL UTILIZATION PRACTICES,19,YEAR,,"CHEMICAL, HERBICIDE",ENVIRONMENTAL,IOWA,00,,
"CHEMICAL, HERBICIDE: (ALACHLOR = 90501)",ALL PRODUCTION PRACTICES,STATE,ALL CLASSES,IOWA,,FIELD CROPS,ANNUAL,                 (D),"PCT OF AREA PLANTED, AVG",,00,,TREATED,,SURVEY,19,CORN,UNITED STATES,,"CORN - TREATED, MEASURED IN PCT OF AREA PLANTED, AVG",,9000,,00000000,IA,,2010,2012-01-01 00:00:00.000,ALL UTILIZATION PRACTICES,19,YEAR,,"CHEMICAL, HERBICIDE",ENVIRONMENTAL,IOWA,00,,
"CHEMICAL, HERBICIDE: (ATRAZINE = 80803)",ALL PRODUCTION PRACTICES,STATE,ALL CLASSES,IOWA,,FIELD CROPS,ANNUAL,69,"PCT OF AREA PLANTED, AVG",,00,,TREATED,,SURVEY,19,CORN,UNITED STATES,,"CORN - TREATED, MEASURED IN PCT OF AREA PLANTED, AVG",,9000,,00000000,IA,,2021,2021-05-13 15:00:30.000,ALL UTILIZATION PRACTICES,19,YEAR,,"CHEMICAL, HERBICIDE",ENVIRONMENTAL,IOWA,00,,
"CHEMICAL, HERBICIDE: (ATRAZINE = 80803)",ALL PRODUCTION PRACTICES,STATE,ALL CLASSES,IOWA,,FIELD CROPS,ANNUAL,56,"PCT OF AREA PLANTED, AVG",,00,,TREATED,,SURVEY,19,CORN,UNITED STATES,,"CORN - TREATED, MEASURED IN PCT OF AREA PLANTED, AVG",,9000,,00000000,IA,,2018,2018-05-10 15:16:25.000,ALL UTILIZATION PRACTICES,19,YEAR,,"CHEMICAL, HERBICIDE",ENVIRONMENTAL,IOWA,00,,
"CHEMICAL, HERBICIDE: (ATRAZINE = 80803)",ALL PRODUCTION PRACTICES,STATE,ALL CLASSES,IOWA,,FIELD CROPS,ANNUAL,58,"PCT OF AREA PLANTED, AVG",,00,,TREATED,,SURVEY,19,CORN,UNITED STATES,,"CORN - TREATED, MEASURED IN PCT OF AREA PLANTED, AVG",,9000,,00000000,IA,,2016,2016-08-31 14:19:39.000,ALL UTILIZATION PRACTICES,19,YEAR,,"CHEMICAL, HERBICIDE",ENVIRONMENTAL,IOWA,00,,
"CHEMICAL, HERBICIDE: (ATRAZINE = 80803)",ALL PRODUCTION PRACTICES,STATE,ALL CLASSES,IOWA,,FIELD CROPS,ANNUAL,56,"PCT OF AREA PLANTED, AVG",,00,,TREATED,,SURVEY,19,CORN,UNITED STATES,,"CORN - TREATED, MEASURED IN PCT OF AREA PLANTED, AVG",,9000,,00000000,IA,,2014,2014-05-14 15:12:54.000,ALL UTILIZATION PRACTICES,19,YEAR,,"CHEMICAL, HERBICIDE",ENVIRONMENTAL,IOWA,00,,
"CHEMICAL, HERBICIDE: (ATRAZINE = 80803)",ALL PRODUCTION PRACTICES,STATE,ALL CLASSES,IOWA,,FIELD CROPS,ANNUAL,65,"PCT OF AREA PLANTED, AVG",,00,,TREATED,,SURVEY,19,CORN,UNITED STATES,,"CORN - TREATED, MEASURED IN PCT OF AREA PLANTED, AVG",,9000,,00000000,IA,,2010,2012-01-01 00:00:00.000,ALL UTILIZATION PRACTICES,19,YEAR,,"CHEMICAL, HERBICIDE",ENVIRONMENTAL,IOWA,00,,
"CHEMICAL, HERBICIDE: (ATRAZINE = 80803)",ALL PRODUCTION PRACTICES,STATE,ALL CLASSES,IOWA,,FIELD CROPS,ANNUAL,61,"PCT OF AREA PLANTED, AVG",,00,,TREATED,,SURVEY,19,CORN,UNITED STATES,,"CORN - TREATED, MEASURED IN PCT OF AREA PLANTED, AVG",,9000,,00000000,IA,,2005,2005-06-11 10:11:36.000,ALL UTILIZATION PRACTICES,19,YEAR,,"CHEMICAL, HERBICIDE",ENVIRONMENTAL,IOWA,00,,
"CHEMICAL, HERBICIDE: (ATRAZINE = 80803)",ALL PRODUCTION PRACTICES,STATE,ALL CLASSES,IOWA,,FIELD CROPS,ANNUAL,70,"PCT OF AREA PLANTED, AVG",,00,,TREATED,,SURVEY,19,CORN,UNITED STATES,,"CORN - TREATED, MEASURED IN PCT OF AREA PLANTED, AVG",,9000,,00000000,IA,,2003,2003-06-11 10:11:36.000,ALL UTILIZATION PRACTICES,19,YEAR,,"CHEMICAL, HERBICIDE",ENVIRONMENTAL,IOWA,00,,
"CHEMICAL, HERBICIDE: (ATRAZINE = 80803)",ALL PRODUCTION PRACTICES,STATE,ALL CLASSES,IOWA,,FIELD CROPS,ANNUAL,60,"PCT OF AREA PLANTED, AVG",,00,,TREATED,,SURVEY,19,CORN,UNITED STATES,,"CORN - TREATED, MEASURED IN PCT OF AREA PLANTED, AVG",,9000,,00000000,IA,,2002,2002-06-11 10:11:36.000,ALL UTILIZATION PRACTICES,19,YEAR,,"CHEMICAL, HERBICIDE",ENVIRONMENTAL,IOWA,00,,
"CHEMICAL, HERBICIDE: (ATRAZINE = 80803)",ALL PRODUCTION PRACTICES,STATE,ALL CLASSES,IOWA,,FIELD CROPS,ANNUAL,67,"PCT OF AREA PLANTED, AVG",,00,,TREATED,,SURVEY,19,CORN,UNITED STATES,,"CORN - TREATED, MEASURED IN PCT OF AREA PLANTED, AVG",,9000,,00000000,IA,,2001,2001-06-11 10:11:36.000,ALL UTILIZATION PRACTICES,19,YEAR,,"CHEMICAL, HERBICIDE",ENVIRONMENTAL,IOWA,00,,
"CHEMICAL, HERBICIDE: (ATRAZINE = 80803)",ALL PRODUCTION PRACTICES,STATE,ALL CLASSES,IOWA,,FIELD CROPS,ANNUAL,64,"PCT OF AREA PLANTED, AVG",,00,,TREATED,,SURVEY,19,CORN,UNITED STATES,,"CORN - TREATED, MEASURED IN PCT OF AREA PLANTED, AVG",,9000,,00000000,IA,,2000,2000-06-11 10:11:36.000,ALL UTILIZATION PRACTICES,19,YEAR,,"CHEMICAL, HERBICIDE",ENVIRONMENTAL,IOWA,00,,
"CHEMICAL, HERBICIDE: (BENTAZON = 103901)",ALL PRODUCTION PRACTICES,STATE,ALL CLASSES,IOWA,,FIELD CROPS,ANNUAL,                 (D),"PCT OF AREA PLANTED, AVG",,00,,TREATED,,SURVEY,19,CORN,UNITED STATES,,"CORN - TREATED, MEASURED IN PCT OF AREA PLANTED, AVG",,9000,,00000000,IA,,2014,2014-05-14 15:12:54.000,ALL UTILIZATION PRACTICES,19,YEAR,,"CHEMICAL, HERBICIDE",ENVIRONMENTAL,IOWA,00,,
"CHEMICAL, HERBICIDE: (BICYCLOPYRONE = 18986)",ALL PRODUCTION PRACTICES,STATE,ALL CLASSES,IOWA,,FIELD CROPS,ANNUAL,                 (D),"PCT OF AREA PLANTED, AVG",,00,,TREATED,,SURVEY,19,CORN,UNITED STATES,,"CORN - TREATED, MEASURED IN PCT OF AREA PLANTED, AVG",,9000,,00000000,IA,,2021,2021-05-13 15:00:30.000,ALL UTILIZATION PRACTICES,19,YEAR,,"CHEMICAL, HERBICIDE",ENVIRONMENTAL,IOWA,00,,
"CHEMICAL, HERBICIDE: (BICYCLOPYRONE = 18986)",ALL PRODUCTION PRACTICES,STATE,ALL CLASSES,IOWA,,FIELD CROPS,ANNUAL,5,"PCT OF AREA PLANTED, AVG",,00,,TREATED,,SURVEY,19,CORN,UNITED STATES,,"CORN - TREATED, MEASURED IN PCT OF AREA PLANTED, AVG",,9000,,00000000,IA,,2018,2018-05-10 15:16:25.000,ALL UTILIZATION PRACTICES,19,YEAR,,"CHEMICAL, HERBICIDE",ENVIRONMENTAL,IOWA,00,,
"CHEMICAL, HERBICIDE: (BICYCLOPYRONE = 18986)",ALL PRODUCTION PRACTICES,STATE,ALL CLASSES,IOWA,,FIELD CROPS,ANNUAL,5,"PCT OF AREA PLANTED, AVG",,00,,TREATED,,SURVEY,19,CORN,UNITED STATES,,"CORN - TREATED, MEASURED IN PCT OF AREA PLANTED, AVG",,9000,,00000000,IA,,2016,2016-08-31 14:19:39.000,ALL UTILIZATION PRACTICES,19,YEAR,,"CHEMICAL, HERBICIDE",ENVIRONMENTAL,IOWA,00,,
"CHEMICAL, HERBICIDE: (BROMOXYNIL = 35301)",ALL PRODUCTION PRACTICES,STATE,ALL CLASSES,IOWA,,FIELD CROPS,ANNUAL,3,"PCT OF AREA PLANTED, AVG",,00,,TREATED,,SURVEY,19,CORN,UNITED STATES,,"CORN - TREATED, MEASURED IN PCT OF AREA PLANTED, AVG",,9000,,00000000,IA,,2002,2002-06-11 10:11:36.000,ALL UTILIZATION PRACTICES,19,YEAR,,"CHEMICAL, HERBICIDE",ENVIRONMENTAL,IOWA,00,,
"CHEMICAL, HERBICIDE: (BROMOXYNIL = 35301)",ALL PRODUCTION PRACTICES,STATE,ALL CLASSES,IOWA,,FIELD CROPS,ANNUAL,2,"PCT OF AREA PLANTED, AVG",,00,,TREATED,,SURVEY,19,CORN,UNITED STATES,,"CORN - TREATED, MEASURED IN PCT OF AREA PLANTED, AVG",,9000,,00000000,IA,,2001,2001-06-11 10:11:36.000,ALL UTILIZATION PRACTICES,19,YEAR,,"CHEMICAL, HERBICIDE",ENVIRONMENTAL,IOWA,00,,
"CHEMICAL, HERBICIDE: (BROMOXYNIL = 35301)",ALL PRODUCTION PRACTICES,STATE,ALL CLASSES,IOWA,,FIELD CROPS,ANNUAL,12,"PCT OF AREA PLANTED, AVG",,00,,TREATED,,SURVEY,19,CORN,UNITED STATES,,"CORN - TREATED, MEASURED IN PCT OF AREA PLANTED, AVG",,9000,,00000000,IA,,2000,2000-06-11 10:11:36.000,ALL UTILIZATION PRACTICES,19,YEAR,,"CHEMICAL, HERBICIDE",ENVIRONMENTAL,IOWA,00,,
"CHEMICAL, HERBICIDE: (CARFENTRAZONE-ETHYL = 128712)",ALL PRODUCTION PRACTICES,STATE,ALL CLASSES,IOWA,,FIELD CROPS,ANNUAL,3,"PCT OF AREA PLANTED, AVG",,00,,TREATED,,SURVEY,19,CORN,UNITED STATES,,"CORN - TREATED, MEASURED IN PCT OF AREA PLANTED, AVG",,9000,,00000000,IA,,2000,2000-06-11 10:11:36.000,ALL UTILIZATION PRACTICES,19,YEAR,,"CHEMICAL, HERBICIDE",ENVIRONMENTAL,IOWA,00,,
"CHEMICAL, HERBICIDE: (CLOMAZONE = 125401)",ALL PRODUCTION PRACTICES,STATE,ALL CLASSES,IOWA,,FIELD CROPS,ANNUAL,                 (D),"PCT OF AREA PLANTED, AVG",,00,,TREATED,,SURVEY,19,CORN,UNITED STATES,,"CORN - TREATED, MEASURED IN PCT OF AREA PLANTED, AVG",,9000,,00000000,IA,,2010,2012-01-01 00:00:00.000,ALL UTILIZATION PRACTICES,19,YEAR,,"CHEMICAL, HERBICIDE",ENVIRONMENTAL,IOWA,00,,
"CHEMICAL, HERBICIDE: (CLOPYRALID = 117403)",ALL PRODUCTION PRACTICES,STATE,ALL CLASSES,IOWA,,FIELD CROPS,ANNUAL,14,"PCT OF AREA PLANTED, AVG",,00,,TREATED,,SURVEY,19,CORN,UNITED STATES,,"CORN - TREATED, MEASURED IN PCT OF AREA PLANTED, AVG",,9000,,00000000,IA,,2021,2021-05-13 15:00:30.000,ALL UTILIZATION PRACTICES,19,YEAR,,"CHEMICAL, HERBICIDE",ENVIRONMENTAL,IOWA,00,,
"CHEMICAL, HERBICIDE: (CLOPYRALID = 117403)",ALL PRODUCTION PRACTICES,STATE,ALL CLASSES,IOWA,,FIELD CROPS,ANNUAL,23,"PCT OF AREA PLANTED, AVG",,00,,TREATED,,SURVEY,19,CORN,UNITED STATES,,"CORN - TREATED, MEASURED IN PCT OF AREA PLANTED, AVG",,9000,,00000000,IA,,2018,2018-05-10 15:16:25.000,ALL UTILIZATION PRACTICES,19,YEAR,,"CHEMICAL, HERBICIDE",ENVIRONMENTAL,IOWA,00,,
"CHEMICAL, HERBICIDE: (CLOPYRALID = 117403)",ALL PRODUCTION PRACTICES,STATE,ALL CLASSES,IOWA,,FIELD CROPS,ANNUAL,10,"PCT OF AREA PLANTED, AVG",,00,,TREATED,,SURVEY,19,CORN,UNITED STATES,,"CORN - TREATED, MEASURED IN PCT OF AREA PLANTED, AVG",,9000,,00000000,IA,,2016,2016-08-31 14:19:39.000,ALL UTILIZATION PRACTICES,19,YEAR,,"CHEMICAL, HERBICIDE",ENVIRONMENTAL,IOWA,00,,
"CHEMICAL, HERBICIDE: (CLOPYRALID = 117403)",ALL PRODUCTION PRACTICES,STATE,ALL CLASSES,IOWA,,FIELD CROPS,ANNUAL,17,"PCT OF AREA PLANTED, AVG",,00,,TREATED,,SURVEY,19,CORN,UNITED STATES,,"CORN - TREATED, MEASURED IN PCT OF AREA PLANTED, AVG",,9000,,00000000,IA,,2014,2014-05-14 15:12:54.000,ALL UTILIZATION PRACTICES,19,YEAR,,"CHEMICAL, HERBICIDE",ENVIRONMENTAL,IOWA,00,,
"CHEMICAL, HERBICIDE: (CLOPYRALID = 117403)",ALL PRODUCTION PRACTICES,STATE,ALL CLASSES,IOWA,,FIELD CROPS,ANNUAL,4,"PCT OF AREA PLANTED, AVG",,00,,TREATED,,SURVEY,19,CORN,UNITED STATES,,"CORN - TREATED, MEASURED IN PCT OF AREA PLANTED, AVG",,9000,,00000000,IA,,2010,2012-01-01 00:00:00.000,ALL UTILIZATION PRACTICES,19,YEAR,,"CHEMICAL, HERBICIDE",ENVIRONMENTAL,IOWA,00,,
"CHEMICAL, HERBICIDE: (CLOPYRALID = 117403)",ALL PRODUCTION PRACTICES,STATE,ALL CLASSES,IOWA,,FIELD CROPS,ANNUAL,7,"PCT OF AREA PLANTED, AVG",,00,,TREATED,,SURVEY,19,CORN,UNITED STATES,,"CORN - TREATED, MEASURED IN PCT OF AREA PLANTED, AVG",,9000,,00000000,IA,,2005,2005-06-11 10:11:36.000,ALL UTILIZATION PRACTICES,19,YEAR,,"CHEMICAL, HERBICIDE",ENVIRONMENTAL,IOWA,00,,
"CHEMICAL, HERBICIDE: (CLOPYRALID = 117403)",ALL PRODUCTION PRACTICES,STATE,ALL CLASSES,IOWA,,FIELD CROPS,ANNUAL,9,"PCT OF AREA PLANTED, AVG",,00,,TREATED,,SURVEY,19,CORN,UNITED STATES,,"CORN - TREATED, MEASURED IN PCT OF AREA PLANTED, AVG",,9000,,00000000,IA,,2003,2003-06-11 10:11:36.000,ALL UTILIZATION PRACTICES,19,YEAR,,"CHEMICAL, HERBICIDE",ENVIRONMENTAL,IOWA,00,,
"CHEMICAL, HERBICIDE: (CLOPYRALID = 117403)",ALL PRODUCTION PRACTICES,STATE,ALL CLASSES,IOWA,,FIELD CROPS,ANNUAL,14,"PCT OF AREA PLANTED, AVG",,00,,TREATED,,SURVEY,19,CORN,UNITED STATES,,"CORN - TREATED, MEASURED IN PCT OF AREA PLANTED, AVG",,9000,,00000000,IA,,2002,2002-06-11 10:11:36.000,ALL UTILIZATION PRACTICES,19,YEAR,,"CHEMICAL, HERBICIDE",ENVIRONMENTAL,IOWA,00,,
"CHEMICAL, HERBICIDE: (CLOPYRALID = 117403)",ALL PRODUCTION PRACTICES,STATE,ALL CLASSES,IOWA,,FIELD CROPS,ANNUAL,14,"PCT OF AREA PLANTED, AVG",,00,,TREATED,,SURVEY,19,CORN,UNITED STATES,,"CORN - TREATED, MEASURED IN PCT OF AREA PLANTED, AVG",,9000,,00000000,IA,,2001,2001-06-11 10:11:36.000,ALL UTILIZATION PRACTICES,19,YEAR,,"CHEMICAL, HERBICIDE",ENVIRONMENTAL,IOWA,00,,
"CHEMICAL, HERBICIDE: (CLOPYRALID = 117403)",ALL PRODUCTION PRACTICES,STATE,ALL CLASSES,IOWA,,FIELD CROPS,ANNUAL,9,"PCT OF AREA PLANTED, AVG",,00,,TREATED,,SURVEY,19,CORN,UNITED STATES,,"CORN - TREATED, MEASURED IN PCT OF AREA PLANTED, AVG",,9000,,00000000,IA,,2000,2000-06-11 10:11:36.000,ALL UTILIZATION PRACTICES,19,YEAR,,"CHEMICAL, HERBICIDE",ENVIRONMENTAL,IOWA,00,,
"CHEMICAL, HERBICIDE: (CLOPYRALID MONO SALT = 117401)",ALL PRODUCTION PRACTICES,STATE,ALL CLASSES,IOWA,,FIELD CROPS,ANNUAL,                 (D),"PCT OF AREA PLANTED, AVG",,00,,TREATED,,SURVEY,19,CORN,UNITED STATES,,"CORN - TREATED, MEASURED IN PCT OF AREA PLANTED, AVG",,9000,,00000000,IA,,2021,2021-05-13 15:00:30.000,ALL UTILIZATION PRACTICES,19,YEAR,,"CHEMICAL, HERBICIDE",ENVIRONMENTAL,IOWA,00,,
"CHEMICAL, HERBICIDE: (CLOPYRALID MONO SALT = 117401)",ALL PRODUCTION PRACTICES,STATE,ALL CLASSES,IOWA,,FIELD CROPS,ANNUAL,3,"PCT OF AREA PLANTED, AVG",,00,,TREATED,,SURVEY,19,CORN,UNITED STATES,,"CORN - TREATED, MEASURED IN PCT OF AREA PLANTED, AVG",,9000,,00000000,IA,,2018,2018-05-10 15:16:25.000,ALL UTILIZATION PRACTICES,19,YEAR,,"CHEMICAL, HERBICIDE",ENVIRONMENTAL,IOWA,00,,
"CHEMICAL, HERBICIDE: (CLOPYRALID MONO SALT = 117401)",ALL PRODUCTION PRACTICES,STATE,ALL CLASSES,IOWA,,FIELD CROPS,ANNUAL,2,"PCT OF AREA PLANTED, AVG",,00,,TREATED,,SURVEY,19,CORN,UNITED STATES,,"CORN - TREATED, MEASURED IN PCT OF AREA PLANTED, AVG",,9000,,00000000,IA,,2016,2016-08-31 14:19:39.000,ALL UTILIZATION PRACTICES,19,YEAR,,"CHEMICAL, HERBICIDE",ENVIRONMENTAL,IOWA,00,,
"CHEMICAL, HERBICIDE: (CLOPYRALID MONO SALT = 117401)",ALL PRODUCTION PRACTICES,STATE,ALL CLASSES,IOWA,,FIELD CROPS,ANNUAL,                 (D),"PCT OF AREA PLANTED, AVG",,00,,TREATED,,SURVEY,19,CORN,UNITED STATES,,"CORN - TREATED, MEASURED IN PCT OF AREA PLANTED, AVG",,9000,,00000000,IA,,2014,2014-05-14 15:12:54.000,ALL UTILIZATION PRACTICES,19,YEAR,,"CHEMICAL, HERBICIDE",ENVIRONMENTAL,IOWA,00,,
"CHEMICAL, HERBICIDE: (CLORANSULAM-METHYL = 129116)",ALL PRODUCTION PRACTICES,STATE,ALL CLASSES,IOWA,,FIELD CROPS,ANNUAL,                 (D),"PCT OF AREA PLANTED, AVG",,00,,TREATED,,SURVEY,19,CORN,UNITED STATES,,"CORN - TREATED, MEASURED IN PCT OF AREA PLANTED, AVG",,9000,,00000000,IA,,2018,2018-05-10 15:16:25.000,ALL UTILIZATION PRACTICES,19,YEAR,,"CHEMICAL, HERBICIDE",ENVIRONMENTAL,IOWA,00,,
"CHEMICAL, HERBICIDE: (CLORANSULAM-METHYL = 129116)",ALL PRODUCTION PRACTICES,STATE,ALL CLASSES,IOWA,,FIELD CROPS,ANNUAL,                 (D),"PCT OF AREA PLANTED, AVG",,00,,TREATED,,SURVEY,19,CORN,UNITED STATES,,"CORN - TREATED, MEASURED IN PCT OF AREA PLANTED, AVG",,9000,,00000000,IA,,2014,2014-05-14 15:12:54.000,ALL UTILIZATION PRACTICES,19,YEAR,,"CHEMICAL, HERBICIDE",ENVIRONMENTAL,IOWA,00,,
"CHEMICAL, HERBICIDE: (DICAMBA = 29801)",ALL PRODUCTION PRACTICES,STATE,ALL CLASSES,IOWA,,FIELD CROPS,ANNUAL,                 (D),"PCT OF AREA PLANTED, AVG",,00,,TREATED,,SURVEY,19,CORN,UNITED STATES,,"CORN - TREATED, MEASURED IN PCT OF AREA PLANTED, AVG",,9000,,00000000,IA,,2018,2018-05-10 15:16:25.000,ALL UTILIZATION PRACTICES,19,YEAR,,"CHEMICAL, HERBICIDE",ENVIRONMENTAL,IOWA,00,,
"CHEMICAL, HERBICIDE: (DICAMBA = 29801)",ALL PRODUCTION PRACTICES,STATE,ALL CLASSES,IOWA,,FIELD CROPS,ANNUAL,                 (D),"PCT OF AREA PLANTED, AVG",,00,,TREATED,,SURVEY,19,CORN,UNITED STATES,,"CORN - TREATED, MEASURED IN PCT OF AREA PLANTED, AVG",,9000,,00000000,IA,,2014,2014-05-14 15:12:54.000,ALL UTILIZATION PRACTICES,19,YEAR,,"CHEMICAL, HERBICIDE",ENVIRONMENTAL,IOWA,00,,
"CHEMICAL, HERBICIDE: (DICAMBA = 29801)",ALL PRODUCTION PRACTICES,STATE,ALL CLASSES,IOWA,,FIELD CROPS,ANNUAL,3,"PCT OF AREA PLANTED, AVG",,00,,TREATED,,SURVEY,19,CORN,UNITED STATES,,"CORN - TREATED, MEASURED IN PCT OF AREA PLANTED, AVG",,9000,,00000000,IA,,2003,2003-06-11 10:11:36.000,ALL UTILIZATION PRACTICES,19,YEAR,,"CHEMICAL, HERBICIDE",ENVIRONMENTAL,IOWA,00,,
"CHEMICAL, HERBICIDE: (DICAMBA = 29801)",ALL PRODUCTION PRACTICES,STATE,ALL CLASSES,IOWA,,FIELD CROPS,ANNUAL,11,"PCT OF AREA PLANTED, AVG",,00,,TREATED,,SURVEY,19,CORN,UNITED STATES,,"CORN - TREATED, MEASURED IN PCT OF AREA PLANTED, AVG",,9000,,00000000,IA,,2002,2002-06-11 10:11:36.000,ALL UTILIZATION PRACTICES,19,YEAR,,"CHEMICAL, HERBICIDE",ENVIRONMENTAL,IOWA,00,,
"CHEMICAL, HERBICIDE: (DICAMBA = 29801)",ALL PRODUCTION PRACTICES,STATE,ALL CLASSES,IOWA,,FIELD CROPS,ANNUAL,13,"PCT OF AREA PLANTED, AVG",,00,,TREATED,,SURVEY,19,CORN,UNITED STATES,,"CORN - TREATED, MEASURED IN PCT OF AREA PLANTED, AVG",,9000,,00000000,IA,,2001,2001-06-11 10:11:36.000,ALL UTILIZATION PRACTICES,19,YEAR,,"CHEMICAL, HERBICIDE",ENVIRONMENTAL,IOWA,00,,
"CHEMICAL, HERBICIDE: (DICAMBA = 29801)",ALL PRODUCTION PRACTICES,STATE,ALL CLASSES,IOWA,,FIELD CROPS,ANNUAL,19,"PCT OF AREA PLANTED, AVG",,00,,TREATED,,SURVEY,19,CORN,UNITED STATES,,"CORN - TREATED, MEASURED IN PCT OF AREA PLANTED, AVG",,9000,,00000000,IA,,2000,2000-06-11 10:11:36.000,ALL UTILIZATION PRACTICES,19,YEAR,,"CHEMICAL, HERBICIDE",ENVIRONMENTAL,IOWA,00,,
"CHEMICAL, HERBICIDE: (DICAMBA BAPMA SALT = 100094)",ALL PRODUCTION PRACTICES,STATE,ALL CLASSES,IOWA,,FIELD CROPS,ANNUAL,                 (D),"PCT OF AREA PLANTED, AVG",,00,,TREATED,,SURVEY,19,CORN,UNITED STATES,,"CORN - TREATED, MEASURED IN PCT OF AREA PLANTED, AVG",,9000,,00000000,IA,,2018,2018-05-10 15:16:25.000,ALL UTILIZATION PRACTICES,19,YEAR,,"CHEMICAL, HERBICIDE",ENVIRONMENTAL,IOWA,00,,
"CHEMICAL, HERBICIDE: (DICAMBA, DIGLY. SALT = 128931)",ALL PRODUCTION PRACTICES,STATE,ALL CLASSES,IOWA,,FIELD CROPS,ANNUAL,8,"PCT OF AREA PLANTED, AVG",,00,,TREATED,,SURVEY,19,CORN,UNITED STATES,,"CORN - TREATED, MEASURED IN PCT OF AREA PLANTED, AVG",,9000,,00000000,IA,,2021,2021-05-13 15:00:30.000,ALL UTILIZATION PRACTICES,19,YEAR,,"CHEMICAL, HERBICIDE",ENVIRONMENTAL,IOWA,00,,
"CHEMICAL, HERBICIDE: (DICAMBA, DIGLY. SALT = 128931)",ALL PRODUCTION PRACTICES,STATE,ALL CLASSES,IOWA,,FIELD CROPS,ANNUAL,3,"PCT OF AREA PLANTED, AVG",,00,,TREATED,,SURVEY,19,CORN,UNITED STATES,,"CORN - TREATED, MEASURED IN PCT OF AREA PLANTED, AVG",,9000,,00000000,IA,,2018,2018-05-10 15:16:25.000,ALL UTILIZATION PRACTICES,19,YEAR,,"CHEMICAL, HERBICIDE",ENVIRONMENTAL,IOWA,00,,
"CHEMICAL, HERBICIDE: (DICAMBA, DIGLY. SALT = 128931)",ALL PRODUCTION PRACTICES,STATE,ALL CLASSES,IOWA,,FIELD CROPS,ANNUAL,                 (D),"PCT OF AREA PLANTED, AVG",,00,,TREATED,,SURVEY,19,CORN,UNITED STATES,,"CORN - TREATED, MEASURED IN PCT OF AREA PLANTED, AVG",,9000,,00000000,IA,,2016,2016-08-31 14:19:39.000,ALL UTILIZATION PRACTICES,19,YEAR,,"CHEMICAL, HERBICIDE",ENVIRONMENTAL,IOWA,00,,
"CHEMICAL, HERBICIDE: (DICAMBA, DIMET. SALT = 29802)",ALL PRODUCTION PRACTICES,STATE,ALL CLASSES,IOWA,,FIELD CROPS,ANNUAL,                 (D),"PCT OF AREA PLANTED, AVG",,00,,TREATED,,SURVEY,19,CORN,UNITED STATES,,"CORN - TREATED, MEASURED IN PCT OF AREA PLANTED, AVG",,9000,,00000000,IA,,2014,2014-05-14 15:12:54.000,ALL UTILIZATION PRACTICES,19,YEAR,,"CHEMICAL, HERBICIDE",ENVIRONMENTAL,IOWA,00,,
"CHEMICAL, HERBICIDE: (DICAMBA, DIMET. SALT = 29802)",ALL PRODUCTION PRACTICES,STATE,ALL CLASSES,IOWA,,FIELD CROPS,ANNUAL,4,"PCT OF AREA PLANTED, AVG",,00,,TREATED,,SURVEY,19,CORN,UNITED STATES,,"CORN - TREATED, MEASURED IN PCT OF AREA PLANTED, AVG",,9000,,00000000,IA,,2003,2003-06-11 10:11:36.000,ALL UTILIZATION PRACTICES,19,YEAR,,"CHEMICAL, HERBICIDE",ENVIRONMENTAL,IOWA,00,,
"CHEMICAL, HERBICIDE: (DICAMBA, DIMET. SALT = 29802)",ALL PRODUCTION PRACTICES,STATE,ALL CLASSES,IOWA,,FIELD CROPS,ANNUAL,8,"PCT OF AREA PLANTED, AVG",,00,,TREATED,,SURVEY,19,CORN,UNITED STATES,,"CORN - TREATED, MEASURED IN PCT OF AREA PLANTED, AVG",,9000,,00000000,IA,,2002,2002-06-11 10:11:36.000,ALL UTILIZATION PRACTICES,19,YEAR,,"CHEMICAL, HERBICIDE",ENVIRONMENTAL,IOWA,00,,
"CHEMICAL, HERBICIDE: (DICAMBA, DIMET. SALT = 29802)",ALL PRODUCTION PRACTICES,STATE,ALL CLASSES,IOWA,,FIELD CROPS,ANNUAL,8,"PCT OF AREA PLANTED, AVG",,00,,TREATED,,SURVEY,19,CORN,UNITED STATES,,"CORN - TREATED, MEASURED IN PCT OF AREA PLANTED, AVG",,9000,,00000000,IA,,2001,2001-06-11 10:11:36.000,ALL UTILIZATION PRACTICES,19,YEAR,,"CHEMICAL, HERBICIDE",ENVIRONMENTAL,IOWA,00,,
"CHEMICAL, HERBICIDE: (DICAMBA, DIMET. SALT = 29802)",ALL PRODUCTION PRACTICES,STATE,ALL CLASSES,IOWA,,FIELD CROPS,ANNUAL,3,"PCT OF AREA PLANTED, AVG",,00,,TREATED,,SURVEY,19,CORN,UNITED STATES,,"CORN - TREATED, MEASURED IN PCT OF AREA PLANTED, AVG",,9000,,00000000,IA,,2000,2000-06-11 10:11:36.000,ALL UTILIZATION PRACTICES,19,YEAR,,"CHEMICAL, HERBICIDE",ENVIRONMENTAL,IOWA,00,,
"CHEMICAL, HERBICIDE: (DICAMBA, POT. SALT = 129043)",ALL PRODUCTION PRACTICES,STATE,ALL CLASSES,IOWA,,FIELD CROPS,ANNUAL,3,"PCT OF AREA PLANTED, AVG",,00,,TREATED,,SURVEY,19,CORN,UNITED STATES,,"CORN - TREATED, MEASURED IN PCT OF AREA PLANTED, AVG",,9000,,00000000,IA,,2005,2005-06-11 10:11:36.000,ALL UTILIZATION PRACTICES,19,YEAR,,"CHEMICAL, HERBICIDE",ENVIRONMENTAL,IOWA,00,,
"CHEMICAL, HERBICIDE: (DICAMBA, POT. SALT = 129043)",ALL PRODUCTION PRACTICES,STATE,ALL CLASSES,IOWA,,FIELD CROPS,ANNUAL,4,"PCT OF AREA PLANTED, AVG",,00,,TREATED,,SURVEY,19,CORN,UNITED STATES,,"CORN - TREATED, MEASURED IN PCT OF AREA PLANTED, AVG",,9000,,00000000,IA,,2002,2002-06-11 10:11:36.000,ALL UTILIZATION PRACTICES,19,YEAR,,"CHEMICAL, HERBICIDE",ENVIRONMENTAL,IOWA,00,,
"CHEMICAL, HERBICIDE: (DICAMBA, POT. SALT = 129043)",ALL PRODUCTION PRACTICES,STATE,ALL CLASSES,IOWA,,FIELD CROPS,ANNUAL,10,"PCT OF AREA PLANTED, AVG",,00,,TREATED,,SURVEY,19,CORN,UNITED STATES,,"CORN - TREATED, MEASURED IN PCT OF AREA PLANTED, AVG",,9000,,00000000,IA,,2001,2001-06-11 10:11:36.000,ALL UTILIZATION PRACTICES,19,YEAR,,"CHEMICAL, HERBICIDE",ENVIRONMENTAL,IOWA,00,,
"CHEMICAL, HERBICIDE: (DICAMBA, POT. SALT = 129043)",ALL PRODUCTION PRACTICES,STATE,ALL CLASSES,IOWA,,FIELD CROPS,ANNUAL,9,"PCT OF AREA PLANTED, AVG",,00,,TREATED,,SURVEY,19,CORN,UNITED STATES,,"CORN - TREATED, MEASURED IN PCT OF AREA PLANTED, AVG",,9000,,00000000,IA,,2000,2000-06-11 10:11:36.000,ALL UTILIZATION PRACTICES,19,YEAR,,"CHEMICAL, HERBICIDE",ENVIRONMENTAL,IOWA,00,,
"CHEMICAL, HERBICIDE: (DICAMBA, SODIUM SALT = 29806)",ALL PRODUCTION PRACTICES,STATE,ALL CLASSES,IOWA,,FIELD CROPS,ANNUAL,                 (D),"PCT OF AREA PLANTED, AVG",,00,,TREATED,,SURVEY,19,CORN,UNITED STATES,,"CORN - TREATED, MEASURED IN PCT OF AREA PLANTED, AVG",,9000,,00000000,IA,,2021,2021-05-13 15:00:30.000,ALL UTILIZATION PRACTICES,19,YEAR,,"CHEMICAL, HERBICIDE",ENVIRONMENTAL,IOWA,00,,
"CHEMICAL, HERBICIDE: (DICAMBA, SODIUM SALT = 29806)",ALL PRODUCTION PRACTICES,STATE,ALL CLASSES,IOWA,,FIELD CROPS,ANNUAL,8,"PCT OF AREA PLANTED, AVG",,00,,TREATED,,SURVEY,19,CORN,UNITED STATES,,"CORN - TREATED, MEASURED IN PCT OF AREA PLANTED, AVG",,9000,,00000000,IA,,2018,2018-05-10 15:16:25.000,ALL UTILIZATION PRACTICES,19,YEAR,,"CHEMICAL, HERBICIDE",ENVIRONMENTAL,IOWA,00,,
"CHEMICAL, HERBICIDE: (DICAMBA, SODIUM SALT = 29806)",ALL PRODUCTION PRACTICES,STATE,ALL CLASSES,IOWA,,FIELD CROPS,ANNUAL,5,"PCT OF AREA PLANTED, AVG",,00,,TREATED,,SURVEY,19,CORN,UNITED STATES,,"CORN - TREATED, MEASURED IN PCT OF AREA PLANTED, AVG",,9000,,00000000,IA,,2016,2016-08-31 14:19:39.000,ALL UTILIZATION PRACTICES,19,YEAR,,"CHEMICAL, HERBICIDE",ENVIRONMENTAL,IOWA,00,,
"CHEMICAL, HERBICIDE: (DICAMBA, SODIUM SALT = 29806)",ALL PRODUCTION PRACTICES,STATE,ALL CLASSES,IOWA,,FIELD CROPS,ANNUAL,6,"PCT OF AREA PLANTED, AVG",,00,,TREATED,,SURVEY,19,CORN,UNITED STATES,,"CORN - TREATED, MEASURED IN PCT OF AREA PLANTED, AVG",,9000,,00000000,IA,,2014,2014-05-14 15:12:54.000,ALL UTILIZATION PRACTICES,19,YEAR,,"CHEMICAL, HERBICIDE",ENVIRONMENTAL,IOWA,00,,
"CHEMICAL, HERBICIDE: (DICAMBA, SODIUM SALT = 29806)",ALL PRODUCTION PRACTICES,STATE,ALL CLASSES,IOWA,,FIELD CROPS,ANNUAL,1,"PCT OF AREA PLANTED, AVG",,00,,TREATED,,SURVEY,19,CORN,UNITED STATES,,"CORN - TREATED, MEASURED IN PCT OF AREA PLANTED, AVG",,9000,,00000000,IA,,2010,2012-01-01 00:00:00.000,ALL UTILIZATION PRACTICES,19,YEAR,,"CHEMICAL, HERBICIDE",ENVIRONMENTAL,IOWA,00,,
"CHEMICAL, HERBICIDE: (DICAMBA, SODIUM SALT = 29806)",ALL PRODUCTION PRACTICES,STATE,ALL CLASSES,IOWA,,FIELD CROPS,ANNUAL,1,"PCT OF AREA PLANTED, AVG",,00,,TREATED,,SURVEY,19,CORN,UNITED STATES,,"CORN - TREATED, MEASURED IN PCT OF AREA PLANTED, AVG",,9000,,00000000,IA,,2005,2005-06-11 10:11:36.000,ALL UTILIZATION PRACTICES,19,YEAR,,"CHEMICAL, HERBICIDE",ENVIRONMENTAL,IOWA,00,,
"CHEMICAL, HERBICIDE: (DICAMBA, SODIUM SALT = 29806)",ALL PRODUCTION PRACTICES,STATE,ALL CLASSES,IOWA,,FIELD CROPS,ANNUAL,2,"PCT OF AREA PLANTED, AVG",,00,,TREATED,,SURVEY,19,CORN,UNITED STATES,,"CORN - TREATED, MEASURED IN PCT OF AREA PLANTED, AVG",,9000,,00000000,IA,,2003,2003-06-11 10:11:36.000,ALL UTILIZATION PRACTICES,19,YEAR,,"CHEMICAL, HERBICIDE",ENVIRONMENTAL,IOWA,00,,
"CHEMICAL, HERBICIDE: (DIFLUFENZOPYR-SODIUM = 5107)",ALL PRODUCTION PRACTICES,STATE,ALL CLASSES,IOWA,,FIELD CROPS,ANNUAL,                 (D),"PCT OF AREA PLANTED, AVG",,00,,TREATED,,SURVEY,19,CORN,UNITED STATES,,"CORN - TREATED, MEASURED IN PCT OF AREA PLANTED, AVG",,9000,,00000000,IA,,2021,2021-05-13 15:00:30.000,ALL UTILIZATION PRACTICES,19,YEAR,,"CHEMICAL, HERBICIDE",ENVIRONMENTAL,IOWA,00,,
"CHEMICAL, HERBICIDE: (DIFLUFENZOPYR-SODIUM = 5107)",ALL PRODUCTION PRACTICES,STATE,ALL CLASSES,IOWA,,FIELD CROPS,ANNUAL,8,"PCT OF AREA PLANTED, AVG",,00,,TREATED,,SURVEY,19,CORN,UNITED STATES,,"CORN - TREATED, MEASURED IN PCT OF AREA PLANTED, AVG",,9000,,00000000,IA,,2018,2018-05-10 15:16:25.000,ALL UTILIZATION PRACTICES,19,YEAR,,"CHEMICAL, HERBICIDE",ENVIRONMENTAL,IOWA,00,,
"CHEMICAL, HERBICIDE: (DIFLUFENZOPYR-SODIUM = 5107)",ALL PRODUCTION PRACTICES,STATE,ALL CLASSES,IOWA,,FIELD CROPS,ANNUAL,5,"PCT OF AREA PLANTED, AVG",,00,,TREATED,,SURVEY,19,CORN,UNITED STATES,,"CORN - TREATED, MEASURED IN PCT OF AREA PLANTED, AVG",,9000,,00000000,IA,,2016,2016-08-31 14:19:39.000,ALL UTILIZATION PRACTICES,19,YEAR,,"CHEMICAL, HERBICIDE",ENVIRONMENTAL,IOWA,00,,
"CHEMICAL, HERBICIDE: (DIFLUFENZOPYR-SODIUM = 5107)",ALL PRODUCTION PRACTICES,STATE,ALL CLASSES,IOWA,,FIELD CROPS,ANNUAL,6,"PCT OF AREA PLANTED, AVG",,00,,TREATED,,SURVEY,19,CORN,UNITED STATES,,"CORN - TREATED, MEASURED IN PCT OF AREA PLANTED, AVG",,9000,,00000000,IA,,2014,2014-05-14 15:12:54.000,ALL UTILIZATION PRACTICES,19,YEAR,,"CHEMICAL, HERBICIDE",ENVIRONMENTAL,IOWA,00,,
"CHEMICAL, HERBICIDE: (DIFLUFENZOPYR-SODIUM = 5107)",ALL PRODUCTION PRACTICES,STATE,ALL CLASSES,IOWA,,FIELD CROPS,ANNUAL,1,"PCT OF AREA PLANTED, AVG",,00,,TREATED,,SURVEY,19,CORN,UNITED STATES,,"CORN - TREATED, MEASURED IN PCT OF AREA PLANTED, AVG",,9000,,00000000,IA,,2010,2012-01-01 00:00:00.000,ALL UTILIZATION PRACTICES,19,YEAR,,"CHEMICAL, HERBICIDE",ENVIRONMENTAL,IOWA,00,,
"CHEMICAL, HERBICIDE: (DIFLUFENZOPYR-SODIUM = 5107)",ALL PRODUCTION PRACTICES,STATE,ALL CLASSES,IOWA,,FIELD CROPS,ANNUAL,1,"PCT OF AREA PLANTED, AVG",,00,,TREATED,,SURVEY,19,CORN,UNITED STATES,,"CORN - TREATED, MEASURED IN PCT OF AREA PLANTED, AVG",,9000,,00000000,IA,,2005,2005-06-11 10:11:36.000,ALL UTILIZATION PRACTICES,19,YEAR,,"CHEMICAL, HERBICIDE",ENVIRONMENTAL,IOWA,00,,
"CHEMICAL, HERBICIDE: (DIFLUFENZOPYR-SODIUM = 5107)",ALL PRODUCTION PRACTICES,STATE,ALL CLASSES,IOWA,,FIELD CROPS,ANNUAL,4,"PCT OF AREA PLANTED, AVG",,00,,TREATED,,SURVEY,19,CORN,UNITED STATES,,"CORN - TREATED, MEASURED IN PCT OF AREA PLANTED, AVG",,9000,,00000000,IA,,2003,2003-06-11 10:11:36.000,ALL UTILIZATION PRACTICES,19,YEAR,,"CHEMICAL, HERBICIDE",ENVIRONMENTAL,IOWA,00,,
"CHEMICAL, HERBICIDE: (DIFLUFENZOPYR-SODIUM = 5107)",ALL PRODUCTION PRACTICES,STATE,ALL CLASSES,IOWA,,FIELD CROPS,ANNUAL,8,"PCT OF AREA PLANTED, AVG",,00,,TREATED,,SURVEY,19,CORN,UNITED STATES,,"CORN - TREATED, MEASURED IN PCT OF AREA PLANTED, AVG",,9000,,00000000,IA,,2002,2002-06-11 10:11:36.000,ALL UTILIZATION PRACTICES,19,YEAR,,"CHEMICAL, HERBICIDE",ENVIRONMENTAL,IOWA,00,,
"CHEMICAL, HERBICIDE: (DIFLUFENZOPYR-SODIUM = 5107)",ALL PRODUCTION PRACTICES,STATE,ALL CLASSES,IOWA,,FIELD CROPS,ANNUAL,8,"PCT OF AREA PLANTED, AVG",,00,,TREATED,,SURVEY,19,CORN,UNITED STATES,,"CORN - TREATED, MEASURED IN PCT OF AREA PLANTED, AVG",,9000,,00000000,IA,,2001,2001-06-11 10:11:36.000,ALL UTILIZATION PRACTICES,19,YEAR,,"CHEMICAL, HERBICIDE",ENVIRONMENTAL,IOWA,00,,
"CHEMICAL, HERBICIDE: (DIFLUFENZOPYR-SODIUM = 5107)",ALL PRODUCTION PRACTICES,STATE,ALL CLASSES,IOWA,,FIELD CROPS,ANNUAL,3,"PCT OF AREA PLANTED, AVG",,00,,TREATED,,SURVEY,19,CORN,UNITED STATES,,"CORN - TREATED, MEASURED IN PCT OF AREA PLANTED, AVG",,9000,,00000000,IA,,2000,2000-06-11 10:11:36.000,ALL UTILIZATION PRACTICES,19,YEAR,,"CHEMICAL, HERBICIDE",ENVIRONMENTAL,IOWA,00,,
"CHEMICAL, HERBICIDE: (DIMETHENAMID = 129051)",ALL PRODUCTION PRACTICES,STATE,ALL CLASSES,IOWA,,FIELD CROPS,ANNUAL,                 (D),"PCT OF AREA PLANTED, AVG",,00,,TREATED,,SURVEY,19,CORN,UNITED STATES,,"CORN - TREATED, MEASURED IN PCT OF AREA PLANTED, AVG",,9000,,00000000,IA,,2014,2014-05-14 15:12:54.000,ALL UTILIZATION PRACTICES,19,YEAR,,"CHEMICAL, HERBICIDE",ENVIRONMENTAL,IOWA,00,,
"CHEMICAL, HERBICIDE: (DIMETHENAMID = 129051)",ALL PRODUCTION PRACTICES,STATE,ALL CLASSES,IOWA,,FIELD CROPS,ANNUAL,                 (D),"PCT OF AREA PLANTED, AVG",,00,,TREATED,,SURVEY,19,CORN,UNITED STATES,,"CORN - TREATED, MEASURED IN PCT OF AREA PLANTED, AVG",,9000,,00000000,IA,,2010,2012-01-01 00:00:00.000,ALL UTILIZATION PRACTICES,19,YEAR,,"CHEMICAL, HERBICIDE",ENVIRONMENTAL,IOWA,00,,
"CHEMICAL, HERBICIDE: (DIMETHENAMID = 129051)",ALL PRODUCTION PRACTICES,STATE,ALL CLASSES,IOWA,,FIELD CROPS,ANNUAL,8,"PCT OF AREA PLANTED, AVG",,00,,TREATED,,SURVEY,19,CORN,UNITED STATES,,"CORN - TREATED, MEASURED IN PCT OF AREA PLANTED, AVG",,9000,,00000000,IA,,2002,2002-06-11 10:11:36.000,ALL UTILIZATION PRACTICES,19,YEAR,,"CHEMICAL, HERBICIDE",ENVIRONMENTAL,IOWA,00,,
"CHEMICAL, HERBICIDE: (DIMETHENAMID = 129051)",ALL PRODUCTION PRACTICES,STATE,ALL CLASSES,IOWA,,FIELD CROPS,ANNUAL,19,"PCT OF AREA PLANTED, AVG",,00,,TREATED,,SURVEY,19,CORN,UNITED STATES,,"CORN - TREATED, MEASURED IN PCT OF AREA PLANTED, AVG",,9000,,00000000,IA,,2001,2001-06-11 10:11:36.000,ALL UTILIZATION PRACTICES,19,YEAR,,"CHEMICAL, HERBICIDE",ENVIRONMENTAL,IOWA,00,,
"CHEMICAL, HERBICIDE: (DIMETHENAMID = 129051)",ALL PRODUCTION PRACTICES,STATE,ALL CLASSES,IOWA,,FIELD CROPS,ANNUAL,7,"PCT OF AREA PLANTED, AVG",,00,,TREATED,,SURVEY,19,CORN,UNITED STATES,,"CORN - TREATED, MEASURED IN PCT OF AREA PLANTED, AVG",,9000,,00000000,IA,,2000,2000-06-11 10:11:36.000,ALL UTILIZATION PRACTICES,19,YEAR,,"CHEMICAL, HERBICIDE",ENVIRONMENTAL,IOWA,00,,
"CHEMICAL, HERBICIDE: (DIMETHENAMID-P = 120051)",ALL PRODUCTION PRACTICES,STATE,ALL CLASSES,IOWA,,FIELD CROPS,ANNUAL,                 (D),"PCT OF AREA PLANTED, AVG",,00,,TREATED,,SURVEY,19,CORN,UNITED STATES,,"CORN - TREATED, MEASURED IN PCT OF AREA PLANTED, AVG",,9000,,00000000,IA,,2021,2021-05-13 15:00:30.000,ALL UTILIZATION PRACTICES,19,YEAR,,"CHEMICAL, HERBICIDE",ENVIRONMENTAL,IOWA,00,,
"CHEMICAL, HERBICIDE: (DIMETHENAMID-P = 120051)",ALL PRODUCTION PRACTICES,STATE,ALL CLASSES,IOWA,,FIELD CROPS,ANNUAL,7,"PCT OF AREA PLANTED, AVG",,00,,TREATED,,SURVEY,19,CORN,UNITED STATES,,"CORN - TREATED, MEASURED IN PCT OF AREA PLANTED, AVG",,9000,,00000000,IA,,2018,2018-05-10 15:16:25.000,ALL UTILIZATION PRACTICES,19,YEAR,,"CHEMICAL, HERBICIDE",ENVIRONMENTAL,IOWA,00,,
"CHEMICAL, HERBICIDE: (DIMETHENAMID-P = 120051)",ALL PRODUCTION PRACTICES,STATE,ALL CLASSES,IOWA,,FIELD CROPS,ANNUAL,3,"PCT OF AREA PLANTED, AVG",,00,,TREATED,,SURVEY,19,CORN,UNITED STATES,,"CORN - TREATED, MEASURED IN PCT OF AREA PLANTED, AVG",,9000,,00000000,IA,,2016,2016-08-31 14:19:39.000,ALL UTILIZATION PRACTICES,19,YEAR,,"CHEMICAL, HERBICIDE",ENVIRONMENTAL,IOWA,00,,
"CHEMICAL, HERBICIDE: (DIMETHENAMID-P = 120051)",ALL PRODUCTION PRACTICES,STATE,ALL CLASSES,IOWA,,FIELD CROPS,ANNUAL,5,"PCT OF AREA PLANTED, AVG",,00,,TREATED,,SURVEY,19,CORN,UNITED STATES,,"CORN - TREATED, MEASURED IN PCT OF AREA PLANTED, AVG",,9000,,00000000,IA,,2014,2014-05-14 15:12:54.000,ALL UTILIZATION PRACTICES,19,YEAR,,"CHEMICAL, HERBICIDE",ENVIRONMENTAL,IOWA,00,,
"CHEMICAL, HERBICIDE: (DIMETHENAMID-P = 120051)",ALL PRODUCTION PRACTICES,STATE,ALL CLASSES,IOWA,,FIELD CROPS,ANNUAL,8,"PCT OF AREA PLANTED, AVG",,00,,TREATED,,SURVEY,19,CORN,UNITED STATES,,"CORN - TREATED, MEASURED IN PCT OF AREA PLANTED, AVG",,9000,,00000000,IA,,2010,2012-01-01 00:00:00.000,ALL UTILIZATION PRACTICES,19,YEAR,,"CHEMICAL, HERBICIDE",ENVIRONMENTAL,IOWA,00,,
"CHEMICAL, HERBICIDE: (DIMETHENAMID-P = 120051)",ALL PRODUCTION PRACTICES,STATE,ALL CLASSES,IOWA,,FIELD CROPS,ANNUAL,6,"PCT OF AREA PLANTED, AVG",,00,,TREATED,,SURVEY,19,CORN,UNITED STATES,,"CORN - TREATED, MEASURED IN PCT OF AREA PLANTED, AVG",,9000,,00000000,IA,,2005,2005-06-11 10:11:36.000,ALL UTILIZATION PRACTICES,19,YEAR,,"CHEMICAL, HERBICIDE",ENVIRONMENTAL,IOWA,00,,
"CHEMICAL, HERBICIDE: (DIMETHENAMID-P = 120051)",ALL PRODUCTION PRACTICES,STATE,ALL CLASSES,IOWA,,FIELD CROPS,ANNUAL,6,"PCT OF AREA PLANTED, AVG",,00,,TREATED,,SURVEY,19,CORN,UNITED STATES,,"CORN - TREATED, MEASURED IN PCT OF AREA PLANTED, AVG",,9000,,00000000,IA,,2003,2003-06-11 10:11:36.000,ALL UTILIZATION PRACTICES,19,YEAR,,"CHEMICAL, HERBICIDE",ENVIRONMENTAL,IOWA,00,,
"CHEMICAL, HERBICIDE: (DIMETHENAMID-P = 120051)",ALL PRODUCTION PRACTICES,STATE,ALL CLASSES,IOWA,,FIELD CROPS,ANNUAL,2,"PCT OF AREA PLANTED, AVG",,00,,TREATED,,SURVEY,19,CORN,UNITED STATES,,"CORN - TREATED, MEASURED IN PCT OF AREA PLANTED, AVG",,9000,,00000000,IA,,2002,2002-06-11 10:11:36.000,ALL UTILIZATION PRACTICES,19,YEAR,,"CHEMICAL, HERBICIDE",ENVIRONMENTAL,IOWA,00,,
"CHEMICAL, HERBICIDE: (DIQUAT DIBROMIDE = 32201)",ALL PRODUCTION PRACTICES,STATE,ALL CLASSES,IOWA,,FIELD CROPS,ANNUAL,                 (D),"PCT OF AREA PLANTED, AVG",,00,,TREATED,,SURVEY,19,CORN,UNITED STATES,,"CORN - TREATED, MEASURED IN PCT OF AREA PLANTED, AVG",,9000,,00000000,IA,,2018,2018-05-10 15:16:25.000,ALL UTILIZATION PRACTICES,19,YEAR,,"CHEMICAL, HERBICIDE",ENVIRONMENTAL,IOWA,00,,
"CHEMICAL, HERBICIDE: (FLUFENACET = 121903)",ALL PRODUCTION PRACTICES,STATE,ALL CLASSES,IOWA,,FIELD CROPS,ANNUAL,3,"PCT OF AREA PLANTED, AVG",,00,,TREATED,,SURVEY,19,CORN,UNITED STATES,,"CORN - TREATED, MEASURED IN PCT OF AREA PLANTED, AVG",,9000,,00000000,IA,,2005,2005-06-11 10:11:36.000,ALL UTILIZATION PRACTICES,19,YEAR,,"CHEMICAL, HERBICIDE",ENVIRONMENTAL,IOWA,00,,
"CHEMICAL, HERBICIDE: (FLUFENACET = 121903)",ALL PRODUCTION PRACTICES,STATE,ALL CLASSES,IOWA,,FIELD CROPS,ANNUAL,4,"PCT OF AREA PLANTED, AVG",,00,,TREATED,,SURVEY,19,CORN,UNITED STATES,,"CORN - TREATED, MEASURED IN PCT OF AREA PLANTED, AVG",,9000,,00000000,IA,,2003,2003-06-11 10:11:36.000,ALL UTILIZATION PRACTICES,19,YEAR,,"CHEMICAL, HERBICIDE",ENVIRONMENTAL,IOWA,00,,
"CHEMICAL, HERBICIDE: (FLUFENACET = 121903)",ALL PRODUCTION PRACTICES,STATE,ALL CLASSES,IOWA,,FIELD CROPS,ANNUAL,3,"PCT OF AREA PLANTED, AVG",,00,,TREATED,,SURVEY,19,CORN,UNITED STATES,,"CORN - TREATED, MEASURED IN PCT OF AREA PLANTED, AVG",,9000,,00000000,IA,,2002,2002-06-11 10:11:36.000,ALL UTILIZATION PRACTICES,19,YEAR,,"CHEMICAL, HERBICIDE",ENVIRONMENTAL,IOWA,00,,
"CHEMICAL, HERBICIDE: (FLUFENACET = 121903)",ALL PRODUCTION PRACTICES,STATE,ALL CLASSES,IOWA,,FIELD CROPS,ANNUAL,5,"PCT OF AREA PLANTED, AVG",,00,,TREATED,,SURVEY,19,CORN,UNITED STATES,,"CORN - TREATED, MEASURED IN PCT OF AREA PLANTED, AVG",,9000,,00000000,IA,,2001,2001-06-11 10:11:36.000,ALL UTILIZATION PRACTICES,19,YEAR,,"CHEMICAL, HERBICIDE",ENVIRONMENTAL,IOWA,00,,
"CHEMICAL, HERBICIDE: (FLUMETSULAM = 129016)",ALL PRODUCTION PRACTICES,STATE,ALL CLASSES,IOWA,,FIELD CROPS,ANNUAL,8,"PCT OF AREA PLANTED, AVG",,00,,TREATED,,SURVEY,19,CORN,UNITED STATES,,"CORN - TREATED, MEASURED IN PCT OF AREA PLANTED, AVG",,9000,,00000000,IA,,2021,2021-05-13 15:00:30.000,ALL UTILIZATION PRACTICES,19,YEAR,,"CHEMICAL, HERBICIDE",ENVIRONMENTAL,IOWA,00,,
"CHEMICAL, HERBICIDE: (FLUMETSULAM = 129016)",ALL PRODUCTION PRACTICES,STATE,ALL CLASSES,IOWA,,FIELD CROPS,ANNUAL,18,"PCT OF AREA PLANTED, AVG",,00,,TREATED,,SURVEY,19,CORN,UNITED STATES,,"CORN - TREATED, MEASURED IN PCT OF AREA PLANTED, AVG",,9000,,00000000,IA,,2018,2018-05-10 15:16:25.000,ALL UTILIZATION PRACTICES,19,YEAR,,"CHEMICAL, HERBICIDE",ENVIRONMENTAL,IOWA,00,,
"CHEMICAL, HERBICIDE: (FLUMETSULAM = 129016)",ALL PRODUCTION PRACTICES,STATE,ALL CLASSES,IOWA,,FIELD CROPS,ANNUAL,13,"PCT OF AREA PLANTED, AVG",,00,,TREATED,,SURVEY,19,CORN,UNITED STATES,,"CORN - TREATED, MEASURED IN PCT OF AREA PLANTED, AVG",,9000,,00000000,IA,,2016,2016-08-31 14:19:39.000,ALL UTILIZATION PRACTICES,19,YEAR,,"CHEMICAL, HERBICIDE",ENVIRONMENTAL,IOWA,00,,
"CHEMICAL, HERBICIDE: (FLUMETSULAM = 129016)",ALL PRODUCTION PRACTICES,STATE,ALL CLASSES,IOWA,,FIELD CROPS,ANNUAL,17,"PCT OF AREA PLANTED, AVG",,00,,TREATED,,SURVEY,19,CORN,UNITED STATES,,"CORN - TREATED, MEASURED IN PCT OF AREA PLANTED, AVG",,9000,,00000000,IA,,2014,2014-05-14 15:12:54.000,ALL UTILIZATION PRACTICES,19,YEAR,,"CHEMICAL, HERBICIDE",ENVIRONMENTAL,IOWA,00,,
"CHEMICAL, HERBICIDE: (FLUMETSULAM = 129016)",ALL PRODUCTION PRACTICES,STATE,ALL CLASSES,IOWA,,FIELD CROPS,ANNUAL,4,"PCT OF AREA PLANTED, AVG",,00,,TREATED,,SURVEY,19,CORN,UNITED STATES,,"CORN - TREATED, MEASURED IN PCT OF AREA PLANTED, AVG",,9000,,00000000,IA,,2010,2012-01-01 00:00:00.000,ALL UTILIZATION PRACTICES,19,YEAR,,"CHEMICAL, HERBICIDE",ENVIRONMENTAL,IOWA,00,,
"CHEMICAL, HERBICIDE: (FLUMETSULAM = 129016)",ALL PRODUCTION PRACTICES,STATE,ALL CLASSES,IOWA,,FIELD CROPS,ANNUAL,7,"PCT OF AREA PLANTED, AVG",,00,,TREATED,,SURVEY,19,CORN,UNITED STATES,,"CORN - TREATED, MEASURED IN PCT OF AREA PLANTED, AVG",,9000,,00000000,IA,,2005,2005-06-11 10:11:36.000,ALL UTILIZATION PRACTICES,19,YEAR,,"CHEMICAL, HERBICIDE",ENVIRONMENTAL,IOWA,00,,
"CHEMICAL, HERBICIDE: (FLUMETSULAM = 129016)",ALL PRODUCTION PRACTICES,STATE,ALL CLASSES,IOWA,,FIELD CROPS,ANNUAL,9,"PCT OF AREA PLANTED, AVG",,00,,TREATED,,SURVEY,19,CORN,UNITED STATES,,"CORN - TREATED, MEASURED IN PCT OF AREA PLANTED, AVG",,9000,,00000000,IA,,2003,2003-06-11 10:11:36.000,ALL UTILIZATION PRACTICES,19,YEAR,,"CHEMICAL, HERBICIDE",ENVIRONMENTAL,IOWA,00,,
"CHEMICAL, HERBICIDE: (FLUMETSULAM = 129016)",ALL PRODUCTION PRACTICES,STATE,ALL CLASSES,IOWA,,FIELD CROPS,ANNUAL,14,"PCT OF AREA PLANTED, AVG",,00,,TREATED,,SURVEY,19,CORN,UNITED STATES,,"CORN - TREATED, MEASURED IN PCT OF AREA PLANTED, AVG",,9000,,00000000,IA,,2002,2002-06-11 10:11:36.000,ALL UTILIZATION PRACTICES,19,YEAR,,"CHEMICAL, HERBICIDE",ENVIRONMENTAL,IOWA,00,,
"CHEMICAL, HERBICIDE: (FLUMETSULAM = 129016)",ALL PRODUCTION PRACTICES,STATE,ALL CLASSES,IOWA,,FIELD CROPS,ANNUAL,14,"PCT OF AREA PLANTED, AVG",,00,,TREATED,,SURVEY,19,CORN,UNITED STATES,,"CORN - TREATED, MEASURED IN PCT OF AREA PLANTED, AVG",,9000,,00000000,IA,,2001,2001-06-11 10:11:36.000,ALL UTILIZATION PRACTICES,19,YEAR,,"CHEMICAL, HERBICIDE",ENVIRONMENTAL,IOWA,00,,
"CHEMICAL, HERBICIDE: (FLUMETSULAM = 129016)",ALL PRODUCTION PRACTICES,STATE,ALL CLASSES,IOWA,,FIELD CROPS,ANNUAL,10,"PCT OF AREA PLANTED, AVG",,00,,TREATED,,SURVEY,19,CORN,UNITED STATES,,"CORN - TREATED, MEASURED IN PCT OF AREA PLANTED, AVG",,9000,,00000000,IA,,2000,2000-06-11 10:11:36.000,ALL UTILIZATION PRACTICES,19,YEAR,,"CHEMICAL, HERBICIDE",ENVIRONMENTAL,IOWA,00,,
"CHEMICAL, HERBICIDE: (FLUMICLORAC-PENTYL = 128724)",ALL PRODUCTION PRACTICES,STATE,ALL CLASSES,IOWA,,FIELD CROPS,ANNUAL,                 (D),"PCT OF AREA PLANTED, AVG",,00,,TREATED,,SURVEY,19,CORN,UNITED STATES,,"CORN - TREATED, MEASURED IN PCT OF AREA PLANTED, AVG",,9000,,00000000,IA,,2021,2021-05-13 15:00:30.000,ALL UTILIZATION PRACTICES,19,YEAR,,"CHEMICAL, HERBICIDE",ENVIRONMENTAL,IOWA,00,,
"CHEMICAL, HERBICIDE: (FLUMICLORAC-PENTYL = 128724)",ALL PRODUCTION PRACTICES,STATE,ALL CLASSES,IOWA,,FIELD CROPS,ANNUAL,                 (D),"PCT OF AREA PLANTED, AVG",,00,,TREATED,,SURVEY,19,CORN,UNITED STATES,,"CORN - TREATED, MEASURED IN PCT OF AREA PLANTED, AVG",,9000,,00000000,IA,,2010,2012-01-01 00:00:00.000,ALL UTILIZATION PRACTICES,19,YEAR,,"CHEMICAL, HERBICIDE",ENVIRONMENTAL,IOWA,00,,
"CHEMICAL, HERBICIDE: (FLUMIOXAZIN = 129034)",ALL PRODUCTION PRACTICES,STATE,ALL CLASSES,IOWA,,FIELD CROPS,ANNUAL,                 (D),"PCT OF AREA PLANTED, AVG",,00,,TREATED,,SURVEY,19,CORN,UNITED STATES,,"CORN - TREATED, MEASURED IN PCT OF AREA PLANTED, AVG",,9000,,00000000,IA,,2016,2016-08-31 14:19:39.000,ALL UTILIZATION PRACTICES,19,YEAR,,"CHEMICAL, HERBICIDE",ENVIRONMENTAL,IOWA,00,,
"CHEMICAL, HERBICIDE: (FLUROXYPYR 1-MHE = 128968)",ALL PRODUCTION PRACTICES,STATE,ALL CLASSES,IOWA,,FIELD CROPS,ANNUAL,                 (D),"PCT OF AREA PLANTED, AVG",,00,,TREATED,,SURVEY,19,CORN,UNITED STATES,,"CORN - TREATED, MEASURED IN PCT OF AREA PLANTED, AVG",,9000,,00000000,IA,,2014,2014-05-14 15:12:54.000,ALL UTILIZATION PRACTICES,19,YEAR,,"CHEMICAL, HERBICIDE",ENVIRONMENTAL,IOWA,00,,
"CHEMICAL, HERBICIDE: (FLUTHIACET-METHYL = 108803)",ALL PRODUCTION PRACTICES,STATE,ALL CLASSES,IOWA,,FIELD CROPS,ANNUAL,                 (D),"PCT OF AREA PLANTED, AVG",,00,,TREATED,,SURVEY,19,CORN,UNITED STATES,,"CORN - TREATED, MEASURED IN PCT OF AREA PLANTED, AVG",,9000,,00000000,IA,,2016,2016-08-31 14:19:39.000,ALL UTILIZATION PRACTICES,19,YEAR,,"CHEMICAL, HERBICIDE",ENVIRONMENTAL,IOWA,00,,
"CHEMICAL, HERBICIDE: (FLUTHIACET-METHYL = 108803)",ALL PRODUCTION PRACTICES,STATE,ALL CLASSES,IOWA,,FIELD CROPS,ANNUAL,                 (D),"PCT OF AREA PLANTED, AVG",,00,,TREATED,,SURVEY,19,CORN,UNITED STATES,,"CORN - TREATED, MEASURED IN PCT OF AREA PLANTED, AVG",,9000,,00000000,IA,,2014,2014-05-14 15:12:54.000,ALL UTILIZATION PRACTICES,19,YEAR,,"CHEMICAL, HERBICIDE",ENVIRONMENTAL,IOWA,00,,
"CHEMICAL, HERBICIDE: (GLUFOSINATE-AMMONIUM = 128850)",ALL PRODUCTION PRACTICES,STATE,ALL CLASSES,IOWA,,FIELD CROPS,ANNUAL,                 (D),"PCT OF AREA PLANTED, AVG",,00,,TREATED,,SURVEY,19,CORN,UNITED STATES,,"CORN - TREATED, MEASURED IN PCT OF AREA PLANTED, AVG",,9000,,00000000,IA,,2021,2021-05-13 15:00:30.000,ALL UTILIZATION PRACTICES,19,YEAR,,"CHEMICAL, HERBICIDE",ENVIRONMENTAL,IOWA,00,,
"CHEMICAL, HERBICIDE: (GLUFOSINATE-AMMONIUM = 128850)",ALL PRODUCTION PRACTICES,STATE,ALL CLASSES,IOWA,,FIELD CROPS,ANNUAL,                 (D),"PCT OF AREA PLANTED, AVG",,00,,TREATED,,SURVEY,19,CORN,UNITED STATES,,"CORN - TREATED, MEASURED IN PCT OF AREA PLANTED, AVG",,9000,,00000000,IA,,2018,2018-05-10 15:16:25.000,ALL UTILIZATION PRACTICES,19,YEAR,,"CHEMICAL, HERBICIDE",ENVIRONMENTAL,IOWA,00,,
"CHEMICAL, HERBICIDE: (GLUFOSINATE-AMMONIUM = 128850)",ALL PRODUCTION PRACTICES,STATE,ALL CLASSES,IOWA,,FIELD CROPS,ANNUAL,                 (D),"PCT OF AREA PLANTED, AVG",,00,,TREATED,,SURVEY,19,CORN,UNITED STATES,,"CORN - TREATED, MEASURED IN PCT OF AREA PLANTED, AVG",,9000,,00000000,IA,,2016,2016-08-31 14:19:39.000,ALL UTILIZATION PRACTICES,19,YEAR,,"CHEMICAL, HERBICIDE",ENVIRONMENTAL,IOWA,00,,
"CHEMICAL, HERBICIDE: (GLUFOSINATE-AMMONIUM = 128850)",ALL PRODUCTION PRACTICES,STATE,ALL CLASSES,IOWA,,FIELD CROPS,ANNUAL,2,"PCT OF AREA PLANTED, AVG",,00,,TREATED,,SURVEY,19,CORN,UNITED STATES,,"CORN - TREATED, MEASURED IN PCT OF AREA PLANTED, AVG",,9000,,00000000,IA,,2014,2014-05-14 15:12:54.000,ALL UTILIZATION PRACTICES,19,YEAR,,"CHEMICAL, HERBICIDE",ENVIRONMENTAL,IOWA,00,,
"CHEMICAL, HERBICIDE: (GLUFOSINATE-AMMONIUM = 128850)",ALL PRODUCTION PRACTICES,STATE,ALL CLASSES,IOWA,,FIELD CROPS,ANNUAL,9,"PCT OF AREA PLANTED, AVG",,00,,TREATED,,SURVEY,19,CORN,UNITED STATES,,"CORN - TREATED, MEASURED IN PCT OF AREA PLANTED, AVG",,9000,,00000000,IA,,2010,2012-01-01 00:00:00.000,ALL UTILIZATION PRACTICES,19,YEAR,,"CHEMICAL, HERBICIDE",ENVIRONMENTAL,IOWA,00,,
"CHEMICAL, HERBICIDE: (GLUFOSINATE-AMMONIUM = 128850)",ALL PRODUCTION PRACTICES,STATE,ALL CLASSES,IOWA,,FIELD CROPS,ANNUAL,13,"PCT OF AREA PLANTED, AVG",,00,,TREATED,,SURVEY,19,CORN,UNITED STATES,,"CORN - TREATED, MEASURED IN PCT OF AREA PLANTED, AVG",,9000,,00000000,IA,,2005,2005-06-11 10:11:36.000,ALL UTILIZATION PRACTICES,19,YEAR,,"CHEMICAL, HERBICIDE",ENVIRONMENTAL,IOWA,00,,
"CHEMICAL, HERBICIDE: (GLUFOSINATE-AMMONIUM = 128850)",ALL PRODUCTION PRACTICES,STATE,ALL CLASSES,IOWA,,FIELD CROPS,ANNUAL,7,"PCT OF AREA PLANTED, AVG",,00,,TREATED,,SURVEY,19,CORN,UNITED STATES,,"CORN - TREATED, MEASURED IN PCT OF AREA PLANTED, AVG",,9000,,00000000,IA,,2003,2003-06-11 10:11:36.000,ALL UTILIZATION PRACTICES,19,YEAR,,"CHEMICAL, HERBICIDE",ENVIRONMENTAL,IOWA,00,,
"CHEMICAL, HERBICIDE: (GLUFOSINATE-AMMONIUM = 128850)",ALL PRODUCTION PRACTICES,STATE,ALL CLASSES,IOWA,,FIELD CROPS,ANNUAL,5,"PCT OF AREA PLANTED, AVG",,00,,TREATED,,SURVEY,19,CORN,UNITED STATES,,"CORN - TREATED, MEASURED IN PCT OF AREA PLANTED, AVG",,9000,,00000000,IA,,2002,2002-06-11 10:11:36.000,ALL UTILIZATION PRACTICES,19,YEAR,,"CHEMICAL, HERBICIDE",ENVIRONMENTAL,IOWA,00,,
"CHEMICAL, HERBICIDE: (GLUFOSINATE-AMMONIUM = 128850)",ALL PRODUCTION PRACTICES,STATE,ALL CLASSES,IOWA,,FIELD CROPS,ANNUAL,4,"PCT OF AREA PLANTED, AVG",,00,,TREATED,,SURVEY,19,CORN,UNITED STATES,,"CORN - TREATED, MEASURED IN PCT OF AREA PLANTED, AVG",,9000,,00000000,IA,,2001,2001-06-11 10:11:36.000,ALL UTILIZATION PRACTICES,19,YEAR,,"CHEMICAL, HERBICIDE",ENVIRONMENTAL,IOWA,00,,
"CHEMICAL, HERBICIDE: (GLUFOSINATE-AMMONIUM = 128850)",ALL PRODUCTION PRACTICES,STATE,ALL CLASSES,IOWA,,FIELD CROPS,ANNUAL,7,"PCT OF AREA PLANTED, AVG",,00,,TREATED,,SURVEY,19,CORN,UNITED STATES,,"CORN - TREATED, MEASURED IN PCT OF AREA PLANTED, AVG",,9000,,00000000,IA,,2000,2000-06-11 10:11:36.000,ALL UTILIZATION PRACTICES,19,YEAR,,"CHEMICAL, HERBICIDE",ENVIRONMENTAL,IOWA,00,,
"CHEMICAL, HERBICIDE: (GLYPHOSATE = 417300)",ALL PRODUCTION PRACTICES,STATE,ALL CLASSES,IOWA,,FIELD CROPS,ANNUAL,11,"PCT OF AREA PLANTED, AVG",,00,,TREATED,,SURVEY,19,CORN,UNITED STATES,,"CORN - TREATED, MEASURED IN PCT OF AREA PLANTED, AVG",,9000,,00000000,IA,,2021,2021-05-13 15:00:30.000,ALL UTILIZATION PRACTICES,19,YEAR,,"CHEMICAL, HERBICIDE",ENVIRONMENTAL,IOWA,00,,
"CHEMICAL, HERBICIDE: (GLYPHOSATE = 417300)",ALL PRODUCTION PRACTICES,STATE,ALL CLASSES,IOWA,,FIELD CROPS,ANNUAL,14,"PCT OF AREA PLANTED, AVG",,00,,TREATED,,SURVEY,19,CORN,UNITED STATES,,"CORN - TREATED, MEASURED IN PCT OF AREA PLANTED, AVG",,9000,,00000000,IA,,2018,2018-05-10 15:16:25.000,ALL UTILIZATION PRACTICES,19,YEAR,,"CHEMICAL, HERBICIDE",ENVIRONMENTAL,IOWA,00,,
"CHEMICAL, HERBICIDE: (GLYPHOSATE = 417300)",ALL PRODUCTION PRACTICES,STATE,ALL CLASSES,IOWA,,FIELD CROPS,ANNUAL,14,"PCT OF AREA PLANTED, AVG",,00,,TREATED,,SURVEY,19,CORN,UNITED STATES,,"CORN - TREATED, MEASURED IN PCT OF AREA PLANTED, AVG",,9000,,00000000,IA,,2016,2016-08-31 14:19:39.000,ALL UTILIZATION PRACTICES,19,YEAR,,"CHEMICAL, HERBICIDE",ENVIRONMENTAL,IOWA,00,,
"CHEMICAL, HERBICIDE: (GLYPHOSATE = 417300)",ALL PRODUCTION PRACTICES,STATE,ALL CLASSES,IOWA,,FIELD CROPS,ANNUAL,12,"PCT OF AREA PLANTED, AVG",,00,,TREATED,,SURVEY,19,CORN,UNITED STATES,,"CORN - TREATED, MEASURED IN PCT OF AREA PLANTED, AVG",,9000,,00000000,IA,,2014,2014-05-14 15:12:54.000,ALL UTILIZATION PRACTICES,19,YEAR,,"CHEMICAL, HERBICIDE",ENVIRONMENTAL,IOWA,00,,
"CHEMICAL, HERBICIDE: (GLYPHOSATE = 417300)",ALL PRODUCTION PRACTICES,STATE,ALL CLASSES,IOWA,,FIELD CROPS,ANNUAL,4,"PCT OF AREA PLANTED, AVG",,00,,TREATED,,SURVEY,19,CORN,UNITED STATES,,"CORN - TREATED, MEASURED IN PCT OF AREA PLANTED, AVG",,9000,,00000000,IA,,2010,2012-01-01 00:00:00.000,ALL UTILIZATION PRACTICES,19,YEAR,,"CHEMICAL, HERBICIDE",ENVIRONMENTAL,IOWA,00,,
"CHEMICAL, HERBICIDE: (GLYPHOSATE = 417300)",ALL PRODUCTION PRACTICES,STATE,ALL CLASSES,IOWA,,FIELD CROPS,ANNUAL,10,"PCT OF AREA PLANTED, AVG",,00,,TREATED,,SURVEY,19,CORN,UNITED STATES,,"CORN - TREATED, MEASURED IN PCT OF AREA PLANTED, AVG",,9000,,00000000,IA,,2003,2003-06-11 10:11:36.000,ALL UTILIZATION PRACTICES,19,YEAR,,"CHEMICAL, HERBICIDE",ENVIRONMENTAL,IOWA,00,,
"CHEMICAL, HERBICIDE: (GLYPHOSATE = 417300)",ALL PRODUCTION PRACTICES,STATE,ALL CLASSES,IOWA,,FIELD CROPS,ANNUAL,8,"PCT OF AREA PLANTED, AVG",,00,,TREATED,,SURVEY,19,CORN,UNITED STATES,,"CORN - TREATED, MEASURED IN PCT OF AREA PLANTED, AVG",,9000,,00000000,IA,,2002,2002-06-11 10:11:36.000,ALL UTILIZATION PRACTICES,19,YEAR,,"CHEMICAL, HERBICIDE",ENVIRONMENTAL,IOWA,00,,
"CHEMICAL, HERBICIDE: (GLYPHOSATE = 417300)",ALL PRODUCTION PRACTICES,STATE,ALL CLASSES,IOWA,,FIELD CROPS,ANNUAL,5,"PCT OF AREA PLANTED, AVG",,00,,TREATED,,SURVEY,19,CORN,UNITED STATES,,"CORN - TREATED, MEASURED IN PCT OF AREA PLANTED, AVG",,9000,,00000000,IA,,2001,2001-06-11 10:11:36.000,ALL UTILIZATION PRACTICES,19,YEAR,,"CHEMICAL, HERBICIDE",ENVIRONMENTAL,IOWA,00,,
"CHEMICAL, HERBICIDE: (GLYPHOSATE = 417300)",ALL PRODUCTION PRACTICES,STATE,ALL CLASSES,IOWA,,FIELD CROPS,ANNUAL,7,"PCT OF AREA PLANTED, AVG",,00,,TREATED,,SURVEY,19,CORN,UNITED STATES,,"CORN - TREATED, MEASURED IN PCT OF AREA PLANTED, AVG",,9000,,00000000,IA,,2000,2000-06-11 10:11:36.000,ALL UTILIZATION PRACTICES,19,YEAR,,"CHEMICAL, HERBICIDE",ENVIRONMENTAL,IOWA,00,,
"CHEMICAL, HERBICIDE: (GLYPHOSATE AMM. SALT = 103604)",ALL PRODUCTION PRACTICES,STATE,ALL CLASSES,IOWA,,FIELD CROPS,ANNUAL,                 (D),"PCT OF AREA PLANTED, AVG",,00,,TREATED,,SURVEY,19,CORN,UNITED STATES,,"CORN - TREATED, MEASURED IN PCT OF AREA PLANTED, AVG",,9000,,00000000,IA,,2016,2016-08-31 14:19:39.000,ALL UTILIZATION PRACTICES,19,YEAR,,"CHEMICAL, HERBICIDE",ENVIRONMENTAL,IOWA,00,,
"CHEMICAL, HERBICIDE: (GLYPHOSATE AMM. SALT = 103604)",ALL PRODUCTION PRACTICES,STATE,ALL CLASSES,IOWA,,FIELD CROPS,ANNUAL,                 (D),"PCT OF AREA PLANTED, AVG",,00,,TREATED,,SURVEY,19,CORN,UNITED STATES,,"CORN - TREATED, MEASURED IN PCT OF AREA PLANTED, AVG",,9000,,00000000,IA,,2014,2014-05-14 15:12:54.000,ALL UTILIZATION PRACTICES,19,YEAR,,"CHEMICAL, HERBICIDE",ENVIRONMENTAL,IOWA,00,,
"CHEMICAL, HERBICIDE: (GLYPHOSATE DIM. SALT = 103608)",ALL PRODUCTION PRACTICES,STATE,ALL CLASSES,IOWA,,FIELD CROPS,ANNUAL,6,"PCT OF AREA PLANTED, AVG",,00,,TREATED,,SURVEY,19,CORN,UNITED STATES,,"CORN - TREATED, MEASURED IN PCT OF AREA PLANTED, AVG",,9000,,00000000,IA,,2018,2018-05-10 15:16:25.000,ALL UTILIZATION PRACTICES,19,YEAR,,"CHEMICAL, HERBICIDE",ENVIRONMENTAL,IOWA,00,,
"CHEMICAL, HERBICIDE: (GLYPHOSATE DIM. SALT = 103608)",ALL PRODUCTION PRACTICES,STATE,ALL CLASSES,IOWA,,FIELD CROPS,ANNUAL,5,"PCT OF AREA PLANTED, AVG",,00,,TREATED,,SURVEY,19,CORN,UNITED STATES,,"CORN - TREATED, MEASURED IN PCT OF AREA PLANTED, AVG",,9000,,00000000,IA,,2016,2016-08-31 14:19:39.000,ALL UTILIZATION PRACTICES,19,YEAR,,"CHEMICAL, HERBICIDE",ENVIRONMENTAL,IOWA,00,,
"CHEMICAL, HERBICIDE: (GLYPHOSATE DIM. SALT = 103608)",ALL PRODUCTION PRACTICES,STATE,ALL CLASSES,IOWA,,FIELD CROPS,ANNUAL,7,"PCT OF AREA PLANTED, AVG",,00,,TREATED,,SURVEY,19,CORN,UNITED STATES,,"CORN - TREATED, MEASURED IN PCT OF AREA PLANTED, AVG",,9000,,00000000,IA,,2014,2014-05-14 15:12:54.000,ALL UTILIZATION PRACTICES,19,YEAR,,"CHEMICAL, HERBICIDE",ENVIRONMENTAL,IOWA,00,,
"CHEMICAL, HERBICIDE: (GLYPHOSATE ISO. SALT = 103601)",ALL PRODUCTION PRACTICES,STATE,ALL CLASSES,IOWA,,FIELD CROPS,ANNUAL,25,"PCT OF AREA PLANTED, AVG",,00,,TREATED,,SURVEY,19,CORN,UNITED STATES,,"CORN - TREATED, MEASURED IN PCT OF AREA PLANTED, AVG",,9000,,00000000,IA,,2021,2021-05-13 15:00:30.000,ALL UTILIZATION PRACTICES,19,YEAR,,"CHEMICAL, HERBICIDE",ENVIRONMENTAL,IOWA,00,,
"CHEMICAL, HERBICIDE: (GLYPHOSATE ISO. SALT = 103601)",ALL PRODUCTION PRACTICES,STATE,ALL CLASSES,IOWA,,FIELD CROPS,ANNUAL,23,"PCT OF AREA PLANTED, AVG",,00,,TREATED,,SURVEY,19,CORN,UNITED STATES,,"CORN - TREATED, MEASURED IN PCT OF AREA PLANTED, AVG",,9000,,00000000,IA,,2018,2018-05-10 15:16:25.000,ALL UTILIZATION PRACTICES,19,YEAR,,"CHEMICAL, HERBICIDE",ENVIRONMENTAL,IOWA,00,,
"CHEMICAL, HERBICIDE: (GLYPHOSATE ISO. SALT = 103601)",ALL PRODUCTION PRACTICES,STATE,ALL CLASSES,IOWA,,FIELD CROPS,ANNUAL,35,"PCT OF AREA PLANTED, AVG",,00,,TREATED,,SURVEY,19,CORN,UNITED STATES,,"CORN - TREATED, MEASURED IN PCT OF AREA PLANTED, AVG",,9000,,00000000,IA,,2016,2016-08-31 14:19:39.000,ALL UTILIZATION PRACTICES,19,YEAR,,"CHEMICAL, HERBICIDE",ENVIRONMENTAL,IOWA,00,,
"CHEMICAL, HERBICIDE: (GLYPHOSATE ISO. SALT = 103601)",ALL PRODUCTION PRACTICES,STATE,ALL CLASSES,IOWA,,FIELD CROPS,ANNUAL,27,"PCT OF AREA PLANTED, AVG",,00,,TREATED,,SURVEY,19,CORN,UNITED STATES,,"CORN - TREATED, MEASURED IN PCT OF AREA PLANTED, AVG",,9000,,00000000,IA,,2014,2014-05-14 15:12:54.000,ALL UTILIZATION PRACTICES,19,YEAR,,"CHEMICAL, HERBICIDE",ENVIRONMENTAL,IOWA,00,,
"CHEMICAL, HERBICIDE: (GLYPHOSATE ISO. SALT = 103601)",ALL PRODUCTION PRACTICES,STATE,ALL CLASSES,IOWA,,FIELD CROPS,ANNUAL,68,"PCT OF AREA PLANTED, AVG",,00,,TREATED,,SURVEY,19,CORN,UNITED STATES,,"CORN - TREATED, MEASURED IN PCT OF AREA PLANTED, AVG",,9000,,00000000,IA,,2010,2012-01-01 00:00:00.000,ALL UTILIZATION PRACTICES,19,YEAR,,"CHEMICAL, HERBICIDE",ENVIRONMENTAL,IOWA,00,,
"CHEMICAL, HERBICIDE: (GLYPHOSATE ISO. SALT = 103601)",ALL PRODUCTION PRACTICES,STATE,ALL CLASSES,IOWA,,FIELD CROPS,ANNUAL,21,"PCT OF AREA PLANTED, AVG",,00,,TREATED,,SURVEY,19,CORN,UNITED STATES,,"CORN - TREATED, MEASURED IN PCT OF AREA PLANTED, AVG",,9000,,00000000,IA,,2005,2005-06-11 10:11:36.000,ALL UTILIZATION PRACTICES,19,YEAR,,"CHEMICAL, HERBICIDE",ENVIRONMENTAL,IOWA,00,,
"CHEMICAL, HERBICIDE: (GLYPHOSATE POT. SALT = 103613)",ALL PRODUCTION PRACTICES,STATE,ALL CLASSES,IOWA,,FIELD CROPS,ANNUAL,24,"PCT OF AREA PLANTED, AVG",,00,,TREATED,,SURVEY,19,CORN,UNITED STATES,,"CORN - TREATED, MEASURED IN PCT OF AREA PLANTED, AVG",,9000,,00000000,IA,,2021,2021-05-13 15:00:30.000,ALL UTILIZATION PRACTICES,19,YEAR,,"CHEMICAL, HERBICIDE",ENVIRONMENTAL,IOWA,00,,
"CHEMICAL, HERBICIDE: (GLYPHOSATE POT. SALT = 103613)",ALL PRODUCTION PRACTICES,STATE,ALL CLASSES,IOWA,,FIELD CROPS,ANNUAL,28,"PCT OF AREA PLANTED, AVG",,00,,TREATED,,SURVEY,19,CORN,UNITED STATES,,"CORN - TREATED, MEASURED IN PCT OF AREA PLANTED, AVG",,9000,,00000000,IA,,2018,2018-05-10 15:16:25.000,ALL UTILIZATION PRACTICES,19,YEAR,,"CHEMICAL, HERBICIDE",ENVIRONMENTAL,IOWA,00,,
"CHEMICAL, HERBICIDE: (GLYPHOSATE POT. SALT = 103613)",ALL PRODUCTION PRACTICES,STATE,ALL CLASSES,IOWA,,FIELD CROPS,ANNUAL,29,"PCT OF AREA PLANTED, AVG",,00,,TREATED,,SURVEY,19,CORN,UNITED STATES,,"CORN - TREATED, MEASURED IN PCT OF AREA PLANTED, AVG",,9000,,00000000,IA,,2016,2016-08-31 14:19:39.000,ALL UTILIZATION PRACTICES,19,YEAR,,"CHEMICAL, HERBICIDE",ENVIRONMENTAL,IOWA,00,,
"CHEMICAL, HERBICIDE: (GLYPHOSATE POT. SALT = 103613)",ALL PRODUCTION PRACTICES,STATE,ALL CLASSES,IOWA,,FIELD CROPS,ANNUAL,24,"PCT OF AREA PLANTED, AVG",,00,,TREATED,,SURVEY,19,CORN,UNITED STATES,,"CORN - TREATED, MEASURED IN PCT OF AREA PLANTED, AVG",,9000,,00000000,IA,,2014,2014-05-14 15:12:54.000,ALL UTILIZATION PRACTICES,19,YEAR,,"CHEMICAL, HERBICIDE",ENVIRONMENTAL,IOWA,00,,
"CHEMICAL, HERBICIDE: (GLYPHOSATE POT. SALT = 103613)",ALL PRODUCTION PRACTICES,STATE,ALL CLASSES,IOWA,,FIELD CROPS,ANNUAL,                 (D),"PCT OF AREA PLANTED, AVG",,00,,TREATED,,SURVEY,19,CORN,UNITED STATES,,"CORN - TREATED, MEASURED IN PCT OF AREA PLANTED, AVG",,9000,,00000000,IA,,2010,2012-01-01 00:00:00.000,ALL UTILIZATION PRACTICES,19,YEAR,,"CHEMICAL, HERBICIDE",ENVIRONMENTAL,IOWA,00,,
"CHEMICAL, HERBICIDE: (IMAZAPYR = 128821)",ALL PRODUCTION PRACTICES,STATE,ALL CLASSES,IOWA,,FIELD CROPS,ANNUAL,3,"PCT OF AREA PLANTED, AVG",,00,,TREATED,,SURVEY,19,CORN,UNITED STATES,,"CORN - TREATED, MEASURED IN PCT OF AREA PLANTED, AVG",,9000,,00000000,IA,,2001,2001-06-11 10:11:36.000,ALL UTILIZATION PRACTICES,19,YEAR,,"CHEMICAL, HERBICIDE",ENVIRONMENTAL,IOWA,00,,
"CHEMICAL, HERBICIDE: (IMAZAPYR = 128821)",ALL PRODUCTION PRACTICES,STATE,ALL CLASSES,IOWA,,FIELD CROPS,ANNUAL,2,"PCT OF AREA PLANTED, AVG",,00,,TREATED,,SURVEY,19,CORN,UNITED STATES,,"CORN - TREATED, MEASURED IN PCT OF AREA PLANTED, AVG",,9000,,00000000,IA,,2000,2000-06-11 10:11:36.000,ALL UTILIZATION PRACTICES,19,YEAR,,"CHEMICAL, HERBICIDE",ENVIRONMENTAL,IOWA,00,,
"CHEMICAL, HERBICIDE: (IMAZAPYR, ISO. SALT = 128829)",ALL PRODUCTION PRACTICES,STATE,ALL CLASSES,IOWA,,FIELD CROPS,ANNUAL,                 (D),"PCT OF AREA PLANTED, AVG",,00,,TREATED,,SURVEY,19,CORN,UNITED STATES,,"CORN - TREATED, MEASURED IN PCT OF AREA PLANTED, AVG",,9000,,00000000,IA,,2014,2014-05-14 15:12:54.000,ALL UTILIZATION PRACTICES,19,YEAR,,"CHEMICAL, HERBICIDE",ENVIRONMENTAL,IOWA,00,,
"CHEMICAL, HERBICIDE: (IMAZETHAPYR = 128922)",ALL PRODUCTION PRACTICES,STATE,ALL CLASSES,IOWA,,FIELD CROPS,ANNUAL,                 (D),"PCT OF AREA PLANTED, AVG",,00,,TREATED,,SURVEY,19,CORN,UNITED STATES,,"CORN - TREATED, MEASURED IN PCT OF AREA PLANTED, AVG",,9000,,00000000,IA,,2018,2018-05-10 15:16:25.000,ALL UTILIZATION PRACTICES,19,YEAR,,"CHEMICAL, HERBICIDE",ENVIRONMENTAL,IOWA,00,,
"CHEMICAL, HERBICIDE: (IMAZETHAPYR = 128922)",ALL PRODUCTION PRACTICES,STATE,ALL CLASSES,IOWA,,FIELD CROPS,ANNUAL,3,"PCT OF AREA PLANTED, AVG",,00,,TREATED,,SURVEY,19,CORN,UNITED STATES,,"CORN - TREATED, MEASURED IN PCT OF AREA PLANTED, AVG",,9000,,00000000,IA,,2001,2001-06-11 10:11:36.000,ALL UTILIZATION PRACTICES,19,YEAR,,"CHEMICAL, HERBICIDE",ENVIRONMENTAL,IOWA,00,,
"CHEMICAL, HERBICIDE: (IMAZETHAPYR = 128922)",ALL PRODUCTION PRACTICES,STATE,ALL CLASSES,IOWA,,FIELD CROPS,ANNUAL,2,"PCT OF AREA PLANTED, AVG",,00,,TREATED,,SURVEY,19,CORN,UNITED STATES,,"CORN - TREATED, MEASURED IN PCT OF AREA PLANTED, AVG",,9000,,00000000,IA,,2000,2000-06-11 10:11:36.000,ALL UTILIZATION PRACTICES,19,YEAR,,"CHEMICAL, HERBICIDE",ENVIRONMENTAL,IOWA,00,,
"CHEMICAL, HERBICIDE: (ISOXAFLUTOLE = 123000)",ALL PRODUCTION PRACTICES,STATE,ALL CLASSES,IOWA,,FIELD CROPS,ANNUAL,                 (D),"PCT OF AREA PLANTED, AVG",,00,,TREATED,,SURVEY,19,CORN,UNITED STATES,,"CORN - TREATED, MEASURED IN PCT OF AREA PLANTED, AVG",,9000,,00000000,IA,,2021,2021-05-13 15:00:30.000,ALL UTILIZATION PRACTICES,19,YEAR,,"CHEMICAL, HERBICIDE",ENVIRONMENTAL,IOWA,00,,
"CHEMICAL, HERBICIDE: (ISOXAFLUTOLE = 123000)",ALL PRODUCTION PRACTICES,STATE,ALL CLASSES,IOWA,,FIELD CROPS,ANNUAL,12,"PCT OF AREA PLANTED, AVG",,00,,TREATED,,SURVEY,19,CORN,UNITED STATES,,"CORN - TREATED, MEASURED IN PCT OF AREA PLANTED, AVG",,9000,,00000000,IA,,2018,2018-05-10 15:16:25.000,ALL UTILIZATION PRACTICES,19,YEAR,,"CHEMICAL, HERBICIDE",ENVIRONMENTAL,IOWA,00,,
"CHEMICAL, HERBICIDE: (ISOXAFLUTOLE = 123000)",ALL PRODUCTION PRACTICES,STATE,ALL CLASSES,IOWA,,FIELD CROPS,ANNUAL,9,"PCT OF AREA PLANTED, AVG",,00,,TREATED,,SURVEY,19,CORN,UNITED STATES,,"CORN - TREATED, MEASURED IN PCT OF AREA PLANTED, AVG",,9000,,00000000,IA,,2016,2016-08-31 14:19:39.000,ALL UTILIZATION PRACTICES,19,YEAR,,"CHEMICAL, HERBICIDE",ENVIRONMENTAL,IOWA,00,,
"CHEMICAL, HERBICIDE: (ISOXAFLUTOLE = 123000)",ALL PRODUCTION PRACTICES,STATE,ALL CLASSES,IOWA,,FIELD CROPS,ANNUAL,14,"PCT OF AREA PLANTED, AVG",,00,,TREATED,,SURVEY,19,CORN,UNITED STATES,,"CORN - TREATED, MEASURED IN PCT OF AREA PLANTED, AVG",,9000,,00000000,IA,,2014,2014-05-14 15:12:54.000,ALL UTILIZATION PRACTICES,19,YEAR,,"CHEMICAL, HERBICIDE",ENVIRONMENTAL,IOWA,00,,
"CHEMICAL, HERBICIDE: (ISOXAFLUTOLE = 123000)",ALL PRODUCTION PRACTICES,STATE,ALL CLASSES,IOWA,,FIELD CROPS,ANNUAL,12,"PCT OF AREA PLANTED, AVG",,00,,TREATED,,SURVEY,19,CORN,UNITED STATES,,"CORN - TREATED, MEASURED IN PCT OF AREA PLANTED, AVG",,9000,,00000000,IA,,2010,2012-01-01 00:00:00.000,ALL UTILIZATION PRACTICES,19,YEAR,,"CHEMICAL, HERBICIDE",ENVIRONMENTAL,IOWA,00,,
"CHEMICAL, HERBICIDE: (ISOXAFLUTOLE = 123000)",ALL PRODUCTION PRACTICES,STATE,ALL CLASSES,IOWA,,FIELD CROPS,ANNUAL,6,"PCT OF AREA PLANTED, AVG",,00,,TREATED,,SURVEY,19,CORN,UNITED STATES,,"CORN - TREATED, MEASURED IN PCT OF AREA PLANTED, AVG",,9000,,00000000,IA,,2005,2005-06-11 10:11:36.000,ALL UTILIZATION PRACTICES,19,YEAR,,"CHEMICAL, HERBICIDE",ENVIRONMENTAL,IOWA,00,,
"CHEMICAL, HERBICIDE: (ISOXAFLUTOLE = 123000)",ALL PRODUCTION PRACTICES,STATE,ALL CLASSES,IOWA,,FIELD CROPS,ANNUAL,17,"PCT OF AREA PLANTED, AVG",,00,,TREATED,,SURVEY,19,CORN,UNITED STATES,,"CORN - TREATED, MEASURED IN PCT OF AREA PLANTED, AVG",,9000,,00000000,IA,,2003,2003-06-11 10:11:36.000,ALL UTILIZATION PRACTICES,19,YEAR,,"CHEMICAL, HERBICIDE",ENVIRONMENTAL,IOWA,00,,
"CHEMICAL, HERBICIDE: (ISOXAFLUTOLE = 123000)",ALL PRODUCTION PRACTICES,STATE,ALL CLASSES,IOWA,,FIELD CROPS,ANNUAL,15,"PCT OF AREA PLANTED, AVG",,00,,TREATED,,SURVEY,19,CORN,UNITED STATES,,"CORN - TREATED, MEASURED IN PCT OF AREA PLANTED, AVG",,9000,,00000000,IA,,2002,2002-06-11 10:11:36.000,ALL UTILIZATION PRACTICES,19,YEAR,,"CHEMICAL, HERBICIDE",ENVIRONMENTAL,IOWA,00,,
"CHEMICAL, HERBICIDE: (ISOXAFLUTOLE = 123000)",ALL PRODUCTION PRACTICES,STATE,ALL CLASSES,IOWA,,FIELD CROPS,ANNUAL,23,"PCT OF AREA PLANTED, AVG",,00,,TREATED,,SURVEY,19,CORN,UNITED STATES,,"CORN - TREATED, MEASURED IN PCT OF AREA PLANTED, AVG",,9000,,00000000,IA,,2001,2001-06-11 10:11:36.000,ALL UTILIZATION PRACTICES,19,YEAR,,"CHEMICAL, HERBICIDE",ENVIRONMENTAL,IOWA,00,,
"CHEMICAL, HERBICIDE: (ISOXAFLUTOLE = 123000)",ALL PRODUCTION PRACTICES,STATE,ALL CLASSES,IOWA,,FIELD CROPS,ANNUAL,6,"PCT OF AREA PLANTED, AVG",,00,,TREATED,,SURVEY,19,CORN,UNITED STATES,,"CORN - TREATED, MEASURED IN PCT OF AREA PLANTED, AVG",,9000,,00000000,IA,,2000,2000-06-11 10:11:36.000,ALL UTILIZATION PRACTICES,19,YEAR,,"CHEMICAL, HERBICIDE",ENVIRONMENTAL,IOWA,00,,
"CHEMICAL, HERBICIDE: (MCPA, SODIUM SALT = 30502)",ALL PRODUCTION PRACTICES,STATE,ALL CLASSES,IOWA,,FIELD CROPS,ANNUAL,                 (D),"PCT OF AREA PLANTED, AVG",,00,,TREATED,,SURVEY,19,CORN,UNITED STATES,,"CORN - TREATED, MEASURED IN PCT OF AREA PLANTED, AVG",,9000,,00000000,IA,,2010,2012-01-01 00:00:00.000,ALL UTILIZATION PRACTICES,19,YEAR,,"CHEMICAL, HERBICIDE",ENVIRONMENTAL,IOWA,00,,
"CHEMICAL, HERBICIDE: (MESOTRIONE = 122990)",ALL PRODUCTION PRACTICES,STATE,ALL CLASSES,IOWA,,FIELD CROPS,ANNUAL,47,"PCT OF AREA PLANTED, AVG",,00,,TREATED,,SURVEY,19,CORN,UNITED STATES,,"CORN - TREATED, MEASURED IN PCT OF AREA PLANTED, AVG",,9000,,00000000,IA,,2021,2021-05-13 15:00:30.000,ALL UTILIZATION PRACTICES,19,YEAR,,"CHEMICAL, HERBICIDE",ENVIRONMENTAL,IOWA,00,,
"CHEMICAL, HERBICIDE: (MESOTRIONE = 122990)",ALL PRODUCTION PRACTICES,STATE,ALL CLASSES,IOWA,,FIELD CROPS,ANNUAL,46,"PCT OF AREA PLANTED, AVG",,00,,TREATED,,SURVEY,19,CORN,UNITED STATES,,"CORN - TREATED, MEASURED IN PCT OF AREA PLANTED, AVG",,9000,,00000000,IA,,2018,2018-05-10 15:16:25.000,ALL UTILIZATION PRACTICES,19,YEAR,,"CHEMICAL, HERBICIDE",ENVIRONMENTAL,IOWA,00,,
"CHEMICAL, HERBICIDE: (MESOTRIONE = 122990)",ALL PRODUCTION PRACTICES,STATE,ALL CLASSES,IOWA,,FIELD CROPS,ANNUAL,40,"PCT OF AREA PLANTED, AVG",,00,,TREATED,,SURVEY,19,CORN,UNITED STATES,,"CORN - TREATED, MEASURED IN PCT OF AREA PLANTED, AVG",,9000,,00000000,IA,,2016,2016-08-31 14:19:39.000,ALL UTILIZATION PRACTICES,19,YEAR,,"CHEMICAL, HERBICIDE",ENVIRONMENTAL,IOWA,00,,
"CHEMICAL, HERBICIDE: (MESOTRIONE = 122990)",ALL PRODUCTION PRACTICES,STATE,ALL CLASSES,IOWA,,FIELD CROPS,ANNUAL,34,"PCT OF AREA PLANTED, AVG",,00,,TREATED,,SURVEY,19,CORN,UNITED STATES,,"CORN - TREATED, MEASURED IN PCT OF AREA PLANTED, AVG",,9000,,00000000,IA,,2014,2014-05-14 15:12:54.000,ALL UTILIZATION PRACTICES,19,YEAR,,"CHEMICAL, HERBICIDE",ENVIRONMENTAL,IOWA,00,,
"CHEMICAL, HERBICIDE: (MESOTRIONE = 122990)",ALL PRODUCTION PRACTICES,STATE,ALL CLASSES,IOWA,,FIELD CROPS,ANNUAL,13,"PCT OF AREA PLANTED, AVG",,00,,TREATED,,SURVEY,19,CORN,UNITED STATES,,"CORN - TREATED, MEASURED IN PCT OF AREA PLANTED, AVG",,9000,,00000000,IA,,2010,2012-01-01 00:00:00.000,ALL UTILIZATION PRACTICES,19,YEAR,,"CHEMICAL, HERBICIDE",ENVIRONMENTAL,IOWA,00,,
"CHEMICAL, HERBICIDE: (MESOTRIONE = 122990)",ALL PRODUCTION PRACTICES,STATE,ALL CLASSES,IOWA,,FIELD CROPS,ANNUAL,32,"PCT OF AREA PLANTED, AVG",,00,,TREATED,,SURVEY,19,CORN,UNITED STATES,,"CORN - TREATED, MEASURED IN PCT OF AREA PLANTED, AVG",,9000,,00000000,IA,,2005,2005-06-11 10:11:36.000,ALL UTILIZATION PRACTICES,19,YEAR,,"CHEMICAL, HERBICIDE",ENVIRONMENTAL,IOWA,00,,
"CHEMICAL, HERBICIDE: (MESOTRIONE = 122990)",ALL PRODUCTION PRACTICES,STATE,ALL CLASSES,IOWA,,FIELD CROPS,ANNUAL,27,"PCT OF AREA PLANTED, AVG",,00,,TREATED,,SURVEY,19,CORN,UNITED STATES,,"CORN - TREATED, MEASURED IN PCT OF AREA PLANTED, AVG",,9000,,00000000,IA,,2003,2003-06-11 10:11:36.000,ALL UTILIZATION PRACTICES,19,YEAR,,"CHEMICAL, HERBICIDE",ENVIRONMENTAL,IOWA,00,,
"CHEMICAL, HERBICIDE: (MESOTRIONE = 122990)",ALL PRODUCTION PRACTICES,STATE,ALL CLASSES,IOWA,,FIELD CROPS,ANNUAL,12,"PCT OF AREA PLANTED, AVG",,00,,TREATED,,SURVEY,19,CORN,UNITED STATES,,"CORN - TREATED, MEASURED IN PCT OF AREA PLANTED, AVG",,9000,,00000000,IA,,2002,2002-06-11 10:11:36.000,ALL UTILIZATION PRACTICES,19,YEAR,,"CHEMICAL, HERBICIDE",ENVIRONMENTAL,IOWA,00,,
"CHEMICAL, HERBICIDE: (METOLACHLOR = 108801)",ALL PRODUCTION PRACTICES,STATE,ALL CLASSES,IOWA,,FIELD CROPS,ANNUAL,                 (D),"PCT OF AREA PLANTED, AVG",,00,,TREATED,,SURVEY,19,CORN,UNITED STATES,,"CORN - TREATED, MEASURED IN PCT OF AREA PLANTED, AVG",,9000,,00000000,IA,,2021,2021-05-13 15:00:30.000,ALL UTILIZATION PRACTICES,19,YEAR,,"CHEMICAL, HERBICIDE",ENVIRONMENTAL,IOWA,00,,
"CHEMICAL, HERBICIDE: (METOLACHLOR = 108801)",ALL PRODUCTION PRACTICES,STATE,ALL CLASSES,IOWA,,FIELD CROPS,ANNUAL,                 (D),"PCT OF AREA PLANTED, AVG",,00,,TREATED,,SURVEY,19,CORN,UNITED STATES,,"CORN - TREATED, MEASURED IN PCT OF AREA PLANTED, AVG",,9000,,00000000,IA,,2018,2018-05-10 15:16:25.000,ALL UTILIZATION PRACTICES,19,YEAR,,"CHEMICAL, HERBICIDE",ENVIRONMENTAL,IOWA,00,,
"CHEMICAL, HERBICIDE: (METOLACHLOR = 108801)",ALL PRODUCTION PRACTICES,STATE,ALL CLASSES,IOWA,,FIELD CROPS,ANNUAL,                 (D),"PCT OF AREA PLANTED, AVG",,00,,TREATED,,SURVEY,19,CORN,UNITED STATES,,"CORN - TREATED, MEASURED IN PCT OF AREA PLANTED, AVG",,9000,,00000000,IA,,2016,2016-08-31 14:19:39.000,ALL UTILIZATION PRACTICES,19,YEAR,,"CHEMICAL, HERBICIDE",ENVIRONMENTAL,IOWA,00,,
"CHEMICAL, HERBICIDE: (METOLACHLOR = 108801)",ALL PRODUCTION PRACTICES,STATE,ALL CLASSES,IOWA,,FIELD CROPS,ANNUAL,                 (D),"PCT OF AREA PLANTED, AVG",,00,,TREATED,,SURVEY,19,CORN,UNITED STATES,,"CORN - TREATED, MEASURED IN PCT OF AREA PLANTED, AVG",,9000,,00000000,IA,,2014,2014-05-14 15:12:54.000,ALL UTILIZATION PRACTICES,19,YEAR,,"CHEMICAL, HERBICIDE",ENVIRONMENTAL,IOWA,00,,
"CHEMICAL, HERBICIDE: (METOLACHLOR = 108801)",ALL PRODUCTION PRACTICES,STATE,ALL CLASSES,IOWA,,FIELD CROPS,ANNUAL,3,"PCT OF AREA PLANTED, AVG",,00,,TREATED,,SURVEY,19,CORN,UNITED STATES,,"CORN - TREATED, MEASURED IN PCT OF AREA PLANTED, AVG",,9000,,00000000,IA,,2003,2003-06-11 10:11:36.000,ALL UTILIZATION PRACTICES,19,YEAR,,"CHEMICAL, HERBICIDE",ENVIRONMENTAL,IOWA,00,,
"CHEMICAL, HERBICIDE: (METOLACHLOR = 108801)",ALL PRODUCTION PRACTICES,STATE,ALL CLASSES,IOWA,,FIELD CROPS,ANNUAL,11,"PCT OF AREA PLANTED, AVG",,00,,TREATED,,SURVEY,19,CORN,UNITED STATES,,"CORN - TREATED, MEASURED IN PCT OF AREA PLANTED, AVG",,9000,,00000000,IA,,2002,2002-06-11 10:11:36.000,ALL UTILIZATION PRACTICES,19,YEAR,,"CHEMICAL, HERBICIDE",ENVIRONMENTAL,IOWA,00,,
"CHEMICAL, HERBICIDE: (METOLACHLOR = 108801)",ALL PRODUCTION PRACTICES,STATE,ALL CLASSES,IOWA,,FIELD CROPS,ANNUAL,5,"PCT OF AREA PLANTED, AVG",,00,,TREATED,,SURVEY,19,CORN,UNITED STATES,,"CORN - TREATED, MEASURED IN PCT OF AREA PLANTED, AVG",,9000,,00000000,IA,,2001,2001-06-11 10:11:36.000,ALL UTILIZATION PRACTICES,19,YEAR,,"CHEMICAL, HERBICIDE",ENVIRONMENTAL,IOWA,00,,
"CHEMICAL, HERBICIDE: (METOLACHLOR = 108801)",ALL PRODUCTION PRACTICES,STATE,ALL CLASSES,IOWA,,FIELD CROPS,ANNUAL,10,"PCT OF AREA PLANTED, AVG",,00,,TREATED,,SURVEY,19,CORN,UNITED STATES,,"CORN - TREATED, MEASURED IN PCT OF AREA PLANTED, AVG",,9000,,00000000,IA,,2000,2000-06-11 10:11:36.000,ALL UTILIZATION PRACTICES,19,YEAR,,"CHEMICAL, HERBICIDE",ENVIRONMENTAL,IOWA,00,,
"CHEMICAL, HERBICIDE: (METRIBUZIN = 101101)",ALL PRODUCTION PRACTICES,STATE,ALL CLASSES,IOWA,,FIELD CROPS,ANNUAL,                 (D),"PCT OF AREA PLANTED, AVG",,00,,TREATED,,SURVEY,19,CORN,UNITED STATES,,"CORN - TREATED, MEASURED IN PCT OF AREA PLANTED, AVG",,9000,,00000000,IA,,2018,2018-05-10 15:16:25.000,ALL UTILIZATION PRACTICES,19,YEAR,,"CHEMICAL, HERBICIDE",ENVIRONMENTAL,IOWA,00,,
"CHEMICAL, HERBICIDE: (NICOSULFURON = 129008)",ALL PRODUCTION PRACTICES,STATE,ALL CLASSES,IOWA,,FIELD CROPS,ANNUAL,                 (D),"PCT OF AREA PLANTED, AVG",,00,,TREATED,,SURVEY,19,CORN,UNITED STATES,,"CORN - TREATED, MEASURED IN PCT OF AREA PLANTED, AVG",,9000,,00000000,IA,,2018,2018-05-10 15:16:25.000,ALL UTILIZATION PRACTICES,19,YEAR,,"CHEMICAL, HERBICIDE",ENVIRONMENTAL,IOWA,00,,
"CHEMICAL, HERBICIDE: (NICOSULFURON = 129008)",ALL PRODUCTION PRACTICES,STATE,ALL CLASSES,IOWA,,FIELD CROPS,ANNUAL,                 (D),"PCT OF AREA PLANTED, AVG",,00,,TREATED,,SURVEY,19,CORN,UNITED STATES,,"CORN - TREATED, MEASURED IN PCT OF AREA PLANTED, AVG",,9000,,00000000,IA,,2014,2014-05-14 15:12:54.000,ALL UTILIZATION PRACTICES,19,YEAR,,"CHEMICAL, HERBICIDE",ENVIRONMENTAL,IOWA,00,,
"CHEMICAL, HERBICIDE: (NICOSULFURON = 129008)",ALL PRODUCTION PRACTICES,STATE,ALL CLASSES,IOWA,,FIELD CROPS,ANNUAL,                 (D),"PCT OF AREA PLANTED, AVG",,00,,TREATED,,SURVEY,19,CORN,UNITED STATES,,"CORN - TREATED, MEASURED IN PCT OF AREA PLANTED, AVG",,9000,,00000000,IA,,2010,2012-01-01 00:00:00.000,ALL UTILIZATION PRACTICES,19,YEAR,,"CHEMICAL, HERBICIDE",ENVIRONMENTAL,IOWA,00,,
"CHEMICAL, HERBICIDE: (NICOSULFURON = 129008)",ALL PRODUCTION PRACTICES,STATE,ALL CLASSES,IOWA,,FIELD CROPS,ANNUAL,14,"PCT OF AREA PLANTED, AVG",,00,,TREATED,,SURVEY,19,CORN,UNITED STATES,,"CORN - TREATED, MEASURED IN PCT OF AREA PLANTED, AVG",,9000,,00000000,IA,,2005,2005-06-11 10:11:36.000,ALL UTILIZATION PRACTICES,19,YEAR,,"CHEMICAL, HERBICIDE",ENVIRONMENTAL,IOWA,00,,
"CHEMICAL, HERBICIDE: (NICOSULFURON = 129008)",ALL PRODUCTION PRACTICES,STATE,ALL CLASSES,IOWA,,FIELD CROPS,ANNUAL,15,"PCT OF AREA PLANTED, AVG",,00,,TREATED,,SURVEY,19,CORN,UNITED STATES,,"CORN - TREATED, MEASURED IN PCT OF AREA PLANTED, AVG",,9000,,00000000,IA,,2003,2003-06-11 10:11:36.000,ALL UTILIZATION PRACTICES,19,YEAR,,"CHEMICAL, HERBICIDE",ENVIRONMENTAL,IOWA,00,,
"CHEMICAL, HERBICIDE: (NICOSULFURON = 129008)",ALL PRODUCTION PRACTICES,STATE,ALL CLASSES,IOWA,,FIELD CROPS,ANNUAL,14,"PCT OF AREA PLANTED, AVG",,00,,TREATED,,SURVEY,19,CORN,UNITED STATES,,"CORN - TREATED, MEASURED IN PCT OF AREA PLANTED, AVG",,9000,,00000000,IA,,2002,2002-06-11 10:11:36.000,ALL UTILIZATION PRACTICES,19,YEAR,,"CHEMICAL, HERBICIDE",ENVIRONMENTAL,IOWA,00,,
"CHEMICAL, HERBICIDE: (NICOSULFURON = 129008)",ALL PRODUCTION PRACTICES,STATE,ALL CLASSES,IOWA,,FIELD CROPS,ANNUAL,16,"PCT OF AREA PLANTED, AVG",,00,,TREATED,,SURVEY,19,CORN,UNITED STATES,,"CORN - TREATED, MEASURED IN PCT OF AREA PLANTED, AVG",,9000,,00000000,IA,,2001,2001-06-11 10:11:36.000,ALL UTILIZATION PRACTICES,19,YEAR,,"CHEMICAL, HERBICIDE",ENVIRONMENTAL,IOWA,00,,
"CHEMICAL, HERBICIDE: (NICOSULFURON = 129008)",ALL PRODUCTION PRACTICES,STATE,ALL CLASSES,IOWA,,FIELD CROPS,ANNUAL,18,"PCT OF AREA PLANTED, AVG",,00,,TREATED,,SURVEY,19,CORN,UNITED STATES,,"CORN - TREATED, MEASURED IN PCT OF AREA PLANTED, AVG",,9000,,00000000,IA,,2000,2000-06-11 10:11:36.000,ALL UTILIZATION PRACTICES,19,YEAR,,"CHEMICAL, HERBICIDE",ENVIRONMENTAL,IOWA,00,,
"CHEMICAL, HERBICIDE: (PARAQUAT = 61601)",ALL PRODUCTION PRACTICES,STATE,ALL CLASSES,IOWA,,FIELD CROPS,ANNUAL,                 (D),"PCT OF AREA PLANTED, AVG",,00,,TREATED,,SURVEY,19,CORN,UNITED STATES,,"CORN - TREATED, MEASURED IN PCT OF AREA PLANTED, AVG",,9000,,00000000,IA,,2016,2016-08-31 14:19:39.000,ALL UTILIZATION PRACTICES,19,YEAR,,"CHEMICAL, HERBICIDE",ENVIRONMENTAL,IOWA,00,,
"CHEMICAL, HERBICIDE: (PARAQUAT = 61601)",ALL PRODUCTION PRACTICES,STATE,ALL CLASSES,IOWA,,FIELD CROPS,ANNUAL,                 (D),"PCT OF AREA PLANTED, AVG",,00,,TREATED,,SURVEY,19,CORN,UNITED STATES,,"CORN - TREATED, MEASURED IN PCT OF AREA PLANTED, AVG",,9000,,00000000,IA,,2014,2014-05-14 15:12:54.000,ALL UTILIZATION PRACTICES,19,YEAR,,"CHEMICAL, HERBICIDE",ENVIRONMENTAL,IOWA,00,,
"CHEMICAL, HERBICIDE: (PENDIMETHALIN = 108501)",ALL PRODUCTION PRACTICES,STATE,ALL CLASSES,IOWA,,FIELD CROPS,ANNUAL,                 (D),"PCT OF AREA PLANTED, AVG",,00,,TREATED,,SURVEY,19,CORN,UNITED STATES,,"CORN - TREATED, MEASURED IN PCT OF AREA PLANTED, AVG",,9000,,00000000,IA,,2010,2012-01-01 00:00:00.000,ALL UTILIZATION PRACTICES,19,YEAR,,"CHEMICAL, HERBICIDE",ENVIRONMENTAL,IOWA,00,,
"CHEMICAL, HERBICIDE: (PRIMISULFURON = 128973)",ALL PRODUCTION PRACTICES,STATE,ALL CLASSES,IOWA,,FIELD CROPS,ANNUAL,                 (D),"PCT OF AREA PLANTED, AVG",,00,,TREATED,,SURVEY,19,CORN,UNITED STATES,,"CORN - TREATED, MEASURED IN PCT OF AREA PLANTED, AVG",,9000,,00000000,IA,,2014,2014-05-14 15:12:54.000,ALL UTILIZATION PRACTICES,19,YEAR,,"CHEMICAL, HERBICIDE",ENVIRONMENTAL,IOWA,00,,
"CHEMICAL, HERBICIDE: (PRIMISULFURON = 128973)",ALL PRODUCTION PRACTICES,STATE,ALL CLASSES,IOWA,,FIELD CROPS,ANNUAL,5,"PCT OF AREA PLANTED, AVG",,00,,TREATED,,SURVEY,19,CORN,UNITED STATES,,"CORN - TREATED, MEASURED IN PCT OF AREA PLANTED, AVG",,9000,,00000000,IA,,2002,2002-06-11 10:11:36.000,ALL UTILIZATION PRACTICES,19,YEAR,,"CHEMICAL, HERBICIDE",ENVIRONMENTAL,IOWA,00,,
"CHEMICAL, HERBICIDE: (PRIMISULFURON = 128973)",ALL PRODUCTION PRACTICES,STATE,ALL CLASSES,IOWA,,FIELD CROPS,ANNUAL,6,"PCT OF AREA PLANTED, AVG",,00,,TREATED,,SURVEY,19,CORN,UNITED STATES,,"CORN - TREATED, MEASURED IN PCT OF AREA PLANTED, AVG",,9000,,00000000,IA,,2001,2001-06-11 10:11:36.000,ALL UTILIZATION PRACTICES,19,YEAR,,"CHEMICAL, HERBICIDE",ENVIRONMENTAL,IOWA,00,,
"CHEMICAL, HERBICIDE: (PRIMISULFURON = 128973)",ALL PRODUCTION PRACTICES,STATE,ALL CLASSES,IOWA,,FIELD CROPS,ANNUAL,8,"PCT OF AREA PLANTED, AVG",,00,,TREATED,,SURVEY,19,CORN,UNITED STATES,,"CORN - TREATED, MEASURED IN PCT OF AREA PLANTED, AVG",,9000,,00000000,IA,,2000,2000-06-11 10:11:36.000,ALL UTILIZATION PRACTICES,19,YEAR,,"CHEMICAL, HERBICIDE",ENVIRONMENTAL,IOWA,00,,
"CHEMICAL, HERBICIDE: (PROPOXYCARBAZONE-SOD = 122019)",ALL PRODUCTION PRACTICES,STATE,ALL CLASSES,IOWA,,FIELD CROPS,ANNUAL,                 (D),"PCT OF AREA PLANTED, AVG",,00,,TREATED,,SURVEY,19,CORN,UNITED STATES,,"CORN - TREATED, MEASURED IN PCT OF AREA PLANTED, AVG",,9000,,00000000,IA,,2016,2016-08-31 14:19:39.000,ALL UTILIZATION PRACTICES,19,YEAR,,"CHEMICAL, HERBICIDE",ENVIRONMENTAL,IOWA,00,,
"CHEMICAL, HERBICIDE: (PYRIDATE = 128834)",ALL PRODUCTION PRACTICES,STATE,ALL CLASSES,IOWA,,FIELD CROPS,ANNUAL,20,"PCT OF AREA PLANTED, AVG",,00,,TREATED,,SURVEY,19,CORN,UNITED STATES,,"CORN - TREATED, MEASURED IN PCT OF AREA PLANTED, AVG",,9000,,00000000,IA,,2000,2000-06-11 10:11:36.000,ALL UTILIZATION PRACTICES,19,YEAR,,"CHEMICAL, HERBICIDE",ENVIRONMENTAL,IOWA,00,,
"CHEMICAL, HERBICIDE: (PYROXASULFONE = 90099)",ALL PRODUCTION PRACTICES,STATE,ALL CLASSES,IOWA,,FIELD CROPS,ANNUAL,                 (D),"PCT OF AREA PLANTED, AVG",,00,,TREATED,,SURVEY,19,CORN,UNITED STATES,,"CORN - TREATED, MEASURED IN PCT OF AREA PLANTED, AVG",,9000,,00000000,IA,,2018,2018-05-10 15:16:25.000,ALL UTILIZATION PRACTICES,19,YEAR,,"CHEMICAL, HERBICIDE",ENVIRONMENTAL,IOWA,00,,
"CHEMICAL, HERBICIDE: (PYROXASULFONE = 90099)",ALL PRODUCTION PRACTICES,STATE,ALL CLASSES,IOWA,,FIELD CROPS,ANNUAL,                 (D),"PCT OF AREA PLANTED, AVG",,00,,TREATED,,SURVEY,19,CORN,UNITED STATES,,"CORN - TREATED, MEASURED IN PCT OF AREA PLANTED, AVG",,9000,,00000000,IA,,2016,2016-08-31 14:19:39.000,ALL UTILIZATION PRACTICES,19,YEAR,,"CHEMICAL, HERBICIDE",ENVIRONMENTAL,IOWA,00,,
"CHEMICAL, HERBICIDE: (PYROXSULAM = 108702)",ALL PRODUCTION PRACTICES,STATE,ALL CLASSES,IOWA,,FIELD CROPS,ANNUAL,                 (D),"PCT OF AREA PLANTED, AVG",,00,,TREATED,,SURVEY,19,CORN,UNITED STATES,,"CORN - TREATED, MEASURED IN PCT OF AREA PLANTED, AVG",,9000,,00000000,IA,,2018,2018-05-10 15:16:25.000,ALL UTILIZATION PRACTICES,19,YEAR,,"CHEMICAL, HERBICIDE",ENVIRONMENTAL,IOWA,00,,
"CHEMICAL, HERBICIDE: (RIMSULFURON = 129009)",ALL PRODUCTION PRACTICES,STATE,ALL CLASSES,IOWA,,FIELD CROPS,ANNUAL,3,"PCT OF AREA PLANTED, AVG",,00,,TREATED,,SURVEY,19,CORN,UNITED STATES,,"CORN - TREATED, MEASURED IN PCT OF AREA PLANTED, AVG",,9000,,00000000,IA,,2018,2018-05-10 15:16:25.000,ALL UTILIZATION PRACTICES,19,YEAR,,"CHEMICAL, HERBICIDE",ENVIRONMENTAL,IOWA,00,,
"CHEMICAL, HERBICIDE: (RIMSULFURON = 129009)",ALL PRODUCTION PRACTICES,STATE,ALL CLASSES,IOWA,,FIELD CROPS,ANNUAL,7,"PCT OF AREA PLANTED, AVG",,00,,TREATED,,SURVEY,19,CORN,UNITED STATES,,"CORN - TREATED, MEASURED IN PCT OF AREA PLANTED, AVG",,9000,,00000000,IA,,2016,2016-08-31 14:19:39.000,ALL UTILIZATION PRACTICES,19,YEAR,,"CHEMICAL, HERBICIDE",ENVIRONMENTAL,IOWA,00,,
"CHEMICAL, HERBICIDE: (RIMSULFURON = 129009)",ALL PRODUCTION PRACTICES,STATE,ALL CLASSES,IOWA,,FIELD CROPS,ANNUAL,6,"PCT OF AREA PLANTED, AVG",,00,,TREATED,,SURVEY,19,CORN,UNITED STATES,,"CORN - TREATED, MEASURED IN PCT OF AREA PLANTED, AVG",,9000,,00000000,IA,,2014,2014-05-14 15:12:54.000,ALL UTILIZATION PRACTICES,19,YEAR,,"CHEMICAL, HERBICIDE",ENVIRONMENTAL,IOWA,00,,
"CHEMICAL, HERBICIDE: (RIMSULFURON = 129009)",ALL PRODUCTION PRACTICES,STATE,ALL CLASSES,IOWA,,FIELD CROPS,ANNUAL,6,"PCT OF AREA PLANTED, AVG",,00,,TREATED,,SURVEY,19,CORN,UNITED STATES,,"CORN - TREATED, MEASURED IN PCT OF AREA PLANTED, AVG",,9000,,00000000,IA,,2010,2012-01-01 00:00:00.000,ALL UTILIZATION PRACTICES,19,YEAR,,"CHEMICAL, HERBICIDE",ENVIRONMENTAL,IOWA,00,,
"CHEMICAL, HERBICIDE: (RIMSULFURON = 129009)",ALL PRODUCTION PRACTICES,STATE,ALL CLASSES,IOWA,,FIELD CROPS,ANNUAL,13,"PCT OF AREA PLANTED, AVG",,00,,TREATED,,SURVEY,19,CORN,UNITED STATES,,"CORN - TREATED, MEASURED IN PCT OF AREA PLANTED, AVG",,9000,,00000000,IA,,2005,2005-06-11 10:11:36.000,ALL UTILIZATION PRACTICES,19,YEAR,,"CHEMICAL, HERBICIDE",ENVIRONMENTAL,IOWA,00,,
"CHEMICAL, HERBICIDE: (RIMSULFURON = 129009)",ALL PRODUCTION PRACTICES,STATE,ALL CLASSES,IOWA,,FIELD CROPS,ANNUAL,14,"PCT OF AREA PLANTED, AVG",,00,,TREATED,,SURVEY,19,CORN,UNITED STATES,,"CORN - TREATED, MEASURED IN PCT OF AREA PLANTED, AVG",,9000,,00000000,IA,,2003,2003-06-11 10:11:36.000,ALL UTILIZATION PRACTICES,19,YEAR,,"CHEMICAL, HERBICIDE",ENVIRONMENTAL,IOWA,00,,
"CHEMICAL, HERBICIDE: (RIMSULFURON = 129009)",ALL PRODUCTION PRACTICES,STATE,ALL CLASSES,IOWA,,FIELD CROPS,ANNUAL,12,"PCT OF AREA PLANTED, AVG",,00,,TREATED,,SURVEY,19,CORN,UNITED STATES,,"CORN - TREATED, MEASURED IN PCT OF AREA PLANTED, AVG",,9000,,00000000,IA,,2002,2002-06-11 10:11:36.000,ALL UTILIZATION PRACTICES,19,YEAR,,"CHEMICAL, HERBICIDE",ENVIRONMENTAL,IOWA,00,,
"CHEMICAL, HERBICIDE: (RIMSULFURON = 129009)",ALL PRODUCTION PRACTICES,STATE,ALL CLASSES,IOWA,,FIELD CROPS,ANNUAL,11,"PCT OF AREA PLANTED, AVG",,00,,TREATED,,SURVEY,19,CORN,UNITED STATES,,"CORN - TREATED, MEASURED IN PCT OF AREA PLANTED, AVG",,9000,,00000000,IA,,2001,2001-06-11 10:11:36.000,ALL UTILIZATION PRACTICES,19,YEAR,,"CHEMICAL, HERBICIDE",ENVIRONMENTAL,IOWA,00,,
"CHEMICAL, HERBICIDE: (RIMSULFURON = 129009)",ALL PRODUCTION PRACTICES,STATE,ALL CLASSES,IOWA,,FIELD CROPS,ANNUAL,10,"PCT OF AREA PLANTED, AVG",,00,,TREATED,,SURVEY,19,CORN,UNITED STATES,,"CORN - TREATED, MEASURED IN PCT OF AREA PLANTED, AVG",,9000,,00000000,IA,,2000,2000-06-11 10:11:36.000,ALL UTILIZATION PRACTICES,19,YEAR,,"CHEMICAL, HERBICIDE",ENVIRONMENTAL,IOWA,00,,
"CHEMICAL, HERBICIDE: (S-METOLACHLOR = 108800)",ALL PRODUCTION PRACTICES,STATE,ALL CLASSES,IOWA,,FIELD CROPS,ANNUAL,16,"PCT OF AREA PLANTED, AVG",,00,,TREATED,,SURVEY,19,CORN,UNITED STATES,,"CORN - TREATED, MEASURED IN PCT OF AREA PLANTED, AVG",,9000,,00000000,IA,,2021,2021-05-13 15:00:30.000,ALL UTILIZATION PRACTICES,19,YEAR,,"CHEMICAL, HERBICIDE",ENVIRONMENTAL,IOWA,00,,
"CHEMICAL, HERBICIDE: (S-METOLACHLOR = 108800)",ALL PRODUCTION PRACTICES,STATE,ALL CLASSES,IOWA,,FIELD CROPS,ANNUAL,24,"PCT OF AREA PLANTED, AVG",,00,,TREATED,,SURVEY,19,CORN,UNITED STATES,,"CORN - TREATED, MEASURED IN PCT OF AREA PLANTED, AVG",,9000,,00000000,IA,,2018,2018-05-10 15:16:25.000,ALL UTILIZATION PRACTICES,19,YEAR,,"CHEMICAL, HERBICIDE",ENVIRONMENTAL,IOWA,00,,
"CHEMICAL, HERBICIDE: (S-METOLACHLOR = 108800)",ALL PRODUCTION PRACTICES,STATE,ALL CLASSES,IOWA,,FIELD CROPS,ANNUAL,23,"PCT OF AREA PLANTED, AVG",,00,,TREATED,,SURVEY,19,CORN,UNITED STATES,,"CORN - TREATED, MEASURED IN PCT OF AREA PLANTED, AVG",,9000,,00000000,IA,,2016,2016-08-31 14:19:39.000,ALL UTILIZATION PRACTICES,19,YEAR,,"CHEMICAL, HERBICIDE",ENVIRONMENTAL,IOWA,00,,
"CHEMICAL, HERBICIDE: (S-METOLACHLOR = 108800)",ALL PRODUCTION PRACTICES,STATE,ALL CLASSES,IOWA,,FIELD CROPS,ANNUAL,18,"PCT OF AREA PLANTED, AVG",,00,,TREATED,,SURVEY,19,CORN,UNITED STATES,,"CORN - TREATED, MEASURED IN PCT OF AREA PLANTED, AVG",,9000,,00000000,IA,,2014,2014-05-14 15:12:54.000,ALL UTILIZATION PRACTICES,19,YEAR,,"CHEMICAL, HERBICIDE",ENVIRONMENTAL,IOWA,00,,
"CHEMICAL, HERBICIDE: (S-METOLACHLOR = 108800)",ALL PRODUCTION PRACTICES,STATE,ALL CLASSES,IOWA,,FIELD CROPS,ANNUAL,19,"PCT OF AREA PLANTED, AVG",,00,,TREATED,,SURVEY,19,CORN,UNITED STATES,,"CORN - TREATED, MEASURED IN PCT OF AREA PLANTED, AVG",,9000,,00000000,IA,,2010,2012-01-01 00:00:00.000,ALL UTILIZATION PRACTICES,19,YEAR,,"CHEMICAL, HERBICIDE",ENVIRONMENTAL,IOWA,00,,
"CHEMICAL, HERBICIDE: (S-METOLACHLOR = 108800)",ALL PRODUCTION PRACTICES,STATE,ALL CLASSES,IOWA,,FIELD CROPS,ANNUAL,22,"PCT OF AREA PLANTED, AVG",,00,,TREATED,,SURVEY,19,CORN,UNITED STATES,,"CORN - TREATED, MEASURED IN PCT OF AREA PLANTED, AVG",,9000,,00000000,IA,,2005,2005-06-11 10:11:36.000,ALL UTILIZATION PRACTICES,19,YEAR,,"CHEMICAL, HERBICIDE",ENVIRONMENTAL,IOWA,00,,
"CHEMICAL, HERBICIDE: (S-METOLACHLOR = 108800)",ALL PRODUCTION PRACTICES,STATE,ALL CLASSES,IOWA,,FIELD CROPS,ANNUAL,17,"PCT OF AREA PLANTED, AVG",,00,,TREATED,,SURVEY,19,CORN,UNITED STATES,,"CORN - TREATED, MEASURED IN PCT OF AREA PLANTED, AVG",,9000,,00000000,IA,,2003,2003-06-11 10:11:36.000,ALL UTILIZATION PRACTICES,19,YEAR,,"CHEMICAL, HERBICIDE",ENVIRONMENTAL,IOWA,00,,
"CHEMICAL, HERBICIDE: (S-METOLACHLOR = 108800)",ALL PRODUCTION PRACTICES,STATE,ALL CLASSES,IOWA,,FIELD CROPS,ANNUAL,12,"PCT OF AREA PLANTED, AVG",,00,,TREATED,,SURVEY,19,CORN,UNITED STATES,,"CORN - TREATED, MEASURED IN PCT OF AREA PLANTED, AVG",,9000,,00000000,IA,,2002,2002-06-11 10:11:36.000,ALL UTILIZATION PRACTICES,19,YEAR,,"CHEMICAL, HERBICIDE",ENVIRONMENTAL,IOWA,00,,
"CHEMICAL, HERBICIDE: (S-METOLACHLOR = 108800)",ALL PRODUCTION PRACTICES,STATE,ALL CLASSES,IOWA,,FIELD CROPS,ANNUAL,14,"PCT OF AREA PLANTED, AVG",,00,,TREATED,,SURVEY,19,CORN,UNITED STATES,,"CORN - TREATED, MEASURED IN PCT OF AREA PLANTED, AVG",,9000,,00000000,IA,,2001,2001-06-11 10:11:36.000,ALL UTILIZATION PRACTICES,19,YEAR,,"CHEMICAL, HERBICIDE",ENVIRONMENTAL,IOWA,00,,
"CHEMICAL, HERBICIDE: (S-METOLACHLOR = 108800)",ALL PRODUCTION PRACTICES,STATE,ALL CLASSES,IOWA,,FIELD CROPS,ANNUAL,3,"PCT OF AREA PLANTED, AVG",,00,,TREATED,,SURVEY,19,CORN,UNITED STATES,,"CORN - TREATED, MEASURED IN PCT OF AREA PLANTED, AVG",,9000,,00000000,IA,,2000,2000-06-11 10:11:36.000,ALL UTILIZATION PRACTICES,19,YEAR,,"CHEMICAL, HERBICIDE",ENVIRONMENTAL,IOWA,00,,
"CHEMICAL, HERBICIDE: (SAFLUFENACIL = 118203)",ALL PRODUCTION PRACTICES,STATE,ALL CLASSES,IOWA,,FIELD CROPS,ANNUAL,                 (D),"PCT OF AREA PLANTED, AVG",,00,,TREATED,,SURVEY,19,CORN,UNITED STATES,,"CORN - TREATED, MEASURED IN PCT OF AREA PLANTED, AVG",,9000,,00000000,IA,,2021,2021-05-13 15:00:30.000,ALL UTILIZATION PRACTICES,19,YEAR,,"CHEMICAL, HERBICIDE",ENVIRONMENTAL,IOWA,00,,
"CHEMICAL, HERBICIDE: (SAFLUFENACIL = 118203)",ALL PRODUCTION PRACTICES,STATE,ALL CLASSES,IOWA,,FIELD CROPS,ANNUAL,6,"PCT OF AREA PLANTED, AVG",,00,,TREATED,,SURVEY,19,CORN,UNITED STATES,,"CORN - TREATED, MEASURED IN PCT OF AREA PLANTED, AVG",,9000,,00000000,IA,,2018,2018-05-10 15:16:25.000,ALL UTILIZATION PRACTICES,19,YEAR,,"CHEMICAL, HERBICIDE",ENVIRONMENTAL,IOWA,00,,
"CHEMICAL, HERBICIDE: (SAFLUFENACIL = 118203)",ALL PRODUCTION PRACTICES,STATE,ALL CLASSES,IOWA,,FIELD CROPS,ANNUAL,                 (D),"PCT OF AREA PLANTED, AVG",,00,,TREATED,,SURVEY,19,CORN,UNITED STATES,,"CORN - TREATED, MEASURED IN PCT OF AREA PLANTED, AVG",,9000,,00000000,IA,,2016,2016-08-31 14:19:39.000,ALL UTILIZATION PRACTICES,19,YEAR,,"CHEMICAL, HERBICIDE",ENVIRONMENTAL,IOWA,00,,
"CHEMICAL, HERBICIDE: (SAFLUFENACIL = 118203)",ALL PRODUCTION PRACTICES,STATE,ALL CLASSES,IOWA,,FIELD CROPS,ANNUAL,4,"PCT OF AREA PLANTED, AVG",,00,,TREATED,,SURVEY,19,CORN,UNITED STATES,,"CORN - TREATED, MEASURED IN PCT OF AREA PLANTED, AVG",,9000,,00000000,IA,,2014,2014-05-14 15:12:54.000,ALL UTILIZATION PRACTICES,19,YEAR,,"CHEMICAL, HERBICIDE",ENVIRONMENTAL,IOWA,00,,
"CHEMICAL, HERBICIDE: (SAFLUFENACIL = 118203)",ALL PRODUCTION PRACTICES,STATE,ALL CLASSES,IOWA,,FIELD CROPS,ANNUAL,                 (D),"PCT OF AREA PLANTED, AVG",,00,,TREATED,,SURVEY,19,CORN,UNITED STATES,,"CORN - TREATED, MEASURED IN PCT OF AREA PLANTED, AVG",,9000,,00000000,IA,,2010,2012-01-01 00:00:00.000,ALL UTILIZATION PRACTICES,19,YEAR,,"CHEMICAL, HERBICIDE",ENVIRONMENTAL,IOWA,00,,
"CHEMICAL, HERBICIDE: (SIMAZINE = 80807)",ALL PRODUCTION PRACTICES,STATE,ALL CLASSES,IOWA,,FIELD CROPS,ANNUAL,                 (D),"PCT OF AREA PLANTED, AVG",,00,,TREATED,,SURVEY,19,CORN,UNITED STATES,,"CORN - TREATED, MEASURED IN PCT OF AREA PLANTED, AVG",,9000,,00000000,IA,,2014,2014-05-14 15:12:54.000,ALL UTILIZATION PRACTICES,19,YEAR,,"CHEMICAL, HERBICIDE",ENVIRONMENTAL,IOWA,00,,
"CHEMICAL, HERBICIDE: (SULFENTRAZONE = 129081)",ALL PRODUCTION PRACTICES,STATE,ALL CLASSES,IOWA,,FIELD CROPS,ANNUAL,                 (D),"PCT OF AREA PLANTED, AVG",,00,,TREATED,,SURVEY,19,CORN,UNITED STATES,,"CORN - TREATED, MEASURED IN PCT OF AREA PLANTED, AVG",,9000,,00000000,IA,,2018,2018-05-10 15:16:25.000,ALL UTILIZATION PRACTICES,19,YEAR,,"CHEMICAL, HERBICIDE",ENVIRONMENTAL,IOWA,00,,
"CHEMICAL, HERBICIDE: (SULFENTRAZONE = 129081)",ALL PRODUCTION PRACTICES,STATE,ALL CLASSES,IOWA,,FIELD CROPS,ANNUAL,                 (D),"PCT OF AREA PLANTED, AVG",,00,,TREATED,,SURVEY,19,CORN,UNITED STATES,,"CORN - TREATED, MEASURED IN PCT OF AREA PLANTED, AVG",,9000,,00000000,IA,,2014,2014-05-14 15:12:54.000,ALL UTILIZATION PRACTICES,19,YEAR,,"CHEMICAL, HERBICIDE",ENVIRONMENTAL,IOWA,00,,
"CHEMICAL, HERBICIDE: (SULFENTRAZONE = 129081)",ALL PRODUCTION PRACTICES,STATE,ALL CLASSES,IOWA,,FIELD CROPS,ANNUAL,                 (D),"PCT OF AREA PLANTED, AVG",,00,,TREATED,,SURVEY,19,CORN,UNITED STATES,,"CORN - TREATED, MEASURED IN PCT OF AREA PLANTED, AVG",,9000,,00000000,IA,,2010,2012-01-01 00:00:00.000,ALL UTILIZATION PRACTICES,19,YEAR,,"CHEMICAL, HERBICIDE",ENVIRONMENTAL,IOWA,00,,
"CHEMICAL, HERBICIDE: (TEMBOTRIONE = 12801)",ALL PRODUCTION PRACTICES,STATE,ALL CLASSES,IOWA,,FIELD CROPS,ANNUAL,8,"PCT OF AREA PLANTED, AVG",,00,,TREATED,,SURVEY,19,CORN,UNITED STATES,,"CORN - TREATED, MEASURED IN PCT OF AREA PLANTED, AVG",,9000,,00000000,IA,,2021,2021-05-13 15:00:30.000,ALL UTILIZATION PRACTICES,19,YEAR,,"CHEMICAL, HERBICIDE",ENVIRONMENTAL,IOWA,00,,
"CHEMICAL, HERBICIDE: (TEMBOTRIONE = 12801)",ALL PRODUCTION PRACTICES,STATE,ALL CLASSES,IOWA,,FIELD CROPS,ANNUAL,4,"PCT OF AREA PLANTED, AVG",,00,,TREATED,,SURVEY,19,CORN,UNITED STATES,,"CORN - TREATED, MEASURED IN PCT OF AREA PLANTED, AVG",,9000,,00000000,IA,,2018,2018-05-10 15:16:25.000,ALL UTILIZATION PRACTICES,19,YEAR,,"CHEMICAL, HERBICIDE",ENVIRONMENTAL,IOWA,00,,
"CHEMICAL, HERBICIDE: (TEMBOTRIONE = 12801)",ALL PRODUCTION PRACTICES,STATE,ALL CLASSES,IOWA,,FIELD CROPS,ANNUAL,5,"PCT OF AREA PLANTED, AVG",,00,,TREATED,,SURVEY,19,CORN,UNITED STATES,,"CORN - TREATED, MEASURED IN PCT OF AREA PLANTED, AVG",,9000,,00000000,IA,,2016,2016-08-31 14:19:39.000,ALL UTILIZATION PRACTICES,19,YEAR,,"CHEMICAL, HERBICIDE",ENVIRONMENTAL,IOWA,00,,
"CHEMICAL, HERBICIDE: (TEMBOTRIONE = 12801)",ALL PRODUCTION PRACTICES,STATE,ALL CLASSES,IOWA,,FIELD CROPS,ANNUAL,6,"PCT OF AREA PLANTED, AVG",,00,,TREATED,,SURVEY,19,CORN,UNITED STATES,,"CORN - TREATED, MEASURED IN PCT OF AREA PLANTED, AVG",,9000,,00000000,IA,,2014,2014-05-14 15:12:54.000,ALL UTILIZATION PRACTICES,19,YEAR,,"CHEMICAL, HERBICIDE",ENVIRONMENTAL,IOWA,00,,
"CHEMICAL, HERBICIDE: (TEMBOTRIONE = 12801)",ALL PRODUCTION PRACTICES,STATE,ALL CLASSES,IOWA,,FIELD CROPS,ANNUAL,3,"PCT OF AREA PLANTED, AVG",,00,,TREATED,,SURVEY,19,CORN,UNITED STATES,,"CORN - TREATED, MEASURED IN PCT OF AREA PLANTED, AVG",,9000,,00000000,IA,,2010,2012-01-01 00:00:00.000,ALL UTILIZATION PRACTICES,19,YEAR,,"CHEMICAL, HERBICIDE",ENVIRONMENTAL,IOWA,00,,
"CHEMICAL, HERBICIDE: (THIENCARBAZONE-METHY = 15804)",ALL PRODUCTION PRACTICES,STATE,ALL CLASSES,IOWA,,FIELD CROPS,ANNUAL,                 (D),"PCT OF AREA PLANTED, AVG",,00,,TREATED,,SURVEY,19,CORN,UNITED STATES,,"CORN - TREATED, MEASURED IN PCT OF AREA PLANTED, AVG",,9000,,00000000,IA,,2021,2021-05-13 15:00:30.000,ALL UTILIZATION PRACTICES,19,YEAR,,"CHEMICAL, HERBICIDE",ENVIRONMENTAL,IOWA,00,,
"CHEMICAL, HERBICIDE: (THIENCARBAZONE-METHY = 15804)",ALL PRODUCTION PRACTICES,STATE,ALL CLASSES,IOWA,,FIELD CROPS,ANNUAL,8,"PCT OF AREA PLANTED, AVG",,00,,TREATED,,SURVEY,19,CORN,UNITED STATES,,"CORN - TREATED, MEASURED IN PCT OF AREA PLANTED, AVG",,9000,,00000000,IA,,2018,2018-05-10 15:16:25.000,ALL UTILIZATION PRACTICES,19,YEAR,,"CHEMICAL, HERBICIDE",ENVIRONMENTAL,IOWA,00,,
"CHEMICAL, HERBICIDE: (THIENCARBAZONE-METHY = 15804)",ALL PRODUCTION PRACTICES,STATE,ALL CLASSES,IOWA,,FIELD CROPS,ANNUAL,6,"PCT OF AREA PLANTED, AVG",,00,,TREATED,,SURVEY,19,CORN,UNITED STATES,,"CORN - TREATED, MEASURED IN PCT OF AREA PLANTED, AVG",,9000,,00000000,IA,,2016,2016-08-31 14:19:39.000,ALL UTILIZATION PRACTICES,19,YEAR,,"CHEMICAL, HERBICIDE",ENVIRONMENTAL,IOWA,00,,
"CHEMICAL, HERBICIDE: (THIENCARBAZONE-METHY = 15804)",ALL PRODUCTION PRACTICES,STATE,ALL CLASSES,IOWA,,FIELD CROPS,ANNUAL,10,"PCT OF AREA PLANTED, AVG",,00,,TREATED,,SURVEY,19,CORN,UNITED STATES,,"CORN - TREATED, MEASURED IN PCT OF AREA PLANTED, AVG",,9000,,00000000,IA,,2014,2014-05-14 15:12:54.000,ALL UTILIZATION PRACTICES,19,YEAR,,"CHEMICAL, HERBICIDE",ENVIRONMENTAL,IOWA,00,,
"CHEMICAL, HERBICIDE: (THIENCARBAZONE-METHY = 15804)",ALL PRODUCTION PRACTICES,STATE,ALL CLASSES,IOWA,,FIELD CROPS,ANNUAL,3,"PCT OF AREA PLANTED, AVG",,00,,TREATED,,SURVEY,19,CORN,UNITED STATES,,"CORN - TREATED, MEASURED IN PCT OF AREA PLANTED, AVG",,9000,,00000000,IA,,2010,2012-01-01 00:00:00.000,ALL UTILIZATION PRACTICES,19,YEAR,,"CHEMICAL, HERBICIDE",ENVIRONMENTAL,IOWA,00,,
"CHEMICAL, HERBICIDE: (THIFENSULFURON = 128845)",ALL PRODUCTION PRACTICES,STATE,ALL CLASSES,IOWA,,FIELD CROPS,ANNUAL,                 (D),"PCT OF AREA PLANTED, AVG",,00,,TREATED,,SURVEY,19,CORN,UNITED STATES,,"CORN - TREATED, MEASURED IN PCT OF AREA PLANTED, AVG",,9000,,00000000,IA,,2018,2018-05-10 15:16:25.000,ALL UTILIZATION PRACTICES,19,YEAR,,"CHEMICAL, HERBICIDE",ENVIRONMENTAL,IOWA,00,,
"CHEMICAL, HERBICIDE: (THIFENSULFURON = 128845)",ALL PRODUCTION PRACTICES,STATE,ALL CLASSES,IOWA,,FIELD CROPS,ANNUAL,                 (D),"PCT OF AREA PLANTED, AVG",,00,,TREATED,,SURVEY,19,CORN,UNITED STATES,,"CORN - TREATED, MEASURED IN PCT OF AREA PLANTED, AVG",,9000,,00000000,IA,,2010,2012-01-01 00:00:00.000,ALL UTILIZATION PRACTICES,19,YEAR,,"CHEMICAL, HERBICIDE",ENVIRONMENTAL,IOWA,00,,
"CHEMICAL, HERBICIDE: (TOPRAMEZONE = 123009)",ALL PRODUCTION PRACTICES,STATE,ALL CLASSES,IOWA,,FIELD CROPS,ANNUAL,                 (D),"PCT OF AREA PLANTED, AVG",,00,,TREATED,,SURVEY,19,CORN,UNITED STATES,,"CORN - TREATED, MEASURED IN PCT OF AREA PLANTED, AVG",,9000,,00000000,IA,,2021,2021-05-13 15:00:30.000,ALL UTILIZATION PRACTICES,19,YEAR,,"CHEMICAL, HERBICIDE",ENVIRONMENTAL,IOWA,00,,
"CHEMICAL, HERBICIDE: (TOPRAMEZONE = 123009)",ALL PRODUCTION PRACTICES,STATE,ALL CLASSES,IOWA,,FIELD CROPS,ANNUAL,13,"PCT OF AREA PLANTED, AVG",,00,,TREATED,,SURVEY,19,CORN,UNITED STATES,,"CORN - TREATED, MEASURED IN PCT OF AREA PLANTED, AVG",,9000,,00000000,IA,,2018,2018-05-10 15:16:25.000,ALL UTILIZATION PRACTICES,19,YEAR,,"CHEMICAL, HERBICIDE",ENVIRONMENTAL,IOWA,00,,
"CHEMICAL, HERBICIDE: (TOPRAMEZONE = 123009)",ALL PRODUCTION PRACTICES,STATE,ALL CLASSES,IOWA,,FIELD CROPS,ANNUAL,12,"PCT OF AREA PLANTED, AVG",,00,,TREATED,,SURVEY,19,CORN,UNITED STATES,,"CORN - TREATED, MEASURED IN PCT OF AREA PLANTED, AVG",,9000,,00000000,IA,,2016,2016-08-31 14:19:39.000,ALL UTILIZATION PRACTICES,19,YEAR,,"CHEMICAL, HERBICIDE",ENVIRONMENTAL,IOWA,00,,
"CHEMICAL, HERBICIDE: (TOPRAMEZONE = 123009)",ALL PRODUCTION PRACTICES,STATE,ALL CLASSES,IOWA,,FIELD CROPS,ANNUAL,7,"PCT OF AREA PLANTED, AVG",,00,,TREATED,,SURVEY,19,CORN,UNITED STATES,,"CORN - TREATED, MEASURED IN PCT OF AREA PLANTED, AVG",,9000,,00000000,IA,,2014,2014-05-14 15:12:54.000,ALL UTILIZATION PRACTICES,19,YEAR,,"CHEMICAL, HERBICIDE",ENVIRONMENTAL,IOWA,00,,
"CHEMICAL, HERBICIDE: (TOPRAMEZONE = 123009)",ALL PRODUCTION PRACTICES,STATE,ALL CLASSES,IOWA,,FIELD CROPS,ANNUAL,                 (D),"PCT OF AREA PLANTED, AVG",,00,,TREATED,,SURVEY,19,CORN,UNITED STATES,,"CORN - TREATED, MEASURED IN PCT OF AREA PLANTED, AVG",,9000,,00000000,IA,,2010,2012-01-01 00:00:00.000,ALL UTILIZATION PRACTICES,19,YEAR,,"CHEMICAL, HERBICIDE",ENVIRONMENTAL,IOWA,00,,
"CHEMICAL, HERBICIDE: (TOTAL)",ALL PRODUCTION PRACTICES,STATE,ALL CLASSES,IOWA,,FIELD CROPS,ANNUAL,96,"PCT OF AREA PLANTED, AVG",,00,,TREATED,,SURVEY,19,CORN,UNITED STATES,,"CORN - TREATED, MEASURED IN PCT OF AREA PLANTED, AVG",,9000,,00000000,IA,,2021,2021-05-13 15:00:30.000,ALL UTILIZATION PRACTICES,19,YEAR,,"CHEMICAL, HERBICIDE",ENVIRONMENTAL,IOWA,00,,
"CHEMICAL, HERBICIDE: (TOTAL)",ALL PRODUCTION PRACTICES,STATE,ALL CLASSES,IOWA,,FIELD CROPS,ANNUAL,95,"PCT OF AREA PLANTED, AVG",,00,,TREATED,,SURVEY,19,CORN,UNITED STATES,,"CORN - TREATED, MEASURED IN PCT OF AREA PLANTED, AVG",,9000,,00000000,IA,,2018,2018-05-10 15:16:25.000,ALL UTILIZATION PRACTICES,19,YEAR,,"CHEMICAL, HERBICIDE",ENVIRONMENTAL,IOWA,00,,
"CHEMICAL, HERBICIDE: (TOTAL)",ALL PRODUCTION PRACTICES,STATE,ALL CLASSES,IOWA,,FIELD CROPS,ANNUAL,97,"PCT OF AREA PLANTED, AVG",,00,,TREATED,,SURVEY,19,CORN,UNITED STATES,,"CORN - TREATED, MEASURED IN PCT OF AREA PLANTED, AVG",,9000,,00000000,IA,,2016,2016-08-31 14:19:39.000,ALL UTILIZATION PRACTICES,19,YEAR,,"CHEMICAL, HERBICIDE",ENVIRONMENTAL,IOWA,00,,
"CHEMICAL, HERBICIDE: (TOTAL)",ALL PRODUCTION PRACTICES,STATE,ALL CLASSES,IOWA,,FIELD CROPS,ANNUAL,95,"PCT OF AREA PLANTED, AVG",,00,,TREATED,,SURVEY,19,CORN,UNITED STATES,,"CORN - TREATED, MEASURED IN PCT OF AREA PLANTED, AVG",,9000,,00000000,IA,,2014,2014-05-14 15:12:54.000,ALL UTILIZATION PRACTICES,19,YEAR,,"CHEMICAL, HERBICIDE",ENVIRONMENTAL,IOWA,00,,
"CHEMICAL, HERBICIDE: (TOTAL)",ALL PRODUCTION PRACTICES,STATE,ALL CLASSES,IOWA,,FIELD CROPS,ANNUAL,100,"PCT OF AREA PLANTED, AVG",,00,,TREATED,,SURVEY,19,CORN,UNITED STATES,,"CORN - TREATED, MEASURED IN PCT OF AREA PLANTED, AVG",,9000,,00000000,IA,,2010,2012-01-01 00:00:00.000,ALL UTILIZATION PRACTICES,19,YEAR,,"CHEMICAL, HERBICIDE",ENVIRONMENTAL,IOWA,00,,
"CHEMICAL, HERBICIDE: (TOTAL)",ALL PRODUCTION PRACTICES,STATE,ALL CLASSES,IOWA,,FIELD CROPS,ANNUAL,96,"PCT OF AREA PLANTED, AVG",,00,,TREATED,,SURVEY,19,CORN,UNITED STATES,,"CORN - TREATED, MEASURED IN PCT OF AREA PLANTED, AVG",,9000,,00000000,IA,,2005,2005-06-11 10:11:36.000,ALL UTILIZATION PRACTICES,19,YEAR,,"CHEMICAL, HERBICIDE",ENVIRONMENTAL,IOWA,00,,
"CHEMICAL, HERBICIDE: (TOTAL)",ALL PRODUCTION PRACTICES,STATE,ALL CLASSES,IOWA,,FIELD CROPS,ANNUAL,96,"PCT OF AREA PLANTED, AVG",,00,,TREATED,,SURVEY,19,CORN,UNITED STATES,,"CORN - TREATED, MEASURED IN PCT OF AREA PLANTED, AVG",,9000,,00000000,IA,,2003,2003-06-11 10:11:36.000,ALL UTILIZATION PRACTICES,19,YEAR,,"CHEMICAL, HERBICIDE",ENVIRONMENTAL,IOWA,00,,
"CHEMICAL, HERBICIDE: (TOTAL)",ALL PRODUCTION PRACTICES,STATE,ALL CLASSES,IOWA,,FIELD CROPS,ANNUAL,91,"PCT OF AREA PLANTED, AVG",,00,,TREATED,,SURVEY,19,CORN,UNITED STATES,,"CORN - TREATED, MEASURED IN PCT OF AREA PLANTED, AVG",,9000,,00000000,IA,,2002,2002-06-11 10:11:36.000,ALL UTILIZATION PRACTICES,19,YEAR,,"CHEMICAL, HERBICIDE",ENVIRONMENTAL,IOWA,00,,
"CHEMICAL, HERBICIDE: (TOTAL)",ALL PRODUCTION PRACTICES,STATE,ALL CLASSES,IOWA,,FIELD CROPS,ANNUAL,99,"PCT OF AREA PLANTED, AVG",,00,,TREATED,,SURVEY,19,CORN,UNITED STATES,,"CORN - TREATED, MEASURED IN PCT OF AREA PLANTED, AVG",,9000,,00000000,IA,,2001,2001-06-11 10:11:36.000,ALL UTILIZATION PRACTICES,19,YEAR,,"CHEMICAL, HERBICIDE",ENVIRONMENTAL,IOWA,00,,
"CHEMICAL, HERBICIDE: (TOTAL)",ALL PRODUCTION PRACTICES,STATE,ALL CLASSES,IOWA,,FIELD CROPS,ANNUAL,100,"PCT OF AREA PLANTED, AVG",,00,,TREATED,,SURVEY,19,CORN,UNITED STATES,,"CORN - TREATED, MEASURED IN PCT OF AREA PLANTED, AVG",,9000,,00000000,IA,,2000,2000-06-11 10:11:36.000,ALL UTILIZATION PRACTICES,19,YEAR,,"CHEMICAL, HERBICIDE",ENVIRONMENTAL,IOWA,00,,
"CHEMICAL, HERBICIDE: (TRIBENURON-METHYL = 128887)",ALL PRODUCTION PRACTICES,STATE,ALL CLASSES,IOWA,,FIELD CROPS,ANNUAL,                 (D),"PCT OF AREA PLANTED, AVG",,00,,TREATED,,SURVEY,19,CORN,UNITED STATES,,"CORN - TREATED, MEASURED IN PCT OF AREA PLANTED, AVG",,9000,,00000000,IA,,2018,2018-05-10 15:16:25.000,ALL UTILIZATION PRACTICES,19,YEAR,,"CHEMICAL, HERBICIDE",ENVIRONMENTAL,IOWA,00,,
"CHEMICAL, HERBICIDE: (TRIFLURALIN = 36101)",ALL PRODUCTION PRACTICES,STATE,ALL CLASSES,IOWA,,FIELD CROPS,ANNUAL,                 (D),"PCT OF AREA PLANTED, AVG",,00,,TREATED,,SURVEY,19,CORN,UNITED STATES,,"CORN - TREATED, MEASURED IN PCT OF AREA PLANTED, AVG",,9000,,00000000,IA,,2018,2018-05-10 15:16:25.000,ALL UTILIZATION PRACTICES,19,YEAR,,"CHEMICAL, HERBICIDE",ENVIRONMENTAL,IOWA,00,,
"CHEMICAL, HERBICIDE: (TRIFLURALIN = 36101)",ALL PRODUCTION PRACTICES,STATE,ALL CLASSES,IOWA,,FIELD CROPS,ANNUAL,                 (D),"PCT OF AREA PLANTED, AVG",,00,,TREATED,,SURVEY,19,CORN,UNITED STATES,,"CORN - TREATED, MEASURED IN PCT OF AREA PLANTED, AVG",,9000,,00000000,IA,,2014,2014-05-14 15:12:54.000,ALL UTILIZATION PRACTICES,19,YEAR,,"CHEMICAL, HERBICIDE",ENVIRONMENTAL,IOWA,00,,
"CHEMICAL, HERBICIDE: (TRIFLURALIN = 36101)",ALL PRODUCTION PRACTICES,STATE,ALL CLASSES,IOWA,,FIELD CROPS,ANNUAL,                 (D),"PCT OF AREA PLANTED, AVG",,00,,TREATED,,SURVEY,19,CORN,UNITED STATES,,"CORN - TREATED, MEASURED IN PCT OF AREA PLANTED, AVG",,9000,,00000000,IA,,2010,2012-01-01 00:00:00.000,ALL UTILIZATION PRACTICES,19,YEAR,,"CHEMICAL, HERBICIDE",ENVIRONMENTAL,IOWA,00,,
"CHEMICAL, INSECTICIDE: (BETA-CYFLUTHRIN = 118831)",ALL PRODUCTION PRACTICES,STATE,ALL CLASSES,IOWA,,FIELD CROPS,ANNUAL,                 (D),"PCT OF AREA PLANTED, AVG",,00,,TREATED,,SURVEY,19,CORN,UNITED STATES,,"CORN - TREATED, MEASURED IN PCT OF AREA PLANTED, AVG",,9000,,00000000,IA,,2014,2014-05-14 15:12:54.000,ALL UTILIZATION PRACTICES,19,YEAR,,"CHEMICAL, INSECTICIDE",ENVIRONMENTAL,IOWA,00,,
"CHEMICAL, INSECTICIDE: (BIFENTHRIN = 128825)",ALL PRODUCTION PRACTICES,STATE,ALL CLASSES,IOWA,,FIELD CROPS,ANNUAL,7,"PCT OF AREA PLANTED, AVG",,00,,TREATED,,SURVEY,19,CORN,UNITED STATES,,"CORN - TREATED, MEASURED IN PCT OF AREA PLANTED, AVG",,9000,,00000000,IA,,2021,2021-05-13 15:00:30.000,ALL UTILIZATION PRACTICES,19,YEAR,,"CHEMICAL, INSECTICIDE",ENVIRONMENTAL,IOWA,00,,
"CHEMICAL, INSECTICIDE: (BIFENTHRIN = 128825)",ALL PRODUCTION PRACTICES,STATE,ALL CLASSES,IOWA,,FIELD CROPS,ANNUAL,12,"PCT OF AREA PLANTED, AVG",,00,,TREATED,,SURVEY,19,CORN,UNITED STATES,,"CORN - TREATED, MEASURED IN PCT OF AREA PLANTED, AVG",,9000,,00000000,IA,,2018,2018-05-10 15:16:25.000,ALL UTILIZATION PRACTICES,19,YEAR,,"CHEMICAL, INSECTICIDE",ENVIRONMENTAL,IOWA,00,,
"CHEMICAL, INSECTICIDE: (BIFENTHRIN = 128825)",ALL PRODUCTION PRACTICES,STATE,ALL CLASSES,IOWA,,FIELD CROPS,ANNUAL,1,"PCT OF AREA PLANTED, AVG",,00,,TREATED,,SURVEY,19,CORN,UNITED STATES,,"CORN - TREATED, MEASURED IN PCT OF AREA PLANTED, AVG",,9000,,00000000,IA,,2016,2016-08-31 14:19:39.000,ALL UTILIZATION PRACTICES,19,YEAR,,"CHEMICAL, INSECTICIDE",ENVIRONMENTAL,IOWA,00,,
"CHEMICAL, INSECTICIDE: (BIFENTHRIN = 128825)",ALL PRODUCTION PRACTICES,STATE,ALL CLASSES,IOWA,,FIELD CROPS,ANNUAL,2,"PCT OF AREA PLANTED, AVG",,00,,TREATED,,SURVEY,19,CORN,UNITED STATES,,"CORN - TREATED, MEASURED IN PCT OF AREA PLANTED, AVG",,9000,,00000000,IA,,2014,2014-05-14 15:12:54.000,ALL UTILIZATION PRACTICES,19,YEAR,,"CHEMICAL, INSECTICIDE",ENVIRONMENTAL,IOWA,00,,
"CHEMICAL, INSECTICIDE: (BIFENTHRIN = 128825)",ALL PRODUCTION PRACTICES,STATE,ALL CLASSES,IOWA,,FIELD CROPS,ANNUAL,                 (D),"PCT OF AREA PLANTED, AVG",,00,,TREATED,,SURVEY,19,CORN,UNITED STATES,,"CORN - TREATED, MEASURED IN PCT OF AREA PLANTED, AVG",,9000,,00000000,IA,,2010,2012-01-01 00:00:00.000,ALL UTILIZATION PRACTICES,19,YEAR,,"CHEMICAL, INSECTICIDE",ENVIRONMENTAL,IOWA,00,,
"CHEMICAL, INSECTICIDE: (BIFENTHRIN = 128825)",ALL PRODUCTION PRACTICES,STATE,ALL CLASSES,IOWA,,FIELD CROPS,ANNUAL,2,"PCT OF AREA PLANTED, AVG",,00,,TREATED,,SURVEY,19,CORN,UNITED STATES,,"CORN - TREATED, MEASURED IN PCT OF AREA PLANTED, AVG",,9000,,00000000,IA,,2002,2002-06-11 10:11:36.000,ALL UTILIZATION PRACTICES,19,YEAR,,"CHEMICAL, INSECTICIDE",ENVIRONMENTAL,IOWA,00,,
"CHEMICAL, INSECTICIDE: (CHLORETHOXYFOS = 129006)",ALL PRODUCTION PRACTICES,STATE,ALL CLASSES,IOWA,,FIELD CROPS,ANNUAL,                 (D),"PCT OF AREA PLANTED, AVG",,00,,TREATED,,SURVEY,19,CORN,UNITED STATES,,"CORN - TREATED, MEASURED IN PCT OF AREA PLANTED, AVG",,9000,,00000000,IA,,2014,2014-05-14 15:12:54.000,ALL UTILIZATION PRACTICES,19,YEAR,,"CHEMICAL, INSECTICIDE",ENVIRONMENTAL,IOWA,00,,
"CHEMICAL, INSECTICIDE: (CHLORETHOXYFOS = 129006)",ALL PRODUCTION PRACTICES,STATE,ALL CLASSES,IOWA,,FIELD CROPS,ANNUAL,                 (D),"PCT OF AREA PLANTED, AVG",,00,,TREATED,,SURVEY,19,CORN,UNITED STATES,,"CORN - TREATED, MEASURED IN PCT OF AREA PLANTED, AVG",,9000,,00000000,IA,,2010,2012-01-01 00:00:00.000,ALL UTILIZATION PRACTICES,19,YEAR,,"CHEMICAL, INSECTICIDE",ENVIRONMENTAL,IOWA,00,,
"CHEMICAL, INSECTICIDE: (CHLORPYRIFOS = 59101)",ALL PRODUCTION PRACTICES,STATE,ALL CLASSES,IOWA,,FIELD CROPS,ANNUAL,                 (D),"PCT OF AREA PLANTED, AVG",,00,,TREATED,,SURVEY,19,CORN,UNITED STATES,,"CORN - TREATED, MEASURED IN PCT OF AREA PLANTED, AVG",,9000,,00000000,IA,,2021,2021-05-13 15:00:30.000,ALL UTILIZATION PRACTICES,19,YEAR,,"CHEMICAL, INSECTICIDE",ENVIRONMENTAL,IOWA,00,,
"CHEMICAL, INSECTICIDE: (CHLORPYRIFOS = 59101)",ALL PRODUCTION PRACTICES,STATE,ALL CLASSES,IOWA,,FIELD CROPS,ANNUAL,                 (D),"PCT OF AREA PLANTED, AVG",,00,,TREATED,,SURVEY,19,CORN,UNITED STATES,,"CORN - TREATED, MEASURED IN PCT OF AREA PLANTED, AVG",,9000,,00000000,IA,,2018,2018-05-10 15:16:25.000,ALL UTILIZATION PRACTICES,19,YEAR,,"CHEMICAL, INSECTICIDE",ENVIRONMENTAL,IOWA,00,,
"CHEMICAL, INSECTICIDE: (CHLORPYRIFOS = 59101)",ALL PRODUCTION PRACTICES,STATE,ALL CLASSES,IOWA,,FIELD CROPS,ANNUAL,                 (D),"PCT OF AREA PLANTED, AVG",,00,,TREATED,,SURVEY,19,CORN,UNITED STATES,,"CORN - TREATED, MEASURED IN PCT OF AREA PLANTED, AVG",,9000,,00000000,IA,,2016,2016-08-31 14:19:39.000,ALL UTILIZATION PRACTICES,19,YEAR,,"CHEMICAL, INSECTICIDE",ENVIRONMENTAL,IOWA,00,,
"CHEMICAL, INSECTICIDE: (CHLORPYRIFOS = 59101)",ALL PRODUCTION PRACTICES,STATE,ALL CLASSES,IOWA,,FIELD CROPS,ANNUAL,                 (D),"PCT OF AREA PLANTED, AVG",,00,,TREATED,,SURVEY,19,CORN,UNITED STATES,,"CORN - TREATED, MEASURED IN PCT OF AREA PLANTED, AVG",,9000,,00000000,IA,,2014,2014-05-14 15:12:54.000,ALL UTILIZATION PRACTICES,19,YEAR,,"CHEMICAL, INSECTICIDE",ENVIRONMENTAL,IOWA,00,,
"CHEMICAL, INSECTICIDE: (CHLORPYRIFOS = 59101)",ALL PRODUCTION PRACTICES,STATE,ALL CLASSES,IOWA,,FIELD CROPS,ANNUAL,                 (D),"PCT OF AREA PLANTED, AVG",,00,,TREATED,,SURVEY,19,CORN,UNITED STATES,,"CORN - TREATED, MEASURED IN PCT OF AREA PLANTED, AVG",,9000,,00000000,IA,,2010,2012-01-01 00:00:00.000,ALL UTILIZATION PRACTICES,19,YEAR,,"CHEMICAL, INSECTICIDE",ENVIRONMENTAL,IOWA,00,,
"CHEMICAL, INSECTICIDE: (CHLORPYRIFOS = 59101)",ALL PRODUCTION PRACTICES,STATE,ALL CLASSES,IOWA,,FIELD CROPS,ANNUAL,3,"PCT OF AREA PLANTED, AVG",,00,,TREATED,,SURVEY,19,CORN,UNITED STATES,,"CORN - TREATED, MEASURED IN PCT OF AREA PLANTED, AVG",,9000,,00000000,IA,,2003,2003-06-11 10:11:36.000,ALL UTILIZATION PRACTICES,19,YEAR,,"CHEMICAL, INSECTICIDE",ENVIRONMENTAL,IOWA,00,,
"CHEMICAL, INSECTICIDE: (CHLORPYRIFOS = 59101)",ALL PRODUCTION PRACTICES,STATE,ALL CLASSES,IOWA,,FIELD CROPS,ANNUAL,2,"PCT OF AREA PLANTED, AVG",,00,,TREATED,,SURVEY,19,CORN,UNITED STATES,,"CORN - TREATED, MEASURED IN PCT OF AREA PLANTED, AVG",,9000,,00000000,IA,,2002,2002-06-11 10:11:36.000,ALL UTILIZATION PRACTICES,19,YEAR,,"CHEMICAL, INSECTICIDE",ENVIRONMENTAL,IOWA,00,,
"CHEMICAL, INSECTICIDE: (CHLORPYRIFOS = 59101)",ALL PRODUCTION PRACTICES,STATE,ALL CLASSES,IOWA,,FIELD CROPS,ANNUAL,3,"PCT OF AREA PLANTED, AVG",,00,,TREATED,,SURVEY,19,CORN,UNITED STATES,,"CORN - TREATED, MEASURED IN PCT OF AREA PLANTED, AVG",,9000,,00000000,IA,,2000,2000-06-11 10:11:36.000,ALL UTILIZATION PRACTICES,19,YEAR,,"CHEMICAL, INSECTICIDE",ENVIRONMENTAL,IOWA,00,,
"CHEMICAL, INSECTICIDE: (CYFLUTHRIN = 128831)",ALL PRODUCTION PRACTICES,STATE,ALL CLASSES,IOWA,,FIELD CROPS,ANNUAL,                 (D),"PCT OF AREA PLANTED, AVG",,00,,TREATED,,SURVEY,19,CORN,UNITED STATES,,"CORN - TREATED, MEASURED IN PCT OF AREA PLANTED, AVG",,9000,,00000000,IA,,2021,2021-05-13 15:00:30.000,ALL UTILIZATION PRACTICES,19,YEAR,,"CHEMICAL, INSECTICIDE",ENVIRONMENTAL,IOWA,00,,
"CHEMICAL, INSECTICIDE: (CYFLUTHRIN = 128831)",ALL PRODUCTION PRACTICES,STATE,ALL CLASSES,IOWA,,FIELD CROPS,ANNUAL,                 (D),"PCT OF AREA PLANTED, AVG",,00,,TREATED,,SURVEY,19,CORN,UNITED STATES,,"CORN - TREATED, MEASURED IN PCT OF AREA PLANTED, AVG",,9000,,00000000,IA,,2018,2018-05-10 15:16:25.000,ALL UTILIZATION PRACTICES,19,YEAR,,"CHEMICAL, INSECTICIDE",ENVIRONMENTAL,IOWA,00,,
"CHEMICAL, INSECTICIDE: (CYFLUTHRIN = 128831)",ALL PRODUCTION PRACTICES,STATE,ALL CLASSES,IOWA,,FIELD CROPS,ANNUAL,4,"PCT OF AREA PLANTED, AVG",,00,,TREATED,,SURVEY,19,CORN,UNITED STATES,,"CORN - TREATED, MEASURED IN PCT OF AREA PLANTED, AVG",,9000,,00000000,IA,,2016,2016-08-31 14:19:39.000,ALL UTILIZATION PRACTICES,19,YEAR,,"CHEMICAL, INSECTICIDE",ENVIRONMENTAL,IOWA,00,,
"CHEMICAL, INSECTICIDE: (CYFLUTHRIN = 128831)",ALL PRODUCTION PRACTICES,STATE,ALL CLASSES,IOWA,,FIELD CROPS,ANNUAL,4,"PCT OF AREA PLANTED, AVG",,00,,TREATED,,SURVEY,19,CORN,UNITED STATES,,"CORN - TREATED, MEASURED IN PCT OF AREA PLANTED, AVG",,9000,,00000000,IA,,2014,2014-05-14 15:12:54.000,ALL UTILIZATION PRACTICES,19,YEAR,,"CHEMICAL, INSECTICIDE",ENVIRONMENTAL,IOWA,00,,
"CHEMICAL, INSECTICIDE: (CYFLUTHRIN = 128831)",ALL PRODUCTION PRACTICES,STATE,ALL CLASSES,IOWA,,FIELD CROPS,ANNUAL,1,"PCT OF AREA PLANTED, AVG",,00,,TREATED,,SURVEY,19,CORN,UNITED STATES,,"CORN - TREATED, MEASURED IN PCT OF AREA PLANTED, AVG",,9000,,00000000,IA,,2010,2012-01-01 00:00:00.000,ALL UTILIZATION PRACTICES,19,YEAR,,"CHEMICAL, INSECTICIDE",ENVIRONMENTAL,IOWA,00,,
"CHEMICAL, INSECTICIDE: (CYFLUTHRIN = 128831)",ALL PRODUCTION PRACTICES,STATE,ALL CLASSES,IOWA,,FIELD CROPS,ANNUAL,6,"PCT OF AREA PLANTED, AVG",,00,,TREATED,,SURVEY,19,CORN,UNITED STATES,,"CORN - TREATED, MEASURED IN PCT OF AREA PLANTED, AVG",,9000,,00000000,IA,,2005,2005-06-11 10:11:36.000,ALL UTILIZATION PRACTICES,19,YEAR,,"CHEMICAL, INSECTICIDE",ENVIRONMENTAL,IOWA,00,,
"CHEMICAL, INSECTICIDE: (CYFLUTHRIN = 128831)",ALL PRODUCTION PRACTICES,STATE,ALL CLASSES,IOWA,,FIELD CROPS,ANNUAL,5,"PCT OF AREA PLANTED, AVG",,00,,TREATED,,SURVEY,19,CORN,UNITED STATES,,"CORN - TREATED, MEASURED IN PCT OF AREA PLANTED, AVG",,9000,,00000000,IA,,2003,2003-06-11 10:11:36.000,ALL UTILIZATION PRACTICES,19,YEAR,,"CHEMICAL, INSECTICIDE",ENVIRONMENTAL,IOWA,00,,
"CHEMICAL, INSECTICIDE: (CYFLUTHRIN = 128831)",ALL PRODUCTION PRACTICES,STATE,ALL CLASSES,IOWA,,FIELD CROPS,ANNUAL,5,"PCT OF AREA PLANTED, AVG",,00,,TREATED,,SURVEY,19,CORN,UNITED STATES,,"CORN - TREATED, MEASURED IN PCT OF AREA PLANTED, AVG",,9000,,00000000,IA,,2000,2000-06-11 10:11:36.000,ALL UTILIZATION PRACTICES,19,YEAR,,"CHEMICAL, INSECTICIDE",ENVIRONMENTAL,IOWA,00,,
"CHEMICAL, INSECTICIDE: (ESFENVALERATE = 109303)",ALL PRODUCTION PRACTICES,STATE,ALL CLASSES,IOWA,,FIELD CROPS,ANNUAL,                 (D),"PCT OF AREA PLANTED, AVG",,00,,TREATED,,SURVEY,19,CORN,UNITED STATES,,"CORN - TREATED, MEASURED IN PCT OF AREA PLANTED, AVG",,9000,,00000000,IA,,2014,2014-05-14 15:12:54.000,ALL UTILIZATION PRACTICES,19,YEAR,,"CHEMICAL, INSECTICIDE",ENVIRONMENTAL,IOWA,00,,
"CHEMICAL, INSECTICIDE: (GAMMA-CYHALOTHRIN = 128807)",ALL PRODUCTION PRACTICES,STATE,ALL CLASSES,IOWA,,FIELD CROPS,ANNUAL,                 (D),"PCT OF AREA PLANTED, AVG",,00,,TREATED,,SURVEY,19,CORN,UNITED STATES,,"CORN - TREATED, MEASURED IN PCT OF AREA PLANTED, AVG",,9000,,00000000,IA,,2016,2016-08-31 14:19:39.000,ALL UTILIZATION PRACTICES,19,YEAR,,"CHEMICAL, INSECTICIDE",ENVIRONMENTAL,IOWA,00,,
"CHEMICAL, INSECTICIDE: (GAMMA-CYHALOTHRIN = 128807)",ALL PRODUCTION PRACTICES,STATE,ALL CLASSES,IOWA,,FIELD CROPS,ANNUAL,                 (D),"PCT OF AREA PLANTED, AVG",,00,,TREATED,,SURVEY,19,CORN,UNITED STATES,,"CORN - TREATED, MEASURED IN PCT OF AREA PLANTED, AVG",,9000,,00000000,IA,,2014,2014-05-14 15:12:54.000,ALL UTILIZATION PRACTICES,19,YEAR,,"CHEMICAL, INSECTICIDE",ENVIRONMENTAL,IOWA,00,,
"CHEMICAL, INSECTICIDE: (GAMMA-CYHALOTHRIN = 128807)",ALL PRODUCTION PRACTICES,STATE,ALL CLASSES,IOWA,,FIELD CROPS,ANNUAL,                 (D),"PCT OF AREA PLANTED, AVG",,00,,TREATED,,SURVEY,19,CORN,UNITED STATES,,"CORN - TREATED, MEASURED IN PCT OF AREA PLANTED, AVG",,9000,,00000000,IA,,2010,2012-01-01 00:00:00.000,ALL UTILIZATION PRACTICES,19,YEAR,,"CHEMICAL, INSECTICIDE",ENVIRONMENTAL,IOWA,00,,
"CHEMICAL, INSECTICIDE: (LAMBDA-CYHALOTHRIN = 128897)",ALL PRODUCTION PRACTICES,STATE,ALL CLASSES,IOWA,,FIELD CROPS,ANNUAL,                 (D),"PCT OF AREA PLANTED, AVG",,00,,TREATED,,SURVEY,19,CORN,UNITED STATES,,"CORN - TREATED, MEASURED IN PCT OF AREA PLANTED, AVG",,9000,,00000000,IA,,2021,2021-05-13 15:00:30.000,ALL UTILIZATION PRACTICES,19,YEAR,,"CHEMICAL, INSECTICIDE",ENVIRONMENTAL,IOWA,00,,
"CHEMICAL, INSECTICIDE: (LAMBDA-CYHALOTHRIN = 128897)",ALL PRODUCTION PRACTICES,STATE,ALL CLASSES,IOWA,,FIELD CROPS,ANNUAL,2,"PCT OF AREA PLANTED, AVG",,00,,TREATED,,SURVEY,19,CORN,UNITED STATES,,"CORN - TREATED, MEASURED IN PCT OF AREA PLANTED, AVG",,9000,,00000000,IA,,2018,2018-05-10 15:16:25.000,ALL UTILIZATION PRACTICES,19,YEAR,,"CHEMICAL, INSECTICIDE",ENVIRONMENTAL,IOWA,00,,
"CHEMICAL, INSECTICIDE: (LAMBDA-CYHALOTHRIN = 128897)",ALL PRODUCTION PRACTICES,STATE,ALL CLASSES,IOWA,,FIELD CROPS,ANNUAL,                 (D),"PCT OF AREA PLANTED, AVG",,00,,TREATED,,SURVEY,19,CORN,UNITED STATES,,"CORN - TREATED, MEASURED IN PCT OF AREA PLANTED, AVG",,9000,,00000000,IA,,2016,2016-08-31 14:19:39.000,ALL UTILIZATION PRACTICES,19,YEAR,,"CHEMICAL, INSECTICIDE",ENVIRONMENTAL,IOWA,00,,
"CHEMICAL, INSECTICIDE: (LAMBDA-CYHALOTHRIN = 128897)",ALL PRODUCTION PRACTICES,STATE,ALL CLASSES,IOWA,,FIELD CROPS,ANNUAL,                 (D),"PCT OF AREA PLANTED, AVG",,00,,TREATED,,SURVEY,19,CORN,UNITED STATES,,"CORN - TREATED, MEASURED IN PCT OF AREA PLANTED, AVG",,9000,,00000000,IA,,2014,2014-05-14 15:12:54.000,ALL UTILIZATION PRACTICES,19,YEAR,,"CHEMICAL, INSECTICIDE",ENVIRONMENTAL,IOWA,00,,
"CHEMICAL, INSECTICIDE: (LAMBDA-CYHALOTHRIN = 128897)",ALL PRODUCTION PRACTICES,STATE,ALL CLASSES,IOWA,,FIELD CROPS,ANNUAL,                 (D),"PCT OF AREA PLANTED, AVG",,00,,TREATED,,SURVEY,19,CORN,UNITED STATES,,"CORN - TREATED, MEASURED IN PCT OF AREA PLANTED, AVG",,9000,,00000000,IA,,2010,2012-01-01 00:00:00.000,ALL UTILIZATION PRACTICES,19,YEAR,,"CHEMICAL, INSECTICIDE",ENVIRONMENTAL,IOWA,00,,
"CHEMICAL, INSECTICIDE: (PERMETHRIN = 109701)",ALL PRODUCTION PRACTICES,STATE,ALL CLASSES,IOWA,,FIELD CROPS,ANNUAL,                 (D),"PCT OF AREA PLANTED, AVG",,00,,TREATED,,SURVEY,19,CORN,UNITED STATES,,"CORN - TREATED, MEASURED IN PCT OF AREA PLANTED, AVG",,9000,,00000000,IA,,2016,2016-08-31 14:19:39.000,ALL UTILIZATION PRACTICES,19,YEAR,,"CHEMICAL, INSECTICIDE",ENVIRONMENTAL,IOWA,00,,
"CHEMICAL, INSECTICIDE: (PERMETHRIN = 109701)",ALL PRODUCTION PRACTICES,STATE,ALL CLASSES,IOWA,,FIELD CROPS,ANNUAL,                 (D),"PCT OF AREA PLANTED, AVG",,00,,TREATED,,SURVEY,19,CORN,UNITED STATES,,"CORN - TREATED, MEASURED IN PCT OF AREA PLANTED, AVG",,9000,,00000000,IA,,2014,2014-05-14 15:12:54.000,ALL UTILIZATION PRACTICES,19,YEAR,,"CHEMICAL, INSECTICIDE",ENVIRONMENTAL,IOWA,00,,
"CHEMICAL, INSECTICIDE: (PERMETHRIN = 109701)",ALL PRODUCTION PRACTICES,STATE,ALL CLASSES,IOWA,,FIELD CROPS,ANNUAL,1,"PCT OF AREA PLANTED, AVG",,00,,TREATED,,SURVEY,19,CORN,UNITED STATES,,"CORN - TREATED, MEASURED IN PCT OF AREA PLANTED, AVG",,9000,,00000000,IA,,2000,2000-06-11 10:11:36.000,ALL UTILIZATION PRACTICES,19,YEAR,,"CHEMICAL, INSECTICIDE",ENVIRONMENTAL,IOWA,00,,
"CHEMICAL, INSECTICIDE: (SPINETORAM = 110007)",ALL PRODUCTION PRACTICES,STATE,ALL CLASSES,IOWA,,FIELD CROPS,ANNUAL,                 (D),"PCT OF AREA PLANTED, AVG",,00,,TREATED,,SURVEY,19,CORN,UNITED STATES,,"CORN - TREATED, MEASURED IN PCT OF AREA PLANTED, AVG",,9000,,00000000,IA,,2018,2018-05-10 15:16:25.000,ALL UTILIZATION PRACTICES,19,YEAR,,"CHEMICAL, INSECTICIDE",ENVIRONMENTAL,IOWA,00,,
"CHEMICAL, INSECTICIDE: (SPINOSAD = 110003)",ALL PRODUCTION PRACTICES,STATE,ALL CLASSES,IOWA,,FIELD CROPS,ANNUAL,                 (D),"PCT OF AREA PLANTED, AVG",,00,,TREATED,,SURVEY,19,CORN,UNITED STATES,,"CORN - TREATED, MEASURED IN PCT OF AREA PLANTED, AVG",,9000,,00000000,IA,,2014,2014-05-14 15:12:54.000,ALL UTILIZATION PRACTICES,19,YEAR,,"CHEMICAL, INSECTICIDE",ENVIRONMENTAL,IOWA,00,,
"CHEMICAL, INSECTICIDE: (TEBUPIRIMPHOS = 129086)",ALL PRODUCTION PRACTICES,STATE,ALL CLASSES,IOWA,,FIELD CROPS,ANNUAL,                 (D),"PCT OF AREA PLANTED, AVG",,00,,TREATED,,SURVEY,19,CORN,UNITED STATES,,"CORN - TREATED, MEASURED IN PCT OF AREA PLANTED, AVG",,9000,,00000000,IA,,2021,2021-05-13 15:00:30.000,ALL UTILIZATION PRACTICES,19,YEAR,,"CHEMICAL, INSECTICIDE",ENVIRONMENTAL,IOWA,00,,
"CHEMICAL, INSECTICIDE: (TEBUPIRIMPHOS = 129086)",ALL PRODUCTION PRACTICES,STATE,ALL CLASSES,IOWA,,FIELD CROPS,ANNUAL,                 (D),"PCT OF AREA PLANTED, AVG",,00,,TREATED,,SURVEY,19,CORN,UNITED STATES,,"CORN - TREATED, MEASURED IN PCT OF AREA PLANTED, AVG",,9000,,00000000,IA,,2018,2018-05-10 15:16:25.000,ALL UTILIZATION PRACTICES,19,YEAR,,"CHEMICAL, INSECTICIDE",ENVIRONMENTAL,IOWA,00,,
"CHEMICAL, INSECTICIDE: (TEBUPIRIMPHOS = 129086)",ALL PRODUCTION PRACTICES,STATE,ALL CLASSES,IOWA,,FIELD CROPS,ANNUAL,4,"PCT OF AREA PLANTED, AVG",,00,,TREATED,,SURVEY,19,CORN,UNITED STATES,,"CORN - TREATED, MEASURED IN PCT OF AREA PLANTED, AVG",,9000,,00000000,IA,,2016,2016-08-31 14:19:39.000,ALL UTILIZATION PRACTICES,19,YEAR,,"CHEMICAL, INSECTICIDE",ENVIRONMENTAL,IOWA,00,,
"CHEMICAL, INSECTICIDE: (TEBUPIRIMPHOS = 129086)",ALL PRODUCTION PRACTICES,STATE,ALL CLASSES,IOWA,,FIELD CROPS,ANNUAL,4,"PCT OF AREA PLANTED, AVG",,00,,TREATED,,SURVEY,19,CORN,UNITED STATES,,"CORN - TREATED, MEASURED IN PCT OF AREA PLANTED, AVG",,9000,,00000000,IA,,2014,2014-05-14 15:12:54.000,ALL UTILIZATION PRACTICES,19,YEAR,,"CHEMICAL, INSECTICIDE",ENVIRONMENTAL,IOWA,00,,
"CHEMICAL, INSECTICIDE: (TEBUPIRIMPHOS = 129086)",ALL PRODUCTION PRACTICES,STATE,ALL CLASSES,IOWA,,FIELD CROPS,ANNUAL,1,"PCT OF AREA PLANTED, AVG",,00,,TREATED,,SURVEY,19,CORN,UNITED STATES,,"CORN - TREATED, MEASURED IN PCT OF AREA PLANTED, AVG",,9000,,00000000,IA,,2010,2012-01-01 00:00:00.000,ALL UTILIZATION PRACTICES,19,YEAR,,"CHEMICAL, INSECTICIDE",ENVIRONMENTAL,IOWA,00,,
"CHEMICAL, INSECTICIDE: (TEBUPIRIMPHOS = 129086)",ALL PRODUCTION PRACTICES,STATE,ALL CLASSES,IOWA,,FIELD CROPS,ANNUAL,6,"PCT OF AREA PLANTED, AVG",,00,,TREATED,,SURVEY,19,CORN,UNITED STATES,,"CORN - TREATED, MEASURED IN PCT OF AREA PLANTED, AVG",,9000,,00000000,IA,,2005,2005-06-11 10:11:36.000,ALL UTILIZATION PRACTICES,19,YEAR,,"CHEMICAL, INSECTICIDE",ENVIRONMENTAL,IOWA,00,,
"CHEMICAL, INSECTICIDE: (TEBUPIRIMPHOS = 129086)",ALL PRODUCTION PRACTICES,STATE,ALL CLASSES,IOWA,,FIELD CROPS,ANNUAL,5,"PCT OF AREA PLANTED, AVG",,00,,TREATED,,SURVEY,19,CORN,UNITED STATES,,"CORN - TREATED, MEASURED IN PCT OF AREA PLANTED, AVG",,9000,,00000000,IA,,2003,2003-06-11 10:11:36.000,ALL UTILIZATION PRACTICES,19,YEAR,,"CHEMICAL, INSECTICIDE",ENVIRONMENTAL,IOWA,00,,
"CHEMICAL, INSECTICIDE: (TEBUPIRIMPHOS = 129086)",ALL PRODUCTION PRACTICES,STATE,ALL CLASSES,IOWA,,FIELD CROPS,ANNUAL,5,"PCT OF AREA PLANTED, AVG",,00,,TREATED,,SURVEY,19,CORN,UNITED STATES,,"CORN - TREATED, MEASURED IN PCT OF AREA PLANTED, AVG",,9000,,00000000,IA,,2000,2000-06-11 10:11:36.000,ALL UTILIZATION PRACTICES,19,YEAR,,"CHEMICAL, INSECTICIDE",ENVIRONMENTAL,IOWA,00,,
"CHEMICAL, INSECTICIDE: (TEFLUTHRIN = 128912)",ALL PRODUCTION PRACTICES,STATE,ALL CLASSES,IOWA,,FIELD CROPS,ANNUAL,                 (D),"PCT OF AREA PLANTED, AVG",,00,,TREATED,,SURVEY,19,CORN,UNITED STATES,,"CORN - TREATED, MEASURED IN PCT OF AREA PLANTED, AVG",,9000,,00000000,IA,,2018,2018-05-10 15:16:25.000,ALL UTILIZATION PRACTICES,19,YEAR,,"CHEMICAL, INSECTICIDE",ENVIRONMENTAL,IOWA,00,,
"CHEMICAL, INSECTICIDE: (TEFLUTHRIN = 128912)",ALL PRODUCTION PRACTICES,STATE,ALL CLASSES,IOWA,,FIELD CROPS,ANNUAL,                 (D),"PCT OF AREA PLANTED, AVG",,00,,TREATED,,SURVEY,19,CORN,UNITED STATES,,"CORN - TREATED, MEASURED IN PCT OF AREA PLANTED, AVG",,9000,,00000000,IA,,2016,2016-08-31 14:19:39.000,ALL UTILIZATION PRACTICES,19,YEAR,,"CHEMICAL, INSECTICIDE",ENVIRONMENTAL,IOWA,00,,
"CHEMICAL, INSECTICIDE: (TEFLUTHRIN = 128912)",ALL PRODUCTION PRACTICES,STATE,ALL CLASSES,IOWA,,FIELD CROPS,ANNUAL,                 (D),"PCT OF AREA PLANTED, AVG",,00,,TREATED,,SURVEY,19,CORN,UNITED STATES,,"CORN - TREATED, MEASURED IN PCT OF AREA PLANTED, AVG",,9000,,00000000,IA,,2014,2014-05-14 15:12:54.000,ALL UTILIZATION PRACTICES,19,YEAR,,"CHEMICAL, INSECTICIDE",ENVIRONMENTAL,IOWA,00,,
"CHEMICAL, INSECTICIDE: (TEFLUTHRIN = 128912)",ALL PRODUCTION PRACTICES,STATE,ALL CLASSES,IOWA,,FIELD CROPS,ANNUAL,2,"PCT OF AREA PLANTED, AVG",,00,,TREATED,,SURVEY,19,CORN,UNITED STATES,,"CORN - TREATED, MEASURED IN PCT OF AREA PLANTED, AVG",,9000,,00000000,IA,,2005,2005-06-11 10:11:36.000,ALL UTILIZATION PRACTICES,19,YEAR,,"CHEMICAL, INSECTICIDE",ENVIRONMENTAL,IOWA,00,,
"CHEMICAL, INSECTICIDE: (TEFLUTHRIN = 128912)",ALL PRODUCTION PRACTICES,STATE,ALL CLASSES,IOWA,,FIELD CROPS,ANNUAL,2,"PCT OF AREA PLANTED, AVG",,00,,TREATED,,SURVEY,19,CORN,UNITED STATES,,"CORN - TREATED, MEASURED IN PCT OF AREA PLANTED, AVG",,9000,,00000000,IA,,2002,2002-06-11 10:11:36.000,ALL UTILIZATION PRACTICES,19,YEAR,,"CHEMICAL, INSECTICIDE",ENVIRONMENTAL,IOWA,00,,
"CHEMICAL, INSECTICIDE: (TERBUFOS = 105001)",ALL PRODUCTION PRACTICES,STATE,ALL CLASSES,IOWA,,FIELD CROPS,ANNUAL,                 (D),"PCT OF AREA PLANTED, AVG",,00,,TREATED,,SURVEY,19,CORN,UNITED STATES,,"CORN - TREATED, MEASURED IN PCT OF AREA PLANTED, AVG",,9000,,00000000,IA,,2016,2016-08-31 14:19:39.000,ALL UTILIZATION PRACTICES,19,YEAR,,"CHEMICAL, INSECTICIDE",ENVIRONMENTAL,IOWA,00,,
"CHEMICAL, INSECTICIDE: (TERBUFOS = 105001)",ALL PRODUCTION PRACTICES,STATE,ALL CLASSES,IOWA,,FIELD CROPS,ANNUAL,                 (D),"PCT OF AREA PLANTED, AVG",,00,,TREATED,,SURVEY,19,CORN,UNITED STATES,,"CORN - TREATED, MEASURED IN PCT OF AREA PLANTED, AVG",,9000,,00000000,IA,,2010,2012-01-01 00:00:00.000,ALL UTILIZATION PRACTICES,19,YEAR,,"CHEMICAL, INSECTICIDE",ENVIRONMENTAL,IOWA,00,,
"CHEMICAL, INSECTICIDE: (TOTAL)",ALL PRODUCTION PRACTICES,STATE,ALL CLASSES,IOWA,,FIELD CROPS,ANNUAL,13,"PCT OF AREA PLANTED, AVG",,00,,TREATED,,SURVEY,19,CORN,UNITED STATES,,"CORN - TREATED, MEASURED IN PCT OF AREA PLANTED, AVG",,9000,,00000000,IA,,2021,2021-05-13 15:00:30.000,ALL UTILIZATION PRACTICES,19,YEAR,,"CHEMICAL, INSECTICIDE",ENVIRONMENTAL,IOWA,00,,
"CHEMICAL, INSECTICIDE: (TOTAL)",ALL PRODUCTION PRACTICES,STATE,ALL CLASSES,IOWA,,FIELD CROPS,ANNUAL,18,"PCT OF AREA PLANTED, AVG",,00,,TREATED,,SURVEY,19,CORN,UNITED STATES,,"CORN - TREATED, MEASURED IN PCT OF AREA PLANTED, AVG",,9000,,00000000,IA,,2018,2018-05-10 15:16:25.000,ALL UTILIZATION PRACTICES,19,YEAR,,"CHEMICAL, INSECTICIDE",ENVIRONMENTAL,IOWA,00,,
"CHEMICAL, INSECTICIDE: (TOTAL)",ALL PRODUCTION PRACTICES,STATE,ALL CLASSES,IOWA,,FIELD CROPS,ANNUAL,10,"PCT OF AREA PLANTED, AVG",,00,,TREATED,,SURVEY,19,CORN,UNITED STATES,,"CORN - TREATED, MEASURED IN PCT OF AREA PLANTED, AVG",,9000,,00000000,IA,,2016,2016-08-31 14:19:39.000,ALL UTILIZATION PRACTICES,19,YEAR,,"CHEMICAL, INSECTICIDE",ENVIRONMENTAL,IOWA,00,,
"CHEMICAL, INSECTICIDE: (TOTAL)",ALL PRODUCTION PRACTICES,STATE,ALL CLASSES,IOWA,,FIELD CROPS,ANNUAL,13,"PCT OF AREA PLANTED, AVG",,00,,TREATED,,SURVEY,19,CORN,UNITED STATES,,"CORN - TREATED, MEASURED IN PCT OF AREA PLANTED, AVG",,9000,,00000000,IA,,2014,2014-05-14 15:12:54.000,ALL UTILIZATION PRACTICES,19,YEAR,,"CHEMICAL, INSECTICIDE",ENVIRONMENTAL,IOWA,00,,
"CHEMICAL, INSECTICIDE: (TOTAL)",ALL PRODUCTION PRACTICES,STATE,ALL CLASSES,IOWA,,FIELD CROPS,ANNUAL,8,"PCT OF AREA PLANTED, AVG",,00,,TREATED,,SURVEY,19,CORN,UNITED STATES,,"CORN - TREATED, MEASURED IN PCT OF AREA PLANTED, AVG",,9000,,00000000,IA,,2010,2012-01-01 00:00:00.000,ALL UTILIZATION PRACTICES,19,YEAR,,"CHEMICAL, INSECTICIDE",ENVIRONMENTAL,IOWA,00,,
"CHEMICAL, INSECTICIDE: (TOTAL)",ALL PRODUCTION PRACTICES,STATE,ALL CLASSES,IOWA,,FIELD CROPS,ANNUAL,11,"PCT OF AREA PLANTED, AVG",,00,,TREATED,,SURVEY,19,CORN,UNITED STATES,,"CORN - TREATED, MEASURED IN PCT OF AREA PLANTED, AVG",,9000,,00000000,IA,,2005,2005-06-11 10:11:36.000,ALL UTILIZATION PRACTICES,19,YEAR,,"CHEMICAL, INSECTICIDE",ENVIRONMENTAL,IOWA,00,,
"CHEMICAL, INSECTICIDE: (TOTAL)",ALL PRODUCTION PRACTICES,STATE,ALL CLASSES,IOWA,,FIELD CROPS,ANNUAL,14,"PCT OF AREA PLANTED, AVG",,00,,TREATED,,SURVEY,19,CORN,UNITED STATES,,"CORN - TREATED, MEASURED IN PCT OF AREA PLANTED, AVG",,9000,,00000000,IA,,2003,2003-06-11 10:11:36.000,ALL UTILIZATION PRACTICES,19,YEAR,,"CHEMICAL, INSECTICIDE",ENVIRONMENTAL,IOWA,00,,
"CHEMICAL, INSECTICIDE: (TOTAL)",ALL PRODUCTION PRACTICES,STATE,ALL CLASSES,IOWA,,FIELD CROPS,ANNUAL,12,"PCT OF AREA PLANTED, AVG",,00,,TREATED,,SURVEY,19,CORN,UNITED STATES,,"CORN - TREATED, MEASURED IN PCT OF AREA PLANTED, AVG",,9000,,00000000,IA,,2002,2002-06-11 10:11:36.000,ALL UTILIZATION PRACTICES,19,YEAR,,"CHEMICAL, INSECTICIDE",ENVIRONMENTAL,IOWA,00,,
"CHEMICAL, INSECTICIDE: (TOTAL)",ALL PRODUCTION PRACTICES,STATE,ALL CLASSES,IOWA,,FIELD CROPS,ANNUAL,7,"PCT OF AREA PLANTED, AVG",,00,,TREATED,,SURVEY,19,CORN,UNITED STATES,,"CORN - TREATED, MEASURED IN PCT OF AREA PLANTED, AVG",,9000,,00000000,IA,,2001,2001-06-11 10:11:36.000,ALL UTILIZATION PRACTICES,19,YEAR,,"CHEMICAL, INSECTICIDE",ENVIRONMENTAL,IOWA,00,,
"CHEMICAL, INSECTICIDE: (TOTAL)",ALL PRODUCTION PRACTICES,STATE,ALL CLASSES,IOWA,,FIELD CROPS,ANNUAL,16,"PCT OF AREA PLANTED, AVG",,00,,TREATED,,SURVEY,19,CORN,UNITED STATES,,"CORN - TREATED, MEASURED IN PCT OF AREA PLANTED, AVG",,9000,,00000000,IA,,2000,2000-06-11 10:11:36.000,ALL UTILIZATION PRACTICES,19,YEAR,,"CHEMICAL, INSECTICIDE",ENVIRONMENTAL,IOWA,00,,
"CHEMICAL, INSECTICIDE: (ZETA-CYPERMETHRIN = 129064)",ALL PRODUCTION PRACTICES,STATE,ALL CLASSES,IOWA,,FIELD CROPS,ANNUAL,                 (D),"PCT OF AREA PLANTED, AVG",,00,,TREATED,,SURVEY,19,CORN,UNITED STATES,,"CORN - TREATED, MEASURED IN PCT OF AREA PLANTED, AVG",,9000,,00000000,IA,,2018,2018-05-10 15:16:25.000,ALL UTILIZATION PRACTICES,19,YEAR,,"CHEMICAL, INSECTICIDE",ENVIRONMENTAL,IOWA,00,,
"CHEMICAL, INSECTICIDE: (ZETA-CYPERMETHRIN = 129064)",ALL PRODUCTION PRACTICES,STATE,ALL CLASSES,IOWA,,FIELD CROPS,ANNUAL,                 (D),"PCT OF AREA PLANTED, AVG",,00,,TREATED,,SURVEY,19,CORN,UNITED STATES,,"CORN - TREATED, MEASURED IN PCT OF AREA PLANTED, AVG",,9000,,00000000,IA,,2016,2016-08-31 14:19:39.000,ALL UTILIZATION PRACTICES,19,YEAR,,"CHEMICAL, INSECTICIDE",ENVIRONMENTAL,IOWA,00,,
"CHEMICAL, OTHER: (CLOPYRALID POTASSIUM = 117423)",ALL PRODUCTION PRACTICES,STATE,ALL CLASSES,IOWA,,FIELD CROPS,ANNUAL,                 (D),"PCT OF AREA PLANTED, AVG",,00,,TREATED,,SURVEY,19,CORN,UNITED STATES,,"CORN - TREATED, MEASURED IN PCT OF AREA PLANTED, AVG",,9000,,00000000,IA,,2016,2016-08-31 14:19:39.000,ALL UTILIZATION PRACTICES,19,YEAR,,"CHEMICAL, OTHER",ENVIRONMENTAL,IOWA,00,,
"CHEMICAL, OTHER: (FLUTRIAFOL = 128940)",ALL PRODUCTION PRACTICES,STATE,ALL CLASSES,IOWA,,FIELD CROPS,ANNUAL,                 (D),"PCT OF AREA PLANTED, AVG",,00,,TREATED,,SURVEY,19,CORN,UNITED STATES,,"CORN - TREATED, MEASURED IN PCT OF AREA PLANTED, AVG",,9000,,00000000,IA,,2018,2018-05-10 15:16:25.000,ALL UTILIZATION PRACTICES,19,YEAR,,"CHEMICAL, OTHER",ENVIRONMENTAL,IOWA,00,,
"CHEMICAL, OTHER: (FLUTRIAFOL = 128940)",ALL PRODUCTION PRACTICES,STATE,ALL CLASSES,IOWA,,FIELD CROPS,ANNUAL,                 (D),"PCT OF AREA PLANTED, AVG",,00,,TREATED,,SURVEY,19,CORN,UNITED STATES,,"CORN - TREATED, MEASURED IN PCT OF AREA PLANTED, AVG",,9000,,00000000,IA,,2014,2014-05-14 15:12:54.000,ALL UTILIZATION PRACTICES,19,YEAR,,"CHEMICAL, OTHER",ENVIRONMENTAL,IOWA,00,,
"CHEMICAL, OTHER: (TOTAL)",ALL PRODUCTION PRACTICES,STATE,ALL CLASSES,IOWA,,FIELD CROPS,ANNUAL,                 (D),"PCT OF AREA PLANTED, AVG",,00,,TREATED,,SURVEY,19,CORN,UNITED STATES,,"CORN - TREATED, MEASURED IN PCT OF AREA PLANTED, AVG",,9000,,00000000,IA,,2018,2018-05-10 15:16:25.000,ALL UTILIZATION PRACTICES,19,YEAR,,"CHEMICAL, OTHER",ENVIRONMENTAL,IOWA,00,,
"CHEMICAL, OTHER: (TOTAL)",ALL PRODUCTION PRACTICES,STATE,ALL CLASSES,IOWA,,FIELD CROPS,ANNUAL,                 (D),"PCT OF AREA PLANTED, AVG",,00,,TREATED,,SURVEY,19,CORN,UNITED STATES,,"CORN - TREATED, MEASURED IN PCT OF AREA PLANTED, AVG",,9000,,00000000,IA,,2016,2016-08-31 14:19:39.000,ALL UTILIZATION PRACTICES,19,YEAR,,"CHEMICAL, OTHER",ENVIRONMENTAL,IOWA,00,,
"CHEMICAL, OTHER: (TOTAL)",ALL PRODUCTION PRACTICES,STATE,ALL CLASSES,IOWA,,FIELD CROPS,ANNUAL,                 (D),"PCT OF AREA PLANTED, AVG",,00,,TREATED,,SURVEY,19,CORN,UNITED STATES,,"CORN - TREATED, MEASURED IN PCT OF AREA PLANTED, AVG",,9000,,00000000,IA,,2014,2014-05-14 15:12:54.000,ALL UTILIZATION PRACTICES,19,YEAR,,"CHEMICAL, OTHER",ENVIRONMENTAL,IOWA,00,,
FERTILIZER: (NITROGEN),ALL PRODUCTION PRACTICES,STATE,ALL CLASSES,IOWA,,FIELD CROPS,ANNUAL,87,"PCT OF AREA PLANTED, AVG",,00,,TREATED,,SURVEY,19,CORN,UNITED STATES,,"CORN - TREATED, MEASURED IN PCT OF AREA PLANTED, AVG",,9000,,00000000,IA,,2021,2021-05-13 15:00:30.000,ALL UTILIZATION PRACTICES,19,YEAR,,FERTILIZER,ENVIRONMENTAL,IOWA,00,,
FERTILIZER: (NITROGEN),ALL PRODUCTION PRACTICES,STATE,ALL CLASSES,IOWA,,FIELD CROPS,ANNUAL,97,"PCT OF AREA PLANTED, AVG",,00,,TREATED,,SURVEY,19,CORN,UNITED STATES,,"CORN - TREATED, MEASURED IN PCT OF AREA PLANTED, AVG",,9000,,00000000,IA,,2018,2018-05-10 15:16:25.000,ALL UTILIZATION PRACTICES,19,YEAR,,FERTILIZER,ENVIRONMENTAL,IOWA,00,,
FERTILIZER: (NITROGEN),ALL PRODUCTION PRACTICES,STATE,ALL CLASSES,IOWA,,FIELD CROPS,ANNUAL,98,"PCT OF AREA PLANTED, AVG",,00,,TREATED,,SURVEY,19,CORN,UNITED STATES,,"CORN - TREATED, MEASURED IN PCT OF AREA PLANTED, AVG",,9000,,00000000,IA,,2016,2016-08-31 14:19:39.000,ALL UTILIZATION PRACTICES,19,YEAR,,FERTILIZER,ENVIRONMENTAL,IOWA,00,,
FERTILIZER: (NITROGEN),ALL PRODUCTION PRACTICES,STATE,ALL CLASSES,IOWA,,FIELD CROPS,ANNUAL,96,"PCT OF AREA PLANTED, AVG",,00,,TREATED,,SURVEY,19,CORN,UNITED STATES,,"CORN - TREATED, MEASURED IN PCT OF AREA PLANTED, AVG",,9000,,00000000,IA,,2014,2014-05-14 15:12:54.000,ALL UTILIZATION PRACTICES,19,YEAR,,FERTILIZER,ENVIRONMENTAL,IOWA,00,,
FERTILIZER: (NITROGEN),ALL PRODUCTION PRACTICES,STATE,ALL CLASSES,IOWA,,FIELD CROPS,ANNUAL,95,"PCT OF AREA PLANTED, AVG",,00,,TREATED,,SURVEY,19,CORN,UNITED STATES,,"CORN - TREATED, MEASURED IN PCT OF AREA PLANTED, AVG",,9000,,00000000,IA,,2010,2012-01-01 00:00:00.000,ALL UTILIZATION PRACTICES,19,YEAR,,FERTILIZER,ENVIRONMENTAL,IOWA,00,,
FERTILIZER: (NITROGEN),ALL PRODUCTION PRACTICES,STATE,ALL CLASSES,IOWA,,FIELD CROPS,ANNUAL,92,"PCT OF AREA PLANTED, AVG",,00,,TREATED,,SURVEY,19,CORN,UNITED STATES,,"CORN - TREATED, MEASURED IN PCT OF AREA PLANTED, AVG",,9000,,00000000,IA,,2005,2005-06-11 10:11:36.000,ALL UTILIZATION PRACTICES,19,YEAR,,FERTILIZER,ENVIRONMENTAL,IOWA,00,,
FERTILIZER: (NITROGEN),ALL PRODUCTION PRACTICES,STATE,ALL CLASSES,IOWA,,FIELD CROPS,ANNUAL,93,"PCT OF AREA PLANTED, AVG",,00,,TREATED,,SURVEY,19,CORN,UNITED STATES,,"CORN - TREATED, MEASURED IN PCT OF AREA PLANTED, AVG",,9000,,00000000,IA,,2003,2003-06-11 10:11:36.000,ALL UTILIZATION PRACTICES,19,YEAR,,FERTILIZER,ENVIRONMENTAL,IOWA,00,,
FERTILIZER: (NITROGEN),ALL PRODUCTION PRACTICES,STATE,ALL CLASSES,IOWA,,FIELD CROPS,ANNUAL,94,"PCT OF AREA PLANTED, AVG",,00,,TREATED,,SURVEY,19,CORN,UNITED STATES,,"CORN - TREATED, MEASURED IN PCT OF AREA PLANTED, AVG",,9000,,00000000,IA,,2002,2002-06-11 10:11:36.000,ALL UTILIZATION PRACTICES,19,YEAR,,FERTILIZER,ENVIRONMENTAL,IOWA,00,,
FERTILIZER: (NITROGEN),ALL PRODUCTION PRACTICES,STATE,ALL CLASSES,IOWA,,FIELD CROPS,ANNUAL,87,"PCT OF AREA PLANTED, AVG",,00,,TREATED,,SURVEY,19,CORN,UNITED STATES,,"CORN - TREATED, MEASURED IN PCT OF AREA PLANTED, AVG",,9000,,00000000,IA,,2001,2001-06-11 10:11:36.000,ALL UTILIZATION PRACTICES,19,YEAR,,FERTILIZER,ENVIRONMENTAL,IOWA,00,,
FERTILIZER: (NITROGEN),ALL PRODUCTION PRACTICES,STATE,ALL CLASSES,IOWA,,FIELD CROPS,ANNUAL,95,"PCT OF AREA PLANTED, AVG",,00,,TREATED,,SURVEY,19,CORN,UNITED STATES,,"CORN - TREATED, MEASURED IN PCT OF AREA PLANTED, AVG",,9000,,00000000,IA,,2000,2000-06-11 10:11:36.000,ALL UTILIZATION PRACTICES,19,YEAR,,FERTILIZER,ENVIRONMENTAL,IOWA,00,,
FERTILIZER: (PHOSPHATE),ALL PRODUCTION PRACTICES,STATE,ALL CLASSES,IOWA,,FIELD CROPS,ANNUAL,49,"PCT OF AREA PLANTED, AVG",,00,,TREATED,,SURVEY,19,CORN,UNITED STATES,,"CORN - TREATED, MEASURED IN PCT OF AREA PLANTED, AVG",,9000,,00000000,IA,,2021,2021-05-13 15:00:30.000,ALL UTILIZATION PRACTICES,19,YEAR,,FERTILIZER,ENVIRONMENTAL,IOWA,00,,
FERTILIZER: (PHOSPHATE),ALL PRODUCTION PRACTICES,STATE,ALL CLASSES,IOWA,,FIELD CROPS,ANNUAL,71,"PCT OF AREA PLANTED, AVG",,00,,TREATED,,SURVEY,19,CORN,UNITED STATES,,"CORN - TREATED, MEASURED IN PCT OF AREA PLANTED, AVG",,9000,,00000000,IA,,2018,2018-05-10 15:16:25.000,ALL UTILIZATION PRACTICES,19,YEAR,,FERTILIZER,ENVIRONMENTAL,IOWA,00,,
FERTILIZER: (PHOSPHATE),ALL PRODUCTION PRACTICES,STATE,ALL CLASSES,IOWA,,FIELD CROPS,ANNUAL,67,"PCT OF AREA PLANTED, AVG",,00,,TREATED,,SURVEY,19,CORN,UNITED STATES,,"CORN - TREATED, MEASURED IN PCT OF AREA PLANTED, AVG",,9000,,00000000,IA,,2016,2016-08-31 14:19:39.000,ALL UTILIZATION PRACTICES,19,YEAR,,FERTILIZER,ENVIRONMENTAL,IOWA,00,,
FERTILIZER: (PHOSPHATE),ALL PRODUCTION PRACTICES,STATE,ALL CLASSES,IOWA,,FIELD CROPS,ANNUAL,64,"PCT OF AREA PLANTED, AVG",,00,,TREATED,,SURVEY,19,CORN,UNITED STATES,,"CORN - TREATED, MEASURED IN PCT OF AREA PLANTED, AVG",,9000,,00000000,IA,,2014,2014-05-14 15:12:54.000,ALL UTILIZATION PRACTICES,19,YEAR,,FERTILIZER,ENVIRONMENTAL,IOWA,00,,
FERTILIZER: (PHOSPHATE),ALL PRODUCTION PRACTICES,STATE,ALL CLASSES,IOWA,,FIELD CROPS,ANNUAL,72,"PCT OF AREA PLANTED, AVG",,00,,TREATED,,SURVEY,19,CORN,UNITED STATES,,"CORN - TREATED, MEASURED IN PCT OF AREA PLANTED, AVG",,9000,,00000000,IA,,2010,2012-01-01 00:00:00.000,ALL UTILIZATION PRACTICES,19,YEAR,,FERTILIZER,ENVIRONMENTAL,IOWA,00,,
FERTILIZER: (PHOSPHATE),ALL PRODUCTION PRACTICES,STATE,ALL CLASSES,IOWA,,FIELD CROPS,ANNUAL,70,"PCT OF AREA PLANTED, AVG",,00,,TREATED,,SURVEY,19,CORN,UNITED STATES,,"CORN - TREATED, MEASURED IN PCT OF AREA PLANTED, AVG",,9000,,00000000,IA,,2005,2005-06-11 10:11:36.000,ALL UTILIZATION PRACTICES,19,YEAR,,FERTILIZER,ENVIRONMENTAL,IOWA,00,,
FERTILIZER: (PHOSPHATE),ALL PRODUCTION PRACTICES,STATE,ALL CLASSES,IOWA,,FIELD CROPS,ANNUAL,59,"PCT OF AREA PLANTED, AVG",,00,,TREATED,,SURVEY,19,CORN,UNITED STATES,,"CORN - TREATED, MEASURED IN PCT OF AREA PLANTED, AVG",,9000,,00000000,IA,,2003,2003-06-11 10:11:36.000,ALL UTILIZATION PRACTICES,19,YEAR,,FERTILIZER,ENVIRONMENTAL,IOWA,00,,
FERTILIZER: (PHOSPHATE),ALL PRODUCTION PRACTICES,STATE,ALL CLASSES,IOWA,,FIELD CROPS,ANNUAL,72,"PCT OF AREA PLANTED, AVG",,00,,TREATED,,SURVEY,19,CORN,UNITED STATES,,"CORN - TREATED, MEASURED IN PCT OF AREA PLANTED, AVG",,9000,,00000000,IA,,2002,2002-06-11 10:11:36.000,ALL UTILIZATION PRACTICES,19,YEAR,,FERTILIZER,ENVIRONMENTAL,IOWA,00,,
FERTILIZER: (PHOSPHATE),ALL PRODUCTION PRACTICES,STATE,ALL CLASSES,IOWA,,FIELD CROPS,ANNUAL,62,"PCT OF AREA PLANTED, AVG",,00,,TREATED,,SURVEY,19,CORN,UNITED STATES,,"CORN - TREATED, MEASURED IN PCT OF AREA PLANTED, AVG",,9000,,00000000,IA,,2001,2001-06-11 10:11:36.000,ALL UTILIZATION PRACTICES,19,YEAR,,FERTILIZER,ENVIRONMENTAL,IOWA,00,,
FERTILIZER: (PHOSPHATE),ALL PRODUCTION PRACTICES,STATE,ALL CLASSES,IOWA,,FIELD CROPS,ANNUAL,74,"PCT OF AREA PLANTED, AVG",,00,,TREATED,,SURVEY,19,CORN,UNITED STATES,,"CORN - TREATED, MEASURED IN PCT OF AREA PLANTED, AVG",,9000,,00000000,IA,,2000,2000-06-11 10:11:36.000,ALL UTILIZATION PRACTICES,19,YEAR,,FERTILIZER,ENVIRONMENTAL,IOWA,00,,
FERTILIZER: (POTASH),ALL PRODUCTION PRACTICES,STATE,ALL CLASSES,IOWA,,FIELD CROPS,ANNUAL,46,"PCT OF AREA PLANTED, AVG",,00,,TREATED,,SURVEY,19,CORN,UNITED STATES,,"CORN - TREATED, MEASURED IN PCT OF AREA PLANTED, AVG",,9000,,00000000,IA,,2021,2021-05-13 15:00:30.000,ALL UTILIZATION PRACTICES,19,YEAR,,FERTILIZER,ENVIRONMENTAL,IOWA,00,,
FERTILIZER: (POTASH),ALL PRODUCTION PRACTICES,STATE,ALL CLASSES,IOWA,,FIELD CROPS,ANNUAL,70,"PCT OF AREA PLANTED, AVG",,00,,TREATED,,SURVEY,19,CORN,UNITED STATES,,"CORN - TREATED, MEASURED IN PCT OF AREA PLANTED, AVG",,9000,,00000000,IA,,2018,2018-05-10 15:16:25.000,ALL UTILIZATION PRACTICES,19,YEAR,,FERTILIZER,ENVIRONMENTAL,IOWA,00,,
FERTILIZER: (POTASH),ALL PRODUCTION PRACTICES,STATE,ALL CLASSES,IOWA,,FIELD CROPS,ANNUAL,70,"PCT OF AREA PLANTED, AVG",,00,,TREATED,,SURVEY,19,CORN,UNITED STATES,,"CORN - TREATED, MEASURED IN PCT OF AREA PLANTED, AVG",,9000,,00000000,IA,,2016,2016-08-31 14:19:39.000,ALL UTILIZATION PRACTICES,19,YEAR,,FERTILIZER,ENVIRONMENTAL,IOWA,00,,
FERTILIZER: (POTASH),ALL PRODUCTION PRACTICES,STATE,ALL CLASSES,IOWA,,FIELD CROPS,ANNUAL,63,"PCT OF AREA PLANTED, AVG",,00,,TREATED,,SURVEY,19,CORN,UNITED STATES,,"CORN - TREATED, MEASURED IN PCT OF AREA PLANTED, AVG",,9000,,00000000,IA,,2014,2014-05-14 15:12:54.000,ALL UTILIZATION PRACTICES,19,YEAR,,FERTILIZER,ENVIRONMENTAL,IOWA,00,,
FERTILIZER: (POTASH),ALL PRODUCTION PRACTICES,STATE,ALL CLASSES,IOWA,,FIELD CROPS,ANNUAL,68,"PCT OF AREA PLANTED, AVG",,00,,TREATED,,SURVEY,19,CORN,UNITED STATES,,"CORN - TREATED, MEASURED IN PCT OF AREA PLANTED, AVG",,9000,,00000000,IA,,2010,2012-01-01 00:00:00.000,ALL UTILIZATION PRACTICES,19,YEAR,,FERTILIZER,ENVIRONMENTAL,IOWA,00,,
FERTILIZER: (POTASH),ALL PRODUCTION PRACTICES,STATE,ALL CLASSES,IOWA,,FIELD CROPS,ANNUAL,71,"PCT OF AREA PLANTED, AVG",,00,,TREATED,,SURVEY,19,CORN,UNITED STATES,,"CORN - TREATED, MEASURED IN PCT OF AREA PLANTED, AVG",,9000,,00000000,IA,,2005,2005-06-11 10:11:36.000,ALL UTILIZATION PRACTICES,19,YEAR,,FERTILIZER,ENVIRONMENTAL,IOWA,00,,
FERTILIZER: (POTASH),ALL PRODUCTION PRACTICES,STATE,ALL CLASSES,IOWA,,FIELD CROPS,ANNUAL,65,"PCT OF AREA PLANTED, AVG",,00,,TREATED,,SURVEY,19,CORN,UNITED STATES,,"CORN - TREATED, MEASURED IN PCT OF AREA PLANTED, AVG",,9000,,00000000,IA,,2003,2003-06-11 10:11:36.000,ALL UTILIZATION PRACTICES,19,YEAR,,FERTILIZER,ENVIRONMENTAL,IOWA,00,,
FERTILIZER: (POTASH),ALL PRODUCTION PRACTICES,STATE,ALL CLASSES,IOWA,,FIELD CROPS,ANNUAL,69,"PCT OF AREA PLANTED, AVG",,00,,TREATED,,SURVEY,19,CORN,UNITED STATES,,"CORN - TREATED, MEASURED IN PCT OF AREA PLANTED, AVG",,9000,,00000000,IA,,2002,2002-06-11 10:11:36.000,ALL UTILIZATION PRACTICES,19,YEAR,,FERTILIZER,ENVIRONMENTAL,IOWA,00,,
FERTILIZER: (POTASH),ALL PRODUCTION PRACTICES,STATE,ALL CLASSES,IOWA,,FIELD CROPS,ANNUAL,60,"PCT OF AREA PLANTED, AVG",,00,,TREATED,,SURVEY,19,CORN,UNITED STATES,,"CORN - TREATED, MEASURED IN PCT OF AREA PLANTED, AVG",,9000,,00000000,IA,,2001,2001-06-11 10:11:36.000,ALL UTILIZATION PRACTICES,19,YEAR,,FERTILIZER,ENVIRONMENTAL,IOWA,00,,
FERTILIZER: (POTASH),ALL PRODUCTION PRACTICES,STATE,ALL CLASSES,IOWA,,FIELD CROPS,ANNUAL,74,"PCT OF AREA PLANTED, AVG",,00,,TREATED,,SURVEY,19,CORN,UNITED STATES,,"CORN - TREATED, MEASURED IN PCT OF AREA PLANTED, AVG",,9000,,00000000,IA,,2000,2000-06-11 10:11:36.000,ALL UTILIZATION PRACTICES,19,YEAR,,FERTILIZER,ENVIRONMENTAL,IOWA,00,,
FERTILIZER: (SULFUR),ALL PRODUCTION PRACTICES,STATE,ALL CLASSES,IOWA,,FIELD CROPS,ANNUAL,16,"PCT OF AREA PLANTED, AVG",,00,,TREATED,,SURVEY,19,CORN,UNITED STATES,,"CORN - TREATED, MEASURED IN PCT OF AREA PLANTED, AVG",,9000,,00000000,IA,,2021,2021-05-13 15:00:30.000,ALL UTILIZATION PRACTICES,19,YEAR,,FERTILIZER,ENVIRONMENTAL,IOWA,00,,
FERTILIZER: (SULFUR),ALL PRODUCTION PRACTICES,STATE,ALL CLASSES,IOWA,,FIELD CROPS,ANNUAL,22,"PCT OF AREA PLANTED, AVG",,00,,TREATED,,SURVEY,19,CORN,UNITED STATES,,"CORN - TREATED, MEASURED IN PCT OF AREA PLANTED, AVG",,9000,,00000000,IA,,2018,2018-05-10 15:16:25.000,ALL UTILIZATION PRACTICES,19,YEAR,,FERTILIZER,ENVIRONMENTAL,IOWA,00,,
FERTILIZER: (SULFUR),ALL PRODUCTION PRACTICES,STATE,ALL CLASSES,IOWA,,FIELD CROPS,ANNUAL,21,"PCT OF AREA PLANTED, AVG",,00,,TREATED,,SURVEY,19,CORN,UNITED STATES,,"CORN - TREATED, MEASURED IN PCT OF AREA PLANTED, AVG",,9000,,00000000,IA,,2016,2016-08-31 14:19:39.000,ALL UTILIZATION PRACTICES,19,YEAR,,FERTILIZER,ENVIRONMENTAL,IOWA,00,,
FERTILIZER: (SULFUR),ALL PRODUCTION PRACTICES,STATE,ALL CLASSES,IOWA,,FIELD CROPS,ANNUAL,18,"PCT OF AREA PLANTED, AVG",,00,,TREATED,,SURVEY,19,CORN,UNITED STATES,,"CORN - TREATED, MEASURED IN PCT OF AREA PLANTED, AVG",,9000,,00000000,IA,,2014,2014-05-14 15:12:54.000,ALL UTILIZATION PRACTICES,19,YEAR,,FERTILIZER,ENVIRONMENTAL,IOWA,00,,
FERTILIZER: (SULFUR),ALL PRODUCTION PRACTICES,STATE,ALL CLASSES,IOWA,,FIELD CROPS,ANNUAL,8,"PCT OF AREA PLANTED, AVG",,00,,TREATED,,SURVEY,19,CORN,UNITED STATES,,"CORN - TREATED, MEASURED IN PCT OF AREA PLANTED, AVG",,9000,,00000000,IA,,2010,2012-01-01 00:00:00.000,ALL UTILIZATION PRACTICES,19,YEAR,,FERTILIZER,ENVIRONMENTAL,IOWA,00,,
FERTILIZER: (SULFUR),ALL PRODUCTION PRACTICES,STATE,ALL CLASSES,IOWA,,FIELD CROPS,ANNUAL,5,"PCT OF AREA PLANTED, AVG",,00,,TREATED,,SURVEY,19,CORN,UNITED STATES,,"CORN - TREATED, MEASURED IN PCT OF AREA PLANTED, AVG",,9000,,00000000,IA,,2005,2005-06-11 10:11:36.000,ALL UTILIZATION PRACTICES,19,YEAR,,FERTILIZER,ENVIRONMENTAL,IOWA,00,,
"PRACTICE, AVOIDANCE: (CROP OR PLANT VARIETY CHOSEN FOR SPECIFIC PEST RESISTANCE)",ORGANIC,STATE,ALL CLASSES,IOWA,,FIELD CROPS,ANNUAL,39,PCT OF AREA PLANTED,,00,,PEST MGMT,,SURVEY,19,CORN,UNITED STATES,,"CORN, ORGANIC - PEST MGMT, MEASURED IN PCT OF AREA PLANTED",,9000,,00000000,IA,,2010,2012-01-01 00:00:00.000,ALL UTILIZATION PRACTICES,19,YEAR,,"PRACTICE, AVOIDANCE",ENVIRONMENTAL,IOWA,00,,
"PRACTICE, AVOIDANCE: (PLANTING LOCATIONS PLANNED TO AVOID CROSS INFESTATION OF PESTS)",ORGANIC,STATE,ALL CLASSES,IOWA,,FIELD CROPS,ANNUAL,32,PCT OF AREA PLANTED,,00,,PEST MGMT,,SURVEY,19,CORN,UNITED STATES,,"CORN, ORGANIC - PEST MGMT, MEASURED IN PCT OF AREA PLANTED",,9000,,00000000,IA,,2010,2012-01-01 00:00:00.000,ALL UTILIZATION PRACTICES,19,YEAR,,"PRACTICE, AVOIDANCE",ENVIRONMENTAL,IOWA,00,,
"PRACTICE, AVOIDANCE: (PLANTING OR HARVESTING DATES ADJUSTED)",ORGANIC,STATE,ALL CLASSES,IOWA,,FIELD CROPS,ANNUAL,82,PCT OF AREA PLANTED,,00,,PEST MGMT,,SURVEY,19,CORN,UNITED STATES,,"CORN, ORGANIC - PEST MGMT, MEASURED IN PCT OF AREA PLANTED",,9000,,00000000,IA,,2010,2012-01-01 00:00:00.000,ALL UTILIZATION PRACTICES,19,YEAR,,"PRACTICE, AVOIDANCE",ENVIRONMENTAL,IOWA,00,,
"PRACTICE, AVOIDANCE: (ROTATED CROPS DURING PAST 3 YEARS)",ORGANIC,STATE,ALL CLASSES,IOWA,,FIELD CROPS,ANNUAL,96,PCT OF AREA PLANTED,,00,,PEST MGMT,,SURVEY,19,CORN,UNITED STATES,,"CORN, ORGANIC - PEST MGMT, MEASURED IN PCT OF AREA PLANTED",,9000,,00000000,IA,,2010,2012-01-01 00:00:00.000,ALL UTILIZATION PRACTICES,19,YEAR,,"PRACTICE, AVOIDANCE",ENVIRONMENTAL,IOWA,00,,
"PRACTICE, AVOIDANCE: (ROW SPACING, PLANT DENSITY, OR ROW DIRECTIONS ADJUSTED)",ORGANIC,STATE,ALL CLASSES,IOWA,,FIELD CROPS,ANNUAL,31,PCT OF AREA PLANTED,,00,,PEST MGMT,,SURVEY,19,CORN,UNITED STATES,,"CORN, ORGANIC - PEST MGMT, MEASURED IN PCT OF AREA PLANTED",,9000,,00000000,IA,,2010,2012-01-01 00:00:00.000,ALL UTILIZATION PRACTICES,19,YEAR,,"PRACTICE, AVOIDANCE",ENVIRONMENTAL,IOWA,00,,
"PRACTICE, MONITORING: (DIAGNOSTIC LABORATORY SERVICES USED FOR PEST DETECTION VIA SOIL OR PLANT TISSUE ANALYSIS)",ORGANIC,STATE,ALL CLASSES,IOWA,,FIELD CROPS,ANNUAL,3,PCT OF AREA PLANTED,,00,,PEST MGMT,,SURVEY,19,CORN,UNITED STATES,,"CORN, ORGANIC - PEST MGMT, MEASURED IN PCT OF AREA PLANTED",,9000,,00000000,IA,,2010,2012-01-01 00:00:00.000,ALL UTILIZATION PRACTICES,19,YEAR,,"PRACTICE, MONITORING",ENVIRONMENTAL,IOWA,00,,
"PRACTICE, MONITORING: (FIELD MAPPING DATA USED TO ASSIST DECISIONS)",ORGANIC,STATE,ALL CLASSES,IOWA,,FIELD CROPS,ANNUAL,7,PCT OF AREA PLANTED,,00,,PEST MGMT,,SURVEY,19,CORN,UNITED STATES,,"CORN, ORGANIC - PEST MGMT, MEASURED IN PCT OF AREA PLANTED",,9000,,00000000,IA,,2010,2012-01-01 00:00:00.000,ALL UTILIZATION PRACTICES,19,YEAR,,"PRACTICE, MONITORING",ENVIRONMENTAL,IOWA,00,,
"PRACTICE, MONITORING: (SCOUTED - ESTABLISHED PROCESS USED)",ORGANIC,STATE,ALL CLASSES,IOWA,,FIELD CROPS,ANNUAL,10,PCT OF AREA PLANTED,,00,,PEST MGMT,,SURVEY,19,CORN,UNITED STATES,,"CORN, ORGANIC - PEST MGMT, MEASURED IN PCT OF AREA PLANTED",,9000,,00000000,IA,,2010,2012-01-01 00:00:00.000,ALL UTILIZATION PRACTICES,19,YEAR,,"PRACTICE, MONITORING",ENVIRONMENTAL,IOWA,00,,
"PRACTICE, MONITORING: (SCOUTED - FOR PESTS DUE TO A PEST ADVISORY WARNING)",ORGANIC,STATE,ALL CLASSES,IOWA,,FIELD CROPS,ANNUAL,1,PCT OF AREA PLANTED,,00,,PEST MGMT,,SURVEY,19,CORN,UNITED STATES,,"CORN, ORGANIC - PEST MGMT, MEASURED IN PCT OF AREA PLANTED",,9000,,00000000,IA,,2010,2012-01-01 00:00:00.000,ALL UTILIZATION PRACTICES,19,YEAR,,"PRACTICE, MONITORING",ENVIRONMENTAL,IOWA,00,,
"PRACTICE, MONITORING: (SCOUTED - FOR PESTS DUE TO A PEST DEVELOPMENT MODEL)",ORGANIC,STATE,ALL CLASSES,IOWA,,FIELD CROPS,ANNUAL,4,PCT OF AREA PLANTED,,00,,PEST MGMT,,SURVEY,19,CORN,UNITED STATES,,"CORN, ORGANIC - PEST MGMT, MEASURED IN PCT OF AREA PLANTED",,9000,,00000000,IA,,2010,2012-01-01 00:00:00.000,ALL UTILIZATION PRACTICES,19,YEAR,,"PRACTICE, MONITORING",ENVIRONMENTAL,IOWA,00,,
"PRACTICE, MONITORING: (SCOUTED - FOR PESTS OR BENEFICIAL ORGANISMS - NOT SCOUTED)",ORGANIC,STATE,ALL CLASSES,IOWA,,FIELD CROPS,ANNUAL,14,PCT OF AREA PLANTED,,00,,PEST MGMT,,SURVEY,19,CORN,UNITED STATES,,"CORN, ORGANIC - PEST MGMT, MEASURED IN PCT OF AREA PLANTED",,9000,,00000000,IA,,2010,2012-01-01 00:00:00.000,ALL UTILIZATION PRACTICES,19,YEAR,,"PRACTICE, MONITORING",ENVIRONMENTAL,IOWA,00,,
"PRACTICE, MONITORING: (SCOUTED - FOR PESTS OR BENEFICIAL ORGANISMS BY CONDUCTING GENERAL OBSERVATIONS WHILE PERFORMING ROUTINE TASKS)",ORGANIC,STATE,ALL CLASSES,IOWA,,FIELD CROPS,ANNUAL,31,PCT OF AREA PLANTED,,00,,PEST MGMT,,SURVEY,19,CORN,UNITED STATES,,"CORN, ORGANIC - PEST MGMT, MEASURED IN PCT OF AREA PLANTED",,9000,,00000000,IA,,2010,2012-01-01 00:00:00.000,ALL UTILIZATION PRACTICES,19,YEAR,,"PRACTICE, MONITORING",ENVIRONMENTAL,IOWA,00,,
"PRACTICE, MONITORING: (SCOUTED - FOR PESTS OR BENEFICIAL ORGANISMS BY DELIBERATELY GOING TO THE CROP ACRES OR GROWING AREAS)",ORGANIC,STATE,ALL CLASSES,IOWA,,FIELD CROPS,ANNUAL,55,PCT OF AREA PLANTED,,00,,PEST MGMT,,SURVEY,19,CORN,UNITED STATES,,"CORN, ORGANIC - PEST MGMT, MEASURED IN PCT OF AREA PLANTED",,9000,,00000000,IA,,2010,2012-01-01 00:00:00.000,ALL UTILIZATION PRACTICES,19,YEAR,,"PRACTICE, MONITORING",ENVIRONMENTAL,IOWA,00,,
"PRACTICE, MONITORING: (SCOUTED FOR DISEASES - BY EMPLOYEE)",ORGANIC,STATE,ALL CLASSES,IOWA,,FIELD CROPS,ANNUAL,0,PCT OF AREA PLANTED,,00,,PEST MGMT,,SURVEY,19,CORN,UNITED STATES,,"CORN, ORGANIC - PEST MGMT, MEASURED IN PCT OF AREA PLANTED",,9000,,00000000,IA,,2010,2012-01-01 00:00:00.000,ALL UTILIZATION PRACTICES,19,YEAR,,"PRACTICE, MONITORING",ENVIRONMENTAL,IOWA,00,,
"PRACTICE, MONITORING: (SCOUTED FOR DISEASES - BY FARM SUPPLY COMPANY OR CHEMICAL DEALER)",ORGANIC,STATE,ALL CLASSES,IOWA,,FIELD CROPS,ANNUAL,0,PCT OF AREA PLANTED,,00,,PEST MGMT,,SURVEY,19,CORN,UNITED STATES,,"CORN, ORGANIC - PEST MGMT, MEASURED IN PCT OF AREA PLANTED",,9000,,00000000,IA,,2010,2012-01-01 00:00:00.000,ALL UTILIZATION PRACTICES,19,YEAR,,"PRACTICE, MONITORING",ENVIRONMENTAL,IOWA,00,,
"PRACTICE, MONITORING: (SCOUTED FOR DISEASES - BY INDEPENDENT CROP CONSULTANT OR COMMERICAL SCOUT)",ORGANIC,STATE,ALL CLASSES,IOWA,,FIELD CROPS,ANNUAL,0,PCT OF AREA PLANTED,,00,,PEST MGMT,,SURVEY,19,CORN,UNITED STATES,,"CORN, ORGANIC - PEST MGMT, MEASURED IN PCT OF AREA PLANTED",,9000,,00000000,IA,,2010,2012-01-01 00:00:00.000,ALL UTILIZATION PRACTICES,19,YEAR,,"PRACTICE, MONITORING",ENVIRONMENTAL,IOWA,00,,
"PRACTICE, MONITORING: (SCOUTED FOR DISEASES - BY OPERATOR, PARTNER, OR FAMILY MEMBER)",ORGANIC,STATE,ALL CLASSES,IOWA,,FIELD CROPS,ANNUAL,100,PCT OF AREA PLANTED,,00,,PEST MGMT,,SURVEY,19,CORN,UNITED STATES,,"CORN, ORGANIC - PEST MGMT, MEASURED IN PCT OF AREA PLANTED",,9000,,00000000,IA,,2010,2012-01-01 00:00:00.000,ALL UTILIZATION PRACTICES,19,YEAR,,"PRACTICE, MONITORING",ENVIRONMENTAL,IOWA,00,,
"PRACTICE, MONITORING: (SCOUTED FOR DISEASES)",ORGANIC,STATE,ALL CLASSES,IOWA,,FIELD CROPS,ANNUAL,32,PCT OF AREA PLANTED,,00,,PEST MGMT,,SURVEY,19,CORN,UNITED STATES,,"CORN, ORGANIC - PEST MGMT, MEASURED IN PCT OF AREA PLANTED",,9000,,00000000,IA,,2010,2012-01-01 00:00:00.000,ALL UTILIZATION PRACTICES,19,YEAR,,"PRACTICE, MONITORING",ENVIRONMENTAL,IOWA,00,,
"PRACTICE, MONITORING: (SCOUTED FOR INSECTS & MITES - BY EMPLOYEE)",ORGANIC,STATE,ALL CLASSES,IOWA,,FIELD CROPS,ANNUAL,0,PCT OF AREA PLANTED,,00,,PEST MGMT,,SURVEY,19,CORN,UNITED STATES,,"CORN, ORGANIC - PEST MGMT, MEASURED IN PCT OF AREA PLANTED",,9000,,00000000,IA,,2010,2012-01-01 00:00:00.000,ALL UTILIZATION PRACTICES,19,YEAR,,"PRACTICE, MONITORING",ENVIRONMENTAL,IOWA,00,,
"PRACTICE, MONITORING: (SCOUTED FOR INSECTS & MITES - BY FARM SUPPLY COMPANY OR CHEMICAL DEALER)",ORGANIC,STATE,ALL CLASSES,IOWA,,FIELD CROPS,ANNUAL,0,PCT OF AREA PLANTED,,00,,PEST MGMT,,SURVEY,19,CORN,UNITED STATES,,"CORN, ORGANIC - PEST MGMT, MEASURED IN PCT OF AREA PLANTED",,9000,,00000000,IA,,2010,2012-01-01 00:00:00.000,ALL UTILIZATION PRACTICES,19,YEAR,,"PRACTICE, MONITORING",ENVIRONMENTAL,IOWA,00,,
"PRACTICE, MONITORING: (SCOUTED FOR INSECTS & MITES - BY INDEPENDENT CROP CONSULTANT OR COMMERICAL SCOUT)",ORGANIC,STATE,ALL CLASSES,IOWA,,FIELD CROPS,ANNUAL,0,PCT OF AREA PLANTED,,00,,PEST MGMT,,SURVEY,19,CORN,UNITED STATES,,"CORN, ORGANIC - PEST MGMT, MEASURED IN PCT OF AREA PLANTED",,9000,,00000000,IA,,2010,2012-01-01 00:00:00.000,ALL UTILIZATION PRACTICES,19,YEAR,,"PRACTICE, MONITORING",ENVIRONMENTAL,IOWA,00,,
"PRACTICE, MONITORING: (SCOUTED FOR INSECTS & MITES - BY OPERATOR, PARTNER, OR FAMILY MEMBER)",ORGANIC,STATE,ALL CLASSES,IOWA,,FIELD CROPS,ANNUAL,100,PCT OF AREA PLANTED,,00,,PEST MGMT,,SURVEY,19,CORN,UNITED STATES,,"CORN, ORGANIC - PEST MGMT, MEASURED IN PCT OF AREA PLANTED",,9000,,00000000,IA,,2010,2012-01-01 00:00:00.000,ALL UTILIZATION PRACTICES,19,YEAR,,"PRACTICE, MONITORING",ENVIRONMENTAL,IOWA,00,,
"PRACTICE, MONITORING: (SCOUTED FOR INSECTS & MITES)",ORGANIC,STATE,ALL CLASSES,IOWA,,FIELD CROPS,ANNUAL,39,PCT OF AREA PLANTED,,00,,PEST MGMT,,SURVEY,19,CORN,UNITED STATES,,"CORN, ORGANIC - PEST MGMT, MEASURED IN PCT OF AREA PLANTED",,9000,,00000000,IA,,2010,2012-01-01 00:00:00.000,ALL UTILIZATION PRACTICES,19,YEAR,,"PRACTICE, MONITORING",ENVIRONMENTAL,IOWA,00,,
"PRACTICE, MONITORING: (SCOUTED FOR WEEDS - BY EMPLOYEE)",ORGANIC,STATE,ALL CLASSES,IOWA,,FIELD CROPS,ANNUAL,6,PCT OF AREA PLANTED,,00,,PEST MGMT,,SURVEY,19,CORN,UNITED STATES,,"CORN, ORGANIC - PEST MGMT, MEASURED IN PCT OF AREA PLANTED",,9000,,00000000,IA,,2010,2012-01-01 00:00:00.000,ALL UTILIZATION PRACTICES,19,YEAR,,"PRACTICE, MONITORING",ENVIRONMENTAL,IOWA,00,,
"PRACTICE, MONITORING: (SCOUTED FOR WEEDS - BY FARM SUPPLY COMPANY OR CHEMICAL DEALER)",ORGANIC,STATE,ALL CLASSES,IOWA,,FIELD CROPS,ANNUAL,0,PCT OF AREA PLANTED,,00,,PEST MGMT,,SURVEY,19,CORN,UNITED STATES,,"CORN, ORGANIC - PEST MGMT, MEASURED IN PCT OF AREA PLANTED",,9000,,00000000,IA,,2010,2012-01-01 00:00:00.000,ALL UTILIZATION PRACTICES,19,YEAR,,"PRACTICE, MONITORING",ENVIRONMENTAL,IOWA,00,,
"PRACTICE, MONITORING: (SCOUTED FOR WEEDS - BY INDEPENDENT CROP CONSULTANT OR COMMERICAL SCOUT)",ORGANIC,STATE,ALL CLASSES,IOWA,,FIELD CROPS,ANNUAL,0,PCT OF AREA PLANTED,,00,,PEST MGMT,,SURVEY,19,CORN,UNITED STATES,,"CORN, ORGANIC - PEST MGMT, MEASURED IN PCT OF AREA PLANTED",,9000,,00000000,IA,,2010,2012-01-01 00:00:00.000,ALL UTILIZATION PRACTICES,19,YEAR,,"PRACTICE, MONITORING",ENVIRONMENTAL,IOWA,00,,
"PRACTICE, MONITORING: (SCOUTED FOR WEEDS - BY OPERATOR, PARTNER, OR FAMILY MEMBER)",ORGANIC,STATE,ALL CLASSES,IOWA,,FIELD CROPS,ANNUAL,94,PCT OF AREA PLANTED,,00,,PEST MGMT,,SURVEY,19,CORN,UNITED STATES,,"CORN, ORGANIC - PEST MGMT, MEASURED IN PCT OF AREA PLANTED",,9000,,00000000,IA,,2010,2012-01-01 00:00:00.000,ALL UTILIZATION PRACTICES,19,YEAR,,"PRACTICE, MONITORING",ENVIRONMENTAL,IOWA,00,,
"PRACTICE, MONITORING: (SCOUTED FOR WEEDS)",ORGANIC,STATE,ALL CLASSES,IOWA,,FIELD CROPS,ANNUAL,86,PCT OF AREA PLANTED,,00,,PEST MGMT,,SURVEY,19,CORN,UNITED STATES,,"CORN, ORGANIC - PEST MGMT, MEASURED IN PCT OF AREA PLANTED",,9000,,00000000,IA,,2010,2012-01-01 00:00:00.000,ALL UTILIZATION PRACTICES,19,YEAR,,"PRACTICE, MONITORING",ENVIRONMENTAL,IOWA,00,,
"PRACTICE, MONITORING: (WEATHER DATA USED TO ASSIST DECISIONS)",ORGANIC,STATE,ALL CLASSES,IOWA,,FIELD CROPS,ANNUAL,0,PCT OF AREA PLANTED,,00,,PEST MGMT,,SURVEY,19,CORN,UNITED STATES,,"CORN, ORGANIC - PEST MGMT, MEASURED IN PCT OF AREA PLANTED",,9000,,00000000,IA,,2010,2012-01-01 00:00:00.000,ALL UTILIZATION PRACTICES,19,YEAR,,"PRACTICE, MONITORING",ENVIRONMENTAL,IOWA,00,,
"PRACTICE, MONITORING: (WRITTEN OR ELECTRONIC RECORDS KEPT TO TRACK THE ACTIVITY OF PESTS)",ORGANIC,STATE,ALL CLASSES,IOWA,,FIELD CROPS,ANNUAL,16,PCT OF AREA PLANTED,,00,,PEST MGMT,,SURVEY,19,CORN,UNITED STATES,,"CORN, ORGANIC - PEST MGMT, MEASURED IN PCT OF AREA PLANTED",,9000,,00000000,IA,,2010,2012-01-01 00:00:00.000,ALL UTILIZATION PRACTICES,19,YEAR,,"PRACTICE, MONITORING",ENVIRONMENTAL,IOWA,00,,
"PRACTICE, PREVENTION: (BENEFICIAL INSECT OR VERTEBRATE HABITAT MAINTAINED)",ORGANIC,STATE,ALL CLASSES,IOWA,,FIELD CROPS,ANNUAL,14,PCT OF AREA PLANTED,,00,,PEST MGMT,,SURVEY,19,CORN,UNITED STATES,,"CORN, ORGANIC - PEST MGMT, MEASURED IN PCT OF AREA PLANTED",,9000,,00000000,IA,,2010,2012-01-01 00:00:00.000,ALL UTILIZATION PRACTICES,19,YEAR,,"PRACTICE, PREVENTION",ENVIRONMENTAL,IOWA,00,,
"PRACTICE, PREVENTION: (CROP RESIDUES REMOVED OR BURNED DOWN)",ORGANIC,STATE,ALL CLASSES,IOWA,,FIELD CROPS,ANNUAL,5,PCT OF AREA PLANTED,,00,,PEST MGMT,,SURVEY,19,CORN,UNITED STATES,,"CORN, ORGANIC - PEST MGMT, MEASURED IN PCT OF AREA PLANTED",,9000,,00000000,IA,,2010,2012-01-01 00:00:00.000,ALL UTILIZATION PRACTICES,19,YEAR,,"PRACTICE, PREVENTION",ENVIRONMENTAL,IOWA,00,,
"PRACTICE, PREVENTION: (EQUIPMENT & IMPLEMENTS CLEANED AFTER FIELD WORK TO REDUCE SPREAD OF PESTS)",ORGANIC,STATE,ALL CLASSES,IOWA,,FIELD CROPS,ANNUAL,53,PCT OF AREA PLANTED,,00,,PEST MGMT,,SURVEY,19,CORN,UNITED STATES,,"CORN, ORGANIC - PEST MGMT, MEASURED IN PCT OF AREA PLANTED",,9000,,00000000,IA,,2010,2012-01-01 00:00:00.000,ALL UTILIZATION PRACTICES,19,YEAR,,"PRACTICE, PREVENTION",ENVIRONMENTAL,IOWA,00,,
"PRACTICE, PREVENTION: (FIELD EDGES, DITCHES, OR FENCE LINES WERE CHOPPED, SPRAYED, MOWED, PLOWED, OR BURNED)",ORGANIC,STATE,ALL CLASSES,IOWA,,FIELD CROPS,ANNUAL,57,PCT OF AREA PLANTED,,00,,PEST MGMT,,SURVEY,19,CORN,UNITED STATES,,"CORN, ORGANIC - PEST MGMT, MEASURED IN PCT OF AREA PLANTED",,9000,,00000000,IA,,2010,2012-01-01 00:00:00.000,ALL UTILIZATION PRACTICES,19,YEAR,,"PRACTICE, PREVENTION",ENVIRONMENTAL,IOWA,00,,
"PRACTICE, PREVENTION: (FIELD LEFT FALLOW PREVIOUS YEAR TO MANAGE INSECTS)",ORGANIC,STATE,ALL CLASSES,IOWA,,FIELD CROPS,ANNUAL,0,PCT OF AREA PLANTED,,00,,PEST MGMT,,SURVEY,19,CORN,UNITED STATES,,"CORN, ORGANIC - PEST MGMT, MEASURED IN PCT OF AREA PLANTED",,9000,,00000000,IA,,2010,2012-01-01 00:00:00.000,ALL UTILIZATION PRACTICES,19,YEAR,,"PRACTICE, PREVENTION",ENVIRONMENTAL,IOWA,00,,
"PRACTICE, PREVENTION: (FLAMER USED TO KILL WEEDS)",ORGANIC,STATE,ALL CLASSES,IOWA,,FIELD CROPS,ANNUAL,10,PCT OF AREA PLANTED,,00,,PEST MGMT,,SURVEY,19,CORN,UNITED STATES,,"CORN, ORGANIC - PEST MGMT, MEASURED IN PCT OF AREA PLANTED",,9000,,00000000,IA,,2010,2012-01-01 00:00:00.000,ALL UTILIZATION PRACTICES,19,YEAR,,"PRACTICE, PREVENTION",ENVIRONMENTAL,IOWA,00,,
"PRACTICE, PREVENTION: (NO-TILL OR MINIMUM TILL USED)",ORGANIC,STATE,ALL CLASSES,IOWA,,FIELD CROPS,ANNUAL,14,PCT OF AREA PLANTED,,00,,PEST MGMT,,SURVEY,19,CORN,UNITED STATES,,"CORN, ORGANIC - PEST MGMT, MEASURED IN PCT OF AREA PLANTED",,9000,,00000000,IA,,2010,2012-01-01 00:00:00.000,ALL UTILIZATION PRACTICES,19,YEAR,,"PRACTICE, PREVENTION",ENVIRONMENTAL,IOWA,00,,
"PRACTICE, PREVENTION: (PLOWED DOWN CROP RESIDUE USING CONVENTIONAL TILLAGE)",ORGANIC,STATE,ALL CLASSES,IOWA,,FIELD CROPS,ANNUAL,82,PCT OF AREA PLANTED,,00,,PEST MGMT,,SURVEY,19,CORN,UNITED STATES,,"CORN, ORGANIC - PEST MGMT, MEASURED IN PCT OF AREA PLANTED",,9000,,00000000,IA,,2010,2012-01-01 00:00:00.000,ALL UTILIZATION PRACTICES,19,YEAR,,"PRACTICE, PREVENTION",ENVIRONMENTAL,IOWA,00,,
"PRACTICE, PREVENTION: (SEED TREATED FOR INSECT OR DISEASE CONTROL AFTER PURCHASE)",ORGANIC,STATE,ALL CLASSES,IOWA,,FIELD CROPS,ANNUAL,1,PCT OF AREA PLANTED,,00,,PEST MGMT,,SURVEY,19,CORN,UNITED STATES,,"CORN, ORGANIC - PEST MGMT, MEASURED IN PCT OF AREA PLANTED",,9000,,00000000,IA,,2010,2012-01-01 00:00:00.000,ALL UTILIZATION PRACTICES,19,YEAR,,"PRACTICE, PREVENTION",ENVIRONMENTAL,IOWA,00,,
"PRACTICE, PREVENTION: (WATER MGMT PRACTICES USED)",ORGANIC,STATE,ALL CLASSES,IOWA,,FIELD CROPS,ANNUAL,0,PCT OF AREA PLANTED,,00,,PEST MGMT,,SURVEY,19,CORN,UNITED STATES,,"CORN, ORGANIC - PEST MGMT, MEASURED IN PCT OF AREA PLANTED",,9000,,00000000,IA,,2010,2012-01-01 00:00:00.000,ALL UTILIZATION PRACTICES,19,YEAR,,"PRACTICE, PREVENTION",ENVIRONMENTAL,IOWA,00,,
"PRACTICE, SUPPRESSION: (BENEFICIAL ORGANISMS APPLIED OR RELEASED)",ORGANIC,STATE,ALL CLASSES,IOWA,,FIELD CROPS,ANNUAL,1,PCT OF AREA PLANTED,,00,,PEST MGMT,,SURVEY,19,CORN,UNITED STATES,,"CORN, ORGANIC - PEST MGMT, MEASURED IN PCT OF AREA PLANTED",,9000,,00000000,IA,,2010,2012-01-01 00:00:00.000,ALL UTILIZATION PRACTICES,19,YEAR,,"PRACTICE, SUPPRESSION",ENVIRONMENTAL,IOWA,00,,
"PRACTICE, SUPPRESSION: (BIOLOGICAL PESTICIDES APPLIED)",ORGANIC,STATE,ALL CLASSES,IOWA,,FIELD CROPS,ANNUAL,0,PCT OF AREA PLANTED,,00,,PEST MGMT,,SURVEY,19,CORN,UNITED STATES,,"CORN, ORGANIC - PEST MGMT, MEASURED IN PCT OF AREA PLANTED",,9000,,00000000,IA,,2010,2012-01-01 00:00:00.000,ALL UTILIZATION PRACTICES,19,YEAR,,"PRACTICE, SUPPRESSION",ENVIRONMENTAL,IOWA,00,,
"PRACTICE, SUPPRESSION: (BUFFER STRIPS OR BORDER ROWS MAINTAINED TO ISOLATE ORGANIC FROM NON ORGANIC CROPS)",ORGANIC,STATE,ALL CLASSES,IOWA,,FIELD CROPS,ANNUAL,65,PCT OF AREA PLANTED,,00,,PEST MGMT,,SURVEY,19,CORN,UNITED STATES,,"CORN, ORGANIC - PEST MGMT, MEASURED IN PCT OF AREA PLANTED",,9000,,00000000,IA,,2010,2012-01-01 00:00:00.000,ALL UTILIZATION PRACTICES,19,YEAR,,"PRACTICE, SUPPRESSION",ENVIRONMENTAL,IOWA,00,,
"PRACTICE, SUPPRESSION: (FLORAL LURES, ATTRACTANTS, REPELLANTS, PHERMONE TRAPS, OR BIOLOGICAL PEST CONTROLS USED)",ORGANIC,STATE,ALL CLASSES,IOWA,,FIELD CROPS,ANNUAL,0,PCT OF AREA PLANTED,,00,,PEST MGMT,,SURVEY,19,CORN,UNITED STATES,,"CORN, ORGANIC - PEST MGMT, MEASURED IN PCT OF AREA PLANTED",,9000,,00000000,IA,,2010,2012-01-01 00:00:00.000,ALL UTILIZATION PRACTICES,19,YEAR,,"PRACTICE, SUPPRESSION",ENVIRONMENTAL,IOWA,00,,
"PRACTICE, SUPPRESSION: (GROUND COVERS, MULCHES, OR OTHER PHYSICAL BARRIERS MAINTAINED)",ORGANIC,STATE,ALL CLASSES,IOWA,,FIELD CROPS,ANNUAL,53,PCT OF AREA PLANTED,,00,,PEST MGMT,,SURVEY,19,CORN,UNITED STATES,,"CORN, ORGANIC - PEST MGMT, MEASURED IN PCT OF AREA PLANTED",,9000,,00000000,IA,,2010,2012-01-01 00:00:00.000,ALL UTILIZATION PRACTICES,19,YEAR,,"PRACTICE, SUPPRESSION",ENVIRONMENTAL,IOWA,00,,
"PRACTICE, SUPPRESSION: (PESTICIDES WITH DIFFERENT MECHANISMS OF ACTION USED TO KEEP PEST FROM BECOMING RESISTANT TO PESTICIDES)",ORGANIC,STATE,ALL CLASSES,IOWA,,FIELD CROPS,ANNUAL,0,PCT OF AREA PLANTED,,00,,PEST MGMT,,SURVEY,19,CORN,UNITED STATES,,"CORN, ORGANIC - PEST MGMT, MEASURED IN PCT OF AREA PLANTED",,9000,,00000000,IA,,2010,2012-01-01 00:00:00.000,ALL UTILIZATION PRACTICES,19,YEAR,,"PRACTICE, SUPPRESSION",ENVIRONMENTAL,IOWA,00,,
"PRACTICE, SUPPRESSION: (SCOUTING DATA COMPARED TO PUBLISHED INFORMATION TO ASSIST DECISIONS)",ORGANIC,STATE,ALL CLASSES,IOWA,,FIELD CROPS,ANNUAL,2,PCT OF AREA PLANTED,,00,,PEST MGMT,,SURVEY,19,CORN,UNITED STATES,,"CORN, ORGANIC - PEST MGMT, MEASURED IN PCT OF AREA PLANTED",,9000,,00000000,IA,,2010,2012-01-01 00:00:00.000,ALL UTILIZATION PRACTICES,19,YEAR,,"PRACTICE, SUPPRESSION",ENVIRONMENTAL,IOWA,00,,
"PRACTICE, SUPPRESSION: (TRAP CROP GROWN TO MANAGE INSECTS)",ORGANIC,STATE,ALL CLASSES,IOWA,,FIELD CROPS,ANNUAL,0,PCT OF AREA PLANTED,,00,,PEST MGMT,,SURVEY,19,CORN,UNITED STATES,,"CORN, ORGANIC - PEST MGMT, MEASURED IN PCT OF AREA PLANTED",,9000,,00000000,IA,,2010,2012-01-01 00:00:00.000,ALL UTILIZATION PRACTICES,19,YEAR,,"PRACTICE, SUPPRESSION",ENVIRONMENTAL,IOWA,00,,
"PRACTICE, AVOIDANCE: (CROP OR PLANT VARIETY CHOSEN FOR SPECIFIC PEST RESISTANCE)",ORGANIC,STATE,ALL CLASSES,IOWA,,FIELD CROPS,ANNUAL,32,PCT OF OPERATIONS,,00,,PEST MGMT,,SURVEY,19,CORN,UNITED STATES,,"CORN, ORGANIC - PEST MGMT, MEASURED IN PCT OF OPERATIONS",,9000,,00000000,IA,,2010,2012-01-01 00:00:00.000,ALL UTILIZATION PRACTICES,19,YEAR,,"PRACTICE, AVOIDANCE",ENVIRONMENTAL,IOWA,00,,
"PRACTICE, AVOIDANCE: (PLANTING LOCATIONS PLANNED TO AVOID CROSS INFESTATION OF PESTS)",ORGANIC,STATE,ALL CLASSES,IOWA,,FIELD CROPS,ANNUAL,24,PCT OF OPERATIONS,,00,,PEST MGMT,,SURVEY,19,CORN,UNITED STATES,,"CORN, ORGANIC - PEST MGMT, MEASURED IN PCT OF OPERATIONS",,9000,,00000000,IA,,2010,2012-01-01 00:00:00.000,ALL UTILIZATION PRACTICES,19,YEAR,,"PRACTICE, AVOIDANCE",ENVIRONMENTAL,IOWA,00,,
"PRACTICE, AVOIDANCE: (PLANTING OR HARVESTING DATES ADJUSTED)",ORGANIC,STATE,ALL CLASSES,IOWA,,FIELD CROPS,ANNUAL,80,PCT OF OPERATIONS,,00,,PEST MGMT,,SURVEY,19,CORN,UNITED STATES,,"CORN, ORGANIC - PEST MGMT, MEASURED IN PCT OF OPERATIONS",,9000,,00000000,IA,,2010,2012-01-01 00:00:00.000,ALL UTILIZATION PRACTICES,19,YEAR,,"PRACTICE, AVOIDANCE",ENVIRONMENTAL,IOWA,00,,
"PRACTICE, AVOIDANCE: (ROTATED CROPS DURING PAST 3 YEARS)",ORGANIC,STATE,ALL CLASSES,IOWA,,FIELD CROPS,ANNUAL,95,PCT OF OPERATIONS,,00,,PEST MGMT,,SURVEY,19,CORN,UNITED STATES,,"CORN, ORGANIC - PEST MGMT, MEASURED IN PCT OF OPERATIONS",,9000,,00000000,IA,,2010,2012-01-01 00:00:00.000,ALL UTILIZATION PRACTICES,19,YEAR,,"PRACTICE, AVOIDANCE",ENVIRONMENTAL,IOWA,00,,
"PRACTICE, AVOIDANCE: (ROW SPACING, PLANT DENSITY, OR ROW DIRECTIONS ADJUSTED)",ORGANIC,STATE,ALL CLASSES,IOWA,,FIELD CROPS,ANNUAL,29,PCT OF OPERATIONS,,00,,PEST MGMT,,SURVEY,19,CORN,UNITED STATES,,"CORN, ORGANIC - PEST MGMT, MEASURED IN PCT OF OPERATIONS",,9000,,00000000,IA,,2010,2012-01-01 00:00:00.000,ALL UTILIZATION PRACTICES,19,YEAR,,"PRACTICE, AVOIDANCE",ENVIRONMENTAL,IOWA,00,,
"PRACTICE, MONITORING: (DIAGNOSTIC LABORATORY SERVICES USED FOR PEST DETECTION VIA SOIL OR PLANT TISSUE ANALYSIS)",ORGANIC,STATE,ALL CLASSES,IOWA,,FIELD CROPS,ANNUAL,2,PCT OF OPERATIONS,,00,,PEST MGMT,,SURVEY,19,CORN,UNITED STATES,,"CORN, ORGANIC - PEST MGMT, MEASURED IN PCT OF OPERATIONS",,9000,,00000000,IA,,2010,2012-01-01 00:00:00.000,ALL UTILIZATION PRACTICES,19,YEAR,,"PRACTICE, MONITORING",ENVIRONMENTAL,IOWA,00,,
"PRACTICE, MONITORING: (FIELD MAPPING DATA USED TO ASSIST DECISIONS)",ORGANIC,STATE,ALL CLASSES,IOWA,,FIELD CROPS,ANNUAL,17,PCT OF OPERATIONS,,00,,PEST MGMT,,SURVEY,19,CORN,UNITED STATES,,"CORN, ORGANIC - PEST MGMT, MEASURED IN PCT OF OPERATIONS",,9000,,00000000,IA,,2010,2012-01-01 00:00:00.000,ALL UTILIZATION PRACTICES,19,YEAR,,"PRACTICE, MONITORING",ENVIRONMENTAL,IOWA,00,,
"PRACTICE, MONITORING: (SCOUTED - ESTABLISHED PROCESS USED)",ORGANIC,STATE,ALL CLASSES,IOWA,,FIELD CROPS,ANNUAL,6,PCT OF OPERATIONS,,00,,PEST MGMT,,SURVEY,19,CORN,UNITED STATES,,"CORN, ORGANIC - PEST MGMT, MEASURED IN PCT OF OPERATIONS",,9000,,00000000,IA,,2010,2012-01-01 00:00:00.000,ALL UTILIZATION PRACTICES,19,YEAR,,"PRACTICE, MONITORING",ENVIRONMENTAL,IOWA,00,,
"PRACTICE, MONITORING: (SCOUTED - FOR PESTS DUE TO A PEST ADVISORY WARNING)",ORGANIC,STATE,ALL CLASSES,IOWA,,FIELD CROPS,ANNUAL,1,PCT OF OPERATIONS,,00,,PEST MGMT,,SURVEY,19,CORN,UNITED STATES,,"CORN, ORGANIC - PEST MGMT, MEASURED IN PCT OF OPERATIONS",,9000,,00000000,IA,,2010,2012-01-01 00:00:00.000,ALL UTILIZATION PRACTICES,19,YEAR,,"PRACTICE, MONITORING",ENVIRONMENTAL,IOWA,00,,
"PRACTICE, MONITORING: (SCOUTED - FOR PESTS DUE TO A PEST DEVELOPMENT MODEL)",ORGANIC,STATE,ALL CLASSES,IOWA,,FIELD CROPS,ANNUAL,5,PCT OF OPERATIONS,,00,,PEST MGMT,,SURVEY,19,CORN,UNITED STATES,,"CORN, ORGANIC - PEST MGMT, MEASURED IN PCT OF OPERATIONS",,9000,,00000000,IA,,2010,2012-01-01 00:00:00.000,ALL UTILIZATION PRACTICES,19,YEAR,,"PRACTICE, MONITORING",ENVIRONMENTAL,IOWA,00,,
"PRACTICE, MONITORING: (SCOUTED - FOR PESTS OR BENEFICIAL ORGANISMS - NOT SCOUTED)",ORGANIC,STATE,ALL CLASSES,IOWA,,FIELD CROPS,ANNUAL,12,PCT OF OPERATIONS,,00,,PEST MGMT,,SURVEY,19,CORN,UNITED STATES,,"CORN, ORGANIC - PEST MGMT, MEASURED IN PCT OF OPERATIONS",,9000,,00000000,IA,,2010,2012-01-01 00:00:00.000,ALL UTILIZATION PRACTICES,19,YEAR,,"PRACTICE, MONITORING",ENVIRONMENTAL,IOWA,00,,
"PRACTICE, MONITORING: (SCOUTED - FOR PESTS OR BENEFICIAL ORGANISMS BY CONDUCTING GENERAL OBSERVATIONS WHILE PERFORMING ROUTINE TASKS)",ORGANIC,STATE,ALL CLASSES,IOWA,,FIELD CROPS,ANNUAL,40,PCT OF OPERATIONS,,00,,PEST MGMT,,SURVEY,19,CORN,UNITED STATES,,"CORN, ORGANIC - PEST MGMT, MEASURED IN PCT OF OPERATIONS",,9000,,00000000,IA,,2010,2012-01-01 00:00:00.000,ALL UTILIZATION PRACTICES,19,YEAR,,"PRACTICE, MONITORING",ENVIRONMENTAL,IOWA,00,,
"PRACTICE, MONITORING: (SCOUTED - FOR PESTS OR BENEFICIAL ORGANISMS BY DELIBERATELY GOING TO THE CROP ACRES OR GROWING AREAS)",ORGANIC,STATE,ALL CLASSES,IOWA,,FIELD CROPS,ANNUAL,47,PCT OF OPERATIONS,,00,,PEST MGMT,,SURVEY,19,CORN,UNITED STATES,,"CORN, ORGANIC - PEST MGMT, MEASURED IN PCT OF OPERATIONS",,9000,,00000000,IA,,2010,2012-01-01 00:00:00.000,ALL UTILIZATION PRACTICES,19,YEAR,,"PRACTICE, MONITORING",ENVIRONMENTAL,IOWA,00,,
"PRACTICE, MONITORING: (SCOUTED FOR DISEASES - BY EMPLOYEE)",ORGANIC,STATE,ALL CLASSES,IOWA,,FIELD CROPS,ANNUAL,0,PCT OF OPERATIONS,,00,,PEST MGMT,,SURVEY,19,CORN,UNITED STATES,,"CORN, ORGANIC - PEST MGMT, MEASURED IN PCT OF OPERATIONS",,9000,,00000000,IA,,2010,2012-01-01 00:00:00.000,ALL UTILIZATION PRACTICES,19,YEAR,,"PRACTICE, MONITORING",ENVIRONMENTAL,IOWA,00,,
"PRACTICE, MONITORING: (SCOUTED FOR DISEASES - BY FARM SUPPLY COMPANY OR CHEMICAL DEALER)",ORGANIC,STATE,ALL CLASSES,IOWA,,FIELD CROPS,ANNUAL,0,PCT OF OPERATIONS,,00,,PEST MGMT,,SURVEY,19,CORN,UNITED STATES,,"CORN, ORGANIC - PEST MGMT, MEASURED IN PCT OF OPERATIONS",,9000,,00000000,IA,,2010,2012-01-01 00:00:00.000,ALL UTILIZATION PRACTICES,19,YEAR,,"PRACTICE, MONITORING",ENVIRONMENTAL,IOWA,00,,
"PRACTICE, MONITORING: (SCOUTED FOR DISEASES - BY INDEPENDENT CROP CONSULTANT OR COMMERICAL SCOUT)",ORGANIC,STATE,ALL CLASSES,IOWA,,FIELD CROPS,ANNUAL,0,PCT OF OPERATIONS,,00,,PEST MGMT,,SURVEY,19,CORN,UNITED STATES,,"CORN, ORGANIC - PEST MGMT, MEASURED IN PCT OF OPERATIONS",,9000,,00000000,IA,,2010,2012-01-01 00:00:00.000,ALL UTILIZATION PRACTICES,19,YEAR,,"PRACTICE, MONITORING",ENVIRONMENTAL,IOWA,00,,
"PRACTICE, MONITORING: (SCOUTED FOR DISEASES - BY OPERATOR, PARTNER, OR FAMILY MEMBER)",ORGANIC,STATE,ALL CLASSES,IOWA,,FIELD CROPS,ANNUAL,100,PCT OF OPERATIONS,,00,,PEST MGMT,,SURVEY,19,CORN,UNITED STATES,,"CORN, ORGANIC - PEST MGMT, MEASURED IN PCT OF OPERATIONS",,9000,,00000000,IA,,2010,2012-01-01 00:00:00.000,ALL UTILIZATION PRACTICES,19,YEAR,,"PRACTICE, MONITORING",ENVIRONMENTAL,IOWA,00,,
"PRACTICE, MONITORING: (SCOUTED FOR DISEASES)",ORGANIC,STATE,ALL CLASSES,IOWA,,FIELD CROPS,ANNUAL,24,PCT OF OPERATIONS,,00,,PEST MGMT,,SURVEY,19,CORN,UNITED STATES,,"CORN, ORGANIC - PEST MGMT, MEASURED IN PCT OF OPERATIONS",,9000,,00000000,IA,,2010,2012-01-01 00:00:00.000,ALL UTILIZATION PRACTICES,19,YEAR,,"PRACTICE, MONITORING",ENVIRONMENTAL,IOWA,00,,
"PRACTICE, MONITORING: (SCOUTED FOR INSECTS & MITES - BY EMPLOYEE)",ORGANIC,STATE,ALL CLASSES,IOWA,,FIELD CROPS,ANNUAL,0,PCT OF OPERATIONS,,00,,PEST MGMT,,SURVEY,19,CORN,UNITED STATES,,"CORN, ORGANIC - PEST MGMT, MEASURED IN PCT OF OPERATIONS",,9000,,00000000,IA,,2010,2012-01-01 00:00:00.000,ALL UTILIZATION PRACTICES,19,YEAR,,"PRACTICE, MONITORING",ENVIRONMENTAL,IOWA,00,,
"PRACTICE, MONITORING: (SCOUTED FOR INSECTS & MITES - BY FARM SUPPLY COMPANY OR CHEMICAL DEALER)",ORGANIC,STATE,ALL CLASSES,IOWA,,FIELD CROPS,ANNUAL,0,PCT OF OPERATIONS,,00,,PEST MGMT,,SURVEY,19,CORN,UNITED STATES,,"CORN, ORGANIC - PEST MGMT, MEASURED IN PCT OF OPERATIONS",,9000,,00000000,IA,,2010,2012-01-01 00:00:00.000,ALL UTILIZATION PRACTICES,19,YEAR,,"PRACTICE, MONITORING",ENVIRONMENTAL,IOWA,00,,
"PRACTICE, MONITORING: (SCOUTED FOR INSECTS & MITES - BY INDEPENDENT CROP CONSULTANT OR COMMERICAL SCOUT)",ORGANIC,STATE,ALL CLASSES,IOWA,,FIELD CROPS,ANNUAL,0,PCT OF OPERATIONS,,00,,PEST MGMT,,SURVEY,19,CORN,UNITED STATES,,"CORN, ORGANIC - PEST MGMT, MEASURED IN PCT OF OPERATIONS",,9000,,00000000,IA,,2010,2012-01-01 00:00:00.000,ALL UTILIZATION PRACTICES,19,YEAR,,"PRACTICE, MONITORING",ENVIRONMENTAL,IOWA,00,,
"PRACTICE, MONITORING: (SCOUTED FOR INSECTS & MITES - BY OPERATOR, PARTNER, OR FAMILY MEMBER)",ORGANIC,STATE,ALL CLASSES,IOWA,,FIELD CROPS,ANNUAL,100,PCT OF OPERATIONS,,00,,PEST MGMT,,SURVEY,19,CORN,UNITED STATES,,"CORN, ORGANIC - PEST MGMT, MEASURED IN PCT OF OPERATIONS",,9000,,00000000,IA,,2010,2012-01-01 00:00:00.000,ALL UTILIZATION PRACTICES,19,YEAR,,"PRACTICE, MONITORING",ENVIRONMENTAL,IOWA,00,,
"PRACTICE, MONITORING: (SCOUTED FOR INSECTS & MITES)",ORGANIC,STATE,ALL CLASSES,IOWA,,FIELD CROPS,ANNUAL,32,PCT OF OPERATIONS,,00,,PEST MGMT,,SURVEY,19,CORN,UNITED STATES,,"CORN, ORGANIC - PEST MGMT, MEASURED IN PCT OF OPERATIONS",,9000,,00000000,IA,,2010,2012-01-01 00:00:00.000,ALL UTILIZATION PRACTICES,19,YEAR,,"PRACTICE, MONITORING",ENVIRONMENTAL,IOWA,00,,
"PRACTICE, MONITORING: (SCOUTED FOR WEEDS - BY EMPLOYEE)",ORGANIC,STATE,ALL CLASSES,IOWA,,FIELD CROPS,ANNUAL,3,PCT OF OPERATIONS,,00,,PEST MGMT,,SURVEY,19,CORN,UNITED STATES,,"CORN, ORGANIC - PEST MGMT, MEASURED IN PCT OF OPERATIONS",,9000,,00000000,IA,,2010,2012-01-01 00:00:00.000,ALL UTILIZATION PRACTICES,19,YEAR,,"PRACTICE, MONITORING",ENVIRONMENTAL,IOWA,00,,
"PRACTICE, MONITORING: (SCOUTED FOR WEEDS - BY FARM SUPPLY COMPANY OR CHEMICAL DEALER)",ORGANIC,STATE,ALL CLASSES,IOWA,,FIELD CROPS,ANNUAL,0,PCT OF OPERATIONS,,00,,PEST MGMT,,SURVEY,19,CORN,UNITED STATES,,"CORN, ORGANIC - PEST MGMT, MEASURED IN PCT OF OPERATIONS",,9000,,00000000,IA,,2010,2012-01-01 00:00:00.000,ALL UTILIZATION PRACTICES,19,YEAR,,"PRACTICE, MONITORING",ENVIRONMENTAL,IOWA,00,,
"PRACTICE, MONITORING: (SCOUTED FOR WEEDS - BY INDEPENDENT CROP CONSULTANT OR COMMERICAL SCOUT)",ORGANIC,STATE,ALL CLASSES,IOWA,,FIELD CROPS,ANNUAL,0,PCT OF OPERATIONS,,00,,PEST MGMT,,SURVEY,19,CORN,UNITED STATES,,"CORN, ORGANIC - PEST MGMT, MEASURED IN PCT OF OPERATIONS",,9000,,00000000,IA,,2010,2012-01-01 00:00:00.000,ALL UTILIZATION PRACTICES,19,YEAR,,"PRACTICE, MONITORING",ENVIRONMENTAL,IOWA,00,,
"PRACTICE, MONITORING: (SCOUTED FOR WEEDS - BY OPERATOR, PARTNER, OR FAMILY MEMBER)",ORGANIC,STATE,ALL CLASSES,IOWA,,FIELD CROPS,ANNUAL,97,PCT OF OPERATIONS,,00,,PEST MGMT,,SURVEY,19,CORN,UNITED STATES,,"CORN, ORGANIC - PEST MGMT, MEASURED IN PCT OF OPERATIONS",,9000,,00000000,IA,,2010,2012-01-01 00:00:00.000,ALL UTILIZATION PRACTICES,19,YEAR,,"PRACTICE, MONITORING",ENVIRONMENTAL,IOWA,00,,
"PRACTICE, MONITORING: (SCOUTED FOR WEEDS)",ORGANIC,STATE,ALL CLASSES,IOWA,,FIELD CROPS,ANNUAL,87,PCT OF OPERATIONS,,00,,PEST MGMT,,SURVEY,19,CORN,UNITED STATES,,"CORN, ORGANIC - PEST MGMT, MEASURED IN PCT OF OPERATIONS",,9000,,00000000,IA,,2010,2012-01-01 00:00:00.000,ALL UTILIZATION PRACTICES,19,YEAR,,"PRACTICE, MONITORING",ENVIRONMENTAL,IOWA,00,,
"PRACTICE, MONITORING: (WEATHER DATA USED TO ASSIST DECISIONS)",ORGANIC,STATE,ALL CLASSES,IOWA,,FIELD CROPS,ANNUAL,0,PCT OF OPERATIONS,,00,,PEST MGMT,,SURVEY,19,CORN,UNITED STATES,,"CORN, ORGANIC - PEST MGMT, MEASURED IN PCT OF OPERATIONS",,9000,,00000000,IA,,2010,2012-01-01 00:00:00.000,ALL UTILIZATION PRACTICES,19,YEAR,,"PRACTICE, MONITORING",ENVIRONMENTAL,IOWA,00,,
"PRACTICE, MONITORING: (WRITTEN OR ELECTRONIC RECORDS KEPT TO TRACK THE ACTIVITY OF PESTS)",ORGANIC,STATE,ALL CLASSES,IOWA,,FIELD CROPS,ANNUAL,26,PCT OF OPERATIONS,,00,,PEST MGMT,,SURVEY,19,CORN,UNITED STATES,,"CORN, ORGANIC - PEST MGMT, MEASURED IN PCT OF OPERATIONS",,9000,,00000000,IA,,2010,2012-01-01 00:00:00.000,ALL UTILIZATION PRACTICES,19,YEAR,,"PRACTICE, MONITORING",ENVIRONMENTAL,IOWA,00,,
"PRACTICE, PREVENTION: (BENEFICIAL INSECT OR VERTEBRATE HABITAT MAINTAINED)",ORGANIC,STATE,ALL CLASSES,IOWA,,FIELD CROPS,ANNUAL,11,PCT OF OPERATIONS,,00,,PEST MGMT,,SURVEY,19,CORN,UNITED STATES,,"CORN, ORGANIC - PEST MGMT, MEASURED IN PCT OF OPERATIONS",,9000,,00000000,IA,,2010,2012-01-01 00:00:00.000,ALL UTILIZATION PRACTICES,19,YEAR,,"PRACTICE, PREVENTION",ENVIRONMENTAL,IOWA,00,,
"PRACTICE, PREVENTION: (CROP RESIDUES REMOVED OR BURNED DOWN)",ORGANIC,STATE,ALL CLASSES,IOWA,,FIELD CROPS,ANNUAL,8,PCT OF OPERATIONS,,00,,PEST MGMT,,SURVEY,19,CORN,UNITED STATES,,"CORN, ORGANIC - PEST MGMT, MEASURED IN PCT OF OPERATIONS",,9000,,00000000,IA,,2010,2012-01-01 00:00:00.000,ALL UTILIZATION PRACTICES,19,YEAR,,"PRACTICE, PREVENTION",ENVIRONMENTAL,IOWA,00,,
"PRACTICE, PREVENTION: (EQUIPMENT & IMPLEMENTS CLEANED AFTER FIELD WORK TO REDUCE SPREAD OF PESTS)",ORGANIC,STATE,ALL CLASSES,IOWA,,FIELD CROPS,ANNUAL,61,PCT OF OPERATIONS,,00,,PEST MGMT,,SURVEY,19,CORN,UNITED STATES,,"CORN, ORGANIC - PEST MGMT, MEASURED IN PCT OF OPERATIONS",,9000,,00000000,IA,,2010,2012-01-01 00:00:00.000,ALL UTILIZATION PRACTICES,19,YEAR,,"PRACTICE, PREVENTION",ENVIRONMENTAL,IOWA,00,,
"PRACTICE, PREVENTION: (FIELD EDGES, DITCHES, OR FENCE LINES WERE CHOPPED, SPRAYED, MOWED, PLOWED, OR BURNED)",ORGANIC,STATE,ALL CLASSES,IOWA,,FIELD CROPS,ANNUAL,55,PCT OF OPERATIONS,,00,,PEST MGMT,,SURVEY,19,CORN,UNITED STATES,,"CORN, ORGANIC - PEST MGMT, MEASURED IN PCT OF OPERATIONS",,9000,,00000000,IA,,2010,2012-01-01 00:00:00.000,ALL UTILIZATION PRACTICES,19,YEAR,,"PRACTICE, PREVENTION",ENVIRONMENTAL,IOWA,00,,
"PRACTICE, PREVENTION: (FIELD LEFT FALLOW PREVIOUS YEAR TO MANAGE INSECTS)",ORGANIC,STATE,ALL CLASSES,IOWA,,FIELD CROPS,ANNUAL,0,PCT OF OPERATIONS,,00,,PEST MGMT,,SURVEY,19,CORN,UNITED STATES,,"CORN, ORGANIC - PEST MGMT, MEASURED IN PCT OF OPERATIONS",,9000,,00000000,IA,,2010,2012-01-01 00:00:00.000,ALL UTILIZATION PRACTICES,19,YEAR,,"PRACTICE, PREVENTION",ENVIRONMENTAL,IOWA,00,,
"PRACTICE, PREVENTION: (FLAMER USED TO KILL WEEDS)",ORGANIC,STATE,ALL CLASSES,IOWA,,FIELD CROPS,ANNUAL,7,PCT OF OPERATIONS,,00,,PEST MGMT,,SURVEY,19,CORN,UNITED STATES,,"CORN, ORGANIC - PEST MGMT, MEASURED IN PCT OF OPERATIONS",,9000,,00000000,IA,,2010,2012-01-01 00:00:00.000,ALL UTILIZATION PRACTICES,19,YEAR,,"PRACTICE, PREVENTION",ENVIRONMENTAL,IOWA,00,,
"PRACTICE, PREVENTION: (NO-TILL OR MINIMUM TILL USED)",ORGANIC,STATE,ALL CLASSES,IOWA,,FIELD CROPS,ANNUAL,22,PCT OF OPERATIONS,,00,,PEST MGMT,,SURVEY,19,CORN,UNITED STATES,,"CORN, ORGANIC - PEST MGMT, MEASURED IN PCT OF OPERATIONS",,9000,,00000000,IA,,2010,2012-01-01 00:00:00.000,ALL UTILIZATION PRACTICES,19,YEAR,,"PRACTICE, PREVENTION",ENVIRONMENTAL,IOWA,00,,
"PRACTICE, PREVENTION: (PLOWED DOWN CROP RESIDUE USING CONVENTIONAL TILLAGE)",ORGANIC,STATE,ALL CLASSES,IOWA,,FIELD CROPS,ANNUAL,81,PCT OF OPERATIONS,,00,,PEST MGMT,,SURVEY,19,CORN,UNITED STATES,,"CORN, ORGANIC - PEST MGMT, MEASURED IN PCT OF OPERATIONS",,9000,,00000000,IA,,2010,2012-01-01 00:00:00.000,ALL UTILIZATION PRACTICES,19,YEAR,,"PRACTICE, PREVENTION",ENVIRONMENTAL,IOWA,00,,
"PRACTICE, PREVENTION: (SEED TREATED FOR INSECT OR DISEASE CONTROL AFTER PURCHASE)",ORGANIC,STATE,ALL CLASSES,IOWA,,FIELD CROPS,ANNUAL,3,PCT OF OPERATIONS,,00,,PEST MGMT,,SURVEY,19,CORN,UNITED STATES,,"CORN, ORGANIC - PEST MGMT, MEASURED IN PCT OF OPERATIONS",,9000,,00000000,IA,,2010,2012-01-01 00:00:00.000,ALL UTILIZATION PRACTICES,19,YEAR,,"PRACTICE, PREVENTION",ENVIRONMENTAL,IOWA,00,,
"PRACTICE, PREVENTION: (WATER MGMT PRACTICES USED)",ORGANIC,STATE,ALL CLASSES,IOWA,,FIELD CROPS,ANNUAL,0,PCT OF OPERATIONS,,00,,PEST MGMT,,SURVEY,19,CORN,UNITED STATES,,"CORN, ORGANIC - PEST MGMT, MEASURED IN PCT OF OPERATIONS",,9000,,00000000,IA,,2010,2012-01-01 00:00:00.000,ALL UTILIZATION PRACTICES,19,YEAR,,"PRACTICE, PREVENTION",ENVIRONMENTAL,IOWA,00,,
"PRACTICE, SUPPRESSION: (BENEFICIAL ORGANISMS APPLIED OR RELEASED)",ORGANIC,STATE,ALL CLASSES,IOWA,,FIELD CROPS,ANNUAL,1,PCT OF OPERATIONS,,00,,PEST MGMT,,SURVEY,19,CORN,UNITED STATES,,"CORN, ORGANIC - PEST MGMT, MEASURED IN PCT OF OPERATIONS",,9000,,00000000,IA,,2010,2012-01-01 00:00:00.000,ALL UTILIZATION PRACTICES,19,YEAR,,"PRACTICE, SUPPRESSION",ENVIRONMENTAL,IOWA,00,,
"PRACTICE, SUPPRESSION: (BIOLOGICAL PESTICIDES APPLIED)",ORGANIC,STATE,ALL CLASSES,IOWA,,FIELD CROPS,ANNUAL,0,PCT OF OPERATIONS,,00,,PEST MGMT,,SURVEY,19,CORN,UNITED STATES,,"CORN, ORGANIC - PEST MGMT, MEASURED IN PCT OF OPERATIONS",,9000,,00000000,IA,,2010,2012-01-01 00:00:00.000,ALL UTILIZATION PRACTICES,19,YEAR,,"PRACTICE, SUPPRESSION",ENVIRONMENTAL,IOWA,00,,
"PRACTICE, SUPPRESSION: (BUFFER STRIPS OR BORDER ROWS MAINTAINED TO ISOLATE ORGANIC FROM NON ORGANIC CROPS)",ORGANIC,STATE,ALL CLASSES,IOWA,,FIELD CROPS,ANNUAL,50,PCT OF OPERATIONS,,00,,PEST MGMT,,SURVEY,19,CORN,UNITED STATES,,"CORN, ORGANIC - PEST MGMT, MEASURED IN PCT OF OPERATIONS",,9000,,00000000,IA,,2010,2012-01-01 00:00:00.000,ALL UTILIZATION PRACTICES,19,YEAR,,"PRACTICE, SUPPRESSION",ENVIRONMENTAL,IOWA,00,,
"PRACTICE, SUPPRESSION: (FLORAL LURES, ATTRACTANTS, REPELLANTS, PHERMONE TRAPS, OR BIOLOGICAL PEST CONTROLS USED)",ORGANIC,STATE,ALL CLASSES,IOWA,,FIELD CROPS,ANNUAL,0,PCT OF OPERATIONS,,00,,PEST MGMT,,SURVEY,19,CORN,UNITED STATES,,"CORN, ORGANIC - PEST MGMT, MEASURED IN PCT OF OPERATIONS",,9000,,00000000,IA,,2010,2012-01-01 00:00:00.000,ALL UTILIZATION PRACTICES,19,YEAR,,"PRACTICE, SUPPRESSION",ENVIRONMENTAL,IOWA,00,,
"PRACTICE, SUPPRESSION: (GROUND COVERS, MULCHES, OR OTHER PHYSICAL BARRIERS MAINTAINED)",ORGANIC,STATE,ALL CLASSES,IOWA,,FIELD CROPS,ANNUAL,57,PCT OF OPERATIONS,,00,,PEST MGMT,,SURVEY,19,CORN,UNITED STATES,,"CORN, ORGANIC - PEST MGMT, MEASURED IN PCT OF OPERATIONS",,9000,,00000000,IA,,2010,2012-01-01 00:00:00.000,ALL UTILIZATION PRACTICES,19,YEAR,,"PRACTICE, SUPPRESSION",ENVIRONMENTAL,IOWA,00,,
"PRACTICE, SUPPRESSION: (PESTICIDES WITH DIFFERENT MECHANISMS OF ACTION USED TO KEEP PEST FROM BECOMING RESISTANT TO PESTICIDES)",ORGANIC,STATE,ALL CLASSES,IOWA,,FIELD CROPS,ANNUAL,0,PCT OF OPERATIONS,,00,,PEST MGMT,,SURVEY,19,CORN,UNITED STATES,,"CORN, ORGANIC - PEST MGMT, MEASURED IN PCT OF OPERATIONS",,9000,,00000000,IA,,2010,2012-01-01 00:00:00.000,ALL UTILIZATION PRACTICES,19,YEAR,,"PRACTICE, SUPPRESSION",ENVIRONMENTAL,IOWA,00,,
"PRACTICE, SUPPRESSION: (SCOUTING DATA COMPARED TO PUBLISHED INFORMATION TO ASSIST DECISIONS)",ORGANIC,STATE,ALL CLASSES,IOWA,,FIELD CROPS,ANNUAL,2,PCT OF OPERATIONS,,00,,PEST MGMT,,SURVEY,19,CORN,UNITED STATES,,"CORN, ORGANIC - PEST MGMT, MEASURED IN PCT OF OPERATIONS",,9000,,00000000,IA,,2010,2012-01-01 00:00:00.000,ALL UTILIZATION PRACTICES,19,YEAR,,"PRACTICE, SUPPRESSION",ENVIRONMENTAL,IOWA,00,,
"PRACTICE, SUPPRESSION: (TRAP CROP GROWN TO MANAGE INSECTS)",ORGANIC,STATE,ALL CLASSES,IOWA,,FIELD CROPS,ANNUAL,0,PCT OF OPERATIONS,,00,,PEST MGMT,,SURVEY,19,CORN,UNITED STATES,,"CORN, ORGANIC - PEST MGMT, MEASURED IN PCT OF OPERATIONS",,9000,,00000000,IA,,2010,2012-01-01 00:00:00.000,ALL UTILIZATION PRACTICES,19,YEAR,,"PRACTICE, SUPPRESSION",ENVIRONMENTAL,IOWA,00,,
FERTILIZER: (NITROGEN),ORGANIC,STATE,ALL CLASSES,IOWA,,FIELD CROPS,ANNUAL,18,"PCT OF AREA PLANTED, AVG",,00,,TREATED,,SURVEY,19,CORN,UNITED STATES,,"CORN, ORGANIC - TREATED, MEASURED IN PCT OF AREA PLANTED, AVG",,9000,,00000000,IA,,2010,2012-01-01 00:00:00.000,ALL UTILIZATION PRACTICES,19,YEAR,,FERTILIZER,ENVIRONMENTAL,IOWA,00,,
FERTILIZER: (PHOSPHATE),ORGANIC,STATE,ALL CLASSES,IOWA,,FIELD CROPS,ANNUAL,20,"PCT OF AREA PLANTED, AVG",,00,,TREATED,,SURVEY,19,CORN,UNITED STATES,,"CORN, ORGANIC - TREATED, MEASURED IN PCT OF AREA PLANTED, AVG",,9000,,00000000,IA,,2010,2012-01-01 00:00:00.000,ALL UTILIZATION PRACTICES,19,YEAR,,FERTILIZER,ENVIRONMENTAL,IOWA,00,,
FERTILIZER: (POTASH),ORGANIC,STATE,ALL CLASSES,IOWA,,FIELD CROPS,ANNUAL,21,"PCT OF AREA PLANTED, AVG",,00,,TREATED,,SURVEY,19,CORN,UNITED STATES,,"CORN, ORGANIC - TREATED, MEASURED IN PCT OF AREA PLANTED, AVG",,9000,,00000000,IA,,2010,2012-01-01 00:00:00.000,ALL UTILIZATION PRACTICES,19,YEAR,,FERTILIZER,ENVIRONMENTAL,IOWA,00,,
FERTILIZER: (SULFUR),ORGANIC,STATE,ALL CLASSES,IOWA,,FIELD CROPS,ANNUAL,4,"PCT OF AREA PLANTED, AVG",,00,,TREATED,,SURVEY,19,CORN,UNITED STATES,,"CORN, ORGANIC - TREATED, MEASURED IN PCT OF AREA PLANTED, AVG",,9000,,00000000,IA,,2010,2012-01-01 00:00:00.000,ALL UTILIZATION PRACTICES,19,YEAR,,FERTILIZER,ENVIRONMENTAL,IOWA,00,,
