statisticcat_desc,week_ending,short_desc,state_fips_code,prodn_practice_desc,county_code,CV (%),domaincat_desc,state_name,source_desc,congr_district_code,county_name,watershed_desc,util_practice_desc,class_desc,load_time,country_name,region_desc,location_desc,Value,unit_desc,zip_5,year,state_ansi,sector_desc,begin_code,asd_code,reference_period_desc,state_alpha,asd_desc,commodity_desc,agg_level_desc,group_desc,end_code,county_ansi,freq_desc,domain_desc,country_code,watershed_code
APPLICATIONS,,"CORN - APPLICATIONS, MEASURED IN LB",19,ALL PRODUCTION PRACTICES,,,"CHEMICAL, FUNGICIDE: (AZOXYSTROBIN = 128810)",IOWA,SURVEY,,,,ALL UTILIZATION PRACTICES,ALL CLASSES,2021-05-13 15:00:30.000,UNITED STATES,,IOWA,"155,000",LB,,2021,19,ENVIRONMENTAL,00,,YEAR,IA,,CORN,STATE,FIELD CROPS,00,,ANNUAL,"CHEMICAL, FUNGICIDE",9000,00000000
APPLICATIONS,,"CORN - APPLICATIONS, MEASURED IN LB",19,ALL PRODUCTION PRACTICES,,,"CHEMICAL, FUNGICIDE: (AZOXYSTROBIN = 128810)",IOWA,SURVEY,,,,ALL UTILIZATION PRACTICES,ALL CLASSES,2018-05-10 15:16:25.000,UNITED STATES,,IOWA,"111,000",LB,,2018,19,ENVIRONMENTAL,00,,YEAR,IA,,CORN,STATE,FIELD CROPS,00,,ANNUAL,"CHEMICAL, FUNGICIDE",9000,00000000
APPLICATIONS,,"CORN - APPLICATIONS, MEASURED IN LB",19,ALL PRODUCTION PRACTICES,,,"CHEMICAL, FUNGICIDE: (AZOXYSTROBIN = 128810)",IOWA,SURVEY,,,,ALL UTILIZATION PRACTICES,ALL CLASSES,2016-08-31 14:19:39.000,UNITED STATES,,IOWA,"94,000",LB,,2016,19,ENVIRONMENTAL,00,,YEAR,IA,,CORN,STATE,FIELD CROPS,00,,ANNUAL,"CHEMICAL, FUNGICIDE",9000,00000000
APPLICATIONS,,"CORN - APPLICATIONS, MEASURED IN LB",19,ALL PRODUCTION PRACTICES,,,"CHEMICAL, FUNGICIDE: (AZOXYSTROBIN = 128810)",IOWA,SURVEY,,,,ALL UTILIZATION PRACTICES,ALL CLASSES,2014-05-14 15:12:54.000,UNITED STATES,,IOWA,"37,000",LB,,2014,19,ENVIRONMENTAL,00,,YEAR,IA,,CORN,STATE,FIELD CROPS,00,,ANNUAL,"CHEMICAL, FUNGICIDE",9000,00000000
APPLICATIONS,,"CORN - APPLICATIONS, MEASURED IN LB",19,ALL PRODUCTION PRACTICES,,,"CHEMICAL, FUNGICIDE: (AZOXYSTROBIN = 128810)",IOWA,SURVEY,,,,ALL UTILIZATION PRACTICES,ALL CLASSES,2012-01-01 00:00:00.000,UNITED STATES,,IOWA,                 (D),LB,,2010,19,ENVIRONMENTAL,00,,YEAR,IA,,CORN,STATE,FIELD CROPS,00,,ANNUAL,"CHEMICAL, FUNGICIDE",9000,00000000
APPLICATIONS,,"CORN - APPLICATIONS, MEASURED IN LB",19,ALL PRODUCTION PRACTICES,,,"CHEMICAL, FUNGICIDE: (BENZOVINDIFLUPYR = 122305)",IOWA,SURVEY,,,,ALL UTILIZATION PRACTICES,ALL CLASSES,2021-05-13 15:00:30.000,UNITED STATES,,IOWA,                 (D),LB,,2021,19,ENVIRONMENTAL,00,,YEAR,IA,,CORN,STATE,FIELD CROPS,00,,ANNUAL,"CHEMICAL, FUNGICIDE",9000,00000000
APPLICATIONS,,"CORN - APPLICATIONS, MEASURED IN LB",19,ALL PRODUCTION PRACTICES,,,"CHEMICAL, FUNGICIDE: (BENZOVINDIFLUPYR = 122305)",IOWA,SURVEY,,,,ALL UTILIZATION PRACTICES,ALL CLASSES,2018-05-10 15:16:25.000,UNITED STATES,,IOWA,"10,000",LB,,2018,19,ENVIRONMENTAL,00,,YEAR,IA,,CORN,STATE,FIELD CROPS,00,,ANNUAL,"CHEMICAL, FUNGICIDE",9000,00000000
APPLICATIONS,,"CORN - APPLICATIONS, MEASURED IN LB",19,ALL PRODUCTION PRACTICES,,,"CHEMICAL, FUNGICIDE: (CAPTAN = 81301)",IOWA,SURVEY,,,,ALL UTILIZATION PRACTICES,ALL CLASSES,2018-05-10 15:16:25.000,UNITED STATES,,IOWA,                 (D),LB,,2018,19,ENVIRONMENTAL,00,,YEAR,IA,,CORN,STATE,FIELD CROPS,00,,ANNUAL,"CHEMICAL, FUNGICIDE",9000,00000000
APPLICATIONS,,"CORN - APPLICATIONS, MEASURED IN LB",19,ALL PRODUCTION PRACTICES,,,"CHEMICAL, FUNGICIDE: (CYPROCONAZOLE = 128993)",IOWA,SURVEY,,,,ALL UTILIZATION PRACTICES,ALL CLASSES,2018-05-10 15:16:25.000,UNITED STATES,,IOWA,                 (D),LB,,2018,19,ENVIRONMENTAL,00,,YEAR,IA,,CORN,STATE,FIELD CROPS,00,,ANNUAL,"CHEMICAL, FUNGICIDE",9000,00000000
APPLICATIONS,,"CORN - APPLICATIONS, MEASURED IN LB",19,ALL PRODUCTION PRACTICES,,,"CHEMICAL, FUNGICIDE: (FLUOPYRAM = 80302)",IOWA,SURVEY,,,,ALL UTILIZATION PRACTICES,ALL CLASSES,2021-05-13 15:00:30.000,UNITED STATES,,IOWA,                 (D),LB,,2021,19,ENVIRONMENTAL,00,,YEAR,IA,,CORN,STATE,FIELD CROPS,00,,ANNUAL,"CHEMICAL, FUNGICIDE",9000,00000000
APPLICATIONS,,"CORN - APPLICATIONS, MEASURED IN LB",19,ALL PRODUCTION PRACTICES,,,"CHEMICAL, FUNGICIDE: (FLUOXASTROBIN = 28869)",IOWA,SURVEY,,,,ALL UTILIZATION PRACTICES,ALL CLASSES,2018-05-10 15:16:25.000,UNITED STATES,,IOWA,                 (D),LB,,2018,19,ENVIRONMENTAL,00,,YEAR,IA,,CORN,STATE,FIELD CROPS,00,,ANNUAL,"CHEMICAL, FUNGICIDE",9000,00000000
APPLICATIONS,,"CORN - APPLICATIONS, MEASURED IN LB",19,ALL PRODUCTION PRACTICES,,,"CHEMICAL, FUNGICIDE: (FLUOXASTROBIN = 28869)",IOWA,SURVEY,,,,ALL UTILIZATION PRACTICES,ALL CLASSES,2014-05-14 15:12:54.000,UNITED STATES,,IOWA,                 (D),LB,,2014,19,ENVIRONMENTAL,00,,YEAR,IA,,CORN,STATE,FIELD CROPS,00,,ANNUAL,"CHEMICAL, FUNGICIDE",9000,00000000
APPLICATIONS,,"CORN - APPLICATIONS, MEASURED IN LB",19,ALL PRODUCTION PRACTICES,,,"CHEMICAL, FUNGICIDE: (FLUXAPYROXAD = 138009)",IOWA,SURVEY,,,,ALL UTILIZATION PRACTICES,ALL CLASSES,2016-08-31 14:19:39.000,UNITED STATES,,IOWA,                 (D),LB,,2016,19,ENVIRONMENTAL,00,,YEAR,IA,,CORN,STATE,FIELD CROPS,00,,ANNUAL,"CHEMICAL, FUNGICIDE",9000,00000000
APPLICATIONS,,"CORN - APPLICATIONS, MEASURED IN LB",19,ALL PRODUCTION PRACTICES,,,"CHEMICAL, FUNGICIDE: (FLUXAPYROXAD = 138009)",IOWA,SURVEY,,,,ALL UTILIZATION PRACTICES,ALL CLASSES,2014-05-14 15:12:54.000,UNITED STATES,,IOWA,                 (D),LB,,2014,19,ENVIRONMENTAL,00,,YEAR,IA,,CORN,STATE,FIELD CROPS,00,,ANNUAL,"CHEMICAL, FUNGICIDE",9000,00000000
APPLICATIONS,,"CORN - APPLICATIONS, MEASURED IN LB",19,ALL PRODUCTION PRACTICES,,,"CHEMICAL, FUNGICIDE: (MEFENTRIFLUCONAZOLE = 122000)",IOWA,SURVEY,,,,ALL UTILIZATION PRACTICES,ALL CLASSES,2021-05-13 15:00:30.000,UNITED STATES,,IOWA,                 (D),LB,,2021,19,ENVIRONMENTAL,00,,YEAR,IA,,CORN,STATE,FIELD CROPS,00,,ANNUAL,"CHEMICAL, FUNGICIDE",9000,00000000
APPLICATIONS,,"CORN - APPLICATIONS, MEASURED IN LB",19,ALL PRODUCTION PRACTICES,,,"CHEMICAL, FUNGICIDE: (METCONAZOLE = 125619)",IOWA,SURVEY,,,,ALL UTILIZATION PRACTICES,ALL CLASSES,2021-05-13 15:00:30.000,UNITED STATES,,IOWA,                 (D),LB,,2021,19,ENVIRONMENTAL,00,,YEAR,IA,,CORN,STATE,FIELD CROPS,00,,ANNUAL,"CHEMICAL, FUNGICIDE",9000,00000000
APPLICATIONS,,"CORN - APPLICATIONS, MEASURED IN LB",19,ALL PRODUCTION PRACTICES,,,"CHEMICAL, FUNGICIDE: (METCONAZOLE = 125619)",IOWA,SURVEY,,,,ALL UTILIZATION PRACTICES,ALL CLASSES,2018-05-10 15:16:25.000,UNITED STATES,,IOWA,                 (D),LB,,2018,19,ENVIRONMENTAL,00,,YEAR,IA,,CORN,STATE,FIELD CROPS,00,,ANNUAL,"CHEMICAL, FUNGICIDE",9000,00000000
APPLICATIONS,,"CORN - APPLICATIONS, MEASURED IN LB",19,ALL PRODUCTION PRACTICES,,,"CHEMICAL, FUNGICIDE: (METCONAZOLE = 125619)",IOWA,SURVEY,,,,ALL UTILIZATION PRACTICES,ALL CLASSES,2016-08-31 14:19:39.000,UNITED STATES,,IOWA,"21,000",LB,,2016,19,ENVIRONMENTAL,00,,YEAR,IA,,CORN,STATE,FIELD CROPS,00,,ANNUAL,"CHEMICAL, FUNGICIDE",9000,00000000
APPLICATIONS,,"CORN - APPLICATIONS, MEASURED IN LB",19,ALL PRODUCTION PRACTICES,,,"CHEMICAL, FUNGICIDE: (METCONAZOLE = 125619)",IOWA,SURVEY,,,,ALL UTILIZATION PRACTICES,ALL CLASSES,2014-05-14 15:12:54.000,UNITED STATES,,IOWA,"6,000",LB,,2014,19,ENVIRONMENTAL,00,,YEAR,IA,,CORN,STATE,FIELD CROPS,00,,ANNUAL,"CHEMICAL, FUNGICIDE",9000,00000000
APPLICATIONS,,"CORN - APPLICATIONS, MEASURED IN LB",19,ALL PRODUCTION PRACTICES,,,"CHEMICAL, FUNGICIDE: (PICOXYSTROBIN = 129200)",IOWA,SURVEY,,,,ALL UTILIZATION PRACTICES,ALL CLASSES,2018-05-10 15:16:25.000,UNITED STATES,,IOWA,                 (D),LB,,2018,19,ENVIRONMENTAL,00,,YEAR,IA,,CORN,STATE,FIELD CROPS,00,,ANNUAL,"CHEMICAL, FUNGICIDE",9000,00000000
APPLICATIONS,,"CORN - APPLICATIONS, MEASURED IN LB",19,ALL PRODUCTION PRACTICES,,,"CHEMICAL, FUNGICIDE: (PICOXYSTROBIN = 129200)",IOWA,SURVEY,,,,ALL UTILIZATION PRACTICES,ALL CLASSES,2014-05-14 15:12:54.000,UNITED STATES,,IOWA,                 (D),LB,,2014,19,ENVIRONMENTAL,00,,YEAR,IA,,CORN,STATE,FIELD CROPS,00,,ANNUAL,"CHEMICAL, FUNGICIDE",9000,00000000
APPLICATIONS,,"CORN - APPLICATIONS, MEASURED IN LB",19,ALL PRODUCTION PRACTICES,,,"CHEMICAL, FUNGICIDE: (PROPICONAZOLE = 122101)",IOWA,SURVEY,,,,ALL UTILIZATION PRACTICES,ALL CLASSES,2021-05-13 15:00:30.000,UNITED STATES,,IOWA,"166,000",LB,,2021,19,ENVIRONMENTAL,00,,YEAR,IA,,CORN,STATE,FIELD CROPS,00,,ANNUAL,"CHEMICAL, FUNGICIDE",9000,00000000
APPLICATIONS,,"CORN - APPLICATIONS, MEASURED IN LB",19,ALL PRODUCTION PRACTICES,,,"CHEMICAL, FUNGICIDE: (PROPICONAZOLE = 122101)",IOWA,SURVEY,,,,ALL UTILIZATION PRACTICES,ALL CLASSES,2018-05-10 15:16:25.000,UNITED STATES,,IOWA,"101,000",LB,,2018,19,ENVIRONMENTAL,00,,YEAR,IA,,CORN,STATE,FIELD CROPS,00,,ANNUAL,"CHEMICAL, FUNGICIDE",9000,00000000
APPLICATIONS,,"CORN - APPLICATIONS, MEASURED IN LB",19,ALL PRODUCTION PRACTICES,,,"CHEMICAL, FUNGICIDE: (PROPICONAZOLE = 122101)",IOWA,SURVEY,,,,ALL UTILIZATION PRACTICES,ALL CLASSES,2016-08-31 14:19:39.000,UNITED STATES,,IOWA,"119,000",LB,,2016,19,ENVIRONMENTAL,00,,YEAR,IA,,CORN,STATE,FIELD CROPS,00,,ANNUAL,"CHEMICAL, FUNGICIDE",9000,00000000
APPLICATIONS,,"CORN - APPLICATIONS, MEASURED IN LB",19,ALL PRODUCTION PRACTICES,,,"CHEMICAL, FUNGICIDE: (PROPICONAZOLE = 122101)",IOWA,SURVEY,,,,ALL UTILIZATION PRACTICES,ALL CLASSES,2014-05-14 15:12:54.000,UNITED STATES,,IOWA,"50,000",LB,,2014,19,ENVIRONMENTAL,00,,YEAR,IA,,CORN,STATE,FIELD CROPS,00,,ANNUAL,"CHEMICAL, FUNGICIDE",9000,00000000
APPLICATIONS,,"CORN - APPLICATIONS, MEASURED IN LB",19,ALL PRODUCTION PRACTICES,,,"CHEMICAL, FUNGICIDE: (PROPICONAZOLE = 122101)",IOWA,SURVEY,,,,ALL UTILIZATION PRACTICES,ALL CLASSES,2012-01-01 00:00:00.000,UNITED STATES,,IOWA,                 (D),LB,,2010,19,ENVIRONMENTAL,00,,YEAR,IA,,CORN,STATE,FIELD CROPS,00,,ANNUAL,"CHEMICAL, FUNGICIDE",9000,00000000
APPLICATIONS,,"CORN - APPLICATIONS, MEASURED IN LB",19,ALL PRODUCTION PRACTICES,,,"CHEMICAL, FUNGICIDE: (PROTHIOCONAZOLE = 113961)",IOWA,SURVEY,,,,ALL UTILIZATION PRACTICES,ALL CLASSES,2021-05-13 15:00:30.000,UNITED STATES,,IOWA,"138,000",LB,,2021,19,ENVIRONMENTAL,00,,YEAR,IA,,CORN,STATE,FIELD CROPS,00,,ANNUAL,"CHEMICAL, FUNGICIDE",9000,00000000
APPLICATIONS,,"CORN - APPLICATIONS, MEASURED IN LB",19,ALL PRODUCTION PRACTICES,,,"CHEMICAL, FUNGICIDE: (PROTHIOCONAZOLE = 113961)",IOWA,SURVEY,,,,ALL UTILIZATION PRACTICES,ALL CLASSES,2018-05-10 15:16:25.000,UNITED STATES,,IOWA,"43,000",LB,,2018,19,ENVIRONMENTAL,00,,YEAR,IA,,CORN,STATE,FIELD CROPS,00,,ANNUAL,"CHEMICAL, FUNGICIDE",9000,00000000
APPLICATIONS,,"CORN - APPLICATIONS, MEASURED IN LB",19,ALL PRODUCTION PRACTICES,,,"CHEMICAL, FUNGICIDE: (PROTHIOCONAZOLE = 113961)",IOWA,SURVEY,,,,ALL UTILIZATION PRACTICES,ALL CLASSES,2014-05-14 15:12:54.000,UNITED STATES,,IOWA,                 (D),LB,,2014,19,ENVIRONMENTAL,00,,YEAR,IA,,CORN,STATE,FIELD CROPS,00,,ANNUAL,"CHEMICAL, FUNGICIDE",9000,00000000
APPLICATIONS,,"CORN - APPLICATIONS, MEASURED IN LB",19,ALL PRODUCTION PRACTICES,,,"CHEMICAL, FUNGICIDE: (PYDIFLUMETOFEN = 90110)",IOWA,SURVEY,,,,ALL UTILIZATION PRACTICES,ALL CLASSES,2021-05-13 15:00:30.000,UNITED STATES,,IOWA,                 (D),LB,,2021,19,ENVIRONMENTAL,00,,YEAR,IA,,CORN,STATE,FIELD CROPS,00,,ANNUAL,"CHEMICAL, FUNGICIDE",9000,00000000
APPLICATIONS,,"CORN - APPLICATIONS, MEASURED IN LB",19,ALL PRODUCTION PRACTICES,,,"CHEMICAL, FUNGICIDE: (PYRACLOSTROBIN = 99100)",IOWA,SURVEY,,,,ALL UTILIZATION PRACTICES,ALL CLASSES,2021-05-13 15:00:30.000,UNITED STATES,,IOWA,                 (D),LB,,2021,19,ENVIRONMENTAL,00,,YEAR,IA,,CORN,STATE,FIELD CROPS,00,,ANNUAL,"CHEMICAL, FUNGICIDE",9000,00000000
APPLICATIONS,,"CORN - APPLICATIONS, MEASURED IN LB",19,ALL PRODUCTION PRACTICES,,,"CHEMICAL, FUNGICIDE: (PYRACLOSTROBIN = 99100)",IOWA,SURVEY,,,,ALL UTILIZATION PRACTICES,ALL CLASSES,2018-05-10 15:16:25.000,UNITED STATES,,IOWA,"226,000",LB,,2018,19,ENVIRONMENTAL,00,,YEAR,IA,,CORN,STATE,FIELD CROPS,00,,ANNUAL,"CHEMICAL, FUNGICIDE",9000,00000000
APPLICATIONS,,"CORN - APPLICATIONS, MEASURED IN LB",19,ALL PRODUCTION PRACTICES,,,"CHEMICAL, FUNGICIDE: (PYRACLOSTROBIN = 99100)",IOWA,SURVEY,,,,ALL UTILIZATION PRACTICES,ALL CLASSES,2016-08-31 14:19:39.000,UNITED STATES,,IOWA,"188,000",LB,,2016,19,ENVIRONMENTAL,00,,YEAR,IA,,CORN,STATE,FIELD CROPS,00,,ANNUAL,"CHEMICAL, FUNGICIDE",9000,00000000
APPLICATIONS,,"CORN - APPLICATIONS, MEASURED IN LB",19,ALL PRODUCTION PRACTICES,,,"CHEMICAL, FUNGICIDE: (PYRACLOSTROBIN = 99100)",IOWA,SURVEY,,,,ALL UTILIZATION PRACTICES,ALL CLASSES,2014-05-14 15:12:54.000,UNITED STATES,,IOWA,"146,000",LB,,2014,19,ENVIRONMENTAL,00,,YEAR,IA,,CORN,STATE,FIELD CROPS,00,,ANNUAL,"CHEMICAL, FUNGICIDE",9000,00000000
APPLICATIONS,,"CORN - APPLICATIONS, MEASURED IN LB",19,ALL PRODUCTION PRACTICES,,,"CHEMICAL, FUNGICIDE: (PYRACLOSTROBIN = 99100)",IOWA,SURVEY,,,,ALL UTILIZATION PRACTICES,ALL CLASSES,2012-01-01 00:00:00.000,UNITED STATES,,IOWA,"92,000",LB,,2010,19,ENVIRONMENTAL,00,,YEAR,IA,,CORN,STATE,FIELD CROPS,00,,ANNUAL,"CHEMICAL, FUNGICIDE",9000,00000000
APPLICATIONS,,"CORN - APPLICATIONS, MEASURED IN LB",19,ALL PRODUCTION PRACTICES,,,"CHEMICAL, FUNGICIDE: (TEBUCONAZOLE = 128997)",IOWA,SURVEY,,,,ALL UTILIZATION PRACTICES,ALL CLASSES,2021-05-13 15:00:30.000,UNITED STATES,,IOWA,                 (D),LB,,2021,19,ENVIRONMENTAL,00,,YEAR,IA,,CORN,STATE,FIELD CROPS,00,,ANNUAL,"CHEMICAL, FUNGICIDE",9000,00000000
APPLICATIONS,,"CORN - APPLICATIONS, MEASURED IN LB",19,ALL PRODUCTION PRACTICES,,,"CHEMICAL, FUNGICIDE: (TEBUCONAZOLE = 128997)",IOWA,SURVEY,,,,ALL UTILIZATION PRACTICES,ALL CLASSES,2014-05-14 15:12:54.000,UNITED STATES,,IOWA,                 (D),LB,,2014,19,ENVIRONMENTAL,00,,YEAR,IA,,CORN,STATE,FIELD CROPS,00,,ANNUAL,"CHEMICAL, FUNGICIDE",9000,00000000
APPLICATIONS,,"CORN - APPLICATIONS, MEASURED IN LB",19,ALL PRODUCTION PRACTICES,,,"CHEMICAL, FUNGICIDE: (TETRACONAZOLE = 120603)",IOWA,SURVEY,,,,ALL UTILIZATION PRACTICES,ALL CLASSES,2018-05-10 15:16:25.000,UNITED STATES,,IOWA,                 (D),LB,,2018,19,ENVIRONMENTAL,00,,YEAR,IA,,CORN,STATE,FIELD CROPS,00,,ANNUAL,"CHEMICAL, FUNGICIDE",9000,00000000
APPLICATIONS,,"CORN - APPLICATIONS, MEASURED IN LB",19,ALL PRODUCTION PRACTICES,,,"CHEMICAL, FUNGICIDE: (TETRACONAZOLE = 120603)",IOWA,SURVEY,,,,ALL UTILIZATION PRACTICES,ALL CLASSES,2016-08-31 14:19:39.000,UNITED STATES,,IOWA,                 (D),LB,,2016,19,ENVIRONMENTAL,00,,YEAR,IA,,CORN,STATE,FIELD CROPS,00,,ANNUAL,"CHEMICAL, FUNGICIDE",9000,00000000
APPLICATIONS,,"CORN - APPLICATIONS, MEASURED IN LB",19,ALL PRODUCTION PRACTICES,,,"CHEMICAL, FUNGICIDE: (TOTAL)",IOWA,SURVEY,,,,ALL UTILIZATION PRACTICES,ALL CLASSES,2021-05-13 15:00:30.000,UNITED STATES,,IOWA,"786,000",LB,,2021,19,ENVIRONMENTAL,00,,YEAR,IA,,CORN,STATE,FIELD CROPS,00,,ANNUAL,"CHEMICAL, FUNGICIDE",9000,00000000
APPLICATIONS,,"CORN - APPLICATIONS, MEASURED IN LB",19,ALL PRODUCTION PRACTICES,,,"CHEMICAL, FUNGICIDE: (TOTAL)",IOWA,SURVEY,,,,ALL UTILIZATION PRACTICES,ALL CLASSES,2018-05-10 15:16:25.000,UNITED STATES,,IOWA,"706,000",LB,,2018,19,ENVIRONMENTAL,00,,YEAR,IA,,CORN,STATE,FIELD CROPS,00,,ANNUAL,"CHEMICAL, FUNGICIDE",9000,00000000
APPLICATIONS,,"CORN - APPLICATIONS, MEASURED IN LB",19,ALL PRODUCTION PRACTICES,,,"CHEMICAL, FUNGICIDE: (TOTAL)",IOWA,SURVEY,,,,ALL UTILIZATION PRACTICES,ALL CLASSES,2016-08-31 14:19:39.000,UNITED STATES,,IOWA,"438,000",LB,,2016,19,ENVIRONMENTAL,00,,YEAR,IA,,CORN,STATE,FIELD CROPS,00,,ANNUAL,"CHEMICAL, FUNGICIDE",9000,00000000
APPLICATIONS,,"CORN - APPLICATIONS, MEASURED IN LB",19,ALL PRODUCTION PRACTICES,,,"CHEMICAL, FUNGICIDE: (TOTAL)",IOWA,SURVEY,,,,ALL UTILIZATION PRACTICES,ALL CLASSES,2014-05-14 15:12:54.000,UNITED STATES,,IOWA,"296,000",LB,,2014,19,ENVIRONMENTAL,00,,YEAR,IA,,CORN,STATE,FIELD CROPS,00,,ANNUAL,"CHEMICAL, FUNGICIDE",9000,00000000
APPLICATIONS,,"CORN - APPLICATIONS, MEASURED IN LB",19,ALL PRODUCTION PRACTICES,,,"CHEMICAL, FUNGICIDE: (TOTAL)",IOWA,SURVEY,,,,ALL UTILIZATION PRACTICES,ALL CLASSES,2012-01-01 00:00:00.000,UNITED STATES,,IOWA,"149,000",LB,,2010,19,ENVIRONMENTAL,00,,YEAR,IA,,CORN,STATE,FIELD CROPS,00,,ANNUAL,"CHEMICAL, FUNGICIDE",9000,00000000
APPLICATIONS,,"CORN - APPLICATIONS, MEASURED IN LB",19,ALL PRODUCTION PRACTICES,,,"CHEMICAL, FUNGICIDE: (TRIFLOXYSTROBIN = 129112)",IOWA,SURVEY,,,,ALL UTILIZATION PRACTICES,ALL CLASSES,2021-05-13 15:00:30.000,UNITED STATES,,IOWA,"121,000",LB,,2021,19,ENVIRONMENTAL,00,,YEAR,IA,,CORN,STATE,FIELD CROPS,00,,ANNUAL,"CHEMICAL, FUNGICIDE",9000,00000000
APPLICATIONS,,"CORN - APPLICATIONS, MEASURED IN LB",19,ALL PRODUCTION PRACTICES,,,"CHEMICAL, FUNGICIDE: (TRIFLOXYSTROBIN = 129112)",IOWA,SURVEY,,,,ALL UTILIZATION PRACTICES,ALL CLASSES,2018-05-10 15:16:25.000,UNITED STATES,,IOWA,"100,000",LB,,2018,19,ENVIRONMENTAL,00,,YEAR,IA,,CORN,STATE,FIELD CROPS,00,,ANNUAL,"CHEMICAL, FUNGICIDE",9000,00000000
APPLICATIONS,,"CORN - APPLICATIONS, MEASURED IN LB",19,ALL PRODUCTION PRACTICES,,,"CHEMICAL, FUNGICIDE: (TRIFLOXYSTROBIN = 129112)",IOWA,SURVEY,,,,ALL UTILIZATION PRACTICES,ALL CLASSES,2016-08-31 14:19:39.000,UNITED STATES,,IOWA,                 (D),LB,,2016,19,ENVIRONMENTAL,00,,YEAR,IA,,CORN,STATE,FIELD CROPS,00,,ANNUAL,"CHEMICAL, FUNGICIDE",9000,00000000
APPLICATIONS,,"CORN - APPLICATIONS, MEASURED IN LB",19,ALL PRODUCTION PRACTICES,,,"CHEMICAL, FUNGICIDE: (TRIFLOXYSTROBIN = 129112)",IOWA,SURVEY,,,,ALL UTILIZATION PRACTICES,ALL CLASSES,2014-05-14 15:12:54.000,UNITED STATES,,IOWA,"23,000",LB,,2014,19,ENVIRONMENTAL,00,,YEAR,IA,,CORN,STATE,FIELD CROPS,00,,ANNUAL,"CHEMICAL, FUNGICIDE",9000,00000000
APPLICATIONS,,"CORN - APPLICATIONS, MEASURED IN LB",19,ALL PRODUCTION PRACTICES,,,"CHEMICAL, FUNGICIDE: (TRIFLOXYSTROBIN = 129112)",IOWA,SURVEY,,,,ALL UTILIZATION PRACTICES,ALL CLASSES,2012-01-01 00:00:00.000,UNITED STATES,,IOWA,                 (D),LB,,2010,19,ENVIRONMENTAL,00,,YEAR,IA,,CORN,STATE,FIELD CROPS,00,,ANNUAL,"CHEMICAL, FUNGICIDE",9000,00000000
APPLICATIONS,,"CORN - APPLICATIONS, MEASURED IN LB",19,ALL PRODUCTION PRACTICES,,,"CHEMICAL, HERBICIDE: (2,4-D = 30001)",IOWA,SURVEY,,,,ALL UTILIZATION PRACTICES,ALL CLASSES,2012-01-01 00:00:00.000,UNITED STATES,,IOWA,                 (D),LB,,2010,19,ENVIRONMENTAL,00,,YEAR,IA,,CORN,STATE,FIELD CROPS,00,,ANNUAL,"CHEMICAL, HERBICIDE",9000,00000000
APPLICATIONS,,"CORN - APPLICATIONS, MEASURED IN LB",19,ALL PRODUCTION PRACTICES,,,"CHEMICAL, HERBICIDE: (2,4-D = 30001)",IOWA,SURVEY,,,,ALL UTILIZATION PRACTICES,ALL CLASSES,2003-06-11 10:11:36.000,UNITED STATES,,IOWA,"154,000",LB,,2003,19,ENVIRONMENTAL,00,,YEAR,IA,,CORN,STATE,FIELD CROPS,00,,ANNUAL,"CHEMICAL, HERBICIDE",9000,00000000
APPLICATIONS,,"CORN - APPLICATIONS, MEASURED IN LB",19,ALL PRODUCTION PRACTICES,,,"CHEMICAL, HERBICIDE: (2,4-D = 30001)",IOWA,SURVEY,,,,ALL UTILIZATION PRACTICES,ALL CLASSES,2002-06-11 10:11:36.000,UNITED STATES,,IOWA,"244,000",LB,,2002,19,ENVIRONMENTAL,00,,YEAR,IA,,CORN,STATE,FIELD CROPS,00,,ANNUAL,"CHEMICAL, HERBICIDE",9000,00000000
APPLICATIONS,,"CORN - APPLICATIONS, MEASURED IN LB",19,ALL PRODUCTION PRACTICES,,,"CHEMICAL, HERBICIDE: (2,4-D = 30001)",IOWA,SURVEY,,,,ALL UTILIZATION PRACTICES,ALL CLASSES,2001-06-11 10:11:36.000,UNITED STATES,,IOWA,"122,000",LB,,2001,19,ENVIRONMENTAL,00,,YEAR,IA,,CORN,STATE,FIELD CROPS,00,,ANNUAL,"CHEMICAL, HERBICIDE",9000,00000000
APPLICATIONS,,"CORN - APPLICATIONS, MEASURED IN LB",19,ALL PRODUCTION PRACTICES,,,"CHEMICAL, HERBICIDE: (2,4-D = 30001)",IOWA,SURVEY,,,,ALL UTILIZATION PRACTICES,ALL CLASSES,2000-06-11 10:11:36.000,UNITED STATES,,IOWA,"414,000",LB,,2000,19,ENVIRONMENTAL,00,,YEAR,IA,,CORN,STATE,FIELD CROPS,00,,ANNUAL,"CHEMICAL, HERBICIDE",9000,00000000
APPLICATIONS,,"CORN - APPLICATIONS, MEASURED IN LB",19,ALL PRODUCTION PRACTICES,,,"CHEMICAL, HERBICIDE: (2,4-D, 2-EHE = 30063)",IOWA,SURVEY,,,,ALL UTILIZATION PRACTICES,ALL CLASSES,2021-05-13 15:00:30.000,UNITED STATES,,IOWA,                 (D),LB,,2021,19,ENVIRONMENTAL,00,,YEAR,IA,,CORN,STATE,FIELD CROPS,00,,ANNUAL,"CHEMICAL, HERBICIDE",9000,00000000
APPLICATIONS,,"CORN - APPLICATIONS, MEASURED IN LB",19,ALL PRODUCTION PRACTICES,,,"CHEMICAL, HERBICIDE: (2,4-D, 2-EHE = 30063)",IOWA,SURVEY,,,,ALL UTILIZATION PRACTICES,ALL CLASSES,2018-05-10 15:16:25.000,UNITED STATES,,IOWA,                 (D),LB,,2018,19,ENVIRONMENTAL,00,,YEAR,IA,,CORN,STATE,FIELD CROPS,00,,ANNUAL,"CHEMICAL, HERBICIDE",9000,00000000
APPLICATIONS,,"CORN - APPLICATIONS, MEASURED IN LB",19,ALL PRODUCTION PRACTICES,,,"CHEMICAL, HERBICIDE: (2,4-D, 2-EHE = 30063)",IOWA,SURVEY,,,,ALL UTILIZATION PRACTICES,ALL CLASSES,2016-08-31 14:19:39.000,UNITED STATES,,IOWA,"225,000",LB,,2016,19,ENVIRONMENTAL,00,,YEAR,IA,,CORN,STATE,FIELD CROPS,00,,ANNUAL,"CHEMICAL, HERBICIDE",9000,00000000
APPLICATIONS,,"CORN - APPLICATIONS, MEASURED IN LB",19,ALL PRODUCTION PRACTICES,,,"CHEMICAL, HERBICIDE: (2,4-D, 2-EHE = 30063)",IOWA,SURVEY,,,,ALL UTILIZATION PRACTICES,ALL CLASSES,2014-05-14 15:12:54.000,UNITED STATES,,IOWA,"311,000",LB,,2014,19,ENVIRONMENTAL,00,,YEAR,IA,,CORN,STATE,FIELD CROPS,00,,ANNUAL,"CHEMICAL, HERBICIDE",9000,00000000
APPLICATIONS,,"CORN - APPLICATIONS, MEASURED IN LB",19,ALL PRODUCTION PRACTICES,,,"CHEMICAL, HERBICIDE: (2,4-D, 2-EHE = 30063)",IOWA,SURVEY,,,,ALL UTILIZATION PRACTICES,ALL CLASSES,2012-01-01 00:00:00.000,UNITED STATES,,IOWA,"141,000",LB,,2010,19,ENVIRONMENTAL,00,,YEAR,IA,,CORN,STATE,FIELD CROPS,00,,ANNUAL,"CHEMICAL, HERBICIDE",9000,00000000
APPLICATIONS,,"CORN - APPLICATIONS, MEASURED IN LB",19,ALL PRODUCTION PRACTICES,,,"CHEMICAL, HERBICIDE: (2,4-D, 2-EHE = 30063)",IOWA,SURVEY,,,,ALL UTILIZATION PRACTICES,ALL CLASSES,2005-06-11 10:11:36.000,UNITED STATES,,IOWA,"113,000",LB,,2005,19,ENVIRONMENTAL,00,,YEAR,IA,,CORN,STATE,FIELD CROPS,00,,ANNUAL,"CHEMICAL, HERBICIDE",9000,00000000
APPLICATIONS,,"CORN - APPLICATIONS, MEASURED IN LB",19,ALL PRODUCTION PRACTICES,,,"CHEMICAL, HERBICIDE: (2,4-D, DIMETH. SALT = 30019)",IOWA,SURVEY,,,,ALL UTILIZATION PRACTICES,ALL CLASSES,2018-05-10 15:16:25.000,UNITED STATES,,IOWA,                 (D),LB,,2018,19,ENVIRONMENTAL,00,,YEAR,IA,,CORN,STATE,FIELD CROPS,00,,ANNUAL,"CHEMICAL, HERBICIDE",9000,00000000
APPLICATIONS,,"CORN - APPLICATIONS, MEASURED IN LB",19,ALL PRODUCTION PRACTICES,,,"CHEMICAL, HERBICIDE: (2,4-D, DIMETH. SALT = 30019)",IOWA,SURVEY,,,,ALL UTILIZATION PRACTICES,ALL CLASSES,2016-08-31 14:19:39.000,UNITED STATES,,IOWA,"152,000",LB,,2016,19,ENVIRONMENTAL,00,,YEAR,IA,,CORN,STATE,FIELD CROPS,00,,ANNUAL,"CHEMICAL, HERBICIDE",9000,00000000
APPLICATIONS,,"CORN - APPLICATIONS, MEASURED IN LB",19,ALL PRODUCTION PRACTICES,,,"CHEMICAL, HERBICIDE: (2,4-D, DIMETH. SALT = 30019)",IOWA,SURVEY,,,,ALL UTILIZATION PRACTICES,ALL CLASSES,2014-05-14 15:12:54.000,UNITED STATES,,IOWA,                 (D),LB,,2014,19,ENVIRONMENTAL,00,,YEAR,IA,,CORN,STATE,FIELD CROPS,00,,ANNUAL,"CHEMICAL, HERBICIDE",9000,00000000
APPLICATIONS,,"CORN - APPLICATIONS, MEASURED IN LB",19,ALL PRODUCTION PRACTICES,,,"CHEMICAL, HERBICIDE: (2,4-D, DIMETH. SALT = 30019)",IOWA,SURVEY,,,,ALL UTILIZATION PRACTICES,ALL CLASSES,2012-01-01 00:00:00.000,UNITED STATES,,IOWA,                 (D),LB,,2010,19,ENVIRONMENTAL,00,,YEAR,IA,,CORN,STATE,FIELD CROPS,00,,ANNUAL,"CHEMICAL, HERBICIDE",9000,00000000
APPLICATIONS,,"CORN - APPLICATIONS, MEASURED IN LB",19,ALL PRODUCTION PRACTICES,,,"CHEMICAL, HERBICIDE: (2,4-D, ISOPROP. SALT = 30025)",IOWA,SURVEY,,,,ALL UTILIZATION PRACTICES,ALL CLASSES,2016-08-31 14:19:39.000,UNITED STATES,,IOWA,                 (D),LB,,2016,19,ENVIRONMENTAL,00,,YEAR,IA,,CORN,STATE,FIELD CROPS,00,,ANNUAL,"CHEMICAL, HERBICIDE",9000,00000000
APPLICATIONS,,"CORN - APPLICATIONS, MEASURED IN LB",19,ALL PRODUCTION PRACTICES,,,"CHEMICAL, HERBICIDE: (2,4-DB, DIMETH. SALT = 30819)",IOWA,SURVEY,,,,ALL UTILIZATION PRACTICES,ALL CLASSES,2018-05-10 15:16:25.000,UNITED STATES,,IOWA,                 (D),LB,,2018,19,ENVIRONMENTAL,00,,YEAR,IA,,CORN,STATE,FIELD CROPS,00,,ANNUAL,"CHEMICAL, HERBICIDE",9000,00000000
APPLICATIONS,,"CORN - APPLICATIONS, MEASURED IN LB",19,ALL PRODUCTION PRACTICES,,,"CHEMICAL, HERBICIDE: (ACETOCHLOR = 121601)",IOWA,SURVEY,,,,ALL UTILIZATION PRACTICES,ALL CLASSES,2021-05-13 15:00:30.000,UNITED STATES,,IOWA,"8,306,000",LB,,2021,19,ENVIRONMENTAL,00,,YEAR,IA,,CORN,STATE,FIELD CROPS,00,,ANNUAL,"CHEMICAL, HERBICIDE",9000,00000000
APPLICATIONS,,"CORN - APPLICATIONS, MEASURED IN LB",19,ALL PRODUCTION PRACTICES,,,"CHEMICAL, HERBICIDE: (ACETOCHLOR = 121601)",IOWA,SURVEY,,,,ALL UTILIZATION PRACTICES,ALL CLASSES,2018-05-10 15:16:25.000,UNITED STATES,,IOWA,"8,823,000",LB,,2018,19,ENVIRONMENTAL,00,,YEAR,IA,,CORN,STATE,FIELD CROPS,00,,ANNUAL,"CHEMICAL, HERBICIDE",9000,00000000
APPLICATIONS,,"CORN - APPLICATIONS, MEASURED IN LB",19,ALL PRODUCTION PRACTICES,,,"CHEMICAL, HERBICIDE: (ACETOCHLOR = 121601)",IOWA,SURVEY,,,,ALL UTILIZATION PRACTICES,ALL CLASSES,2016-08-31 14:19:39.000,UNITED STATES,,IOWA,"9,349,000",LB,,2016,19,ENVIRONMENTAL,00,,YEAR,IA,,CORN,STATE,FIELD CROPS,00,,ANNUAL,"CHEMICAL, HERBICIDE",9000,00000000
APPLICATIONS,,"CORN - APPLICATIONS, MEASURED IN LB",19,ALL PRODUCTION PRACTICES,,,"CHEMICAL, HERBICIDE: (ACETOCHLOR = 121601)",IOWA,SURVEY,,,,ALL UTILIZATION PRACTICES,ALL CLASSES,2014-05-14 15:12:54.000,UNITED STATES,,IOWA,"7,938,000",LB,,2014,19,ENVIRONMENTAL,00,,YEAR,IA,,CORN,STATE,FIELD CROPS,00,,ANNUAL,"CHEMICAL, HERBICIDE",9000,00000000
APPLICATIONS,,"CORN - APPLICATIONS, MEASURED IN LB",19,ALL PRODUCTION PRACTICES,,,"CHEMICAL, HERBICIDE: (ACETOCHLOR = 121601)",IOWA,SURVEY,,,,ALL UTILIZATION PRACTICES,ALL CLASSES,2012-01-01 00:00:00.000,UNITED STATES,,IOWA,"5,456,000",LB,,2010,19,ENVIRONMENTAL,00,,YEAR,IA,,CORN,STATE,FIELD CROPS,00,,ANNUAL,"CHEMICAL, HERBICIDE",9000,00000000
APPLICATIONS,,"CORN - APPLICATIONS, MEASURED IN LB",19,ALL PRODUCTION PRACTICES,,,"CHEMICAL, HERBICIDE: (ACETOCHLOR = 121601)",IOWA,SURVEY,,,,ALL UTILIZATION PRACTICES,ALL CLASSES,2005-06-11 10:11:36.000,UNITED STATES,,IOWA,"6,706,000",LB,,2005,19,ENVIRONMENTAL,00,,YEAR,IA,,CORN,STATE,FIELD CROPS,00,,ANNUAL,"CHEMICAL, HERBICIDE",9000,00000000
APPLICATIONS,,"CORN - APPLICATIONS, MEASURED IN LB",19,ALL PRODUCTION PRACTICES,,,"CHEMICAL, HERBICIDE: (ACETOCHLOR = 121601)",IOWA,SURVEY,,,,ALL UTILIZATION PRACTICES,ALL CLASSES,2003-06-11 10:11:36.000,UNITED STATES,,IOWA,"9,570,000",LB,,2003,19,ENVIRONMENTAL,00,,YEAR,IA,,CORN,STATE,FIELD CROPS,00,,ANNUAL,"CHEMICAL, HERBICIDE",9000,00000000
APPLICATIONS,,"CORN - APPLICATIONS, MEASURED IN LB",19,ALL PRODUCTION PRACTICES,,,"CHEMICAL, HERBICIDE: (ACETOCHLOR = 121601)",IOWA,SURVEY,,,,ALL UTILIZATION PRACTICES,ALL CLASSES,2002-06-11 10:11:36.000,UNITED STATES,,IOWA,"6,128,000",LB,,2002,19,ENVIRONMENTAL,00,,YEAR,IA,,CORN,STATE,FIELD CROPS,00,,ANNUAL,"CHEMICAL, HERBICIDE",9000,00000000
APPLICATIONS,,"CORN - APPLICATIONS, MEASURED IN LB",19,ALL PRODUCTION PRACTICES,,,"CHEMICAL, HERBICIDE: (ACETOCHLOR = 121601)",IOWA,SURVEY,,,,ALL UTILIZATION PRACTICES,ALL CLASSES,2001-06-11 10:11:36.000,UNITED STATES,,IOWA,"3,908,000",LB,,2001,19,ENVIRONMENTAL,00,,YEAR,IA,,CORN,STATE,FIELD CROPS,00,,ANNUAL,"CHEMICAL, HERBICIDE",9000,00000000
APPLICATIONS,,"CORN - APPLICATIONS, MEASURED IN LB",19,ALL PRODUCTION PRACTICES,,,"CHEMICAL, HERBICIDE: (ACETOCHLOR = 121601)",IOWA,SURVEY,,,,ALL UTILIZATION PRACTICES,ALL CLASSES,2000-06-11 10:11:36.000,UNITED STATES,,IOWA,"7,294,000",LB,,2000,19,ENVIRONMENTAL,00,,YEAR,IA,,CORN,STATE,FIELD CROPS,00,,ANNUAL,"CHEMICAL, HERBICIDE",9000,00000000
APPLICATIONS,,"CORN - APPLICATIONS, MEASURED IN LB",19,ALL PRODUCTION PRACTICES,,,"CHEMICAL, HERBICIDE: (ACIFLUORFEN, SODIUM = 114402)",IOWA,SURVEY,,,,ALL UTILIZATION PRACTICES,ALL CLASSES,2012-01-01 00:00:00.000,UNITED STATES,,IOWA,                 (D),LB,,2010,19,ENVIRONMENTAL,00,,YEAR,IA,,CORN,STATE,FIELD CROPS,00,,ANNUAL,"CHEMICAL, HERBICIDE",9000,00000000
APPLICATIONS,,"CORN - APPLICATIONS, MEASURED IN LB",19,ALL PRODUCTION PRACTICES,,,"CHEMICAL, HERBICIDE: (ALACHLOR = 90501)",IOWA,SURVEY,,,,ALL UTILIZATION PRACTICES,ALL CLASSES,2021-05-13 15:00:30.000,UNITED STATES,,IOWA,                 (D),LB,,2021,19,ENVIRONMENTAL,00,,YEAR,IA,,CORN,STATE,FIELD CROPS,00,,ANNUAL,"CHEMICAL, HERBICIDE",9000,00000000
APPLICATIONS,,"CORN - APPLICATIONS, MEASURED IN LB",19,ALL PRODUCTION PRACTICES,,,"CHEMICAL, HERBICIDE: (ALACHLOR = 90501)",IOWA,SURVEY,,,,ALL UTILIZATION PRACTICES,ALL CLASSES,2012-01-01 00:00:00.000,UNITED STATES,,IOWA,                 (D),LB,,2010,19,ENVIRONMENTAL,00,,YEAR,IA,,CORN,STATE,FIELD CROPS,00,,ANNUAL,"CHEMICAL, HERBICIDE",9000,00000000
APPLICATIONS,,"CORN - APPLICATIONS, MEASURED IN LB",19,ALL PRODUCTION PRACTICES,,,"CHEMICAL, HERBICIDE: (ATRAZINE = 80803)",IOWA,SURVEY,,,,ALL UTILIZATION PRACTICES,ALL CLASSES,2021-05-13 15:00:30.000,UNITED STATES,,IOWA,"7,663,000",LB,,2021,19,ENVIRONMENTAL,00,,YEAR,IA,,CORN,STATE,FIELD CROPS,00,,ANNUAL,"CHEMICAL, HERBICIDE",9000,00000000
APPLICATIONS,,"CORN - APPLICATIONS, MEASURED IN LB",19,ALL PRODUCTION PRACTICES,,,"CHEMICAL, HERBICIDE: (ATRAZINE = 80803)",IOWA,SURVEY,,,,ALL UTILIZATION PRACTICES,ALL CLASSES,2018-05-10 15:16:25.000,UNITED STATES,,IOWA,"6,621,000",LB,,2018,19,ENVIRONMENTAL,00,,YEAR,IA,,CORN,STATE,FIELD CROPS,00,,ANNUAL,"CHEMICAL, HERBICIDE",9000,00000000
APPLICATIONS,,"CORN - APPLICATIONS, MEASURED IN LB",19,ALL PRODUCTION PRACTICES,,,"CHEMICAL, HERBICIDE: (ATRAZINE = 80803)",IOWA,SURVEY,,,,ALL UTILIZATION PRACTICES,ALL CLASSES,2016-08-31 14:19:39.000,UNITED STATES,,IOWA,"7,568,000",LB,,2016,19,ENVIRONMENTAL,00,,YEAR,IA,,CORN,STATE,FIELD CROPS,00,,ANNUAL,"CHEMICAL, HERBICIDE",9000,00000000
APPLICATIONS,,"CORN - APPLICATIONS, MEASURED IN LB",19,ALL PRODUCTION PRACTICES,,,"CHEMICAL, HERBICIDE: (ATRAZINE = 80803)",IOWA,SURVEY,,,,ALL UTILIZATION PRACTICES,ALL CLASSES,2014-05-14 15:12:54.000,UNITED STATES,,IOWA,"6,767,000",LB,,2014,19,ENVIRONMENTAL,00,,YEAR,IA,,CORN,STATE,FIELD CROPS,00,,ANNUAL,"CHEMICAL, HERBICIDE",9000,00000000
APPLICATIONS,,"CORN - APPLICATIONS, MEASURED IN LB",19,ALL PRODUCTION PRACTICES,,,"CHEMICAL, HERBICIDE: (ATRAZINE = 80803)",IOWA,SURVEY,,,,ALL UTILIZATION PRACTICES,ALL CLASSES,2012-01-01 00:00:00.000,UNITED STATES,,IOWA,"6,873,000",LB,,2010,19,ENVIRONMENTAL,00,,YEAR,IA,,CORN,STATE,FIELD CROPS,00,,ANNUAL,"CHEMICAL, HERBICIDE",9000,00000000
APPLICATIONS,,"CORN - APPLICATIONS, MEASURED IN LB",19,ALL PRODUCTION PRACTICES,,,"CHEMICAL, HERBICIDE: (ATRAZINE = 80803)",IOWA,SURVEY,,,,ALL UTILIZATION PRACTICES,ALL CLASSES,2005-06-11 10:11:36.000,UNITED STATES,,IOWA,"8,276,000",LB,,2005,19,ENVIRONMENTAL,00,,YEAR,IA,,CORN,STATE,FIELD CROPS,00,,ANNUAL,"CHEMICAL, HERBICIDE",9000,00000000
APPLICATIONS,,"CORN - APPLICATIONS, MEASURED IN LB",19,ALL PRODUCTION PRACTICES,,,"CHEMICAL, HERBICIDE: (ATRAZINE = 80803)",IOWA,SURVEY,,,,ALL UTILIZATION PRACTICES,ALL CLASSES,2003-06-11 10:11:36.000,UNITED STATES,,IOWA,"8,598,000",LB,,2003,19,ENVIRONMENTAL,00,,YEAR,IA,,CORN,STATE,FIELD CROPS,00,,ANNUAL,"CHEMICAL, HERBICIDE",9000,00000000
APPLICATIONS,,"CORN - APPLICATIONS, MEASURED IN LB",19,ALL PRODUCTION PRACTICES,,,"CHEMICAL, HERBICIDE: (ATRAZINE = 80803)",IOWA,SURVEY,,,,ALL UTILIZATION PRACTICES,ALL CLASSES,2002-06-11 10:11:36.000,UNITED STATES,,IOWA,"7,287,000",LB,,2002,19,ENVIRONMENTAL,00,,YEAR,IA,,CORN,STATE,FIELD CROPS,00,,ANNUAL,"CHEMICAL, HERBICIDE",9000,00000000
APPLICATIONS,,"CORN - APPLICATIONS, MEASURED IN LB",19,ALL PRODUCTION PRACTICES,,,"CHEMICAL, HERBICIDE: (ATRAZINE = 80803)",IOWA,SURVEY,,,,ALL UTILIZATION PRACTICES,ALL CLASSES,2001-06-11 10:11:36.000,UNITED STATES,,IOWA,"7,417,000",LB,,2001,19,ENVIRONMENTAL,00,,YEAR,IA,,CORN,STATE,FIELD CROPS,00,,ANNUAL,"CHEMICAL, HERBICIDE",9000,00000000
APPLICATIONS,,"CORN - APPLICATIONS, MEASURED IN LB",19,ALL PRODUCTION PRACTICES,,,"CHEMICAL, HERBICIDE: (ATRAZINE = 80803)",IOWA,SURVEY,,,,ALL UTILIZATION PRACTICES,ALL CLASSES,2000-06-11 10:11:36.000,UNITED STATES,,IOWA,"7,119,000",LB,,2000,19,ENVIRONMENTAL,00,,YEAR,IA,,CORN,STATE,FIELD CROPS,00,,ANNUAL,"CHEMICAL, HERBICIDE",9000,00000000
APPLICATIONS,,"CORN - APPLICATIONS, MEASURED IN LB",19,ALL PRODUCTION PRACTICES,,,"CHEMICAL, HERBICIDE: (BENTAZON = 103901)",IOWA,SURVEY,,,,ALL UTILIZATION PRACTICES,ALL CLASSES,2014-05-14 15:12:54.000,UNITED STATES,,IOWA,                 (D),LB,,2014,19,ENVIRONMENTAL,00,,YEAR,IA,,CORN,STATE,FIELD CROPS,00,,ANNUAL,"CHEMICAL, HERBICIDE",9000,00000000
APPLICATIONS,,"CORN - APPLICATIONS, MEASURED IN LB",19,ALL PRODUCTION PRACTICES,,,"CHEMICAL, HERBICIDE: (BICYCLOPYRONE = 18986)",IOWA,SURVEY,,,,ALL UTILIZATION PRACTICES,ALL CLASSES,2021-05-13 15:00:30.000,UNITED STATES,,IOWA,                 (D),LB,,2021,19,ENVIRONMENTAL,00,,YEAR,IA,,CORN,STATE,FIELD CROPS,00,,ANNUAL,"CHEMICAL, HERBICIDE",9000,00000000
APPLICATIONS,,"CORN - APPLICATIONS, MEASURED IN LB",19,ALL PRODUCTION PRACTICES,,,"CHEMICAL, HERBICIDE: (BICYCLOPYRONE = 18986)",IOWA,SURVEY,,,,ALL UTILIZATION PRACTICES,ALL CLASSES,2018-05-10 15:16:25.000,UNITED STATES,,IOWA,"23,000",LB,,2018,19,ENVIRONMENTAL,00,,YEAR,IA,,CORN,STATE,FIELD CROPS,00,,ANNUAL,"CHEMICAL, HERBICIDE",9000,00000000
APPLICATIONS,,"CORN - APPLICATIONS, MEASURED IN LB",19,ALL PRODUCTION PRACTICES,,,"CHEMICAL, HERBICIDE: (BICYCLOPYRONE = 18986)",IOWA,SURVEY,,,,ALL UTILIZATION PRACTICES,ALL CLASSES,2016-08-31 14:19:39.000,UNITED STATES,,IOWA,"28,000",LB,,2016,19,ENVIRONMENTAL,00,,YEAR,IA,,CORN,STATE,FIELD CROPS,00,,ANNUAL,"CHEMICAL, HERBICIDE",9000,00000000
APPLICATIONS,,"CORN - APPLICATIONS, MEASURED IN LB",19,ALL PRODUCTION PRACTICES,,,"CHEMICAL, HERBICIDE: (BROMOXYNIL = 35301)",IOWA,SURVEY,,,,ALL UTILIZATION PRACTICES,ALL CLASSES,2002-06-11 10:11:36.000,UNITED STATES,,IOWA,"80,000",LB,,2002,19,ENVIRONMENTAL,00,,YEAR,IA,,CORN,STATE,FIELD CROPS,00,,ANNUAL,"CHEMICAL, HERBICIDE",9000,00000000
APPLICATIONS,,"CORN - APPLICATIONS, MEASURED IN LB",19,ALL PRODUCTION PRACTICES,,,"CHEMICAL, HERBICIDE: (BROMOXYNIL = 35301)",IOWA,SURVEY,,,,ALL UTILIZATION PRACTICES,ALL CLASSES,2001-06-11 10:11:36.000,UNITED STATES,,IOWA,"77,000",LB,,2001,19,ENVIRONMENTAL,00,,YEAR,IA,,CORN,STATE,FIELD CROPS,00,,ANNUAL,"CHEMICAL, HERBICIDE",9000,00000000
APPLICATIONS,,"CORN - APPLICATIONS, MEASURED IN LB",19,ALL PRODUCTION PRACTICES,,,"CHEMICAL, HERBICIDE: (BROMOXYNIL = 35301)",IOWA,SURVEY,,,,ALL UTILIZATION PRACTICES,ALL CLASSES,2000-06-11 10:11:36.000,UNITED STATES,,IOWA,"414,000",LB,,2000,19,ENVIRONMENTAL,00,,YEAR,IA,,CORN,STATE,FIELD CROPS,00,,ANNUAL,"CHEMICAL, HERBICIDE",9000,00000000
APPLICATIONS,,"CORN - APPLICATIONS, MEASURED IN LB",19,ALL PRODUCTION PRACTICES,,,"CHEMICAL, HERBICIDE: (CARFENTRAZONE-ETHYL = 128712)",IOWA,SURVEY,,,,ALL UTILIZATION PRACTICES,ALL CLASSES,2000-06-11 10:11:36.000,UNITED STATES,,IOWA,"31,000",LB,,2000,19,ENVIRONMENTAL,00,,YEAR,IA,,CORN,STATE,FIELD CROPS,00,,ANNUAL,"CHEMICAL, HERBICIDE",9000,00000000
APPLICATIONS,,"CORN - APPLICATIONS, MEASURED IN LB",19,ALL PRODUCTION PRACTICES,,,"CHEMICAL, HERBICIDE: (CLOMAZONE = 125401)",IOWA,SURVEY,,,,ALL UTILIZATION PRACTICES,ALL CLASSES,2012-01-01 00:00:00.000,UNITED STATES,,IOWA,                 (D),LB,,2010,19,ENVIRONMENTAL,00,,YEAR,IA,,CORN,STATE,FIELD CROPS,00,,ANNUAL,"CHEMICAL, HERBICIDE",9000,00000000
APPLICATIONS,,"CORN - APPLICATIONS, MEASURED IN LB",19,ALL PRODUCTION PRACTICES,,,"CHEMICAL, HERBICIDE: (CLOPYRALID = 117403)",IOWA,SURVEY,,,,ALL UTILIZATION PRACTICES,ALL CLASSES,2021-05-13 15:00:30.000,UNITED STATES,,IOWA,"143,000",LB,,2021,19,ENVIRONMENTAL,00,,YEAR,IA,,CORN,STATE,FIELD CROPS,00,,ANNUAL,"CHEMICAL, HERBICIDE",9000,00000000
APPLICATIONS,,"CORN - APPLICATIONS, MEASURED IN LB",19,ALL PRODUCTION PRACTICES,,,"CHEMICAL, HERBICIDE: (CLOPYRALID = 117403)",IOWA,SURVEY,,,,ALL UTILIZATION PRACTICES,ALL CLASSES,2018-05-10 15:16:25.000,UNITED STATES,,IOWA,"246,000",LB,,2018,19,ENVIRONMENTAL,00,,YEAR,IA,,CORN,STATE,FIELD CROPS,00,,ANNUAL,"CHEMICAL, HERBICIDE",9000,00000000
APPLICATIONS,,"CORN - APPLICATIONS, MEASURED IN LB",19,ALL PRODUCTION PRACTICES,,,"CHEMICAL, HERBICIDE: (CLOPYRALID = 117403)",IOWA,SURVEY,,,,ALL UTILIZATION PRACTICES,ALL CLASSES,2016-08-31 14:19:39.000,UNITED STATES,,IOWA,"110,000",LB,,2016,19,ENVIRONMENTAL,00,,YEAR,IA,,CORN,STATE,FIELD CROPS,00,,ANNUAL,"CHEMICAL, HERBICIDE",9000,00000000
APPLICATIONS,,"CORN - APPLICATIONS, MEASURED IN LB",19,ALL PRODUCTION PRACTICES,,,"CHEMICAL, HERBICIDE: (CLOPYRALID = 117403)",IOWA,SURVEY,,,,ALL UTILIZATION PRACTICES,ALL CLASSES,2014-05-14 15:12:54.000,UNITED STATES,,IOWA,"192,000",LB,,2014,19,ENVIRONMENTAL,00,,YEAR,IA,,CORN,STATE,FIELD CROPS,00,,ANNUAL,"CHEMICAL, HERBICIDE",9000,00000000
APPLICATIONS,,"CORN - APPLICATIONS, MEASURED IN LB",19,ALL PRODUCTION PRACTICES,,,"CHEMICAL, HERBICIDE: (CLOPYRALID = 117403)",IOWA,SURVEY,,,,ALL UTILIZATION PRACTICES,ALL CLASSES,2012-01-01 00:00:00.000,UNITED STATES,,IOWA,"40,000",LB,,2010,19,ENVIRONMENTAL,00,,YEAR,IA,,CORN,STATE,FIELD CROPS,00,,ANNUAL,"CHEMICAL, HERBICIDE",9000,00000000
APPLICATIONS,,"CORN - APPLICATIONS, MEASURED IN LB",19,ALL PRODUCTION PRACTICES,,,"CHEMICAL, HERBICIDE: (CLOPYRALID = 117403)",IOWA,SURVEY,,,,ALL UTILIZATION PRACTICES,ALL CLASSES,2005-06-11 10:11:36.000,UNITED STATES,,IOWA,"112,000",LB,,2005,19,ENVIRONMENTAL,00,,YEAR,IA,,CORN,STATE,FIELD CROPS,00,,ANNUAL,"CHEMICAL, HERBICIDE",9000,00000000
APPLICATIONS,,"CORN - APPLICATIONS, MEASURED IN LB",19,ALL PRODUCTION PRACTICES,,,"CHEMICAL, HERBICIDE: (CLOPYRALID = 117403)",IOWA,SURVEY,,,,ALL UTILIZATION PRACTICES,ALL CLASSES,2003-06-11 10:11:36.000,UNITED STATES,,IOWA,"113,000",LB,,2003,19,ENVIRONMENTAL,00,,YEAR,IA,,CORN,STATE,FIELD CROPS,00,,ANNUAL,"CHEMICAL, HERBICIDE",9000,00000000
APPLICATIONS,,"CORN - APPLICATIONS, MEASURED IN LB",19,ALL PRODUCTION PRACTICES,,,"CHEMICAL, HERBICIDE: (CLOPYRALID = 117403)",IOWA,SURVEY,,,,ALL UTILIZATION PRACTICES,ALL CLASSES,2002-06-11 10:11:36.000,UNITED STATES,,IOWA,"184,000",LB,,2002,19,ENVIRONMENTAL,00,,YEAR,IA,,CORN,STATE,FIELD CROPS,00,,ANNUAL,"CHEMICAL, HERBICIDE",9000,00000000
APPLICATIONS,,"CORN - APPLICATIONS, MEASURED IN LB",19,ALL PRODUCTION PRACTICES,,,"CHEMICAL, HERBICIDE: (CLOPYRALID = 117403)",IOWA,SURVEY,,,,ALL UTILIZATION PRACTICES,ALL CLASSES,2001-06-11 10:11:36.000,UNITED STATES,,IOWA,"157,000",LB,,2001,19,ENVIRONMENTAL,00,,YEAR,IA,,CORN,STATE,FIELD CROPS,00,,ANNUAL,"CHEMICAL, HERBICIDE",9000,00000000
APPLICATIONS,,"CORN - APPLICATIONS, MEASURED IN LB",19,ALL PRODUCTION PRACTICES,,,"CHEMICAL, HERBICIDE: (CLOPYRALID = 117403)",IOWA,SURVEY,,,,ALL UTILIZATION PRACTICES,ALL CLASSES,2000-06-11 10:11:36.000,UNITED STATES,,IOWA,"115,000",LB,,2000,19,ENVIRONMENTAL,00,,YEAR,IA,,CORN,STATE,FIELD CROPS,00,,ANNUAL,"CHEMICAL, HERBICIDE",9000,00000000
APPLICATIONS,,"CORN - APPLICATIONS, MEASURED IN LB",19,ALL PRODUCTION PRACTICES,,,"CHEMICAL, HERBICIDE: (CLOPYRALID MONO SALT = 117401)",IOWA,SURVEY,,,,ALL UTILIZATION PRACTICES,ALL CLASSES,2021-05-13 15:00:30.000,UNITED STATES,,IOWA,                 (D),LB,,2021,19,ENVIRONMENTAL,00,,YEAR,IA,,CORN,STATE,FIELD CROPS,00,,ANNUAL,"CHEMICAL, HERBICIDE",9000,00000000
APPLICATIONS,,"CORN - APPLICATIONS, MEASURED IN LB",19,ALL PRODUCTION PRACTICES,,,"CHEMICAL, HERBICIDE: (CLOPYRALID MONO SALT = 117401)",IOWA,SURVEY,,,,ALL UTILIZATION PRACTICES,ALL CLASSES,2018-05-10 15:16:25.000,UNITED STATES,,IOWA,"33,000",LB,,2018,19,ENVIRONMENTAL,00,,YEAR,IA,,CORN,STATE,FIELD CROPS,00,,ANNUAL,"CHEMICAL, HERBICIDE",9000,00000000
APPLICATIONS,,"CORN - APPLICATIONS, MEASURED IN LB",19,ALL PRODUCTION PRACTICES,,,"CHEMICAL, HERBICIDE: (CLOPYRALID MONO SALT = 117401)",IOWA,SURVEY,,,,ALL UTILIZATION PRACTICES,ALL CLASSES,2016-08-31 14:19:39.000,UNITED STATES,,IOWA,"35,000",LB,,2016,19,ENVIRONMENTAL,00,,YEAR,IA,,CORN,STATE,FIELD CROPS,00,,ANNUAL,"CHEMICAL, HERBICIDE",9000,00000000
APPLICATIONS,,"CORN - APPLICATIONS, MEASURED IN LB",19,ALL PRODUCTION PRACTICES,,,"CHEMICAL, HERBICIDE: (CLOPYRALID MONO SALT = 117401)",IOWA,SURVEY,,,,ALL UTILIZATION PRACTICES,ALL CLASSES,2014-05-14 15:12:54.000,UNITED STATES,,IOWA,                 (D),LB,,2014,19,ENVIRONMENTAL,00,,YEAR,IA,,CORN,STATE,FIELD CROPS,00,,ANNUAL,"CHEMICAL, HERBICIDE",9000,00000000
APPLICATIONS,,"CORN - APPLICATIONS, MEASURED IN LB",19,ALL PRODUCTION PRACTICES,,,"CHEMICAL, HERBICIDE: (CLORANSULAM-METHYL = 129116)",IOWA,SURVEY,,,,ALL UTILIZATION PRACTICES,ALL CLASSES,2018-05-10 15:16:25.000,UNITED STATES,,IOWA,                 (D),LB,,2018,19,ENVIRONMENTAL,00,,YEAR,IA,,CORN,STATE,FIELD CROPS,00,,ANNUAL,"CHEMICAL, HERBICIDE",9000,00000000
APPLICATIONS,,"CORN - APPLICATIONS, MEASURED IN LB",19,ALL PRODUCTION PRACTICES,,,"CHEMICAL, HERBICIDE: (CLORANSULAM-METHYL = 129116)",IOWA,SURVEY,,,,ALL UTILIZATION PRACTICES,ALL CLASSES,2014-05-14 15:12:54.000,UNITED STATES,,IOWA,                 (D),LB,,2014,19,ENVIRONMENTAL,00,,YEAR,IA,,CORN,STATE,FIELD CROPS,00,,ANNUAL,"CHEMICAL, HERBICIDE",9000,00000000
APPLICATIONS,,"CORN - APPLICATIONS, MEASURED IN LB",19,ALL PRODUCTION PRACTICES,,,"CHEMICAL, HERBICIDE: (DICAMBA = 29801)",IOWA,SURVEY,,,,ALL UTILIZATION PRACTICES,ALL CLASSES,2018-05-10 15:16:25.000,UNITED STATES,,IOWA,                 (D),LB,,2018,19,ENVIRONMENTAL,00,,YEAR,IA,,CORN,STATE,FIELD CROPS,00,,ANNUAL,"CHEMICAL, HERBICIDE",9000,00000000
APPLICATIONS,,"CORN - APPLICATIONS, MEASURED IN LB",19,ALL PRODUCTION PRACTICES,,,"CHEMICAL, HERBICIDE: (DICAMBA = 29801)",IOWA,SURVEY,,,,ALL UTILIZATION PRACTICES,ALL CLASSES,2014-05-14 15:12:54.000,UNITED STATES,,IOWA,                 (D),LB,,2014,19,ENVIRONMENTAL,00,,YEAR,IA,,CORN,STATE,FIELD CROPS,00,,ANNUAL,"CHEMICAL, HERBICIDE",9000,00000000
APPLICATIONS,,"CORN - APPLICATIONS, MEASURED IN LB",19,ALL PRODUCTION PRACTICES,,,"CHEMICAL, HERBICIDE: (DICAMBA = 29801)",IOWA,SURVEY,,,,ALL UTILIZATION PRACTICES,ALL CLASSES,2003-06-11 10:11:36.000,UNITED STATES,,IOWA,"72,000",LB,,2003,19,ENVIRONMENTAL,00,,YEAR,IA,,CORN,STATE,FIELD CROPS,00,,ANNUAL,"CHEMICAL, HERBICIDE",9000,00000000
APPLICATIONS,,"CORN - APPLICATIONS, MEASURED IN LB",19,ALL PRODUCTION PRACTICES,,,"CHEMICAL, HERBICIDE: (DICAMBA = 29801)",IOWA,SURVEY,,,,ALL UTILIZATION PRACTICES,ALL CLASSES,2002-06-11 10:11:36.000,UNITED STATES,,IOWA,"225,000",LB,,2002,19,ENVIRONMENTAL,00,,YEAR,IA,,CORN,STATE,FIELD CROPS,00,,ANNUAL,"CHEMICAL, HERBICIDE",9000,00000000
APPLICATIONS,,"CORN - APPLICATIONS, MEASURED IN LB",19,ALL PRODUCTION PRACTICES,,,"CHEMICAL, HERBICIDE: (DICAMBA = 29801)",IOWA,SURVEY,,,,ALL UTILIZATION PRACTICES,ALL CLASSES,2001-06-11 10:11:36.000,UNITED STATES,,IOWA,"334,000",LB,,2001,19,ENVIRONMENTAL,00,,YEAR,IA,,CORN,STATE,FIELD CROPS,00,,ANNUAL,"CHEMICAL, HERBICIDE",9000,00000000
APPLICATIONS,,"CORN - APPLICATIONS, MEASURED IN LB",19,ALL PRODUCTION PRACTICES,,,"CHEMICAL, HERBICIDE: (DICAMBA = 29801)",IOWA,SURVEY,,,,ALL UTILIZATION PRACTICES,ALL CLASSES,2000-06-11 10:11:36.000,UNITED STATES,,IOWA,"540,000",LB,,2000,19,ENVIRONMENTAL,00,,YEAR,IA,,CORN,STATE,FIELD CROPS,00,,ANNUAL,"CHEMICAL, HERBICIDE",9000,00000000
APPLICATIONS,,"CORN - APPLICATIONS, MEASURED IN LB",19,ALL PRODUCTION PRACTICES,,,"CHEMICAL, HERBICIDE: (DICAMBA BAPMA SALT = 100094)",IOWA,SURVEY,,,,ALL UTILIZATION PRACTICES,ALL CLASSES,2018-05-10 15:16:25.000,UNITED STATES,,IOWA,                 (D),LB,,2018,19,ENVIRONMENTAL,00,,YEAR,IA,,CORN,STATE,FIELD CROPS,00,,ANNUAL,"CHEMICAL, HERBICIDE",9000,00000000
APPLICATIONS,,"CORN - APPLICATIONS, MEASURED IN LB",19,ALL PRODUCTION PRACTICES,,,"CHEMICAL, HERBICIDE: (DICAMBA, DIGLY. SALT = 128931)",IOWA,SURVEY,,,,ALL UTILIZATION PRACTICES,ALL CLASSES,2021-05-13 15:00:30.000,UNITED STATES,,IOWA,"196,000",LB,,2021,19,ENVIRONMENTAL,00,,YEAR,IA,,CORN,STATE,FIELD CROPS,00,,ANNUAL,"CHEMICAL, HERBICIDE",9000,00000000
APPLICATIONS,,"CORN - APPLICATIONS, MEASURED IN LB",19,ALL PRODUCTION PRACTICES,,,"CHEMICAL, HERBICIDE: (DICAMBA, DIGLY. SALT = 128931)",IOWA,SURVEY,,,,ALL UTILIZATION PRACTICES,ALL CLASSES,2018-05-10 15:16:25.000,UNITED STATES,,IOWA,"227,000",LB,,2018,19,ENVIRONMENTAL,00,,YEAR,IA,,CORN,STATE,FIELD CROPS,00,,ANNUAL,"CHEMICAL, HERBICIDE",9000,00000000
APPLICATIONS,,"CORN - APPLICATIONS, MEASURED IN LB",19,ALL PRODUCTION PRACTICES,,,"CHEMICAL, HERBICIDE: (DICAMBA, DIGLY. SALT = 128931)",IOWA,SURVEY,,,,ALL UTILIZATION PRACTICES,ALL CLASSES,2016-08-31 14:19:39.000,UNITED STATES,,IOWA,                 (D),LB,,2016,19,ENVIRONMENTAL,00,,YEAR,IA,,CORN,STATE,FIELD CROPS,00,,ANNUAL,"CHEMICAL, HERBICIDE",9000,00000000
APPLICATIONS,,"CORN - APPLICATIONS, MEASURED IN LB",19,ALL PRODUCTION PRACTICES,,,"CHEMICAL, HERBICIDE: (DICAMBA, DIMET. SALT = 29802)",IOWA,SURVEY,,,,ALL UTILIZATION PRACTICES,ALL CLASSES,2014-05-14 15:12:54.000,UNITED STATES,,IOWA,                 (D),LB,,2014,19,ENVIRONMENTAL,00,,YEAR,IA,,CORN,STATE,FIELD CROPS,00,,ANNUAL,"CHEMICAL, HERBICIDE",9000,00000000
APPLICATIONS,,"CORN - APPLICATIONS, MEASURED IN LB",19,ALL PRODUCTION PRACTICES,,,"CHEMICAL, HERBICIDE: (DICAMBA, DIMET. SALT = 29802)",IOWA,SURVEY,,,,ALL UTILIZATION PRACTICES,ALL CLASSES,2003-06-11 10:11:36.000,UNITED STATES,,IOWA,"51,000",LB,,2003,19,ENVIRONMENTAL,00,,YEAR,IA,,CORN,STATE,FIELD CROPS,00,,ANNUAL,"CHEMICAL, HERBICIDE",9000,00000000
APPLICATIONS,,"CORN - APPLICATIONS, MEASURED IN LB",19,ALL PRODUCTION PRACTICES,,,"CHEMICAL, HERBICIDE: (DICAMBA, DIMET. SALT = 29802)",IOWA,SURVEY,,,,ALL UTILIZATION PRACTICES,ALL CLASSES,2002-06-11 10:11:36.000,UNITED STATES,,IOWA,"133,000",LB,,2002,19,ENVIRONMENTAL,00,,YEAR,IA,,CORN,STATE,FIELD CROPS,00,,ANNUAL,"CHEMICAL, HERBICIDE",9000,00000000
APPLICATIONS,,"CORN - APPLICATIONS, MEASURED IN LB",19,ALL PRODUCTION PRACTICES,,,"CHEMICAL, HERBICIDE: (DICAMBA, DIMET. SALT = 29802)",IOWA,SURVEY,,,,ALL UTILIZATION PRACTICES,ALL CLASSES,2001-06-11 10:11:36.000,UNITED STATES,,IOWA,"83,000",LB,,2001,19,ENVIRONMENTAL,00,,YEAR,IA,,CORN,STATE,FIELD CROPS,00,,ANNUAL,"CHEMICAL, HERBICIDE",9000,00000000
APPLICATIONS,,"CORN - APPLICATIONS, MEASURED IN LB",19,ALL PRODUCTION PRACTICES,,,"CHEMICAL, HERBICIDE: (DICAMBA, DIMET. SALT = 29802)",IOWA,SURVEY,,,,ALL UTILIZATION PRACTICES,ALL CLASSES,2000-06-11 10:11:36.000,UNITED STATES,,IOWA,"23,000",LB,,2000,19,ENVIRONMENTAL,00,,YEAR,IA,,CORN,STATE,FIELD CROPS,00,,ANNUAL,"CHEMICAL, HERBICIDE",9000,00000000
APPLICATIONS,,"CORN - APPLICATIONS, MEASURED IN LB",19,ALL PRODUCTION PRACTICES,,,"CHEMICAL, HERBICIDE: (DICAMBA, POT. SALT = 129043)",IOWA,SURVEY,,,,ALL UTILIZATION PRACTICES,ALL CLASSES,2005-06-11 10:11:36.000,UNITED STATES,,IOWA,"146,000",LB,,2005,19,ENVIRONMENTAL,00,,YEAR,IA,,CORN,STATE,FIELD CROPS,00,,ANNUAL,"CHEMICAL, HERBICIDE",9000,00000000
APPLICATIONS,,"CORN - APPLICATIONS, MEASURED IN LB",19,ALL PRODUCTION PRACTICES,,,"CHEMICAL, HERBICIDE: (DICAMBA, POT. SALT = 129043)",IOWA,SURVEY,,,,ALL UTILIZATION PRACTICES,ALL CLASSES,2002-06-11 10:11:36.000,UNITED STATES,,IOWA,"168,000",LB,,2002,19,ENVIRONMENTAL,00,,YEAR,IA,,CORN,STATE,FIELD CROPS,00,,ANNUAL,"CHEMICAL, HERBICIDE",9000,00000000
APPLICATIONS,,"CORN - APPLICATIONS, MEASURED IN LB",19,ALL PRODUCTION PRACTICES,,,"CHEMICAL, HERBICIDE: (DICAMBA, POT. SALT = 129043)",IOWA,SURVEY,,,,ALL UTILIZATION PRACTICES,ALL CLASSES,2001-06-11 10:11:36.000,UNITED STATES,,IOWA,"388,000",LB,,2001,19,ENVIRONMENTAL,00,,YEAR,IA,,CORN,STATE,FIELD CROPS,00,,ANNUAL,"CHEMICAL, HERBICIDE",9000,00000000
APPLICATIONS,,"CORN - APPLICATIONS, MEASURED IN LB",19,ALL PRODUCTION PRACTICES,,,"CHEMICAL, HERBICIDE: (DICAMBA, POT. SALT = 129043)",IOWA,SURVEY,,,,ALL UTILIZATION PRACTICES,ALL CLASSES,2000-06-11 10:11:36.000,UNITED STATES,,IOWA,"425,000",LB,,2000,19,ENVIRONMENTAL,00,,YEAR,IA,,CORN,STATE,FIELD CROPS,00,,ANNUAL,"CHEMICAL, HERBICIDE",9000,00000000
APPLICATIONS,,"CORN - APPLICATIONS, MEASURED IN LB",19,ALL PRODUCTION PRACTICES,,,"CHEMICAL, HERBICIDE: (DICAMBA, SODIUM SALT = 29806)",IOWA,SURVEY,,,,ALL UTILIZATION PRACTICES,ALL CLASSES,2021-05-13 15:00:30.000,UNITED STATES,,IOWA,                 (D),LB,,2021,19,ENVIRONMENTAL,00,,YEAR,IA,,CORN,STATE,FIELD CROPS,00,,ANNUAL,"CHEMICAL, HERBICIDE",9000,00000000
APPLICATIONS,,"CORN - APPLICATIONS, MEASURED IN LB",19,ALL PRODUCTION PRACTICES,,,"CHEMICAL, HERBICIDE: (DICAMBA, SODIUM SALT = 29806)",IOWA,SURVEY,,,,ALL UTILIZATION PRACTICES,ALL CLASSES,2018-05-10 15:16:25.000,UNITED STATES,,IOWA,"96,000",LB,,2018,19,ENVIRONMENTAL,00,,YEAR,IA,,CORN,STATE,FIELD CROPS,00,,ANNUAL,"CHEMICAL, HERBICIDE",9000,00000000
APPLICATIONS,,"CORN - APPLICATIONS, MEASURED IN LB",19,ALL PRODUCTION PRACTICES,,,"CHEMICAL, HERBICIDE: (DICAMBA, SODIUM SALT = 29806)",IOWA,SURVEY,,,,ALL UTILIZATION PRACTICES,ALL CLASSES,2016-08-31 14:19:39.000,UNITED STATES,,IOWA,"60,000",LB,,2016,19,ENVIRONMENTAL,00,,YEAR,IA,,CORN,STATE,FIELD CROPS,00,,ANNUAL,"CHEMICAL, HERBICIDE",9000,00000000
APPLICATIONS,,"CORN - APPLICATIONS, MEASURED IN LB",19,ALL PRODUCTION PRACTICES,,,"CHEMICAL, HERBICIDE: (DICAMBA, SODIUM SALT = 29806)",IOWA,SURVEY,,,,ALL UTILIZATION PRACTICES,ALL CLASSES,2014-05-14 15:12:54.000,UNITED STATES,,IOWA,"91,000",LB,,2014,19,ENVIRONMENTAL,00,,YEAR,IA,,CORN,STATE,FIELD CROPS,00,,ANNUAL,"CHEMICAL, HERBICIDE",9000,00000000
APPLICATIONS,,"CORN - APPLICATIONS, MEASURED IN LB",19,ALL PRODUCTION PRACTICES,,,"CHEMICAL, HERBICIDE: (DICAMBA, SODIUM SALT = 29806)",IOWA,SURVEY,,,,ALL UTILIZATION PRACTICES,ALL CLASSES,2012-01-01 00:00:00.000,UNITED STATES,,IOWA,"11,000",LB,,2010,19,ENVIRONMENTAL,00,,YEAR,IA,,CORN,STATE,FIELD CROPS,00,,ANNUAL,"CHEMICAL, HERBICIDE",9000,00000000
APPLICATIONS,,"CORN - APPLICATIONS, MEASURED IN LB",19,ALL PRODUCTION PRACTICES,,,"CHEMICAL, HERBICIDE: (DICAMBA, SODIUM SALT = 29806)",IOWA,SURVEY,,,,ALL UTILIZATION PRACTICES,ALL CLASSES,2005-06-11 10:11:36.000,UNITED STATES,,IOWA,"18,000",LB,,2005,19,ENVIRONMENTAL,00,,YEAR,IA,,CORN,STATE,FIELD CROPS,00,,ANNUAL,"CHEMICAL, HERBICIDE",9000,00000000
APPLICATIONS,,"CORN - APPLICATIONS, MEASURED IN LB",19,ALL PRODUCTION PRACTICES,,,"CHEMICAL, HERBICIDE: (DICAMBA, SODIUM SALT = 29806)",IOWA,SURVEY,,,,ALL UTILIZATION PRACTICES,ALL CLASSES,2003-06-11 10:11:36.000,UNITED STATES,,IOWA,"29,000",LB,,2003,19,ENVIRONMENTAL,00,,YEAR,IA,,CORN,STATE,FIELD CROPS,00,,ANNUAL,"CHEMICAL, HERBICIDE",9000,00000000
APPLICATIONS,,"CORN - APPLICATIONS, MEASURED IN LB",19,ALL PRODUCTION PRACTICES,,,"CHEMICAL, HERBICIDE: (DIFLUFENZOPYR-SODIUM = 5107)",IOWA,SURVEY,,,,ALL UTILIZATION PRACTICES,ALL CLASSES,2021-05-13 15:00:30.000,UNITED STATES,,IOWA,                 (D),LB,,2021,19,ENVIRONMENTAL,00,,YEAR,IA,,CORN,STATE,FIELD CROPS,00,,ANNUAL,"CHEMICAL, HERBICIDE",9000,00000000
APPLICATIONS,,"CORN - APPLICATIONS, MEASURED IN LB",19,ALL PRODUCTION PRACTICES,,,"CHEMICAL, HERBICIDE: (DIFLUFENZOPYR-SODIUM = 5107)",IOWA,SURVEY,,,,ALL UTILIZATION PRACTICES,ALL CLASSES,2018-05-10 15:16:25.000,UNITED STATES,,IOWA,"39,000",LB,,2018,19,ENVIRONMENTAL,00,,YEAR,IA,,CORN,STATE,FIELD CROPS,00,,ANNUAL,"CHEMICAL, HERBICIDE",9000,00000000
APPLICATIONS,,"CORN - APPLICATIONS, MEASURED IN LB",19,ALL PRODUCTION PRACTICES,,,"CHEMICAL, HERBICIDE: (DIFLUFENZOPYR-SODIUM = 5107)",IOWA,SURVEY,,,,ALL UTILIZATION PRACTICES,ALL CLASSES,2016-08-31 14:19:39.000,UNITED STATES,,IOWA,"24,000",LB,,2016,19,ENVIRONMENTAL,00,,YEAR,IA,,CORN,STATE,FIELD CROPS,00,,ANNUAL,"CHEMICAL, HERBICIDE",9000,00000000
APPLICATIONS,,"CORN - APPLICATIONS, MEASURED IN LB",19,ALL PRODUCTION PRACTICES,,,"CHEMICAL, HERBICIDE: (DIFLUFENZOPYR-SODIUM = 5107)",IOWA,SURVEY,,,,ALL UTILIZATION PRACTICES,ALL CLASSES,2014-05-14 15:12:54.000,UNITED STATES,,IOWA,"34,000",LB,,2014,19,ENVIRONMENTAL,00,,YEAR,IA,,CORN,STATE,FIELD CROPS,00,,ANNUAL,"CHEMICAL, HERBICIDE",9000,00000000
APPLICATIONS,,"CORN - APPLICATIONS, MEASURED IN LB",19,ALL PRODUCTION PRACTICES,,,"CHEMICAL, HERBICIDE: (DIFLUFENZOPYR-SODIUM = 5107)",IOWA,SURVEY,,,,ALL UTILIZATION PRACTICES,ALL CLASSES,2012-01-01 00:00:00.000,UNITED STATES,,IOWA,"4,000",LB,,2010,19,ENVIRONMENTAL,00,,YEAR,IA,,CORN,STATE,FIELD CROPS,00,,ANNUAL,"CHEMICAL, HERBICIDE",9000,00000000
APPLICATIONS,,"CORN - APPLICATIONS, MEASURED IN LB",19,ALL PRODUCTION PRACTICES,,,"CHEMICAL, HERBICIDE: (DIFLUFENZOPYR-SODIUM = 5107)",IOWA,SURVEY,,,,ALL UTILIZATION PRACTICES,ALL CLASSES,2005-06-11 10:11:36.000,UNITED STATES,,IOWA,"7,000",LB,,2005,19,ENVIRONMENTAL,00,,YEAR,IA,,CORN,STATE,FIELD CROPS,00,,ANNUAL,"CHEMICAL, HERBICIDE",9000,00000000
APPLICATIONS,,"CORN - APPLICATIONS, MEASURED IN LB",19,ALL PRODUCTION PRACTICES,,,"CHEMICAL, HERBICIDE: (DIFLUFENZOPYR-SODIUM = 5107)",IOWA,SURVEY,,,,ALL UTILIZATION PRACTICES,ALL CLASSES,2003-06-11 10:11:36.000,UNITED STATES,,IOWA,"24,000",LB,,2003,19,ENVIRONMENTAL,00,,YEAR,IA,,CORN,STATE,FIELD CROPS,00,,ANNUAL,"CHEMICAL, HERBICIDE",9000,00000000
APPLICATIONS,,"CORN - APPLICATIONS, MEASURED IN LB",19,ALL PRODUCTION PRACTICES,,,"CHEMICAL, HERBICIDE: (DIFLUFENZOPYR-SODIUM = 5107)",IOWA,SURVEY,,,,ALL UTILIZATION PRACTICES,ALL CLASSES,2002-06-11 10:11:36.000,UNITED STATES,,IOWA,"53,000",LB,,2002,19,ENVIRONMENTAL,00,,YEAR,IA,,CORN,STATE,FIELD CROPS,00,,ANNUAL,"CHEMICAL, HERBICIDE",9000,00000000
APPLICATIONS,,"CORN - APPLICATIONS, MEASURED IN LB",19,ALL PRODUCTION PRACTICES,,,"CHEMICAL, HERBICIDE: (DIFLUFENZOPYR-SODIUM = 5107)",IOWA,SURVEY,,,,ALL UTILIZATION PRACTICES,ALL CLASSES,2001-06-11 10:11:36.000,UNITED STATES,,IOWA,"33,000",LB,,2001,19,ENVIRONMENTAL,00,,YEAR,IA,,CORN,STATE,FIELD CROPS,00,,ANNUAL,"CHEMICAL, HERBICIDE",9000,00000000
APPLICATIONS,,"CORN - APPLICATIONS, MEASURED IN LB",19,ALL PRODUCTION PRACTICES,,,"CHEMICAL, HERBICIDE: (DIFLUFENZOPYR-SODIUM = 5107)",IOWA,SURVEY,,,,ALL UTILIZATION PRACTICES,ALL CLASSES,2000-06-11 10:11:36.000,UNITED STATES,,IOWA,"9,000",LB,,2000,19,ENVIRONMENTAL,00,,YEAR,IA,,CORN,STATE,FIELD CROPS,00,,ANNUAL,"CHEMICAL, HERBICIDE",9000,00000000
APPLICATIONS,,"CORN - APPLICATIONS, MEASURED IN LB",19,ALL PRODUCTION PRACTICES,,,"CHEMICAL, HERBICIDE: (DIMETHENAMID = 129051)",IOWA,SURVEY,,,,ALL UTILIZATION PRACTICES,ALL CLASSES,2014-05-14 15:12:54.000,UNITED STATES,,IOWA,                 (D),LB,,2014,19,ENVIRONMENTAL,00,,YEAR,IA,,CORN,STATE,FIELD CROPS,00,,ANNUAL,"CHEMICAL, HERBICIDE",9000,00000000
APPLICATIONS,,"CORN - APPLICATIONS, MEASURED IN LB",19,ALL PRODUCTION PRACTICES,,,"CHEMICAL, HERBICIDE: (DIMETHENAMID = 129051)",IOWA,SURVEY,,,,ALL UTILIZATION PRACTICES,ALL CLASSES,2012-01-01 00:00:00.000,UNITED STATES,,IOWA,                 (D),LB,,2010,19,ENVIRONMENTAL,00,,YEAR,IA,,CORN,STATE,FIELD CROPS,00,,ANNUAL,"CHEMICAL, HERBICIDE",9000,00000000
APPLICATIONS,,"CORN - APPLICATIONS, MEASURED IN LB",19,ALL PRODUCTION PRACTICES,,,"CHEMICAL, HERBICIDE: (DIMETHENAMID = 129051)",IOWA,SURVEY,,,,ALL UTILIZATION PRACTICES,ALL CLASSES,2002-06-11 10:11:36.000,UNITED STATES,,IOWA,"1,088,000",LB,,2002,19,ENVIRONMENTAL,00,,YEAR,IA,,CORN,STATE,FIELD CROPS,00,,ANNUAL,"CHEMICAL, HERBICIDE",9000,00000000
APPLICATIONS,,"CORN - APPLICATIONS, MEASURED IN LB",19,ALL PRODUCTION PRACTICES,,,"CHEMICAL, HERBICIDE: (DIMETHENAMID = 129051)",IOWA,SURVEY,,,,ALL UTILIZATION PRACTICES,ALL CLASSES,2001-06-11 10:11:36.000,UNITED STATES,,IOWA,"1,777,000",LB,,2001,19,ENVIRONMENTAL,00,,YEAR,IA,,CORN,STATE,FIELD CROPS,00,,ANNUAL,"CHEMICAL, HERBICIDE",9000,00000000
APPLICATIONS,,"CORN - APPLICATIONS, MEASURED IN LB",19,ALL PRODUCTION PRACTICES,,,"CHEMICAL, HERBICIDE: (DIMETHENAMID = 129051)",IOWA,SURVEY,,,,ALL UTILIZATION PRACTICES,ALL CLASSES,2000-06-11 10:11:36.000,UNITED STATES,,IOWA,"1,032,000",LB,,2000,19,ENVIRONMENTAL,00,,YEAR,IA,,CORN,STATE,FIELD CROPS,00,,ANNUAL,"CHEMICAL, HERBICIDE",9000,00000000
APPLICATIONS,,"CORN - APPLICATIONS, MEASURED IN LB",19,ALL PRODUCTION PRACTICES,,,"CHEMICAL, HERBICIDE: (DIMETHENAMID-P = 120051)",IOWA,SURVEY,,,,ALL UTILIZATION PRACTICES,ALL CLASSES,2021-05-13 15:00:30.000,UNITED STATES,,IOWA,                 (D),LB,,2021,19,ENVIRONMENTAL,00,,YEAR,IA,,CORN,STATE,FIELD CROPS,00,,ANNUAL,"CHEMICAL, HERBICIDE",9000,00000000
APPLICATIONS,,"CORN - APPLICATIONS, MEASURED IN LB",19,ALL PRODUCTION PRACTICES,,,"CHEMICAL, HERBICIDE: (DIMETHENAMID-P = 120051)",IOWA,SURVEY,,,,ALL UTILIZATION PRACTICES,ALL CLASSES,2018-05-10 15:16:25.000,UNITED STATES,,IOWA,"673,000",LB,,2018,19,ENVIRONMENTAL,00,,YEAR,IA,,CORN,STATE,FIELD CROPS,00,,ANNUAL,"CHEMICAL, HERBICIDE",9000,00000000
APPLICATIONS,,"CORN - APPLICATIONS, MEASURED IN LB",19,ALL PRODUCTION PRACTICES,,,"CHEMICAL, HERBICIDE: (DIMETHENAMID-P = 120051)",IOWA,SURVEY,,,,ALL UTILIZATION PRACTICES,ALL CLASSES,2016-08-31 14:19:39.000,UNITED STATES,,IOWA,"213,000",LB,,2016,19,ENVIRONMENTAL,00,,YEAR,IA,,CORN,STATE,FIELD CROPS,00,,ANNUAL,"CHEMICAL, HERBICIDE",9000,00000000
APPLICATIONS,,"CORN - APPLICATIONS, MEASURED IN LB",19,ALL PRODUCTION PRACTICES,,,"CHEMICAL, HERBICIDE: (DIMETHENAMID-P = 120051)",IOWA,SURVEY,,,,ALL UTILIZATION PRACTICES,ALL CLASSES,2014-05-14 15:12:54.000,UNITED STATES,,IOWA,"437,000",LB,,2014,19,ENVIRONMENTAL,00,,YEAR,IA,,CORN,STATE,FIELD CROPS,00,,ANNUAL,"CHEMICAL, HERBICIDE",9000,00000000
APPLICATIONS,,"CORN - APPLICATIONS, MEASURED IN LB",19,ALL PRODUCTION PRACTICES,,,"CHEMICAL, HERBICIDE: (DIMETHENAMID-P = 120051)",IOWA,SURVEY,,,,ALL UTILIZATION PRACTICES,ALL CLASSES,2012-01-01 00:00:00.000,UNITED STATES,,IOWA,"527,000",LB,,2010,19,ENVIRONMENTAL,00,,YEAR,IA,,CORN,STATE,FIELD CROPS,00,,ANNUAL,"CHEMICAL, HERBICIDE",9000,00000000
APPLICATIONS,,"CORN - APPLICATIONS, MEASURED IN LB",19,ALL PRODUCTION PRACTICES,,,"CHEMICAL, HERBICIDE: (DIMETHENAMID-P = 120051)",IOWA,SURVEY,,,,ALL UTILIZATION PRACTICES,ALL CLASSES,2005-06-11 10:11:36.000,UNITED STATES,,IOWA,"602,000",LB,,2005,19,ENVIRONMENTAL,00,,YEAR,IA,,CORN,STATE,FIELD CROPS,00,,ANNUAL,"CHEMICAL, HERBICIDE",9000,00000000
APPLICATIONS,,"CORN - APPLICATIONS, MEASURED IN LB",19,ALL PRODUCTION PRACTICES,,,"CHEMICAL, HERBICIDE: (DIMETHENAMID-P = 120051)",IOWA,SURVEY,,,,ALL UTILIZATION PRACTICES,ALL CLASSES,2003-06-11 10:11:36.000,UNITED STATES,,IOWA,"320,000",LB,,2003,19,ENVIRONMENTAL,00,,YEAR,IA,,CORN,STATE,FIELD CROPS,00,,ANNUAL,"CHEMICAL, HERBICIDE",9000,00000000
APPLICATIONS,,"CORN - APPLICATIONS, MEASURED IN LB",19,ALL PRODUCTION PRACTICES,,,"CHEMICAL, HERBICIDE: (DIMETHENAMID-P = 120051)",IOWA,SURVEY,,,,ALL UTILIZATION PRACTICES,ALL CLASSES,2002-06-11 10:11:36.000,UNITED STATES,,IOWA,"216,000",LB,,2002,19,ENVIRONMENTAL,00,,YEAR,IA,,CORN,STATE,FIELD CROPS,00,,ANNUAL,"CHEMICAL, HERBICIDE",9000,00000000
APPLICATIONS,,"CORN - APPLICATIONS, MEASURED IN LB",19,ALL PRODUCTION PRACTICES,,,"CHEMICAL, HERBICIDE: (DIQUAT DIBROMIDE = 32201)",IOWA,SURVEY,,,,ALL UTILIZATION PRACTICES,ALL CLASSES,2018-05-10 15:16:25.000,UNITED STATES,,IOWA,                 (D),LB,,2018,19,ENVIRONMENTAL,00,,YEAR,IA,,CORN,STATE,FIELD CROPS,00,,ANNUAL,"CHEMICAL, HERBICIDE",9000,00000000
APPLICATIONS,,"CORN - APPLICATIONS, MEASURED IN LB",19,ALL PRODUCTION PRACTICES,,,"CHEMICAL, HERBICIDE: (FLUFENACET = 121903)",IOWA,SURVEY,,,,ALL UTILIZATION PRACTICES,ALL CLASSES,2005-06-11 10:11:36.000,UNITED STATES,,IOWA,"130,000",LB,,2005,19,ENVIRONMENTAL,00,,YEAR,IA,,CORN,STATE,FIELD CROPS,00,,ANNUAL,"CHEMICAL, HERBICIDE",9000,00000000
APPLICATIONS,,"CORN - APPLICATIONS, MEASURED IN LB",19,ALL PRODUCTION PRACTICES,,,"CHEMICAL, HERBICIDE: (FLUFENACET = 121903)",IOWA,SURVEY,,,,ALL UTILIZATION PRACTICES,ALL CLASSES,2003-06-11 10:11:36.000,UNITED STATES,,IOWA,"225,000",LB,,2003,19,ENVIRONMENTAL,00,,YEAR,IA,,CORN,STATE,FIELD CROPS,00,,ANNUAL,"CHEMICAL, HERBICIDE",9000,00000000
APPLICATIONS,,"CORN - APPLICATIONS, MEASURED IN LB",19,ALL PRODUCTION PRACTICES,,,"CHEMICAL, HERBICIDE: (FLUFENACET = 121903)",IOWA,SURVEY,,,,ALL UTILIZATION PRACTICES,ALL CLASSES,2002-06-11 10:11:36.000,UNITED STATES,,IOWA,"160,000",LB,,2002,19,ENVIRONMENTAL,00,,YEAR,IA,,CORN,STATE,FIELD CROPS,00,,ANNUAL,"CHEMICAL, HERBICIDE",9000,00000000
APPLICATIONS,,"CORN - APPLICATIONS, MEASURED IN LB",19,ALL PRODUCTION PRACTICES,,,"CHEMICAL, HERBICIDE: (FLUFENACET = 121903)",IOWA,SURVEY,,,,ALL UTILIZATION PRACTICES,ALL CLASSES,2001-06-11 10:11:36.000,UNITED STATES,,IOWA,"277,000",LB,,2001,19,ENVIRONMENTAL,00,,YEAR,IA,,CORN,STATE,FIELD CROPS,00,,ANNUAL,"CHEMICAL, HERBICIDE",9000,00000000
APPLICATIONS,,"CORN - APPLICATIONS, MEASURED IN LB",19,ALL PRODUCTION PRACTICES,,,"CHEMICAL, HERBICIDE: (FLUMETSULAM = 129016)",IOWA,SURVEY,,,,ALL UTILIZATION PRACTICES,ALL CLASSES,2021-05-13 15:00:30.000,UNITED STATES,,IOWA,"28,000",LB,,2021,19,ENVIRONMENTAL,00,,YEAR,IA,,CORN,STATE,FIELD CROPS,00,,ANNUAL,"CHEMICAL, HERBICIDE",9000,00000000
APPLICATIONS,,"CORN - APPLICATIONS, MEASURED IN LB",19,ALL PRODUCTION PRACTICES,,,"CHEMICAL, HERBICIDE: (FLUMETSULAM = 129016)",IOWA,SURVEY,,,,ALL UTILIZATION PRACTICES,ALL CLASSES,2018-05-10 15:16:25.000,UNITED STATES,,IOWA,"74,000",LB,,2018,19,ENVIRONMENTAL,00,,YEAR,IA,,CORN,STATE,FIELD CROPS,00,,ANNUAL,"CHEMICAL, HERBICIDE",9000,00000000
APPLICATIONS,,"CORN - APPLICATIONS, MEASURED IN LB",19,ALL PRODUCTION PRACTICES,,,"CHEMICAL, HERBICIDE: (FLUMETSULAM = 129016)",IOWA,SURVEY,,,,ALL UTILIZATION PRACTICES,ALL CLASSES,2016-08-31 14:19:39.000,UNITED STATES,,IOWA,"62,000",LB,,2016,19,ENVIRONMENTAL,00,,YEAR,IA,,CORN,STATE,FIELD CROPS,00,,ANNUAL,"CHEMICAL, HERBICIDE",9000,00000000
APPLICATIONS,,"CORN - APPLICATIONS, MEASURED IN LB",19,ALL PRODUCTION PRACTICES,,,"CHEMICAL, HERBICIDE: (FLUMETSULAM = 129016)",IOWA,SURVEY,,,,ALL UTILIZATION PRACTICES,ALL CLASSES,2014-05-14 15:12:54.000,UNITED STATES,,IOWA,"79,000",LB,,2014,19,ENVIRONMENTAL,00,,YEAR,IA,,CORN,STATE,FIELD CROPS,00,,ANNUAL,"CHEMICAL, HERBICIDE",9000,00000000
APPLICATIONS,,"CORN - APPLICATIONS, MEASURED IN LB",19,ALL PRODUCTION PRACTICES,,,"CHEMICAL, HERBICIDE: (FLUMETSULAM = 129016)",IOWA,SURVEY,,,,ALL UTILIZATION PRACTICES,ALL CLASSES,2012-01-01 00:00:00.000,UNITED STATES,,IOWA,"15,000",LB,,2010,19,ENVIRONMENTAL,00,,YEAR,IA,,CORN,STATE,FIELD CROPS,00,,ANNUAL,"CHEMICAL, HERBICIDE",9000,00000000
APPLICATIONS,,"CORN - APPLICATIONS, MEASURED IN LB",19,ALL PRODUCTION PRACTICES,,,"CHEMICAL, HERBICIDE: (FLUMETSULAM = 129016)",IOWA,SURVEY,,,,ALL UTILIZATION PRACTICES,ALL CLASSES,2005-06-11 10:11:36.000,UNITED STATES,,IOWA,"40,000",LB,,2005,19,ENVIRONMENTAL,00,,YEAR,IA,,CORN,STATE,FIELD CROPS,00,,ANNUAL,"CHEMICAL, HERBICIDE",9000,00000000
APPLICATIONS,,"CORN - APPLICATIONS, MEASURED IN LB",19,ALL PRODUCTION PRACTICES,,,"CHEMICAL, HERBICIDE: (FLUMETSULAM = 129016)",IOWA,SURVEY,,,,ALL UTILIZATION PRACTICES,ALL CLASSES,2003-06-11 10:11:36.000,UNITED STATES,,IOWA,"47,000",LB,,2003,19,ENVIRONMENTAL,00,,YEAR,IA,,CORN,STATE,FIELD CROPS,00,,ANNUAL,"CHEMICAL, HERBICIDE",9000,00000000
APPLICATIONS,,"CORN - APPLICATIONS, MEASURED IN LB",19,ALL PRODUCTION PRACTICES,,,"CHEMICAL, HERBICIDE: (FLUMETSULAM = 129016)",IOWA,SURVEY,,,,ALL UTILIZATION PRACTICES,ALL CLASSES,2002-06-11 10:11:36.000,UNITED STATES,,IOWA,"70,000",LB,,2002,19,ENVIRONMENTAL,00,,YEAR,IA,,CORN,STATE,FIELD CROPS,00,,ANNUAL,"CHEMICAL, HERBICIDE",9000,00000000
APPLICATIONS,,"CORN - APPLICATIONS, MEASURED IN LB",19,ALL PRODUCTION PRACTICES,,,"CHEMICAL, HERBICIDE: (FLUMETSULAM = 129016)",IOWA,SURVEY,,,,ALL UTILIZATION PRACTICES,ALL CLASSES,2001-06-11 10:11:36.000,UNITED STATES,,IOWA,"58,000",LB,,2001,19,ENVIRONMENTAL,00,,YEAR,IA,,CORN,STATE,FIELD CROPS,00,,ANNUAL,"CHEMICAL, HERBICIDE",9000,00000000
APPLICATIONS,,"CORN - APPLICATIONS, MEASURED IN LB",19,ALL PRODUCTION PRACTICES,,,"CHEMICAL, HERBICIDE: (FLUMETSULAM = 129016)",IOWA,SURVEY,,,,ALL UTILIZATION PRACTICES,ALL CLASSES,2000-06-11 10:11:36.000,UNITED STATES,,IOWA,"45,000",LB,,2000,19,ENVIRONMENTAL,00,,YEAR,IA,,CORN,STATE,FIELD CROPS,00,,ANNUAL,"CHEMICAL, HERBICIDE",9000,00000000
APPLICATIONS,,"CORN - APPLICATIONS, MEASURED IN LB",19,ALL PRODUCTION PRACTICES,,,"CHEMICAL, HERBICIDE: (FLUMICLORAC-PENTYL = 128724)",IOWA,SURVEY,,,,ALL UTILIZATION PRACTICES,ALL CLASSES,2021-05-13 15:00:30.000,UNITED STATES,,IOWA,                 (D),LB,,2021,19,ENVIRONMENTAL,00,,YEAR,IA,,CORN,STATE,FIELD CROPS,00,,ANNUAL,"CHEMICAL, HERBICIDE",9000,00000000
APPLICATIONS,,"CORN - APPLICATIONS, MEASURED IN LB",19,ALL PRODUCTION PRACTICES,,,"CHEMICAL, HERBICIDE: (FLUMICLORAC-PENTYL = 128724)",IOWA,SURVEY,,,,ALL UTILIZATION PRACTICES,ALL CLASSES,2012-01-01 00:00:00.000,UNITED STATES,,IOWA,                 (D),LB,,2010,19,ENVIRONMENTAL,00,,YEAR,IA,,CORN,STATE,FIELD CROPS,00,,ANNUAL,"CHEMICAL, HERBICIDE",9000,00000000
APPLICATIONS,,"CORN - APPLICATIONS, MEASURED IN LB",19,ALL PRODUCTION PRACTICES,,,"CHEMICAL, HERBICIDE: (FLUMIOXAZIN = 129034)",IOWA,SURVEY,,,,ALL UTILIZATION PRACTICES,ALL CLASSES,2016-08-31 14:19:39.000,UNITED STATES,,IOWA,                 (D),LB,,2016,19,ENVIRONMENTAL,00,,YEAR,IA,,CORN,STATE,FIELD CROPS,00,,ANNUAL,"CHEMICAL, HERBICIDE",9000,00000000
APPLICATIONS,,"CORN - APPLICATIONS, MEASURED IN LB",19,ALL PRODUCTION PRACTICES,,,"CHEMICAL, HERBICIDE: (FLUROXYPYR 1-MHE = 128968)",IOWA,SURVEY,,,,ALL UTILIZATION PRACTICES,ALL CLASSES,2014-05-14 15:12:54.000,UNITED STATES,,IOWA,                 (D),LB,,2014,19,ENVIRONMENTAL,00,,YEAR,IA,,CORN,STATE,FIELD CROPS,00,,ANNUAL,"CHEMICAL, HERBICIDE",9000,00000000
APPLICATIONS,,"CORN - APPLICATIONS, MEASURED IN LB",19,ALL PRODUCTION PRACTICES,,,"CHEMICAL, HERBICIDE: (FLUTHIACET-METHYL = 108803)",IOWA,SURVEY,,,,ALL UTILIZATION PRACTICES,ALL CLASSES,2016-08-31 14:19:39.000,UNITED STATES,,IOWA,                 (D),LB,,2016,19,ENVIRONMENTAL,00,,YEAR,IA,,CORN,STATE,FIELD CROPS,00,,ANNUAL,"CHEMICAL, HERBICIDE",9000,00000000
APPLICATIONS,,"CORN - APPLICATIONS, MEASURED IN LB",19,ALL PRODUCTION PRACTICES,,,"CHEMICAL, HERBICIDE: (FLUTHIACET-METHYL = 108803)",IOWA,SURVEY,,,,ALL UTILIZATION PRACTICES,ALL CLASSES,2014-05-14 15:12:54.000,UNITED STATES,,IOWA,                 (D),LB,,2014,19,ENVIRONMENTAL,00,,YEAR,IA,,CORN,STATE,FIELD CROPS,00,,ANNUAL,"CHEMICAL, HERBICIDE",9000,00000000
APPLICATIONS,,"CORN - APPLICATIONS, MEASURED IN LB",19,ALL PRODUCTION PRACTICES,,,"CHEMICAL, HERBICIDE: (GLUFOSINATE-AMMONIUM = 128850)",IOWA,SURVEY,,,,ALL UTILIZATION PRACTICES,ALL CLASSES,2021-05-13 15:00:30.000,UNITED STATES,,IOWA,                 (D),LB,,2021,19,ENVIRONMENTAL,00,,YEAR,IA,,CORN,STATE,FIELD CROPS,00,,ANNUAL,"CHEMICAL, HERBICIDE",9000,00000000
APPLICATIONS,,"CORN - APPLICATIONS, MEASURED IN LB",19,ALL PRODUCTION PRACTICES,,,"CHEMICAL, HERBICIDE: (GLUFOSINATE-AMMONIUM = 128850)",IOWA,SURVEY,,,,ALL UTILIZATION PRACTICES,ALL CLASSES,2018-05-10 15:16:25.000,UNITED STATES,,IOWA,                 (D),LB,,2018,19,ENVIRONMENTAL,00,,YEAR,IA,,CORN,STATE,FIELD CROPS,00,,ANNUAL,"CHEMICAL, HERBICIDE",9000,00000000
APPLICATIONS,,"CORN - APPLICATIONS, MEASURED IN LB",19,ALL PRODUCTION PRACTICES,,,"CHEMICAL, HERBICIDE: (GLUFOSINATE-AMMONIUM = 128850)",IOWA,SURVEY,,,,ALL UTILIZATION PRACTICES,ALL CLASSES,2016-08-31 14:19:39.000,UNITED STATES,,IOWA,                 (D),LB,,2016,19,ENVIRONMENTAL,00,,YEAR,IA,,CORN,STATE,FIELD CROPS,00,,ANNUAL,"CHEMICAL, HERBICIDE",9000,00000000
APPLICATIONS,,"CORN - APPLICATIONS, MEASURED IN LB",19,ALL PRODUCTION PRACTICES,,,"CHEMICAL, HERBICIDE: (GLUFOSINATE-AMMONIUM = 128850)",IOWA,SURVEY,,,,ALL UTILIZATION PRACTICES,ALL CLASSES,2014-05-14 15:12:54.000,UNITED STATES,,IOWA,"132,000",LB,,2014,19,ENVIRONMENTAL,00,,YEAR,IA,,CORN,STATE,FIELD CROPS,00,,ANNUAL,"CHEMICAL, HERBICIDE",9000,00000000
APPLICATIONS,,"CORN - APPLICATIONS, MEASURED IN LB",19,ALL PRODUCTION PRACTICES,,,"CHEMICAL, HERBICIDE: (GLUFOSINATE-AMMONIUM = 128850)",IOWA,SURVEY,,,,ALL UTILIZATION PRACTICES,ALL CLASSES,2012-01-01 00:00:00.000,UNITED STATES,,IOWA,"397,000",LB,,2010,19,ENVIRONMENTAL,00,,YEAR,IA,,CORN,STATE,FIELD CROPS,00,,ANNUAL,"CHEMICAL, HERBICIDE",9000,00000000
APPLICATIONS,,"CORN - APPLICATIONS, MEASURED IN LB",19,ALL PRODUCTION PRACTICES,,,"CHEMICAL, HERBICIDE: (GLUFOSINATE-AMMONIUM = 128850)",IOWA,SURVEY,,,,ALL UTILIZATION PRACTICES,ALL CLASSES,2005-06-11 10:11:36.000,UNITED STATES,,IOWA,"639,000",LB,,2005,19,ENVIRONMENTAL,00,,YEAR,IA,,CORN,STATE,FIELD CROPS,00,,ANNUAL,"CHEMICAL, HERBICIDE",9000,00000000
APPLICATIONS,,"CORN - APPLICATIONS, MEASURED IN LB",19,ALL PRODUCTION PRACTICES,,,"CHEMICAL, HERBICIDE: (GLUFOSINATE-AMMONIUM = 128850)",IOWA,SURVEY,,,,ALL UTILIZATION PRACTICES,ALL CLASSES,2003-06-11 10:11:36.000,UNITED STATES,,IOWA,"256,000",LB,,2003,19,ENVIRONMENTAL,00,,YEAR,IA,,CORN,STATE,FIELD CROPS,00,,ANNUAL,"CHEMICAL, HERBICIDE",9000,00000000
APPLICATIONS,,"CORN - APPLICATIONS, MEASURED IN LB",19,ALL PRODUCTION PRACTICES,,,"CHEMICAL, HERBICIDE: (GLUFOSINATE-AMMONIUM = 128850)",IOWA,SURVEY,,,,ALL UTILIZATION PRACTICES,ALL CLASSES,2002-06-11 10:11:36.000,UNITED STATES,,IOWA,"211,000",LB,,2002,19,ENVIRONMENTAL,00,,YEAR,IA,,CORN,STATE,FIELD CROPS,00,,ANNUAL,"CHEMICAL, HERBICIDE",9000,00000000
APPLICATIONS,,"CORN - APPLICATIONS, MEASURED IN LB",19,ALL PRODUCTION PRACTICES,,,"CHEMICAL, HERBICIDE: (GLUFOSINATE-AMMONIUM = 128850)",IOWA,SURVEY,,,,ALL UTILIZATION PRACTICES,ALL CLASSES,2001-06-11 10:11:36.000,UNITED STATES,,IOWA,"144,000",LB,,2001,19,ENVIRONMENTAL,00,,YEAR,IA,,CORN,STATE,FIELD CROPS,00,,ANNUAL,"CHEMICAL, HERBICIDE",9000,00000000
APPLICATIONS,,"CORN - APPLICATIONS, MEASURED IN LB",19,ALL PRODUCTION PRACTICES,,,"CHEMICAL, HERBICIDE: (GLUFOSINATE-AMMONIUM = 128850)",IOWA,SURVEY,,,,ALL UTILIZATION PRACTICES,ALL CLASSES,2000-06-11 10:11:36.000,UNITED STATES,,IOWA,"294,000",LB,,2000,19,ENVIRONMENTAL,00,,YEAR,IA,,CORN,STATE,FIELD CROPS,00,,ANNUAL,"CHEMICAL, HERBICIDE",9000,00000000
APPLICATIONS,,"CORN - APPLICATIONS, MEASURED IN LB",19,ALL PRODUCTION PRACTICES,,,"CHEMICAL, HERBICIDE: (GLYPHOSATE = 417300)",IOWA,SURVEY,,,,ALL UTILIZATION PRACTICES,ALL CLASSES,2021-05-13 15:00:30.000,UNITED STATES,,IOWA,"1,057,000",LB,,2021,19,ENVIRONMENTAL,00,,YEAR,IA,,CORN,STATE,FIELD CROPS,00,,ANNUAL,"CHEMICAL, HERBICIDE",9000,00000000
APPLICATIONS,,"CORN - APPLICATIONS, MEASURED IN LB",19,ALL PRODUCTION PRACTICES,,,"CHEMICAL, HERBICIDE: (GLYPHOSATE = 417300)",IOWA,SURVEY,,,,ALL UTILIZATION PRACTICES,ALL CLASSES,2018-05-10 15:16:25.000,UNITED STATES,,IOWA,"1,831,000",LB,,2018,19,ENVIRONMENTAL,00,,YEAR,IA,,CORN,STATE,FIELD CROPS,00,,ANNUAL,"CHEMICAL, HERBICIDE",9000,00000000
APPLICATIONS,,"CORN - APPLICATIONS, MEASURED IN LB",19,ALL PRODUCTION PRACTICES,,,"CHEMICAL, HERBICIDE: (GLYPHOSATE = 417300)",IOWA,SURVEY,,,,ALL UTILIZATION PRACTICES,ALL CLASSES,2016-08-31 14:19:39.000,UNITED STATES,,IOWA,"1,786,000",LB,,2016,19,ENVIRONMENTAL,00,,YEAR,IA,,CORN,STATE,FIELD CROPS,00,,ANNUAL,"CHEMICAL, HERBICIDE",9000,00000000
APPLICATIONS,,"CORN - APPLICATIONS, MEASURED IN LB",19,ALL PRODUCTION PRACTICES,,,"CHEMICAL, HERBICIDE: (GLYPHOSATE = 417300)",IOWA,SURVEY,,,,ALL UTILIZATION PRACTICES,ALL CLASSES,2014-05-14 15:12:54.000,UNITED STATES,,IOWA,"1,530,000",LB,,2014,19,ENVIRONMENTAL,00,,YEAR,IA,,CORN,STATE,FIELD CROPS,00,,ANNUAL,"CHEMICAL, HERBICIDE",9000,00000000
APPLICATIONS,,"CORN - APPLICATIONS, MEASURED IN LB",19,ALL PRODUCTION PRACTICES,,,"CHEMICAL, HERBICIDE: (GLYPHOSATE = 417300)",IOWA,SURVEY,,,,ALL UTILIZATION PRACTICES,ALL CLASSES,2012-01-01 00:00:00.000,UNITED STATES,,IOWA,"519,000",LB,,2010,19,ENVIRONMENTAL,00,,YEAR,IA,,CORN,STATE,FIELD CROPS,00,,ANNUAL,"CHEMICAL, HERBICIDE",9000,00000000
APPLICATIONS,,"CORN - APPLICATIONS, MEASURED IN LB",19,ALL PRODUCTION PRACTICES,,,"CHEMICAL, HERBICIDE: (GLYPHOSATE = 417300)",IOWA,SURVEY,,,,ALL UTILIZATION PRACTICES,ALL CLASSES,2003-06-11 10:11:36.000,UNITED STATES,,IOWA,"1,070,000",LB,,2003,19,ENVIRONMENTAL,00,,YEAR,IA,,CORN,STATE,FIELD CROPS,00,,ANNUAL,"CHEMICAL, HERBICIDE",9000,00000000
APPLICATIONS,,"CORN - APPLICATIONS, MEASURED IN LB",19,ALL PRODUCTION PRACTICES,,,"CHEMICAL, HERBICIDE: (GLYPHOSATE = 417300)",IOWA,SURVEY,,,,ALL UTILIZATION PRACTICES,ALL CLASSES,2002-06-11 10:11:36.000,UNITED STATES,,IOWA,"715,000",LB,,2002,19,ENVIRONMENTAL,00,,YEAR,IA,,CORN,STATE,FIELD CROPS,00,,ANNUAL,"CHEMICAL, HERBICIDE",9000,00000000
APPLICATIONS,,"CORN - APPLICATIONS, MEASURED IN LB",19,ALL PRODUCTION PRACTICES,,,"CHEMICAL, HERBICIDE: (GLYPHOSATE = 417300)",IOWA,SURVEY,,,,ALL UTILIZATION PRACTICES,ALL CLASSES,2001-06-11 10:11:36.000,UNITED STATES,,IOWA,"442,000",LB,,2001,19,ENVIRONMENTAL,00,,YEAR,IA,,CORN,STATE,FIELD CROPS,00,,ANNUAL,"CHEMICAL, HERBICIDE",9000,00000000
APPLICATIONS,,"CORN - APPLICATIONS, MEASURED IN LB",19,ALL PRODUCTION PRACTICES,,,"CHEMICAL, HERBICIDE: (GLYPHOSATE = 417300)",IOWA,SURVEY,,,,ALL UTILIZATION PRACTICES,ALL CLASSES,2000-06-11 10:11:36.000,UNITED STATES,,IOWA,"479,000",LB,,2000,19,ENVIRONMENTAL,00,,YEAR,IA,,CORN,STATE,FIELD CROPS,00,,ANNUAL,"CHEMICAL, HERBICIDE",9000,00000000
APPLICATIONS,,"CORN - APPLICATIONS, MEASURED IN LB",19,ALL PRODUCTION PRACTICES,,,"CHEMICAL, HERBICIDE: (GLYPHOSATE AMM. SALT = 103604)",IOWA,SURVEY,,,,ALL UTILIZATION PRACTICES,ALL CLASSES,2016-08-31 14:19:39.000,UNITED STATES,,IOWA,                 (D),LB,,2016,19,ENVIRONMENTAL,00,,YEAR,IA,,CORN,STATE,FIELD CROPS,00,,ANNUAL,"CHEMICAL, HERBICIDE",9000,00000000
APPLICATIONS,,"CORN - APPLICATIONS, MEASURED IN LB",19,ALL PRODUCTION PRACTICES,,,"CHEMICAL, HERBICIDE: (GLYPHOSATE AMM. SALT = 103604)",IOWA,SURVEY,,,,ALL UTILIZATION PRACTICES,ALL CLASSES,2014-05-14 15:12:54.000,UNITED STATES,,IOWA,                 (D),LB,,2014,19,ENVIRONMENTAL,00,,YEAR,IA,,CORN,STATE,FIELD CROPS,00,,ANNUAL,"CHEMICAL, HERBICIDE",9000,00000000
APPLICATIONS,,"CORN - APPLICATIONS, MEASURED IN LB",19,ALL PRODUCTION PRACTICES,,,"CHEMICAL, HERBICIDE: (GLYPHOSATE DIM. SALT = 103608)",IOWA,SURVEY,,,,ALL UTILIZATION PRACTICES,ALL CLASSES,2018-05-10 15:16:25.000,UNITED STATES,,IOWA,"727,000",LB,,2018,19,ENVIRONMENTAL,00,,YEAR,IA,,CORN,STATE,FIELD CROPS,00,,ANNUAL,"CHEMICAL, HERBICIDE",9000,00000000
APPLICATIONS,,"CORN - APPLICATIONS, MEASURED IN LB",19,ALL PRODUCTION PRACTICES,,,"CHEMICAL, HERBICIDE: (GLYPHOSATE DIM. SALT = 103608)",IOWA,SURVEY,,,,ALL UTILIZATION PRACTICES,ALL CLASSES,2016-08-31 14:19:39.000,UNITED STATES,,IOWA,"967,000",LB,,2016,19,ENVIRONMENTAL,00,,YEAR,IA,,CORN,STATE,FIELD CROPS,00,,ANNUAL,"CHEMICAL, HERBICIDE",9000,00000000
APPLICATIONS,,"CORN - APPLICATIONS, MEASURED IN LB",19,ALL PRODUCTION PRACTICES,,,"CHEMICAL, HERBICIDE: (GLYPHOSATE DIM. SALT = 103608)",IOWA,SURVEY,,,,ALL UTILIZATION PRACTICES,ALL CLASSES,2014-05-14 15:12:54.000,UNITED STATES,,IOWA,"1,058,000",LB,,2014,19,ENVIRONMENTAL,00,,YEAR,IA,,CORN,STATE,FIELD CROPS,00,,ANNUAL,"CHEMICAL, HERBICIDE",9000,00000000
APPLICATIONS,,"CORN - APPLICATIONS, MEASURED IN LB",19,ALL PRODUCTION PRACTICES,,,"CHEMICAL, HERBICIDE: (GLYPHOSATE ISO. SALT = 103601)",IOWA,SURVEY,,,,ALL UTILIZATION PRACTICES,ALL CLASSES,2021-05-13 15:00:30.000,UNITED STATES,,IOWA,"2,600,000",LB,,2021,19,ENVIRONMENTAL,00,,YEAR,IA,,CORN,STATE,FIELD CROPS,00,,ANNUAL,"CHEMICAL, HERBICIDE",9000,00000000
APPLICATIONS,,"CORN - APPLICATIONS, MEASURED IN LB",19,ALL PRODUCTION PRACTICES,,,"CHEMICAL, HERBICIDE: (GLYPHOSATE ISO. SALT = 103601)",IOWA,SURVEY,,,,ALL UTILIZATION PRACTICES,ALL CLASSES,2018-05-10 15:16:25.000,UNITED STATES,,IOWA,"2,678,000",LB,,2018,19,ENVIRONMENTAL,00,,YEAR,IA,,CORN,STATE,FIELD CROPS,00,,ANNUAL,"CHEMICAL, HERBICIDE",9000,00000000
APPLICATIONS,,"CORN - APPLICATIONS, MEASURED IN LB",19,ALL PRODUCTION PRACTICES,,,"CHEMICAL, HERBICIDE: (GLYPHOSATE ISO. SALT = 103601)",IOWA,SURVEY,,,,ALL UTILIZATION PRACTICES,ALL CLASSES,2016-08-31 14:19:39.000,UNITED STATES,,IOWA,"4,195,000",LB,,2016,19,ENVIRONMENTAL,00,,YEAR,IA,,CORN,STATE,FIELD CROPS,00,,ANNUAL,"CHEMICAL, HERBICIDE",9000,00000000
APPLICATIONS,,"CORN - APPLICATIONS, MEASURED IN LB",19,ALL PRODUCTION PRACTICES,,,"CHEMICAL, HERBICIDE: (GLYPHOSATE ISO. SALT = 103601)",IOWA,SURVEY,,,,ALL UTILIZATION PRACTICES,ALL CLASSES,2014-05-14 15:12:54.000,UNITED STATES,,IOWA,"3,500,000",LB,,2014,19,ENVIRONMENTAL,00,,YEAR,IA,,CORN,STATE,FIELD CROPS,00,,ANNUAL,"CHEMICAL, HERBICIDE",9000,00000000
APPLICATIONS,,"CORN - APPLICATIONS, MEASURED IN LB",19,ALL PRODUCTION PRACTICES,,,"CHEMICAL, HERBICIDE: (GLYPHOSATE ISO. SALT = 103601)",IOWA,SURVEY,,,,ALL UTILIZATION PRACTICES,ALL CLASSES,2012-01-01 00:00:00.000,UNITED STATES,,IOWA,"8,871,000",LB,,2010,19,ENVIRONMENTAL,00,,YEAR,IA,,CORN,STATE,FIELD CROPS,00,,ANNUAL,"CHEMICAL, HERBICIDE",9000,00000000
APPLICATIONS,,"CORN - APPLICATIONS, MEASURED IN LB",19,ALL PRODUCTION PRACTICES,,,"CHEMICAL, HERBICIDE: (GLYPHOSATE ISO. SALT = 103601)",IOWA,SURVEY,,,,ALL UTILIZATION PRACTICES,ALL CLASSES,2005-06-11 10:11:36.000,UNITED STATES,,IOWA,"2,230,000",LB,,2005,19,ENVIRONMENTAL,00,,YEAR,IA,,CORN,STATE,FIELD CROPS,00,,ANNUAL,"CHEMICAL, HERBICIDE",9000,00000000
APPLICATIONS,,"CORN - APPLICATIONS, MEASURED IN LB",19,ALL PRODUCTION PRACTICES,,,"CHEMICAL, HERBICIDE: (GLYPHOSATE POT. SALT = 103613)",IOWA,SURVEY,,,,ALL UTILIZATION PRACTICES,ALL CLASSES,2021-05-13 15:00:30.000,UNITED STATES,,IOWA,"2,920,000",LB,,2021,19,ENVIRONMENTAL,00,,YEAR,IA,,CORN,STATE,FIELD CROPS,00,,ANNUAL,"CHEMICAL, HERBICIDE",9000,00000000
APPLICATIONS,,"CORN - APPLICATIONS, MEASURED IN LB",19,ALL PRODUCTION PRACTICES,,,"CHEMICAL, HERBICIDE: (GLYPHOSATE POT. SALT = 103613)",IOWA,SURVEY,,,,ALL UTILIZATION PRACTICES,ALL CLASSES,2018-05-10 15:16:25.000,UNITED STATES,,IOWA,"4,523,000",LB,,2018,19,ENVIRONMENTAL,00,,YEAR,IA,,CORN,STATE,FIELD CROPS,00,,ANNUAL,"CHEMICAL, HERBICIDE",9000,00000000
APPLICATIONS,,"CORN - APPLICATIONS, MEASURED IN LB",19,ALL PRODUCTION PRACTICES,,,"CHEMICAL, HERBICIDE: (GLYPHOSATE POT. SALT = 103613)",IOWA,SURVEY,,,,ALL UTILIZATION PRACTICES,ALL CLASSES,2016-08-31 14:19:39.000,UNITED STATES,,IOWA,"5,248,000",LB,,2016,19,ENVIRONMENTAL,00,,YEAR,IA,,CORN,STATE,FIELD CROPS,00,,ANNUAL,"CHEMICAL, HERBICIDE",9000,00000000
APPLICATIONS,,"CORN - APPLICATIONS, MEASURED IN LB",19,ALL PRODUCTION PRACTICES,,,"CHEMICAL, HERBICIDE: (GLYPHOSATE POT. SALT = 103613)",IOWA,SURVEY,,,,ALL UTILIZATION PRACTICES,ALL CLASSES,2014-05-14 15:12:54.000,UNITED STATES,,IOWA,"3,959,000",LB,,2014,19,ENVIRONMENTAL,00,,YEAR,IA,,CORN,STATE,FIELD CROPS,00,,ANNUAL,"CHEMICAL, HERBICIDE",9000,00000000
APPLICATIONS,,"CORN - APPLICATIONS, MEASURED IN LB",19,ALL PRODUCTION PRACTICES,,,"CHEMICAL, HERBICIDE: (GLYPHOSATE POT. SALT = 103613)",IOWA,SURVEY,,,,ALL UTILIZATION PRACTICES,ALL CLASSES,2012-01-01 00:00:00.000,UNITED STATES,,IOWA,                 (D),LB,,2010,19,ENVIRONMENTAL,00,,YEAR,IA,,CORN,STATE,FIELD CROPS,00,,ANNUAL,"CHEMICAL, HERBICIDE",9000,00000000
APPLICATIONS,,"CORN - APPLICATIONS, MEASURED IN LB",19,ALL PRODUCTION PRACTICES,,,"CHEMICAL, HERBICIDE: (IMAZAPYR = 128821)",IOWA,SURVEY,,,,ALL UTILIZATION PRACTICES,ALL CLASSES,2001-06-11 10:11:36.000,UNITED STATES,,IOWA,"1,000",LB,,2001,19,ENVIRONMENTAL,00,,YEAR,IA,,CORN,STATE,FIELD CROPS,00,,ANNUAL,"CHEMICAL, HERBICIDE",9000,00000000
APPLICATIONS,,"CORN - APPLICATIONS, MEASURED IN LB",19,ALL PRODUCTION PRACTICES,,,"CHEMICAL, HERBICIDE: (IMAZAPYR = 128821)",IOWA,SURVEY,,,,ALL UTILIZATION PRACTICES,ALL CLASSES,2000-06-11 10:11:36.000,UNITED STATES,,IOWA,"1,000",LB,,2000,19,ENVIRONMENTAL,00,,YEAR,IA,,CORN,STATE,FIELD CROPS,00,,ANNUAL,"CHEMICAL, HERBICIDE",9000,00000000
APPLICATIONS,,"CORN - APPLICATIONS, MEASURED IN LB",19,ALL PRODUCTION PRACTICES,,,"CHEMICAL, HERBICIDE: (IMAZAPYR, ISO. SALT = 128829)",IOWA,SURVEY,,,,ALL UTILIZATION PRACTICES,ALL CLASSES,2014-05-14 15:12:54.000,UNITED STATES,,IOWA,                 (D),LB,,2014,19,ENVIRONMENTAL,00,,YEAR,IA,,CORN,STATE,FIELD CROPS,00,,ANNUAL,"CHEMICAL, HERBICIDE",9000,00000000
APPLICATIONS,,"CORN - APPLICATIONS, MEASURED IN LB",19,ALL PRODUCTION PRACTICES,,,"CHEMICAL, HERBICIDE: (IMAZETHAPYR = 128922)",IOWA,SURVEY,,,,ALL UTILIZATION PRACTICES,ALL CLASSES,2018-05-10 15:16:25.000,UNITED STATES,,IOWA,                 (D),LB,,2018,19,ENVIRONMENTAL,00,,YEAR,IA,,CORN,STATE,FIELD CROPS,00,,ANNUAL,"CHEMICAL, HERBICIDE",9000,00000000
APPLICATIONS,,"CORN - APPLICATIONS, MEASURED IN LB",19,ALL PRODUCTION PRACTICES,,,"CHEMICAL, HERBICIDE: (IMAZETHAPYR = 128922)",IOWA,SURVEY,,,,ALL UTILIZATION PRACTICES,ALL CLASSES,2001-06-11 10:11:36.000,UNITED STATES,,IOWA,"3,000",LB,,2001,19,ENVIRONMENTAL,00,,YEAR,IA,,CORN,STATE,FIELD CROPS,00,,ANNUAL,"CHEMICAL, HERBICIDE",9000,00000000
APPLICATIONS,,"CORN - APPLICATIONS, MEASURED IN LB",19,ALL PRODUCTION PRACTICES,,,"CHEMICAL, HERBICIDE: (IMAZETHAPYR = 128922)",IOWA,SURVEY,,,,ALL UTILIZATION PRACTICES,ALL CLASSES,2000-06-11 10:11:36.000,UNITED STATES,,IOWA,"2,000",LB,,2000,19,ENVIRONMENTAL,00,,YEAR,IA,,CORN,STATE,FIELD CROPS,00,,ANNUAL,"CHEMICAL, HERBICIDE",9000,00000000
APPLICATIONS,,"CORN - APPLICATIONS, MEASURED IN LB",19,ALL PRODUCTION PRACTICES,,,"CHEMICAL, HERBICIDE: (ISOXAFLUTOLE = 123000)",IOWA,SURVEY,,,,ALL UTILIZATION PRACTICES,ALL CLASSES,2021-05-13 15:00:30.000,UNITED STATES,,IOWA,                 (D),LB,,2021,19,ENVIRONMENTAL,00,,YEAR,IA,,CORN,STATE,FIELD CROPS,00,,ANNUAL,"CHEMICAL, HERBICIDE",9000,00000000
APPLICATIONS,,"CORN - APPLICATIONS, MEASURED IN LB",19,ALL PRODUCTION PRACTICES,,,"CHEMICAL, HERBICIDE: (ISOXAFLUTOLE = 123000)",IOWA,SURVEY,,,,ALL UTILIZATION PRACTICES,ALL CLASSES,2018-05-10 15:16:25.000,UNITED STATES,,IOWA,"102,000",LB,,2018,19,ENVIRONMENTAL,00,,YEAR,IA,,CORN,STATE,FIELD CROPS,00,,ANNUAL,"CHEMICAL, HERBICIDE",9000,00000000
APPLICATIONS,,"CORN - APPLICATIONS, MEASURED IN LB",19,ALL PRODUCTION PRACTICES,,,"CHEMICAL, HERBICIDE: (ISOXAFLUTOLE = 123000)",IOWA,SURVEY,,,,ALL UTILIZATION PRACTICES,ALL CLASSES,2016-08-31 14:19:39.000,UNITED STATES,,IOWA,"72,000",LB,,2016,19,ENVIRONMENTAL,00,,YEAR,IA,,CORN,STATE,FIELD CROPS,00,,ANNUAL,"CHEMICAL, HERBICIDE",9000,00000000
APPLICATIONS,,"CORN - APPLICATIONS, MEASURED IN LB",19,ALL PRODUCTION PRACTICES,,,"CHEMICAL, HERBICIDE: (ISOXAFLUTOLE = 123000)",IOWA,SURVEY,,,,ALL UTILIZATION PRACTICES,ALL CLASSES,2014-05-14 15:12:54.000,UNITED STATES,,IOWA,"107,000",LB,,2014,19,ENVIRONMENTAL,00,,YEAR,IA,,CORN,STATE,FIELD CROPS,00,,ANNUAL,"CHEMICAL, HERBICIDE",9000,00000000
APPLICATIONS,,"CORN - APPLICATIONS, MEASURED IN LB",19,ALL PRODUCTION PRACTICES,,,"CHEMICAL, HERBICIDE: (ISOXAFLUTOLE = 123000)",IOWA,SURVEY,,,,ALL UTILIZATION PRACTICES,ALL CLASSES,2012-01-01 00:00:00.000,UNITED STATES,,IOWA,"112,000",LB,,2010,19,ENVIRONMENTAL,00,,YEAR,IA,,CORN,STATE,FIELD CROPS,00,,ANNUAL,"CHEMICAL, HERBICIDE",9000,00000000
APPLICATIONS,,"CORN - APPLICATIONS, MEASURED IN LB",19,ALL PRODUCTION PRACTICES,,,"CHEMICAL, HERBICIDE: (ISOXAFLUTOLE = 123000)",IOWA,SURVEY,,,,ALL UTILIZATION PRACTICES,ALL CLASSES,2005-06-11 10:11:36.000,UNITED STATES,,IOWA,"41,000",LB,,2005,19,ENVIRONMENTAL,00,,YEAR,IA,,CORN,STATE,FIELD CROPS,00,,ANNUAL,"CHEMICAL, HERBICIDE",9000,00000000
APPLICATIONS,,"CORN - APPLICATIONS, MEASURED IN LB",19,ALL PRODUCTION PRACTICES,,,"CHEMICAL, HERBICIDE: (ISOXAFLUTOLE = 123000)",IOWA,SURVEY,,,,ALL UTILIZATION PRACTICES,ALL CLASSES,2003-06-11 10:11:36.000,UNITED STATES,,IOWA,"135,000",LB,,2003,19,ENVIRONMENTAL,00,,YEAR,IA,,CORN,STATE,FIELD CROPS,00,,ANNUAL,"CHEMICAL, HERBICIDE",9000,00000000
APPLICATIONS,,"CORN - APPLICATIONS, MEASURED IN LB",19,ALL PRODUCTION PRACTICES,,,"CHEMICAL, HERBICIDE: (ISOXAFLUTOLE = 123000)",IOWA,SURVEY,,,,ALL UTILIZATION PRACTICES,ALL CLASSES,2002-06-11 10:11:36.000,UNITED STATES,,IOWA,"147,000",LB,,2002,19,ENVIRONMENTAL,00,,YEAR,IA,,CORN,STATE,FIELD CROPS,00,,ANNUAL,"CHEMICAL, HERBICIDE",9000,00000000
APPLICATIONS,,"CORN - APPLICATIONS, MEASURED IN LB",19,ALL PRODUCTION PRACTICES,,,"CHEMICAL, HERBICIDE: (ISOXAFLUTOLE = 123000)",IOWA,SURVEY,,,,ALL UTILIZATION PRACTICES,ALL CLASSES,2001-06-11 10:11:36.000,UNITED STATES,,IOWA,"229,000",LB,,2001,19,ENVIRONMENTAL,00,,YEAR,IA,,CORN,STATE,FIELD CROPS,00,,ANNUAL,"CHEMICAL, HERBICIDE",9000,00000000
APPLICATIONS,,"CORN - APPLICATIONS, MEASURED IN LB",19,ALL PRODUCTION PRACTICES,,,"CHEMICAL, HERBICIDE: (ISOXAFLUTOLE = 123000)",IOWA,SURVEY,,,,ALL UTILIZATION PRACTICES,ALL CLASSES,2000-06-11 10:11:36.000,UNITED STATES,,IOWA,"62,000",LB,,2000,19,ENVIRONMENTAL,00,,YEAR,IA,,CORN,STATE,FIELD CROPS,00,,ANNUAL,"CHEMICAL, HERBICIDE",9000,00000000
APPLICATIONS,,"CORN - APPLICATIONS, MEASURED IN LB",19,ALL PRODUCTION PRACTICES,,,"CHEMICAL, HERBICIDE: (MCPA, SODIUM SALT = 30502)",IOWA,SURVEY,,,,ALL UTILIZATION PRACTICES,ALL CLASSES,2012-01-01 00:00:00.000,UNITED STATES,,IOWA,                 (D),LB,,2010,19,ENVIRONMENTAL,00,,YEAR,IA,,CORN,STATE,FIELD CROPS,00,,ANNUAL,"CHEMICAL, HERBICIDE",9000,00000000
APPLICATIONS,,"CORN - APPLICATIONS, MEASURED IN LB",19,ALL PRODUCTION PRACTICES,,,"CHEMICAL, HERBICIDE: (MESOTRIONE = 122990)",IOWA,SURVEY,,,,ALL UTILIZATION PRACTICES,ALL CLASSES,2021-05-13 15:00:30.000,UNITED STATES,,IOWA,"699,000",LB,,2021,19,ENVIRONMENTAL,00,,YEAR,IA,,CORN,STATE,FIELD CROPS,00,,ANNUAL,"CHEMICAL, HERBICIDE",9000,00000000
APPLICATIONS,,"CORN - APPLICATIONS, MEASURED IN LB",19,ALL PRODUCTION PRACTICES,,,"CHEMICAL, HERBICIDE: (MESOTRIONE = 122990)",IOWA,SURVEY,,,,ALL UTILIZATION PRACTICES,ALL CLASSES,2018-05-10 15:16:25.000,UNITED STATES,,IOWA,"661,000",LB,,2018,19,ENVIRONMENTAL,00,,YEAR,IA,,CORN,STATE,FIELD CROPS,00,,ANNUAL,"CHEMICAL, HERBICIDE",9000,00000000
APPLICATIONS,,"CORN - APPLICATIONS, MEASURED IN LB",19,ALL PRODUCTION PRACTICES,,,"CHEMICAL, HERBICIDE: (MESOTRIONE = 122990)",IOWA,SURVEY,,,,ALL UTILIZATION PRACTICES,ALL CLASSES,2016-08-31 14:19:39.000,UNITED STATES,,IOWA,"597,000",LB,,2016,19,ENVIRONMENTAL,00,,YEAR,IA,,CORN,STATE,FIELD CROPS,00,,ANNUAL,"CHEMICAL, HERBICIDE",9000,00000000
APPLICATIONS,,"CORN - APPLICATIONS, MEASURED IN LB",19,ALL PRODUCTION PRACTICES,,,"CHEMICAL, HERBICIDE: (MESOTRIONE = 122990)",IOWA,SURVEY,,,,ALL UTILIZATION PRACTICES,ALL CLASSES,2014-05-14 15:12:54.000,UNITED STATES,,IOWA,"554,000",LB,,2014,19,ENVIRONMENTAL,00,,YEAR,IA,,CORN,STATE,FIELD CROPS,00,,ANNUAL,"CHEMICAL, HERBICIDE",9000,00000000
APPLICATIONS,,"CORN - APPLICATIONS, MEASURED IN LB",19,ALL PRODUCTION PRACTICES,,,"CHEMICAL, HERBICIDE: (MESOTRIONE = 122990)",IOWA,SURVEY,,,,ALL UTILIZATION PRACTICES,ALL CLASSES,2012-01-01 00:00:00.000,UNITED STATES,,IOWA,"142,000",LB,,2010,19,ENVIRONMENTAL,00,,YEAR,IA,,CORN,STATE,FIELD CROPS,00,,ANNUAL,"CHEMICAL, HERBICIDE",9000,00000000
APPLICATIONS,,"CORN - APPLICATIONS, MEASURED IN LB",19,ALL PRODUCTION PRACTICES,,,"CHEMICAL, HERBICIDE: (MESOTRIONE = 122990)",IOWA,SURVEY,,,,ALL UTILIZATION PRACTICES,ALL CLASSES,2005-06-11 10:11:36.000,UNITED STATES,,IOWA,"443,000",LB,,2005,19,ENVIRONMENTAL,00,,YEAR,IA,,CORN,STATE,FIELD CROPS,00,,ANNUAL,"CHEMICAL, HERBICIDE",9000,00000000
APPLICATIONS,,"CORN - APPLICATIONS, MEASURED IN LB",19,ALL PRODUCTION PRACTICES,,,"CHEMICAL, HERBICIDE: (MESOTRIONE = 122990)",IOWA,SURVEY,,,,ALL UTILIZATION PRACTICES,ALL CLASSES,2003-06-11 10:11:36.000,UNITED STATES,,IOWA,"301,000",LB,,2003,19,ENVIRONMENTAL,00,,YEAR,IA,,CORN,STATE,FIELD CROPS,00,,ANNUAL,"CHEMICAL, HERBICIDE",9000,00000000
APPLICATIONS,,"CORN - APPLICATIONS, MEASURED IN LB",19,ALL PRODUCTION PRACTICES,,,"CHEMICAL, HERBICIDE: (MESOTRIONE = 122990)",IOWA,SURVEY,,,,ALL UTILIZATION PRACTICES,ALL CLASSES,2002-06-11 10:11:36.000,UNITED STATES,,IOWA,"119,000",LB,,2002,19,ENVIRONMENTAL,00,,YEAR,IA,,CORN,STATE,FIELD CROPS,00,,ANNUAL,"CHEMICAL, HERBICIDE",9000,00000000
APPLICATIONS,,"CORN - APPLICATIONS, MEASURED IN LB",19,ALL PRODUCTION PRACTICES,,,"CHEMICAL, HERBICIDE: (METOLACHLOR = 108801)",IOWA,SURVEY,,,,ALL UTILIZATION PRACTICES,ALL CLASSES,2021-05-13 15:00:30.000,UNITED STATES,,IOWA,                 (D),LB,,2021,19,ENVIRONMENTAL,00,,YEAR,IA,,CORN,STATE,FIELD CROPS,00,,ANNUAL,"CHEMICAL, HERBICIDE",9000,00000000
APPLICATIONS,,"CORN - APPLICATIONS, MEASURED IN LB",19,ALL PRODUCTION PRACTICES,,,"CHEMICAL, HERBICIDE: (METOLACHLOR = 108801)",IOWA,SURVEY,,,,ALL UTILIZATION PRACTICES,ALL CLASSES,2018-05-10 15:16:25.000,UNITED STATES,,IOWA,                 (D),LB,,2018,19,ENVIRONMENTAL,00,,YEAR,IA,,CORN,STATE,FIELD CROPS,00,,ANNUAL,"CHEMICAL, HERBICIDE",9000,00000000
APPLICATIONS,,"CORN - APPLICATIONS, MEASURED IN LB",19,ALL PRODUCTION PRACTICES,,,"CHEMICAL, HERBICIDE: (METOLACHLOR = 108801)",IOWA,SURVEY,,,,ALL UTILIZATION PRACTICES,ALL CLASSES,2016-08-31 14:19:39.000,UNITED STATES,,IOWA,                 (D),LB,,2016,19,ENVIRONMENTAL,00,,YEAR,IA,,CORN,STATE,FIELD CROPS,00,,ANNUAL,"CHEMICAL, HERBICIDE",9000,00000000
APPLICATIONS,,"CORN - APPLICATIONS, MEASURED IN LB",19,ALL PRODUCTION PRACTICES,,,"CHEMICAL, HERBICIDE: (METOLACHLOR = 108801)",IOWA,SURVEY,,,,ALL UTILIZATION PRACTICES,ALL CLASSES,2014-05-14 15:12:54.000,UNITED STATES,,IOWA,                 (D),LB,,2014,19,ENVIRONMENTAL,00,,YEAR,IA,,CORN,STATE,FIELD CROPS,00,,ANNUAL,"CHEMICAL, HERBICIDE",9000,00000000
APPLICATIONS,,"CORN - APPLICATIONS, MEASURED IN LB",19,ALL PRODUCTION PRACTICES,,,"CHEMICAL, HERBICIDE: (METOLACHLOR = 108801)",IOWA,SURVEY,,,,ALL UTILIZATION PRACTICES,ALL CLASSES,2003-06-11 10:11:36.000,UNITED STATES,,IOWA,"622,000",LB,,2003,19,ENVIRONMENTAL,00,,YEAR,IA,,CORN,STATE,FIELD CROPS,00,,ANNUAL,"CHEMICAL, HERBICIDE",9000,00000000
APPLICATIONS,,"CORN - APPLICATIONS, MEASURED IN LB",19,ALL PRODUCTION PRACTICES,,,"CHEMICAL, HERBICIDE: (METOLACHLOR = 108801)",IOWA,SURVEY,,,,ALL UTILIZATION PRACTICES,ALL CLASSES,2002-06-11 10:11:36.000,UNITED STATES,,IOWA,"2,519,000",LB,,2002,19,ENVIRONMENTAL,00,,YEAR,IA,,CORN,STATE,FIELD CROPS,00,,ANNUAL,"CHEMICAL, HERBICIDE",9000,00000000
APPLICATIONS,,"CORN - APPLICATIONS, MEASURED IN LB",19,ALL PRODUCTION PRACTICES,,,"CHEMICAL, HERBICIDE: (METOLACHLOR = 108801)",IOWA,SURVEY,,,,ALL UTILIZATION PRACTICES,ALL CLASSES,2001-06-11 10:11:36.000,UNITED STATES,,IOWA,"1,191,000",LB,,2001,19,ENVIRONMENTAL,00,,YEAR,IA,,CORN,STATE,FIELD CROPS,00,,ANNUAL,"CHEMICAL, HERBICIDE",9000,00000000
APPLICATIONS,,"CORN - APPLICATIONS, MEASURED IN LB",19,ALL PRODUCTION PRACTICES,,,"CHEMICAL, HERBICIDE: (METOLACHLOR = 108801)",IOWA,SURVEY,,,,ALL UTILIZATION PRACTICES,ALL CLASSES,2000-06-11 10:11:36.000,UNITED STATES,,IOWA,"2,316,000",LB,,2000,19,ENVIRONMENTAL,00,,YEAR,IA,,CORN,STATE,FIELD CROPS,00,,ANNUAL,"CHEMICAL, HERBICIDE",9000,00000000
APPLICATIONS,,"CORN - APPLICATIONS, MEASURED IN LB",19,ALL PRODUCTION PRACTICES,,,"CHEMICAL, HERBICIDE: (METRIBUZIN = 101101)",IOWA,SURVEY,,,,ALL UTILIZATION PRACTICES,ALL CLASSES,2018-05-10 15:16:25.000,UNITED STATES,,IOWA,                 (D),LB,,2018,19,ENVIRONMENTAL,00,,YEAR,IA,,CORN,STATE,FIELD CROPS,00,,ANNUAL,"CHEMICAL, HERBICIDE",9000,00000000
APPLICATIONS,,"CORN - APPLICATIONS, MEASURED IN LB",19,ALL PRODUCTION PRACTICES,,,"CHEMICAL, HERBICIDE: (NICOSULFURON = 129008)",IOWA,SURVEY,,,,ALL UTILIZATION PRACTICES,ALL CLASSES,2018-05-10 15:16:25.000,UNITED STATES,,IOWA,                 (D),LB,,2018,19,ENVIRONMENTAL,00,,YEAR,IA,,CORN,STATE,FIELD CROPS,00,,ANNUAL,"CHEMICAL, HERBICIDE",9000,00000000
APPLICATIONS,,"CORN - APPLICATIONS, MEASURED IN LB",19,ALL PRODUCTION PRACTICES,,,"CHEMICAL, HERBICIDE: (NICOSULFURON = 129008)",IOWA,SURVEY,,,,ALL UTILIZATION PRACTICES,ALL CLASSES,2014-05-14 15:12:54.000,UNITED STATES,,IOWA,                 (D),LB,,2014,19,ENVIRONMENTAL,00,,YEAR,IA,,CORN,STATE,FIELD CROPS,00,,ANNUAL,"CHEMICAL, HERBICIDE",9000,00000000
APPLICATIONS,,"CORN - APPLICATIONS, MEASURED IN LB",19,ALL PRODUCTION PRACTICES,,,"CHEMICAL, HERBICIDE: (NICOSULFURON = 129008)",IOWA,SURVEY,,,,ALL UTILIZATION PRACTICES,ALL CLASSES,2012-01-01 00:00:00.000,UNITED STATES,,IOWA,                 (D),LB,,2010,19,ENVIRONMENTAL,00,,YEAR,IA,,CORN,STATE,FIELD CROPS,00,,ANNUAL,"CHEMICAL, HERBICIDE",9000,00000000
APPLICATIONS,,"CORN - APPLICATIONS, MEASURED IN LB",19,ALL PRODUCTION PRACTICES,,,"CHEMICAL, HERBICIDE: (NICOSULFURON = 129008)",IOWA,SURVEY,,,,ALL UTILIZATION PRACTICES,ALL CLASSES,2005-06-11 10:11:36.000,UNITED STATES,,IOWA,"39,000",LB,,2005,19,ENVIRONMENTAL,00,,YEAR,IA,,CORN,STATE,FIELD CROPS,00,,ANNUAL,"CHEMICAL, HERBICIDE",9000,00000000
APPLICATIONS,,"CORN - APPLICATIONS, MEASURED IN LB",19,ALL PRODUCTION PRACTICES,,,"CHEMICAL, HERBICIDE: (NICOSULFURON = 129008)",IOWA,SURVEY,,,,ALL UTILIZATION PRACTICES,ALL CLASSES,2003-06-11 10:11:36.000,UNITED STATES,,IOWA,"42,000",LB,,2003,19,ENVIRONMENTAL,00,,YEAR,IA,,CORN,STATE,FIELD CROPS,00,,ANNUAL,"CHEMICAL, HERBICIDE",9000,00000000
APPLICATIONS,,"CORN - APPLICATIONS, MEASURED IN LB",19,ALL PRODUCTION PRACTICES,,,"CHEMICAL, HERBICIDE: (NICOSULFURON = 129008)",IOWA,SURVEY,,,,ALL UTILIZATION PRACTICES,ALL CLASSES,2002-06-11 10:11:36.000,UNITED STATES,,IOWA,"31,000",LB,,2002,19,ENVIRONMENTAL,00,,YEAR,IA,,CORN,STATE,FIELD CROPS,00,,ANNUAL,"CHEMICAL, HERBICIDE",9000,00000000
APPLICATIONS,,"CORN - APPLICATIONS, MEASURED IN LB",19,ALL PRODUCTION PRACTICES,,,"CHEMICAL, HERBICIDE: (NICOSULFURON = 129008)",IOWA,SURVEY,,,,ALL UTILIZATION PRACTICES,ALL CLASSES,2001-06-11 10:11:36.000,UNITED STATES,,IOWA,"32,000",LB,,2001,19,ENVIRONMENTAL,00,,YEAR,IA,,CORN,STATE,FIELD CROPS,00,,ANNUAL,"CHEMICAL, HERBICIDE",9000,00000000
APPLICATIONS,,"CORN - APPLICATIONS, MEASURED IN LB",19,ALL PRODUCTION PRACTICES,,,"CHEMICAL, HERBICIDE: (NICOSULFURON = 129008)",IOWA,SURVEY,,,,ALL UTILIZATION PRACTICES,ALL CLASSES,2000-06-11 10:11:36.000,UNITED STATES,,IOWA,"37,000",LB,,2000,19,ENVIRONMENTAL,00,,YEAR,IA,,CORN,STATE,FIELD CROPS,00,,ANNUAL,"CHEMICAL, HERBICIDE",9000,00000000
APPLICATIONS,,"CORN - APPLICATIONS, MEASURED IN LB",19,ALL PRODUCTION PRACTICES,,,"CHEMICAL, HERBICIDE: (PARAQUAT = 61601)",IOWA,SURVEY,,,,ALL UTILIZATION PRACTICES,ALL CLASSES,2016-08-31 14:19:39.000,UNITED STATES,,IOWA,                 (D),LB,,2016,19,ENVIRONMENTAL,00,,YEAR,IA,,CORN,STATE,FIELD CROPS,00,,ANNUAL,"CHEMICAL, HERBICIDE",9000,00000000
APPLICATIONS,,"CORN - APPLICATIONS, MEASURED IN LB",19,ALL PRODUCTION PRACTICES,,,"CHEMICAL, HERBICIDE: (PARAQUAT = 61601)",IOWA,SURVEY,,,,ALL UTILIZATION PRACTICES,ALL CLASSES,2014-05-14 15:12:54.000,UNITED STATES,,IOWA,                 (D),LB,,2014,19,ENVIRONMENTAL,00,,YEAR,IA,,CORN,STATE,FIELD CROPS,00,,ANNUAL,"CHEMICAL, HERBICIDE",9000,00000000
APPLICATIONS,,"CORN - APPLICATIONS, MEASURED IN LB",19,ALL PRODUCTION PRACTICES,,,"CHEMICAL, HERBICIDE: (PENDIMETHALIN = 108501)",IOWA,SURVEY,,,,ALL UTILIZATION PRACTICES,ALL CLASSES,2012-01-01 00:00:00.000,UNITED STATES,,IOWA,                 (D),LB,,2010,19,ENVIRONMENTAL,00,,YEAR,IA,,CORN,STATE,FIELD CROPS,00,,ANNUAL,"CHEMICAL, HERBICIDE",9000,00000000
APPLICATIONS,,"CORN - APPLICATIONS, MEASURED IN LB",19,ALL PRODUCTION PRACTICES,,,"CHEMICAL, HERBICIDE: (PRIMISULFURON = 128973)",IOWA,SURVEY,,,,ALL UTILIZATION PRACTICES,ALL CLASSES,2014-05-14 15:12:54.000,UNITED STATES,,IOWA,                 (D),LB,,2014,19,ENVIRONMENTAL,00,,YEAR,IA,,CORN,STATE,FIELD CROPS,00,,ANNUAL,"CHEMICAL, HERBICIDE",9000,00000000
APPLICATIONS,,"CORN - APPLICATIONS, MEASURED IN LB",19,ALL PRODUCTION PRACTICES,,,"CHEMICAL, HERBICIDE: (PRIMISULFURON = 128973)",IOWA,SURVEY,,,,ALL UTILIZATION PRACTICES,ALL CLASSES,2002-06-11 10:11:36.000,UNITED STATES,,IOWA,"11,000",LB,,2002,19,ENVIRONMENTAL,00,,YEAR,IA,,CORN,STATE,FIELD CROPS,00,,ANNUAL,"CHEMICAL, HERBICIDE",9000,00000000
APPLICATIONS,,"CORN - APPLICATIONS, MEASURED IN LB",19,ALL PRODUCTION PRACTICES,,,"CHEMICAL, HERBICIDE: (PRIMISULFURON = 128973)",IOWA,SURVEY,,,,ALL UTILIZATION PRACTICES,ALL CLASSES,2001-06-11 10:11:36.000,UNITED STATES,,IOWA,"14,000",LB,,2001,19,ENVIRONMENTAL,00,,YEAR,IA,,CORN,STATE,FIELD CROPS,00,,ANNUAL,"CHEMICAL, HERBICIDE",9000,00000000
APPLICATIONS,,"CORN - APPLICATIONS, MEASURED IN LB",19,ALL PRODUCTION PRACTICES,,,"CHEMICAL, HERBICIDE: (PRIMISULFURON = 128973)",IOWA,SURVEY,,,,ALL UTILIZATION PRACTICES,ALL CLASSES,2000-06-11 10:11:36.000,UNITED STATES,,IOWA,"21,000",LB,,2000,19,ENVIRONMENTAL,00,,YEAR,IA,,CORN,STATE,FIELD CROPS,00,,ANNUAL,"CHEMICAL, HERBICIDE",9000,00000000
APPLICATIONS,,"CORN - APPLICATIONS, MEASURED IN LB",19,ALL PRODUCTION PRACTICES,,,"CHEMICAL, HERBICIDE: (PROPOXYCARBAZONE-SOD = 122019)",IOWA,SURVEY,,,,ALL UTILIZATION PRACTICES,ALL CLASSES,2016-08-31 14:19:39.000,UNITED STATES,,IOWA,                 (D),LB,,2016,19,ENVIRONMENTAL,00,,YEAR,IA,,CORN,STATE,FIELD CROPS,00,,ANNUAL,"CHEMICAL, HERBICIDE",9000,00000000
APPLICATIONS,,"CORN - APPLICATIONS, MEASURED IN LB",19,ALL PRODUCTION PRACTICES,,,"CHEMICAL, HERBICIDE: (PYRIDATE = 128834)",IOWA,SURVEY,,,,ALL UTILIZATION PRACTICES,ALL CLASSES,2000-06-11 10:11:36.000,UNITED STATES,,IOWA,"1,775,000",LB,,2000,19,ENVIRONMENTAL,00,,YEAR,IA,,CORN,STATE,FIELD CROPS,00,,ANNUAL,"CHEMICAL, HERBICIDE",9000,00000000
APPLICATIONS,,"CORN - APPLICATIONS, MEASURED IN LB",19,ALL PRODUCTION PRACTICES,,,"CHEMICAL, HERBICIDE: (PYROXASULFONE = 90099)",IOWA,SURVEY,,,,ALL UTILIZATION PRACTICES,ALL CLASSES,2018-05-10 15:16:25.000,UNITED STATES,,IOWA,                 (D),LB,,2018,19,ENVIRONMENTAL,00,,YEAR,IA,,CORN,STATE,FIELD CROPS,00,,ANNUAL,"CHEMICAL, HERBICIDE",9000,00000000
APPLICATIONS,,"CORN - APPLICATIONS, MEASURED IN LB",19,ALL PRODUCTION PRACTICES,,,"CHEMICAL, HERBICIDE: (PYROXASULFONE = 90099)",IOWA,SURVEY,,,,ALL UTILIZATION PRACTICES,ALL CLASSES,2016-08-31 14:19:39.000,UNITED STATES,,IOWA,                 (D),LB,,2016,19,ENVIRONMENTAL,00,,YEAR,IA,,CORN,STATE,FIELD CROPS,00,,ANNUAL,"CHEMICAL, HERBICIDE",9000,00000000
APPLICATIONS,,"CORN - APPLICATIONS, MEASURED IN LB",19,ALL PRODUCTION PRACTICES,,,"CHEMICAL, HERBICIDE: (PYROXSULAM = 108702)",IOWA,SURVEY,,,,ALL UTILIZATION PRACTICES,ALL CLASSES,2018-05-10 15:16:25.000,UNITED STATES,,IOWA,                 (D),LB,,2018,19,ENVIRONMENTAL,00,,YEAR,IA,,CORN,STATE,FIELD CROPS,00,,ANNUAL,"CHEMICAL, HERBICIDE",9000,00000000
APPLICATIONS,,"CORN - APPLICATIONS, MEASURED IN LB",19,ALL PRODUCTION PRACTICES,,,"CHEMICAL, HERBICIDE: (RIMSULFURON = 129009)",IOWA,SURVEY,,,,ALL UTILIZATION PRACTICES,ALL CLASSES,2018-05-10 15:16:25.000,UNITED STATES,,IOWA,"4,000",LB,,2018,19,ENVIRONMENTAL,00,,YEAR,IA,,CORN,STATE,FIELD CROPS,00,,ANNUAL,"CHEMICAL, HERBICIDE",9000,00000000
APPLICATIONS,,"CORN - APPLICATIONS, MEASURED IN LB",19,ALL PRODUCTION PRACTICES,,,"CHEMICAL, HERBICIDE: (RIMSULFURON = 129009)",IOWA,SURVEY,,,,ALL UTILIZATION PRACTICES,ALL CLASSES,2016-08-31 14:19:39.000,UNITED STATES,,IOWA,"16,000",LB,,2016,19,ENVIRONMENTAL,00,,YEAR,IA,,CORN,STATE,FIELD CROPS,00,,ANNUAL,"CHEMICAL, HERBICIDE",9000,00000000
APPLICATIONS,,"CORN - APPLICATIONS, MEASURED IN LB",19,ALL PRODUCTION PRACTICES,,,"CHEMICAL, HERBICIDE: (RIMSULFURON = 129009)",IOWA,SURVEY,,,,ALL UTILIZATION PRACTICES,ALL CLASSES,2014-05-14 15:12:54.000,UNITED STATES,,IOWA,"17,000",LB,,2014,19,ENVIRONMENTAL,00,,YEAR,IA,,CORN,STATE,FIELD CROPS,00,,ANNUAL,"CHEMICAL, HERBICIDE",9000,00000000
APPLICATIONS,,"CORN - APPLICATIONS, MEASURED IN LB",19,ALL PRODUCTION PRACTICES,,,"CHEMICAL, HERBICIDE: (RIMSULFURON = 129009)",IOWA,SURVEY,,,,ALL UTILIZATION PRACTICES,ALL CLASSES,2012-01-01 00:00:00.000,UNITED STATES,,IOWA,"8,000",LB,,2010,19,ENVIRONMENTAL,00,,YEAR,IA,,CORN,STATE,FIELD CROPS,00,,ANNUAL,"CHEMICAL, HERBICIDE",9000,00000000
APPLICATIONS,,"CORN - APPLICATIONS, MEASURED IN LB",19,ALL PRODUCTION PRACTICES,,,"CHEMICAL, HERBICIDE: (RIMSULFURON = 129009)",IOWA,SURVEY,,,,ALL UTILIZATION PRACTICES,ALL CLASSES,2005-06-11 10:11:36.000,UNITED STATES,,IOWA,"18,000",LB,,2005,19,ENVIRONMENTAL,00,,YEAR,IA,,CORN,STATE,FIELD CROPS,00,,ANNUAL,"CHEMICAL, HERBICIDE",9000,00000000
APPLICATIONS,,"CORN - APPLICATIONS, MEASURED IN LB",19,ALL PRODUCTION PRACTICES,,,"CHEMICAL, HERBICIDE: (RIMSULFURON = 129009)",IOWA,SURVEY,,,,ALL UTILIZATION PRACTICES,ALL CLASSES,2003-06-11 10:11:36.000,UNITED STATES,,IOWA,"22,000",LB,,2003,19,ENVIRONMENTAL,00,,YEAR,IA,,CORN,STATE,FIELD CROPS,00,,ANNUAL,"CHEMICAL, HERBICIDE",9000,00000000
APPLICATIONS,,"CORN - APPLICATIONS, MEASURED IN LB",19,ALL PRODUCTION PRACTICES,,,"CHEMICAL, HERBICIDE: (RIMSULFURON = 129009)",IOWA,SURVEY,,,,ALL UTILIZATION PRACTICES,ALL CLASSES,2002-06-11 10:11:36.000,UNITED STATES,,IOWA,"17,000",LB,,2002,19,ENVIRONMENTAL,00,,YEAR,IA,,CORN,STATE,FIELD CROPS,00,,ANNUAL,"CHEMICAL, HERBICIDE",9000,00000000
APPLICATIONS,,"CORN - APPLICATIONS, MEASURED IN LB",19,ALL PRODUCTION PRACTICES,,,"CHEMICAL, HERBICIDE: (RIMSULFURON = 129009)",IOWA,SURVEY,,,,ALL UTILIZATION PRACTICES,ALL CLASSES,2001-06-11 10:11:36.000,UNITED STATES,,IOWA,"14,000",LB,,2001,19,ENVIRONMENTAL,00,,YEAR,IA,,CORN,STATE,FIELD CROPS,00,,ANNUAL,"CHEMICAL, HERBICIDE",9000,00000000
APPLICATIONS,,"CORN - APPLICATIONS, MEASURED IN LB",19,ALL PRODUCTION PRACTICES,,,"CHEMICAL, HERBICIDE: (RIMSULFURON = 129009)",IOWA,SURVEY,,,,ALL UTILIZATION PRACTICES,ALL CLASSES,2000-06-11 10:11:36.000,UNITED STATES,,IOWA,"14,000",LB,,2000,19,ENVIRONMENTAL,00,,YEAR,IA,,CORN,STATE,FIELD CROPS,00,,ANNUAL,"CHEMICAL, HERBICIDE",9000,00000000
APPLICATIONS,,"CORN - APPLICATIONS, MEASURED IN LB",19,ALL PRODUCTION PRACTICES,,,"CHEMICAL, HERBICIDE: (S-METOLACHLOR = 108800)",IOWA,SURVEY,,,,ALL UTILIZATION PRACTICES,ALL CLASSES,2021-05-13 15:00:30.000,UNITED STATES,,IOWA,"1,799,000",LB,,2021,19,ENVIRONMENTAL,00,,YEAR,IA,,CORN,STATE,FIELD CROPS,00,,ANNUAL,"CHEMICAL, HERBICIDE",9000,00000000
APPLICATIONS,,"CORN - APPLICATIONS, MEASURED IN LB",19,ALL PRODUCTION PRACTICES,,,"CHEMICAL, HERBICIDE: (S-METOLACHLOR = 108800)",IOWA,SURVEY,,,,ALL UTILIZATION PRACTICES,ALL CLASSES,2018-05-10 15:16:25.000,UNITED STATES,,IOWA,"3,935,000",LB,,2018,19,ENVIRONMENTAL,00,,YEAR,IA,,CORN,STATE,FIELD CROPS,00,,ANNUAL,"CHEMICAL, HERBICIDE",9000,00000000
APPLICATIONS,,"CORN - APPLICATIONS, MEASURED IN LB",19,ALL PRODUCTION PRACTICES,,,"CHEMICAL, HERBICIDE: (S-METOLACHLOR = 108800)",IOWA,SURVEY,,,,ALL UTILIZATION PRACTICES,ALL CLASSES,2016-08-31 14:19:39.000,UNITED STATES,,IOWA,"4,620,000",LB,,2016,19,ENVIRONMENTAL,00,,YEAR,IA,,CORN,STATE,FIELD CROPS,00,,ANNUAL,"CHEMICAL, HERBICIDE",9000,00000000
APPLICATIONS,,"CORN - APPLICATIONS, MEASURED IN LB",19,ALL PRODUCTION PRACTICES,,,"CHEMICAL, HERBICIDE: (S-METOLACHLOR = 108800)",IOWA,SURVEY,,,,ALL UTILIZATION PRACTICES,ALL CLASSES,2014-05-14 15:12:54.000,UNITED STATES,,IOWA,"3,021,000",LB,,2014,19,ENVIRONMENTAL,00,,YEAR,IA,,CORN,STATE,FIELD CROPS,00,,ANNUAL,"CHEMICAL, HERBICIDE",9000,00000000
APPLICATIONS,,"CORN - APPLICATIONS, MEASURED IN LB",19,ALL PRODUCTION PRACTICES,,,"CHEMICAL, HERBICIDE: (S-METOLACHLOR = 108800)",IOWA,SURVEY,,,,ALL UTILIZATION PRACTICES,ALL CLASSES,2012-01-01 00:00:00.000,UNITED STATES,,IOWA,"2,373,000",LB,,2010,19,ENVIRONMENTAL,00,,YEAR,IA,,CORN,STATE,FIELD CROPS,00,,ANNUAL,"CHEMICAL, HERBICIDE",9000,00000000
APPLICATIONS,,"CORN - APPLICATIONS, MEASURED IN LB",19,ALL PRODUCTION PRACTICES,,,"CHEMICAL, HERBICIDE: (S-METOLACHLOR = 108800)",IOWA,SURVEY,,,,ALL UTILIZATION PRACTICES,ALL CLASSES,2005-06-11 10:11:36.000,UNITED STATES,,IOWA,"4,335,000",LB,,2005,19,ENVIRONMENTAL,00,,YEAR,IA,,CORN,STATE,FIELD CROPS,00,,ANNUAL,"CHEMICAL, HERBICIDE",9000,00000000
APPLICATIONS,,"CORN - APPLICATIONS, MEASURED IN LB",19,ALL PRODUCTION PRACTICES,,,"CHEMICAL, HERBICIDE: (S-METOLACHLOR = 108800)",IOWA,SURVEY,,,,ALL UTILIZATION PRACTICES,ALL CLASSES,2003-06-11 10:11:36.000,UNITED STATES,,IOWA,"3,074,000",LB,,2003,19,ENVIRONMENTAL,00,,YEAR,IA,,CORN,STATE,FIELD CROPS,00,,ANNUAL,"CHEMICAL, HERBICIDE",9000,00000000
APPLICATIONS,,"CORN - APPLICATIONS, MEASURED IN LB",19,ALL PRODUCTION PRACTICES,,,"CHEMICAL, HERBICIDE: (S-METOLACHLOR = 108800)",IOWA,SURVEY,,,,ALL UTILIZATION PRACTICES,ALL CLASSES,2002-06-11 10:11:36.000,UNITED STATES,,IOWA,"2,415,000",LB,,2002,19,ENVIRONMENTAL,00,,YEAR,IA,,CORN,STATE,FIELD CROPS,00,,ANNUAL,"CHEMICAL, HERBICIDE",9000,00000000
APPLICATIONS,,"CORN - APPLICATIONS, MEASURED IN LB",19,ALL PRODUCTION PRACTICES,,,"CHEMICAL, HERBICIDE: (S-METOLACHLOR = 108800)",IOWA,SURVEY,,,,ALL UTILIZATION PRACTICES,ALL CLASSES,2001-06-11 10:11:36.000,UNITED STATES,,IOWA,"2,769,000",LB,,2001,19,ENVIRONMENTAL,00,,YEAR,IA,,CORN,STATE,FIELD CROPS,00,,ANNUAL,"CHEMICAL, HERBICIDE",9000,00000000
APPLICATIONS,,"CORN - APPLICATIONS, MEASURED IN LB",19,ALL PRODUCTION PRACTICES,,,"CHEMICAL, HERBICIDE: (S-METOLACHLOR = 108800)",IOWA,SURVEY,,,,ALL UTILIZATION PRACTICES,ALL CLASSES,2000-06-11 10:11:36.000,UNITED STATES,,IOWA,"541,000",LB,,2000,19,ENVIRONMENTAL,00,,YEAR,IA,,CORN,STATE,FIELD CROPS,00,,ANNUAL,"CHEMICAL, HERBICIDE",9000,00000000
APPLICATIONS,,"CORN - APPLICATIONS, MEASURED IN LB",19,ALL PRODUCTION PRACTICES,,,"CHEMICAL, HERBICIDE: (SAFLUFENACIL = 118203)",IOWA,SURVEY,,,,ALL UTILIZATION PRACTICES,ALL CLASSES,2021-05-13 15:00:30.000,UNITED STATES,,IOWA,                 (D),LB,,2021,19,ENVIRONMENTAL,00,,YEAR,IA,,CORN,STATE,FIELD CROPS,00,,ANNUAL,"CHEMICAL, HERBICIDE",9000,00000000
APPLICATIONS,,"CORN - APPLICATIONS, MEASURED IN LB",19,ALL PRODUCTION PRACTICES,,,"CHEMICAL, HERBICIDE: (SAFLUFENACIL = 118203)",IOWA,SURVEY,,,,ALL UTILIZATION PRACTICES,ALL CLASSES,2018-05-10 15:16:25.000,UNITED STATES,,IOWA,"44,000",LB,,2018,19,ENVIRONMENTAL,00,,YEAR,IA,,CORN,STATE,FIELD CROPS,00,,ANNUAL,"CHEMICAL, HERBICIDE",9000,00000000
APPLICATIONS,,"CORN - APPLICATIONS, MEASURED IN LB",19,ALL PRODUCTION PRACTICES,,,"CHEMICAL, HERBICIDE: (SAFLUFENACIL = 118203)",IOWA,SURVEY,,,,ALL UTILIZATION PRACTICES,ALL CLASSES,2016-08-31 14:19:39.000,UNITED STATES,,IOWA,                 (D),LB,,2016,19,ENVIRONMENTAL,00,,YEAR,IA,,CORN,STATE,FIELD CROPS,00,,ANNUAL,"CHEMICAL, HERBICIDE",9000,00000000
APPLICATIONS,,"CORN - APPLICATIONS, MEASURED IN LB",19,ALL PRODUCTION PRACTICES,,,"CHEMICAL, HERBICIDE: (SAFLUFENACIL = 118203)",IOWA,SURVEY,,,,ALL UTILIZATION PRACTICES,ALL CLASSES,2014-05-14 15:12:54.000,UNITED STATES,,IOWA,"34,000",LB,,2014,19,ENVIRONMENTAL,00,,YEAR,IA,,CORN,STATE,FIELD CROPS,00,,ANNUAL,"CHEMICAL, HERBICIDE",9000,00000000
APPLICATIONS,,"CORN - APPLICATIONS, MEASURED IN LB",19,ALL PRODUCTION PRACTICES,,,"CHEMICAL, HERBICIDE: (SAFLUFENACIL = 118203)",IOWA,SURVEY,,,,ALL UTILIZATION PRACTICES,ALL CLASSES,2012-01-01 00:00:00.000,UNITED STATES,,IOWA,                 (D),LB,,2010,19,ENVIRONMENTAL,00,,YEAR,IA,,CORN,STATE,FIELD CROPS,00,,ANNUAL,"CHEMICAL, HERBICIDE",9000,00000000
APPLICATIONS,,"CORN - APPLICATIONS, MEASURED IN LB",19,ALL PRODUCTION PRACTICES,,,"CHEMICAL, HERBICIDE: (SIMAZINE = 80807)",IOWA,SURVEY,,,,ALL UTILIZATION PRACTICES,ALL CLASSES,2014-05-14 15:12:54.000,UNITED STATES,,IOWA,                 (D),LB,,2014,19,ENVIRONMENTAL,00,,YEAR,IA,,CORN,STATE,FIELD CROPS,00,,ANNUAL,"CHEMICAL, HERBICIDE",9000,00000000
APPLICATIONS,,"CORN - APPLICATIONS, MEASURED IN LB",19,ALL PRODUCTION PRACTICES,,,"CHEMICAL, HERBICIDE: (SULFENTRAZONE = 129081)",IOWA,SURVEY,,,,ALL UTILIZATION PRACTICES,ALL CLASSES,2018-05-10 15:16:25.000,UNITED STATES,,IOWA,                 (D),LB,,2018,19,ENVIRONMENTAL,00,,YEAR,IA,,CORN,STATE,FIELD CROPS,00,,ANNUAL,"CHEMICAL, HERBICIDE",9000,00000000
APPLICATIONS,,"CORN - APPLICATIONS, MEASURED IN LB",19,ALL PRODUCTION PRACTICES,,,"CHEMICAL, HERBICIDE: (SULFENTRAZONE = 129081)",IOWA,SURVEY,,,,ALL UTILIZATION PRACTICES,ALL CLASSES,2014-05-14 15:12:54.000,UNITED STATES,,IOWA,                 (D),LB,,2014,19,ENVIRONMENTAL,00,,YEAR,IA,,CORN,STATE,FIELD CROPS,00,,ANNUAL,"CHEMICAL, HERBICIDE",9000,00000000
APPLICATIONS,,"CORN - APPLICATIONS, MEASURED IN LB",19,ALL PRODUCTION PRACTICES,,,"CHEMICAL, HERBICIDE: (SULFENTRAZONE = 129081)",IOWA,SURVEY,,,,ALL UTILIZATION PRACTICES,ALL CLASSES,2012-01-01 00:00:00.000,UNITED STATES,,IOWA,                 (D),LB,,2010,19,ENVIRONMENTAL,00,,YEAR,IA,,CORN,STATE,FIELD CROPS,00,,ANNUAL,"CHEMICAL, HERBICIDE",9000,00000000
APPLICATIONS,,"CORN - APPLICATIONS, MEASURED IN LB",19,ALL PRODUCTION PRACTICES,,,"CHEMICAL, HERBICIDE: (TEMBOTRIONE = 12801)",IOWA,SURVEY,,,,ALL UTILIZATION PRACTICES,ALL CLASSES,2021-05-13 15:00:30.000,UNITED STATES,,IOWA,"71,000",LB,,2021,19,ENVIRONMENTAL,00,,YEAR,IA,,CORN,STATE,FIELD CROPS,00,,ANNUAL,"CHEMICAL, HERBICIDE",9000,00000000
APPLICATIONS,,"CORN - APPLICATIONS, MEASURED IN LB",19,ALL PRODUCTION PRACTICES,,,"CHEMICAL, HERBICIDE: (TEMBOTRIONE = 12801)",IOWA,SURVEY,,,,ALL UTILIZATION PRACTICES,ALL CLASSES,2018-05-10 15:16:25.000,UNITED STATES,,IOWA,"44,000",LB,,2018,19,ENVIRONMENTAL,00,,YEAR,IA,,CORN,STATE,FIELD CROPS,00,,ANNUAL,"CHEMICAL, HERBICIDE",9000,00000000
APPLICATIONS,,"CORN - APPLICATIONS, MEASURED IN LB",19,ALL PRODUCTION PRACTICES,,,"CHEMICAL, HERBICIDE: (TEMBOTRIONE = 12801)",IOWA,SURVEY,,,,ALL UTILIZATION PRACTICES,ALL CLASSES,2016-08-31 14:19:39.000,UNITED STATES,,IOWA,"44,000",LB,,2016,19,ENVIRONMENTAL,00,,YEAR,IA,,CORN,STATE,FIELD CROPS,00,,ANNUAL,"CHEMICAL, HERBICIDE",9000,00000000
APPLICATIONS,,"CORN - APPLICATIONS, MEASURED IN LB",19,ALL PRODUCTION PRACTICES,,,"CHEMICAL, HERBICIDE: (TEMBOTRIONE = 12801)",IOWA,SURVEY,,,,ALL UTILIZATION PRACTICES,ALL CLASSES,2014-05-14 15:12:54.000,UNITED STATES,,IOWA,"53,000",LB,,2014,19,ENVIRONMENTAL,00,,YEAR,IA,,CORN,STATE,FIELD CROPS,00,,ANNUAL,"CHEMICAL, HERBICIDE",9000,00000000
APPLICATIONS,,"CORN - APPLICATIONS, MEASURED IN LB",19,ALL PRODUCTION PRACTICES,,,"CHEMICAL, HERBICIDE: (TEMBOTRIONE = 12801)",IOWA,SURVEY,,,,ALL UTILIZATION PRACTICES,ALL CLASSES,2012-01-01 00:00:00.000,UNITED STATES,,IOWA,"23,000",LB,,2010,19,ENVIRONMENTAL,00,,YEAR,IA,,CORN,STATE,FIELD CROPS,00,,ANNUAL,"CHEMICAL, HERBICIDE",9000,00000000
APPLICATIONS,,"CORN - APPLICATIONS, MEASURED IN LB",19,ALL PRODUCTION PRACTICES,,,"CHEMICAL, HERBICIDE: (THIENCARBAZONE-METHY = 15804)",IOWA,SURVEY,,,,ALL UTILIZATION PRACTICES,ALL CLASSES,2021-05-13 15:00:30.000,UNITED STATES,,IOWA,                 (D),LB,,2021,19,ENVIRONMENTAL,00,,YEAR,IA,,CORN,STATE,FIELD CROPS,00,,ANNUAL,"CHEMICAL, HERBICIDE",9000,00000000
APPLICATIONS,,"CORN - APPLICATIONS, MEASURED IN LB",19,ALL PRODUCTION PRACTICES,,,"CHEMICAL, HERBICIDE: (THIENCARBAZONE-METHY = 15804)",IOWA,SURVEY,,,,ALL UTILIZATION PRACTICES,ALL CLASSES,2018-05-10 15:16:25.000,UNITED STATES,,IOWA,"25,000",LB,,2018,19,ENVIRONMENTAL,00,,YEAR,IA,,CORN,STATE,FIELD CROPS,00,,ANNUAL,"CHEMICAL, HERBICIDE",9000,00000000
APPLICATIONS,,"CORN - APPLICATIONS, MEASURED IN LB",19,ALL PRODUCTION PRACTICES,,,"CHEMICAL, HERBICIDE: (THIENCARBAZONE-METHY = 15804)",IOWA,SURVEY,,,,ALL UTILIZATION PRACTICES,ALL CLASSES,2016-08-31 14:19:39.000,UNITED STATES,,IOWA,"19,000",LB,,2016,19,ENVIRONMENTAL,00,,YEAR,IA,,CORN,STATE,FIELD CROPS,00,,ANNUAL,"CHEMICAL, HERBICIDE",9000,00000000
APPLICATIONS,,"CORN - APPLICATIONS, MEASURED IN LB",19,ALL PRODUCTION PRACTICES,,,"CHEMICAL, HERBICIDE: (THIENCARBAZONE-METHY = 15804)",IOWA,SURVEY,,,,ALL UTILIZATION PRACTICES,ALL CLASSES,2014-05-14 15:12:54.000,UNITED STATES,,IOWA,"34,000",LB,,2014,19,ENVIRONMENTAL,00,,YEAR,IA,,CORN,STATE,FIELD CROPS,00,,ANNUAL,"CHEMICAL, HERBICIDE",9000,00000000
APPLICATIONS,,"CORN - APPLICATIONS, MEASURED IN LB",19,ALL PRODUCTION PRACTICES,,,"CHEMICAL, HERBICIDE: (THIENCARBAZONE-METHY = 15804)",IOWA,SURVEY,,,,ALL UTILIZATION PRACTICES,ALL CLASSES,2012-01-01 00:00:00.000,UNITED STATES,,IOWA,"14,000",LB,,2010,19,ENVIRONMENTAL,00,,YEAR,IA,,CORN,STATE,FIELD CROPS,00,,ANNUAL,"CHEMICAL, HERBICIDE",9000,00000000
APPLICATIONS,,"CORN - APPLICATIONS, MEASURED IN LB",19,ALL PRODUCTION PRACTICES,,,"CHEMICAL, HERBICIDE: (THIFENSULFURON = 128845)",IOWA,SURVEY,,,,ALL UTILIZATION PRACTICES,ALL CLASSES,2018-05-10 15:16:25.000,UNITED STATES,,IOWA,                 (D),LB,,2018,19,ENVIRONMENTAL,00,,YEAR,IA,,CORN,STATE,FIELD CROPS,00,,ANNUAL,"CHEMICAL, HERBICIDE",9000,00000000
APPLICATIONS,,"CORN - APPLICATIONS, MEASURED IN LB",19,ALL PRODUCTION PRACTICES,,,"CHEMICAL, HERBICIDE: (THIFENSULFURON = 128845)",IOWA,SURVEY,,,,ALL UTILIZATION PRACTICES,ALL CLASSES,2012-01-01 00:00:00.000,UNITED STATES,,IOWA,                 (D),LB,,2010,19,ENVIRONMENTAL,00,,YEAR,IA,,CORN,STATE,FIELD CROPS,00,,ANNUAL,"CHEMICAL, HERBICIDE",9000,00000000
APPLICATIONS,,"CORN - APPLICATIONS, MEASURED IN LB",19,ALL PRODUCTION PRACTICES,,,"CHEMICAL, HERBICIDE: (TOPRAMEZONE = 123009)",IOWA,SURVEY,,,,ALL UTILIZATION PRACTICES,ALL CLASSES,2021-05-13 15:00:30.000,UNITED STATES,,IOWA,                 (D),LB,,2021,19,ENVIRONMENTAL,00,,YEAR,IA,,CORN,STATE,FIELD CROPS,00,,ANNUAL,"CHEMICAL, HERBICIDE",9000,00000000
APPLICATIONS,,"CORN - APPLICATIONS, MEASURED IN LB",19,ALL PRODUCTION PRACTICES,,,"CHEMICAL, HERBICIDE: (TOPRAMEZONE = 123009)",IOWA,SURVEY,,,,ALL UTILIZATION PRACTICES,ALL CLASSES,2018-05-10 15:16:25.000,UNITED STATES,,IOWA,"33,000",LB,,2018,19,ENVIRONMENTAL,00,,YEAR,IA,,CORN,STATE,FIELD CROPS,00,,ANNUAL,"CHEMICAL, HERBICIDE",9000,00000000
APPLICATIONS,,"CORN - APPLICATIONS, MEASURED IN LB",19,ALL PRODUCTION PRACTICES,,,"CHEMICAL, HERBICIDE: (TOPRAMEZONE = 123009)",IOWA,SURVEY,,,,ALL UTILIZATION PRACTICES,ALL CLASSES,2016-08-31 14:19:39.000,UNITED STATES,,IOWA,"26,000",LB,,2016,19,ENVIRONMENTAL,00,,YEAR,IA,,CORN,STATE,FIELD CROPS,00,,ANNUAL,"CHEMICAL, HERBICIDE",9000,00000000
APPLICATIONS,,"CORN - APPLICATIONS, MEASURED IN LB",19,ALL PRODUCTION PRACTICES,,,"CHEMICAL, HERBICIDE: (TOPRAMEZONE = 123009)",IOWA,SURVEY,,,,ALL UTILIZATION PRACTICES,ALL CLASSES,2014-05-14 15:12:54.000,UNITED STATES,,IOWA,"15,000",LB,,2014,19,ENVIRONMENTAL,00,,YEAR,IA,,CORN,STATE,FIELD CROPS,00,,ANNUAL,"CHEMICAL, HERBICIDE",9000,00000000
APPLICATIONS,,"CORN - APPLICATIONS, MEASURED IN LB",19,ALL PRODUCTION PRACTICES,,,"CHEMICAL, HERBICIDE: (TOPRAMEZONE = 123009)",IOWA,SURVEY,,,,ALL UTILIZATION PRACTICES,ALL CLASSES,2012-01-01 00:00:00.000,UNITED STATES,,IOWA,                 (D),LB,,2010,19,ENVIRONMENTAL,00,,YEAR,IA,,CORN,STATE,FIELD CROPS,00,,ANNUAL,"CHEMICAL, HERBICIDE",9000,00000000
APPLICATIONS,,"CORN - APPLICATIONS, MEASURED IN LB",19,ALL PRODUCTION PRACTICES,,,"CHEMICAL, HERBICIDE: (TOTAL)",IOWA,SURVEY,,,,ALL UTILIZATION PRACTICES,ALL CLASSES,2021-05-13 15:00:30.000,UNITED STATES,,IOWA,"29,390,000",LB,,2021,19,ENVIRONMENTAL,00,,YEAR,IA,,CORN,STATE,FIELD CROPS,00,,ANNUAL,"CHEMICAL, HERBICIDE",9000,00000000
APPLICATIONS,,"CORN - APPLICATIONS, MEASURED IN LB",19,ALL PRODUCTION PRACTICES,,,"CHEMICAL, HERBICIDE: (TOTAL)",IOWA,SURVEY,,,,ALL UTILIZATION PRACTICES,ALL CLASSES,2018-05-10 15:16:25.000,UNITED STATES,,IOWA,"32,371,000",LB,,2018,19,ENVIRONMENTAL,00,,YEAR,IA,,CORN,STATE,FIELD CROPS,00,,ANNUAL,"CHEMICAL, HERBICIDE",9000,00000000
APPLICATIONS,,"CORN - APPLICATIONS, MEASURED IN LB",19,ALL PRODUCTION PRACTICES,,,"CHEMICAL, HERBICIDE: (TOTAL)",IOWA,SURVEY,,,,ALL UTILIZATION PRACTICES,ALL CLASSES,2016-08-31 14:19:39.000,UNITED STATES,,IOWA,"35,858,000",LB,,2016,19,ENVIRONMENTAL,00,,YEAR,IA,,CORN,STATE,FIELD CROPS,00,,ANNUAL,"CHEMICAL, HERBICIDE",9000,00000000
APPLICATIONS,,"CORN - APPLICATIONS, MEASURED IN LB",19,ALL PRODUCTION PRACTICES,,,"CHEMICAL, HERBICIDE: (TOTAL)",IOWA,SURVEY,,,,ALL UTILIZATION PRACTICES,ALL CLASSES,2014-05-14 15:12:54.000,UNITED STATES,,IOWA,"30,240,000",LB,,2014,19,ENVIRONMENTAL,00,,YEAR,IA,,CORN,STATE,FIELD CROPS,00,,ANNUAL,"CHEMICAL, HERBICIDE",9000,00000000
APPLICATIONS,,"CORN - APPLICATIONS, MEASURED IN LB",19,ALL PRODUCTION PRACTICES,,,"CHEMICAL, HERBICIDE: (TOTAL)",IOWA,SURVEY,,,,ALL UTILIZATION PRACTICES,ALL CLASSES,2012-01-01 00:00:00.000,UNITED STATES,,IOWA,"26,195,000",LB,,2010,19,ENVIRONMENTAL,00,,YEAR,IA,,CORN,STATE,FIELD CROPS,00,,ANNUAL,"CHEMICAL, HERBICIDE",9000,00000000
APPLICATIONS,,"CORN - APPLICATIONS, MEASURED IN LB",19,ALL PRODUCTION PRACTICES,,,"CHEMICAL, HERBICIDE: (TOTAL)",IOWA,SURVEY,,,,ALL UTILIZATION PRACTICES,ALL CLASSES,2005-06-11 10:11:36.000,UNITED STATES,,IOWA,"24,726,000",LB,,2005,19,ENVIRONMENTAL,00,,YEAR,IA,,CORN,STATE,FIELD CROPS,00,,ANNUAL,"CHEMICAL, HERBICIDE",9000,00000000
APPLICATIONS,,"CORN - APPLICATIONS, MEASURED IN LB",19,ALL PRODUCTION PRACTICES,,,"CHEMICAL, HERBICIDE: (TOTAL)",IOWA,SURVEY,,,,ALL UTILIZATION PRACTICES,ALL CLASSES,2003-06-11 10:11:36.000,UNITED STATES,,IOWA,"25,328,000",LB,,2003,19,ENVIRONMENTAL,00,,YEAR,IA,,CORN,STATE,FIELD CROPS,00,,ANNUAL,"CHEMICAL, HERBICIDE",9000,00000000
APPLICATIONS,,"CORN - APPLICATIONS, MEASURED IN LB",19,ALL PRODUCTION PRACTICES,,,"CHEMICAL, HERBICIDE: (TOTAL)",IOWA,SURVEY,,,,ALL UTILIZATION PRACTICES,ALL CLASSES,2002-06-11 10:11:36.000,UNITED STATES,,IOWA,"22,485,000",LB,,2002,19,ENVIRONMENTAL,00,,YEAR,IA,,CORN,STATE,FIELD CROPS,00,,ANNUAL,"CHEMICAL, HERBICIDE",9000,00000000
APPLICATIONS,,"CORN - APPLICATIONS, MEASURED IN LB",19,ALL PRODUCTION PRACTICES,,,"CHEMICAL, HERBICIDE: (TOTAL)",IOWA,SURVEY,,,,ALL UTILIZATION PRACTICES,ALL CLASSES,2001-06-11 10:11:36.000,UNITED STATES,,IOWA,"20,627,000",LB,,2001,19,ENVIRONMENTAL,00,,YEAR,IA,,CORN,STATE,FIELD CROPS,00,,ANNUAL,"CHEMICAL, HERBICIDE",9000,00000000
APPLICATIONS,,"CORN - APPLICATIONS, MEASURED IN LB",19,ALL PRODUCTION PRACTICES,,,"CHEMICAL, HERBICIDE: (TOTAL)",IOWA,SURVEY,,,,ALL UTILIZATION PRACTICES,ALL CLASSES,2000-06-11 10:11:36.000,UNITED STATES,,IOWA,"24,518,000",LB,,2000,19,ENVIRONMENTAL,00,,YEAR,IA,,CORN,STATE,FIELD CROPS,00,,ANNUAL,"CHEMICAL, HERBICIDE",9000,00000000
APPLICATIONS,,"CORN - APPLICATIONS, MEASURED IN LB",19,ALL PRODUCTION PRACTICES,,,"CHEMICAL, HERBICIDE: (TRIBENURON-METHYL = 128887)",IOWA,SURVEY,,,,ALL UTILIZATION PRACTICES,ALL CLASSES,2018-05-10 15:16:25.000,UNITED STATES,,IOWA,                 (D),LB,,2018,19,ENVIRONMENTAL,00,,YEAR,IA,,CORN,STATE,FIELD CROPS,00,,ANNUAL,"CHEMICAL, HERBICIDE",9000,00000000
APPLICATIONS,,"CORN - APPLICATIONS, MEASURED IN LB",19,ALL PRODUCTION PRACTICES,,,"CHEMICAL, HERBICIDE: (TRIFLURALIN = 36101)",IOWA,SURVEY,,,,ALL UTILIZATION PRACTICES,ALL CLASSES,2018-05-10 15:16:25.000,UNITED STATES,,IOWA,                 (D),LB,,2018,19,ENVIRONMENTAL,00,,YEAR,IA,,CORN,STATE,FIELD CROPS,00,,ANNUAL,"CHEMICAL, HERBICIDE",9000,00000000
APPLICATIONS,,"CORN - APPLICATIONS, MEASURED IN LB",19,ALL PRODUCTION PRACTICES,,,"CHEMICAL, HERBICIDE: (TRIFLURALIN = 36101)",IOWA,SURVEY,,,,ALL UTILIZATION PRACTICES,ALL CLASSES,2014-05-14 15:12:54.000,UNITED STATES,,IOWA,                 (D),LB,,2014,19,ENVIRONMENTAL,00,,YEAR,IA,,CORN,STATE,FIELD CROPS,00,,ANNUAL,"CHEMICAL, HERBICIDE",9000,00000000
APPLICATIONS,,"CORN - APPLICATIONS, MEASURED IN LB",19,ALL PRODUCTION PRACTICES,,,"CHEMICAL, HERBICIDE: (TRIFLURALIN = 36101)",IOWA,SURVEY,,,,ALL UTILIZATION PRACTICES,ALL CLASSES,2012-01-01 00:00:00.000,UNITED STATES,,IOWA,                 (D),LB,,2010,19,ENVIRONMENTAL,00,,YEAR,IA,,CORN,STATE,FIELD CROPS,00,,ANNUAL,"CHEMICAL, HERBICIDE",9000,00000000
APPLICATIONS,,"CORN - APPLICATIONS, MEASURED IN LB",19,ALL PRODUCTION PRACTICES,,,"CHEMICAL, INSECTICIDE: (BETA-CYFLUTHRIN = 118831)",IOWA,SURVEY,,,,ALL UTILIZATION PRACTICES,ALL CLASSES,2014-05-14 15:12:54.000,UNITED STATES,,IOWA,                 (D),LB,,2014,19,ENVIRONMENTAL,00,,YEAR,IA,,CORN,STATE,FIELD CROPS,00,,ANNUAL,"CHEMICAL, INSECTICIDE",9000,00000000
APPLICATIONS,,"CORN - APPLICATIONS, MEASURED IN LB",19,ALL PRODUCTION PRACTICES,,,"CHEMICAL, INSECTICIDE: (BIFENTHRIN = 128825)",IOWA,SURVEY,,,,ALL UTILIZATION PRACTICES,ALL CLASSES,2021-05-13 15:00:30.000,UNITED STATES,,IOWA,"58,000",LB,,2021,19,ENVIRONMENTAL,00,,YEAR,IA,,CORN,STATE,FIELD CROPS,00,,ANNUAL,"CHEMICAL, INSECTICIDE",9000,00000000
APPLICATIONS,,"CORN - APPLICATIONS, MEASURED IN LB",19,ALL PRODUCTION PRACTICES,,,"CHEMICAL, INSECTICIDE: (BIFENTHRIN = 128825)",IOWA,SURVEY,,,,ALL UTILIZATION PRACTICES,ALL CLASSES,2018-05-10 15:16:25.000,UNITED STATES,,IOWA,"147,000",LB,,2018,19,ENVIRONMENTAL,00,,YEAR,IA,,CORN,STATE,FIELD CROPS,00,,ANNUAL,"CHEMICAL, INSECTICIDE",9000,00000000
APPLICATIONS,,"CORN - APPLICATIONS, MEASURED IN LB",19,ALL PRODUCTION PRACTICES,,,"CHEMICAL, INSECTICIDE: (BIFENTHRIN = 128825)",IOWA,SURVEY,,,,ALL UTILIZATION PRACTICES,ALL CLASSES,2016-08-31 14:19:39.000,UNITED STATES,,IOWA,"15,000",LB,,2016,19,ENVIRONMENTAL,00,,YEAR,IA,,CORN,STATE,FIELD CROPS,00,,ANNUAL,"CHEMICAL, INSECTICIDE",9000,00000000
APPLICATIONS,,"CORN - APPLICATIONS, MEASURED IN LB",19,ALL PRODUCTION PRACTICES,,,"CHEMICAL, INSECTICIDE: (BIFENTHRIN = 128825)",IOWA,SURVEY,,,,ALL UTILIZATION PRACTICES,ALL CLASSES,2014-05-14 15:12:54.000,UNITED STATES,,IOWA,"24,000",LB,,2014,19,ENVIRONMENTAL,00,,YEAR,IA,,CORN,STATE,FIELD CROPS,00,,ANNUAL,"CHEMICAL, INSECTICIDE",9000,00000000
APPLICATIONS,,"CORN - APPLICATIONS, MEASURED IN LB",19,ALL PRODUCTION PRACTICES,,,"CHEMICAL, INSECTICIDE: (BIFENTHRIN = 128825)",IOWA,SURVEY,,,,ALL UTILIZATION PRACTICES,ALL CLASSES,2012-01-01 00:00:00.000,UNITED STATES,,IOWA,                 (D),LB,,2010,19,ENVIRONMENTAL,00,,YEAR,IA,,CORN,STATE,FIELD CROPS,00,,ANNUAL,"CHEMICAL, INSECTICIDE",9000,00000000
APPLICATIONS,,"CORN - APPLICATIONS, MEASURED IN LB",19,ALL PRODUCTION PRACTICES,,,"CHEMICAL, INSECTICIDE: (BIFENTHRIN = 128825)",IOWA,SURVEY,,,,ALL UTILIZATION PRACTICES,ALL CLASSES,2002-06-11 10:11:36.000,UNITED STATES,,IOWA,"21,000",LB,,2002,19,ENVIRONMENTAL,00,,YEAR,IA,,CORN,STATE,FIELD CROPS,00,,ANNUAL,"CHEMICAL, INSECTICIDE",9000,00000000
APPLICATIONS,,"CORN - APPLICATIONS, MEASURED IN LB",19,ALL PRODUCTION PRACTICES,,,"CHEMICAL, INSECTICIDE: (CHLORETHOXYFOS = 129006)",IOWA,SURVEY,,,,ALL UTILIZATION PRACTICES,ALL CLASSES,2014-05-14 15:12:54.000,UNITED STATES,,IOWA,                 (D),LB,,2014,19,ENVIRONMENTAL,00,,YEAR,IA,,CORN,STATE,FIELD CROPS,00,,ANNUAL,"CHEMICAL, INSECTICIDE",9000,00000000
APPLICATIONS,,"CORN - APPLICATIONS, MEASURED IN LB",19,ALL PRODUCTION PRACTICES,,,"CHEMICAL, INSECTICIDE: (CHLORETHOXYFOS = 129006)",IOWA,SURVEY,,,,ALL UTILIZATION PRACTICES,ALL CLASSES,2012-01-01 00:00:00.000,UNITED STATES,,IOWA,                 (D),LB,,2010,19,ENVIRONMENTAL,00,,YEAR,IA,,CORN,STATE,FIELD CROPS,00,,ANNUAL,"CHEMICAL, INSECTICIDE",9000,00000000
APPLICATIONS,,"CORN - APPLICATIONS, MEASURED IN LB",19,ALL PRODUCTION PRACTICES,,,"CHEMICAL, INSECTICIDE: (CHLORPYRIFOS = 59101)",IOWA,SURVEY,,,,ALL UTILIZATION PRACTICES,ALL CLASSES,2021-05-13 15:00:30.000,UNITED STATES,,IOWA,                 (D),LB,,2021,19,ENVIRONMENTAL,00,,YEAR,IA,,CORN,STATE,FIELD CROPS,00,,ANNUAL,"CHEMICAL, INSECTICIDE",9000,00000000
APPLICATIONS,,"CORN - APPLICATIONS, MEASURED IN LB",19,ALL PRODUCTION PRACTICES,,,"CHEMICAL, INSECTICIDE: (CHLORPYRIFOS = 59101)",IOWA,SURVEY,,,,ALL UTILIZATION PRACTICES,ALL CLASSES,2018-05-10 15:16:25.000,UNITED STATES,,IOWA,                 (D),LB,,2018,19,ENVIRONMENTAL,00,,YEAR,IA,,CORN,STATE,FIELD CROPS,00,,ANNUAL,"CHEMICAL, INSECTICIDE",9000,00000000
APPLICATIONS,,"CORN - APPLICATIONS, MEASURED IN LB",19,ALL PRODUCTION PRACTICES,,,"CHEMICAL, INSECTICIDE: (CHLORPYRIFOS = 59101)",IOWA,SURVEY,,,,ALL UTILIZATION PRACTICES,ALL CLASSES,2016-08-31 14:19:39.000,UNITED STATES,,IOWA,                 (D),LB,,2016,19,ENVIRONMENTAL,00,,YEAR,IA,,CORN,STATE,FIELD CROPS,00,,ANNUAL,"CHEMICAL, INSECTICIDE",9000,00000000
APPLICATIONS,,"CORN - APPLICATIONS, MEASURED IN LB",19,ALL PRODUCTION PRACTICES,,,"CHEMICAL, INSECTICIDE: (CHLORPYRIFOS = 59101)",IOWA,SURVEY,,,,ALL UTILIZATION PRACTICES,ALL CLASSES,2014-05-14 15:12:54.000,UNITED STATES,,IOWA,                 (D),LB,,2014,19,ENVIRONMENTAL,00,,YEAR,IA,,CORN,STATE,FIELD CROPS,00,,ANNUAL,"CHEMICAL, INSECTICIDE",9000,00000000
APPLICATIONS,,"CORN - APPLICATIONS, MEASURED IN LB",19,ALL PRODUCTION PRACTICES,,,"CHEMICAL, INSECTICIDE: (CHLORPYRIFOS = 59101)",IOWA,SURVEY,,,,ALL UTILIZATION PRACTICES,ALL CLASSES,2012-01-01 00:00:00.000,UNITED STATES,,IOWA,                 (D),LB,,2010,19,ENVIRONMENTAL,00,,YEAR,IA,,CORN,STATE,FIELD CROPS,00,,ANNUAL,"CHEMICAL, INSECTICIDE",9000,00000000
APPLICATIONS,,"CORN - APPLICATIONS, MEASURED IN LB",19,ALL PRODUCTION PRACTICES,,,"CHEMICAL, INSECTICIDE: (CHLORPYRIFOS = 59101)",IOWA,SURVEY,,,,ALL UTILIZATION PRACTICES,ALL CLASSES,2003-06-11 10:11:36.000,UNITED STATES,,IOWA,"366,000",LB,,2003,19,ENVIRONMENTAL,00,,YEAR,IA,,CORN,STATE,FIELD CROPS,00,,ANNUAL,"CHEMICAL, INSECTICIDE",9000,00000000
APPLICATIONS,,"CORN - APPLICATIONS, MEASURED IN LB",19,ALL PRODUCTION PRACTICES,,,"CHEMICAL, INSECTICIDE: (CHLORPYRIFOS = 59101)",IOWA,SURVEY,,,,ALL UTILIZATION PRACTICES,ALL CLASSES,2002-06-11 10:11:36.000,UNITED STATES,,IOWA,"286,000",LB,,2002,19,ENVIRONMENTAL,00,,YEAR,IA,,CORN,STATE,FIELD CROPS,00,,ANNUAL,"CHEMICAL, INSECTICIDE",9000,00000000
APPLICATIONS,,"CORN - APPLICATIONS, MEASURED IN LB",19,ALL PRODUCTION PRACTICES,,,"CHEMICAL, INSECTICIDE: (CHLORPYRIFOS = 59101)",IOWA,SURVEY,,,,ALL UTILIZATION PRACTICES,ALL CLASSES,2000-06-11 10:11:36.000,UNITED STATES,,IOWA,"340,000",LB,,2000,19,ENVIRONMENTAL,00,,YEAR,IA,,CORN,STATE,FIELD CROPS,00,,ANNUAL,"CHEMICAL, INSECTICIDE",9000,00000000
APPLICATIONS,,"CORN - APPLICATIONS, MEASURED IN LB",19,ALL PRODUCTION PRACTICES,,,"CHEMICAL, INSECTICIDE: (CYFLUTHRIN = 128831)",IOWA,SURVEY,,,,ALL UTILIZATION PRACTICES,ALL CLASSES,2021-05-13 15:00:30.000,UNITED STATES,,IOWA,                 (D),LB,,2021,19,ENVIRONMENTAL,00,,YEAR,IA,,CORN,STATE,FIELD CROPS,00,,ANNUAL,"CHEMICAL, INSECTICIDE",9000,00000000
APPLICATIONS,,"CORN - APPLICATIONS, MEASURED IN LB",19,ALL PRODUCTION PRACTICES,,,"CHEMICAL, INSECTICIDE: (CYFLUTHRIN = 128831)",IOWA,SURVEY,,,,ALL UTILIZATION PRACTICES,ALL CLASSES,2018-05-10 15:16:25.000,UNITED STATES,,IOWA,                 (D),LB,,2018,19,ENVIRONMENTAL,00,,YEAR,IA,,CORN,STATE,FIELD CROPS,00,,ANNUAL,"CHEMICAL, INSECTICIDE",9000,00000000
APPLICATIONS,,"CORN - APPLICATIONS, MEASURED IN LB",19,ALL PRODUCTION PRACTICES,,,"CHEMICAL, INSECTICIDE: (CYFLUTHRIN = 128831)",IOWA,SURVEY,,,,ALL UTILIZATION PRACTICES,ALL CLASSES,2016-08-31 14:19:39.000,UNITED STATES,,IOWA,"3,000",LB,,2016,19,ENVIRONMENTAL,00,,YEAR,IA,,CORN,STATE,FIELD CROPS,00,,ANNUAL,"CHEMICAL, INSECTICIDE",9000,00000000
APPLICATIONS,,"CORN - APPLICATIONS, MEASURED IN LB",19,ALL PRODUCTION PRACTICES,,,"CHEMICAL, INSECTICIDE: (CYFLUTHRIN = 128831)",IOWA,SURVEY,,,,ALL UTILIZATION PRACTICES,ALL CLASSES,2014-05-14 15:12:54.000,UNITED STATES,,IOWA,                 (Z),LB,,2014,19,ENVIRONMENTAL,00,,YEAR,IA,,CORN,STATE,FIELD CROPS,00,,ANNUAL,"CHEMICAL, INSECTICIDE",9000,00000000
APPLICATIONS,,"CORN - APPLICATIONS, MEASURED IN LB",19,ALL PRODUCTION PRACTICES,,,"CHEMICAL, INSECTICIDE: (CYFLUTHRIN = 128831)",IOWA,SURVEY,,,,ALL UTILIZATION PRACTICES,ALL CLASSES,2012-01-01 00:00:00.000,UNITED STATES,,IOWA,"2,000",LB,,2010,19,ENVIRONMENTAL,00,,YEAR,IA,,CORN,STATE,FIELD CROPS,00,,ANNUAL,"CHEMICAL, INSECTICIDE",9000,00000000
APPLICATIONS,,"CORN - APPLICATIONS, MEASURED IN LB",19,ALL PRODUCTION PRACTICES,,,"CHEMICAL, INSECTICIDE: (CYFLUTHRIN = 128831)",IOWA,SURVEY,,,,ALL UTILIZATION PRACTICES,ALL CLASSES,2005-06-11 10:11:36.000,UNITED STATES,,IOWA,"4,000",LB,,2005,19,ENVIRONMENTAL,00,,YEAR,IA,,CORN,STATE,FIELD CROPS,00,,ANNUAL,"CHEMICAL, INSECTICIDE",9000,00000000
APPLICATIONS,,"CORN - APPLICATIONS, MEASURED IN LB",19,ALL PRODUCTION PRACTICES,,,"CHEMICAL, INSECTICIDE: (CYFLUTHRIN = 128831)",IOWA,SURVEY,,,,ALL UTILIZATION PRACTICES,ALL CLASSES,2003-06-11 10:11:36.000,UNITED STATES,,IOWA,"3,000",LB,,2003,19,ENVIRONMENTAL,00,,YEAR,IA,,CORN,STATE,FIELD CROPS,00,,ANNUAL,"CHEMICAL, INSECTICIDE",9000,00000000
APPLICATIONS,,"CORN - APPLICATIONS, MEASURED IN LB",19,ALL PRODUCTION PRACTICES,,,"CHEMICAL, INSECTICIDE: (CYFLUTHRIN = 128831)",IOWA,SURVEY,,,,ALL UTILIZATION PRACTICES,ALL CLASSES,2000-06-11 10:11:36.000,UNITED STATES,,IOWA,"4,000",LB,,2000,19,ENVIRONMENTAL,00,,YEAR,IA,,CORN,STATE,FIELD CROPS,00,,ANNUAL,"CHEMICAL, INSECTICIDE",9000,00000000
APPLICATIONS,,"CORN - APPLICATIONS, MEASURED IN LB",19,ALL PRODUCTION PRACTICES,,,"CHEMICAL, INSECTICIDE: (ESFENVALERATE = 109303)",IOWA,SURVEY,,,,ALL UTILIZATION PRACTICES,ALL CLASSES,2014-05-14 15:12:54.000,UNITED STATES,,IOWA,                 (D),LB,,2014,19,ENVIRONMENTAL,00,,YEAR,IA,,CORN,STATE,FIELD CROPS,00,,ANNUAL,"CHEMICAL, INSECTICIDE",9000,00000000
APPLICATIONS,,"CORN - APPLICATIONS, MEASURED IN LB",19,ALL PRODUCTION PRACTICES,,,"CHEMICAL, INSECTICIDE: (GAMMA-CYHALOTHRIN = 128807)",IOWA,SURVEY,,,,ALL UTILIZATION PRACTICES,ALL CLASSES,2016-08-31 14:19:39.000,UNITED STATES,,IOWA,                 (D),LB,,2016,19,ENVIRONMENTAL,00,,YEAR,IA,,CORN,STATE,FIELD CROPS,00,,ANNUAL,"CHEMICAL, INSECTICIDE",9000,00000000
APPLICATIONS,,"CORN - APPLICATIONS, MEASURED IN LB",19,ALL PRODUCTION PRACTICES,,,"CHEMICAL, INSECTICIDE: (GAMMA-CYHALOTHRIN = 128807)",IOWA,SURVEY,,,,ALL UTILIZATION PRACTICES,ALL CLASSES,2014-05-14 15:12:54.000,UNITED STATES,,IOWA,                 (D),LB,,2014,19,ENVIRONMENTAL,00,,YEAR,IA,,CORN,STATE,FIELD CROPS,00,,ANNUAL,"CHEMICAL, INSECTICIDE",9000,00000000
APPLICATIONS,,"CORN - APPLICATIONS, MEASURED IN LB",19,ALL PRODUCTION PRACTICES,,,"CHEMICAL, INSECTICIDE: (GAMMA-CYHALOTHRIN = 128807)",IOWA,SURVEY,,,,ALL UTILIZATION PRACTICES,ALL CLASSES,2012-01-01 00:00:00.000,UNITED STATES,,IOWA,                 (D),LB,,2010,19,ENVIRONMENTAL,00,,YEAR,IA,,CORN,STATE,FIELD CROPS,00,,ANNUAL,"CHEMICAL, INSECTICIDE",9000,00000000
APPLICATIONS,,"CORN - APPLICATIONS, MEASURED IN LB",19,ALL PRODUCTION PRACTICES,,,"CHEMICAL, INSECTICIDE: (LAMBDA-CYHALOTHRIN = 128897)",IOWA,SURVEY,,,,ALL UTILIZATION PRACTICES,ALL CLASSES,2021-05-13 15:00:30.000,UNITED STATES,,IOWA,                 (D),LB,,2021,19,ENVIRONMENTAL,00,,YEAR,IA,,CORN,STATE,FIELD CROPS,00,,ANNUAL,"CHEMICAL, INSECTICIDE",9000,00000000
APPLICATIONS,,"CORN - APPLICATIONS, MEASURED IN LB",19,ALL PRODUCTION PRACTICES,,,"CHEMICAL, INSECTICIDE: (LAMBDA-CYHALOTHRIN = 128897)",IOWA,SURVEY,,,,ALL UTILIZATION PRACTICES,ALL CLASSES,2018-05-10 15:16:25.000,UNITED STATES,,IOWA,"10,000",LB,,2018,19,ENVIRONMENTAL,00,,YEAR,IA,,CORN,STATE,FIELD CROPS,00,,ANNUAL,"CHEMICAL, INSECTICIDE",9000,00000000
APPLICATIONS,,"CORN - APPLICATIONS, MEASURED IN LB",19,ALL PRODUCTION PRACTICES,,,"CHEMICAL, INSECTICIDE: (LAMBDA-CYHALOTHRIN = 128897)",IOWA,SURVEY,,,,ALL UTILIZATION PRACTICES,ALL CLASSES,2016-08-31 14:19:39.000,UNITED STATES,,IOWA,                 (D),LB,,2016,19,ENVIRONMENTAL,00,,YEAR,IA,,CORN,STATE,FIELD CROPS,00,,ANNUAL,"CHEMICAL, INSECTICIDE",9000,00000000
APPLICATIONS,,"CORN - APPLICATIONS, MEASURED IN LB",19,ALL PRODUCTION PRACTICES,,,"CHEMICAL, INSECTICIDE: (LAMBDA-CYHALOTHRIN = 128897)",IOWA,SURVEY,,,,ALL UTILIZATION PRACTICES,ALL CLASSES,2014-05-14 15:12:54.000,UNITED STATES,,IOWA,                 (D),LB,,2014,19,ENVIRONMENTAL,00,,YEAR,IA,,CORN,STATE,FIELD CROPS,00,,ANNUAL,"CHEMICAL, INSECTICIDE",9000,00000000
APPLICATIONS,,"CORN - APPLICATIONS, MEASURED IN LB",19,ALL PRODUCTION PRACTICES,,,"CHEMICAL, INSECTICIDE: (LAMBDA-CYHALOTHRIN = 128897)",IOWA,SURVEY,,,,ALL UTILIZATION PRACTICES,ALL CLASSES,2012-01-01 00:00:00.000,UNITED STATES,,IOWA,                 (D),LB,,2010,19,ENVIRONMENTAL,00,,YEAR,IA,,CORN,STATE,FIELD CROPS,00,,ANNUAL,"CHEMICAL, INSECTICIDE",9000,00000000
APPLICATIONS,,"CORN - APPLICATIONS, MEASURED IN LB",19,ALL PRODUCTION PRACTICES,,,"CHEMICAL, INSECTICIDE: (PERMETHRIN = 109701)",IOWA,SURVEY,,,,ALL UTILIZATION PRACTICES,ALL CLASSES,2016-08-31 14:19:39.000,UNITED STATES,,IOWA,                 (D),LB,,2016,19,ENVIRONMENTAL,00,,YEAR,IA,,CORN,STATE,FIELD CROPS,00,,ANNUAL,"CHEMICAL, INSECTICIDE",9000,00000000
APPLICATIONS,,"CORN - APPLICATIONS, MEASURED IN LB",19,ALL PRODUCTION PRACTICES,,,"CHEMICAL, INSECTICIDE: (PERMETHRIN = 109701)",IOWA,SURVEY,,,,ALL UTILIZATION PRACTICES,ALL CLASSES,2014-05-14 15:12:54.000,UNITED STATES,,IOWA,                 (D),LB,,2014,19,ENVIRONMENTAL,00,,YEAR,IA,,CORN,STATE,FIELD CROPS,00,,ANNUAL,"CHEMICAL, INSECTICIDE",9000,00000000
APPLICATIONS,,"CORN - APPLICATIONS, MEASURED IN LB",19,ALL PRODUCTION PRACTICES,,,"CHEMICAL, INSECTICIDE: (PERMETHRIN = 109701)",IOWA,SURVEY,,,,ALL UTILIZATION PRACTICES,ALL CLASSES,2000-06-11 10:11:36.000,UNITED STATES,,IOWA,"16,000",LB,,2000,19,ENVIRONMENTAL,00,,YEAR,IA,,CORN,STATE,FIELD CROPS,00,,ANNUAL,"CHEMICAL, INSECTICIDE",9000,00000000
APPLICATIONS,,"CORN - APPLICATIONS, MEASURED IN LB",19,ALL PRODUCTION PRACTICES,,,"CHEMICAL, INSECTICIDE: (SPINETORAM = 110007)",IOWA,SURVEY,,,,ALL UTILIZATION PRACTICES,ALL CLASSES,2018-05-10 15:16:25.000,UNITED STATES,,IOWA,                 (D),LB,,2018,19,ENVIRONMENTAL,00,,YEAR,IA,,CORN,STATE,FIELD CROPS,00,,ANNUAL,"CHEMICAL, INSECTICIDE",9000,00000000
APPLICATIONS,,"CORN - APPLICATIONS, MEASURED IN LB",19,ALL PRODUCTION PRACTICES,,,"CHEMICAL, INSECTICIDE: (SPINOSAD = 110003)",IOWA,SURVEY,,,,ALL UTILIZATION PRACTICES,ALL CLASSES,2014-05-14 15:12:54.000,UNITED STATES,,IOWA,                 (D),LB,,2014,19,ENVIRONMENTAL,00,,YEAR,IA,,CORN,STATE,FIELD CROPS,00,,ANNUAL,"CHEMICAL, INSECTICIDE",9000,00000000
APPLICATIONS,,"CORN - APPLICATIONS, MEASURED IN LB",19,ALL PRODUCTION PRACTICES,,,"CHEMICAL, INSECTICIDE: (TEBUPIRIMPHOS = 129086)",IOWA,SURVEY,,,,ALL UTILIZATION PRACTICES,ALL CLASSES,2021-05-13 15:00:30.000,UNITED STATES,,IOWA,                 (D),LB,,2021,19,ENVIRONMENTAL,00,,YEAR,IA,,CORN,STATE,FIELD CROPS,00,,ANNUAL,"CHEMICAL, INSECTICIDE",9000,00000000
APPLICATIONS,,"CORN - APPLICATIONS, MEASURED IN LB",19,ALL PRODUCTION PRACTICES,,,"CHEMICAL, INSECTICIDE: (TEBUPIRIMPHOS = 129086)",IOWA,SURVEY,,,,ALL UTILIZATION PRACTICES,ALL CLASSES,2018-05-10 15:16:25.000,UNITED STATES,,IOWA,                 (D),LB,,2018,19,ENVIRONMENTAL,00,,YEAR,IA,,CORN,STATE,FIELD CROPS,00,,ANNUAL,"CHEMICAL, INSECTICIDE",9000,00000000
APPLICATIONS,,"CORN - APPLICATIONS, MEASURED IN LB",19,ALL PRODUCTION PRACTICES,,,"CHEMICAL, INSECTICIDE: (TEBUPIRIMPHOS = 129086)",IOWA,SURVEY,,,,ALL UTILIZATION PRACTICES,ALL CLASSES,2016-08-31 14:19:39.000,UNITED STATES,,IOWA,"64,000",LB,,2016,19,ENVIRONMENTAL,00,,YEAR,IA,,CORN,STATE,FIELD CROPS,00,,ANNUAL,"CHEMICAL, INSECTICIDE",9000,00000000
APPLICATIONS,,"CORN - APPLICATIONS, MEASURED IN LB",19,ALL PRODUCTION PRACTICES,,,"CHEMICAL, INSECTICIDE: (TEBUPIRIMPHOS = 129086)",IOWA,SURVEY,,,,ALL UTILIZATION PRACTICES,ALL CLASSES,2014-05-14 15:12:54.000,UNITED STATES,,IOWA,"5,000",LB,,2014,19,ENVIRONMENTAL,00,,YEAR,IA,,CORN,STATE,FIELD CROPS,00,,ANNUAL,"CHEMICAL, INSECTICIDE",9000,00000000
APPLICATIONS,,"CORN - APPLICATIONS, MEASURED IN LB",19,ALL PRODUCTION PRACTICES,,,"CHEMICAL, INSECTICIDE: (TEBUPIRIMPHOS = 129086)",IOWA,SURVEY,,,,ALL UTILIZATION PRACTICES,ALL CLASSES,2012-01-01 00:00:00.000,UNITED STATES,,IOWA,"7,000",LB,,2010,19,ENVIRONMENTAL,00,,YEAR,IA,,CORN,STATE,FIELD CROPS,00,,ANNUAL,"CHEMICAL, INSECTICIDE",9000,00000000
APPLICATIONS,,"CORN - APPLICATIONS, MEASURED IN LB",19,ALL PRODUCTION PRACTICES,,,"CHEMICAL, INSECTICIDE: (TEBUPIRIMPHOS = 129086)",IOWA,SURVEY,,,,ALL UTILIZATION PRACTICES,ALL CLASSES,2005-06-11 10:11:36.000,UNITED STATES,,IOWA,"89,000",LB,,2005,19,ENVIRONMENTAL,00,,YEAR,IA,,CORN,STATE,FIELD CROPS,00,,ANNUAL,"CHEMICAL, INSECTICIDE",9000,00000000
APPLICATIONS,,"CORN - APPLICATIONS, MEASURED IN LB",19,ALL PRODUCTION PRACTICES,,,"CHEMICAL, INSECTICIDE: (TEBUPIRIMPHOS = 129086)",IOWA,SURVEY,,,,ALL UTILIZATION PRACTICES,ALL CLASSES,2003-06-11 10:11:36.000,UNITED STATES,,IOWA,"63,000",LB,,2003,19,ENVIRONMENTAL,00,,YEAR,IA,,CORN,STATE,FIELD CROPS,00,,ANNUAL,"CHEMICAL, INSECTICIDE",9000,00000000
APPLICATIONS,,"CORN - APPLICATIONS, MEASURED IN LB",19,ALL PRODUCTION PRACTICES,,,"CHEMICAL, INSECTICIDE: (TEBUPIRIMPHOS = 129086)",IOWA,SURVEY,,,,ALL UTILIZATION PRACTICES,ALL CLASSES,2000-06-11 10:11:36.000,UNITED STATES,,IOWA,"74,000",LB,,2000,19,ENVIRONMENTAL,00,,YEAR,IA,,CORN,STATE,FIELD CROPS,00,,ANNUAL,"CHEMICAL, INSECTICIDE",9000,00000000
APPLICATIONS,,"CORN - APPLICATIONS, MEASURED IN LB",19,ALL PRODUCTION PRACTICES,,,"CHEMICAL, INSECTICIDE: (TEFLUTHRIN = 128912)",IOWA,SURVEY,,,,ALL UTILIZATION PRACTICES,ALL CLASSES,2018-05-10 15:16:25.000,UNITED STATES,,IOWA,                 (D),LB,,2018,19,ENVIRONMENTAL,00,,YEAR,IA,,CORN,STATE,FIELD CROPS,00,,ANNUAL,"CHEMICAL, INSECTICIDE",9000,00000000
APPLICATIONS,,"CORN - APPLICATIONS, MEASURED IN LB",19,ALL PRODUCTION PRACTICES,,,"CHEMICAL, INSECTICIDE: (TEFLUTHRIN = 128912)",IOWA,SURVEY,,,,ALL UTILIZATION PRACTICES,ALL CLASSES,2016-08-31 14:19:39.000,UNITED STATES,,IOWA,                 (D),LB,,2016,19,ENVIRONMENTAL,00,,YEAR,IA,,CORN,STATE,FIELD CROPS,00,,ANNUAL,"CHEMICAL, INSECTICIDE",9000,00000000
APPLICATIONS,,"CORN - APPLICATIONS, MEASURED IN LB",19,ALL PRODUCTION PRACTICES,,,"CHEMICAL, INSECTICIDE: (TEFLUTHRIN = 128912)",IOWA,SURVEY,,,,ALL UTILIZATION PRACTICES,ALL CLASSES,2014-05-14 15:12:54.000,UNITED STATES,,IOWA,                 (D),LB,,2014,19,ENVIRONMENTAL,00,,YEAR,IA,,CORN,STATE,FIELD CROPS,00,,ANNUAL,"CHEMICAL, INSECTICIDE",9000,00000000
APPLICATIONS,,"CORN - APPLICATIONS, MEASURED IN LB",19,ALL PRODUCTION PRACTICES,,,"CHEMICAL, INSECTICIDE: (TEFLUTHRIN = 128912)",IOWA,SURVEY,,,,ALL UTILIZATION PRACTICES,ALL CLASSES,2005-06-11 10:11:36.000,UNITED STATES,,IOWA,"30,000",LB,,2005,19,ENVIRONMENTAL,00,,YEAR,IA,,CORN,STATE,FIELD CROPS,00,,ANNUAL,"CHEMICAL, INSECTICIDE",9000,00000000
APPLICATIONS,,"CORN - APPLICATIONS, MEASURED IN LB",19,ALL PRODUCTION PRACTICES,,,"CHEMICAL, INSECTICIDE: (TEFLUTHRIN = 128912)",IOWA,SURVEY,,,,ALL UTILIZATION PRACTICES,ALL CLASSES,2002-06-11 10:11:36.000,UNITED STATES,,IOWA,"28,000",LB,,2002,19,ENVIRONMENTAL,00,,YEAR,IA,,CORN,STATE,FIELD CROPS,00,,ANNUAL,"CHEMICAL, INSECTICIDE",9000,00000000
APPLICATIONS,,"CORN - APPLICATIONS, MEASURED IN LB",19,ALL PRODUCTION PRACTICES,,,"CHEMICAL, INSECTICIDE: (TERBUFOS = 105001)",IOWA,SURVEY,,,,ALL UTILIZATION PRACTICES,ALL CLASSES,2016-08-31 14:19:39.000,UNITED STATES,,IOWA,                 (D),LB,,2016,19,ENVIRONMENTAL,00,,YEAR,IA,,CORN,STATE,FIELD CROPS,00,,ANNUAL,"CHEMICAL, INSECTICIDE",9000,00000000
APPLICATIONS,,"CORN - APPLICATIONS, MEASURED IN LB",19,ALL PRODUCTION PRACTICES,,,"CHEMICAL, INSECTICIDE: (TERBUFOS = 105001)",IOWA,SURVEY,,,,ALL UTILIZATION PRACTICES,ALL CLASSES,2012-01-01 00:00:00.000,UNITED STATES,,IOWA,                 (D),LB,,2010,19,ENVIRONMENTAL,00,,YEAR,IA,,CORN,STATE,FIELD CROPS,00,,ANNUAL,"CHEMICAL, INSECTICIDE",9000,00000000
APPLICATIONS,,"CORN - APPLICATIONS, MEASURED IN LB",19,ALL PRODUCTION PRACTICES,,,"CHEMICAL, INSECTICIDE: (TOTAL)",IOWA,SURVEY,,,,ALL UTILIZATION PRACTICES,ALL CLASSES,2021-05-13 15:00:30.000,UNITED STATES,,IOWA,"175,000",LB,,2021,19,ENVIRONMENTAL,00,,YEAR,IA,,CORN,STATE,FIELD CROPS,00,,ANNUAL,"CHEMICAL, INSECTICIDE",9000,00000000
APPLICATIONS,,"CORN - APPLICATIONS, MEASURED IN LB",19,ALL PRODUCTION PRACTICES,,,"CHEMICAL, INSECTICIDE: (TOTAL)",IOWA,SURVEY,,,,ALL UTILIZATION PRACTICES,ALL CLASSES,2018-05-10 15:16:25.000,UNITED STATES,,IOWA,"274,000",LB,,2018,19,ENVIRONMENTAL,00,,YEAR,IA,,CORN,STATE,FIELD CROPS,00,,ANNUAL,"CHEMICAL, INSECTICIDE",9000,00000000
APPLICATIONS,,"CORN - APPLICATIONS, MEASURED IN LB",19,ALL PRODUCTION PRACTICES,,,"CHEMICAL, INSECTICIDE: (TOTAL)",IOWA,SURVEY,,,,ALL UTILIZATION PRACTICES,ALL CLASSES,2016-08-31 14:19:39.000,UNITED STATES,,IOWA,"280,000",LB,,2016,19,ENVIRONMENTAL,00,,YEAR,IA,,CORN,STATE,FIELD CROPS,00,,ANNUAL,"CHEMICAL, INSECTICIDE",9000,00000000
APPLICATIONS,,"CORN - APPLICATIONS, MEASURED IN LB",19,ALL PRODUCTION PRACTICES,,,"CHEMICAL, INSECTICIDE: (TOTAL)",IOWA,SURVEY,,,,ALL UTILIZATION PRACTICES,ALL CLASSES,2014-05-14 15:12:54.000,UNITED STATES,,IOWA,"122,000",LB,,2014,19,ENVIRONMENTAL,00,,YEAR,IA,,CORN,STATE,FIELD CROPS,00,,ANNUAL,"CHEMICAL, INSECTICIDE",9000,00000000
APPLICATIONS,,"CORN - APPLICATIONS, MEASURED IN LB",19,ALL PRODUCTION PRACTICES,,,"CHEMICAL, INSECTICIDE: (TOTAL)",IOWA,SURVEY,,,,ALL UTILIZATION PRACTICES,ALL CLASSES,2012-01-01 00:00:00.000,UNITED STATES,,IOWA,"148,000",LB,,2010,19,ENVIRONMENTAL,00,,YEAR,IA,,CORN,STATE,FIELD CROPS,00,,ANNUAL,"CHEMICAL, INSECTICIDE",9000,00000000
APPLICATIONS,,"CORN - APPLICATIONS, MEASURED IN LB",19,ALL PRODUCTION PRACTICES,,,"CHEMICAL, INSECTICIDE: (TOTAL)",IOWA,SURVEY,,,,ALL UTILIZATION PRACTICES,ALL CLASSES,2005-06-11 10:11:36.000,UNITED STATES,,IOWA,"187,000",LB,,2005,19,ENVIRONMENTAL,00,,YEAR,IA,,CORN,STATE,FIELD CROPS,00,,ANNUAL,"CHEMICAL, INSECTICIDE",9000,00000000
APPLICATIONS,,"CORN - APPLICATIONS, MEASURED IN LB",19,ALL PRODUCTION PRACTICES,,,"CHEMICAL, INSECTICIDE: (TOTAL)",IOWA,SURVEY,,,,ALL UTILIZATION PRACTICES,ALL CLASSES,2003-06-11 10:11:36.000,UNITED STATES,,IOWA,"623,000",LB,,2003,19,ENVIRONMENTAL,00,,YEAR,IA,,CORN,STATE,FIELD CROPS,00,,ANNUAL,"CHEMICAL, INSECTICIDE",9000,00000000
APPLICATIONS,,"CORN - APPLICATIONS, MEASURED IN LB",19,ALL PRODUCTION PRACTICES,,,"CHEMICAL, INSECTICIDE: (TOTAL)",IOWA,SURVEY,,,,ALL UTILIZATION PRACTICES,ALL CLASSES,2002-06-11 10:11:36.000,UNITED STATES,,IOWA,"432,000",LB,,2002,19,ENVIRONMENTAL,00,,YEAR,IA,,CORN,STATE,FIELD CROPS,00,,ANNUAL,"CHEMICAL, INSECTICIDE",9000,00000000
APPLICATIONS,,"CORN - APPLICATIONS, MEASURED IN LB",19,ALL PRODUCTION PRACTICES,,,"CHEMICAL, INSECTICIDE: (TOTAL)",IOWA,SURVEY,,,,ALL UTILIZATION PRACTICES,ALL CLASSES,2001-06-11 10:11:36.000,UNITED STATES,,IOWA,"864,000",LB,,2001,19,ENVIRONMENTAL,00,,YEAR,IA,,CORN,STATE,FIELD CROPS,00,,ANNUAL,"CHEMICAL, INSECTICIDE",9000,00000000
APPLICATIONS,,"CORN - APPLICATIONS, MEASURED IN LB",19,ALL PRODUCTION PRACTICES,,,"CHEMICAL, INSECTICIDE: (TOTAL)",IOWA,SURVEY,,,,ALL UTILIZATION PRACTICES,ALL CLASSES,2000-06-11 10:11:36.000,UNITED STATES,,IOWA,"635,000",LB,,2000,19,ENVIRONMENTAL,00,,YEAR,IA,,CORN,STATE,FIELD CROPS,00,,ANNUAL,"CHEMICAL, INSECTICIDE",9000,00000000
APPLICATIONS,,"CORN - APPLICATIONS, MEASURED IN LB",19,ALL PRODUCTION PRACTICES,,,"CHEMICAL, INSECTICIDE: (ZETA-CYPERMETHRIN = 129064)",IOWA,SURVEY,,,,ALL UTILIZATION PRACTICES,ALL CLASSES,2018-05-10 15:16:25.000,UNITED STATES,,IOWA,                 (D),LB,,2018,19,ENVIRONMENTAL,00,,YEAR,IA,,CORN,STATE,FIELD CROPS,00,,ANNUAL,"CHEMICAL, INSECTICIDE",9000,00000000
APPLICATIONS,,"CORN - APPLICATIONS, MEASURED IN LB",19,ALL PRODUCTION PRACTICES,,,"CHEMICAL, INSECTICIDE: (ZETA-CYPERMETHRIN = 129064)",IOWA,SURVEY,,,,ALL UTILIZATION PRACTICES,ALL CLASSES,2016-08-31 14:19:39.000,UNITED STATES,,IOWA,                 (D),LB,,2016,19,ENVIRONMENTAL,00,,YEAR,IA,,CORN,STATE,FIELD CROPS,00,,ANNUAL,"CHEMICAL, INSECTICIDE",9000,00000000
APPLICATIONS,,"CORN - APPLICATIONS, MEASURED IN LB",19,ALL PRODUCTION PRACTICES,,,"CHEMICAL, OTHER: (CLOPYRALID POTASSIUM = 117423)",IOWA,SURVEY,,,,ALL UTILIZATION PRACTICES,ALL CLASSES,2016-08-31 14:19:39.000,UNITED STATES,,IOWA,                 (D),LB,,2016,19,ENVIRONMENTAL,00,,YEAR,IA,,CORN,STATE,FIELD CROPS,00,,ANNUAL,"CHEMICAL, OTHER",9000,00000000
APPLICATIONS,,"CORN - APPLICATIONS, MEASURED IN LB",19,ALL PRODUCTION PRACTICES,,,"CHEMICAL, OTHER: (FLUTRIAFOL = 128940)",IOWA,SURVEY,,,,ALL UTILIZATION PRACTICES,ALL CLASSES,2018-05-10 15:16:25.000,UNITED STATES,,IOWA,                 (D),LB,,2018,19,ENVIRONMENTAL,00,,YEAR,IA,,CORN,STATE,FIELD CROPS,00,,ANNUAL,"CHEMICAL, OTHER",9000,00000000
APPLICATIONS,,"CORN - APPLICATIONS, MEASURED IN LB",19,ALL PRODUCTION PRACTICES,,,"CHEMICAL, OTHER: (FLUTRIAFOL = 128940)",IOWA,SURVEY,,,,ALL UTILIZATION PRACTICES,ALL CLASSES,2014-05-14 15:12:54.000,UNITED STATES,,IOWA,                 (D),LB,,2014,19,ENVIRONMENTAL,00,,YEAR,IA,,CORN,STATE,FIELD CROPS,00,,ANNUAL,"CHEMICAL, OTHER",9000,00000000
APPLICATIONS,,"CORN - APPLICATIONS, MEASURED IN LB",19,ALL PRODUCTION PRACTICES,,,"CHEMICAL, OTHER: (TOTAL)",IOWA,SURVEY,,,,ALL UTILIZATION PRACTICES,ALL CLASSES,2018-05-10 15:16:25.000,UNITED STATES,,IOWA,                 (D),LB,,2018,19,ENVIRONMENTAL,00,,YEAR,IA,,CORN,STATE,FIELD CROPS,00,,ANNUAL,"CHEMICAL, OTHER",9000,00000000
APPLICATIONS,,"CORN - APPLICATIONS, MEASURED IN LB",19,ALL PRODUCTION PRACTICES,,,"CHEMICAL, OTHER: (TOTAL)",IOWA,SURVEY,,,,ALL UTILIZATION PRACTICES,ALL CLASSES,2016-08-31 14:19:39.000,UNITED STATES,,IOWA,                 (D),LB,,2016,19,ENVIRONMENTAL,00,,YEAR,IA,,CORN,STATE,FIELD CROPS,00,,ANNUAL,"CHEMICAL, OTHER",9000,00000000
APPLICATIONS,,"CORN - APPLICATIONS, MEASURED IN LB",19,ALL PRODUCTION PRACTICES,,,"CHEMICAL, OTHER: (TOTAL)",IOWA,SURVEY,,,,ALL UTILIZATION PRACTICES,ALL CLASSES,2014-05-14 15:12:54.000,UNITED STATES,,IOWA,                 (D),LB,,2014,19,ENVIRONMENTAL,00,,YEAR,IA,,CORN,STATE,FIELD CROPS,00,,ANNUAL,"CHEMICAL, OTHER",9000,00000000
APPLICATIONS,,"CORN - APPLICATIONS, MEASURED IN LB",19,ALL PRODUCTION PRACTICES,,,FERTILIZER: (NITROGEN),IOWA,SURVEY,,,,ALL UTILIZATION PRACTICES,ALL CLASSES,2021-05-13 15:00:30.000,UNITED STATES,,IOWA,"1,669,300,000",LB,,2021,19,ENVIRONMENTAL,00,,YEAR,IA,,CORN,STATE,FIELD CROPS,00,,ANNUAL,FERTILIZER,9000,00000000
APPLICATIONS,,"CORN - APPLICATIONS, MEASURED IN LB",19,ALL PRODUCTION PRACTICES,,,FERTILIZER: (NITROGEN),IOWA,SURVEY,,,,ALL UTILIZATION PRACTICES,ALL CLASSES,2018-05-10 15:16:25.000,UNITED STATES,,IOWA,"1,784,300,000",LB,,2018,19,ENVIRONMENTAL,00,,YEAR,IA,,CORN,STATE,FIELD CROPS,00,,ANNUAL,FERTILIZER,9000,00000000
APPLICATIONS,,"CORN - APPLICATIONS, MEASURED IN LB",19,ALL PRODUCTION PRACTICES,,,FERTILIZER: (NITROGEN),IOWA,SURVEY,,,,ALL UTILIZATION PRACTICES,ALL CLASSES,2016-08-31 14:19:39.000,UNITED STATES,,IOWA,"2,036,100,000",LB,,2016,19,ENVIRONMENTAL,00,,YEAR,IA,,CORN,STATE,FIELD CROPS,00,,ANNUAL,FERTILIZER,9000,00000000
APPLICATIONS,,"CORN - APPLICATIONS, MEASURED IN LB",19,ALL PRODUCTION PRACTICES,,,FERTILIZER: (NITROGEN),IOWA,SURVEY,,,,ALL UTILIZATION PRACTICES,ALL CLASSES,2014-05-14 15:12:54.000,UNITED STATES,,IOWA,"1,842,200,000",LB,,2014,19,ENVIRONMENTAL,00,,YEAR,IA,,CORN,STATE,FIELD CROPS,00,,ANNUAL,FERTILIZER,9000,00000000
APPLICATIONS,,"CORN - APPLICATIONS, MEASURED IN LB",19,ALL PRODUCTION PRACTICES,,,FERTILIZER: (NITROGEN),IOWA,SURVEY,,,,ALL UTILIZATION PRACTICES,ALL CLASSES,2012-01-01 00:00:00.000,UNITED STATES,,IOWA,"1,806,600,000",LB,,2010,19,ENVIRONMENTAL,00,,YEAR,IA,,CORN,STATE,FIELD CROPS,00,,ANNUAL,FERTILIZER,9000,00000000
APPLICATIONS,,"CORN - APPLICATIONS, MEASURED IN LB",19,ALL PRODUCTION PRACTICES,,,FERTILIZER: (NITROGEN),IOWA,SURVEY,,,,ALL UTILIZATION PRACTICES,ALL CLASSES,2005-06-11 10:11:36.000,UNITED STATES,,IOWA,"1,653,200,000",LB,,2005,19,ENVIRONMENTAL,00,,YEAR,IA,,CORN,STATE,FIELD CROPS,00,,ANNUAL,FERTILIZER,9000,00000000
APPLICATIONS,,"CORN - APPLICATIONS, MEASURED IN LB",19,ALL PRODUCTION PRACTICES,,,FERTILIZER: (NITROGEN),IOWA,SURVEY,,,,ALL UTILIZATION PRACTICES,ALL CLASSES,2003-06-11 10:11:36.000,UNITED STATES,,IOWA,"1,544,300,000",LB,,2003,19,ENVIRONMENTAL,00,,YEAR,IA,,CORN,STATE,FIELD CROPS,00,,ANNUAL,FERTILIZER,9000,00000000
APPLICATIONS,,"CORN - APPLICATIONS, MEASURED IN LB",19,ALL PRODUCTION PRACTICES,,,FERTILIZER: (NITROGEN),IOWA,SURVEY,,,,ALL UTILIZATION PRACTICES,ALL CLASSES,2002-06-11 10:11:36.000,UNITED STATES,,IOWA,"1,408,000,000",LB,,2002,19,ENVIRONMENTAL,00,,YEAR,IA,,CORN,STATE,FIELD CROPS,00,,ANNUAL,FERTILIZER,9000,00000000
APPLICATIONS,,"CORN - APPLICATIONS, MEASURED IN LB",19,ALL PRODUCTION PRACTICES,,,FERTILIZER: (NITROGEN),IOWA,SURVEY,,,,ALL UTILIZATION PRACTICES,ALL CLASSES,2001-06-11 10:11:36.000,UNITED STATES,,IOWA,"1,272,800,000",LB,,2001,19,ENVIRONMENTAL,00,,YEAR,IA,,CORN,STATE,FIELD CROPS,00,,ANNUAL,FERTILIZER,9000,00000000
APPLICATIONS,,"CORN - APPLICATIONS, MEASURED IN LB",19,ALL PRODUCTION PRACTICES,,,FERTILIZER: (NITROGEN),IOWA,SURVEY,,,,ALL UTILIZATION PRACTICES,ALL CLASSES,2000-06-11 10:11:36.000,UNITED STATES,,IOWA,"1,533,000,000",LB,,2000,19,ENVIRONMENTAL,00,,YEAR,IA,,CORN,STATE,FIELD CROPS,00,,ANNUAL,FERTILIZER,9000,00000000
APPLICATIONS,,"CORN - APPLICATIONS, MEASURED IN LB",19,ALL PRODUCTION PRACTICES,,,FERTILIZER: (PHOSPHATE),IOWA,SURVEY,,,,ALL UTILIZATION PRACTICES,ALL CLASSES,2021-05-13 15:00:30.000,UNITED STATES,,IOWA,"403,000,000",LB,,2021,19,ENVIRONMENTAL,00,,YEAR,IA,,CORN,STATE,FIELD CROPS,00,,ANNUAL,FERTILIZER,9000,00000000
APPLICATIONS,,"CORN - APPLICATIONS, MEASURED IN LB",19,ALL PRODUCTION PRACTICES,,,FERTILIZER: (PHOSPHATE),IOWA,SURVEY,,,,ALL UTILIZATION PRACTICES,ALL CLASSES,2018-05-10 15:16:25.000,UNITED STATES,,IOWA,"698,200,000",LB,,2018,19,ENVIRONMENTAL,00,,YEAR,IA,,CORN,STATE,FIELD CROPS,00,,ANNUAL,FERTILIZER,9000,00000000
APPLICATIONS,,"CORN - APPLICATIONS, MEASURED IN LB",19,ALL PRODUCTION PRACTICES,,,FERTILIZER: (PHOSPHATE),IOWA,SURVEY,,,,ALL UTILIZATION PRACTICES,ALL CLASSES,2016-08-31 14:19:39.000,UNITED STATES,,IOWA,"701,100,000",LB,,2016,19,ENVIRONMENTAL,00,,YEAR,IA,,CORN,STATE,FIELD CROPS,00,,ANNUAL,FERTILIZER,9000,00000000
APPLICATIONS,,"CORN - APPLICATIONS, MEASURED IN LB",19,ALL PRODUCTION PRACTICES,,,FERTILIZER: (PHOSPHATE),IOWA,SURVEY,,,,ALL UTILIZATION PRACTICES,ALL CLASSES,2014-05-14 15:12:54.000,UNITED STATES,,IOWA,"600,500,000",LB,,2014,19,ENVIRONMENTAL,00,,YEAR,IA,,CORN,STATE,FIELD CROPS,00,,ANNUAL,FERTILIZER,9000,00000000
APPLICATIONS,,"CORN - APPLICATIONS, MEASURED IN LB",19,ALL PRODUCTION PRACTICES,,,FERTILIZER: (PHOSPHATE),IOWA,SURVEY,,,,ALL UTILIZATION PRACTICES,ALL CLASSES,2012-01-01 00:00:00.000,UNITED STATES,,IOWA,"620,300,000",LB,,2010,19,ENVIRONMENTAL,00,,YEAR,IA,,CORN,STATE,FIELD CROPS,00,,ANNUAL,FERTILIZER,9000,00000000
APPLICATIONS,,"CORN - APPLICATIONS, MEASURED IN LB",19,ALL PRODUCTION PRACTICES,,,FERTILIZER: (PHOSPHATE),IOWA,SURVEY,,,,ALL UTILIZATION PRACTICES,ALL CLASSES,2005-06-11 10:11:36.000,UNITED STATES,,IOWA,"579,000,000",LB,,2005,19,ENVIRONMENTAL,00,,YEAR,IA,,CORN,STATE,FIELD CROPS,00,,ANNUAL,FERTILIZER,9000,00000000
APPLICATIONS,,"CORN - APPLICATIONS, MEASURED IN LB",19,ALL PRODUCTION PRACTICES,,,FERTILIZER: (PHOSPHATE),IOWA,SURVEY,,,,ALL UTILIZATION PRACTICES,ALL CLASSES,2003-06-11 10:11:36.000,UNITED STATES,,IOWA,"468,600,000",LB,,2003,19,ENVIRONMENTAL,00,,YEAR,IA,,CORN,STATE,FIELD CROPS,00,,ANNUAL,FERTILIZER,9000,00000000
APPLICATIONS,,"CORN - APPLICATIONS, MEASURED IN LB",19,ALL PRODUCTION PRACTICES,,,FERTILIZER: (PHOSPHATE),IOWA,SURVEY,,,,ALL UTILIZATION PRACTICES,ALL CLASSES,2002-06-11 10:11:36.000,UNITED STATES,,IOWA,"515,800,000",LB,,2002,19,ENVIRONMENTAL,00,,YEAR,IA,,CORN,STATE,FIELD CROPS,00,,ANNUAL,FERTILIZER,9000,00000000
APPLICATIONS,,"CORN - APPLICATIONS, MEASURED IN LB",19,ALL PRODUCTION PRACTICES,,,FERTILIZER: (PHOSPHATE),IOWA,SURVEY,,,,ALL UTILIZATION PRACTICES,ALL CLASSES,2001-06-11 10:11:36.000,UNITED STATES,,IOWA,"415,800,000",LB,,2001,19,ENVIRONMENTAL,00,,YEAR,IA,,CORN,STATE,FIELD CROPS,00,,ANNUAL,FERTILIZER,9000,00000000
APPLICATIONS,,"CORN - APPLICATIONS, MEASURED IN LB",19,ALL PRODUCTION PRACTICES,,,FERTILIZER: (PHOSPHATE),IOWA,SURVEY,,,,ALL UTILIZATION PRACTICES,ALL CLASSES,2000-06-11 10:11:36.000,UNITED STATES,,IOWA,"503,200,000",LB,,2000,19,ENVIRONMENTAL,00,,YEAR,IA,,CORN,STATE,FIELD CROPS,00,,ANNUAL,FERTILIZER,9000,00000000
APPLICATIONS,,"CORN - APPLICATIONS, MEASURED IN LB",19,ALL PRODUCTION PRACTICES,,,FERTILIZER: (POTASH),IOWA,SURVEY,,,,ALL UTILIZATION PRACTICES,ALL CLASSES,2021-05-13 15:00:30.000,UNITED STATES,,IOWA,"533,400,000",LB,,2021,19,ENVIRONMENTAL,00,,YEAR,IA,,CORN,STATE,FIELD CROPS,00,,ANNUAL,FERTILIZER,9000,00000000
APPLICATIONS,,"CORN - APPLICATIONS, MEASURED IN LB",19,ALL PRODUCTION PRACTICES,,,FERTILIZER: (POTASH),IOWA,SURVEY,,,,ALL UTILIZATION PRACTICES,ALL CLASSES,2018-05-10 15:16:25.000,UNITED STATES,,IOWA,"823,400,000",LB,,2018,19,ENVIRONMENTAL,00,,YEAR,IA,,CORN,STATE,FIELD CROPS,00,,ANNUAL,FERTILIZER,9000,00000000
APPLICATIONS,,"CORN - APPLICATIONS, MEASURED IN LB",19,ALL PRODUCTION PRACTICES,,,FERTILIZER: (POTASH),IOWA,SURVEY,,,,ALL UTILIZATION PRACTICES,ALL CLASSES,2016-08-31 14:19:39.000,UNITED STATES,,IOWA,"938,800,000",LB,,2016,19,ENVIRONMENTAL,00,,YEAR,IA,,CORN,STATE,FIELD CROPS,00,,ANNUAL,FERTILIZER,9000,00000000
APPLICATIONS,,"CORN - APPLICATIONS, MEASURED IN LB",19,ALL PRODUCTION PRACTICES,,,FERTILIZER: (POTASH),IOWA,SURVEY,,,,ALL UTILIZATION PRACTICES,ALL CLASSES,2014-05-14 15:12:54.000,UNITED STATES,,IOWA,"705,300,000",LB,,2014,19,ENVIRONMENTAL,00,,YEAR,IA,,CORN,STATE,FIELD CROPS,00,,ANNUAL,FERTILIZER,9000,00000000
APPLICATIONS,,"CORN - APPLICATIONS, MEASURED IN LB",19,ALL PRODUCTION PRACTICES,,,FERTILIZER: (POTASH),IOWA,SURVEY,,,,ALL UTILIZATION PRACTICES,ALL CLASSES,2012-01-01 00:00:00.000,UNITED STATES,,IOWA,"734,700,000",LB,,2010,19,ENVIRONMENTAL,00,,YEAR,IA,,CORN,STATE,FIELD CROPS,00,,ANNUAL,FERTILIZER,9000,00000000
APPLICATIONS,,"CORN - APPLICATIONS, MEASURED IN LB",19,ALL PRODUCTION PRACTICES,,,FERTILIZER: (POTASH),IOWA,SURVEY,,,,ALL UTILIZATION PRACTICES,ALL CLASSES,2005-06-11 10:11:36.000,UNITED STATES,,IOWA,"762,300,000",LB,,2005,19,ENVIRONMENTAL,00,,YEAR,IA,,CORN,STATE,FIELD CROPS,00,,ANNUAL,FERTILIZER,9000,00000000
APPLICATIONS,,"CORN - APPLICATIONS, MEASURED IN LB",19,ALL PRODUCTION PRACTICES,,,FERTILIZER: (POTASH),IOWA,SURVEY,,,,ALL UTILIZATION PRACTICES,ALL CLASSES,2003-06-11 10:11:36.000,UNITED STATES,,IOWA,"670,600,000",LB,,2003,19,ENVIRONMENTAL,00,,YEAR,IA,,CORN,STATE,FIELD CROPS,00,,ANNUAL,FERTILIZER,9000,00000000
APPLICATIONS,,"CORN - APPLICATIONS, MEASURED IN LB",19,ALL PRODUCTION PRACTICES,,,FERTILIZER: (POTASH),IOWA,SURVEY,,,,ALL UTILIZATION PRACTICES,ALL CLASSES,2002-06-11 10:11:36.000,UNITED STATES,,IOWA,"607,400,000",LB,,2002,19,ENVIRONMENTAL,00,,YEAR,IA,,CORN,STATE,FIELD CROPS,00,,ANNUAL,FERTILIZER,9000,00000000
APPLICATIONS,,"CORN - APPLICATIONS, MEASURED IN LB",19,ALL PRODUCTION PRACTICES,,,FERTILIZER: (POTASH),IOWA,SURVEY,,,,ALL UTILIZATION PRACTICES,ALL CLASSES,2001-06-11 10:11:36.000,UNITED STATES,,IOWA,"482,400,000",LB,,2001,19,ENVIRONMENTAL,00,,YEAR,IA,,CORN,STATE,FIELD CROPS,00,,ANNUAL,FERTILIZER,9000,00000000
APPLICATIONS,,"CORN - APPLICATIONS, MEASURED IN LB",19,ALL PRODUCTION PRACTICES,,,FERTILIZER: (POTASH),IOWA,SURVEY,,,,ALL UTILIZATION PRACTICES,ALL CLASSES,2000-06-11 10:11:36.000,UNITED STATES,,IOWA,"630,900,000",LB,,2000,19,ENVIRONMENTAL,00,,YEAR,IA,,CORN,STATE,FIELD CROPS,00,,ANNUAL,FERTILIZER,9000,00000000
APPLICATIONS,,"CORN - APPLICATIONS, MEASURED IN LB",19,ALL PRODUCTION PRACTICES,,,FERTILIZER: (SULFUR),IOWA,SURVEY,,,,ALL UTILIZATION PRACTICES,ALL CLASSES,2021-05-13 15:00:30.000,UNITED STATES,,IOWA,"30,300,000",LB,,2021,19,ENVIRONMENTAL,00,,YEAR,IA,,CORN,STATE,FIELD CROPS,00,,ANNUAL,FERTILIZER,9000,00000000
APPLICATIONS,,"CORN - APPLICATIONS, MEASURED IN LB",19,ALL PRODUCTION PRACTICES,,,FERTILIZER: (SULFUR),IOWA,SURVEY,,,,ALL UTILIZATION PRACTICES,ALL CLASSES,2018-05-10 15:16:25.000,UNITED STATES,,IOWA,"51,000,000",LB,,2018,19,ENVIRONMENTAL,00,,YEAR,IA,,CORN,STATE,FIELD CROPS,00,,ANNUAL,FERTILIZER,9000,00000000
APPLICATIONS,,"CORN - APPLICATIONS, MEASURED IN LB",19,ALL PRODUCTION PRACTICES,,,FERTILIZER: (SULFUR),IOWA,SURVEY,,,,ALL UTILIZATION PRACTICES,ALL CLASSES,2016-08-31 14:19:39.000,UNITED STATES,,IOWA,"45,300,000",LB,,2016,19,ENVIRONMENTAL,00,,YEAR,IA,,CORN,STATE,FIELD CROPS,00,,ANNUAL,FERTILIZER,9000,00000000
APPLICATIONS,,"CORN - APPLICATIONS, MEASURED IN LB",19,ALL PRODUCTION PRACTICES,,,FERTILIZER: (SULFUR),IOWA,SURVEY,,,,ALL UTILIZATION PRACTICES,ALL CLASSES,2014-05-14 15:12:54.000,UNITED STATES,,IOWA,"40,200,000",LB,,2014,19,ENVIRONMENTAL,00,,YEAR,IA,,CORN,STATE,FIELD CROPS,00,,ANNUAL,FERTILIZER,9000,00000000
APPLICATIONS,,"CORN - APPLICATIONS, MEASURED IN LB",19,ALL PRODUCTION PRACTICES,,,FERTILIZER: (SULFUR),IOWA,SURVEY,,,,ALL UTILIZATION PRACTICES,ALL CLASSES,2012-01-01 00:00:00.000,UNITED STATES,,IOWA,"11,500,000",LB,,2010,19,ENVIRONMENTAL,00,,YEAR,IA,,CORN,STATE,FIELD CROPS,00,,ANNUAL,FERTILIZER,9000,00000000
APPLICATIONS,,"CORN - APPLICATIONS, MEASURED IN LB",19,ALL PRODUCTION PRACTICES,,,FERTILIZER: (SULFUR),IOWA,SURVEY,,,,ALL UTILIZATION PRACTICES,ALL CLASSES,2005-06-11 10:11:36.000,UNITED STATES,,IOWA,"4,500,000",LB,,2005,19,ENVIRONMENTAL,00,,YEAR,IA,,CORN,STATE,FIELD CROPS,00,,ANNUAL,FERTILIZER,9000,00000000
APPLICATIONS,,"CORN - APPLICATIONS, MEASURED IN LB / ACRE / APPLICATION, AVG",19,ALL PRODUCTION PRACTICES,,,"CHEMICAL, FUNGICIDE: (AZOXYSTROBIN = 128810)",IOWA,SURVEY,,,,ALL UTILIZATION PRACTICES,ALL CLASSES,2021-05-13 15:00:30.000,UNITED STATES,,IOWA,0.093,"LB / ACRE / APPLICATION, AVG",,2021,19,ENVIRONMENTAL,00,,YEAR,IA,,CORN,STATE,FIELD CROPS,00,,ANNUAL,"CHEMICAL, FUNGICIDE",9000,00000000
APPLICATIONS,,"CORN - APPLICATIONS, MEASURED IN LB / ACRE / APPLICATION, AVG",19,ALL PRODUCTION PRACTICES,,,"CHEMICAL, FUNGICIDE: (AZOXYSTROBIN = 128810)",IOWA,SURVEY,,,,ALL UTILIZATION PRACTICES,ALL CLASSES,2018-05-10 15:16:25.000,UNITED STATES,,IOWA,0.098,"LB / ACRE / APPLICATION, AVG",,2018,19,ENVIRONMENTAL,00,,YEAR,IA,,CORN,STATE,FIELD CROPS,00,,ANNUAL,"CHEMICAL, FUNGICIDE",9000,00000000
APPLICATIONS,,"CORN - APPLICATIONS, MEASURED IN LB / ACRE / APPLICATION, AVG",19,ALL PRODUCTION PRACTICES,,,"CHEMICAL, FUNGICIDE: (AZOXYSTROBIN = 128810)",IOWA,SURVEY,,,,ALL UTILIZATION PRACTICES,ALL CLASSES,2016-08-31 14:19:39.000,UNITED STATES,,IOWA,0.068,"LB / ACRE / APPLICATION, AVG",,2016,19,ENVIRONMENTAL,00,,YEAR,IA,,CORN,STATE,FIELD CROPS,00,,ANNUAL,"CHEMICAL, FUNGICIDE",9000,00000000
APPLICATIONS,,"CORN - APPLICATIONS, MEASURED IN LB / ACRE / APPLICATION, AVG",19,ALL PRODUCTION PRACTICES,,,"CHEMICAL, FUNGICIDE: (AZOXYSTROBIN = 128810)",IOWA,SURVEY,,,,ALL UTILIZATION PRACTICES,ALL CLASSES,2014-05-14 15:12:54.000,UNITED STATES,,IOWA,0.055,"LB / ACRE / APPLICATION, AVG",,2014,19,ENVIRONMENTAL,00,,YEAR,IA,,CORN,STATE,FIELD CROPS,00,,ANNUAL,"CHEMICAL, FUNGICIDE",9000,00000000
APPLICATIONS,,"CORN - APPLICATIONS, MEASURED IN LB / ACRE / APPLICATION, AVG",19,ALL PRODUCTION PRACTICES,,,"CHEMICAL, FUNGICIDE: (AZOXYSTROBIN = 128810)",IOWA,SURVEY,,,,ALL UTILIZATION PRACTICES,ALL CLASSES,2012-01-01 00:00:00.000,UNITED STATES,,IOWA,                 (D),"LB / ACRE / APPLICATION, AVG",,2010,19,ENVIRONMENTAL,00,,YEAR,IA,,CORN,STATE,FIELD CROPS,00,,ANNUAL,"CHEMICAL, FUNGICIDE",9000,00000000
APPLICATIONS,,"CORN - APPLICATIONS, MEASURED IN LB / ACRE / APPLICATION, AVG",19,ALL PRODUCTION PRACTICES,,,"CHEMICAL, FUNGICIDE: (BENZOVINDIFLUPYR = 122305)",IOWA,SURVEY,,,,ALL UTILIZATION PRACTICES,ALL CLASSES,2021-05-13 15:00:30.000,UNITED STATES,,IOWA,                 (D),"LB / ACRE / APPLICATION, AVG",,2021,19,ENVIRONMENTAL,00,,YEAR,IA,,CORN,STATE,FIELD CROPS,00,,ANNUAL,"CHEMICAL, FUNGICIDE",9000,00000000
APPLICATIONS,,"CORN - APPLICATIONS, MEASURED IN LB / ACRE / APPLICATION, AVG",19,ALL PRODUCTION PRACTICES,,,"CHEMICAL, FUNGICIDE: (BENZOVINDIFLUPYR = 122305)",IOWA,SURVEY,,,,ALL UTILIZATION PRACTICES,ALL CLASSES,2018-05-10 15:16:25.000,UNITED STATES,,IOWA,0.023,"LB / ACRE / APPLICATION, AVG",,2018,19,ENVIRONMENTAL,00,,YEAR,IA,,CORN,STATE,FIELD CROPS,00,,ANNUAL,"CHEMICAL, FUNGICIDE",9000,00000000
APPLICATIONS,,"CORN - APPLICATIONS, MEASURED IN LB / ACRE / APPLICATION, AVG",19,ALL PRODUCTION PRACTICES,,,"CHEMICAL, FUNGICIDE: (CAPTAN = 81301)",IOWA,SURVEY,,,,ALL UTILIZATION PRACTICES,ALL CLASSES,2018-05-10 15:16:25.000,UNITED STATES,,IOWA,                 (D),"LB / ACRE / APPLICATION, AVG",,2018,19,ENVIRONMENTAL,00,,YEAR,IA,,CORN,STATE,FIELD CROPS,00,,ANNUAL,"CHEMICAL, FUNGICIDE",9000,00000000
APPLICATIONS,,"CORN - APPLICATIONS, MEASURED IN LB / ACRE / APPLICATION, AVG",19,ALL PRODUCTION PRACTICES,,,"CHEMICAL, FUNGICIDE: (CYPROCONAZOLE = 128993)",IOWA,SURVEY,,,,ALL UTILIZATION PRACTICES,ALL CLASSES,2018-05-10 15:16:25.000,UNITED STATES,,IOWA,                 (D),"LB / ACRE / APPLICATION, AVG",,2018,19,ENVIRONMENTAL,00,,YEAR,IA,,CORN,STATE,FIELD CROPS,00,,ANNUAL,"CHEMICAL, FUNGICIDE",9000,00000000
APPLICATIONS,,"CORN - APPLICATIONS, MEASURED IN LB / ACRE / APPLICATION, AVG",19,ALL PRODUCTION PRACTICES,,,"CHEMICAL, FUNGICIDE: (FLUOPYRAM = 80302)",IOWA,SURVEY,,,,ALL UTILIZATION PRACTICES,ALL CLASSES,2021-05-13 15:00:30.000,UNITED STATES,,IOWA,                 (D),"LB / ACRE / APPLICATION, AVG",,2021,19,ENVIRONMENTAL,00,,YEAR,IA,,CORN,STATE,FIELD CROPS,00,,ANNUAL,"CHEMICAL, FUNGICIDE",9000,00000000
APPLICATIONS,,"CORN - APPLICATIONS, MEASURED IN LB / ACRE / APPLICATION, AVG",19,ALL PRODUCTION PRACTICES,,,"CHEMICAL, FUNGICIDE: (FLUOXASTROBIN = 28869)",IOWA,SURVEY,,,,ALL UTILIZATION PRACTICES,ALL CLASSES,2018-05-10 15:16:25.000,UNITED STATES,,IOWA,                 (D),"LB / ACRE / APPLICATION, AVG",,2018,19,ENVIRONMENTAL,00,,YEAR,IA,,CORN,STATE,FIELD CROPS,00,,ANNUAL,"CHEMICAL, FUNGICIDE",9000,00000000
APPLICATIONS,,"CORN - APPLICATIONS, MEASURED IN LB / ACRE / APPLICATION, AVG",19,ALL PRODUCTION PRACTICES,,,"CHEMICAL, FUNGICIDE: (FLUOXASTROBIN = 28869)",IOWA,SURVEY,,,,ALL UTILIZATION PRACTICES,ALL CLASSES,2014-05-14 15:12:54.000,UNITED STATES,,IOWA,                 (D),"LB / ACRE / APPLICATION, AVG",,2014,19,ENVIRONMENTAL,00,,YEAR,IA,,CORN,STATE,FIELD CROPS,00,,ANNUAL,"CHEMICAL, FUNGICIDE",9000,00000000
APPLICATIONS,,"CORN - APPLICATIONS, MEASURED IN LB / ACRE / APPLICATION, AVG",19,ALL PRODUCTION PRACTICES,,,"CHEMICAL, FUNGICIDE: (FLUXAPYROXAD = 138009)",IOWA,SURVEY,,,,ALL UTILIZATION PRACTICES,ALL CLASSES,2016-08-31 14:19:39.000,UNITED STATES,,IOWA,                 (D),"LB / ACRE / APPLICATION, AVG",,2016,19,ENVIRONMENTAL,00,,YEAR,IA,,CORN,STATE,FIELD CROPS,00,,ANNUAL,"CHEMICAL, FUNGICIDE",9000,00000000
APPLICATIONS,,"CORN - APPLICATIONS, MEASURED IN LB / ACRE / APPLICATION, AVG",19,ALL PRODUCTION PRACTICES,,,"CHEMICAL, FUNGICIDE: (FLUXAPYROXAD = 138009)",IOWA,SURVEY,,,,ALL UTILIZATION PRACTICES,ALL CLASSES,2014-05-14 15:12:54.000,UNITED STATES,,IOWA,                 (D),"LB / ACRE / APPLICATION, AVG",,2014,19,ENVIRONMENTAL,00,,YEAR,IA,,CORN,STATE,FIELD CROPS,00,,ANNUAL,"CHEMICAL, FUNGICIDE",9000,00000000
APPLICATIONS,,"CORN - APPLICATIONS, MEASURED IN LB / ACRE / APPLICATION, AVG",19,ALL PRODUCTION PRACTICES,,,"CHEMICAL, FUNGICIDE: (MEFENTRIFLUCONAZOLE = 122000)",IOWA,SURVEY,,,,ALL UTILIZATION PRACTICES,ALL CLASSES,2021-05-13 15:00:30.000,UNITED STATES,,IOWA,                 (D),"LB / ACRE / APPLICATION, AVG",,2021,19,ENVIRONMENTAL,00,,YEAR,IA,,CORN,STATE,FIELD CROPS,00,,ANNUAL,"CHEMICAL, FUNGICIDE",9000,00000000
APPLICATIONS,,"CORN - APPLICATIONS, MEASURED IN LB / ACRE / APPLICATION, AVG",19,ALL PRODUCTION PRACTICES,,,"CHEMICAL, FUNGICIDE: (METCONAZOLE = 125619)",IOWA,SURVEY,,,,ALL UTILIZATION PRACTICES,ALL CLASSES,2021-05-13 15:00:30.000,UNITED STATES,,IOWA,                 (D),"LB / ACRE / APPLICATION, AVG",,2021,19,ENVIRONMENTAL,00,,YEAR,IA,,CORN,STATE,FIELD CROPS,00,,ANNUAL,"CHEMICAL, FUNGICIDE",9000,00000000
APPLICATIONS,,"CORN - APPLICATIONS, MEASURED IN LB / ACRE / APPLICATION, AVG",19,ALL PRODUCTION PRACTICES,,,"CHEMICAL, FUNGICIDE: (METCONAZOLE = 125619)",IOWA,SURVEY,,,,ALL UTILIZATION PRACTICES,ALL CLASSES,2018-05-10 15:16:25.000,UNITED STATES,,IOWA,                 (D),"LB / ACRE / APPLICATION, AVG",,2018,19,ENVIRONMENTAL,00,,YEAR,IA,,CORN,STATE,FIELD CROPS,00,,ANNUAL,"CHEMICAL, FUNGICIDE",9000,00000000
APPLICATIONS,,"CORN - APPLICATIONS, MEASURED IN LB / ACRE / APPLICATION, AVG",19,ALL PRODUCTION PRACTICES,,,"CHEMICAL, FUNGICIDE: (METCONAZOLE = 125619)",IOWA,SURVEY,,,,ALL UTILIZATION PRACTICES,ALL CLASSES,2016-08-31 14:19:39.000,UNITED STATES,,IOWA,0.029,"LB / ACRE / APPLICATION, AVG",,2016,19,ENVIRONMENTAL,00,,YEAR,IA,,CORN,STATE,FIELD CROPS,00,,ANNUAL,"CHEMICAL, FUNGICIDE",9000,00000000
APPLICATIONS,,"CORN - APPLICATIONS, MEASURED IN LB / ACRE / APPLICATION, AVG",19,ALL PRODUCTION PRACTICES,,,"CHEMICAL, FUNGICIDE: (METCONAZOLE = 125619)",IOWA,SURVEY,,,,ALL UTILIZATION PRACTICES,ALL CLASSES,2014-05-14 15:12:54.000,UNITED STATES,,IOWA,0.033,"LB / ACRE / APPLICATION, AVG",,2014,19,ENVIRONMENTAL,00,,YEAR,IA,,CORN,STATE,FIELD CROPS,00,,ANNUAL,"CHEMICAL, FUNGICIDE",9000,00000000
APPLICATIONS,,"CORN - APPLICATIONS, MEASURED IN LB / ACRE / APPLICATION, AVG",19,ALL PRODUCTION PRACTICES,,,"CHEMICAL, FUNGICIDE: (PICOXYSTROBIN = 129200)",IOWA,SURVEY,,,,ALL UTILIZATION PRACTICES,ALL CLASSES,2018-05-10 15:16:25.000,UNITED STATES,,IOWA,                 (D),"LB / ACRE / APPLICATION, AVG",,2018,19,ENVIRONMENTAL,00,,YEAR,IA,,CORN,STATE,FIELD CROPS,00,,ANNUAL,"CHEMICAL, FUNGICIDE",9000,00000000
APPLICATIONS,,"CORN - APPLICATIONS, MEASURED IN LB / ACRE / APPLICATION, AVG",19,ALL PRODUCTION PRACTICES,,,"CHEMICAL, FUNGICIDE: (PICOXYSTROBIN = 129200)",IOWA,SURVEY,,,,ALL UTILIZATION PRACTICES,ALL CLASSES,2014-05-14 15:12:54.000,UNITED STATES,,IOWA,                 (D),"LB / ACRE / APPLICATION, AVG",,2014,19,ENVIRONMENTAL,00,,YEAR,IA,,CORN,STATE,FIELD CROPS,00,,ANNUAL,"CHEMICAL, FUNGICIDE",9000,00000000
APPLICATIONS,,"CORN - APPLICATIONS, MEASURED IN LB / ACRE / APPLICATION, AVG",19,ALL PRODUCTION PRACTICES,,,"CHEMICAL, FUNGICIDE: (PROPICONAZOLE = 122101)",IOWA,SURVEY,,,,ALL UTILIZATION PRACTICES,ALL CLASSES,2021-05-13 15:00:30.000,UNITED STATES,,IOWA,0.1,"LB / ACRE / APPLICATION, AVG",,2021,19,ENVIRONMENTAL,00,,YEAR,IA,,CORN,STATE,FIELD CROPS,00,,ANNUAL,"CHEMICAL, FUNGICIDE",9000,00000000
APPLICATIONS,,"CORN - APPLICATIONS, MEASURED IN LB / ACRE / APPLICATION, AVG",19,ALL PRODUCTION PRACTICES,,,"CHEMICAL, FUNGICIDE: (PROPICONAZOLE = 122101)",IOWA,SURVEY,,,,ALL UTILIZATION PRACTICES,ALL CLASSES,2018-05-10 15:16:25.000,UNITED STATES,,IOWA,0.086,"LB / ACRE / APPLICATION, AVG",,2018,19,ENVIRONMENTAL,00,,YEAR,IA,,CORN,STATE,FIELD CROPS,00,,ANNUAL,"CHEMICAL, FUNGICIDE",9000,00000000
APPLICATIONS,,"CORN - APPLICATIONS, MEASURED IN LB / ACRE / APPLICATION, AVG",19,ALL PRODUCTION PRACTICES,,,"CHEMICAL, FUNGICIDE: (PROPICONAZOLE = 122101)",IOWA,SURVEY,,,,ALL UTILIZATION PRACTICES,ALL CLASSES,2016-08-31 14:19:39.000,UNITED STATES,,IOWA,0.068,"LB / ACRE / APPLICATION, AVG",,2016,19,ENVIRONMENTAL,00,,YEAR,IA,,CORN,STATE,FIELD CROPS,00,,ANNUAL,"CHEMICAL, FUNGICIDE",9000,00000000
APPLICATIONS,,"CORN - APPLICATIONS, MEASURED IN LB / ACRE / APPLICATION, AVG",19,ALL PRODUCTION PRACTICES,,,"CHEMICAL, FUNGICIDE: (PROPICONAZOLE = 122101)",IOWA,SURVEY,,,,ALL UTILIZATION PRACTICES,ALL CLASSES,2014-05-14 15:12:54.000,UNITED STATES,,IOWA,0.05,"LB / ACRE / APPLICATION, AVG",,2014,19,ENVIRONMENTAL,00,,YEAR,IA,,CORN,STATE,FIELD CROPS,00,,ANNUAL,"CHEMICAL, FUNGICIDE",9000,00000000
APPLICATIONS,,"CORN - APPLICATIONS, MEASURED IN LB / ACRE / APPLICATION, AVG",19,ALL PRODUCTION PRACTICES,,,"CHEMICAL, FUNGICIDE: (PROPICONAZOLE = 122101)",IOWA,SURVEY,,,,ALL UTILIZATION PRACTICES,ALL CLASSES,2012-01-01 00:00:00.000,UNITED STATES,,IOWA,                 (D),"LB / ACRE / APPLICATION, AVG",,2010,19,ENVIRONMENTAL,00,,YEAR,IA,,CORN,STATE,FIELD CROPS,00,,ANNUAL,"CHEMICAL, FUNGICIDE",9000,00000000
APPLICATIONS,,"CORN - APPLICATIONS, MEASURED IN LB / ACRE / APPLICATION, AVG",19,ALL PRODUCTION PRACTICES,,,"CHEMICAL, FUNGICIDE: (PROTHIOCONAZOLE = 113961)",IOWA,SURVEY,,,,ALL UTILIZATION PRACTICES,ALL CLASSES,2021-05-13 15:00:30.000,UNITED STATES,,IOWA,0.115,"LB / ACRE / APPLICATION, AVG",,2021,19,ENVIRONMENTAL,00,,YEAR,IA,,CORN,STATE,FIELD CROPS,00,,ANNUAL,"CHEMICAL, FUNGICIDE",9000,00000000
APPLICATIONS,,"CORN - APPLICATIONS, MEASURED IN LB / ACRE / APPLICATION, AVG",19,ALL PRODUCTION PRACTICES,,,"CHEMICAL, FUNGICIDE: (PROTHIOCONAZOLE = 113961)",IOWA,SURVEY,,,,ALL UTILIZATION PRACTICES,ALL CLASSES,2018-05-10 15:16:25.000,UNITED STATES,,IOWA,0.04,"LB / ACRE / APPLICATION, AVG",,2018,19,ENVIRONMENTAL,00,,YEAR,IA,,CORN,STATE,FIELD CROPS,00,,ANNUAL,"CHEMICAL, FUNGICIDE",9000,00000000
APPLICATIONS,,"CORN - APPLICATIONS, MEASURED IN LB / ACRE / APPLICATION, AVG",19,ALL PRODUCTION PRACTICES,,,"CHEMICAL, FUNGICIDE: (PROTHIOCONAZOLE = 113961)",IOWA,SURVEY,,,,ALL UTILIZATION PRACTICES,ALL CLASSES,2014-05-14 15:12:54.000,UNITED STATES,,IOWA,                 (D),"LB / ACRE / APPLICATION, AVG",,2014,19,ENVIRONMENTAL,00,,YEAR,IA,,CORN,STATE,FIELD CROPS,00,,ANNUAL,"CHEMICAL, FUNGICIDE",9000,00000000
APPLICATIONS,,"CORN - APPLICATIONS, MEASURED IN LB / ACRE / APPLICATION, AVG",19,ALL PRODUCTION PRACTICES,,,"CHEMICAL, FUNGICIDE: (PYDIFLUMETOFEN = 90110)",IOWA,SURVEY,,,,ALL UTILIZATION PRACTICES,ALL CLASSES,2021-05-13 15:00:30.000,UNITED STATES,,IOWA,                 (D),"LB / ACRE / APPLICATION, AVG",,2021,19,ENVIRONMENTAL,00,,YEAR,IA,,CORN,STATE,FIELD CROPS,00,,ANNUAL,"CHEMICAL, FUNGICIDE",9000,00000000
APPLICATIONS,,"CORN - APPLICATIONS, MEASURED IN LB / ACRE / APPLICATION, AVG",19,ALL PRODUCTION PRACTICES,,,"CHEMICAL, FUNGICIDE: (PYRACLOSTROBIN = 99100)",IOWA,SURVEY,,,,ALL UTILIZATION PRACTICES,ALL CLASSES,2021-05-13 15:00:30.000,UNITED STATES,,IOWA,                 (D),"LB / ACRE / APPLICATION, AVG",,2021,19,ENVIRONMENTAL,00,,YEAR,IA,,CORN,STATE,FIELD CROPS,00,,ANNUAL,"CHEMICAL, FUNGICIDE",9000,00000000
APPLICATIONS,,"CORN - APPLICATIONS, MEASURED IN LB / ACRE / APPLICATION, AVG",19,ALL PRODUCTION PRACTICES,,,"CHEMICAL, FUNGICIDE: (PYRACLOSTROBIN = 99100)",IOWA,SURVEY,,,,ALL UTILIZATION PRACTICES,ALL CLASSES,2018-05-10 15:16:25.000,UNITED STATES,,IOWA,0.209,"LB / ACRE / APPLICATION, AVG",,2018,19,ENVIRONMENTAL,00,,YEAR,IA,,CORN,STATE,FIELD CROPS,00,,ANNUAL,"CHEMICAL, FUNGICIDE",9000,00000000
APPLICATIONS,,"CORN - APPLICATIONS, MEASURED IN LB / ACRE / APPLICATION, AVG",19,ALL PRODUCTION PRACTICES,,,"CHEMICAL, FUNGICIDE: (PYRACLOSTROBIN = 99100)",IOWA,SURVEY,,,,ALL UTILIZATION PRACTICES,ALL CLASSES,2016-08-31 14:19:39.000,UNITED STATES,,IOWA,0.112,"LB / ACRE / APPLICATION, AVG",,2016,19,ENVIRONMENTAL,00,,YEAR,IA,,CORN,STATE,FIELD CROPS,00,,ANNUAL,"CHEMICAL, FUNGICIDE",9000,00000000
APPLICATIONS,,"CORN - APPLICATIONS, MEASURED IN LB / ACRE / APPLICATION, AVG",19,ALL PRODUCTION PRACTICES,,,"CHEMICAL, FUNGICIDE: (PYRACLOSTROBIN = 99100)",IOWA,SURVEY,,,,ALL UTILIZATION PRACTICES,ALL CLASSES,2014-05-14 15:12:54.000,UNITED STATES,,IOWA,0.123,"LB / ACRE / APPLICATION, AVG",,2014,19,ENVIRONMENTAL,00,,YEAR,IA,,CORN,STATE,FIELD CROPS,00,,ANNUAL,"CHEMICAL, FUNGICIDE",9000,00000000
APPLICATIONS,,"CORN - APPLICATIONS, MEASURED IN LB / ACRE / APPLICATION, AVG",19,ALL PRODUCTION PRACTICES,,,"CHEMICAL, FUNGICIDE: (PYRACLOSTROBIN = 99100)",IOWA,SURVEY,,,,ALL UTILIZATION PRACTICES,ALL CLASSES,2012-01-01 00:00:00.000,UNITED STATES,,IOWA,0.088,"LB / ACRE / APPLICATION, AVG",,2010,19,ENVIRONMENTAL,00,,YEAR,IA,,CORN,STATE,FIELD CROPS,00,,ANNUAL,"CHEMICAL, FUNGICIDE",9000,00000000
APPLICATIONS,,"CORN - APPLICATIONS, MEASURED IN LB / ACRE / APPLICATION, AVG",19,ALL PRODUCTION PRACTICES,,,"CHEMICAL, FUNGICIDE: (TEBUCONAZOLE = 128997)",IOWA,SURVEY,,,,ALL UTILIZATION PRACTICES,ALL CLASSES,2021-05-13 15:00:30.000,UNITED STATES,,IOWA,                 (D),"LB / ACRE / APPLICATION, AVG",,2021,19,ENVIRONMENTAL,00,,YEAR,IA,,CORN,STATE,FIELD CROPS,00,,ANNUAL,"CHEMICAL, FUNGICIDE",9000,00000000
APPLICATIONS,,"CORN - APPLICATIONS, MEASURED IN LB / ACRE / APPLICATION, AVG",19,ALL PRODUCTION PRACTICES,,,"CHEMICAL, FUNGICIDE: (TEBUCONAZOLE = 128997)",IOWA,SURVEY,,,,ALL UTILIZATION PRACTICES,ALL CLASSES,2014-05-14 15:12:54.000,UNITED STATES,,IOWA,                 (D),"LB / ACRE / APPLICATION, AVG",,2014,19,ENVIRONMENTAL,00,,YEAR,IA,,CORN,STATE,FIELD CROPS,00,,ANNUAL,"CHEMICAL, FUNGICIDE",9000,00000000
APPLICATIONS,,"CORN - APPLICATIONS, MEASURED IN LB / ACRE / APPLICATION, AVG",19,ALL PRODUCTION PRACTICES,,,"CHEMICAL, FUNGICIDE: (TETRACONAZOLE = 120603)",IOWA,SURVEY,,,,ALL UTILIZATION PRACTICES,ALL CLASSES,2018-05-10 15:16:25.000,UNITED STATES,,IOWA,                 (D),"LB / ACRE / APPLICATION, AVG",,2018,19,ENVIRONMENTAL,00,,YEAR,IA,,CORN,STATE,FIELD CROPS,00,,ANNUAL,"CHEMICAL, FUNGICIDE",9000,00000000
APPLICATIONS,,"CORN - APPLICATIONS, MEASURED IN LB / ACRE / APPLICATION, AVG",19,ALL PRODUCTION PRACTICES,,,"CHEMICAL, FUNGICIDE: (TETRACONAZOLE = 120603)",IOWA,SURVEY,,,,ALL UTILIZATION PRACTICES,ALL CLASSES,2016-08-31 14:19:39.000,UNITED STATES,,IOWA,                 (D),"LB / ACRE / APPLICATION, AVG",,2016,19,ENVIRONMENTAL,00,,YEAR,IA,,CORN,STATE,FIELD CROPS,00,,ANNUAL,"CHEMICAL, FUNGICIDE",9000,00000000
APPLICATIONS,,"CORN - APPLICATIONS, MEASURED IN LB / ACRE / APPLICATION, AVG",19,ALL PRODUCTION PRACTICES,,,"CHEMICAL, FUNGICIDE: (TRIFLOXYSTROBIN = 129112)",IOWA,SURVEY,,,,ALL UTILIZATION PRACTICES,ALL CLASSES,2021-05-13 15:00:30.000,UNITED STATES,,IOWA,0.101,"LB / ACRE / APPLICATION, AVG",,2021,19,ENVIRONMENTAL,00,,YEAR,IA,,CORN,STATE,FIELD CROPS,00,,ANNUAL,"CHEMICAL, FUNGICIDE",9000,00000000
APPLICATIONS,,"CORN - APPLICATIONS, MEASURED IN LB / ACRE / APPLICATION, AVG",19,ALL PRODUCTION PRACTICES,,,"CHEMICAL, FUNGICIDE: (TRIFLOXYSTROBIN = 129112)",IOWA,SURVEY,,,,ALL UTILIZATION PRACTICES,ALL CLASSES,2018-05-10 15:16:25.000,UNITED STATES,,IOWA,0.085,"LB / ACRE / APPLICATION, AVG",,2018,19,ENVIRONMENTAL,00,,YEAR,IA,,CORN,STATE,FIELD CROPS,00,,ANNUAL,"CHEMICAL, FUNGICIDE",9000,00000000
APPLICATIONS,,"CORN - APPLICATIONS, MEASURED IN LB / ACRE / APPLICATION, AVG",19,ALL PRODUCTION PRACTICES,,,"CHEMICAL, FUNGICIDE: (TRIFLOXYSTROBIN = 129112)",IOWA,SURVEY,,,,ALL UTILIZATION PRACTICES,ALL CLASSES,2016-08-31 14:19:39.000,UNITED STATES,,IOWA,                 (D),"LB / ACRE / APPLICATION, AVG",,2016,19,ENVIRONMENTAL,00,,YEAR,IA,,CORN,STATE,FIELD CROPS,00,,ANNUAL,"CHEMICAL, FUNGICIDE",9000,00000000
APPLICATIONS,,"CORN - APPLICATIONS, MEASURED IN LB / ACRE / APPLICATION, AVG",19,ALL PRODUCTION PRACTICES,,,"CHEMICAL, FUNGICIDE: (TRIFLOXYSTROBIN = 129112)",IOWA,SURVEY,,,,ALL UTILIZATION PRACTICES,ALL CLASSES,2014-05-14 15:12:54.000,UNITED STATES,,IOWA,0.037,"LB / ACRE / APPLICATION, AVG",,2014,19,ENVIRONMENTAL,00,,YEAR,IA,,CORN,STATE,FIELD CROPS,00,,ANNUAL,"CHEMICAL, FUNGICIDE",9000,00000000
APPLICATIONS,,"CORN - APPLICATIONS, MEASURED IN LB / ACRE / APPLICATION, AVG",19,ALL PRODUCTION PRACTICES,,,"CHEMICAL, FUNGICIDE: (TRIFLOXYSTROBIN = 129112)",IOWA,SURVEY,,,,ALL UTILIZATION PRACTICES,ALL CLASSES,2012-01-01 00:00:00.000,UNITED STATES,,IOWA,                 (D),"LB / ACRE / APPLICATION, AVG",,2010,19,ENVIRONMENTAL,00,,YEAR,IA,,CORN,STATE,FIELD CROPS,00,,ANNUAL,"CHEMICAL, FUNGICIDE",9000,00000000
APPLICATIONS,,"CORN - APPLICATIONS, MEASURED IN LB / ACRE / APPLICATION, AVG",19,ALL PRODUCTION PRACTICES,,,"CHEMICAL, HERBICIDE: (2,4-D = 30001)",IOWA,SURVEY,,,,ALL UTILIZATION PRACTICES,ALL CLASSES,2012-01-01 00:00:00.000,UNITED STATES,,IOWA,                 (D),"LB / ACRE / APPLICATION, AVG",,2010,19,ENVIRONMENTAL,00,,YEAR,IA,,CORN,STATE,FIELD CROPS,00,,ANNUAL,"CHEMICAL, HERBICIDE",9000,00000000
APPLICATIONS,,"CORN - APPLICATIONS, MEASURED IN LB / ACRE / APPLICATION, AVG",19,ALL PRODUCTION PRACTICES,,,"CHEMICAL, HERBICIDE: (2,4-D = 30001)",IOWA,SURVEY,,,,ALL UTILIZATION PRACTICES,ALL CLASSES,2003-06-11 10:11:36.000,UNITED STATES,,IOWA,0.45,"LB / ACRE / APPLICATION, AVG",,2003,19,ENVIRONMENTAL,00,,YEAR,IA,,CORN,STATE,FIELD CROPS,00,,ANNUAL,"CHEMICAL, HERBICIDE",9000,00000000
APPLICATIONS,,"CORN - APPLICATIONS, MEASURED IN LB / ACRE / APPLICATION, AVG",19,ALL PRODUCTION PRACTICES,,,"CHEMICAL, HERBICIDE: (2,4-D = 30001)",IOWA,SURVEY,,,,ALL UTILIZATION PRACTICES,ALL CLASSES,2002-06-11 10:11:36.000,UNITED STATES,,IOWA,0.44,"LB / ACRE / APPLICATION, AVG",,2002,19,ENVIRONMENTAL,00,,YEAR,IA,,CORN,STATE,FIELD CROPS,00,,ANNUAL,"CHEMICAL, HERBICIDE",9000,00000000
APPLICATIONS,,"CORN - APPLICATIONS, MEASURED IN LB / ACRE / APPLICATION, AVG",19,ALL PRODUCTION PRACTICES,,,"CHEMICAL, HERBICIDE: (2,4-D = 30001)",IOWA,SURVEY,,,,ALL UTILIZATION PRACTICES,ALL CLASSES,2001-06-11 10:11:36.000,UNITED STATES,,IOWA,0.4,"LB / ACRE / APPLICATION, AVG",,2001,19,ENVIRONMENTAL,00,,YEAR,IA,,CORN,STATE,FIELD CROPS,00,,ANNUAL,"CHEMICAL, HERBICIDE",9000,00000000
APPLICATIONS,,"CORN - APPLICATIONS, MEASURED IN LB / ACRE / APPLICATION, AVG",19,ALL PRODUCTION PRACTICES,,,"CHEMICAL, HERBICIDE: (2,4-D = 30001)",IOWA,SURVEY,,,,ALL UTILIZATION PRACTICES,ALL CLASSES,2000-06-11 10:11:36.000,UNITED STATES,,IOWA,0.35,"LB / ACRE / APPLICATION, AVG",,2000,19,ENVIRONMENTAL,00,,YEAR,IA,,CORN,STATE,FIELD CROPS,00,,ANNUAL,"CHEMICAL, HERBICIDE",9000,00000000
APPLICATIONS,,"CORN - APPLICATIONS, MEASURED IN LB / ACRE / APPLICATION, AVG",19,ALL PRODUCTION PRACTICES,,,"CHEMICAL, HERBICIDE: (2,4-D, 2-EHE = 30063)",IOWA,SURVEY,,,,ALL UTILIZATION PRACTICES,ALL CLASSES,2021-05-13 15:00:30.000,UNITED STATES,,IOWA,                 (D),"LB / ACRE / APPLICATION, AVG",,2021,19,ENVIRONMENTAL,00,,YEAR,IA,,CORN,STATE,FIELD CROPS,00,,ANNUAL,"CHEMICAL, HERBICIDE",9000,00000000
APPLICATIONS,,"CORN - APPLICATIONS, MEASURED IN LB / ACRE / APPLICATION, AVG",19,ALL PRODUCTION PRACTICES,,,"CHEMICAL, HERBICIDE: (2,4-D, 2-EHE = 30063)",IOWA,SURVEY,,,,ALL UTILIZATION PRACTICES,ALL CLASSES,2018-05-10 15:16:25.000,UNITED STATES,,IOWA,                 (D),"LB / ACRE / APPLICATION, AVG",,2018,19,ENVIRONMENTAL,00,,YEAR,IA,,CORN,STATE,FIELD CROPS,00,,ANNUAL,"CHEMICAL, HERBICIDE",9000,00000000
APPLICATIONS,,"CORN - APPLICATIONS, MEASURED IN LB / ACRE / APPLICATION, AVG",19,ALL PRODUCTION PRACTICES,,,"CHEMICAL, HERBICIDE: (2,4-D, 2-EHE = 30063)",IOWA,SURVEY,,,,ALL UTILIZATION PRACTICES,ALL CLASSES,2016-08-31 14:19:39.000,UNITED STATES,,IOWA,0.363,"LB / ACRE / APPLICATION, AVG",,2016,19,ENVIRONMENTAL,00,,YEAR,IA,,CORN,STATE,FIELD CROPS,00,,ANNUAL,"CHEMICAL, HERBICIDE",9000,00000000
APPLICATIONS,,"CORN - APPLICATIONS, MEASURED IN LB / ACRE / APPLICATION, AVG",19,ALL PRODUCTION PRACTICES,,,"CHEMICAL, HERBICIDE: (2,4-D, 2-EHE = 30063)",IOWA,SURVEY,,,,ALL UTILIZATION PRACTICES,ALL CLASSES,2014-05-14 15:12:54.000,UNITED STATES,,IOWA,0.574,"LB / ACRE / APPLICATION, AVG",,2014,19,ENVIRONMENTAL,00,,YEAR,IA,,CORN,STATE,FIELD CROPS,00,,ANNUAL,"CHEMICAL, HERBICIDE",9000,00000000
APPLICATIONS,,"CORN - APPLICATIONS, MEASURED IN LB / ACRE / APPLICATION, AVG",19,ALL PRODUCTION PRACTICES,,,"CHEMICAL, HERBICIDE: (2,4-D, 2-EHE = 30063)",IOWA,SURVEY,,,,ALL UTILIZATION PRACTICES,ALL CLASSES,2012-01-01 00:00:00.000,UNITED STATES,,IOWA,0.325,"LB / ACRE / APPLICATION, AVG",,2010,19,ENVIRONMENTAL,00,,YEAR,IA,,CORN,STATE,FIELD CROPS,00,,ANNUAL,"CHEMICAL, HERBICIDE",9000,00000000
APPLICATIONS,,"CORN - APPLICATIONS, MEASURED IN LB / ACRE / APPLICATION, AVG",19,ALL PRODUCTION PRACTICES,,,"CHEMICAL, HERBICIDE: (2,4-D, 2-EHE = 30063)",IOWA,SURVEY,,,,ALL UTILIZATION PRACTICES,ALL CLASSES,2005-06-11 10:11:36.000,UNITED STATES,,IOWA,0.564,"LB / ACRE / APPLICATION, AVG",,2005,19,ENVIRONMENTAL,00,,YEAR,IA,,CORN,STATE,FIELD CROPS,00,,ANNUAL,"CHEMICAL, HERBICIDE",9000,00000000
APPLICATIONS,,"CORN - APPLICATIONS, MEASURED IN LB / ACRE / APPLICATION, AVG",19,ALL PRODUCTION PRACTICES,,,"CHEMICAL, HERBICIDE: (2,4-D, DIMETH. SALT = 30019)",IOWA,SURVEY,,,,ALL UTILIZATION PRACTICES,ALL CLASSES,2018-05-10 15:16:25.000,UNITED STATES,,IOWA,                 (D),"LB / ACRE / APPLICATION, AVG",,2018,19,ENVIRONMENTAL,00,,YEAR,IA,,CORN,STATE,FIELD CROPS,00,,ANNUAL,"CHEMICAL, HERBICIDE",9000,00000000
APPLICATIONS,,"CORN - APPLICATIONS, MEASURED IN LB / ACRE / APPLICATION, AVG",19,ALL PRODUCTION PRACTICES,,,"CHEMICAL, HERBICIDE: (2,4-D, DIMETH. SALT = 30019)",IOWA,SURVEY,,,,ALL UTILIZATION PRACTICES,ALL CLASSES,2016-08-31 14:19:39.000,UNITED STATES,,IOWA,0.483,"LB / ACRE / APPLICATION, AVG",,2016,19,ENVIRONMENTAL,00,,YEAR,IA,,CORN,STATE,FIELD CROPS,00,,ANNUAL,"CHEMICAL, HERBICIDE",9000,00000000
APPLICATIONS,,"CORN - APPLICATIONS, MEASURED IN LB / ACRE / APPLICATION, AVG",19,ALL PRODUCTION PRACTICES,,,"CHEMICAL, HERBICIDE: (2,4-D, DIMETH. SALT = 30019)",IOWA,SURVEY,,,,ALL UTILIZATION PRACTICES,ALL CLASSES,2014-05-14 15:12:54.000,UNITED STATES,,IOWA,                 (D),"LB / ACRE / APPLICATION, AVG",,2014,19,ENVIRONMENTAL,00,,YEAR,IA,,CORN,STATE,FIELD CROPS,00,,ANNUAL,"CHEMICAL, HERBICIDE",9000,00000000
APPLICATIONS,,"CORN - APPLICATIONS, MEASURED IN LB / ACRE / APPLICATION, AVG",19,ALL PRODUCTION PRACTICES,,,"CHEMICAL, HERBICIDE: (2,4-D, DIMETH. SALT = 30019)",IOWA,SURVEY,,,,ALL UTILIZATION PRACTICES,ALL CLASSES,2012-01-01 00:00:00.000,UNITED STATES,,IOWA,                 (D),"LB / ACRE / APPLICATION, AVG",,2010,19,ENVIRONMENTAL,00,,YEAR,IA,,CORN,STATE,FIELD CROPS,00,,ANNUAL,"CHEMICAL, HERBICIDE",9000,00000000
APPLICATIONS,,"CORN - APPLICATIONS, MEASURED IN LB / ACRE / APPLICATION, AVG",19,ALL PRODUCTION PRACTICES,,,"CHEMICAL, HERBICIDE: (2,4-D, ISOPROP. SALT = 30025)",IOWA,SURVEY,,,,ALL UTILIZATION PRACTICES,ALL CLASSES,2016-08-31 14:19:39.000,UNITED STATES,,IOWA,                 (D),"LB / ACRE / APPLICATION, AVG",,2016,19,ENVIRONMENTAL,00,,YEAR,IA,,CORN,STATE,FIELD CROPS,00,,ANNUAL,"CHEMICAL, HERBICIDE",9000,00000000
APPLICATIONS,,"CORN - APPLICATIONS, MEASURED IN LB / ACRE / APPLICATION, AVG",19,ALL PRODUCTION PRACTICES,,,"CHEMICAL, HERBICIDE: (2,4-DB, DIMETH. SALT = 30819)",IOWA,SURVEY,,,,ALL UTILIZATION PRACTICES,ALL CLASSES,2018-05-10 15:16:25.000,UNITED STATES,,IOWA,                 (D),"LB / ACRE / APPLICATION, AVG",,2018,19,ENVIRONMENTAL,00,,YEAR,IA,,CORN,STATE,FIELD CROPS,00,,ANNUAL,"CHEMICAL, HERBICIDE",9000,00000000
APPLICATIONS,,"CORN - APPLICATIONS, MEASURED IN LB / ACRE / APPLICATION, AVG",19,ALL PRODUCTION PRACTICES,,,"CHEMICAL, HERBICIDE: (ACETOCHLOR = 121601)",IOWA,SURVEY,,,,ALL UTILIZATION PRACTICES,ALL CLASSES,2021-05-13 15:00:30.000,UNITED STATES,,IOWA,1.262,"LB / ACRE / APPLICATION, AVG",,2021,19,ENVIRONMENTAL,00,,YEAR,IA,,CORN,STATE,FIELD CROPS,00,,ANNUAL,"CHEMICAL, HERBICIDE",9000,00000000
APPLICATIONS,,"CORN - APPLICATIONS, MEASURED IN LB / ACRE / APPLICATION, AVG",19,ALL PRODUCTION PRACTICES,,,"CHEMICAL, HERBICIDE: (ACETOCHLOR = 121601)",IOWA,SURVEY,,,,ALL UTILIZATION PRACTICES,ALL CLASSES,2018-05-10 15:16:25.000,UNITED STATES,,IOWA,1.272,"LB / ACRE / APPLICATION, AVG",,2018,19,ENVIRONMENTAL,00,,YEAR,IA,,CORN,STATE,FIELD CROPS,00,,ANNUAL,"CHEMICAL, HERBICIDE",9000,00000000
APPLICATIONS,,"CORN - APPLICATIONS, MEASURED IN LB / ACRE / APPLICATION, AVG",19,ALL PRODUCTION PRACTICES,,,"CHEMICAL, HERBICIDE: (ACETOCHLOR = 121601)",IOWA,SURVEY,,,,ALL UTILIZATION PRACTICES,ALL CLASSES,2016-08-31 14:19:39.000,UNITED STATES,,IOWA,1.432,"LB / ACRE / APPLICATION, AVG",,2016,19,ENVIRONMENTAL,00,,YEAR,IA,,CORN,STATE,FIELD CROPS,00,,ANNUAL,"CHEMICAL, HERBICIDE",9000,00000000
APPLICATIONS,,"CORN - APPLICATIONS, MEASURED IN LB / ACRE / APPLICATION, AVG",19,ALL PRODUCTION PRACTICES,,,"CHEMICAL, HERBICIDE: (ACETOCHLOR = 121601)",IOWA,SURVEY,,,,ALL UTILIZATION PRACTICES,ALL CLASSES,2014-05-14 15:12:54.000,UNITED STATES,,IOWA,1.297,"LB / ACRE / APPLICATION, AVG",,2014,19,ENVIRONMENTAL,00,,YEAR,IA,,CORN,STATE,FIELD CROPS,00,,ANNUAL,"CHEMICAL, HERBICIDE",9000,00000000
APPLICATIONS,,"CORN - APPLICATIONS, MEASURED IN LB / ACRE / APPLICATION, AVG",19,ALL PRODUCTION PRACTICES,,,"CHEMICAL, HERBICIDE: (ACETOCHLOR = 121601)",IOWA,SURVEY,,,,ALL UTILIZATION PRACTICES,ALL CLASSES,2012-01-01 00:00:00.000,UNITED STATES,,IOWA,1.28,"LB / ACRE / APPLICATION, AVG",,2010,19,ENVIRONMENTAL,00,,YEAR,IA,,CORN,STATE,FIELD CROPS,00,,ANNUAL,"CHEMICAL, HERBICIDE",9000,00000000
APPLICATIONS,,"CORN - APPLICATIONS, MEASURED IN LB / ACRE / APPLICATION, AVG",19,ALL PRODUCTION PRACTICES,,,"CHEMICAL, HERBICIDE: (ACETOCHLOR = 121601)",IOWA,SURVEY,,,,ALL UTILIZATION PRACTICES,ALL CLASSES,2005-06-11 10:11:36.000,UNITED STATES,,IOWA,1.661,"LB / ACRE / APPLICATION, AVG",,2005,19,ENVIRONMENTAL,00,,YEAR,IA,,CORN,STATE,FIELD CROPS,00,,ANNUAL,"CHEMICAL, HERBICIDE",9000,00000000
APPLICATIONS,,"CORN - APPLICATIONS, MEASURED IN LB / ACRE / APPLICATION, AVG",19,ALL PRODUCTION PRACTICES,,,"CHEMICAL, HERBICIDE: (ACETOCHLOR = 121601)",IOWA,SURVEY,,,,ALL UTILIZATION PRACTICES,ALL CLASSES,2003-06-11 10:11:36.000,UNITED STATES,,IOWA,2.06,"LB / ACRE / APPLICATION, AVG",,2003,19,ENVIRONMENTAL,00,,YEAR,IA,,CORN,STATE,FIELD CROPS,00,,ANNUAL,"CHEMICAL, HERBICIDE",9000,00000000
APPLICATIONS,,"CORN - APPLICATIONS, MEASURED IN LB / ACRE / APPLICATION, AVG",19,ALL PRODUCTION PRACTICES,,,"CHEMICAL, HERBICIDE: (ACETOCHLOR = 121601)",IOWA,SURVEY,,,,ALL UTILIZATION PRACTICES,ALL CLASSES,2002-06-11 10:11:36.000,UNITED STATES,,IOWA,1.74,"LB / ACRE / APPLICATION, AVG",,2002,19,ENVIRONMENTAL,00,,YEAR,IA,,CORN,STATE,FIELD CROPS,00,,ANNUAL,"CHEMICAL, HERBICIDE",9000,00000000
APPLICATIONS,,"CORN - APPLICATIONS, MEASURED IN LB / ACRE / APPLICATION, AVG",19,ALL PRODUCTION PRACTICES,,,"CHEMICAL, HERBICIDE: (ACETOCHLOR = 121601)",IOWA,SURVEY,,,,ALL UTILIZATION PRACTICES,ALL CLASSES,2001-06-11 10:11:36.000,UNITED STATES,,IOWA,1.93,"LB / ACRE / APPLICATION, AVG",,2001,19,ENVIRONMENTAL,00,,YEAR,IA,,CORN,STATE,FIELD CROPS,00,,ANNUAL,"CHEMICAL, HERBICIDE",9000,00000000
APPLICATIONS,,"CORN - APPLICATIONS, MEASURED IN LB / ACRE / APPLICATION, AVG",19,ALL PRODUCTION PRACTICES,,,"CHEMICAL, HERBICIDE: (ACETOCHLOR = 121601)",IOWA,SURVEY,,,,ALL UTILIZATION PRACTICES,ALL CLASSES,2000-06-11 10:11:36.000,UNITED STATES,,IOWA,1.76,"LB / ACRE / APPLICATION, AVG",,2000,19,ENVIRONMENTAL,00,,YEAR,IA,,CORN,STATE,FIELD CROPS,00,,ANNUAL,"CHEMICAL, HERBICIDE",9000,00000000
APPLICATIONS,,"CORN - APPLICATIONS, MEASURED IN LB / ACRE / APPLICATION, AVG",19,ALL PRODUCTION PRACTICES,,,"CHEMICAL, HERBICIDE: (ACIFLUORFEN, SODIUM = 114402)",IOWA,SURVEY,,,,ALL UTILIZATION PRACTICES,ALL CLASSES,2012-01-01 00:00:00.000,UNITED STATES,,IOWA,                 (D),"LB / ACRE / APPLICATION, AVG",,2010,19,ENVIRONMENTAL,00,,YEAR,IA,,CORN,STATE,FIELD CROPS,00,,ANNUAL,"CHEMICAL, HERBICIDE",9000,00000000
APPLICATIONS,,"CORN - APPLICATIONS, MEASURED IN LB / ACRE / APPLICATION, AVG",19,ALL PRODUCTION PRACTICES,,,"CHEMICAL, HERBICIDE: (ALACHLOR = 90501)",IOWA,SURVEY,,,,ALL UTILIZATION PRACTICES,ALL CLASSES,2021-05-13 15:00:30.000,UNITED STATES,,IOWA,                 (D),"LB / ACRE / APPLICATION, AVG",,2021,19,ENVIRONMENTAL,00,,YEAR,IA,,CORN,STATE,FIELD CROPS,00,,ANNUAL,"CHEMICAL, HERBICIDE",9000,00000000
APPLICATIONS,,"CORN - APPLICATIONS, MEASURED IN LB / ACRE / APPLICATION, AVG",19,ALL PRODUCTION PRACTICES,,,"CHEMICAL, HERBICIDE: (ALACHLOR = 90501)",IOWA,SURVEY,,,,ALL UTILIZATION PRACTICES,ALL CLASSES,2012-01-01 00:00:00.000,UNITED STATES,,IOWA,                 (D),"LB / ACRE / APPLICATION, AVG",,2010,19,ENVIRONMENTAL,00,,YEAR,IA,,CORN,STATE,FIELD CROPS,00,,ANNUAL,"CHEMICAL, HERBICIDE",9000,00000000
APPLICATIONS,,"CORN - APPLICATIONS, MEASURED IN LB / ACRE / APPLICATION, AVG",19,ALL PRODUCTION PRACTICES,,,"CHEMICAL, HERBICIDE: (ATRAZINE = 80803)",IOWA,SURVEY,,,,ALL UTILIZATION PRACTICES,ALL CLASSES,2021-05-13 15:00:30.000,UNITED STATES,,IOWA,0.698,"LB / ACRE / APPLICATION, AVG",,2021,19,ENVIRONMENTAL,00,,YEAR,IA,,CORN,STATE,FIELD CROPS,00,,ANNUAL,"CHEMICAL, HERBICIDE",9000,00000000
APPLICATIONS,,"CORN - APPLICATIONS, MEASURED IN LB / ACRE / APPLICATION, AVG",19,ALL PRODUCTION PRACTICES,,,"CHEMICAL, HERBICIDE: (ATRAZINE = 80803)",IOWA,SURVEY,,,,ALL UTILIZATION PRACTICES,ALL CLASSES,2018-05-10 15:16:25.000,UNITED STATES,,IOWA,0.813,"LB / ACRE / APPLICATION, AVG",,2018,19,ENVIRONMENTAL,00,,YEAR,IA,,CORN,STATE,FIELD CROPS,00,,ANNUAL,"CHEMICAL, HERBICIDE",9000,00000000
APPLICATIONS,,"CORN - APPLICATIONS, MEASURED IN LB / ACRE / APPLICATION, AVG",19,ALL PRODUCTION PRACTICES,,,"CHEMICAL, HERBICIDE: (ATRAZINE = 80803)",IOWA,SURVEY,,,,ALL UTILIZATION PRACTICES,ALL CLASSES,2016-08-31 14:19:39.000,UNITED STATES,,IOWA,0.82,"LB / ACRE / APPLICATION, AVG",,2016,19,ENVIRONMENTAL,00,,YEAR,IA,,CORN,STATE,FIELD CROPS,00,,ANNUAL,"CHEMICAL, HERBICIDE",9000,00000000
APPLICATIONS,,"CORN - APPLICATIONS, MEASURED IN LB / ACRE / APPLICATION, AVG",19,ALL PRODUCTION PRACTICES,,,"CHEMICAL, HERBICIDE: (ATRAZINE = 80803)",IOWA,SURVEY,,,,ALL UTILIZATION PRACTICES,ALL CLASSES,2014-05-14 15:12:54.000,UNITED STATES,,IOWA,0.781,"LB / ACRE / APPLICATION, AVG",,2014,19,ENVIRONMENTAL,00,,YEAR,IA,,CORN,STATE,FIELD CROPS,00,,ANNUAL,"CHEMICAL, HERBICIDE",9000,00000000
APPLICATIONS,,"CORN - APPLICATIONS, MEASURED IN LB / ACRE / APPLICATION, AVG",19,ALL PRODUCTION PRACTICES,,,"CHEMICAL, HERBICIDE: (ATRAZINE = 80803)",IOWA,SURVEY,,,,ALL UTILIZATION PRACTICES,ALL CLASSES,2012-01-01 00:00:00.000,UNITED STATES,,IOWA,0.744,"LB / ACRE / APPLICATION, AVG",,2010,19,ENVIRONMENTAL,00,,YEAR,IA,,CORN,STATE,FIELD CROPS,00,,ANNUAL,"CHEMICAL, HERBICIDE",9000,00000000
APPLICATIONS,,"CORN - APPLICATIONS, MEASURED IN LB / ACRE / APPLICATION, AVG",19,ALL PRODUCTION PRACTICES,,,"CHEMICAL, HERBICIDE: (ATRAZINE = 80803)",IOWA,SURVEY,,,,ALL UTILIZATION PRACTICES,ALL CLASSES,2005-06-11 10:11:36.000,UNITED STATES,,IOWA,0.955,"LB / ACRE / APPLICATION, AVG",,2005,19,ENVIRONMENTAL,00,,YEAR,IA,,CORN,STATE,FIELD CROPS,00,,ANNUAL,"CHEMICAL, HERBICIDE",9000,00000000
APPLICATIONS,,"CORN - APPLICATIONS, MEASURED IN LB / ACRE / APPLICATION, AVG",19,ALL PRODUCTION PRACTICES,,,"CHEMICAL, HERBICIDE: (ATRAZINE = 80803)",IOWA,SURVEY,,,,ALL UTILIZATION PRACTICES,ALL CLASSES,2003-06-11 10:11:36.000,UNITED STATES,,IOWA,0.91,"LB / ACRE / APPLICATION, AVG",,2003,19,ENVIRONMENTAL,00,,YEAR,IA,,CORN,STATE,FIELD CROPS,00,,ANNUAL,"CHEMICAL, HERBICIDE",9000,00000000
APPLICATIONS,,"CORN - APPLICATIONS, MEASURED IN LB / ACRE / APPLICATION, AVG",19,ALL PRODUCTION PRACTICES,,,"CHEMICAL, HERBICIDE: (ATRAZINE = 80803)",IOWA,SURVEY,,,,ALL UTILIZATION PRACTICES,ALL CLASSES,2002-06-11 10:11:36.000,UNITED STATES,,IOWA,0.94,"LB / ACRE / APPLICATION, AVG",,2002,19,ENVIRONMENTAL,00,,YEAR,IA,,CORN,STATE,FIELD CROPS,00,,ANNUAL,"CHEMICAL, HERBICIDE",9000,00000000
APPLICATIONS,,"CORN - APPLICATIONS, MEASURED IN LB / ACRE / APPLICATION, AVG",19,ALL PRODUCTION PRACTICES,,,"CHEMICAL, HERBICIDE: (ATRAZINE = 80803)",IOWA,SURVEY,,,,ALL UTILIZATION PRACTICES,ALL CLASSES,2001-06-11 10:11:36.000,UNITED STATES,,IOWA,0.87,"LB / ACRE / APPLICATION, AVG",,2001,19,ENVIRONMENTAL,00,,YEAR,IA,,CORN,STATE,FIELD CROPS,00,,ANNUAL,"CHEMICAL, HERBICIDE",9000,00000000
APPLICATIONS,,"CORN - APPLICATIONS, MEASURED IN LB / ACRE / APPLICATION, AVG",19,ALL PRODUCTION PRACTICES,,,"CHEMICAL, HERBICIDE: (ATRAZINE = 80803)",IOWA,SURVEY,,,,ALL UTILIZATION PRACTICES,ALL CLASSES,2000-06-11 10:11:36.000,UNITED STATES,,IOWA,0.81,"LB / ACRE / APPLICATION, AVG",,2000,19,ENVIRONMENTAL,00,,YEAR,IA,,CORN,STATE,FIELD CROPS,00,,ANNUAL,"CHEMICAL, HERBICIDE",9000,00000000
APPLICATIONS,,"CORN - APPLICATIONS, MEASURED IN LB / ACRE / APPLICATION, AVG",19,ALL PRODUCTION PRACTICES,,,"CHEMICAL, HERBICIDE: (BENTAZON = 103901)",IOWA,SURVEY,,,,ALL UTILIZATION PRACTICES,ALL CLASSES,2014-05-14 15:12:54.000,UNITED STATES,,IOWA,                 (D),"LB / ACRE / APPLICATION, AVG",,2014,19,ENVIRONMENTAL,00,,YEAR,IA,,CORN,STATE,FIELD CROPS,00,,ANNUAL,"CHEMICAL, HERBICIDE",9000,00000000
APPLICATIONS,,"CORN - APPLICATIONS, MEASURED IN LB / ACRE / APPLICATION, AVG",19,ALL PRODUCTION PRACTICES,,,"CHEMICAL, HERBICIDE: (BICYCLOPYRONE = 18986)",IOWA,SURVEY,,,,ALL UTILIZATION PRACTICES,ALL CLASSES,2021-05-13 15:00:30.000,UNITED STATES,,IOWA,                 (D),"LB / ACRE / APPLICATION, AVG",,2021,19,ENVIRONMENTAL,00,,YEAR,IA,,CORN,STATE,FIELD CROPS,00,,ANNUAL,"CHEMICAL, HERBICIDE",9000,00000000
APPLICATIONS,,"CORN - APPLICATIONS, MEASURED IN LB / ACRE / APPLICATION, AVG",19,ALL PRODUCTION PRACTICES,,,"CHEMICAL, HERBICIDE: (BICYCLOPYRONE = 18986)",IOWA,SURVEY,,,,ALL UTILIZATION PRACTICES,ALL CLASSES,2018-05-10 15:16:25.000,UNITED STATES,,IOWA,0.036,"LB / ACRE / APPLICATION, AVG",,2018,19,ENVIRONMENTAL,00,,YEAR,IA,,CORN,STATE,FIELD CROPS,00,,ANNUAL,"CHEMICAL, HERBICIDE",9000,00000000
APPLICATIONS,,"CORN - APPLICATIONS, MEASURED IN LB / ACRE / APPLICATION, AVG",19,ALL PRODUCTION PRACTICES,,,"CHEMICAL, HERBICIDE: (BICYCLOPYRONE = 18986)",IOWA,SURVEY,,,,ALL UTILIZATION PRACTICES,ALL CLASSES,2016-08-31 14:19:39.000,UNITED STATES,,IOWA,0.035,"LB / ACRE / APPLICATION, AVG",,2016,19,ENVIRONMENTAL,00,,YEAR,IA,,CORN,STATE,FIELD CROPS,00,,ANNUAL,"CHEMICAL, HERBICIDE",9000,00000000
APPLICATIONS,,"CORN - APPLICATIONS, MEASURED IN LB / ACRE / APPLICATION, AVG",19,ALL PRODUCTION PRACTICES,,,"CHEMICAL, HERBICIDE: (BROMOXYNIL = 35301)",IOWA,SURVEY,,,,ALL UTILIZATION PRACTICES,ALL CLASSES,2002-06-11 10:11:36.000,UNITED STATES,,IOWA,0.25,"LB / ACRE / APPLICATION, AVG",,2002,19,ENVIRONMENTAL,00,,YEAR,IA,,CORN,STATE,FIELD CROPS,00,,ANNUAL,"CHEMICAL, HERBICIDE",9000,00000000
APPLICATIONS,,"CORN - APPLICATIONS, MEASURED IN LB / ACRE / APPLICATION, AVG",19,ALL PRODUCTION PRACTICES,,,"CHEMICAL, HERBICIDE: (BROMOXYNIL = 35301)",IOWA,SURVEY,,,,ALL UTILIZATION PRACTICES,ALL CLASSES,2001-06-11 10:11:36.000,UNITED STATES,,IOWA,0.38,"LB / ACRE / APPLICATION, AVG",,2001,19,ENVIRONMENTAL,00,,YEAR,IA,,CORN,STATE,FIELD CROPS,00,,ANNUAL,"CHEMICAL, HERBICIDE",9000,00000000
APPLICATIONS,,"CORN - APPLICATIONS, MEASURED IN LB / ACRE / APPLICATION, AVG",19,ALL PRODUCTION PRACTICES,,,"CHEMICAL, HERBICIDE: (BROMOXYNIL = 35301)",IOWA,SURVEY,,,,ALL UTILIZATION PRACTICES,ALL CLASSES,2000-06-11 10:11:36.000,UNITED STATES,,IOWA,0.27,"LB / ACRE / APPLICATION, AVG",,2000,19,ENVIRONMENTAL,00,,YEAR,IA,,CORN,STATE,FIELD CROPS,00,,ANNUAL,"CHEMICAL, HERBICIDE",9000,00000000
APPLICATIONS,,"CORN - APPLICATIONS, MEASURED IN LB / ACRE / APPLICATION, AVG",19,ALL PRODUCTION PRACTICES,,,"CHEMICAL, HERBICIDE: (CARFENTRAZONE-ETHYL = 128712)",IOWA,SURVEY,,,,ALL UTILIZATION PRACTICES,ALL CLASSES,2000-06-11 10:11:36.000,UNITED STATES,,IOWA,0.08,"LB / ACRE / APPLICATION, AVG",,2000,19,ENVIRONMENTAL,00,,YEAR,IA,,CORN,STATE,FIELD CROPS,00,,ANNUAL,"CHEMICAL, HERBICIDE",9000,00000000
APPLICATIONS,,"CORN - APPLICATIONS, MEASURED IN LB / ACRE / APPLICATION, AVG",19,ALL PRODUCTION PRACTICES,,,"CHEMICAL, HERBICIDE: (CLOMAZONE = 125401)",IOWA,SURVEY,,,,ALL UTILIZATION PRACTICES,ALL CLASSES,2012-01-01 00:00:00.000,UNITED STATES,,IOWA,                 (D),"LB / ACRE / APPLICATION, AVG",,2010,19,ENVIRONMENTAL,00,,YEAR,IA,,CORN,STATE,FIELD CROPS,00,,ANNUAL,"CHEMICAL, HERBICIDE",9000,00000000
APPLICATIONS,,"CORN - APPLICATIONS, MEASURED IN LB / ACRE / APPLICATION, AVG",19,ALL PRODUCTION PRACTICES,,,"CHEMICAL, HERBICIDE: (CLOPYRALID = 117403)",IOWA,SURVEY,,,,ALL UTILIZATION PRACTICES,ALL CLASSES,2021-05-13 15:00:30.000,UNITED STATES,,IOWA,0.072,"LB / ACRE / APPLICATION, AVG",,2021,19,ENVIRONMENTAL,00,,YEAR,IA,,CORN,STATE,FIELD CROPS,00,,ANNUAL,"CHEMICAL, HERBICIDE",9000,00000000
APPLICATIONS,,"CORN - APPLICATIONS, MEASURED IN LB / ACRE / APPLICATION, AVG",19,ALL PRODUCTION PRACTICES,,,"CHEMICAL, HERBICIDE: (CLOPYRALID = 117403)",IOWA,SURVEY,,,,ALL UTILIZATION PRACTICES,ALL CLASSES,2018-05-10 15:16:25.000,UNITED STATES,,IOWA,0.073,"LB / ACRE / APPLICATION, AVG",,2018,19,ENVIRONMENTAL,00,,YEAR,IA,,CORN,STATE,FIELD CROPS,00,,ANNUAL,"CHEMICAL, HERBICIDE",9000,00000000
APPLICATIONS,,"CORN - APPLICATIONS, MEASURED IN LB / ACRE / APPLICATION, AVG",19,ALL PRODUCTION PRACTICES,,,"CHEMICAL, HERBICIDE: (CLOPYRALID = 117403)",IOWA,SURVEY,,,,ALL UTILIZATION PRACTICES,ALL CLASSES,2016-08-31 14:19:39.000,UNITED STATES,,IOWA,0.08,"LB / ACRE / APPLICATION, AVG",,2016,19,ENVIRONMENTAL,00,,YEAR,IA,,CORN,STATE,FIELD CROPS,00,,ANNUAL,"CHEMICAL, HERBICIDE",9000,00000000
APPLICATIONS,,"CORN - APPLICATIONS, MEASURED IN LB / ACRE / APPLICATION, AVG",19,ALL PRODUCTION PRACTICES,,,"CHEMICAL, HERBICIDE: (CLOPYRALID = 117403)",IOWA,SURVEY,,,,ALL UTILIZATION PRACTICES,ALL CLASSES,2014-05-14 15:12:54.000,UNITED STATES,,IOWA,0.079,"LB / ACRE / APPLICATION, AVG",,2014,19,ENVIRONMENTAL,00,,YEAR,IA,,CORN,STATE,FIELD CROPS,00,,ANNUAL,"CHEMICAL, HERBICIDE",9000,00000000
APPLICATIONS,,"CORN - APPLICATIONS, MEASURED IN LB / ACRE / APPLICATION, AVG",19,ALL PRODUCTION PRACTICES,,,"CHEMICAL, HERBICIDE: (CLOPYRALID = 117403)",IOWA,SURVEY,,,,ALL UTILIZATION PRACTICES,ALL CLASSES,2012-01-01 00:00:00.000,UNITED STATES,,IOWA,0.085,"LB / ACRE / APPLICATION, AVG",,2010,19,ENVIRONMENTAL,00,,YEAR,IA,,CORN,STATE,FIELD CROPS,00,,ANNUAL,"CHEMICAL, HERBICIDE",9000,00000000
APPLICATIONS,,"CORN - APPLICATIONS, MEASURED IN LB / ACRE / APPLICATION, AVG",19,ALL PRODUCTION PRACTICES,,,"CHEMICAL, HERBICIDE: (CLOPYRALID = 117403)",IOWA,SURVEY,,,,ALL UTILIZATION PRACTICES,ALL CLASSES,2005-06-11 10:11:36.000,UNITED STATES,,IOWA,0.128,"LB / ACRE / APPLICATION, AVG",,2005,19,ENVIRONMENTAL,00,,YEAR,IA,,CORN,STATE,FIELD CROPS,00,,ANNUAL,"CHEMICAL, HERBICIDE",9000,00000000
APPLICATIONS,,"CORN - APPLICATIONS, MEASURED IN LB / ACRE / APPLICATION, AVG",19,ALL PRODUCTION PRACTICES,,,"CHEMICAL, HERBICIDE: (CLOPYRALID = 117403)",IOWA,SURVEY,,,,ALL UTILIZATION PRACTICES,ALL CLASSES,2003-06-11 10:11:36.000,UNITED STATES,,IOWA,0.1,"LB / ACRE / APPLICATION, AVG",,2003,19,ENVIRONMENTAL,00,,YEAR,IA,,CORN,STATE,FIELD CROPS,00,,ANNUAL,"CHEMICAL, HERBICIDE",9000,00000000
APPLICATIONS,,"CORN - APPLICATIONS, MEASURED IN LB / ACRE / APPLICATION, AVG",19,ALL PRODUCTION PRACTICES,,,"CHEMICAL, HERBICIDE: (CLOPYRALID = 117403)",IOWA,SURVEY,,,,ALL UTILIZATION PRACTICES,ALL CLASSES,2002-06-11 10:11:36.000,UNITED STATES,,IOWA,0.1,"LB / ACRE / APPLICATION, AVG",,2002,19,ENVIRONMENTAL,00,,YEAR,IA,,CORN,STATE,FIELD CROPS,00,,ANNUAL,"CHEMICAL, HERBICIDE",9000,00000000
APPLICATIONS,,"CORN - APPLICATIONS, MEASURED IN LB / ACRE / APPLICATION, AVG",19,ALL PRODUCTION PRACTICES,,,"CHEMICAL, HERBICIDE: (CLOPYRALID = 117403)",IOWA,SURVEY,,,,ALL UTILIZATION PRACTICES,ALL CLASSES,2001-06-11 10:11:36.000,UNITED STATES,,IOWA,0.1,"LB / ACRE / APPLICATION, AVG",,2001,19,ENVIRONMENTAL,00,,YEAR,IA,,CORN,STATE,FIELD CROPS,00,,ANNUAL,"CHEMICAL, HERBICIDE",9000,00000000
APPLICATIONS,,"CORN - APPLICATIONS, MEASURED IN LB / ACRE / APPLICATION, AVG",19,ALL PRODUCTION PRACTICES,,,"CHEMICAL, HERBICIDE: (CLOPYRALID = 117403)",IOWA,SURVEY,,,,ALL UTILIZATION PRACTICES,ALL CLASSES,2000-06-11 10:11:36.000,UNITED STATES,,IOWA,0.1,"LB / ACRE / APPLICATION, AVG",,2000,19,ENVIRONMENTAL,00,,YEAR,IA,,CORN,STATE,FIELD CROPS,00,,ANNUAL,"CHEMICAL, HERBICIDE",9000,00000000
APPLICATIONS,,"CORN - APPLICATIONS, MEASURED IN LB / ACRE / APPLICATION, AVG",19,ALL PRODUCTION PRACTICES,,,"CHEMICAL, HERBICIDE: (CLOPYRALID MONO SALT = 117401)",IOWA,SURVEY,,,,ALL UTILIZATION PRACTICES,ALL CLASSES,2021-05-13 15:00:30.000,UNITED STATES,,IOWA,                 (D),"LB / ACRE / APPLICATION, AVG",,2021,19,ENVIRONMENTAL,00,,YEAR,IA,,CORN,STATE,FIELD CROPS,00,,ANNUAL,"CHEMICAL, HERBICIDE",9000,00000000
APPLICATIONS,,"CORN - APPLICATIONS, MEASURED IN LB / ACRE / APPLICATION, AVG",19,ALL PRODUCTION PRACTICES,,,"CHEMICAL, HERBICIDE: (CLOPYRALID MONO SALT = 117401)",IOWA,SURVEY,,,,ALL UTILIZATION PRACTICES,ALL CLASSES,2018-05-10 15:16:25.000,UNITED STATES,,IOWA,0.083,"LB / ACRE / APPLICATION, AVG",,2018,19,ENVIRONMENTAL,00,,YEAR,IA,,CORN,STATE,FIELD CROPS,00,,ANNUAL,"CHEMICAL, HERBICIDE",9000,00000000
APPLICATIONS,,"CORN - APPLICATIONS, MEASURED IN LB / ACRE / APPLICATION, AVG",19,ALL PRODUCTION PRACTICES,,,"CHEMICAL, HERBICIDE: (CLOPYRALID MONO SALT = 117401)",IOWA,SURVEY,,,,ALL UTILIZATION PRACTICES,ALL CLASSES,2016-08-31 14:19:39.000,UNITED STATES,,IOWA,0.07,"LB / ACRE / APPLICATION, AVG",,2016,19,ENVIRONMENTAL,00,,YEAR,IA,,CORN,STATE,FIELD CROPS,00,,ANNUAL,"CHEMICAL, HERBICIDE",9000,00000000
APPLICATIONS,,"CORN - APPLICATIONS, MEASURED IN LB / ACRE / APPLICATION, AVG",19,ALL PRODUCTION PRACTICES,,,"CHEMICAL, HERBICIDE: (CLOPYRALID MONO SALT = 117401)",IOWA,SURVEY,,,,ALL UTILIZATION PRACTICES,ALL CLASSES,2014-05-14 15:12:54.000,UNITED STATES,,IOWA,                 (D),"LB / ACRE / APPLICATION, AVG",,2014,19,ENVIRONMENTAL,00,,YEAR,IA,,CORN,STATE,FIELD CROPS,00,,ANNUAL,"CHEMICAL, HERBICIDE",9000,00000000
APPLICATIONS,,"CORN - APPLICATIONS, MEASURED IN LB / ACRE / APPLICATION, AVG",19,ALL PRODUCTION PRACTICES,,,"CHEMICAL, HERBICIDE: (CLORANSULAM-METHYL = 129116)",IOWA,SURVEY,,,,ALL UTILIZATION PRACTICES,ALL CLASSES,2018-05-10 15:16:25.000,UNITED STATES,,IOWA,                 (D),"LB / ACRE / APPLICATION, AVG",,2018,19,ENVIRONMENTAL,00,,YEAR,IA,,CORN,STATE,FIELD CROPS,00,,ANNUAL,"CHEMICAL, HERBICIDE",9000,00000000
APPLICATIONS,,"CORN - APPLICATIONS, MEASURED IN LB / ACRE / APPLICATION, AVG",19,ALL PRODUCTION PRACTICES,,,"CHEMICAL, HERBICIDE: (CLORANSULAM-METHYL = 129116)",IOWA,SURVEY,,,,ALL UTILIZATION PRACTICES,ALL CLASSES,2014-05-14 15:12:54.000,UNITED STATES,,IOWA,                 (D),"LB / ACRE / APPLICATION, AVG",,2014,19,ENVIRONMENTAL,00,,YEAR,IA,,CORN,STATE,FIELD CROPS,00,,ANNUAL,"CHEMICAL, HERBICIDE",9000,00000000
APPLICATIONS,,"CORN - APPLICATIONS, MEASURED IN LB / ACRE / APPLICATION, AVG",19,ALL PRODUCTION PRACTICES,,,"CHEMICAL, HERBICIDE: (DICAMBA = 29801)",IOWA,SURVEY,,,,ALL UTILIZATION PRACTICES,ALL CLASSES,2018-05-10 15:16:25.000,UNITED STATES,,IOWA,                 (D),"LB / ACRE / APPLICATION, AVG",,2018,19,ENVIRONMENTAL,00,,YEAR,IA,,CORN,STATE,FIELD CROPS,00,,ANNUAL,"CHEMICAL, HERBICIDE",9000,00000000
APPLICATIONS,,"CORN - APPLICATIONS, MEASURED IN LB / ACRE / APPLICATION, AVG",19,ALL PRODUCTION PRACTICES,,,"CHEMICAL, HERBICIDE: (DICAMBA = 29801)",IOWA,SURVEY,,,,ALL UTILIZATION PRACTICES,ALL CLASSES,2014-05-14 15:12:54.000,UNITED STATES,,IOWA,                 (D),"LB / ACRE / APPLICATION, AVG",,2014,19,ENVIRONMENTAL,00,,YEAR,IA,,CORN,STATE,FIELD CROPS,00,,ANNUAL,"CHEMICAL, HERBICIDE",9000,00000000
APPLICATIONS,,"CORN - APPLICATIONS, MEASURED IN LB / ACRE / APPLICATION, AVG",19,ALL PRODUCTION PRACTICES,,,"CHEMICAL, HERBICIDE: (DICAMBA = 29801)",IOWA,SURVEY,,,,ALL UTILIZATION PRACTICES,ALL CLASSES,2003-06-11 10:11:36.000,UNITED STATES,,IOWA,0.19,"LB / ACRE / APPLICATION, AVG",,2003,19,ENVIRONMENTAL,00,,YEAR,IA,,CORN,STATE,FIELD CROPS,00,,ANNUAL,"CHEMICAL, HERBICIDE",9000,00000000
APPLICATIONS,,"CORN - APPLICATIONS, MEASURED IN LB / ACRE / APPLICATION, AVG",19,ALL PRODUCTION PRACTICES,,,"CHEMICAL, HERBICIDE: (DICAMBA = 29801)",IOWA,SURVEY,,,,ALL UTILIZATION PRACTICES,ALL CLASSES,2002-06-11 10:11:36.000,UNITED STATES,,IOWA,0.17,"LB / ACRE / APPLICATION, AVG",,2002,19,ENVIRONMENTAL,00,,YEAR,IA,,CORN,STATE,FIELD CROPS,00,,ANNUAL,"CHEMICAL, HERBICIDE",9000,00000000
APPLICATIONS,,"CORN - APPLICATIONS, MEASURED IN LB / ACRE / APPLICATION, AVG",19,ALL PRODUCTION PRACTICES,,,"CHEMICAL, HERBICIDE: (DICAMBA = 29801)",IOWA,SURVEY,,,,ALL UTILIZATION PRACTICES,ALL CLASSES,2001-06-11 10:11:36.000,UNITED STATES,,IOWA,0.21,"LB / ACRE / APPLICATION, AVG",,2001,19,ENVIRONMENTAL,00,,YEAR,IA,,CORN,STATE,FIELD CROPS,00,,ANNUAL,"CHEMICAL, HERBICIDE",9000,00000000
APPLICATIONS,,"CORN - APPLICATIONS, MEASURED IN LB / ACRE / APPLICATION, AVG",19,ALL PRODUCTION PRACTICES,,,"CHEMICAL, HERBICIDE: (DICAMBA = 29801)",IOWA,SURVEY,,,,ALL UTILIZATION PRACTICES,ALL CLASSES,2000-06-11 10:11:36.000,UNITED STATES,,IOWA,0.23,"LB / ACRE / APPLICATION, AVG",,2000,19,ENVIRONMENTAL,00,,YEAR,IA,,CORN,STATE,FIELD CROPS,00,,ANNUAL,"CHEMICAL, HERBICIDE",9000,00000000
APPLICATIONS,,"CORN - APPLICATIONS, MEASURED IN LB / ACRE / APPLICATION, AVG",19,ALL PRODUCTION PRACTICES,,,"CHEMICAL, HERBICIDE: (DICAMBA BAPMA SALT = 100094)",IOWA,SURVEY,,,,ALL UTILIZATION PRACTICES,ALL CLASSES,2018-05-10 15:16:25.000,UNITED STATES,,IOWA,                 (D),"LB / ACRE / APPLICATION, AVG",,2018,19,ENVIRONMENTAL,00,,YEAR,IA,,CORN,STATE,FIELD CROPS,00,,ANNUAL,"CHEMICAL, HERBICIDE",9000,00000000
APPLICATIONS,,"CORN - APPLICATIONS, MEASURED IN LB / ACRE / APPLICATION, AVG",19,ALL PRODUCTION PRACTICES,,,"CHEMICAL, HERBICIDE: (DICAMBA, DIGLY. SALT = 128931)",IOWA,SURVEY,,,,ALL UTILIZATION PRACTICES,ALL CLASSES,2021-05-13 15:00:30.000,UNITED STATES,,IOWA,0.18,"LB / ACRE / APPLICATION, AVG",,2021,19,ENVIRONMENTAL,00,,YEAR,IA,,CORN,STATE,FIELD CROPS,00,,ANNUAL,"CHEMICAL, HERBICIDE",9000,00000000
APPLICATIONS,,"CORN - APPLICATIONS, MEASURED IN LB / ACRE / APPLICATION, AVG",19,ALL PRODUCTION PRACTICES,,,"CHEMICAL, HERBICIDE: (DICAMBA, DIGLY. SALT = 128931)",IOWA,SURVEY,,,,ALL UTILIZATION PRACTICES,ALL CLASSES,2018-05-10 15:16:25.000,UNITED STATES,,IOWA,0.511,"LB / ACRE / APPLICATION, AVG",,2018,19,ENVIRONMENTAL,00,,YEAR,IA,,CORN,STATE,FIELD CROPS,00,,ANNUAL,"CHEMICAL, HERBICIDE",9000,00000000
APPLICATIONS,,"CORN - APPLICATIONS, MEASURED IN LB / ACRE / APPLICATION, AVG",19,ALL PRODUCTION PRACTICES,,,"CHEMICAL, HERBICIDE: (DICAMBA, DIGLY. SALT = 128931)",IOWA,SURVEY,,,,ALL UTILIZATION PRACTICES,ALL CLASSES,2016-08-31 14:19:39.000,UNITED STATES,,IOWA,                 (D),"LB / ACRE / APPLICATION, AVG",,2016,19,ENVIRONMENTAL,00,,YEAR,IA,,CORN,STATE,FIELD CROPS,00,,ANNUAL,"CHEMICAL, HERBICIDE",9000,00000000
APPLICATIONS,,"CORN - APPLICATIONS, MEASURED IN LB / ACRE / APPLICATION, AVG",19,ALL PRODUCTION PRACTICES,,,"CHEMICAL, HERBICIDE: (DICAMBA, DIMET. SALT = 29802)",IOWA,SURVEY,,,,ALL UTILIZATION PRACTICES,ALL CLASSES,2014-05-14 15:12:54.000,UNITED STATES,,IOWA,                 (D),"LB / ACRE / APPLICATION, AVG",,2014,19,ENVIRONMENTAL,00,,YEAR,IA,,CORN,STATE,FIELD CROPS,00,,ANNUAL,"CHEMICAL, HERBICIDE",9000,00000000
APPLICATIONS,,"CORN - APPLICATIONS, MEASURED IN LB / ACRE / APPLICATION, AVG",19,ALL PRODUCTION PRACTICES,,,"CHEMICAL, HERBICIDE: (DICAMBA, DIMET. SALT = 29802)",IOWA,SURVEY,,,,ALL UTILIZATION PRACTICES,ALL CLASSES,2003-06-11 10:11:36.000,UNITED STATES,,IOWA,0.1,"LB / ACRE / APPLICATION, AVG",,2003,19,ENVIRONMENTAL,00,,YEAR,IA,,CORN,STATE,FIELD CROPS,00,,ANNUAL,"CHEMICAL, HERBICIDE",9000,00000000
APPLICATIONS,,"CORN - APPLICATIONS, MEASURED IN LB / ACRE / APPLICATION, AVG",19,ALL PRODUCTION PRACTICES,,,"CHEMICAL, HERBICIDE: (DICAMBA, DIMET. SALT = 29802)",IOWA,SURVEY,,,,ALL UTILIZATION PRACTICES,ALL CLASSES,2002-06-11 10:11:36.000,UNITED STATES,,IOWA,0.12,"LB / ACRE / APPLICATION, AVG",,2002,19,ENVIRONMENTAL,00,,YEAR,IA,,CORN,STATE,FIELD CROPS,00,,ANNUAL,"CHEMICAL, HERBICIDE",9000,00000000
APPLICATIONS,,"CORN - APPLICATIONS, MEASURED IN LB / ACRE / APPLICATION, AVG",19,ALL PRODUCTION PRACTICES,,,"CHEMICAL, HERBICIDE: (DICAMBA, DIMET. SALT = 29802)",IOWA,SURVEY,,,,ALL UTILIZATION PRACTICES,ALL CLASSES,2001-06-11 10:11:36.000,UNITED STATES,,IOWA,0.09,"LB / ACRE / APPLICATION, AVG",,2001,19,ENVIRONMENTAL,00,,YEAR,IA,,CORN,STATE,FIELD CROPS,00,,ANNUAL,"CHEMICAL, HERBICIDE",9000,00000000
APPLICATIONS,,"CORN - APPLICATIONS, MEASURED IN LB / ACRE / APPLICATION, AVG",19,ALL PRODUCTION PRACTICES,,,"CHEMICAL, HERBICIDE: (DICAMBA, DIMET. SALT = 29802)",IOWA,SURVEY,,,,ALL UTILIZATION PRACTICES,ALL CLASSES,2000-06-11 10:11:36.000,UNITED STATES,,IOWA,0.06,"LB / ACRE / APPLICATION, AVG",,2000,19,ENVIRONMENTAL,00,,YEAR,IA,,CORN,STATE,FIELD CROPS,00,,ANNUAL,"CHEMICAL, HERBICIDE",9000,00000000
APPLICATIONS,,"CORN - APPLICATIONS, MEASURED IN LB / ACRE / APPLICATION, AVG",19,ALL PRODUCTION PRACTICES,,,"CHEMICAL, HERBICIDE: (DICAMBA, POT. SALT = 129043)",IOWA,SURVEY,,,,ALL UTILIZATION PRACTICES,ALL CLASSES,2005-06-11 10:11:36.000,UNITED STATES,,IOWA,0.391,"LB / ACRE / APPLICATION, AVG",,2005,19,ENVIRONMENTAL,00,,YEAR,IA,,CORN,STATE,FIELD CROPS,00,,ANNUAL,"CHEMICAL, HERBICIDE",9000,00000000
APPLICATIONS,,"CORN - APPLICATIONS, MEASURED IN LB / ACRE / APPLICATION, AVG",19,ALL PRODUCTION PRACTICES,,,"CHEMICAL, HERBICIDE: (DICAMBA, POT. SALT = 129043)",IOWA,SURVEY,,,,ALL UTILIZATION PRACTICES,ALL CLASSES,2002-06-11 10:11:36.000,UNITED STATES,,IOWA,0.31,"LB / ACRE / APPLICATION, AVG",,2002,19,ENVIRONMENTAL,00,,YEAR,IA,,CORN,STATE,FIELD CROPS,00,,ANNUAL,"CHEMICAL, HERBICIDE",9000,00000000
APPLICATIONS,,"CORN - APPLICATIONS, MEASURED IN LB / ACRE / APPLICATION, AVG",19,ALL PRODUCTION PRACTICES,,,"CHEMICAL, HERBICIDE: (DICAMBA, POT. SALT = 129043)",IOWA,SURVEY,,,,ALL UTILIZATION PRACTICES,ALL CLASSES,2001-06-11 10:11:36.000,UNITED STATES,,IOWA,0.35,"LB / ACRE / APPLICATION, AVG",,2001,19,ENVIRONMENTAL,00,,YEAR,IA,,CORN,STATE,FIELD CROPS,00,,ANNUAL,"CHEMICAL, HERBICIDE",9000,00000000
APPLICATIONS,,"CORN - APPLICATIONS, MEASURED IN LB / ACRE / APPLICATION, AVG",19,ALL PRODUCTION PRACTICES,,,"CHEMICAL, HERBICIDE: (DICAMBA, POT. SALT = 129043)",IOWA,SURVEY,,,,ALL UTILIZATION PRACTICES,ALL CLASSES,2000-06-11 10:11:36.000,UNITED STATES,,IOWA,0.37,"LB / ACRE / APPLICATION, AVG",,2000,19,ENVIRONMENTAL,00,,YEAR,IA,,CORN,STATE,FIELD CROPS,00,,ANNUAL,"CHEMICAL, HERBICIDE",9000,00000000
APPLICATIONS,,"CORN - APPLICATIONS, MEASURED IN LB / ACRE / APPLICATION, AVG",19,ALL PRODUCTION PRACTICES,,,"CHEMICAL, HERBICIDE: (DICAMBA, SODIUM SALT = 29806)",IOWA,SURVEY,,,,ALL UTILIZATION PRACTICES,ALL CLASSES,2021-05-13 15:00:30.000,UNITED STATES,,IOWA,                 (D),"LB / ACRE / APPLICATION, AVG",,2021,19,ENVIRONMENTAL,00,,YEAR,IA,,CORN,STATE,FIELD CROPS,00,,ANNUAL,"CHEMICAL, HERBICIDE",9000,00000000
APPLICATIONS,,"CORN - APPLICATIONS, MEASURED IN LB / ACRE / APPLICATION, AVG",19,ALL PRODUCTION PRACTICES,,,"CHEMICAL, HERBICIDE: (DICAMBA, SODIUM SALT = 29806)",IOWA,SURVEY,,,,ALL UTILIZATION PRACTICES,ALL CLASSES,2018-05-10 15:16:25.000,UNITED STATES,,IOWA,0.093,"LB / ACRE / APPLICATION, AVG",,2018,19,ENVIRONMENTAL,00,,YEAR,IA,,CORN,STATE,FIELD CROPS,00,,ANNUAL,"CHEMICAL, HERBICIDE",9000,00000000
APPLICATIONS,,"CORN - APPLICATIONS, MEASURED IN LB / ACRE / APPLICATION, AVG",19,ALL PRODUCTION PRACTICES,,,"CHEMICAL, HERBICIDE: (DICAMBA, SODIUM SALT = 29806)",IOWA,SURVEY,,,,ALL UTILIZATION PRACTICES,ALL CLASSES,2016-08-31 14:19:39.000,UNITED STATES,,IOWA,0.078,"LB / ACRE / APPLICATION, AVG",,2016,19,ENVIRONMENTAL,00,,YEAR,IA,,CORN,STATE,FIELD CROPS,00,,ANNUAL,"CHEMICAL, HERBICIDE",9000,00000000
APPLICATIONS,,"CORN - APPLICATIONS, MEASURED IN LB / ACRE / APPLICATION, AVG",19,ALL PRODUCTION PRACTICES,,,"CHEMICAL, HERBICIDE: (DICAMBA, SODIUM SALT = 29806)",IOWA,SURVEY,,,,ALL UTILIZATION PRACTICES,ALL CLASSES,2014-05-14 15:12:54.000,UNITED STATES,,IOWA,0.104,"LB / ACRE / APPLICATION, AVG",,2014,19,ENVIRONMENTAL,00,,YEAR,IA,,CORN,STATE,FIELD CROPS,00,,ANNUAL,"CHEMICAL, HERBICIDE",9000,00000000
APPLICATIONS,,"CORN - APPLICATIONS, MEASURED IN LB / ACRE / APPLICATION, AVG",19,ALL PRODUCTION PRACTICES,,,"CHEMICAL, HERBICIDE: (DICAMBA, SODIUM SALT = 29806)",IOWA,SURVEY,,,,ALL UTILIZATION PRACTICES,ALL CLASSES,2012-01-01 00:00:00.000,UNITED STATES,,IOWA,0.062,"LB / ACRE / APPLICATION, AVG",,2010,19,ENVIRONMENTAL,00,,YEAR,IA,,CORN,STATE,FIELD CROPS,00,,ANNUAL,"CHEMICAL, HERBICIDE",9000,00000000
APPLICATIONS,,"CORN - APPLICATIONS, MEASURED IN LB / ACRE / APPLICATION, AVG",19,ALL PRODUCTION PRACTICES,,,"CHEMICAL, HERBICIDE: (DICAMBA, SODIUM SALT = 29806)",IOWA,SURVEY,,,,ALL UTILIZATION PRACTICES,ALL CLASSES,2005-06-11 10:11:36.000,UNITED STATES,,IOWA,0.122,"LB / ACRE / APPLICATION, AVG",,2005,19,ENVIRONMENTAL,00,,YEAR,IA,,CORN,STATE,FIELD CROPS,00,,ANNUAL,"CHEMICAL, HERBICIDE",9000,00000000
APPLICATIONS,,"CORN - APPLICATIONS, MEASURED IN LB / ACRE / APPLICATION, AVG",19,ALL PRODUCTION PRACTICES,,,"CHEMICAL, HERBICIDE: (DICAMBA, SODIUM SALT = 29806)",IOWA,SURVEY,,,,ALL UTILIZATION PRACTICES,ALL CLASSES,2003-06-11 10:11:36.000,UNITED STATES,,IOWA,0.12,"LB / ACRE / APPLICATION, AVG",,2003,19,ENVIRONMENTAL,00,,YEAR,IA,,CORN,STATE,FIELD CROPS,00,,ANNUAL,"CHEMICAL, HERBICIDE",9000,00000000
APPLICATIONS,,"CORN - APPLICATIONS, MEASURED IN LB / ACRE / APPLICATION, AVG",19,ALL PRODUCTION PRACTICES,,,"CHEMICAL, HERBICIDE: (DIFLUFENZOPYR-SODIUM = 5107)",IOWA,SURVEY,,,,ALL UTILIZATION PRACTICES,ALL CLASSES,2021-05-13 15:00:30.000,UNITED STATES,,IOWA,                 (D),"LB / ACRE / APPLICATION, AVG",,2021,19,ENVIRONMENTAL,00,,YEAR,IA,,CORN,STATE,FIELD CROPS,00,,ANNUAL,"CHEMICAL, HERBICIDE",9000,00000000
APPLICATIONS,,"CORN - APPLICATIONS, MEASURED IN LB / ACRE / APPLICATION, AVG",19,ALL PRODUCTION PRACTICES,,,"CHEMICAL, HERBICIDE: (DIFLUFENZOPYR-SODIUM = 5107)",IOWA,SURVEY,,,,ALL UTILIZATION PRACTICES,ALL CLASSES,2018-05-10 15:16:25.000,UNITED STATES,,IOWA,0.037,"LB / ACRE / APPLICATION, AVG",,2018,19,ENVIRONMENTAL,00,,YEAR,IA,,CORN,STATE,FIELD CROPS,00,,ANNUAL,"CHEMICAL, HERBICIDE",9000,00000000
APPLICATIONS,,"CORN - APPLICATIONS, MEASURED IN LB / ACRE / APPLICATION, AVG",19,ALL PRODUCTION PRACTICES,,,"CHEMICAL, HERBICIDE: (DIFLUFENZOPYR-SODIUM = 5107)",IOWA,SURVEY,,,,ALL UTILIZATION PRACTICES,ALL CLASSES,2016-08-31 14:19:39.000,UNITED STATES,,IOWA,0.031,"LB / ACRE / APPLICATION, AVG",,2016,19,ENVIRONMENTAL,00,,YEAR,IA,,CORN,STATE,FIELD CROPS,00,,ANNUAL,"CHEMICAL, HERBICIDE",9000,00000000
APPLICATIONS,,"CORN - APPLICATIONS, MEASURED IN LB / ACRE / APPLICATION, AVG",19,ALL PRODUCTION PRACTICES,,,"CHEMICAL, HERBICIDE: (DIFLUFENZOPYR-SODIUM = 5107)",IOWA,SURVEY,,,,ALL UTILIZATION PRACTICES,ALL CLASSES,2014-05-14 15:12:54.000,UNITED STATES,,IOWA,0.041,"LB / ACRE / APPLICATION, AVG",,2014,19,ENVIRONMENTAL,00,,YEAR,IA,,CORN,STATE,FIELD CROPS,00,,ANNUAL,"CHEMICAL, HERBICIDE",9000,00000000
APPLICATIONS,,"CORN - APPLICATIONS, MEASURED IN LB / ACRE / APPLICATION, AVG",19,ALL PRODUCTION PRACTICES,,,"CHEMICAL, HERBICIDE: (DIFLUFENZOPYR-SODIUM = 5107)",IOWA,SURVEY,,,,ALL UTILIZATION PRACTICES,ALL CLASSES,2012-01-01 00:00:00.000,UNITED STATES,,IOWA,0.024,"LB / ACRE / APPLICATION, AVG",,2010,19,ENVIRONMENTAL,00,,YEAR,IA,,CORN,STATE,FIELD CROPS,00,,ANNUAL,"CHEMICAL, HERBICIDE",9000,00000000
APPLICATIONS,,"CORN - APPLICATIONS, MEASURED IN LB / ACRE / APPLICATION, AVG",19,ALL PRODUCTION PRACTICES,,,"CHEMICAL, HERBICIDE: (DIFLUFENZOPYR-SODIUM = 5107)",IOWA,SURVEY,,,,ALL UTILIZATION PRACTICES,ALL CLASSES,2005-06-11 10:11:36.000,UNITED STATES,,IOWA,0.049,"LB / ACRE / APPLICATION, AVG",,2005,19,ENVIRONMENTAL,00,,YEAR,IA,,CORN,STATE,FIELD CROPS,00,,ANNUAL,"CHEMICAL, HERBICIDE",9000,00000000
APPLICATIONS,,"CORN - APPLICATIONS, MEASURED IN LB / ACRE / APPLICATION, AVG",19,ALL PRODUCTION PRACTICES,,,"CHEMICAL, HERBICIDE: (DIFLUFENZOPYR-SODIUM = 5107)",IOWA,SURVEY,,,,ALL UTILIZATION PRACTICES,ALL CLASSES,2003-06-11 10:11:36.000,UNITED STATES,,IOWA,0.04,"LB / ACRE / APPLICATION, AVG",,2003,19,ENVIRONMENTAL,00,,YEAR,IA,,CORN,STATE,FIELD CROPS,00,,ANNUAL,"CHEMICAL, HERBICIDE",9000,00000000
APPLICATIONS,,"CORN - APPLICATIONS, MEASURED IN LB / ACRE / APPLICATION, AVG",19,ALL PRODUCTION PRACTICES,,,"CHEMICAL, HERBICIDE: (DIFLUFENZOPYR-SODIUM = 5107)",IOWA,SURVEY,,,,ALL UTILIZATION PRACTICES,ALL CLASSES,2002-06-11 10:11:36.000,UNITED STATES,,IOWA,0.05,"LB / ACRE / APPLICATION, AVG",,2002,19,ENVIRONMENTAL,00,,YEAR,IA,,CORN,STATE,FIELD CROPS,00,,ANNUAL,"CHEMICAL, HERBICIDE",9000,00000000
APPLICATIONS,,"CORN - APPLICATIONS, MEASURED IN LB / ACRE / APPLICATION, AVG",19,ALL PRODUCTION PRACTICES,,,"CHEMICAL, HERBICIDE: (DIFLUFENZOPYR-SODIUM = 5107)",IOWA,SURVEY,,,,ALL UTILIZATION PRACTICES,ALL CLASSES,2001-06-11 10:11:36.000,UNITED STATES,,IOWA,0.04,"LB / ACRE / APPLICATION, AVG",,2001,19,ENVIRONMENTAL,00,,YEAR,IA,,CORN,STATE,FIELD CROPS,00,,ANNUAL,"CHEMICAL, HERBICIDE",9000,00000000
APPLICATIONS,,"CORN - APPLICATIONS, MEASURED IN LB / ACRE / APPLICATION, AVG",19,ALL PRODUCTION PRACTICES,,,"CHEMICAL, HERBICIDE: (DIFLUFENZOPYR-SODIUM = 5107)",IOWA,SURVEY,,,,ALL UTILIZATION PRACTICES,ALL CLASSES,2000-06-11 10:11:36.000,UNITED STATES,,IOWA,0.03,"LB / ACRE / APPLICATION, AVG",,2000,19,ENVIRONMENTAL,00,,YEAR,IA,,CORN,STATE,FIELD CROPS,00,,ANNUAL,"CHEMICAL, HERBICIDE",9000,00000000
APPLICATIONS,,"CORN - APPLICATIONS, MEASURED IN LB / ACRE / APPLICATION, AVG",19,ALL PRODUCTION PRACTICES,,,"CHEMICAL, HERBICIDE: (DIMETHENAMID = 129051)",IOWA,SURVEY,,,,ALL UTILIZATION PRACTICES,ALL CLASSES,2014-05-14 15:12:54.000,UNITED STATES,,IOWA,                 (D),"LB / ACRE / APPLICATION, AVG",,2014,19,ENVIRONMENTAL,00,,YEAR,IA,,CORN,STATE,FIELD CROPS,00,,ANNUAL,"CHEMICAL, HERBICIDE",9000,00000000
APPLICATIONS,,"CORN - APPLICATIONS, MEASURED IN LB / ACRE / APPLICATION, AVG",19,ALL PRODUCTION PRACTICES,,,"CHEMICAL, HERBICIDE: (DIMETHENAMID = 129051)",IOWA,SURVEY,,,,ALL UTILIZATION PRACTICES,ALL CLASSES,2012-01-01 00:00:00.000,UNITED STATES,,IOWA,                 (D),"LB / ACRE / APPLICATION, AVG",,2010,19,ENVIRONMENTAL,00,,YEAR,IA,,CORN,STATE,FIELD CROPS,00,,ANNUAL,"CHEMICAL, HERBICIDE",9000,00000000
APPLICATIONS,,"CORN - APPLICATIONS, MEASURED IN LB / ACRE / APPLICATION, AVG",19,ALL PRODUCTION PRACTICES,,,"CHEMICAL, HERBICIDE: (DIMETHENAMID = 129051)",IOWA,SURVEY,,,,ALL UTILIZATION PRACTICES,ALL CLASSES,2002-06-11 10:11:36.000,UNITED STATES,,IOWA,1.16,"LB / ACRE / APPLICATION, AVG",,2002,19,ENVIRONMENTAL,00,,YEAR,IA,,CORN,STATE,FIELD CROPS,00,,ANNUAL,"CHEMICAL, HERBICIDE",9000,00000000
APPLICATIONS,,"CORN - APPLICATIONS, MEASURED IN LB / ACRE / APPLICATION, AVG",19,ALL PRODUCTION PRACTICES,,,"CHEMICAL, HERBICIDE: (DIMETHENAMID = 129051)",IOWA,SURVEY,,,,ALL UTILIZATION PRACTICES,ALL CLASSES,2001-06-11 10:11:36.000,UNITED STATES,,IOWA,0.8,"LB / ACRE / APPLICATION, AVG",,2001,19,ENVIRONMENTAL,00,,YEAR,IA,,CORN,STATE,FIELD CROPS,00,,ANNUAL,"CHEMICAL, HERBICIDE",9000,00000000
APPLICATIONS,,"CORN - APPLICATIONS, MEASURED IN LB / ACRE / APPLICATION, AVG",19,ALL PRODUCTION PRACTICES,,,"CHEMICAL, HERBICIDE: (DIMETHENAMID = 129051)",IOWA,SURVEY,,,,ALL UTILIZATION PRACTICES,ALL CLASSES,2000-06-11 10:11:36.000,UNITED STATES,,IOWA,1.18,"LB / ACRE / APPLICATION, AVG",,2000,19,ENVIRONMENTAL,00,,YEAR,IA,,CORN,STATE,FIELD CROPS,00,,ANNUAL,"CHEMICAL, HERBICIDE",9000,00000000
APPLICATIONS,,"CORN - APPLICATIONS, MEASURED IN LB / ACRE / APPLICATION, AVG",19,ALL PRODUCTION PRACTICES,,,"CHEMICAL, HERBICIDE: (DIMETHENAMID-P = 120051)",IOWA,SURVEY,,,,ALL UTILIZATION PRACTICES,ALL CLASSES,2021-05-13 15:00:30.000,UNITED STATES,,IOWA,                 (D),"LB / ACRE / APPLICATION, AVG",,2021,19,ENVIRONMENTAL,00,,YEAR,IA,,CORN,STATE,FIELD CROPS,00,,ANNUAL,"CHEMICAL, HERBICIDE",9000,00000000
APPLICATIONS,,"CORN - APPLICATIONS, MEASURED IN LB / ACRE / APPLICATION, AVG",19,ALL PRODUCTION PRACTICES,,,"CHEMICAL, HERBICIDE: (DIMETHENAMID-P = 120051)",IOWA,SURVEY,,,,ALL UTILIZATION PRACTICES,ALL CLASSES,2018-05-10 15:16:25.000,UNITED STATES,,IOWA,0.62,"LB / ACRE / APPLICATION, AVG",,2018,19,ENVIRONMENTAL,00,,YEAR,IA,,CORN,STATE,FIELD CROPS,00,,ANNUAL,"CHEMICAL, HERBICIDE",9000,00000000
APPLICATIONS,,"CORN - APPLICATIONS, MEASURED IN LB / ACRE / APPLICATION, AVG",19,ALL PRODUCTION PRACTICES,,,"CHEMICAL, HERBICIDE: (DIMETHENAMID-P = 120051)",IOWA,SURVEY,,,,ALL UTILIZATION PRACTICES,ALL CLASSES,2016-08-31 14:19:39.000,UNITED STATES,,IOWA,0.461,"LB / ACRE / APPLICATION, AVG",,2016,19,ENVIRONMENTAL,00,,YEAR,IA,,CORN,STATE,FIELD CROPS,00,,ANNUAL,"CHEMICAL, HERBICIDE",9000,00000000
APPLICATIONS,,"CORN - APPLICATIONS, MEASURED IN LB / ACRE / APPLICATION, AVG",19,ALL PRODUCTION PRACTICES,,,"CHEMICAL, HERBICIDE: (DIMETHENAMID-P = 120051)",IOWA,SURVEY,,,,ALL UTILIZATION PRACTICES,ALL CLASSES,2014-05-14 15:12:54.000,UNITED STATES,,IOWA,0.686,"LB / ACRE / APPLICATION, AVG",,2014,19,ENVIRONMENTAL,00,,YEAR,IA,,CORN,STATE,FIELD CROPS,00,,ANNUAL,"CHEMICAL, HERBICIDE",9000,00000000
APPLICATIONS,,"CORN - APPLICATIONS, MEASURED IN LB / ACRE / APPLICATION, AVG",19,ALL PRODUCTION PRACTICES,,,"CHEMICAL, HERBICIDE: (DIMETHENAMID-P = 120051)",IOWA,SURVEY,,,,ALL UTILIZATION PRACTICES,ALL CLASSES,2012-01-01 00:00:00.000,UNITED STATES,,IOWA,0.521,"LB / ACRE / APPLICATION, AVG",,2010,19,ENVIRONMENTAL,00,,YEAR,IA,,CORN,STATE,FIELD CROPS,00,,ANNUAL,"CHEMICAL, HERBICIDE",9000,00000000
APPLICATIONS,,"CORN - APPLICATIONS, MEASURED IN LB / ACRE / APPLICATION, AVG",19,ALL PRODUCTION PRACTICES,,,"CHEMICAL, HERBICIDE: (DIMETHENAMID-P = 120051)",IOWA,SURVEY,,,,ALL UTILIZATION PRACTICES,ALL CLASSES,2005-06-11 10:11:36.000,UNITED STATES,,IOWA,0.746,"LB / ACRE / APPLICATION, AVG",,2005,19,ENVIRONMENTAL,00,,YEAR,IA,,CORN,STATE,FIELD CROPS,00,,ANNUAL,"CHEMICAL, HERBICIDE",9000,00000000
APPLICATIONS,,"CORN - APPLICATIONS, MEASURED IN LB / ACRE / APPLICATION, AVG",19,ALL PRODUCTION PRACTICES,,,"CHEMICAL, HERBICIDE: (DIMETHENAMID-P = 120051)",IOWA,SURVEY,,,,ALL UTILIZATION PRACTICES,ALL CLASSES,2003-06-11 10:11:36.000,UNITED STATES,,IOWA,0.46,"LB / ACRE / APPLICATION, AVG",,2003,19,ENVIRONMENTAL,00,,YEAR,IA,,CORN,STATE,FIELD CROPS,00,,ANNUAL,"CHEMICAL, HERBICIDE",9000,00000000
APPLICATIONS,,"CORN - APPLICATIONS, MEASURED IN LB / ACRE / APPLICATION, AVG",19,ALL PRODUCTION PRACTICES,,,"CHEMICAL, HERBICIDE: (DIMETHENAMID-P = 120051)",IOWA,SURVEY,,,,ALL UTILIZATION PRACTICES,ALL CLASSES,2002-06-11 10:11:36.000,UNITED STATES,,IOWA,0.79,"LB / ACRE / APPLICATION, AVG",,2002,19,ENVIRONMENTAL,00,,YEAR,IA,,CORN,STATE,FIELD CROPS,00,,ANNUAL,"CHEMICAL, HERBICIDE",9000,00000000
APPLICATIONS,,"CORN - APPLICATIONS, MEASURED IN LB / ACRE / APPLICATION, AVG",19,ALL PRODUCTION PRACTICES,,,"CHEMICAL, HERBICIDE: (DIQUAT DIBROMIDE = 32201)",IOWA,SURVEY,,,,ALL UTILIZATION PRACTICES,ALL CLASSES,2018-05-10 15:16:25.000,UNITED STATES,,IOWA,                 (D),"LB / ACRE / APPLICATION, AVG",,2018,19,ENVIRONMENTAL,00,,YEAR,IA,,CORN,STATE,FIELD CROPS,00,,ANNUAL,"CHEMICAL, HERBICIDE",9000,00000000
APPLICATIONS,,"CORN - APPLICATIONS, MEASURED IN LB / ACRE / APPLICATION, AVG",19,ALL PRODUCTION PRACTICES,,,"CHEMICAL, HERBICIDE: (FLUFENACET = 121903)",IOWA,SURVEY,,,,ALL UTILIZATION PRACTICES,ALL CLASSES,2005-06-11 10:11:36.000,UNITED STATES,,IOWA,0.338,"LB / ACRE / APPLICATION, AVG",,2005,19,ENVIRONMENTAL,00,,YEAR,IA,,CORN,STATE,FIELD CROPS,00,,ANNUAL,"CHEMICAL, HERBICIDE",9000,00000000
APPLICATIONS,,"CORN - APPLICATIONS, MEASURED IN LB / ACRE / APPLICATION, AVG",19,ALL PRODUCTION PRACTICES,,,"CHEMICAL, HERBICIDE: (FLUFENACET = 121903)",IOWA,SURVEY,,,,ALL UTILIZATION PRACTICES,ALL CLASSES,2003-06-11 10:11:36.000,UNITED STATES,,IOWA,0.43,"LB / ACRE / APPLICATION, AVG",,2003,19,ENVIRONMENTAL,00,,YEAR,IA,,CORN,STATE,FIELD CROPS,00,,ANNUAL,"CHEMICAL, HERBICIDE",9000,00000000
APPLICATIONS,,"CORN - APPLICATIONS, MEASURED IN LB / ACRE / APPLICATION, AVG",19,ALL PRODUCTION PRACTICES,,,"CHEMICAL, HERBICIDE: (FLUFENACET = 121903)",IOWA,SURVEY,,,,ALL UTILIZATION PRACTICES,ALL CLASSES,2002-06-11 10:11:36.000,UNITED STATES,,IOWA,0.43,"LB / ACRE / APPLICATION, AVG",,2002,19,ENVIRONMENTAL,00,,YEAR,IA,,CORN,STATE,FIELD CROPS,00,,ANNUAL,"CHEMICAL, HERBICIDE",9000,00000000
APPLICATIONS,,"CORN - APPLICATIONS, MEASURED IN LB / ACRE / APPLICATION, AVG",19,ALL PRODUCTION PRACTICES,,,"CHEMICAL, HERBICIDE: (FLUFENACET = 121903)",IOWA,SURVEY,,,,ALL UTILIZATION PRACTICES,ALL CLASSES,2001-06-11 10:11:36.000,UNITED STATES,,IOWA,0.45,"LB / ACRE / APPLICATION, AVG",,2001,19,ENVIRONMENTAL,00,,YEAR,IA,,CORN,STATE,FIELD CROPS,00,,ANNUAL,"CHEMICAL, HERBICIDE",9000,00000000
APPLICATIONS,,"CORN - APPLICATIONS, MEASURED IN LB / ACRE / APPLICATION, AVG",19,ALL PRODUCTION PRACTICES,,,"CHEMICAL, HERBICIDE: (FLUMETSULAM = 129016)",IOWA,SURVEY,,,,ALL UTILIZATION PRACTICES,ALL CLASSES,2021-05-13 15:00:30.000,UNITED STATES,,IOWA,0.029,"LB / ACRE / APPLICATION, AVG",,2021,19,ENVIRONMENTAL,00,,YEAR,IA,,CORN,STATE,FIELD CROPS,00,,ANNUAL,"CHEMICAL, HERBICIDE",9000,00000000
APPLICATIONS,,"CORN - APPLICATIONS, MEASURED IN LB / ACRE / APPLICATION, AVG",19,ALL PRODUCTION PRACTICES,,,"CHEMICAL, HERBICIDE: (FLUMETSULAM = 129016)",IOWA,SURVEY,,,,ALL UTILIZATION PRACTICES,ALL CLASSES,2018-05-10 15:16:25.000,UNITED STATES,,IOWA,0.03,"LB / ACRE / APPLICATION, AVG",,2018,19,ENVIRONMENTAL,00,,YEAR,IA,,CORN,STATE,FIELD CROPS,00,,ANNUAL,"CHEMICAL, HERBICIDE",9000,00000000
APPLICATIONS,,"CORN - APPLICATIONS, MEASURED IN LB / ACRE / APPLICATION, AVG",19,ALL PRODUCTION PRACTICES,,,"CHEMICAL, HERBICIDE: (FLUMETSULAM = 129016)",IOWA,SURVEY,,,,ALL UTILIZATION PRACTICES,ALL CLASSES,2016-08-31 14:19:39.000,UNITED STATES,,IOWA,0.032,"LB / ACRE / APPLICATION, AVG",,2016,19,ENVIRONMENTAL,00,,YEAR,IA,,CORN,STATE,FIELD CROPS,00,,ANNUAL,"CHEMICAL, HERBICIDE",9000,00000000
APPLICATIONS,,"CORN - APPLICATIONS, MEASURED IN LB / ACRE / APPLICATION, AVG",19,ALL PRODUCTION PRACTICES,,,"CHEMICAL, HERBICIDE: (FLUMETSULAM = 129016)",IOWA,SURVEY,,,,ALL UTILIZATION PRACTICES,ALL CLASSES,2014-05-14 15:12:54.000,UNITED STATES,,IOWA,0.033,"LB / ACRE / APPLICATION, AVG",,2014,19,ENVIRONMENTAL,00,,YEAR,IA,,CORN,STATE,FIELD CROPS,00,,ANNUAL,"CHEMICAL, HERBICIDE",9000,00000000
APPLICATIONS,,"CORN - APPLICATIONS, MEASURED IN LB / ACRE / APPLICATION, AVG",19,ALL PRODUCTION PRACTICES,,,"CHEMICAL, HERBICIDE: (FLUMETSULAM = 129016)",IOWA,SURVEY,,,,ALL UTILIZATION PRACTICES,ALL CLASSES,2012-01-01 00:00:00.000,UNITED STATES,,IOWA,0.031,"LB / ACRE / APPLICATION, AVG",,2010,19,ENVIRONMENTAL,00,,YEAR,IA,,CORN,STATE,FIELD CROPS,00,,ANNUAL,"CHEMICAL, HERBICIDE",9000,00000000
APPLICATIONS,,"CORN - APPLICATIONS, MEASURED IN LB / ACRE / APPLICATION, AVG",19,ALL PRODUCTION PRACTICES,,,"CHEMICAL, HERBICIDE: (FLUMETSULAM = 129016)",IOWA,SURVEY,,,,ALL UTILIZATION PRACTICES,ALL CLASSES,2005-06-11 10:11:36.000,UNITED STATES,,IOWA,0.046,"LB / ACRE / APPLICATION, AVG",,2005,19,ENVIRONMENTAL,00,,YEAR,IA,,CORN,STATE,FIELD CROPS,00,,ANNUAL,"CHEMICAL, HERBICIDE",9000,00000000
APPLICATIONS,,"CORN - APPLICATIONS, MEASURED IN LB / ACRE / APPLICATION, AVG",19,ALL PRODUCTION PRACTICES,,,"CHEMICAL, HERBICIDE: (FLUMETSULAM = 129016)",IOWA,SURVEY,,,,ALL UTILIZATION PRACTICES,ALL CLASSES,2003-06-11 10:11:36.000,UNITED STATES,,IOWA,0.04,"LB / ACRE / APPLICATION, AVG",,2003,19,ENVIRONMENTAL,00,,YEAR,IA,,CORN,STATE,FIELD CROPS,00,,ANNUAL,"CHEMICAL, HERBICIDE",9000,00000000
APPLICATIONS,,"CORN - APPLICATIONS, MEASURED IN LB / ACRE / APPLICATION, AVG",19,ALL PRODUCTION PRACTICES,,,"CHEMICAL, HERBICIDE: (FLUMETSULAM = 129016)",IOWA,SURVEY,,,,ALL UTILIZATION PRACTICES,ALL CLASSES,2002-06-11 10:11:36.000,UNITED STATES,,IOWA,0.04,"LB / ACRE / APPLICATION, AVG",,2002,19,ENVIRONMENTAL,00,,YEAR,IA,,CORN,STATE,FIELD CROPS,00,,ANNUAL,"CHEMICAL, HERBICIDE",9000,00000000
APPLICATIONS,,"CORN - APPLICATIONS, MEASURED IN LB / ACRE / APPLICATION, AVG",19,ALL PRODUCTION PRACTICES,,,"CHEMICAL, HERBICIDE: (FLUMETSULAM = 129016)",IOWA,SURVEY,,,,ALL UTILIZATION PRACTICES,ALL CLASSES,2001-06-11 10:11:36.000,UNITED STATES,,IOWA,0.04,"LB / ACRE / APPLICATION, AVG",,2001,19,ENVIRONMENTAL,00,,YEAR,IA,,CORN,STATE,FIELD CROPS,00,,ANNUAL,"CHEMICAL, HERBICIDE",9000,00000000
APPLICATIONS,,"CORN - APPLICATIONS, MEASURED IN LB / ACRE / APPLICATION, AVG",19,ALL PRODUCTION PRACTICES,,,"CHEMICAL, HERBICIDE: (FLUMETSULAM = 129016)",IOWA,SURVEY,,,,ALL UTILIZATION PRACTICES,ALL CLASSES,2000-06-11 10:11:36.000,UNITED STATES,,IOWA,0.04,"LB / ACRE / APPLICATION, AVG",,2000,19,ENVIRONMENTAL,00,,YEAR,IA,,CORN,STATE,FIELD CROPS,00,,ANNUAL,"CHEMICAL, HERBICIDE",9000,00000000
APPLICATIONS,,"CORN - APPLICATIONS, MEASURED IN LB / ACRE / APPLICATION, AVG",19,ALL PRODUCTION PRACTICES,,,"CHEMICAL, HERBICIDE: (FLUMICLORAC-PENTYL = 128724)",IOWA,SURVEY,,,,ALL UTILIZATION PRACTICES,ALL CLASSES,2021-05-13 15:00:30.000,UNITED STATES,,IOWA,                 (D),"LB / ACRE / APPLICATION, AVG",,2021,19,ENVIRONMENTAL,00,,YEAR,IA,,CORN,STATE,FIELD CROPS,00,,ANNUAL,"CHEMICAL, HERBICIDE",9000,00000000
APPLICATIONS,,"CORN - APPLICATIONS, MEASURED IN LB / ACRE / APPLICATION, AVG",19,ALL PRODUCTION PRACTICES,,,"CHEMICAL, HERBICIDE: (FLUMICLORAC-PENTYL = 128724)",IOWA,SURVEY,,,,ALL UTILIZATION PRACTICES,ALL CLASSES,2012-01-01 00:00:00.000,UNITED STATES,,IOWA,                 (D),"LB / ACRE / APPLICATION, AVG",,2010,19,ENVIRONMENTAL,00,,YEAR,IA,,CORN,STATE,FIELD CROPS,00,,ANNUAL,"CHEMICAL, HERBICIDE",9000,00000000
APPLICATIONS,,"CORN - APPLICATIONS, MEASURED IN LB / ACRE / APPLICATION, AVG",19,ALL PRODUCTION PRACTICES,,,"CHEMICAL, HERBICIDE: (FLUMIOXAZIN = 129034)",IOWA,SURVEY,,,,ALL UTILIZATION PRACTICES,ALL CLASSES,2016-08-31 14:19:39.000,UNITED STATES,,IOWA,                 (D),"LB / ACRE / APPLICATION, AVG",,2016,19,ENVIRONMENTAL,00,,YEAR,IA,,CORN,STATE,FIELD CROPS,00,,ANNUAL,"CHEMICAL, HERBICIDE",9000,00000000
APPLICATIONS,,"CORN - APPLICATIONS, MEASURED IN LB / ACRE / APPLICATION, AVG",19,ALL PRODUCTION PRACTICES,,,"CHEMICAL, HERBICIDE: (FLUROXYPYR 1-MHE = 128968)",IOWA,SURVEY,,,,ALL UTILIZATION PRACTICES,ALL CLASSES,2014-05-14 15:12:54.000,UNITED STATES,,IOWA,                 (D),"LB / ACRE / APPLICATION, AVG",,2014,19,ENVIRONMENTAL,00,,YEAR,IA,,CORN,STATE,FIELD CROPS,00,,ANNUAL,"CHEMICAL, HERBICIDE",9000,00000000
APPLICATIONS,,"CORN - APPLICATIONS, MEASURED IN LB / ACRE / APPLICATION, AVG",19,ALL PRODUCTION PRACTICES,,,"CHEMICAL, HERBICIDE: (FLUTHIACET-METHYL = 108803)",IOWA,SURVEY,,,,ALL UTILIZATION PRACTICES,ALL CLASSES,2016-08-31 14:19:39.000,UNITED STATES,,IOWA,                 (D),"LB / ACRE / APPLICATION, AVG",,2016,19,ENVIRONMENTAL,00,,YEAR,IA,,CORN,STATE,FIELD CROPS,00,,ANNUAL,"CHEMICAL, HERBICIDE",9000,00000000
APPLICATIONS,,"CORN - APPLICATIONS, MEASURED IN LB / ACRE / APPLICATION, AVG",19,ALL PRODUCTION PRACTICES,,,"CHEMICAL, HERBICIDE: (FLUTHIACET-METHYL = 108803)",IOWA,SURVEY,,,,ALL UTILIZATION PRACTICES,ALL CLASSES,2014-05-14 15:12:54.000,UNITED STATES,,IOWA,                 (D),"LB / ACRE / APPLICATION, AVG",,2014,19,ENVIRONMENTAL,00,,YEAR,IA,,CORN,STATE,FIELD CROPS,00,,ANNUAL,"CHEMICAL, HERBICIDE",9000,00000000
APPLICATIONS,,"CORN - APPLICATIONS, MEASURED IN LB / ACRE / APPLICATION, AVG",19,ALL PRODUCTION PRACTICES,,,"CHEMICAL, HERBICIDE: (GLUFOSINATE-AMMONIUM = 128850)",IOWA,SURVEY,,,,ALL UTILIZATION PRACTICES,ALL CLASSES,2021-05-13 15:00:30.000,UNITED STATES,,IOWA,                 (D),"LB / ACRE / APPLICATION, AVG",,2021,19,ENVIRONMENTAL,00,,YEAR,IA,,CORN,STATE,FIELD CROPS,00,,ANNUAL,"CHEMICAL, HERBICIDE",9000,00000000
APPLICATIONS,,"CORN - APPLICATIONS, MEASURED IN LB / ACRE / APPLICATION, AVG",19,ALL PRODUCTION PRACTICES,,,"CHEMICAL, HERBICIDE: (GLUFOSINATE-AMMONIUM = 128850)",IOWA,SURVEY,,,,ALL UTILIZATION PRACTICES,ALL CLASSES,2018-05-10 15:16:25.000,UNITED STATES,,IOWA,                 (D),"LB / ACRE / APPLICATION, AVG",,2018,19,ENVIRONMENTAL,00,,YEAR,IA,,CORN,STATE,FIELD CROPS,00,,ANNUAL,"CHEMICAL, HERBICIDE",9000,00000000
APPLICATIONS,,"CORN - APPLICATIONS, MEASURED IN LB / ACRE / APPLICATION, AVG",19,ALL PRODUCTION PRACTICES,,,"CHEMICAL, HERBICIDE: (GLUFOSINATE-AMMONIUM = 128850)",IOWA,SURVEY,,,,ALL UTILIZATION PRACTICES,ALL CLASSES,2016-08-31 14:19:39.000,UNITED STATES,,IOWA,                 (D),"LB / ACRE / APPLICATION, AVG",,2016,19,ENVIRONMENTAL,00,,YEAR,IA,,CORN,STATE,FIELD CROPS,00,,ANNUAL,"CHEMICAL, HERBICIDE",9000,00000000
APPLICATIONS,,"CORN - APPLICATIONS, MEASURED IN LB / ACRE / APPLICATION, AVG",19,ALL PRODUCTION PRACTICES,,,"CHEMICAL, HERBICIDE: (GLUFOSINATE-AMMONIUM = 128850)",IOWA,SURVEY,,,,ALL UTILIZATION PRACTICES,ALL CLASSES,2014-05-14 15:12:54.000,UNITED STATES,,IOWA,0.444,"LB / ACRE / APPLICATION, AVG",,2014,19,ENVIRONMENTAL,00,,YEAR,IA,,CORN,STATE,FIELD CROPS,00,,ANNUAL,"CHEMICAL, HERBICIDE",9000,00000000
APPLICATIONS,,"CORN - APPLICATIONS, MEASURED IN LB / ACRE / APPLICATION, AVG",19,ALL PRODUCTION PRACTICES,,,"CHEMICAL, HERBICIDE: (GLUFOSINATE-AMMONIUM = 128850)",IOWA,SURVEY,,,,ALL UTILIZATION PRACTICES,ALL CLASSES,2012-01-01 00:00:00.000,UNITED STATES,,IOWA,0.32,"LB / ACRE / APPLICATION, AVG",,2010,19,ENVIRONMENTAL,00,,YEAR,IA,,CORN,STATE,FIELD CROPS,00,,ANNUAL,"CHEMICAL, HERBICIDE",9000,00000000
APPLICATIONS,,"CORN - APPLICATIONS, MEASURED IN LB / ACRE / APPLICATION, AVG",19,ALL PRODUCTION PRACTICES,,,"CHEMICAL, HERBICIDE: (GLUFOSINATE-AMMONIUM = 128850)",IOWA,SURVEY,,,,ALL UTILIZATION PRACTICES,ALL CLASSES,2005-06-11 10:11:36.000,UNITED STATES,,IOWA,0.398,"LB / ACRE / APPLICATION, AVG",,2005,19,ENVIRONMENTAL,00,,YEAR,IA,,CORN,STATE,FIELD CROPS,00,,ANNUAL,"CHEMICAL, HERBICIDE",9000,00000000
APPLICATIONS,,"CORN - APPLICATIONS, MEASURED IN LB / ACRE / APPLICATION, AVG",19,ALL PRODUCTION PRACTICES,,,"CHEMICAL, HERBICIDE: (GLUFOSINATE-AMMONIUM = 128850)",IOWA,SURVEY,,,,ALL UTILIZATION PRACTICES,ALL CLASSES,2003-06-11 10:11:36.000,UNITED STATES,,IOWA,0.29,"LB / ACRE / APPLICATION, AVG",,2003,19,ENVIRONMENTAL,00,,YEAR,IA,,CORN,STATE,FIELD CROPS,00,,ANNUAL,"CHEMICAL, HERBICIDE",9000,00000000
APPLICATIONS,,"CORN - APPLICATIONS, MEASURED IN LB / ACRE / APPLICATION, AVG",19,ALL PRODUCTION PRACTICES,,,"CHEMICAL, HERBICIDE: (GLUFOSINATE-AMMONIUM = 128850)",IOWA,SURVEY,,,,ALL UTILIZATION PRACTICES,ALL CLASSES,2002-06-11 10:11:36.000,UNITED STATES,,IOWA,0.32,"LB / ACRE / APPLICATION, AVG",,2002,19,ENVIRONMENTAL,00,,YEAR,IA,,CORN,STATE,FIELD CROPS,00,,ANNUAL,"CHEMICAL, HERBICIDE",9000,00000000
APPLICATIONS,,"CORN - APPLICATIONS, MEASURED IN LB / ACRE / APPLICATION, AVG",19,ALL PRODUCTION PRACTICES,,,"CHEMICAL, HERBICIDE: (GLUFOSINATE-AMMONIUM = 128850)",IOWA,SURVEY,,,,ALL UTILIZATION PRACTICES,ALL CLASSES,2001-06-11 10:11:36.000,UNITED STATES,,IOWA,0.33,"LB / ACRE / APPLICATION, AVG",,2001,19,ENVIRONMENTAL,00,,YEAR,IA,,CORN,STATE,FIELD CROPS,00,,ANNUAL,"CHEMICAL, HERBICIDE",9000,00000000
APPLICATIONS,,"CORN - APPLICATIONS, MEASURED IN LB / ACRE / APPLICATION, AVG",19,ALL PRODUCTION PRACTICES,,,"CHEMICAL, HERBICIDE: (GLUFOSINATE-AMMONIUM = 128850)",IOWA,SURVEY,,,,ALL UTILIZATION PRACTICES,ALL CLASSES,2000-06-11 10:11:36.000,UNITED STATES,,IOWA,0.32,"LB / ACRE / APPLICATION, AVG",,2000,19,ENVIRONMENTAL,00,,YEAR,IA,,CORN,STATE,FIELD CROPS,00,,ANNUAL,"CHEMICAL, HERBICIDE",9000,00000000
APPLICATIONS,,"CORN - APPLICATIONS, MEASURED IN LB / ACRE / APPLICATION, AVG",19,ALL PRODUCTION PRACTICES,,,"CHEMICAL, HERBICIDE: (GLYPHOSATE = 417300)",IOWA,SURVEY,,,,ALL UTILIZATION PRACTICES,ALL CLASSES,2021-05-13 15:00:30.000,UNITED STATES,,IOWA,0.683,"LB / ACRE / APPLICATION, AVG",,2021,19,ENVIRONMENTAL,00,,YEAR,IA,,CORN,STATE,FIELD CROPS,00,,ANNUAL,"CHEMICAL, HERBICIDE",9000,00000000
APPLICATIONS,,"CORN - APPLICATIONS, MEASURED IN LB / ACRE / APPLICATION, AVG",19,ALL PRODUCTION PRACTICES,,,"CHEMICAL, HERBICIDE: (GLYPHOSATE = 417300)",IOWA,SURVEY,,,,ALL UTILIZATION PRACTICES,ALL CLASSES,2018-05-10 15:16:25.000,UNITED STATES,,IOWA,0.964,"LB / ACRE / APPLICATION, AVG",,2018,19,ENVIRONMENTAL,00,,YEAR,IA,,CORN,STATE,FIELD CROPS,00,,ANNUAL,"CHEMICAL, HERBICIDE",9000,00000000
APPLICATIONS,,"CORN - APPLICATIONS, MEASURED IN LB / ACRE / APPLICATION, AVG",19,ALL PRODUCTION PRACTICES,,,"CHEMICAL, HERBICIDE: (GLYPHOSATE = 417300)",IOWA,SURVEY,,,,ALL UTILIZATION PRACTICES,ALL CLASSES,2016-08-31 14:19:39.000,UNITED STATES,,IOWA,0.944,"LB / ACRE / APPLICATION, AVG",,2016,19,ENVIRONMENTAL,00,,YEAR,IA,,CORN,STATE,FIELD CROPS,00,,ANNUAL,"CHEMICAL, HERBICIDE",9000,00000000
APPLICATIONS,,"CORN - APPLICATIONS, MEASURED IN LB / ACRE / APPLICATION, AVG",19,ALL PRODUCTION PRACTICES,,,"CHEMICAL, HERBICIDE: (GLYPHOSATE = 417300)",IOWA,SURVEY,,,,ALL UTILIZATION PRACTICES,ALL CLASSES,2014-05-14 15:12:54.000,UNITED STATES,,IOWA,0.856,"LB / ACRE / APPLICATION, AVG",,2014,19,ENVIRONMENTAL,00,,YEAR,IA,,CORN,STATE,FIELD CROPS,00,,ANNUAL,"CHEMICAL, HERBICIDE",9000,00000000
APPLICATIONS,,"CORN - APPLICATIONS, MEASURED IN LB / ACRE / APPLICATION, AVG",19,ALL PRODUCTION PRACTICES,,,"CHEMICAL, HERBICIDE: (GLYPHOSATE = 417300)",IOWA,SURVEY,,,,ALL UTILIZATION PRACTICES,ALL CLASSES,2012-01-01 00:00:00.000,UNITED STATES,,IOWA,0.951,"LB / ACRE / APPLICATION, AVG",,2010,19,ENVIRONMENTAL,00,,YEAR,IA,,CORN,STATE,FIELD CROPS,00,,ANNUAL,"CHEMICAL, HERBICIDE",9000,00000000
APPLICATIONS,,"CORN - APPLICATIONS, MEASURED IN LB / ACRE / APPLICATION, AVG",19,ALL PRODUCTION PRACTICES,,,"CHEMICAL, HERBICIDE: (GLYPHOSATE = 417300)",IOWA,SURVEY,,,,ALL UTILIZATION PRACTICES,ALL CLASSES,2003-06-11 10:11:36.000,UNITED STATES,,IOWA,0.79,"LB / ACRE / APPLICATION, AVG",,2003,19,ENVIRONMENTAL,00,,YEAR,IA,,CORN,STATE,FIELD CROPS,00,,ANNUAL,"CHEMICAL, HERBICIDE",9000,00000000
APPLICATIONS,,"CORN - APPLICATIONS, MEASURED IN LB / ACRE / APPLICATION, AVG",19,ALL PRODUCTION PRACTICES,,,"CHEMICAL, HERBICIDE: (GLYPHOSATE = 417300)",IOWA,SURVEY,,,,ALL UTILIZATION PRACTICES,ALL CLASSES,2002-06-11 10:11:36.000,UNITED STATES,,IOWA,0.6,"LB / ACRE / APPLICATION, AVG",,2002,19,ENVIRONMENTAL,00,,YEAR,IA,,CORN,STATE,FIELD CROPS,00,,ANNUAL,"CHEMICAL, HERBICIDE",9000,00000000
APPLICATIONS,,"CORN - APPLICATIONS, MEASURED IN LB / ACRE / APPLICATION, AVG",19,ALL PRODUCTION PRACTICES,,,"CHEMICAL, HERBICIDE: (GLYPHOSATE = 417300)",IOWA,SURVEY,,,,ALL UTILIZATION PRACTICES,ALL CLASSES,2001-06-11 10:11:36.000,UNITED STATES,,IOWA,0.44,"LB / ACRE / APPLICATION, AVG",,2001,19,ENVIRONMENTAL,00,,YEAR,IA,,CORN,STATE,FIELD CROPS,00,,ANNUAL,"CHEMICAL, HERBICIDE",9000,00000000
APPLICATIONS,,"CORN - APPLICATIONS, MEASURED IN LB / ACRE / APPLICATION, AVG",19,ALL PRODUCTION PRACTICES,,,"CHEMICAL, HERBICIDE: (GLYPHOSATE = 417300)",IOWA,SURVEY,,,,ALL UTILIZATION PRACTICES,ALL CLASSES,2000-06-11 10:11:36.000,UNITED STATES,,IOWA,0.55,"LB / ACRE / APPLICATION, AVG",,2000,19,ENVIRONMENTAL,00,,YEAR,IA,,CORN,STATE,FIELD CROPS,00,,ANNUAL,"CHEMICAL, HERBICIDE",9000,00000000
APPLICATIONS,,"CORN - APPLICATIONS, MEASURED IN LB / ACRE / APPLICATION, AVG",19,ALL PRODUCTION PRACTICES,,,"CHEMICAL, HERBICIDE: (GLYPHOSATE AMM. SALT = 103604)",IOWA,SURVEY,,,,ALL UTILIZATION PRACTICES,ALL CLASSES,2016-08-31 14:19:39.000,UNITED STATES,,IOWA,                 (D),"LB / ACRE / APPLICATION, AVG",,2016,19,ENVIRONMENTAL,00,,YEAR,IA,,CORN,STATE,FIELD CROPS,00,,ANNUAL,"CHEMICAL, HERBICIDE",9000,00000000
APPLICATIONS,,"CORN - APPLICATIONS, MEASURED IN LB / ACRE / APPLICATION, AVG",19,ALL PRODUCTION PRACTICES,,,"CHEMICAL, HERBICIDE: (GLYPHOSATE AMM. SALT = 103604)",IOWA,SURVEY,,,,ALL UTILIZATION PRACTICES,ALL CLASSES,2014-05-14 15:12:54.000,UNITED STATES,,IOWA,                 (D),"LB / ACRE / APPLICATION, AVG",,2014,19,ENVIRONMENTAL,00,,YEAR,IA,,CORN,STATE,FIELD CROPS,00,,ANNUAL,"CHEMICAL, HERBICIDE",9000,00000000
APPLICATIONS,,"CORN - APPLICATIONS, MEASURED IN LB / ACRE / APPLICATION, AVG",19,ALL PRODUCTION PRACTICES,,,"CHEMICAL, HERBICIDE: (GLYPHOSATE DIM. SALT = 103608)",IOWA,SURVEY,,,,ALL UTILIZATION PRACTICES,ALL CLASSES,2018-05-10 15:16:25.000,UNITED STATES,,IOWA,0.934,"LB / ACRE / APPLICATION, AVG",,2018,19,ENVIRONMENTAL,00,,YEAR,IA,,CORN,STATE,FIELD CROPS,00,,ANNUAL,"CHEMICAL, HERBICIDE",9000,00000000
APPLICATIONS,,"CORN - APPLICATIONS, MEASURED IN LB / ACRE / APPLICATION, AVG",19,ALL PRODUCTION PRACTICES,,,"CHEMICAL, HERBICIDE: (GLYPHOSATE DIM. SALT = 103608)",IOWA,SURVEY,,,,ALL UTILIZATION PRACTICES,ALL CLASSES,2016-08-31 14:19:39.000,UNITED STATES,,IOWA,0.933,"LB / ACRE / APPLICATION, AVG",,2016,19,ENVIRONMENTAL,00,,YEAR,IA,,CORN,STATE,FIELD CROPS,00,,ANNUAL,"CHEMICAL, HERBICIDE",9000,00000000
APPLICATIONS,,"CORN - APPLICATIONS, MEASURED IN LB / ACRE / APPLICATION, AVG",19,ALL PRODUCTION PRACTICES,,,"CHEMICAL, HERBICIDE: (GLYPHOSATE DIM. SALT = 103608)",IOWA,SURVEY,,,,ALL UTILIZATION PRACTICES,ALL CLASSES,2014-05-14 15:12:54.000,UNITED STATES,,IOWA,1.111,"LB / ACRE / APPLICATION, AVG",,2014,19,ENVIRONMENTAL,00,,YEAR,IA,,CORN,STATE,FIELD CROPS,00,,ANNUAL,"CHEMICAL, HERBICIDE",9000,00000000
APPLICATIONS,,"CORN - APPLICATIONS, MEASURED IN LB / ACRE / APPLICATION, AVG",19,ALL PRODUCTION PRACTICES,,,"CHEMICAL, HERBICIDE: (GLYPHOSATE ISO. SALT = 103601)",IOWA,SURVEY,,,,ALL UTILIZATION PRACTICES,ALL CLASSES,2021-05-13 15:00:30.000,UNITED STATES,,IOWA,0.787,"LB / ACRE / APPLICATION, AVG",,2021,19,ENVIRONMENTAL,00,,YEAR,IA,,CORN,STATE,FIELD CROPS,00,,ANNUAL,"CHEMICAL, HERBICIDE",9000,00000000
APPLICATIONS,,"CORN - APPLICATIONS, MEASURED IN LB / ACRE / APPLICATION, AVG",19,ALL PRODUCTION PRACTICES,,,"CHEMICAL, HERBICIDE: (GLYPHOSATE ISO. SALT = 103601)",IOWA,SURVEY,,,,ALL UTILIZATION PRACTICES,ALL CLASSES,2018-05-10 15:16:25.000,UNITED STATES,,IOWA,0.813,"LB / ACRE / APPLICATION, AVG",,2018,19,ENVIRONMENTAL,00,,YEAR,IA,,CORN,STATE,FIELD CROPS,00,,ANNUAL,"CHEMICAL, HERBICIDE",9000,00000000
APPLICATIONS,,"CORN - APPLICATIONS, MEASURED IN LB / ACRE / APPLICATION, AVG",19,ALL PRODUCTION PRACTICES,,,"CHEMICAL, HERBICIDE: (GLYPHOSATE ISO. SALT = 103601)",IOWA,SURVEY,,,,ALL UTILIZATION PRACTICES,ALL CLASSES,2016-08-31 14:19:39.000,UNITED STATES,,IOWA,0.713,"LB / ACRE / APPLICATION, AVG",,2016,19,ENVIRONMENTAL,00,,YEAR,IA,,CORN,STATE,FIELD CROPS,00,,ANNUAL,"CHEMICAL, HERBICIDE",9000,00000000
APPLICATIONS,,"CORN - APPLICATIONS, MEASURED IN LB / ACRE / APPLICATION, AVG",19,ALL PRODUCTION PRACTICES,,,"CHEMICAL, HERBICIDE: (GLYPHOSATE ISO. SALT = 103601)",IOWA,SURVEY,,,,ALL UTILIZATION PRACTICES,ALL CLASSES,2014-05-14 15:12:54.000,UNITED STATES,,IOWA,0.772,"LB / ACRE / APPLICATION, AVG",,2014,19,ENVIRONMENTAL,00,,YEAR,IA,,CORN,STATE,FIELD CROPS,00,,ANNUAL,"CHEMICAL, HERBICIDE",9000,00000000
APPLICATIONS,,"CORN - APPLICATIONS, MEASURED IN LB / ACRE / APPLICATION, AVG",19,ALL PRODUCTION PRACTICES,,,"CHEMICAL, HERBICIDE: (GLYPHOSATE ISO. SALT = 103601)",IOWA,SURVEY,,,,ALL UTILIZATION PRACTICES,ALL CLASSES,2012-01-01 00:00:00.000,UNITED STATES,,IOWA,0.911,"LB / ACRE / APPLICATION, AVG",,2010,19,ENVIRONMENTAL,00,,YEAR,IA,,CORN,STATE,FIELD CROPS,00,,ANNUAL,"CHEMICAL, HERBICIDE",9000,00000000
APPLICATIONS,,"CORN - APPLICATIONS, MEASURED IN LB / ACRE / APPLICATION, AVG",19,ALL PRODUCTION PRACTICES,,,"CHEMICAL, HERBICIDE: (GLYPHOSATE ISO. SALT = 103601)",IOWA,SURVEY,,,,ALL UTILIZATION PRACTICES,ALL CLASSES,2005-06-11 10:11:36.000,UNITED STATES,,IOWA,0.745,"LB / ACRE / APPLICATION, AVG",,2005,19,ENVIRONMENTAL,00,,YEAR,IA,,CORN,STATE,FIELD CROPS,00,,ANNUAL,"CHEMICAL, HERBICIDE",9000,00000000
APPLICATIONS,,"CORN - APPLICATIONS, MEASURED IN LB / ACRE / APPLICATION, AVG",19,ALL PRODUCTION PRACTICES,,,"CHEMICAL, HERBICIDE: (GLYPHOSATE POT. SALT = 103613)",IOWA,SURVEY,,,,ALL UTILIZATION PRACTICES,ALL CLASSES,2021-05-13 15:00:30.000,UNITED STATES,,IOWA,0.929,"LB / ACRE / APPLICATION, AVG",,2021,19,ENVIRONMENTAL,00,,YEAR,IA,,CORN,STATE,FIELD CROPS,00,,ANNUAL,"CHEMICAL, HERBICIDE",9000,00000000
APPLICATIONS,,"CORN - APPLICATIONS, MEASURED IN LB / ACRE / APPLICATION, AVG",19,ALL PRODUCTION PRACTICES,,,"CHEMICAL, HERBICIDE: (GLYPHOSATE POT. SALT = 103613)",IOWA,SURVEY,,,,ALL UTILIZATION PRACTICES,ALL CLASSES,2018-05-10 15:16:25.000,UNITED STATES,,IOWA,1.131,"LB / ACRE / APPLICATION, AVG",,2018,19,ENVIRONMENTAL,00,,YEAR,IA,,CORN,STATE,FIELD CROPS,00,,ANNUAL,"CHEMICAL, HERBICIDE",9000,00000000
APPLICATIONS,,"CORN - APPLICATIONS, MEASURED IN LB / ACRE / APPLICATION, AVG",19,ALL PRODUCTION PRACTICES,,,"CHEMICAL, HERBICIDE: (GLYPHOSATE POT. SALT = 103613)",IOWA,SURVEY,,,,ALL UTILIZATION PRACTICES,ALL CLASSES,2016-08-31 14:19:39.000,UNITED STATES,,IOWA,1.065,"LB / ACRE / APPLICATION, AVG",,2016,19,ENVIRONMENTAL,00,,YEAR,IA,,CORN,STATE,FIELD CROPS,00,,ANNUAL,"CHEMICAL, HERBICIDE",9000,00000000
APPLICATIONS,,"CORN - APPLICATIONS, MEASURED IN LB / ACRE / APPLICATION, AVG",19,ALL PRODUCTION PRACTICES,,,"CHEMICAL, HERBICIDE: (GLYPHOSATE POT. SALT = 103613)",IOWA,SURVEY,,,,ALL UTILIZATION PRACTICES,ALL CLASSES,2014-05-14 15:12:54.000,UNITED STATES,,IOWA,1.059,"LB / ACRE / APPLICATION, AVG",,2014,19,ENVIRONMENTAL,00,,YEAR,IA,,CORN,STATE,FIELD CROPS,00,,ANNUAL,"CHEMICAL, HERBICIDE",9000,00000000
APPLICATIONS,,"CORN - APPLICATIONS, MEASURED IN LB / ACRE / APPLICATION, AVG",19,ALL PRODUCTION PRACTICES,,,"CHEMICAL, HERBICIDE: (GLYPHOSATE POT. SALT = 103613)",IOWA,SURVEY,,,,ALL UTILIZATION PRACTICES,ALL CLASSES,2012-01-01 00:00:00.000,UNITED STATES,,IOWA,                 (D),"LB / ACRE / APPLICATION, AVG",,2010,19,ENVIRONMENTAL,00,,YEAR,IA,,CORN,STATE,FIELD CROPS,00,,ANNUAL,"CHEMICAL, HERBICIDE",9000,00000000
APPLICATIONS,,"CORN - APPLICATIONS, MEASURED IN LB / ACRE / APPLICATION, AVG",19,ALL PRODUCTION PRACTICES,,,"CHEMICAL, HERBICIDE: (IMAZAPYR = 128821)",IOWA,SURVEY,,,,ALL UTILIZATION PRACTICES,ALL CLASSES,2001-06-11 10:11:36.000,UNITED STATES,,IOWA,0.003,"LB / ACRE / APPLICATION, AVG",,2001,19,ENVIRONMENTAL,00,,YEAR,IA,,CORN,STATE,FIELD CROPS,00,,ANNUAL,"CHEMICAL, HERBICIDE",9000,00000000
APPLICATIONS,,"CORN - APPLICATIONS, MEASURED IN LB / ACRE / APPLICATION, AVG",19,ALL PRODUCTION PRACTICES,,,"CHEMICAL, HERBICIDE: (IMAZAPYR = 128821)",IOWA,SURVEY,,,,ALL UTILIZATION PRACTICES,ALL CLASSES,2000-06-11 10:11:36.000,UNITED STATES,,IOWA,0.002,"LB / ACRE / APPLICATION, AVG",,2000,19,ENVIRONMENTAL,00,,YEAR,IA,,CORN,STATE,FIELD CROPS,00,,ANNUAL,"CHEMICAL, HERBICIDE",9000,00000000
APPLICATIONS,,"CORN - APPLICATIONS, MEASURED IN LB / ACRE / APPLICATION, AVG",19,ALL PRODUCTION PRACTICES,,,"CHEMICAL, HERBICIDE: (IMAZAPYR, ISO. SALT = 128829)",IOWA,SURVEY,,,,ALL UTILIZATION PRACTICES,ALL CLASSES,2014-05-14 15:12:54.000,UNITED STATES,,IOWA,                 (D),"LB / ACRE / APPLICATION, AVG",,2014,19,ENVIRONMENTAL,00,,YEAR,IA,,CORN,STATE,FIELD CROPS,00,,ANNUAL,"CHEMICAL, HERBICIDE",9000,00000000
APPLICATIONS,,"CORN - APPLICATIONS, MEASURED IN LB / ACRE / APPLICATION, AVG",19,ALL PRODUCTION PRACTICES,,,"CHEMICAL, HERBICIDE: (IMAZETHAPYR = 128922)",IOWA,SURVEY,,,,ALL UTILIZATION PRACTICES,ALL CLASSES,2018-05-10 15:16:25.000,UNITED STATES,,IOWA,                 (D),"LB / ACRE / APPLICATION, AVG",,2018,19,ENVIRONMENTAL,00,,YEAR,IA,,CORN,STATE,FIELD CROPS,00,,ANNUAL,"CHEMICAL, HERBICIDE",9000,00000000
APPLICATIONS,,"CORN - APPLICATIONS, MEASURED IN LB / ACRE / APPLICATION, AVG",19,ALL PRODUCTION PRACTICES,,,"CHEMICAL, HERBICIDE: (IMAZETHAPYR = 128922)",IOWA,SURVEY,,,,ALL UTILIZATION PRACTICES,ALL CLASSES,2001-06-11 10:11:36.000,UNITED STATES,,IOWA,0.008,"LB / ACRE / APPLICATION, AVG",,2001,19,ENVIRONMENTAL,00,,YEAR,IA,,CORN,STATE,FIELD CROPS,00,,ANNUAL,"CHEMICAL, HERBICIDE",9000,00000000
APPLICATIONS,,"CORN - APPLICATIONS, MEASURED IN LB / ACRE / APPLICATION, AVG",19,ALL PRODUCTION PRACTICES,,,"CHEMICAL, HERBICIDE: (IMAZETHAPYR = 128922)",IOWA,SURVEY,,,,ALL UTILIZATION PRACTICES,ALL CLASSES,2000-06-11 10:11:36.000,UNITED STATES,,IOWA,0.007,"LB / ACRE / APPLICATION, AVG",,2000,19,ENVIRONMENTAL,00,,YEAR,IA,,CORN,STATE,FIELD CROPS,00,,ANNUAL,"CHEMICAL, HERBICIDE",9000,00000000
APPLICATIONS,,"CORN - APPLICATIONS, MEASURED IN LB / ACRE / APPLICATION, AVG",19,ALL PRODUCTION PRACTICES,,,"CHEMICAL, HERBICIDE: (ISOXAFLUTOLE = 123000)",IOWA,SURVEY,,,,ALL UTILIZATION PRACTICES,ALL CLASSES,2021-05-13 15:00:30.000,UNITED STATES,,IOWA,                 (D),"LB / ACRE / APPLICATION, AVG",,2021,19,ENVIRONMENTAL,00,,YEAR,IA,,CORN,STATE,FIELD CROPS,00,,ANNUAL,"CHEMICAL, HERBICIDE",9000,00000000
APPLICATIONS,,"CORN - APPLICATIONS, MEASURED IN LB / ACRE / APPLICATION, AVG",19,ALL PRODUCTION PRACTICES,,,"CHEMICAL, HERBICIDE: (ISOXAFLUTOLE = 123000)",IOWA,SURVEY,,,,ALL UTILIZATION PRACTICES,ALL CLASSES,2018-05-10 15:16:25.000,UNITED STATES,,IOWA,0.063,"LB / ACRE / APPLICATION, AVG",,2018,19,ENVIRONMENTAL,00,,YEAR,IA,,CORN,STATE,FIELD CROPS,00,,ANNUAL,"CHEMICAL, HERBICIDE",9000,00000000
APPLICATIONS,,"CORN - APPLICATIONS, MEASURED IN LB / ACRE / APPLICATION, AVG",19,ALL PRODUCTION PRACTICES,,,"CHEMICAL, HERBICIDE: (ISOXAFLUTOLE = 123000)",IOWA,SURVEY,,,,ALL UTILIZATION PRACTICES,ALL CLASSES,2016-08-31 14:19:39.000,UNITED STATES,,IOWA,0.055,"LB / ACRE / APPLICATION, AVG",,2016,19,ENVIRONMENTAL,00,,YEAR,IA,,CORN,STATE,FIELD CROPS,00,,ANNUAL,"CHEMICAL, HERBICIDE",9000,00000000
APPLICATIONS,,"CORN - APPLICATIONS, MEASURED IN LB / ACRE / APPLICATION, AVG",19,ALL PRODUCTION PRACTICES,,,"CHEMICAL, HERBICIDE: (ISOXAFLUTOLE = 123000)",IOWA,SURVEY,,,,ALL UTILIZATION PRACTICES,ALL CLASSES,2014-05-14 15:12:54.000,UNITED STATES,,IOWA,0.052,"LB / ACRE / APPLICATION, AVG",,2014,19,ENVIRONMENTAL,00,,YEAR,IA,,CORN,STATE,FIELD CROPS,00,,ANNUAL,"CHEMICAL, HERBICIDE",9000,00000000
APPLICATIONS,,"CORN - APPLICATIONS, MEASURED IN LB / ACRE / APPLICATION, AVG",19,ALL PRODUCTION PRACTICES,,,"CHEMICAL, HERBICIDE: (ISOXAFLUTOLE = 123000)",IOWA,SURVEY,,,,ALL UTILIZATION PRACTICES,ALL CLASSES,2012-01-01 00:00:00.000,UNITED STATES,,IOWA,0.068,"LB / ACRE / APPLICATION, AVG",,2010,19,ENVIRONMENTAL,00,,YEAR,IA,,CORN,STATE,FIELD CROPS,00,,ANNUAL,"CHEMICAL, HERBICIDE",9000,00000000
APPLICATIONS,,"CORN - APPLICATIONS, MEASURED IN LB / ACRE / APPLICATION, AVG",19,ALL PRODUCTION PRACTICES,,,"CHEMICAL, HERBICIDE: (ISOXAFLUTOLE = 123000)",IOWA,SURVEY,,,,ALL UTILIZATION PRACTICES,ALL CLASSES,2005-06-11 10:11:36.000,UNITED STATES,,IOWA,0.054,"LB / ACRE / APPLICATION, AVG",,2005,19,ENVIRONMENTAL,00,,YEAR,IA,,CORN,STATE,FIELD CROPS,00,,ANNUAL,"CHEMICAL, HERBICIDE",9000,00000000
APPLICATIONS,,"CORN - APPLICATIONS, MEASURED IN LB / ACRE / APPLICATION, AVG",19,ALL PRODUCTION PRACTICES,,,"CHEMICAL, HERBICIDE: (ISOXAFLUTOLE = 123000)",IOWA,SURVEY,,,,ALL UTILIZATION PRACTICES,ALL CLASSES,2003-06-11 10:11:36.000,UNITED STATES,,IOWA,0.07,"LB / ACRE / APPLICATION, AVG",,2003,19,ENVIRONMENTAL,00,,YEAR,IA,,CORN,STATE,FIELD CROPS,00,,ANNUAL,"CHEMICAL, HERBICIDE",9000,00000000
APPLICATIONS,,"CORN - APPLICATIONS, MEASURED IN LB / ACRE / APPLICATION, AVG",19,ALL PRODUCTION PRACTICES,,,"CHEMICAL, HERBICIDE: (ISOXAFLUTOLE = 123000)",IOWA,SURVEY,,,,ALL UTILIZATION PRACTICES,ALL CLASSES,2002-06-11 10:11:36.000,UNITED STATES,,IOWA,0.08,"LB / ACRE / APPLICATION, AVG",,2002,19,ENVIRONMENTAL,00,,YEAR,IA,,CORN,STATE,FIELD CROPS,00,,ANNUAL,"CHEMICAL, HERBICIDE",9000,00000000
APPLICATIONS,,"CORN - APPLICATIONS, MEASURED IN LB / ACRE / APPLICATION, AVG",19,ALL PRODUCTION PRACTICES,,,"CHEMICAL, HERBICIDE: (ISOXAFLUTOLE = 123000)",IOWA,SURVEY,,,,ALL UTILIZATION PRACTICES,ALL CLASSES,2001-06-11 10:11:36.000,UNITED STATES,,IOWA,0.09,"LB / ACRE / APPLICATION, AVG",,2001,19,ENVIRONMENTAL,00,,YEAR,IA,,CORN,STATE,FIELD CROPS,00,,ANNUAL,"CHEMICAL, HERBICIDE",9000,00000000
APPLICATIONS,,"CORN - APPLICATIONS, MEASURED IN LB / ACRE / APPLICATION, AVG",19,ALL PRODUCTION PRACTICES,,,"CHEMICAL, HERBICIDE: (ISOXAFLUTOLE = 123000)",IOWA,SURVEY,,,,ALL UTILIZATION PRACTICES,ALL CLASSES,2000-06-11 10:11:36.000,UNITED STATES,,IOWA,0.08,"LB / ACRE / APPLICATION, AVG",,2000,19,ENVIRONMENTAL,00,,YEAR,IA,,CORN,STATE,FIELD CROPS,00,,ANNUAL,"CHEMICAL, HERBICIDE",9000,00000000
APPLICATIONS,,"CORN - APPLICATIONS, MEASURED IN LB / ACRE / APPLICATION, AVG",19,ALL PRODUCTION PRACTICES,,,"CHEMICAL, HERBICIDE: (MCPA, SODIUM SALT = 30502)",IOWA,SURVEY,,,,ALL UTILIZATION PRACTICES,ALL CLASSES,2012-01-01 00:00:00.000,UNITED STATES,,IOWA,                 (D),"LB / ACRE / APPLICATION, AVG",,2010,19,ENVIRONMENTAL,00,,YEAR,IA,,CORN,STATE,FIELD CROPS,00,,ANNUAL,"CHEMICAL, HERBICIDE",9000,00000000
APPLICATIONS,,"CORN - APPLICATIONS, MEASURED IN LB / ACRE / APPLICATION, AVG",19,ALL PRODUCTION PRACTICES,,,"CHEMICAL, HERBICIDE: (MESOTRIONE = 122990)",IOWA,SURVEY,,,,ALL UTILIZATION PRACTICES,ALL CLASSES,2021-05-13 15:00:30.000,UNITED STATES,,IOWA,0.109,"LB / ACRE / APPLICATION, AVG",,2021,19,ENVIRONMENTAL,00,,YEAR,IA,,CORN,STATE,FIELD CROPS,00,,ANNUAL,"CHEMICAL, HERBICIDE",9000,00000000
APPLICATIONS,,"CORN - APPLICATIONS, MEASURED IN LB / ACRE / APPLICATION, AVG",19,ALL PRODUCTION PRACTICES,,,"CHEMICAL, HERBICIDE: (MESOTRIONE = 122990)",IOWA,SURVEY,,,,ALL UTILIZATION PRACTICES,ALL CLASSES,2018-05-10 15:16:25.000,UNITED STATES,,IOWA,0.099,"LB / ACRE / APPLICATION, AVG",,2018,19,ENVIRONMENTAL,00,,YEAR,IA,,CORN,STATE,FIELD CROPS,00,,ANNUAL,"CHEMICAL, HERBICIDE",9000,00000000
APPLICATIONS,,"CORN - APPLICATIONS, MEASURED IN LB / ACRE / APPLICATION, AVG",19,ALL PRODUCTION PRACTICES,,,"CHEMICAL, HERBICIDE: (MESOTRIONE = 122990)",IOWA,SURVEY,,,,ALL UTILIZATION PRACTICES,ALL CLASSES,2016-08-31 14:19:39.000,UNITED STATES,,IOWA,0.097,"LB / ACRE / APPLICATION, AVG",,2016,19,ENVIRONMENTAL,00,,YEAR,IA,,CORN,STATE,FIELD CROPS,00,,ANNUAL,"CHEMICAL, HERBICIDE",9000,00000000
APPLICATIONS,,"CORN - APPLICATIONS, MEASURED IN LB / ACRE / APPLICATION, AVG",19,ALL PRODUCTION PRACTICES,,,"CHEMICAL, HERBICIDE: (MESOTRIONE = 122990)",IOWA,SURVEY,,,,ALL UTILIZATION PRACTICES,ALL CLASSES,2014-05-14 15:12:54.000,UNITED STATES,,IOWA,0.113,"LB / ACRE / APPLICATION, AVG",,2014,19,ENVIRONMENTAL,00,,YEAR,IA,,CORN,STATE,FIELD CROPS,00,,ANNUAL,"CHEMICAL, HERBICIDE",9000,00000000
APPLICATIONS,,"CORN - APPLICATIONS, MEASURED IN LB / ACRE / APPLICATION, AVG",19,ALL PRODUCTION PRACTICES,,,"CHEMICAL, HERBICIDE: (MESOTRIONE = 122990)",IOWA,SURVEY,,,,ALL UTILIZATION PRACTICES,ALL CLASSES,2012-01-01 00:00:00.000,UNITED STATES,,IOWA,0.083,"LB / ACRE / APPLICATION, AVG",,2010,19,ENVIRONMENTAL,00,,YEAR,IA,,CORN,STATE,FIELD CROPS,00,,ANNUAL,"CHEMICAL, HERBICIDE",9000,00000000
APPLICATIONS,,"CORN - APPLICATIONS, MEASURED IN LB / ACRE / APPLICATION, AVG",19,ALL PRODUCTION PRACTICES,,,"CHEMICAL, HERBICIDE: (MESOTRIONE = 122990)",IOWA,SURVEY,,,,ALL UTILIZATION PRACTICES,ALL CLASSES,2005-06-11 10:11:36.000,UNITED STATES,,IOWA,0.108,"LB / ACRE / APPLICATION, AVG",,2005,19,ENVIRONMENTAL,00,,YEAR,IA,,CORN,STATE,FIELD CROPS,00,,ANNUAL,"CHEMICAL, HERBICIDE",9000,00000000
APPLICATIONS,,"CORN - APPLICATIONS, MEASURED IN LB / ACRE / APPLICATION, AVG",19,ALL PRODUCTION PRACTICES,,,"CHEMICAL, HERBICIDE: (MESOTRIONE = 122990)",IOWA,SURVEY,,,,ALL UTILIZATION PRACTICES,ALL CLASSES,2003-06-11 10:11:36.000,UNITED STATES,,IOWA,0.09,"LB / ACRE / APPLICATION, AVG",,2003,19,ENVIRONMENTAL,00,,YEAR,IA,,CORN,STATE,FIELD CROPS,00,,ANNUAL,"CHEMICAL, HERBICIDE",9000,00000000
APPLICATIONS,,"CORN - APPLICATIONS, MEASURED IN LB / ACRE / APPLICATION, AVG",19,ALL PRODUCTION PRACTICES,,,"CHEMICAL, HERBICIDE: (MESOTRIONE = 122990)",IOWA,SURVEY,,,,ALL UTILIZATION PRACTICES,ALL CLASSES,2002-06-11 10:11:36.000,UNITED STATES,,IOWA,0.08,"LB / ACRE / APPLICATION, AVG",,2002,19,ENVIRONMENTAL,00,,YEAR,IA,,CORN,STATE,FIELD CROPS,00,,ANNUAL,"CHEMICAL, HERBICIDE",9000,00000000
APPLICATIONS,,"CORN - APPLICATIONS, MEASURED IN LB / ACRE / APPLICATION, AVG",19,ALL PRODUCTION PRACTICES,,,"CHEMICAL, HERBICIDE: (METOLACHLOR = 108801)",IOWA,SURVEY,,,,ALL UTILIZATION PRACTICES,ALL CLASSES,2021-05-13 15:00:30.000,UNITED STATES,,IOWA,                 (D),"LB / ACRE / APPLICATION, AVG",,2021,19,ENVIRONMENTAL,00,,YEAR,IA,,CORN,STATE,FIELD CROPS,00,,ANNUAL,"CHEMICAL, HERBICIDE",9000,00000000
APPLICATIONS,,"CORN - APPLICATIONS, MEASURED IN LB / ACRE / APPLICATION, AVG",19,ALL PRODUCTION PRACTICES,,,"CHEMICAL, HERBICIDE: (METOLACHLOR = 108801)",IOWA,SURVEY,,,,ALL UTILIZATION PRACTICES,ALL CLASSES,2018-05-10 15:16:25.000,UNITED STATES,,IOWA,                 (D),"LB / ACRE / APPLICATION, AVG",,2018,19,ENVIRONMENTAL,00,,YEAR,IA,,CORN,STATE,FIELD CROPS,00,,ANNUAL,"CHEMICAL, HERBICIDE",9000,00000000
APPLICATIONS,,"CORN - APPLICATIONS, MEASURED IN LB / ACRE / APPLICATION, AVG",19,ALL PRODUCTION PRACTICES,,,"CHEMICAL, HERBICIDE: (METOLACHLOR = 108801)",IOWA,SURVEY,,,,ALL UTILIZATION PRACTICES,ALL CLASSES,2016-08-31 14:19:39.000,UNITED STATES,,IOWA,                 (D),"LB / ACRE / APPLICATION, AVG",,2016,19,ENVIRONMENTAL,00,,YEAR,IA,,CORN,STATE,FIELD CROPS,00,,ANNUAL,"CHEMICAL, HERBICIDE",9000,00000000
APPLICATIONS,,"CORN - APPLICATIONS, MEASURED IN LB / ACRE / APPLICATION, AVG",19,ALL PRODUCTION PRACTICES,,,"CHEMICAL, HERBICIDE: (METOLACHLOR = 108801)",IOWA,SURVEY,,,,ALL UTILIZATION PRACTICES,ALL CLASSES,2014-05-14 15:12:54.000,UNITED STATES,,IOWA,                 (D),"LB / ACRE / APPLICATION, AVG",,2014,19,ENVIRONMENTAL,00,,YEAR,IA,,CORN,STATE,FIELD CROPS,00,,ANNUAL,"CHEMICAL, HERBICIDE",9000,00000000
APPLICATIONS,,"CORN - APPLICATIONS, MEASURED IN LB / ACRE / APPLICATION, AVG",19,ALL PRODUCTION PRACTICES,,,"CHEMICAL, HERBICIDE: (METOLACHLOR = 108801)",IOWA,SURVEY,,,,ALL UTILIZATION PRACTICES,ALL CLASSES,2003-06-11 10:11:36.000,UNITED STATES,,IOWA,1.91,"LB / ACRE / APPLICATION, AVG",,2003,19,ENVIRONMENTAL,00,,YEAR,IA,,CORN,STATE,FIELD CROPS,00,,ANNUAL,"CHEMICAL, HERBICIDE",9000,00000000
APPLICATIONS,,"CORN - APPLICATIONS, MEASURED IN LB / ACRE / APPLICATION, AVG",19,ALL PRODUCTION PRACTICES,,,"CHEMICAL, HERBICIDE: (METOLACHLOR = 108801)",IOWA,SURVEY,,,,ALL UTILIZATION PRACTICES,ALL CLASSES,2002-06-11 10:11:36.000,UNITED STATES,,IOWA,1.83,"LB / ACRE / APPLICATION, AVG",,2002,19,ENVIRONMENTAL,00,,YEAR,IA,,CORN,STATE,FIELD CROPS,00,,ANNUAL,"CHEMICAL, HERBICIDE",9000,00000000
APPLICATIONS,,"CORN - APPLICATIONS, MEASURED IN LB / ACRE / APPLICATION, AVG",19,ALL PRODUCTION PRACTICES,,,"CHEMICAL, HERBICIDE: (METOLACHLOR = 108801)",IOWA,SURVEY,,,,ALL UTILIZATION PRACTICES,ALL CLASSES,2001-06-11 10:11:36.000,UNITED STATES,,IOWA,1.88,"LB / ACRE / APPLICATION, AVG",,2001,19,ENVIRONMENTAL,00,,YEAR,IA,,CORN,STATE,FIELD CROPS,00,,ANNUAL,"CHEMICAL, HERBICIDE",9000,00000000
APPLICATIONS,,"CORN - APPLICATIONS, MEASURED IN LB / ACRE / APPLICATION, AVG",19,ALL PRODUCTION PRACTICES,,,"CHEMICAL, HERBICIDE: (METOLACHLOR = 108801)",IOWA,SURVEY,,,,ALL UTILIZATION PRACTICES,ALL CLASSES,2000-06-11 10:11:36.000,UNITED STATES,,IOWA,1.97,"LB / ACRE / APPLICATION, AVG",,2000,19,ENVIRONMENTAL,00,,YEAR,IA,,CORN,STATE,FIELD CROPS,00,,ANNUAL,"CHEMICAL, HERBICIDE",9000,00000000
APPLICATIONS,,"CORN - APPLICATIONS, MEASURED IN LB / ACRE / APPLICATION, AVG",19,ALL PRODUCTION PRACTICES,,,"CHEMICAL, HERBICIDE: (METRIBUZIN = 101101)",IOWA,SURVEY,,,,ALL UTILIZATION PRACTICES,ALL CLASSES,2018-05-10 15:16:25.000,UNITED STATES,,IOWA,                 (D),"LB / ACRE / APPLICATION, AVG",,2018,19,ENVIRONMENTAL,00,,YEAR,IA,,CORN,STATE,FIELD CROPS,00,,ANNUAL,"CHEMICAL, HERBICIDE",9000,00000000
APPLICATIONS,,"CORN - APPLICATIONS, MEASURED IN LB / ACRE / APPLICATION, AVG",19,ALL PRODUCTION PRACTICES,,,"CHEMICAL, HERBICIDE: (NICOSULFURON = 129008)",IOWA,SURVEY,,,,ALL UTILIZATION PRACTICES,ALL CLASSES,2018-05-10 15:16:25.000,UNITED STATES,,IOWA,                 (D),"LB / ACRE / APPLICATION, AVG",,2018,19,ENVIRONMENTAL,00,,YEAR,IA,,CORN,STATE,FIELD CROPS,00,,ANNUAL,"CHEMICAL, HERBICIDE",9000,00000000
APPLICATIONS,,"CORN - APPLICATIONS, MEASURED IN LB / ACRE / APPLICATION, AVG",19,ALL PRODUCTION PRACTICES,,,"CHEMICAL, HERBICIDE: (NICOSULFURON = 129008)",IOWA,SURVEY,,,,ALL UTILIZATION PRACTICES,ALL CLASSES,2014-05-14 15:12:54.000,UNITED STATES,,IOWA,                 (D),"LB / ACRE / APPLICATION, AVG",,2014,19,ENVIRONMENTAL,00,,YEAR,IA,,CORN,STATE,FIELD CROPS,00,,ANNUAL,"CHEMICAL, HERBICIDE",9000,00000000
APPLICATIONS,,"CORN - APPLICATIONS, MEASURED IN LB / ACRE / APPLICATION, AVG",19,ALL PRODUCTION PRACTICES,,,"CHEMICAL, HERBICIDE: (NICOSULFURON = 129008)",IOWA,SURVEY,,,,ALL UTILIZATION PRACTICES,ALL CLASSES,2012-01-01 00:00:00.000,UNITED STATES,,IOWA,                 (D),"LB / ACRE / APPLICATION, AVG",,2010,19,ENVIRONMENTAL,00,,YEAR,IA,,CORN,STATE,FIELD CROPS,00,,ANNUAL,"CHEMICAL, HERBICIDE",9000,00000000
APPLICATIONS,,"CORN - APPLICATIONS, MEASURED IN LB / ACRE / APPLICATION, AVG",19,ALL PRODUCTION PRACTICES,,,"CHEMICAL, HERBICIDE: (NICOSULFURON = 129008)",IOWA,SURVEY,,,,ALL UTILIZATION PRACTICES,ALL CLASSES,2005-06-11 10:11:36.000,UNITED STATES,,IOWA,0.022,"LB / ACRE / APPLICATION, AVG",,2005,19,ENVIRONMENTAL,00,,YEAR,IA,,CORN,STATE,FIELD CROPS,00,,ANNUAL,"CHEMICAL, HERBICIDE",9000,00000000
APPLICATIONS,,"CORN - APPLICATIONS, MEASURED IN LB / ACRE / APPLICATION, AVG",19,ALL PRODUCTION PRACTICES,,,"CHEMICAL, HERBICIDE: (NICOSULFURON = 129008)",IOWA,SURVEY,,,,ALL UTILIZATION PRACTICES,ALL CLASSES,2003-06-11 10:11:36.000,UNITED STATES,,IOWA,0.02,"LB / ACRE / APPLICATION, AVG",,2003,19,ENVIRONMENTAL,00,,YEAR,IA,,CORN,STATE,FIELD CROPS,00,,ANNUAL,"CHEMICAL, HERBICIDE",9000,00000000
APPLICATIONS,,"CORN - APPLICATIONS, MEASURED IN LB / ACRE / APPLICATION, AVG",19,ALL PRODUCTION PRACTICES,,,"CHEMICAL, HERBICIDE: (NICOSULFURON = 129008)",IOWA,SURVEY,,,,ALL UTILIZATION PRACTICES,ALL CLASSES,2002-06-11 10:11:36.000,UNITED STATES,,IOWA,0.02,"LB / ACRE / APPLICATION, AVG",,2002,19,ENVIRONMENTAL,00,,YEAR,IA,,CORN,STATE,FIELD CROPS,00,,ANNUAL,"CHEMICAL, HERBICIDE",9000,00000000
APPLICATIONS,,"CORN - APPLICATIONS, MEASURED IN LB / ACRE / APPLICATION, AVG",19,ALL PRODUCTION PRACTICES,,,"CHEMICAL, HERBICIDE: (NICOSULFURON = 129008)",IOWA,SURVEY,,,,ALL UTILIZATION PRACTICES,ALL CLASSES,2001-06-11 10:11:36.000,UNITED STATES,,IOWA,0.02,"LB / ACRE / APPLICATION, AVG",,2001,19,ENVIRONMENTAL,00,,YEAR,IA,,CORN,STATE,FIELD CROPS,00,,ANNUAL,"CHEMICAL, HERBICIDE",9000,00000000
APPLICATIONS,,"CORN - APPLICATIONS, MEASURED IN LB / ACRE / APPLICATION, AVG",19,ALL PRODUCTION PRACTICES,,,"CHEMICAL, HERBICIDE: (NICOSULFURON = 129008)",IOWA,SURVEY,,,,ALL UTILIZATION PRACTICES,ALL CLASSES,2000-06-11 10:11:36.000,UNITED STATES,,IOWA,0.02,"LB / ACRE / APPLICATION, AVG",,2000,19,ENVIRONMENTAL,00,,YEAR,IA,,CORN,STATE,FIELD CROPS,00,,ANNUAL,"CHEMICAL, HERBICIDE",9000,00000000
APPLICATIONS,,"CORN - APPLICATIONS, MEASURED IN LB / ACRE / APPLICATION, AVG",19,ALL PRODUCTION PRACTICES,,,"CHEMICAL, HERBICIDE: (PARAQUAT = 61601)",IOWA,SURVEY,,,,ALL UTILIZATION PRACTICES,ALL CLASSES,2016-08-31 14:19:39.000,UNITED STATES,,IOWA,                 (D),"LB / ACRE / APPLICATION, AVG",,2016,19,ENVIRONMENTAL,00,,YEAR,IA,,CORN,STATE,FIELD CROPS,00,,ANNUAL,"CHEMICAL, HERBICIDE",9000,00000000
APPLICATIONS,,"CORN - APPLICATIONS, MEASURED IN LB / ACRE / APPLICATION, AVG",19,ALL PRODUCTION PRACTICES,,,"CHEMICAL, HERBICIDE: (PARAQUAT = 61601)",IOWA,SURVEY,,,,ALL UTILIZATION PRACTICES,ALL CLASSES,2014-05-14 15:12:54.000,UNITED STATES,,IOWA,                 (D),"LB / ACRE / APPLICATION, AVG",,2014,19,ENVIRONMENTAL,00,,YEAR,IA,,CORN,STATE,FIELD CROPS,00,,ANNUAL,"CHEMICAL, HERBICIDE",9000,00000000
APPLICATIONS,,"CORN - APPLICATIONS, MEASURED IN LB / ACRE / APPLICATION, AVG",19,ALL PRODUCTION PRACTICES,,,"CHEMICAL, HERBICIDE: (PENDIMETHALIN = 108501)",IOWA,SURVEY,,,,ALL UTILIZATION PRACTICES,ALL CLASSES,2012-01-01 00:00:00.000,UNITED STATES,,IOWA,                 (D),"LB / ACRE / APPLICATION, AVG",,2010,19,ENVIRONMENTAL,00,,YEAR,IA,,CORN,STATE,FIELD CROPS,00,,ANNUAL,"CHEMICAL, HERBICIDE",9000,00000000
APPLICATIONS,,"CORN - APPLICATIONS, MEASURED IN LB / ACRE / APPLICATION, AVG",19,ALL PRODUCTION PRACTICES,,,"CHEMICAL, HERBICIDE: (PRIMISULFURON = 128973)",IOWA,SURVEY,,,,ALL UTILIZATION PRACTICES,ALL CLASSES,2014-05-14 15:12:54.000,UNITED STATES,,IOWA,                 (D),"LB / ACRE / APPLICATION, AVG",,2014,19,ENVIRONMENTAL,00,,YEAR,IA,,CORN,STATE,FIELD CROPS,00,,ANNUAL,"CHEMICAL, HERBICIDE",9000,00000000
APPLICATIONS,,"CORN - APPLICATIONS, MEASURED IN LB / ACRE / APPLICATION, AVG",19,ALL PRODUCTION PRACTICES,,,"CHEMICAL, HERBICIDE: (PRIMISULFURON = 128973)",IOWA,SURVEY,,,,ALL UTILIZATION PRACTICES,ALL CLASSES,2002-06-11 10:11:36.000,UNITED STATES,,IOWA,0.02,"LB / ACRE / APPLICATION, AVG",,2002,19,ENVIRONMENTAL,00,,YEAR,IA,,CORN,STATE,FIELD CROPS,00,,ANNUAL,"CHEMICAL, HERBICIDE",9000,00000000
APPLICATIONS,,"CORN - APPLICATIONS, MEASURED IN LB / ACRE / APPLICATION, AVG",19,ALL PRODUCTION PRACTICES,,,"CHEMICAL, HERBICIDE: (PRIMISULFURON = 128973)",IOWA,SURVEY,,,,ALL UTILIZATION PRACTICES,ALL CLASSES,2001-06-11 10:11:36.000,UNITED STATES,,IOWA,0.02,"LB / ACRE / APPLICATION, AVG",,2001,19,ENVIRONMENTAL,00,,YEAR,IA,,CORN,STATE,FIELD CROPS,00,,ANNUAL,"CHEMICAL, HERBICIDE",9000,00000000
APPLICATIONS,,"CORN - APPLICATIONS, MEASURED IN LB / ACRE / APPLICATION, AVG",19,ALL PRODUCTION PRACTICES,,,"CHEMICAL, HERBICIDE: (PRIMISULFURON = 128973)",IOWA,SURVEY,,,,ALL UTILIZATION PRACTICES,ALL CLASSES,2000-06-11 10:11:36.000,UNITED STATES,,IOWA,0.02,"LB / ACRE / APPLICATION, AVG",,2000,19,ENVIRONMENTAL,00,,YEAR,IA,,CORN,STATE,FIELD CROPS,00,,ANNUAL,"CHEMICAL, HERBICIDE",9000,00000000
APPLICATIONS,,"CORN - APPLICATIONS, MEASURED IN LB / ACRE / APPLICATION, AVG",19,ALL PRODUCTION PRACTICES,,,"CHEMICAL, HERBICIDE: (PROPOXYCARBAZONE-SOD = 122019)",IOWA,SURVEY,,,,ALL UTILIZATION PRACTICES,ALL CLASSES,2016-08-31 14:19:39.000,UNITED STATES,,IOWA,                 (D),"LB / ACRE / APPLICATION, AVG",,2016,19,ENVIRONMENTAL,00,,YEAR,IA,,CORN,STATE,FIELD CROPS,00,,ANNUAL,"CHEMICAL, HERBICIDE",9000,00000000
APPLICATIONS,,"CORN - APPLICATIONS, MEASURED IN LB / ACRE / APPLICATION, AVG",19,ALL PRODUCTION PRACTICES,,,"CHEMICAL, HERBICIDE: (PYRIDATE = 128834)",IOWA,SURVEY,,,,ALL UTILIZATION PRACTICES,ALL CLASSES,2000-06-11 10:11:36.000,UNITED STATES,,IOWA,0.73,"LB / ACRE / APPLICATION, AVG",,2000,19,ENVIRONMENTAL,00,,YEAR,IA,,CORN,STATE,FIELD CROPS,00,,ANNUAL,"CHEMICAL, HERBICIDE",9000,00000000
APPLICATIONS,,"CORN - APPLICATIONS, MEASURED IN LB / ACRE / APPLICATION, AVG",19,ALL PRODUCTION PRACTICES,,,"CHEMICAL, HERBICIDE: (PYROXASULFONE = 90099)",IOWA,SURVEY,,,,ALL UTILIZATION PRACTICES,ALL CLASSES,2018-05-10 15:16:25.000,UNITED STATES,,IOWA,                 (D),"LB / ACRE / APPLICATION, AVG",,2018,19,ENVIRONMENTAL,00,,YEAR,IA,,CORN,STATE,FIELD CROPS,00,,ANNUAL,"CHEMICAL, HERBICIDE",9000,00000000
APPLICATIONS,,"CORN - APPLICATIONS, MEASURED IN LB / ACRE / APPLICATION, AVG",19,ALL PRODUCTION PRACTICES,,,"CHEMICAL, HERBICIDE: (PYROXASULFONE = 90099)",IOWA,SURVEY,,,,ALL UTILIZATION PRACTICES,ALL CLASSES,2016-08-31 14:19:39.000,UNITED STATES,,IOWA,                 (D),"LB / ACRE / APPLICATION, AVG",,2016,19,ENVIRONMENTAL,00,,YEAR,IA,,CORN,STATE,FIELD CROPS,00,,ANNUAL,"CHEMICAL, HERBICIDE",9000,00000000
APPLICATIONS,,"CORN - APPLICATIONS, MEASURED IN LB / ACRE / APPLICATION, AVG",19,ALL PRODUCTION PRACTICES,,,"CHEMICAL, HERBICIDE: (PYROXSULAM = 108702)",IOWA,SURVEY,,,,ALL UTILIZATION PRACTICES,ALL CLASSES,2018-05-10 15:16:25.000,UNITED STATES,,IOWA,                 (D),"LB / ACRE / APPLICATION, AVG",,2018,19,ENVIRONMENTAL,00,,YEAR,IA,,CORN,STATE,FIELD CROPS,00,,ANNUAL,"CHEMICAL, HERBICIDE",9000,00000000
APPLICATIONS,,"CORN - APPLICATIONS, MEASURED IN LB / ACRE / APPLICATION, AVG",19,ALL PRODUCTION PRACTICES,,,"CHEMICAL, HERBICIDE: (RIMSULFURON = 129009)",IOWA,SURVEY,,,,ALL UTILIZATION PRACTICES,ALL CLASSES,2018-05-10 15:16:25.000,UNITED STATES,,IOWA,0.01,"LB / ACRE / APPLICATION, AVG",,2018,19,ENVIRONMENTAL,00,,YEAR,IA,,CORN,STATE,FIELD CROPS,00,,ANNUAL,"CHEMICAL, HERBICIDE",9000,00000000
APPLICATIONS,,"CORN - APPLICATIONS, MEASURED IN LB / ACRE / APPLICATION, AVG",19,ALL PRODUCTION PRACTICES,,,"CHEMICAL, HERBICIDE: (RIMSULFURON = 129009)",IOWA,SURVEY,,,,ALL UTILIZATION PRACTICES,ALL CLASSES,2016-08-31 14:19:39.000,UNITED STATES,,IOWA,0.015,"LB / ACRE / APPLICATION, AVG",,2016,19,ENVIRONMENTAL,00,,YEAR,IA,,CORN,STATE,FIELD CROPS,00,,ANNUAL,"CHEMICAL, HERBICIDE",9000,00000000
APPLICATIONS,,"CORN - APPLICATIONS, MEASURED IN LB / ACRE / APPLICATION, AVG",19,ALL PRODUCTION PRACTICES,,,"CHEMICAL, HERBICIDE: (RIMSULFURON = 129009)",IOWA,SURVEY,,,,ALL UTILIZATION PRACTICES,ALL CLASSES,2014-05-14 15:12:54.000,UNITED STATES,,IOWA,0.015,"LB / ACRE / APPLICATION, AVG",,2014,19,ENVIRONMENTAL,00,,YEAR,IA,,CORN,STATE,FIELD CROPS,00,,ANNUAL,"CHEMICAL, HERBICIDE",9000,00000000
APPLICATIONS,,"CORN - APPLICATIONS, MEASURED IN LB / ACRE / APPLICATION, AVG",19,ALL PRODUCTION PRACTICES,,,"CHEMICAL, HERBICIDE: (RIMSULFURON = 129009)",IOWA,SURVEY,,,,ALL UTILIZATION PRACTICES,ALL CLASSES,2012-01-01 00:00:00.000,UNITED STATES,,IOWA,0.01,"LB / ACRE / APPLICATION, AVG",,2010,19,ENVIRONMENTAL,00,,YEAR,IA,,CORN,STATE,FIELD CROPS,00,,ANNUAL,"CHEMICAL, HERBICIDE",9000,00000000
APPLICATIONS,,"CORN - APPLICATIONS, MEASURED IN LB / ACRE / APPLICATION, AVG",19,ALL PRODUCTION PRACTICES,,,"CHEMICAL, HERBICIDE: (RIMSULFURON = 129009)",IOWA,SURVEY,,,,ALL UTILIZATION PRACTICES,ALL CLASSES,2005-06-11 10:11:36.000,UNITED STATES,,IOWA,0.011,"LB / ACRE / APPLICATION, AVG",,2005,19,ENVIRONMENTAL,00,,YEAR,IA,,CORN,STATE,FIELD CROPS,00,,ANNUAL,"CHEMICAL, HERBICIDE",9000,00000000
APPLICATIONS,,"CORN - APPLICATIONS, MEASURED IN LB / ACRE / APPLICATION, AVG",19,ALL PRODUCTION PRACTICES,,,"CHEMICAL, HERBICIDE: (RIMSULFURON = 129009)",IOWA,SURVEY,,,,ALL UTILIZATION PRACTICES,ALL CLASSES,2003-06-11 10:11:36.000,UNITED STATES,,IOWA,0.01,"LB / ACRE / APPLICATION, AVG",,2003,19,ENVIRONMENTAL,00,,YEAR,IA,,CORN,STATE,FIELD CROPS,00,,ANNUAL,"CHEMICAL, HERBICIDE",9000,00000000
APPLICATIONS,,"CORN - APPLICATIONS, MEASURED IN LB / ACRE / APPLICATION, AVG",19,ALL PRODUCTION PRACTICES,,,"CHEMICAL, HERBICIDE: (RIMSULFURON = 129009)",IOWA,SURVEY,,,,ALL UTILIZATION PRACTICES,ALL CLASSES,2002-06-11 10:11:36.000,UNITED STATES,,IOWA,0.01,"LB / ACRE / APPLICATION, AVG",,2002,19,ENVIRONMENTAL,00,,YEAR,IA,,CORN,STATE,FIELD CROPS,00,,ANNUAL,"CHEMICAL, HERBICIDE",9000,00000000
APPLICATIONS,,"CORN - APPLICATIONS, MEASURED IN LB / ACRE / APPLICATION, AVG",19,ALL PRODUCTION PRACTICES,,,"CHEMICAL, HERBICIDE: (RIMSULFURON = 129009)",IOWA,SURVEY,,,,ALL UTILIZATION PRACTICES,ALL CLASSES,2001-06-11 10:11:36.000,UNITED STATES,,IOWA,0.01,"LB / ACRE / APPLICATION, AVG",,2001,19,ENVIRONMENTAL,00,,YEAR,IA,,CORN,STATE,FIELD CROPS,00,,ANNUAL,"CHEMICAL, HERBICIDE",9000,00000000
APPLICATIONS,,"CORN - APPLICATIONS, MEASURED IN LB / ACRE / APPLICATION, AVG",19,ALL PRODUCTION PRACTICES,,,"CHEMICAL, HERBICIDE: (RIMSULFURON = 129009)",IOWA,SURVEY,,,,ALL UTILIZATION PRACTICES,ALL CLASSES,2000-06-11 10:11:36.000,UNITED STATES,,IOWA,0.01,"LB / ACRE / APPLICATION, AVG",,2000,19,ENVIRONMENTAL,00,,YEAR,IA,,CORN,STATE,FIELD CROPS,00,,ANNUAL,"CHEMICAL, HERBICIDE",9000,00000000
APPLICATIONS,,"CORN - APPLICATIONS, MEASURED IN LB / ACRE / APPLICATION, AVG",19,ALL PRODUCTION PRACTICES,,,"CHEMICAL, HERBICIDE: (S-METOLACHLOR = 108800)",IOWA,SURVEY,,,,ALL UTILIZATION PRACTICES,ALL CLASSES,2021-05-13 15:00:30.000,UNITED STATES,,IOWA,0.791,"LB / ACRE / APPLICATION, AVG",,2021,19,ENVIRONMENTAL,00,,YEAR,IA,,CORN,STATE,FIELD CROPS,00,,ANNUAL,"CHEMICAL, HERBICIDE",9000,00000000
APPLICATIONS,,"CORN - APPLICATIONS, MEASURED IN LB / ACRE / APPLICATION, AVG",19,ALL PRODUCTION PRACTICES,,,"CHEMICAL, HERBICIDE: (S-METOLACHLOR = 108800)",IOWA,SURVEY,,,,ALL UTILIZATION PRACTICES,ALL CLASSES,2018-05-10 15:16:25.000,UNITED STATES,,IOWA,1.122,"LB / ACRE / APPLICATION, AVG",,2018,19,ENVIRONMENTAL,00,,YEAR,IA,,CORN,STATE,FIELD CROPS,00,,ANNUAL,"CHEMICAL, HERBICIDE",9000,00000000
APPLICATIONS,,"CORN - APPLICATIONS, MEASURED IN LB / ACRE / APPLICATION, AVG",19,ALL PRODUCTION PRACTICES,,,"CHEMICAL, HERBICIDE: (S-METOLACHLOR = 108800)",IOWA,SURVEY,,,,ALL UTILIZATION PRACTICES,ALL CLASSES,2016-08-31 14:19:39.000,UNITED STATES,,IOWA,1.25,"LB / ACRE / APPLICATION, AVG",,2016,19,ENVIRONMENTAL,00,,YEAR,IA,,CORN,STATE,FIELD CROPS,00,,ANNUAL,"CHEMICAL, HERBICIDE",9000,00000000
APPLICATIONS,,"CORN - APPLICATIONS, MEASURED IN LB / ACRE / APPLICATION, AVG",19,ALL PRODUCTION PRACTICES,,,"CHEMICAL, HERBICIDE: (S-METOLACHLOR = 108800)",IOWA,SURVEY,,,,ALL UTILIZATION PRACTICES,ALL CLASSES,2014-05-14 15:12:54.000,UNITED STATES,,IOWA,1.066,"LB / ACRE / APPLICATION, AVG",,2014,19,ENVIRONMENTAL,00,,YEAR,IA,,CORN,STATE,FIELD CROPS,00,,ANNUAL,"CHEMICAL, HERBICIDE",9000,00000000
APPLICATIONS,,"CORN - APPLICATIONS, MEASURED IN LB / ACRE / APPLICATION, AVG",19,ALL PRODUCTION PRACTICES,,,"CHEMICAL, HERBICIDE: (S-METOLACHLOR = 108800)",IOWA,SURVEY,,,,ALL UTILIZATION PRACTICES,ALL CLASSES,2012-01-01 00:00:00.000,UNITED STATES,,IOWA,0.92,"LB / ACRE / APPLICATION, AVG",,2010,19,ENVIRONMENTAL,00,,YEAR,IA,,CORN,STATE,FIELD CROPS,00,,ANNUAL,"CHEMICAL, HERBICIDE",9000,00000000
APPLICATIONS,,"CORN - APPLICATIONS, MEASURED IN LB / ACRE / APPLICATION, AVG",19,ALL PRODUCTION PRACTICES,,,"CHEMICAL, HERBICIDE: (S-METOLACHLOR = 108800)",IOWA,SURVEY,,,,ALL UTILIZATION PRACTICES,ALL CLASSES,2005-06-11 10:11:36.000,UNITED STATES,,IOWA,1.52,"LB / ACRE / APPLICATION, AVG",,2005,19,ENVIRONMENTAL,00,,YEAR,IA,,CORN,STATE,FIELD CROPS,00,,ANNUAL,"CHEMICAL, HERBICIDE",9000,00000000
APPLICATIONS,,"CORN - APPLICATIONS, MEASURED IN LB / ACRE / APPLICATION, AVG",19,ALL PRODUCTION PRACTICES,,,"CHEMICAL, HERBICIDE: (S-METOLACHLOR = 108800)",IOWA,SURVEY,,,,ALL UTILIZATION PRACTICES,ALL CLASSES,2003-06-11 10:11:36.000,UNITED STATES,,IOWA,1.49,"LB / ACRE / APPLICATION, AVG",,2003,19,ENVIRONMENTAL,00,,YEAR,IA,,CORN,STATE,FIELD CROPS,00,,ANNUAL,"CHEMICAL, HERBICIDE",9000,00000000
APPLICATIONS,,"CORN - APPLICATIONS, MEASURED IN LB / ACRE / APPLICATION, AVG",19,ALL PRODUCTION PRACTICES,,,"CHEMICAL, HERBICIDE: (S-METOLACHLOR = 108800)",IOWA,SURVEY,,,,ALL UTILIZATION PRACTICES,ALL CLASSES,2002-06-11 10:11:36.000,UNITED STATES,,IOWA,1.64,"LB / ACRE / APPLICATION, AVG",,2002,19,ENVIRONMENTAL,00,,YEAR,IA,,CORN,STATE,FIELD CROPS,00,,ANNUAL,"CHEMICAL, HERBICIDE",9000,00000000
APPLICATIONS,,"CORN - APPLICATIONS, MEASURED IN LB / ACRE / APPLICATION, AVG",19,ALL PRODUCTION PRACTICES,,,"CHEMICAL, HERBICIDE: (S-METOLACHLOR = 108800)",IOWA,SURVEY,,,,ALL UTILIZATION PRACTICES,ALL CLASSES,2001-06-11 10:11:36.000,UNITED STATES,,IOWA,1.7,"LB / ACRE / APPLICATION, AVG",,2001,19,ENVIRONMENTAL,00,,YEAR,IA,,CORN,STATE,FIELD CROPS,00,,ANNUAL,"CHEMICAL, HERBICIDE",9000,00000000
APPLICATIONS,,"CORN - APPLICATIONS, MEASURED IN LB / ACRE / APPLICATION, AVG",19,ALL PRODUCTION PRACTICES,,,"CHEMICAL, HERBICIDE: (S-METOLACHLOR = 108800)",IOWA,SURVEY,,,,ALL UTILIZATION PRACTICES,ALL CLASSES,2000-06-11 10:11:36.000,UNITED STATES,,IOWA,1.44,"LB / ACRE / APPLICATION, AVG",,2000,19,ENVIRONMENTAL,00,,YEAR,IA,,CORN,STATE,FIELD CROPS,00,,ANNUAL,"CHEMICAL, HERBICIDE",9000,00000000
APPLICATIONS,,"CORN - APPLICATIONS, MEASURED IN LB / ACRE / APPLICATION, AVG",19,ALL PRODUCTION PRACTICES,,,"CHEMICAL, HERBICIDE: (SAFLUFENACIL = 118203)",IOWA,SURVEY,,,,ALL UTILIZATION PRACTICES,ALL CLASSES,2021-05-13 15:00:30.000,UNITED STATES,,IOWA,                 (D),"LB / ACRE / APPLICATION, AVG",,2021,19,ENVIRONMENTAL,00,,YEAR,IA,,CORN,STATE,FIELD CROPS,00,,ANNUAL,"CHEMICAL, HERBICIDE",9000,00000000
APPLICATIONS,,"CORN - APPLICATIONS, MEASURED IN LB / ACRE / APPLICATION, AVG",19,ALL PRODUCTION PRACTICES,,,"CHEMICAL, HERBICIDE: (SAFLUFENACIL = 118203)",IOWA,SURVEY,,,,ALL UTILIZATION PRACTICES,ALL CLASSES,2018-05-10 15:16:25.000,UNITED STATES,,IOWA,0.048,"LB / ACRE / APPLICATION, AVG",,2018,19,ENVIRONMENTAL,00,,YEAR,IA,,CORN,STATE,FIELD CROPS,00,,ANNUAL,"CHEMICAL, HERBICIDE",9000,00000000
APPLICATIONS,,"CORN - APPLICATIONS, MEASURED IN LB / ACRE / APPLICATION, AVG",19,ALL PRODUCTION PRACTICES,,,"CHEMICAL, HERBICIDE: (SAFLUFENACIL = 118203)",IOWA,SURVEY,,,,ALL UTILIZATION PRACTICES,ALL CLASSES,2016-08-31 14:19:39.000,UNITED STATES,,IOWA,                 (D),"LB / ACRE / APPLICATION, AVG",,2016,19,ENVIRONMENTAL,00,,YEAR,IA,,CORN,STATE,FIELD CROPS,00,,ANNUAL,"CHEMICAL, HERBICIDE",9000,00000000
APPLICATIONS,,"CORN - APPLICATIONS, MEASURED IN LB / ACRE / APPLICATION, AVG",19,ALL PRODUCTION PRACTICES,,,"CHEMICAL, HERBICIDE: (SAFLUFENACIL = 118203)",IOWA,SURVEY,,,,ALL UTILIZATION PRACTICES,ALL CLASSES,2014-05-14 15:12:54.000,UNITED STATES,,IOWA,0.064,"LB / ACRE / APPLICATION, AVG",,2014,19,ENVIRONMENTAL,00,,YEAR,IA,,CORN,STATE,FIELD CROPS,00,,ANNUAL,"CHEMICAL, HERBICIDE",9000,00000000
APPLICATIONS,,"CORN - APPLICATIONS, MEASURED IN LB / ACRE / APPLICATION, AVG",19,ALL PRODUCTION PRACTICES,,,"CHEMICAL, HERBICIDE: (SAFLUFENACIL = 118203)",IOWA,SURVEY,,,,ALL UTILIZATION PRACTICES,ALL CLASSES,2012-01-01 00:00:00.000,UNITED STATES,,IOWA,                 (D),"LB / ACRE / APPLICATION, AVG",,2010,19,ENVIRONMENTAL,00,,YEAR,IA,,CORN,STATE,FIELD CROPS,00,,ANNUAL,"CHEMICAL, HERBICIDE",9000,00000000
APPLICATIONS,,"CORN - APPLICATIONS, MEASURED IN LB / ACRE / APPLICATION, AVG",19,ALL PRODUCTION PRACTICES,,,"CHEMICAL, HERBICIDE: (SIMAZINE = 80807)",IOWA,SURVEY,,,,ALL UTILIZATION PRACTICES,ALL CLASSES,2014-05-14 15:12:54.000,UNITED STATES,,IOWA,                 (D),"LB / ACRE / APPLICATION, AVG",,2014,19,ENVIRONMENTAL,00,,YEAR,IA,,CORN,STATE,FIELD CROPS,00,,ANNUAL,"CHEMICAL, HERBICIDE",9000,00000000
APPLICATIONS,,"CORN - APPLICATIONS, MEASURED IN LB / ACRE / APPLICATION, AVG",19,ALL PRODUCTION PRACTICES,,,"CHEMICAL, HERBICIDE: (SULFENTRAZONE = 129081)",IOWA,SURVEY,,,,ALL UTILIZATION PRACTICES,ALL CLASSES,2018-05-10 15:16:25.000,UNITED STATES,,IOWA,                 (D),"LB / ACRE / APPLICATION, AVG",,2018,19,ENVIRONMENTAL,00,,YEAR,IA,,CORN,STATE,FIELD CROPS,00,,ANNUAL,"CHEMICAL, HERBICIDE",9000,00000000
APPLICATIONS,,"CORN - APPLICATIONS, MEASURED IN LB / ACRE / APPLICATION, AVG",19,ALL PRODUCTION PRACTICES,,,"CHEMICAL, HERBICIDE: (SULFENTRAZONE = 129081)",IOWA,SURVEY,,,,ALL UTILIZATION PRACTICES,ALL CLASSES,2014-05-14 15:12:54.000,UNITED STATES,,IOWA,                 (D),"LB / ACRE / APPLICATION, AVG",,2014,19,ENVIRONMENTAL,00,,YEAR,IA,,CORN,STATE,FIELD CROPS,00,,ANNUAL,"CHEMICAL, HERBICIDE",9000,00000000
APPLICATIONS,,"CORN - APPLICATIONS, MEASURED IN LB / ACRE / APPLICATION, AVG",19,ALL PRODUCTION PRACTICES,,,"CHEMICAL, HERBICIDE: (SULFENTRAZONE = 129081)",IOWA,SURVEY,,,,ALL UTILIZATION PRACTICES,ALL CLASSES,2012-01-01 00:00:00.000,UNITED STATES,,IOWA,                 (D),"LB / ACRE / APPLICATION, AVG",,2010,19,ENVIRONMENTAL,00,,YEAR,IA,,CORN,STATE,FIELD CROPS,00,,ANNUAL,"CHEMICAL, HERBICIDE",9000,00000000
APPLICATIONS,,"CORN - APPLICATIONS, MEASURED IN LB / ACRE / APPLICATION, AVG",19,ALL PRODUCTION PRACTICES,,,"CHEMICAL, HERBICIDE: (TEMBOTRIONE = 12801)",IOWA,SURVEY,,,,ALL UTILIZATION PRACTICES,ALL CLASSES,2021-05-13 15:00:30.000,UNITED STATES,,IOWA,0.067,"LB / ACRE / APPLICATION, AVG",,2021,19,ENVIRONMENTAL,00,,YEAR,IA,,CORN,STATE,FIELD CROPS,00,,ANNUAL,"CHEMICAL, HERBICIDE",9000,00000000
APPLICATIONS,,"CORN - APPLICATIONS, MEASURED IN LB / ACRE / APPLICATION, AVG",19,ALL PRODUCTION PRACTICES,,,"CHEMICAL, HERBICIDE: (TEMBOTRIONE = 12801)",IOWA,SURVEY,,,,ALL UTILIZATION PRACTICES,ALL CLASSES,2018-05-10 15:16:25.000,UNITED STATES,,IOWA,0.081,"LB / ACRE / APPLICATION, AVG",,2018,19,ENVIRONMENTAL,00,,YEAR,IA,,CORN,STATE,FIELD CROPS,00,,ANNUAL,"CHEMICAL, HERBICIDE",9000,00000000
APPLICATIONS,,"CORN - APPLICATIONS, MEASURED IN LB / ACRE / APPLICATION, AVG",19,ALL PRODUCTION PRACTICES,,,"CHEMICAL, HERBICIDE: (TEMBOTRIONE = 12801)",IOWA,SURVEY,,,,ALL UTILIZATION PRACTICES,ALL CLASSES,2016-08-31 14:19:39.000,UNITED STATES,,IOWA,0.062,"LB / ACRE / APPLICATION, AVG",,2016,19,ENVIRONMENTAL,00,,YEAR,IA,,CORN,STATE,FIELD CROPS,00,,ANNUAL,"CHEMICAL, HERBICIDE",9000,00000000
APPLICATIONS,,"CORN - APPLICATIONS, MEASURED IN LB / ACRE / APPLICATION, AVG",19,ALL PRODUCTION PRACTICES,,,"CHEMICAL, HERBICIDE: (TEMBOTRIONE = 12801)",IOWA,SURVEY,,,,ALL UTILIZATION PRACTICES,ALL CLASSES,2014-05-14 15:12:54.000,UNITED STATES,,IOWA,0.061,"LB / ACRE / APPLICATION, AVG",,2014,19,ENVIRONMENTAL,00,,YEAR,IA,,CORN,STATE,FIELD CROPS,00,,ANNUAL,"CHEMICAL, HERBICIDE",9000,00000000
APPLICATIONS,,"CORN - APPLICATIONS, MEASURED IN LB / ACRE / APPLICATION, AVG",19,ALL PRODUCTION PRACTICES,,,"CHEMICAL, HERBICIDE: (TEMBOTRIONE = 12801)",IOWA,SURVEY,,,,ALL UTILIZATION PRACTICES,ALL CLASSES,2012-01-01 00:00:00.000,UNITED STATES,,IOWA,0.065,"LB / ACRE / APPLICATION, AVG",,2010,19,ENVIRONMENTAL,00,,YEAR,IA,,CORN,STATE,FIELD CROPS,00,,ANNUAL,"CHEMICAL, HERBICIDE",9000,00000000
APPLICATIONS,,"CORN - APPLICATIONS, MEASURED IN LB / ACRE / APPLICATION, AVG",19,ALL PRODUCTION PRACTICES,,,"CHEMICAL, HERBICIDE: (THIENCARBAZONE-METHY = 15804)",IOWA,SURVEY,,,,ALL UTILIZATION PRACTICES,ALL CLASSES,2021-05-13 15:00:30.000,UNITED STATES,,IOWA,                 (D),"LB / ACRE / APPLICATION, AVG",,2021,19,ENVIRONMENTAL,00,,YEAR,IA,,CORN,STATE,FIELD CROPS,00,,ANNUAL,"CHEMICAL, HERBICIDE",9000,00000000
APPLICATIONS,,"CORN - APPLICATIONS, MEASURED IN LB / ACRE / APPLICATION, AVG",19,ALL PRODUCTION PRACTICES,,,"CHEMICAL, HERBICIDE: (THIENCARBAZONE-METHY = 15804)",IOWA,SURVEY,,,,ALL UTILIZATION PRACTICES,ALL CLASSES,2018-05-10 15:16:25.000,UNITED STATES,,IOWA,0.024,"LB / ACRE / APPLICATION, AVG",,2018,19,ENVIRONMENTAL,00,,YEAR,IA,,CORN,STATE,FIELD CROPS,00,,ANNUAL,"CHEMICAL, HERBICIDE",9000,00000000
APPLICATIONS,,"CORN - APPLICATIONS, MEASURED IN LB / ACRE / APPLICATION, AVG",19,ALL PRODUCTION PRACTICES,,,"CHEMICAL, HERBICIDE: (THIENCARBAZONE-METHY = 15804)",IOWA,SURVEY,,,,ALL UTILIZATION PRACTICES,ALL CLASSES,2016-08-31 14:19:39.000,UNITED STATES,,IOWA,0.022,"LB / ACRE / APPLICATION, AVG",,2016,19,ENVIRONMENTAL,00,,YEAR,IA,,CORN,STATE,FIELD CROPS,00,,ANNUAL,"CHEMICAL, HERBICIDE",9000,00000000
APPLICATIONS,,"CORN - APPLICATIONS, MEASURED IN LB / ACRE / APPLICATION, AVG",19,ALL PRODUCTION PRACTICES,,,"CHEMICAL, HERBICIDE: (THIENCARBAZONE-METHY = 15804)",IOWA,SURVEY,,,,ALL UTILIZATION PRACTICES,ALL CLASSES,2014-05-14 15:12:54.000,UNITED STATES,,IOWA,0.021,"LB / ACRE / APPLICATION, AVG",,2014,19,ENVIRONMENTAL,00,,YEAR,IA,,CORN,STATE,FIELD CROPS,00,,ANNUAL,"CHEMICAL, HERBICIDE",9000,00000000
APPLICATIONS,,"CORN - APPLICATIONS, MEASURED IN LB / ACRE / APPLICATION, AVG",19,ALL PRODUCTION PRACTICES,,,"CHEMICAL, HERBICIDE: (THIENCARBAZONE-METHY = 15804)",IOWA,SURVEY,,,,ALL UTILIZATION PRACTICES,ALL CLASSES,2012-01-01 00:00:00.000,UNITED STATES,,IOWA,0.031,"LB / ACRE / APPLICATION, AVG",,2010,19,ENVIRONMENTAL,00,,YEAR,IA,,CORN,STATE,FIELD CROPS,00,,ANNUAL,"CHEMICAL, HERBICIDE",9000,00000000
APPLICATIONS,,"CORN - APPLICATIONS, MEASURED IN LB / ACRE / APPLICATION, AVG",19,ALL PRODUCTION PRACTICES,,,"CHEMICAL, HERBICIDE: (THIFENSULFURON = 128845)",IOWA,SURVEY,,,,ALL UTILIZATION PRACTICES,ALL CLASSES,2018-05-10 15:16:25.000,UNITED STATES,,IOWA,                 (D),"LB / ACRE / APPLICATION, AVG",,2018,19,ENVIRONMENTAL,00,,YEAR,IA,,CORN,STATE,FIELD CROPS,00,,ANNUAL,"CHEMICAL, HERBICIDE",9000,00000000
APPLICATIONS,,"CORN - APPLICATIONS, MEASURED IN LB / ACRE / APPLICATION, AVG",19,ALL PRODUCTION PRACTICES,,,"CHEMICAL, HERBICIDE: (THIFENSULFURON = 128845)",IOWA,SURVEY,,,,ALL UTILIZATION PRACTICES,ALL CLASSES,2012-01-01 00:00:00.000,UNITED STATES,,IOWA,                 (D),"LB / ACRE / APPLICATION, AVG",,2010,19,ENVIRONMENTAL,00,,YEAR,IA,,CORN,STATE,FIELD CROPS,00,,ANNUAL,"CHEMICAL, HERBICIDE",9000,00000000
APPLICATIONS,,"CORN - APPLICATIONS, MEASURED IN LB / ACRE / APPLICATION, AVG",19,ALL PRODUCTION PRACTICES,,,"CHEMICAL, HERBICIDE: (TOPRAMEZONE = 123009)",IOWA,SURVEY,,,,ALL UTILIZATION PRACTICES,ALL CLASSES,2021-05-13 15:00:30.000,UNITED STATES,,IOWA,                 (D),"LB / ACRE / APPLICATION, AVG",,2021,19,ENVIRONMENTAL,00,,YEAR,IA,,CORN,STATE,FIELD CROPS,00,,ANNUAL,"CHEMICAL, HERBICIDE",9000,00000000
APPLICATIONS,,"CORN - APPLICATIONS, MEASURED IN LB / ACRE / APPLICATION, AVG",19,ALL PRODUCTION PRACTICES,,,"CHEMICAL, HERBICIDE: (TOPRAMEZONE = 123009)",IOWA,SURVEY,,,,ALL UTILIZATION PRACTICES,ALL CLASSES,2018-05-10 15:16:25.000,UNITED STATES,,IOWA,0.019,"LB / ACRE / APPLICATION, AVG",,2018,19,ENVIRONMENTAL,00,,YEAR,IA,,CORN,STATE,FIELD CROPS,00,,ANNUAL,"CHEMICAL, HERBICIDE",9000,00000000
APPLICATIONS,,"CORN - APPLICATIONS, MEASURED IN LB / ACRE / APPLICATION, AVG",19,ALL PRODUCTION PRACTICES,,,"CHEMICAL, HERBICIDE: (TOPRAMEZONE = 123009)",IOWA,SURVEY,,,,ALL UTILIZATION PRACTICES,ALL CLASSES,2016-08-31 14:19:39.000,UNITED STATES,,IOWA,0.015,"LB / ACRE / APPLICATION, AVG",,2016,19,ENVIRONMENTAL,00,,YEAR,IA,,CORN,STATE,FIELD CROPS,00,,ANNUAL,"CHEMICAL, HERBICIDE",9000,00000000
APPLICATIONS,,"CORN - APPLICATIONS, MEASURED IN LB / ACRE / APPLICATION, AVG",19,ALL PRODUCTION PRACTICES,,,"CHEMICAL, HERBICIDE: (TOPRAMEZONE = 123009)",IOWA,SURVEY,,,,ALL UTILIZATION PRACTICES,ALL CLASSES,2014-05-14 15:12:54.000,UNITED STATES,,IOWA,0.016,"LB / ACRE / APPLICATION, AVG",,2014,19,ENVIRONMENTAL,00,,YEAR,IA,,CORN,STATE,FIELD CROPS,00,,ANNUAL,"CHEMICAL, HERBICIDE",9000,00000000
APPLICATIONS,,"CORN - APPLICATIONS, MEASURED IN LB / ACRE / APPLICATION, AVG",19,ALL PRODUCTION PRACTICES,,,"CHEMICAL, HERBICIDE: (TOPRAMEZONE = 123009)",IOWA,SURVEY,,,,ALL UTILIZATION PRACTICES,ALL CLASSES,2012-01-01 00:00:00.000,UNITED STATES,,IOWA,                 (D),"LB / ACRE / APPLICATION, AVG",,2010,19,ENVIRONMENTAL,00,,YEAR,IA,,CORN,STATE,FIELD CROPS,00,,ANNUAL,"CHEMICAL, HERBICIDE",9000,00000000
APPLICATIONS,,"CORN - APPLICATIONS, MEASURED IN LB / ACRE / APPLICATION, AVG",19,ALL PRODUCTION PRACTICES,,,"CHEMICAL, HERBICIDE: (TRIBENURON-METHYL = 128887)",IOWA,SURVEY,,,,ALL UTILIZATION PRACTICES,ALL CLASSES,2018-05-10 15:16:25.000,UNITED STATES,,IOWA,                 (D),"LB / ACRE / APPLICATION, AVG",,2018,19,ENVIRONMENTAL,00,,YEAR,IA,,CORN,STATE,FIELD CROPS,00,,ANNUAL,"CHEMICAL, HERBICIDE",9000,00000000
APPLICATIONS,,"CORN - APPLICATIONS, MEASURED IN LB / ACRE / APPLICATION, AVG",19,ALL PRODUCTION PRACTICES,,,"CHEMICAL, HERBICIDE: (TRIFLURALIN = 36101)",IOWA,SURVEY,,,,ALL UTILIZATION PRACTICES,ALL CLASSES,2018-05-10 15:16:25.000,UNITED STATES,,IOWA,                 (D),"LB / ACRE / APPLICATION, AVG",,2018,19,ENVIRONMENTAL,00,,YEAR,IA,,CORN,STATE,FIELD CROPS,00,,ANNUAL,"CHEMICAL, HERBICIDE",9000,00000000
APPLICATIONS,,"CORN - APPLICATIONS, MEASURED IN LB / ACRE / APPLICATION, AVG",19,ALL PRODUCTION PRACTICES,,,"CHEMICAL, HERBICIDE: (TRIFLURALIN = 36101)",IOWA,SURVEY,,,,ALL UTILIZATION PRACTICES,ALL CLASSES,2014-05-14 15:12:54.000,UNITED STATES,,IOWA,                 (D),"LB / ACRE / APPLICATION, AVG",,2014,19,ENVIRONMENTAL,00,,YEAR,IA,,CORN,STATE,FIELD CROPS,00,,ANNUAL,"CHEMICAL, HERBICIDE",9000,00000000
APPLICATIONS,,"CORN - APPLICATIONS, MEASURED IN LB / ACRE / APPLICATION, AVG",19,ALL PRODUCTION PRACTICES,,,"CHEMICAL, HERBICIDE: (TRIFLURALIN = 36101)",IOWA,SURVEY,,,,ALL UTILIZATION PRACTICES,ALL CLASSES,2012-01-01 00:00:00.000,UNITED STATES,,IOWA,                 (D),"LB / ACRE / APPLICATION, AVG",,2010,19,ENVIRONMENTAL,00,,YEAR,IA,,CORN,STATE,FIELD CROPS,00,,ANNUAL,"CHEMICAL, HERBICIDE",9000,00000000
APPLICATIONS,,"CORN - APPLICATIONS, MEASURED IN LB / ACRE / APPLICATION, AVG",19,ALL PRODUCTION PRACTICES,,,"CHEMICAL, INSECTICIDE: (BETA-CYFLUTHRIN = 118831)",IOWA,SURVEY,,,,ALL UTILIZATION PRACTICES,ALL CLASSES,2014-05-14 15:12:54.000,UNITED STATES,,IOWA,                 (D),"LB / ACRE / APPLICATION, AVG",,2014,19,ENVIRONMENTAL,00,,YEAR,IA,,CORN,STATE,FIELD CROPS,00,,ANNUAL,"CHEMICAL, INSECTICIDE",9000,00000000
APPLICATIONS,,"CORN - APPLICATIONS, MEASURED IN LB / ACRE / APPLICATION, AVG",19,ALL PRODUCTION PRACTICES,,,"CHEMICAL, INSECTICIDE: (BIFENTHRIN = 128825)",IOWA,SURVEY,,,,ALL UTILIZATION PRACTICES,ALL CLASSES,2021-05-13 15:00:30.000,UNITED STATES,,IOWA,0.065,"LB / ACRE / APPLICATION, AVG",,2021,19,ENVIRONMENTAL,00,,YEAR,IA,,CORN,STATE,FIELD CROPS,00,,ANNUAL,"CHEMICAL, INSECTICIDE",9000,00000000
APPLICATIONS,,"CORN - APPLICATIONS, MEASURED IN LB / ACRE / APPLICATION, AVG",19,ALL PRODUCTION PRACTICES,,,"CHEMICAL, INSECTICIDE: (BIFENTHRIN = 128825)",IOWA,SURVEY,,,,ALL UTILIZATION PRACTICES,ALL CLASSES,2018-05-10 15:16:25.000,UNITED STATES,,IOWA,0.087,"LB / ACRE / APPLICATION, AVG",,2018,19,ENVIRONMENTAL,00,,YEAR,IA,,CORN,STATE,FIELD CROPS,00,,ANNUAL,"CHEMICAL, INSECTICIDE",9000,00000000
APPLICATIONS,,"CORN - APPLICATIONS, MEASURED IN LB / ACRE / APPLICATION, AVG",19,ALL PRODUCTION PRACTICES,,,"CHEMICAL, INSECTICIDE: (BIFENTHRIN = 128825)",IOWA,SURVEY,,,,ALL UTILIZATION PRACTICES,ALL CLASSES,2016-08-31 14:19:39.000,UNITED STATES,,IOWA,0.072,"LB / ACRE / APPLICATION, AVG",,2016,19,ENVIRONMENTAL,00,,YEAR,IA,,CORN,STATE,FIELD CROPS,00,,ANNUAL,"CHEMICAL, INSECTICIDE",9000,00000000
APPLICATIONS,,"CORN - APPLICATIONS, MEASURED IN LB / ACRE / APPLICATION, AVG",19,ALL PRODUCTION PRACTICES,,,"CHEMICAL, INSECTICIDE: (BIFENTHRIN = 128825)",IOWA,SURVEY,,,,ALL UTILIZATION PRACTICES,ALL CLASSES,2014-05-14 15:12:54.000,UNITED STATES,,IOWA,0.057,"LB / ACRE / APPLICATION, AVG",,2014,19,ENVIRONMENTAL,00,,YEAR,IA,,CORN,STATE,FIELD CROPS,00,,ANNUAL,"CHEMICAL, INSECTICIDE",9000,00000000
APPLICATIONS,,"CORN - APPLICATIONS, MEASURED IN LB / ACRE / APPLICATION, AVG",19,ALL PRODUCTION PRACTICES,,,"CHEMICAL, INSECTICIDE: (BIFENTHRIN = 128825)",IOWA,SURVEY,,,,ALL UTILIZATION PRACTICES,ALL CLASSES,2012-01-01 00:00:00.000,UNITED STATES,,IOWA,                 (D),"LB / ACRE / APPLICATION, AVG",,2010,19,ENVIRONMENTAL,00,,YEAR,IA,,CORN,STATE,FIELD CROPS,00,,ANNUAL,"CHEMICAL, INSECTICIDE",9000,00000000
APPLICATIONS,,"CORN - APPLICATIONS, MEASURED IN LB / ACRE / APPLICATION, AVG",19,ALL PRODUCTION PRACTICES,,,"CHEMICAL, INSECTICIDE: (BIFENTHRIN = 128825)",IOWA,SURVEY,,,,ALL UTILIZATION PRACTICES,ALL CLASSES,2002-06-11 10:11:36.000,UNITED STATES,,IOWA,0.07,"LB / ACRE / APPLICATION, AVG",,2002,19,ENVIRONMENTAL,00,,YEAR,IA,,CORN,STATE,FIELD CROPS,00,,ANNUAL,"CHEMICAL, INSECTICIDE",9000,00000000
APPLICATIONS,,"CORN - APPLICATIONS, MEASURED IN LB / ACRE / APPLICATION, AVG",19,ALL PRODUCTION PRACTICES,,,"CHEMICAL, INSECTICIDE: (CHLORETHOXYFOS = 129006)",IOWA,SURVEY,,,,ALL UTILIZATION PRACTICES,ALL CLASSES,2014-05-14 15:12:54.000,UNITED STATES,,IOWA,                 (D),"LB / ACRE / APPLICATION, AVG",,2014,19,ENVIRONMENTAL,00,,YEAR,IA,,CORN,STATE,FIELD CROPS,00,,ANNUAL,"CHEMICAL, INSECTICIDE",9000,00000000
APPLICATIONS,,"CORN - APPLICATIONS, MEASURED IN LB / ACRE / APPLICATION, AVG",19,ALL PRODUCTION PRACTICES,,,"CHEMICAL, INSECTICIDE: (CHLORETHOXYFOS = 129006)",IOWA,SURVEY,,,,ALL UTILIZATION PRACTICES,ALL CLASSES,2012-01-01 00:00:00.000,UNITED STATES,,IOWA,                 (D),"LB / ACRE / APPLICATION, AVG",,2010,19,ENVIRONMENTAL,00,,YEAR,IA,,CORN,STATE,FIELD CROPS,00,,ANNUAL,"CHEMICAL, INSECTICIDE",9000,00000000
APPLICATIONS,,"CORN - APPLICATIONS, MEASURED IN LB / ACRE / APPLICATION, AVG",19,ALL PRODUCTION PRACTICES,,,"CHEMICAL, INSECTICIDE: (CHLORPYRIFOS = 59101)",IOWA,SURVEY,,,,ALL UTILIZATION PRACTICES,ALL CLASSES,2021-05-13 15:00:30.000,UNITED STATES,,IOWA,                 (D),"LB / ACRE / APPLICATION, AVG",,2021,19,ENVIRONMENTAL,00,,YEAR,IA,,CORN,STATE,FIELD CROPS,00,,ANNUAL,"CHEMICAL, INSECTICIDE",9000,00000000
APPLICATIONS,,"CORN - APPLICATIONS, MEASURED IN LB / ACRE / APPLICATION, AVG",19,ALL PRODUCTION PRACTICES,,,"CHEMICAL, INSECTICIDE: (CHLORPYRIFOS = 59101)",IOWA,SURVEY,,,,ALL UTILIZATION PRACTICES,ALL CLASSES,2018-05-10 15:16:25.000,UNITED STATES,,IOWA,                 (D),"LB / ACRE / APPLICATION, AVG",,2018,19,ENVIRONMENTAL,00,,YEAR,IA,,CORN,STATE,FIELD CROPS,00,,ANNUAL,"CHEMICAL, INSECTICIDE",9000,00000000
APPLICATIONS,,"CORN - APPLICATIONS, MEASURED IN LB / ACRE / APPLICATION, AVG",19,ALL PRODUCTION PRACTICES,,,"CHEMICAL, INSECTICIDE: (CHLORPYRIFOS = 59101)",IOWA,SURVEY,,,,ALL UTILIZATION PRACTICES,ALL CLASSES,2016-08-31 14:19:39.000,UNITED STATES,,IOWA,                 (D),"LB / ACRE / APPLICATION, AVG",,2016,19,ENVIRONMENTAL,00,,YEAR,IA,,CORN,STATE,FIELD CROPS,00,,ANNUAL,"CHEMICAL, INSECTICIDE",9000,00000000
APPLICATIONS,,"CORN - APPLICATIONS, MEASURED IN LB / ACRE / APPLICATION, AVG",19,ALL PRODUCTION PRACTICES,,,"CHEMICAL, INSECTICIDE: (CHLORPYRIFOS = 59101)",IOWA,SURVEY,,,,ALL UTILIZATION PRACTICES,ALL CLASSES,2014-05-14 15:12:54.000,UNITED STATES,,IOWA,                 (D),"LB / ACRE / APPLICATION, AVG",,2014,19,ENVIRONMENTAL,00,,YEAR,IA,,CORN,STATE,FIELD CROPS,00,,ANNUAL,"CHEMICAL, INSECTICIDE",9000,00000000
APPLICATIONS,,"CORN - APPLICATIONS, MEASURED IN LB / ACRE / APPLICATION, AVG",19,ALL PRODUCTION PRACTICES,,,"CHEMICAL, INSECTICIDE: (CHLORPYRIFOS = 59101)",IOWA,SURVEY,,,,ALL UTILIZATION PRACTICES,ALL CLASSES,2012-01-01 00:00:00.000,UNITED STATES,,IOWA,                 (D),"LB / ACRE / APPLICATION, AVG",,2010,19,ENVIRONMENTAL,00,,YEAR,IA,,CORN,STATE,FIELD CROPS,00,,ANNUAL,"CHEMICAL, INSECTICIDE",9000,00000000
APPLICATIONS,,"CORN - APPLICATIONS, MEASURED IN LB / ACRE / APPLICATION, AVG",19,ALL PRODUCTION PRACTICES,,,"CHEMICAL, INSECTICIDE: (CHLORPYRIFOS = 59101)",IOWA,SURVEY,,,,ALL UTILIZATION PRACTICES,ALL CLASSES,2003-06-11 10:11:36.000,UNITED STATES,,IOWA,1.01,"LB / ACRE / APPLICATION, AVG",,2003,19,ENVIRONMENTAL,00,,YEAR,IA,,CORN,STATE,FIELD CROPS,00,,ANNUAL,"CHEMICAL, INSECTICIDE",9000,00000000
APPLICATIONS,,"CORN - APPLICATIONS, MEASURED IN LB / ACRE / APPLICATION, AVG",19,ALL PRODUCTION PRACTICES,,,"CHEMICAL, INSECTICIDE: (CHLORPYRIFOS = 59101)",IOWA,SURVEY,,,,ALL UTILIZATION PRACTICES,ALL CLASSES,2002-06-11 10:11:36.000,UNITED STATES,,IOWA,1,"LB / ACRE / APPLICATION, AVG",,2002,19,ENVIRONMENTAL,00,,YEAR,IA,,CORN,STATE,FIELD CROPS,00,,ANNUAL,"CHEMICAL, INSECTICIDE",9000,00000000
APPLICATIONS,,"CORN - APPLICATIONS, MEASURED IN LB / ACRE / APPLICATION, AVG",19,ALL PRODUCTION PRACTICES,,,"CHEMICAL, INSECTICIDE: (CHLORPYRIFOS = 59101)",IOWA,SURVEY,,,,ALL UTILIZATION PRACTICES,ALL CLASSES,2000-06-11 10:11:36.000,UNITED STATES,,IOWA,0.91,"LB / ACRE / APPLICATION, AVG",,2000,19,ENVIRONMENTAL,00,,YEAR,IA,,CORN,STATE,FIELD CROPS,00,,ANNUAL,"CHEMICAL, INSECTICIDE",9000,00000000
APPLICATIONS,,"CORN - APPLICATIONS, MEASURED IN LB / ACRE / APPLICATION, AVG",19,ALL PRODUCTION PRACTICES,,,"CHEMICAL, INSECTICIDE: (CYFLUTHRIN = 128831)",IOWA,SURVEY,,,,ALL UTILIZATION PRACTICES,ALL CLASSES,2021-05-13 15:00:30.000,UNITED STATES,,IOWA,                 (D),"LB / ACRE / APPLICATION, AVG",,2021,19,ENVIRONMENTAL,00,,YEAR,IA,,CORN,STATE,FIELD CROPS,00,,ANNUAL,"CHEMICAL, INSECTICIDE",9000,00000000
APPLICATIONS,,"CORN - APPLICATIONS, MEASURED IN LB / ACRE / APPLICATION, AVG",19,ALL PRODUCTION PRACTICES,,,"CHEMICAL, INSECTICIDE: (CYFLUTHRIN = 128831)",IOWA,SURVEY,,,,ALL UTILIZATION PRACTICES,ALL CLASSES,2018-05-10 15:16:25.000,UNITED STATES,,IOWA,                 (D),"LB / ACRE / APPLICATION, AVG",,2018,19,ENVIRONMENTAL,00,,YEAR,IA,,CORN,STATE,FIELD CROPS,00,,ANNUAL,"CHEMICAL, INSECTICIDE",9000,00000000
APPLICATIONS,,"CORN - APPLICATIONS, MEASURED IN LB / ACRE / APPLICATION, AVG",19,ALL PRODUCTION PRACTICES,,,"CHEMICAL, INSECTICIDE: (CYFLUTHRIN = 128831)",IOWA,SURVEY,,,,ALL UTILIZATION PRACTICES,ALL CLASSES,2016-08-31 14:19:39.000,UNITED STATES,,IOWA,0.006,"LB / ACRE / APPLICATION, AVG",,2016,19,ENVIRONMENTAL,00,,YEAR,IA,,CORN,STATE,FIELD CROPS,00,,ANNUAL,"CHEMICAL, INSECTICIDE",9000,00000000
APPLICATIONS,,"CORN - APPLICATIONS, MEASURED IN LB / ACRE / APPLICATION, AVG",19,ALL PRODUCTION PRACTICES,,,"CHEMICAL, INSECTICIDE: (CYFLUTHRIN = 128831)",IOWA,SURVEY,,,,ALL UTILIZATION PRACTICES,ALL CLASSES,2014-05-14 15:12:54.000,UNITED STATES,,IOWA,                 (Z),"LB / ACRE / APPLICATION, AVG",,2014,19,ENVIRONMENTAL,00,,YEAR,IA,,CORN,STATE,FIELD CROPS,00,,ANNUAL,"CHEMICAL, INSECTICIDE",9000,00000000
APPLICATIONS,,"CORN - APPLICATIONS, MEASURED IN LB / ACRE / APPLICATION, AVG",19,ALL PRODUCTION PRACTICES,,,"CHEMICAL, INSECTICIDE: (CYFLUTHRIN = 128831)",IOWA,SURVEY,,,,ALL UTILIZATION PRACTICES,ALL CLASSES,2012-01-01 00:00:00.000,UNITED STATES,,IOWA,0.013,"LB / ACRE / APPLICATION, AVG",,2010,19,ENVIRONMENTAL,00,,YEAR,IA,,CORN,STATE,FIELD CROPS,00,,ANNUAL,"CHEMICAL, INSECTICIDE",9000,00000000
APPLICATIONS,,"CORN - APPLICATIONS, MEASURED IN LB / ACRE / APPLICATION, AVG",19,ALL PRODUCTION PRACTICES,,,"CHEMICAL, INSECTICIDE: (CYFLUTHRIN = 128831)",IOWA,SURVEY,,,,ALL UTILIZATION PRACTICES,ALL CLASSES,2005-06-11 10:11:36.000,UNITED STATES,,IOWA,0.006,"LB / ACRE / APPLICATION, AVG",,2005,19,ENVIRONMENTAL,00,,YEAR,IA,,CORN,STATE,FIELD CROPS,00,,ANNUAL,"CHEMICAL, INSECTICIDE",9000,00000000
APPLICATIONS,,"CORN - APPLICATIONS, MEASURED IN LB / ACRE / APPLICATION, AVG",19,ALL PRODUCTION PRACTICES,,,"CHEMICAL, INSECTICIDE: (CYFLUTHRIN = 128831)",IOWA,SURVEY,,,,ALL UTILIZATION PRACTICES,ALL CLASSES,2003-06-11 10:11:36.000,UNITED STATES,,IOWA,0.005,"LB / ACRE / APPLICATION, AVG",,2003,19,ENVIRONMENTAL,00,,YEAR,IA,,CORN,STATE,FIELD CROPS,00,,ANNUAL,"CHEMICAL, INSECTICIDE",9000,00000000
APPLICATIONS,,"CORN - APPLICATIONS, MEASURED IN LB / ACRE / APPLICATION, AVG",19,ALL PRODUCTION PRACTICES,,,"CHEMICAL, INSECTICIDE: (CYFLUTHRIN = 128831)",IOWA,SURVEY,,,,ALL UTILIZATION PRACTICES,ALL CLASSES,2000-06-11 10:11:36.000,UNITED STATES,,IOWA,0.006,"LB / ACRE / APPLICATION, AVG",,2000,19,ENVIRONMENTAL,00,,YEAR,IA,,CORN,STATE,FIELD CROPS,00,,ANNUAL,"CHEMICAL, INSECTICIDE",9000,00000000
APPLICATIONS,,"CORN - APPLICATIONS, MEASURED IN LB / ACRE / APPLICATION, AVG",19,ALL PRODUCTION PRACTICES,,,"CHEMICAL, INSECTICIDE: (ESFENVALERATE = 109303)",IOWA,SURVEY,,,,ALL UTILIZATION PRACTICES,ALL CLASSES,2014-05-14 15:12:54.000,UNITED STATES,,IOWA,                 (D),"LB / ACRE / APPLICATION, AVG",,2014,19,ENVIRONMENTAL,00,,YEAR,IA,,CORN,STATE,FIELD CROPS,00,,ANNUAL,"CHEMICAL, INSECTICIDE",9000,00000000
APPLICATIONS,,"CORN - APPLICATIONS, MEASURED IN LB / ACRE / APPLICATION, AVG",19,ALL PRODUCTION PRACTICES,,,"CHEMICAL, INSECTICIDE: (GAMMA-CYHALOTHRIN = 128807)",IOWA,SURVEY,,,,ALL UTILIZATION PRACTICES,ALL CLASSES,2016-08-31 14:19:39.000,UNITED STATES,,IOWA,                 (D),"LB / ACRE / APPLICATION, AVG",,2016,19,ENVIRONMENTAL,00,,YEAR,IA,,CORN,STATE,FIELD CROPS,00,,ANNUAL,"CHEMICAL, INSECTICIDE",9000,00000000
APPLICATIONS,,"CORN - APPLICATIONS, MEASURED IN LB / ACRE / APPLICATION, AVG",19,ALL PRODUCTION PRACTICES,,,"CHEMICAL, INSECTICIDE: (GAMMA-CYHALOTHRIN = 128807)",IOWA,SURVEY,,,,ALL UTILIZATION PRACTICES,ALL CLASSES,2014-05-14 15:12:54.000,UNITED STATES,,IOWA,                 (D),"LB / ACRE / APPLICATION, AVG",,2014,19,ENVIRONMENTAL,00,,YEAR,IA,,CORN,STATE,FIELD CROPS,00,,ANNUAL,"CHEMICAL, INSECTICIDE",9000,00000000
APPLICATIONS,,"CORN - APPLICATIONS, MEASURED IN LB / ACRE / APPLICATION, AVG",19,ALL PRODUCTION PRACTICES,,,"CHEMICAL, INSECTICIDE: (GAMMA-CYHALOTHRIN = 128807)",IOWA,SURVEY,,,,ALL UTILIZATION PRACTICES,ALL CLASSES,2012-01-01 00:00:00.000,UNITED STATES,,IOWA,                 (D),"LB / ACRE / APPLICATION, AVG",,2010,19,ENVIRONMENTAL,00,,YEAR,IA,,CORN,STATE,FIELD CROPS,00,,ANNUAL,"CHEMICAL, INSECTICIDE",9000,00000000
APPLICATIONS,,"CORN - APPLICATIONS, MEASURED IN LB / ACRE / APPLICATION, AVG",19,ALL PRODUCTION PRACTICES,,,"CHEMICAL, INSECTICIDE: (LAMBDA-CYHALOTHRIN = 128897)",IOWA,SURVEY,,,,ALL UTILIZATION PRACTICES,ALL CLASSES,2021-05-13 15:00:30.000,UNITED STATES,,IOWA,                 (D),"LB / ACRE / APPLICATION, AVG",,2021,19,ENVIRONMENTAL,00,,YEAR,IA,,CORN,STATE,FIELD CROPS,00,,ANNUAL,"CHEMICAL, INSECTICIDE",9000,00000000
APPLICATIONS,,"CORN - APPLICATIONS, MEASURED IN LB / ACRE / APPLICATION, AVG",19,ALL PRODUCTION PRACTICES,,,"CHEMICAL, INSECTICIDE: (LAMBDA-CYHALOTHRIN = 128897)",IOWA,SURVEY,,,,ALL UTILIZATION PRACTICES,ALL CLASSES,2018-05-10 15:16:25.000,UNITED STATES,,IOWA,0.033,"LB / ACRE / APPLICATION, AVG",,2018,19,ENVIRONMENTAL,00,,YEAR,IA,,CORN,STATE,FIELD CROPS,00,,ANNUAL,"CHEMICAL, INSECTICIDE",9000,00000000
APPLICATIONS,,"CORN - APPLICATIONS, MEASURED IN LB / ACRE / APPLICATION, AVG",19,ALL PRODUCTION PRACTICES,,,"CHEMICAL, INSECTICIDE: (LAMBDA-CYHALOTHRIN = 128897)",IOWA,SURVEY,,,,ALL UTILIZATION PRACTICES,ALL CLASSES,2016-08-31 14:19:39.000,UNITED STATES,,IOWA,                 (D),"LB / ACRE / APPLICATION, AVG",,2016,19,ENVIRONMENTAL,00,,YEAR,IA,,CORN,STATE,FIELD CROPS,00,,ANNUAL,"CHEMICAL, INSECTICIDE",9000,00000000
APPLICATIONS,,"CORN - APPLICATIONS, MEASURED IN LB / ACRE / APPLICATION, AVG",19,ALL PRODUCTION PRACTICES,,,"CHEMICAL, INSECTICIDE: (LAMBDA-CYHALOTHRIN = 128897)",IOWA,SURVEY,,,,ALL UTILIZATION PRACTICES,ALL CLASSES,2014-05-14 15:12:54.000,UNITED STATES,,IOWA,                 (D),"LB / ACRE / APPLICATION, AVG",,2014,19,ENVIRONMENTAL,00,,YEAR,IA,,CORN,STATE,FIELD CROPS,00,,ANNUAL,"CHEMICAL, INSECTICIDE",9000,00000000
APPLICATIONS,,"CORN - APPLICATIONS, MEASURED IN LB / ACRE / APPLICATION, AVG",19,ALL PRODUCTION PRACTICES,,,"CHEMICAL, INSECTICIDE: (LAMBDA-CYHALOTHRIN = 128897)",IOWA,SURVEY,,,,ALL UTILIZATION PRACTICES,ALL CLASSES,2012-01-01 00:00:00.000,UNITED STATES,,IOWA,                 (D),"LB / ACRE / APPLICATION, AVG",,2010,19,ENVIRONMENTAL,00,,YEAR,IA,,CORN,STATE,FIELD CROPS,00,,ANNUAL,"CHEMICAL, INSECTICIDE",9000,00000000
APPLICATIONS,,"CORN - APPLICATIONS, MEASURED IN LB / ACRE / APPLICATION, AVG",19,ALL PRODUCTION PRACTICES,,,"CHEMICAL, INSECTICIDE: (PERMETHRIN = 109701)",IOWA,SURVEY,,,,ALL UTILIZATION PRACTICES,ALL CLASSES,2016-08-31 14:19:39.000,UNITED STATES,,IOWA,                 (D),"LB / ACRE / APPLICATION, AVG",,2016,19,ENVIRONMENTAL,00,,YEAR,IA,,CORN,STATE,FIELD CROPS,00,,ANNUAL,"CHEMICAL, INSECTICIDE",9000,00000000
APPLICATIONS,,"CORN - APPLICATIONS, MEASURED IN LB / ACRE / APPLICATION, AVG",19,ALL PRODUCTION PRACTICES,,,"CHEMICAL, INSECTICIDE: (PERMETHRIN = 109701)",IOWA,SURVEY,,,,ALL UTILIZATION PRACTICES,ALL CLASSES,2014-05-14 15:12:54.000,UNITED STATES,,IOWA,                 (D),"LB / ACRE / APPLICATION, AVG",,2014,19,ENVIRONMENTAL,00,,YEAR,IA,,CORN,STATE,FIELD CROPS,00,,ANNUAL,"CHEMICAL, INSECTICIDE",9000,00000000
APPLICATIONS,,"CORN - APPLICATIONS, MEASURED IN LB / ACRE / APPLICATION, AVG",19,ALL PRODUCTION PRACTICES,,,"CHEMICAL, INSECTICIDE: (PERMETHRIN = 109701)",IOWA,SURVEY,,,,ALL UTILIZATION PRACTICES,ALL CLASSES,2000-06-11 10:11:36.000,UNITED STATES,,IOWA,0.12,"LB / ACRE / APPLICATION, AVG",,2000,19,ENVIRONMENTAL,00,,YEAR,IA,,CORN,STATE,FIELD CROPS,00,,ANNUAL,"CHEMICAL, INSECTICIDE",9000,00000000
APPLICATIONS,,"CORN - APPLICATIONS, MEASURED IN LB / ACRE / APPLICATION, AVG",19,ALL PRODUCTION PRACTICES,,,"CHEMICAL, INSECTICIDE: (SPINETORAM = 110007)",IOWA,SURVEY,,,,ALL UTILIZATION PRACTICES,ALL CLASSES,2018-05-10 15:16:25.000,UNITED STATES,,IOWA,                 (D),"LB / ACRE / APPLICATION, AVG",,2018,19,ENVIRONMENTAL,00,,YEAR,IA,,CORN,STATE,FIELD CROPS,00,,ANNUAL,"CHEMICAL, INSECTICIDE",9000,00000000
APPLICATIONS,,"CORN - APPLICATIONS, MEASURED IN LB / ACRE / APPLICATION, AVG",19,ALL PRODUCTION PRACTICES,,,"CHEMICAL, INSECTICIDE: (SPINOSAD = 110003)",IOWA,SURVEY,,,,ALL UTILIZATION PRACTICES,ALL CLASSES,2014-05-14 15:12:54.000,UNITED STATES,,IOWA,                 (D),"LB / ACRE / APPLICATION, AVG",,2014,19,ENVIRONMENTAL,00,,YEAR,IA,,CORN,STATE,FIELD CROPS,00,,ANNUAL,"CHEMICAL, INSECTICIDE",9000,00000000
APPLICATIONS,,"CORN - APPLICATIONS, MEASURED IN LB / ACRE / APPLICATION, AVG",19,ALL PRODUCTION PRACTICES,,,"CHEMICAL, INSECTICIDE: (TEBUPIRIMPHOS = 129086)",IOWA,SURVEY,,,,ALL UTILIZATION PRACTICES,ALL CLASSES,2021-05-13 15:00:30.000,UNITED STATES,,IOWA,                 (D),"LB / ACRE / APPLICATION, AVG",,2021,19,ENVIRONMENTAL,00,,YEAR,IA,,CORN,STATE,FIELD CROPS,00,,ANNUAL,"CHEMICAL, INSECTICIDE",9000,00000000
APPLICATIONS,,"CORN - APPLICATIONS, MEASURED IN LB / ACRE / APPLICATION, AVG",19,ALL PRODUCTION PRACTICES,,,"CHEMICAL, INSECTICIDE: (TEBUPIRIMPHOS = 129086)",IOWA,SURVEY,,,,ALL UTILIZATION PRACTICES,ALL CLASSES,2018-05-10 15:16:25.000,UNITED STATES,,IOWA,                 (D),"LB / ACRE / APPLICATION, AVG",,2018,19,ENVIRONMENTAL,00,,YEAR,IA,,CORN,STATE,FIELD CROPS,00,,ANNUAL,"CHEMICAL, INSECTICIDE",9000,00000000
APPLICATIONS,,"CORN - APPLICATIONS, MEASURED IN LB / ACRE / APPLICATION, AVG",19,ALL PRODUCTION PRACTICES,,,"CHEMICAL, INSECTICIDE: (TEBUPIRIMPHOS = 129086)",IOWA,SURVEY,,,,ALL UTILIZATION PRACTICES,ALL CLASSES,2016-08-31 14:19:39.000,UNITED STATES,,IOWA,0.13,"LB / ACRE / APPLICATION, AVG",,2016,19,ENVIRONMENTAL,00,,YEAR,IA,,CORN,STATE,FIELD CROPS,00,,ANNUAL,"CHEMICAL, INSECTICIDE",9000,00000000
APPLICATIONS,,"CORN - APPLICATIONS, MEASURED IN LB / ACRE / APPLICATION, AVG",19,ALL PRODUCTION PRACTICES,,,"CHEMICAL, INSECTICIDE: (TEBUPIRIMPHOS = 129086)",IOWA,SURVEY,,,,ALL UTILIZATION PRACTICES,ALL CLASSES,2014-05-14 15:12:54.000,UNITED STATES,,IOWA,0.008,"LB / ACRE / APPLICATION, AVG",,2014,19,ENVIRONMENTAL,00,,YEAR,IA,,CORN,STATE,FIELD CROPS,00,,ANNUAL,"CHEMICAL, INSECTICIDE",9000,00000000
APPLICATIONS,,"CORN - APPLICATIONS, MEASURED IN LB / ACRE / APPLICATION, AVG",19,ALL PRODUCTION PRACTICES,,,"CHEMICAL, INSECTICIDE: (TEBUPIRIMPHOS = 129086)",IOWA,SURVEY,,,,ALL UTILIZATION PRACTICES,ALL CLASSES,2012-01-01 00:00:00.000,UNITED STATES,,IOWA,0.105,"LB / ACRE / APPLICATION, AVG",,2010,19,ENVIRONMENTAL,00,,YEAR,IA,,CORN,STATE,FIELD CROPS,00,,ANNUAL,"CHEMICAL, INSECTICIDE",9000,00000000
APPLICATIONS,,"CORN - APPLICATIONS, MEASURED IN LB / ACRE / APPLICATION, AVG",19,ALL PRODUCTION PRACTICES,,,"CHEMICAL, INSECTICIDE: (TEBUPIRIMPHOS = 129086)",IOWA,SURVEY,,,,ALL UTILIZATION PRACTICES,ALL CLASSES,2005-06-11 10:11:36.000,UNITED STATES,,IOWA,0.115,"LB / ACRE / APPLICATION, AVG",,2005,19,ENVIRONMENTAL,00,,YEAR,IA,,CORN,STATE,FIELD CROPS,00,,ANNUAL,"CHEMICAL, INSECTICIDE",9000,00000000
APPLICATIONS,,"CORN - APPLICATIONS, MEASURED IN LB / ACRE / APPLICATION, AVG",19,ALL PRODUCTION PRACTICES,,,"CHEMICAL, INSECTICIDE: (TEBUPIRIMPHOS = 129086)",IOWA,SURVEY,,,,ALL UTILIZATION PRACTICES,ALL CLASSES,2003-06-11 10:11:36.000,UNITED STATES,,IOWA,0.1,"LB / ACRE / APPLICATION, AVG",,2003,19,ENVIRONMENTAL,00,,YEAR,IA,,CORN,STATE,FIELD CROPS,00,,ANNUAL,"CHEMICAL, INSECTICIDE",9000,00000000
APPLICATIONS,,"CORN - APPLICATIONS, MEASURED IN LB / ACRE / APPLICATION, AVG",19,ALL PRODUCTION PRACTICES,,,"CHEMICAL, INSECTICIDE: (TEBUPIRIMPHOS = 129086)",IOWA,SURVEY,,,,ALL UTILIZATION PRACTICES,ALL CLASSES,2000-06-11 10:11:36.000,UNITED STATES,,IOWA,0.13,"LB / ACRE / APPLICATION, AVG",,2000,19,ENVIRONMENTAL,00,,YEAR,IA,,CORN,STATE,FIELD CROPS,00,,ANNUAL,"CHEMICAL, INSECTICIDE",9000,00000000
APPLICATIONS,,"CORN - APPLICATIONS, MEASURED IN LB / ACRE / APPLICATION, AVG",19,ALL PRODUCTION PRACTICES,,,"CHEMICAL, INSECTICIDE: (TEFLUTHRIN = 128912)",IOWA,SURVEY,,,,ALL UTILIZATION PRACTICES,ALL CLASSES,2018-05-10 15:16:25.000,UNITED STATES,,IOWA,                 (D),"LB / ACRE / APPLICATION, AVG",,2018,19,ENVIRONMENTAL,00,,YEAR,IA,,CORN,STATE,FIELD CROPS,00,,ANNUAL,"CHEMICAL, INSECTICIDE",9000,00000000
APPLICATIONS,,"CORN - APPLICATIONS, MEASURED IN LB / ACRE / APPLICATION, AVG",19,ALL PRODUCTION PRACTICES,,,"CHEMICAL, INSECTICIDE: (TEFLUTHRIN = 128912)",IOWA,SURVEY,,,,ALL UTILIZATION PRACTICES,ALL CLASSES,2016-08-31 14:19:39.000,UNITED STATES,,IOWA,                 (D),"LB / ACRE / APPLICATION, AVG",,2016,19,ENVIRONMENTAL,00,,YEAR,IA,,CORN,STATE,FIELD CROPS,00,,ANNUAL,"CHEMICAL, INSECTICIDE",9000,00000000
APPLICATIONS,,"CORN - APPLICATIONS, MEASURED IN LB / ACRE / APPLICATION, AVG",19,ALL PRODUCTION PRACTICES,,,"CHEMICAL, INSECTICIDE: (TEFLUTHRIN = 128912)",IOWA,SURVEY,,,,ALL UTILIZATION PRACTICES,ALL CLASSES,2014-05-14 15:12:54.000,UNITED STATES,,IOWA,                 (D),"LB / ACRE / APPLICATION, AVG",,2014,19,ENVIRONMENTAL,00,,YEAR,IA,,CORN,STATE,FIELD CROPS,00,,ANNUAL,"CHEMICAL, INSECTICIDE",9000,00000000
APPLICATIONS,,"CORN - APPLICATIONS, MEASURED IN LB / ACRE / APPLICATION, AVG",19,ALL PRODUCTION PRACTICES,,,"CHEMICAL, INSECTICIDE: (TEFLUTHRIN = 128912)",IOWA,SURVEY,,,,ALL UTILIZATION PRACTICES,ALL CLASSES,2005-06-11 10:11:36.000,UNITED STATES,,IOWA,0.107,"LB / ACRE / APPLICATION, AVG",,2005,19,ENVIRONMENTAL,00,,YEAR,IA,,CORN,STATE,FIELD CROPS,00,,ANNUAL,"CHEMICAL, INSECTICIDE",9000,00000000
APPLICATIONS,,"CORN - APPLICATIONS, MEASURED IN LB / ACRE / APPLICATION, AVG",19,ALL PRODUCTION PRACTICES,,,"CHEMICAL, INSECTICIDE: (TEFLUTHRIN = 128912)",IOWA,SURVEY,,,,ALL UTILIZATION PRACTICES,ALL CLASSES,2002-06-11 10:11:36.000,UNITED STATES,,IOWA,0.1,"LB / ACRE / APPLICATION, AVG",,2002,19,ENVIRONMENTAL,00,,YEAR,IA,,CORN,STATE,FIELD CROPS,00,,ANNUAL,"CHEMICAL, INSECTICIDE",9000,00000000
APPLICATIONS,,"CORN - APPLICATIONS, MEASURED IN LB / ACRE / APPLICATION, AVG",19,ALL PRODUCTION PRACTICES,,,"CHEMICAL, INSECTICIDE: (TERBUFOS = 105001)",IOWA,SURVEY,,,,ALL UTILIZATION PRACTICES,ALL CLASSES,2016-08-31 14:19:39.000,UNITED STATES,,IOWA,                 (D),"LB / ACRE / APPLICATION, AVG",,2016,19,ENVIRONMENTAL,00,,YEAR,IA,,CORN,STATE,FIELD CROPS,00,,ANNUAL,"CHEMICAL, INSECTICIDE",9000,00000000
APPLICATIONS,,"CORN - APPLICATIONS, MEASURED IN LB / ACRE / APPLICATION, AVG",19,ALL PRODUCTION PRACTICES,,,"CHEMICAL, INSECTICIDE: (TERBUFOS = 105001)",IOWA,SURVEY,,,,ALL UTILIZATION PRACTICES,ALL CLASSES,2012-01-01 00:00:00.000,UNITED STATES,,IOWA,                 (D),"LB / ACRE / APPLICATION, AVG",,2010,19,ENVIRONMENTAL,00,,YEAR,IA,,CORN,STATE,FIELD CROPS,00,,ANNUAL,"CHEMICAL, INSECTICIDE",9000,00000000
APPLICATIONS,,"CORN - APPLICATIONS, MEASURED IN LB / ACRE / APPLICATION, AVG",19,ALL PRODUCTION PRACTICES,,,"CHEMICAL, INSECTICIDE: (ZETA-CYPERMETHRIN = 129064)",IOWA,SURVEY,,,,ALL UTILIZATION PRACTICES,ALL CLASSES,2018-05-10 15:16:25.000,UNITED STATES,,IOWA,                 (D),"LB / ACRE / APPLICATION, AVG",,2018,19,ENVIRONMENTAL,00,,YEAR,IA,,CORN,STATE,FIELD CROPS,00,,ANNUAL,"CHEMICAL, INSECTICIDE",9000,00000000
APPLICATIONS,,"CORN - APPLICATIONS, MEASURED IN LB / ACRE / APPLICATION, AVG",19,ALL PRODUCTION PRACTICES,,,"CHEMICAL, INSECTICIDE: (ZETA-CYPERMETHRIN = 129064)",IOWA,SURVEY,,,,ALL UTILIZATION PRACTICES,ALL CLASSES,2016-08-31 14:19:39.000,UNITED STATES,,IOWA,                 (D),"LB / ACRE / APPLICATION, AVG",,2016,19,ENVIRONMENTAL,00,,YEAR,IA,,CORN,STATE,FIELD CROPS,00,,ANNUAL,"CHEMICAL, INSECTICIDE",9000,00000000
APPLICATIONS,,"CORN - APPLICATIONS, MEASURED IN LB / ACRE / APPLICATION, AVG",19,ALL PRODUCTION PRACTICES,,,"CHEMICAL, OTHER: (CLOPYRALID POTASSIUM = 117423)",IOWA,SURVEY,,,,ALL UTILIZATION PRACTICES,ALL CLASSES,2016-08-31 14:19:39.000,UNITED STATES,,IOWA,                 (D),"LB / ACRE / APPLICATION, AVG",,2016,19,ENVIRONMENTAL,00,,YEAR,IA,,CORN,STATE,FIELD CROPS,00,,ANNUAL,"CHEMICAL, OTHER",9000,00000000
APPLICATIONS,,"CORN - APPLICATIONS, MEASURED IN LB / ACRE / APPLICATION, AVG",19,ALL PRODUCTION PRACTICES,,,"CHEMICAL, OTHER: (FLUTRIAFOL = 128940)",IOWA,SURVEY,,,,ALL UTILIZATION PRACTICES,ALL CLASSES,2018-05-10 15:16:25.000,UNITED STATES,,IOWA,                 (D),"LB / ACRE / APPLICATION, AVG",,2018,19,ENVIRONMENTAL,00,,YEAR,IA,,CORN,STATE,FIELD CROPS,00,,ANNUAL,"CHEMICAL, OTHER",9000,00000000
APPLICATIONS,,"CORN - APPLICATIONS, MEASURED IN LB / ACRE / APPLICATION, AVG",19,ALL PRODUCTION PRACTICES,,,"CHEMICAL, OTHER: (FLUTRIAFOL = 128940)",IOWA,SURVEY,,,,ALL UTILIZATION PRACTICES,ALL CLASSES,2014-05-14 15:12:54.000,UNITED STATES,,IOWA,                 (D),"LB / ACRE / APPLICATION, AVG",,2014,19,ENVIRONMENTAL,00,,YEAR,IA,,CORN,STATE,FIELD CROPS,00,,ANNUAL,"CHEMICAL, OTHER",9000,00000000
APPLICATIONS,,"CORN - APPLICATIONS, MEASURED IN LB / ACRE / APPLICATION, AVG",19,ALL PRODUCTION PRACTICES,,,FERTILIZER: (NITROGEN),IOWA,SURVEY,,,,ALL UTILIZATION PRACTICES,ALL CLASSES,2021-05-13 15:00:30.000,UNITED STATES,,IOWA,93,"LB / ACRE / APPLICATION, AVG",,2021,19,ENVIRONMENTAL,00,,YEAR,IA,,CORN,STATE,FIELD CROPS,00,,ANNUAL,FERTILIZER,9000,00000000
APPLICATIONS,,"CORN - APPLICATIONS, MEASURED IN LB / ACRE / APPLICATION, AVG",19,ALL PRODUCTION PRACTICES,,,FERTILIZER: (NITROGEN),IOWA,SURVEY,,,,ALL UTILIZATION PRACTICES,ALL CLASSES,2018-05-10 15:16:25.000,UNITED STATES,,IOWA,77,"LB / ACRE / APPLICATION, AVG",,2018,19,ENVIRONMENTAL,00,,YEAR,IA,,CORN,STATE,FIELD CROPS,00,,ANNUAL,FERTILIZER,9000,00000000
APPLICATIONS,,"CORN - APPLICATIONS, MEASURED IN LB / ACRE / APPLICATION, AVG",19,ALL PRODUCTION PRACTICES,,,FERTILIZER: (NITROGEN),IOWA,SURVEY,,,,ALL UTILIZATION PRACTICES,ALL CLASSES,2016-08-31 14:19:39.000,UNITED STATES,,IOWA,86,"LB / ACRE / APPLICATION, AVG",,2016,19,ENVIRONMENTAL,00,,YEAR,IA,,CORN,STATE,FIELD CROPS,00,,ANNUAL,FERTILIZER,9000,00000000
APPLICATIONS,,"CORN - APPLICATIONS, MEASURED IN LB / ACRE / APPLICATION, AVG",19,ALL PRODUCTION PRACTICES,,,FERTILIZER: (NITROGEN),IOWA,SURVEY,,,,ALL UTILIZATION PRACTICES,ALL CLASSES,2014-05-14 15:12:54.000,UNITED STATES,,IOWA,83,"LB / ACRE / APPLICATION, AVG",,2014,19,ENVIRONMENTAL,00,,YEAR,IA,,CORN,STATE,FIELD CROPS,00,,ANNUAL,FERTILIZER,9000,00000000
APPLICATIONS,,"CORN - APPLICATIONS, MEASURED IN LB / ACRE / APPLICATION, AVG",19,ALL PRODUCTION PRACTICES,,,FERTILIZER: (NITROGEN),IOWA,SURVEY,,,,ALL UTILIZATION PRACTICES,ALL CLASSES,2012-01-01 00:00:00.000,UNITED STATES,,IOWA,83,"LB / ACRE / APPLICATION, AVG",,2010,19,ENVIRONMENTAL,00,,YEAR,IA,,CORN,STATE,FIELD CROPS,00,,ANNUAL,FERTILIZER,9000,00000000
APPLICATIONS,,"CORN - APPLICATIONS, MEASURED IN LB / ACRE / APPLICATION, AVG",19,ALL PRODUCTION PRACTICES,,,FERTILIZER: (NITROGEN),IOWA,SURVEY,,,,ALL UTILIZATION PRACTICES,ALL CLASSES,2005-06-11 10:11:36.000,UNITED STATES,,IOWA,98,"LB / ACRE / APPLICATION, AVG",,2005,19,ENVIRONMENTAL,00,,YEAR,IA,,CORN,STATE,FIELD CROPS,00,,ANNUAL,FERTILIZER,9000,00000000
APPLICATIONS,,"CORN - APPLICATIONS, MEASURED IN LB / ACRE / APPLICATION, AVG",19,ALL PRODUCTION PRACTICES,,,FERTILIZER: (NITROGEN),IOWA,SURVEY,,,,ALL UTILIZATION PRACTICES,ALL CLASSES,2003-06-11 10:11:36.000,UNITED STATES,,IOWA,94,"LB / ACRE / APPLICATION, AVG",,2003,19,ENVIRONMENTAL,00,,YEAR,IA,,CORN,STATE,FIELD CROPS,00,,ANNUAL,FERTILIZER,9000,00000000
APPLICATIONS,,"CORN - APPLICATIONS, MEASURED IN LB / ACRE / APPLICATION, AVG",19,ALL PRODUCTION PRACTICES,,,FERTILIZER: (NITROGEN),IOWA,SURVEY,,,,ALL UTILIZATION PRACTICES,ALL CLASSES,2002-06-11 10:11:36.000,UNITED STATES,,IOWA,88,"LB / ACRE / APPLICATION, AVG",,2002,19,ENVIRONMENTAL,00,,YEAR,IA,,CORN,STATE,FIELD CROPS,00,,ANNUAL,FERTILIZER,9000,00000000
APPLICATIONS,,"CORN - APPLICATIONS, MEASURED IN LB / ACRE / APPLICATION, AVG",19,ALL PRODUCTION PRACTICES,,,FERTILIZER: (NITROGEN),IOWA,SURVEY,,,,ALL UTILIZATION PRACTICES,ALL CLASSES,2001-06-11 10:11:36.000,UNITED STATES,,IOWA,83,"LB / ACRE / APPLICATION, AVG",,2001,19,ENVIRONMENTAL,00,,YEAR,IA,,CORN,STATE,FIELD CROPS,00,,ANNUAL,FERTILIZER,9000,00000000
APPLICATIONS,,"CORN - APPLICATIONS, MEASURED IN LB / ACRE / APPLICATION, AVG",19,ALL PRODUCTION PRACTICES,,,FERTILIZER: (NITROGEN),IOWA,SURVEY,,,,ALL UTILIZATION PRACTICES,ALL CLASSES,2000-06-11 10:11:36.000,UNITED STATES,,IOWA,87,"LB / ACRE / APPLICATION, AVG",,2000,19,ENVIRONMENTAL,00,,YEAR,IA,,CORN,STATE,FIELD CROPS,00,,ANNUAL,FERTILIZER,9000,00000000
APPLICATIONS,,"CORN - APPLICATIONS, MEASURED IN LB / ACRE / APPLICATION, AVG",19,ALL PRODUCTION PRACTICES,,,FERTILIZER: (PHOSPHATE),IOWA,SURVEY,,,,ALL UTILIZATION PRACTICES,ALL CLASSES,2021-05-13 15:00:30.000,UNITED STATES,,IOWA,61,"LB / ACRE / APPLICATION, AVG",,2021,19,ENVIRONMENTAL,00,,YEAR,IA,,CORN,STATE,FIELD CROPS,00,,ANNUAL,FERTILIZER,9000,00000000
APPLICATIONS,,"CORN - APPLICATIONS, MEASURED IN LB / ACRE / APPLICATION, AVG",19,ALL PRODUCTION PRACTICES,,,FERTILIZER: (PHOSPHATE),IOWA,SURVEY,,,,ALL UTILIZATION PRACTICES,ALL CLASSES,2018-05-10 15:16:25.000,UNITED STATES,,IOWA,70,"LB / ACRE / APPLICATION, AVG",,2018,19,ENVIRONMENTAL,00,,YEAR,IA,,CORN,STATE,FIELD CROPS,00,,ANNUAL,FERTILIZER,9000,00000000
APPLICATIONS,,"CORN - APPLICATIONS, MEASURED IN LB / ACRE / APPLICATION, AVG",19,ALL PRODUCTION PRACTICES,,,FERTILIZER: (PHOSPHATE),IOWA,SURVEY,,,,ALL UTILIZATION PRACTICES,ALL CLASSES,2016-08-31 14:19:39.000,UNITED STATES,,IOWA,72,"LB / ACRE / APPLICATION, AVG",,2016,19,ENVIRONMENTAL,00,,YEAR,IA,,CORN,STATE,FIELD CROPS,00,,ANNUAL,FERTILIZER,9000,00000000
APPLICATIONS,,"CORN - APPLICATIONS, MEASURED IN LB / ACRE / APPLICATION, AVG",19,ALL PRODUCTION PRACTICES,,,FERTILIZER: (PHOSPHATE),IOWA,SURVEY,,,,ALL UTILIZATION PRACTICES,ALL CLASSES,2014-05-14 15:12:54.000,UNITED STATES,,IOWA,65,"LB / ACRE / APPLICATION, AVG",,2014,19,ENVIRONMENTAL,00,,YEAR,IA,,CORN,STATE,FIELD CROPS,00,,ANNUAL,FERTILIZER,9000,00000000
APPLICATIONS,,"CORN - APPLICATIONS, MEASURED IN LB / ACRE / APPLICATION, AVG",19,ALL PRODUCTION PRACTICES,,,FERTILIZER: (PHOSPHATE),IOWA,SURVEY,,,,ALL UTILIZATION PRACTICES,ALL CLASSES,2012-01-01 00:00:00.000,UNITED STATES,,IOWA,63,"LB / ACRE / APPLICATION, AVG",,2010,19,ENVIRONMENTAL,00,,YEAR,IA,,CORN,STATE,FIELD CROPS,00,,ANNUAL,FERTILIZER,9000,00000000
APPLICATIONS,,"CORN - APPLICATIONS, MEASURED IN LB / ACRE / APPLICATION, AVG",19,ALL PRODUCTION PRACTICES,,,FERTILIZER: (PHOSPHATE),IOWA,SURVEY,,,,ALL UTILIZATION PRACTICES,ALL CLASSES,2005-06-11 10:11:36.000,UNITED STATES,,IOWA,60,"LB / ACRE / APPLICATION, AVG",,2005,19,ENVIRONMENTAL,00,,YEAR,IA,,CORN,STATE,FIELD CROPS,00,,ANNUAL,FERTILIZER,9000,00000000
APPLICATIONS,,"CORN - APPLICATIONS, MEASURED IN LB / ACRE / APPLICATION, AVG",19,ALL PRODUCTION PRACTICES,,,FERTILIZER: (PHOSPHATE),IOWA,SURVEY,,,,ALL UTILIZATION PRACTICES,ALL CLASSES,2003-06-11 10:11:36.000,UNITED STATES,,IOWA,61,"LB / ACRE / APPLICATION, AVG",,2003,19,ENVIRONMENTAL,00,,YEAR,IA,,CORN,STATE,FIELD CROPS,00,,ANNUAL,FERTILIZER,9000,00000000
APPLICATIONS,,"CORN - APPLICATIONS, MEASURED IN LB / ACRE / APPLICATION, AVG",19,ALL PRODUCTION PRACTICES,,,FERTILIZER: (PHOSPHATE),IOWA,SURVEY,,,,ALL UTILIZATION PRACTICES,ALL CLASSES,2002-06-11 10:11:36.000,UNITED STATES,,IOWA,56,"LB / ACRE / APPLICATION, AVG",,2002,19,ENVIRONMENTAL,00,,YEAR,IA,,CORN,STATE,FIELD CROPS,00,,ANNUAL,FERTILIZER,9000,00000000
APPLICATIONS,,"CORN - APPLICATIONS, MEASURED IN LB / ACRE / APPLICATION, AVG",19,ALL PRODUCTION PRACTICES,,,FERTILIZER: (PHOSPHATE),IOWA,SURVEY,,,,ALL UTILIZATION PRACTICES,ALL CLASSES,2001-06-11 10:11:36.000,UNITED STATES,,IOWA,53,"LB / ACRE / APPLICATION, AVG",,2001,19,ENVIRONMENTAL,00,,YEAR,IA,,CORN,STATE,FIELD CROPS,00,,ANNUAL,FERTILIZER,9000,00000000
APPLICATIONS,,"CORN - APPLICATIONS, MEASURED IN LB / ACRE / APPLICATION, AVG",19,ALL PRODUCTION PRACTICES,,,FERTILIZER: (PHOSPHATE),IOWA,SURVEY,,,,ALL UTILIZATION PRACTICES,ALL CLASSES,2000-06-11 10:11:36.000,UNITED STATES,,IOWA,53,"LB / ACRE / APPLICATION, AVG",,2000,19,ENVIRONMENTAL,00,,YEAR,IA,,CORN,STATE,FIELD CROPS,00,,ANNUAL,FERTILIZER,9000,00000000
APPLICATIONS,,"CORN - APPLICATIONS, MEASURED IN LB / ACRE / APPLICATION, AVG",19,ALL PRODUCTION PRACTICES,,,FERTILIZER: (POTASH),IOWA,SURVEY,,,,ALL UTILIZATION PRACTICES,ALL CLASSES,2021-05-13 15:00:30.000,UNITED STATES,,IOWA,81,"LB / ACRE / APPLICATION, AVG",,2021,19,ENVIRONMENTAL,00,,YEAR,IA,,CORN,STATE,FIELD CROPS,00,,ANNUAL,FERTILIZER,9000,00000000
APPLICATIONS,,"CORN - APPLICATIONS, MEASURED IN LB / ACRE / APPLICATION, AVG",19,ALL PRODUCTION PRACTICES,,,FERTILIZER: (POTASH),IOWA,SURVEY,,,,ALL UTILIZATION PRACTICES,ALL CLASSES,2018-05-10 15:16:25.000,UNITED STATES,,IOWA,84,"LB / ACRE / APPLICATION, AVG",,2018,19,ENVIRONMENTAL,00,,YEAR,IA,,CORN,STATE,FIELD CROPS,00,,ANNUAL,FERTILIZER,9000,00000000
APPLICATIONS,,"CORN - APPLICATIONS, MEASURED IN LB / ACRE / APPLICATION, AVG",19,ALL PRODUCTION PRACTICES,,,FERTILIZER: (POTASH),IOWA,SURVEY,,,,ALL UTILIZATION PRACTICES,ALL CLASSES,2016-08-31 14:19:39.000,UNITED STATES,,IOWA,91,"LB / ACRE / APPLICATION, AVG",,2016,19,ENVIRONMENTAL,00,,YEAR,IA,,CORN,STATE,FIELD CROPS,00,,ANNUAL,FERTILIZER,9000,00000000
APPLICATIONS,,"CORN - APPLICATIONS, MEASURED IN LB / ACRE / APPLICATION, AVG",19,ALL PRODUCTION PRACTICES,,,FERTILIZER: (POTASH),IOWA,SURVEY,,,,ALL UTILIZATION PRACTICES,ALL CLASSES,2014-05-14 15:12:54.000,UNITED STATES,,IOWA,80,"LB / ACRE / APPLICATION, AVG",,2014,19,ENVIRONMENTAL,00,,YEAR,IA,,CORN,STATE,FIELD CROPS,00,,ANNUAL,FERTILIZER,9000,00000000
APPLICATIONS,,"CORN - APPLICATIONS, MEASURED IN LB / ACRE / APPLICATION, AVG",19,ALL PRODUCTION PRACTICES,,,FERTILIZER: (POTASH),IOWA,SURVEY,,,,ALL UTILIZATION PRACTICES,ALL CLASSES,2012-01-01 00:00:00.000,UNITED STATES,,IOWA,78,"LB / ACRE / APPLICATION, AVG",,2010,19,ENVIRONMENTAL,00,,YEAR,IA,,CORN,STATE,FIELD CROPS,00,,ANNUAL,FERTILIZER,9000,00000000
APPLICATIONS,,"CORN - APPLICATIONS, MEASURED IN LB / ACRE / APPLICATION, AVG",19,ALL PRODUCTION PRACTICES,,,FERTILIZER: (POTASH),IOWA,SURVEY,,,,ALL UTILIZATION PRACTICES,ALL CLASSES,2005-06-11 10:11:36.000,UNITED STATES,,IOWA,80,"LB / ACRE / APPLICATION, AVG",,2005,19,ENVIRONMENTAL,00,,YEAR,IA,,CORN,STATE,FIELD CROPS,00,,ANNUAL,FERTILIZER,9000,00000000
APPLICATIONS,,"CORN - APPLICATIONS, MEASURED IN LB / ACRE / APPLICATION, AVG",19,ALL PRODUCTION PRACTICES,,,FERTILIZER: (POTASH),IOWA,SURVEY,,,,ALL UTILIZATION PRACTICES,ALL CLASSES,2003-06-11 10:11:36.000,UNITED STATES,,IOWA,80,"LB / ACRE / APPLICATION, AVG",,2003,19,ENVIRONMENTAL,00,,YEAR,IA,,CORN,STATE,FIELD CROPS,00,,ANNUAL,FERTILIZER,9000,00000000
APPLICATIONS,,"CORN - APPLICATIONS, MEASURED IN LB / ACRE / APPLICATION, AVG",19,ALL PRODUCTION PRACTICES,,,FERTILIZER: (POTASH),IOWA,SURVEY,,,,ALL UTILIZATION PRACTICES,ALL CLASSES,2002-06-11 10:11:36.000,UNITED STATES,,IOWA,70,"LB / ACRE / APPLICATION, AVG",,2002,19,ENVIRONMENTAL,00,,YEAR,IA,,CORN,STATE,FIELD CROPS,00,,ANNUAL,FERTILIZER,9000,00000000
APPLICATIONS,,"CORN - APPLICATIONS, MEASURED IN LB / ACRE / APPLICATION, AVG",19,ALL PRODUCTION PRACTICES,,,FERTILIZER: (POTASH),IOWA,SURVEY,,,,ALL UTILIZATION PRACTICES,ALL CLASSES,2001-06-11 10:11:36.000,UNITED STATES,,IOWA,66,"LB / ACRE / APPLICATION, AVG",,2001,19,ENVIRONMENTAL,00,,YEAR,IA,,CORN,STATE,FIELD CROPS,00,,ANNUAL,FERTILIZER,9000,00000000
APPLICATIONS,,"CORN - APPLICATIONS, MEASURED IN LB / ACRE / APPLICATION, AVG",19,ALL PRODUCTION PRACTICES,,,FERTILIZER: (POTASH),IOWA,SURVEY,,,,ALL UTILIZATION PRACTICES,ALL CLASSES,2000-06-11 10:11:36.000,UNITED STATES,,IOWA,69,"LB / ACRE / APPLICATION, AVG",,2000,19,ENVIRONMENTAL,00,,YEAR,IA,,CORN,STATE,FIELD CROPS,00,,ANNUAL,FERTILIZER,9000,00000000
APPLICATIONS,,"CORN - APPLICATIONS, MEASURED IN LB / ACRE / APPLICATION, AVG",19,ALL PRODUCTION PRACTICES,,,FERTILIZER: (SULFUR),IOWA,SURVEY,,,,ALL UTILIZATION PRACTICES,ALL CLASSES,2021-05-13 15:00:30.000,UNITED STATES,,IOWA,13,"LB / ACRE / APPLICATION, AVG",,2021,19,ENVIRONMENTAL,00,,YEAR,IA,,CORN,STATE,FIELD CROPS,00,,ANNUAL,FERTILIZER,9000,00000000
APPLICATIONS,,"CORN - APPLICATIONS, MEASURED IN LB / ACRE / APPLICATION, AVG",19,ALL PRODUCTION PRACTICES,,,FERTILIZER: (SULFUR),IOWA,SURVEY,,,,ALL UTILIZATION PRACTICES,ALL CLASSES,2018-05-10 15:16:25.000,UNITED STATES,,IOWA,16,"LB / ACRE / APPLICATION, AVG",,2018,19,ENVIRONMENTAL,00,,YEAR,IA,,CORN,STATE,FIELD CROPS,00,,ANNUAL,FERTILIZER,9000,00000000
APPLICATIONS,,"CORN - APPLICATIONS, MEASURED IN LB / ACRE / APPLICATION, AVG",19,ALL PRODUCTION PRACTICES,,,FERTILIZER: (SULFUR),IOWA,SURVEY,,,,ALL UTILIZATION PRACTICES,ALL CLASSES,2016-08-31 14:19:39.000,UNITED STATES,,IOWA,16,"LB / ACRE / APPLICATION, AVG",,2016,19,ENVIRONMENTAL,00,,YEAR,IA,,CORN,STATE,FIELD CROPS,00,,ANNUAL,FERTILIZER,9000,00000000
APPLICATIONS,,"CORN - APPLICATIONS, MEASURED IN LB / ACRE / APPLICATION, AVG",19,ALL PRODUCTION PRACTICES,,,FERTILIZER: (SULFUR),IOWA,SURVEY,,,,ALL UTILIZATION PRACTICES,ALL CLASSES,2014-05-14 15:12:54.000,UNITED STATES,,IOWA,16,"LB / ACRE / APPLICATION, AVG",,2014,19,ENVIRONMENTAL,00,,YEAR,IA,,CORN,STATE,FIELD CROPS,00,,ANNUAL,FERTILIZER,9000,00000000
APPLICATIONS,,"CORN - APPLICATIONS, MEASURED IN LB / ACRE / APPLICATION, AVG",19,ALL PRODUCTION PRACTICES,,,FERTILIZER: (SULFUR),IOWA,SURVEY,,,,ALL UTILIZATION PRACTICES,ALL CLASSES,2012-01-01 00:00:00.000,UNITED STATES,,IOWA,10,"LB / ACRE / APPLICATION, AVG",,2010,19,ENVIRONMENTAL,00,,YEAR,IA,,CORN,STATE,FIELD CROPS,00,,ANNUAL,FERTILIZER,9000,00000000
APPLICATIONS,,"CORN - APPLICATIONS, MEASURED IN LB / ACRE / APPLICATION, AVG",19,ALL PRODUCTION PRACTICES,,,FERTILIZER: (SULFUR),IOWA,SURVEY,,,,ALL UTILIZATION PRACTICES,ALL CLASSES,2005-06-11 10:11:36.000,UNITED STATES,,IOWA,7,"LB / ACRE / APPLICATION, AVG",,2005,19,ENVIRONMENTAL,00,,YEAR,IA,,CORN,STATE,FIELD CROPS,00,,ANNUAL,FERTILIZER,9000,00000000
APPLICATIONS,,"CORN - APPLICATIONS, MEASURED IN LB / ACRE / YEAR, AVG",19,ALL PRODUCTION PRACTICES,,,"CHEMICAL, FUNGICIDE: (AZOXYSTROBIN = 128810)",IOWA,SURVEY,,,,ALL UTILIZATION PRACTICES,ALL CLASSES,2021-05-13 15:00:30.000,UNITED STATES,,IOWA,0.093,"LB / ACRE / YEAR, AVG",,2021,19,ENVIRONMENTAL,00,,YEAR,IA,,CORN,STATE,FIELD CROPS,00,,ANNUAL,"CHEMICAL, FUNGICIDE",9000,00000000
APPLICATIONS,,"CORN - APPLICATIONS, MEASURED IN LB / ACRE / YEAR, AVG",19,ALL PRODUCTION PRACTICES,,,"CHEMICAL, FUNGICIDE: (AZOXYSTROBIN = 128810)",IOWA,SURVEY,,,,ALL UTILIZATION PRACTICES,ALL CLASSES,2018-05-10 15:16:25.000,UNITED STATES,,IOWA,0.098,"LB / ACRE / YEAR, AVG",,2018,19,ENVIRONMENTAL,00,,YEAR,IA,,CORN,STATE,FIELD CROPS,00,,ANNUAL,"CHEMICAL, FUNGICIDE",9000,00000000
APPLICATIONS,,"CORN - APPLICATIONS, MEASURED IN LB / ACRE / YEAR, AVG",19,ALL PRODUCTION PRACTICES,,,"CHEMICAL, FUNGICIDE: (AZOXYSTROBIN = 128810)",IOWA,SURVEY,,,,ALL UTILIZATION PRACTICES,ALL CLASSES,2016-08-31 14:19:39.000,UNITED STATES,,IOWA,0.069,"LB / ACRE / YEAR, AVG",,2016,19,ENVIRONMENTAL,00,,YEAR,IA,,CORN,STATE,FIELD CROPS,00,,ANNUAL,"CHEMICAL, FUNGICIDE",9000,00000000
APPLICATIONS,,"CORN - APPLICATIONS, MEASURED IN LB / ACRE / YEAR, AVG",19,ALL PRODUCTION PRACTICES,,,"CHEMICAL, FUNGICIDE: (AZOXYSTROBIN = 128810)",IOWA,SURVEY,,,,ALL UTILIZATION PRACTICES,ALL CLASSES,2014-05-14 15:12:54.000,UNITED STATES,,IOWA,0.055,"LB / ACRE / YEAR, AVG",,2014,19,ENVIRONMENTAL,00,,YEAR,IA,,CORN,STATE,FIELD CROPS,00,,ANNUAL,"CHEMICAL, FUNGICIDE",9000,00000000
APPLICATIONS,,"CORN - APPLICATIONS, MEASURED IN LB / ACRE / YEAR, AVG",19,ALL PRODUCTION PRACTICES,,,"CHEMICAL, FUNGICIDE: (AZOXYSTROBIN = 128810)",IOWA,SURVEY,,,,ALL UTILIZATION PRACTICES,ALL CLASSES,2012-01-01 00:00:00.000,UNITED STATES,,IOWA,                 (D),"LB / ACRE / YEAR, AVG",,2010,19,ENVIRONMENTAL,00,,YEAR,IA,,CORN,STATE,FIELD CROPS,00,,ANNUAL,"CHEMICAL, FUNGICIDE",9000,00000000
APPLICATIONS,,"CORN - APPLICATIONS, MEASURED IN LB / ACRE / YEAR, AVG",19,ALL PRODUCTION PRACTICES,,,"CHEMICAL, FUNGICIDE: (BENZOVINDIFLUPYR = 122305)",IOWA,SURVEY,,,,ALL UTILIZATION PRACTICES,ALL CLASSES,2021-05-13 15:00:30.000,UNITED STATES,,IOWA,                 (D),"LB / ACRE / YEAR, AVG",,2021,19,ENVIRONMENTAL,00,,YEAR,IA,,CORN,STATE,FIELD CROPS,00,,ANNUAL,"CHEMICAL, FUNGICIDE",9000,00000000
APPLICATIONS,,"CORN - APPLICATIONS, MEASURED IN LB / ACRE / YEAR, AVG",19,ALL PRODUCTION PRACTICES,,,"CHEMICAL, FUNGICIDE: (BENZOVINDIFLUPYR = 122305)",IOWA,SURVEY,,,,ALL UTILIZATION PRACTICES,ALL CLASSES,2018-05-10 15:16:25.000,UNITED STATES,,IOWA,0.023,"LB / ACRE / YEAR, AVG",,2018,19,ENVIRONMENTAL,00,,YEAR,IA,,CORN,STATE,FIELD CROPS,00,,ANNUAL,"CHEMICAL, FUNGICIDE",9000,00000000
APPLICATIONS,,"CORN - APPLICATIONS, MEASURED IN LB / ACRE / YEAR, AVG",19,ALL PRODUCTION PRACTICES,,,"CHEMICAL, FUNGICIDE: (CAPTAN = 81301)",IOWA,SURVEY,,,,ALL UTILIZATION PRACTICES,ALL CLASSES,2018-05-10 15:16:25.000,UNITED STATES,,IOWA,                 (D),"LB / ACRE / YEAR, AVG",,2018,19,ENVIRONMENTAL,00,,YEAR,IA,,CORN,STATE,FIELD CROPS,00,,ANNUAL,"CHEMICAL, FUNGICIDE",9000,00000000
APPLICATIONS,,"CORN - APPLICATIONS, MEASURED IN LB / ACRE / YEAR, AVG",19,ALL PRODUCTION PRACTICES,,,"CHEMICAL, FUNGICIDE: (CYPROCONAZOLE = 128993)",IOWA,SURVEY,,,,ALL UTILIZATION PRACTICES,ALL CLASSES,2018-05-10 15:16:25.000,UNITED STATES,,IOWA,                 (D),"LB / ACRE / YEAR, AVG",,2018,19,ENVIRONMENTAL,00,,YEAR,IA,,CORN,STATE,FIELD CROPS,00,,ANNUAL,"CHEMICAL, FUNGICIDE",9000,00000000
APPLICATIONS,,"CORN - APPLICATIONS, MEASURED IN LB / ACRE / YEAR, AVG",19,ALL PRODUCTION PRACTICES,,,"CHEMICAL, FUNGICIDE: (FLUOPYRAM = 80302)",IOWA,SURVEY,,,,ALL UTILIZATION PRACTICES,ALL CLASSES,2021-05-13 15:00:30.000,UNITED STATES,,IOWA,                 (D),"LB / ACRE / YEAR, AVG",,2021,19,ENVIRONMENTAL,00,,YEAR,IA,,CORN,STATE,FIELD CROPS,00,,ANNUAL,"CHEMICAL, FUNGICIDE",9000,00000000
APPLICATIONS,,"CORN - APPLICATIONS, MEASURED IN LB / ACRE / YEAR, AVG",19,ALL PRODUCTION PRACTICES,,,"CHEMICAL, FUNGICIDE: (FLUOXASTROBIN = 28869)",IOWA,SURVEY,,,,ALL UTILIZATION PRACTICES,ALL CLASSES,2018-05-10 15:16:25.000,UNITED STATES,,IOWA,                 (D),"LB / ACRE / YEAR, AVG",,2018,19,ENVIRONMENTAL,00,,YEAR,IA,,CORN,STATE,FIELD CROPS,00,,ANNUAL,"CHEMICAL, FUNGICIDE",9000,00000000
APPLICATIONS,,"CORN - APPLICATIONS, MEASURED IN LB / ACRE / YEAR, AVG",19,ALL PRODUCTION PRACTICES,,,"CHEMICAL, FUNGICIDE: (FLUOXASTROBIN = 28869)",IOWA,SURVEY,,,,ALL UTILIZATION PRACTICES,ALL CLASSES,2014-05-14 15:12:54.000,UNITED STATES,,IOWA,                 (D),"LB / ACRE / YEAR, AVG",,2014,19,ENVIRONMENTAL,00,,YEAR,IA,,CORN,STATE,FIELD CROPS,00,,ANNUAL,"CHEMICAL, FUNGICIDE",9000,00000000
APPLICATIONS,,"CORN - APPLICATIONS, MEASURED IN LB / ACRE / YEAR, AVG",19,ALL PRODUCTION PRACTICES,,,"CHEMICAL, FUNGICIDE: (FLUXAPYROXAD = 138009)",IOWA,SURVEY,,,,ALL UTILIZATION PRACTICES,ALL CLASSES,2016-08-31 14:19:39.000,UNITED STATES,,IOWA,                 (D),"LB / ACRE / YEAR, AVG",,2016,19,ENVIRONMENTAL,00,,YEAR,IA,,CORN,STATE,FIELD CROPS,00,,ANNUAL,"CHEMICAL, FUNGICIDE",9000,00000000
APPLICATIONS,,"CORN - APPLICATIONS, MEASURED IN LB / ACRE / YEAR, AVG",19,ALL PRODUCTION PRACTICES,,,"CHEMICAL, FUNGICIDE: (FLUXAPYROXAD = 138009)",IOWA,SURVEY,,,,ALL UTILIZATION PRACTICES,ALL CLASSES,2014-05-14 15:12:54.000,UNITED STATES,,IOWA,                 (D),"LB / ACRE / YEAR, AVG",,2014,19,ENVIRONMENTAL,00,,YEAR,IA,,CORN,STATE,FIELD CROPS,00,,ANNUAL,"CHEMICAL, FUNGICIDE",9000,00000000
APPLICATIONS,,"CORN - APPLICATIONS, MEASURED IN LB / ACRE / YEAR, AVG",19,ALL PRODUCTION PRACTICES,,,"CHEMICAL, FUNGICIDE: (MEFENTRIFLUCONAZOLE = 122000)",IOWA,SURVEY,,,,ALL UTILIZATION PRACTICES,ALL CLASSES,2021-05-13 15:00:30.000,UNITED STATES,,IOWA,                 (D),"LB / ACRE / YEAR, AVG",,2021,19,ENVIRONMENTAL,00,,YEAR,IA,,CORN,STATE,FIELD CROPS,00,,ANNUAL,"CHEMICAL, FUNGICIDE",9000,00000000
APPLICATIONS,,"CORN - APPLICATIONS, MEASURED IN LB / ACRE / YEAR, AVG",19,ALL PRODUCTION PRACTICES,,,"CHEMICAL, FUNGICIDE: (METCONAZOLE = 125619)",IOWA,SURVEY,,,,ALL UTILIZATION PRACTICES,ALL CLASSES,2021-05-13 15:00:30.000,UNITED STATES,,IOWA,                 (D),"LB / ACRE / YEAR, AVG",,2021,19,ENVIRONMENTAL,00,,YEAR,IA,,CORN,STATE,FIELD CROPS,00,,ANNUAL,"CHEMICAL, FUNGICIDE",9000,00000000
APPLICATIONS,,"CORN - APPLICATIONS, MEASURED IN LB / ACRE / YEAR, AVG",19,ALL PRODUCTION PRACTICES,,,"CHEMICAL, FUNGICIDE: (METCONAZOLE = 125619)",IOWA,SURVEY,,,,ALL UTILIZATION PRACTICES,ALL CLASSES,2018-05-10 15:16:25.000,UNITED STATES,,IOWA,                 (D),"LB / ACRE / YEAR, AVG",,2018,19,ENVIRONMENTAL,00,,YEAR,IA,,CORN,STATE,FIELD CROPS,00,,ANNUAL,"CHEMICAL, FUNGICIDE",9000,00000000
APPLICATIONS,,"CORN - APPLICATIONS, MEASURED IN LB / ACRE / YEAR, AVG",19,ALL PRODUCTION PRACTICES,,,"CHEMICAL, FUNGICIDE: (METCONAZOLE = 125619)",IOWA,SURVEY,,,,ALL UTILIZATION PRACTICES,ALL CLASSES,2016-08-31 14:19:39.000,UNITED STATES,,IOWA,0.029,"LB / ACRE / YEAR, AVG",,2016,19,ENVIRONMENTAL,00,,YEAR,IA,,CORN,STATE,FIELD CROPS,00,,ANNUAL,"CHEMICAL, FUNGICIDE",9000,00000000
APPLICATIONS,,"CORN - APPLICATIONS, MEASURED IN LB / ACRE / YEAR, AVG",19,ALL PRODUCTION PRACTICES,,,"CHEMICAL, FUNGICIDE: (METCONAZOLE = 125619)",IOWA,SURVEY,,,,ALL UTILIZATION PRACTICES,ALL CLASSES,2014-05-14 15:12:54.000,UNITED STATES,,IOWA,0.033,"LB / ACRE / YEAR, AVG",,2014,19,ENVIRONMENTAL,00,,YEAR,IA,,CORN,STATE,FIELD CROPS,00,,ANNUAL,"CHEMICAL, FUNGICIDE",9000,00000000
APPLICATIONS,,"CORN - APPLICATIONS, MEASURED IN LB / ACRE / YEAR, AVG",19,ALL PRODUCTION PRACTICES,,,"CHEMICAL, FUNGICIDE: (PICOXYSTROBIN = 129200)",IOWA,SURVEY,,,,ALL UTILIZATION PRACTICES,ALL CLASSES,2018-05-10 15:16:25.000,UNITED STATES,,IOWA,                 (D),"LB / ACRE / YEAR, AVG",,2018,19,ENVIRONMENTAL,00,,YEAR,IA,,CORN,STATE,FIELD CROPS,00,,ANNUAL,"CHEMICAL, FUNGICIDE",9000,00000000
APPLICATIONS,,"CORN - APPLICATIONS, MEASURED IN LB / ACRE / YEAR, AVG",19,ALL PRODUCTION PRACTICES,,,"CHEMICAL, FUNGICIDE: (PICOXYSTROBIN = 129200)",IOWA,SURVEY,,,,ALL UTILIZATION PRACTICES,ALL CLASSES,2014-05-14 15:12:54.000,UNITED STATES,,IOWA,                 (D),"LB / ACRE / YEAR, AVG",,2014,19,ENVIRONMENTAL,00,,YEAR,IA,,CORN,STATE,FIELD CROPS,00,,ANNUAL,"CHEMICAL, FUNGICIDE",9000,00000000
APPLICATIONS,,"CORN - APPLICATIONS, MEASURED IN LB / ACRE / YEAR, AVG",19,ALL PRODUCTION PRACTICES,,,"CHEMICAL, FUNGICIDE: (PROPICONAZOLE = 122101)",IOWA,SURVEY,,,,ALL UTILIZATION PRACTICES,ALL CLASSES,2021-05-13 15:00:30.000,UNITED STATES,,IOWA,0.1,"LB / ACRE / YEAR, AVG",,2021,19,ENVIRONMENTAL,00,,YEAR,IA,,CORN,STATE,FIELD CROPS,00,,ANNUAL,"CHEMICAL, FUNGICIDE",9000,00000000
APPLICATIONS,,"CORN - APPLICATIONS, MEASURED IN LB / ACRE / YEAR, AVG",19,ALL PRODUCTION PRACTICES,,,"CHEMICAL, FUNGICIDE: (PROPICONAZOLE = 122101)",IOWA,SURVEY,,,,ALL UTILIZATION PRACTICES,ALL CLASSES,2018-05-10 15:16:25.000,UNITED STATES,,IOWA,0.086,"LB / ACRE / YEAR, AVG",,2018,19,ENVIRONMENTAL,00,,YEAR,IA,,CORN,STATE,FIELD CROPS,00,,ANNUAL,"CHEMICAL, FUNGICIDE",9000,00000000
APPLICATIONS,,"CORN - APPLICATIONS, MEASURED IN LB / ACRE / YEAR, AVG",19,ALL PRODUCTION PRACTICES,,,"CHEMICAL, FUNGICIDE: (PROPICONAZOLE = 122101)",IOWA,SURVEY,,,,ALL UTILIZATION PRACTICES,ALL CLASSES,2016-08-31 14:19:39.000,UNITED STATES,,IOWA,0.08,"LB / ACRE / YEAR, AVG",,2016,19,ENVIRONMENTAL,00,,YEAR,IA,,CORN,STATE,FIELD CROPS,00,,ANNUAL,"CHEMICAL, FUNGICIDE",9000,00000000
APPLICATIONS,,"CORN - APPLICATIONS, MEASURED IN LB / ACRE / YEAR, AVG",19,ALL PRODUCTION PRACTICES,,,"CHEMICAL, FUNGICIDE: (PROPICONAZOLE = 122101)",IOWA,SURVEY,,,,ALL UTILIZATION PRACTICES,ALL CLASSES,2014-05-14 15:12:54.000,UNITED STATES,,IOWA,0.053,"LB / ACRE / YEAR, AVG",,2014,19,ENVIRONMENTAL,00,,YEAR,IA,,CORN,STATE,FIELD CROPS,00,,ANNUAL,"CHEMICAL, FUNGICIDE",9000,00000000
APPLICATIONS,,"CORN - APPLICATIONS, MEASURED IN LB / ACRE / YEAR, AVG",19,ALL PRODUCTION PRACTICES,,,"CHEMICAL, FUNGICIDE: (PROPICONAZOLE = 122101)",IOWA,SURVEY,,,,ALL UTILIZATION PRACTICES,ALL CLASSES,2012-01-01 00:00:00.000,UNITED STATES,,IOWA,                 (D),"LB / ACRE / YEAR, AVG",,2010,19,ENVIRONMENTAL,00,,YEAR,IA,,CORN,STATE,FIELD CROPS,00,,ANNUAL,"CHEMICAL, FUNGICIDE",9000,00000000
APPLICATIONS,,"CORN - APPLICATIONS, MEASURED IN LB / ACRE / YEAR, AVG",19,ALL PRODUCTION PRACTICES,,,"CHEMICAL, FUNGICIDE: (PROTHIOCONAZOLE = 113961)",IOWA,SURVEY,,,,ALL UTILIZATION PRACTICES,ALL CLASSES,2021-05-13 15:00:30.000,UNITED STATES,,IOWA,0.115,"LB / ACRE / YEAR, AVG",,2021,19,ENVIRONMENTAL,00,,YEAR,IA,,CORN,STATE,FIELD CROPS,00,,ANNUAL,"CHEMICAL, FUNGICIDE",9000,00000000
APPLICATIONS,,"CORN - APPLICATIONS, MEASURED IN LB / ACRE / YEAR, AVG",19,ALL PRODUCTION PRACTICES,,,"CHEMICAL, FUNGICIDE: (PROTHIOCONAZOLE = 113961)",IOWA,SURVEY,,,,ALL UTILIZATION PRACTICES,ALL CLASSES,2018-05-10 15:16:25.000,UNITED STATES,,IOWA,0.053,"LB / ACRE / YEAR, AVG",,2018,19,ENVIRONMENTAL,00,,YEAR,IA,,CORN,STATE,FIELD CROPS,00,,ANNUAL,"CHEMICAL, FUNGICIDE",9000,00000000
APPLICATIONS,,"CORN - APPLICATIONS, MEASURED IN LB / ACRE / YEAR, AVG",19,ALL PRODUCTION PRACTICES,,,"CHEMICAL, FUNGICIDE: (PROTHIOCONAZOLE = 113961)",IOWA,SURVEY,,,,ALL UTILIZATION PRACTICES,ALL CLASSES,2014-05-14 15:12:54.000,UNITED STATES,,IOWA,                 (D),"LB / ACRE / YEAR, AVG",,2014,19,ENVIRONMENTAL,00,,YEAR,IA,,CORN,STATE,FIELD CROPS,00,,ANNUAL,"CHEMICAL, FUNGICIDE",9000,00000000
APPLICATIONS,,"CORN - APPLICATIONS, MEASURED IN LB / ACRE / YEAR, AVG",19,ALL PRODUCTION PRACTICES,,,"CHEMICAL, FUNGICIDE: (PYDIFLUMETOFEN = 90110)",IOWA,SURVEY,,,,ALL UTILIZATION PRACTICES,ALL CLASSES,2021-05-13 15:00:30.000,UNITED STATES,,IOWA,                 (D),"LB / ACRE / YEAR, AVG",,2021,19,ENVIRONMENTAL,00,,YEAR,IA,,CORN,STATE,FIELD CROPS,00,,ANNUAL,"CHEMICAL, FUNGICIDE",9000,00000000
APPLICATIONS,,"CORN - APPLICATIONS, MEASURED IN LB / ACRE / YEAR, AVG",19,ALL PRODUCTION PRACTICES,,,"CHEMICAL, FUNGICIDE: (PYRACLOSTROBIN = 99100)",IOWA,SURVEY,,,,ALL UTILIZATION PRACTICES,ALL CLASSES,2021-05-13 15:00:30.000,UNITED STATES,,IOWA,                 (D),"LB / ACRE / YEAR, AVG",,2021,19,ENVIRONMENTAL,00,,YEAR,IA,,CORN,STATE,FIELD CROPS,00,,ANNUAL,"CHEMICAL, FUNGICIDE",9000,00000000
APPLICATIONS,,"CORN - APPLICATIONS, MEASURED IN LB / ACRE / YEAR, AVG",19,ALL PRODUCTION PRACTICES,,,"CHEMICAL, FUNGICIDE: (PYRACLOSTROBIN = 99100)",IOWA,SURVEY,,,,ALL UTILIZATION PRACTICES,ALL CLASSES,2018-05-10 15:16:25.000,UNITED STATES,,IOWA,0.209,"LB / ACRE / YEAR, AVG",,2018,19,ENVIRONMENTAL,00,,YEAR,IA,,CORN,STATE,FIELD CROPS,00,,ANNUAL,"CHEMICAL, FUNGICIDE",9000,00000000
APPLICATIONS,,"CORN - APPLICATIONS, MEASURED IN LB / ACRE / YEAR, AVG",19,ALL PRODUCTION PRACTICES,,,"CHEMICAL, FUNGICIDE: (PYRACLOSTROBIN = 99100)",IOWA,SURVEY,,,,ALL UTILIZATION PRACTICES,ALL CLASSES,2016-08-31 14:19:39.000,UNITED STATES,,IOWA,0.118,"LB / ACRE / YEAR, AVG",,2016,19,ENVIRONMENTAL,00,,YEAR,IA,,CORN,STATE,FIELD CROPS,00,,ANNUAL,"CHEMICAL, FUNGICIDE",9000,00000000
APPLICATIONS,,"CORN - APPLICATIONS, MEASURED IN LB / ACRE / YEAR, AVG",19,ALL PRODUCTION PRACTICES,,,"CHEMICAL, FUNGICIDE: (PYRACLOSTROBIN = 99100)",IOWA,SURVEY,,,,ALL UTILIZATION PRACTICES,ALL CLASSES,2014-05-14 15:12:54.000,UNITED STATES,,IOWA,0.123,"LB / ACRE / YEAR, AVG",,2014,19,ENVIRONMENTAL,00,,YEAR,IA,,CORN,STATE,FIELD CROPS,00,,ANNUAL,"CHEMICAL, FUNGICIDE",9000,00000000
APPLICATIONS,,"CORN - APPLICATIONS, MEASURED IN LB / ACRE / YEAR, AVG",19,ALL PRODUCTION PRACTICES,,,"CHEMICAL, FUNGICIDE: (PYRACLOSTROBIN = 99100)",IOWA,SURVEY,,,,ALL UTILIZATION PRACTICES,ALL CLASSES,2012-01-01 00:00:00.000,UNITED STATES,,IOWA,0.088,"LB / ACRE / YEAR, AVG",,2010,19,ENVIRONMENTAL,00,,YEAR,IA,,CORN,STATE,FIELD CROPS,00,,ANNUAL,"CHEMICAL, FUNGICIDE",9000,00000000
APPLICATIONS,,"CORN - APPLICATIONS, MEASURED IN LB / ACRE / YEAR, AVG",19,ALL PRODUCTION PRACTICES,,,"CHEMICAL, FUNGICIDE: (TEBUCONAZOLE = 128997)",IOWA,SURVEY,,,,ALL UTILIZATION PRACTICES,ALL CLASSES,2021-05-13 15:00:30.000,UNITED STATES,,IOWA,                 (D),"LB / ACRE / YEAR, AVG",,2021,19,ENVIRONMENTAL,00,,YEAR,IA,,CORN,STATE,FIELD CROPS,00,,ANNUAL,"CHEMICAL, FUNGICIDE",9000,00000000
APPLICATIONS,,"CORN - APPLICATIONS, MEASURED IN LB / ACRE / YEAR, AVG",19,ALL PRODUCTION PRACTICES,,,"CHEMICAL, FUNGICIDE: (TEBUCONAZOLE = 128997)",IOWA,SURVEY,,,,ALL UTILIZATION PRACTICES,ALL CLASSES,2014-05-14 15:12:54.000,UNITED STATES,,IOWA,                 (D),"LB / ACRE / YEAR, AVG",,2014,19,ENVIRONMENTAL,00,,YEAR,IA,,CORN,STATE,FIELD CROPS,00,,ANNUAL,"CHEMICAL, FUNGICIDE",9000,00000000
APPLICATIONS,,"CORN - APPLICATIONS, MEASURED IN LB / ACRE / YEAR, AVG",19,ALL PRODUCTION PRACTICES,,,"CHEMICAL, FUNGICIDE: (TETRACONAZOLE = 120603)",IOWA,SURVEY,,,,ALL UTILIZATION PRACTICES,ALL CLASSES,2018-05-10 15:16:25.000,UNITED STATES,,IOWA,                 (D),"LB / ACRE / YEAR, AVG",,2018,19,ENVIRONMENTAL,00,,YEAR,IA,,CORN,STATE,FIELD CROPS,00,,ANNUAL,"CHEMICAL, FUNGICIDE",9000,00000000
APPLICATIONS,,"CORN - APPLICATIONS, MEASURED IN LB / ACRE / YEAR, AVG",19,ALL PRODUCTION PRACTICES,,,"CHEMICAL, FUNGICIDE: (TETRACONAZOLE = 120603)",IOWA,SURVEY,,,,ALL UTILIZATION PRACTICES,ALL CLASSES,2016-08-31 14:19:39.000,UNITED STATES,,IOWA,                 (D),"LB / ACRE / YEAR, AVG",,2016,19,ENVIRONMENTAL,00,,YEAR,IA,,CORN,STATE,FIELD CROPS,00,,ANNUAL,"CHEMICAL, FUNGICIDE",9000,00000000
APPLICATIONS,,"CORN - APPLICATIONS, MEASURED IN LB / ACRE / YEAR, AVG",19,ALL PRODUCTION PRACTICES,,,"CHEMICAL, FUNGICIDE: (TRIFLOXYSTROBIN = 129112)",IOWA,SURVEY,,,,ALL UTILIZATION PRACTICES,ALL CLASSES,2021-05-13 15:00:30.000,UNITED STATES,,IOWA,0.101,"LB / ACRE / YEAR, AVG",,2021,19,ENVIRONMENTAL,00,,YEAR,IA,,CORN,STATE,FIELD CROPS,00,,ANNUAL,"CHEMICAL, FUNGICIDE",9000,00000000
APPLICATIONS,,"CORN - APPLICATIONS, MEASURED IN LB / ACRE / YEAR, AVG",19,ALL PRODUCTION PRACTICES,,,"CHEMICAL, FUNGICIDE: (TRIFLOXYSTROBIN = 129112)",IOWA,SURVEY,,,,ALL UTILIZATION PRACTICES,ALL CLASSES,2018-05-10 15:16:25.000,UNITED STATES,,IOWA,0.111,"LB / ACRE / YEAR, AVG",,2018,19,ENVIRONMENTAL,00,,YEAR,IA,,CORN,STATE,FIELD CROPS,00,,ANNUAL,"CHEMICAL, FUNGICIDE",9000,00000000
APPLICATIONS,,"CORN - APPLICATIONS, MEASURED IN LB / ACRE / YEAR, AVG",19,ALL PRODUCTION PRACTICES,,,"CHEMICAL, FUNGICIDE: (TRIFLOXYSTROBIN = 129112)",IOWA,SURVEY,,,,ALL UTILIZATION PRACTICES,ALL CLASSES,2016-08-31 14:19:39.000,UNITED STATES,,IOWA,                 (D),"LB / ACRE / YEAR, AVG",,2016,19,ENVIRONMENTAL,00,,YEAR,IA,,CORN,STATE,FIELD CROPS,00,,ANNUAL,"CHEMICAL, FUNGICIDE",9000,00000000
APPLICATIONS,,"CORN - APPLICATIONS, MEASURED IN LB / ACRE / YEAR, AVG",19,ALL PRODUCTION PRACTICES,,,"CHEMICAL, FUNGICIDE: (TRIFLOXYSTROBIN = 129112)",IOWA,SURVEY,,,,ALL UTILIZATION PRACTICES,ALL CLASSES,2014-05-14 15:12:54.000,UNITED STATES,,IOWA,0.04,"LB / ACRE / YEAR, AVG",,2014,19,ENVIRONMENTAL,00,,YEAR,IA,,CORN,STATE,FIELD CROPS,00,,ANNUAL,"CHEMICAL, FUNGICIDE",9000,00000000
APPLICATIONS,,"CORN - APPLICATIONS, MEASURED IN LB / ACRE / YEAR, AVG",19,ALL PRODUCTION PRACTICES,,,"CHEMICAL, FUNGICIDE: (TRIFLOXYSTROBIN = 129112)",IOWA,SURVEY,,,,ALL UTILIZATION PRACTICES,ALL CLASSES,2012-01-01 00:00:00.000,UNITED STATES,,IOWA,                 (D),"LB / ACRE / YEAR, AVG",,2010,19,ENVIRONMENTAL,00,,YEAR,IA,,CORN,STATE,FIELD CROPS,00,,ANNUAL,"CHEMICAL, FUNGICIDE",9000,00000000
APPLICATIONS,,"CORN - APPLICATIONS, MEASURED IN LB / ACRE / YEAR, AVG",19,ALL PRODUCTION PRACTICES,,,"CHEMICAL, HERBICIDE: (2,4-D = 30001)",IOWA,SURVEY,,,,ALL UTILIZATION PRACTICES,ALL CLASSES,2012-01-01 00:00:00.000,UNITED STATES,,IOWA,                 (D),"LB / ACRE / YEAR, AVG",,2010,19,ENVIRONMENTAL,00,,YEAR,IA,,CORN,STATE,FIELD CROPS,00,,ANNUAL,"CHEMICAL, HERBICIDE",9000,00000000
APPLICATIONS,,"CORN - APPLICATIONS, MEASURED IN LB / ACRE / YEAR, AVG",19,ALL PRODUCTION PRACTICES,,,"CHEMICAL, HERBICIDE: (2,4-D = 30001)",IOWA,SURVEY,,,,ALL UTILIZATION PRACTICES,ALL CLASSES,2003-06-11 10:11:36.000,UNITED STATES,,IOWA,0.45,"LB / ACRE / YEAR, AVG",,2003,19,ENVIRONMENTAL,00,,YEAR,IA,,CORN,STATE,FIELD CROPS,00,,ANNUAL,"CHEMICAL, HERBICIDE",9000,00000000
APPLICATIONS,,"CORN - APPLICATIONS, MEASURED IN LB / ACRE / YEAR, AVG",19,ALL PRODUCTION PRACTICES,,,"CHEMICAL, HERBICIDE: (2,4-D = 30001)",IOWA,SURVEY,,,,ALL UTILIZATION PRACTICES,ALL CLASSES,2002-06-11 10:11:36.000,UNITED STATES,,IOWA,0.44,"LB / ACRE / YEAR, AVG",,2002,19,ENVIRONMENTAL,00,,YEAR,IA,,CORN,STATE,FIELD CROPS,00,,ANNUAL,"CHEMICAL, HERBICIDE",9000,00000000
APPLICATIONS,,"CORN - APPLICATIONS, MEASURED IN LB / ACRE / YEAR, AVG",19,ALL PRODUCTION PRACTICES,,,"CHEMICAL, HERBICIDE: (2,4-D = 30001)",IOWA,SURVEY,,,,ALL UTILIZATION PRACTICES,ALL CLASSES,2001-06-11 10:11:36.000,UNITED STATES,,IOWA,0.4,"LB / ACRE / YEAR, AVG",,2001,19,ENVIRONMENTAL,00,,YEAR,IA,,CORN,STATE,FIELD CROPS,00,,ANNUAL,"CHEMICAL, HERBICIDE",9000,00000000
APPLICATIONS,,"CORN - APPLICATIONS, MEASURED IN LB / ACRE / YEAR, AVG",19,ALL PRODUCTION PRACTICES,,,"CHEMICAL, HERBICIDE: (2,4-D = 30001)",IOWA,SURVEY,,,,ALL UTILIZATION PRACTICES,ALL CLASSES,2000-06-11 10:11:36.000,UNITED STATES,,IOWA,0.35,"LB / ACRE / YEAR, AVG",,2000,19,ENVIRONMENTAL,00,,YEAR,IA,,CORN,STATE,FIELD CROPS,00,,ANNUAL,"CHEMICAL, HERBICIDE",9000,00000000
APPLICATIONS,,"CORN - APPLICATIONS, MEASURED IN LB / ACRE / YEAR, AVG",19,ALL PRODUCTION PRACTICES,,,"CHEMICAL, HERBICIDE: (2,4-D, 2-EHE = 30063)",IOWA,SURVEY,,,,ALL UTILIZATION PRACTICES,ALL CLASSES,2021-05-13 15:00:30.000,UNITED STATES,,IOWA,                 (D),"LB / ACRE / YEAR, AVG",,2021,19,ENVIRONMENTAL,00,,YEAR,IA,,CORN,STATE,FIELD CROPS,00,,ANNUAL,"CHEMICAL, HERBICIDE",9000,00000000
APPLICATIONS,,"CORN - APPLICATIONS, MEASURED IN LB / ACRE / YEAR, AVG",19,ALL PRODUCTION PRACTICES,,,"CHEMICAL, HERBICIDE: (2,4-D, 2-EHE = 30063)",IOWA,SURVEY,,,,ALL UTILIZATION PRACTICES,ALL CLASSES,2018-05-10 15:16:25.000,UNITED STATES,,IOWA,                 (D),"LB / ACRE / YEAR, AVG",,2018,19,ENVIRONMENTAL,00,,YEAR,IA,,CORN,STATE,FIELD CROPS,00,,ANNUAL,"CHEMICAL, HERBICIDE",9000,00000000
APPLICATIONS,,"CORN - APPLICATIONS, MEASURED IN LB / ACRE / YEAR, AVG",19,ALL PRODUCTION PRACTICES,,,"CHEMICAL, HERBICIDE: (2,4-D, 2-EHE = 30063)",IOWA,SURVEY,,,,ALL UTILIZATION PRACTICES,ALL CLASSES,2016-08-31 14:19:39.000,UNITED STATES,,IOWA,0.363,"LB / ACRE / YEAR, AVG",,2016,19,ENVIRONMENTAL,00,,YEAR,IA,,CORN,STATE,FIELD CROPS,00,,ANNUAL,"CHEMICAL, HERBICIDE",9000,00000000
APPLICATIONS,,"CORN - APPLICATIONS, MEASURED IN LB / ACRE / YEAR, AVG",19,ALL PRODUCTION PRACTICES,,,"CHEMICAL, HERBICIDE: (2,4-D, 2-EHE = 30063)",IOWA,SURVEY,,,,ALL UTILIZATION PRACTICES,ALL CLASSES,2014-05-14 15:12:54.000,UNITED STATES,,IOWA,0.574,"LB / ACRE / YEAR, AVG",,2014,19,ENVIRONMENTAL,00,,YEAR,IA,,CORN,STATE,FIELD CROPS,00,,ANNUAL,"CHEMICAL, HERBICIDE",9000,00000000
APPLICATIONS,,"CORN - APPLICATIONS, MEASURED IN LB / ACRE / YEAR, AVG",19,ALL PRODUCTION PRACTICES,,,"CHEMICAL, HERBICIDE: (2,4-D, 2-EHE = 30063)",IOWA,SURVEY,,,,ALL UTILIZATION PRACTICES,ALL CLASSES,2012-01-01 00:00:00.000,UNITED STATES,,IOWA,0.325,"LB / ACRE / YEAR, AVG",,2010,19,ENVIRONMENTAL,00,,YEAR,IA,,CORN,STATE,FIELD CROPS,00,,ANNUAL,"CHEMICAL, HERBICIDE",9000,00000000
APPLICATIONS,,"CORN - APPLICATIONS, MEASURED IN LB / ACRE / YEAR, AVG",19,ALL PRODUCTION PRACTICES,,,"CHEMICAL, HERBICIDE: (2,4-D, 2-EHE = 30063)",IOWA,SURVEY,,,,ALL UTILIZATION PRACTICES,ALL CLASSES,2005-06-11 10:11:36.000,UNITED STATES,,IOWA,0.564,"LB / ACRE / YEAR, AVG",,2005,19,ENVIRONMENTAL,00,,YEAR,IA,,CORN,STATE,FIELD CROPS,00,,ANNUAL,"CHEMICAL, HERBICIDE",9000,00000000
APPLICATIONS,,"CORN - APPLICATIONS, MEASURED IN LB / ACRE / YEAR, AVG",19,ALL PRODUCTION PRACTICES,,,"CHEMICAL, HERBICIDE: (2,4-D, DIMETH. SALT = 30019)",IOWA,SURVEY,,,,ALL UTILIZATION PRACTICES,ALL CLASSES,2018-05-10 15:16:25.000,UNITED STATES,,IOWA,                 (D),"LB / ACRE / YEAR, AVG",,2018,19,ENVIRONMENTAL,00,,YEAR,IA,,CORN,STATE,FIELD CROPS,00,,ANNUAL,"CHEMICAL, HERBICIDE",9000,00000000
APPLICATIONS,,"CORN - APPLICATIONS, MEASURED IN LB / ACRE / YEAR, AVG",19,ALL PRODUCTION PRACTICES,,,"CHEMICAL, HERBICIDE: (2,4-D, DIMETH. SALT = 30019)",IOWA,SURVEY,,,,ALL UTILIZATION PRACTICES,ALL CLASSES,2016-08-31 14:19:39.000,UNITED STATES,,IOWA,0.483,"LB / ACRE / YEAR, AVG",,2016,19,ENVIRONMENTAL,00,,YEAR,IA,,CORN,STATE,FIELD CROPS,00,,ANNUAL,"CHEMICAL, HERBICIDE",9000,00000000
APPLICATIONS,,"CORN - APPLICATIONS, MEASURED IN LB / ACRE / YEAR, AVG",19,ALL PRODUCTION PRACTICES,,,"CHEMICAL, HERBICIDE: (2,4-D, DIMETH. SALT = 30019)",IOWA,SURVEY,,,,ALL UTILIZATION PRACTICES,ALL CLASSES,2014-05-14 15:12:54.000,UNITED STATES,,IOWA,                 (D),"LB / ACRE / YEAR, AVG",,2014,19,ENVIRONMENTAL,00,,YEAR,IA,,CORN,STATE,FIELD CROPS,00,,ANNUAL,"CHEMICAL, HERBICIDE",9000,00000000
APPLICATIONS,,"CORN - APPLICATIONS, MEASURED IN LB / ACRE / YEAR, AVG",19,ALL PRODUCTION PRACTICES,,,"CHEMICAL, HERBICIDE: (2,4-D, DIMETH. SALT = 30019)",IOWA,SURVEY,,,,ALL UTILIZATION PRACTICES,ALL CLASSES,2012-01-01 00:00:00.000,UNITED STATES,,IOWA,                 (D),"LB / ACRE / YEAR, AVG",,2010,19,ENVIRONMENTAL,00,,YEAR,IA,,CORN,STATE,FIELD CROPS,00,,ANNUAL,"CHEMICAL, HERBICIDE",9000,00000000
APPLICATIONS,,"CORN - APPLICATIONS, MEASURED IN LB / ACRE / YEAR, AVG",19,ALL PRODUCTION PRACTICES,,,"CHEMICAL, HERBICIDE: (2,4-D, ISOPROP. SALT = 30025)",IOWA,SURVEY,,,,ALL UTILIZATION PRACTICES,ALL CLASSES,2016-08-31 14:19:39.000,UNITED STATES,,IOWA,                 (D),"LB / ACRE / YEAR, AVG",,2016,19,ENVIRONMENTAL,00,,YEAR,IA,,CORN,STATE,FIELD CROPS,00,,ANNUAL,"CHEMICAL, HERBICIDE",9000,00000000
APPLICATIONS,,"CORN - APPLICATIONS, MEASURED IN LB / ACRE / YEAR, AVG",19,ALL PRODUCTION PRACTICES,,,"CHEMICAL, HERBICIDE: (2,4-DB, DIMETH. SALT = 30819)",IOWA,SURVEY,,,,ALL UTILIZATION PRACTICES,ALL CLASSES,2018-05-10 15:16:25.000,UNITED STATES,,IOWA,                 (D),"LB / ACRE / YEAR, AVG",,2018,19,ENVIRONMENTAL,00,,YEAR,IA,,CORN,STATE,FIELD CROPS,00,,ANNUAL,"CHEMICAL, HERBICIDE",9000,00000000
APPLICATIONS,,"CORN - APPLICATIONS, MEASURED IN LB / ACRE / YEAR, AVG",19,ALL PRODUCTION PRACTICES,,,"CHEMICAL, HERBICIDE: (ACETOCHLOR = 121601)",IOWA,SURVEY,,,,ALL UTILIZATION PRACTICES,ALL CLASSES,2021-05-13 15:00:30.000,UNITED STATES,,IOWA,1.342,"LB / ACRE / YEAR, AVG",,2021,19,ENVIRONMENTAL,00,,YEAR,IA,,CORN,STATE,FIELD CROPS,00,,ANNUAL,"CHEMICAL, HERBICIDE",9000,00000000
APPLICATIONS,,"CORN - APPLICATIONS, MEASURED IN LB / ACRE / YEAR, AVG",19,ALL PRODUCTION PRACTICES,,,"CHEMICAL, HERBICIDE: (ACETOCHLOR = 121601)",IOWA,SURVEY,,,,ALL UTILIZATION PRACTICES,ALL CLASSES,2018-05-10 15:16:25.000,UNITED STATES,,IOWA,1.378,"LB / ACRE / YEAR, AVG",,2018,19,ENVIRONMENTAL,00,,YEAR,IA,,CORN,STATE,FIELD CROPS,00,,ANNUAL,"CHEMICAL, HERBICIDE",9000,00000000
APPLICATIONS,,"CORN - APPLICATIONS, MEASURED IN LB / ACRE / YEAR, AVG",19,ALL PRODUCTION PRACTICES,,,"CHEMICAL, HERBICIDE: (ACETOCHLOR = 121601)",IOWA,SURVEY,,,,ALL UTILIZATION PRACTICES,ALL CLASSES,2016-08-31 14:19:39.000,UNITED STATES,,IOWA,1.472,"LB / ACRE / YEAR, AVG",,2016,19,ENVIRONMENTAL,00,,YEAR,IA,,CORN,STATE,FIELD CROPS,00,,ANNUAL,"CHEMICAL, HERBICIDE",9000,00000000
APPLICATIONS,,"CORN - APPLICATIONS, MEASURED IN LB / ACRE / YEAR, AVG",19,ALL PRODUCTION PRACTICES,,,"CHEMICAL, HERBICIDE: (ACETOCHLOR = 121601)",IOWA,SURVEY,,,,ALL UTILIZATION PRACTICES,ALL CLASSES,2014-05-14 15:12:54.000,UNITED STATES,,IOWA,1.383,"LB / ACRE / YEAR, AVG",,2014,19,ENVIRONMENTAL,00,,YEAR,IA,,CORN,STATE,FIELD CROPS,00,,ANNUAL,"CHEMICAL, HERBICIDE",9000,00000000
APPLICATIONS,,"CORN - APPLICATIONS, MEASURED IN LB / ACRE / YEAR, AVG",19,ALL PRODUCTION PRACTICES,,,"CHEMICAL, HERBICIDE: (ACETOCHLOR = 121601)",IOWA,SURVEY,,,,ALL UTILIZATION PRACTICES,ALL CLASSES,2012-01-01 00:00:00.000,UNITED STATES,,IOWA,1.28,"LB / ACRE / YEAR, AVG",,2010,19,ENVIRONMENTAL,00,,YEAR,IA,,CORN,STATE,FIELD CROPS,00,,ANNUAL,"CHEMICAL, HERBICIDE",9000,00000000
APPLICATIONS,,"CORN - APPLICATIONS, MEASURED IN LB / ACRE / YEAR, AVG",19,ALL PRODUCTION PRACTICES,,,"CHEMICAL, HERBICIDE: (ACETOCHLOR = 121601)",IOWA,SURVEY,,,,ALL UTILIZATION PRACTICES,ALL CLASSES,2005-06-11 10:11:36.000,UNITED STATES,,IOWA,1.662,"LB / ACRE / YEAR, AVG",,2005,19,ENVIRONMENTAL,00,,YEAR,IA,,CORN,STATE,FIELD CROPS,00,,ANNUAL,"CHEMICAL, HERBICIDE",9000,00000000
APPLICATIONS,,"CORN - APPLICATIONS, MEASURED IN LB / ACRE / YEAR, AVG",19,ALL PRODUCTION PRACTICES,,,"CHEMICAL, HERBICIDE: (ACETOCHLOR = 121601)",IOWA,SURVEY,,,,ALL UTILIZATION PRACTICES,ALL CLASSES,2003-06-11 10:11:36.000,UNITED STATES,,IOWA,2.06,"LB / ACRE / YEAR, AVG",,2003,19,ENVIRONMENTAL,00,,YEAR,IA,,CORN,STATE,FIELD CROPS,00,,ANNUAL,"CHEMICAL, HERBICIDE",9000,00000000
APPLICATIONS,,"CORN - APPLICATIONS, MEASURED IN LB / ACRE / YEAR, AVG",19,ALL PRODUCTION PRACTICES,,,"CHEMICAL, HERBICIDE: (ACETOCHLOR = 121601)",IOWA,SURVEY,,,,ALL UTILIZATION PRACTICES,ALL CLASSES,2002-06-11 10:11:36.000,UNITED STATES,,IOWA,1.74,"LB / ACRE / YEAR, AVG",,2002,19,ENVIRONMENTAL,00,,YEAR,IA,,CORN,STATE,FIELD CROPS,00,,ANNUAL,"CHEMICAL, HERBICIDE",9000,00000000
APPLICATIONS,,"CORN - APPLICATIONS, MEASURED IN LB / ACRE / YEAR, AVG",19,ALL PRODUCTION PRACTICES,,,"CHEMICAL, HERBICIDE: (ACETOCHLOR = 121601)",IOWA,SURVEY,,,,ALL UTILIZATION PRACTICES,ALL CLASSES,2001-06-11 10:11:36.000,UNITED STATES,,IOWA,1.93,"LB / ACRE / YEAR, AVG",,2001,19,ENVIRONMENTAL,00,,YEAR,IA,,CORN,STATE,FIELD CROPS,00,,ANNUAL,"CHEMICAL, HERBICIDE",9000,00000000
APPLICATIONS,,"CORN - APPLICATIONS, MEASURED IN LB / ACRE / YEAR, AVG",19,ALL PRODUCTION PRACTICES,,,"CHEMICAL, HERBICIDE: (ACETOCHLOR = 121601)",IOWA,SURVEY,,,,ALL UTILIZATION PRACTICES,ALL CLASSES,2000-06-11 10:11:36.000,UNITED STATES,,IOWA,1.83,"LB / ACRE / YEAR, AVG",,2000,19,ENVIRONMENTAL,00,,YEAR,IA,,CORN,STATE,FIELD CROPS,00,,ANNUAL,"CHEMICAL, HERBICIDE",9000,00000000
APPLICATIONS,,"CORN - APPLICATIONS, MEASURED IN LB / ACRE / YEAR, AVG",19,ALL PRODUCTION PRACTICES,,,"CHEMICAL, HERBICIDE: (ACIFLUORFEN, SODIUM = 114402)",IOWA,SURVEY,,,,ALL UTILIZATION PRACTICES,ALL CLASSES,2012-01-01 00:00:00.000,UNITED STATES,,IOWA,                 (D),"LB / ACRE / YEAR, AVG",,2010,19,ENVIRONMENTAL,00,,YEAR,IA,,CORN,STATE,FIELD CROPS,00,,ANNUAL,"CHEMICAL, HERBICIDE",9000,00000000
APPLICATIONS,,"CORN - APPLICATIONS, MEASURED IN LB / ACRE / YEAR, AVG",19,ALL PRODUCTION PRACTICES,,,"CHEMICAL, HERBICIDE: (ALACHLOR = 90501)",IOWA,SURVEY,,,,ALL UTILIZATION PRACTICES,ALL CLASSES,2021-05-13 15:00:30.000,UNITED STATES,,IOWA,                 (D),"LB / ACRE / YEAR, AVG",,2021,19,ENVIRONMENTAL,00,,YEAR,IA,,CORN,STATE,FIELD CROPS,00,,ANNUAL,"CHEMICAL, HERBICIDE",9000,00000000
APPLICATIONS,,"CORN - APPLICATIONS, MEASURED IN LB / ACRE / YEAR, AVG",19,ALL PRODUCTION PRACTICES,,,"CHEMICAL, HERBICIDE: (ALACHLOR = 90501)",IOWA,SURVEY,,,,ALL UTILIZATION PRACTICES,ALL CLASSES,2012-01-01 00:00:00.000,UNITED STATES,,IOWA,                 (D),"LB / ACRE / YEAR, AVG",,2010,19,ENVIRONMENTAL,00,,YEAR,IA,,CORN,STATE,FIELD CROPS,00,,ANNUAL,"CHEMICAL, HERBICIDE",9000,00000000
APPLICATIONS,,"CORN - APPLICATIONS, MEASURED IN LB / ACRE / YEAR, AVG",19,ALL PRODUCTION PRACTICES,,,"CHEMICAL, HERBICIDE: (ATRAZINE = 80803)",IOWA,SURVEY,,,,ALL UTILIZATION PRACTICES,ALL CLASSES,2021-05-13 15:00:30.000,UNITED STATES,,IOWA,0.861,"LB / ACRE / YEAR, AVG",,2021,19,ENVIRONMENTAL,00,,YEAR,IA,,CORN,STATE,FIELD CROPS,00,,ANNUAL,"CHEMICAL, HERBICIDE",9000,00000000
APPLICATIONS,,"CORN - APPLICATIONS, MEASURED IN LB / ACRE / YEAR, AVG",19,ALL PRODUCTION PRACTICES,,,"CHEMICAL, HERBICIDE: (ATRAZINE = 80803)",IOWA,SURVEY,,,,ALL UTILIZATION PRACTICES,ALL CLASSES,2018-05-10 15:16:25.000,UNITED STATES,,IOWA,0.903,"LB / ACRE / YEAR, AVG",,2018,19,ENVIRONMENTAL,00,,YEAR,IA,,CORN,STATE,FIELD CROPS,00,,ANNUAL,"CHEMICAL, HERBICIDE",9000,00000000
APPLICATIONS,,"CORN - APPLICATIONS, MEASURED IN LB / ACRE / YEAR, AVG",19,ALL PRODUCTION PRACTICES,,,"CHEMICAL, HERBICIDE: (ATRAZINE = 80803)",IOWA,SURVEY,,,,ALL UTILIZATION PRACTICES,ALL CLASSES,2016-08-31 14:19:39.000,UNITED STATES,,IOWA,0.934,"LB / ACRE / YEAR, AVG",,2016,19,ENVIRONMENTAL,00,,YEAR,IA,,CORN,STATE,FIELD CROPS,00,,ANNUAL,"CHEMICAL, HERBICIDE",9000,00000000
APPLICATIONS,,"CORN - APPLICATIONS, MEASURED IN LB / ACRE / YEAR, AVG",19,ALL PRODUCTION PRACTICES,,,"CHEMICAL, HERBICIDE: (ATRAZINE = 80803)",IOWA,SURVEY,,,,ALL UTILIZATION PRACTICES,ALL CLASSES,2014-05-14 15:12:54.000,UNITED STATES,,IOWA,0.888,"LB / ACRE / YEAR, AVG",,2014,19,ENVIRONMENTAL,00,,YEAR,IA,,CORN,STATE,FIELD CROPS,00,,ANNUAL,"CHEMICAL, HERBICIDE",9000,00000000
APPLICATIONS,,"CORN - APPLICATIONS, MEASURED IN LB / ACRE / YEAR, AVG",19,ALL PRODUCTION PRACTICES,,,"CHEMICAL, HERBICIDE: (ATRAZINE = 80803)",IOWA,SURVEY,,,,ALL UTILIZATION PRACTICES,ALL CLASSES,2012-01-01 00:00:00.000,UNITED STATES,,IOWA,0.793,"LB / ACRE / YEAR, AVG",,2010,19,ENVIRONMENTAL,00,,YEAR,IA,,CORN,STATE,FIELD CROPS,00,,ANNUAL,"CHEMICAL, HERBICIDE",9000,00000000
APPLICATIONS,,"CORN - APPLICATIONS, MEASURED IN LB / ACRE / YEAR, AVG",19,ALL PRODUCTION PRACTICES,,,"CHEMICAL, HERBICIDE: (ATRAZINE = 80803)",IOWA,SURVEY,,,,ALL UTILIZATION PRACTICES,ALL CLASSES,2005-06-11 10:11:36.000,UNITED STATES,,IOWA,1.055,"LB / ACRE / YEAR, AVG",,2005,19,ENVIRONMENTAL,00,,YEAR,IA,,CORN,STATE,FIELD CROPS,00,,ANNUAL,"CHEMICAL, HERBICIDE",9000,00000000
APPLICATIONS,,"CORN - APPLICATIONS, MEASURED IN LB / ACRE / YEAR, AVG",19,ALL PRODUCTION PRACTICES,,,"CHEMICAL, HERBICIDE: (ATRAZINE = 80803)",IOWA,SURVEY,,,,ALL UTILIZATION PRACTICES,ALL CLASSES,2003-06-11 10:11:36.000,UNITED STATES,,IOWA,0.99,"LB / ACRE / YEAR, AVG",,2003,19,ENVIRONMENTAL,00,,YEAR,IA,,CORN,STATE,FIELD CROPS,00,,ANNUAL,"CHEMICAL, HERBICIDE",9000,00000000
APPLICATIONS,,"CORN - APPLICATIONS, MEASURED IN LB / ACRE / YEAR, AVG",19,ALL PRODUCTION PRACTICES,,,"CHEMICAL, HERBICIDE: (ATRAZINE = 80803)",IOWA,SURVEY,,,,ALL UTILIZATION PRACTICES,ALL CLASSES,2002-06-11 10:11:36.000,UNITED STATES,,IOWA,0.99,"LB / ACRE / YEAR, AVG",,2002,19,ENVIRONMENTAL,00,,YEAR,IA,,CORN,STATE,FIELD CROPS,00,,ANNUAL,"CHEMICAL, HERBICIDE",9000,00000000
APPLICATIONS,,"CORN - APPLICATIONS, MEASURED IN LB / ACRE / YEAR, AVG",19,ALL PRODUCTION PRACTICES,,,"CHEMICAL, HERBICIDE: (ATRAZINE = 80803)",IOWA,SURVEY,,,,ALL UTILIZATION PRACTICES,ALL CLASSES,2001-06-11 10:11:36.000,UNITED STATES,,IOWA,0.94,"LB / ACRE / YEAR, AVG",,2001,19,ENVIRONMENTAL,00,,YEAR,IA,,CORN,STATE,FIELD CROPS,00,,ANNUAL,"CHEMICAL, HERBICIDE",9000,00000000
APPLICATIONS,,"CORN - APPLICATIONS, MEASURED IN LB / ACRE / YEAR, AVG",19,ALL PRODUCTION PRACTICES,,,"CHEMICAL, HERBICIDE: (ATRAZINE = 80803)",IOWA,SURVEY,,,,ALL UTILIZATION PRACTICES,ALL CLASSES,2000-06-11 10:11:36.000,UNITED STATES,,IOWA,0.9,"LB / ACRE / YEAR, AVG",,2000,19,ENVIRONMENTAL,00,,YEAR,IA,,CORN,STATE,FIELD CROPS,00,,ANNUAL,"CHEMICAL, HERBICIDE",9000,00000000
APPLICATIONS,,"CORN - APPLICATIONS, MEASURED IN LB / ACRE / YEAR, AVG",19,ALL PRODUCTION PRACTICES,,,"CHEMICAL, HERBICIDE: (BENTAZON = 103901)",IOWA,SURVEY,,,,ALL UTILIZATION PRACTICES,ALL CLASSES,2014-05-14 15:12:54.000,UNITED STATES,,IOWA,                 (D),"LB / ACRE / YEAR, AVG",,2014,19,ENVIRONMENTAL,00,,YEAR,IA,,CORN,STATE,FIELD CROPS,00,,ANNUAL,"CHEMICAL, HERBICIDE",9000,00000000
APPLICATIONS,,"CORN - APPLICATIONS, MEASURED IN LB / ACRE / YEAR, AVG",19,ALL PRODUCTION PRACTICES,,,"CHEMICAL, HERBICIDE: (BICYCLOPYRONE = 18986)",IOWA,SURVEY,,,,ALL UTILIZATION PRACTICES,ALL CLASSES,2021-05-13 15:00:30.000,UNITED STATES,,IOWA,                 (D),"LB / ACRE / YEAR, AVG",,2021,19,ENVIRONMENTAL,00,,YEAR,IA,,CORN,STATE,FIELD CROPS,00,,ANNUAL,"CHEMICAL, HERBICIDE",9000,00000000
APPLICATIONS,,"CORN - APPLICATIONS, MEASURED IN LB / ACRE / YEAR, AVG",19,ALL PRODUCTION PRACTICES,,,"CHEMICAL, HERBICIDE: (BICYCLOPYRONE = 18986)",IOWA,SURVEY,,,,ALL UTILIZATION PRACTICES,ALL CLASSES,2018-05-10 15:16:25.000,UNITED STATES,,IOWA,0.036,"LB / ACRE / YEAR, AVG",,2018,19,ENVIRONMENTAL,00,,YEAR,IA,,CORN,STATE,FIELD CROPS,00,,ANNUAL,"CHEMICAL, HERBICIDE",9000,00000000
APPLICATIONS,,"CORN - APPLICATIONS, MEASURED IN LB / ACRE / YEAR, AVG",19,ALL PRODUCTION PRACTICES,,,"CHEMICAL, HERBICIDE: (BICYCLOPYRONE = 18986)",IOWA,SURVEY,,,,ALL UTILIZATION PRACTICES,ALL CLASSES,2016-08-31 14:19:39.000,UNITED STATES,,IOWA,0.042,"LB / ACRE / YEAR, AVG",,2016,19,ENVIRONMENTAL,00,,YEAR,IA,,CORN,STATE,FIELD CROPS,00,,ANNUAL,"CHEMICAL, HERBICIDE",9000,00000000
APPLICATIONS,,"CORN - APPLICATIONS, MEASURED IN LB / ACRE / YEAR, AVG",19,ALL PRODUCTION PRACTICES,,,"CHEMICAL, HERBICIDE: (BROMOXYNIL = 35301)",IOWA,SURVEY,,,,ALL UTILIZATION PRACTICES,ALL CLASSES,2002-06-11 10:11:36.000,UNITED STATES,,IOWA,0.25,"LB / ACRE / YEAR, AVG",,2002,19,ENVIRONMENTAL,00,,YEAR,IA,,CORN,STATE,FIELD CROPS,00,,ANNUAL,"CHEMICAL, HERBICIDE",9000,00000000
APPLICATIONS,,"CORN - APPLICATIONS, MEASURED IN LB / ACRE / YEAR, AVG",19,ALL PRODUCTION PRACTICES,,,"CHEMICAL, HERBICIDE: (BROMOXYNIL = 35301)",IOWA,SURVEY,,,,ALL UTILIZATION PRACTICES,ALL CLASSES,2001-06-11 10:11:36.000,UNITED STATES,,IOWA,0.38,"LB / ACRE / YEAR, AVG",,2001,19,ENVIRONMENTAL,00,,YEAR,IA,,CORN,STATE,FIELD CROPS,00,,ANNUAL,"CHEMICAL, HERBICIDE",9000,00000000
APPLICATIONS,,"CORN - APPLICATIONS, MEASURED IN LB / ACRE / YEAR, AVG",19,ALL PRODUCTION PRACTICES,,,"CHEMICAL, HERBICIDE: (BROMOXYNIL = 35301)",IOWA,SURVEY,,,,ALL UTILIZATION PRACTICES,ALL CLASSES,2000-06-11 10:11:36.000,UNITED STATES,,IOWA,0.29,"LB / ACRE / YEAR, AVG",,2000,19,ENVIRONMENTAL,00,,YEAR,IA,,CORN,STATE,FIELD CROPS,00,,ANNUAL,"CHEMICAL, HERBICIDE",9000,00000000
APPLICATIONS,,"CORN - APPLICATIONS, MEASURED IN LB / ACRE / YEAR, AVG",19,ALL PRODUCTION PRACTICES,,,"CHEMICAL, HERBICIDE: (CARFENTRAZONE-ETHYL = 128712)",IOWA,SURVEY,,,,ALL UTILIZATION PRACTICES,ALL CLASSES,2000-06-11 10:11:36.000,UNITED STATES,,IOWA,0.08,"LB / ACRE / YEAR, AVG",,2000,19,ENVIRONMENTAL,00,,YEAR,IA,,CORN,STATE,FIELD CROPS,00,,ANNUAL,"CHEMICAL, HERBICIDE",9000,00000000
APPLICATIONS,,"CORN - APPLICATIONS, MEASURED IN LB / ACRE / YEAR, AVG",19,ALL PRODUCTION PRACTICES,,,"CHEMICAL, HERBICIDE: (CLOMAZONE = 125401)",IOWA,SURVEY,,,,ALL UTILIZATION PRACTICES,ALL CLASSES,2012-01-01 00:00:00.000,UNITED STATES,,IOWA,                 (D),"LB / ACRE / YEAR, AVG",,2010,19,ENVIRONMENTAL,00,,YEAR,IA,,CORN,STATE,FIELD CROPS,00,,ANNUAL,"CHEMICAL, HERBICIDE",9000,00000000
APPLICATIONS,,"CORN - APPLICATIONS, MEASURED IN LB / ACRE / YEAR, AVG",19,ALL PRODUCTION PRACTICES,,,"CHEMICAL, HERBICIDE: (CLOPYRALID = 117403)",IOWA,SURVEY,,,,ALL UTILIZATION PRACTICES,ALL CLASSES,2021-05-13 15:00:30.000,UNITED STATES,,IOWA,0.078,"LB / ACRE / YEAR, AVG",,2021,19,ENVIRONMENTAL,00,,YEAR,IA,,CORN,STATE,FIELD CROPS,00,,ANNUAL,"CHEMICAL, HERBICIDE",9000,00000000
APPLICATIONS,,"CORN - APPLICATIONS, MEASURED IN LB / ACRE / YEAR, AVG",19,ALL PRODUCTION PRACTICES,,,"CHEMICAL, HERBICIDE: (CLOPYRALID = 117403)",IOWA,SURVEY,,,,ALL UTILIZATION PRACTICES,ALL CLASSES,2018-05-10 15:16:25.000,UNITED STATES,,IOWA,0.082,"LB / ACRE / YEAR, AVG",,2018,19,ENVIRONMENTAL,00,,YEAR,IA,,CORN,STATE,FIELD CROPS,00,,ANNUAL,"CHEMICAL, HERBICIDE",9000,00000000
APPLICATIONS,,"CORN - APPLICATIONS, MEASURED IN LB / ACRE / YEAR, AVG",19,ALL PRODUCTION PRACTICES,,,"CHEMICAL, HERBICIDE: (CLOPYRALID = 117403)",IOWA,SURVEY,,,,ALL UTILIZATION PRACTICES,ALL CLASSES,2016-08-31 14:19:39.000,UNITED STATES,,IOWA,0.082,"LB / ACRE / YEAR, AVG",,2016,19,ENVIRONMENTAL,00,,YEAR,IA,,CORN,STATE,FIELD CROPS,00,,ANNUAL,"CHEMICAL, HERBICIDE",9000,00000000
APPLICATIONS,,"CORN - APPLICATIONS, MEASURED IN LB / ACRE / YEAR, AVG",19,ALL PRODUCTION PRACTICES,,,"CHEMICAL, HERBICIDE: (CLOPYRALID = 117403)",IOWA,SURVEY,,,,ALL UTILIZATION PRACTICES,ALL CLASSES,2014-05-14 15:12:54.000,UNITED STATES,,IOWA,0.083,"LB / ACRE / YEAR, AVG",,2014,19,ENVIRONMENTAL,00,,YEAR,IA,,CORN,STATE,FIELD CROPS,00,,ANNUAL,"CHEMICAL, HERBICIDE",9000,00000000
APPLICATIONS,,"CORN - APPLICATIONS, MEASURED IN LB / ACRE / YEAR, AVG",19,ALL PRODUCTION PRACTICES,,,"CHEMICAL, HERBICIDE: (CLOPYRALID = 117403)",IOWA,SURVEY,,,,ALL UTILIZATION PRACTICES,ALL CLASSES,2012-01-01 00:00:00.000,UNITED STATES,,IOWA,0.085,"LB / ACRE / YEAR, AVG",,2010,19,ENVIRONMENTAL,00,,YEAR,IA,,CORN,STATE,FIELD CROPS,00,,ANNUAL,"CHEMICAL, HERBICIDE",9000,00000000
APPLICATIONS,,"CORN - APPLICATIONS, MEASURED IN LB / ACRE / YEAR, AVG",19,ALL PRODUCTION PRACTICES,,,"CHEMICAL, HERBICIDE: (CLOPYRALID = 117403)",IOWA,SURVEY,,,,ALL UTILIZATION PRACTICES,ALL CLASSES,2005-06-11 10:11:36.000,UNITED STATES,,IOWA,0.128,"LB / ACRE / YEAR, AVG",,2005,19,ENVIRONMENTAL,00,,YEAR,IA,,CORN,STATE,FIELD CROPS,00,,ANNUAL,"CHEMICAL, HERBICIDE",9000,00000000
APPLICATIONS,,"CORN - APPLICATIONS, MEASURED IN LB / ACRE / YEAR, AVG",19,ALL PRODUCTION PRACTICES,,,"CHEMICAL, HERBICIDE: (CLOPYRALID = 117403)",IOWA,SURVEY,,,,ALL UTILIZATION PRACTICES,ALL CLASSES,2003-06-11 10:11:36.000,UNITED STATES,,IOWA,0.1,"LB / ACRE / YEAR, AVG",,2003,19,ENVIRONMENTAL,00,,YEAR,IA,,CORN,STATE,FIELD CROPS,00,,ANNUAL,"CHEMICAL, HERBICIDE",9000,00000000
APPLICATIONS,,"CORN - APPLICATIONS, MEASURED IN LB / ACRE / YEAR, AVG",19,ALL PRODUCTION PRACTICES,,,"CHEMICAL, HERBICIDE: (CLOPYRALID = 117403)",IOWA,SURVEY,,,,ALL UTILIZATION PRACTICES,ALL CLASSES,2002-06-11 10:11:36.000,UNITED STATES,,IOWA,0.11,"LB / ACRE / YEAR, AVG",,2002,19,ENVIRONMENTAL,00,,YEAR,IA,,CORN,STATE,FIELD CROPS,00,,ANNUAL,"CHEMICAL, HERBICIDE",9000,00000000
APPLICATIONS,,"CORN - APPLICATIONS, MEASURED IN LB / ACRE / YEAR, AVG",19,ALL PRODUCTION PRACTICES,,,"CHEMICAL, HERBICIDE: (CLOPYRALID = 117403)",IOWA,SURVEY,,,,ALL UTILIZATION PRACTICES,ALL CLASSES,2001-06-11 10:11:36.000,UNITED STATES,,IOWA,0.1,"LB / ACRE / YEAR, AVG",,2001,19,ENVIRONMENTAL,00,,YEAR,IA,,CORN,STATE,FIELD CROPS,00,,ANNUAL,"CHEMICAL, HERBICIDE",9000,00000000
APPLICATIONS,,"CORN - APPLICATIONS, MEASURED IN LB / ACRE / YEAR, AVG",19,ALL PRODUCTION PRACTICES,,,"CHEMICAL, HERBICIDE: (CLOPYRALID = 117403)",IOWA,SURVEY,,,,ALL UTILIZATION PRACTICES,ALL CLASSES,2000-06-11 10:11:36.000,UNITED STATES,,IOWA,0.1,"LB / ACRE / YEAR, AVG",,2000,19,ENVIRONMENTAL,00,,YEAR,IA,,CORN,STATE,FIELD CROPS,00,,ANNUAL,"CHEMICAL, HERBICIDE",9000,00000000
APPLICATIONS,,"CORN - APPLICATIONS, MEASURED IN LB / ACRE / YEAR, AVG",19,ALL PRODUCTION PRACTICES,,,"CHEMICAL, HERBICIDE: (CLOPYRALID MONO SALT = 117401)",IOWA,SURVEY,,,,ALL UTILIZATION PRACTICES,ALL CLASSES,2021-05-13 15:00:30.000,UNITED STATES,,IOWA,                 (D),"LB / ACRE / YEAR, AVG",,2021,19,ENVIRONMENTAL,00,,YEAR,IA,,CORN,STATE,FIELD CROPS,00,,ANNUAL,"CHEMICAL, HERBICIDE",9000,00000000
APPLICATIONS,,"CORN - APPLICATIONS, MEASURED IN LB / ACRE / YEAR, AVG",19,ALL PRODUCTION PRACTICES,,,"CHEMICAL, HERBICIDE: (CLOPYRALID MONO SALT = 117401)",IOWA,SURVEY,,,,ALL UTILIZATION PRACTICES,ALL CLASSES,2018-05-10 15:16:25.000,UNITED STATES,,IOWA,0.09,"LB / ACRE / YEAR, AVG",,2018,19,ENVIRONMENTAL,00,,YEAR,IA,,CORN,STATE,FIELD CROPS,00,,ANNUAL,"CHEMICAL, HERBICIDE",9000,00000000
APPLICATIONS,,"CORN - APPLICATIONS, MEASURED IN LB / ACRE / YEAR, AVG",19,ALL PRODUCTION PRACTICES,,,"CHEMICAL, HERBICIDE: (CLOPYRALID MONO SALT = 117401)",IOWA,SURVEY,,,,ALL UTILIZATION PRACTICES,ALL CLASSES,2016-08-31 14:19:39.000,UNITED STATES,,IOWA,0.102,"LB / ACRE / YEAR, AVG",,2016,19,ENVIRONMENTAL,00,,YEAR,IA,,CORN,STATE,FIELD CROPS,00,,ANNUAL,"CHEMICAL, HERBICIDE",9000,00000000
APPLICATIONS,,"CORN - APPLICATIONS, MEASURED IN LB / ACRE / YEAR, AVG",19,ALL PRODUCTION PRACTICES,,,"CHEMICAL, HERBICIDE: (CLOPYRALID MONO SALT = 117401)",IOWA,SURVEY,,,,ALL UTILIZATION PRACTICES,ALL CLASSES,2014-05-14 15:12:54.000,UNITED STATES,,IOWA,                 (D),"LB / ACRE / YEAR, AVG",,2014,19,ENVIRONMENTAL,00,,YEAR,IA,,CORN,STATE,FIELD CROPS,00,,ANNUAL,"CHEMICAL, HERBICIDE",9000,00000000
APPLICATIONS,,"CORN - APPLICATIONS, MEASURED IN LB / ACRE / YEAR, AVG",19,ALL PRODUCTION PRACTICES,,,"CHEMICAL, HERBICIDE: (CLORANSULAM-METHYL = 129116)",IOWA,SURVEY,,,,ALL UTILIZATION PRACTICES,ALL CLASSES,2018-05-10 15:16:25.000,UNITED STATES,,IOWA,                 (D),"LB / ACRE / YEAR, AVG",,2018,19,ENVIRONMENTAL,00,,YEAR,IA,,CORN,STATE,FIELD CROPS,00,,ANNUAL,"CHEMICAL, HERBICIDE",9000,00000000
APPLICATIONS,,"CORN - APPLICATIONS, MEASURED IN LB / ACRE / YEAR, AVG",19,ALL PRODUCTION PRACTICES,,,"CHEMICAL, HERBICIDE: (CLORANSULAM-METHYL = 129116)",IOWA,SURVEY,,,,ALL UTILIZATION PRACTICES,ALL CLASSES,2014-05-14 15:12:54.000,UNITED STATES,,IOWA,                 (D),"LB / ACRE / YEAR, AVG",,2014,19,ENVIRONMENTAL,00,,YEAR,IA,,CORN,STATE,FIELD CROPS,00,,ANNUAL,"CHEMICAL, HERBICIDE",9000,00000000
APPLICATIONS,,"CORN - APPLICATIONS, MEASURED IN LB / ACRE / YEAR, AVG",19,ALL PRODUCTION PRACTICES,,,"CHEMICAL, HERBICIDE: (DICAMBA = 29801)",IOWA,SURVEY,,,,ALL UTILIZATION PRACTICES,ALL CLASSES,2018-05-10 15:16:25.000,UNITED STATES,,IOWA,                 (D),"LB / ACRE / YEAR, AVG",,2018,19,ENVIRONMENTAL,00,,YEAR,IA,,CORN,STATE,FIELD CROPS,00,,ANNUAL,"CHEMICAL, HERBICIDE",9000,00000000
APPLICATIONS,,"CORN - APPLICATIONS, MEASURED IN LB / ACRE / YEAR, AVG",19,ALL PRODUCTION PRACTICES,,,"CHEMICAL, HERBICIDE: (DICAMBA = 29801)",IOWA,SURVEY,,,,ALL UTILIZATION PRACTICES,ALL CLASSES,2014-05-14 15:12:54.000,UNITED STATES,,IOWA,                 (D),"LB / ACRE / YEAR, AVG",,2014,19,ENVIRONMENTAL,00,,YEAR,IA,,CORN,STATE,FIELD CROPS,00,,ANNUAL,"CHEMICAL, HERBICIDE",9000,00000000
APPLICATIONS,,"CORN - APPLICATIONS, MEASURED IN LB / ACRE / YEAR, AVG",19,ALL PRODUCTION PRACTICES,,,"CHEMICAL, HERBICIDE: (DICAMBA = 29801)",IOWA,SURVEY,,,,ALL UTILIZATION PRACTICES,ALL CLASSES,2003-06-11 10:11:36.000,UNITED STATES,,IOWA,0.19,"LB / ACRE / YEAR, AVG",,2003,19,ENVIRONMENTAL,00,,YEAR,IA,,CORN,STATE,FIELD CROPS,00,,ANNUAL,"CHEMICAL, HERBICIDE",9000,00000000
APPLICATIONS,,"CORN - APPLICATIONS, MEASURED IN LB / ACRE / YEAR, AVG",19,ALL PRODUCTION PRACTICES,,,"CHEMICAL, HERBICIDE: (DICAMBA = 29801)",IOWA,SURVEY,,,,ALL UTILIZATION PRACTICES,ALL CLASSES,2002-06-11 10:11:36.000,UNITED STATES,,IOWA,0.17,"LB / ACRE / YEAR, AVG",,2002,19,ENVIRONMENTAL,00,,YEAR,IA,,CORN,STATE,FIELD CROPS,00,,ANNUAL,"CHEMICAL, HERBICIDE",9000,00000000
APPLICATIONS,,"CORN - APPLICATIONS, MEASURED IN LB / ACRE / YEAR, AVG",19,ALL PRODUCTION PRACTICES,,,"CHEMICAL, HERBICIDE: (DICAMBA = 29801)",IOWA,SURVEY,,,,ALL UTILIZATION PRACTICES,ALL CLASSES,2001-06-11 10:11:36.000,UNITED STATES,,IOWA,0.21,"LB / ACRE / YEAR, AVG",,2001,19,ENVIRONMENTAL,00,,YEAR,IA,,CORN,STATE,FIELD CROPS,00,,ANNUAL,"CHEMICAL, HERBICIDE",9000,00000000
APPLICATIONS,,"CORN - APPLICATIONS, MEASURED IN LB / ACRE / YEAR, AVG",19,ALL PRODUCTION PRACTICES,,,"CHEMICAL, HERBICIDE: (DICAMBA = 29801)",IOWA,SURVEY,,,,ALL UTILIZATION PRACTICES,ALL CLASSES,2000-06-11 10:11:36.000,UNITED STATES,,IOWA,0.23,"LB / ACRE / YEAR, AVG",,2000,19,ENVIRONMENTAL,00,,YEAR,IA,,CORN,STATE,FIELD CROPS,00,,ANNUAL,"CHEMICAL, HERBICIDE",9000,00000000
APPLICATIONS,,"CORN - APPLICATIONS, MEASURED IN LB / ACRE / YEAR, AVG",19,ALL PRODUCTION PRACTICES,,,"CHEMICAL, HERBICIDE: (DICAMBA BAPMA SALT = 100094)",IOWA,SURVEY,,,,ALL UTILIZATION PRACTICES,ALL CLASSES,2018-05-10 15:16:25.000,UNITED STATES,,IOWA,                 (D),"LB / ACRE / YEAR, AVG",,2018,19,ENVIRONMENTAL,00,,YEAR,IA,,CORN,STATE,FIELD CROPS,00,,ANNUAL,"CHEMICAL, HERBICIDE",9000,00000000
APPLICATIONS,,"CORN - APPLICATIONS, MEASURED IN LB / ACRE / YEAR, AVG",19,ALL PRODUCTION PRACTICES,,,"CHEMICAL, HERBICIDE: (DICAMBA, DIGLY. SALT = 128931)",IOWA,SURVEY,,,,ALL UTILIZATION PRACTICES,ALL CLASSES,2021-05-13 15:00:30.000,UNITED STATES,,IOWA,0.202,"LB / ACRE / YEAR, AVG",,2021,19,ENVIRONMENTAL,00,,YEAR,IA,,CORN,STATE,FIELD CROPS,00,,ANNUAL,"CHEMICAL, HERBICIDE",9000,00000000
APPLICATIONS,,"CORN - APPLICATIONS, MEASURED IN LB / ACRE / YEAR, AVG",19,ALL PRODUCTION PRACTICES,,,"CHEMICAL, HERBICIDE: (DICAMBA, DIGLY. SALT = 128931)",IOWA,SURVEY,,,,ALL UTILIZATION PRACTICES,ALL CLASSES,2018-05-10 15:16:25.000,UNITED STATES,,IOWA,0.511,"LB / ACRE / YEAR, AVG",,2018,19,ENVIRONMENTAL,00,,YEAR,IA,,CORN,STATE,FIELD CROPS,00,,ANNUAL,"CHEMICAL, HERBICIDE",9000,00000000
APPLICATIONS,,"CORN - APPLICATIONS, MEASURED IN LB / ACRE / YEAR, AVG",19,ALL PRODUCTION PRACTICES,,,"CHEMICAL, HERBICIDE: (DICAMBA, DIGLY. SALT = 128931)",IOWA,SURVEY,,,,ALL UTILIZATION PRACTICES,ALL CLASSES,2016-08-31 14:19:39.000,UNITED STATES,,IOWA,                 (D),"LB / ACRE / YEAR, AVG",,2016,19,ENVIRONMENTAL,00,,YEAR,IA,,CORN,STATE,FIELD CROPS,00,,ANNUAL,"CHEMICAL, HERBICIDE",9000,00000000
APPLICATIONS,,"CORN - APPLICATIONS, MEASURED IN LB / ACRE / YEAR, AVG",19,ALL PRODUCTION PRACTICES,,,"CHEMICAL, HERBICIDE: (DICAMBA, DIMET. SALT = 29802)",IOWA,SURVEY,,,,ALL UTILIZATION PRACTICES,ALL CLASSES,2014-05-14 15:12:54.000,UNITED STATES,,IOWA,                 (D),"LB / ACRE / YEAR, AVG",,2014,19,ENVIRONMENTAL,00,,YEAR,IA,,CORN,STATE,FIELD CROPS,00,,ANNUAL,"CHEMICAL, HERBICIDE",9000,00000000
APPLICATIONS,,"CORN - APPLICATIONS, MEASURED IN LB / ACRE / YEAR, AVG",19,ALL PRODUCTION PRACTICES,,,"CHEMICAL, HERBICIDE: (DICAMBA, DIMET. SALT = 29802)",IOWA,SURVEY,,,,ALL UTILIZATION PRACTICES,ALL CLASSES,2003-06-11 10:11:36.000,UNITED STATES,,IOWA,0.1,"LB / ACRE / YEAR, AVG",,2003,19,ENVIRONMENTAL,00,,YEAR,IA,,CORN,STATE,FIELD CROPS,00,,ANNUAL,"CHEMICAL, HERBICIDE",9000,00000000
APPLICATIONS,,"CORN - APPLICATIONS, MEASURED IN LB / ACRE / YEAR, AVG",19,ALL PRODUCTION PRACTICES,,,"CHEMICAL, HERBICIDE: (DICAMBA, DIMET. SALT = 29802)",IOWA,SURVEY,,,,ALL UTILIZATION PRACTICES,ALL CLASSES,2002-06-11 10:11:36.000,UNITED STATES,,IOWA,0.13,"LB / ACRE / YEAR, AVG",,2002,19,ENVIRONMENTAL,00,,YEAR,IA,,CORN,STATE,FIELD CROPS,00,,ANNUAL,"CHEMICAL, HERBICIDE",9000,00000000
APPLICATIONS,,"CORN - APPLICATIONS, MEASURED IN LB / ACRE / YEAR, AVG",19,ALL PRODUCTION PRACTICES,,,"CHEMICAL, HERBICIDE: (DICAMBA, DIMET. SALT = 29802)",IOWA,SURVEY,,,,ALL UTILIZATION PRACTICES,ALL CLASSES,2001-06-11 10:11:36.000,UNITED STATES,,IOWA,0.09,"LB / ACRE / YEAR, AVG",,2001,19,ENVIRONMENTAL,00,,YEAR,IA,,CORN,STATE,FIELD CROPS,00,,ANNUAL,"CHEMICAL, HERBICIDE",9000,00000000
APPLICATIONS,,"CORN - APPLICATIONS, MEASURED IN LB / ACRE / YEAR, AVG",19,ALL PRODUCTION PRACTICES,,,"CHEMICAL, HERBICIDE: (DICAMBA, DIMET. SALT = 29802)",IOWA,SURVEY,,,,ALL UTILIZATION PRACTICES,ALL CLASSES,2000-06-11 10:11:36.000,UNITED STATES,,IOWA,0.06,"LB / ACRE / YEAR, AVG",,2000,19,ENVIRONMENTAL,00,,YEAR,IA,,CORN,STATE,FIELD CROPS,00,,ANNUAL,"CHEMICAL, HERBICIDE",9000,00000000
APPLICATIONS,,"CORN - APPLICATIONS, MEASURED IN LB / ACRE / YEAR, AVG",19,ALL PRODUCTION PRACTICES,,,"CHEMICAL, HERBICIDE: (DICAMBA, POT. SALT = 129043)",IOWA,SURVEY,,,,ALL UTILIZATION PRACTICES,ALL CLASSES,2005-06-11 10:11:36.000,UNITED STATES,,IOWA,0.391,"LB / ACRE / YEAR, AVG",,2005,19,ENVIRONMENTAL,00,,YEAR,IA,,CORN,STATE,FIELD CROPS,00,,ANNUAL,"CHEMICAL, HERBICIDE",9000,00000000
APPLICATIONS,,"CORN - APPLICATIONS, MEASURED IN LB / ACRE / YEAR, AVG",19,ALL PRODUCTION PRACTICES,,,"CHEMICAL, HERBICIDE: (DICAMBA, POT. SALT = 129043)",IOWA,SURVEY,,,,ALL UTILIZATION PRACTICES,ALL CLASSES,2002-06-11 10:11:36.000,UNITED STATES,,IOWA,0.31,"LB / ACRE / YEAR, AVG",,2002,19,ENVIRONMENTAL,00,,YEAR,IA,,CORN,STATE,FIELD CROPS,00,,ANNUAL,"CHEMICAL, HERBICIDE",9000,00000000
APPLICATIONS,,"CORN - APPLICATIONS, MEASURED IN LB / ACRE / YEAR, AVG",19,ALL PRODUCTION PRACTICES,,,"CHEMICAL, HERBICIDE: (DICAMBA, POT. SALT = 129043)",IOWA,SURVEY,,,,ALL UTILIZATION PRACTICES,ALL CLASSES,2001-06-11 10:11:36.000,UNITED STATES,,IOWA,0.35,"LB / ACRE / YEAR, AVG",,2001,19,ENVIRONMENTAL,00,,YEAR,IA,,CORN,STATE,FIELD CROPS,00,,ANNUAL,"CHEMICAL, HERBICIDE",9000,00000000
APPLICATIONS,,"CORN - APPLICATIONS, MEASURED IN LB / ACRE / YEAR, AVG",19,ALL PRODUCTION PRACTICES,,,"CHEMICAL, HERBICIDE: (DICAMBA, POT. SALT = 129043)",IOWA,SURVEY,,,,ALL UTILIZATION PRACTICES,ALL CLASSES,2000-06-11 10:11:36.000,UNITED STATES,,IOWA,0.37,"LB / ACRE / YEAR, AVG",,2000,19,ENVIRONMENTAL,00,,YEAR,IA,,CORN,STATE,FIELD CROPS,00,,ANNUAL,"CHEMICAL, HERBICIDE",9000,00000000
APPLICATIONS,,"CORN - APPLICATIONS, MEASURED IN LB / ACRE / YEAR, AVG",19,ALL PRODUCTION PRACTICES,,,"CHEMICAL, HERBICIDE: (DICAMBA, SODIUM SALT = 29806)",IOWA,SURVEY,,,,ALL UTILIZATION PRACTICES,ALL CLASSES,2021-05-13 15:00:30.000,UNITED STATES,,IOWA,                 (D),"LB / ACRE / YEAR, AVG",,2021,19,ENVIRONMENTAL,00,,YEAR,IA,,CORN,STATE,FIELD CROPS,00,,ANNUAL,"CHEMICAL, HERBICIDE",9000,00000000
APPLICATIONS,,"CORN - APPLICATIONS, MEASURED IN LB / ACRE / YEAR, AVG",19,ALL PRODUCTION PRACTICES,,,"CHEMICAL, HERBICIDE: (DICAMBA, SODIUM SALT = 29806)",IOWA,SURVEY,,,,ALL UTILIZATION PRACTICES,ALL CLASSES,2018-05-10 15:16:25.000,UNITED STATES,,IOWA,0.093,"LB / ACRE / YEAR, AVG",,2018,19,ENVIRONMENTAL,00,,YEAR,IA,,CORN,STATE,FIELD CROPS,00,,ANNUAL,"CHEMICAL, HERBICIDE",9000,00000000
APPLICATIONS,,"CORN - APPLICATIONS, MEASURED IN LB / ACRE / YEAR, AVG",19,ALL PRODUCTION PRACTICES,,,"CHEMICAL, HERBICIDE: (DICAMBA, SODIUM SALT = 29806)",IOWA,SURVEY,,,,ALL UTILIZATION PRACTICES,ALL CLASSES,2016-08-31 14:19:39.000,UNITED STATES,,IOWA,0.095,"LB / ACRE / YEAR, AVG",,2016,19,ENVIRONMENTAL,00,,YEAR,IA,,CORN,STATE,FIELD CROPS,00,,ANNUAL,"CHEMICAL, HERBICIDE",9000,00000000
APPLICATIONS,,"CORN - APPLICATIONS, MEASURED IN LB / ACRE / YEAR, AVG",19,ALL PRODUCTION PRACTICES,,,"CHEMICAL, HERBICIDE: (DICAMBA, SODIUM SALT = 29806)",IOWA,SURVEY,,,,ALL UTILIZATION PRACTICES,ALL CLASSES,2014-05-14 15:12:54.000,UNITED STATES,,IOWA,0.112,"LB / ACRE / YEAR, AVG",,2014,19,ENVIRONMENTAL,00,,YEAR,IA,,CORN,STATE,FIELD CROPS,00,,ANNUAL,"CHEMICAL, HERBICIDE",9000,00000000
APPLICATIONS,,"CORN - APPLICATIONS, MEASURED IN LB / ACRE / YEAR, AVG",19,ALL PRODUCTION PRACTICES,,,"CHEMICAL, HERBICIDE: (DICAMBA, SODIUM SALT = 29806)",IOWA,SURVEY,,,,ALL UTILIZATION PRACTICES,ALL CLASSES,2012-01-01 00:00:00.000,UNITED STATES,,IOWA,0.062,"LB / ACRE / YEAR, AVG",,2010,19,ENVIRONMENTAL,00,,YEAR,IA,,CORN,STATE,FIELD CROPS,00,,ANNUAL,"CHEMICAL, HERBICIDE",9000,00000000
APPLICATIONS,,"CORN - APPLICATIONS, MEASURED IN LB / ACRE / YEAR, AVG",19,ALL PRODUCTION PRACTICES,,,"CHEMICAL, HERBICIDE: (DICAMBA, SODIUM SALT = 29806)",IOWA,SURVEY,,,,ALL UTILIZATION PRACTICES,ALL CLASSES,2005-06-11 10:11:36.000,UNITED STATES,,IOWA,0.122,"LB / ACRE / YEAR, AVG",,2005,19,ENVIRONMENTAL,00,,YEAR,IA,,CORN,STATE,FIELD CROPS,00,,ANNUAL,"CHEMICAL, HERBICIDE",9000,00000000
APPLICATIONS,,"CORN - APPLICATIONS, MEASURED IN LB / ACRE / YEAR, AVG",19,ALL PRODUCTION PRACTICES,,,"CHEMICAL, HERBICIDE: (DICAMBA, SODIUM SALT = 29806)",IOWA,SURVEY,,,,ALL UTILIZATION PRACTICES,ALL CLASSES,2003-06-11 10:11:36.000,UNITED STATES,,IOWA,0.12,"LB / ACRE / YEAR, AVG",,2003,19,ENVIRONMENTAL,00,,YEAR,IA,,CORN,STATE,FIELD CROPS,00,,ANNUAL,"CHEMICAL, HERBICIDE",9000,00000000
APPLICATIONS,,"CORN - APPLICATIONS, MEASURED IN LB / ACRE / YEAR, AVG",19,ALL PRODUCTION PRACTICES,,,"CHEMICAL, HERBICIDE: (DIFLUFENZOPYR-SODIUM = 5107)",IOWA,SURVEY,,,,ALL UTILIZATION PRACTICES,ALL CLASSES,2021-05-13 15:00:30.000,UNITED STATES,,IOWA,                 (D),"LB / ACRE / YEAR, AVG",,2021,19,ENVIRONMENTAL,00,,YEAR,IA,,CORN,STATE,FIELD CROPS,00,,ANNUAL,"CHEMICAL, HERBICIDE",9000,00000000
APPLICATIONS,,"CORN - APPLICATIONS, MEASURED IN LB / ACRE / YEAR, AVG",19,ALL PRODUCTION PRACTICES,,,"CHEMICAL, HERBICIDE: (DIFLUFENZOPYR-SODIUM = 5107)",IOWA,SURVEY,,,,ALL UTILIZATION PRACTICES,ALL CLASSES,2018-05-10 15:16:25.000,UNITED STATES,,IOWA,0.037,"LB / ACRE / YEAR, AVG",,2018,19,ENVIRONMENTAL,00,,YEAR,IA,,CORN,STATE,FIELD CROPS,00,,ANNUAL,"CHEMICAL, HERBICIDE",9000,00000000
APPLICATIONS,,"CORN - APPLICATIONS, MEASURED IN LB / ACRE / YEAR, AVG",19,ALL PRODUCTION PRACTICES,,,"CHEMICAL, HERBICIDE: (DIFLUFENZOPYR-SODIUM = 5107)",IOWA,SURVEY,,,,ALL UTILIZATION PRACTICES,ALL CLASSES,2016-08-31 14:19:39.000,UNITED STATES,,IOWA,0.038,"LB / ACRE / YEAR, AVG",,2016,19,ENVIRONMENTAL,00,,YEAR,IA,,CORN,STATE,FIELD CROPS,00,,ANNUAL,"CHEMICAL, HERBICIDE",9000,00000000
APPLICATIONS,,"CORN - APPLICATIONS, MEASURED IN LB / ACRE / YEAR, AVG",19,ALL PRODUCTION PRACTICES,,,"CHEMICAL, HERBICIDE: (DIFLUFENZOPYR-SODIUM = 5107)",IOWA,SURVEY,,,,ALL UTILIZATION PRACTICES,ALL CLASSES,2014-05-14 15:12:54.000,UNITED STATES,,IOWA,0.045,"LB / ACRE / YEAR, AVG",,2014,19,ENVIRONMENTAL,00,,YEAR,IA,,CORN,STATE,FIELD CROPS,00,,ANNUAL,"CHEMICAL, HERBICIDE",9000,00000000
APPLICATIONS,,"CORN - APPLICATIONS, MEASURED IN LB / ACRE / YEAR, AVG",19,ALL PRODUCTION PRACTICES,,,"CHEMICAL, HERBICIDE: (DIFLUFENZOPYR-SODIUM = 5107)",IOWA,SURVEY,,,,ALL UTILIZATION PRACTICES,ALL CLASSES,2012-01-01 00:00:00.000,UNITED STATES,,IOWA,0.024,"LB / ACRE / YEAR, AVG",,2010,19,ENVIRONMENTAL,00,,YEAR,IA,,CORN,STATE,FIELD CROPS,00,,ANNUAL,"CHEMICAL, HERBICIDE",9000,00000000
APPLICATIONS,,"CORN - APPLICATIONS, MEASURED IN LB / ACRE / YEAR, AVG",19,ALL PRODUCTION PRACTICES,,,"CHEMICAL, HERBICIDE: (DIFLUFENZOPYR-SODIUM = 5107)",IOWA,SURVEY,,,,ALL UTILIZATION PRACTICES,ALL CLASSES,2005-06-11 10:11:36.000,UNITED STATES,,IOWA,0.049,"LB / ACRE / YEAR, AVG",,2005,19,ENVIRONMENTAL,00,,YEAR,IA,,CORN,STATE,FIELD CROPS,00,,ANNUAL,"CHEMICAL, HERBICIDE",9000,00000000
APPLICATIONS,,"CORN - APPLICATIONS, MEASURED IN LB / ACRE / YEAR, AVG",19,ALL PRODUCTION PRACTICES,,,"CHEMICAL, HERBICIDE: (DIFLUFENZOPYR-SODIUM = 5107)",IOWA,SURVEY,,,,ALL UTILIZATION PRACTICES,ALL CLASSES,2003-06-11 10:11:36.000,UNITED STATES,,IOWA,0.04,"LB / ACRE / YEAR, AVG",,2003,19,ENVIRONMENTAL,00,,YEAR,IA,,CORN,STATE,FIELD CROPS,00,,ANNUAL,"CHEMICAL, HERBICIDE",9000,00000000
APPLICATIONS,,"CORN - APPLICATIONS, MEASURED IN LB / ACRE / YEAR, AVG",19,ALL PRODUCTION PRACTICES,,,"CHEMICAL, HERBICIDE: (DIFLUFENZOPYR-SODIUM = 5107)",IOWA,SURVEY,,,,ALL UTILIZATION PRACTICES,ALL CLASSES,2002-06-11 10:11:36.000,UNITED STATES,,IOWA,0.05,"LB / ACRE / YEAR, AVG",,2002,19,ENVIRONMENTAL,00,,YEAR,IA,,CORN,STATE,FIELD CROPS,00,,ANNUAL,"CHEMICAL, HERBICIDE",9000,00000000
APPLICATIONS,,"CORN - APPLICATIONS, MEASURED IN LB / ACRE / YEAR, AVG",19,ALL PRODUCTION PRACTICES,,,"CHEMICAL, HERBICIDE: (DIFLUFENZOPYR-SODIUM = 5107)",IOWA,SURVEY,,,,ALL UTILIZATION PRACTICES,ALL CLASSES,2001-06-11 10:11:36.000,UNITED STATES,,IOWA,0.04,"LB / ACRE / YEAR, AVG",,2001,19,ENVIRONMENTAL,00,,YEAR,IA,,CORN,STATE,FIELD CROPS,00,,ANNUAL,"CHEMICAL, HERBICIDE",9000,00000000
APPLICATIONS,,"CORN - APPLICATIONS, MEASURED IN LB / ACRE / YEAR, AVG",19,ALL PRODUCTION PRACTICES,,,"CHEMICAL, HERBICIDE: (DIFLUFENZOPYR-SODIUM = 5107)",IOWA,SURVEY,,,,ALL UTILIZATION PRACTICES,ALL CLASSES,2000-06-11 10:11:36.000,UNITED STATES,,IOWA,0.03,"LB / ACRE / YEAR, AVG",,2000,19,ENVIRONMENTAL,00,,YEAR,IA,,CORN,STATE,FIELD CROPS,00,,ANNUAL,"CHEMICAL, HERBICIDE",9000,00000000
APPLICATIONS,,"CORN - APPLICATIONS, MEASURED IN LB / ACRE / YEAR, AVG",19,ALL PRODUCTION PRACTICES,,,"CHEMICAL, HERBICIDE: (DIMETHENAMID = 129051)",IOWA,SURVEY,,,,ALL UTILIZATION PRACTICES,ALL CLASSES,2014-05-14 15:12:54.000,UNITED STATES,,IOWA,                 (D),"LB / ACRE / YEAR, AVG",,2014,19,ENVIRONMENTAL,00,,YEAR,IA,,CORN,STATE,FIELD CROPS,00,,ANNUAL,"CHEMICAL, HERBICIDE",9000,00000000
APPLICATIONS,,"CORN - APPLICATIONS, MEASURED IN LB / ACRE / YEAR, AVG",19,ALL PRODUCTION PRACTICES,,,"CHEMICAL, HERBICIDE: (DIMETHENAMID = 129051)",IOWA,SURVEY,,,,ALL UTILIZATION PRACTICES,ALL CLASSES,2012-01-01 00:00:00.000,UNITED STATES,,IOWA,                 (D),"LB / ACRE / YEAR, AVG",,2010,19,ENVIRONMENTAL,00,,YEAR,IA,,CORN,STATE,FIELD CROPS,00,,ANNUAL,"CHEMICAL, HERBICIDE",9000,00000000
APPLICATIONS,,"CORN - APPLICATIONS, MEASURED IN LB / ACRE / YEAR, AVG",19,ALL PRODUCTION PRACTICES,,,"CHEMICAL, HERBICIDE: (DIMETHENAMID = 129051)",IOWA,SURVEY,,,,ALL UTILIZATION PRACTICES,ALL CLASSES,2002-06-11 10:11:36.000,UNITED STATES,,IOWA,1.16,"LB / ACRE / YEAR, AVG",,2002,19,ENVIRONMENTAL,00,,YEAR,IA,,CORN,STATE,FIELD CROPS,00,,ANNUAL,"CHEMICAL, HERBICIDE",9000,00000000
APPLICATIONS,,"CORN - APPLICATIONS, MEASURED IN LB / ACRE / YEAR, AVG",19,ALL PRODUCTION PRACTICES,,,"CHEMICAL, HERBICIDE: (DIMETHENAMID = 129051)",IOWA,SURVEY,,,,ALL UTILIZATION PRACTICES,ALL CLASSES,2001-06-11 10:11:36.000,UNITED STATES,,IOWA,0.8,"LB / ACRE / YEAR, AVG",,2001,19,ENVIRONMENTAL,00,,YEAR,IA,,CORN,STATE,FIELD CROPS,00,,ANNUAL,"CHEMICAL, HERBICIDE",9000,00000000
APPLICATIONS,,"CORN - APPLICATIONS, MEASURED IN LB / ACRE / YEAR, AVG",19,ALL PRODUCTION PRACTICES,,,"CHEMICAL, HERBICIDE: (DIMETHENAMID = 129051)",IOWA,SURVEY,,,,ALL UTILIZATION PRACTICES,ALL CLASSES,2000-06-11 10:11:36.000,UNITED STATES,,IOWA,1.18,"LB / ACRE / YEAR, AVG",,2000,19,ENVIRONMENTAL,00,,YEAR,IA,,CORN,STATE,FIELD CROPS,00,,ANNUAL,"CHEMICAL, HERBICIDE",9000,00000000
APPLICATIONS,,"CORN - APPLICATIONS, MEASURED IN LB / ACRE / YEAR, AVG",19,ALL PRODUCTION PRACTICES,,,"CHEMICAL, HERBICIDE: (DIMETHENAMID-P = 120051)",IOWA,SURVEY,,,,ALL UTILIZATION PRACTICES,ALL CLASSES,2021-05-13 15:00:30.000,UNITED STATES,,IOWA,                 (D),"LB / ACRE / YEAR, AVG",,2021,19,ENVIRONMENTAL,00,,YEAR,IA,,CORN,STATE,FIELD CROPS,00,,ANNUAL,"CHEMICAL, HERBICIDE",9000,00000000
APPLICATIONS,,"CORN - APPLICATIONS, MEASURED IN LB / ACRE / YEAR, AVG",19,ALL PRODUCTION PRACTICES,,,"CHEMICAL, HERBICIDE: (DIMETHENAMID-P = 120051)",IOWA,SURVEY,,,,ALL UTILIZATION PRACTICES,ALL CLASSES,2018-05-10 15:16:25.000,UNITED STATES,,IOWA,0.724,"LB / ACRE / YEAR, AVG",,2018,19,ENVIRONMENTAL,00,,YEAR,IA,,CORN,STATE,FIELD CROPS,00,,ANNUAL,"CHEMICAL, HERBICIDE",9000,00000000
APPLICATIONS,,"CORN - APPLICATIONS, MEASURED IN LB / ACRE / YEAR, AVG",19,ALL PRODUCTION PRACTICES,,,"CHEMICAL, HERBICIDE: (DIMETHENAMID-P = 120051)",IOWA,SURVEY,,,,ALL UTILIZATION PRACTICES,ALL CLASSES,2016-08-31 14:19:39.000,UNITED STATES,,IOWA,0.461,"LB / ACRE / YEAR, AVG",,2016,19,ENVIRONMENTAL,00,,YEAR,IA,,CORN,STATE,FIELD CROPS,00,,ANNUAL,"CHEMICAL, HERBICIDE",9000,00000000
APPLICATIONS,,"CORN - APPLICATIONS, MEASURED IN LB / ACRE / YEAR, AVG",19,ALL PRODUCTION PRACTICES,,,"CHEMICAL, HERBICIDE: (DIMETHENAMID-P = 120051)",IOWA,SURVEY,,,,ALL UTILIZATION PRACTICES,ALL CLASSES,2014-05-14 15:12:54.000,UNITED STATES,,IOWA,0.686,"LB / ACRE / YEAR, AVG",,2014,19,ENVIRONMENTAL,00,,YEAR,IA,,CORN,STATE,FIELD CROPS,00,,ANNUAL,"CHEMICAL, HERBICIDE",9000,00000000
APPLICATIONS,,"CORN - APPLICATIONS, MEASURED IN LB / ACRE / YEAR, AVG",19,ALL PRODUCTION PRACTICES,,,"CHEMICAL, HERBICIDE: (DIMETHENAMID-P = 120051)",IOWA,SURVEY,,,,ALL UTILIZATION PRACTICES,ALL CLASSES,2012-01-01 00:00:00.000,UNITED STATES,,IOWA,0.521,"LB / ACRE / YEAR, AVG",,2010,19,ENVIRONMENTAL,00,,YEAR,IA,,CORN,STATE,FIELD CROPS,00,,ANNUAL,"CHEMICAL, HERBICIDE",9000,00000000
APPLICATIONS,,"CORN - APPLICATIONS, MEASURED IN LB / ACRE / YEAR, AVG",19,ALL PRODUCTION PRACTICES,,,"CHEMICAL, HERBICIDE: (DIMETHENAMID-P = 120051)",IOWA,SURVEY,,,,ALL UTILIZATION PRACTICES,ALL CLASSES,2005-06-11 10:11:36.000,UNITED STATES,,IOWA,0.746,"LB / ACRE / YEAR, AVG",,2005,19,ENVIRONMENTAL,00,,YEAR,IA,,CORN,STATE,FIELD CROPS,00,,ANNUAL,"CHEMICAL, HERBICIDE",9000,00000000
APPLICATIONS,,"CORN - APPLICATIONS, MEASURED IN LB / ACRE / YEAR, AVG",19,ALL PRODUCTION PRACTICES,,,"CHEMICAL, HERBICIDE: (DIMETHENAMID-P = 120051)",IOWA,SURVEY,,,,ALL UTILIZATION PRACTICES,ALL CLASSES,2003-06-11 10:11:36.000,UNITED STATES,,IOWA,0.46,"LB / ACRE / YEAR, AVG",,2003,19,ENVIRONMENTAL,00,,YEAR,IA,,CORN,STATE,FIELD CROPS,00,,ANNUAL,"CHEMICAL, HERBICIDE",9000,00000000
APPLICATIONS,,"CORN - APPLICATIONS, MEASURED IN LB / ACRE / YEAR, AVG",19,ALL PRODUCTION PRACTICES,,,"CHEMICAL, HERBICIDE: (DIMETHENAMID-P = 120051)",IOWA,SURVEY,,,,ALL UTILIZATION PRACTICES,ALL CLASSES,2002-06-11 10:11:36.000,UNITED STATES,,IOWA,0.79,"LB / ACRE / YEAR, AVG",,2002,19,ENVIRONMENTAL,00,,YEAR,IA,,CORN,STATE,FIELD CROPS,00,,ANNUAL,"CHEMICAL, HERBICIDE",9000,00000000
APPLICATIONS,,"CORN - APPLICATIONS, MEASURED IN LB / ACRE / YEAR, AVG",19,ALL PRODUCTION PRACTICES,,,"CHEMICAL, HERBICIDE: (DIQUAT DIBROMIDE = 32201)",IOWA,SURVEY,,,,ALL UTILIZATION PRACTICES,ALL CLASSES,2018-05-10 15:16:25.000,UNITED STATES,,IOWA,                 (D),"LB / ACRE / YEAR, AVG",,2018,19,ENVIRONMENTAL,00,,YEAR,IA,,CORN,STATE,FIELD CROPS,00,,ANNUAL,"CHEMICAL, HERBICIDE",9000,00000000
APPLICATIONS,,"CORN - APPLICATIONS, MEASURED IN LB / ACRE / YEAR, AVG",19,ALL PRODUCTION PRACTICES,,,"CHEMICAL, HERBICIDE: (FLUFENACET = 121903)",IOWA,SURVEY,,,,ALL UTILIZATION PRACTICES,ALL CLASSES,2005-06-11 10:11:36.000,UNITED STATES,,IOWA,0.338,"LB / ACRE / YEAR, AVG",,2005,19,ENVIRONMENTAL,00,,YEAR,IA,,CORN,STATE,FIELD CROPS,00,,ANNUAL,"CHEMICAL, HERBICIDE",9000,00000000
APPLICATIONS,,"CORN - APPLICATIONS, MEASURED IN LB / ACRE / YEAR, AVG",19,ALL PRODUCTION PRACTICES,,,"CHEMICAL, HERBICIDE: (FLUFENACET = 121903)",IOWA,SURVEY,,,,ALL UTILIZATION PRACTICES,ALL CLASSES,2003-06-11 10:11:36.000,UNITED STATES,,IOWA,0.43,"LB / ACRE / YEAR, AVG",,2003,19,ENVIRONMENTAL,00,,YEAR,IA,,CORN,STATE,FIELD CROPS,00,,ANNUAL,"CHEMICAL, HERBICIDE",9000,00000000
APPLICATIONS,,"CORN - APPLICATIONS, MEASURED IN LB / ACRE / YEAR, AVG",19,ALL PRODUCTION PRACTICES,,,"CHEMICAL, HERBICIDE: (FLUFENACET = 121903)",IOWA,SURVEY,,,,ALL UTILIZATION PRACTICES,ALL CLASSES,2002-06-11 10:11:36.000,UNITED STATES,,IOWA,0.43,"LB / ACRE / YEAR, AVG",,2002,19,ENVIRONMENTAL,00,,YEAR,IA,,CORN,STATE,FIELD CROPS,00,,ANNUAL,"CHEMICAL, HERBICIDE",9000,00000000
APPLICATIONS,,"CORN - APPLICATIONS, MEASURED IN LB / ACRE / YEAR, AVG",19,ALL PRODUCTION PRACTICES,,,"CHEMICAL, HERBICIDE: (FLUFENACET = 121903)",IOWA,SURVEY,,,,ALL UTILIZATION PRACTICES,ALL CLASSES,2001-06-11 10:11:36.000,UNITED STATES,,IOWA,0.45,"LB / ACRE / YEAR, AVG",,2001,19,ENVIRONMENTAL,00,,YEAR,IA,,CORN,STATE,FIELD CROPS,00,,ANNUAL,"CHEMICAL, HERBICIDE",9000,00000000
APPLICATIONS,,"CORN - APPLICATIONS, MEASURED IN LB / ACRE / YEAR, AVG",19,ALL PRODUCTION PRACTICES,,,"CHEMICAL, HERBICIDE: (FLUMETSULAM = 129016)",IOWA,SURVEY,,,,ALL UTILIZATION PRACTICES,ALL CLASSES,2021-05-13 15:00:30.000,UNITED STATES,,IOWA,0.029,"LB / ACRE / YEAR, AVG",,2021,19,ENVIRONMENTAL,00,,YEAR,IA,,CORN,STATE,FIELD CROPS,00,,ANNUAL,"CHEMICAL, HERBICIDE",9000,00000000
APPLICATIONS,,"CORN - APPLICATIONS, MEASURED IN LB / ACRE / YEAR, AVG",19,ALL PRODUCTION PRACTICES,,,"CHEMICAL, HERBICIDE: (FLUMETSULAM = 129016)",IOWA,SURVEY,,,,ALL UTILIZATION PRACTICES,ALL CLASSES,2018-05-10 15:16:25.000,UNITED STATES,,IOWA,0.031,"LB / ACRE / YEAR, AVG",,2018,19,ENVIRONMENTAL,00,,YEAR,IA,,CORN,STATE,FIELD CROPS,00,,ANNUAL,"CHEMICAL, HERBICIDE",9000,00000000
APPLICATIONS,,"CORN - APPLICATIONS, MEASURED IN LB / ACRE / YEAR, AVG",19,ALL PRODUCTION PRACTICES,,,"CHEMICAL, HERBICIDE: (FLUMETSULAM = 129016)",IOWA,SURVEY,,,,ALL UTILIZATION PRACTICES,ALL CLASSES,2016-08-31 14:19:39.000,UNITED STATES,,IOWA,0.035,"LB / ACRE / YEAR, AVG",,2016,19,ENVIRONMENTAL,00,,YEAR,IA,,CORN,STATE,FIELD CROPS,00,,ANNUAL,"CHEMICAL, HERBICIDE",9000,00000000
APPLICATIONS,,"CORN - APPLICATIONS, MEASURED IN LB / ACRE / YEAR, AVG",19,ALL PRODUCTION PRACTICES,,,"CHEMICAL, HERBICIDE: (FLUMETSULAM = 129016)",IOWA,SURVEY,,,,ALL UTILIZATION PRACTICES,ALL CLASSES,2014-05-14 15:12:54.000,UNITED STATES,,IOWA,0.034,"LB / ACRE / YEAR, AVG",,2014,19,ENVIRONMENTAL,00,,YEAR,IA,,CORN,STATE,FIELD CROPS,00,,ANNUAL,"CHEMICAL, HERBICIDE",9000,00000000
APPLICATIONS,,"CORN - APPLICATIONS, MEASURED IN LB / ACRE / YEAR, AVG",19,ALL PRODUCTION PRACTICES,,,"CHEMICAL, HERBICIDE: (FLUMETSULAM = 129016)",IOWA,SURVEY,,,,ALL UTILIZATION PRACTICES,ALL CLASSES,2012-01-01 00:00:00.000,UNITED STATES,,IOWA,0.031,"LB / ACRE / YEAR, AVG",,2010,19,ENVIRONMENTAL,00,,YEAR,IA,,CORN,STATE,FIELD CROPS,00,,ANNUAL,"CHEMICAL, HERBICIDE",9000,00000000
APPLICATIONS,,"CORN - APPLICATIONS, MEASURED IN LB / ACRE / YEAR, AVG",19,ALL PRODUCTION PRACTICES,,,"CHEMICAL, HERBICIDE: (FLUMETSULAM = 129016)",IOWA,SURVEY,,,,ALL UTILIZATION PRACTICES,ALL CLASSES,2005-06-11 10:11:36.000,UNITED STATES,,IOWA,0.046,"LB / ACRE / YEAR, AVG",,2005,19,ENVIRONMENTAL,00,,YEAR,IA,,CORN,STATE,FIELD CROPS,00,,ANNUAL,"CHEMICAL, HERBICIDE",9000,00000000
APPLICATIONS,,"CORN - APPLICATIONS, MEASURED IN LB / ACRE / YEAR, AVG",19,ALL PRODUCTION PRACTICES,,,"CHEMICAL, HERBICIDE: (FLUMETSULAM = 129016)",IOWA,SURVEY,,,,ALL UTILIZATION PRACTICES,ALL CLASSES,2003-06-11 10:11:36.000,UNITED STATES,,IOWA,0.04,"LB / ACRE / YEAR, AVG",,2003,19,ENVIRONMENTAL,00,,YEAR,IA,,CORN,STATE,FIELD CROPS,00,,ANNUAL,"CHEMICAL, HERBICIDE",9000,00000000
APPLICATIONS,,"CORN - APPLICATIONS, MEASURED IN LB / ACRE / YEAR, AVG",19,ALL PRODUCTION PRACTICES,,,"CHEMICAL, HERBICIDE: (FLUMETSULAM = 129016)",IOWA,SURVEY,,,,ALL UTILIZATION PRACTICES,ALL CLASSES,2002-06-11 10:11:36.000,UNITED STATES,,IOWA,0.04,"LB / ACRE / YEAR, AVG",,2002,19,ENVIRONMENTAL,00,,YEAR,IA,,CORN,STATE,FIELD CROPS,00,,ANNUAL,"CHEMICAL, HERBICIDE",9000,00000000
APPLICATIONS,,"CORN - APPLICATIONS, MEASURED IN LB / ACRE / YEAR, AVG",19,ALL PRODUCTION PRACTICES,,,"CHEMICAL, HERBICIDE: (FLUMETSULAM = 129016)",IOWA,SURVEY,,,,ALL UTILIZATION PRACTICES,ALL CLASSES,2001-06-11 10:11:36.000,UNITED STATES,,IOWA,0.04,"LB / ACRE / YEAR, AVG",,2001,19,ENVIRONMENTAL,00,,YEAR,IA,,CORN,STATE,FIELD CROPS,00,,ANNUAL,"CHEMICAL, HERBICIDE",9000,00000000
APPLICATIONS,,"CORN - APPLICATIONS, MEASURED IN LB / ACRE / YEAR, AVG",19,ALL PRODUCTION PRACTICES,,,"CHEMICAL, HERBICIDE: (FLUMETSULAM = 129016)",IOWA,SURVEY,,,,ALL UTILIZATION PRACTICES,ALL CLASSES,2000-06-11 10:11:36.000,UNITED STATES,,IOWA,0.04,"LB / ACRE / YEAR, AVG",,2000,19,ENVIRONMENTAL,00,,YEAR,IA,,CORN,STATE,FIELD CROPS,00,,ANNUAL,"CHEMICAL, HERBICIDE",9000,00000000
APPLICATIONS,,"CORN - APPLICATIONS, MEASURED IN LB / ACRE / YEAR, AVG",19,ALL PRODUCTION PRACTICES,,,"CHEMICAL, HERBICIDE: (FLUMICLORAC-PENTYL = 128724)",IOWA,SURVEY,,,,ALL UTILIZATION PRACTICES,ALL CLASSES,2021-05-13 15:00:30.000,UNITED STATES,,IOWA,                 (D),"LB / ACRE / YEAR, AVG",,2021,19,ENVIRONMENTAL,00,,YEAR,IA,,CORN,STATE,FIELD CROPS,00,,ANNUAL,"CHEMICAL, HERBICIDE",9000,00000000
APPLICATIONS,,"CORN - APPLICATIONS, MEASURED IN LB / ACRE / YEAR, AVG",19,ALL PRODUCTION PRACTICES,,,"CHEMICAL, HERBICIDE: (FLUMICLORAC-PENTYL = 128724)",IOWA,SURVEY,,,,ALL UTILIZATION PRACTICES,ALL CLASSES,2012-01-01 00:00:00.000,UNITED STATES,,IOWA,                 (D),"LB / ACRE / YEAR, AVG",,2010,19,ENVIRONMENTAL,00,,YEAR,IA,,CORN,STATE,FIELD CROPS,00,,ANNUAL,"CHEMICAL, HERBICIDE",9000,00000000
APPLICATIONS,,"CORN - APPLICATIONS, MEASURED IN LB / ACRE / YEAR, AVG",19,ALL PRODUCTION PRACTICES,,,"CHEMICAL, HERBICIDE: (FLUMIOXAZIN = 129034)",IOWA,SURVEY,,,,ALL UTILIZATION PRACTICES,ALL CLASSES,2016-08-31 14:19:39.000,UNITED STATES,,IOWA,                 (D),"LB / ACRE / YEAR, AVG",,2016,19,ENVIRONMENTAL,00,,YEAR,IA,,CORN,STATE,FIELD CROPS,00,,ANNUAL,"CHEMICAL, HERBICIDE",9000,00000000
APPLICATIONS,,"CORN - APPLICATIONS, MEASURED IN LB / ACRE / YEAR, AVG",19,ALL PRODUCTION PRACTICES,,,"CHEMICAL, HERBICIDE: (FLUROXYPYR 1-MHE = 128968)",IOWA,SURVEY,,,,ALL UTILIZATION PRACTICES,ALL CLASSES,2014-05-14 15:12:54.000,UNITED STATES,,IOWA,                 (D),"LB / ACRE / YEAR, AVG",,2014,19,ENVIRONMENTAL,00,,YEAR,IA,,CORN,STATE,FIELD CROPS,00,,ANNUAL,"CHEMICAL, HERBICIDE",9000,00000000
APPLICATIONS,,"CORN - APPLICATIONS, MEASURED IN LB / ACRE / YEAR, AVG",19,ALL PRODUCTION PRACTICES,,,"CHEMICAL, HERBICIDE: (FLUTHIACET-METHYL = 108803)",IOWA,SURVEY,,,,ALL UTILIZATION PRACTICES,ALL CLASSES,2016-08-31 14:19:39.000,UNITED STATES,,IOWA,                 (D),"LB / ACRE / YEAR, AVG",,2016,19,ENVIRONMENTAL,00,,YEAR,IA,,CORN,STATE,FIELD CROPS,00,,ANNUAL,"CHEMICAL, HERBICIDE",9000,00000000
APPLICATIONS,,"CORN - APPLICATIONS, MEASURED IN LB / ACRE / YEAR, AVG",19,ALL PRODUCTION PRACTICES,,,"CHEMICAL, HERBICIDE: (FLUTHIACET-METHYL = 108803)",IOWA,SURVEY,,,,ALL UTILIZATION PRACTICES,ALL CLASSES,2014-05-14 15:12:54.000,UNITED STATES,,IOWA,                 (D),"LB / ACRE / YEAR, AVG",,2014,19,ENVIRONMENTAL,00,,YEAR,IA,,CORN,STATE,FIELD CROPS,00,,ANNUAL,"CHEMICAL, HERBICIDE",9000,00000000
APPLICATIONS,,"CORN - APPLICATIONS, MEASURED IN LB / ACRE / YEAR, AVG",19,ALL PRODUCTION PRACTICES,,,"CHEMICAL, HERBICIDE: (GLUFOSINATE-AMMONIUM = 128850)",IOWA,SURVEY,,,,ALL UTILIZATION PRACTICES,ALL CLASSES,2021-05-13 15:00:30.000,UNITED STATES,,IOWA,                 (D),"LB / ACRE / YEAR, AVG",,2021,19,ENVIRONMENTAL,00,,YEAR,IA,,CORN,STATE,FIELD CROPS,00,,ANNUAL,"CHEMICAL, HERBICIDE",9000,00000000
APPLICATIONS,,"CORN - APPLICATIONS, MEASURED IN LB / ACRE / YEAR, AVG",19,ALL PRODUCTION PRACTICES,,,"CHEMICAL, HERBICIDE: (GLUFOSINATE-AMMONIUM = 128850)",IOWA,SURVEY,,,,ALL UTILIZATION PRACTICES,ALL CLASSES,2018-05-10 15:16:25.000,UNITED STATES,,IOWA,                 (D),"LB / ACRE / YEAR, AVG",,2018,19,ENVIRONMENTAL,00,,YEAR,IA,,CORN,STATE,FIELD CROPS,00,,ANNUAL,"CHEMICAL, HERBICIDE",9000,00000000
APPLICATIONS,,"CORN - APPLICATIONS, MEASURED IN LB / ACRE / YEAR, AVG",19,ALL PRODUCTION PRACTICES,,,"CHEMICAL, HERBICIDE: (GLUFOSINATE-AMMONIUM = 128850)",IOWA,SURVEY,,,,ALL UTILIZATION PRACTICES,ALL CLASSES,2016-08-31 14:19:39.000,UNITED STATES,,IOWA,                 (D),"LB / ACRE / YEAR, AVG",,2016,19,ENVIRONMENTAL,00,,YEAR,IA,,CORN,STATE,FIELD CROPS,00,,ANNUAL,"CHEMICAL, HERBICIDE",9000,00000000
APPLICATIONS,,"CORN - APPLICATIONS, MEASURED IN LB / ACRE / YEAR, AVG",19,ALL PRODUCTION PRACTICES,,,"CHEMICAL, HERBICIDE: (GLUFOSINATE-AMMONIUM = 128850)",IOWA,SURVEY,,,,ALL UTILIZATION PRACTICES,ALL CLASSES,2014-05-14 15:12:54.000,UNITED STATES,,IOWA,0.444,"LB / ACRE / YEAR, AVG",,2014,19,ENVIRONMENTAL,00,,YEAR,IA,,CORN,STATE,FIELD CROPS,00,,ANNUAL,"CHEMICAL, HERBICIDE",9000,00000000
APPLICATIONS,,"CORN - APPLICATIONS, MEASURED IN LB / ACRE / YEAR, AVG",19,ALL PRODUCTION PRACTICES,,,"CHEMICAL, HERBICIDE: (GLUFOSINATE-AMMONIUM = 128850)",IOWA,SURVEY,,,,ALL UTILIZATION PRACTICES,ALL CLASSES,2012-01-01 00:00:00.000,UNITED STATES,,IOWA,0.32,"LB / ACRE / YEAR, AVG",,2010,19,ENVIRONMENTAL,00,,YEAR,IA,,CORN,STATE,FIELD CROPS,00,,ANNUAL,"CHEMICAL, HERBICIDE",9000,00000000
APPLICATIONS,,"CORN - APPLICATIONS, MEASURED IN LB / ACRE / YEAR, AVG",19,ALL PRODUCTION PRACTICES,,,"CHEMICAL, HERBICIDE: (GLUFOSINATE-AMMONIUM = 128850)",IOWA,SURVEY,,,,ALL UTILIZATION PRACTICES,ALL CLASSES,2005-06-11 10:11:36.000,UNITED STATES,,IOWA,0.398,"LB / ACRE / YEAR, AVG",,2005,19,ENVIRONMENTAL,00,,YEAR,IA,,CORN,STATE,FIELD CROPS,00,,ANNUAL,"CHEMICAL, HERBICIDE",9000,00000000
APPLICATIONS,,"CORN - APPLICATIONS, MEASURED IN LB / ACRE / YEAR, AVG",19,ALL PRODUCTION PRACTICES,,,"CHEMICAL, HERBICIDE: (GLUFOSINATE-AMMONIUM = 128850)",IOWA,SURVEY,,,,ALL UTILIZATION PRACTICES,ALL CLASSES,2003-06-11 10:11:36.000,UNITED STATES,,IOWA,0.29,"LB / ACRE / YEAR, AVG",,2003,19,ENVIRONMENTAL,00,,YEAR,IA,,CORN,STATE,FIELD CROPS,00,,ANNUAL,"CHEMICAL, HERBICIDE",9000,00000000
APPLICATIONS,,"CORN - APPLICATIONS, MEASURED IN LB / ACRE / YEAR, AVG",19,ALL PRODUCTION PRACTICES,,,"CHEMICAL, HERBICIDE: (GLUFOSINATE-AMMONIUM = 128850)",IOWA,SURVEY,,,,ALL UTILIZATION PRACTICES,ALL CLASSES,2002-06-11 10:11:36.000,UNITED STATES,,IOWA,0.32,"LB / ACRE / YEAR, AVG",,2002,19,ENVIRONMENTAL,00,,YEAR,IA,,CORN,STATE,FIELD CROPS,00,,ANNUAL,"CHEMICAL, HERBICIDE",9000,00000000
APPLICATIONS,,"CORN - APPLICATIONS, MEASURED IN LB / ACRE / YEAR, AVG",19,ALL PRODUCTION PRACTICES,,,"CHEMICAL, HERBICIDE: (GLUFOSINATE-AMMONIUM = 128850)",IOWA,SURVEY,,,,ALL UTILIZATION PRACTICES,ALL CLASSES,2001-06-11 10:11:36.000,UNITED STATES,,IOWA,0.33,"LB / ACRE / YEAR, AVG",,2001,19,ENVIRONMENTAL,00,,YEAR,IA,,CORN,STATE,FIELD CROPS,00,,ANNUAL,"CHEMICAL, HERBICIDE",9000,00000000
APPLICATIONS,,"CORN - APPLICATIONS, MEASURED IN LB / ACRE / YEAR, AVG",19,ALL PRODUCTION PRACTICES,,,"CHEMICAL, HERBICIDE: (GLUFOSINATE-AMMONIUM = 128850)",IOWA,SURVEY,,,,ALL UTILIZATION PRACTICES,ALL CLASSES,2000-06-11 10:11:36.000,UNITED STATES,,IOWA,0.32,"LB / ACRE / YEAR, AVG",,2000,19,ENVIRONMENTAL,00,,YEAR,IA,,CORN,STATE,FIELD CROPS,00,,ANNUAL,"CHEMICAL, HERBICIDE",9000,00000000
APPLICATIONS,,"CORN - APPLICATIONS, MEASURED IN LB / ACRE / YEAR, AVG",19,ALL PRODUCTION PRACTICES,,,"CHEMICAL, HERBICIDE: (GLYPHOSATE = 417300)",IOWA,SURVEY,,,,ALL UTILIZATION PRACTICES,ALL CLASSES,2021-05-13 15:00:30.000,UNITED STATES,,IOWA,0.738,"LB / ACRE / YEAR, AVG",,2021,19,ENVIRONMENTAL,00,,YEAR,IA,,CORN,STATE,FIELD CROPS,00,,ANNUAL,"CHEMICAL, HERBICIDE",9000,00000000
APPLICATIONS,,"CORN - APPLICATIONS, MEASURED IN LB / ACRE / YEAR, AVG",19,ALL PRODUCTION PRACTICES,,,"CHEMICAL, HERBICIDE: (GLYPHOSATE = 417300)",IOWA,SURVEY,,,,ALL UTILIZATION PRACTICES,ALL CLASSES,2018-05-10 15:16:25.000,UNITED STATES,,IOWA,0.964,"LB / ACRE / YEAR, AVG",,2018,19,ENVIRONMENTAL,00,,YEAR,IA,,CORN,STATE,FIELD CROPS,00,,ANNUAL,"CHEMICAL, HERBICIDE",9000,00000000
APPLICATIONS,,"CORN - APPLICATIONS, MEASURED IN LB / ACRE / YEAR, AVG",19,ALL PRODUCTION PRACTICES,,,"CHEMICAL, HERBICIDE: (GLYPHOSATE = 417300)",IOWA,SURVEY,,,,ALL UTILIZATION PRACTICES,ALL CLASSES,2016-08-31 14:19:39.000,UNITED STATES,,IOWA,0.944,"LB / ACRE / YEAR, AVG",,2016,19,ENVIRONMENTAL,00,,YEAR,IA,,CORN,STATE,FIELD CROPS,00,,ANNUAL,"CHEMICAL, HERBICIDE",9000,00000000
APPLICATIONS,,"CORN - APPLICATIONS, MEASURED IN LB / ACRE / YEAR, AVG",19,ALL PRODUCTION PRACTICES,,,"CHEMICAL, HERBICIDE: (GLYPHOSATE = 417300)",IOWA,SURVEY,,,,ALL UTILIZATION PRACTICES,ALL CLASSES,2014-05-14 15:12:54.000,UNITED STATES,,IOWA,0.918,"LB / ACRE / YEAR, AVG",,2014,19,ENVIRONMENTAL,00,,YEAR,IA,,CORN,STATE,FIELD CROPS,00,,ANNUAL,"CHEMICAL, HERBICIDE",9000,00000000
APPLICATIONS,,"CORN - APPLICATIONS, MEASURED IN LB / ACRE / YEAR, AVG",19,ALL PRODUCTION PRACTICES,,,"CHEMICAL, HERBICIDE: (GLYPHOSATE = 417300)",IOWA,SURVEY,,,,ALL UTILIZATION PRACTICES,ALL CLASSES,2012-01-01 00:00:00.000,UNITED STATES,,IOWA,0.951,"LB / ACRE / YEAR, AVG",,2010,19,ENVIRONMENTAL,00,,YEAR,IA,,CORN,STATE,FIELD CROPS,00,,ANNUAL,"CHEMICAL, HERBICIDE",9000,00000000
APPLICATIONS,,"CORN - APPLICATIONS, MEASURED IN LB / ACRE / YEAR, AVG",19,ALL PRODUCTION PRACTICES,,,"CHEMICAL, HERBICIDE: (GLYPHOSATE = 417300)",IOWA,SURVEY,,,,ALL UTILIZATION PRACTICES,ALL CLASSES,2003-06-11 10:11:36.000,UNITED STATES,,IOWA,0.85,"LB / ACRE / YEAR, AVG",,2003,19,ENVIRONMENTAL,00,,YEAR,IA,,CORN,STATE,FIELD CROPS,00,,ANNUAL,"CHEMICAL, HERBICIDE",9000,00000000
APPLICATIONS,,"CORN - APPLICATIONS, MEASURED IN LB / ACRE / YEAR, AVG",19,ALL PRODUCTION PRACTICES,,,"CHEMICAL, HERBICIDE: (GLYPHOSATE = 417300)",IOWA,SURVEY,,,,ALL UTILIZATION PRACTICES,ALL CLASSES,2002-06-11 10:11:36.000,UNITED STATES,,IOWA,0.69,"LB / ACRE / YEAR, AVG",,2002,19,ENVIRONMENTAL,00,,YEAR,IA,,CORN,STATE,FIELD CROPS,00,,ANNUAL,"CHEMICAL, HERBICIDE",9000,00000000
APPLICATIONS,,"CORN - APPLICATIONS, MEASURED IN LB / ACRE / YEAR, AVG",19,ALL PRODUCTION PRACTICES,,,"CHEMICAL, HERBICIDE: (GLYPHOSATE = 417300)",IOWA,SURVEY,,,,ALL UTILIZATION PRACTICES,ALL CLASSES,2001-06-11 10:11:36.000,UNITED STATES,,IOWA,0.74,"LB / ACRE / YEAR, AVG",,2001,19,ENVIRONMENTAL,00,,YEAR,IA,,CORN,STATE,FIELD CROPS,00,,ANNUAL,"CHEMICAL, HERBICIDE",9000,00000000
APPLICATIONS,,"CORN - APPLICATIONS, MEASURED IN LB / ACRE / YEAR, AVG",19,ALL PRODUCTION PRACTICES,,,"CHEMICAL, HERBICIDE: (GLYPHOSATE = 417300)",IOWA,SURVEY,,,,ALL UTILIZATION PRACTICES,ALL CLASSES,2000-06-11 10:11:36.000,UNITED STATES,,IOWA,0.55,"LB / ACRE / YEAR, AVG",,2000,19,ENVIRONMENTAL,00,,YEAR,IA,,CORN,STATE,FIELD CROPS,00,,ANNUAL,"CHEMICAL, HERBICIDE",9000,00000000
APPLICATIONS,,"CORN - APPLICATIONS, MEASURED IN LB / ACRE / YEAR, AVG",19,ALL PRODUCTION PRACTICES,,,"CHEMICAL, HERBICIDE: (GLYPHOSATE AMM. SALT = 103604)",IOWA,SURVEY,,,,ALL UTILIZATION PRACTICES,ALL CLASSES,2016-08-31 14:19:39.000,UNITED STATES,,IOWA,                 (D),"LB / ACRE / YEAR, AVG",,2016,19,ENVIRONMENTAL,00,,YEAR,IA,,CORN,STATE,FIELD CROPS,00,,ANNUAL,"CHEMICAL, HERBICIDE",9000,00000000
APPLICATIONS,,"CORN - APPLICATIONS, MEASURED IN LB / ACRE / YEAR, AVG",19,ALL PRODUCTION PRACTICES,,,"CHEMICAL, HERBICIDE: (GLYPHOSATE AMM. SALT = 103604)",IOWA,SURVEY,,,,ALL UTILIZATION PRACTICES,ALL CLASSES,2014-05-14 15:12:54.000,UNITED STATES,,IOWA,                 (D),"LB / ACRE / YEAR, AVG",,2014,19,ENVIRONMENTAL,00,,YEAR,IA,,CORN,STATE,FIELD CROPS,00,,ANNUAL,"CHEMICAL, HERBICIDE",9000,00000000
APPLICATIONS,,"CORN - APPLICATIONS, MEASURED IN LB / ACRE / YEAR, AVG",19,ALL PRODUCTION PRACTICES,,,"CHEMICAL, HERBICIDE: (GLYPHOSATE DIM. SALT = 103608)",IOWA,SURVEY,,,,ALL UTILIZATION PRACTICES,ALL CLASSES,2018-05-10 15:16:25.000,UNITED STATES,,IOWA,0.934,"LB / ACRE / YEAR, AVG",,2018,19,ENVIRONMENTAL,00,,YEAR,IA,,CORN,STATE,FIELD CROPS,00,,ANNUAL,"CHEMICAL, HERBICIDE",9000,00000000
APPLICATIONS,,"CORN - APPLICATIONS, MEASURED IN LB / ACRE / YEAR, AVG",19,ALL PRODUCTION PRACTICES,,,"CHEMICAL, HERBICIDE: (GLYPHOSATE DIM. SALT = 103608)",IOWA,SURVEY,,,,ALL UTILIZATION PRACTICES,ALL CLASSES,2016-08-31 14:19:39.000,UNITED STATES,,IOWA,1.337,"LB / ACRE / YEAR, AVG",,2016,19,ENVIRONMENTAL,00,,YEAR,IA,,CORN,STATE,FIELD CROPS,00,,ANNUAL,"CHEMICAL, HERBICIDE",9000,00000000
APPLICATIONS,,"CORN - APPLICATIONS, MEASURED IN LB / ACRE / YEAR, AVG",19,ALL PRODUCTION PRACTICES,,,"CHEMICAL, HERBICIDE: (GLYPHOSATE DIM. SALT = 103608)",IOWA,SURVEY,,,,ALL UTILIZATION PRACTICES,ALL CLASSES,2014-05-14 15:12:54.000,UNITED STATES,,IOWA,1.185,"LB / ACRE / YEAR, AVG",,2014,19,ENVIRONMENTAL,00,,YEAR,IA,,CORN,STATE,FIELD CROPS,00,,ANNUAL,"CHEMICAL, HERBICIDE",9000,00000000
APPLICATIONS,,"CORN - APPLICATIONS, MEASURED IN LB / ACRE / YEAR, AVG",19,ALL PRODUCTION PRACTICES,,,"CHEMICAL, HERBICIDE: (GLYPHOSATE ISO. SALT = 103601)",IOWA,SURVEY,,,,ALL UTILIZATION PRACTICES,ALL CLASSES,2021-05-13 15:00:30.000,UNITED STATES,,IOWA,0.805,"LB / ACRE / YEAR, AVG",,2021,19,ENVIRONMENTAL,00,,YEAR,IA,,CORN,STATE,FIELD CROPS,00,,ANNUAL,"CHEMICAL, HERBICIDE",9000,00000000
APPLICATIONS,,"CORN - APPLICATIONS, MEASURED IN LB / ACRE / YEAR, AVG",19,ALL PRODUCTION PRACTICES,,,"CHEMICAL, HERBICIDE: (GLYPHOSATE ISO. SALT = 103601)",IOWA,SURVEY,,,,ALL UTILIZATION PRACTICES,ALL CLASSES,2018-05-10 15:16:25.000,UNITED STATES,,IOWA,0.878,"LB / ACRE / YEAR, AVG",,2018,19,ENVIRONMENTAL,00,,YEAR,IA,,CORN,STATE,FIELD CROPS,00,,ANNUAL,"CHEMICAL, HERBICIDE",9000,00000000
APPLICATIONS,,"CORN - APPLICATIONS, MEASURED IN LB / ACRE / YEAR, AVG",19,ALL PRODUCTION PRACTICES,,,"CHEMICAL, HERBICIDE: (GLYPHOSATE ISO. SALT = 103601)",IOWA,SURVEY,,,,ALL UTILIZATION PRACTICES,ALL CLASSES,2016-08-31 14:19:39.000,UNITED STATES,,IOWA,0.858,"LB / ACRE / YEAR, AVG",,2016,19,ENVIRONMENTAL,00,,YEAR,IA,,CORN,STATE,FIELD CROPS,00,,ANNUAL,"CHEMICAL, HERBICIDE",9000,00000000
APPLICATIONS,,"CORN - APPLICATIONS, MEASURED IN LB / ACRE / YEAR, AVG",19,ALL PRODUCTION PRACTICES,,,"CHEMICAL, HERBICIDE: (GLYPHOSATE ISO. SALT = 103601)",IOWA,SURVEY,,,,ALL UTILIZATION PRACTICES,ALL CLASSES,2014-05-14 15:12:54.000,UNITED STATES,,IOWA,0.939,"LB / ACRE / YEAR, AVG",,2014,19,ENVIRONMENTAL,00,,YEAR,IA,,CORN,STATE,FIELD CROPS,00,,ANNUAL,"CHEMICAL, HERBICIDE",9000,00000000
APPLICATIONS,,"CORN - APPLICATIONS, MEASURED IN LB / ACRE / YEAR, AVG",19,ALL PRODUCTION PRACTICES,,,"CHEMICAL, HERBICIDE: (GLYPHOSATE ISO. SALT = 103601)",IOWA,SURVEY,,,,ALL UTILIZATION PRACTICES,ALL CLASSES,2012-01-01 00:00:00.000,UNITED STATES,,IOWA,0.979,"LB / ACRE / YEAR, AVG",,2010,19,ENVIRONMENTAL,00,,YEAR,IA,,CORN,STATE,FIELD CROPS,00,,ANNUAL,"CHEMICAL, HERBICIDE",9000,00000000
APPLICATIONS,,"CORN - APPLICATIONS, MEASURED IN LB / ACRE / YEAR, AVG",19,ALL PRODUCTION PRACTICES,,,"CHEMICAL, HERBICIDE: (GLYPHOSATE ISO. SALT = 103601)",IOWA,SURVEY,,,,ALL UTILIZATION PRACTICES,ALL CLASSES,2005-06-11 10:11:36.000,UNITED STATES,,IOWA,0.836,"LB / ACRE / YEAR, AVG",,2005,19,ENVIRONMENTAL,00,,YEAR,IA,,CORN,STATE,FIELD CROPS,00,,ANNUAL,"CHEMICAL, HERBICIDE",9000,00000000
APPLICATIONS,,"CORN - APPLICATIONS, MEASURED IN LB / ACRE / YEAR, AVG",19,ALL PRODUCTION PRACTICES,,,"CHEMICAL, HERBICIDE: (GLYPHOSATE POT. SALT = 103613)",IOWA,SURVEY,,,,ALL UTILIZATION PRACTICES,ALL CLASSES,2021-05-13 15:00:30.000,UNITED STATES,,IOWA,0.929,"LB / ACRE / YEAR, AVG",,2021,19,ENVIRONMENTAL,00,,YEAR,IA,,CORN,STATE,FIELD CROPS,00,,ANNUAL,"CHEMICAL, HERBICIDE",9000,00000000
APPLICATIONS,,"CORN - APPLICATIONS, MEASURED IN LB / ACRE / YEAR, AVG",19,ALL PRODUCTION PRACTICES,,,"CHEMICAL, HERBICIDE: (GLYPHOSATE POT. SALT = 103613)",IOWA,SURVEY,,,,ALL UTILIZATION PRACTICES,ALL CLASSES,2018-05-10 15:16:25.000,UNITED STATES,,IOWA,1.208,"LB / ACRE / YEAR, AVG",,2018,19,ENVIRONMENTAL,00,,YEAR,IA,,CORN,STATE,FIELD CROPS,00,,ANNUAL,"CHEMICAL, HERBICIDE",9000,00000000
APPLICATIONS,,"CORN - APPLICATIONS, MEASURED IN LB / ACRE / YEAR, AVG",19,ALL PRODUCTION PRACTICES,,,"CHEMICAL, HERBICIDE: (GLYPHOSATE POT. SALT = 103613)",IOWA,SURVEY,,,,ALL UTILIZATION PRACTICES,ALL CLASSES,2016-08-31 14:19:39.000,UNITED STATES,,IOWA,1.321,"LB / ACRE / YEAR, AVG",,2016,19,ENVIRONMENTAL,00,,YEAR,IA,,CORN,STATE,FIELD CROPS,00,,ANNUAL,"CHEMICAL, HERBICIDE",9000,00000000
APPLICATIONS,,"CORN - APPLICATIONS, MEASURED IN LB / ACRE / YEAR, AVG",19,ALL PRODUCTION PRACTICES,,,"CHEMICAL, HERBICIDE: (GLYPHOSATE POT. SALT = 103613)",IOWA,SURVEY,,,,ALL UTILIZATION PRACTICES,ALL CLASSES,2014-05-14 15:12:54.000,UNITED STATES,,IOWA,1.222,"LB / ACRE / YEAR, AVG",,2014,19,ENVIRONMENTAL,00,,YEAR,IA,,CORN,STATE,FIELD CROPS,00,,ANNUAL,"CHEMICAL, HERBICIDE",9000,00000000
APPLICATIONS,,"CORN - APPLICATIONS, MEASURED IN LB / ACRE / YEAR, AVG",19,ALL PRODUCTION PRACTICES,,,"CHEMICAL, HERBICIDE: (GLYPHOSATE POT. SALT = 103613)",IOWA,SURVEY,,,,ALL UTILIZATION PRACTICES,ALL CLASSES,2012-01-01 00:00:00.000,UNITED STATES,,IOWA,                 (D),"LB / ACRE / YEAR, AVG",,2010,19,ENVIRONMENTAL,00,,YEAR,IA,,CORN,STATE,FIELD CROPS,00,,ANNUAL,"CHEMICAL, HERBICIDE",9000,00000000
APPLICATIONS,,"CORN - APPLICATIONS, MEASURED IN LB / ACRE / YEAR, AVG",19,ALL PRODUCTION PRACTICES,,,"CHEMICAL, HERBICIDE: (IMAZAPYR = 128821)",IOWA,SURVEY,,,,ALL UTILIZATION PRACTICES,ALL CLASSES,2001-06-11 10:11:36.000,UNITED STATES,,IOWA,0.003,"LB / ACRE / YEAR, AVG",,2001,19,ENVIRONMENTAL,00,,YEAR,IA,,CORN,STATE,FIELD CROPS,00,,ANNUAL,"CHEMICAL, HERBICIDE",9000,00000000
APPLICATIONS,,"CORN - APPLICATIONS, MEASURED IN LB / ACRE / YEAR, AVG",19,ALL PRODUCTION PRACTICES,,,"CHEMICAL, HERBICIDE: (IMAZAPYR = 128821)",IOWA,SURVEY,,,,ALL UTILIZATION PRACTICES,ALL CLASSES,2000-06-11 10:11:36.000,UNITED STATES,,IOWA,0.002,"LB / ACRE / YEAR, AVG",,2000,19,ENVIRONMENTAL,00,,YEAR,IA,,CORN,STATE,FIELD CROPS,00,,ANNUAL,"CHEMICAL, HERBICIDE",9000,00000000
APPLICATIONS,,"CORN - APPLICATIONS, MEASURED IN LB / ACRE / YEAR, AVG",19,ALL PRODUCTION PRACTICES,,,"CHEMICAL, HERBICIDE: (IMAZAPYR, ISO. SALT = 128829)",IOWA,SURVEY,,,,ALL UTILIZATION PRACTICES,ALL CLASSES,2014-05-14 15:12:54.000,UNITED STATES,,IOWA,                 (D),"LB / ACRE / YEAR, AVG",,2014,19,ENVIRONMENTAL,00,,YEAR,IA,,CORN,STATE,FIELD CROPS,00,,ANNUAL,"CHEMICAL, HERBICIDE",9000,00000000
APPLICATIONS,,"CORN - APPLICATIONS, MEASURED IN LB / ACRE / YEAR, AVG",19,ALL PRODUCTION PRACTICES,,,"CHEMICAL, HERBICIDE: (IMAZETHAPYR = 128922)",IOWA,SURVEY,,,,ALL UTILIZATION PRACTICES,ALL CLASSES,2018-05-10 15:16:25.000,UNITED STATES,,IOWA,                 (D),"LB / ACRE / YEAR, AVG",,2018,19,ENVIRONMENTAL,00,,YEAR,IA,,CORN,STATE,FIELD CROPS,00,,ANNUAL,"CHEMICAL, HERBICIDE",9000,00000000
APPLICATIONS,,"CORN - APPLICATIONS, MEASURED IN LB / ACRE / YEAR, AVG",19,ALL PRODUCTION PRACTICES,,,"CHEMICAL, HERBICIDE: (IMAZETHAPYR = 128922)",IOWA,SURVEY,,,,ALL UTILIZATION PRACTICES,ALL CLASSES,2001-06-11 10:11:36.000,UNITED STATES,,IOWA,0.008,"LB / ACRE / YEAR, AVG",,2001,19,ENVIRONMENTAL,00,,YEAR,IA,,CORN,STATE,FIELD CROPS,00,,ANNUAL,"CHEMICAL, HERBICIDE",9000,00000000
APPLICATIONS,,"CORN - APPLICATIONS, MEASURED IN LB / ACRE / YEAR, AVG",19,ALL PRODUCTION PRACTICES,,,"CHEMICAL, HERBICIDE: (IMAZETHAPYR = 128922)",IOWA,SURVEY,,,,ALL UTILIZATION PRACTICES,ALL CLASSES,2000-06-11 10:11:36.000,UNITED STATES,,IOWA,0.007,"LB / ACRE / YEAR, AVG",,2000,19,ENVIRONMENTAL,00,,YEAR,IA,,CORN,STATE,FIELD CROPS,00,,ANNUAL,"CHEMICAL, HERBICIDE",9000,00000000
APPLICATIONS,,"CORN - APPLICATIONS, MEASURED IN LB / ACRE / YEAR, AVG",19,ALL PRODUCTION PRACTICES,,,"CHEMICAL, HERBICIDE: (ISOXAFLUTOLE = 123000)",IOWA,SURVEY,,,,ALL UTILIZATION PRACTICES,ALL CLASSES,2021-05-13 15:00:30.000,UNITED STATES,,IOWA,                 (D),"LB / ACRE / YEAR, AVG",,2021,19,ENVIRONMENTAL,00,,YEAR,IA,,CORN,STATE,FIELD CROPS,00,,ANNUAL,"CHEMICAL, HERBICIDE",9000,00000000
APPLICATIONS,,"CORN - APPLICATIONS, MEASURED IN LB / ACRE / YEAR, AVG",19,ALL PRODUCTION PRACTICES,,,"CHEMICAL, HERBICIDE: (ISOXAFLUTOLE = 123000)",IOWA,SURVEY,,,,ALL UTILIZATION PRACTICES,ALL CLASSES,2018-05-10 15:16:25.000,UNITED STATES,,IOWA,0.063,"LB / ACRE / YEAR, AVG",,2018,19,ENVIRONMENTAL,00,,YEAR,IA,,CORN,STATE,FIELD CROPS,00,,ANNUAL,"CHEMICAL, HERBICIDE",9000,00000000
APPLICATIONS,,"CORN - APPLICATIONS, MEASURED IN LB / ACRE / YEAR, AVG",19,ALL PRODUCTION PRACTICES,,,"CHEMICAL, HERBICIDE: (ISOXAFLUTOLE = 123000)",IOWA,SURVEY,,,,ALL UTILIZATION PRACTICES,ALL CLASSES,2016-08-31 14:19:39.000,UNITED STATES,,IOWA,0.055,"LB / ACRE / YEAR, AVG",,2016,19,ENVIRONMENTAL,00,,YEAR,IA,,CORN,STATE,FIELD CROPS,00,,ANNUAL,"CHEMICAL, HERBICIDE",9000,00000000
APPLICATIONS,,"CORN - APPLICATIONS, MEASURED IN LB / ACRE / YEAR, AVG",19,ALL PRODUCTION PRACTICES,,,"CHEMICAL, HERBICIDE: (ISOXAFLUTOLE = 123000)",IOWA,SURVEY,,,,ALL UTILIZATION PRACTICES,ALL CLASSES,2014-05-14 15:12:54.000,UNITED STATES,,IOWA,0.055,"LB / ACRE / YEAR, AVG",,2014,19,ENVIRONMENTAL,00,,YEAR,IA,,CORN,STATE,FIELD CROPS,00,,ANNUAL,"CHEMICAL, HERBICIDE",9000,00000000
APPLICATIONS,,"CORN - APPLICATIONS, MEASURED IN LB / ACRE / YEAR, AVG",19,ALL PRODUCTION PRACTICES,,,"CHEMICAL, HERBICIDE: (ISOXAFLUTOLE = 123000)",IOWA,SURVEY,,,,ALL UTILIZATION PRACTICES,ALL CLASSES,2012-01-01 00:00:00.000,UNITED STATES,,IOWA,0.068,"LB / ACRE / YEAR, AVG",,2010,19,ENVIRONMENTAL,00,,YEAR,IA,,CORN,STATE,FIELD CROPS,00,,ANNUAL,"CHEMICAL, HERBICIDE",9000,00000000
APPLICATIONS,,"CORN - APPLICATIONS, MEASURED IN LB / ACRE / YEAR, AVG",19,ALL PRODUCTION PRACTICES,,,"CHEMICAL, HERBICIDE: (ISOXAFLUTOLE = 123000)",IOWA,SURVEY,,,,ALL UTILIZATION PRACTICES,ALL CLASSES,2005-06-11 10:11:36.000,UNITED STATES,,IOWA,0.054,"LB / ACRE / YEAR, AVG",,2005,19,ENVIRONMENTAL,00,,YEAR,IA,,CORN,STATE,FIELD CROPS,00,,ANNUAL,"CHEMICAL, HERBICIDE",9000,00000000
APPLICATIONS,,"CORN - APPLICATIONS, MEASURED IN LB / ACRE / YEAR, AVG",19,ALL PRODUCTION PRACTICES,,,"CHEMICAL, HERBICIDE: (ISOXAFLUTOLE = 123000)",IOWA,SURVEY,,,,ALL UTILIZATION PRACTICES,ALL CLASSES,2003-06-11 10:11:36.000,UNITED STATES,,IOWA,0.07,"LB / ACRE / YEAR, AVG",,2003,19,ENVIRONMENTAL,00,,YEAR,IA,,CORN,STATE,FIELD CROPS,00,,ANNUAL,"CHEMICAL, HERBICIDE",9000,00000000
APPLICATIONS,,"CORN - APPLICATIONS, MEASURED IN LB / ACRE / YEAR, AVG",19,ALL PRODUCTION PRACTICES,,,"CHEMICAL, HERBICIDE: (ISOXAFLUTOLE = 123000)",IOWA,SURVEY,,,,ALL UTILIZATION PRACTICES,ALL CLASSES,2002-06-11 10:11:36.000,UNITED STATES,,IOWA,0.08,"LB / ACRE / YEAR, AVG",,2002,19,ENVIRONMENTAL,00,,YEAR,IA,,CORN,STATE,FIELD CROPS,00,,ANNUAL,"CHEMICAL, HERBICIDE",9000,00000000
APPLICATIONS,,"CORN - APPLICATIONS, MEASURED IN LB / ACRE / YEAR, AVG",19,ALL PRODUCTION PRACTICES,,,"CHEMICAL, HERBICIDE: (ISOXAFLUTOLE = 123000)",IOWA,SURVEY,,,,ALL UTILIZATION PRACTICES,ALL CLASSES,2001-06-11 10:11:36.000,UNITED STATES,,IOWA,0.09,"LB / ACRE / YEAR, AVG",,2001,19,ENVIRONMENTAL,00,,YEAR,IA,,CORN,STATE,FIELD CROPS,00,,ANNUAL,"CHEMICAL, HERBICIDE",9000,00000000
APPLICATIONS,,"CORN - APPLICATIONS, MEASURED IN LB / ACRE / YEAR, AVG",19,ALL PRODUCTION PRACTICES,,,"CHEMICAL, HERBICIDE: (ISOXAFLUTOLE = 123000)",IOWA,SURVEY,,,,ALL UTILIZATION PRACTICES,ALL CLASSES,2000-06-11 10:11:36.000,UNITED STATES,,IOWA,0.08,"LB / ACRE / YEAR, AVG",,2000,19,ENVIRONMENTAL,00,,YEAR,IA,,CORN,STATE,FIELD CROPS,00,,ANNUAL,"CHEMICAL, HERBICIDE",9000,00000000
APPLICATIONS,,"CORN - APPLICATIONS, MEASURED IN LB / ACRE / YEAR, AVG",19,ALL PRODUCTION PRACTICES,,,"CHEMICAL, HERBICIDE: (MCPA, SODIUM SALT = 30502)",IOWA,SURVEY,,,,ALL UTILIZATION PRACTICES,ALL CLASSES,2012-01-01 00:00:00.000,UNITED STATES,,IOWA,                 (D),"LB / ACRE / YEAR, AVG",,2010,19,ENVIRONMENTAL,00,,YEAR,IA,,CORN,STATE,FIELD CROPS,00,,ANNUAL,"CHEMICAL, HERBICIDE",9000,00000000
APPLICATIONS,,"CORN - APPLICATIONS, MEASURED IN LB / ACRE / YEAR, AVG",19,ALL PRODUCTION PRACTICES,,,"CHEMICAL, HERBICIDE: (MESOTRIONE = 122990)",IOWA,SURVEY,,,,ALL UTILIZATION PRACTICES,ALL CLASSES,2021-05-13 15:00:30.000,UNITED STATES,,IOWA,0.114,"LB / ACRE / YEAR, AVG",,2021,19,ENVIRONMENTAL,00,,YEAR,IA,,CORN,STATE,FIELD CROPS,00,,ANNUAL,"CHEMICAL, HERBICIDE",9000,00000000
APPLICATIONS,,"CORN - APPLICATIONS, MEASURED IN LB / ACRE / YEAR, AVG",19,ALL PRODUCTION PRACTICES,,,"CHEMICAL, HERBICIDE: (MESOTRIONE = 122990)",IOWA,SURVEY,,,,ALL UTILIZATION PRACTICES,ALL CLASSES,2018-05-10 15:16:25.000,UNITED STATES,,IOWA,0.109,"LB / ACRE / YEAR, AVG",,2018,19,ENVIRONMENTAL,00,,YEAR,IA,,CORN,STATE,FIELD CROPS,00,,ANNUAL,"CHEMICAL, HERBICIDE",9000,00000000
APPLICATIONS,,"CORN - APPLICATIONS, MEASURED IN LB / ACRE / YEAR, AVG",19,ALL PRODUCTION PRACTICES,,,"CHEMICAL, HERBICIDE: (MESOTRIONE = 122990)",IOWA,SURVEY,,,,ALL UTILIZATION PRACTICES,ALL CLASSES,2016-08-31 14:19:39.000,UNITED STATES,,IOWA,0.107,"LB / ACRE / YEAR, AVG",,2016,19,ENVIRONMENTAL,00,,YEAR,IA,,CORN,STATE,FIELD CROPS,00,,ANNUAL,"CHEMICAL, HERBICIDE",9000,00000000
APPLICATIONS,,"CORN - APPLICATIONS, MEASURED IN LB / ACRE / YEAR, AVG",19,ALL PRODUCTION PRACTICES,,,"CHEMICAL, HERBICIDE: (MESOTRIONE = 122990)",IOWA,SURVEY,,,,ALL UTILIZATION PRACTICES,ALL CLASSES,2014-05-14 15:12:54.000,UNITED STATES,,IOWA,0.119,"LB / ACRE / YEAR, AVG",,2014,19,ENVIRONMENTAL,00,,YEAR,IA,,CORN,STATE,FIELD CROPS,00,,ANNUAL,"CHEMICAL, HERBICIDE",9000,00000000
APPLICATIONS,,"CORN - APPLICATIONS, MEASURED IN LB / ACRE / YEAR, AVG",19,ALL PRODUCTION PRACTICES,,,"CHEMICAL, HERBICIDE: (MESOTRIONE = 122990)",IOWA,SURVEY,,,,ALL UTILIZATION PRACTICES,ALL CLASSES,2012-01-01 00:00:00.000,UNITED STATES,,IOWA,0.083,"LB / ACRE / YEAR, AVG",,2010,19,ENVIRONMENTAL,00,,YEAR,IA,,CORN,STATE,FIELD CROPS,00,,ANNUAL,"CHEMICAL, HERBICIDE",9000,00000000
APPLICATIONS,,"CORN - APPLICATIONS, MEASURED IN LB / ACRE / YEAR, AVG",19,ALL PRODUCTION PRACTICES,,,"CHEMICAL, HERBICIDE: (MESOTRIONE = 122990)",IOWA,SURVEY,,,,ALL UTILIZATION PRACTICES,ALL CLASSES,2005-06-11 10:11:36.000,UNITED STATES,,IOWA,0.108,"LB / ACRE / YEAR, AVG",,2005,19,ENVIRONMENTAL,00,,YEAR,IA,,CORN,STATE,FIELD CROPS,00,,ANNUAL,"CHEMICAL, HERBICIDE",9000,00000000
APPLICATIONS,,"CORN - APPLICATIONS, MEASURED IN LB / ACRE / YEAR, AVG",19,ALL PRODUCTION PRACTICES,,,"CHEMICAL, HERBICIDE: (MESOTRIONE = 122990)",IOWA,SURVEY,,,,ALL UTILIZATION PRACTICES,ALL CLASSES,2003-06-11 10:11:36.000,UNITED STATES,,IOWA,0.09,"LB / ACRE / YEAR, AVG",,2003,19,ENVIRONMENTAL,00,,YEAR,IA,,CORN,STATE,FIELD CROPS,00,,ANNUAL,"CHEMICAL, HERBICIDE",9000,00000000
APPLICATIONS,,"CORN - APPLICATIONS, MEASURED IN LB / ACRE / YEAR, AVG",19,ALL PRODUCTION PRACTICES,,,"CHEMICAL, HERBICIDE: (MESOTRIONE = 122990)",IOWA,SURVEY,,,,ALL UTILIZATION PRACTICES,ALL CLASSES,2002-06-11 10:11:36.000,UNITED STATES,,IOWA,0.08,"LB / ACRE / YEAR, AVG",,2002,19,ENVIRONMENTAL,00,,YEAR,IA,,CORN,STATE,FIELD CROPS,00,,ANNUAL,"CHEMICAL, HERBICIDE",9000,00000000
APPLICATIONS,,"CORN - APPLICATIONS, MEASURED IN LB / ACRE / YEAR, AVG",19,ALL PRODUCTION PRACTICES,,,"CHEMICAL, HERBICIDE: (METOLACHLOR = 108801)",IOWA,SURVEY,,,,ALL UTILIZATION PRACTICES,ALL CLASSES,2021-05-13 15:00:30.000,UNITED STATES,,IOWA,                 (D),"LB / ACRE / YEAR, AVG",,2021,19,ENVIRONMENTAL,00,,YEAR,IA,,CORN,STATE,FIELD CROPS,00,,ANNUAL,"CHEMICAL, HERBICIDE",9000,00000000
APPLICATIONS,,"CORN - APPLICATIONS, MEASURED IN LB / ACRE / YEAR, AVG",19,ALL PRODUCTION PRACTICES,,,"CHEMICAL, HERBICIDE: (METOLACHLOR = 108801)",IOWA,SURVEY,,,,ALL UTILIZATION PRACTICES,ALL CLASSES,2018-05-10 15:16:25.000,UNITED STATES,,IOWA,                 (D),"LB / ACRE / YEAR, AVG",,2018,19,ENVIRONMENTAL,00,,YEAR,IA,,CORN,STATE,FIELD CROPS,00,,ANNUAL,"CHEMICAL, HERBICIDE",9000,00000000
APPLICATIONS,,"CORN - APPLICATIONS, MEASURED IN LB / ACRE / YEAR, AVG",19,ALL PRODUCTION PRACTICES,,,"CHEMICAL, HERBICIDE: (METOLACHLOR = 108801)",IOWA,SURVEY,,,,ALL UTILIZATION PRACTICES,ALL CLASSES,2016-08-31 14:19:39.000,UNITED STATES,,IOWA,                 (D),"LB / ACRE / YEAR, AVG",,2016,19,ENVIRONMENTAL,00,,YEAR,IA,,CORN,STATE,FIELD CROPS,00,,ANNUAL,"CHEMICAL, HERBICIDE",9000,00000000
APPLICATIONS,,"CORN - APPLICATIONS, MEASURED IN LB / ACRE / YEAR, AVG",19,ALL PRODUCTION PRACTICES,,,"CHEMICAL, HERBICIDE: (METOLACHLOR = 108801)",IOWA,SURVEY,,,,ALL UTILIZATION PRACTICES,ALL CLASSES,2014-05-14 15:12:54.000,UNITED STATES,,IOWA,                 (D),"LB / ACRE / YEAR, AVG",,2014,19,ENVIRONMENTAL,00,,YEAR,IA,,CORN,STATE,FIELD CROPS,00,,ANNUAL,"CHEMICAL, HERBICIDE",9000,00000000
APPLICATIONS,,"CORN - APPLICATIONS, MEASURED IN LB / ACRE / YEAR, AVG",19,ALL PRODUCTION PRACTICES,,,"CHEMICAL, HERBICIDE: (METOLACHLOR = 108801)",IOWA,SURVEY,,,,ALL UTILIZATION PRACTICES,ALL CLASSES,2003-06-11 10:11:36.000,UNITED STATES,,IOWA,1.91,"LB / ACRE / YEAR, AVG",,2003,19,ENVIRONMENTAL,00,,YEAR,IA,,CORN,STATE,FIELD CROPS,00,,ANNUAL,"CHEMICAL, HERBICIDE",9000,00000000
APPLICATIONS,,"CORN - APPLICATIONS, MEASURED IN LB / ACRE / YEAR, AVG",19,ALL PRODUCTION PRACTICES,,,"CHEMICAL, HERBICIDE: (METOLACHLOR = 108801)",IOWA,SURVEY,,,,ALL UTILIZATION PRACTICES,ALL CLASSES,2002-06-11 10:11:36.000,UNITED STATES,,IOWA,1.83,"LB / ACRE / YEAR, AVG",,2002,19,ENVIRONMENTAL,00,,YEAR,IA,,CORN,STATE,FIELD CROPS,00,,ANNUAL,"CHEMICAL, HERBICIDE",9000,00000000
APPLICATIONS,,"CORN - APPLICATIONS, MEASURED IN LB / ACRE / YEAR, AVG",19,ALL PRODUCTION PRACTICES,,,"CHEMICAL, HERBICIDE: (METOLACHLOR = 108801)",IOWA,SURVEY,,,,ALL UTILIZATION PRACTICES,ALL CLASSES,2001-06-11 10:11:36.000,UNITED STATES,,IOWA,1.88,"LB / ACRE / YEAR, AVG",,2001,19,ENVIRONMENTAL,00,,YEAR,IA,,CORN,STATE,FIELD CROPS,00,,ANNUAL,"CHEMICAL, HERBICIDE",9000,00000000
APPLICATIONS,,"CORN - APPLICATIONS, MEASURED IN LB / ACRE / YEAR, AVG",19,ALL PRODUCTION PRACTICES,,,"CHEMICAL, HERBICIDE: (METOLACHLOR = 108801)",IOWA,SURVEY,,,,ALL UTILIZATION PRACTICES,ALL CLASSES,2000-06-11 10:11:36.000,UNITED STATES,,IOWA,1.97,"LB / ACRE / YEAR, AVG",,2000,19,ENVIRONMENTAL,00,,YEAR,IA,,CORN,STATE,FIELD CROPS,00,,ANNUAL,"CHEMICAL, HERBICIDE",9000,00000000
APPLICATIONS,,"CORN - APPLICATIONS, MEASURED IN LB / ACRE / YEAR, AVG",19,ALL PRODUCTION PRACTICES,,,"CHEMICAL, HERBICIDE: (METRIBUZIN = 101101)",IOWA,SURVEY,,,,ALL UTILIZATION PRACTICES,ALL CLASSES,2018-05-10 15:16:25.000,UNITED STATES,,IOWA,                 (D),"LB / ACRE / YEAR, AVG",,2018,19,ENVIRONMENTAL,00,,YEAR,IA,,CORN,STATE,FIELD CROPS,00,,ANNUAL,"CHEMICAL, HERBICIDE",9000,00000000
APPLICATIONS,,"CORN - APPLICATIONS, MEASURED IN LB / ACRE / YEAR, AVG",19,ALL PRODUCTION PRACTICES,,,"CHEMICAL, HERBICIDE: (NICOSULFURON = 129008)",IOWA,SURVEY,,,,ALL UTILIZATION PRACTICES,ALL CLASSES,2018-05-10 15:16:25.000,UNITED STATES,,IOWA,                 (D),"LB / ACRE / YEAR, AVG",,2018,19,ENVIRONMENTAL,00,,YEAR,IA,,CORN,STATE,FIELD CROPS,00,,ANNUAL,"CHEMICAL, HERBICIDE",9000,00000000
APPLICATIONS,,"CORN - APPLICATIONS, MEASURED IN LB / ACRE / YEAR, AVG",19,ALL PRODUCTION PRACTICES,,,"CHEMICAL, HERBICIDE: (NICOSULFURON = 129008)",IOWA,SURVEY,,,,ALL UTILIZATION PRACTICES,ALL CLASSES,2014-05-14 15:12:54.000,UNITED STATES,,IOWA,                 (D),"LB / ACRE / YEAR, AVG",,2014,19,ENVIRONMENTAL,00,,YEAR,IA,,CORN,STATE,FIELD CROPS,00,,ANNUAL,"CHEMICAL, HERBICIDE",9000,00000000
APPLICATIONS,,"CORN - APPLICATIONS, MEASURED IN LB / ACRE / YEAR, AVG",19,ALL PRODUCTION PRACTICES,,,"CHEMICAL, HERBICIDE: (NICOSULFURON = 129008)",IOWA,SURVEY,,,,ALL UTILIZATION PRACTICES,ALL CLASSES,2012-01-01 00:00:00.000,UNITED STATES,,IOWA,                 (D),"LB / ACRE / YEAR, AVG",,2010,19,ENVIRONMENTAL,00,,YEAR,IA,,CORN,STATE,FIELD CROPS,00,,ANNUAL,"CHEMICAL, HERBICIDE",9000,00000000
APPLICATIONS,,"CORN - APPLICATIONS, MEASURED IN LB / ACRE / YEAR, AVG",19,ALL PRODUCTION PRACTICES,,,"CHEMICAL, HERBICIDE: (NICOSULFURON = 129008)",IOWA,SURVEY,,,,ALL UTILIZATION PRACTICES,ALL CLASSES,2005-06-11 10:11:36.000,UNITED STATES,,IOWA,0.022,"LB / ACRE / YEAR, AVG",,2005,19,ENVIRONMENTAL,00,,YEAR,IA,,CORN,STATE,FIELD CROPS,00,,ANNUAL,"CHEMICAL, HERBICIDE",9000,00000000
APPLICATIONS,,"CORN - APPLICATIONS, MEASURED IN LB / ACRE / YEAR, AVG",19,ALL PRODUCTION PRACTICES,,,"CHEMICAL, HERBICIDE: (NICOSULFURON = 129008)",IOWA,SURVEY,,,,ALL UTILIZATION PRACTICES,ALL CLASSES,2003-06-11 10:11:36.000,UNITED STATES,,IOWA,0.02,"LB / ACRE / YEAR, AVG",,2003,19,ENVIRONMENTAL,00,,YEAR,IA,,CORN,STATE,FIELD CROPS,00,,ANNUAL,"CHEMICAL, HERBICIDE",9000,00000000
APPLICATIONS,,"CORN - APPLICATIONS, MEASURED IN LB / ACRE / YEAR, AVG",19,ALL PRODUCTION PRACTICES,,,"CHEMICAL, HERBICIDE: (NICOSULFURON = 129008)",IOWA,SURVEY,,,,ALL UTILIZATION PRACTICES,ALL CLASSES,2002-06-11 10:11:36.000,UNITED STATES,,IOWA,0.02,"LB / ACRE / YEAR, AVG",,2002,19,ENVIRONMENTAL,00,,YEAR,IA,,CORN,STATE,FIELD CROPS,00,,ANNUAL,"CHEMICAL, HERBICIDE",9000,00000000
APPLICATIONS,,"CORN - APPLICATIONS, MEASURED IN LB / ACRE / YEAR, AVG",19,ALL PRODUCTION PRACTICES,,,"CHEMICAL, HERBICIDE: (NICOSULFURON = 129008)",IOWA,SURVEY,,,,ALL UTILIZATION PRACTICES,ALL CLASSES,2001-06-11 10:11:36.000,UNITED STATES,,IOWA,0.02,"LB / ACRE / YEAR, AVG",,2001,19,ENVIRONMENTAL,00,,YEAR,IA,,CORN,STATE,FIELD CROPS,00,,ANNUAL,"CHEMICAL, HERBICIDE",9000,00000000
APPLICATIONS,,"CORN - APPLICATIONS, MEASURED IN LB / ACRE / YEAR, AVG",19,ALL PRODUCTION PRACTICES,,,"CHEMICAL, HERBICIDE: (NICOSULFURON = 129008)",IOWA,SURVEY,,,,ALL UTILIZATION PRACTICES,ALL CLASSES,2000-06-11 10:11:36.000,UNITED STATES,,IOWA,0.02,"LB / ACRE / YEAR, AVG",,2000,19,ENVIRONMENTAL,00,,YEAR,IA,,CORN,STATE,FIELD CROPS,00,,ANNUAL,"CHEMICAL, HERBICIDE",9000,00000000
APPLICATIONS,,"CORN - APPLICATIONS, MEASURED IN LB / ACRE / YEAR, AVG",19,ALL PRODUCTION PRACTICES,,,"CHEMICAL, HERBICIDE: (PARAQUAT = 61601)",IOWA,SURVEY,,,,ALL UTILIZATION PRACTICES,ALL CLASSES,2016-08-31 14:19:39.000,UNITED STATES,,IOWA,                 (D),"LB / ACRE / YEAR, AVG",,2016,19,ENVIRONMENTAL,00,,YEAR,IA,,CORN,STATE,FIELD CROPS,00,,ANNUAL,"CHEMICAL, HERBICIDE",9000,00000000
APPLICATIONS,,"CORN - APPLICATIONS, MEASURED IN LB / ACRE / YEAR, AVG",19,ALL PRODUCTION PRACTICES,,,"CHEMICAL, HERBICIDE: (PARAQUAT = 61601)",IOWA,SURVEY,,,,ALL UTILIZATION PRACTICES,ALL CLASSES,2014-05-14 15:12:54.000,UNITED STATES,,IOWA,                 (D),"LB / ACRE / YEAR, AVG",,2014,19,ENVIRONMENTAL,00,,YEAR,IA,,CORN,STATE,FIELD CROPS,00,,ANNUAL,"CHEMICAL, HERBICIDE",9000,00000000
APPLICATIONS,,"CORN - APPLICATIONS, MEASURED IN LB / ACRE / YEAR, AVG",19,ALL PRODUCTION PRACTICES,,,"CHEMICAL, HERBICIDE: (PENDIMETHALIN = 108501)",IOWA,SURVEY,,,,ALL UTILIZATION PRACTICES,ALL CLASSES,2012-01-01 00:00:00.000,UNITED STATES,,IOWA,                 (D),"LB / ACRE / YEAR, AVG",,2010,19,ENVIRONMENTAL,00,,YEAR,IA,,CORN,STATE,FIELD CROPS,00,,ANNUAL,"CHEMICAL, HERBICIDE",9000,00000000
APPLICATIONS,,"CORN - APPLICATIONS, MEASURED IN LB / ACRE / YEAR, AVG",19,ALL PRODUCTION PRACTICES,,,"CHEMICAL, HERBICIDE: (PRIMISULFURON = 128973)",IOWA,SURVEY,,,,ALL UTILIZATION PRACTICES,ALL CLASSES,2014-05-14 15:12:54.000,UNITED STATES,,IOWA,                 (D),"LB / ACRE / YEAR, AVG",,2014,19,ENVIRONMENTAL,00,,YEAR,IA,,CORN,STATE,FIELD CROPS,00,,ANNUAL,"CHEMICAL, HERBICIDE",9000,00000000
APPLICATIONS,,"CORN - APPLICATIONS, MEASURED IN LB / ACRE / YEAR, AVG",19,ALL PRODUCTION PRACTICES,,,"CHEMICAL, HERBICIDE: (PRIMISULFURON = 128973)",IOWA,SURVEY,,,,ALL UTILIZATION PRACTICES,ALL CLASSES,2002-06-11 10:11:36.000,UNITED STATES,,IOWA,0.02,"LB / ACRE / YEAR, AVG",,2002,19,ENVIRONMENTAL,00,,YEAR,IA,,CORN,STATE,FIELD CROPS,00,,ANNUAL,"CHEMICAL, HERBICIDE",9000,00000000
APPLICATIONS,,"CORN - APPLICATIONS, MEASURED IN LB / ACRE / YEAR, AVG",19,ALL PRODUCTION PRACTICES,,,"CHEMICAL, HERBICIDE: (PRIMISULFURON = 128973)",IOWA,SURVEY,,,,ALL UTILIZATION PRACTICES,ALL CLASSES,2001-06-11 10:11:36.000,UNITED STATES,,IOWA,0.02,"LB / ACRE / YEAR, AVG",,2001,19,ENVIRONMENTAL,00,,YEAR,IA,,CORN,STATE,FIELD CROPS,00,,ANNUAL,"CHEMICAL, HERBICIDE",9000,00000000
APPLICATIONS,,"CORN - APPLICATIONS, MEASURED IN LB / ACRE / YEAR, AVG",19,ALL PRODUCTION PRACTICES,,,"CHEMICAL, HERBICIDE: (PRIMISULFURON = 128973)",IOWA,SURVEY,,,,ALL UTILIZATION PRACTICES,ALL CLASSES,2000-06-11 10:11:36.000,UNITED STATES,,IOWA,0.02,"LB / ACRE / YEAR, AVG",,2000,19,ENVIRONMENTAL,00,,YEAR,IA,,CORN,STATE,FIELD CROPS,00,,ANNUAL,"CHEMICAL, HERBICIDE",9000,00000000
APPLICATIONS,,"CORN - APPLICATIONS, MEASURED IN LB / ACRE / YEAR, AVG",19,ALL PRODUCTION PRACTICES,,,"CHEMICAL, HERBICIDE: (PROPOXYCARBAZONE-SOD = 122019)",IOWA,SURVEY,,,,ALL UTILIZATION PRACTICES,ALL CLASSES,2016-08-31 14:19:39.000,UNITED STATES,,IOWA,                 (D),"LB / ACRE / YEAR, AVG",,2016,19,ENVIRONMENTAL,00,,YEAR,IA,,CORN,STATE,FIELD CROPS,00,,ANNUAL,"CHEMICAL, HERBICIDE",9000,00000000
APPLICATIONS,,"CORN - APPLICATIONS, MEASURED IN LB / ACRE / YEAR, AVG",19,ALL PRODUCTION PRACTICES,,,"CHEMICAL, HERBICIDE: (PYRIDATE = 128834)",IOWA,SURVEY,,,,ALL UTILIZATION PRACTICES,ALL CLASSES,2000-06-11 10:11:36.000,UNITED STATES,,IOWA,0.73,"LB / ACRE / YEAR, AVG",,2000,19,ENVIRONMENTAL,00,,YEAR,IA,,CORN,STATE,FIELD CROPS,00,,ANNUAL,"CHEMICAL, HERBICIDE",9000,00000000
APPLICATIONS,,"CORN - APPLICATIONS, MEASURED IN LB / ACRE / YEAR, AVG",19,ALL PRODUCTION PRACTICES,,,"CHEMICAL, HERBICIDE: (PYROXASULFONE = 90099)",IOWA,SURVEY,,,,ALL UTILIZATION PRACTICES,ALL CLASSES,2018-05-10 15:16:25.000,UNITED STATES,,IOWA,                 (D),"LB / ACRE / YEAR, AVG",,2018,19,ENVIRONMENTAL,00,,YEAR,IA,,CORN,STATE,FIELD CROPS,00,,ANNUAL,"CHEMICAL, HERBICIDE",9000,00000000
APPLICATIONS,,"CORN - APPLICATIONS, MEASURED IN LB / ACRE / YEAR, AVG",19,ALL PRODUCTION PRACTICES,,,"CHEMICAL, HERBICIDE: (PYROXASULFONE = 90099)",IOWA,SURVEY,,,,ALL UTILIZATION PRACTICES,ALL CLASSES,2016-08-31 14:19:39.000,UNITED STATES,,IOWA,                 (D),"LB / ACRE / YEAR, AVG",,2016,19,ENVIRONMENTAL,00,,YEAR,IA,,CORN,STATE,FIELD CROPS,00,,ANNUAL,"CHEMICAL, HERBICIDE",9000,00000000
APPLICATIONS,,"CORN - APPLICATIONS, MEASURED IN LB / ACRE / YEAR, AVG",19,ALL PRODUCTION PRACTICES,,,"CHEMICAL, HERBICIDE: (PYROXSULAM = 108702)",IOWA,SURVEY,,,,ALL UTILIZATION PRACTICES,ALL CLASSES,2018-05-10 15:16:25.000,UNITED STATES,,IOWA,                 (D),"LB / ACRE / YEAR, AVG",,2018,19,ENVIRONMENTAL,00,,YEAR,IA,,CORN,STATE,FIELD CROPS,00,,ANNUAL,"CHEMICAL, HERBICIDE",9000,00000000
APPLICATIONS,,"CORN - APPLICATIONS, MEASURED IN LB / ACRE / YEAR, AVG",19,ALL PRODUCTION PRACTICES,,,"CHEMICAL, HERBICIDE: (RIMSULFURON = 129009)",IOWA,SURVEY,,,,ALL UTILIZATION PRACTICES,ALL CLASSES,2018-05-10 15:16:25.000,UNITED STATES,,IOWA,0.01,"LB / ACRE / YEAR, AVG",,2018,19,ENVIRONMENTAL,00,,YEAR,IA,,CORN,STATE,FIELD CROPS,00,,ANNUAL,"CHEMICAL, HERBICIDE",9000,00000000
APPLICATIONS,,"CORN - APPLICATIONS, MEASURED IN LB / ACRE / YEAR, AVG",19,ALL PRODUCTION PRACTICES,,,"CHEMICAL, HERBICIDE: (RIMSULFURON = 129009)",IOWA,SURVEY,,,,ALL UTILIZATION PRACTICES,ALL CLASSES,2016-08-31 14:19:39.000,UNITED STATES,,IOWA,0.017,"LB / ACRE / YEAR, AVG",,2016,19,ENVIRONMENTAL,00,,YEAR,IA,,CORN,STATE,FIELD CROPS,00,,ANNUAL,"CHEMICAL, HERBICIDE",9000,00000000
APPLICATIONS,,"CORN - APPLICATIONS, MEASURED IN LB / ACRE / YEAR, AVG",19,ALL PRODUCTION PRACTICES,,,"CHEMICAL, HERBICIDE: (RIMSULFURON = 129009)",IOWA,SURVEY,,,,ALL UTILIZATION PRACTICES,ALL CLASSES,2014-05-14 15:12:54.000,UNITED STATES,,IOWA,0.022,"LB / ACRE / YEAR, AVG",,2014,19,ENVIRONMENTAL,00,,YEAR,IA,,CORN,STATE,FIELD CROPS,00,,ANNUAL,"CHEMICAL, HERBICIDE",9000,00000000
APPLICATIONS,,"CORN - APPLICATIONS, MEASURED IN LB / ACRE / YEAR, AVG",19,ALL PRODUCTION PRACTICES,,,"CHEMICAL, HERBICIDE: (RIMSULFURON = 129009)",IOWA,SURVEY,,,,ALL UTILIZATION PRACTICES,ALL CLASSES,2012-01-01 00:00:00.000,UNITED STATES,,IOWA,0.01,"LB / ACRE / YEAR, AVG",,2010,19,ENVIRONMENTAL,00,,YEAR,IA,,CORN,STATE,FIELD CROPS,00,,ANNUAL,"CHEMICAL, HERBICIDE",9000,00000000
APPLICATIONS,,"CORN - APPLICATIONS, MEASURED IN LB / ACRE / YEAR, AVG",19,ALL PRODUCTION PRACTICES,,,"CHEMICAL, HERBICIDE: (RIMSULFURON = 129009)",IOWA,SURVEY,,,,ALL UTILIZATION PRACTICES,ALL CLASSES,2005-06-11 10:11:36.000,UNITED STATES,,IOWA,0.011,"LB / ACRE / YEAR, AVG",,2005,19,ENVIRONMENTAL,00,,YEAR,IA,,CORN,STATE,FIELD CROPS,00,,ANNUAL,"CHEMICAL, HERBICIDE",9000,00000000
APPLICATIONS,,"CORN - APPLICATIONS, MEASURED IN LB / ACRE / YEAR, AVG",19,ALL PRODUCTION PRACTICES,,,"CHEMICAL, HERBICIDE: (RIMSULFURON = 129009)",IOWA,SURVEY,,,,ALL UTILIZATION PRACTICES,ALL CLASSES,2003-06-11 10:11:36.000,UNITED STATES,,IOWA,0.01,"LB / ACRE / YEAR, AVG",,2003,19,ENVIRONMENTAL,00,,YEAR,IA,,CORN,STATE,FIELD CROPS,00,,ANNUAL,"CHEMICAL, HERBICIDE",9000,00000000
APPLICATIONS,,"CORN - APPLICATIONS, MEASURED IN LB / ACRE / YEAR, AVG",19,ALL PRODUCTION PRACTICES,,,"CHEMICAL, HERBICIDE: (RIMSULFURON = 129009)",IOWA,SURVEY,,,,ALL UTILIZATION PRACTICES,ALL CLASSES,2002-06-11 10:11:36.000,UNITED STATES,,IOWA,0.01,"LB / ACRE / YEAR, AVG",,2002,19,ENVIRONMENTAL,00,,YEAR,IA,,CORN,STATE,FIELD CROPS,00,,ANNUAL,"CHEMICAL, HERBICIDE",9000,00000000
APPLICATIONS,,"CORN - APPLICATIONS, MEASURED IN LB / ACRE / YEAR, AVG",19,ALL PRODUCTION PRACTICES,,,"CHEMICAL, HERBICIDE: (RIMSULFURON = 129009)",IOWA,SURVEY,,,,ALL UTILIZATION PRACTICES,ALL CLASSES,2001-06-11 10:11:36.000,UNITED STATES,,IOWA,0.01,"LB / ACRE / YEAR, AVG",,2001,19,ENVIRONMENTAL,00,,YEAR,IA,,CORN,STATE,FIELD CROPS,00,,ANNUAL,"CHEMICAL, HERBICIDE",9000,00000000
APPLICATIONS,,"CORN - APPLICATIONS, MEASURED IN LB / ACRE / YEAR, AVG",19,ALL PRODUCTION PRACTICES,,,"CHEMICAL, HERBICIDE: (RIMSULFURON = 129009)",IOWA,SURVEY,,,,ALL UTILIZATION PRACTICES,ALL CLASSES,2000-06-11 10:11:36.000,UNITED STATES,,IOWA,0.01,"LB / ACRE / YEAR, AVG",,2000,19,ENVIRONMENTAL,00,,YEAR,IA,,CORN,STATE,FIELD CROPS,00,,ANNUAL,"CHEMICAL, HERBICIDE",9000,00000000
APPLICATIONS,,"CORN - APPLICATIONS, MEASURED IN LB / ACRE / YEAR, AVG",19,ALL PRODUCTION PRACTICES,,,"CHEMICAL, HERBICIDE: (S-METOLACHLOR = 108800)",IOWA,SURVEY,,,,ALL UTILIZATION PRACTICES,ALL CLASSES,2021-05-13 15:00:30.000,UNITED STATES,,IOWA,0.856,"LB / ACRE / YEAR, AVG",,2021,19,ENVIRONMENTAL,00,,YEAR,IA,,CORN,STATE,FIELD CROPS,00,,ANNUAL,"CHEMICAL, HERBICIDE",9000,00000000
APPLICATIONS,,"CORN - APPLICATIONS, MEASURED IN LB / ACRE / YEAR, AVG",19,ALL PRODUCTION PRACTICES,,,"CHEMICAL, HERBICIDE: (S-METOLACHLOR = 108800)",IOWA,SURVEY,,,,ALL UTILIZATION PRACTICES,ALL CLASSES,2018-05-10 15:16:25.000,UNITED STATES,,IOWA,1.239,"LB / ACRE / YEAR, AVG",,2018,19,ENVIRONMENTAL,00,,YEAR,IA,,CORN,STATE,FIELD CROPS,00,,ANNUAL,"CHEMICAL, HERBICIDE",9000,00000000
APPLICATIONS,,"CORN - APPLICATIONS, MEASURED IN LB / ACRE / YEAR, AVG",19,ALL PRODUCTION PRACTICES,,,"CHEMICAL, HERBICIDE: (S-METOLACHLOR = 108800)",IOWA,SURVEY,,,,ALL UTILIZATION PRACTICES,ALL CLASSES,2016-08-31 14:19:39.000,UNITED STATES,,IOWA,1.445,"LB / ACRE / YEAR, AVG",,2016,19,ENVIRONMENTAL,00,,YEAR,IA,,CORN,STATE,FIELD CROPS,00,,ANNUAL,"CHEMICAL, HERBICIDE",9000,00000000
APPLICATIONS,,"CORN - APPLICATIONS, MEASURED IN LB / ACRE / YEAR, AVG",19,ALL PRODUCTION PRACTICES,,,"CHEMICAL, HERBICIDE: (S-METOLACHLOR = 108800)",IOWA,SURVEY,,,,ALL UTILIZATION PRACTICES,ALL CLASSES,2014-05-14 15:12:54.000,UNITED STATES,,IOWA,1.199,"LB / ACRE / YEAR, AVG",,2014,19,ENVIRONMENTAL,00,,YEAR,IA,,CORN,STATE,FIELD CROPS,00,,ANNUAL,"CHEMICAL, HERBICIDE",9000,00000000
APPLICATIONS,,"CORN - APPLICATIONS, MEASURED IN LB / ACRE / YEAR, AVG",19,ALL PRODUCTION PRACTICES,,,"CHEMICAL, HERBICIDE: (S-METOLACHLOR = 108800)",IOWA,SURVEY,,,,ALL UTILIZATION PRACTICES,ALL CLASSES,2012-01-01 00:00:00.000,UNITED STATES,,IOWA,0.92,"LB / ACRE / YEAR, AVG",,2010,19,ENVIRONMENTAL,00,,YEAR,IA,,CORN,STATE,FIELD CROPS,00,,ANNUAL,"CHEMICAL, HERBICIDE",9000,00000000
APPLICATIONS,,"CORN - APPLICATIONS, MEASURED IN LB / ACRE / YEAR, AVG",19,ALL PRODUCTION PRACTICES,,,"CHEMICAL, HERBICIDE: (S-METOLACHLOR = 108800)",IOWA,SURVEY,,,,ALL UTILIZATION PRACTICES,ALL CLASSES,2005-06-11 10:11:36.000,UNITED STATES,,IOWA,1.53,"LB / ACRE / YEAR, AVG",,2005,19,ENVIRONMENTAL,00,,YEAR,IA,,CORN,STATE,FIELD CROPS,00,,ANNUAL,"CHEMICAL, HERBICIDE",9000,00000000
APPLICATIONS,,"CORN - APPLICATIONS, MEASURED IN LB / ACRE / YEAR, AVG",19,ALL PRODUCTION PRACTICES,,,"CHEMICAL, HERBICIDE: (S-METOLACHLOR = 108800)",IOWA,SURVEY,,,,ALL UTILIZATION PRACTICES,ALL CLASSES,2003-06-11 10:11:36.000,UNITED STATES,,IOWA,1.49,"LB / ACRE / YEAR, AVG",,2003,19,ENVIRONMENTAL,00,,YEAR,IA,,CORN,STATE,FIELD CROPS,00,,ANNUAL,"CHEMICAL, HERBICIDE",9000,00000000
APPLICATIONS,,"CORN - APPLICATIONS, MEASURED IN LB / ACRE / YEAR, AVG",19,ALL PRODUCTION PRACTICES,,,"CHEMICAL, HERBICIDE: (S-METOLACHLOR = 108800)",IOWA,SURVEY,,,,ALL UTILIZATION PRACTICES,ALL CLASSES,2002-06-11 10:11:36.000,UNITED STATES,,IOWA,1.64,"LB / ACRE / YEAR, AVG",,2002,19,ENVIRONMENTAL,00,,YEAR,IA,,CORN,STATE,FIELD CROPS,00,,ANNUAL,"CHEMICAL, HERBICIDE",9000,00000000
APPLICATIONS,,"CORN - APPLICATIONS, MEASURED IN LB / ACRE / YEAR, AVG",19,ALL PRODUCTION PRACTICES,,,"CHEMICAL, HERBICIDE: (S-METOLACHLOR = 108800)",IOWA,SURVEY,,,,ALL UTILIZATION PRACTICES,ALL CLASSES,2001-06-11 10:11:36.000,UNITED STATES,,IOWA,1.7,"LB / ACRE / YEAR, AVG",,2001,19,ENVIRONMENTAL,00,,YEAR,IA,,CORN,STATE,FIELD CROPS,00,,ANNUAL,"CHEMICAL, HERBICIDE",9000,00000000
APPLICATIONS,,"CORN - APPLICATIONS, MEASURED IN LB / ACRE / YEAR, AVG",19,ALL PRODUCTION PRACTICES,,,"CHEMICAL, HERBICIDE: (S-METOLACHLOR = 108800)",IOWA,SURVEY,,,,ALL UTILIZATION PRACTICES,ALL CLASSES,2000-06-11 10:11:36.000,UNITED STATES,,IOWA,1.75,"LB / ACRE / YEAR, AVG",,2000,19,ENVIRONMENTAL,00,,YEAR,IA,,CORN,STATE,FIELD CROPS,00,,ANNUAL,"CHEMICAL, HERBICIDE",9000,00000000
APPLICATIONS,,"CORN - APPLICATIONS, MEASURED IN LB / ACRE / YEAR, AVG",19,ALL PRODUCTION PRACTICES,,,"CHEMICAL, HERBICIDE: (SAFLUFENACIL = 118203)",IOWA,SURVEY,,,,ALL UTILIZATION PRACTICES,ALL CLASSES,2021-05-13 15:00:30.000,UNITED STATES,,IOWA,                 (D),"LB / ACRE / YEAR, AVG",,2021,19,ENVIRONMENTAL,00,,YEAR,IA,,CORN,STATE,FIELD CROPS,00,,ANNUAL,"CHEMICAL, HERBICIDE",9000,00000000
APPLICATIONS,,"CORN - APPLICATIONS, MEASURED IN LB / ACRE / YEAR, AVG",19,ALL PRODUCTION PRACTICES,,,"CHEMICAL, HERBICIDE: (SAFLUFENACIL = 118203)",IOWA,SURVEY,,,,ALL UTILIZATION PRACTICES,ALL CLASSES,2018-05-10 15:16:25.000,UNITED STATES,,IOWA,0.057,"LB / ACRE / YEAR, AVG",,2018,19,ENVIRONMENTAL,00,,YEAR,IA,,CORN,STATE,FIELD CROPS,00,,ANNUAL,"CHEMICAL, HERBICIDE",9000,00000000
APPLICATIONS,,"CORN - APPLICATIONS, MEASURED IN LB / ACRE / YEAR, AVG",19,ALL PRODUCTION PRACTICES,,,"CHEMICAL, HERBICIDE: (SAFLUFENACIL = 118203)",IOWA,SURVEY,,,,ALL UTILIZATION PRACTICES,ALL CLASSES,2016-08-31 14:19:39.000,UNITED STATES,,IOWA,                 (D),"LB / ACRE / YEAR, AVG",,2016,19,ENVIRONMENTAL,00,,YEAR,IA,,CORN,STATE,FIELD CROPS,00,,ANNUAL,"CHEMICAL, HERBICIDE",9000,00000000
APPLICATIONS,,"CORN - APPLICATIONS, MEASURED IN LB / ACRE / YEAR, AVG",19,ALL PRODUCTION PRACTICES,,,"CHEMICAL, HERBICIDE: (SAFLUFENACIL = 118203)",IOWA,SURVEY,,,,ALL UTILIZATION PRACTICES,ALL CLASSES,2014-05-14 15:12:54.000,UNITED STATES,,IOWA,0.064,"LB / ACRE / YEAR, AVG",,2014,19,ENVIRONMENTAL,00,,YEAR,IA,,CORN,STATE,FIELD CROPS,00,,ANNUAL,"CHEMICAL, HERBICIDE",9000,00000000
APPLICATIONS,,"CORN - APPLICATIONS, MEASURED IN LB / ACRE / YEAR, AVG",19,ALL PRODUCTION PRACTICES,,,"CHEMICAL, HERBICIDE: (SAFLUFENACIL = 118203)",IOWA,SURVEY,,,,ALL UTILIZATION PRACTICES,ALL CLASSES,2012-01-01 00:00:00.000,UNITED STATES,,IOWA,                 (D),"LB / ACRE / YEAR, AVG",,2010,19,ENVIRONMENTAL,00,,YEAR,IA,,CORN,STATE,FIELD CROPS,00,,ANNUAL,"CHEMICAL, HERBICIDE",9000,00000000
APPLICATIONS,,"CORN - APPLICATIONS, MEASURED IN LB / ACRE / YEAR, AVG",19,ALL PRODUCTION PRACTICES,,,"CHEMICAL, HERBICIDE: (SIMAZINE = 80807)",IOWA,SURVEY,,,,ALL UTILIZATION PRACTICES,ALL CLASSES,2014-05-14 15:12:54.000,UNITED STATES,,IOWA,                 (D),"LB / ACRE / YEAR, AVG",,2014,19,ENVIRONMENTAL,00,,YEAR,IA,,CORN,STATE,FIELD CROPS,00,,ANNUAL,"CHEMICAL, HERBICIDE",9000,00000000
APPLICATIONS,,"CORN - APPLICATIONS, MEASURED IN LB / ACRE / YEAR, AVG",19,ALL PRODUCTION PRACTICES,,,"CHEMICAL, HERBICIDE: (SULFENTRAZONE = 129081)",IOWA,SURVEY,,,,ALL UTILIZATION PRACTICES,ALL CLASSES,2018-05-10 15:16:25.000,UNITED STATES,,IOWA,                 (D),"LB / ACRE / YEAR, AVG",,2018,19,ENVIRONMENTAL,00,,YEAR,IA,,CORN,STATE,FIELD CROPS,00,,ANNUAL,"CHEMICAL, HERBICIDE",9000,00000000
APPLICATIONS,,"CORN - APPLICATIONS, MEASURED IN LB / ACRE / YEAR, AVG",19,ALL PRODUCTION PRACTICES,,,"CHEMICAL, HERBICIDE: (SULFENTRAZONE = 129081)",IOWA,SURVEY,,,,ALL UTILIZATION PRACTICES,ALL CLASSES,2014-05-14 15:12:54.000,UNITED STATES,,IOWA,                 (D),"LB / ACRE / YEAR, AVG",,2014,19,ENVIRONMENTAL,00,,YEAR,IA,,CORN,STATE,FIELD CROPS,00,,ANNUAL,"CHEMICAL, HERBICIDE",9000,00000000
APPLICATIONS,,"CORN - APPLICATIONS, MEASURED IN LB / ACRE / YEAR, AVG",19,ALL PRODUCTION PRACTICES,,,"CHEMICAL, HERBICIDE: (SULFENTRAZONE = 129081)",IOWA,SURVEY,,,,ALL UTILIZATION PRACTICES,ALL CLASSES,2012-01-01 00:00:00.000,UNITED STATES,,IOWA,                 (D),"LB / ACRE / YEAR, AVG",,2010,19,ENVIRONMENTAL,00,,YEAR,IA,,CORN,STATE,FIELD CROPS,00,,ANNUAL,"CHEMICAL, HERBICIDE",9000,00000000
APPLICATIONS,,"CORN - APPLICATIONS, MEASURED IN LB / ACRE / YEAR, AVG",19,ALL PRODUCTION PRACTICES,,,"CHEMICAL, HERBICIDE: (TEMBOTRIONE = 12801)",IOWA,SURVEY,,,,ALL UTILIZATION PRACTICES,ALL CLASSES,2021-05-13 15:00:30.000,UNITED STATES,,IOWA,0.067,"LB / ACRE / YEAR, AVG",,2021,19,ENVIRONMENTAL,00,,YEAR,IA,,CORN,STATE,FIELD CROPS,00,,ANNUAL,"CHEMICAL, HERBICIDE",9000,00000000
APPLICATIONS,,"CORN - APPLICATIONS, MEASURED IN LB / ACRE / YEAR, AVG",19,ALL PRODUCTION PRACTICES,,,"CHEMICAL, HERBICIDE: (TEMBOTRIONE = 12801)",IOWA,SURVEY,,,,ALL UTILIZATION PRACTICES,ALL CLASSES,2018-05-10 15:16:25.000,UNITED STATES,,IOWA,0.081,"LB / ACRE / YEAR, AVG",,2018,19,ENVIRONMENTAL,00,,YEAR,IA,,CORN,STATE,FIELD CROPS,00,,ANNUAL,"CHEMICAL, HERBICIDE",9000,00000000
APPLICATIONS,,"CORN - APPLICATIONS, MEASURED IN LB / ACRE / YEAR, AVG",19,ALL PRODUCTION PRACTICES,,,"CHEMICAL, HERBICIDE: (TEMBOTRIONE = 12801)",IOWA,SURVEY,,,,ALL UTILIZATION PRACTICES,ALL CLASSES,2016-08-31 14:19:39.000,UNITED STATES,,IOWA,0.062,"LB / ACRE / YEAR, AVG",,2016,19,ENVIRONMENTAL,00,,YEAR,IA,,CORN,STATE,FIELD CROPS,00,,ANNUAL,"CHEMICAL, HERBICIDE",9000,00000000
APPLICATIONS,,"CORN - APPLICATIONS, MEASURED IN LB / ACRE / YEAR, AVG",19,ALL PRODUCTION PRACTICES,,,"CHEMICAL, HERBICIDE: (TEMBOTRIONE = 12801)",IOWA,SURVEY,,,,ALL UTILIZATION PRACTICES,ALL CLASSES,2014-05-14 15:12:54.000,UNITED STATES,,IOWA,0.061,"LB / ACRE / YEAR, AVG",,2014,19,ENVIRONMENTAL,00,,YEAR,IA,,CORN,STATE,FIELD CROPS,00,,ANNUAL,"CHEMICAL, HERBICIDE",9000,00000000
APPLICATIONS,,"CORN - APPLICATIONS, MEASURED IN LB / ACRE / YEAR, AVG",19,ALL PRODUCTION PRACTICES,,,"CHEMICAL, HERBICIDE: (TEMBOTRIONE = 12801)",IOWA,SURVEY,,,,ALL UTILIZATION PRACTICES,ALL CLASSES,2012-01-01 00:00:00.000,UNITED STATES,,IOWA,0.065,"LB / ACRE / YEAR, AVG",,2010,19,ENVIRONMENTAL,00,,YEAR,IA,,CORN,STATE,FIELD CROPS,00,,ANNUAL,"CHEMICAL, HERBICIDE",9000,00000000
APPLICATIONS,,"CORN - APPLICATIONS, MEASURED IN LB / ACRE / YEAR, AVG",19,ALL PRODUCTION PRACTICES,,,"CHEMICAL, HERBICIDE: (THIENCARBAZONE-METHY = 15804)",IOWA,SURVEY,,,,ALL UTILIZATION PRACTICES,ALL CLASSES,2021-05-13 15:00:30.000,UNITED STATES,,IOWA,                 (D),"LB / ACRE / YEAR, AVG",,2021,19,ENVIRONMENTAL,00,,YEAR,IA,,CORN,STATE,FIELD CROPS,00,,ANNUAL,"CHEMICAL, HERBICIDE",9000,00000000
APPLICATIONS,,"CORN - APPLICATIONS, MEASURED IN LB / ACRE / YEAR, AVG",19,ALL PRODUCTION PRACTICES,,,"CHEMICAL, HERBICIDE: (THIENCARBAZONE-METHY = 15804)",IOWA,SURVEY,,,,ALL UTILIZATION PRACTICES,ALL CLASSES,2018-05-10 15:16:25.000,UNITED STATES,,IOWA,0.024,"LB / ACRE / YEAR, AVG",,2018,19,ENVIRONMENTAL,00,,YEAR,IA,,CORN,STATE,FIELD CROPS,00,,ANNUAL,"CHEMICAL, HERBICIDE",9000,00000000
APPLICATIONS,,"CORN - APPLICATIONS, MEASURED IN LB / ACRE / YEAR, AVG",19,ALL PRODUCTION PRACTICES,,,"CHEMICAL, HERBICIDE: (THIENCARBAZONE-METHY = 15804)",IOWA,SURVEY,,,,ALL UTILIZATION PRACTICES,ALL CLASSES,2016-08-31 14:19:39.000,UNITED STATES,,IOWA,0.022,"LB / ACRE / YEAR, AVG",,2016,19,ENVIRONMENTAL,00,,YEAR,IA,,CORN,STATE,FIELD CROPS,00,,ANNUAL,"CHEMICAL, HERBICIDE",9000,00000000
APPLICATIONS,,"CORN - APPLICATIONS, MEASURED IN LB / ACRE / YEAR, AVG",19,ALL PRODUCTION PRACTICES,,,"CHEMICAL, HERBICIDE: (THIENCARBAZONE-METHY = 15804)",IOWA,SURVEY,,,,ALL UTILIZATION PRACTICES,ALL CLASSES,2014-05-14 15:12:54.000,UNITED STATES,,IOWA,0.024,"LB / ACRE / YEAR, AVG",,2014,19,ENVIRONMENTAL,00,,YEAR,IA,,CORN,STATE,FIELD CROPS,00,,ANNUAL,"CHEMICAL, HERBICIDE",9000,00000000
APPLICATIONS,,"CORN - APPLICATIONS, MEASURED IN LB / ACRE / YEAR, AVG",19,ALL PRODUCTION PRACTICES,,,"CHEMICAL, HERBICIDE: (THIENCARBAZONE-METHY = 15804)",IOWA,SURVEY,,,,ALL UTILIZATION PRACTICES,ALL CLASSES,2012-01-01 00:00:00.000,UNITED STATES,,IOWA,0.031,"LB / ACRE / YEAR, AVG",,2010,19,ENVIRONMENTAL,00,,YEAR,IA,,CORN,STATE,FIELD CROPS,00,,ANNUAL,"CHEMICAL, HERBICIDE",9000,00000000
APPLICATIONS,,"CORN - APPLICATIONS, MEASURED IN LB / ACRE / YEAR, AVG",19,ALL PRODUCTION PRACTICES,,,"CHEMICAL, HERBICIDE: (THIFENSULFURON = 128845)",IOWA,SURVEY,,,,ALL UTILIZATION PRACTICES,ALL CLASSES,2018-05-10 15:16:25.000,UNITED STATES,,IOWA,                 (D),"LB / ACRE / YEAR, AVG",,2018,19,ENVIRONMENTAL,00,,YEAR,IA,,CORN,STATE,FIELD CROPS,00,,ANNUAL,"CHEMICAL, HERBICIDE",9000,00000000
APPLICATIONS,,"CORN - APPLICATIONS, MEASURED IN LB / ACRE / YEAR, AVG",19,ALL PRODUCTION PRACTICES,,,"CHEMICAL, HERBICIDE: (THIFENSULFURON = 128845)",IOWA,SURVEY,,,,ALL UTILIZATION PRACTICES,ALL CLASSES,2012-01-01 00:00:00.000,UNITED STATES,,IOWA,                 (D),"LB / ACRE / YEAR, AVG",,2010,19,ENVIRONMENTAL,00,,YEAR,IA,,CORN,STATE,FIELD CROPS,00,,ANNUAL,"CHEMICAL, HERBICIDE",9000,00000000
APPLICATIONS,,"CORN - APPLICATIONS, MEASURED IN LB / ACRE / YEAR, AVG",19,ALL PRODUCTION PRACTICES,,,"CHEMICAL, HERBICIDE: (TOPRAMEZONE = 123009)",IOWA,SURVEY,,,,ALL UTILIZATION PRACTICES,ALL CLASSES,2021-05-13 15:00:30.000,UNITED STATES,,IOWA,                 (D),"LB / ACRE / YEAR, AVG",,2021,19,ENVIRONMENTAL,00,,YEAR,IA,,CORN,STATE,FIELD CROPS,00,,ANNUAL,"CHEMICAL, HERBICIDE",9000,00000000
APPLICATIONS,,"CORN - APPLICATIONS, MEASURED IN LB / ACRE / YEAR, AVG",19,ALL PRODUCTION PRACTICES,,,"CHEMICAL, HERBICIDE: (TOPRAMEZONE = 123009)",IOWA,SURVEY,,,,ALL UTILIZATION PRACTICES,ALL CLASSES,2018-05-10 15:16:25.000,UNITED STATES,,IOWA,0.019,"LB / ACRE / YEAR, AVG",,2018,19,ENVIRONMENTAL,00,,YEAR,IA,,CORN,STATE,FIELD CROPS,00,,ANNUAL,"CHEMICAL, HERBICIDE",9000,00000000
APPLICATIONS,,"CORN - APPLICATIONS, MEASURED IN LB / ACRE / YEAR, AVG",19,ALL PRODUCTION PRACTICES,,,"CHEMICAL, HERBICIDE: (TOPRAMEZONE = 123009)",IOWA,SURVEY,,,,ALL UTILIZATION PRACTICES,ALL CLASSES,2016-08-31 14:19:39.000,UNITED STATES,,IOWA,0.015,"LB / ACRE / YEAR, AVG",,2016,19,ENVIRONMENTAL,00,,YEAR,IA,,CORN,STATE,FIELD CROPS,00,,ANNUAL,"CHEMICAL, HERBICIDE",9000,00000000
APPLICATIONS,,"CORN - APPLICATIONS, MEASURED IN LB / ACRE / YEAR, AVG",19,ALL PRODUCTION PRACTICES,,,"CHEMICAL, HERBICIDE: (TOPRAMEZONE = 123009)",IOWA,SURVEY,,,,ALL UTILIZATION PRACTICES,ALL CLASSES,2014-05-14 15:12:54.000,UNITED STATES,,IOWA,0.017,"LB / ACRE / YEAR, AVG",,2014,19,ENVIRONMENTAL,00,,YEAR,IA,,CORN,STATE,FIELD CROPS,00,,ANNUAL,"CHEMICAL, HERBICIDE",9000,00000000
APPLICATIONS,,"CORN - APPLICATIONS, MEASURED IN LB / ACRE / YEAR, AVG",19,ALL PRODUCTION PRACTICES,,,"CHEMICAL, HERBICIDE: (TOPRAMEZONE = 123009)",IOWA,SURVEY,,,,ALL UTILIZATION PRACTICES,ALL CLASSES,2012-01-01 00:00:00.000,UNITED STATES,,IOWA,                 (D),"LB / ACRE / YEAR, AVG",,2010,19,ENVIRONMENTAL,00,,YEAR,IA,,CORN,STATE,FIELD CROPS,00,,ANNUAL,"CHEMICAL, HERBICIDE",9000,00000000
APPLICATIONS,,"CORN - APPLICATIONS, MEASURED IN LB / ACRE / YEAR, AVG",19,ALL PRODUCTION PRACTICES,,,"CHEMICAL, HERBICIDE: (TRIBENURON-METHYL = 128887)",IOWA,SURVEY,,,,ALL UTILIZATION PRACTICES,ALL CLASSES,2018-05-10 15:16:25.000,UNITED STATES,,IOWA,                 (D),"LB / ACRE / YEAR, AVG",,2018,19,ENVIRONMENTAL,00,,YEAR,IA,,CORN,STATE,FIELD CROPS,00,,ANNUAL,"CHEMICAL, HERBICIDE",9000,00000000
APPLICATIONS,,"CORN - APPLICATIONS, MEASURED IN LB / ACRE / YEAR, AVG",19,ALL PRODUCTION PRACTICES,,,"CHEMICAL, HERBICIDE: (TRIFLURALIN = 36101)",IOWA,SURVEY,,,,ALL UTILIZATION PRACTICES,ALL CLASSES,2018-05-10 15:16:25.000,UNITED STATES,,IOWA,                 (D),"LB / ACRE / YEAR, AVG",,2018,19,ENVIRONMENTAL,00,,YEAR,IA,,CORN,STATE,FIELD CROPS,00,,ANNUAL,"CHEMICAL, HERBICIDE",9000,00000000
APPLICATIONS,,"CORN - APPLICATIONS, MEASURED IN LB / ACRE / YEAR, AVG",19,ALL PRODUCTION PRACTICES,,,"CHEMICAL, HERBICIDE: (TRIFLURALIN = 36101)",IOWA,SURVEY,,,,ALL UTILIZATION PRACTICES,ALL CLASSES,2014-05-14 15:12:54.000,UNITED STATES,,IOWA,                 (D),"LB / ACRE / YEAR, AVG",,2014,19,ENVIRONMENTAL,00,,YEAR,IA,,CORN,STATE,FIELD CROPS,00,,ANNUAL,"CHEMICAL, HERBICIDE",9000,00000000
APPLICATIONS,,"CORN - APPLICATIONS, MEASURED IN LB / ACRE / YEAR, AVG",19,ALL PRODUCTION PRACTICES,,,"CHEMICAL, HERBICIDE: (TRIFLURALIN = 36101)",IOWA,SURVEY,,,,ALL UTILIZATION PRACTICES,ALL CLASSES,2012-01-01 00:00:00.000,UNITED STATES,,IOWA,                 (D),"LB / ACRE / YEAR, AVG",,2010,19,ENVIRONMENTAL,00,,YEAR,IA,,CORN,STATE,FIELD CROPS,00,,ANNUAL,"CHEMICAL, HERBICIDE",9000,00000000
APPLICATIONS,,"CORN - APPLICATIONS, MEASURED IN LB / ACRE / YEAR, AVG",19,ALL PRODUCTION PRACTICES,,,"CHEMICAL, INSECTICIDE: (BETA-CYFLUTHRIN = 118831)",IOWA,SURVEY,,,,ALL UTILIZATION PRACTICES,ALL CLASSES,2014-05-14 15:12:54.000,UNITED STATES,,IOWA,                 (D),"LB / ACRE / YEAR, AVG",,2014,19,ENVIRONMENTAL,00,,YEAR,IA,,CORN,STATE,FIELD CROPS,00,,ANNUAL,"CHEMICAL, INSECTICIDE",9000,00000000
APPLICATIONS,,"CORN - APPLICATIONS, MEASURED IN LB / ACRE / YEAR, AVG",19,ALL PRODUCTION PRACTICES,,,"CHEMICAL, INSECTICIDE: (BIFENTHRIN = 128825)",IOWA,SURVEY,,,,ALL UTILIZATION PRACTICES,ALL CLASSES,2021-05-13 15:00:30.000,UNITED STATES,,IOWA,0.065,"LB / ACRE / YEAR, AVG",,2021,19,ENVIRONMENTAL,00,,YEAR,IA,,CORN,STATE,FIELD CROPS,00,,ANNUAL,"CHEMICAL, INSECTICIDE",9000,00000000
APPLICATIONS,,"CORN - APPLICATIONS, MEASURED IN LB / ACRE / YEAR, AVG",19,ALL PRODUCTION PRACTICES,,,"CHEMICAL, INSECTICIDE: (BIFENTHRIN = 128825)",IOWA,SURVEY,,,,ALL UTILIZATION PRACTICES,ALL CLASSES,2018-05-10 15:16:25.000,UNITED STATES,,IOWA,0.089,"LB / ACRE / YEAR, AVG",,2018,19,ENVIRONMENTAL,00,,YEAR,IA,,CORN,STATE,FIELD CROPS,00,,ANNUAL,"CHEMICAL, INSECTICIDE",9000,00000000
APPLICATIONS,,"CORN - APPLICATIONS, MEASURED IN LB / ACRE / YEAR, AVG",19,ALL PRODUCTION PRACTICES,,,"CHEMICAL, INSECTICIDE: (BIFENTHRIN = 128825)",IOWA,SURVEY,,,,ALL UTILIZATION PRACTICES,ALL CLASSES,2016-08-31 14:19:39.000,UNITED STATES,,IOWA,0.072,"LB / ACRE / YEAR, AVG",,2016,19,ENVIRONMENTAL,00,,YEAR,IA,,CORN,STATE,FIELD CROPS,00,,ANNUAL,"CHEMICAL, INSECTICIDE",9000,00000000
APPLICATIONS,,"CORN - APPLICATIONS, MEASURED IN LB / ACRE / YEAR, AVG",19,ALL PRODUCTION PRACTICES,,,"CHEMICAL, INSECTICIDE: (BIFENTHRIN = 128825)",IOWA,SURVEY,,,,ALL UTILIZATION PRACTICES,ALL CLASSES,2014-05-14 15:12:54.000,UNITED STATES,,IOWA,0.079,"LB / ACRE / YEAR, AVG",,2014,19,ENVIRONMENTAL,00,,YEAR,IA,,CORN,STATE,FIELD CROPS,00,,ANNUAL,"CHEMICAL, INSECTICIDE",9000,00000000
APPLICATIONS,,"CORN - APPLICATIONS, MEASURED IN LB / ACRE / YEAR, AVG",19,ALL PRODUCTION PRACTICES,,,"CHEMICAL, INSECTICIDE: (BIFENTHRIN = 128825)",IOWA,SURVEY,,,,ALL UTILIZATION PRACTICES,ALL CLASSES,2012-01-01 00:00:00.000,UNITED STATES,,IOWA,                 (D),"LB / ACRE / YEAR, AVG",,2010,19,ENVIRONMENTAL,00,,YEAR,IA,,CORN,STATE,FIELD CROPS,00,,ANNUAL,"CHEMICAL, INSECTICIDE",9000,00000000
APPLICATIONS,,"CORN - APPLICATIONS, MEASURED IN LB / ACRE / YEAR, AVG",19,ALL PRODUCTION PRACTICES,,,"CHEMICAL, INSECTICIDE: (BIFENTHRIN = 128825)",IOWA,SURVEY,,,,ALL UTILIZATION PRACTICES,ALL CLASSES,2002-06-11 10:11:36.000,UNITED STATES,,IOWA,0.07,"LB / ACRE / YEAR, AVG",,2002,19,ENVIRONMENTAL,00,,YEAR,IA,,CORN,STATE,FIELD CROPS,00,,ANNUAL,"CHEMICAL, INSECTICIDE",9000,00000000
APPLICATIONS,,"CORN - APPLICATIONS, MEASURED IN LB / ACRE / YEAR, AVG",19,ALL PRODUCTION PRACTICES,,,"CHEMICAL, INSECTICIDE: (CHLORETHOXYFOS = 129006)",IOWA,SURVEY,,,,ALL UTILIZATION PRACTICES,ALL CLASSES,2014-05-14 15:12:54.000,UNITED STATES,,IOWA,                 (D),"LB / ACRE / YEAR, AVG",,2014,19,ENVIRONMENTAL,00,,YEAR,IA,,CORN,STATE,FIELD CROPS,00,,ANNUAL,"CHEMICAL, INSECTICIDE",9000,00000000
APPLICATIONS,,"CORN - APPLICATIONS, MEASURED IN LB / ACRE / YEAR, AVG",19,ALL PRODUCTION PRACTICES,,,"CHEMICAL, INSECTICIDE: (CHLORETHOXYFOS = 129006)",IOWA,SURVEY,,,,ALL UTILIZATION PRACTICES,ALL CLASSES,2012-01-01 00:00:00.000,UNITED STATES,,IOWA,                 (D),"LB / ACRE / YEAR, AVG",,2010,19,ENVIRONMENTAL,00,,YEAR,IA,,CORN,STATE,FIELD CROPS,00,,ANNUAL,"CHEMICAL, INSECTICIDE",9000,00000000
APPLICATIONS,,"CORN - APPLICATIONS, MEASURED IN LB / ACRE / YEAR, AVG",19,ALL PRODUCTION PRACTICES,,,"CHEMICAL, INSECTICIDE: (CHLORPYRIFOS = 59101)",IOWA,SURVEY,,,,ALL UTILIZATION PRACTICES,ALL CLASSES,2021-05-13 15:00:30.000,UNITED STATES,,IOWA,                 (D),"LB / ACRE / YEAR, AVG",,2021,19,ENVIRONMENTAL,00,,YEAR,IA,,CORN,STATE,FIELD CROPS,00,,ANNUAL,"CHEMICAL, INSECTICIDE",9000,00000000
APPLICATIONS,,"CORN - APPLICATIONS, MEASURED IN LB / ACRE / YEAR, AVG",19,ALL PRODUCTION PRACTICES,,,"CHEMICAL, INSECTICIDE: (CHLORPYRIFOS = 59101)",IOWA,SURVEY,,,,ALL UTILIZATION PRACTICES,ALL CLASSES,2018-05-10 15:16:25.000,UNITED STATES,,IOWA,                 (D),"LB / ACRE / YEAR, AVG",,2018,19,ENVIRONMENTAL,00,,YEAR,IA,,CORN,STATE,FIELD CROPS,00,,ANNUAL,"CHEMICAL, INSECTICIDE",9000,00000000
APPLICATIONS,,"CORN - APPLICATIONS, MEASURED IN LB / ACRE / YEAR, AVG",19,ALL PRODUCTION PRACTICES,,,"CHEMICAL, INSECTICIDE: (CHLORPYRIFOS = 59101)",IOWA,SURVEY,,,,ALL UTILIZATION PRACTICES,ALL CLASSES,2016-08-31 14:19:39.000,UNITED STATES,,IOWA,                 (D),"LB / ACRE / YEAR, AVG",,2016,19,ENVIRONMENTAL,00,,YEAR,IA,,CORN,STATE,FIELD CROPS,00,,ANNUAL,"CHEMICAL, INSECTICIDE",9000,00000000
APPLICATIONS,,"CORN - APPLICATIONS, MEASURED IN LB / ACRE / YEAR, AVG",19,ALL PRODUCTION PRACTICES,,,"CHEMICAL, INSECTICIDE: (CHLORPYRIFOS = 59101)",IOWA,SURVEY,,,,ALL UTILIZATION PRACTICES,ALL CLASSES,2014-05-14 15:12:54.000,UNITED STATES,,IOWA,                 (D),"LB / ACRE / YEAR, AVG",,2014,19,ENVIRONMENTAL,00,,YEAR,IA,,CORN,STATE,FIELD CROPS,00,,ANNUAL,"CHEMICAL, INSECTICIDE",9000,00000000
APPLICATIONS,,"CORN - APPLICATIONS, MEASURED IN LB / ACRE / YEAR, AVG",19,ALL PRODUCTION PRACTICES,,,"CHEMICAL, INSECTICIDE: (CHLORPYRIFOS = 59101)",IOWA,SURVEY,,,,ALL UTILIZATION PRACTICES,ALL CLASSES,2012-01-01 00:00:00.000,UNITED STATES,,IOWA,                 (D),"LB / ACRE / YEAR, AVG",,2010,19,ENVIRONMENTAL,00,,YEAR,IA,,CORN,STATE,FIELD CROPS,00,,ANNUAL,"CHEMICAL, INSECTICIDE",9000,00000000
APPLICATIONS,,"CORN - APPLICATIONS, MEASURED IN LB / ACRE / YEAR, AVG",19,ALL PRODUCTION PRACTICES,,,"CHEMICAL, INSECTICIDE: (CHLORPYRIFOS = 59101)",IOWA,SURVEY,,,,ALL UTILIZATION PRACTICES,ALL CLASSES,2003-06-11 10:11:36.000,UNITED STATES,,IOWA,1.01,"LB / ACRE / YEAR, AVG",,2003,19,ENVIRONMENTAL,00,,YEAR,IA,,CORN,STATE,FIELD CROPS,00,,ANNUAL,"CHEMICAL, INSECTICIDE",9000,00000000
APPLICATIONS,,"CORN - APPLICATIONS, MEASURED IN LB / ACRE / YEAR, AVG",19,ALL PRODUCTION PRACTICES,,,"CHEMICAL, INSECTICIDE: (CHLORPYRIFOS = 59101)",IOWA,SURVEY,,,,ALL UTILIZATION PRACTICES,ALL CLASSES,2002-06-11 10:11:36.000,UNITED STATES,,IOWA,1,"LB / ACRE / YEAR, AVG",,2002,19,ENVIRONMENTAL,00,,YEAR,IA,,CORN,STATE,FIELD CROPS,00,,ANNUAL,"CHEMICAL, INSECTICIDE",9000,00000000
APPLICATIONS,,"CORN - APPLICATIONS, MEASURED IN LB / ACRE / YEAR, AVG",19,ALL PRODUCTION PRACTICES,,,"CHEMICAL, INSECTICIDE: (CHLORPYRIFOS = 59101)",IOWA,SURVEY,,,,ALL UTILIZATION PRACTICES,ALL CLASSES,2000-06-11 10:11:36.000,UNITED STATES,,IOWA,0.91,"LB / ACRE / YEAR, AVG",,2000,19,ENVIRONMENTAL,00,,YEAR,IA,,CORN,STATE,FIELD CROPS,00,,ANNUAL,"CHEMICAL, INSECTICIDE",9000,00000000
APPLICATIONS,,"CORN - APPLICATIONS, MEASURED IN LB / ACRE / YEAR, AVG",19,ALL PRODUCTION PRACTICES,,,"CHEMICAL, INSECTICIDE: (CYFLUTHRIN = 128831)",IOWA,SURVEY,,,,ALL UTILIZATION PRACTICES,ALL CLASSES,2021-05-13 15:00:30.000,UNITED STATES,,IOWA,                 (D),"LB / ACRE / YEAR, AVG",,2021,19,ENVIRONMENTAL,00,,YEAR,IA,,CORN,STATE,FIELD CROPS,00,,ANNUAL,"CHEMICAL, INSECTICIDE",9000,00000000
APPLICATIONS,,"CORN - APPLICATIONS, MEASURED IN LB / ACRE / YEAR, AVG",19,ALL PRODUCTION PRACTICES,,,"CHEMICAL, INSECTICIDE: (CYFLUTHRIN = 128831)",IOWA,SURVEY,,,,ALL UTILIZATION PRACTICES,ALL CLASSES,2018-05-10 15:16:25.000,UNITED STATES,,IOWA,                 (D),"LB / ACRE / YEAR, AVG",,2018,19,ENVIRONMENTAL,00,,YEAR,IA,,CORN,STATE,FIELD CROPS,00,,ANNUAL,"CHEMICAL, INSECTICIDE",9000,00000000
APPLICATIONS,,"CORN - APPLICATIONS, MEASURED IN LB / ACRE / YEAR, AVG",19,ALL PRODUCTION PRACTICES,,,"CHEMICAL, INSECTICIDE: (CYFLUTHRIN = 128831)",IOWA,SURVEY,,,,ALL UTILIZATION PRACTICES,ALL CLASSES,2016-08-31 14:19:39.000,UNITED STATES,,IOWA,0.006,"LB / ACRE / YEAR, AVG",,2016,19,ENVIRONMENTAL,00,,YEAR,IA,,CORN,STATE,FIELD CROPS,00,,ANNUAL,"CHEMICAL, INSECTICIDE",9000,00000000
APPLICATIONS,,"CORN - APPLICATIONS, MEASURED IN LB / ACRE / YEAR, AVG",19,ALL PRODUCTION PRACTICES,,,"CHEMICAL, INSECTICIDE: (CYFLUTHRIN = 128831)",IOWA,SURVEY,,,,ALL UTILIZATION PRACTICES,ALL CLASSES,2014-05-14 15:12:54.000,UNITED STATES,,IOWA,                 (Z),"LB / ACRE / YEAR, AVG",,2014,19,ENVIRONMENTAL,00,,YEAR,IA,,CORN,STATE,FIELD CROPS,00,,ANNUAL,"CHEMICAL, INSECTICIDE",9000,00000000
APPLICATIONS,,"CORN - APPLICATIONS, MEASURED IN LB / ACRE / YEAR, AVG",19,ALL PRODUCTION PRACTICES,,,"CHEMICAL, INSECTICIDE: (CYFLUTHRIN = 128831)",IOWA,SURVEY,,,,ALL UTILIZATION PRACTICES,ALL CLASSES,2012-01-01 00:00:00.000,UNITED STATES,,IOWA,0.013,"LB / ACRE / YEAR, AVG",,2010,19,ENVIRONMENTAL,00,,YEAR,IA,,CORN,STATE,FIELD CROPS,00,,ANNUAL,"CHEMICAL, INSECTICIDE",9000,00000000
APPLICATIONS,,"CORN - APPLICATIONS, MEASURED IN LB / ACRE / YEAR, AVG",19,ALL PRODUCTION PRACTICES,,,"CHEMICAL, INSECTICIDE: (CYFLUTHRIN = 128831)",IOWA,SURVEY,,,,ALL UTILIZATION PRACTICES,ALL CLASSES,2005-06-11 10:11:36.000,UNITED STATES,,IOWA,0.006,"LB / ACRE / YEAR, AVG",,2005,19,ENVIRONMENTAL,00,,YEAR,IA,,CORN,STATE,FIELD CROPS,00,,ANNUAL,"CHEMICAL, INSECTICIDE",9000,00000000
APPLICATIONS,,"CORN - APPLICATIONS, MEASURED IN LB / ACRE / YEAR, AVG",19,ALL PRODUCTION PRACTICES,,,"CHEMICAL, INSECTICIDE: (CYFLUTHRIN = 128831)",IOWA,SURVEY,,,,ALL UTILIZATION PRACTICES,ALL CLASSES,2003-06-11 10:11:36.000,UNITED STATES,,IOWA,0.005,"LB / ACRE / YEAR, AVG",,2003,19,ENVIRONMENTAL,00,,YEAR,IA,,CORN,STATE,FIELD CROPS,00,,ANNUAL,"CHEMICAL, INSECTICIDE",9000,00000000
APPLICATIONS,,"CORN - APPLICATIONS, MEASURED IN LB / ACRE / YEAR, AVG",19,ALL PRODUCTION PRACTICES,,,"CHEMICAL, INSECTICIDE: (CYFLUTHRIN = 128831)",IOWA,SURVEY,,,,ALL UTILIZATION PRACTICES,ALL CLASSES,2000-06-11 10:11:36.000,UNITED STATES,,IOWA,0.006,"LB / ACRE / YEAR, AVG",,2000,19,ENVIRONMENTAL,00,,YEAR,IA,,CORN,STATE,FIELD CROPS,00,,ANNUAL,"CHEMICAL, INSECTICIDE",9000,00000000
APPLICATIONS,,"CORN - APPLICATIONS, MEASURED IN LB / ACRE / YEAR, AVG",19,ALL PRODUCTION PRACTICES,,,"CHEMICAL, INSECTICIDE: (ESFENVALERATE = 109303)",IOWA,SURVEY,,,,ALL UTILIZATION PRACTICES,ALL CLASSES,2014-05-14 15:12:54.000,UNITED STATES,,IOWA,                 (D),"LB / ACRE / YEAR, AVG",,2014,19,ENVIRONMENTAL,00,,YEAR,IA,,CORN,STATE,FIELD CROPS,00,,ANNUAL,"CHEMICAL, INSECTICIDE",9000,00000000
APPLICATIONS,,"CORN - APPLICATIONS, MEASURED IN LB / ACRE / YEAR, AVG",19,ALL PRODUCTION PRACTICES,,,"CHEMICAL, INSECTICIDE: (GAMMA-CYHALOTHRIN = 128807)",IOWA,SURVEY,,,,ALL UTILIZATION PRACTICES,ALL CLASSES,2016-08-31 14:19:39.000,UNITED STATES,,IOWA,                 (D),"LB / ACRE / YEAR, AVG",,2016,19,ENVIRONMENTAL,00,,YEAR,IA,,CORN,STATE,FIELD CROPS,00,,ANNUAL,"CHEMICAL, INSECTICIDE",9000,00000000
APPLICATIONS,,"CORN - APPLICATIONS, MEASURED IN LB / ACRE / YEAR, AVG",19,ALL PRODUCTION PRACTICES,,,"CHEMICAL, INSECTICIDE: (GAMMA-CYHALOTHRIN = 128807)",IOWA,SURVEY,,,,ALL UTILIZATION PRACTICES,ALL CLASSES,2014-05-14 15:12:54.000,UNITED STATES,,IOWA,                 (D),"LB / ACRE / YEAR, AVG",,2014,19,ENVIRONMENTAL,00,,YEAR,IA,,CORN,STATE,FIELD CROPS,00,,ANNUAL,"CHEMICAL, INSECTICIDE",9000,00000000
APPLICATIONS,,"CORN - APPLICATIONS, MEASURED IN LB / ACRE / YEAR, AVG",19,ALL PRODUCTION PRACTICES,,,"CHEMICAL, INSECTICIDE: (GAMMA-CYHALOTHRIN = 128807)",IOWA,SURVEY,,,,ALL UTILIZATION PRACTICES,ALL CLASSES,2012-01-01 00:00:00.000,UNITED STATES,,IOWA,                 (D),"LB / ACRE / YEAR, AVG",,2010,19,ENVIRONMENTAL,00,,YEAR,IA,,CORN,STATE,FIELD CROPS,00,,ANNUAL,"CHEMICAL, INSECTICIDE",9000,00000000
APPLICATIONS,,"CORN - APPLICATIONS, MEASURED IN LB / ACRE / YEAR, AVG",19,ALL PRODUCTION PRACTICES,,,"CHEMICAL, INSECTICIDE: (LAMBDA-CYHALOTHRIN = 128897)",IOWA,SURVEY,,,,ALL UTILIZATION PRACTICES,ALL CLASSES,2021-05-13 15:00:30.000,UNITED STATES,,IOWA,                 (D),"LB / ACRE / YEAR, AVG",,2021,19,ENVIRONMENTAL,00,,YEAR,IA,,CORN,STATE,FIELD CROPS,00,,ANNUAL,"CHEMICAL, INSECTICIDE",9000,00000000
APPLICATIONS,,"CORN - APPLICATIONS, MEASURED IN LB / ACRE / YEAR, AVG",19,ALL PRODUCTION PRACTICES,,,"CHEMICAL, INSECTICIDE: (LAMBDA-CYHALOTHRIN = 128897)",IOWA,SURVEY,,,,ALL UTILIZATION PRACTICES,ALL CLASSES,2018-05-10 15:16:25.000,UNITED STATES,,IOWA,0.033,"LB / ACRE / YEAR, AVG",,2018,19,ENVIRONMENTAL,00,,YEAR,IA,,CORN,STATE,FIELD CROPS,00,,ANNUAL,"CHEMICAL, INSECTICIDE",9000,00000000
APPLICATIONS,,"CORN - APPLICATIONS, MEASURED IN LB / ACRE / YEAR, AVG",19,ALL PRODUCTION PRACTICES,,,"CHEMICAL, INSECTICIDE: (LAMBDA-CYHALOTHRIN = 128897)",IOWA,SURVEY,,,,ALL UTILIZATION PRACTICES,ALL CLASSES,2016-08-31 14:19:39.000,UNITED STATES,,IOWA,                 (D),"LB / ACRE / YEAR, AVG",,2016,19,ENVIRONMENTAL,00,,YEAR,IA,,CORN,STATE,FIELD CROPS,00,,ANNUAL,"CHEMICAL, INSECTICIDE",9000,00000000
APPLICATIONS,,"CORN - APPLICATIONS, MEASURED IN LB / ACRE / YEAR, AVG",19,ALL PRODUCTION PRACTICES,,,"CHEMICAL, INSECTICIDE: (LAMBDA-CYHALOTHRIN = 128897)",IOWA,SURVEY,,,,ALL UTILIZATION PRACTICES,ALL CLASSES,2014-05-14 15:12:54.000,UNITED STATES,,IOWA,                 (D),"LB / ACRE / YEAR, AVG",,2014,19,ENVIRONMENTAL,00,,YEAR,IA,,CORN,STATE,FIELD CROPS,00,,ANNUAL,"CHEMICAL, INSECTICIDE",9000,00000000
APPLICATIONS,,"CORN - APPLICATIONS, MEASURED IN LB / ACRE / YEAR, AVG",19,ALL PRODUCTION PRACTICES,,,"CHEMICAL, INSECTICIDE: (LAMBDA-CYHALOTHRIN = 128897)",IOWA,SURVEY,,,,ALL UTILIZATION PRACTICES,ALL CLASSES,2012-01-01 00:00:00.000,UNITED STATES,,IOWA,                 (D),"LB / ACRE / YEAR, AVG",,2010,19,ENVIRONMENTAL,00,,YEAR,IA,,CORN,STATE,FIELD CROPS,00,,ANNUAL,"CHEMICAL, INSECTICIDE",9000,00000000
APPLICATIONS,,"CORN - APPLICATIONS, MEASURED IN LB / ACRE / YEAR, AVG",19,ALL PRODUCTION PRACTICES,,,"CHEMICAL, INSECTICIDE: (PERMETHRIN = 109701)",IOWA,SURVEY,,,,ALL UTILIZATION PRACTICES,ALL CLASSES,2016-08-31 14:19:39.000,UNITED STATES,,IOWA,                 (D),"LB / ACRE / YEAR, AVG",,2016,19,ENVIRONMENTAL,00,,YEAR,IA,,CORN,STATE,FIELD CROPS,00,,ANNUAL,"CHEMICAL, INSECTICIDE",9000,00000000
APPLICATIONS,,"CORN - APPLICATIONS, MEASURED IN LB / ACRE / YEAR, AVG",19,ALL PRODUCTION PRACTICES,,,"CHEMICAL, INSECTICIDE: (PERMETHRIN = 109701)",IOWA,SURVEY,,,,ALL UTILIZATION PRACTICES,ALL CLASSES,2014-05-14 15:12:54.000,UNITED STATES,,IOWA,                 (D),"LB / ACRE / YEAR, AVG",,2014,19,ENVIRONMENTAL,00,,YEAR,IA,,CORN,STATE,FIELD CROPS,00,,ANNUAL,"CHEMICAL, INSECTICIDE",9000,00000000
APPLICATIONS,,"CORN - APPLICATIONS, MEASURED IN LB / ACRE / YEAR, AVG",19,ALL PRODUCTION PRACTICES,,,"CHEMICAL, INSECTICIDE: (PERMETHRIN = 109701)",IOWA,SURVEY,,,,ALL UTILIZATION PRACTICES,ALL CLASSES,2000-06-11 10:11:36.000,UNITED STATES,,IOWA,0.12,"LB / ACRE / YEAR, AVG",,2000,19,ENVIRONMENTAL,00,,YEAR,IA,,CORN,STATE,FIELD CROPS,00,,ANNUAL,"CHEMICAL, INSECTICIDE",9000,00000000
APPLICATIONS,,"CORN - APPLICATIONS, MEASURED IN LB / ACRE / YEAR, AVG",19,ALL PRODUCTION PRACTICES,,,"CHEMICAL, INSECTICIDE: (SPINETORAM = 110007)",IOWA,SURVEY,,,,ALL UTILIZATION PRACTICES,ALL CLASSES,2018-05-10 15:16:25.000,UNITED STATES,,IOWA,                 (D),"LB / ACRE / YEAR, AVG",,2018,19,ENVIRONMENTAL,00,,YEAR,IA,,CORN,STATE,FIELD CROPS,00,,ANNUAL,"CHEMICAL, INSECTICIDE",9000,00000000
APPLICATIONS,,"CORN - APPLICATIONS, MEASURED IN LB / ACRE / YEAR, AVG",19,ALL PRODUCTION PRACTICES,,,"CHEMICAL, INSECTICIDE: (SPINOSAD = 110003)",IOWA,SURVEY,,,,ALL UTILIZATION PRACTICES,ALL CLASSES,2014-05-14 15:12:54.000,UNITED STATES,,IOWA,                 (D),"LB / ACRE / YEAR, AVG",,2014,19,ENVIRONMENTAL,00,,YEAR,IA,,CORN,STATE,FIELD CROPS,00,,ANNUAL,"CHEMICAL, INSECTICIDE",9000,00000000
APPLICATIONS,,"CORN - APPLICATIONS, MEASURED IN LB / ACRE / YEAR, AVG",19,ALL PRODUCTION PRACTICES,,,"CHEMICAL, INSECTICIDE: (TEBUPIRIMPHOS = 129086)",IOWA,SURVEY,,,,ALL UTILIZATION PRACTICES,ALL CLASSES,2021-05-13 15:00:30.000,UNITED STATES,,IOWA,                 (D),"LB / ACRE / YEAR, AVG",,2021,19,ENVIRONMENTAL,00,,YEAR,IA,,CORN,STATE,FIELD CROPS,00,,ANNUAL,"CHEMICAL, INSECTICIDE",9000,00000000
APPLICATIONS,,"CORN - APPLICATIONS, MEASURED IN LB / ACRE / YEAR, AVG",19,ALL PRODUCTION PRACTICES,,,"CHEMICAL, INSECTICIDE: (TEBUPIRIMPHOS = 129086)",IOWA,SURVEY,,,,ALL UTILIZATION PRACTICES,ALL CLASSES,2018-05-10 15:16:25.000,UNITED STATES,,IOWA,                 (D),"LB / ACRE / YEAR, AVG",,2018,19,ENVIRONMENTAL,00,,YEAR,IA,,CORN,STATE,FIELD CROPS,00,,ANNUAL,"CHEMICAL, INSECTICIDE",9000,00000000
APPLICATIONS,,"CORN - APPLICATIONS, MEASURED IN LB / ACRE / YEAR, AVG",19,ALL PRODUCTION PRACTICES,,,"CHEMICAL, INSECTICIDE: (TEBUPIRIMPHOS = 129086)",IOWA,SURVEY,,,,ALL UTILIZATION PRACTICES,ALL CLASSES,2016-08-31 14:19:39.000,UNITED STATES,,IOWA,0.13,"LB / ACRE / YEAR, AVG",,2016,19,ENVIRONMENTAL,00,,YEAR,IA,,CORN,STATE,FIELD CROPS,00,,ANNUAL,"CHEMICAL, INSECTICIDE",9000,00000000
APPLICATIONS,,"CORN - APPLICATIONS, MEASURED IN LB / ACRE / YEAR, AVG",19,ALL PRODUCTION PRACTICES,,,"CHEMICAL, INSECTICIDE: (TEBUPIRIMPHOS = 129086)",IOWA,SURVEY,,,,ALL UTILIZATION PRACTICES,ALL CLASSES,2014-05-14 15:12:54.000,UNITED STATES,,IOWA,0.008,"LB / ACRE / YEAR, AVG",,2014,19,ENVIRONMENTAL,00,,YEAR,IA,,CORN,STATE,FIELD CROPS,00,,ANNUAL,"CHEMICAL, INSECTICIDE",9000,00000000
APPLICATIONS,,"CORN - APPLICATIONS, MEASURED IN LB / ACRE / YEAR, AVG",19,ALL PRODUCTION PRACTICES,,,"CHEMICAL, INSECTICIDE: (TEBUPIRIMPHOS = 129086)",IOWA,SURVEY,,,,ALL UTILIZATION PRACTICES,ALL CLASSES,2012-01-01 00:00:00.000,UNITED STATES,,IOWA,0.105,"LB / ACRE / YEAR, AVG",,2010,19,ENVIRONMENTAL,00,,YEAR,IA,,CORN,STATE,FIELD CROPS,00,,ANNUAL,"CHEMICAL, INSECTICIDE",9000,00000000
APPLICATIONS,,"CORN - APPLICATIONS, MEASURED IN LB / ACRE / YEAR, AVG",19,ALL PRODUCTION PRACTICES,,,"CHEMICAL, INSECTICIDE: (TEBUPIRIMPHOS = 129086)",IOWA,SURVEY,,,,ALL UTILIZATION PRACTICES,ALL CLASSES,2005-06-11 10:11:36.000,UNITED STATES,,IOWA,0.115,"LB / ACRE / YEAR, AVG",,2005,19,ENVIRONMENTAL,00,,YEAR,IA,,CORN,STATE,FIELD CROPS,00,,ANNUAL,"CHEMICAL, INSECTICIDE",9000,00000000
APPLICATIONS,,"CORN - APPLICATIONS, MEASURED IN LB / ACRE / YEAR, AVG",19,ALL PRODUCTION PRACTICES,,,"CHEMICAL, INSECTICIDE: (TEBUPIRIMPHOS = 129086)",IOWA,SURVEY,,,,ALL UTILIZATION PRACTICES,ALL CLASSES,2003-06-11 10:11:36.000,UNITED STATES,,IOWA,0.1,"LB / ACRE / YEAR, AVG",,2003,19,ENVIRONMENTAL,00,,YEAR,IA,,CORN,STATE,FIELD CROPS,00,,ANNUAL,"CHEMICAL, INSECTICIDE",9000,00000000
APPLICATIONS,,"CORN - APPLICATIONS, MEASURED IN LB / ACRE / YEAR, AVG",19,ALL PRODUCTION PRACTICES,,,"CHEMICAL, INSECTICIDE: (TEBUPIRIMPHOS = 129086)",IOWA,SURVEY,,,,ALL UTILIZATION PRACTICES,ALL CLASSES,2000-06-11 10:11:36.000,UNITED STATES,,IOWA,0.13,"LB / ACRE / YEAR, AVG",,2000,19,ENVIRONMENTAL,00,,YEAR,IA,,CORN,STATE,FIELD CROPS,00,,ANNUAL,"CHEMICAL, INSECTICIDE",9000,00000000
APPLICATIONS,,"CORN - APPLICATIONS, MEASURED IN LB / ACRE / YEAR, AVG",19,ALL PRODUCTION PRACTICES,,,"CHEMICAL, INSECTICIDE: (TEFLUTHRIN = 128912)",IOWA,SURVEY,,,,ALL UTILIZATION PRACTICES,ALL CLASSES,2018-05-10 15:16:25.000,UNITED STATES,,IOWA,                 (D),"LB / ACRE / YEAR, AVG",,2018,19,ENVIRONMENTAL,00,,YEAR,IA,,CORN,STATE,FIELD CROPS,00,,ANNUAL,"CHEMICAL, INSECTICIDE",9000,00000000
APPLICATIONS,,"CORN - APPLICATIONS, MEASURED IN LB / ACRE / YEAR, AVG",19,ALL PRODUCTION PRACTICES,,,"CHEMICAL, INSECTICIDE: (TEFLUTHRIN = 128912)",IOWA,SURVEY,,,,ALL UTILIZATION PRACTICES,ALL CLASSES,2016-08-31 14:19:39.000,UNITED STATES,,IOWA,                 (D),"LB / ACRE / YEAR, AVG",,2016,19,ENVIRONMENTAL,00,,YEAR,IA,,CORN,STATE,FIELD CROPS,00,,ANNUAL,"CHEMICAL, INSECTICIDE",9000,00000000
APPLICATIONS,,"CORN - APPLICATIONS, MEASURED IN LB / ACRE / YEAR, AVG",19,ALL PRODUCTION PRACTICES,,,"CHEMICAL, INSECTICIDE: (TEFLUTHRIN = 128912)",IOWA,SURVEY,,,,ALL UTILIZATION PRACTICES,ALL CLASSES,2014-05-14 15:12:54.000,UNITED STATES,,IOWA,                 (D),"LB / ACRE / YEAR, AVG",,2014,19,ENVIRONMENTAL,00,,YEAR,IA,,CORN,STATE,FIELD CROPS,00,,ANNUAL,"CHEMICAL, INSECTICIDE",9000,00000000
APPLICATIONS,,"CORN - APPLICATIONS, MEASURED IN LB / ACRE / YEAR, AVG",19,ALL PRODUCTION PRACTICES,,,"CHEMICAL, INSECTICIDE: (TEFLUTHRIN = 128912)",IOWA,SURVEY,,,,ALL UTILIZATION PRACTICES,ALL CLASSES,2005-06-11 10:11:36.000,UNITED STATES,,IOWA,0.107,"LB / ACRE / YEAR, AVG",,2005,19,ENVIRONMENTAL,00,,YEAR,IA,,CORN,STATE,FIELD CROPS,00,,ANNUAL,"CHEMICAL, INSECTICIDE",9000,00000000
APPLICATIONS,,"CORN - APPLICATIONS, MEASURED IN LB / ACRE / YEAR, AVG",19,ALL PRODUCTION PRACTICES,,,"CHEMICAL, INSECTICIDE: (TEFLUTHRIN = 128912)",IOWA,SURVEY,,,,ALL UTILIZATION PRACTICES,ALL CLASSES,2002-06-11 10:11:36.000,UNITED STATES,,IOWA,0.1,"LB / ACRE / YEAR, AVG",,2002,19,ENVIRONMENTAL,00,,YEAR,IA,,CORN,STATE,FIELD CROPS,00,,ANNUAL,"CHEMICAL, INSECTICIDE",9000,00000000
APPLICATIONS,,"CORN - APPLICATIONS, MEASURED IN LB / ACRE / YEAR, AVG",19,ALL PRODUCTION PRACTICES,,,"CHEMICAL, INSECTICIDE: (TERBUFOS = 105001)",IOWA,SURVEY,,,,ALL UTILIZATION PRACTICES,ALL CLASSES,2016-08-31 14:19:39.000,UNITED STATES,,IOWA,                 (D),"LB / ACRE / YEAR, AVG",,2016,19,ENVIRONMENTAL,00,,YEAR,IA,,CORN,STATE,FIELD CROPS,00,,ANNUAL,"CHEMICAL, INSECTICIDE",9000,00000000
APPLICATIONS,,"CORN - APPLICATIONS, MEASURED IN LB / ACRE / YEAR, AVG",19,ALL PRODUCTION PRACTICES,,,"CHEMICAL, INSECTICIDE: (TERBUFOS = 105001)",IOWA,SURVEY,,,,ALL UTILIZATION PRACTICES,ALL CLASSES,2012-01-01 00:00:00.000,UNITED STATES,,IOWA,                 (D),"LB / ACRE / YEAR, AVG",,2010,19,ENVIRONMENTAL,00,,YEAR,IA,,CORN,STATE,FIELD CROPS,00,,ANNUAL,"CHEMICAL, INSECTICIDE",9000,00000000
APPLICATIONS,,"CORN - APPLICATIONS, MEASURED IN LB / ACRE / YEAR, AVG",19,ALL PRODUCTION PRACTICES,,,"CHEMICAL, INSECTICIDE: (ZETA-CYPERMETHRIN = 129064)",IOWA,SURVEY,,,,ALL UTILIZATION PRACTICES,ALL CLASSES,2018-05-10 15:16:25.000,UNITED STATES,,IOWA,                 (D),"LB / ACRE / YEAR, AVG",,2018,19,ENVIRONMENTAL,00,,YEAR,IA,,CORN,STATE,FIELD CROPS,00,,ANNUAL,"CHEMICAL, INSECTICIDE",9000,00000000
APPLICATIONS,,"CORN - APPLICATIONS, MEASURED IN LB / ACRE / YEAR, AVG",19,ALL PRODUCTION PRACTICES,,,"CHEMICAL, INSECTICIDE: (ZETA-CYPERMETHRIN = 129064)",IOWA,SURVEY,,,,ALL UTILIZATION PRACTICES,ALL CLASSES,2016-08-31 14:19:39.000,UNITED STATES,,IOWA,                 (D),"LB / ACRE / YEAR, AVG",,2016,19,ENVIRONMENTAL,00,,YEAR,IA,,CORN,STATE,FIELD CROPS,00,,ANNUAL,"CHEMICAL, INSECTICIDE",9000,00000000
APPLICATIONS,,"CORN - APPLICATIONS, MEASURED IN LB / ACRE / YEAR, AVG",19,ALL PRODUCTION PRACTICES,,,"CHEMICAL, OTHER: (CLOPYRALID POTASSIUM = 117423)",IOWA,SURVEY,,,,ALL UTILIZATION PRACTICES,ALL CLASSES,2016-08-31 14:19:39.000,UNITED STATES,,IOWA,                 (D),"LB / ACRE / YEAR, AVG",,2016,19,ENVIRONMENTAL,00,,YEAR,IA,,CORN,STATE,FIELD CROPS,00,,ANNUAL,"CHEMICAL, OTHER",9000,00000000
APPLICATIONS,,"CORN - APPLICATIONS, MEASURED IN LB / ACRE / YEAR, AVG",19,ALL PRODUCTION PRACTICES,,,"CHEMICAL, OTHER: (FLUTRIAFOL = 128940)",IOWA,SURVEY,,,,ALL UTILIZATION PRACTICES,ALL CLASSES,2018-05-10 15:16:25.000,UNITED STATES,,IOWA,                 (D),"LB / ACRE / YEAR, AVG",,2018,19,ENVIRONMENTAL,00,,YEAR,IA,,CORN,STATE,FIELD CROPS,00,,ANNUAL,"CHEMICAL, OTHER",9000,00000000
APPLICATIONS,,"CORN - APPLICATIONS, MEASURED IN LB / ACRE / YEAR, AVG",19,ALL PRODUCTION PRACTICES,,,"CHEMICAL, OTHER: (FLUTRIAFOL = 128940)",IOWA,SURVEY,,,,ALL UTILIZATION PRACTICES,ALL CLASSES,2014-05-14 15:12:54.000,UNITED STATES,,IOWA,                 (D),"LB / ACRE / YEAR, AVG",,2014,19,ENVIRONMENTAL,00,,YEAR,IA,,CORN,STATE,FIELD CROPS,00,,ANNUAL,"CHEMICAL, OTHER",9000,00000000
APPLICATIONS,,"CORN - APPLICATIONS, MEASURED IN LB / ACRE / YEAR, AVG",19,ALL PRODUCTION PRACTICES,,,FERTILIZER: (NITROGEN),IOWA,SURVEY,,,,ALL UTILIZATION PRACTICES,ALL CLASSES,2021-05-13 15:00:30.000,UNITED STATES,,IOWA,149,"LB / ACRE / YEAR, AVG",,2021,19,ENVIRONMENTAL,00,,YEAR,IA,,CORN,STATE,FIELD CROPS,00,,ANNUAL,FERTILIZER,9000,00000000
APPLICATIONS,,"CORN - APPLICATIONS, MEASURED IN LB / ACRE / YEAR, AVG",19,ALL PRODUCTION PRACTICES,,,FERTILIZER: (NITROGEN),IOWA,SURVEY,,,,ALL UTILIZATION PRACTICES,ALL CLASSES,2018-05-10 15:16:25.000,UNITED STATES,,IOWA,139,"LB / ACRE / YEAR, AVG",,2018,19,ENVIRONMENTAL,00,,YEAR,IA,,CORN,STATE,FIELD CROPS,00,,ANNUAL,FERTILIZER,9000,00000000
APPLICATIONS,,"CORN - APPLICATIONS, MEASURED IN LB / ACRE / YEAR, AVG",19,ALL PRODUCTION PRACTICES,,,FERTILIZER: (NITROGEN),IOWA,SURVEY,,,,ALL UTILIZATION PRACTICES,ALL CLASSES,2016-08-31 14:19:39.000,UNITED STATES,,IOWA,150,"LB / ACRE / YEAR, AVG",,2016,19,ENVIRONMENTAL,00,,YEAR,IA,,CORN,STATE,FIELD CROPS,00,,ANNUAL,FERTILIZER,9000,00000000
APPLICATIONS,,"CORN - APPLICATIONS, MEASURED IN LB / ACRE / YEAR, AVG",19,ALL PRODUCTION PRACTICES,,,FERTILIZER: (NITROGEN),IOWA,SURVEY,,,,ALL UTILIZATION PRACTICES,ALL CLASSES,2014-05-14 15:12:54.000,UNITED STATES,,IOWA,141,"LB / ACRE / YEAR, AVG",,2014,19,ENVIRONMENTAL,00,,YEAR,IA,,CORN,STATE,FIELD CROPS,00,,ANNUAL,FERTILIZER,9000,00000000
APPLICATIONS,,"CORN - APPLICATIONS, MEASURED IN LB / ACRE / YEAR, AVG",19,ALL PRODUCTION PRACTICES,,,FERTILIZER: (NITROGEN),IOWA,SURVEY,,,,ALL UTILIZATION PRACTICES,ALL CLASSES,2012-01-01 00:00:00.000,UNITED STATES,,IOWA,142,"LB / ACRE / YEAR, AVG",,2010,19,ENVIRONMENTAL,00,,YEAR,IA,,CORN,STATE,FIELD CROPS,00,,ANNUAL,FERTILIZER,9000,00000000
APPLICATIONS,,"CORN - APPLICATIONS, MEASURED IN LB / ACRE / YEAR, AVG",19,ALL PRODUCTION PRACTICES,,,FERTILIZER: (NITROGEN),IOWA,SURVEY,,,,ALL UTILIZATION PRACTICES,ALL CLASSES,2005-06-11 10:11:36.000,UNITED STATES,,IOWA,141,"LB / ACRE / YEAR, AVG",,2005,19,ENVIRONMENTAL,00,,YEAR,IA,,CORN,STATE,FIELD CROPS,00,,ANNUAL,FERTILIZER,9000,00000000
APPLICATIONS,,"CORN - APPLICATIONS, MEASURED IN LB / ACRE / YEAR, AVG",19,ALL PRODUCTION PRACTICES,,,FERTILIZER: (NITROGEN),IOWA,SURVEY,,,,ALL UTILIZATION PRACTICES,ALL CLASSES,2003-06-11 10:11:36.000,UNITED STATES,,IOWA,133,"LB / ACRE / YEAR, AVG",,2003,19,ENVIRONMENTAL,00,,YEAR,IA,,CORN,STATE,FIELD CROPS,00,,ANNUAL,FERTILIZER,9000,00000000
APPLICATIONS,,"CORN - APPLICATIONS, MEASURED IN LB / ACRE / YEAR, AVG",19,ALL PRODUCTION PRACTICES,,,FERTILIZER: (NITROGEN),IOWA,SURVEY,,,,ALL UTILIZATION PRACTICES,ALL CLASSES,2002-06-11 10:11:36.000,UNITED STATES,,IOWA,122,"LB / ACRE / YEAR, AVG",,2002,19,ENVIRONMENTAL,00,,YEAR,IA,,CORN,STATE,FIELD CROPS,00,,ANNUAL,FERTILIZER,9000,00000000
APPLICATIONS,,"CORN - APPLICATIONS, MEASURED IN LB / ACRE / YEAR, AVG",19,ALL PRODUCTION PRACTICES,,,FERTILIZER: (NITROGEN),IOWA,SURVEY,,,,ALL UTILIZATION PRACTICES,ALL CLASSES,2001-06-11 10:11:36.000,UNITED STATES,,IOWA,125,"LB / ACRE / YEAR, AVG",,2001,19,ENVIRONMENTAL,00,,YEAR,IA,,CORN,STATE,FIELD CROPS,00,,ANNUAL,FERTILIZER,9000,00000000
APPLICATIONS,,"CORN - APPLICATIONS, MEASURED IN LB / ACRE / YEAR, AVG",19,ALL PRODUCTION PRACTICES,,,FERTILIZER: (NITROGEN),IOWA,SURVEY,,,,ALL UTILIZATION PRACTICES,ALL CLASSES,2000-06-11 10:11:36.000,UNITED STATES,,IOWA,131,"LB / ACRE / YEAR, AVG",,2000,19,ENVIRONMENTAL,00,,YEAR,IA,,CORN,STATE,FIELD CROPS,00,,ANNUAL,FERTILIZER,9000,00000000
APPLICATIONS,,"CORN - APPLICATIONS, MEASURED IN LB / ACRE / YEAR, AVG",19,ALL PRODUCTION PRACTICES,,,FERTILIZER: (PHOSPHATE),IOWA,SURVEY,,,,ALL UTILIZATION PRACTICES,ALL CLASSES,2021-05-13 15:00:30.000,UNITED STATES,,IOWA,64,"LB / ACRE / YEAR, AVG",,2021,19,ENVIRONMENTAL,00,,YEAR,IA,,CORN,STATE,FIELD CROPS,00,,ANNUAL,FERTILIZER,9000,00000000
APPLICATIONS,,"CORN - APPLICATIONS, MEASURED IN LB / ACRE / YEAR, AVG",19,ALL PRODUCTION PRACTICES,,,FERTILIZER: (PHOSPHATE),IOWA,SURVEY,,,,ALL UTILIZATION PRACTICES,ALL CLASSES,2018-05-10 15:16:25.000,UNITED STATES,,IOWA,74,"LB / ACRE / YEAR, AVG",,2018,19,ENVIRONMENTAL,00,,YEAR,IA,,CORN,STATE,FIELD CROPS,00,,ANNUAL,FERTILIZER,9000,00000000
APPLICATIONS,,"CORN - APPLICATIONS, MEASURED IN LB / ACRE / YEAR, AVG",19,ALL PRODUCTION PRACTICES,,,FERTILIZER: (PHOSPHATE),IOWA,SURVEY,,,,ALL UTILIZATION PRACTICES,ALL CLASSES,2016-08-31 14:19:39.000,UNITED STATES,,IOWA,75,"LB / ACRE / YEAR, AVG",,2016,19,ENVIRONMENTAL,00,,YEAR,IA,,CORN,STATE,FIELD CROPS,00,,ANNUAL,FERTILIZER,9000,00000000
APPLICATIONS,,"CORN - APPLICATIONS, MEASURED IN LB / ACRE / YEAR, AVG",19,ALL PRODUCTION PRACTICES,,,FERTILIZER: (PHOSPHATE),IOWA,SURVEY,,,,ALL UTILIZATION PRACTICES,ALL CLASSES,2014-05-14 15:12:54.000,UNITED STATES,,IOWA,68,"LB / ACRE / YEAR, AVG",,2014,19,ENVIRONMENTAL,00,,YEAR,IA,,CORN,STATE,FIELD CROPS,00,,ANNUAL,FERTILIZER,9000,00000000
APPLICATIONS,,"CORN - APPLICATIONS, MEASURED IN LB / ACRE / YEAR, AVG",19,ALL PRODUCTION PRACTICES,,,FERTILIZER: (PHOSPHATE),IOWA,SURVEY,,,,ALL UTILIZATION PRACTICES,ALL CLASSES,2012-01-01 00:00:00.000,UNITED STATES,,IOWA,65,"LB / ACRE / YEAR, AVG",,2010,19,ENVIRONMENTAL,00,,YEAR,IA,,CORN,STATE,FIELD CROPS,00,,ANNUAL,FERTILIZER,9000,00000000
APPLICATIONS,,"CORN - APPLICATIONS, MEASURED IN LB / ACRE / YEAR, AVG",19,ALL PRODUCTION PRACTICES,,,FERTILIZER: (PHOSPHATE),IOWA,SURVEY,,,,ALL UTILIZATION PRACTICES,ALL CLASSES,2005-06-11 10:11:36.000,UNITED STATES,,IOWA,64,"LB / ACRE / YEAR, AVG",,2005,19,ENVIRONMENTAL,00,,YEAR,IA,,CORN,STATE,FIELD CROPS,00,,ANNUAL,FERTILIZER,9000,00000000
APPLICATIONS,,"CORN - APPLICATIONS, MEASURED IN LB / ACRE / YEAR, AVG",19,ALL PRODUCTION PRACTICES,,,FERTILIZER: (PHOSPHATE),IOWA,SURVEY,,,,ALL UTILIZATION PRACTICES,ALL CLASSES,2003-06-11 10:11:36.000,UNITED STATES,,IOWA,64,"LB / ACRE / YEAR, AVG",,2003,19,ENVIRONMENTAL,00,,YEAR,IA,,CORN,STATE,FIELD CROPS,00,,ANNUAL,FERTILIZER,9000,00000000
APPLICATIONS,,"CORN - APPLICATIONS, MEASURED IN LB / ACRE / YEAR, AVG",19,ALL PRODUCTION PRACTICES,,,FERTILIZER: (PHOSPHATE),IOWA,SURVEY,,,,ALL UTILIZATION PRACTICES,ALL CLASSES,2002-06-11 10:11:36.000,UNITED STATES,,IOWA,58,"LB / ACRE / YEAR, AVG",,2002,19,ENVIRONMENTAL,00,,YEAR,IA,,CORN,STATE,FIELD CROPS,00,,ANNUAL,FERTILIZER,9000,00000000
APPLICATIONS,,"CORN - APPLICATIONS, MEASURED IN LB / ACRE / YEAR, AVG",19,ALL PRODUCTION PRACTICES,,,FERTILIZER: (PHOSPHATE),IOWA,SURVEY,,,,ALL UTILIZATION PRACTICES,ALL CLASSES,2001-06-11 10:11:36.000,UNITED STATES,,IOWA,57,"LB / ACRE / YEAR, AVG",,2001,19,ENVIRONMENTAL,00,,YEAR,IA,,CORN,STATE,FIELD CROPS,00,,ANNUAL,FERTILIZER,9000,00000000
APPLICATIONS,,"CORN - APPLICATIONS, MEASURED IN LB / ACRE / YEAR, AVG",19,ALL PRODUCTION PRACTICES,,,FERTILIZER: (PHOSPHATE),IOWA,SURVEY,,,,ALL UTILIZATION PRACTICES,ALL CLASSES,2000-06-11 10:11:36.000,UNITED STATES,,IOWA,55,"LB / ACRE / YEAR, AVG",,2000,19,ENVIRONMENTAL,00,,YEAR,IA,,CORN,STATE,FIELD CROPS,00,,ANNUAL,FERTILIZER,9000,00000000
APPLICATIONS,,"CORN - APPLICATIONS, MEASURED IN LB / ACRE / YEAR, AVG",19,ALL PRODUCTION PRACTICES,,,FERTILIZER: (POTASH),IOWA,SURVEY,,,,ALL UTILIZATION PRACTICES,ALL CLASSES,2021-05-13 15:00:30.000,UNITED STATES,,IOWA,89,"LB / ACRE / YEAR, AVG",,2021,19,ENVIRONMENTAL,00,,YEAR,IA,,CORN,STATE,FIELD CROPS,00,,ANNUAL,FERTILIZER,9000,00000000
APPLICATIONS,,"CORN - APPLICATIONS, MEASURED IN LB / ACRE / YEAR, AVG",19,ALL PRODUCTION PRACTICES,,,FERTILIZER: (POTASH),IOWA,SURVEY,,,,ALL UTILIZATION PRACTICES,ALL CLASSES,2018-05-10 15:16:25.000,UNITED STATES,,IOWA,89,"LB / ACRE / YEAR, AVG",,2018,19,ENVIRONMENTAL,00,,YEAR,IA,,CORN,STATE,FIELD CROPS,00,,ANNUAL,FERTILIZER,9000,00000000
APPLICATIONS,,"CORN - APPLICATIONS, MEASURED IN LB / ACRE / YEAR, AVG",19,ALL PRODUCTION PRACTICES,,,FERTILIZER: (POTASH),IOWA,SURVEY,,,,ALL UTILIZATION PRACTICES,ALL CLASSES,2016-08-31 14:19:39.000,UNITED STATES,,IOWA,97,"LB / ACRE / YEAR, AVG",,2016,19,ENVIRONMENTAL,00,,YEAR,IA,,CORN,STATE,FIELD CROPS,00,,ANNUAL,FERTILIZER,9000,00000000
APPLICATIONS,,"CORN - APPLICATIONS, MEASURED IN LB / ACRE / YEAR, AVG",19,ALL PRODUCTION PRACTICES,,,FERTILIZER: (POTASH),IOWA,SURVEY,,,,ALL UTILIZATION PRACTICES,ALL CLASSES,2014-05-14 15:12:54.000,UNITED STATES,,IOWA,82,"LB / ACRE / YEAR, AVG",,2014,19,ENVIRONMENTAL,00,,YEAR,IA,,CORN,STATE,FIELD CROPS,00,,ANNUAL,FERTILIZER,9000,00000000
APPLICATIONS,,"CORN - APPLICATIONS, MEASURED IN LB / ACRE / YEAR, AVG",19,ALL PRODUCTION PRACTICES,,,FERTILIZER: (POTASH),IOWA,SURVEY,,,,ALL UTILIZATION PRACTICES,ALL CLASSES,2012-01-01 00:00:00.000,UNITED STATES,,IOWA,80,"LB / ACRE / YEAR, AVG",,2010,19,ENVIRONMENTAL,00,,YEAR,IA,,CORN,STATE,FIELD CROPS,00,,ANNUAL,FERTILIZER,9000,00000000
APPLICATIONS,,"CORN - APPLICATIONS, MEASURED IN LB / ACRE / YEAR, AVG",19,ALL PRODUCTION PRACTICES,,,FERTILIZER: (POTASH),IOWA,SURVEY,,,,ALL UTILIZATION PRACTICES,ALL CLASSES,2005-06-11 10:11:36.000,UNITED STATES,,IOWA,84,"LB / ACRE / YEAR, AVG",,2005,19,ENVIRONMENTAL,00,,YEAR,IA,,CORN,STATE,FIELD CROPS,00,,ANNUAL,FERTILIZER,9000,00000000
APPLICATIONS,,"CORN - APPLICATIONS, MEASURED IN LB / ACRE / YEAR, AVG",19,ALL PRODUCTION PRACTICES,,,FERTILIZER: (POTASH),IOWA,SURVEY,,,,ALL UTILIZATION PRACTICES,ALL CLASSES,2003-06-11 10:11:36.000,UNITED STATES,,IOWA,83,"LB / ACRE / YEAR, AVG",,2003,19,ENVIRONMENTAL,00,,YEAR,IA,,CORN,STATE,FIELD CROPS,00,,ANNUAL,FERTILIZER,9000,00000000
APPLICATIONS,,"CORN - APPLICATIONS, MEASURED IN LB / ACRE / YEAR, AVG",19,ALL PRODUCTION PRACTICES,,,FERTILIZER: (POTASH),IOWA,SURVEY,,,,ALL UTILIZATION PRACTICES,ALL CLASSES,2002-06-11 10:11:36.000,UNITED STATES,,IOWA,71,"LB / ACRE / YEAR, AVG",,2002,19,ENVIRONMENTAL,00,,YEAR,IA,,CORN,STATE,FIELD CROPS,00,,ANNUAL,FERTILIZER,9000,00000000
APPLICATIONS,,"CORN - APPLICATIONS, MEASURED IN LB / ACRE / YEAR, AVG",19,ALL PRODUCTION PRACTICES,,,FERTILIZER: (POTASH),IOWA,SURVEY,,,,ALL UTILIZATION PRACTICES,ALL CLASSES,2001-06-11 10:11:36.000,UNITED STATES,,IOWA,69,"LB / ACRE / YEAR, AVG",,2001,19,ENVIRONMENTAL,00,,YEAR,IA,,CORN,STATE,FIELD CROPS,00,,ANNUAL,FERTILIZER,9000,00000000
APPLICATIONS,,"CORN - APPLICATIONS, MEASURED IN LB / ACRE / YEAR, AVG",19,ALL PRODUCTION PRACTICES,,,FERTILIZER: (POTASH),IOWA,SURVEY,,,,ALL UTILIZATION PRACTICES,ALL CLASSES,2000-06-11 10:11:36.000,UNITED STATES,,IOWA,69,"LB / ACRE / YEAR, AVG",,2000,19,ENVIRONMENTAL,00,,YEAR,IA,,CORN,STATE,FIELD CROPS,00,,ANNUAL,FERTILIZER,9000,00000000
APPLICATIONS,,"CORN - APPLICATIONS, MEASURED IN LB / ACRE / YEAR, AVG",19,ALL PRODUCTION PRACTICES,,,FERTILIZER: (SULFUR),IOWA,SURVEY,,,,ALL UTILIZATION PRACTICES,ALL CLASSES,2021-05-13 15:00:30.000,UNITED STATES,,IOWA,15,"LB / ACRE / YEAR, AVG",,2021,19,ENVIRONMENTAL,00,,YEAR,IA,,CORN,STATE,FIELD CROPS,00,,ANNUAL,FERTILIZER,9000,00000000
APPLICATIONS,,"CORN - APPLICATIONS, MEASURED IN LB / ACRE / YEAR, AVG",19,ALL PRODUCTION PRACTICES,,,FERTILIZER: (SULFUR),IOWA,SURVEY,,,,ALL UTILIZATION PRACTICES,ALL CLASSES,2018-05-10 15:16:25.000,UNITED STATES,,IOWA,17,"LB / ACRE / YEAR, AVG",,2018,19,ENVIRONMENTAL,00,,YEAR,IA,,CORN,STATE,FIELD CROPS,00,,ANNUAL,FERTILIZER,9000,00000000
APPLICATIONS,,"CORN - APPLICATIONS, MEASURED IN LB / ACRE / YEAR, AVG",19,ALL PRODUCTION PRACTICES,,,FERTILIZER: (SULFUR),IOWA,SURVEY,,,,ALL UTILIZATION PRACTICES,ALL CLASSES,2016-08-31 14:19:39.000,UNITED STATES,,IOWA,16,"LB / ACRE / YEAR, AVG",,2016,19,ENVIRONMENTAL,00,,YEAR,IA,,CORN,STATE,FIELD CROPS,00,,ANNUAL,FERTILIZER,9000,00000000
APPLICATIONS,,"CORN - APPLICATIONS, MEASURED IN LB / ACRE / YEAR, AVG",19,ALL PRODUCTION PRACTICES,,,FERTILIZER: (SULFUR),IOWA,SURVEY,,,,ALL UTILIZATION PRACTICES,ALL CLASSES,2014-05-14 15:12:54.000,UNITED STATES,,IOWA,16,"LB / ACRE / YEAR, AVG",,2014,19,ENVIRONMENTAL,00,,YEAR,IA,,CORN,STATE,FIELD CROPS,00,,ANNUAL,FERTILIZER,9000,00000000
APPLICATIONS,,"CORN - APPLICATIONS, MEASURED IN LB / ACRE / YEAR, AVG",19,ALL PRODUCTION PRACTICES,,,FERTILIZER: (SULFUR),IOWA,SURVEY,,,,ALL UTILIZATION PRACTICES,ALL CLASSES,2012-01-01 00:00:00.000,UNITED STATES,,IOWA,11,"LB / ACRE / YEAR, AVG",,2010,19,ENVIRONMENTAL,00,,YEAR,IA,,CORN,STATE,FIELD CROPS,00,,ANNUAL,FERTILIZER,9000,00000000
APPLICATIONS,,"CORN - APPLICATIONS, MEASURED IN LB / ACRE / YEAR, AVG",19,ALL PRODUCTION PRACTICES,,,FERTILIZER: (SULFUR),IOWA,SURVEY,,,,ALL UTILIZATION PRACTICES,ALL CLASSES,2005-06-11 10:11:36.000,UNITED STATES,,IOWA,7,"LB / ACRE / YEAR, AVG",,2005,19,ENVIRONMENTAL,00,,YEAR,IA,,CORN,STATE,FIELD CROPS,00,,ANNUAL,FERTILIZER,9000,00000000
APPLICATIONS,,"CORN - APPLICATIONS, MEASURED IN NUMBER, AVG",19,ALL PRODUCTION PRACTICES,,,"CHEMICAL, FUNGICIDE: (AZOXYSTROBIN = 128810)",IOWA,SURVEY,,,,ALL UTILIZATION PRACTICES,ALL CLASSES,2021-05-13 15:00:30.000,UNITED STATES,,IOWA,1,"NUMBER, AVG",,2021,19,ENVIRONMENTAL,00,,YEAR,IA,,CORN,STATE,FIELD CROPS,00,,ANNUAL,"CHEMICAL, FUNGICIDE",9000,00000000
APPLICATIONS,,"CORN - APPLICATIONS, MEASURED IN NUMBER, AVG",19,ALL PRODUCTION PRACTICES,,,"CHEMICAL, FUNGICIDE: (AZOXYSTROBIN = 128810)",IOWA,SURVEY,,,,ALL UTILIZATION PRACTICES,ALL CLASSES,2018-05-10 15:16:25.000,UNITED STATES,,IOWA,1,"NUMBER, AVG",,2018,19,ENVIRONMENTAL,00,,YEAR,IA,,CORN,STATE,FIELD CROPS,00,,ANNUAL,"CHEMICAL, FUNGICIDE",9000,00000000
APPLICATIONS,,"CORN - APPLICATIONS, MEASURED IN NUMBER, AVG",19,ALL PRODUCTION PRACTICES,,,"CHEMICAL, FUNGICIDE: (AZOXYSTROBIN = 128810)",IOWA,SURVEY,,,,ALL UTILIZATION PRACTICES,ALL CLASSES,2016-08-31 14:19:39.000,UNITED STATES,,IOWA,1,"NUMBER, AVG",,2016,19,ENVIRONMENTAL,00,,YEAR,IA,,CORN,STATE,FIELD CROPS,00,,ANNUAL,"CHEMICAL, FUNGICIDE",9000,00000000
APPLICATIONS,,"CORN - APPLICATIONS, MEASURED IN NUMBER, AVG",19,ALL PRODUCTION PRACTICES,,,"CHEMICAL, FUNGICIDE: (AZOXYSTROBIN = 128810)",IOWA,SURVEY,,,,ALL UTILIZATION PRACTICES,ALL CLASSES,2014-05-14 15:12:54.000,UNITED STATES,,IOWA,1,"NUMBER, AVG",,2014,19,ENVIRONMENTAL,00,,YEAR,IA,,CORN,STATE,FIELD CROPS,00,,ANNUAL,"CHEMICAL, FUNGICIDE",9000,00000000
APPLICATIONS,,"CORN - APPLICATIONS, MEASURED IN NUMBER, AVG",19,ALL PRODUCTION PRACTICES,,,"CHEMICAL, FUNGICIDE: (AZOXYSTROBIN = 128810)",IOWA,SURVEY,,,,ALL UTILIZATION PRACTICES,ALL CLASSES,2012-01-01 00:00:00.000,UNITED STATES,,IOWA,                 (D),"NUMBER, AVG",,2010,19,ENVIRONMENTAL,00,,YEAR,IA,,CORN,STATE,FIELD CROPS,00,,ANNUAL,"CHEMICAL, FUNGICIDE",9000,00000000
APPLICATIONS,,"CORN - APPLICATIONS, MEASURED IN NUMBER, AVG",19,ALL PRODUCTION PRACTICES,,,"CHEMICAL, FUNGICIDE: (BENZOVINDIFLUPYR = 122305)",IOWA,SURVEY,,,,ALL UTILIZATION PRACTICES,ALL CLASSES,2021-05-13 15:00:30.000,UNITED STATES,,IOWA,                 (D),"NUMBER, AVG",,2021,19,ENVIRONMENTAL,00,,YEAR,IA,,CORN,STATE,FIELD CROPS,00,,ANNUAL,"CHEMICAL, FUNGICIDE",9000,00000000
APPLICATIONS,,"CORN - APPLICATIONS, MEASURED IN NUMBER, AVG",19,ALL PRODUCTION PRACTICES,,,"CHEMICAL, FUNGICIDE: (BENZOVINDIFLUPYR = 122305)",IOWA,SURVEY,,,,ALL UTILIZATION PRACTICES,ALL CLASSES,2018-05-10 15:16:25.000,UNITED STATES,,IOWA,1,"NUMBER, AVG",,2018,19,ENVIRONMENTAL,00,,YEAR,IA,,CORN,STATE,FIELD CROPS,00,,ANNUAL,"CHEMICAL, FUNGICIDE",9000,00000000
APPLICATIONS,,"CORN - APPLICATIONS, MEASURED IN NUMBER, AVG",19,ALL PRODUCTION PRACTICES,,,"CHEMICAL, FUNGICIDE: (CAPTAN = 81301)",IOWA,SURVEY,,,,ALL UTILIZATION PRACTICES,ALL CLASSES,2018-05-10 15:16:25.000,UNITED STATES,,IOWA,                 (D),"NUMBER, AVG",,2018,19,ENVIRONMENTAL,00,,YEAR,IA,,CORN,STATE,FIELD CROPS,00,,ANNUAL,"CHEMICAL, FUNGICIDE",9000,00000000
APPLICATIONS,,"CORN - APPLICATIONS, MEASURED IN NUMBER, AVG",19,ALL PRODUCTION PRACTICES,,,"CHEMICAL, FUNGICIDE: (CYPROCONAZOLE = 128993)",IOWA,SURVEY,,,,ALL UTILIZATION PRACTICES,ALL CLASSES,2018-05-10 15:16:25.000,UNITED STATES,,IOWA,                 (D),"NUMBER, AVG",,2018,19,ENVIRONMENTAL,00,,YEAR,IA,,CORN,STATE,FIELD CROPS,00,,ANNUAL,"CHEMICAL, FUNGICIDE",9000,00000000
APPLICATIONS,,"CORN - APPLICATIONS, MEASURED IN NUMBER, AVG",19,ALL PRODUCTION PRACTICES,,,"CHEMICAL, FUNGICIDE: (FLUOPYRAM = 80302)",IOWA,SURVEY,,,,ALL UTILIZATION PRACTICES,ALL CLASSES,2021-05-13 15:00:30.000,UNITED STATES,,IOWA,                 (D),"NUMBER, AVG",,2021,19,ENVIRONMENTAL,00,,YEAR,IA,,CORN,STATE,FIELD CROPS,00,,ANNUAL,"CHEMICAL, FUNGICIDE",9000,00000000
APPLICATIONS,,"CORN - APPLICATIONS, MEASURED IN NUMBER, AVG",19,ALL PRODUCTION PRACTICES,,,"CHEMICAL, FUNGICIDE: (FLUOXASTROBIN = 28869)",IOWA,SURVEY,,,,ALL UTILIZATION PRACTICES,ALL CLASSES,2018-05-10 15:16:25.000,UNITED STATES,,IOWA,                 (D),"NUMBER, AVG",,2018,19,ENVIRONMENTAL,00,,YEAR,IA,,CORN,STATE,FIELD CROPS,00,,ANNUAL,"CHEMICAL, FUNGICIDE",9000,00000000
APPLICATIONS,,"CORN - APPLICATIONS, MEASURED IN NUMBER, AVG",19,ALL PRODUCTION PRACTICES,,,"CHEMICAL, FUNGICIDE: (FLUOXASTROBIN = 28869)",IOWA,SURVEY,,,,ALL UTILIZATION PRACTICES,ALL CLASSES,2014-05-14 15:12:54.000,UNITED STATES,,IOWA,                 (D),"NUMBER, AVG",,2014,19,ENVIRONMENTAL,00,,YEAR,IA,,CORN,STATE,FIELD CROPS,00,,ANNUAL,"CHEMICAL, FUNGICIDE",9000,00000000
APPLICATIONS,,"CORN - APPLICATIONS, MEASURED IN NUMBER, AVG",19,ALL PRODUCTION PRACTICES,,,"CHEMICAL, FUNGICIDE: (FLUXAPYROXAD = 138009)",IOWA,SURVEY,,,,ALL UTILIZATION PRACTICES,ALL CLASSES,2016-08-31 14:19:39.000,UNITED STATES,,IOWA,                 (D),"NUMBER, AVG",,2016,19,ENVIRONMENTAL,00,,YEAR,IA,,CORN,STATE,FIELD CROPS,00,,ANNUAL,"CHEMICAL, FUNGICIDE",9000,00000000
APPLICATIONS,,"CORN - APPLICATIONS, MEASURED IN NUMBER, AVG",19,ALL PRODUCTION PRACTICES,,,"CHEMICAL, FUNGICIDE: (FLUXAPYROXAD = 138009)",IOWA,SURVEY,,,,ALL UTILIZATION PRACTICES,ALL CLASSES,2014-05-14 15:12:54.000,UNITED STATES,,IOWA,                 (D),"NUMBER, AVG",,2014,19,ENVIRONMENTAL,00,,YEAR,IA,,CORN,STATE,FIELD CROPS,00,,ANNUAL,"CHEMICAL, FUNGICIDE",9000,00000000
APPLICATIONS,,"CORN - APPLICATIONS, MEASURED IN NUMBER, AVG",19,ALL PRODUCTION PRACTICES,,,"CHEMICAL, FUNGICIDE: (MEFENTRIFLUCONAZOLE = 122000)",IOWA,SURVEY,,,,ALL UTILIZATION PRACTICES,ALL CLASSES,2021-05-13 15:00:30.000,UNITED STATES,,IOWA,                 (D),"NUMBER, AVG",,2021,19,ENVIRONMENTAL,00,,YEAR,IA,,CORN,STATE,FIELD CROPS,00,,ANNUAL,"CHEMICAL, FUNGICIDE",9000,00000000
APPLICATIONS,,"CORN - APPLICATIONS, MEASURED IN NUMBER, AVG",19,ALL PRODUCTION PRACTICES,,,"CHEMICAL, FUNGICIDE: (METCONAZOLE = 125619)",IOWA,SURVEY,,,,ALL UTILIZATION PRACTICES,ALL CLASSES,2021-05-13 15:00:30.000,UNITED STATES,,IOWA,                 (D),"NUMBER, AVG",,2021,19,ENVIRONMENTAL,00,,YEAR,IA,,CORN,STATE,FIELD CROPS,00,,ANNUAL,"CHEMICAL, FUNGICIDE",9000,00000000
APPLICATIONS,,"CORN - APPLICATIONS, MEASURED IN NUMBER, AVG",19,ALL PRODUCTION PRACTICES,,,"CHEMICAL, FUNGICIDE: (METCONAZOLE = 125619)",IOWA,SURVEY,,,,ALL UTILIZATION PRACTICES,ALL CLASSES,2018-05-10 15:16:25.000,UNITED STATES,,IOWA,                 (D),"NUMBER, AVG",,2018,19,ENVIRONMENTAL,00,,YEAR,IA,,CORN,STATE,FIELD CROPS,00,,ANNUAL,"CHEMICAL, FUNGICIDE",9000,00000000
APPLICATIONS,,"CORN - APPLICATIONS, MEASURED IN NUMBER, AVG",19,ALL PRODUCTION PRACTICES,,,"CHEMICAL, FUNGICIDE: (METCONAZOLE = 125619)",IOWA,SURVEY,,,,ALL UTILIZATION PRACTICES,ALL CLASSES,2016-08-31 14:19:39.000,UNITED STATES,,IOWA,1,"NUMBER, AVG",,2016,19,ENVIRONMENTAL,00,,YEAR,IA,,CORN,STATE,FIELD CROPS,00,,ANNUAL,"CHEMICAL, FUNGICIDE",9000,00000000
APPLICATIONS,,"CORN - APPLICATIONS, MEASURED IN NUMBER, AVG",19,ALL PRODUCTION PRACTICES,,,"CHEMICAL, FUNGICIDE: (METCONAZOLE = 125619)",IOWA,SURVEY,,,,ALL UTILIZATION PRACTICES,ALL CLASSES,2014-05-14 15:12:54.000,UNITED STATES,,IOWA,1,"NUMBER, AVG",,2014,19,ENVIRONMENTAL,00,,YEAR,IA,,CORN,STATE,FIELD CROPS,00,,ANNUAL,"CHEMICAL, FUNGICIDE",9000,00000000
APPLICATIONS,,"CORN - APPLICATIONS, MEASURED IN NUMBER, AVG",19,ALL PRODUCTION PRACTICES,,,"CHEMICAL, FUNGICIDE: (PICOXYSTROBIN = 129200)",IOWA,SURVEY,,,,ALL UTILIZATION PRACTICES,ALL CLASSES,2018-05-10 15:16:25.000,UNITED STATES,,IOWA,                 (D),"NUMBER, AVG",,2018,19,ENVIRONMENTAL,00,,YEAR,IA,,CORN,STATE,FIELD CROPS,00,,ANNUAL,"CHEMICAL, FUNGICIDE",9000,00000000
APPLICATIONS,,"CORN - APPLICATIONS, MEASURED IN NUMBER, AVG",19,ALL PRODUCTION PRACTICES,,,"CHEMICAL, FUNGICIDE: (PICOXYSTROBIN = 129200)",IOWA,SURVEY,,,,ALL UTILIZATION PRACTICES,ALL CLASSES,2014-05-14 15:12:54.000,UNITED STATES,,IOWA,                 (D),"NUMBER, AVG",,2014,19,ENVIRONMENTAL,00,,YEAR,IA,,CORN,STATE,FIELD CROPS,00,,ANNUAL,"CHEMICAL, FUNGICIDE",9000,00000000
APPLICATIONS,,"CORN - APPLICATIONS, MEASURED IN NUMBER, AVG",19,ALL PRODUCTION PRACTICES,,,"CHEMICAL, FUNGICIDE: (PROPICONAZOLE = 122101)",IOWA,SURVEY,,,,ALL UTILIZATION PRACTICES,ALL CLASSES,2021-05-13 15:00:30.000,UNITED STATES,,IOWA,1,"NUMBER, AVG",,2021,19,ENVIRONMENTAL,00,,YEAR,IA,,CORN,STATE,FIELD CROPS,00,,ANNUAL,"CHEMICAL, FUNGICIDE",9000,00000000
APPLICATIONS,,"CORN - APPLICATIONS, MEASURED IN NUMBER, AVG",19,ALL PRODUCTION PRACTICES,,,"CHEMICAL, FUNGICIDE: (PROPICONAZOLE = 122101)",IOWA,SURVEY,,,,ALL UTILIZATION PRACTICES,ALL CLASSES,2018-05-10 15:16:25.000,UNITED STATES,,IOWA,1,"NUMBER, AVG",,2018,19,ENVIRONMENTAL,00,,YEAR,IA,,CORN,STATE,FIELD CROPS,00,,ANNUAL,"CHEMICAL, FUNGICIDE",9000,00000000
APPLICATIONS,,"CORN - APPLICATIONS, MEASURED IN NUMBER, AVG",19,ALL PRODUCTION PRACTICES,,,"CHEMICAL, FUNGICIDE: (PROPICONAZOLE = 122101)",IOWA,SURVEY,,,,ALL UTILIZATION PRACTICES,ALL CLASSES,2016-08-31 14:19:39.000,UNITED STATES,,IOWA,1.2,"NUMBER, AVG",,2016,19,ENVIRONMENTAL,00,,YEAR,IA,,CORN,STATE,FIELD CROPS,00,,ANNUAL,"CHEMICAL, FUNGICIDE",9000,00000000
APPLICATIONS,,"CORN - APPLICATIONS, MEASURED IN NUMBER, AVG",19,ALL PRODUCTION PRACTICES,,,"CHEMICAL, FUNGICIDE: (PROPICONAZOLE = 122101)",IOWA,SURVEY,,,,ALL UTILIZATION PRACTICES,ALL CLASSES,2014-05-14 15:12:54.000,UNITED STATES,,IOWA,1.1,"NUMBER, AVG",,2014,19,ENVIRONMENTAL,00,,YEAR,IA,,CORN,STATE,FIELD CROPS,00,,ANNUAL,"CHEMICAL, FUNGICIDE",9000,00000000
APPLICATIONS,,"CORN - APPLICATIONS, MEASURED IN NUMBER, AVG",19,ALL PRODUCTION PRACTICES,,,"CHEMICAL, FUNGICIDE: (PROPICONAZOLE = 122101)",IOWA,SURVEY,,,,ALL UTILIZATION PRACTICES,ALL CLASSES,2012-01-01 00:00:00.000,UNITED STATES,,IOWA,                 (D),"NUMBER, AVG",,2010,19,ENVIRONMENTAL,00,,YEAR,IA,,CORN,STATE,FIELD CROPS,00,,ANNUAL,"CHEMICAL, FUNGICIDE",9000,00000000
APPLICATIONS,,"CORN - APPLICATIONS, MEASURED IN NUMBER, AVG",19,ALL PRODUCTION PRACTICES,,,"CHEMICAL, FUNGICIDE: (PROTHIOCONAZOLE = 113961)",IOWA,SURVEY,,,,ALL UTILIZATION PRACTICES,ALL CLASSES,2021-05-13 15:00:30.000,UNITED STATES,,IOWA,1,"NUMBER, AVG",,2021,19,ENVIRONMENTAL,00,,YEAR,IA,,CORN,STATE,FIELD CROPS,00,,ANNUAL,"CHEMICAL, FUNGICIDE",9000,00000000
APPLICATIONS,,"CORN - APPLICATIONS, MEASURED IN NUMBER, AVG",19,ALL PRODUCTION PRACTICES,,,"CHEMICAL, FUNGICIDE: (PROTHIOCONAZOLE = 113961)",IOWA,SURVEY,,,,ALL UTILIZATION PRACTICES,ALL CLASSES,2018-05-10 15:16:25.000,UNITED STATES,,IOWA,1.3,"NUMBER, AVG",,2018,19,ENVIRONMENTAL,00,,YEAR,IA,,CORN,STATE,FIELD CROPS,00,,ANNUAL,"CHEMICAL, FUNGICIDE",9000,00000000
APPLICATIONS,,"CORN - APPLICATIONS, MEASURED IN NUMBER, AVG",19,ALL PRODUCTION PRACTICES,,,"CHEMICAL, FUNGICIDE: (PROTHIOCONAZOLE = 113961)",IOWA,SURVEY,,,,ALL UTILIZATION PRACTICES,ALL CLASSES,2014-05-14 15:12:54.000,UNITED STATES,,IOWA,                 (D),"NUMBER, AVG",,2014,19,ENVIRONMENTAL,00,,YEAR,IA,,CORN,STATE,FIELD CROPS,00,,ANNUAL,"CHEMICAL, FUNGICIDE",9000,00000000
APPLICATIONS,,"CORN - APPLICATIONS, MEASURED IN NUMBER, AVG",19,ALL PRODUCTION PRACTICES,,,"CHEMICAL, FUNGICIDE: (PYDIFLUMETOFEN = 90110)",IOWA,SURVEY,,,,ALL UTILIZATION PRACTICES,ALL CLASSES,2021-05-13 15:00:30.000,UNITED STATES,,IOWA,                 (D),"NUMBER, AVG",,2021,19,ENVIRONMENTAL,00,,YEAR,IA,,CORN,STATE,FIELD CROPS,00,,ANNUAL,"CHEMICAL, FUNGICIDE",9000,00000000
APPLICATIONS,,"CORN - APPLICATIONS, MEASURED IN NUMBER, AVG",19,ALL PRODUCTION PRACTICES,,,"CHEMICAL, FUNGICIDE: (PYRACLOSTROBIN = 99100)",IOWA,SURVEY,,,,ALL UTILIZATION PRACTICES,ALL CLASSES,2021-05-13 15:00:30.000,UNITED STATES,,IOWA,                 (D),"NUMBER, AVG",,2021,19,ENVIRONMENTAL,00,,YEAR,IA,,CORN,STATE,FIELD CROPS,00,,ANNUAL,"CHEMICAL, FUNGICIDE",9000,00000000
APPLICATIONS,,"CORN - APPLICATIONS, MEASURED IN NUMBER, AVG",19,ALL PRODUCTION PRACTICES,,,"CHEMICAL, FUNGICIDE: (PYRACLOSTROBIN = 99100)",IOWA,SURVEY,,,,ALL UTILIZATION PRACTICES,ALL CLASSES,2018-05-10 15:16:25.000,UNITED STATES,,IOWA,1,"NUMBER, AVG",,2018,19,ENVIRONMENTAL,00,,YEAR,IA,,CORN,STATE,FIELD CROPS,00,,ANNUAL,"CHEMICAL, FUNGICIDE",9000,00000000
APPLICATIONS,,"CORN - APPLICATIONS, MEASURED IN NUMBER, AVG",19,ALL PRODUCTION PRACTICES,,,"CHEMICAL, FUNGICIDE: (PYRACLOSTROBIN = 99100)",IOWA,SURVEY,,,,ALL UTILIZATION PRACTICES,ALL CLASSES,2016-08-31 14:19:39.000,UNITED STATES,,IOWA,1,"NUMBER, AVG",,2016,19,ENVIRONMENTAL,00,,YEAR,IA,,CORN,STATE,FIELD CROPS,00,,ANNUAL,"CHEMICAL, FUNGICIDE",9000,00000000
APPLICATIONS,,"CORN - APPLICATIONS, MEASURED IN NUMBER, AVG",19,ALL PRODUCTION PRACTICES,,,"CHEMICAL, FUNGICIDE: (PYRACLOSTROBIN = 99100)",IOWA,SURVEY,,,,ALL UTILIZATION PRACTICES,ALL CLASSES,2014-05-14 15:12:54.000,UNITED STATES,,IOWA,1,"NUMBER, AVG",,2014,19,ENVIRONMENTAL,00,,YEAR,IA,,CORN,STATE,FIELD CROPS,00,,ANNUAL,"CHEMICAL, FUNGICIDE",9000,00000000
APPLICATIONS,,"CORN - APPLICATIONS, MEASURED IN NUMBER, AVG",19,ALL PRODUCTION PRACTICES,,,"CHEMICAL, FUNGICIDE: (PYRACLOSTROBIN = 99100)",IOWA,SURVEY,,,,ALL UTILIZATION PRACTICES,ALL CLASSES,2012-01-01 00:00:00.000,UNITED STATES,,IOWA,1,"NUMBER, AVG",,2010,19,ENVIRONMENTAL,00,,YEAR,IA,,CORN,STATE,FIELD CROPS,00,,ANNUAL,"CHEMICAL, FUNGICIDE",9000,00000000
APPLICATIONS,,"CORN - APPLICATIONS, MEASURED IN NUMBER, AVG",19,ALL PRODUCTION PRACTICES,,,"CHEMICAL, FUNGICIDE: (TEBUCONAZOLE = 128997)",IOWA,SURVEY,,,,ALL UTILIZATION PRACTICES,ALL CLASSES,2021-05-13 15:00:30.000,UNITED STATES,,IOWA,                 (D),"NUMBER, AVG",,2021,19,ENVIRONMENTAL,00,,YEAR,IA,,CORN,STATE,FIELD CROPS,00,,ANNUAL,"CHEMICAL, FUNGICIDE",9000,00000000
APPLICATIONS,,"CORN - APPLICATIONS, MEASURED IN NUMBER, AVG",19,ALL PRODUCTION PRACTICES,,,"CHEMICAL, FUNGICIDE: (TEBUCONAZOLE = 128997)",IOWA,SURVEY,,,,ALL UTILIZATION PRACTICES,ALL CLASSES,2014-05-14 15:12:54.000,UNITED STATES,,IOWA,                 (D),"NUMBER, AVG",,2014,19,ENVIRONMENTAL,00,,YEAR,IA,,CORN,STATE,FIELD CROPS,00,,ANNUAL,"CHEMICAL, FUNGICIDE",9000,00000000
APPLICATIONS,,"CORN - APPLICATIONS, MEASURED IN NUMBER, AVG",19,ALL PRODUCTION PRACTICES,,,"CHEMICAL, FUNGICIDE: (TETRACONAZOLE = 120603)",IOWA,SURVEY,,,,ALL UTILIZATION PRACTICES,ALL CLASSES,2018-05-10 15:16:25.000,UNITED STATES,,IOWA,                 (D),"NUMBER, AVG",,2018,19,ENVIRONMENTAL,00,,YEAR,IA,,CORN,STATE,FIELD CROPS,00,,ANNUAL,"CHEMICAL, FUNGICIDE",9000,00000000
APPLICATIONS,,"CORN - APPLICATIONS, MEASURED IN NUMBER, AVG",19,ALL PRODUCTION PRACTICES,,,"CHEMICAL, FUNGICIDE: (TETRACONAZOLE = 120603)",IOWA,SURVEY,,,,ALL UTILIZATION PRACTICES,ALL CLASSES,2016-08-31 14:19:39.000,UNITED STATES,,IOWA,                 (D),"NUMBER, AVG",,2016,19,ENVIRONMENTAL,00,,YEAR,IA,,CORN,STATE,FIELD CROPS,00,,ANNUAL,"CHEMICAL, FUNGICIDE",9000,00000000
APPLICATIONS,,"CORN - APPLICATIONS, MEASURED IN NUMBER, AVG",19,ALL PRODUCTION PRACTICES,,,"CHEMICAL, FUNGICIDE: (TRIFLOXYSTROBIN = 129112)",IOWA,SURVEY,,,,ALL UTILIZATION PRACTICES,ALL CLASSES,2021-05-13 15:00:30.000,UNITED STATES,,IOWA,1,"NUMBER, AVG",,2021,19,ENVIRONMENTAL,00,,YEAR,IA,,CORN,STATE,FIELD CROPS,00,,ANNUAL,"CHEMICAL, FUNGICIDE",9000,00000000
APPLICATIONS,,"CORN - APPLICATIONS, MEASURED IN NUMBER, AVG",19,ALL PRODUCTION PRACTICES,,,"CHEMICAL, FUNGICIDE: (TRIFLOXYSTROBIN = 129112)",IOWA,SURVEY,,,,ALL UTILIZATION PRACTICES,ALL CLASSES,2018-05-10 15:16:25.000,UNITED STATES,,IOWA,1.3,"NUMBER, AVG",,2018,19,ENVIRONMENTAL,00,,YEAR,IA,,CORN,STATE,FIELD CROPS,00,,ANNUAL,"CHEMICAL, FUNGICIDE",9000,00000000
APPLICATIONS,,"CORN - APPLICATIONS, MEASURED IN NUMBER, AVG",19,ALL PRODUCTION PRACTICES,,,"CHEMICAL, FUNGICIDE: (TRIFLOXYSTROBIN = 129112)",IOWA,SURVEY,,,,ALL UTILIZATION PRACTICES,ALL CLASSES,2016-08-31 14:19:39.000,UNITED STATES,,IOWA,                 (D),"NUMBER, AVG",,2016,19,ENVIRONMENTAL,00,,YEAR,IA,,CORN,STATE,FIELD CROPS,00,,ANNUAL,"CHEMICAL, FUNGICIDE",9000,00000000
APPLICATIONS,,"CORN - APPLICATIONS, MEASURED IN NUMBER, AVG",19,ALL PRODUCTION PRACTICES,,,"CHEMICAL, FUNGICIDE: (TRIFLOXYSTROBIN = 129112)",IOWA,SURVEY,,,,ALL UTILIZATION PRACTICES,ALL CLASSES,2014-05-14 15:12:54.000,UNITED STATES,,IOWA,1.1,"NUMBER, AVG",,2014,19,ENVIRONMENTAL,00,,YEAR,IA,,CORN,STATE,FIELD CROPS,00,,ANNUAL,"CHEMICAL, FUNGICIDE",9000,00000000
APPLICATIONS,,"CORN - APPLICATIONS, MEASURED IN NUMBER, AVG",19,ALL PRODUCTION PRACTICES,,,"CHEMICAL, FUNGICIDE: (TRIFLOXYSTROBIN = 129112)",IOWA,SURVEY,,,,ALL UTILIZATION PRACTICES,ALL CLASSES,2012-01-01 00:00:00.000,UNITED STATES,,IOWA,                 (D),"NUMBER, AVG",,2010,19,ENVIRONMENTAL,00,,YEAR,IA,,CORN,STATE,FIELD CROPS,00,,ANNUAL,"CHEMICAL, FUNGICIDE",9000,00000000
APPLICATIONS,,"CORN - APPLICATIONS, MEASURED IN NUMBER, AVG",19,ALL PRODUCTION PRACTICES,,,"CHEMICAL, HERBICIDE: (2,4-D = 30001)",IOWA,SURVEY,,,,ALL UTILIZATION PRACTICES,ALL CLASSES,2012-01-01 00:00:00.000,UNITED STATES,,IOWA,                 (D),"NUMBER, AVG",,2010,19,ENVIRONMENTAL,00,,YEAR,IA,,CORN,STATE,FIELD CROPS,00,,ANNUAL,"CHEMICAL, HERBICIDE",9000,00000000
APPLICATIONS,,"CORN - APPLICATIONS, MEASURED IN NUMBER, AVG",19,ALL PRODUCTION PRACTICES,,,"CHEMICAL, HERBICIDE: (2,4-D = 30001)",IOWA,SURVEY,,,,ALL UTILIZATION PRACTICES,ALL CLASSES,2003-06-11 10:11:36.000,UNITED STATES,,IOWA,1,"NUMBER, AVG",,2003,19,ENVIRONMENTAL,00,,YEAR,IA,,CORN,STATE,FIELD CROPS,00,,ANNUAL,"CHEMICAL, HERBICIDE",9000,00000000
APPLICATIONS,,"CORN - APPLICATIONS, MEASURED IN NUMBER, AVG",19,ALL PRODUCTION PRACTICES,,,"CHEMICAL, HERBICIDE: (2,4-D = 30001)",IOWA,SURVEY,,,,ALL UTILIZATION PRACTICES,ALL CLASSES,2002-06-11 10:11:36.000,UNITED STATES,,IOWA,1,"NUMBER, AVG",,2002,19,ENVIRONMENTAL,00,,YEAR,IA,,CORN,STATE,FIELD CROPS,00,,ANNUAL,"CHEMICAL, HERBICIDE",9000,00000000
APPLICATIONS,,"CORN - APPLICATIONS, MEASURED IN NUMBER, AVG",19,ALL PRODUCTION PRACTICES,,,"CHEMICAL, HERBICIDE: (2,4-D = 30001)",IOWA,SURVEY,,,,ALL UTILIZATION PRACTICES,ALL CLASSES,2001-06-11 10:11:36.000,UNITED STATES,,IOWA,1,"NUMBER, AVG",,2001,19,ENVIRONMENTAL,00,,YEAR,IA,,CORN,STATE,FIELD CROPS,00,,ANNUAL,"CHEMICAL, HERBICIDE",9000,00000000
APPLICATIONS,,"CORN - APPLICATIONS, MEASURED IN NUMBER, AVG",19,ALL PRODUCTION PRACTICES,,,"CHEMICAL, HERBICIDE: (2,4-D = 30001)",IOWA,SURVEY,,,,ALL UTILIZATION PRACTICES,ALL CLASSES,2000-06-11 10:11:36.000,UNITED STATES,,IOWA,1,"NUMBER, AVG",,2000,19,ENVIRONMENTAL,00,,YEAR,IA,,CORN,STATE,FIELD CROPS,00,,ANNUAL,"CHEMICAL, HERBICIDE",9000,00000000
APPLICATIONS,,"CORN - APPLICATIONS, MEASURED IN NUMBER, AVG",19,ALL PRODUCTION PRACTICES,,,"CHEMICAL, HERBICIDE: (2,4-D, 2-EHE = 30063)",IOWA,SURVEY,,,,ALL UTILIZATION PRACTICES,ALL CLASSES,2021-05-13 15:00:30.000,UNITED STATES,,IOWA,                 (D),"NUMBER, AVG",,2021,19,ENVIRONMENTAL,00,,YEAR,IA,,CORN,STATE,FIELD CROPS,00,,ANNUAL,"CHEMICAL, HERBICIDE",9000,00000000
APPLICATIONS,,"CORN - APPLICATIONS, MEASURED IN NUMBER, AVG",19,ALL PRODUCTION PRACTICES,,,"CHEMICAL, HERBICIDE: (2,4-D, 2-EHE = 30063)",IOWA,SURVEY,,,,ALL UTILIZATION PRACTICES,ALL CLASSES,2018-05-10 15:16:25.000,UNITED STATES,,IOWA,                 (D),"NUMBER, AVG",,2018,19,ENVIRONMENTAL,00,,YEAR,IA,,CORN,STATE,FIELD CROPS,00,,ANNUAL,"CHEMICAL, HERBICIDE",9000,00000000
APPLICATIONS,,"CORN - APPLICATIONS, MEASURED IN NUMBER, AVG",19,ALL PRODUCTION PRACTICES,,,"CHEMICAL, HERBICIDE: (2,4-D, 2-EHE = 30063)",IOWA,SURVEY,,,,ALL UTILIZATION PRACTICES,ALL CLASSES,2016-08-31 14:19:39.000,UNITED STATES,,IOWA,1,"NUMBER, AVG",,2016,19,ENVIRONMENTAL,00,,YEAR,IA,,CORN,STATE,FIELD CROPS,00,,ANNUAL,"CHEMICAL, HERBICIDE",9000,00000000
APPLICATIONS,,"CORN - APPLICATIONS, MEASURED IN NUMBER, AVG",19,ALL PRODUCTION PRACTICES,,,"CHEMICAL, HERBICIDE: (2,4-D, 2-EHE = 30063)",IOWA,SURVEY,,,,ALL UTILIZATION PRACTICES,ALL CLASSES,2014-05-14 15:12:54.000,UNITED STATES,,IOWA,1,"NUMBER, AVG",,2014,19,ENVIRONMENTAL,00,,YEAR,IA,,CORN,STATE,FIELD CROPS,00,,ANNUAL,"CHEMICAL, HERBICIDE",9000,00000000
APPLICATIONS,,"CORN - APPLICATIONS, MEASURED IN NUMBER, AVG",19,ALL PRODUCTION PRACTICES,,,"CHEMICAL, HERBICIDE: (2,4-D, 2-EHE = 30063)",IOWA,SURVEY,,,,ALL UTILIZATION PRACTICES,ALL CLASSES,2012-01-01 00:00:00.000,UNITED STATES,,IOWA,1,"NUMBER, AVG",,2010,19,ENVIRONMENTAL,00,,YEAR,IA,,CORN,STATE,FIELD CROPS,00,,ANNUAL,"CHEMICAL, HERBICIDE",9000,00000000
APPLICATIONS,,"CORN - APPLICATIONS, MEASURED IN NUMBER, AVG",19,ALL PRODUCTION PRACTICES,,,"CHEMICAL, HERBICIDE: (2,4-D, 2-EHE = 30063)",IOWA,SURVEY,,,,ALL UTILIZATION PRACTICES,ALL CLASSES,2005-06-11 10:11:36.000,UNITED STATES,,IOWA,1,"NUMBER, AVG",,2005,19,ENVIRONMENTAL,00,,YEAR,IA,,CORN,STATE,FIELD CROPS,00,,ANNUAL,"CHEMICAL, HERBICIDE",9000,00000000
APPLICATIONS,,"CORN - APPLICATIONS, MEASURED IN NUMBER, AVG",19,ALL PRODUCTION PRACTICES,,,"CHEMICAL, HERBICIDE: (2,4-D, DIMETH. SALT = 30019)",IOWA,SURVEY,,,,ALL UTILIZATION PRACTICES,ALL CLASSES,2018-05-10 15:16:25.000,UNITED STATES,,IOWA,                 (D),"NUMBER, AVG",,2018,19,ENVIRONMENTAL,00,,YEAR,IA,,CORN,STATE,FIELD CROPS,00,,ANNUAL,"CHEMICAL, HERBICIDE",9000,00000000
APPLICATIONS,,"CORN - APPLICATIONS, MEASURED IN NUMBER, AVG",19,ALL PRODUCTION PRACTICES,,,"CHEMICAL, HERBICIDE: (2,4-D, DIMETH. SALT = 30019)",IOWA,SURVEY,,,,ALL UTILIZATION PRACTICES,ALL CLASSES,2016-08-31 14:19:39.000,UNITED STATES,,IOWA,1,"NUMBER, AVG",,2016,19,ENVIRONMENTAL,00,,YEAR,IA,,CORN,STATE,FIELD CROPS,00,,ANNUAL,"CHEMICAL, HERBICIDE",9000,00000000
APPLICATIONS,,"CORN - APPLICATIONS, MEASURED IN NUMBER, AVG",19,ALL PRODUCTION PRACTICES,,,"CHEMICAL, HERBICIDE: (2,4-D, DIMETH. SALT = 30019)",IOWA,SURVEY,,,,ALL UTILIZATION PRACTICES,ALL CLASSES,2014-05-14 15:12:54.000,UNITED STATES,,IOWA,                 (D),"NUMBER, AVG",,2014,19,ENVIRONMENTAL,00,,YEAR,IA,,CORN,STATE,FIELD CROPS,00,,ANNUAL,"CHEMICAL, HERBICIDE",9000,00000000
APPLICATIONS,,"CORN - APPLICATIONS, MEASURED IN NUMBER, AVG",19,ALL PRODUCTION PRACTICES,,,"CHEMICAL, HERBICIDE: (2,4-D, DIMETH. SALT = 30019)",IOWA,SURVEY,,,,ALL UTILIZATION PRACTICES,ALL CLASSES,2012-01-01 00:00:00.000,UNITED STATES,,IOWA,                 (D),"NUMBER, AVG",,2010,19,ENVIRONMENTAL,00,,YEAR,IA,,CORN,STATE,FIELD CROPS,00,,ANNUAL,"CHEMICAL, HERBICIDE",9000,00000000
APPLICATIONS,,"CORN - APPLICATIONS, MEASURED IN NUMBER, AVG",19,ALL PRODUCTION PRACTICES,,,"CHEMICAL, HERBICIDE: (2,4-D, ISOPROP. SALT = 30025)",IOWA,SURVEY,,,,ALL UTILIZATION PRACTICES,ALL CLASSES,2016-08-31 14:19:39.000,UNITED STATES,,IOWA,                 (D),"NUMBER, AVG",,2016,19,ENVIRONMENTAL,00,,YEAR,IA,,CORN,STATE,FIELD CROPS,00,,ANNUAL,"CHEMICAL, HERBICIDE",9000,00000000
APPLICATIONS,,"CORN - APPLICATIONS, MEASURED IN NUMBER, AVG",19,ALL PRODUCTION PRACTICES,,,"CHEMICAL, HERBICIDE: (2,4-DB, DIMETH. SALT = 30819)",IOWA,SURVEY,,,,ALL UTILIZATION PRACTICES,ALL CLASSES,2018-05-10 15:16:25.000,UNITED STATES,,IOWA,                 (D),"NUMBER, AVG",,2018,19,ENVIRONMENTAL,00,,YEAR,IA,,CORN,STATE,FIELD CROPS,00,,ANNUAL,"CHEMICAL, HERBICIDE",9000,00000000
APPLICATIONS,,"CORN - APPLICATIONS, MEASURED IN NUMBER, AVG",19,ALL PRODUCTION PRACTICES,,,"CHEMICAL, HERBICIDE: (ACETOCHLOR = 121601)",IOWA,SURVEY,,,,ALL UTILIZATION PRACTICES,ALL CLASSES,2021-05-13 15:00:30.000,UNITED STATES,,IOWA,1.1,"NUMBER, AVG",,2021,19,ENVIRONMENTAL,00,,YEAR,IA,,CORN,STATE,FIELD CROPS,00,,ANNUAL,"CHEMICAL, HERBICIDE",9000,00000000
APPLICATIONS,,"CORN - APPLICATIONS, MEASURED IN NUMBER, AVG",19,ALL PRODUCTION PRACTICES,,,"CHEMICAL, HERBICIDE: (ACETOCHLOR = 121601)",IOWA,SURVEY,,,,ALL UTILIZATION PRACTICES,ALL CLASSES,2018-05-10 15:16:25.000,UNITED STATES,,IOWA,1.1,"NUMBER, AVG",,2018,19,ENVIRONMENTAL,00,,YEAR,IA,,CORN,STATE,FIELD CROPS,00,,ANNUAL,"CHEMICAL, HERBICIDE",9000,00000000
APPLICATIONS,,"CORN - APPLICATIONS, MEASURED IN NUMBER, AVG",19,ALL PRODUCTION PRACTICES,,,"CHEMICAL, HERBICIDE: (ACETOCHLOR = 121601)",IOWA,SURVEY,,,,ALL UTILIZATION PRACTICES,ALL CLASSES,2016-08-31 14:19:39.000,UNITED STATES,,IOWA,1,"NUMBER, AVG",,2016,19,ENVIRONMENTAL,00,,YEAR,IA,,CORN,STATE,FIELD CROPS,00,,ANNUAL,"CHEMICAL, HERBICIDE",9000,00000000
APPLICATIONS,,"CORN - APPLICATIONS, MEASURED IN NUMBER, AVG",19,ALL PRODUCTION PRACTICES,,,"CHEMICAL, HERBICIDE: (ACETOCHLOR = 121601)",IOWA,SURVEY,,,,ALL UTILIZATION PRACTICES,ALL CLASSES,2014-05-14 15:12:54.000,UNITED STATES,,IOWA,1.1,"NUMBER, AVG",,2014,19,ENVIRONMENTAL,00,,YEAR,IA,,CORN,STATE,FIELD CROPS,00,,ANNUAL,"CHEMICAL, HERBICIDE",9000,00000000
APPLICATIONS,,"CORN - APPLICATIONS, MEASURED IN NUMBER, AVG",19,ALL PRODUCTION PRACTICES,,,"CHEMICAL, HERBICIDE: (ACETOCHLOR = 121601)",IOWA,SURVEY,,,,ALL UTILIZATION PRACTICES,ALL CLASSES,2012-01-01 00:00:00.000,UNITED STATES,,IOWA,1,"NUMBER, AVG",,2010,19,ENVIRONMENTAL,00,,YEAR,IA,,CORN,STATE,FIELD CROPS,00,,ANNUAL,"CHEMICAL, HERBICIDE",9000,00000000
APPLICATIONS,,"CORN - APPLICATIONS, MEASURED IN NUMBER, AVG",19,ALL PRODUCTION PRACTICES,,,"CHEMICAL, HERBICIDE: (ACETOCHLOR = 121601)",IOWA,SURVEY,,,,ALL UTILIZATION PRACTICES,ALL CLASSES,2005-06-11 10:11:36.000,UNITED STATES,,IOWA,1,"NUMBER, AVG",,2005,19,ENVIRONMENTAL,00,,YEAR,IA,,CORN,STATE,FIELD CROPS,00,,ANNUAL,"CHEMICAL, HERBICIDE",9000,00000000
APPLICATIONS,,"CORN - APPLICATIONS, MEASURED IN NUMBER, AVG",19,ALL PRODUCTION PRACTICES,,,"CHEMICAL, HERBICIDE: (ACETOCHLOR = 121601)",IOWA,SURVEY,,,,ALL UTILIZATION PRACTICES,ALL CLASSES,2003-06-11 10:11:36.000,UNITED STATES,,IOWA,1,"NUMBER, AVG",,2003,19,ENVIRONMENTAL,00,,YEAR,IA,,CORN,STATE,FIELD CROPS,00,,ANNUAL,"CHEMICAL, HERBICIDE",9000,00000000
APPLICATIONS,,"CORN - APPLICATIONS, MEASURED IN NUMBER, AVG",19,ALL PRODUCTION PRACTICES,,,"CHEMICAL, HERBICIDE: (ACETOCHLOR = 121601)",IOWA,SURVEY,,,,ALL UTILIZATION PRACTICES,ALL CLASSES,2002-06-11 10:11:36.000,UNITED STATES,,IOWA,1,"NUMBER, AVG",,2002,19,ENVIRONMENTAL,00,,YEAR,IA,,CORN,STATE,FIELD CROPS,00,,ANNUAL,"CHEMICAL, HERBICIDE",9000,00000000
APPLICATIONS,,"CORN - APPLICATIONS, MEASURED IN NUMBER, AVG",19,ALL PRODUCTION PRACTICES,,,"CHEMICAL, HERBICIDE: (ACETOCHLOR = 121601)",IOWA,SURVEY,,,,ALL UTILIZATION PRACTICES,ALL CLASSES,2001-06-11 10:11:36.000,UNITED STATES,,IOWA,1,"NUMBER, AVG",,2001,19,ENVIRONMENTAL,00,,YEAR,IA,,CORN,STATE,FIELD CROPS,00,,ANNUAL,"CHEMICAL, HERBICIDE",9000,00000000
APPLICATIONS,,"CORN - APPLICATIONS, MEASURED IN NUMBER, AVG",19,ALL PRODUCTION PRACTICES,,,"CHEMICAL, HERBICIDE: (ACETOCHLOR = 121601)",IOWA,SURVEY,,,,ALL UTILIZATION PRACTICES,ALL CLASSES,2000-06-11 10:11:36.000,UNITED STATES,,IOWA,1,"NUMBER, AVG",,2000,19,ENVIRONMENTAL,00,,YEAR,IA,,CORN,STATE,FIELD CROPS,00,,ANNUAL,"CHEMICAL, HERBICIDE",9000,00000000
APPLICATIONS,,"CORN - APPLICATIONS, MEASURED IN NUMBER, AVG",19,ALL PRODUCTION PRACTICES,,,"CHEMICAL, HERBICIDE: (ACIFLUORFEN, SODIUM = 114402)",IOWA,SURVEY,,,,ALL UTILIZATION PRACTICES,ALL CLASSES,2012-01-01 00:00:00.000,UNITED STATES,,IOWA,                 (D),"NUMBER, AVG",,2010,19,ENVIRONMENTAL,00,,YEAR,IA,,CORN,STATE,FIELD CROPS,00,,ANNUAL,"CHEMICAL, HERBICIDE",9000,00000000
APPLICATIONS,,"CORN - APPLICATIONS, MEASURED IN NUMBER, AVG",19,ALL PRODUCTION PRACTICES,,,"CHEMICAL, HERBICIDE: (ALACHLOR = 90501)",IOWA,SURVEY,,,,ALL UTILIZATION PRACTICES,ALL CLASSES,2021-05-13 15:00:30.000,UNITED STATES,,IOWA,                 (D),"NUMBER, AVG",,2021,19,ENVIRONMENTAL,00,,YEAR,IA,,CORN,STATE,FIELD CROPS,00,,ANNUAL,"CHEMICAL, HERBICIDE",9000,00000000
APPLICATIONS,,"CORN - APPLICATIONS, MEASURED IN NUMBER, AVG",19,ALL PRODUCTION PRACTICES,,,"CHEMICAL, HERBICIDE: (ALACHLOR = 90501)",IOWA,SURVEY,,,,ALL UTILIZATION PRACTICES,ALL CLASSES,2012-01-01 00:00:00.000,UNITED STATES,,IOWA,                 (D),"NUMBER, AVG",,2010,19,ENVIRONMENTAL,00,,YEAR,IA,,CORN,STATE,FIELD CROPS,00,,ANNUAL,"CHEMICAL, HERBICIDE",9000,00000000
APPLICATIONS,,"CORN - APPLICATIONS, MEASURED IN NUMBER, AVG",19,ALL PRODUCTION PRACTICES,,,"CHEMICAL, HERBICIDE: (ATRAZINE = 80803)",IOWA,SURVEY,,,,ALL UTILIZATION PRACTICES,ALL CLASSES,2021-05-13 15:00:30.000,UNITED STATES,,IOWA,1.2,"NUMBER, AVG",,2021,19,ENVIRONMENTAL,00,,YEAR,IA,,CORN,STATE,FIELD CROPS,00,,ANNUAL,"CHEMICAL, HERBICIDE",9000,00000000
APPLICATIONS,,"CORN - APPLICATIONS, MEASURED IN NUMBER, AVG",19,ALL PRODUCTION PRACTICES,,,"CHEMICAL, HERBICIDE: (ATRAZINE = 80803)",IOWA,SURVEY,,,,ALL UTILIZATION PRACTICES,ALL CLASSES,2018-05-10 15:16:25.000,UNITED STATES,,IOWA,1.1,"NUMBER, AVG",,2018,19,ENVIRONMENTAL,00,,YEAR,IA,,CORN,STATE,FIELD CROPS,00,,ANNUAL,"CHEMICAL, HERBICIDE",9000,00000000
APPLICATIONS,,"CORN - APPLICATIONS, MEASURED IN NUMBER, AVG",19,ALL PRODUCTION PRACTICES,,,"CHEMICAL, HERBICIDE: (ATRAZINE = 80803)",IOWA,SURVEY,,,,ALL UTILIZATION PRACTICES,ALL CLASSES,2016-08-31 14:19:39.000,UNITED STATES,,IOWA,1.1,"NUMBER, AVG",,2016,19,ENVIRONMENTAL,00,,YEAR,IA,,CORN,STATE,FIELD CROPS,00,,ANNUAL,"CHEMICAL, HERBICIDE",9000,00000000
APPLICATIONS,,"CORN - APPLICATIONS, MEASURED IN NUMBER, AVG",19,ALL PRODUCTION PRACTICES,,,"CHEMICAL, HERBICIDE: (ATRAZINE = 80803)",IOWA,SURVEY,,,,ALL UTILIZATION PRACTICES,ALL CLASSES,2014-05-14 15:12:54.000,UNITED STATES,,IOWA,1.1,"NUMBER, AVG",,2014,19,ENVIRONMENTAL,00,,YEAR,IA,,CORN,STATE,FIELD CROPS,00,,ANNUAL,"CHEMICAL, HERBICIDE",9000,00000000
APPLICATIONS,,"CORN - APPLICATIONS, MEASURED IN NUMBER, AVG",19,ALL PRODUCTION PRACTICES,,,"CHEMICAL, HERBICIDE: (ATRAZINE = 80803)",IOWA,SURVEY,,,,ALL UTILIZATION PRACTICES,ALL CLASSES,2012-01-01 00:00:00.000,UNITED STATES,,IOWA,1.1,"NUMBER, AVG",,2010,19,ENVIRONMENTAL,00,,YEAR,IA,,CORN,STATE,FIELD CROPS,00,,ANNUAL,"CHEMICAL, HERBICIDE",9000,00000000
APPLICATIONS,,"CORN - APPLICATIONS, MEASURED IN NUMBER, AVG",19,ALL PRODUCTION PRACTICES,,,"CHEMICAL, HERBICIDE: (ATRAZINE = 80803)",IOWA,SURVEY,,,,ALL UTILIZATION PRACTICES,ALL CLASSES,2005-06-11 10:11:36.000,UNITED STATES,,IOWA,1.1,"NUMBER, AVG",,2005,19,ENVIRONMENTAL,00,,YEAR,IA,,CORN,STATE,FIELD CROPS,00,,ANNUAL,"CHEMICAL, HERBICIDE",9000,00000000
APPLICATIONS,,"CORN - APPLICATIONS, MEASURED IN NUMBER, AVG",19,ALL PRODUCTION PRACTICES,,,"CHEMICAL, HERBICIDE: (ATRAZINE = 80803)",IOWA,SURVEY,,,,ALL UTILIZATION PRACTICES,ALL CLASSES,2003-06-11 10:11:36.000,UNITED STATES,,IOWA,1,"NUMBER, AVG",,2003,19,ENVIRONMENTAL,00,,YEAR,IA,,CORN,STATE,FIELD CROPS,00,,ANNUAL,"CHEMICAL, HERBICIDE",9000,00000000
APPLICATIONS,,"CORN - APPLICATIONS, MEASURED IN NUMBER, AVG",19,ALL PRODUCTION PRACTICES,,,"CHEMICAL, HERBICIDE: (ATRAZINE = 80803)",IOWA,SURVEY,,,,ALL UTILIZATION PRACTICES,ALL CLASSES,2002-06-11 10:11:36.000,UNITED STATES,,IOWA,1,"NUMBER, AVG",,2002,19,ENVIRONMENTAL,00,,YEAR,IA,,CORN,STATE,FIELD CROPS,00,,ANNUAL,"CHEMICAL, HERBICIDE",9000,00000000
APPLICATIONS,,"CORN - APPLICATIONS, MEASURED IN NUMBER, AVG",19,ALL PRODUCTION PRACTICES,,,"CHEMICAL, HERBICIDE: (ATRAZINE = 80803)",IOWA,SURVEY,,,,ALL UTILIZATION PRACTICES,ALL CLASSES,2001-06-11 10:11:36.000,UNITED STATES,,IOWA,1,"NUMBER, AVG",,2001,19,ENVIRONMENTAL,00,,YEAR,IA,,CORN,STATE,FIELD CROPS,00,,ANNUAL,"CHEMICAL, HERBICIDE",9000,00000000
APPLICATIONS,,"CORN - APPLICATIONS, MEASURED IN NUMBER, AVG",19,ALL PRODUCTION PRACTICES,,,"CHEMICAL, HERBICIDE: (ATRAZINE = 80803)",IOWA,SURVEY,,,,ALL UTILIZATION PRACTICES,ALL CLASSES,2000-06-11 10:11:36.000,UNITED STATES,,IOWA,1.1,"NUMBER, AVG",,2000,19,ENVIRONMENTAL,00,,YEAR,IA,,CORN,STATE,FIELD CROPS,00,,ANNUAL,"CHEMICAL, HERBICIDE",9000,00000000
APPLICATIONS,,"CORN - APPLICATIONS, MEASURED IN NUMBER, AVG",19,ALL PRODUCTION PRACTICES,,,"CHEMICAL, HERBICIDE: (BENTAZON = 103901)",IOWA,SURVEY,,,,ALL UTILIZATION PRACTICES,ALL CLASSES,2014-05-14 15:12:54.000,UNITED STATES,,IOWA,                 (D),"NUMBER, AVG",,2014,19,ENVIRONMENTAL,00,,YEAR,IA,,CORN,STATE,FIELD CROPS,00,,ANNUAL,"CHEMICAL, HERBICIDE",9000,00000000
APPLICATIONS,,"CORN - APPLICATIONS, MEASURED IN NUMBER, AVG",19,ALL PRODUCTION PRACTICES,,,"CHEMICAL, HERBICIDE: (BICYCLOPYRONE = 18986)",IOWA,SURVEY,,,,ALL UTILIZATION PRACTICES,ALL CLASSES,2021-05-13 15:00:30.000,UNITED STATES,,IOWA,                 (D),"NUMBER, AVG",,2021,19,ENVIRONMENTAL,00,,YEAR,IA,,CORN,STATE,FIELD CROPS,00,,ANNUAL,"CHEMICAL, HERBICIDE",9000,00000000
APPLICATIONS,,"CORN - APPLICATIONS, MEASURED IN NUMBER, AVG",19,ALL PRODUCTION PRACTICES,,,"CHEMICAL, HERBICIDE: (BICYCLOPYRONE = 18986)",IOWA,SURVEY,,,,ALL UTILIZATION PRACTICES,ALL CLASSES,2018-05-10 15:16:25.000,UNITED STATES,,IOWA,1,"NUMBER, AVG",,2018,19,ENVIRONMENTAL,00,,YEAR,IA,,CORN,STATE,FIELD CROPS,00,,ANNUAL,"CHEMICAL, HERBICIDE",9000,00000000
APPLICATIONS,,"CORN - APPLICATIONS, MEASURED IN NUMBER, AVG",19,ALL PRODUCTION PRACTICES,,,"CHEMICAL, HERBICIDE: (BICYCLOPYRONE = 18986)",IOWA,SURVEY,,,,ALL UTILIZATION PRACTICES,ALL CLASSES,2016-08-31 14:19:39.000,UNITED STATES,,IOWA,1.2,"NUMBER, AVG",,2016,19,ENVIRONMENTAL,00,,YEAR,IA,,CORN,STATE,FIELD CROPS,00,,ANNUAL,"CHEMICAL, HERBICIDE",9000,00000000
APPLICATIONS,,"CORN - APPLICATIONS, MEASURED IN NUMBER, AVG",19,ALL PRODUCTION PRACTICES,,,"CHEMICAL, HERBICIDE: (BROMOXYNIL = 35301)",IOWA,SURVEY,,,,ALL UTILIZATION PRACTICES,ALL CLASSES,2002-06-11 10:11:36.000,UNITED STATES,,IOWA,1,"NUMBER, AVG",,2002,19,ENVIRONMENTAL,00,,YEAR,IA,,CORN,STATE,FIELD CROPS,00,,ANNUAL,"CHEMICAL, HERBICIDE",9000,00000000
APPLICATIONS,,"CORN - APPLICATIONS, MEASURED IN NUMBER, AVG",19,ALL PRODUCTION PRACTICES,,,"CHEMICAL, HERBICIDE: (BROMOXYNIL = 35301)",IOWA,SURVEY,,,,ALL UTILIZATION PRACTICES,ALL CLASSES,2001-06-11 10:11:36.000,UNITED STATES,,IOWA,1,"NUMBER, AVG",,2001,19,ENVIRONMENTAL,00,,YEAR,IA,,CORN,STATE,FIELD CROPS,00,,ANNUAL,"CHEMICAL, HERBICIDE",9000,00000000
APPLICATIONS,,"CORN - APPLICATIONS, MEASURED IN NUMBER, AVG",19,ALL PRODUCTION PRACTICES,,,"CHEMICAL, HERBICIDE: (BROMOXYNIL = 35301)",IOWA,SURVEY,,,,ALL UTILIZATION PRACTICES,ALL CLASSES,2000-06-11 10:11:36.000,UNITED STATES,,IOWA,1.1,"NUMBER, AVG",,2000,19,ENVIRONMENTAL,00,,YEAR,IA,,CORN,STATE,FIELD CROPS,00,,ANNUAL,"CHEMICAL, HERBICIDE",9000,00000000
APPLICATIONS,,"CORN - APPLICATIONS, MEASURED IN NUMBER, AVG",19,ALL PRODUCTION PRACTICES,,,"CHEMICAL, HERBICIDE: (CARFENTRAZONE-ETHYL = 128712)",IOWA,SURVEY,,,,ALL UTILIZATION PRACTICES,ALL CLASSES,2000-06-11 10:11:36.000,UNITED STATES,,IOWA,1,"NUMBER, AVG",,2000,19,ENVIRONMENTAL,00,,YEAR,IA,,CORN,STATE,FIELD CROPS,00,,ANNUAL,"CHEMICAL, HERBICIDE",9000,00000000
APPLICATIONS,,"CORN - APPLICATIONS, MEASURED IN NUMBER, AVG",19,ALL PRODUCTION PRACTICES,,,"CHEMICAL, HERBICIDE: (CLOMAZONE = 125401)",IOWA,SURVEY,,,,ALL UTILIZATION PRACTICES,ALL CLASSES,2012-01-01 00:00:00.000,UNITED STATES,,IOWA,                 (D),"NUMBER, AVG",,2010,19,ENVIRONMENTAL,00,,YEAR,IA,,CORN,STATE,FIELD CROPS,00,,ANNUAL,"CHEMICAL, HERBICIDE",9000,00000000
APPLICATIONS,,"CORN - APPLICATIONS, MEASURED IN NUMBER, AVG",19,ALL PRODUCTION PRACTICES,,,"CHEMICAL, HERBICIDE: (CLOPYRALID = 117403)",IOWA,SURVEY,,,,ALL UTILIZATION PRACTICES,ALL CLASSES,2021-05-13 15:00:30.000,UNITED STATES,,IOWA,1.1,"NUMBER, AVG",,2021,19,ENVIRONMENTAL,00,,YEAR,IA,,CORN,STATE,FIELD CROPS,00,,ANNUAL,"CHEMICAL, HERBICIDE",9000,00000000
APPLICATIONS,,"CORN - APPLICATIONS, MEASURED IN NUMBER, AVG",19,ALL PRODUCTION PRACTICES,,,"CHEMICAL, HERBICIDE: (CLOPYRALID = 117403)",IOWA,SURVEY,,,,ALL UTILIZATION PRACTICES,ALL CLASSES,2018-05-10 15:16:25.000,UNITED STATES,,IOWA,1.1,"NUMBER, AVG",,2018,19,ENVIRONMENTAL,00,,YEAR,IA,,CORN,STATE,FIELD CROPS,00,,ANNUAL,"CHEMICAL, HERBICIDE",9000,00000000
APPLICATIONS,,"CORN - APPLICATIONS, MEASURED IN NUMBER, AVG",19,ALL PRODUCTION PRACTICES,,,"CHEMICAL, HERBICIDE: (CLOPYRALID = 117403)",IOWA,SURVEY,,,,ALL UTILIZATION PRACTICES,ALL CLASSES,2016-08-31 14:19:39.000,UNITED STATES,,IOWA,1,"NUMBER, AVG",,2016,19,ENVIRONMENTAL,00,,YEAR,IA,,CORN,STATE,FIELD CROPS,00,,ANNUAL,"CHEMICAL, HERBICIDE",9000,00000000
APPLICATIONS,,"CORN - APPLICATIONS, MEASURED IN NUMBER, AVG",19,ALL PRODUCTION PRACTICES,,,"CHEMICAL, HERBICIDE: (CLOPYRALID = 117403)",IOWA,SURVEY,,,,ALL UTILIZATION PRACTICES,ALL CLASSES,2014-05-14 15:12:54.000,UNITED STATES,,IOWA,1.1,"NUMBER, AVG",,2014,19,ENVIRONMENTAL,00,,YEAR,IA,,CORN,STATE,FIELD CROPS,00,,ANNUAL,"CHEMICAL, HERBICIDE",9000,00000000
APPLICATIONS,,"CORN - APPLICATIONS, MEASURED IN NUMBER, AVG",19,ALL PRODUCTION PRACTICES,,,"CHEMICAL, HERBICIDE: (CLOPYRALID = 117403)",IOWA,SURVEY,,,,ALL UTILIZATION PRACTICES,ALL CLASSES,2012-01-01 00:00:00.000,UNITED STATES,,IOWA,1,"NUMBER, AVG",,2010,19,ENVIRONMENTAL,00,,YEAR,IA,,CORN,STATE,FIELD CROPS,00,,ANNUAL,"CHEMICAL, HERBICIDE",9000,00000000
APPLICATIONS,,"CORN - APPLICATIONS, MEASURED IN NUMBER, AVG",19,ALL PRODUCTION PRACTICES,,,"CHEMICAL, HERBICIDE: (CLOPYRALID = 117403)",IOWA,SURVEY,,,,ALL UTILIZATION PRACTICES,ALL CLASSES,2005-06-11 10:11:36.000,UNITED STATES,,IOWA,1,"NUMBER, AVG",,2005,19,ENVIRONMENTAL,00,,YEAR,IA,,CORN,STATE,FIELD CROPS,00,,ANNUAL,"CHEMICAL, HERBICIDE",9000,00000000
APPLICATIONS,,"CORN - APPLICATIONS, MEASURED IN NUMBER, AVG",19,ALL PRODUCTION PRACTICES,,,"CHEMICAL, HERBICIDE: (CLOPYRALID = 117403)",IOWA,SURVEY,,,,ALL UTILIZATION PRACTICES,ALL CLASSES,2003-06-11 10:11:36.000,UNITED STATES,,IOWA,1,"NUMBER, AVG",,2003,19,ENVIRONMENTAL,00,,YEAR,IA,,CORN,STATE,FIELD CROPS,00,,ANNUAL,"CHEMICAL, HERBICIDE",9000,00000000
APPLICATIONS,,"CORN - APPLICATIONS, MEASURED IN NUMBER, AVG",19,ALL PRODUCTION PRACTICES,,,"CHEMICAL, HERBICIDE: (CLOPYRALID = 117403)",IOWA,SURVEY,,,,ALL UTILIZATION PRACTICES,ALL CLASSES,2002-06-11 10:11:36.000,UNITED STATES,,IOWA,1,"NUMBER, AVG",,2002,19,ENVIRONMENTAL,00,,YEAR,IA,,CORN,STATE,FIELD CROPS,00,,ANNUAL,"CHEMICAL, HERBICIDE",9000,00000000
APPLICATIONS,,"CORN - APPLICATIONS, MEASURED IN NUMBER, AVG",19,ALL PRODUCTION PRACTICES,,,"CHEMICAL, HERBICIDE: (CLOPYRALID = 117403)",IOWA,SURVEY,,,,ALL UTILIZATION PRACTICES,ALL CLASSES,2001-06-11 10:11:36.000,UNITED STATES,,IOWA,1,"NUMBER, AVG",,2001,19,ENVIRONMENTAL,00,,YEAR,IA,,CORN,STATE,FIELD CROPS,00,,ANNUAL,"CHEMICAL, HERBICIDE",9000,00000000
APPLICATIONS,,"CORN - APPLICATIONS, MEASURED IN NUMBER, AVG",19,ALL PRODUCTION PRACTICES,,,"CHEMICAL, HERBICIDE: (CLOPYRALID = 117403)",IOWA,SURVEY,,,,ALL UTILIZATION PRACTICES,ALL CLASSES,2000-06-11 10:11:36.000,UNITED STATES,,IOWA,1,"NUMBER, AVG",,2000,19,ENVIRONMENTAL,00,,YEAR,IA,,CORN,STATE,FIELD CROPS,00,,ANNUAL,"CHEMICAL, HERBICIDE",9000,00000000
APPLICATIONS,,"CORN - APPLICATIONS, MEASURED IN NUMBER, AVG",19,ALL PRODUCTION PRACTICES,,,"CHEMICAL, HERBICIDE: (CLOPYRALID MONO SALT = 117401)",IOWA,SURVEY,,,,ALL UTILIZATION PRACTICES,ALL CLASSES,2021-05-13 15:00:30.000,UNITED STATES,,IOWA,                 (D),"NUMBER, AVG",,2021,19,ENVIRONMENTAL,00,,YEAR,IA,,CORN,STATE,FIELD CROPS,00,,ANNUAL,"CHEMICAL, HERBICIDE",9000,00000000
APPLICATIONS,,"CORN - APPLICATIONS, MEASURED IN NUMBER, AVG",19,ALL PRODUCTION PRACTICES,,,"CHEMICAL, HERBICIDE: (CLOPYRALID MONO SALT = 117401)",IOWA,SURVEY,,,,ALL UTILIZATION PRACTICES,ALL CLASSES,2018-05-10 15:16:25.000,UNITED STATES,,IOWA,1.1,"NUMBER, AVG",,2018,19,ENVIRONMENTAL,00,,YEAR,IA,,CORN,STATE,FIELD CROPS,00,,ANNUAL,"CHEMICAL, HERBICIDE",9000,00000000
APPLICATIONS,,"CORN - APPLICATIONS, MEASURED IN NUMBER, AVG",19,ALL PRODUCTION PRACTICES,,,"CHEMICAL, HERBICIDE: (CLOPYRALID MONO SALT = 117401)",IOWA,SURVEY,,,,ALL UTILIZATION PRACTICES,ALL CLASSES,2016-08-31 14:19:39.000,UNITED STATES,,IOWA,1.4,"NUMBER, AVG",,2016,19,ENVIRONMENTAL,00,,YEAR,IA,,CORN,STATE,FIELD CROPS,00,,ANNUAL,"CHEMICAL, HERBICIDE",9000,00000000
APPLICATIONS,,"CORN - APPLICATIONS, MEASURED IN NUMBER, AVG",19,ALL PRODUCTION PRACTICES,,,"CHEMICAL, HERBICIDE: (CLOPYRALID MONO SALT = 117401)",IOWA,SURVEY,,,,ALL UTILIZATION PRACTICES,ALL CLASSES,2014-05-14 15:12:54.000,UNITED STATES,,IOWA,                 (D),"NUMBER, AVG",,2014,19,ENVIRONMENTAL,00,,YEAR,IA,,CORN,STATE,FIELD CROPS,00,,ANNUAL,"CHEMICAL, HERBICIDE",9000,00000000
APPLICATIONS,,"CORN - APPLICATIONS, MEASURED IN NUMBER, AVG",19,ALL PRODUCTION PRACTICES,,,"CHEMICAL, HERBICIDE: (CLORANSULAM-METHYL = 129116)",IOWA,SURVEY,,,,ALL UTILIZATION PRACTICES,ALL CLASSES,2018-05-10 15:16:25.000,UNITED STATES,,IOWA,                 (D),"NUMBER, AVG",,2018,19,ENVIRONMENTAL,00,,YEAR,IA,,CORN,STATE,FIELD CROPS,00,,ANNUAL,"CHEMICAL, HERBICIDE",9000,00000000
APPLICATIONS,,"CORN - APPLICATIONS, MEASURED IN NUMBER, AVG",19,ALL PRODUCTION PRACTICES,,,"CHEMICAL, HERBICIDE: (CLORANSULAM-METHYL = 129116)",IOWA,SURVEY,,,,ALL UTILIZATION PRACTICES,ALL CLASSES,2014-05-14 15:12:54.000,UNITED STATES,,IOWA,                 (D),"NUMBER, AVG",,2014,19,ENVIRONMENTAL,00,,YEAR,IA,,CORN,STATE,FIELD CROPS,00,,ANNUAL,"CHEMICAL, HERBICIDE",9000,00000000
APPLICATIONS,,"CORN - APPLICATIONS, MEASURED IN NUMBER, AVG",19,ALL PRODUCTION PRACTICES,,,"CHEMICAL, HERBICIDE: (DICAMBA = 29801)",IOWA,SURVEY,,,,ALL UTILIZATION PRACTICES,ALL CLASSES,2018-05-10 15:16:25.000,UNITED STATES,,IOWA,                 (D),"NUMBER, AVG",,2018,19,ENVIRONMENTAL,00,,YEAR,IA,,CORN,STATE,FIELD CROPS,00,,ANNUAL,"CHEMICAL, HERBICIDE",9000,00000000
APPLICATIONS,,"CORN - APPLICATIONS, MEASURED IN NUMBER, AVG",19,ALL PRODUCTION PRACTICES,,,"CHEMICAL, HERBICIDE: (DICAMBA = 29801)",IOWA,SURVEY,,,,ALL UTILIZATION PRACTICES,ALL CLASSES,2014-05-14 15:12:54.000,UNITED STATES,,IOWA,                 (D),"NUMBER, AVG",,2014,19,ENVIRONMENTAL,00,,YEAR,IA,,CORN,STATE,FIELD CROPS,00,,ANNUAL,"CHEMICAL, HERBICIDE",9000,00000000
APPLICATIONS,,"CORN - APPLICATIONS, MEASURED IN NUMBER, AVG",19,ALL PRODUCTION PRACTICES,,,"CHEMICAL, HERBICIDE: (DICAMBA = 29801)",IOWA,SURVEY,,,,ALL UTILIZATION PRACTICES,ALL CLASSES,2003-06-11 10:11:36.000,UNITED STATES,,IOWA,1,"NUMBER, AVG",,2003,19,ENVIRONMENTAL,00,,YEAR,IA,,CORN,STATE,FIELD CROPS,00,,ANNUAL,"CHEMICAL, HERBICIDE",9000,00000000
APPLICATIONS,,"CORN - APPLICATIONS, MEASURED IN NUMBER, AVG",19,ALL PRODUCTION PRACTICES,,,"CHEMICAL, HERBICIDE: (DICAMBA = 29801)",IOWA,SURVEY,,,,ALL UTILIZATION PRACTICES,ALL CLASSES,2002-06-11 10:11:36.000,UNITED STATES,,IOWA,1,"NUMBER, AVG",,2002,19,ENVIRONMENTAL,00,,YEAR,IA,,CORN,STATE,FIELD CROPS,00,,ANNUAL,"CHEMICAL, HERBICIDE",9000,00000000
APPLICATIONS,,"CORN - APPLICATIONS, MEASURED IN NUMBER, AVG",19,ALL PRODUCTION PRACTICES,,,"CHEMICAL, HERBICIDE: (DICAMBA = 29801)",IOWA,SURVEY,,,,ALL UTILIZATION PRACTICES,ALL CLASSES,2001-06-11 10:11:36.000,UNITED STATES,,IOWA,1,"NUMBER, AVG",,2001,19,ENVIRONMENTAL,00,,YEAR,IA,,CORN,STATE,FIELD CROPS,00,,ANNUAL,"CHEMICAL, HERBICIDE",9000,00000000
APPLICATIONS,,"CORN - APPLICATIONS, MEASURED IN NUMBER, AVG",19,ALL PRODUCTION PRACTICES,,,"CHEMICAL, HERBICIDE: (DICAMBA = 29801)",IOWA,SURVEY,,,,ALL UTILIZATION PRACTICES,ALL CLASSES,2000-06-11 10:11:36.000,UNITED STATES,,IOWA,1,"NUMBER, AVG",,2000,19,ENVIRONMENTAL,00,,YEAR,IA,,CORN,STATE,FIELD CROPS,00,,ANNUAL,"CHEMICAL, HERBICIDE",9000,00000000
APPLICATIONS,,"CORN - APPLICATIONS, MEASURED IN NUMBER, AVG",19,ALL PRODUCTION PRACTICES,,,"CHEMICAL, HERBICIDE: (DICAMBA BAPMA SALT = 100094)",IOWA,SURVEY,,,,ALL UTILIZATION PRACTICES,ALL CLASSES,2018-05-10 15:16:25.000,UNITED STATES,,IOWA,                 (D),"NUMBER, AVG",,2018,19,ENVIRONMENTAL,00,,YEAR,IA,,CORN,STATE,FIELD CROPS,00,,ANNUAL,"CHEMICAL, HERBICIDE",9000,00000000
APPLICATIONS,,"CORN - APPLICATIONS, MEASURED IN NUMBER, AVG",19,ALL PRODUCTION PRACTICES,,,"CHEMICAL, HERBICIDE: (DICAMBA, DIGLY. SALT = 128931)",IOWA,SURVEY,,,,ALL UTILIZATION PRACTICES,ALL CLASSES,2021-05-13 15:00:30.000,UNITED STATES,,IOWA,1.1,"NUMBER, AVG",,2021,19,ENVIRONMENTAL,00,,YEAR,IA,,CORN,STATE,FIELD CROPS,00,,ANNUAL,"CHEMICAL, HERBICIDE",9000,00000000
APPLICATIONS,,"CORN - APPLICATIONS, MEASURED IN NUMBER, AVG",19,ALL PRODUCTION PRACTICES,,,"CHEMICAL, HERBICIDE: (DICAMBA, DIGLY. SALT = 128931)",IOWA,SURVEY,,,,ALL UTILIZATION PRACTICES,ALL CLASSES,2018-05-10 15:16:25.000,UNITED STATES,,IOWA,1,"NUMBER, AVG",,2018,19,ENVIRONMENTAL,00,,YEAR,IA,,CORN,STATE,FIELD CROPS,00,,ANNUAL,"CHEMICAL, HERBICIDE",9000,00000000
APPLICATIONS,,"CORN - APPLICATIONS, MEASURED IN NUMBER, AVG",19,ALL PRODUCTION PRACTICES,,,"CHEMICAL, HERBICIDE: (DICAMBA, DIGLY. SALT = 128931)",IOWA,SURVEY,,,,ALL UTILIZATION PRACTICES,ALL CLASSES,2016-08-31 14:19:39.000,UNITED STATES,,IOWA,                 (D),"NUMBER, AVG",,2016,19,ENVIRONMENTAL,00,,YEAR,IA,,CORN,STATE,FIELD CROPS,00,,ANNUAL,"CHEMICAL, HERBICIDE",9000,00000000
APPLICATIONS,,"CORN - APPLICATIONS, MEASURED IN NUMBER, AVG",19,ALL PRODUCTION PRACTICES,,,"CHEMICAL, HERBICIDE: (DICAMBA, DIMET. SALT = 29802)",IOWA,SURVEY,,,,ALL UTILIZATION PRACTICES,ALL CLASSES,2014-05-14 15:12:54.000,UNITED STATES,,IOWA,                 (D),"NUMBER, AVG",,2014,19,ENVIRONMENTAL,00,,YEAR,IA,,CORN,STATE,FIELD CROPS,00,,ANNUAL,"CHEMICAL, HERBICIDE",9000,00000000
APPLICATIONS,,"CORN - APPLICATIONS, MEASURED IN NUMBER, AVG",19,ALL PRODUCTION PRACTICES,,,"CHEMICAL, HERBICIDE: (DICAMBA, DIMET. SALT = 29802)",IOWA,SURVEY,,,,ALL UTILIZATION PRACTICES,ALL CLASSES,2003-06-11 10:11:36.000,UNITED STATES,,IOWA,1,"NUMBER, AVG",,2003,19,ENVIRONMENTAL,00,,YEAR,IA,,CORN,STATE,FIELD CROPS,00,,ANNUAL,"CHEMICAL, HERBICIDE",9000,00000000
APPLICATIONS,,"CORN - APPLICATIONS, MEASURED IN NUMBER, AVG",19,ALL PRODUCTION PRACTICES,,,"CHEMICAL, HERBICIDE: (DICAMBA, DIMET. SALT = 29802)",IOWA,SURVEY,,,,ALL UTILIZATION PRACTICES,ALL CLASSES,2002-06-11 10:11:36.000,UNITED STATES,,IOWA,1,"NUMBER, AVG",,2002,19,ENVIRONMENTAL,00,,YEAR,IA,,CORN,STATE,FIELD CROPS,00,,ANNUAL,"CHEMICAL, HERBICIDE",9000,00000000
APPLICATIONS,,"CORN - APPLICATIONS, MEASURED IN NUMBER, AVG",19,ALL PRODUCTION PRACTICES,,,"CHEMICAL, HERBICIDE: (DICAMBA, DIMET. SALT = 29802)",IOWA,SURVEY,,,,ALL UTILIZATION PRACTICES,ALL CLASSES,2001-06-11 10:11:36.000,UNITED STATES,,IOWA,1,"NUMBER, AVG",,2001,19,ENVIRONMENTAL,00,,YEAR,IA,,CORN,STATE,FIELD CROPS,00,,ANNUAL,"CHEMICAL, HERBICIDE",9000,00000000
APPLICATIONS,,"CORN - APPLICATIONS, MEASURED IN NUMBER, AVG",19,ALL PRODUCTION PRACTICES,,,"CHEMICAL, HERBICIDE: (DICAMBA, DIMET. SALT = 29802)",IOWA,SURVEY,,,,ALL UTILIZATION PRACTICES,ALL CLASSES,2000-06-11 10:11:36.000,UNITED STATES,,IOWA,1,"NUMBER, AVG",,2000,19,ENVIRONMENTAL,00,,YEAR,IA,,CORN,STATE,FIELD CROPS,00,,ANNUAL,"CHEMICAL, HERBICIDE",9000,00000000
APPLICATIONS,,"CORN - APPLICATIONS, MEASURED IN NUMBER, AVG",19,ALL PRODUCTION PRACTICES,,,"CHEMICAL, HERBICIDE: (DICAMBA, POT. SALT = 129043)",IOWA,SURVEY,,,,ALL UTILIZATION PRACTICES,ALL CLASSES,2005-06-11 10:11:36.000,UNITED STATES,,IOWA,1,"NUMBER, AVG",,2005,19,ENVIRONMENTAL,00,,YEAR,IA,,CORN,STATE,FIELD CROPS,00,,ANNUAL,"CHEMICAL, HERBICIDE",9000,00000000
APPLICATIONS,,"CORN - APPLICATIONS, MEASURED IN NUMBER, AVG",19,ALL PRODUCTION PRACTICES,,,"CHEMICAL, HERBICIDE: (DICAMBA, POT. SALT = 129043)",IOWA,SURVEY,,,,ALL UTILIZATION PRACTICES,ALL CLASSES,2002-06-11 10:11:36.000,UNITED STATES,,IOWA,1,"NUMBER, AVG",,2002,19,ENVIRONMENTAL,00,,YEAR,IA,,CORN,STATE,FIELD CROPS,00,,ANNUAL,"CHEMICAL, HERBICIDE",9000,00000000
APPLICATIONS,,"CORN - APPLICATIONS, MEASURED IN NUMBER, AVG",19,ALL PRODUCTION PRACTICES,,,"CHEMICAL, HERBICIDE: (DICAMBA, POT. SALT = 129043)",IOWA,SURVEY,,,,ALL UTILIZATION PRACTICES,ALL CLASSES,2001-06-11 10:11:36.000,UNITED STATES,,IOWA,1,"NUMBER, AVG",,2001,19,ENVIRONMENTAL,00,,YEAR,IA,,CORN,STATE,FIELD CROPS,00,,ANNUAL,"CHEMICAL, HERBICIDE",9000,00000000
APPLICATIONS,,"CORN - APPLICATIONS, MEASURED IN NUMBER, AVG",19,ALL PRODUCTION PRACTICES,,,"CHEMICAL, HERBICIDE: (DICAMBA, POT. SALT = 129043)",IOWA,SURVEY,,,,ALL UTILIZATION PRACTICES,ALL CLASSES,2000-06-11 10:11:36.000,UNITED STATES,,IOWA,1,"NUMBER, AVG",,2000,19,ENVIRONMENTAL,00,,YEAR,IA,,CORN,STATE,FIELD CROPS,00,,ANNUAL,"CHEMICAL, HERBICIDE",9000,00000000
APPLICATIONS,,"CORN - APPLICATIONS, MEASURED IN NUMBER, AVG",19,ALL PRODUCTION PRACTICES,,,"CHEMICAL, HERBICIDE: (DICAMBA, SODIUM SALT = 29806)",IOWA,SURVEY,,,,ALL UTILIZATION PRACTICES,ALL CLASSES,2021-05-13 15:00:30.000,UNITED STATES,,IOWA,                 (D),"NUMBER, AVG",,2021,19,ENVIRONMENTAL,00,,YEAR,IA,,CORN,STATE,FIELD CROPS,00,,ANNUAL,"CHEMICAL, HERBICIDE",9000,00000000
APPLICATIONS,,"CORN - APPLICATIONS, MEASURED IN NUMBER, AVG",19,ALL PRODUCTION PRACTICES,,,"CHEMICAL, HERBICIDE: (DICAMBA, SODIUM SALT = 29806)",IOWA,SURVEY,,,,ALL UTILIZATION PRACTICES,ALL CLASSES,2018-05-10 15:16:25.000,UNITED STATES,,IOWA,1,"NUMBER, AVG",,2018,19,ENVIRONMENTAL,00,,YEAR,IA,,CORN,STATE,FIELD CROPS,00,,ANNUAL,"CHEMICAL, HERBICIDE",9000,00000000
APPLICATIONS,,"CORN - APPLICATIONS, MEASURED IN NUMBER, AVG",19,ALL PRODUCTION PRACTICES,,,"CHEMICAL, HERBICIDE: (DICAMBA, SODIUM SALT = 29806)",IOWA,SURVEY,,,,ALL UTILIZATION PRACTICES,ALL CLASSES,2016-08-31 14:19:39.000,UNITED STATES,,IOWA,1.2,"NUMBER, AVG",,2016,19,ENVIRONMENTAL,00,,YEAR,IA,,CORN,STATE,FIELD CROPS,00,,ANNUAL,"CHEMICAL, HERBICIDE",9000,00000000
APPLICATIONS,,"CORN - APPLICATIONS, MEASURED IN NUMBER, AVG",19,ALL PRODUCTION PRACTICES,,,"CHEMICAL, HERBICIDE: (DICAMBA, SODIUM SALT = 29806)",IOWA,SURVEY,,,,ALL UTILIZATION PRACTICES,ALL CLASSES,2014-05-14 15:12:54.000,UNITED STATES,,IOWA,1.1,"NUMBER, AVG",,2014,19,ENVIRONMENTAL,00,,YEAR,IA,,CORN,STATE,FIELD CROPS,00,,ANNUAL,"CHEMICAL, HERBICIDE",9000,00000000
APPLICATIONS,,"CORN - APPLICATIONS, MEASURED IN NUMBER, AVG",19,ALL PRODUCTION PRACTICES,,,"CHEMICAL, HERBICIDE: (DICAMBA, SODIUM SALT = 29806)",IOWA,SURVEY,,,,ALL UTILIZATION PRACTICES,ALL CLASSES,2012-01-01 00:00:00.000,UNITED STATES,,IOWA,1,"NUMBER, AVG",,2010,19,ENVIRONMENTAL,00,,YEAR,IA,,CORN,STATE,FIELD CROPS,00,,ANNUAL,"CHEMICAL, HERBICIDE",9000,00000000
APPLICATIONS,,"CORN - APPLICATIONS, MEASURED IN NUMBER, AVG",19,ALL PRODUCTION PRACTICES,,,"CHEMICAL, HERBICIDE: (DICAMBA, SODIUM SALT = 29806)",IOWA,SURVEY,,,,ALL UTILIZATION PRACTICES,ALL CLASSES,2005-06-11 10:11:36.000,UNITED STATES,,IOWA,1,"NUMBER, AVG",,2005,19,ENVIRONMENTAL,00,,YEAR,IA,,CORN,STATE,FIELD CROPS,00,,ANNUAL,"CHEMICAL, HERBICIDE",9000,00000000
APPLICATIONS,,"CORN - APPLICATIONS, MEASURED IN NUMBER, AVG",19,ALL PRODUCTION PRACTICES,,,"CHEMICAL, HERBICIDE: (DICAMBA, SODIUM SALT = 29806)",IOWA,SURVEY,,,,ALL UTILIZATION PRACTICES,ALL CLASSES,2003-06-11 10:11:36.000,UNITED STATES,,IOWA,1,"NUMBER, AVG",,2003,19,ENVIRONMENTAL,00,,YEAR,IA,,CORN,STATE,FIELD CROPS,00,,ANNUAL,"CHEMICAL, HERBICIDE",9000,00000000
APPLICATIONS,,"CORN - APPLICATIONS, MEASURED IN NUMBER, AVG",19,ALL PRODUCTION PRACTICES,,,"CHEMICAL, HERBICIDE: (DIFLUFENZOPYR-SODIUM = 5107)",IOWA,SURVEY,,,,ALL UTILIZATION PRACTICES,ALL CLASSES,2021-05-13 15:00:30.000,UNITED STATES,,IOWA,                 (D),"NUMBER, AVG",,2021,19,ENVIRONMENTAL,00,,YEAR,IA,,CORN,STATE,FIELD CROPS,00,,ANNUAL,"CHEMICAL, HERBICIDE",9000,00000000
APPLICATIONS,,"CORN - APPLICATIONS, MEASURED IN NUMBER, AVG",19,ALL PRODUCTION PRACTICES,,,"CHEMICAL, HERBICIDE: (DIFLUFENZOPYR-SODIUM = 5107)",IOWA,SURVEY,,,,ALL UTILIZATION PRACTICES,ALL CLASSES,2018-05-10 15:16:25.000,UNITED STATES,,IOWA,1,"NUMBER, AVG",,2018,19,ENVIRONMENTAL,00,,YEAR,IA,,CORN,STATE,FIELD CROPS,00,,ANNUAL,"CHEMICAL, HERBICIDE",9000,00000000
APPLICATIONS,,"CORN - APPLICATIONS, MEASURED IN NUMBER, AVG",19,ALL PRODUCTION PRACTICES,,,"CHEMICAL, HERBICIDE: (DIFLUFENZOPYR-SODIUM = 5107)",IOWA,SURVEY,,,,ALL UTILIZATION PRACTICES,ALL CLASSES,2016-08-31 14:19:39.000,UNITED STATES,,IOWA,1.2,"NUMBER, AVG",,2016,19,ENVIRONMENTAL,00,,YEAR,IA,,CORN,STATE,FIELD CROPS,00,,ANNUAL,"CHEMICAL, HERBICIDE",9000,00000000
APPLICATIONS,,"CORN - APPLICATIONS, MEASURED IN NUMBER, AVG",19,ALL PRODUCTION PRACTICES,,,"CHEMICAL, HERBICIDE: (DIFLUFENZOPYR-SODIUM = 5107)",IOWA,SURVEY,,,,ALL UTILIZATION PRACTICES,ALL CLASSES,2014-05-14 15:12:54.000,UNITED STATES,,IOWA,1.1,"NUMBER, AVG",,2014,19,ENVIRONMENTAL,00,,YEAR,IA,,CORN,STATE,FIELD CROPS,00,,ANNUAL,"CHEMICAL, HERBICIDE",9000,00000000
APPLICATIONS,,"CORN - APPLICATIONS, MEASURED IN NUMBER, AVG",19,ALL PRODUCTION PRACTICES,,,"CHEMICAL, HERBICIDE: (DIFLUFENZOPYR-SODIUM = 5107)",IOWA,SURVEY,,,,ALL UTILIZATION PRACTICES,ALL CLASSES,2012-01-01 00:00:00.000,UNITED STATES,,IOWA,1,"NUMBER, AVG",,2010,19,ENVIRONMENTAL,00,,YEAR,IA,,CORN,STATE,FIELD CROPS,00,,ANNUAL,"CHEMICAL, HERBICIDE",9000,00000000
APPLICATIONS,,"CORN - APPLICATIONS, MEASURED IN NUMBER, AVG",19,ALL PRODUCTION PRACTICES,,,"CHEMICAL, HERBICIDE: (DIFLUFENZOPYR-SODIUM = 5107)",IOWA,SURVEY,,,,ALL UTILIZATION PRACTICES,ALL CLASSES,2005-06-11 10:11:36.000,UNITED STATES,,IOWA,1,"NUMBER, AVG",,2005,19,ENVIRONMENTAL,00,,YEAR,IA,,CORN,STATE,FIELD CROPS,00,,ANNUAL,"CHEMICAL, HERBICIDE",9000,00000000
APPLICATIONS,,"CORN - APPLICATIONS, MEASURED IN NUMBER, AVG",19,ALL PRODUCTION PRACTICES,,,"CHEMICAL, HERBICIDE: (DIFLUFENZOPYR-SODIUM = 5107)",IOWA,SURVEY,,,,ALL UTILIZATION PRACTICES,ALL CLASSES,2003-06-11 10:11:36.000,UNITED STATES,,IOWA,1,"NUMBER, AVG",,2003,19,ENVIRONMENTAL,00,,YEAR,IA,,CORN,STATE,FIELD CROPS,00,,ANNUAL,"CHEMICAL, HERBICIDE",9000,00000000
APPLICATIONS,,"CORN - APPLICATIONS, MEASURED IN NUMBER, AVG",19,ALL PRODUCTION PRACTICES,,,"CHEMICAL, HERBICIDE: (DIFLUFENZOPYR-SODIUM = 5107)",IOWA,SURVEY,,,,ALL UTILIZATION PRACTICES,ALL CLASSES,2002-06-11 10:11:36.000,UNITED STATES,,IOWA,1,"NUMBER, AVG",,2002,19,ENVIRONMENTAL,00,,YEAR,IA,,CORN,STATE,FIELD CROPS,00,,ANNUAL,"CHEMICAL, HERBICIDE",9000,00000000
APPLICATIONS,,"CORN - APPLICATIONS, MEASURED IN NUMBER, AVG",19,ALL PRODUCTION PRACTICES,,,"CHEMICAL, HERBICIDE: (DIFLUFENZOPYR-SODIUM = 5107)",IOWA,SURVEY,,,,ALL UTILIZATION PRACTICES,ALL CLASSES,2001-06-11 10:11:36.000,UNITED STATES,,IOWA,1,"NUMBER, AVG",,2001,19,ENVIRONMENTAL,00,,YEAR,IA,,CORN,STATE,FIELD CROPS,00,,ANNUAL,"CHEMICAL, HERBICIDE",9000,00000000
APPLICATIONS,,"CORN - APPLICATIONS, MEASURED IN NUMBER, AVG",19,ALL PRODUCTION PRACTICES,,,"CHEMICAL, HERBICIDE: (DIFLUFENZOPYR-SODIUM = 5107)",IOWA,SURVEY,,,,ALL UTILIZATION PRACTICES,ALL CLASSES,2000-06-11 10:11:36.000,UNITED STATES,,IOWA,1,"NUMBER, AVG",,2000,19,ENVIRONMENTAL,00,,YEAR,IA,,CORN,STATE,FIELD CROPS,00,,ANNUAL,"CHEMICAL, HERBICIDE",9000,00000000
APPLICATIONS,,"CORN - APPLICATIONS, MEASURED IN NUMBER, AVG",19,ALL PRODUCTION PRACTICES,,,"CHEMICAL, HERBICIDE: (DIMETHENAMID = 129051)",IOWA,SURVEY,,,,ALL UTILIZATION PRACTICES,ALL CLASSES,2014-05-14 15:12:54.000,UNITED STATES,,IOWA,                 (D),"NUMBER, AVG",,2014,19,ENVIRONMENTAL,00,,YEAR,IA,,CORN,STATE,FIELD CROPS,00,,ANNUAL,"CHEMICAL, HERBICIDE",9000,00000000
APPLICATIONS,,"CORN - APPLICATIONS, MEASURED IN NUMBER, AVG",19,ALL PRODUCTION PRACTICES,,,"CHEMICAL, HERBICIDE: (DIMETHENAMID = 129051)",IOWA,SURVEY,,,,ALL UTILIZATION PRACTICES,ALL CLASSES,2012-01-01 00:00:00.000,UNITED STATES,,IOWA,                 (D),"NUMBER, AVG",,2010,19,ENVIRONMENTAL,00,,YEAR,IA,,CORN,STATE,FIELD CROPS,00,,ANNUAL,"CHEMICAL, HERBICIDE",9000,00000000
APPLICATIONS,,"CORN - APPLICATIONS, MEASURED IN NUMBER, AVG",19,ALL PRODUCTION PRACTICES,,,"CHEMICAL, HERBICIDE: (DIMETHENAMID = 129051)",IOWA,SURVEY,,,,ALL UTILIZATION PRACTICES,ALL CLASSES,2002-06-11 10:11:36.000,UNITED STATES,,IOWA,1,"NUMBER, AVG",,2002,19,ENVIRONMENTAL,00,,YEAR,IA,,CORN,STATE,FIELD CROPS,00,,ANNUAL,"CHEMICAL, HERBICIDE",9000,00000000
APPLICATIONS,,"CORN - APPLICATIONS, MEASURED IN NUMBER, AVG",19,ALL PRODUCTION PRACTICES,,,"CHEMICAL, HERBICIDE: (DIMETHENAMID = 129051)",IOWA,SURVEY,,,,ALL UTILIZATION PRACTICES,ALL CLASSES,2001-06-11 10:11:36.000,UNITED STATES,,IOWA,1,"NUMBER, AVG",,2001,19,ENVIRONMENTAL,00,,YEAR,IA,,CORN,STATE,FIELD CROPS,00,,ANNUAL,"CHEMICAL, HERBICIDE",9000,00000000
APPLICATIONS,,"CORN - APPLICATIONS, MEASURED IN NUMBER, AVG",19,ALL PRODUCTION PRACTICES,,,"CHEMICAL, HERBICIDE: (DIMETHENAMID = 129051)",IOWA,SURVEY,,,,ALL UTILIZATION PRACTICES,ALL CLASSES,2000-06-11 10:11:36.000,UNITED STATES,,IOWA,1,"NUMBER, AVG",,2000,19,ENVIRONMENTAL,00,,YEAR,IA,,CORN,STATE,FIELD CROPS,00,,ANNUAL,"CHEMICAL, HERBICIDE",9000,00000000
APPLICATIONS,,"CORN - APPLICATIONS, MEASURED IN NUMBER, AVG",19,ALL PRODUCTION PRACTICES,,,"CHEMICAL, HERBICIDE: (DIMETHENAMID-P = 120051)",IOWA,SURVEY,,,,ALL UTILIZATION PRACTICES,ALL CLASSES,2021-05-13 15:00:30.000,UNITED STATES,,IOWA,                 (D),"NUMBER, AVG",,2021,19,ENVIRONMENTAL,00,,YEAR,IA,,CORN,STATE,FIELD CROPS,00,,ANNUAL,"CHEMICAL, HERBICIDE",9000,00000000
APPLICATIONS,,"CORN - APPLICATIONS, MEASURED IN NUMBER, AVG",19,ALL PRODUCTION PRACTICES,,,"CHEMICAL, HERBICIDE: (DIMETHENAMID-P = 120051)",IOWA,SURVEY,,,,ALL UTILIZATION PRACTICES,ALL CLASSES,2018-05-10 15:16:25.000,UNITED STATES,,IOWA,1.2,"NUMBER, AVG",,2018,19,ENVIRONMENTAL,00,,YEAR,IA,,CORN,STATE,FIELD CROPS,00,,ANNUAL,"CHEMICAL, HERBICIDE",9000,00000000
APPLICATIONS,,"CORN - APPLICATIONS, MEASURED IN NUMBER, AVG",19,ALL PRODUCTION PRACTICES,,,"CHEMICAL, HERBICIDE: (DIMETHENAMID-P = 120051)",IOWA,SURVEY,,,,ALL UTILIZATION PRACTICES,ALL CLASSES,2016-08-31 14:19:39.000,UNITED STATES,,IOWA,1,"NUMBER, AVG",,2016,19,ENVIRONMENTAL,00,,YEAR,IA,,CORN,STATE,FIELD CROPS,00,,ANNUAL,"CHEMICAL, HERBICIDE",9000,00000000
APPLICATIONS,,"CORN - APPLICATIONS, MEASURED IN NUMBER, AVG",19,ALL PRODUCTION PRACTICES,,,"CHEMICAL, HERBICIDE: (DIMETHENAMID-P = 120051)",IOWA,SURVEY,,,,ALL UTILIZATION PRACTICES,ALL CLASSES,2014-05-14 15:12:54.000,UNITED STATES,,IOWA,1,"NUMBER, AVG",,2014,19,ENVIRONMENTAL,00,,YEAR,IA,,CORN,STATE,FIELD CROPS,00,,ANNUAL,"CHEMICAL, HERBICIDE",9000,00000000
APPLICATIONS,,"CORN - APPLICATIONS, MEASURED IN NUMBER, AVG",19,ALL PRODUCTION PRACTICES,,,"CHEMICAL, HERBICIDE: (DIMETHENAMID-P = 120051)",IOWA,SURVEY,,,,ALL UTILIZATION PRACTICES,ALL CLASSES,2012-01-01 00:00:00.000,UNITED STATES,,IOWA,1,"NUMBER, AVG",,2010,19,ENVIRONMENTAL,00,,YEAR,IA,,CORN,STATE,FIELD CROPS,00,,ANNUAL,"CHEMICAL, HERBICIDE",9000,00000000
APPLICATIONS,,"CORN - APPLICATIONS, MEASURED IN NUMBER, AVG",19,ALL PRODUCTION PRACTICES,,,"CHEMICAL, HERBICIDE: (DIMETHENAMID-P = 120051)",IOWA,SURVEY,,,,ALL UTILIZATION PRACTICES,ALL CLASSES,2005-06-11 10:11:36.000,UNITED STATES,,IOWA,1,"NUMBER, AVG",,2005,19,ENVIRONMENTAL,00,,YEAR,IA,,CORN,STATE,FIELD CROPS,00,,ANNUAL,"CHEMICAL, HERBICIDE",9000,00000000
APPLICATIONS,,"CORN - APPLICATIONS, MEASURED IN NUMBER, AVG",19,ALL PRODUCTION PRACTICES,,,"CHEMICAL, HERBICIDE: (DIMETHENAMID-P = 120051)",IOWA,SURVEY,,,,ALL UTILIZATION PRACTICES,ALL CLASSES,2003-06-11 10:11:36.000,UNITED STATES,,IOWA,1,"NUMBER, AVG",,2003,19,ENVIRONMENTAL,00,,YEAR,IA,,CORN,STATE,FIELD CROPS,00,,ANNUAL,"CHEMICAL, HERBICIDE",9000,00000000
APPLICATIONS,,"CORN - APPLICATIONS, MEASURED IN NUMBER, AVG",19,ALL PRODUCTION PRACTICES,,,"CHEMICAL, HERBICIDE: (DIMETHENAMID-P = 120051)",IOWA,SURVEY,,,,ALL UTILIZATION PRACTICES,ALL CLASSES,2002-06-11 10:11:36.000,UNITED STATES,,IOWA,1,"NUMBER, AVG",,2002,19,ENVIRONMENTAL,00,,YEAR,IA,,CORN,STATE,FIELD CROPS,00,,ANNUAL,"CHEMICAL, HERBICIDE",9000,00000000
APPLICATIONS,,"CORN - APPLICATIONS, MEASURED IN NUMBER, AVG",19,ALL PRODUCTION PRACTICES,,,"CHEMICAL, HERBICIDE: (DIQUAT DIBROMIDE = 32201)",IOWA,SURVEY,,,,ALL UTILIZATION PRACTICES,ALL CLASSES,2018-05-10 15:16:25.000,UNITED STATES,,IOWA,                 (D),"NUMBER, AVG",,2018,19,ENVIRONMENTAL,00,,YEAR,IA,,CORN,STATE,FIELD CROPS,00,,ANNUAL,"CHEMICAL, HERBICIDE",9000,00000000
APPLICATIONS,,"CORN - APPLICATIONS, MEASURED IN NUMBER, AVG",19,ALL PRODUCTION PRACTICES,,,"CHEMICAL, HERBICIDE: (FLUFENACET = 121903)",IOWA,SURVEY,,,,ALL UTILIZATION PRACTICES,ALL CLASSES,2005-06-11 10:11:36.000,UNITED STATES,,IOWA,1,"NUMBER, AVG",,2005,19,ENVIRONMENTAL,00,,YEAR,IA,,CORN,STATE,FIELD CROPS,00,,ANNUAL,"CHEMICAL, HERBICIDE",9000,00000000
APPLICATIONS,,"CORN - APPLICATIONS, MEASURED IN NUMBER, AVG",19,ALL PRODUCTION PRACTICES,,,"CHEMICAL, HERBICIDE: (FLUFENACET = 121903)",IOWA,SURVEY,,,,ALL UTILIZATION PRACTICES,ALL CLASSES,2003-06-11 10:11:36.000,UNITED STATES,,IOWA,1,"NUMBER, AVG",,2003,19,ENVIRONMENTAL,00,,YEAR,IA,,CORN,STATE,FIELD CROPS,00,,ANNUAL,"CHEMICAL, HERBICIDE",9000,00000000
APPLICATIONS,,"CORN - APPLICATIONS, MEASURED IN NUMBER, AVG",19,ALL PRODUCTION PRACTICES,,,"CHEMICAL, HERBICIDE: (FLUFENACET = 121903)",IOWA,SURVEY,,,,ALL UTILIZATION PRACTICES,ALL CLASSES,2002-06-11 10:11:36.000,UNITED STATES,,IOWA,1,"NUMBER, AVG",,2002,19,ENVIRONMENTAL,00,,YEAR,IA,,CORN,STATE,FIELD CROPS,00,,ANNUAL,"CHEMICAL, HERBICIDE",9000,00000000
APPLICATIONS,,"CORN - APPLICATIONS, MEASURED IN NUMBER, AVG",19,ALL PRODUCTION PRACTICES,,,"CHEMICAL, HERBICIDE: (FLUFENACET = 121903)",IOWA,SURVEY,,,,ALL UTILIZATION PRACTICES,ALL CLASSES,2001-06-11 10:11:36.000,UNITED STATES,,IOWA,1,"NUMBER, AVG",,2001,19,ENVIRONMENTAL,00,,YEAR,IA,,CORN,STATE,FIELD CROPS,00,,ANNUAL,"CHEMICAL, HERBICIDE",9000,00000000
APPLICATIONS,,"CORN - APPLICATIONS, MEASURED IN NUMBER, AVG",19,ALL PRODUCTION PRACTICES,,,"CHEMICAL, HERBICIDE: (FLUMETSULAM = 129016)",IOWA,SURVEY,,,,ALL UTILIZATION PRACTICES,ALL CLASSES,2021-05-13 15:00:30.000,UNITED STATES,,IOWA,1,"NUMBER, AVG",,2021,19,ENVIRONMENTAL,00,,YEAR,IA,,CORN,STATE,FIELD CROPS,00,,ANNUAL,"CHEMICAL, HERBICIDE",9000,00000000
APPLICATIONS,,"CORN - APPLICATIONS, MEASURED IN NUMBER, AVG",19,ALL PRODUCTION PRACTICES,,,"CHEMICAL, HERBICIDE: (FLUMETSULAM = 129016)",IOWA,SURVEY,,,,ALL UTILIZATION PRACTICES,ALL CLASSES,2018-05-10 15:16:25.000,UNITED STATES,,IOWA,1,"NUMBER, AVG",,2018,19,ENVIRONMENTAL,00,,YEAR,IA,,CORN,STATE,FIELD CROPS,00,,ANNUAL,"CHEMICAL, HERBICIDE",9000,00000000
APPLICATIONS,,"CORN - APPLICATIONS, MEASURED IN NUMBER, AVG",19,ALL PRODUCTION PRACTICES,,,"CHEMICAL, HERBICIDE: (FLUMETSULAM = 129016)",IOWA,SURVEY,,,,ALL UTILIZATION PRACTICES,ALL CLASSES,2016-08-31 14:19:39.000,UNITED STATES,,IOWA,1.1,"NUMBER, AVG",,2016,19,ENVIRONMENTAL,00,,YEAR,IA,,CORN,STATE,FIELD CROPS,00,,ANNUAL,"CHEMICAL, HERBICIDE",9000,00000000
APPLICATIONS,,"CORN - APPLICATIONS, MEASURED IN NUMBER, AVG",19,ALL PRODUCTION PRACTICES,,,"CHEMICAL, HERBICIDE: (FLUMETSULAM = 129016)",IOWA,SURVEY,,,,ALL UTILIZATION PRACTICES,ALL CLASSES,2014-05-14 15:12:54.000,UNITED STATES,,IOWA,1.1,"NUMBER, AVG",,2014,19,ENVIRONMENTAL,00,,YEAR,IA,,CORN,STATE,FIELD CROPS,00,,ANNUAL,"CHEMICAL, HERBICIDE",9000,00000000
APPLICATIONS,,"CORN - APPLICATIONS, MEASURED IN NUMBER, AVG",19,ALL PRODUCTION PRACTICES,,,"CHEMICAL, HERBICIDE: (FLUMETSULAM = 129016)",IOWA,SURVEY,,,,ALL UTILIZATION PRACTICES,ALL CLASSES,2012-01-01 00:00:00.000,UNITED STATES,,IOWA,1,"NUMBER, AVG",,2010,19,ENVIRONMENTAL,00,,YEAR,IA,,CORN,STATE,FIELD CROPS,00,,ANNUAL,"CHEMICAL, HERBICIDE",9000,00000000
APPLICATIONS,,"CORN - APPLICATIONS, MEASURED IN NUMBER, AVG",19,ALL PRODUCTION PRACTICES,,,"CHEMICAL, HERBICIDE: (FLUMETSULAM = 129016)",IOWA,SURVEY,,,,ALL UTILIZATION PRACTICES,ALL CLASSES,2005-06-11 10:11:36.000,UNITED STATES,,IOWA,1,"NUMBER, AVG",,2005,19,ENVIRONMENTAL,00,,YEAR,IA,,CORN,STATE,FIELD CROPS,00,,ANNUAL,"CHEMICAL, HERBICIDE",9000,00000000
APPLICATIONS,,"CORN - APPLICATIONS, MEASURED IN NUMBER, AVG",19,ALL PRODUCTION PRACTICES,,,"CHEMICAL, HERBICIDE: (FLUMETSULAM = 129016)",IOWA,SURVEY,,,,ALL UTILIZATION PRACTICES,ALL CLASSES,2003-06-11 10:11:36.000,UNITED STATES,,IOWA,1,"NUMBER, AVG",,2003,19,ENVIRONMENTAL,00,,YEAR,IA,,CORN,STATE,FIELD CROPS,00,,ANNUAL,"CHEMICAL, HERBICIDE",9000,00000000
APPLICATIONS,,"CORN - APPLICATIONS, MEASURED IN NUMBER, AVG",19,ALL PRODUCTION PRACTICES,,,"CHEMICAL, HERBICIDE: (FLUMETSULAM = 129016)",IOWA,SURVEY,,,,ALL UTILIZATION PRACTICES,ALL CLASSES,2002-06-11 10:11:36.000,UNITED STATES,,IOWA,1,"NUMBER, AVG",,2002,19,ENVIRONMENTAL,00,,YEAR,IA,,CORN,STATE,FIELD CROPS,00,,ANNUAL,"CHEMICAL, HERBICIDE",9000,00000000
APPLICATIONS,,"CORN - APPLICATIONS, MEASURED IN NUMBER, AVG",19,ALL PRODUCTION PRACTICES,,,"CHEMICAL, HERBICIDE: (FLUMETSULAM = 129016)",IOWA,SURVEY,,,,ALL UTILIZATION PRACTICES,ALL CLASSES,2001-06-11 10:11:36.000,UNITED STATES,,IOWA,1,"NUMBER, AVG",,2001,19,ENVIRONMENTAL,00,,YEAR,IA,,CORN,STATE,FIELD CROPS,00,,ANNUAL,"CHEMICAL, HERBICIDE",9000,00000000
APPLICATIONS,,"CORN - APPLICATIONS, MEASURED IN NUMBER, AVG",19,ALL PRODUCTION PRACTICES,,,"CHEMICAL, HERBICIDE: (FLUMETSULAM = 129016)",IOWA,SURVEY,,,,ALL UTILIZATION PRACTICES,ALL CLASSES,2000-06-11 10:11:36.000,UNITED STATES,,IOWA,1,"NUMBER, AVG",,2000,19,ENVIRONMENTAL,00,,YEAR,IA,,CORN,STATE,FIELD CROPS,00,,ANNUAL,"CHEMICAL, HERBICIDE",9000,00000000
APPLICATIONS,,"CORN - APPLICATIONS, MEASURED IN NUMBER, AVG",19,ALL PRODUCTION PRACTICES,,,"CHEMICAL, HERBICIDE: (FLUMICLORAC-PENTYL = 128724)",IOWA,SURVEY,,,,ALL UTILIZATION PRACTICES,ALL CLASSES,2021-05-13 15:00:30.000,UNITED STATES,,IOWA,                 (D),"NUMBER, AVG",,2021,19,ENVIRONMENTAL,00,,YEAR,IA,,CORN,STATE,FIELD CROPS,00,,ANNUAL,"CHEMICAL, HERBICIDE",9000,00000000
APPLICATIONS,,"CORN - APPLICATIONS, MEASURED IN NUMBER, AVG",19,ALL PRODUCTION PRACTICES,,,"CHEMICAL, HERBICIDE: (FLUMICLORAC-PENTYL = 128724)",IOWA,SURVEY,,,,ALL UTILIZATION PRACTICES,ALL CLASSES,2012-01-01 00:00:00.000,UNITED STATES,,IOWA,                 (D),"NUMBER, AVG",,2010,19,ENVIRONMENTAL,00,,YEAR,IA,,CORN,STATE,FIELD CROPS,00,,ANNUAL,"CHEMICAL, HERBICIDE",9000,00000000
APPLICATIONS,,"CORN - APPLICATIONS, MEASURED IN NUMBER, AVG",19,ALL PRODUCTION PRACTICES,,,"CHEMICAL, HERBICIDE: (FLUMIOXAZIN = 129034)",IOWA,SURVEY,,,,ALL UTILIZATION PRACTICES,ALL CLASSES,2016-08-31 14:19:39.000,UNITED STATES,,IOWA,                 (D),"NUMBER, AVG",,2016,19,ENVIRONMENTAL,00,,YEAR,IA,,CORN,STATE,FIELD CROPS,00,,ANNUAL,"CHEMICAL, HERBICIDE",9000,00000000
APPLICATIONS,,"CORN - APPLICATIONS, MEASURED IN NUMBER, AVG",19,ALL PRODUCTION PRACTICES,,,"CHEMICAL, HERBICIDE: (FLUROXYPYR 1-MHE = 128968)",IOWA,SURVEY,,,,ALL UTILIZATION PRACTICES,ALL CLASSES,2014-05-14 15:12:54.000,UNITED STATES,,IOWA,                 (D),"NUMBER, AVG",,2014,19,ENVIRONMENTAL,00,,YEAR,IA,,CORN,STATE,FIELD CROPS,00,,ANNUAL,"CHEMICAL, HERBICIDE",9000,00000000
APPLICATIONS,,"CORN - APPLICATIONS, MEASURED IN NUMBER, AVG",19,ALL PRODUCTION PRACTICES,,,"CHEMICAL, HERBICIDE: (FLUTHIACET-METHYL = 108803)",IOWA,SURVEY,,,,ALL UTILIZATION PRACTICES,ALL CLASSES,2016-08-31 14:19:39.000,UNITED STATES,,IOWA,                 (D),"NUMBER, AVG",,2016,19,ENVIRONMENTAL,00,,YEAR,IA,,CORN,STATE,FIELD CROPS,00,,ANNUAL,"CHEMICAL, HERBICIDE",9000,00000000
APPLICATIONS,,"CORN - APPLICATIONS, MEASURED IN NUMBER, AVG",19,ALL PRODUCTION PRACTICES,,,"CHEMICAL, HERBICIDE: (FLUTHIACET-METHYL = 108803)",IOWA,SURVEY,,,,ALL UTILIZATION PRACTICES,ALL CLASSES,2014-05-14 15:12:54.000,UNITED STATES,,IOWA,                 (D),"NUMBER, AVG",,2014,19,ENVIRONMENTAL,00,,YEAR,IA,,CORN,STATE,FIELD CROPS,00,,ANNUAL,"CHEMICAL, HERBICIDE",9000,00000000
APPLICATIONS,,"CORN - APPLICATIONS, MEASURED IN NUMBER, AVG",19,ALL PRODUCTION PRACTICES,,,"CHEMICAL, HERBICIDE: (GLUFOSINATE-AMMONIUM = 128850)",IOWA,SURVEY,,,,ALL UTILIZATION PRACTICES,ALL CLASSES,2021-05-13 15:00:30.000,UNITED STATES,,IOWA,                 (D),"NUMBER, AVG",,2021,19,ENVIRONMENTAL,00,,YEAR,IA,,CORN,STATE,FIELD CROPS,00,,ANNUAL,"CHEMICAL, HERBICIDE",9000,00000000
APPLICATIONS,,"CORN - APPLICATIONS, MEASURED IN NUMBER, AVG",19,ALL PRODUCTION PRACTICES,,,"CHEMICAL, HERBICIDE: (GLUFOSINATE-AMMONIUM = 128850)",IOWA,SURVEY,,,,ALL UTILIZATION PRACTICES,ALL CLASSES,2018-05-10 15:16:25.000,UNITED STATES,,IOWA,                 (D),"NUMBER, AVG",,2018,19,ENVIRONMENTAL,00,,YEAR,IA,,CORN,STATE,FIELD CROPS,00,,ANNUAL,"CHEMICAL, HERBICIDE",9000,00000000
APPLICATIONS,,"CORN - APPLICATIONS, MEASURED IN NUMBER, AVG",19,ALL PRODUCTION PRACTICES,,,"CHEMICAL, HERBICIDE: (GLUFOSINATE-AMMONIUM = 128850)",IOWA,SURVEY,,,,ALL UTILIZATION PRACTICES,ALL CLASSES,2016-08-31 14:19:39.000,UNITED STATES,,IOWA,                 (D),"NUMBER, AVG",,2016,19,ENVIRONMENTAL,00,,YEAR,IA,,CORN,STATE,FIELD CROPS,00,,ANNUAL,"CHEMICAL, HERBICIDE",9000,00000000
APPLICATIONS,,"CORN - APPLICATIONS, MEASURED IN NUMBER, AVG",19,ALL PRODUCTION PRACTICES,,,"CHEMICAL, HERBICIDE: (GLUFOSINATE-AMMONIUM = 128850)",IOWA,SURVEY,,,,ALL UTILIZATION PRACTICES,ALL CLASSES,2014-05-14 15:12:54.000,UNITED STATES,,IOWA,1,"NUMBER, AVG",,2014,19,ENVIRONMENTAL,00,,YEAR,IA,,CORN,STATE,FIELD CROPS,00,,ANNUAL,"CHEMICAL, HERBICIDE",9000,00000000
APPLICATIONS,,"CORN - APPLICATIONS, MEASURED IN NUMBER, AVG",19,ALL PRODUCTION PRACTICES,,,"CHEMICAL, HERBICIDE: (GLUFOSINATE-AMMONIUM = 128850)",IOWA,SURVEY,,,,ALL UTILIZATION PRACTICES,ALL CLASSES,2012-01-01 00:00:00.000,UNITED STATES,,IOWA,1,"NUMBER, AVG",,2010,19,ENVIRONMENTAL,00,,YEAR,IA,,CORN,STATE,FIELD CROPS,00,,ANNUAL,"CHEMICAL, HERBICIDE",9000,00000000
APPLICATIONS,,"CORN - APPLICATIONS, MEASURED IN NUMBER, AVG",19,ALL PRODUCTION PRACTICES,,,"CHEMICAL, HERBICIDE: (GLUFOSINATE-AMMONIUM = 128850)",IOWA,SURVEY,,,,ALL UTILIZATION PRACTICES,ALL CLASSES,2005-06-11 10:11:36.000,UNITED STATES,,IOWA,1,"NUMBER, AVG",,2005,19,ENVIRONMENTAL,00,,YEAR,IA,,CORN,STATE,FIELD CROPS,00,,ANNUAL,"CHEMICAL, HERBICIDE",9000,00000000
APPLICATIONS,,"CORN - APPLICATIONS, MEASURED IN NUMBER, AVG",19,ALL PRODUCTION PRACTICES,,,"CHEMICAL, HERBICIDE: (GLUFOSINATE-AMMONIUM = 128850)",IOWA,SURVEY,,,,ALL UTILIZATION PRACTICES,ALL CLASSES,2003-06-11 10:11:36.000,UNITED STATES,,IOWA,1,"NUMBER, AVG",,2003,19,ENVIRONMENTAL,00,,YEAR,IA,,CORN,STATE,FIELD CROPS,00,,ANNUAL,"CHEMICAL, HERBICIDE",9000,00000000
APPLICATIONS,,"CORN - APPLICATIONS, MEASURED IN NUMBER, AVG",19,ALL PRODUCTION PRACTICES,,,"CHEMICAL, HERBICIDE: (GLUFOSINATE-AMMONIUM = 128850)",IOWA,SURVEY,,,,ALL UTILIZATION PRACTICES,ALL CLASSES,2002-06-11 10:11:36.000,UNITED STATES,,IOWA,1,"NUMBER, AVG",,2002,19,ENVIRONMENTAL,00,,YEAR,IA,,CORN,STATE,FIELD CROPS,00,,ANNUAL,"CHEMICAL, HERBICIDE",9000,00000000
APPLICATIONS,,"CORN - APPLICATIONS, MEASURED IN NUMBER, AVG",19,ALL PRODUCTION PRACTICES,,,"CHEMICAL, HERBICIDE: (GLUFOSINATE-AMMONIUM = 128850)",IOWA,SURVEY,,,,ALL UTILIZATION PRACTICES,ALL CLASSES,2001-06-11 10:11:36.000,UNITED STATES,,IOWA,1,"NUMBER, AVG",,2001,19,ENVIRONMENTAL,00,,YEAR,IA,,CORN,STATE,FIELD CROPS,00,,ANNUAL,"CHEMICAL, HERBICIDE",9000,00000000
APPLICATIONS,,"CORN - APPLICATIONS, MEASURED IN NUMBER, AVG",19,ALL PRODUCTION PRACTICES,,,"CHEMICAL, HERBICIDE: (GLUFOSINATE-AMMONIUM = 128850)",IOWA,SURVEY,,,,ALL UTILIZATION PRACTICES,ALL CLASSES,2000-06-11 10:11:36.000,UNITED STATES,,IOWA,1,"NUMBER, AVG",,2000,19,ENVIRONMENTAL,00,,YEAR,IA,,CORN,STATE,FIELD CROPS,00,,ANNUAL,"CHEMICAL, HERBICIDE",9000,00000000
APPLICATIONS,,"CORN - APPLICATIONS, MEASURED IN NUMBER, AVG",19,ALL PRODUCTION PRACTICES,,,"CHEMICAL, HERBICIDE: (GLYPHOSATE = 417300)",IOWA,SURVEY,,,,ALL UTILIZATION PRACTICES,ALL CLASSES,2021-05-13 15:00:30.000,UNITED STATES,,IOWA,1.1,"NUMBER, AVG",,2021,19,ENVIRONMENTAL,00,,YEAR,IA,,CORN,STATE,FIELD CROPS,00,,ANNUAL,"CHEMICAL, HERBICIDE",9000,00000000
APPLICATIONS,,"CORN - APPLICATIONS, MEASURED IN NUMBER, AVG",19,ALL PRODUCTION PRACTICES,,,"CHEMICAL, HERBICIDE: (GLYPHOSATE = 417300)",IOWA,SURVEY,,,,ALL UTILIZATION PRACTICES,ALL CLASSES,2018-05-10 15:16:25.000,UNITED STATES,,IOWA,1,"NUMBER, AVG",,2018,19,ENVIRONMENTAL,00,,YEAR,IA,,CORN,STATE,FIELD CROPS,00,,ANNUAL,"CHEMICAL, HERBICIDE",9000,00000000
APPLICATIONS,,"CORN - APPLICATIONS, MEASURED IN NUMBER, AVG",19,ALL PRODUCTION PRACTICES,,,"CHEMICAL, HERBICIDE: (GLYPHOSATE = 417300)",IOWA,SURVEY,,,,ALL UTILIZATION PRACTICES,ALL CLASSES,2016-08-31 14:19:39.000,UNITED STATES,,IOWA,1,"NUMBER, AVG",,2016,19,ENVIRONMENTAL,00,,YEAR,IA,,CORN,STATE,FIELD CROPS,00,,ANNUAL,"CHEMICAL, HERBICIDE",9000,00000000
APPLICATIONS,,"CORN - APPLICATIONS, MEASURED IN NUMBER, AVG",19,ALL PRODUCTION PRACTICES,,,"CHEMICAL, HERBICIDE: (GLYPHOSATE = 417300)",IOWA,SURVEY,,,,ALL UTILIZATION PRACTICES,ALL CLASSES,2014-05-14 15:12:54.000,UNITED STATES,,IOWA,1.1,"NUMBER, AVG",,2014,19,ENVIRONMENTAL,00,,YEAR,IA,,CORN,STATE,FIELD CROPS,00,,ANNUAL,"CHEMICAL, HERBICIDE",9000,00000000
APPLICATIONS,,"CORN - APPLICATIONS, MEASURED IN NUMBER, AVG",19,ALL PRODUCTION PRACTICES,,,"CHEMICAL, HERBICIDE: (GLYPHOSATE = 417300)",IOWA,SURVEY,,,,ALL UTILIZATION PRACTICES,ALL CLASSES,2012-01-01 00:00:00.000,UNITED STATES,,IOWA,1,"NUMBER, AVG",,2010,19,ENVIRONMENTAL,00,,YEAR,IA,,CORN,STATE,FIELD CROPS,00,,ANNUAL,"CHEMICAL, HERBICIDE",9000,00000000
APPLICATIONS,,"CORN - APPLICATIONS, MEASURED IN NUMBER, AVG",19,ALL PRODUCTION PRACTICES,,,"CHEMICAL, HERBICIDE: (GLYPHOSATE = 417300)",IOWA,SURVEY,,,,ALL UTILIZATION PRACTICES,ALL CLASSES,2003-06-11 10:11:36.000,UNITED STATES,,IOWA,1,"NUMBER, AVG",,2003,19,ENVIRONMENTAL,00,,YEAR,IA,,CORN,STATE,FIELD CROPS,00,,ANNUAL,"CHEMICAL, HERBICIDE",9000,00000000
APPLICATIONS,,"CORN - APPLICATIONS, MEASURED IN NUMBER, AVG",19,ALL PRODUCTION PRACTICES,,,"CHEMICAL, HERBICIDE: (GLYPHOSATE = 417300)",IOWA,SURVEY,,,,ALL UTILIZATION PRACTICES,ALL CLASSES,2002-06-11 10:11:36.000,UNITED STATES,,IOWA,1.1,"NUMBER, AVG",,2002,19,ENVIRONMENTAL,00,,YEAR,IA,,CORN,STATE,FIELD CROPS,00,,ANNUAL,"CHEMICAL, HERBICIDE",9000,00000000
APPLICATIONS,,"CORN - APPLICATIONS, MEASURED IN NUMBER, AVG",19,ALL PRODUCTION PRACTICES,,,"CHEMICAL, HERBICIDE: (GLYPHOSATE = 417300)",IOWA,SURVEY,,,,ALL UTILIZATION PRACTICES,ALL CLASSES,2001-06-11 10:11:36.000,UNITED STATES,,IOWA,1.6,"NUMBER, AVG",,2001,19,ENVIRONMENTAL,00,,YEAR,IA,,CORN,STATE,FIELD CROPS,00,,ANNUAL,"CHEMICAL, HERBICIDE",9000,00000000
APPLICATIONS,,"CORN - APPLICATIONS, MEASURED IN NUMBER, AVG",19,ALL PRODUCTION PRACTICES,,,"CHEMICAL, HERBICIDE: (GLYPHOSATE = 417300)",IOWA,SURVEY,,,,ALL UTILIZATION PRACTICES,ALL CLASSES,2000-06-11 10:11:36.000,UNITED STATES,,IOWA,1,"NUMBER, AVG",,2000,19,ENVIRONMENTAL,00,,YEAR,IA,,CORN,STATE,FIELD CROPS,00,,ANNUAL,"CHEMICAL, HERBICIDE",9000,00000000
APPLICATIONS,,"CORN - APPLICATIONS, MEASURED IN NUMBER, AVG",19,ALL PRODUCTION PRACTICES,,,"CHEMICAL, HERBICIDE: (GLYPHOSATE AMM. SALT = 103604)",IOWA,SURVEY,,,,ALL UTILIZATION PRACTICES,ALL CLASSES,2016-08-31 14:19:39.000,UNITED STATES,,IOWA,                 (D),"NUMBER, AVG",,2016,19,ENVIRONMENTAL,00,,YEAR,IA,,CORN,STATE,FIELD CROPS,00,,ANNUAL,"CHEMICAL, HERBICIDE",9000,00000000
APPLICATIONS,,"CORN - APPLICATIONS, MEASURED IN NUMBER, AVG",19,ALL PRODUCTION PRACTICES,,,"CHEMICAL, HERBICIDE: (GLYPHOSATE AMM. SALT = 103604)",IOWA,SURVEY,,,,ALL UTILIZATION PRACTICES,ALL CLASSES,2014-05-14 15:12:54.000,UNITED STATES,,IOWA,                 (D),"NUMBER, AVG",,2014,19,ENVIRONMENTAL,00,,YEAR,IA,,CORN,STATE,FIELD CROPS,00,,ANNUAL,"CHEMICAL, HERBICIDE",9000,00000000
APPLICATIONS,,"CORN - APPLICATIONS, MEASURED IN NUMBER, AVG",19,ALL PRODUCTION PRACTICES,,,"CHEMICAL, HERBICIDE: (GLYPHOSATE DIM. SALT = 103608)",IOWA,SURVEY,,,,ALL UTILIZATION PRACTICES,ALL CLASSES,2018-05-10 15:16:25.000,UNITED STATES,,IOWA,1,"NUMBER, AVG",,2018,19,ENVIRONMENTAL,00,,YEAR,IA,,CORN,STATE,FIELD CROPS,00,,ANNUAL,"CHEMICAL, HERBICIDE",9000,00000000
APPLICATIONS,,"CORN - APPLICATIONS, MEASURED IN NUMBER, AVG",19,ALL PRODUCTION PRACTICES,,,"CHEMICAL, HERBICIDE: (GLYPHOSATE DIM. SALT = 103608)",IOWA,SURVEY,,,,ALL UTILIZATION PRACTICES,ALL CLASSES,2016-08-31 14:19:39.000,UNITED STATES,,IOWA,1.4,"NUMBER, AVG",,2016,19,ENVIRONMENTAL,00,,YEAR,IA,,CORN,STATE,FIELD CROPS,00,,ANNUAL,"CHEMICAL, HERBICIDE",9000,00000000
APPLICATIONS,,"CORN - APPLICATIONS, MEASURED IN NUMBER, AVG",19,ALL PRODUCTION PRACTICES,,,"CHEMICAL, HERBICIDE: (GLYPHOSATE DIM. SALT = 103608)",IOWA,SURVEY,,,,ALL UTILIZATION PRACTICES,ALL CLASSES,2014-05-14 15:12:54.000,UNITED STATES,,IOWA,1.1,"NUMBER, AVG",,2014,19,ENVIRONMENTAL,00,,YEAR,IA,,CORN,STATE,FIELD CROPS,00,,ANNUAL,"CHEMICAL, HERBICIDE",9000,00000000
APPLICATIONS,,"CORN - APPLICATIONS, MEASURED IN NUMBER, AVG",19,ALL PRODUCTION PRACTICES,,,"CHEMICAL, HERBICIDE: (GLYPHOSATE ISO. SALT = 103601)",IOWA,SURVEY,,,,ALL UTILIZATION PRACTICES,ALL CLASSES,2021-05-13 15:00:30.000,UNITED STATES,,IOWA,1,"NUMBER, AVG",,2021,19,ENVIRONMENTAL,00,,YEAR,IA,,CORN,STATE,FIELD CROPS,00,,ANNUAL,"CHEMICAL, HERBICIDE",9000,00000000
APPLICATIONS,,"CORN - APPLICATIONS, MEASURED IN NUMBER, AVG",19,ALL PRODUCTION PRACTICES,,,"CHEMICAL, HERBICIDE: (GLYPHOSATE ISO. SALT = 103601)",IOWA,SURVEY,,,,ALL UTILIZATION PRACTICES,ALL CLASSES,2018-05-10 15:16:25.000,UNITED STATES,,IOWA,1.1,"NUMBER, AVG",,2018,19,ENVIRONMENTAL,00,,YEAR,IA,,CORN,STATE,FIELD CROPS,00,,ANNUAL,"CHEMICAL, HERBICIDE",9000,00000000
APPLICATIONS,,"CORN - APPLICATIONS, MEASURED IN NUMBER, AVG",19,ALL PRODUCTION PRACTICES,,,"CHEMICAL, HERBICIDE: (GLYPHOSATE ISO. SALT = 103601)",IOWA,SURVEY,,,,ALL UTILIZATION PRACTICES,ALL CLASSES,2016-08-31 14:19:39.000,UNITED STATES,,IOWA,1.2,"NUMBER, AVG",,2016,19,ENVIRONMENTAL,00,,YEAR,IA,,CORN,STATE,FIELD CROPS,00,,ANNUAL,"CHEMICAL, HERBICIDE",9000,00000000
APPLICATIONS,,"CORN - APPLICATIONS, MEASURED IN NUMBER, AVG",19,ALL PRODUCTION PRACTICES,,,"CHEMICAL, HERBICIDE: (GLYPHOSATE ISO. SALT = 103601)",IOWA,SURVEY,,,,ALL UTILIZATION PRACTICES,ALL CLASSES,2014-05-14 15:12:54.000,UNITED STATES,,IOWA,1.2,"NUMBER, AVG",,2014,19,ENVIRONMENTAL,00,,YEAR,IA,,CORN,STATE,FIELD CROPS,00,,ANNUAL,"CHEMICAL, HERBICIDE",9000,00000000
APPLICATIONS,,"CORN - APPLICATIONS, MEASURED IN NUMBER, AVG",19,ALL PRODUCTION PRACTICES,,,"CHEMICAL, HERBICIDE: (GLYPHOSATE ISO. SALT = 103601)",IOWA,SURVEY,,,,ALL UTILIZATION PRACTICES,ALL CLASSES,2012-01-01 00:00:00.000,UNITED STATES,,IOWA,1.1,"NUMBER, AVG",,2010,19,ENVIRONMENTAL,00,,YEAR,IA,,CORN,STATE,FIELD CROPS,00,,ANNUAL,"CHEMICAL, HERBICIDE",9000,00000000
APPLICATIONS,,"CORN - APPLICATIONS, MEASURED IN NUMBER, AVG",19,ALL PRODUCTION PRACTICES,,,"CHEMICAL, HERBICIDE: (GLYPHOSATE ISO. SALT = 103601)",IOWA,SURVEY,,,,ALL UTILIZATION PRACTICES,ALL CLASSES,2005-06-11 10:11:36.000,UNITED STATES,,IOWA,1.1,"NUMBER, AVG",,2005,19,ENVIRONMENTAL,00,,YEAR,IA,,CORN,STATE,FIELD CROPS,00,,ANNUAL,"CHEMICAL, HERBICIDE",9000,00000000
APPLICATIONS,,"CORN - APPLICATIONS, MEASURED IN NUMBER, AVG",19,ALL PRODUCTION PRACTICES,,,"CHEMICAL, HERBICIDE: (GLYPHOSATE POT. SALT = 103613)",IOWA,SURVEY,,,,ALL UTILIZATION PRACTICES,ALL CLASSES,2021-05-13 15:00:30.000,UNITED STATES,,IOWA,1,"NUMBER, AVG",,2021,19,ENVIRONMENTAL,00,,YEAR,IA,,CORN,STATE,FIELD CROPS,00,,ANNUAL,"CHEMICAL, HERBICIDE",9000,00000000
APPLICATIONS,,"CORN - APPLICATIONS, MEASURED IN NUMBER, AVG",19,ALL PRODUCTION PRACTICES,,,"CHEMICAL, HERBICIDE: (GLYPHOSATE POT. SALT = 103613)",IOWA,SURVEY,,,,ALL UTILIZATION PRACTICES,ALL CLASSES,2018-05-10 15:16:25.000,UNITED STATES,,IOWA,1.1,"NUMBER, AVG",,2018,19,ENVIRONMENTAL,00,,YEAR,IA,,CORN,STATE,FIELD CROPS,00,,ANNUAL,"CHEMICAL, HERBICIDE",9000,00000000
APPLICATIONS,,"CORN - APPLICATIONS, MEASURED IN NUMBER, AVG",19,ALL PRODUCTION PRACTICES,,,"CHEMICAL, HERBICIDE: (GLYPHOSATE POT. SALT = 103613)",IOWA,SURVEY,,,,ALL UTILIZATION PRACTICES,ALL CLASSES,2016-08-31 14:19:39.000,UNITED STATES,,IOWA,1.2,"NUMBER, AVG",,2016,19,ENVIRONMENTAL,00,,YEAR,IA,,CORN,STATE,FIELD CROPS,00,,ANNUAL,"CHEMICAL, HERBICIDE",9000,00000000
APPLICATIONS,,"CORN - APPLICATIONS, MEASURED IN NUMBER, AVG",19,ALL PRODUCTION PRACTICES,,,"CHEMICAL, HERBICIDE: (GLYPHOSATE POT. SALT = 103613)",IOWA,SURVEY,,,,ALL UTILIZATION PRACTICES,ALL CLASSES,2014-05-14 15:12:54.000,UNITED STATES,,IOWA,1.2,"NUMBER, AVG",,2014,19,ENVIRONMENTAL,00,,YEAR,IA,,CORN,STATE,FIELD CROPS,00,,ANNUAL,"CHEMICAL, HERBICIDE",9000,00000000
APPLICATIONS,,"CORN - APPLICATIONS, MEASURED IN NUMBER, AVG",19,ALL PRODUCTION PRACTICES,,,"CHEMICAL, HERBICIDE: (GLYPHOSATE POT. SALT = 103613)",IOWA,SURVEY,,,,ALL UTILIZATION PRACTICES,ALL CLASSES,2012-01-01 00:00:00.000,UNITED STATES,,IOWA,                 (D),"NUMBER, AVG",,2010,19,ENVIRONMENTAL,00,,YEAR,IA,,CORN,STATE,FIELD CROPS,00,,ANNUAL,"CHEMICAL, HERBICIDE",9000,00000000
APPLICATIONS,,"CORN - APPLICATIONS, MEASURED IN NUMBER, AVG",19,ALL PRODUCTION PRACTICES,,,"CHEMICAL, HERBICIDE: (IMAZAPYR = 128821)",IOWA,SURVEY,,,,ALL UTILIZATION PRACTICES,ALL CLASSES,2001-06-11 10:11:36.000,UNITED STATES,,IOWA,1,"NUMBER, AVG",,2001,19,ENVIRONMENTAL,00,,YEAR,IA,,CORN,STATE,FIELD CROPS,00,,ANNUAL,"CHEMICAL, HERBICIDE",9000,00000000
APPLICATIONS,,"CORN - APPLICATIONS, MEASURED IN NUMBER, AVG",19,ALL PRODUCTION PRACTICES,,,"CHEMICAL, HERBICIDE: (IMAZAPYR = 128821)",IOWA,SURVEY,,,,ALL UTILIZATION PRACTICES,ALL CLASSES,2000-06-11 10:11:36.000,UNITED STATES,,IOWA,1,"NUMBER, AVG",,2000,19,ENVIRONMENTAL,00,,YEAR,IA,,CORN,STATE,FIELD CROPS,00,,ANNUAL,"CHEMICAL, HERBICIDE",9000,00000000
APPLICATIONS,,"CORN - APPLICATIONS, MEASURED IN NUMBER, AVG",19,ALL PRODUCTION PRACTICES,,,"CHEMICAL, HERBICIDE: (IMAZAPYR, ISO. SALT = 128829)",IOWA,SURVEY,,,,ALL UTILIZATION PRACTICES,ALL CLASSES,2014-05-14 15:12:54.000,UNITED STATES,,IOWA,                 (D),"NUMBER, AVG",,2014,19,ENVIRONMENTAL,00,,YEAR,IA,,CORN,STATE,FIELD CROPS,00,,ANNUAL,"CHEMICAL, HERBICIDE",9000,00000000
APPLICATIONS,,"CORN - APPLICATIONS, MEASURED IN NUMBER, AVG",19,ALL PRODUCTION PRACTICES,,,"CHEMICAL, HERBICIDE: (IMAZETHAPYR = 128922)",IOWA,SURVEY,,,,ALL UTILIZATION PRACTICES,ALL CLASSES,2018-05-10 15:16:25.000,UNITED STATES,,IOWA,                 (D),"NUMBER, AVG",,2018,19,ENVIRONMENTAL,00,,YEAR,IA,,CORN,STATE,FIELD CROPS,00,,ANNUAL,"CHEMICAL, HERBICIDE",9000,00000000
APPLICATIONS,,"CORN - APPLICATIONS, MEASURED IN NUMBER, AVG",19,ALL PRODUCTION PRACTICES,,,"CHEMICAL, HERBICIDE: (IMAZETHAPYR = 128922)",IOWA,SURVEY,,,,ALL UTILIZATION PRACTICES,ALL CLASSES,2001-06-11 10:11:36.000,UNITED STATES,,IOWA,1,"NUMBER, AVG",,2001,19,ENVIRONMENTAL,00,,YEAR,IA,,CORN,STATE,FIELD CROPS,00,,ANNUAL,"CHEMICAL, HERBICIDE",9000,00000000
APPLICATIONS,,"CORN - APPLICATIONS, MEASURED IN NUMBER, AVG",19,ALL PRODUCTION PRACTICES,,,"CHEMICAL, HERBICIDE: (IMAZETHAPYR = 128922)",IOWA,SURVEY,,,,ALL UTILIZATION PRACTICES,ALL CLASSES,2000-06-11 10:11:36.000,UNITED STATES,,IOWA,1,"NUMBER, AVG",,2000,19,ENVIRONMENTAL,00,,YEAR,IA,,CORN,STATE,FIELD CROPS,00,,ANNUAL,"CHEMICAL, HERBICIDE",9000,00000000
APPLICATIONS,,"CORN - APPLICATIONS, MEASURED IN NUMBER, AVG",19,ALL PRODUCTION PRACTICES,,,"CHEMICAL, HERBICIDE: (ISOXAFLUTOLE = 123000)",IOWA,SURVEY,,,,ALL UTILIZATION PRACTICES,ALL CLASSES,2021-05-13 15:00:30.000,UNITED STATES,,IOWA,                 (D),"NUMBER, AVG",,2021,19,ENVIRONMENTAL,00,,YEAR,IA,,CORN,STATE,FIELD CROPS,00,,ANNUAL,"CHEMICAL, HERBICIDE",9000,00000000
APPLICATIONS,,"CORN - APPLICATIONS, MEASURED IN NUMBER, AVG",19,ALL PRODUCTION PRACTICES,,,"CHEMICAL, HERBICIDE: (ISOXAFLUTOLE = 123000)",IOWA,SURVEY,,,,ALL UTILIZATION PRACTICES,ALL CLASSES,2018-05-10 15:16:25.000,UNITED STATES,,IOWA,1,"NUMBER, AVG",,2018,19,ENVIRONMENTAL,00,,YEAR,IA,,CORN,STATE,FIELD CROPS,00,,ANNUAL,"CHEMICAL, HERBICIDE",9000,00000000
APPLICATIONS,,"CORN - APPLICATIONS, MEASURED IN NUMBER, AVG",19,ALL PRODUCTION PRACTICES,,,"CHEMICAL, HERBICIDE: (ISOXAFLUTOLE = 123000)",IOWA,SURVEY,,,,ALL UTILIZATION PRACTICES,ALL CLASSES,2016-08-31 14:19:39.000,UNITED STATES,,IOWA,1,"NUMBER, AVG",,2016,19,ENVIRONMENTAL,00,,YEAR,IA,,CORN,STATE,FIELD CROPS,00,,ANNUAL,"CHEMICAL, HERBICIDE",9000,00000000
APPLICATIONS,,"CORN - APPLICATIONS, MEASURED IN NUMBER, AVG",19,ALL PRODUCTION PRACTICES,,,"CHEMICAL, HERBICIDE: (ISOXAFLUTOLE = 123000)",IOWA,SURVEY,,,,ALL UTILIZATION PRACTICES,ALL CLASSES,2014-05-14 15:12:54.000,UNITED STATES,,IOWA,1,"NUMBER, AVG",,2014,19,ENVIRONMENTAL,00,,YEAR,IA,,CORN,STATE,FIELD CROPS,00,,ANNUAL,"CHEMICAL, HERBICIDE",9000,00000000
APPLICATIONS,,"CORN - APPLICATIONS, MEASURED IN NUMBER, AVG",19,ALL PRODUCTION PRACTICES,,,"CHEMICAL, HERBICIDE: (ISOXAFLUTOLE = 123000)",IOWA,SURVEY,,,,ALL UTILIZATION PRACTICES,ALL CLASSES,2012-01-01 00:00:00.000,UNITED STATES,,IOWA,1,"NUMBER, AVG",,2010,19,ENVIRONMENTAL,00,,YEAR,IA,,CORN,STATE,FIELD CROPS,00,,ANNUAL,"CHEMICAL, HERBICIDE",9000,00000000
APPLICATIONS,,"CORN - APPLICATIONS, MEASURED IN NUMBER, AVG",19,ALL PRODUCTION PRACTICES,,,"CHEMICAL, HERBICIDE: (ISOXAFLUTOLE = 123000)",IOWA,SURVEY,,,,ALL UTILIZATION PRACTICES,ALL CLASSES,2005-06-11 10:11:36.000,UNITED STATES,,IOWA,1,"NUMBER, AVG",,2005,19,ENVIRONMENTAL,00,,YEAR,IA,,CORN,STATE,FIELD CROPS,00,,ANNUAL,"CHEMICAL, HERBICIDE",9000,00000000
APPLICATIONS,,"CORN - APPLICATIONS, MEASURED IN NUMBER, AVG",19,ALL PRODUCTION PRACTICES,,,"CHEMICAL, HERBICIDE: (ISOXAFLUTOLE = 123000)",IOWA,SURVEY,,,,ALL UTILIZATION PRACTICES,ALL CLASSES,2003-06-11 10:11:36.000,UNITED STATES,,IOWA,1,"NUMBER, AVG",,2003,19,ENVIRONMENTAL,00,,YEAR,IA,,CORN,STATE,FIELD CROPS,00,,ANNUAL,"CHEMICAL, HERBICIDE",9000,00000000
APPLICATIONS,,"CORN - APPLICATIONS, MEASURED IN NUMBER, AVG",19,ALL PRODUCTION PRACTICES,,,"CHEMICAL, HERBICIDE: (ISOXAFLUTOLE = 123000)",IOWA,SURVEY,,,,ALL UTILIZATION PRACTICES,ALL CLASSES,2002-06-11 10:11:36.000,UNITED STATES,,IOWA,1,"NUMBER, AVG",,2002,19,ENVIRONMENTAL,00,,YEAR,IA,,CORN,STATE,FIELD CROPS,00,,ANNUAL,"CHEMICAL, HERBICIDE",9000,00000000
APPLICATIONS,,"CORN - APPLICATIONS, MEASURED IN NUMBER, AVG",19,ALL PRODUCTION PRACTICES,,,"CHEMICAL, HERBICIDE: (ISOXAFLUTOLE = 123000)",IOWA,SURVEY,,,,ALL UTILIZATION PRACTICES,ALL CLASSES,2001-06-11 10:11:36.000,UNITED STATES,,IOWA,1,"NUMBER, AVG",,2001,19,ENVIRONMENTAL,00,,YEAR,IA,,CORN,STATE,FIELD CROPS,00,,ANNUAL,"CHEMICAL, HERBICIDE",9000,00000000
APPLICATIONS,,"CORN - APPLICATIONS, MEASURED IN NUMBER, AVG",19,ALL PRODUCTION PRACTICES,,,"CHEMICAL, HERBICIDE: (ISOXAFLUTOLE = 123000)",IOWA,SURVEY,,,,ALL UTILIZATION PRACTICES,ALL CLASSES,2000-06-11 10:11:36.000,UNITED STATES,,IOWA,0.9,"NUMBER, AVG",,2000,19,ENVIRONMENTAL,00,,YEAR,IA,,CORN,STATE,FIELD CROPS,00,,ANNUAL,"CHEMICAL, HERBICIDE",9000,00000000
APPLICATIONS,,"CORN - APPLICATIONS, MEASURED IN NUMBER, AVG",19,ALL PRODUCTION PRACTICES,,,"CHEMICAL, HERBICIDE: (MCPA, SODIUM SALT = 30502)",IOWA,SURVEY,,,,ALL UTILIZATION PRACTICES,ALL CLASSES,2012-01-01 00:00:00.000,UNITED STATES,,IOWA,                 (D),"NUMBER, AVG",,2010,19,ENVIRONMENTAL,00,,YEAR,IA,,CORN,STATE,FIELD CROPS,00,,ANNUAL,"CHEMICAL, HERBICIDE",9000,00000000
APPLICATIONS,,"CORN - APPLICATIONS, MEASURED IN NUMBER, AVG",19,ALL PRODUCTION PRACTICES,,,"CHEMICAL, HERBICIDE: (MESOTRIONE = 122990)",IOWA,SURVEY,,,,ALL UTILIZATION PRACTICES,ALL CLASSES,2021-05-13 15:00:30.000,UNITED STATES,,IOWA,1.1,"NUMBER, AVG",,2021,19,ENVIRONMENTAL,00,,YEAR,IA,,CORN,STATE,FIELD CROPS,00,,ANNUAL,"CHEMICAL, HERBICIDE",9000,00000000
APPLICATIONS,,"CORN - APPLICATIONS, MEASURED IN NUMBER, AVG",19,ALL PRODUCTION PRACTICES,,,"CHEMICAL, HERBICIDE: (MESOTRIONE = 122990)",IOWA,SURVEY,,,,ALL UTILIZATION PRACTICES,ALL CLASSES,2018-05-10 15:16:25.000,UNITED STATES,,IOWA,1.1,"NUMBER, AVG",,2018,19,ENVIRONMENTAL,00,,YEAR,IA,,CORN,STATE,FIELD CROPS,00,,ANNUAL,"CHEMICAL, HERBICIDE",9000,00000000
APPLICATIONS,,"CORN - APPLICATIONS, MEASURED IN NUMBER, AVG",19,ALL PRODUCTION PRACTICES,,,"CHEMICAL, HERBICIDE: (MESOTRIONE = 122990)",IOWA,SURVEY,,,,ALL UTILIZATION PRACTICES,ALL CLASSES,2016-08-31 14:19:39.000,UNITED STATES,,IOWA,1.1,"NUMBER, AVG",,2016,19,ENVIRONMENTAL,00,,YEAR,IA,,CORN,STATE,FIELD CROPS,00,,ANNUAL,"CHEMICAL, HERBICIDE",9000,00000000
APPLICATIONS,,"CORN - APPLICATIONS, MEASURED IN NUMBER, AVG",19,ALL PRODUCTION PRACTICES,,,"CHEMICAL, HERBICIDE: (MESOTRIONE = 122990)",IOWA,SURVEY,,,,ALL UTILIZATION PRACTICES,ALL CLASSES,2014-05-14 15:12:54.000,UNITED STATES,,IOWA,1.1,"NUMBER, AVG",,2014,19,ENVIRONMENTAL,00,,YEAR,IA,,CORN,STATE,FIELD CROPS,00,,ANNUAL,"CHEMICAL, HERBICIDE",9000,00000000
APPLICATIONS,,"CORN - APPLICATIONS, MEASURED IN NUMBER, AVG",19,ALL PRODUCTION PRACTICES,,,"CHEMICAL, HERBICIDE: (MESOTRIONE = 122990)",IOWA,SURVEY,,,,ALL UTILIZATION PRACTICES,ALL CLASSES,2012-01-01 00:00:00.000,UNITED STATES,,IOWA,1,"NUMBER, AVG",,2010,19,ENVIRONMENTAL,00,,YEAR,IA,,CORN,STATE,FIELD CROPS,00,,ANNUAL,"CHEMICAL, HERBICIDE",9000,00000000
APPLICATIONS,,"CORN - APPLICATIONS, MEASURED IN NUMBER, AVG",19,ALL PRODUCTION PRACTICES,,,"CHEMICAL, HERBICIDE: (MESOTRIONE = 122990)",IOWA,SURVEY,,,,ALL UTILIZATION PRACTICES,ALL CLASSES,2005-06-11 10:11:36.000,UNITED STATES,,IOWA,1,"NUMBER, AVG",,2005,19,ENVIRONMENTAL,00,,YEAR,IA,,CORN,STATE,FIELD CROPS,00,,ANNUAL,"CHEMICAL, HERBICIDE",9000,00000000
APPLICATIONS,,"CORN - APPLICATIONS, MEASURED IN NUMBER, AVG",19,ALL PRODUCTION PRACTICES,,,"CHEMICAL, HERBICIDE: (MESOTRIONE = 122990)",IOWA,SURVEY,,,,ALL UTILIZATION PRACTICES,ALL CLASSES,2003-06-11 10:11:36.000,UNITED STATES,,IOWA,1,"NUMBER, AVG",,2003,19,ENVIRONMENTAL,00,,YEAR,IA,,CORN,STATE,FIELD CROPS,00,,ANNUAL,"CHEMICAL, HERBICIDE",9000,00000000
APPLICATIONS,,"CORN - APPLICATIONS, MEASURED IN NUMBER, AVG",19,ALL PRODUCTION PRACTICES,,,"CHEMICAL, HERBICIDE: (MESOTRIONE = 122990)",IOWA,SURVEY,,,,ALL UTILIZATION PRACTICES,ALL CLASSES,2002-06-11 10:11:36.000,UNITED STATES,,IOWA,1,"NUMBER, AVG",,2002,19,ENVIRONMENTAL,00,,YEAR,IA,,CORN,STATE,FIELD CROPS,00,,ANNUAL,"CHEMICAL, HERBICIDE",9000,00000000
APPLICATIONS,,"CORN - APPLICATIONS, MEASURED IN NUMBER, AVG",19,ALL PRODUCTION PRACTICES,,,"CHEMICAL, HERBICIDE: (METOLACHLOR = 108801)",IOWA,SURVEY,,,,ALL UTILIZATION PRACTICES,ALL CLASSES,2021-05-13 15:00:30.000,UNITED STATES,,IOWA,                 (D),"NUMBER, AVG",,2021,19,ENVIRONMENTAL,00,,YEAR,IA,,CORN,STATE,FIELD CROPS,00,,ANNUAL,"CHEMICAL, HERBICIDE",9000,00000000
APPLICATIONS,,"CORN - APPLICATIONS, MEASURED IN NUMBER, AVG",19,ALL PRODUCTION PRACTICES,,,"CHEMICAL, HERBICIDE: (METOLACHLOR = 108801)",IOWA,SURVEY,,,,ALL UTILIZATION PRACTICES,ALL CLASSES,2018-05-10 15:16:25.000,UNITED STATES,,IOWA,                 (D),"NUMBER, AVG",,2018,19,ENVIRONMENTAL,00,,YEAR,IA,,CORN,STATE,FIELD CROPS,00,,ANNUAL,"CHEMICAL, HERBICIDE",9000,00000000
APPLICATIONS,,"CORN - APPLICATIONS, MEASURED IN NUMBER, AVG",19,ALL PRODUCTION PRACTICES,,,"CHEMICAL, HERBICIDE: (METOLACHLOR = 108801)",IOWA,SURVEY,,,,ALL UTILIZATION PRACTICES,ALL CLASSES,2016-08-31 14:19:39.000,UNITED STATES,,IOWA,                 (D),"NUMBER, AVG",,2016,19,ENVIRONMENTAL,00,,YEAR,IA,,CORN,STATE,FIELD CROPS,00,,ANNUAL,"CHEMICAL, HERBICIDE",9000,00000000
APPLICATIONS,,"CORN - APPLICATIONS, MEASURED IN NUMBER, AVG",19,ALL PRODUCTION PRACTICES,,,"CHEMICAL, HERBICIDE: (METOLACHLOR = 108801)",IOWA,SURVEY,,,,ALL UTILIZATION PRACTICES,ALL CLASSES,2014-05-14 15:12:54.000,UNITED STATES,,IOWA,                 (D),"NUMBER, AVG",,2014,19,ENVIRONMENTAL,00,,YEAR,IA,,CORN,STATE,FIELD CROPS,00,,ANNUAL,"CHEMICAL, HERBICIDE",9000,00000000
APPLICATIONS,,"CORN - APPLICATIONS, MEASURED IN NUMBER, AVG",19,ALL PRODUCTION PRACTICES,,,"CHEMICAL, HERBICIDE: (METOLACHLOR = 108801)",IOWA,SURVEY,,,,ALL UTILIZATION PRACTICES,ALL CLASSES,2003-06-11 10:11:36.000,UNITED STATES,,IOWA,1,"NUMBER, AVG",,2003,19,ENVIRONMENTAL,00,,YEAR,IA,,CORN,STATE,FIELD CROPS,00,,ANNUAL,"CHEMICAL, HERBICIDE",9000,00000000
APPLICATIONS,,"CORN - APPLICATIONS, MEASURED IN NUMBER, AVG",19,ALL PRODUCTION PRACTICES,,,"CHEMICAL, HERBICIDE: (METOLACHLOR = 108801)",IOWA,SURVEY,,,,ALL UTILIZATION PRACTICES,ALL CLASSES,2002-06-11 10:11:36.000,UNITED STATES,,IOWA,1,"NUMBER, AVG",,2002,19,ENVIRONMENTAL,00,,YEAR,IA,,CORN,STATE,FIELD CROPS,00,,ANNUAL,"CHEMICAL, HERBICIDE",9000,00000000
APPLICATIONS,,"CORN - APPLICATIONS, MEASURED IN NUMBER, AVG",19,ALL PRODUCTION PRACTICES,,,"CHEMICAL, HERBICIDE: (METOLACHLOR = 108801)",IOWA,SURVEY,,,,ALL UTILIZATION PRACTICES,ALL CLASSES,2001-06-11 10:11:36.000,UNITED STATES,,IOWA,1,"NUMBER, AVG",,2001,19,ENVIRONMENTAL,00,,YEAR,IA,,CORN,STATE,FIELD CROPS,00,,ANNUAL,"CHEMICAL, HERBICIDE",9000,00000000
APPLICATIONS,,"CORN - APPLICATIONS, MEASURED IN NUMBER, AVG",19,ALL PRODUCTION PRACTICES,,,"CHEMICAL, HERBICIDE: (METOLACHLOR = 108801)",IOWA,SURVEY,,,,ALL UTILIZATION PRACTICES,ALL CLASSES,2000-06-11 10:11:36.000,UNITED STATES,,IOWA,1,"NUMBER, AVG",,2000,19,ENVIRONMENTAL,00,,YEAR,IA,,CORN,STATE,FIELD CROPS,00,,ANNUAL,"CHEMICAL, HERBICIDE",9000,00000000
APPLICATIONS,,"CORN - APPLICATIONS, MEASURED IN NUMBER, AVG",19,ALL PRODUCTION PRACTICES,,,"CHEMICAL, HERBICIDE: (METRIBUZIN = 101101)",IOWA,SURVEY,,,,ALL UTILIZATION PRACTICES,ALL CLASSES,2018-05-10 15:16:25.000,UNITED STATES,,IOWA,                 (D),"NUMBER, AVG",,2018,19,ENVIRONMENTAL,00,,YEAR,IA,,CORN,STATE,FIELD CROPS,00,,ANNUAL,"CHEMICAL, HERBICIDE",9000,00000000
APPLICATIONS,,"CORN - APPLICATIONS, MEASURED IN NUMBER, AVG",19,ALL PRODUCTION PRACTICES,,,"CHEMICAL, HERBICIDE: (NICOSULFURON = 129008)",IOWA,SURVEY,,,,ALL UTILIZATION PRACTICES,ALL CLASSES,2018-05-10 15:16:25.000,UNITED STATES,,IOWA,                 (D),"NUMBER, AVG",,2018,19,ENVIRONMENTAL,00,,YEAR,IA,,CORN,STATE,FIELD CROPS,00,,ANNUAL,"CHEMICAL, HERBICIDE",9000,00000000
APPLICATIONS,,"CORN - APPLICATIONS, MEASURED IN NUMBER, AVG",19,ALL PRODUCTION PRACTICES,,,"CHEMICAL, HERBICIDE: (NICOSULFURON = 129008)",IOWA,SURVEY,,,,ALL UTILIZATION PRACTICES,ALL CLASSES,2014-05-14 15:12:54.000,UNITED STATES,,IOWA,                 (D),"NUMBER, AVG",,2014,19,ENVIRONMENTAL,00,,YEAR,IA,,CORN,STATE,FIELD CROPS,00,,ANNUAL,"CHEMICAL, HERBICIDE",9000,00000000
APPLICATIONS,,"CORN - APPLICATIONS, MEASURED IN NUMBER, AVG",19,ALL PRODUCTION PRACTICES,,,"CHEMICAL, HERBICIDE: (NICOSULFURON = 129008)",IOWA,SURVEY,,,,ALL UTILIZATION PRACTICES,ALL CLASSES,2012-01-01 00:00:00.000,UNITED STATES,,IOWA,                 (D),"NUMBER, AVG",,2010,19,ENVIRONMENTAL,00,,YEAR,IA,,CORN,STATE,FIELD CROPS,00,,ANNUAL,"CHEMICAL, HERBICIDE",9000,00000000
APPLICATIONS,,"CORN - APPLICATIONS, MEASURED IN NUMBER, AVG",19,ALL PRODUCTION PRACTICES,,,"CHEMICAL, HERBICIDE: (NICOSULFURON = 129008)",IOWA,SURVEY,,,,ALL UTILIZATION PRACTICES,ALL CLASSES,2005-06-11 10:11:36.000,UNITED STATES,,IOWA,1,"NUMBER, AVG",,2005,19,ENVIRONMENTAL,00,,YEAR,IA,,CORN,STATE,FIELD CROPS,00,,ANNUAL,"CHEMICAL, HERBICIDE",9000,00000000
APPLICATIONS,,"CORN - APPLICATIONS, MEASURED IN NUMBER, AVG",19,ALL PRODUCTION PRACTICES,,,"CHEMICAL, HERBICIDE: (NICOSULFURON = 129008)",IOWA,SURVEY,,,,ALL UTILIZATION PRACTICES,ALL CLASSES,2003-06-11 10:11:36.000,UNITED STATES,,IOWA,1,"NUMBER, AVG",,2003,19,ENVIRONMENTAL,00,,YEAR,IA,,CORN,STATE,FIELD CROPS,00,,ANNUAL,"CHEMICAL, HERBICIDE",9000,00000000
APPLICATIONS,,"CORN - APPLICATIONS, MEASURED IN NUMBER, AVG",19,ALL PRODUCTION PRACTICES,,,"CHEMICAL, HERBICIDE: (NICOSULFURON = 129008)",IOWA,SURVEY,,,,ALL UTILIZATION PRACTICES,ALL CLASSES,2002-06-11 10:11:36.000,UNITED STATES,,IOWA,1,"NUMBER, AVG",,2002,19,ENVIRONMENTAL,00,,YEAR,IA,,CORN,STATE,FIELD CROPS,00,,ANNUAL,"CHEMICAL, HERBICIDE",9000,00000000
APPLICATIONS,,"CORN - APPLICATIONS, MEASURED IN NUMBER, AVG",19,ALL PRODUCTION PRACTICES,,,"CHEMICAL, HERBICIDE: (NICOSULFURON = 129008)",IOWA,SURVEY,,,,ALL UTILIZATION PRACTICES,ALL CLASSES,2001-06-11 10:11:36.000,UNITED STATES,,IOWA,1,"NUMBER, AVG",,2001,19,ENVIRONMENTAL,00,,YEAR,IA,,CORN,STATE,FIELD CROPS,00,,ANNUAL,"CHEMICAL, HERBICIDE",9000,00000000
APPLICATIONS,,"CORN - APPLICATIONS, MEASURED IN NUMBER, AVG",19,ALL PRODUCTION PRACTICES,,,"CHEMICAL, HERBICIDE: (NICOSULFURON = 129008)",IOWA,SURVEY,,,,ALL UTILIZATION PRACTICES,ALL CLASSES,2000-06-11 10:11:36.000,UNITED STATES,,IOWA,1,"NUMBER, AVG",,2000,19,ENVIRONMENTAL,00,,YEAR,IA,,CORN,STATE,FIELD CROPS,00,,ANNUAL,"CHEMICAL, HERBICIDE",9000,00000000
APPLICATIONS,,"CORN - APPLICATIONS, MEASURED IN NUMBER, AVG",19,ALL PRODUCTION PRACTICES,,,"CHEMICAL, HERBICIDE: (PARAQUAT = 61601)",IOWA,SURVEY,,,,ALL UTILIZATION PRACTICES,ALL CLASSES,2016-08-31 14:19:39.000,UNITED STATES,,IOWA,                 (D),"NUMBER, AVG",,2016,19,ENVIRONMENTAL,00,,YEAR,IA,,CORN,STATE,FIELD CROPS,00,,ANNUAL,"CHEMICAL, HERBICIDE",9000,00000000
APPLICATIONS,,"CORN - APPLICATIONS, MEASURED IN NUMBER, AVG",19,ALL PRODUCTION PRACTICES,,,"CHEMICAL, HERBICIDE: (PARAQUAT = 61601)",IOWA,SURVEY,,,,ALL UTILIZATION PRACTICES,ALL CLASSES,2014-05-14 15:12:54.000,UNITED STATES,,IOWA,                 (D),"NUMBER, AVG",,2014,19,ENVIRONMENTAL,00,,YEAR,IA,,CORN,STATE,FIELD CROPS,00,,ANNUAL,"CHEMICAL, HERBICIDE",9000,00000000
APPLICATIONS,,"CORN - APPLICATIONS, MEASURED IN NUMBER, AVG",19,ALL PRODUCTION PRACTICES,,,"CHEMICAL, HERBICIDE: (PENDIMETHALIN = 108501)",IOWA,SURVEY,,,,ALL UTILIZATION PRACTICES,ALL CLASSES,2012-01-01 00:00:00.000,UNITED STATES,,IOWA,                 (D),"NUMBER, AVG",,2010,19,ENVIRONMENTAL,00,,YEAR,IA,,CORN,STATE,FIELD CROPS,00,,ANNUAL,"CHEMICAL, HERBICIDE",9000,00000000
APPLICATIONS,,"CORN - APPLICATIONS, MEASURED IN NUMBER, AVG",19,ALL PRODUCTION PRACTICES,,,"CHEMICAL, HERBICIDE: (PRIMISULFURON = 128973)",IOWA,SURVEY,,,,ALL UTILIZATION PRACTICES,ALL CLASSES,2014-05-14 15:12:54.000,UNITED STATES,,IOWA,                 (D),"NUMBER, AVG",,2014,19,ENVIRONMENTAL,00,,YEAR,IA,,CORN,STATE,FIELD CROPS,00,,ANNUAL,"CHEMICAL, HERBICIDE",9000,00000000
APPLICATIONS,,"CORN - APPLICATIONS, MEASURED IN NUMBER, AVG",19,ALL PRODUCTION PRACTICES,,,"CHEMICAL, HERBICIDE: (PRIMISULFURON = 128973)",IOWA,SURVEY,,,,ALL UTILIZATION PRACTICES,ALL CLASSES,2002-06-11 10:11:36.000,UNITED STATES,,IOWA,1,"NUMBER, AVG",,2002,19,ENVIRONMENTAL,00,,YEAR,IA,,CORN,STATE,FIELD CROPS,00,,ANNUAL,"CHEMICAL, HERBICIDE",9000,00000000
APPLICATIONS,,"CORN - APPLICATIONS, MEASURED IN NUMBER, AVG",19,ALL PRODUCTION PRACTICES,,,"CHEMICAL, HERBICIDE: (PRIMISULFURON = 128973)",IOWA,SURVEY,,,,ALL UTILIZATION PRACTICES,ALL CLASSES,2001-06-11 10:11:36.000,UNITED STATES,,IOWA,1,"NUMBER, AVG",,2001,19,ENVIRONMENTAL,00,,YEAR,IA,,CORN,STATE,FIELD CROPS,00,,ANNUAL,"CHEMICAL, HERBICIDE",9000,00000000
APPLICATIONS,,"CORN - APPLICATIONS, MEASURED IN NUMBER, AVG",19,ALL PRODUCTION PRACTICES,,,"CHEMICAL, HERBICIDE: (PRIMISULFURON = 128973)",IOWA,SURVEY,,,,ALL UTILIZATION PRACTICES,ALL CLASSES,2000-06-11 10:11:36.000,UNITED STATES,,IOWA,1,"NUMBER, AVG",,2000,19,ENVIRONMENTAL,00,,YEAR,IA,,CORN,STATE,FIELD CROPS,00,,ANNUAL,"CHEMICAL, HERBICIDE",9000,00000000
APPLICATIONS,,"CORN - APPLICATIONS, MEASURED IN NUMBER, AVG",19,ALL PRODUCTION PRACTICES,,,"CHEMICAL, HERBICIDE: (PROPOXYCARBAZONE-SOD = 122019)",IOWA,SURVEY,,,,ALL UTILIZATION PRACTICES,ALL CLASSES,2016-08-31 14:19:39.000,UNITED STATES,,IOWA,                 (D),"NUMBER, AVG",,2016,19,ENVIRONMENTAL,00,,YEAR,IA,,CORN,STATE,FIELD CROPS,00,,ANNUAL,"CHEMICAL, HERBICIDE",9000,00000000
APPLICATIONS,,"CORN - APPLICATIONS, MEASURED IN NUMBER, AVG",19,ALL PRODUCTION PRACTICES,,,"CHEMICAL, HERBICIDE: (PYRIDATE = 128834)",IOWA,SURVEY,,,,ALL UTILIZATION PRACTICES,ALL CLASSES,2000-06-11 10:11:36.000,UNITED STATES,,IOWA,1,"NUMBER, AVG",,2000,19,ENVIRONMENTAL,00,,YEAR,IA,,CORN,STATE,FIELD CROPS,00,,ANNUAL,"CHEMICAL, HERBICIDE",9000,00000000
APPLICATIONS,,"CORN - APPLICATIONS, MEASURED IN NUMBER, AVG",19,ALL PRODUCTION PRACTICES,,,"CHEMICAL, HERBICIDE: (PYROXASULFONE = 90099)",IOWA,SURVEY,,,,ALL UTILIZATION PRACTICES,ALL CLASSES,2018-05-10 15:16:25.000,UNITED STATES,,IOWA,                 (D),"NUMBER, AVG",,2018,19,ENVIRONMENTAL,00,,YEAR,IA,,CORN,STATE,FIELD CROPS,00,,ANNUAL,"CHEMICAL, HERBICIDE",9000,00000000
APPLICATIONS,,"CORN - APPLICATIONS, MEASURED IN NUMBER, AVG",19,ALL PRODUCTION PRACTICES,,,"CHEMICAL, HERBICIDE: (PYROXASULFONE = 90099)",IOWA,SURVEY,,,,ALL UTILIZATION PRACTICES,ALL CLASSES,2016-08-31 14:19:39.000,UNITED STATES,,IOWA,                 (D),"NUMBER, AVG",,2016,19,ENVIRONMENTAL,00,,YEAR,IA,,CORN,STATE,FIELD CROPS,00,,ANNUAL,"CHEMICAL, HERBICIDE",9000,00000000
APPLICATIONS,,"CORN - APPLICATIONS, MEASURED IN NUMBER, AVG",19,ALL PRODUCTION PRACTICES,,,"CHEMICAL, HERBICIDE: (PYROXSULAM = 108702)",IOWA,SURVEY,,,,ALL UTILIZATION PRACTICES,ALL CLASSES,2018-05-10 15:16:25.000,UNITED STATES,,IOWA,                 (D),"NUMBER, AVG",,2018,19,ENVIRONMENTAL,00,,YEAR,IA,,CORN,STATE,FIELD CROPS,00,,ANNUAL,"CHEMICAL, HERBICIDE",9000,00000000
APPLICATIONS,,"CORN - APPLICATIONS, MEASURED IN NUMBER, AVG",19,ALL PRODUCTION PRACTICES,,,"CHEMICAL, HERBICIDE: (RIMSULFURON = 129009)",IOWA,SURVEY,,,,ALL UTILIZATION PRACTICES,ALL CLASSES,2018-05-10 15:16:25.000,UNITED STATES,,IOWA,1,"NUMBER, AVG",,2018,19,ENVIRONMENTAL,00,,YEAR,IA,,CORN,STATE,FIELD CROPS,00,,ANNUAL,"CHEMICAL, HERBICIDE",9000,00000000
APPLICATIONS,,"CORN - APPLICATIONS, MEASURED IN NUMBER, AVG",19,ALL PRODUCTION PRACTICES,,,"CHEMICAL, HERBICIDE: (RIMSULFURON = 129009)",IOWA,SURVEY,,,,ALL UTILIZATION PRACTICES,ALL CLASSES,2016-08-31 14:19:39.000,UNITED STATES,,IOWA,1.1,"NUMBER, AVG",,2016,19,ENVIRONMENTAL,00,,YEAR,IA,,CORN,STATE,FIELD CROPS,00,,ANNUAL,"CHEMICAL, HERBICIDE",9000,00000000
APPLICATIONS,,"CORN - APPLICATIONS, MEASURED IN NUMBER, AVG",19,ALL PRODUCTION PRACTICES,,,"CHEMICAL, HERBICIDE: (RIMSULFURON = 129009)",IOWA,SURVEY,,,,ALL UTILIZATION PRACTICES,ALL CLASSES,2014-05-14 15:12:54.000,UNITED STATES,,IOWA,1.4,"NUMBER, AVG",,2014,19,ENVIRONMENTAL,00,,YEAR,IA,,CORN,STATE,FIELD CROPS,00,,ANNUAL,"CHEMICAL, HERBICIDE",9000,00000000
APPLICATIONS,,"CORN - APPLICATIONS, MEASURED IN NUMBER, AVG",19,ALL PRODUCTION PRACTICES,,,"CHEMICAL, HERBICIDE: (RIMSULFURON = 129009)",IOWA,SURVEY,,,,ALL UTILIZATION PRACTICES,ALL CLASSES,2012-01-01 00:00:00.000,UNITED STATES,,IOWA,1,"NUMBER, AVG",,2010,19,ENVIRONMENTAL,00,,YEAR,IA,,CORN,STATE,FIELD CROPS,00,,ANNUAL,"CHEMICAL, HERBICIDE",9000,00000000
APPLICATIONS,,"CORN - APPLICATIONS, MEASURED IN NUMBER, AVG",19,ALL PRODUCTION PRACTICES,,,"CHEMICAL, HERBICIDE: (RIMSULFURON = 129009)",IOWA,SURVEY,,,,ALL UTILIZATION PRACTICES,ALL CLASSES,2005-06-11 10:11:36.000,UNITED STATES,,IOWA,1,"NUMBER, AVG",,2005,19,ENVIRONMENTAL,00,,YEAR,IA,,CORN,STATE,FIELD CROPS,00,,ANNUAL,"CHEMICAL, HERBICIDE",9000,00000000
APPLICATIONS,,"CORN - APPLICATIONS, MEASURED IN NUMBER, AVG",19,ALL PRODUCTION PRACTICES,,,"CHEMICAL, HERBICIDE: (RIMSULFURON = 129009)",IOWA,SURVEY,,,,ALL UTILIZATION PRACTICES,ALL CLASSES,2003-06-11 10:11:36.000,UNITED STATES,,IOWA,1,"NUMBER, AVG",,2003,19,ENVIRONMENTAL,00,,YEAR,IA,,CORN,STATE,FIELD CROPS,00,,ANNUAL,"CHEMICAL, HERBICIDE",9000,00000000
APPLICATIONS,,"CORN - APPLICATIONS, MEASURED IN NUMBER, AVG",19,ALL PRODUCTION PRACTICES,,,"CHEMICAL, HERBICIDE: (RIMSULFURON = 129009)",IOWA,SURVEY,,,,ALL UTILIZATION PRACTICES,ALL CLASSES,2002-06-11 10:11:36.000,UNITED STATES,,IOWA,1,"NUMBER, AVG",,2002,19,ENVIRONMENTAL,00,,YEAR,IA,,CORN,STATE,FIELD CROPS,00,,ANNUAL,"CHEMICAL, HERBICIDE",9000,00000000
APPLICATIONS,,"CORN - APPLICATIONS, MEASURED IN NUMBER, AVG",19,ALL PRODUCTION PRACTICES,,,"CHEMICAL, HERBICIDE: (RIMSULFURON = 129009)",IOWA,SURVEY,,,,ALL UTILIZATION PRACTICES,ALL CLASSES,2001-06-11 10:11:36.000,UNITED STATES,,IOWA,1,"NUMBER, AVG",,2001,19,ENVIRONMENTAL,00,,YEAR,IA,,CORN,STATE,FIELD CROPS,00,,ANNUAL,"CHEMICAL, HERBICIDE",9000,00000000
APPLICATIONS,,"CORN - APPLICATIONS, MEASURED IN NUMBER, AVG",19,ALL PRODUCTION PRACTICES,,,"CHEMICAL, HERBICIDE: (RIMSULFURON = 129009)",IOWA,SURVEY,,,,ALL UTILIZATION PRACTICES,ALL CLASSES,2000-06-11 10:11:36.000,UNITED STATES,,IOWA,1,"NUMBER, AVG",,2000,19,ENVIRONMENTAL,00,,YEAR,IA,,CORN,STATE,FIELD CROPS,00,,ANNUAL,"CHEMICAL, HERBICIDE",9000,00000000
APPLICATIONS,,"CORN - APPLICATIONS, MEASURED IN NUMBER, AVG",19,ALL PRODUCTION PRACTICES,,,"CHEMICAL, HERBICIDE: (S-METOLACHLOR = 108800)",IOWA,SURVEY,,,,ALL UTILIZATION PRACTICES,ALL CLASSES,2021-05-13 15:00:30.000,UNITED STATES,,IOWA,1.1,"NUMBER, AVG",,2021,19,ENVIRONMENTAL,00,,YEAR,IA,,CORN,STATE,FIELD CROPS,00,,ANNUAL,"CHEMICAL, HERBICIDE",9000,00000000
APPLICATIONS,,"CORN - APPLICATIONS, MEASURED IN NUMBER, AVG",19,ALL PRODUCTION PRACTICES,,,"CHEMICAL, HERBICIDE: (S-METOLACHLOR = 108800)",IOWA,SURVEY,,,,ALL UTILIZATION PRACTICES,ALL CLASSES,2018-05-10 15:16:25.000,UNITED STATES,,IOWA,1.1,"NUMBER, AVG",,2018,19,ENVIRONMENTAL,00,,YEAR,IA,,CORN,STATE,FIELD CROPS,00,,ANNUAL,"CHEMICAL, HERBICIDE",9000,00000000
APPLICATIONS,,"CORN - APPLICATIONS, MEASURED IN NUMBER, AVG",19,ALL PRODUCTION PRACTICES,,,"CHEMICAL, HERBICIDE: (S-METOLACHLOR = 108800)",IOWA,SURVEY,,,,ALL UTILIZATION PRACTICES,ALL CLASSES,2016-08-31 14:19:39.000,UNITED STATES,,IOWA,1.2,"NUMBER, AVG",,2016,19,ENVIRONMENTAL,00,,YEAR,IA,,CORN,STATE,FIELD CROPS,00,,ANNUAL,"CHEMICAL, HERBICIDE",9000,00000000
APPLICATIONS,,"CORN - APPLICATIONS, MEASURED IN NUMBER, AVG",19,ALL PRODUCTION PRACTICES,,,"CHEMICAL, HERBICIDE: (S-METOLACHLOR = 108800)",IOWA,SURVEY,,,,ALL UTILIZATION PRACTICES,ALL CLASSES,2014-05-14 15:12:54.000,UNITED STATES,,IOWA,1.1,"NUMBER, AVG",,2014,19,ENVIRONMENTAL,00,,YEAR,IA,,CORN,STATE,FIELD CROPS,00,,ANNUAL,"CHEMICAL, HERBICIDE",9000,00000000
APPLICATIONS,,"CORN - APPLICATIONS, MEASURED IN NUMBER, AVG",19,ALL PRODUCTION PRACTICES,,,"CHEMICAL, HERBICIDE: (S-METOLACHLOR = 108800)",IOWA,SURVEY,,,,ALL UTILIZATION PRACTICES,ALL CLASSES,2012-01-01 00:00:00.000,UNITED STATES,,IOWA,1,"NUMBER, AVG",,2010,19,ENVIRONMENTAL,00,,YEAR,IA,,CORN,STATE,FIELD CROPS,00,,ANNUAL,"CHEMICAL, HERBICIDE",9000,00000000
APPLICATIONS,,"CORN - APPLICATIONS, MEASURED IN NUMBER, AVG",19,ALL PRODUCTION PRACTICES,,,"CHEMICAL, HERBICIDE: (S-METOLACHLOR = 108800)",IOWA,SURVEY,,,,ALL UTILIZATION PRACTICES,ALL CLASSES,2005-06-11 10:11:36.000,UNITED STATES,,IOWA,1,"NUMBER, AVG",,2005,19,ENVIRONMENTAL,00,,YEAR,IA,,CORN,STATE,FIELD CROPS,00,,ANNUAL,"CHEMICAL, HERBICIDE",9000,00000000
APPLICATIONS,,"CORN - APPLICATIONS, MEASURED IN NUMBER, AVG",19,ALL PRODUCTION PRACTICES,,,"CHEMICAL, HERBICIDE: (S-METOLACHLOR = 108800)",IOWA,SURVEY,,,,ALL UTILIZATION PRACTICES,ALL CLASSES,2003-06-11 10:11:36.000,UNITED STATES,,IOWA,1,"NUMBER, AVG",,2003,19,ENVIRONMENTAL,00,,YEAR,IA,,CORN,STATE,FIELD CROPS,00,,ANNUAL,"CHEMICAL, HERBICIDE",9000,00000000
APPLICATIONS,,"CORN - APPLICATIONS, MEASURED IN NUMBER, AVG",19,ALL PRODUCTION PRACTICES,,,"CHEMICAL, HERBICIDE: (S-METOLACHLOR = 108800)",IOWA,SURVEY,,,,ALL UTILIZATION PRACTICES,ALL CLASSES,2002-06-11 10:11:36.000,UNITED STATES,,IOWA,1,"NUMBER, AVG",,2002,19,ENVIRONMENTAL,00,,YEAR,IA,,CORN,STATE,FIELD CROPS,00,,ANNUAL,"CHEMICAL, HERBICIDE",9000,00000000
APPLICATIONS,,"CORN - APPLICATIONS, MEASURED IN NUMBER, AVG",19,ALL PRODUCTION PRACTICES,,,"CHEMICAL, HERBICIDE: (S-METOLACHLOR = 108800)",IOWA,SURVEY,,,,ALL UTILIZATION PRACTICES,ALL CLASSES,2001-06-11 10:11:36.000,UNITED STATES,,IOWA,1,"NUMBER, AVG",,2001,19,ENVIRONMENTAL,00,,YEAR,IA,,CORN,STATE,FIELD CROPS,00,,ANNUAL,"CHEMICAL, HERBICIDE",9000,00000000
APPLICATIONS,,"CORN - APPLICATIONS, MEASURED IN NUMBER, AVG",19,ALL PRODUCTION PRACTICES,,,"CHEMICAL, HERBICIDE: (S-METOLACHLOR = 108800)",IOWA,SURVEY,,,,ALL UTILIZATION PRACTICES,ALL CLASSES,2000-06-11 10:11:36.000,UNITED STATES,,IOWA,1.2,"NUMBER, AVG",,2000,19,ENVIRONMENTAL,00,,YEAR,IA,,CORN,STATE,FIELD CROPS,00,,ANNUAL,"CHEMICAL, HERBICIDE",9000,00000000
APPLICATIONS,,"CORN - APPLICATIONS, MEASURED IN NUMBER, AVG",19,ALL PRODUCTION PRACTICES,,,"CHEMICAL, HERBICIDE: (SAFLUFENACIL = 118203)",IOWA,SURVEY,,,,ALL UTILIZATION PRACTICES,ALL CLASSES,2021-05-13 15:00:30.000,UNITED STATES,,IOWA,                 (D),"NUMBER, AVG",,2021,19,ENVIRONMENTAL,00,,YEAR,IA,,CORN,STATE,FIELD CROPS,00,,ANNUAL,"CHEMICAL, HERBICIDE",9000,00000000
APPLICATIONS,,"CORN - APPLICATIONS, MEASURED IN NUMBER, AVG",19,ALL PRODUCTION PRACTICES,,,"CHEMICAL, HERBICIDE: (SAFLUFENACIL = 118203)",IOWA,SURVEY,,,,ALL UTILIZATION PRACTICES,ALL CLASSES,2018-05-10 15:16:25.000,UNITED STATES,,IOWA,1.2,"NUMBER, AVG",,2018,19,ENVIRONMENTAL,00,,YEAR,IA,,CORN,STATE,FIELD CROPS,00,,ANNUAL,"CHEMICAL, HERBICIDE",9000,00000000
APPLICATIONS,,"CORN - APPLICATIONS, MEASURED IN NUMBER, AVG",19,ALL PRODUCTION PRACTICES,,,"CHEMICAL, HERBICIDE: (SAFLUFENACIL = 118203)",IOWA,SURVEY,,,,ALL UTILIZATION PRACTICES,ALL CLASSES,2016-08-31 14:19:39.000,UNITED STATES,,IOWA,                 (D),"NUMBER, AVG",,2016,19,ENVIRONMENTAL,00,,YEAR,IA,,CORN,STATE,FIELD CROPS,00,,ANNUAL,"CHEMICAL, HERBICIDE",9000,00000000
APPLICATIONS,,"CORN - APPLICATIONS, MEASURED IN NUMBER, AVG",19,ALL PRODUCTION PRACTICES,,,"CHEMICAL, HERBICIDE: (SAFLUFENACIL = 118203)",IOWA,SURVEY,,,,ALL UTILIZATION PRACTICES,ALL CLASSES,2014-05-14 15:12:54.000,UNITED STATES,,IOWA,1,"NUMBER, AVG",,2014,19,ENVIRONMENTAL,00,,YEAR,IA,,CORN,STATE,FIELD CROPS,00,,ANNUAL,"CHEMICAL, HERBICIDE",9000,00000000
APPLICATIONS,,"CORN - APPLICATIONS, MEASURED IN NUMBER, AVG",19,ALL PRODUCTION PRACTICES,,,"CHEMICAL, HERBICIDE: (SAFLUFENACIL = 118203)",IOWA,SURVEY,,,,ALL UTILIZATION PRACTICES,ALL CLASSES,2012-01-01 00:00:00.000,UNITED STATES,,IOWA,                 (D),"NUMBER, AVG",,2010,19,ENVIRONMENTAL,00,,YEAR,IA,,CORN,STATE,FIELD CROPS,00,,ANNUAL,"CHEMICAL, HERBICIDE",9000,00000000
APPLICATIONS,,"CORN - APPLICATIONS, MEASURED IN NUMBER, AVG",19,ALL PRODUCTION PRACTICES,,,"CHEMICAL, HERBICIDE: (SIMAZINE = 80807)",IOWA,SURVEY,,,,ALL UTILIZATION PRACTICES,ALL CLASSES,2014-05-14 15:12:54.000,UNITED STATES,,IOWA,                 (D),"NUMBER, AVG",,2014,19,ENVIRONMENTAL,00,,YEAR,IA,,CORN,STATE,FIELD CROPS,00,,ANNUAL,"CHEMICAL, HERBICIDE",9000,00000000
APPLICATIONS,,"CORN - APPLICATIONS, MEASURED IN NUMBER, AVG",19,ALL PRODUCTION PRACTICES,,,"CHEMICAL, HERBICIDE: (SULFENTRAZONE = 129081)",IOWA,SURVEY,,,,ALL UTILIZATION PRACTICES,ALL CLASSES,2018-05-10 15:16:25.000,UNITED STATES,,IOWA,                 (D),"NUMBER, AVG",,2018,19,ENVIRONMENTAL,00,,YEAR,IA,,CORN,STATE,FIELD CROPS,00,,ANNUAL,"CHEMICAL, HERBICIDE",9000,00000000
APPLICATIONS,,"CORN - APPLICATIONS, MEASURED IN NUMBER, AVG",19,ALL PRODUCTION PRACTICES,,,"CHEMICAL, HERBICIDE: (SULFENTRAZONE = 129081)",IOWA,SURVEY,,,,ALL UTILIZATION PRACTICES,ALL CLASSES,2014-05-14 15:12:54.000,UNITED STATES,,IOWA,                 (D),"NUMBER, AVG",,2014,19,ENVIRONMENTAL,00,,YEAR,IA,,CORN,STATE,FIELD CROPS,00,,ANNUAL,"CHEMICAL, HERBICIDE",9000,00000000
APPLICATIONS,,"CORN - APPLICATIONS, MEASURED IN NUMBER, AVG",19,ALL PRODUCTION PRACTICES,,,"CHEMICAL, HERBICIDE: (SULFENTRAZONE = 129081)",IOWA,SURVEY,,,,ALL UTILIZATION PRACTICES,ALL CLASSES,2012-01-01 00:00:00.000,UNITED STATES,,IOWA,                 (D),"NUMBER, AVG",,2010,19,ENVIRONMENTAL,00,,YEAR,IA,,CORN,STATE,FIELD CROPS,00,,ANNUAL,"CHEMICAL, HERBICIDE",9000,00000000
APPLICATIONS,,"CORN - APPLICATIONS, MEASURED IN NUMBER, AVG",19,ALL PRODUCTION PRACTICES,,,"CHEMICAL, HERBICIDE: (TEMBOTRIONE = 12801)",IOWA,SURVEY,,,,ALL UTILIZATION PRACTICES,ALL CLASSES,2021-05-13 15:00:30.000,UNITED STATES,,IOWA,1,"NUMBER, AVG",,2021,19,ENVIRONMENTAL,00,,YEAR,IA,,CORN,STATE,FIELD CROPS,00,,ANNUAL,"CHEMICAL, HERBICIDE",9000,00000000
APPLICATIONS,,"CORN - APPLICATIONS, MEASURED IN NUMBER, AVG",19,ALL PRODUCTION PRACTICES,,,"CHEMICAL, HERBICIDE: (TEMBOTRIONE = 12801)",IOWA,SURVEY,,,,ALL UTILIZATION PRACTICES,ALL CLASSES,2018-05-10 15:16:25.000,UNITED STATES,,IOWA,1,"NUMBER, AVG",,2018,19,ENVIRONMENTAL,00,,YEAR,IA,,CORN,STATE,FIELD CROPS,00,,ANNUAL,"CHEMICAL, HERBICIDE",9000,00000000
APPLICATIONS,,"CORN - APPLICATIONS, MEASURED IN NUMBER, AVG",19,ALL PRODUCTION PRACTICES,,,"CHEMICAL, HERBICIDE: (TEMBOTRIONE = 12801)",IOWA,SURVEY,,,,ALL UTILIZATION PRACTICES,ALL CLASSES,2016-08-31 14:19:39.000,UNITED STATES,,IOWA,1,"NUMBER, AVG",,2016,19,ENVIRONMENTAL,00,,YEAR,IA,,CORN,STATE,FIELD CROPS,00,,ANNUAL,"CHEMICAL, HERBICIDE",9000,00000000
APPLICATIONS,,"CORN - APPLICATIONS, MEASURED IN NUMBER, AVG",19,ALL PRODUCTION PRACTICES,,,"CHEMICAL, HERBICIDE: (TEMBOTRIONE = 12801)",IOWA,SURVEY,,,,ALL UTILIZATION PRACTICES,ALL CLASSES,2014-05-14 15:12:54.000,UNITED STATES,,IOWA,1,"NUMBER, AVG",,2014,19,ENVIRONMENTAL,00,,YEAR,IA,,CORN,STATE,FIELD CROPS,00,,ANNUAL,"CHEMICAL, HERBICIDE",9000,00000000
APPLICATIONS,,"CORN - APPLICATIONS, MEASURED IN NUMBER, AVG",19,ALL PRODUCTION PRACTICES,,,"CHEMICAL, HERBICIDE: (TEMBOTRIONE = 12801)",IOWA,SURVEY,,,,ALL UTILIZATION PRACTICES,ALL CLASSES,2012-01-01 00:00:00.000,UNITED STATES,,IOWA,1,"NUMBER, AVG",,2010,19,ENVIRONMENTAL,00,,YEAR,IA,,CORN,STATE,FIELD CROPS,00,,ANNUAL,"CHEMICAL, HERBICIDE",9000,00000000
APPLICATIONS,,"CORN - APPLICATIONS, MEASURED IN NUMBER, AVG",19,ALL PRODUCTION PRACTICES,,,"CHEMICAL, HERBICIDE: (THIENCARBAZONE-METHY = 15804)",IOWA,SURVEY,,,,ALL UTILIZATION PRACTICES,ALL CLASSES,2021-05-13 15:00:30.000,UNITED STATES,,IOWA,                 (D),"NUMBER, AVG",,2021,19,ENVIRONMENTAL,00,,YEAR,IA,,CORN,STATE,FIELD CROPS,00,,ANNUAL,"CHEMICAL, HERBICIDE",9000,00000000
APPLICATIONS,,"CORN - APPLICATIONS, MEASURED IN NUMBER, AVG",19,ALL PRODUCTION PRACTICES,,,"CHEMICAL, HERBICIDE: (THIENCARBAZONE-METHY = 15804)",IOWA,SURVEY,,,,ALL UTILIZATION PRACTICES,ALL CLASSES,2018-05-10 15:16:25.000,UNITED STATES,,IOWA,1,"NUMBER, AVG",,2018,19,ENVIRONMENTAL,00,,YEAR,IA,,CORN,STATE,FIELD CROPS,00,,ANNUAL,"CHEMICAL, HERBICIDE",9000,00000000
APPLICATIONS,,"CORN - APPLICATIONS, MEASURED IN NUMBER, AVG",19,ALL PRODUCTION PRACTICES,,,"CHEMICAL, HERBICIDE: (THIENCARBAZONE-METHY = 15804)",IOWA,SURVEY,,,,ALL UTILIZATION PRACTICES,ALL CLASSES,2016-08-31 14:19:39.000,UNITED STATES,,IOWA,1,"NUMBER, AVG",,2016,19,ENVIRONMENTAL,00,,YEAR,IA,,CORN,STATE,FIELD CROPS,00,,ANNUAL,"CHEMICAL, HERBICIDE",9000,00000000
APPLICATIONS,,"CORN - APPLICATIONS, MEASURED IN NUMBER, AVG",19,ALL PRODUCTION PRACTICES,,,"CHEMICAL, HERBICIDE: (THIENCARBAZONE-METHY = 15804)",IOWA,SURVEY,,,,ALL UTILIZATION PRACTICES,ALL CLASSES,2014-05-14 15:12:54.000,UNITED STATES,,IOWA,1.1,"NUMBER, AVG",,2014,19,ENVIRONMENTAL,00,,YEAR,IA,,CORN,STATE,FIELD CROPS,00,,ANNUAL,"CHEMICAL, HERBICIDE",9000,00000000
APPLICATIONS,,"CORN - APPLICATIONS, MEASURED IN NUMBER, AVG",19,ALL PRODUCTION PRACTICES,,,"CHEMICAL, HERBICIDE: (THIENCARBAZONE-METHY = 15804)",IOWA,SURVEY,,,,ALL UTILIZATION PRACTICES,ALL CLASSES,2012-01-01 00:00:00.000,UNITED STATES,,IOWA,1,"NUMBER, AVG",,2010,19,ENVIRONMENTAL,00,,YEAR,IA,,CORN,STATE,FIELD CROPS,00,,ANNUAL,"CHEMICAL, HERBICIDE",9000,00000000
APPLICATIONS,,"CORN - APPLICATIONS, MEASURED IN NUMBER, AVG",19,ALL PRODUCTION PRACTICES,,,"CHEMICAL, HERBICIDE: (THIFENSULFURON = 128845)",IOWA,SURVEY,,,,ALL UTILIZATION PRACTICES,ALL CLASSES,2018-05-10 15:16:25.000,UNITED STATES,,IOWA,                 (D),"NUMBER, AVG",,2018,19,ENVIRONMENTAL,00,,YEAR,IA,,CORN,STATE,FIELD CROPS,00,,ANNUAL,"CHEMICAL, HERBICIDE",9000,00000000
APPLICATIONS,,"CORN - APPLICATIONS, MEASURED IN NUMBER, AVG",19,ALL PRODUCTION PRACTICES,,,"CHEMICAL, HERBICIDE: (THIFENSULFURON = 128845)",IOWA,SURVEY,,,,ALL UTILIZATION PRACTICES,ALL CLASSES,2012-01-01 00:00:00.000,UNITED STATES,,IOWA,                 (D),"NUMBER, AVG",,2010,19,ENVIRONMENTAL,00,,YEAR,IA,,CORN,STATE,FIELD CROPS,00,,ANNUAL,"CHEMICAL, HERBICIDE",9000,00000000
APPLICATIONS,,"CORN - APPLICATIONS, MEASURED IN NUMBER, AVG",19,ALL PRODUCTION PRACTICES,,,"CHEMICAL, HERBICIDE: (TOPRAMEZONE = 123009)",IOWA,SURVEY,,,,ALL UTILIZATION PRACTICES,ALL CLASSES,2021-05-13 15:00:30.000,UNITED STATES,,IOWA,                 (D),"NUMBER, AVG",,2021,19,ENVIRONMENTAL,00,,YEAR,IA,,CORN,STATE,FIELD CROPS,00,,ANNUAL,"CHEMICAL, HERBICIDE",9000,00000000
APPLICATIONS,,"CORN - APPLICATIONS, MEASURED IN NUMBER, AVG",19,ALL PRODUCTION PRACTICES,,,"CHEMICAL, HERBICIDE: (TOPRAMEZONE = 123009)",IOWA,SURVEY,,,,ALL UTILIZATION PRACTICES,ALL CLASSES,2018-05-10 15:16:25.000,UNITED STATES,,IOWA,1,"NUMBER, AVG",,2018,19,ENVIRONMENTAL,00,,YEAR,IA,,CORN,STATE,FIELD CROPS,00,,ANNUAL,"CHEMICAL, HERBICIDE",9000,00000000
APPLICATIONS,,"CORN - APPLICATIONS, MEASURED IN NUMBER, AVG",19,ALL PRODUCTION PRACTICES,,,"CHEMICAL, HERBICIDE: (TOPRAMEZONE = 123009)",IOWA,SURVEY,,,,ALL UTILIZATION PRACTICES,ALL CLASSES,2016-08-31 14:19:39.000,UNITED STATES,,IOWA,1,"NUMBER, AVG",,2016,19,ENVIRONMENTAL,00,,YEAR,IA,,CORN,STATE,FIELD CROPS,00,,ANNUAL,"CHEMICAL, HERBICIDE",9000,00000000
APPLICATIONS,,"CORN - APPLICATIONS, MEASURED IN NUMBER, AVG",19,ALL PRODUCTION PRACTICES,,,"CHEMICAL, HERBICIDE: (TOPRAMEZONE = 123009)",IOWA,SURVEY,,,,ALL UTILIZATION PRACTICES,ALL CLASSES,2014-05-14 15:12:54.000,UNITED STATES,,IOWA,1.1,"NUMBER, AVG",,2014,19,ENVIRONMENTAL,00,,YEAR,IA,,CORN,STATE,FIELD CROPS,00,,ANNUAL,"CHEMICAL, HERBICIDE",9000,00000000
APPLICATIONS,,"CORN - APPLICATIONS, MEASURED IN NUMBER, AVG",19,ALL PRODUCTION PRACTICES,,,"CHEMICAL, HERBICIDE: (TOPRAMEZONE = 123009)",IOWA,SURVEY,,,,ALL UTILIZATION PRACTICES,ALL CLASSES,2012-01-01 00:00:00.000,UNITED STATES,,IOWA,                 (D),"NUMBER, AVG",,2010,19,ENVIRONMENTAL,00,,YEAR,IA,,CORN,STATE,FIELD CROPS,00,,ANNUAL,"CHEMICAL, HERBICIDE",9000,00000000
APPLICATIONS,,"CORN - APPLICATIONS, MEASURED IN NUMBER, AVG",19,ALL PRODUCTION PRACTICES,,,"CHEMICAL, HERBICIDE: (TRIBENURON-METHYL = 128887)",IOWA,SURVEY,,,,ALL UTILIZATION PRACTICES,ALL CLASSES,2018-05-10 15:16:25.000,UNITED STATES,,IOWA,                 (D),"NUMBER, AVG",,2018,19,ENVIRONMENTAL,00,,YEAR,IA,,CORN,STATE,FIELD CROPS,00,,ANNUAL,"CHEMICAL, HERBICIDE",9000,00000000
APPLICATIONS,,"CORN - APPLICATIONS, MEASURED IN NUMBER, AVG",19,ALL PRODUCTION PRACTICES,,,"CHEMICAL, HERBICIDE: (TRIFLURALIN = 36101)",IOWA,SURVEY,,,,ALL UTILIZATION PRACTICES,ALL CLASSES,2018-05-10 15:16:25.000,UNITED STATES,,IOWA,                 (D),"NUMBER, AVG",,2018,19,ENVIRONMENTAL,00,,YEAR,IA,,CORN,STATE,FIELD CROPS,00,,ANNUAL,"CHEMICAL, HERBICIDE",9000,00000000
APPLICATIONS,,"CORN - APPLICATIONS, MEASURED IN NUMBER, AVG",19,ALL PRODUCTION PRACTICES,,,"CHEMICAL, HERBICIDE: (TRIFLURALIN = 36101)",IOWA,SURVEY,,,,ALL UTILIZATION PRACTICES,ALL CLASSES,2014-05-14 15:12:54.000,UNITED STATES,,IOWA,                 (D),"NUMBER, AVG",,2014,19,ENVIRONMENTAL,00,,YEAR,IA,,CORN,STATE,FIELD CROPS,00,,ANNUAL,"CHEMICAL, HERBICIDE",9000,00000000
APPLICATIONS,,"CORN - APPLICATIONS, MEASURED IN NUMBER, AVG",19,ALL PRODUCTION PRACTICES,,,"CHEMICAL, HERBICIDE: (TRIFLURALIN = 36101)",IOWA,SURVEY,,,,ALL UTILIZATION PRACTICES,ALL CLASSES,2012-01-01 00:00:00.000,UNITED STATES,,IOWA,                 (D),"NUMBER, AVG",,2010,19,ENVIRONMENTAL,00,,YEAR,IA,,CORN,STATE,FIELD CROPS,00,,ANNUAL,"CHEMICAL, HERBICIDE",9000,00000000
APPLICATIONS,,"CORN - APPLICATIONS, MEASURED IN NUMBER, AVG",19,ALL PRODUCTION PRACTICES,,,"CHEMICAL, INSECTICIDE: (BETA-CYFLUTHRIN = 118831)",IOWA,SURVEY,,,,ALL UTILIZATION PRACTICES,ALL CLASSES,2014-05-14 15:12:54.000,UNITED STATES,,IOWA,                 (D),"NUMBER, AVG",,2014,19,ENVIRONMENTAL,00,,YEAR,IA,,CORN,STATE,FIELD CROPS,00,,ANNUAL,"CHEMICAL, INSECTICIDE",9000,00000000
APPLICATIONS,,"CORN - APPLICATIONS, MEASURED IN NUMBER, AVG",19,ALL PRODUCTION PRACTICES,,,"CHEMICAL, INSECTICIDE: (BIFENTHRIN = 128825)",IOWA,SURVEY,,,,ALL UTILIZATION PRACTICES,ALL CLASSES,2021-05-13 15:00:30.000,UNITED STATES,,IOWA,1,"NUMBER, AVG",,2021,19,ENVIRONMENTAL,00,,YEAR,IA,,CORN,STATE,FIELD CROPS,00,,ANNUAL,"CHEMICAL, INSECTICIDE",9000,00000000
APPLICATIONS,,"CORN - APPLICATIONS, MEASURED IN NUMBER, AVG",19,ALL PRODUCTION PRACTICES,,,"CHEMICAL, INSECTICIDE: (BIFENTHRIN = 128825)",IOWA,SURVEY,,,,ALL UTILIZATION PRACTICES,ALL CLASSES,2018-05-10 15:16:25.000,UNITED STATES,,IOWA,1,"NUMBER, AVG",,2018,19,ENVIRONMENTAL,00,,YEAR,IA,,CORN,STATE,FIELD CROPS,00,,ANNUAL,"CHEMICAL, INSECTICIDE",9000,00000000
APPLICATIONS,,"CORN - APPLICATIONS, MEASURED IN NUMBER, AVG",19,ALL PRODUCTION PRACTICES,,,"CHEMICAL, INSECTICIDE: (BIFENTHRIN = 128825)",IOWA,SURVEY,,,,ALL UTILIZATION PRACTICES,ALL CLASSES,2016-08-31 14:19:39.000,UNITED STATES,,IOWA,1,"NUMBER, AVG",,2016,19,ENVIRONMENTAL,00,,YEAR,IA,,CORN,STATE,FIELD CROPS,00,,ANNUAL,"CHEMICAL, INSECTICIDE",9000,00000000
APPLICATIONS,,"CORN - APPLICATIONS, MEASURED IN NUMBER, AVG",19,ALL PRODUCTION PRACTICES,,,"CHEMICAL, INSECTICIDE: (BIFENTHRIN = 128825)",IOWA,SURVEY,,,,ALL UTILIZATION PRACTICES,ALL CLASSES,2014-05-14 15:12:54.000,UNITED STATES,,IOWA,1.4,"NUMBER, AVG",,2014,19,ENVIRONMENTAL,00,,YEAR,IA,,CORN,STATE,FIELD CROPS,00,,ANNUAL,"CHEMICAL, INSECTICIDE",9000,00000000
APPLICATIONS,,"CORN - APPLICATIONS, MEASURED IN NUMBER, AVG",19,ALL PRODUCTION PRACTICES,,,"CHEMICAL, INSECTICIDE: (BIFENTHRIN = 128825)",IOWA,SURVEY,,,,ALL UTILIZATION PRACTICES,ALL CLASSES,2012-01-01 00:00:00.000,UNITED STATES,,IOWA,                 (D),"NUMBER, AVG",,2010,19,ENVIRONMENTAL,00,,YEAR,IA,,CORN,STATE,FIELD CROPS,00,,ANNUAL,"CHEMICAL, INSECTICIDE",9000,00000000
APPLICATIONS,,"CORN - APPLICATIONS, MEASURED IN NUMBER, AVG",19,ALL PRODUCTION PRACTICES,,,"CHEMICAL, INSECTICIDE: (BIFENTHRIN = 128825)",IOWA,SURVEY,,,,ALL UTILIZATION PRACTICES,ALL CLASSES,2002-06-11 10:11:36.000,UNITED STATES,,IOWA,1,"NUMBER, AVG",,2002,19,ENVIRONMENTAL,00,,YEAR,IA,,CORN,STATE,FIELD CROPS,00,,ANNUAL,"CHEMICAL, INSECTICIDE",9000,00000000
APPLICATIONS,,"CORN - APPLICATIONS, MEASURED IN NUMBER, AVG",19,ALL PRODUCTION PRACTICES,,,"CHEMICAL, INSECTICIDE: (CHLORETHOXYFOS = 129006)",IOWA,SURVEY,,,,ALL UTILIZATION PRACTICES,ALL CLASSES,2014-05-14 15:12:54.000,UNITED STATES,,IOWA,                 (D),"NUMBER, AVG",,2014,19,ENVIRONMENTAL,00,,YEAR,IA,,CORN,STATE,FIELD CROPS,00,,ANNUAL,"CHEMICAL, INSECTICIDE",9000,00000000
APPLICATIONS,,"CORN - APPLICATIONS, MEASURED IN NUMBER, AVG",19,ALL PRODUCTION PRACTICES,,,"CHEMICAL, INSECTICIDE: (CHLORETHOXYFOS = 129006)",IOWA,SURVEY,,,,ALL UTILIZATION PRACTICES,ALL CLASSES,2012-01-01 00:00:00.000,UNITED STATES,,IOWA,                 (D),"NUMBER, AVG",,2010,19,ENVIRONMENTAL,00,,YEAR,IA,,CORN,STATE,FIELD CROPS,00,,ANNUAL,"CHEMICAL, INSECTICIDE",9000,00000000
APPLICATIONS,,"CORN - APPLICATIONS, MEASURED IN NUMBER, AVG",19,ALL PRODUCTION PRACTICES,,,"CHEMICAL, INSECTICIDE: (CHLORPYRIFOS = 59101)",IOWA,SURVEY,,,,ALL UTILIZATION PRACTICES,ALL CLASSES,2021-05-13 15:00:30.000,UNITED STATES,,IOWA,                 (D),"NUMBER, AVG",,2021,19,ENVIRONMENTAL,00,,YEAR,IA,,CORN,STATE,FIELD CROPS,00,,ANNUAL,"CHEMICAL, INSECTICIDE",9000,00000000
APPLICATIONS,,"CORN - APPLICATIONS, MEASURED IN NUMBER, AVG",19,ALL PRODUCTION PRACTICES,,,"CHEMICAL, INSECTICIDE: (CHLORPYRIFOS = 59101)",IOWA,SURVEY,,,,ALL UTILIZATION PRACTICES,ALL CLASSES,2018-05-10 15:16:25.000,UNITED STATES,,IOWA,                 (D),"NUMBER, AVG",,2018,19,ENVIRONMENTAL,00,,YEAR,IA,,CORN,STATE,FIELD CROPS,00,,ANNUAL,"CHEMICAL, INSECTICIDE",9000,00000000
APPLICATIONS,,"CORN - APPLICATIONS, MEASURED IN NUMBER, AVG",19,ALL PRODUCTION PRACTICES,,,"CHEMICAL, INSECTICIDE: (CHLORPYRIFOS = 59101)",IOWA,SURVEY,,,,ALL UTILIZATION PRACTICES,ALL CLASSES,2016-08-31 14:19:39.000,UNITED STATES,,IOWA,                 (D),"NUMBER, AVG",,2016,19,ENVIRONMENTAL,00,,YEAR,IA,,CORN,STATE,FIELD CROPS,00,,ANNUAL,"CHEMICAL, INSECTICIDE",9000,00000000
APPLICATIONS,,"CORN - APPLICATIONS, MEASURED IN NUMBER, AVG",19,ALL PRODUCTION PRACTICES,,,"CHEMICAL, INSECTICIDE: (CHLORPYRIFOS = 59101)",IOWA,SURVEY,,,,ALL UTILIZATION PRACTICES,ALL CLASSES,2014-05-14 15:12:54.000,UNITED STATES,,IOWA,                 (D),"NUMBER, AVG",,2014,19,ENVIRONMENTAL,00,,YEAR,IA,,CORN,STATE,FIELD CROPS,00,,ANNUAL,"CHEMICAL, INSECTICIDE",9000,00000000
APPLICATIONS,,"CORN - APPLICATIONS, MEASURED IN NUMBER, AVG",19,ALL PRODUCTION PRACTICES,,,"CHEMICAL, INSECTICIDE: (CHLORPYRIFOS = 59101)",IOWA,SURVEY,,,,ALL UTILIZATION PRACTICES,ALL CLASSES,2012-01-01 00:00:00.000,UNITED STATES,,IOWA,                 (D),"NUMBER, AVG",,2010,19,ENVIRONMENTAL,00,,YEAR,IA,,CORN,STATE,FIELD CROPS,00,,ANNUAL,"CHEMICAL, INSECTICIDE",9000,00000000
APPLICATIONS,,"CORN - APPLICATIONS, MEASURED IN NUMBER, AVG",19,ALL PRODUCTION PRACTICES,,,"CHEMICAL, INSECTICIDE: (CHLORPYRIFOS = 59101)",IOWA,SURVEY,,,,ALL UTILIZATION PRACTICES,ALL CLASSES,2003-06-11 10:11:36.000,UNITED STATES,,IOWA,1,"NUMBER, AVG",,2003,19,ENVIRONMENTAL,00,,YEAR,IA,,CORN,STATE,FIELD CROPS,00,,ANNUAL,"CHEMICAL, INSECTICIDE",9000,00000000
APPLICATIONS,,"CORN - APPLICATIONS, MEASURED IN NUMBER, AVG",19,ALL PRODUCTION PRACTICES,,,"CHEMICAL, INSECTICIDE: (CHLORPYRIFOS = 59101)",IOWA,SURVEY,,,,ALL UTILIZATION PRACTICES,ALL CLASSES,2002-06-11 10:11:36.000,UNITED STATES,,IOWA,1,"NUMBER, AVG",,2002,19,ENVIRONMENTAL,00,,YEAR,IA,,CORN,STATE,FIELD CROPS,00,,ANNUAL,"CHEMICAL, INSECTICIDE",9000,00000000
APPLICATIONS,,"CORN - APPLICATIONS, MEASURED IN NUMBER, AVG",19,ALL PRODUCTION PRACTICES,,,"CHEMICAL, INSECTICIDE: (CHLORPYRIFOS = 59101)",IOWA,SURVEY,,,,ALL UTILIZATION PRACTICES,ALL CLASSES,2000-06-11 10:11:36.000,UNITED STATES,,IOWA,1,"NUMBER, AVG",,2000,19,ENVIRONMENTAL,00,,YEAR,IA,,CORN,STATE,FIELD CROPS,00,,ANNUAL,"CHEMICAL, INSECTICIDE",9000,00000000
APPLICATIONS,,"CORN - APPLICATIONS, MEASURED IN NUMBER, AVG",19,ALL PRODUCTION PRACTICES,,,"CHEMICAL, INSECTICIDE: (CYFLUTHRIN = 128831)",IOWA,SURVEY,,,,ALL UTILIZATION PRACTICES,ALL CLASSES,2021-05-13 15:00:30.000,UNITED STATES,,IOWA,                 (D),"NUMBER, AVG",,2021,19,ENVIRONMENTAL,00,,YEAR,IA,,CORN,STATE,FIELD CROPS,00,,ANNUAL,"CHEMICAL, INSECTICIDE",9000,00000000
APPLICATIONS,,"CORN - APPLICATIONS, MEASURED IN NUMBER, AVG",19,ALL PRODUCTION PRACTICES,,,"CHEMICAL, INSECTICIDE: (CYFLUTHRIN = 128831)",IOWA,SURVEY,,,,ALL UTILIZATION PRACTICES,ALL CLASSES,2018-05-10 15:16:25.000,UNITED STATES,,IOWA,                 (D),"NUMBER, AVG",,2018,19,ENVIRONMENTAL,00,,YEAR,IA,,CORN,STATE,FIELD CROPS,00,,ANNUAL,"CHEMICAL, INSECTICIDE",9000,00000000
APPLICATIONS,,"CORN - APPLICATIONS, MEASURED IN NUMBER, AVG",19,ALL PRODUCTION PRACTICES,,,"CHEMICAL, INSECTICIDE: (CYFLUTHRIN = 128831)",IOWA,SURVEY,,,,ALL UTILIZATION PRACTICES,ALL CLASSES,2016-08-31 14:19:39.000,UNITED STATES,,IOWA,1,"NUMBER, AVG",,2016,19,ENVIRONMENTAL,00,,YEAR,IA,,CORN,STATE,FIELD CROPS,00,,ANNUAL,"CHEMICAL, INSECTICIDE",9000,00000000
APPLICATIONS,,"CORN - APPLICATIONS, MEASURED IN NUMBER, AVG",19,ALL PRODUCTION PRACTICES,,,"CHEMICAL, INSECTICIDE: (CYFLUTHRIN = 128831)",IOWA,SURVEY,,,,ALL UTILIZATION PRACTICES,ALL CLASSES,2014-05-14 15:12:54.000,UNITED STATES,,IOWA,1,"NUMBER, AVG",,2014,19,ENVIRONMENTAL,00,,YEAR,IA,,CORN,STATE,FIELD CROPS,00,,ANNUAL,"CHEMICAL, INSECTICIDE",9000,00000000
APPLICATIONS,,"CORN - APPLICATIONS, MEASURED IN NUMBER, AVG",19,ALL PRODUCTION PRACTICES,,,"CHEMICAL, INSECTICIDE: (CYFLUTHRIN = 128831)",IOWA,SURVEY,,,,ALL UTILIZATION PRACTICES,ALL CLASSES,2012-01-01 00:00:00.000,UNITED STATES,,IOWA,1,"NUMBER, AVG",,2010,19,ENVIRONMENTAL,00,,YEAR,IA,,CORN,STATE,FIELD CROPS,00,,ANNUAL,"CHEMICAL, INSECTICIDE",9000,00000000
APPLICATIONS,,"CORN - APPLICATIONS, MEASURED IN NUMBER, AVG",19,ALL PRODUCTION PRACTICES,,,"CHEMICAL, INSECTICIDE: (CYFLUTHRIN = 128831)",IOWA,SURVEY,,,,ALL UTILIZATION PRACTICES,ALL CLASSES,2005-06-11 10:11:36.000,UNITED STATES,,IOWA,1,"NUMBER, AVG",,2005,19,ENVIRONMENTAL,00,,YEAR,IA,,CORN,STATE,FIELD CROPS,00,,ANNUAL,"CHEMICAL, INSECTICIDE",9000,00000000
APPLICATIONS,,"CORN - APPLICATIONS, MEASURED IN NUMBER, AVG",19,ALL PRODUCTION PRACTICES,,,"CHEMICAL, INSECTICIDE: (CYFLUTHRIN = 128831)",IOWA,SURVEY,,,,ALL UTILIZATION PRACTICES,ALL CLASSES,2003-06-11 10:11:36.000,UNITED STATES,,IOWA,1,"NUMBER, AVG",,2003,19,ENVIRONMENTAL,00,,YEAR,IA,,CORN,STATE,FIELD CROPS,00,,ANNUAL,"CHEMICAL, INSECTICIDE",9000,00000000
APPLICATIONS,,"CORN - APPLICATIONS, MEASURED IN NUMBER, AVG",19,ALL PRODUCTION PRACTICES,,,"CHEMICAL, INSECTICIDE: (CYFLUTHRIN = 128831)",IOWA,SURVEY,,,,ALL UTILIZATION PRACTICES,ALL CLASSES,2000-06-11 10:11:36.000,UNITED STATES,,IOWA,1,"NUMBER, AVG",,2000,19,ENVIRONMENTAL,00,,YEAR,IA,,CORN,STATE,FIELD CROPS,00,,ANNUAL,"CHEMICAL, INSECTICIDE",9000,00000000
APPLICATIONS,,"CORN - APPLICATIONS, MEASURED IN NUMBER, AVG",19,ALL PRODUCTION PRACTICES,,,"CHEMICAL, INSECTICIDE: (ESFENVALERATE = 109303)",IOWA,SURVEY,,,,ALL UTILIZATION PRACTICES,ALL CLASSES,2014-05-14 15:12:54.000,UNITED STATES,,IOWA,                 (D),"NUMBER, AVG",,2014,19,ENVIRONMENTAL,00,,YEAR,IA,,CORN,STATE,FIELD CROPS,00,,ANNUAL,"CHEMICAL, INSECTICIDE",9000,00000000
APPLICATIONS,,"CORN - APPLICATIONS, MEASURED IN NUMBER, AVG",19,ALL PRODUCTION PRACTICES,,,"CHEMICAL, INSECTICIDE: (GAMMA-CYHALOTHRIN = 128807)",IOWA,SURVEY,,,,ALL UTILIZATION PRACTICES,ALL CLASSES,2016-08-31 14:19:39.000,UNITED STATES,,IOWA,                 (D),"NUMBER, AVG",,2016,19,ENVIRONMENTAL,00,,YEAR,IA,,CORN,STATE,FIELD CROPS,00,,ANNUAL,"CHEMICAL, INSECTICIDE",9000,00000000
APPLICATIONS,,"CORN - APPLICATIONS, MEASURED IN NUMBER, AVG",19,ALL PRODUCTION PRACTICES,,,"CHEMICAL, INSECTICIDE: (GAMMA-CYHALOTHRIN = 128807)",IOWA,SURVEY,,,,ALL UTILIZATION PRACTICES,ALL CLASSES,2014-05-14 15:12:54.000,UNITED STATES,,IOWA,                 (D),"NUMBER, AVG",,2014,19,ENVIRONMENTAL,00,,YEAR,IA,,CORN,STATE,FIELD CROPS,00,,ANNUAL,"CHEMICAL, INSECTICIDE",9000,00000000
APPLICATIONS,,"CORN - APPLICATIONS, MEASURED IN NUMBER, AVG",19,ALL PRODUCTION PRACTICES,,,"CHEMICAL, INSECTICIDE: (GAMMA-CYHALOTHRIN = 128807)",IOWA,SURVEY,,,,ALL UTILIZATION PRACTICES,ALL CLASSES,2012-01-01 00:00:00.000,UNITED STATES,,IOWA,                 (D),"NUMBER, AVG",,2010,19,ENVIRONMENTAL,00,,YEAR,IA,,CORN,STATE,FIELD CROPS,00,,ANNUAL,"CHEMICAL, INSECTICIDE",9000,00000000
APPLICATIONS,,"CORN - APPLICATIONS, MEASURED IN NUMBER, AVG",19,ALL PRODUCTION PRACTICES,,,"CHEMICAL, INSECTICIDE: (LAMBDA-CYHALOTHRIN = 128897)",IOWA,SURVEY,,,,ALL UTILIZATION PRACTICES,ALL CLASSES,2021-05-13 15:00:30.000,UNITED STATES,,IOWA,                 (D),"NUMBER, AVG",,2021,19,ENVIRONMENTAL,00,,YEAR,IA,,CORN,STATE,FIELD CROPS,00,,ANNUAL,"CHEMICAL, INSECTICIDE",9000,00000000
APPLICATIONS,,"CORN - APPLICATIONS, MEASURED IN NUMBER, AVG",19,ALL PRODUCTION PRACTICES,,,"CHEMICAL, INSECTICIDE: (LAMBDA-CYHALOTHRIN = 128897)",IOWA,SURVEY,,,,ALL UTILIZATION PRACTICES,ALL CLASSES,2018-05-10 15:16:25.000,UNITED STATES,,IOWA,1,"NUMBER, AVG",,2018,19,ENVIRONMENTAL,00,,YEAR,IA,,CORN,STATE,FIELD CROPS,00,,ANNUAL,"CHEMICAL, INSECTICIDE",9000,00000000
APPLICATIONS,,"CORN - APPLICATIONS, MEASURED IN NUMBER, AVG",19,ALL PRODUCTION PRACTICES,,,"CHEMICAL, INSECTICIDE: (LAMBDA-CYHALOTHRIN = 128897)",IOWA,SURVEY,,,,ALL UTILIZATION PRACTICES,ALL CLASSES,2016-08-31 14:19:39.000,UNITED STATES,,IOWA,                 (D),"NUMBER, AVG",,2016,19,ENVIRONMENTAL,00,,YEAR,IA,,CORN,STATE,FIELD CROPS,00,,ANNUAL,"CHEMICAL, INSECTICIDE",9000,00000000
APPLICATIONS,,"CORN - APPLICATIONS, MEASURED IN NUMBER, AVG",19,ALL PRODUCTION PRACTICES,,,"CHEMICAL, INSECTICIDE: (LAMBDA-CYHALOTHRIN = 128897)",IOWA,SURVEY,,,,ALL UTILIZATION PRACTICES,ALL CLASSES,2014-05-14 15:12:54.000,UNITED STATES,,IOWA,                 (D),"NUMBER, AVG",,2014,19,ENVIRONMENTAL,00,,YEAR,IA,,CORN,STATE,FIELD CROPS,00,,ANNUAL,"CHEMICAL, INSECTICIDE",9000,00000000
APPLICATIONS,,"CORN - APPLICATIONS, MEASURED IN NUMBER, AVG",19,ALL PRODUCTION PRACTICES,,,"CHEMICAL, INSECTICIDE: (LAMBDA-CYHALOTHRIN = 128897)",IOWA,SURVEY,,,,ALL UTILIZATION PRACTICES,ALL CLASSES,2012-01-01 00:00:00.000,UNITED STATES,,IOWA,                 (D),"NUMBER, AVG",,2010,19,ENVIRONMENTAL,00,,YEAR,IA,,CORN,STATE,FIELD CROPS,00,,ANNUAL,"CHEMICAL, INSECTICIDE",9000,00000000
APPLICATIONS,,"CORN - APPLICATIONS, MEASURED IN NUMBER, AVG",19,ALL PRODUCTION PRACTICES,,,"CHEMICAL, INSECTICIDE: (PERMETHRIN = 109701)",IOWA,SURVEY,,,,ALL UTILIZATION PRACTICES,ALL CLASSES,2016-08-31 14:19:39.000,UNITED STATES,,IOWA,                 (D),"NUMBER, AVG",,2016,19,ENVIRONMENTAL,00,,YEAR,IA,,CORN,STATE,FIELD CROPS,00,,ANNUAL,"CHEMICAL, INSECTICIDE",9000,00000000
APPLICATIONS,,"CORN - APPLICATIONS, MEASURED IN NUMBER, AVG",19,ALL PRODUCTION PRACTICES,,,"CHEMICAL, INSECTICIDE: (PERMETHRIN = 109701)",IOWA,SURVEY,,,,ALL UTILIZATION PRACTICES,ALL CLASSES,2014-05-14 15:12:54.000,UNITED STATES,,IOWA,                 (D),"NUMBER, AVG",,2014,19,ENVIRONMENTAL,00,,YEAR,IA,,CORN,STATE,FIELD CROPS,00,,ANNUAL,"CHEMICAL, INSECTICIDE",9000,00000000
APPLICATIONS,,"CORN - APPLICATIONS, MEASURED IN NUMBER, AVG",19,ALL PRODUCTION PRACTICES,,,"CHEMICAL, INSECTICIDE: (PERMETHRIN = 109701)",IOWA,SURVEY,,,,ALL UTILIZATION PRACTICES,ALL CLASSES,2000-06-11 10:11:36.000,UNITED STATES,,IOWA,1,"NUMBER, AVG",,2000,19,ENVIRONMENTAL,00,,YEAR,IA,,CORN,STATE,FIELD CROPS,00,,ANNUAL,"CHEMICAL, INSECTICIDE",9000,00000000
APPLICATIONS,,"CORN - APPLICATIONS, MEASURED IN NUMBER, AVG",19,ALL PRODUCTION PRACTICES,,,"CHEMICAL, INSECTICIDE: (SPINETORAM = 110007)",IOWA,SURVEY,,,,ALL UTILIZATION PRACTICES,ALL CLASSES,2018-05-10 15:16:25.000,UNITED STATES,,IOWA,                 (D),"NUMBER, AVG",,2018,19,ENVIRONMENTAL,00,,YEAR,IA,,CORN,STATE,FIELD CROPS,00,,ANNUAL,"CHEMICAL, INSECTICIDE",9000,00000000
APPLICATIONS,,"CORN - APPLICATIONS, MEASURED IN NUMBER, AVG",19,ALL PRODUCTION PRACTICES,,,"CHEMICAL, INSECTICIDE: (SPINOSAD = 110003)",IOWA,SURVEY,,,,ALL UTILIZATION PRACTICES,ALL CLASSES,2014-05-14 15:12:54.000,UNITED STATES,,IOWA,                 (D),"NUMBER, AVG",,2014,19,ENVIRONMENTAL,00,,YEAR,IA,,CORN,STATE,FIELD CROPS,00,,ANNUAL,"CHEMICAL, INSECTICIDE",9000,00000000
APPLICATIONS,,"CORN - APPLICATIONS, MEASURED IN NUMBER, AVG",19,ALL PRODUCTION PRACTICES,,,"CHEMICAL, INSECTICIDE: (TEBUPIRIMPHOS = 129086)",IOWA,SURVEY,,,,ALL UTILIZATION PRACTICES,ALL CLASSES,2021-05-13 15:00:30.000,UNITED STATES,,IOWA,                 (D),"NUMBER, AVG",,2021,19,ENVIRONMENTAL,00,,YEAR,IA,,CORN,STATE,FIELD CROPS,00,,ANNUAL,"CHEMICAL, INSECTICIDE",9000,00000000
APPLICATIONS,,"CORN - APPLICATIONS, MEASURED IN NUMBER, AVG",19,ALL PRODUCTION PRACTICES,,,"CHEMICAL, INSECTICIDE: (TEBUPIRIMPHOS = 129086)",IOWA,SURVEY,,,,ALL UTILIZATION PRACTICES,ALL CLASSES,2018-05-10 15:16:25.000,UNITED STATES,,IOWA,                 (D),"NUMBER, AVG",,2018,19,ENVIRONMENTAL,00,,YEAR,IA,,CORN,STATE,FIELD CROPS,00,,ANNUAL,"CHEMICAL, INSECTICIDE",9000,00000000
APPLICATIONS,,"CORN - APPLICATIONS, MEASURED IN NUMBER, AVG",19,ALL PRODUCTION PRACTICES,,,"CHEMICAL, INSECTICIDE: (TEBUPIRIMPHOS = 129086)",IOWA,SURVEY,,,,ALL UTILIZATION PRACTICES,ALL CLASSES,2016-08-31 14:19:39.000,UNITED STATES,,IOWA,1,"NUMBER, AVG",,2016,19,ENVIRONMENTAL,00,,YEAR,IA,,CORN,STATE,FIELD CROPS,00,,ANNUAL,"CHEMICAL, INSECTICIDE",9000,00000000
APPLICATIONS,,"CORN - APPLICATIONS, MEASURED IN NUMBER, AVG",19,ALL PRODUCTION PRACTICES,,,"CHEMICAL, INSECTICIDE: (TEBUPIRIMPHOS = 129086)",IOWA,SURVEY,,,,ALL UTILIZATION PRACTICES,ALL CLASSES,2014-05-14 15:12:54.000,UNITED STATES,,IOWA,1,"NUMBER, AVG",,2014,19,ENVIRONMENTAL,00,,YEAR,IA,,CORN,STATE,FIELD CROPS,00,,ANNUAL,"CHEMICAL, INSECTICIDE",9000,00000000
APPLICATIONS,,"CORN - APPLICATIONS, MEASURED IN NUMBER, AVG",19,ALL PRODUCTION PRACTICES,,,"CHEMICAL, INSECTICIDE: (TEBUPIRIMPHOS = 129086)",IOWA,SURVEY,,,,ALL UTILIZATION PRACTICES,ALL CLASSES,2012-01-01 00:00:00.000,UNITED STATES,,IOWA,1,"NUMBER, AVG",,2010,19,ENVIRONMENTAL,00,,YEAR,IA,,CORN,STATE,FIELD CROPS,00,,ANNUAL,"CHEMICAL, INSECTICIDE",9000,00000000
APPLICATIONS,,"CORN - APPLICATIONS, MEASURED IN NUMBER, AVG",19,ALL PRODUCTION PRACTICES,,,"CHEMICAL, INSECTICIDE: (TEBUPIRIMPHOS = 129086)",IOWA,SURVEY,,,,ALL UTILIZATION PRACTICES,ALL CLASSES,2005-06-11 10:11:36.000,UNITED STATES,,IOWA,1,"NUMBER, AVG",,2005,19,ENVIRONMENTAL,00,,YEAR,IA,,CORN,STATE,FIELD CROPS,00,,ANNUAL,"CHEMICAL, INSECTICIDE",9000,00000000
APPLICATIONS,,"CORN - APPLICATIONS, MEASURED IN NUMBER, AVG",19,ALL PRODUCTION PRACTICES,,,"CHEMICAL, INSECTICIDE: (TEBUPIRIMPHOS = 129086)",IOWA,SURVEY,,,,ALL UTILIZATION PRACTICES,ALL CLASSES,2003-06-11 10:11:36.000,UNITED STATES,,IOWA,1,"NUMBER, AVG",,2003,19,ENVIRONMENTAL,00,,YEAR,IA,,CORN,STATE,FIELD CROPS,00,,ANNUAL,"CHEMICAL, INSECTICIDE",9000,00000000
APPLICATIONS,,"CORN - APPLICATIONS, MEASURED IN NUMBER, AVG",19,ALL PRODUCTION PRACTICES,,,"CHEMICAL, INSECTICIDE: (TEBUPIRIMPHOS = 129086)",IOWA,SURVEY,,,,ALL UTILIZATION PRACTICES,ALL CLASSES,2000-06-11 10:11:36.000,UNITED STATES,,IOWA,1,"NUMBER, AVG",,2000,19,ENVIRONMENTAL,00,,YEAR,IA,,CORN,STATE,FIELD CROPS,00,,ANNUAL,"CHEMICAL, INSECTICIDE",9000,00000000
APPLICATIONS,,"CORN - APPLICATIONS, MEASURED IN NUMBER, AVG",19,ALL PRODUCTION PRACTICES,,,"CHEMICAL, INSECTICIDE: (TEFLUTHRIN = 128912)",IOWA,SURVEY,,,,ALL UTILIZATION PRACTICES,ALL CLASSES,2018-05-10 15:16:25.000,UNITED STATES,,IOWA,                 (D),"NUMBER, AVG",,2018,19,ENVIRONMENTAL,00,,YEAR,IA,,CORN,STATE,FIELD CROPS,00,,ANNUAL,"CHEMICAL, INSECTICIDE",9000,00000000
APPLICATIONS,,"CORN - APPLICATIONS, MEASURED IN NUMBER, AVG",19,ALL PRODUCTION PRACTICES,,,"CHEMICAL, INSECTICIDE: (TEFLUTHRIN = 128912)",IOWA,SURVEY,,,,ALL UTILIZATION PRACTICES,ALL CLASSES,2016-08-31 14:19:39.000,UNITED STATES,,IOWA,                 (D),"NUMBER, AVG",,2016,19,ENVIRONMENTAL,00,,YEAR,IA,,CORN,STATE,FIELD CROPS,00,,ANNUAL,"CHEMICAL, INSECTICIDE",9000,00000000
APPLICATIONS,,"CORN - APPLICATIONS, MEASURED IN NUMBER, AVG",19,ALL PRODUCTION PRACTICES,,,"CHEMICAL, INSECTICIDE: (TEFLUTHRIN = 128912)",IOWA,SURVEY,,,,ALL UTILIZATION PRACTICES,ALL CLASSES,2014-05-14 15:12:54.000,UNITED STATES,,IOWA,                 (D),"NUMBER, AVG",,2014,19,ENVIRONMENTAL,00,,YEAR,IA,,CORN,STATE,FIELD CROPS,00,,ANNUAL,"CHEMICAL, INSECTICIDE",9000,00000000
APPLICATIONS,,"CORN - APPLICATIONS, MEASURED IN NUMBER, AVG",19,ALL PRODUCTION PRACTICES,,,"CHEMICAL, INSECTICIDE: (TEFLUTHRIN = 128912)",IOWA,SURVEY,,,,ALL UTILIZATION PRACTICES,ALL CLASSES,2005-06-11 10:11:36.000,UNITED STATES,,IOWA,1,"NUMBER, AVG",,2005,19,ENVIRONMENTAL,00,,YEAR,IA,,CORN,STATE,FIELD CROPS,00,,ANNUAL,"CHEMICAL, INSECTICIDE",9000,00000000
APPLICATIONS,,"CORN - APPLICATIONS, MEASURED IN NUMBER, AVG",19,ALL PRODUCTION PRACTICES,,,"CHEMICAL, INSECTICIDE: (TEFLUTHRIN = 128912)",IOWA,SURVEY,,,,ALL UTILIZATION PRACTICES,ALL CLASSES,2002-06-11 10:11:36.000,UNITED STATES,,IOWA,1,"NUMBER, AVG",,2002,19,ENVIRONMENTAL,00,,YEAR,IA,,CORN,STATE,FIELD CROPS,00,,ANNUAL,"CHEMICAL, INSECTICIDE",9000,00000000
APPLICATIONS,,"CORN - APPLICATIONS, MEASURED IN NUMBER, AVG",19,ALL PRODUCTION PRACTICES,,,"CHEMICAL, INSECTICIDE: (TERBUFOS = 105001)",IOWA,SURVEY,,,,ALL UTILIZATION PRACTICES,ALL CLASSES,2016-08-31 14:19:39.000,UNITED STATES,,IOWA,                 (D),"NUMBER, AVG",,2016,19,ENVIRONMENTAL,00,,YEAR,IA,,CORN,STATE,FIELD CROPS,00,,ANNUAL,"CHEMICAL, INSECTICIDE",9000,00000000
APPLICATIONS,,"CORN - APPLICATIONS, MEASURED IN NUMBER, AVG",19,ALL PRODUCTION PRACTICES,,,"CHEMICAL, INSECTICIDE: (TERBUFOS = 105001)",IOWA,SURVEY,,,,ALL UTILIZATION PRACTICES,ALL CLASSES,2012-01-01 00:00:00.000,UNITED STATES,,IOWA,                 (D),"NUMBER, AVG",,2010,19,ENVIRONMENTAL,00,,YEAR,IA,,CORN,STATE,FIELD CROPS,00,,ANNUAL,"CHEMICAL, INSECTICIDE",9000,00000000
APPLICATIONS,,"CORN - APPLICATIONS, MEASURED IN NUMBER, AVG",19,ALL PRODUCTION PRACTICES,,,"CHEMICAL, INSECTICIDE: (ZETA-CYPERMETHRIN = 129064)",IOWA,SURVEY,,,,ALL UTILIZATION PRACTICES,ALL CLASSES,2018-05-10 15:16:25.000,UNITED STATES,,IOWA,                 (D),"NUMBER, AVG",,2018,19,ENVIRONMENTAL,00,,YEAR,IA,,CORN,STATE,FIELD CROPS,00,,ANNUAL,"CHEMICAL, INSECTICIDE",9000,00000000
APPLICATIONS,,"CORN - APPLICATIONS, MEASURED IN NUMBER, AVG",19,ALL PRODUCTION PRACTICES,,,"CHEMICAL, INSECTICIDE: (ZETA-CYPERMETHRIN = 129064)",IOWA,SURVEY,,,,ALL UTILIZATION PRACTICES,ALL CLASSES,2016-08-31 14:19:39.000,UNITED STATES,,IOWA,                 (D),"NUMBER, AVG",,2016,19,ENVIRONMENTAL,00,,YEAR,IA,,CORN,STATE,FIELD CROPS,00,,ANNUAL,"CHEMICAL, INSECTICIDE",9000,00000000
APPLICATIONS,,"CORN - APPLICATIONS, MEASURED IN NUMBER, AVG",19,ALL PRODUCTION PRACTICES,,,"CHEMICAL, OTHER: (CLOPYRALID POTASSIUM = 117423)",IOWA,SURVEY,,,,ALL UTILIZATION PRACTICES,ALL CLASSES,2016-08-31 14:19:39.000,UNITED STATES,,IOWA,                 (D),"NUMBER, AVG",,2016,19,ENVIRONMENTAL,00,,YEAR,IA,,CORN,STATE,FIELD CROPS,00,,ANNUAL,"CHEMICAL, OTHER",9000,00000000
APPLICATIONS,,"CORN - APPLICATIONS, MEASURED IN NUMBER, AVG",19,ALL PRODUCTION PRACTICES,,,"CHEMICAL, OTHER: (FLUTRIAFOL = 128940)",IOWA,SURVEY,,,,ALL UTILIZATION PRACTICES,ALL CLASSES,2018-05-10 15:16:25.000,UNITED STATES,,IOWA,                 (D),"NUMBER, AVG",,2018,19,ENVIRONMENTAL,00,,YEAR,IA,,CORN,STATE,FIELD CROPS,00,,ANNUAL,"CHEMICAL, OTHER",9000,00000000
APPLICATIONS,,"CORN - APPLICATIONS, MEASURED IN NUMBER, AVG",19,ALL PRODUCTION PRACTICES,,,"CHEMICAL, OTHER: (FLUTRIAFOL = 128940)",IOWA,SURVEY,,,,ALL UTILIZATION PRACTICES,ALL CLASSES,2014-05-14 15:12:54.000,UNITED STATES,,IOWA,                 (D),"NUMBER, AVG",,2014,19,ENVIRONMENTAL,00,,YEAR,IA,,CORN,STATE,FIELD CROPS,00,,ANNUAL,"CHEMICAL, OTHER",9000,00000000
APPLICATIONS,,"CORN - APPLICATIONS, MEASURED IN NUMBER, AVG",19,ALL PRODUCTION PRACTICES,,,FERTILIZER: (NITROGEN),IOWA,SURVEY,,,,ALL UTILIZATION PRACTICES,ALL CLASSES,2021-05-13 15:00:30.000,UNITED STATES,,IOWA,1.6,"NUMBER, AVG",,2021,19,ENVIRONMENTAL,00,,YEAR,IA,,CORN,STATE,FIELD CROPS,00,,ANNUAL,FERTILIZER,9000,00000000
APPLICATIONS,,"CORN - APPLICATIONS, MEASURED IN NUMBER, AVG",19,ALL PRODUCTION PRACTICES,,,FERTILIZER: (NITROGEN),IOWA,SURVEY,,,,ALL UTILIZATION PRACTICES,ALL CLASSES,2018-05-10 15:16:25.000,UNITED STATES,,IOWA,1.8,"NUMBER, AVG",,2018,19,ENVIRONMENTAL,00,,YEAR,IA,,CORN,STATE,FIELD CROPS,00,,ANNUAL,FERTILIZER,9000,00000000
APPLICATIONS,,"CORN - APPLICATIONS, MEASURED IN NUMBER, AVG",19,ALL PRODUCTION PRACTICES,,,FERTILIZER: (NITROGEN),IOWA,SURVEY,,,,ALL UTILIZATION PRACTICES,ALL CLASSES,2016-08-31 14:19:39.000,UNITED STATES,,IOWA,1.7,"NUMBER, AVG",,2016,19,ENVIRONMENTAL,00,,YEAR,IA,,CORN,STATE,FIELD CROPS,00,,ANNUAL,FERTILIZER,9000,00000000
APPLICATIONS,,"CORN - APPLICATIONS, MEASURED IN NUMBER, AVG",19,ALL PRODUCTION PRACTICES,,,FERTILIZER: (NITROGEN),IOWA,SURVEY,,,,ALL UTILIZATION PRACTICES,ALL CLASSES,2014-05-14 15:12:54.000,UNITED STATES,,IOWA,1.7,"NUMBER, AVG",,2014,19,ENVIRONMENTAL,00,,YEAR,IA,,CORN,STATE,FIELD CROPS,00,,ANNUAL,FERTILIZER,9000,00000000
APPLICATIONS,,"CORN - APPLICATIONS, MEASURED IN NUMBER, AVG",19,ALL PRODUCTION PRACTICES,,,FERTILIZER: (NITROGEN),IOWA,SURVEY,,,,ALL UTILIZATION PRACTICES,ALL CLASSES,2012-01-01 00:00:00.000,UNITED STATES,,IOWA,1.7,"NUMBER, AVG",,2010,19,ENVIRONMENTAL,00,,YEAR,IA,,CORN,STATE,FIELD CROPS,00,,ANNUAL,FERTILIZER,9000,00000000
APPLICATIONS,,"CORN - APPLICATIONS, MEASURED IN NUMBER, AVG",19,ALL PRODUCTION PRACTICES,,,FERTILIZER: (NITROGEN),IOWA,SURVEY,,,,ALL UTILIZATION PRACTICES,ALL CLASSES,2005-06-11 10:11:36.000,UNITED STATES,,IOWA,1.4,"NUMBER, AVG",,2005,19,ENVIRONMENTAL,00,,YEAR,IA,,CORN,STATE,FIELD CROPS,00,,ANNUAL,FERTILIZER,9000,00000000
APPLICATIONS,,"CORN - APPLICATIONS, MEASURED IN NUMBER, AVG",19,ALL PRODUCTION PRACTICES,,,FERTILIZER: (NITROGEN),IOWA,SURVEY,,,,ALL UTILIZATION PRACTICES,ALL CLASSES,2003-06-11 10:11:36.000,UNITED STATES,,IOWA,1.4,"NUMBER, AVG",,2003,19,ENVIRONMENTAL,00,,YEAR,IA,,CORN,STATE,FIELD CROPS,00,,ANNUAL,FERTILIZER,9000,00000000
APPLICATIONS,,"CORN - APPLICATIONS, MEASURED IN NUMBER, AVG",19,ALL PRODUCTION PRACTICES,,,FERTILIZER: (NITROGEN),IOWA,SURVEY,,,,ALL UTILIZATION PRACTICES,ALL CLASSES,2002-06-11 10:11:36.000,UNITED STATES,,IOWA,1.3,"NUMBER, AVG",,2002,19,ENVIRONMENTAL,00,,YEAR,IA,,CORN,STATE,FIELD CROPS,00,,ANNUAL,FERTILIZER,9000,00000000
APPLICATIONS,,"CORN - APPLICATIONS, MEASURED IN NUMBER, AVG",19,ALL PRODUCTION PRACTICES,,,FERTILIZER: (NITROGEN),IOWA,SURVEY,,,,ALL UTILIZATION PRACTICES,ALL CLASSES,2001-06-11 10:11:36.000,UNITED STATES,,IOWA,1.5,"NUMBER, AVG",,2001,19,ENVIRONMENTAL,00,,YEAR,IA,,CORN,STATE,FIELD CROPS,00,,ANNUAL,FERTILIZER,9000,00000000
APPLICATIONS,,"CORN - APPLICATIONS, MEASURED IN NUMBER, AVG",19,ALL PRODUCTION PRACTICES,,,FERTILIZER: (NITROGEN),IOWA,SURVEY,,,,ALL UTILIZATION PRACTICES,ALL CLASSES,2000-06-11 10:11:36.000,UNITED STATES,,IOWA,1.5,"NUMBER, AVG",,2000,19,ENVIRONMENTAL,00,,YEAR,IA,,CORN,STATE,FIELD CROPS,00,,ANNUAL,FERTILIZER,9000,00000000
APPLICATIONS,,"CORN - APPLICATIONS, MEASURED IN NUMBER, AVG",19,ALL PRODUCTION PRACTICES,,,FERTILIZER: (PHOSPHATE),IOWA,SURVEY,,,,ALL UTILIZATION PRACTICES,ALL CLASSES,2021-05-13 15:00:30.000,UNITED STATES,,IOWA,1,"NUMBER, AVG",,2021,19,ENVIRONMENTAL,00,,YEAR,IA,,CORN,STATE,FIELD CROPS,00,,ANNUAL,FERTILIZER,9000,00000000
APPLICATIONS,,"CORN - APPLICATIONS, MEASURED IN NUMBER, AVG",19,ALL PRODUCTION PRACTICES,,,FERTILIZER: (PHOSPHATE),IOWA,SURVEY,,,,ALL UTILIZATION PRACTICES,ALL CLASSES,2018-05-10 15:16:25.000,UNITED STATES,,IOWA,1.1,"NUMBER, AVG",,2018,19,ENVIRONMENTAL,00,,YEAR,IA,,CORN,STATE,FIELD CROPS,00,,ANNUAL,FERTILIZER,9000,00000000
APPLICATIONS,,"CORN - APPLICATIONS, MEASURED IN NUMBER, AVG",19,ALL PRODUCTION PRACTICES,,,FERTILIZER: (PHOSPHATE),IOWA,SURVEY,,,,ALL UTILIZATION PRACTICES,ALL CLASSES,2016-08-31 14:19:39.000,UNITED STATES,,IOWA,1,"NUMBER, AVG",,2016,19,ENVIRONMENTAL,00,,YEAR,IA,,CORN,STATE,FIELD CROPS,00,,ANNUAL,FERTILIZER,9000,00000000
APPLICATIONS,,"CORN - APPLICATIONS, MEASURED IN NUMBER, AVG",19,ALL PRODUCTION PRACTICES,,,FERTILIZER: (PHOSPHATE),IOWA,SURVEY,,,,ALL UTILIZATION PRACTICES,ALL CLASSES,2014-05-14 15:12:54.000,UNITED STATES,,IOWA,1.1,"NUMBER, AVG",,2014,19,ENVIRONMENTAL,00,,YEAR,IA,,CORN,STATE,FIELD CROPS,00,,ANNUAL,FERTILIZER,9000,00000000
APPLICATIONS,,"CORN - APPLICATIONS, MEASURED IN NUMBER, AVG",19,ALL PRODUCTION PRACTICES,,,FERTILIZER: (PHOSPHATE),IOWA,SURVEY,,,,ALL UTILIZATION PRACTICES,ALL CLASSES,2012-01-01 00:00:00.000,UNITED STATES,,IOWA,1,"NUMBER, AVG",,2010,19,ENVIRONMENTAL,00,,YEAR,IA,,CORN,STATE,FIELD CROPS,00,,ANNUAL,FERTILIZER,9000,00000000
APPLICATIONS,,"CORN - APPLICATIONS, MEASURED IN NUMBER, AVG",19,ALL PRODUCTION PRACTICES,,,FERTILIZER: (PHOSPHATE),IOWA,SURVEY,,,,ALL UTILIZATION PRACTICES,ALL CLASSES,2005-06-11 10:11:36.000,UNITED STATES,,IOWA,1.1,"NUMBER, AVG",,2005,19,ENVIRONMENTAL,00,,YEAR,IA,,CORN,STATE,FIELD CROPS,00,,ANNUAL,FERTILIZER,9000,00000000
APPLICATIONS,,"CORN - APPLICATIONS, MEASURED IN NUMBER, AVG",19,ALL PRODUCTION PRACTICES,,,FERTILIZER: (PHOSPHATE),IOWA,SURVEY,,,,ALL UTILIZATION PRACTICES,ALL CLASSES,2003-06-11 10:11:36.000,UNITED STATES,,IOWA,1,"NUMBER, AVG",,2003,19,ENVIRONMENTAL,00,,YEAR,IA,,CORN,STATE,FIELD CROPS,00,,ANNUAL,FERTILIZER,9000,00000000
APPLICATIONS,,"CORN - APPLICATIONS, MEASURED IN NUMBER, AVG",19,ALL PRODUCTION PRACTICES,,,FERTILIZER: (PHOSPHATE),IOWA,SURVEY,,,,ALL UTILIZATION PRACTICES,ALL CLASSES,2002-06-11 10:11:36.000,UNITED STATES,,IOWA,1,"NUMBER, AVG",,2002,19,ENVIRONMENTAL,00,,YEAR,IA,,CORN,STATE,FIELD CROPS,00,,ANNUAL,FERTILIZER,9000,00000000
APPLICATIONS,,"CORN - APPLICATIONS, MEASURED IN NUMBER, AVG",19,ALL PRODUCTION PRACTICES,,,FERTILIZER: (PHOSPHATE),IOWA,SURVEY,,,,ALL UTILIZATION PRACTICES,ALL CLASSES,2001-06-11 10:11:36.000,UNITED STATES,,IOWA,1,"NUMBER, AVG",,2001,19,ENVIRONMENTAL,00,,YEAR,IA,,CORN,STATE,FIELD CROPS,00,,ANNUAL,FERTILIZER,9000,00000000
APPLICATIONS,,"CORN - APPLICATIONS, MEASURED IN NUMBER, AVG",19,ALL PRODUCTION PRACTICES,,,FERTILIZER: (PHOSPHATE),IOWA,SURVEY,,,,ALL UTILIZATION PRACTICES,ALL CLASSES,2000-06-11 10:11:36.000,UNITED STATES,,IOWA,1,"NUMBER, AVG",,2000,19,ENVIRONMENTAL,00,,YEAR,IA,,CORN,STATE,FIELD CROPS,00,,ANNUAL,FERTILIZER,9000,00000000
APPLICATIONS,,"CORN - APPLICATIONS, MEASURED IN NUMBER, AVG",19,ALL PRODUCTION PRACTICES,,,FERTILIZER: (POTASH),IOWA,SURVEY,,,,ALL UTILIZATION PRACTICES,ALL CLASSES,2021-05-13 15:00:30.000,UNITED STATES,,IOWA,1.1,"NUMBER, AVG",,2021,19,ENVIRONMENTAL,00,,YEAR,IA,,CORN,STATE,FIELD CROPS,00,,ANNUAL,FERTILIZER,9000,00000000
APPLICATIONS,,"CORN - APPLICATIONS, MEASURED IN NUMBER, AVG",19,ALL PRODUCTION PRACTICES,,,FERTILIZER: (POTASH),IOWA,SURVEY,,,,ALL UTILIZATION PRACTICES,ALL CLASSES,2018-05-10 15:16:25.000,UNITED STATES,,IOWA,1.1,"NUMBER, AVG",,2018,19,ENVIRONMENTAL,00,,YEAR,IA,,CORN,STATE,FIELD CROPS,00,,ANNUAL,FERTILIZER,9000,00000000
APPLICATIONS,,"CORN - APPLICATIONS, MEASURED IN NUMBER, AVG",19,ALL PRODUCTION PRACTICES,,,FERTILIZER: (POTASH),IOWA,SURVEY,,,,ALL UTILIZATION PRACTICES,ALL CLASSES,2016-08-31 14:19:39.000,UNITED STATES,,IOWA,1.1,"NUMBER, AVG",,2016,19,ENVIRONMENTAL,00,,YEAR,IA,,CORN,STATE,FIELD CROPS,00,,ANNUAL,FERTILIZER,9000,00000000
APPLICATIONS,,"CORN - APPLICATIONS, MEASURED IN NUMBER, AVG",19,ALL PRODUCTION PRACTICES,,,FERTILIZER: (POTASH),IOWA,SURVEY,,,,ALL UTILIZATION PRACTICES,ALL CLASSES,2014-05-14 15:12:54.000,UNITED STATES,,IOWA,1,"NUMBER, AVG",,2014,19,ENVIRONMENTAL,00,,YEAR,IA,,CORN,STATE,FIELD CROPS,00,,ANNUAL,FERTILIZER,9000,00000000
APPLICATIONS,,"CORN - APPLICATIONS, MEASURED IN NUMBER, AVG",19,ALL PRODUCTION PRACTICES,,,FERTILIZER: (POTASH),IOWA,SURVEY,,,,ALL UTILIZATION PRACTICES,ALL CLASSES,2012-01-01 00:00:00.000,UNITED STATES,,IOWA,1,"NUMBER, AVG",,2010,19,ENVIRONMENTAL,00,,YEAR,IA,,CORN,STATE,FIELD CROPS,00,,ANNUAL,FERTILIZER,9000,00000000
APPLICATIONS,,"CORN - APPLICATIONS, MEASURED IN NUMBER, AVG",19,ALL PRODUCTION PRACTICES,,,FERTILIZER: (POTASH),IOWA,SURVEY,,,,ALL UTILIZATION PRACTICES,ALL CLASSES,2005-06-11 10:11:36.000,UNITED STATES,,IOWA,1,"NUMBER, AVG",,2005,19,ENVIRONMENTAL,00,,YEAR,IA,,CORN,STATE,FIELD CROPS,00,,ANNUAL,FERTILIZER,9000,00000000
APPLICATIONS,,"CORN - APPLICATIONS, MEASURED IN NUMBER, AVG",19,ALL PRODUCTION PRACTICES,,,FERTILIZER: (POTASH),IOWA,SURVEY,,,,ALL UTILIZATION PRACTICES,ALL CLASSES,2003-06-11 10:11:36.000,UNITED STATES,,IOWA,1,"NUMBER, AVG",,2003,19,ENVIRONMENTAL,00,,YEAR,IA,,CORN,STATE,FIELD CROPS,00,,ANNUAL,FERTILIZER,9000,00000000
APPLICATIONS,,"CORN - APPLICATIONS, MEASURED IN NUMBER, AVG",19,ALL PRODUCTION PRACTICES,,,FERTILIZER: (POTASH),IOWA,SURVEY,,,,ALL UTILIZATION PRACTICES,ALL CLASSES,2002-06-11 10:11:36.000,UNITED STATES,,IOWA,1,"NUMBER, AVG",,2002,19,ENVIRONMENTAL,00,,YEAR,IA,,CORN,STATE,FIELD CROPS,00,,ANNUAL,FERTILIZER,9000,00000000
APPLICATIONS,,"CORN - APPLICATIONS, MEASURED IN NUMBER, AVG",19,ALL PRODUCTION PRACTICES,,,FERTILIZER: (POTASH),IOWA,SURVEY,,,,ALL UTILIZATION PRACTICES,ALL CLASSES,2001-06-11 10:11:36.000,UNITED STATES,,IOWA,1,"NUMBER, AVG",,2001,19,ENVIRONMENTAL,00,,YEAR,IA,,CORN,STATE,FIELD CROPS,00,,ANNUAL,FERTILIZER,9000,00000000
APPLICATIONS,,"CORN - APPLICATIONS, MEASURED IN NUMBER, AVG",19,ALL PRODUCTION PRACTICES,,,FERTILIZER: (POTASH),IOWA,SURVEY,,,,ALL UTILIZATION PRACTICES,ALL CLASSES,2000-06-11 10:11:36.000,UNITED STATES,,IOWA,1,"NUMBER, AVG",,2000,19,ENVIRONMENTAL,00,,YEAR,IA,,CORN,STATE,FIELD CROPS,00,,ANNUAL,FERTILIZER,9000,00000000
APPLICATIONS,,"CORN - APPLICATIONS, MEASURED IN NUMBER, AVG",19,ALL PRODUCTION PRACTICES,,,FERTILIZER: (SULFUR),IOWA,SURVEY,,,,ALL UTILIZATION PRACTICES,ALL CLASSES,2021-05-13 15:00:30.000,UNITED STATES,,IOWA,1.1,"NUMBER, AVG",,2021,19,ENVIRONMENTAL,00,,YEAR,IA,,CORN,STATE,FIELD CROPS,00,,ANNUAL,FERTILIZER,9000,00000000
APPLICATIONS,,"CORN - APPLICATIONS, MEASURED IN NUMBER, AVG",19,ALL PRODUCTION PRACTICES,,,FERTILIZER: (SULFUR),IOWA,SURVEY,,,,ALL UTILIZATION PRACTICES,ALL CLASSES,2018-05-10 15:16:25.000,UNITED STATES,,IOWA,1.1,"NUMBER, AVG",,2018,19,ENVIRONMENTAL,00,,YEAR,IA,,CORN,STATE,FIELD CROPS,00,,ANNUAL,FERTILIZER,9000,00000000
APPLICATIONS,,"CORN - APPLICATIONS, MEASURED IN NUMBER, AVG",19,ALL PRODUCTION PRACTICES,,,FERTILIZER: (SULFUR),IOWA,SURVEY,,,,ALL UTILIZATION PRACTICES,ALL CLASSES,2016-08-31 14:19:39.000,UNITED STATES,,IOWA,1,"NUMBER, AVG",,2016,19,ENVIRONMENTAL,00,,YEAR,IA,,CORN,STATE,FIELD CROPS,00,,ANNUAL,FERTILIZER,9000,00000000
APPLICATIONS,,"CORN - APPLICATIONS, MEASURED IN NUMBER, AVG",19,ALL PRODUCTION PRACTICES,,,FERTILIZER: (SULFUR),IOWA,SURVEY,,,,ALL UTILIZATION PRACTICES,ALL CLASSES,2014-05-14 15:12:54.000,UNITED STATES,,IOWA,1,"NUMBER, AVG",,2014,19,ENVIRONMENTAL,00,,YEAR,IA,,CORN,STATE,FIELD CROPS,00,,ANNUAL,FERTILIZER,9000,00000000
APPLICATIONS,,"CORN - APPLICATIONS, MEASURED IN NUMBER, AVG",19,ALL PRODUCTION PRACTICES,,,FERTILIZER: (SULFUR),IOWA,SURVEY,,,,ALL UTILIZATION PRACTICES,ALL CLASSES,2012-01-01 00:00:00.000,UNITED STATES,,IOWA,1.1,"NUMBER, AVG",,2010,19,ENVIRONMENTAL,00,,YEAR,IA,,CORN,STATE,FIELD CROPS,00,,ANNUAL,FERTILIZER,9000,00000000
APPLICATIONS,,"CORN - APPLICATIONS, MEASURED IN NUMBER, AVG",19,ALL PRODUCTION PRACTICES,,,FERTILIZER: (SULFUR),IOWA,SURVEY,,,,ALL UTILIZATION PRACTICES,ALL CLASSES,2005-06-11 10:11:36.000,UNITED STATES,,IOWA,1,"NUMBER, AVG",,2005,19,ENVIRONMENTAL,00,,YEAR,IA,,CORN,STATE,FIELD CROPS,00,,ANNUAL,FERTILIZER,9000,00000000
APPLICATIONS,,"CORN, ORGANIC - APPLICATIONS, MEASURED IN LB",19,ORGANIC,,,FERTILIZER: (NITROGEN),IOWA,SURVEY,,,,ALL UTILIZATION PRACTICES,ALL CLASSES,2012-01-01 00:00:00.000,UNITED STATES,,IOWA,"100,000",LB,,2010,19,ENVIRONMENTAL,00,,YEAR,IA,,CORN,STATE,FIELD CROPS,00,,ANNUAL,FERTILIZER,9000,00000000
APPLICATIONS,,"CORN, ORGANIC - APPLICATIONS, MEASURED IN LB",19,ORGANIC,,,FERTILIZER: (PHOSPHATE),IOWA,SURVEY,,,,ALL UTILIZATION PRACTICES,ALL CLASSES,2012-01-01 00:00:00.000,UNITED STATES,,IOWA,"100,000",LB,,2010,19,ENVIRONMENTAL,00,,YEAR,IA,,CORN,STATE,FIELD CROPS,00,,ANNUAL,FERTILIZER,9000,00000000
APPLICATIONS,,"CORN, ORGANIC - APPLICATIONS, MEASURED IN LB",19,ORGANIC,,,FERTILIZER: (POTASH),IOWA,SURVEY,,,,ALL UTILIZATION PRACTICES,ALL CLASSES,2012-01-01 00:00:00.000,UNITED STATES,,IOWA,"100,000",LB,,2010,19,ENVIRONMENTAL,00,,YEAR,IA,,CORN,STATE,FIELD CROPS,00,,ANNUAL,FERTILIZER,9000,00000000
APPLICATIONS,,"CORN, ORGANIC - APPLICATIONS, MEASURED IN LB",19,ORGANIC,,,FERTILIZER: (SULFUR),IOWA,SURVEY,,,,ALL UTILIZATION PRACTICES,ALL CLASSES,2012-01-01 00:00:00.000,UNITED STATES,,IOWA,                 (Z),LB,,2010,19,ENVIRONMENTAL,00,,YEAR,IA,,CORN,STATE,FIELD CROPS,00,,ANNUAL,FERTILIZER,9000,00000000
APPLICATIONS,,"CORN, ORGANIC - APPLICATIONS, MEASURED IN LB / ACRE / APPLICATION, AVG",19,ORGANIC,,,FERTILIZER: (NITROGEN),IOWA,SURVEY,,,,ALL UTILIZATION PRACTICES,ALL CLASSES,2012-01-01 00:00:00.000,UNITED STATES,,IOWA,20,"LB / ACRE / APPLICATION, AVG",,2010,19,ENVIRONMENTAL,00,,YEAR,IA,,CORN,STATE,FIELD CROPS,00,,ANNUAL,FERTILIZER,9000,00000000
APPLICATIONS,,"CORN, ORGANIC - APPLICATIONS, MEASURED IN LB / ACRE / APPLICATION, AVG",19,ORGANIC,,,FERTILIZER: (PHOSPHATE),IOWA,SURVEY,,,,ALL UTILIZATION PRACTICES,ALL CLASSES,2012-01-01 00:00:00.000,UNITED STATES,,IOWA,16,"LB / ACRE / APPLICATION, AVG",,2010,19,ENVIRONMENTAL,00,,YEAR,IA,,CORN,STATE,FIELD CROPS,00,,ANNUAL,FERTILIZER,9000,00000000
APPLICATIONS,,"CORN, ORGANIC - APPLICATIONS, MEASURED IN LB / ACRE / APPLICATION, AVG",19,ORGANIC,,,FERTILIZER: (POTASH),IOWA,SURVEY,,,,ALL UTILIZATION PRACTICES,ALL CLASSES,2012-01-01 00:00:00.000,UNITED STATES,,IOWA,19,"LB / ACRE / APPLICATION, AVG",,2010,19,ENVIRONMENTAL,00,,YEAR,IA,,CORN,STATE,FIELD CROPS,00,,ANNUAL,FERTILIZER,9000,00000000
APPLICATIONS,,"CORN, ORGANIC - APPLICATIONS, MEASURED IN LB / ACRE / APPLICATION, AVG",19,ORGANIC,,,FERTILIZER: (SULFUR),IOWA,SURVEY,,,,ALL UTILIZATION PRACTICES,ALL CLASSES,2012-01-01 00:00:00.000,UNITED STATES,,IOWA,7,"LB / ACRE / APPLICATION, AVG",,2010,19,ENVIRONMENTAL,00,,YEAR,IA,,CORN,STATE,FIELD CROPS,00,,ANNUAL,FERTILIZER,9000,00000000
APPLICATIONS,,"CORN, ORGANIC - APPLICATIONS, MEASURED IN LB / ACRE / YEAR, AVG",19,ORGANIC,,,FERTILIZER: (NITROGEN),IOWA,SURVEY,,,,ALL UTILIZATION PRACTICES,ALL CLASSES,2012-01-01 00:00:00.000,UNITED STATES,,IOWA,24,"LB / ACRE / YEAR, AVG",,2010,19,ENVIRONMENTAL,00,,YEAR,IA,,CORN,STATE,FIELD CROPS,00,,ANNUAL,FERTILIZER,9000,00000000
APPLICATIONS,,"CORN, ORGANIC - APPLICATIONS, MEASURED IN LB / ACRE / YEAR, AVG",19,ORGANIC,,,FERTILIZER: (PHOSPHATE),IOWA,SURVEY,,,,ALL UTILIZATION PRACTICES,ALL CLASSES,2012-01-01 00:00:00.000,UNITED STATES,,IOWA,21,"LB / ACRE / YEAR, AVG",,2010,19,ENVIRONMENTAL,00,,YEAR,IA,,CORN,STATE,FIELD CROPS,00,,ANNUAL,FERTILIZER,9000,00000000
APPLICATIONS,,"CORN, ORGANIC - APPLICATIONS, MEASURED IN LB / ACRE / YEAR, AVG",19,ORGANIC,,,FERTILIZER: (POTASH),IOWA,SURVEY,,,,ALL UTILIZATION PRACTICES,ALL CLASSES,2012-01-01 00:00:00.000,UNITED STATES,,IOWA,23,"LB / ACRE / YEAR, AVG",,2010,19,ENVIRONMENTAL,00,,YEAR,IA,,CORN,STATE,FIELD CROPS,00,,ANNUAL,FERTILIZER,9000,00000000
APPLICATIONS,,"CORN, ORGANIC - APPLICATIONS, MEASURED IN LB / ACRE / YEAR, AVG",19,ORGANIC,,,FERTILIZER: (SULFUR),IOWA,SURVEY,,,,ALL UTILIZATION PRACTICES,ALL CLASSES,2012-01-01 00:00:00.000,UNITED STATES,,IOWA,7,"LB / ACRE / YEAR, AVG",,2010,19,ENVIRONMENTAL,00,,YEAR,IA,,CORN,STATE,FIELD CROPS,00,,ANNUAL,FERTILIZER,9000,00000000
APPLICATIONS,,"CORN, ORGANIC - APPLICATIONS, MEASURED IN NUMBER, AVG",19,ORGANIC,,,FERTILIZER: (NITROGEN),IOWA,SURVEY,,,,ALL UTILIZATION PRACTICES,ALL CLASSES,2012-01-01 00:00:00.000,UNITED STATES,,IOWA,1.2,"NUMBER, AVG",,2010,19,ENVIRONMENTAL,00,,YEAR,IA,,CORN,STATE,FIELD CROPS,00,,ANNUAL,FERTILIZER,9000,00000000
APPLICATIONS,,"CORN, ORGANIC - APPLICATIONS, MEASURED IN NUMBER, AVG",19,ORGANIC,,,FERTILIZER: (PHOSPHATE),IOWA,SURVEY,,,,ALL UTILIZATION PRACTICES,ALL CLASSES,2012-01-01 00:00:00.000,UNITED STATES,,IOWA,1.3,"NUMBER, AVG",,2010,19,ENVIRONMENTAL,00,,YEAR,IA,,CORN,STATE,FIELD CROPS,00,,ANNUAL,FERTILIZER,9000,00000000
APPLICATIONS,,"CORN, ORGANIC - APPLICATIONS, MEASURED IN NUMBER, AVG",19,ORGANIC,,,FERTILIZER: (POTASH),IOWA,SURVEY,,,,ALL UTILIZATION PRACTICES,ALL CLASSES,2012-01-01 00:00:00.000,UNITED STATES,,IOWA,1.2,"NUMBER, AVG",,2010,19,ENVIRONMENTAL,00,,YEAR,IA,,CORN,STATE,FIELD CROPS,00,,ANNUAL,FERTILIZER,9000,00000000
APPLICATIONS,,"CORN, ORGANIC - APPLICATIONS, MEASURED IN NUMBER, AVG",19,ORGANIC,,,FERTILIZER: (SULFUR),IOWA,SURVEY,,,,ALL UTILIZATION PRACTICES,ALL CLASSES,2012-01-01 00:00:00.000,UNITED STATES,,IOWA,1,"NUMBER, AVG",,2010,19,ENVIRONMENTAL,00,,YEAR,IA,,CORN,STATE,FIELD CROPS,00,,ANNUAL,FERTILIZER,9000,00000000
