Predicted_Yield,True_Yield
0.7977808964855697,0.7722007722007722
2.6809217348865353,2.2470308788598574
1.3451229082966218,1.847881242307772
4.292182979279204,3.508771929824561
5.954688462976683,4.994778067885117
23.629569226500703,26.71578947368421
15.142164638601876,11.4
1.038843238310891,1.118843608498781
1.5248073464466696,1.3863636363636365
11.865803706257514,10.719483568075118
21.465524286118338,17.27710843373494
8.465207964730805,6.700598802395209
1.380078656733108,1.0
31.395824944349563,28.860973187686195
4.76756961382264,1.9428571428571428
1.5686299891076305,1.1925601750547046
3.7542385593042447,2.851851851851852
2.8370094506469927,3.02454991816694
0.1868172063941612,0.2830188679245283
1.532656080403533,1.3557046979865772
4.923745466292214,5.348936170212766
6.79855407376483,6.2216427640156455
0.3008269029928442,0.2546075085324232
1.0134324802258483,1.0753623188405796
0.2613838374166513,0.3388543823326432
2.6770915034338807,1.4776536312849162
3.2566490225412856,2.843137254901961
6.309415717547407,4.158401540683679
3.3574020598232384,4.404494382022472
3.859769183713368,22.96551724137931
2.5461117000378954,1.7179487179487178
4.892106898218293,3.940251572327044
2.1104453662129345,2.1128055617851538
3.0566924607010444,2.3249516441005804
1.889542352937117,1.6125
7.354174287865572,11.028571428571428
4.779253991763044,4.7936507936507935
1.8894107142756082,1.7753164556962024
2.609596130148889,1.326086956521739
1.5392353289134406,1.3612334801762114
2.668070893262283,2.088888888888889
5.195188811758622,5.140083217753121
0.5588240514073328,0.5655737704918032
2.2779036434673894,2.2591463414634148
2.2507583578001715,1.5555555555555556
0.36861630931076755,0.3191489361702128
0.5665518643497747,0.6086956521739131
2.676117831696823,2.476007677543186
0.43789856329132104,0.2736842105263158
8.15832221183522,8.607142857142858
0.44218079284195305,0.2857142857142857
2.5129759725968874,2.0550284629981026
0.90921400766243,0.8510272330970386
11.089087054565262,23.903703703703705
4.2901543873177825,3.408849557522124
1.54290675915747,1.516994633273703
1.262935810063221,1.1391162029459905
2.9847328662555457,2.412751677852349
5.184424768756096,5.070496808215376
1.6005568103239964,0.8414634146341463
2.451949182029931,2.3229166666666665
3.964150793021373,3.6422413793103448
0.4910791581323986,0.5294117647058824
8.170158830560988,8.454545454545455
1.7035939505242914,1.4611260053619304
1.2963717625582656,1.5632332922797691
3.5003526111165844,3.7958115183246073
1.0026462324783072,1.3163085593518844
15.00920551864072,12.53
20.252991088480567,21.8
0.9139442045259665,0.806813310028691
1.8466831065792833,1.6137724550898205
5.563917365028808,4.15668202764977
2.5434194437286033,1.3046875
8.3458169524258,5.916666666666667
2.1233927919235067,2.0120481927710845
6.89386795455326,6.111940298507463
2.303758694393255,1.939086294416244
1.4992058791726643,1.30188679245283
1.6208569236852775,1.4453781512605042
1.6895102132783792,1.671875
0.2048829097789467,0.3057692307692308
1.5560787329803034,1.9027777777777777
3.0973742805940105,2.8129496402877696
0.31600459351331933,0.2676923076923077
0.5182992029144136,0.4857702153290167
0.26414621721061754,0.3703703703703703
1.737686050994074,1.7275641025641026
0.8810783945304803,0.9417989417989416
3.6295223535763856,4.81201044386423
0.30490502851590157,0.130703166935051
0.19580690523114302,0.2
4.125725106542416,3.619346733668342
1.4516070573270823,1.618320610687023
2.1258592652491934,2.350230414746544
1.9725761063070117,1.6416666666666666
7.9584746699907605,10.25925925925926
2.080479277365806,1.864077669902913
3.7232687850783774,4.063595068137573
1.1681068478753684,0.9635922330097088
1.7389015002446135,2.3628318584070795
1.6044802221724388,1.25
3.6079319348638466,3.0766917293233083
0.7809893072325165,0.9212827988338192
1.6545990090610325,1.5118110236220472
1.7502384256002466,2.542820347714102
0.3531010849734927,0.375
0.6026553540659632,0.6948356807511737
2.925106679046394,2.689487870619946
0.9598789202909512,0.2900763358778626
0.26202074309491796,0.38
0.9245225380345647,0.8695652173913043
0.46382500644562386,0.4285714285714285
0.27222209223050264,0.265625
1.1443036527682091,1.7685512367491163
1.1397276576847877,1.175777899087577
2.336571550410409,2.629213483146068
1.656592749127625,2.284210526315789
1.130607148920073,1.098901098901099
1.3119863702699135,0.9565217391304348
1.5477241389487677,1.145631067961165
1.2831345966171064,1.3061224489795915
2.3609014260360244,1.6968503937007875
1.3305661648293405,1.238095238095238
0.8252176547608088,0.4223013048635824
0.2785103566597029,0.0476190476190476
1.509703868274531,1.4365079365079363
1.0530347950038226,1.3170731707317074
3.988483251372392,3.7686809616634176
2.368339058881127,3.0664395229982966
4.3031823923018155,3.945
4.243923873062412,3.773333333333333
0.9421416615805553,1.02366595771117
1.6211073957790822,1.248
5.495006379712096,3.183333333333333
1.4827026746524474,0.8094035973493215
1.9206088794926135,0.9198497182216656
1.272245844808963,1.116871921182266
1.5254386888741394,1.449438202247191
1.5513618563748426,1.5232558139534884
2.0359357659740804,2.4224137931034484
0.2709913733799437,0.3658536585365853
1.0234188095165453,1.03125
2.3907460287999194,2.68
4.562506618585938,5.397350993377484
0.6450969207964181,0.6043956043956044
0.7380727842093979,0.3765237020316027
0.44516522278006343,0.3672316384180791
1.2506578810381428,1.0
0.2956956443063861,0.6355140186915887
4.28486413034691,4.580327868852459
0.25809350966636585,0.344053851907255
1.0994911769903504,0.2941176470588235
2.7804702512947426,3.1904761904761907
0.22276499966387783,0.0689432989690721
2.0224590711774457,2.12280701754386
1.0815149242864144,1.2727272727272727
1.1365502282542077,0.956989247311828
1.7690443067330661,1.1940298507462686
1.3758217001112305,1.2229102167182662
1.69922757868461,1.646341463414634
1.5369242798728764,2.025
2.1852077961919734,1.9166666666666667
3.917849520647432,4.791176470588235
0.7861851634534822,1.1741071428571428
1.461763909351304,1.1923076923076923
0.7268933740002392,0.9444444444444444
1.090410005043497,1.2962962962962965
1.8893383995513426,2.1544117647058822
2.693385824651088,2.035849056603773
0.27484045963943016,0.3514724241756627
1.4821821386735734,0.6916890080428955
0.4795409124849302,0.3571428571428571
0.42743613476596215,0.3809523809523809
1.2344429984345084,1.4502164502164503
0.771755662094076,0.7705887182855735
0.6124946414976276,0.5822442541685444
3.503739609809509,3.0535714285714284
1.5384896373558785,1.6260504201680672
1.3369484783431203,1.105726872246696
2.027035475234599,1.6527777777777777
1.5631299587882088,1.6842105263157894
1.9666930199926953,2.217821782178218
1.4020338239983308,1.6956521739130437
1.5032790946755865,0.5362517099863201
0.9710826415425944,0.9422222222222222
2.087671739838172,2.0
1.2737230271083892,1.6127805102981865
3.5393526372689186,3.67292576419214
1.1426336692187218,0.3897687966502822
18.50921493088893,17.202
14.345736022085557,13.705882352941176
0.9096615043545775,0.7564793488226481
1.9133237808193728,1.5144230769230769
4.918384364505059,5.373977086743044
4.535133652662022,3.510560815731974
3.6446034689362135,4.071058475203553
1.2950328407604763,0.4210526315789473
0.9568519502880763,0.9253996447602132
2.8053063811217456,2.039710101162615
4.48453501358369,4.256410256410256
1.423986135309561,1.3476923076923075
2.0849506970728124,1.896186440677966
2.9902212342205274,2.720998531571219
0.4133261800001884,0.4728476821192053
1.341561762905087,1.3841463414634143
2.8889581400442523,2.169934640522876
3.3394583084385987,3.475638051044084
0.4602627358514004,0.5113524185587365
1.9311296069205808,2.4301336573511545
0.43078518169870395,0.4346610761705101
1.665687297584355,1.5015015015015014
0.9987394596117556,0.8790035587188612
3.6404392753370542,3.284659090909091
1.0717893403183987,1.4129353233830846
2.306912851588708,1.4528301886792452
4.456056114419861,4.658227848101266
0.6418895461631651,0.4403798256537982
2.118121801325599,2.041002277904328
1.4780918848249218,1.4027777777777777
1.190473232786505,1.1189060642092747
1.8035650579084765,1.8562874251497008
2.077945780905659,1.6071428571428572
1.6955677453085398,1.6288416075650118
3.590765149570326,2.8282950423216446
0.6998182226159739,0.4124559341950646
1.7468936960574437,1.5696428571428571
0.857715682875823,0.8831168831168831
2.0725164544716352,2.018927444794953
1.2860518902798006,1.25
0.3474250671567872,0.413937111038323
2.169020463652538,3.414814814814815
0.42617068993945173,0.3993743482794578
0.5727063592352464,0.5
2.0282064989711226,2.0572916666666665
0.807493770359172,0.757104389341351
1.9707573324959382,1.3046728971962618
3.1377892891761876,3.494086727989488
1.4893545588382486,1.5348226018396849
1.3851465883274607,1.339001062699256
3.237703892296378,3.453287197231834
3.3486411191351166,2.4100091421156624
1.85488040719209,1.6366197183098592
2.173010926186608,2.057377049180328
1.3474377109755156,1.1578947368421053
2.5522117272725646,2.7098028325465147
2.1764129985499507,2.583333333333333
1.1047311587340092,1.2354497354497354
1.928106011058338,2.6888433981576254
1.308774605013343,1.548791816599575
4.138739239649312,3.990596892886345
4.16257390905524,2.116083916083916
15.385312398553278,23.33333333333333
19.32921162458947,15.35483870967742
1.0204195877297866,0.7846976432292245
1.9348721562126094,2.1265206812652067
8.761561312836314,6.3163371488033295
5.046957389741518,5.155405405405405
8.550090054305253,6.202898550724638
1.3492967535132765,1.032258064516129
2.2042126630820764,1.962962962962963
2.1155568166456264,2.065217391304348
2.775664304700935,2.775431861804223
0.24597964137413575,0.3625
1.997059012299538,1.8189845474613688
3.218867888177895,3.446735395189004
3.884607308352556,3.267100977198697
0.5017477096371401,0.8448275862068966
0.5113097107928539,0.5213715359323626
2.269824391830998,1.0607843137254902
0.43173407884260595,0.4577020202020202
1.2599990221713986,1.367741935483871
3.714143361135525,3.621669626998224
0.7071434880158849,0.386411889596603
4.69367239124115,4.0
3.5497636953325555,2.7116843702579665
1.7364981473668708,1.9757917426629084
3.6386809957818675,2.7211155378486054
1.7378728606617617,1.4050632911392404
4.120581172572477,4.130434782608695
3.0474197184414473,1.4565217391304348
2.124393995269293,2.0576923076923075
2.0702362039025846,1.9245283018867925
2.3234904692602307,2.3159609120521174
3.238455183671089,2.790909090909091
3.2752817370789407,2.925641025641025
0.7014441819548924,0.4255121827839137
1.899797107797386,2.269449715370019
0.7407639355514273,0.7873197625106022
2.9852739064950917,3.0096153846153846
7.125461448456399,7.612903225806452
0.48704870966294855,0.3654110530657135
2.6105956337230753,1.5824175824175823
0.6025218114423949,0.6891891891891891
3.228193483324146,3.5303030303030303
1.1362590837266175,1.1006523837097086
6.632600506038009,6.966861598440546
1.902188650694033,1.633257403189066
2.2745166678407274,2.880530973451328
3.0433379409240464,2.8641975308641974
1.2453756375565073,0.9333333333333332
1.7875734263117047,1.4210526315789471
9.563780702738777,7.587096774193548
0.8753728067016913,0.3333333333333333
1.1769659191871034,1.1851851851851851
2.84338966640814,3.050283814001491
1.758822936970052,1.571584534797143
4.142874280451599,4.403986710963455
8.11049695528863,7.126429479034307
34.45500491411411,34.65942028985507
19.021916933035982,17.552346570397113
1.1121767788830814,0.9793184606524952
2.9513537250308026,3.5126262626262625
18.667418687007814,22.809187279151946
19.4824618900523,16.28669724770642
6.251187807738088,3.390557939914163
2.550908971573177,1.0
2.8089182989238153,1.857558139534884
23.413202261664253,24.33231707317073
3.9629980276257655,11.0
2.0116534317951023,2.043918918918919
2.4626896248847325,2.76878612716763
4.107893238524937,3.139194139194139
0.2504797395650041,0.3134328358208955
2.081795131370803,1.733644859813084
4.627993775082612,4.705935251798561
6.1995110406705285,6.039772727272728
0.25762037361522067,0.308411214953271
0.4805290569908085,0.5436081242532855
3.077924141242044,3.38
0.3738165376342896,0.4236186348862405
3.8290031843382053,3.1621052631578945
3.562970577862129,3.627659574468085
7.7636324394373535,7.906298600311042
3.182535026796791,3.074074074074074
5.121360604276129,13.25
3.160101561730273,3.7703604806408544
4.407992585035929,5.275537634408602
4.275309503320676,4.061425061425061
2.1190239949715597,1.871287128712872
7.496203889996266,10.023529411764706
5.478207076593148,6.666666666666667
2.6486731877656564,2.815217391304348
2.758041615894133,3.0
2.790554135804194,2.7583187390542907
2.607033667155507,2.883008356545961
4.2934451803221005,5.5
4.7639821893499095,4.170412750306498
3.250839937102535,2.7181571815718155
4.326873269719049,4.118991682011556
3.4567834841451335,4.21606648199446
0.4737424054887087,0.5352622061482821
3.042326321075697,2.978678038379531
11.371220773251578,15.022421524663676
0.31451491918715985,0.3636363636363636
8.517296174139139,9.626315789473685
0.32547097124322544,0.375
0.3891476624383949,0.4698275862068966
0.2740917370871432,0.3333333333333333
3.6687939570335724,3.340909090909091
1.1168435219770467,1.192475513930931
4.627720444654523,3.901004304160689
7.928815673252014,7.228571428571429
1.8005294407900152,1.815126050420168
1.4988137178163914,1.6785714285714286
5.629340635183185,5.469876203576341
2.2632860501458554,2.25531914893617
5.063013754193711,4.655763239875389
11.585857095249525,12.37087912087912
4.0846833933851645,4.0
0.6216212562531578,0.726027397260274
2.094395096759494,1.4549356223175969
1.27662214188179,1.8652091295960465
4.08866450001424,3.922861710631495
3.875514833303307,3.445028011204482
2.613700642415571,1.3938
10.99870680609335,14.58974358974359
0.9415218888206893,1.044016896808775
2.205659424851551,1.9466019417475728
4.708127930373758,3.9069767441860463
2.101230935644482,0.8666666666666667
8.066767479953128,7.079545454545454
2.052699759243818,2.031496062992126
12.300973840969107,16.7225
1.6809487873759679,2.4457831325301207
1.5925086556713741,1.5555555555555556
1.9750157339894399,2.021897810218978
2.591945192374058,4.083067092651757
1.617105707699488,1.5562422744128557
6.404669711611314,7.101075268817205
7.307054987543452,8.853305785123966
0.39604174529538533,0.4594893029675638
1.53657728233916,2.5
0.322628330153443,0.3030408947920308
2.992385294228754,3.2942857142857145
0.4590340762725775,0.1685214626391097
4.244947307174792,3.828996282527881
6.09786150845385,6.9365853658536585
1.7271600705849561,3.0
2.6653546849081646,5.0
5.0013464718397085,4.386940749697702
2.34713186353128,2.389233954451346
2.6331062414331554,2.848354792560801
1.8449727292835991,1.5743589743589743
3.6241249263835815,3.386861313868613
2.746509052388618,2.6
2.2678465355030673,2.5902777777777777
1.9241838015445976,1.3888888888888888
2.1537858960086176,2.0
2.9141956759334353,3.1184336198662845
1.6162761814731206,1.5238095238095235
5.710768273983838,6.321462043111528
0.6749941660541856,0.5351970360390704
2.427706151871863,2.70464904284412
2.3692417203612464,2.0921052631578947
0.29144445444967926,0.3392857142857143
0.551392311301699,0.5994897959183674
3.3686755357773475,4.037162162162162
4.635729896011916,4.545454545454546
0.3332202119131895,0.3333333333333333
5.2647500284617355,6.668539325842697
2.308589142695097,2.579399141630901
0.9990315245637822,1.0146344536852476
3.529579278740462,3.1228915662650603
1.2574467899928101,1.3170731707317074
1.4628319486308343,1.5454545454545454
4.464005685120339,5.329555675481202
2.295095180234691,2.382575757575758
3.6080923730326306,4.314285714285714
2.389841299954956,1.903225806451613
1.9857019075305473,2.437086092715232
2.3171757174209944,1.998468606431853
1.0679172644986488,1.0934579439252337
2.853405092427339,2.890051041753828
1.300924692202409,1.659046631159695
3.4842505087358333,3.406480117820324
8.677791996724878,9.240037950664137
13.680381144996538,8.806282722513089
1.0789312206726231,1.0430477501242497
1.5355107391881377,1.512690355329949
10.889079501978497,11.002124645892351
18.94627673323564,25.5686274509804
7.8095775170918955,5.26
2.3950519027631487,1.2317073170731707
18.97051859813926,9.98477157360406
1.4044577347860372,0.6463414634146342
1.6200989558325616,1.768939393939394
1.9915689489576387,2.32089552238806
0.20815660505431552,0.2835820895522388
1.741642217126862,1.7680074836295605
3.196325566130067,3.588850174216028
4.45668829622271,4.3293413173652695
0.3017852189925457,0.3265306122448979
0.3759081486564186,0.4398340248962655
2.5667292986797237,3.132701421800948
0.32829937564820216,0.3956442831215971
3.1887934892061,2.96
2.5146450625159282,2.627906976744186
4.781480595366252,5.182828282828283
2.856593568614509,10.636363636363637
4.700456672623428,5.900507614213198
2.714198573707986,4.319218241042345
2.727622682995211,2.642857142857143
1.4268196659254544,1.0555555555555556
5.021307894929539,7.367647058823529
6.267656520040853,7.086956521739131
1.4718241071527718,1.5480225988700564
1.7214036478792756,1.2
2.534664632501967,2.233970753655793
1.571588603619623,1.2950191570881229
2.712310151309541,4.047619047619048
4.721728170505976,5.543298969072165
0.5275243546897004,0.482657967032967
2.523965852922335,2.564031180400891
2.828738932733067,3.0
0.41006908881824716,0.5157894736842106
0.5351707852545764,0.5924528301886792
2.17832272551873,1.9897435897435896
15.3823908357362,15.65137614678899
0.43507142555910455,0.4251497005988024
17.656269419692926,19.90909090909091
0.24498492864269242,0.3258426966292135
2.6363343780713313,3.128453038674033
0.6644172248900893,0.7804430914181592
4.609148460043527,4.875730994152047
4.579750722503192,3.930005832847263
1.5442049175194894,1.205128205128205
2.117584514291187,2.350806451612903
1.593177631238694,1.9014084507042253
15.194975625913749,14.409090909090908
1.9393900959819175,1.6666666666666667
1.564266333219889,1.4688362656733296
3.344834402449159,2.858786682099816
1.8931007355747096,1.8028038093950431
4.398760995828659,4.641891891891892
3.3603772135087535,2.087906583602041
16.090916004118135,17.488235294117647
20.786886974480666,15.988372093023257
1.0813769995582585,1.093138168108228
1.906647397373876,1.9494163424124515
14.532638656612779,17.206886574074073
10.206518360181159,12.950819672131148
1.991709592201488,2.183098591549296
1.1303516425440865,0.6304347826086957
2.2845793102426217,2.134453781512605
8.450519763137253,7.59433962264151
2.293589489109659,2.6666666666666665
1.468693682569568,1.1176470588235294
2.101343319431923,2.337620578778135
2.286998206657163,2.7142857142857144
0.2538660055060066,0.2483660130718954
2.1384281790874824,1.80273566249176
4.075557754988997,4.457831325301205
0.31095018180464873,0.3157894736842105
0.2913323157257119,0.3568950213830388
11.289445740536825,10.057692307692308
0.18376340079340506,0.3029960429621255
2.838679571982665,3.51025641025641
1.9407683876419757,1.7692307692307692
8.043334357516114,8.102625298329356
3.0947114038429504,2.003257328990228
3.1682691974593116,1.2941176470588236
3.461569164324392,3.8946236559139775
2.3387925827224922,3.429967426710098
2.0922195202794187,1.75
2.5068190986666066,2.8795180722891565
1.778219164920388,1.5
1.5527952408071375,0.375
2.0311935959271628,2.2048192771084336
2.3829153830270253,1.8136343514829567
2.8818674497380528,3.4950980392156863
2.9535170526638646,2.9589442815249267
3.397647441787786,3.602829011232839
0.18901047361841092,0.3098236775818639
1.5716349745712996,1.349431818181818
0.4824524044968495,0.2692307692307692
3.8211621824268605,3.651376146788991
0.28094202677942687,0.3376819082063205
0.23204982895848714,0.382091212458287
0.13765363981235562,0.38
2.3756403328047164,2.186147186147186
0.9242494815273616,1.1272526925674475
10.795452686576981,10.418181818181818
3.7706991373918077,3.315028901734104
1.851997164242996,1.9720670391061448
1.0213978626085725,0.6
4.403161560241044,5.02000645369474
2.157912226908435,1.676595744680851
2.897769221645108,2.8419689119170983
2.2702686502323415,2.622047244094488
0.5034362017952048,0.6666666666666666
4.648993743724327,4.880195599022005
2.174101132020669,2.130434782608696
2.36201942686366,2.590909090909091
1.305664955367834,1.6208802153950943
3.30643831365749,3.4841180446046405
6.861795271579701,7.667053813395277
25.76958811639054,34.12825651302605
16.135623518570295,13.695
1.2000356157240595,1.1682410124724871
1.7730026229315028,1.9189189189189189
9.741798473382993,9.358588479501815
9.798954337538172,12.080996884735203
4.297216866684716,4.810526315789474
2.851411048475409,1.4909028492962582
2.437804948748045,2.4027303754266214
2.9893220771005677,4.2
1.7832839043914834,1.9365397461589848
2.1636509879663057,1.98914223669924
0.12569393377521995,0.1
1.3596925611808675,1.0425531914893618
4.4653997046217535,4.482478415439309
5.284379867732684,5.3990123456790124
0.24911469663568486,0.2857142857142857
0.38651933117177806,0.3326885880077369
3.9051871228625394,3.5306859205776173
0.24479175764323804,0.23046875
2.9406494356712733,1.838975297346752
2.12446480759741,4.5
4.388001043123607,4.901384667342114
0.4142140999579928,0.1047776940467219
1.65578762340929,1.3111111111111111
1.4186434715263752,1.25
4.725871925735731,5.180379746835443
5.366258210744045,9.997188378631678
3.649685947709612,3.5391156462585034
2.955283630139145,3.1076555023923444
3.0758128998302796,3.060344827586207
0.649035686000746,0.1919866444073455
2.442829558832442,2.450943396226415
5.522967554577788,3.8854853911404335
2.379398514385704,1.6256524981357197
3.1856232089745022,3.46
4.394954699463776,4.860650069156293
0.5478343033921711,0.4354935194416749
2.05842757165838,1.4335260115606936
3.6378071419119786,4.733142857142857
0.29370950199957463,0.3484848484848485
0.5749673478299389,0.9081364829396326
3.6277787685092218,2.7318339100346023
13.892698238488828,14.594827586206897
0.3342793114613976,0.300953516090584
10.398638730783802,10.384892086330936
0.40062110646078813,0.3076923076923077
0.3685792855822516,0.4512195121951219
0.5203047157567067,0.6571428571428571
3.05370782161524,3.6152202937249664
1.0134629957147587,0.9779996718046472
4.617271663443617,4.892114175133044
1.4690692677891222,2.208333333333333
2.921694341836971,2.447058823529412
2.3071098458133505,2.0
2.561833255041016,2.7945945945945945
4.761460270298269,5.328596802841918
1.8764381723510852,1.5664335664335665
2.4075464727857128,7.900131406044678
1.505937823525846,2.0
1.2851616075597074,1.5045478865703583
4.559935289555775,4.386955304656154
1.4787968305302055,1.524445797807552
5.277360908311751,6.051724137931035
7.904864766133661,6.927789934354486
3.98589239316727,0.7942857142857143
28.732573529968114,28.10144927536232
1.2368698059491563,1.088181249881604
2.2296819191748734,2.0211267605633805
20.561229004064728,24.270824699544136
19.955955872926165,25.408450704225352
4.001416170524587,4.701298701298701
4.2222196834172365,5.0588235294117645
2.756626500679571,2.383838383838384
19.135992677636942,21.463687150837988
6.024976000024484,6.179836512261581
3.4561635448903782,2.484326018808777
4.170842031573903,2.9520639147802927
3.420310005034265,3.229090909090909
0.34218935881631884,0.3894230769230769
2.939294893770917,2.971105527638191
5.572415661341486,3.134543513080619
7.561816995721609,4.898576512455516
0.6355861807268497,0.6356228172293364
0.9081566902208031,0.9859154929577464
3.4829476351205786,3.862962962962963
0.3830960393197507,0.4134465043555952
2.6141569031330465,2.625477707006369
6.61085793728924,8.0
9.858374861194456,9.927744070601214
2.261186388203948,1.853932584269663
2.0842035882446233,1.3
3.405303428239236,2.6723356009070294
4.43008960614786,6.363636363636363
3.307832185473062,3.125683060109289
1.8615851785746749,1.2678571428571428
3.2287685397050137,2.3076923076923075
4.14597074975766,3.5454545454545454
2.490392361174282,2.1743486973947896
2.1059466041027775,2.0
2.672880043954213,2.9983388704318936
3.664871579839513,3.73972602739726
4.180729145140182,4.153263954588458
0.9950010950524466,1.053347280334728
5.478037231610534,5.8034137728075335
2.260876240230179,2.6333333333333333
0.5245968370300753,0.4491525423728814
0.5019056329575309,0.5961538461538461
2.782618477280816,2.055137844611529
6.704629305677421,6.365853658536586
0.719388218693737,0.5702956020187455
8.368684553008169,3.941176470588236
0.34642712682394466,0.329646017699115
0.40490323804598194,0.3680555555555556
0.30223362930291536,0.25
2.83524922317876,1.981958762886598
1.2968916802542378,1.0966774773093166
22.479736643015215,26.47058823529412
6.613325686810235,6.016778523489933
2.5192517479114076,2.2524850894632205
2.9190514372535543,3.409090909090909
5.996020986678851,5.670004593477263
3.3885236496031794,2.2757894736842106
5.7872811916560085,6.215496368038741
2.608230083049946,2.5492957746478875
1.33594519888223,1.0
4.291374255184047,2.12
1.5657922670516569,1.60050491319377
5.538216050996722,4.294697903822441
11.018479281468075,8.095637583892618
39.06412275581738,30.820833333333333
1.1700011033755158,1.0644471185987432
2.1319819997212606,1.7667638483965014
10.445224514262552,6.086460032626428
3.425591177630534,2.605633802816901
12.590360723881972,7.816666666666666
2.1377705335498605,1.881118881118881
14.507141279752425,15.43661971830986
2.29890250053971,2.0296052631578947
3.191818851989172,1.9615384615384608
1.802222781161976,2.363636363636364
1.511531047902499,0.75
4.351033412133447,3.633928571428572
4.037764837960969,3.766773162939297
0.9752117736228811,1.096103896103896
7.028726560714437,4.225
6.119271954643299,10.316666666666666
2.7992683132892178,2.9047619047619047
6.636915007729919,2.710772833723653
0.6879485860346322,0.0139259259259259
3.360530918522419,1.6
1.7213152614475726,1.2
5.431776748549109,6.05050505050505
4.301519873393133,5.466129190836693
4.788367525683664,3.637037037037037
2.487679651879017,1.6986899563318778
11.248665236851059,14.947368421052632
1.5599260614976949,0.9490445859872612
2.554345923686445,1.8799171842650104
5.854123569690829,6.463414634146342
2.4195301813216847,2.0950118764845604
3.124429730503076,1.6666666666666667
5.992474025389313,5.307785888077859
0.849352656151477,0.7572406529752501
2.998648904099754,1.3770491803278688
4.239840963651553,2.4125
0.8865513051682046,1.255591054313099
3.7673073993447366,2.2666666666666666
14.058117105126378,28.25
14.195051373900801,14.636942675159236
0.8226227124831105,2.0
3.298066996644474,2.631404958677686
1.127407219283667,1.1104155405778078
6.033982974723157,4.775229357798165
2.119709279504986,2.797872340425532
1.6784484137733044,1.1166666666666667
2.22248237233936,1.3333333333333333
5.32329602180605,6.10126582278481
5.8420416567456055,5.462962962962963
2.275026486015152,2.7901234567901234
1.027682651977929,0.3523578223031774
1.574033463524771,1.3333333333333333
0.9132082027512287,1.0227457351746547
3.11077255520991,2.4507616391332334
1.3645813015365609,1.7847299339664036
4.788843637160578,4.785746709033137
5.312882039870017,3.832766247022797
17.179108502901055,24.8875
9.642644835648687,12.678947368421053
0.966742961030264,0.9509400961958898
2.2974624473060246,2.676818950930626
6.77892929624223,6.109619686800895
2.3066373678124013,1.0818181818181818
5.740116135929616,5.238512035010941
1.9837110794928159,1.9192708333333333
5.683144163611683,4.802117263843648
2.4591663076948076,2.0
1.9526887051238813,1.9954545454545447
1.7669169639661577,2.0737704918032787
3.025191830791494,3.003205128205128
0.37986234849969225,0.4286507495835647
1.8536989370373154,1.8939828080229224
5.407847108223255,4.844364937388193
5.8292671143802846,6.350397175639894
0.4106353119452421,0.4670619235836627
0.6357909388669662,0.5471092077087795
0.2866888019901739,0.2677083333333333
2.4402584336029354,2.810615989515072
1.1465839143711571,0.4455128205128205
4.421272631106487,4.628975265017668
1.5503095784857193,1.33373934226553
0.5625254909369579,0.5384615384615384
1.4173741204884989,1.3272727272727274
5.795191129101635,6.297859327217125
2.7942765830106358,3.418454935622317
2.667268262945515,2.8850931677018634
2.4244164586722654,6.85
3.394302411430518,3.2686567164179103
3.1682525482133936,2.98989898989899
1.743497133551172,1.8905109489051093
3.1391522082496834,3.46875
1.9576089281363878,1.8886861313868613
2.2927810968111757,2.5
4.5286237818050665,4.973626373626374
0.8156584636790336,0.603515625
2.368659716915144,2.813753581661892
1.5861044680443088,1.8125
0.40371407207853527,0.5116279069767442
0.727838042998527,0.959752321981424
3.298944150870481,3.24577861163227
1.9271871682799078,1.8303393213572847
0.43280053826757947,0.6666666666666666
6.1556847724261265,6.693037974683544
2.024036365357414,3.0191991223258365
0.949029413914452,0.9096474381482488
4.565728939374414,4.973192915270464
2.027958005152256,2.026986506746627
2.0350146364399686,5.0
4.40932308832183,4.371638141809291
1.940176125524793,2.099462365591398
2.5207779441059297,2.845553822152886
2.5753656391910233,3.326923076923077
2.159512707562133,3.2796610169491527
4.952399812973814,3.8899868247694336
0.962956496844289,0.75
1.4211911931902783,1.2231182795698925
4.246562433683308,2.7409082162786222
1.7580844945505048,1.864394344254128
6.499050481567417,5.419847328244275
10.882228654944587,10.649155722326451
17.322304355614467,16.676056338028168
11.165173158442625,10.0875
1.1189465310987954,0.7902338376891335
2.4091402205517065,2.0111607142857144
7.539371593707571,7.107913669064748
15.656789896117754,21.17796610169492
7.1389926004343085,7.580645161290323
1.732675929404735,1.3636363636363635
17.54009854348511,22.420689655172414
1.9388901117932469,1.574105621805792
3.6467380071818054,2.2144420131291027
2.7291402726275074,5.582236842105263
0.45960925234498656,0.4501915708812261
2.5222809042092145,2.571428571428572
7.611600312475767,9.722842639593908
6.0976217400631985,6.0
0.6623070898595016,0.4844329975001893
2.907148396975034,2.36
0.5943782937935624,0.4408427876823338
2.980176147873505,2.237142857142857
7.5217687841081435,9.894736842105264
7.309756075962861,6.930272108843537
3.386775846531571,16.652173913043477
3.279350454484912,4.4375
2.8837635765577994,1.400219298245614
5.97761875276632,6.874551971326165
1.550874001650293,1.0837988826815643
9.17872508379374,8.578947368421053
5.420504253228238,5.217391304347826
1.951466285214531,1.7150916784203103
2.6785913529458716,2.6100196463654224
1.8672994227751096,1.779204107830552
6.146806099894458,7.410194174757281
7.449833818805303,7.80547686496695
1.745598296447815,1.807495741056218
4.448250923167082,3.5850043591979075
3.1011200385602624,5.375
0.5482976316894113,0.5560975609756098
0.8914327457719364,0.6704980842911877
4.0902666148427,2.2569558101472995
10.11540277241829,9.7
0.6714732692855228,0.6065573770491803
15.13573788627632,17.357142857142858
0.4973047307984162,0.2857142857142857
0.43557701243628666,0.4400278940027894
0.8529916619988132,0.9652443588920973
10.982194219908001,21.33333333333333
6.5600613726449835,8.022222222222222
3.932631960828192,4.96875
2.6641753038062315,3.621019108280255
2.0493174925326234,1.5121951219512195
5.115518879628602,4.409724013412433
2.700516197912866,2.012987012987013
3.1422933166984794,2.159942363112392
2.8565284604949066,2.887218045112782
11.826960941836626,14.709558823529411
1.3463707319648321,1.2791833544983882
3.7132094883705324,3.562369274210416
1.9583898644823314,1.65535246220006
4.1643061642252555,3.9107883817427385
16.530410624752037,27.246414602346807
21.4645098329486,22.23836477987421
15.4030991444269,15.645569620253164
0.9880149803462914,0.8469804277291282
10.532444593965531,12.106382978723405
8.686973121572631,8.782608695652174
2.15863063931386,2.6448598130841123
1.0998726490766746,1.0
8.499277152110126,8.053846153846154
3.255944823756564,3.0588235294117645
1.0576334668553002,1.1685393258426966
1.925635515762428,1.5746835443037974
3.1723567786753977,3.224199288256228
0.29670551385477356,0.2857142857142857
2.4321510396757535,3.114378789249842
4.484862689013387,7.099192245557351
7.510547810609271,9.720706260032102
0.3618770253826196,0.25
0.3171821157319538,0.4444444444444444
0.45055682242501655,0.550539200388363
2.3325272331943876,1.6766666666666667
0.2544265345303921,0.38
3.000663081713528,2.3285714285714287
3.7750158809351495,2.9444444444444446
9.782964270036196,10.43001443001443
1.9239164926378196,2.117816091954023
2.2381223935366985,1.5
3.6185243587384965,2.47459584295612
5.2568317491273175,6.4977099236641225
7.169559090264709,6.35064935064935
2.7218432485203583,2.844186046511628
1.3414464624200368,1.65
5.579200406756617,5.171171171171171
1.4800378780965402,1.5911111111111111
2.5406505839195352,2.9514806882800384
2.261647573874171,2.1180124223602483
3.3348209164956986,3.336589030803907
3.3474326732632003,3.1395958083832336
5.31522368041292,5.246998284734134
3.1848446488277906,3.117460317460317
0.28571555031321516,0.135593220338983
0.600133924620299,0.8225806451612904
2.0217590759726995,2.389830508474576
5.8499004970697435,5.333333333333333
0.35840328773294267,0.3157894736842105
9.267757133199277,8.156028368794326
0.3663079039550432,0.3333333333333333
0.3825462909072784,0.4945736434108527
0.3053484553479106,0.2666666666666666
1.9660338307857006,1.88503937007874
1.0350758253393688,1.0789189926131575
3.9578577372238604,3.892508143322476
5.300933597513683,4.133333333333334
1.508662476542924,1.4355971896955504
1.3528873673175896,1.5789473684210529
2.2956974466521025,1.818181818181818
5.155574679863063,5.149952040925077
1.7653203571591853,1.7058823529411764
2.553949015993982,2.1340909090909093
3.155579100038911,3.2394578313253013
1.413900231035579,1.2735849056603774
7.327892614621964,5.1260683760683765
2.4779507038082844,2.5
1.3907220063931156,1.3773874704107265
2.197249572968822,2.2132998745294854
1.4167656779046376,1.86805616575576
3.6770835148964984,3.7884972170686457
5.6271116046454,6.035847647498133
22.660414916691867,19.60030165912519
22.017054259970067,19.8
0.8873194807558051,0.6256938937351308
1.5021133230677424,1.2121212121212122
15.64833427786752,15.737898284313726
4.557886679198409,1.350730688935282
21.756434408121216,26.826638477801268
1.248542133252338,1.200716845878136
10.846636427512575,9.648897058823527
2.029637661488711,1.9220032840722496
2.641092950207387,2.25177304964539
0.46599557791902874,0.4108976046327981
2.0620035440756563,1.564040682640924
3.833552361784352,2.8134715025906734
0.516652746104759,0.3220678934964649
0.7975720376066167,0.8105263157894737
1.9336663917480408,1.8768888888888888
0.6543944865105924,0.6916483569548736
1.7365737953409561,1.396
1.478931894050803,1.448717948717949
4.800112590510403,3.089108910891089
1.6239233715264878,2.4
3.7790885224832413,6.943262411347518
1.7804668124978043,1.5444444444444445
3.5678462070772037,4.11395101171459
4.867890357347655,4.6158192090395485
3.1952161747157577,3.129107981220657
2.136904190220032,1.6071428571428572
3.8220782436697753,3.523316062176166
4.121537711503536,4.901408450704225
2.1883410377194323,2.1027568922305764
2.0589268005894095,2.298804780876494
1.9504353149153597,1.5072463768115942
2.509476390635981,2.0
4.236978485752796,4.603678929765886
0.8924915778912696,0.95800933125972
3.5658781726792403,5.426015467998295
1.306284117750402,1.5
0.39845203563785103,0.4078847611827141
1.0861864943959363,1.1397748592870545
2.1585452368214133,1.900709219858156
12.324115244632152,27.7948717948718
0.35683357173391267,0.3645833333333333
6.629551699455798,6.4
0.39526488223948786,0.3941086846114779
0.4652903078755248,0.4047619047619047
0.4700176537733123,0.4
2.0332796725184314,1.816532258064516
1.0750744988618486,1.0401759653073137
7.923604548813177,13.11377245508982
3.758237682275422,3.3798283261802573
1.6987236086674913,2.0957854406130267
1.317637861837893,1.2422360248447204
2.1245112464798166,1.7589285714285714
3.725236789368495,3.519997712368461
2.635772152789211,2.2972477064220183
2.4612496424220063,2.333948339483394
4.414294940810223,4.6187845303867405
2.5136828105349527,2.854014598540146
6.126098544503729,5.647302904564316
3.44759163548792,3.0
1.0428966496027376,1.0733333333333333
2.3714054918439773,2.902173913043478
1.462428534314693,1.4776211097292355
4.2308662946653985,3.8304668304668303
4.067542986812362,2.333970681963034
15.216141438132258,23.61
11.492117243655562,8.2
0.9133787472216355,0.8943726430637425
11.27041351528353,12.620192307692308
1.987807485803343,1.1131313131313132
2.7468595257286346,1.9642857142857144
0.9548161512303419,0.7213114754098361
2.2231559152227356,2.1704918032786886
1.3679330453288805,1.0782608695652174
2.0367622107910583,1.8758620689655168
1.8355051292574163,2.007142857142857
0.21099779059769708,0.1666666666666666
1.9264107201788332,2.25
2.31273264929608,2.064516129032258
4.771406451424054,6.141304347826087
0.35820842553151344,0.2510356255178128
3.25209424877076,3.236666666666667
0.38074556984581254,0.4572192513368984
1.695707866968752,1.5818181818181818
0.8114670975598168,0.3
4.89107928568453,4.461697722567288
2.6044356176943833,1.9861111111111112
1.3427783719591888,1.0
2.2178149307547477,2.3076923076923075
3.949100042338321,7.071240105540897
1.1062107149815326,0.6141684402553967
2.2488342606581573,1.811965811965812
1.3332015558405268,1.0476190476190477
1.3983192394433548,1.4593023255813953
3.3408189872445835,4.0
1.2733663531935462,1.0150375939849623
2.7409162310648485,2.6
2.620069226853069,2.903614457831325
1.7082344097716264,1.0333333333333334
3.3189044023947405,3.0462962962962963
0.7095210491793675,0.399260628465804
1.7512013535439208,1.72
1.5887082609702023,1.2142857142857142
0.5168595650958274,0.550314465408805
0.7025358540407602,0.7153885743695316
1.96688309723086,1.4954954954954955
3.059697065467067,2.5307692307692307
0.4280786301675382,0.5228095582910934
4.8786798280547785,2.6610169491525424
0.3313929639443808,0.4473684210526316
0.2340070387408292,0.1818181818181818
1.9235569207536036,1.6394984326018809
1.0845171716328759,1.202152897400217
2.8234728424887416,2.4880174291939
1.949824937940042,1.8937381404174567
1.252992448148461,1.2612612612612613
1.2559003848216892,1.18
1.7684379407605437,1.6524822695035462
3.8510331665163475,3.702702702702703
1.9459336625042676,2.357142857142857
4.318960182675077,3.613756613756614
1.3867041747825195,1.0
1.2151243651978665,1.1948886155528222
3.0043282310499384,3.2123805188893946
1.8110675381649206,1.6305499526868867
3.9435839102514585,3.397976391231029
8.620772065845559,7.425192519251925
15.754749644934712,18.368584758942458
12.161049057582593,10.374149659863946
0.8638298396411099,0.8496074723511546
1.8585051155110306,1.842239185750636
18.06223290204454,24.69489778388593
11.783495539510648,10.333333333333334
12.314488143518828,13.545454545454543
2.502194934244423,0.9846153846153848
6.348918726744142,3.7825342465753424
2.7956806700082453,2.736842105263158
1.0462915681116507,1.2091503267973855
1.6087854116753952,1.596244131455399
2.098480084809665,2.0354330708661417
0.503272244249052,0.5888111888111888
1.247900021309389,1.2496570644718792
4.033444607766719,5.164271047227926
4.955158597407716,6.048780487804878
0.5400385409523061,0.835
0.4153588279896539,0.4429065743944637
0.5896676615959029,0.7317073170731707
0.7393363295925575,0.6296296296296297
0.4576270421143549,0.7430555555555556
1.8245240875560116,1.7333333333333334
2.9299429090803373,1.173913043478261
12.904935577111235,18.04191962995085
2.8047292753152893,2.317241379310345
3.2546744236952083,3.727272727272727
2.9296804958576246,2.761557177615572
4.58514033133096,5.047453703703703
2.655925817458836,2.379939209726444
1.5293969653681505,1.7375
4.163145509472783,3.449438202247191
1.5662720470881442,1.7875457875457876
2.8861211545329386,3.28330658105939
1.4467257913456022,1.8235294117647056
2.2943854418921235,2.1552795031055902
3.946349253764354,3.961346633416458
2.6185141067387248,2.4321907600596124
3.108786988281464,2.909448818897638
2.0204287369135545,1.9289340101522845
0.3342653087523357,0.2857142857142857
0.8053182906267886,0.9025133282559024
2.4092338713386265,2.358974358974359
8.840033461314945,3.176470588235294
0.3277297664397478,0.4060150375939849
8.400275589442687,7.078125
0.4383543875255496,0.3707317073170731
0.4751029456573743,0.5806451612903226
0.5203419303654366,0.5918367346938775
2.1222509002913617,2.131367292225201
1.0124763712359734,1.1266569384777083
4.175944049679873,3.2857142857142856
3.6241815620470614,3.56
1.4043254477098008,1.4126984126984128
1.5830987362557778,1.4642857142857142
4.614815274155188,4.330002145856963
1.694324952153086,1.485207100591716
2.5291246364954327,2.814516129032258
3.228432574359619,3.4683544303797467
1.7836080420434088,1.845238095238096
5.672298122440525,4.489583333333333
1.0328597954696361,1.1916167664670658
1.8377865931666397,1.6666666666666667
1.3893656486883712,1.7558126856924796
3.484865079309988,3.495798319327731
5.330212925686986,4.9203786191536745
12.039197504347793,14.574167047010498
9.553654568856977,8.595
1.0239662989722538,1.3053512553892974
1.9700614831470435,1.3038674033149171
5.98103588235294,5.9
1.419753072619243,1.4027777777777777
1.9427731429935648,2.089385474860335
3.379792616097114,3.8931297709923673
4.7047928360887665,5.275862068965517
1.0790168313583237,1.150197628458498
2.2680011330663925,2.1278195488721803
1.7296459104926676,2.222772277227723
0.34077452065166475,0.3454545454545454
1.0302467542591098,0.7737430167597765
6.9509897376216845,7.071334214002642
8.770014216985047,7.663451232583065
0.2555769584076453,0.2671272308578008
0.37404666778178214,0.3953488372093023
2.0496262394336378,1.99
2.646723607014604,2.5961538461538463
6.027215605248719,6.112741827885257
2.4274801133339836,2.615023474178404
5.7029852385512525,5.857142857142857
1.641171420807686,1.4831460674157304
3.0197294069441147,2.945067698259188
1.7658121145843526,1.812097812097812
2.492596939567949,2.297058823529412
1.457189208058597,1.0338983050847457
3.395502826911014,2.62
4.263886252024574,3.631578947368421
1.2622083744075439,1.0275482093663912
3.938173597954921,3.7056156260899895
1.233794494550498,1.3114754098360657
3.0857231652863444,3.811320754716981
4.321172628267593,4.334075723830735
0.6390656524574063,0.4342105263157895
1.8585265753312452,1.9616161616161616
1.9567133042777316,2.1737649063032367
0.25861025132924825,0.2857142857142857
0.44318966681146266,0.375
2.4106910085633153,1.693661971830986
7.355280077257843,5.480952380952381
0.19888105904119902,0.2651515151515151
4.857587854408293,4.43455497382199
0.2867324014218347,0.2515822784810126
0.40334741081718734,0.5
2.0387372599941185,1.5686448184233834
1.9937374383500006,1.5918367346938775
2.4443981399546724,2.363380281690141
1.3781282352215212,1.4851190476190477
1.478892800088718,1.8238993710691824
3.9013807537072873,4.360655737704918
3.8579595936235576,3.4800646551724137
1.525918559439389,1.5095541401273886
1.6647094407981582,1.7381615598885791
2.6911625376120853,2.690058479532164
1.3039502670649727,1.1891891891891893
1.6339695535749765,0.8492006337318162
1.193897663394905,0.7083333333333334
1.2843413120387757,1.1593559551576254
2.679227294778721,2.863636363636364
1.5704504305618014,1.99441015425144
4.0064126487548,4.928571428571429
4.260297081690953,3.6695402298850577
13.27406391159929,12.369565217391305
11.038274733960698,9.333333333333334
0.8925783365321611,1.4323261589403973
13.290047163384251,13.1866485013624
5.227961502557992,11.365384615384617
8.924194509959193,4.588362068965517
0.7396618696649273,0.1256983240223463
6.770216943639687,10.447447447447448
5.228104995656102,4.205128205128205
1.86367037065405,1.794871794871795
2.6981391853987517,2.565432098765432
5.307833524280897,5.764267990074441
0.334771485967588,0.2619392185238784
2.029935231083187,2.7444168734491314
3.917082428104208,4.76
5.696469269648554,5.707667731629393
0.4083082375875798,0.4486896116198295
0.9616512960716945,1.2785683484260455
0.40929661660151684,0.4063198212575806
2.7677352141138525,1.4353876739562623
4.56529705703834,4.0285714285714285
7.090686976749277,5.922992299229923
1.3510650927380428,0.3704
3.607547193507915,3.533333333333333
1.4384086936937917,2.109375
4.608389240058468,6.530670470756062
1.336900422602648,0.9981916817359856
3.297612787768651,3.424164524421594
1.4823050249774705,1.7142857142857142
8.40269437350769,25.565217391304348
1.4391301853106389,1.05625
2.4385508152534596,2.814814814814815
1.0897507010499612,1.1961722488038278
5.242221093626649,5.891191709844559
1.2069698178040018,2.03646408839779
3.37576128464437,2.5991458206223306
1.307737115723464,1.3870967741935485
0.7988566757255853,0.8896411645226812
3.3825678493404103,2.057894736842105
14.038155970331626,22.18831168831169
0.3384914599965419,0.3964497041420118
9.72126068509315,10.765625
0.19342620055829093,0.1941747572815534
0.2373946775821152,0.3393316195372751
2.3668526735721875,2.607250755287009
0.7313593548219524,0.7519377260680413
14.963134434305516,14.692307692307692
4.872674330897869,5.253467843631778
2.069801419799999,2.0696864111498257
1.9897097067886693,1.9122257053291536
1.8463121408654182,1.6875
3.616145985039844,5.460005386479935
2.4657609411601458,1.826330532212885
3.24991002848152,3.4684287812041115
3.637560939279229,3.4871794871794872
1.280741927438266,1.2833333333333334
7.21028263604906,6.303249097472924
2.4803191398195046,7.25
0.9862177100492777,1.0745454545454545
1.7692105579134667,1.4444444444444444
1.4688108626197844,1.4798242676975213
4.580406771832658,4.64868804664723
3.8536932604973257,2.0916203059805287
28.449914242211097,30.9
24.47454043132567,25.5
1.3665880643971504,1.0852199847746968
2.403984978097357,2.175824175824176
12.526425829878658,15.956430666108083
7.771299051952317,3.780141843971631
2.136964246065307,1.435483870967742
12.825588776396252,7.45280437756498
1.8820579379672076,3.567441860465116
2.146955392054782,2.9393939393939394
2.9959694292224506,4.018348623853211
0.2879169180341437,0.35
1.881874971969002,2.053763440860215
4.370432450770749,5.421621621621622
5.799624950365102,7.779220779220779
0.5763566666837496,0.5018450184501845
0.37614008266910404,0.225
2.685813069097343,3.0497237569060776
4.4078375752105625,0.6956521739130435
3.225340509668073,2.7777777777777777
4.388625115787676,3.933962264150944
5.778037393494851,9.93416149068323
2.2533295553419808,4.294392523364486
3.8679380842409667,4.111969111969112
2.0577156623748962,1.15
2.7421076293222897,1.9563953488372088
2.912545472522031,2.402555910543131
3.1589143874353356,3.406852248394004
2.204014514821598,1.7176470588235293
5.755052876692406,7.462873674059788
1.3895516706789,1.6030828516377649
2.452934845417051,2.493589743589744
2.6358533465354923,2.841666666666667
0.7236527399713732,0.4666666666666667
2.4602291331295434,2.113924050632912
2.1962224952040272,1.395973154362416
4.632836900248637,3.797333333333333
3.547278602438766,3.512622720897616
1.0628329671197618,1.064665286966724
4.84134361402711,5.016085790884718
2.0413023590256283,1.7865612648221345
1.8518692774936922,1.59375
5.377697781728964,5.420134228187919
2.9316740995833714,2.680555555555556
2.744149560160896,2.8079096045197742
4.363733792341938,3.1768488745980705
1.936381230371425,1.0857142857142856
5.2323707799019425,6.799220272904483
1.2243856121484837,1.1455332768521134
4.228957226785401,4.108008525087599
1.8808017089083964,1.7118527806918984
5.6075013980275905,5.808874566187407
5.698761029866059,4.801801801801802
3.2840980020611568,2.8681
20.809257588831397,21.0
0.9356713875252125,0.9179949874686716
2.3521274943742125,2.1390887290167866
21.519334053560797,20.58761300250048
14.164452694717951,17.44736842105263
6.189473620332471,4.069767441860465
2.0406253489757225,1.5617283950617284
10.415878098905852,9.53515625
2.548616520640688,2.142857142857143
1.5216453961344079,1.5296442687747036
2.158880916685137,1.953531598513011
3.123067063356041,2.708433734939759
0.33422519762079106,0.3461538461538461
1.8139576829130353,1.965202982601492
3.9938848850720188,3.856050069541029
8.951488504586981,8.429360694554065
0.3623556281297683,0.5
0.45074532076576573,0.4399660152931181
0.4643914369064508,0.4848484848484848
2.190298436031213,1.6833333333333331
0.3330096806089423,0.3477124183006536
2.7527107857581967,2.788421052631579
2.390152260192339,1.9384615384615385
5.176235675775599,5.530966767371601
2.2777284053201723,1.932944606413994
4.564457515205515,4.0701754385964914
1.5045940967267035,1.391170431211499
3.255275056105237,3.263157894736842
1.3872642599890939,1.5040650406504066
3.101058243406837,2.75968992248062
2.8680476011921607,2.75
2.0727961620704973,2.3936651583710407
3.6430619261126536,2.910891089108911
2.579272408567959,3.0
1.7601738099234776,1.740066225165563
4.367550390164507,4.088272383354351
2.208725857318569,1.4756165919282511
3.074821448159363,2.902139037433156
2.7562145851542517,3.894523326572008
0.34182996002077226,0.3783783783783784
0.6575313627143538,0.6710526315789473
9.395029328938644,10.522922636103152
10.240827582626846,11.0
0.31955164989116014,0.3793103448275862
6.074678245431458,6.248677248677248
0.28443696803444873,0.3547613336531542
0.27173915331457776,0.3777777777777777
0.16245324265653172,0.25
2.0334403083113344,2.0153349475383373
0.8961728599850654,0.9535003593102748
4.877898461436154,0.1904761904761904
4.421589781375721,4.0
2.1779705378728087,1.821301775147929
2.919671163615217,2.7751124437781107
2.0059673368857527,1.878787878787879
4.396524348988202,3.919999343045313
3.1387225144133337,2.7744063324538257
2.7162927241464354,2.892156862745098
2.8930620803196674,2.303370786516854
1.9389589927342756,1.7421052631578948
5.50931533262745,5.724458204334366
1.7935364174466155,1.5
1.138060217357654,1.2275132275132274
3.023845146197825,3.2331420373027258
1.5501578589662275,1.8096303236534168
4.109438171112245,3.942222222222222
4.545734771188785,2.622502053107035
13.751811965789434,22.046666666666667
1.4701421928817684,1.2620709368523857
2.2466381212999447,3.1787648970747564
20.007336483302254,17.735966735966738
17.52433052316028,20.236623067776456
3.2535873096696806,3.728395061728395
2.557461278521618,1.6229508196721312
10.876407166675572,11.219931271477662
4.665397492856522,3.4939759036144578
3.1127924597220895,2.46271186440678
3.16344127495279,2.909540636042403
4.925802362621732,5.380997177798683
0.3184695250926666,0.3634020618556701
3.3369044217984554,2.806060606060606
5.478052591373262,4.650559511698881
4.836771810571917,4.9411060091834695
0.6509478322506805,0.7580251770259638
3.1672211732094446,1.9188059701492537
0.535776422462098,0.484623844242597
3.5549663194890915,3.1618181818181816
5.625171562976178,5.0144927536231885
5.715576164690949,5.144450076026356
1.1081093986424775,1.145664739884393
5.871888785089773,5.449160908193485
2.8300201661673645,1.263157894736842
4.852092966131893,4.382488479262673
4.124323515795483,4.5322128851540615
4.471286710229294,3.4037735849056605
6.687091390633073,4.51063829787234
2.872030523705811,1.8448023426061493
3.9783086437919435,3.485981308411215
3.400306506232397,3.723684210526316
3.9504296905743344,3.2067868504772004
3.408941312483293,3.3732394366197185
4.668657343723569,4.068568568568568
1.260658934146992,1.4099318403115872
4.008946417203053,4.1516327190430005
2.497888844372603,2.810344827586207
0.5173376766087445,0.5294117647058824
4.647060307946331,4.085978835978836
6.816102619951281,5.424390243902439
0.404374456971319,0.3882783882783883
6.409564042305149,5.918367346938775
0.46813305127464244,0.3755506607929515
0.4435916058449931,0.4444444444444444
0.37150916926297084,0.3333333333333333
1.345650842782176,1.1469545895829585
13.711073373310503,18.206451612903223
2.300250521848667,2.310774710596616
2.491848331640782,2.5277777777777777
4.532849558556936,5.240008301195026
2.2001981201219176,1.756601607347876
3.480888021976173,4.27741935483871
4.842498186145808,4.585308056872038
7.598395387492678,7.287804878048781
9.079997800957846,8.461538461538462
0.9074933560898346,1.24375
2.2068595375604456,2.195433789954338
1.3049802418547736,1.516265858738875
3.933178029348144,3.810810810810811
1.4625195756974647,0.5569749616760348
6.250266047828023,3.57
12.079857645773663,10.138461538461538
0.8308437969279701,1.0706923057536732
2.004148739448383,1.82089552238806
9.929698504303238,6.910394265232975
5.248592194572261,2.86697247706422
6.195252386814867,6.132075471698113
2.206474804894381,3.363636363636364
4.324782962207961,3.2733224222585924
1.750760912211935,1.0333333333333334
1.176297344120938,0.945054945054945
2.351887521890858,2.6255506607929515
0.22416343775396588,0.4816
0.9882744471836178,0.8148148148148148
2.631824226739483,2.7346938775510203
3.758649389304387,3.2795698924731185
0.44284450012371124,0.3495145631067961
1.021640341778387,1.055
0.5325166098109662,0.4699853587115666
1.4544633600205938,1.41834451901566
1.4492855477576594,0.9821428571428572
4.010551369568343,3.2646048109965635
0.7725095200483854,0.3907692307692307
1.148196646612615,0.8857142857142857
4.482409156933236,6.992230854605993
1.0501022074560717,1.190928270042194
2.610579579610891,2.556851311953353
1.4271185786845626,1.0381679389312977
0.6722778105591103,0.5301204819277109
1.201688667771729,1.1045454545454545
1.4915650466820898,1.753554502369668
1.7228415834672992,1.8388278388278387
3.9531984150170834,1.7335766423357664
0.5083114036303984,0.4378145219266715
1.4849440253249653,1.511111111111111
0.5493639390379994,0.5357142857142857
2.3536710083520935,2.032388663967611
2.2667144385353466,1.8886679920477136
0.3700365351734469,0.3389158219479947
4.152126652779272,4.425595238095238
0.45250103533307096,0.3725490196078431
1.9407010703204035,1.696755994358251
0.9216527148012923,0.7944799211417306
3.260409232904518,1.5362035225048924
4.780541863142923,6.243614931237721
1.7215765310038171,1.1765913757700206
2.3950693747594665,3.56
3.2778538444465264,3.9625
1.3659892545699077,1.0810810810810811
1.914484127667833,1.7159763313609468
1.0717370964421842,1.203883495145631
2.824499934388908,1.825016633399867
1.3504350324011822,1.406530427569565
4.335130787013673,3.984405865811429
1.5129244240648694,1.7200686227872188
4.943810525839281,4.726027397260274
8.894759067583253,9.680429864253394
12.554787113410292,21.55666666666667
16.704460834567637,11.121495327102805
1.2883760964787103,1.2235910458346202
2.787845633735281,2.419405320813772
18.57881068319454,22.241573033707866
20.32585547130124,12.98364008179959
10.836376610537783,14.505154639175258
1.9428539754216692,1.2333333333333334
1.9335845976160577,1.853080568720379
20.644424891607628,32.25132275132275
5.983738948321801,5.4775
2.3967846204937158,2.4185303514377
3.2337660929074215,2.4623115577889445
6.064413422623454,6.080862533692723
0.3558290945089498,0.3460568959308606
3.2313368407796164,2.8541666666666665
5.39167305151198,5.239208633093525
6.5367721180845155,5.628601921024546
0.47958803534322225,0.5300674684658258
0.8304568818852704,0.8263368315842079
2.0659045940416427,2.12979683972912
0.5088602705734044,0.5656156722818815
2.8848982669838614,3.067142857142857
6.391284333909846,7.48
7.43017620530328,6.176521099116782
2.8448347840755592,4.71830985915493
3.801272675345584,4.833333333333333
3.6126223198045624,4.427101200686106
3.219768510558305,2.1385135135135136
3.820782218873129,3.8344827586206898
2.4801487078659976,2.7454545454545456
7.656619200270894,10.26530612244898
13.503933515772676,15.5531914893617
2.4672470758078293,2.602564102564102
2.001318958700555,2.0
2.709666423362143,2.900943396226415
2.7283165267688676,2.827392120075047
3.4064199439473555,3.4516129032258065
4.851726905102516,5.0495049504950495
1.1221007058750763,1.4063852813852813
5.902305932147372,5.468394675863555
2.493627752875974,2.791208791208791
0.37745659132893994,0.3740685543964232
0.8873392944395373,1.1969057665260197
3.1267916599396663,3.314442413162705
6.018794942952908,6.427586206896552
0.39594119858662447,0.4268440145102781
7.663649925466814,12.666666666666666
0.43866980912669057,0.3409356725146198
4.2062844612112045,4.381979695431472
23.535803052111856,26.140350877192983
6.940141180722511,5.974683544303797
2.2929669473276935,2.288065843621399
3.083488698341709,2.92
6.215366538073613,5.719999253132177
2.737183613118239,3.478802992518703
4.703262129358484,4.422437673130194
5.349798082261385,4.584239130434782
1.4621752823054472,1.3333333333333333
10.305451923965368,12.70103092783505
3.4968993551225305,3.8333333333333335
1.290966738246269,1.0970083200566472
3.417462549184603,3.4614443084455324
2.071026447192022,1.6453671107022605
4.710570479512834,4.127659574468085
8.38219627488642,5.171007927519819
29.6123171531119,29.473684210526315
19.85210251898538,11.97872340425532
1.199660464072294,0.9441233140655106
3.0622889300046525,4.494464944649447
20.539954928614172,19.90398550724637
17.854687083543347,28.43548387096774
10.780017881888291,9.774193548387096
5.438581191382852,1.3805970149253732
1.4788788249971154,1.7251908396946565
5.297377194863419,5.441176470588236
2.1702615759076043,1.5154639175257731
2.706941932752651,2.531073446327684
3.9952084965253567,4.2993630573248405
0.4369168982818346,0.3870967741935484
2.5666736319328467,2.5526315789473686
5.87354793290278,5.253869969040248
5.858156672975169,6.929292929292929
0.721476841553206,0.7364477743499339
5.180832880936987,3.1823529411764704
0.4702427144979915,0.4894894894894895
3.6929008205104576,3.68
4.891287212163141,4.823529411764706
7.131032614637386,7.34375
3.6934345681451246,3.395833333333333
3.5983336343716417,3.42215088282504
4.005461385924688,5.087962962962963
2.5838076805510277,1.320754716981132
4.585531965287126,4.637426900584796
3.1747077896677913,4.947826086956522
5.606907540887035,7.402985074626866
1.0010656914355645,1.3333333333333333
3.272718610569032,3.2060301507537687
2.733685599010389,2.4486486486486485
4.193178418301717,3.760869565217391
3.793932119443851,4.145444858817261
5.556334574749807,5.656419529837251
3.5985131463499487,3.2972972972972974
0.432470220688618,0.4705882352941176
3.524718060206272,4.221374045801527
6.382016761323136,8.392156862745098
0.4150255955820265,0.2777777777777778
0.3877335452501149,0.3809523809523809
0.24647096442680122,0.4
3.3318744939505267,3.0319634703196345
1.1251795981213206,1.1379286107564168
8.475756229261318,7.611111111111111
2.196051954197353,2.04040404040404
1.6897615795770258,1.7826086956521738
5.702429937414818,5.410002304678497
2.444472349459082,2.5357142857142856
3.495372656707885,2.696261682242991
4.612405159816909,4.481012658227848
2.183804313749096,1.8644067796610169
7.708368187752395,7.647619047619048
3.629940540007224,2.8
2.0650194176313073,2.0451977401129944
1.1660137861343514,1.5485552576705393
3.70530078728299,3.724373576309795
1.2798510371030973,2.16638935108153
9.267988624644241,7.908956874308883
18.435020675685546,16.026666666666667
1.0491272836849372,1.0091447014523938
1.7643200742410623,1.9168
7.912259903401523,9.07176287051482
2.0767116738099176,2.062015503875969
9.587156022598059,8.11
0.18044848765410906,0.0478331235389318
1.8693758392271511,1.824022346368715
5.342058870010618,2.364329268292683
3.2079553990205003,3.839572192513369
2.074142893573121,2.27600411946447
1.5613633262426831,1.73953488372093
2.2522837106656404,1.934354485776805
0.14631616907480904,0.2179487179487179
1.3048095384340557,0.9375
3.5433238436923142,3.288421052631579
3.3559812617631017,4.096892138939671
0.23656083309366166,0.3684210526315789
0.41611531209340363,0.431266846361186
0.9227167840972834,0.966275659824047
0.8194736940694018,3.4363636363636365
0.34478715824424866,0.2537313432835821
2.134469126530727,2.2620481927710845
1.5532692654394644,2.2782608695652176
1.5567340046886384,1.269956458635704
0.5642252931777259,0.8282828282828283
4.086463464423013,3.619346733668342
1.9976121351700584,0.7839805825242718
2.936275774433673,2.97495183044316
2.1152648801798857,2.193078324225865
2.338312866528727,1.8756345177664973
2.841748383823593,1.1304347826086956
2.1927914668161406,1.8379501385041552
5.115858778286683,3.953117674636662
1.3044079032715805,1.1046228710462287
1.8039747569864129,1.875457875457876
2.6815015215462563,2.0
4.071813608700841,3.065605095541401
1.760648337193265,1.5185185185185186
2.4220961838943156,2.7839392544868846
0.4057803670592082,0.4134615384615384
0.6889819118503127,1.054263565891473
2.968959919755079,2.9958246346555324
1.9765797085334662,2.2666666666666666
2.1120049274937895,2.1012145748987856
0.30203631014479576,0.3103448275862069
1.8299640030430129,2.129120879120879
1.1907612753071484,1.304375206165472
2.9743606442351167,3.532675709001233
1.5977328533860709,1.889807162534436
1.2838480312845766,1.2401847575057736
1.5444972557989556,1.5833333333333333
1.6438836051201036,1.7413793103448276
1.7955463267774867,2.116022099447514
3.8289124094082148,5.2522388059701495
1.4072182844723997,1.6878048780487804
2.4112866461762197,2.4349258649093906
0.4263842195622843,0.5
1.0350358490471065,1.040241448692153
2.740159855409062,2.87192118226601
1.4949255696637453,1.7122616609303405
2.909250102998549,2.6296296296296298
5.19800591428931,5.322604790419161
20.6474502443601,20.69306930693069
8.33001269691071,5.495
0.9153787640204909,0.5480758567150937
1.4601758671433447,1.0711462450592886
14.509910034615858,13.895238095238096
3.8257291610751354,1.491554054054054
10.295347399536743,15.052631578947368
1.1147280543161342,1.1496062992125984
7.771379250879461,7.009881422924901
3.2192202343323153,2.87248322147651
1.7632564596735505,1.4109589041095891
2.611679004473595,2.3110647181628394
3.14216334355382,3.6004901960784315
0.02720460773989111,0.1215880893300248
1.7031468445829572,1.7142857142857142
5.2214109630237635,5.427152317880795
7.219827890404174,7.279365079365079
0.4425941029083929,0.3378684807256236
1.557145845587561,1.186530612244898
0.3538221590858932,0.3155555555555555
2.512348147429968,1.9672727272727275
1.935811577356688,2.0229007633587788
9.041152466913458,16.79672131147541
1.2939529014970836,1.4192439862542956
6.243226289963015,5.666666666666667
1.9567731126911068,1.5754716981132075
3.3674537225461876,2.6861167002012074
9.822417501628163,18.490066225165563
3.414479050659054,2.1846153846153844
1.9615221024274194,1.7777777777777777
3.128814071959929,3.270833333333333
0.9416794717174961,0.6348684210526315
2.339728923963655,2.338582677165354
2.7613916692207163,3.4705882352941178
2.7841614434829185,1.9
1.8990216657765497,1.5213675213675213
2.2222041139953945,1.9545454545454544
4.303084615895113,3.7591522157996144
1.12507277699483,1.733160621761658
2.5635538079005875,3.195439739413681
0.32801875143161463,0.3125
1.8108378784120354,1.5054945054945057
15.335823925067043,15.23469387755102
0.2841223726602254,0.2811059907834101
7.135080291273443,6.131221719457014
0.38287539876649795,0.3333333333333333
0.3228680082125454,0.4285714285714285
3.509051317990714,3.737201365187713
1.0607642571104146,1.1209503876426024
3.7009985297386585,3.023224043715847
7.486343122517191,4.91358024691358
1.5483045007911853,1.6394422310756973
1.5583566340437738,1.6131687242798354
3.1760321417935744,2.2203023758099354
4.458214993664583,5.14995284501729
1.8524748615486515,1.2876254180602007
2.367804527766266,2.932975871313673
4.33313700567454,4.227272727272728
0.9714119521198965,1.103448275862069
7.218177860423442,7.557422969187675
3.922870201283187,4.714285714285714
0.9548165378748132,1.0178217821782178
3.223123167802701,3.0993106419646703
1.6138433314872733,1.7200109955968084
5.3167736857030095,5.677917068466731
16.59361096204502,16.177018633540374
3.578578602547183,1.2859
15.450424706609649,12.966666666666669
1.0746123306866346,1.0502166207168175
2.6974435200807982,2.597302504816956
12.584945899740413,12.122448979591836
11.10564778524709,9.45
4.271858630573389,6.0
2.871265431814234,2.381374722838137
24.79918805771028,24.11182108626198
1.836042343271294,1.65625
2.0661096959240806,1.7150837988826817
3.402442474635783,3.1228668941979523
0.2674841907607404,0.25
2.370393824055426,2.531073446327684
5.958874495370493,6.011705685618729
5.812975162605424,5.498845265588915
0.39668944303778353,0.4409072821329088
0.7195224091805792,0.5
0.36075850862647096,0.3846153846153846
3.0690096643351197,3.391489361702128
2.245771655160833,2.782608695652174
7.297581809066266,7.524088541666667
6.410876080562239,7.176470588235294
0.7715934856895739,0.5
2.55007736758272,2.472972972972973
6.038066885914645,7.58590308370044
1.9623063738454896,1.9543057996485065
4.000153403724992,3.030054644808743
2.8711882625640226,2.7954545454545454
5.864696047393348,5.410041841004184
4.603694882762045,6.125
2.9675499978400044,2.7857142857142856
4.293426591944064,4.8
2.9204472929999277,2.8310249307479225
3.4782042527329082,3.125
5.461453790040977,5.664451827242525
1.7160493855769547,1.6839365394149728
3.049402421415804,3.226586102719033
2.515113777693636,2.5376884422110555
0.30274838718779784,0.3
0.6366248021752063,0.809299895506792
5.709744632987493,6.92
13.807886147922156,13.117647058823527
0.419160012850718,0.3690987124463519
10.66003860125534,10.766666666666667
0.2938188093102104,0.2
0.4186729600420662,0.5269121813031161
2.828630022813082,3.339765100671141
1.065401156527595,1.158322957365506
8.799849434626303,10.714285714285714
5.828207447914514,6.764322916666667
1.7315601619454526,1.6904109589041096
1.6311477644476202,1.6027397260273972
2.1133968221228208,2.583333333333333
5.693972437222826,4.5599528046802025
2.356307050050703,2.358565737051793
3.8818962803965062,3.9
4.914435325386949,5.566037735849057
2.643393795384225,2.272727272727273
8.576931914560475,7.853503184713376
2.0720539253868857,1.3636363636363635
1.321145568235135,1.3374259506974966
3.365020343588723,3.302962962962963
1.69101231626099,1.6071562789084182
4.502921069271146,5.777564717162033
7.942544968619938,9.415174765558396
16.064528898359704,13.271370420624152
13.783192551881337,15.32857142857143
0.8936158801346417,0.8437977624258727
1.922694328397906,2.1170731707317074
14.050711311517157,14.741109530583214
13.039841556246726,11.88586956521739
1.2820078622887743,1.0
1.8722931178933462,2.0357142857142856
9.46228504866622,5.944444444444445
4.746280765060091,5.5
1.5246968267146483,1.4587155963302751
2.1669625772689196,2.547692307692308
2.8581848081249084,2.8777777777777778
0.33548788780171895,0.4368
1.7107507608605608,1.41156462585034
6.105534501472205,6.942139737991266
6.548666796576601,7.075601374570447
0.5806916109479328,0.4568965517241379
0.41303087895487406,0.4528301886792453
0.494391288554964,0.6132315521628499
2.060761066339708,2.37
0.27703878725530373,0.3805811481218993
2.9486757395002337,3.333333333333333
2.515783696347965,1.7647058823529411
8.290115722316264,10.184615384615384
0.9876546196964671,1.344
3.127635316606214,2.4578696343402227
4.3593355997439085,4.468879668049793
2.004803935103917,3.1204819277108435
3.3339658484645076,2.980337078651685
1.8606609362004316,1.945652173913044
7.1385160764569395,8.188481675392671
4.808262727300931,5.666666666666667
2.14743313639588,2.3128654970760234
4.004810610977721,3.9583333333333335
3.0785450018354954,3.2550570342205325
1.7804372559021235,1.7442396313364057
2.988534453569224,2.1184210526315788
3.999574125196532,4.1922030825022665
2.744776614601132,2.334542157751587
2.5558377288078393,2.497835497835498
2.6387697855952017,2.850220264317181
0.3197394944193722,0.3829787234042553
0.5387483533789841,0.6728232189973615
4.029722786458215,4.130030959752322
6.011815973764176,4.0
0.243234935150815,0.368
7.324426431292915,8.5625
0.40785443020327017,0.4380165289256198
0.29300462105885555,0.2950819672131147
1.9198596029246944,1.608108108108108
1.0716126391671676,1.1020673065052609
5.314994796343695,4.602083333333334
1.9334192145663662,1.8705583756345177
1.9717218698767542,2.482093663911846
5.178230606877771,5.040006074675113
1.8625787220077892,1.5977011494252873
2.4327708326060176,2.233183856502242
4.035756423592828,4.046846846846847
1.6347951396384435,1.5974025974025974
6.180609252489513,5.191011235955056
2.153154412400087,5.166666666666667
1.2223711665285677,1.5606408993028942
3.614327781873815,4.038897409679619
1.5978444832580276,1.725202031863311
10.943647258241155,11.085393258426969
32.60322586344742,2.7585333333333333
1.2124268137066623,1.1674240859326586
2.5376525717128096,2.360526315789474
20.841977056816592,19.38302859821848
19.99611111314116,16.886666666666667
7.712339187641254,9.238095238095235
15.516649151941152,13.03810264385692
4.004130393848785,4.764705882352941
4.632850343842466,4.662790697674419
2.913082884010029,3.7945945945945945
2.8415971835201996,2.8940731399747794
5.849852131287003,7.682228915662651
0.3707402034538647,0.4916453409604094
3.0308444786759807,2.6372939169982943
5.575843142351538,4.945538818076478
7.004803689828053,6.142857142857143
0.5795980539959824,0.5772235576923077
0.9761093580882538,1.067920681986657
3.884776664790029,3.836170212765957
0.6006829323880107,0.5926416343516504
3.193517045863298,3.019607843137255
25.132397314223656,21.001136363636363
10.607119368499319,12.04109589041096
4.737077585356964,8.0
4.134818405971481,3.949730700179533
4.779842771994234,4.830188679245283
7.3961416693271484,5.618618618618618
4.500451385583583,5.389057750759879
5.131734827868535,5.0
6.886748473161403,7.136933461909354
14.318599299499018,14.26923076923077
2.8871438092108757,2.67870036101083
2.6069813944599405,2.609375
4.0789313202567685,4.457886676875957
3.9986016034934586,3.182795698924731
5.233608520193094,6.052894211576846
1.1765445755877417,1.2727272727272727
3.57155092014196,3.907894736842105
0.5659515641624189,0.5895765472312704
0.5814410831893921,0.6262626262626263
4.188722600964916,6.275132275132275
10.890487877539876,10.26923076923077
0.6143014091340717,0.535031847133758
19.490306310658934,19.17582417582417
0.5364802445338017,0.4817073170731707
0.5171805807001137,0.4967741935483871
0.4655525023428162,0.4725274725274725
1.1759029171648328,1.2003743826668791
6.235122270462176,7.438028169014085
3.330584641707371,3.1621621621621623
2.214710753028691,2.2
5.23286442776171,5.0199973580726125
3.3804310889957536,3.763809523809524
5.128398298770064,4.956293706293707
4.62281422273329,4.9209650582362725
14.572385171874402,16.988290398126463
3.1161718898324695,2.583333333333333
1.3271123871597328,1.5712195631727452
2.5623860999152646,2.5557851239669422
2.453393232438987,1.001040041601664
18.738404636323413,9.636363636363637
26.70370572510306,21.6
1.0754259951704799,0.8856152944988659
1.6709221299733215,1.1654676258992809
13.240984665838864,11.080597014925374
16.449843190297816,27.692307692307693
3.59492631573422,0.6106194690265486
1.6835090547984595,2.254658385093168
1.4152587323511594,1.2741116751269037
1.9996389704953699,1.9634146341463408
1.374693973998128,0.9577464788732394
2.902155449727017,2.3142857142857145
4.82083508943782,4.544910179640719
0.3483371334311401,0.3135593220338983
2.857752706038027,2.6222222222222222
2.0967340394966216,2.5056603773584905
4.047771799478428,3.825230769230769
0.8424252823175393,0.65
1.9676629640929026,0.9285714285714286
2.050602466412216,1.0
4.060012108263478,4.159824046920821
3.9413264327771476,11.161549223179442
2.869919190474296,2.2285714285714286
2.239083670742435,2.2254901960784315
5.406710649278759,6.0
5.215684370473358,3.230769230769231
1.457317930098938,1.1764705882352942
2.6881082862935726,2.7142857142857144
2.325886772673657,3.1993769470404985
2.239009149532879,2.333333333333333
2.899752831047399,2.507323568575233
0.5727969298527289,0.3475
1.9011741637568362,1.839449541284404
1.7945658963257327,1.0
0.2854433954645658,0.3125
1.112177854609945,1.1848341232227488
2.6246629036565303,1.6194503171247356
17.630051316858257,24.0
0.2229766929239046,0.2548638132295719
1.8263503716686036,1.1596638655462186
0.31237830791821586,0.2337662337662337
0.31810958483103224,0.5454545454545454
0.102024802792271,0.1428571428571428
1.7040609923198238,1.3576072821846554
0.9964129232231935,1.0532629998974157
3.169982464029367,2.2310160427807486
1.3737646305941933,1.279245283018868
1.1800718003357225,1.037037037037037
4.964856370944516,3.840909090909091
2.1691568649372517,1.3297297297297297
1.8976215318066108,2.5785714285714287
2.37593094293924,2.847826086956522
9.440292398318482,15.212121212121213
1.6152472562731282,1.125
1.434428789164898,1.2162325863113264
3.346063514989968,3.621818641496713
1.8990133205880628,1.681689918676388
4.57020622136092,3.0855855855855854
6.5523138402717285,6.351501668520578
11.081796464884375,18.876315789473683
10.91266401349288,10.306666666666668
1.0287016073300324,1.0126745897813365
2.4464131281061103,2.1944444444444446
12.545440266309948,13.359861591695502
1.7939996304005348,1.5
8.456249865126981,9.214285714285714
1.2109980367570987,0.6041666666666666
1.0772208284454665,0.4712041884816754
9.001825950735476,7.951219512195122
1.0666953264195094,1.1901840490797546
2.4257360676856,2.2654545454545456
2.0783152506909466,2.412
1.8170552198598093,1.898876404494382
7.428417525838151,7.830282861896839
7.937346611795876,8.849589790337284
0.5903405959706136,0.5
0.5141160902069704,0.6434245366284201
0.8395853259236226,0.8388301539875891
3.5143508729348794,3.525
0.3428529501760221,0.4134615384615384
2.7235409333746885,1.15
2.9240269578760514,3.6666666666666665
9.881562136083357,10.83393501805054
2.285360901108055,2.60327868852459
5.320764277771189,8.482200647249192
2.2002502951016907,2.2485380116959064
3.0972256790153496,2.9904306220095696
1.5936635701936814,1.6363636363636365
5.281452785223304,4.837837837837838
2.161509169243906,2.1
2.9811913153942178,2.934726596049241
2.16383852656982,2.212025316455696
3.086031672608133,3.8217821782178216
4.62303526678196,4.386861313868613
2.9916372888660145,3.16116035455278
2.4404567625708955,3.6416666666666666
4.021401443413252,4.857954545454546
0.8728667720038912,0.9095354523227384
2.691281964848894,2.4722222222222223
3.712272570307068,3.4545454545454546
0.22010812238566554,0.3220338983050847
5.255476633627624,3.566666666666667
0.3180495273036339,0.3899082568807339
0.408479151584548,0.8181818181818182
0.2134415017745922,0.1428571428571428
2.4596453545257497,2.681274900398406
0.9965851527047158,1.141163464069492
4.515346053289497,3.064516129032258
6.639789432810576,9.176470588235292
2.231939044941916,1.847545219638243
2.178850815142223,2.973584905660377
5.672320689020562,5.8
1.885039563106523,1.6421052631578947
2.5710989980588423,2.342857142857143
4.7844157665075215,5.8
1.6937674208800213,1.8645833333333333
4.894997854469056,4.223188405797101
1.2806790478221908,1.1944515143802494
3.5867355975158093,3.790492957746479
1.45654627400187,1.7220830750154992
6.98767810707593,7.310344827586207
11.313427710621678,8.171641791044776
0.5927641829121701,0.6847960444993819
2.0670022633087095,2.25130890052356
18.954672077456628,18.851720047449582
7.483208497184723,21.181818181818183
10.626191718685341,8.777777777777779
0.8824457289983134,1.0660377358490567
12.93056436123595,12.535106382978723
2.610350552443597,2.955223880597015
1.6401453939004176,1.390557939914163
3.4416172077361704,3.5085714285714285
0.3083463276888106,0.4424040066777963
2.877319657088407,2.997341486109265
4.206407831330745,4.944444444444445
7.476996162959789,5.35
0.49376792510078726,0.4654758238373883
2.4498401912791965,2.1786516853932585
0.46150684682516707,0.4725649776844316
3.3219798887267054,3.615
7.760813585769604,8.555555555555555
9.239026063563035,7.698863636363637
9.291093770432797,12.107142857142858
8.142995841099152,8.204545454545455
3.906456541733519,4.333333333333333
5.159891933877382,4.867768595041323
1.6124391841750798,1.4644549763033174
4.835976900286369,4.3532934131736525
5.583703119870513,5.136363636363637
4.31863805924601,3.6301369863013697
4.817505985364226,8.26086956521739
2.8222073177652747,3.548936170212766
3.4776751396538677,3.1818181818181817
5.964474235256683,7.382926829268293
1.6246562162036637,2.615828524319868
4.195297078344311,4.174134419551935
0.4038115771435299,0.391304347826087
0.615835147661552,0.7288135593220338
5.164050810930399,5.0625
0.31857632816292736,0.3208333333333333
7.853969185231811,7.603174603174603
0.3607970728827662,0.3990697674418604
0.3555971623189205,0.416580310880829
2.897084271218681,3.1353846153846154
0.6859192810462618,0.8303146321111274
11.109580554720953,10.238095238095235
5.118920847839829,4.736745886654479
1.92790550785565,1.8503118503118503
1.6408454699404458,1.352459016393443
3.8327378568590067,4.527777777777778
3.751656786079999,4.210005616830065
1.925727529305592,1.1666666666666667
4.156790752007336,6.4789644012944985
4.6009894826045885,5.285714285714286
1.0851303079739645,1.4878048780487805
6.015184111564002,7.0
1.119468952030347,1.1321823330592855
3.4422438310649506,3.303225806451613
1.4026583278328628,1.5354978505463437
4.581554573114708,3.911111111111111
12.61215995886974,13.432892249527413
6.6411864063903545,5.62
16.456520380078974,25.77894736842105
0.906390002091791,0.8349173553719008
2.56441559633651,2.631578947368421
17.575547551813493,12.91869918699187
9.300039323594806,10.333333333333334
11.063340160060477,8.829787234042554
0.6398145195382114,0.3233445096395641
2.351176424646417,2.3346303501945527
9.886279573792558,7.732374100719425
7.616792505947721,4.516129032258065
2.647606211359289,2.23728813559322
3.6112613675874066,3.294392523364486
7.362761571870964,4.93859649122807
0.35927706421935157,0.3886710239651416
3.535995221047158,3.234428086070216
4.075190351272708,3.4299065420560746
6.251077064075721,4.287735849056604
0.6393748427412511,0.5097875013084895
1.6328717215079673,1.652
0.5134730040379576,0.3564630027632791
2.0807481785501127,1.8684615384615384
6.631460660953565,4.888888888888889
8.809661626593886,26.3214920071048
3.671971867870406,5.412451361867705
4.642479530260267,6.827586206896552
3.6490110213668165,3.0597014925373136
5.8192920400990715,5.114893617021276
3.234470556863771,1.6940063091482649
4.42881449881056,2.7635135135135136
2.5226974081934497,2.3859649122807016
6.668089457440279,4.074534161490683
2.282668217370322,2.308333333333333
2.463242108209617,2.635658914728682
5.745155419528013,3.4545454545454546
4.8634629751133716,3.965
0.8402219890733644,0.9690909090909092
4.369544800220541,4.0493757094211125
2.4499963108647638,2.72
0.5242652386251725,0.3159387407827567
1.2994793686834667,2.0615384615384613
5.036170988625969,2.6486486486486487
12.293224279304424,8.458333333333334
0.6732149034385431,0.2248062015503876
11.349826119412267,11.875
0.5005652754766812,0.2918287937743191
0.5525669335099208,0.4050632911392405
0.7821371481878248,0.2727272727272727
3.0609131591975265,3.413978494623656
1.3973966916152483,1.0626437983685422
15.368816134172821,13.732824427480915
6.213587256089061,5.474308300395257
2.361183461004206,2.0338983050847457
3.4013234146470683,3.477272727272727
4.343589920759898,4.120003278458188
2.3540091772211684,1.680851063829787
4.154176672951189,3.832
5.4090126054307275,5.192771084337349
1.4162033193446697,1.0833333333333333
11.226481375754615,8.857142857142858
2.29497612457958,1.4130434782608696
1.0087219842385684,1.1354871024292512
3.5061040781715063,3.337107331496879
1.690453834003112,1.9567936711856384
4.73358106375798,4.851515151515152
3.57357790872926,2.033247137052088
7.082532618916076,6.881176470588235
14.352035419005887,13.809090909090909
0.8727116767866512,0.8540083353763177
3.1850251035263266,5.704918032786885
16.74207274384953,19.841993185689947
10.610685870283241,14.359116022099448
5.231917109665949,4.111111111111111
1.6285864475618874,1.8682634730538925
10.365546350211991,9.07501630789302
1.6134047926282484,1.458762886597938
1.7867068274585738,1.9385964912280704
2.629454140912228,2.8344827586206898
0.3014127671659888,0.3115163147792706
1.5228345560705603,1.458846403110823
4.9473578522026544,5.321167883211679
4.67230322851781,5.513513513513513
0.41046276339431415,0.491908241891683
0.7377811821854328,0.8320596458527493
3.284818784283032,2.4754545454545456
0.3781957960429499,0.4501118568232662
2.2945314376911314,2.142857142857143
4.048373272742122,3.411764705882353
4.375556608696298,3.271214642262896
1.8726627819998103,4.561290322580645
2.6579510485266584,0.9
1.8952726847251187,1.806100217864924
2.018689161029968,1.5809859154929575
3.437274861314661,2.876325088339222
2.0217966990944336,2.0963855421686746
2.826211093014238,1.7340425531914894
2.8994432649064477,2.764705882352941
1.668224176078493,1.3579952267303104
2.109970944457354,2.1426179382644146
2.7964797330296505,3.333333333333333
4.236851589023623,6.946428571428571
4.872747900057331,5.738241308793456
3.264824836226582,3.3380913316926444
2.478443944210323,6.386075949367089
2.1660960780507548,1.5087719298245614
0.3570297071701551,0.3823529411764705
0.6606461467535181,0.694955209806695
4.689154779469271,5.605522682445759
9.168903872089833,8.023255813953488
0.16697337180421656,0.3022388059701492
6.3119396960144565,6.688679245283019
0.2733495766808926,0.25
0.3089567732461323,0.3913773796192609
4.024157252295019,5.078144078144078
0.6906696545376079,0.9198231998766512
4.349716384561564,4.333333333333333
6.296417411802584,7.141317365269461
2.1706032009543943,1.7553956834532374
4.12392760647538,4.130020192954903
2.469914699657371,2.548387096774193
8.089762986838272,7.316062176165803
2.5927305875762454,2.0
1.8596016323190177,1.7189363973127394
5.066683223377211,4.413992932862191
1.8999420805155465,1.6074930118069173
5.567170933421514,5.257142857142857
2.8323935337873247,2.2469421487603305
1.3764045365882427,0.8375862068965517
23.131575285493387,28.90909090909091
3.4410044901203776,3.054621848739496
20.041118749573666,18.1020134228188
1.5497206176683984,1.851485148514852
16.711383717472064,21.23529411764705
2.33580894636028,1.875
15.191919512113174,10.604651162790695
3.321975327137504,2.1904761904761907
7.142377873956299,7.69090909090909
5.0986415695547755,5.284313725490196
7.032473618933848,11.097765363128492
4.966606887544371,4.1732851985559565
0.46658253987354065,0.4661016949152542
5.05307266251198,3.748229233741146
10.13290998418376,9.90158371040724
11.358612277051979,12.764250138350858
0.8877130810250109,0.6157403514672496
1.2896616948939914,1.134885256727753
3.236767112946083,1.6125
0.6652589119333376,0.5237587896867675
3.105559519117019,2.45
1.518266885074493,1.28
15.723166993781334,15.377878289473683
4.847552824991756,5.656050955414012
4.685629911605298,4.301369863013699
5.803495535481602,9.278145695364238
3.319577257340982,0.9714285714285714
3.251833803520787,3.6885245901639343
4.686558500836968,6.166666666666667
2.2645201451454153,2.215686274509804
2.1268974629042567,0.4615384615384615
3.029096000781327,3.0580357142857144
3.1360124847571536,3.4558823529411766
5.346479821553713,5.212121212121212
5.804866265426002,4.741144414168938
1.8282276414879708,0.935483870967742
7.745554716215606,10.578819233110163
2.279923042636417,2.0
0.5079007653119758,0.4285714285714285
0.6326934284513157,0.8571428571428571
8.235093056018986,10.937219730941704
3.854994480910314,3.128205128205128
5.997223337918045,6.0085470085470085
0.46063783424708754,0.375
0.4626991002731556,0.4852856318522793
0.3683169297093622,0.375
3.4793988112740752,8.476831091180866
1.6931797303778193,1.2792036256119432
22.74959169194507,15.0
8.120499282160958,8.371584699453551
4.172763823173586,4.028688524590164
4.914585963434824,5.666666666666667
4.674361663072135,6.420007769213469
4.624851897410319,4.808510638297872
5.71607310338866,8.692762186115214
2.4676673995949976,2.708333333333333
6.0848422131384865,4.551724137931035
1.8186380353704705,0.6428571428571429
0.8016406956175779,0.7045454545454546
2.5867498921574,3.5
1.2026720358352958,1.3126037024961057
4.7363708028551645,4.791304347826087
7.027031225214026,6.1398243045388
15.812952873685319,20.42222222222222
1.3665847122788781,1.2111819881654984
1.8810341072133823,1.90625
8.007392697388234,6.18
6.1752861966360815,5.338403041825095
8.197793105110215,8.976744186046512
10.83302048199603,16.286245353159853
2.496120869851853,2.4565217391304346
2.23447307837492,2.4901408450704223
1.2861663991858108,0.9473684210526316
2.729768534932663,2.5508982035928143
0.24939304443876276,0.3
4.985232457617319,4.64
5.60380049578567,5.593103448275862
0.4179399577703941,0.485054347826087
0.21853231133214238,0.4285714285714285
4.3289630427347925,4.907692307692308
2.471467199325413,3.0
4.617236996308062,5.289962825278811
3.727321108572089,8.990009082652135
0.8615470929740612,0.4545454545454545
5.594181274524629,6.960344827586207
1.9111802744287991,2.087461300309597
3.4395677000198503,3.682730923694779
2.1854068172482037,3.367647058823529
4.155375652186821,4.333333333333333
0.07138688785462995,0.1010830324909747
1.9637326497791086,2.079510703363914
4.86358066702657,5.70063694267516
1.4055717095796614,1.33003300330033
4.063842704397488,5.0
5.371654549656259,5.769934640522876
0.9893659056786528,1.0444444444444445
2.385111508956652,2.2888888888888888
3.2234218909862715,3.2017167381974247
0.299789232379051,0.4375
0.4448280538435096,0.45
3.6173537694803732,3.596774193548387
8.303874022690305,20.0
0.20475702280035488,0.2727272727272727
13.38197211215996,13.242105263157894
0.3649230087861721,0.4569288389513108
0.5406521963609636,1.0
0.2568422146930595,0.2692307692307692
2.4028360675347398,2.9020044543429844
1.0796357401363341,1.1806229862076385
5.074091580950906,4.9
5.388252533166361,7.5
2.052014676877688,2.005357142857143
2.092129297702544,2.2280701754385963
2.199955578802609,3.333333333333333
2.1489461306107946,2.05859375
1.9283831032657481,2.05859375
2.9747515305212477,2.5926605504587155
1.2160547749985424,0.9411764705882352
6.310900045731125,8.341614906832298
0.9694644169105622,0.8
1.2944834236323688,1.1428571428571428
2.8149089756422248,2.679611650485437
1.713287979863538,1.7874074074074071
4.458103692050931,3.8376623376623376
7.869566001058697,11.769811320754718
10.899565477841898,13.46551724137931
5.8222337767925225,5.608695652173913
0.911947573288316,0.8970917225950783
1.6391716173474093,1.0689655172413792
9.825717442085828,8.090032154340836
8.212084441654103,6.185567010309279
17.243116870205505,14.238805970149254
1.7775299415006702,1.68
1.6184096055411255,1.3304904051172708
1.8685635823854132,1.5903307888040712
0.20855354689488928,0.1577946768060836
1.4205069353008035,1.4981949458483754
3.875377222622671,3.0315315315315314
4.414459101873199,3.17004048582996
0.3913512497947967,0.4117647058823529
0.49803150541520635,0.4710118168389955
0.7126681971374578,0.5
0.49589458985228474,0.35
2.349435327308959,2.1533333333333333
5.264880352095944,5.0
5.329097284610019,3.805882352941176
3.019856253353484,2.4693877551020407
2.331267992672515,2.0
2.3903235559281795,1.524590163934426
4.881691795078305,5.38680926916221
3.2921702437604,3.0375
2.5308292573446103,2.051039697542533
1.5844939138216243,1.0793650793650793
7.487779211169666,6.5625
5.000257104666029,4.5
1.509399858298373,1.2203389830508475
1.727189755524868,2.193783068783069
2.873533194033468,3.377016129032258
5.239278786982013,5.241452991452992
1.3400847224263357,1.469601677148847
2.789377815397408,2.9356846473029043
0.723269812381206,0.7517241379310344
0.6792832635921355,0.9672131147540984
4.83167358328693,5.544444444444444
18.986465035900025,17.529411764705884
6.134072668823037,6.32
0.4090886161918549,0.4430379746835443
0.2893476399716807,0.25
1.9634770498883287,1.843920145190563
0.5342958448408173,0.3934053847257424
0.4740376243580118,0.0533707865168539
4.121727918202026,5.582978723404255
1.8040734716212925,2.2995169082125604
1.2020038340227446,1.031746031746032
1.6750957352608835,1.5555555555555556
4.552047021180994,3.9
2.039581045254603,1.2571428571428571
1.723431105703845,2.2803030303030303
1.4327400985712533,1.4807692307692308
8.009236647770399,6.655172413793103
3.654789035675333,4.0
1.0907061698875333,1.1216507545426548
3.3122677104893015,3.5
1.5580693299501385,1.6696870311356902
5.036688264123376,4.099748533109807
4.648869110880462,3.132391116238823
19.92452860116782,11.995
1.0088852464363898,0.935062709889658
2.5808833188159164,2.207547169811321
14.849328969531864,14.95605174552543
1.9898794740882564,1.6805896805896805
12.821329172186084,18.470826580226905
1.8010079575019944,1.3496271748135875
11.319316832264166,6.588482303539292
4.060924334625419,4.133333333333334
2.553720331612294,2.1537102473498235
4.124416777231089,3.144298688193744
0.3038800377394985,0.3360995850622407
2.3204768277461345,2.123529411764706
9.413538238767952,8.433712121212121
0.5010773838563976,0.4418682795698925
1.752440594057787,1.437003968253968
0.43974093085025256,0.5151098901098901
3.9560142915542746,3.1466535433070866
1.4324093206512152,1.5462962962962965
6.502243345794034,6.7981220657277
4.195652881662535,4.287925696594427
2.306060979549595,2.1072386058981234
6.003051100457588,5.97972602739726
1.3568196288870702,1.1359670781893003
3.4418681473990684,3.083333333333333
1.8646557441555935,1.7146118721461188
3.3972390949362152,3.0008163265306123
3.927660548417223,6.0
2.476677870276667,2.3664416586306656
5.6389785318575685,8.765899864682003
2.056747970578227,2.0144796380090497
3.650893798793091,3.447619047619048
5.211898670127927,4.974417716685758
1.352003772504097,1.3779661016949152
2.962062875391838,2.673370319001387
3.1547957442096086,2.5403050108932463
0.4863685589142983,0.5624036979969184
0.47081380466999784,0.5811965811965812
5.007294439349857,6.238012205754141
5.242580851777615,4.222014925373134
0.34497537801444095,0.3766233766233766
4.505091091927307,3.1805887032617344
0.45220191751803007,0.3907317073170732
0.5245279116570871,0.5111111111111111
2.8925306752235835,2.9685002350728724
1.2073171881000193,0.971157120171635
7.253908436434893,7.977037887485649
2.925269160419462,2.3689986282578874
3.275938105495693,2.701042873696408
4.141545216689893,3.940004527960154
2.8921739108736717,2.8963963963963963
3.6506948220946853,3.1976823449216085
3.3978565592685506,3.874848116646416
2.5099113594216624,2.571428571428572
2.690084317031936,2.899159663865546
0.6807907018801909,0.6111111111111112
1.4938769196390131,1.4158292352647708
4.127120033735949,3.74809366354005
2.0533608285841383,1.7870632713556651
5.123743774042333,4.070796460176991
6.618132991419507,6.631413958092724
26.908971403938516,22.228571428571428
1.2668175548585467,1.0776771725383352
2.825653418802166,2.3975
20.544263473927895,19.634050880626223
15.559434399392071,13.43661971830986
5.456344884286385,5.548387096774194
3.6207361622572742,6.5588235294117645
1.861607001286889,1.6608695652173913
8.533555451919847,8.614035087719298
3.5981960985226777,2.24468085106383
1.412403164591832,1.1764705882352942
2.422855697269754,2.133587786259542
4.262997394829926,4.265027322404372
0.4375397444084155,0.4166666666666667
2.6309671073553353,2.691527878349022
6.604454042458976,6.487698986975398
0.6020087947285411,0.5730314889950091
6.604184333531115,2.331439393939394
0.4679315027311604,0.5
5.776470746405262,6.538461538461538
9.694937901387984,8.500306560392398
2.946281334176409,1.556935817805383
4.310747099166875,4.170415814587594
3.9525358623995253,4.128329297820823
4.368772743723846,5.2682926829268295
4.412999491183611,4.2395543175487465
2.854017091657062,2.736
4.133236615599079,3.753846153846154
6.886383207969879,11.75
3.0909367640813494,2.8866666666666667
2.856976564793012,2.4427449359239355
2.469787564907705,1.8266978922716628
4.3792957409883275,4.764705882352941
5.925837942432818,7.109322033898305
4.807472431271928,3.261888814467515
4.552461737492305,3.883379785829544
3.820791402621989,3.4680851063829787
0.4269566053160294,0.4736842105263157
0.7046891554316368,0.6995305164319249
3.3117954912489944,3.4055944055944054
4.38280847062369,3.184873949579832
0.37743369211654687,0.4810126582278481
5.674992564043719,3.5
0.3338925765250852,0.3736842105263158
0.3471263235156471,0.4162348877374784
0.3206398307390924,0.4166666666666667
3.369266503738034,3.335373317013464
1.0806885273758664,1.0823665645416982
6.754360243514245,11.90686274509804
4.639484789247603,4.036190476190476
1.8124353402202305,1.794392523364486
0.9386235682036195,0.75
6.397462388564987,5.829982643910905
2.467154229201632,2.546153846153846
4.901787303496678,4.316860465116279
3.572945402963666,3.3595744680851065
2.51538711932363,2.295081967213114
5.448792677146706,4.258064516129032
4.925273237917792,4.2
1.144051512715429,1.182943233790691
3.3627251806039977,3.524916943521595
1.6926844864420634,1.8496687834853904
4.285793900338592,4.140625
4.833804296153963,4.742786985880908
12.30332390048135,9.607361963190185
0.978575721308373,0.8399334151042579
2.4445011727295087,2.9371980676328504
16.66510710831367,15.58403869407497
12.259505985262797,10.364383561643836
5.5148818800827755,6.119266055045872
3.0046353074112204,1.25
2.062375699167001,1.528301886792453
10.389302187122205,9.190880169671262
3.367118604475313,3.5729166666666665
2.01131142539689,2.380434782608696
2.842491199791673,3.075892857142857
3.684886191732149,6.368932038834951
0.34482132412979555,0.4001766784452297
2.2717447066984273,2.518413597733711
4.446066208468024,3.5813397129186604
5.795047833684752,5.473389355742297
0.5009772286010163,0.3964813639249115
1.6257327922081934,1.076
0.4734901836126322,0.4877943400302441
2.5587708971752385,2.08
0.9988501817972333,0.8785046728971962
7.320529925443019,6.887147335423197
2.015716803681858,2.2009685230024214
1.9794088940681664,2.029166666666667
3.0564871771605047,4.32034632034632
4.325062598474397,4.952164009111617
3.65582444190097,4.6328671328671325
3.505001938161593,3.881188118811881
3.44822602894674,4.638297872340425
4.1604419684799,2.8375
2.861553876230845,1.4292035398230087
2.8238459038139023,2.559055118110236
3.422640297746584,3.4753086419753085
3.8222302611258847,3.8457300275482096
1.4078091142733116,2.4358490566037734
3.1168609311193887,3.204956463496316
2.3792675340268463,2.393939393939394
0.44155331118307223,0.4207589285714285
0.7039352762887718,0.9293032786885246
3.1366613006582904,3.88785046728972
5.828221677332078,3.709090909090909
6.284600758614915,5.797356828193832
0.3081277845758721,0.3495145631067961
0.32291366711303027,0.4418604651162791
3.117613050572732,3.352777777777778
1.0758713046043997,1.068098886529233
8.892504830887937,12.367816091954024
5.343845427789144,5.161559888579387
2.1402414444382907,1.905128205128205
2.1629347058595036,3.225563909774436
4.846537024032607,5.080005334959226
2.3325370706706554,2.0
3.6281919388915824,4.284829721362229
3.6181057016618485,4.928571428571429
1.4594926421755892,1.108108108108108
5.504188643098797,5.1217616580310885
0.716012397974922,0.3809523809523809
1.172848703725291,0.7642857142857142
1.5100127010586135,1.7414310758256597
4.761648358453618,4.766203703703703
24.180548117218603,23.7625
19.149992410384776,16.333333333333332
1.0929284523390934,0.9326065411298315
1.2391850575785321,1.271551724137931
7.655540822411732,5.0
17.75584902218029,17.125
30.212564021552264,21.375
3.350189242284454,1.843137254901961
2.9730061341057663,3.117647058823529
1.0581605774673877,1.077922077922078
1.6903344416911064,1.5630026809651474
2.19321270691975,2.459499263622975
0.3722941538750968,0.4756097560975609
1.2569115034035687,1.0058823529411764
3.229139276365764,3.362919132149901
0.32362240704229855,0.3746867167919799
2.37962045351545,3.022222222222222
0.17383488198094774,0.2874493927125506
2.0598157463469895,2.055
9.972938452010089,10.8
4.144189152225559,5.128205128205129
0.2255267670748912,0.0938511326860841
7.8708200688867525,7.0
2.6605939792141045,3.2408376963350785
3.761165666335131,4.157972079353416
3.0054744857087217,2.641509433962264
2.9047113309793877,2.282722513089005
1.8143450406968236,1.7820512820512822
9.379418577409929,12.2
5.74801885323407,13.88888888888889
1.7543007595683844,1.5380710659898478
3.3716100577930614,4.5
1.7605870742561294,1.6799065420560748
1.9685596595566008,1.893617021276596
3.1795889207387305,3.5607235142118863
0.6921425775086709,0.5139146567717996
2.3781526340530923,2.1666666666666665
1.6957894195403886,1.0555555555555556
0.31918290353205436,0.4375
11.007347439595756,11.1
0.4031974403148584,0.4137931034482758
15.875963587681369,10.0
0.34525369231495223,0.4
2.597816541368325,2.597452229299363
0.5321640784348007,0.5482385098198016
4.591303097473639,4.532307692307692
7.43666834957463,7.75
1.866375511332952,1.9821428571428568
1.0452454925417398,1.0
5.1022474862214375,4.816666666666666
1.4613049013944233,1.4107142857142858
2.051011230599016,1.9442724458204328
2.878343340981918,3.0
2.036372714691028,1.524590163934426
20.44185022615168,19.695652173913043
5.6356343286715065,7.25
0.9481229484872291,0.9045643153526972
2.7162061234013852,2.58974358974359
1.6640949602513273,1.6031434779646132
5.733958091270562,5.774176121015668
22.629233485346422,23.13531914893617
8.487132634908015,10.006802721088436
1.0604010975502556,1.0899598393574297
1.7842021944253577,2.123028391167193
9.487162296470547,9.26595744680851
10.066098388725784,18.97952218430034
7.649104098549396,7.857142857142857
1.9908234597896914,0.9454545454545454
16.65107910404415,17.928571428571427
2.289573318981152,2.375
1.2219633513350523,1.588235294117647
1.3491446016522644,1.2773722627737227
2.2415546729170517,2.9717514124293785
0.2626814621264207,0.3505154639175257
1.25803119073103,1.1288343558282208
3.784305111413259,4.302211302211302
3.7849399410088784,4.225296442687747
0.3533266834301783,0.3875661375661375
1.7152690963354127,1.74
0.20175051611676217,0.2916666666666667
2.1472524061760003,2.106382978723404
5.884842223228738,8.363636363636363
6.585974402955081,6.8191460429698125
5.1914863717317115,7.372832369942197
1.83566623715482,2.0120481927710845
5.442665783965397,7.700707785642063
3.6283288429393634,3.6875
3.447466100542001,3.818639798488665
2.6912719698534007,4.53024523160763
11.511146316513047,13.076923076923077
8.799862823136062,11.0
1.7040471430514303,1.4464285714285714
3.080263696265277,4.652014652014652
1.0479359026174242,1.0
4.084523292171916,4.074626865671642
2.8220944991876706,2.694006309148265
1.754779796569668,3.4722803347280333
1.813876320458597,1.3219512195121952
0.4655349143042824,0.5318021201413428
2.6683067432079404,4.181333333333333
14.76550031101487,16.71698113207547
0.28508054753883544,0.2857142857142857
7.144569425164406,11.1375
0.4506285451180967,0.4550898203592814
0.801352722239054,1.6666666666666667
3.355283216314122,4.383690341976701
0.8910197149715657,1.03931377363123
4.039912921308138,3.997601918465228
1.3683150865395803,1.2607003891050583
0.7508480657698855,0.84
1.7933134786334084,1.5396825396825398
4.984713038839186,4.889993972272453
1.5619407537224097,1.6453900709219855
2.6456552061112286,2.656992084432717
3.9319183689585113,4.142857142857143
2.462041893495927,2.75
11.382483405502077,15.282142857142857
2.7359271593873804,2.4166666666666665
1.7831545274178566,1.190003162378853
5.002839116563657,3.425478260869565
1.8970774175983007,1.7425699831365935
4.314745422932829,3.802267002518892
15.253592739169918,14.943423952975753
39.451766687176395,34.194117647058825
26.961215778489223,24.651515151515152
1.4538105644124775,1.1514053716427233
1.9988441118449982,1.8903508771929824
20.675745522493248,18.22988700564972
19.747373851987735,19.140575079872203
4.164916476710205,3.074074074074074
3.5055212443212618,3.566666666666667
2.5461103719211673,1.8287795992714029
16.07438927666681,14.545727136431784
4.513718341465648,5.684210526315789
1.573320643727199,1.099502487562189
2.430388622236766,2.3851851851851853
3.95441480075149,3.9037900874635567
0.473362763977948,0.5347025495750708
3.2257126966052327,3.0227058679005774
8.558878497579048,7.625187406296852
0.6321151035341634,0.4367816091954023
0.6001524938515121,0.5269719491728603
0.595191314184663,0.5981853532080363
3.6835466939037547,3.328888888888889
5.650850952442208,4.340425531914893
17.36869761022356,16.77570093457944
6.935546312489911,5.383333333333334
12.283345615352706,9.0
4.6429189580759935,4.202839756592292
3.6578523075929317,3.562025316455696
5.243050276792096,6.041763341067285
3.139528146618532,2.907462686567164
5.624317060267014,8.516129032258064
2.0679826606284264,1.8558951965065504
3.773924481734557,2.466411925653364
1.9790317861007853,1.2387387387387387
3.716290019512021,3.2222222222222223
4.17714215706898,3.843283582089552
2.255378637117028,3.598951507208388
5.42997701327964,5.510127016821147
2.713084410922957,1.6666666666666667
0.5441669143130667,0.40185546875
0.5843464601088821,0.4500458295142071
3.2088753676304114,2.492957746478873
12.303788078009937,18.872
0.8878080792771399,0.3733986435568952
13.252329754425975,14.951965065502185
0.2961062411997027,0.3323823109843081
0.29346434377962793,0.4090909090909091
0.19178461559504947,0.2
3.5822438153269154,2.3714285714285714
1.1372133309705128,1.119438849235889
4.009982100335772,3.2765072765072767
6.238802954494359,9.28476821192053
2.0719150437146086,1.9805068226120857
1.0596626761837915,1.1773399014778323
5.181699967900892,4.119997331910352
2.2099372194031393,1.8766519823788543
4.854522896749679,4.562043795620438
3.528295898596694,3.0846560846560847
1.9462790247188524,1.7272727272727273
11.353742957541025,10.378846153846156
3.9013201660421934,6.375
0.9240960267634277,0.8683291770573566
1.598002446881031,1.6685393758427192
4.940033306730476,5.747320061255743
6.015113850377924,6.514532243415077
7.9244340664744595,9.512166666666667
11.360552087994293,15.833333333333334
0.9305154008502075,0.9614851759490164
1.7755699951568622,2.0274509803921568
9.555394880708311,13.25
13.149991305172348,18.413612565445025
5.439105913437046,5.109375
11.195541160961472,9.4510556621881
1.7856241675499658,1.536
2.399469136757964,2.389830508474576
4.695421206827974,4.905349794238683
2.1067820866883737,2.4027210884353742
4.999094337090414,4.934383202099737
6.323172995617046,6.72209026128266
0.4418205640660197,0.4672897196261682
1.6625073963114816,1.1
0.385390318643929,0.391304347826087
5.415562584329092,6.202216066481994
2.741326065764392,3.4838709677419355
2.8986904865971916,4.703703703703703
4.5253058074091905,3.9130434782608696
0.29083163081246627,0.3032786885245901
4.546607318133585,5.471544715447155
2.434449459725093,2.3893805309734515
6.240922884384102,3.899239543726236
3.369241986797383,2.5
2.1600968498803,1.987603305785124
4.617266711303298,4.823529411764706
2.179749828905151,2.546341463414634
3.248364146367412,3.0
3.9044530185328545,2.8194285714285714
1.2592633707414418,1.3333333333333333
3.440719389175138,3.055844155844156
3.3838000570090765,2.3384615384615386
0.5983794091868997,0.8083067092651757
5.398225904982455,6.533527696793003
9.453124118193882,11.25
0.4182143866468957,0.303030303030303
7.579367564236923,6.177685950413223
0.5469949687884725,0.6011730205278593
0.3570864641403425,0.375
2.2775054520148683,2.645378151260504
1.0532778460129308,1.0910584237735512
3.9266580240220827,4.0
5.145888069425943,6.578828828828829
1.760331157071314,2.122994652406417
1.5581992120079806,1.92090395480226
4.110001672617395,4.279968863518422
1.5822535147850583,1.4764705882352942
3.9832135627222733,5.143939393939394
3.861449642142369,3.62015503875969
1.6009139025671555,1.7605633802816902
4.3839450128877155,5.741379310344827
1.550429182626757,1.7333333333333334
1.491080157298767,1.303807615230461
3.452721232542297,4.236310477834334
1.9931192858544713,1.7629348915674434
19.016757100514333,17.176470588235293
7.175572084096807,1.894058823529412
16.890178915568075,19.20833333333333
1.0092873461319152,0.8267625231910947
2.554081339207685,2.858620689655172
24.33267078895384,23.11418685121108
20.200802538418365,20.8
30.51414097462067,29.246376811594203
1.7633286128395054,1.5
2.599746496113887,1.7337278106508875
17.039831257870635,15.310679611650484
1.9988158926447568,2.121794871794872
2.462678342528617,2.43952802359882
3.857049558668206,3.871794871794872
0.3735244652026903,0.4054054054054054
2.9339020924734327,2.776604386677498
6.727772152317132,5.595902105862265
10.758838728925234,10.770687237026648
0.449242985805399,0.4444444444444444
0.5345175726431879,0.5470562956596476
0.829474907575737,0.7561076604554865
0.37490356581971923,0.4285714285714285
3.769533753202425,3.1415384615384614
5.085296537408096,6.2
8.336211350784163,8.364464692482915
1.7709522100523576,2.048611111111111
1.5804569477984969,1.0
3.54028696119485,3.183734939759036
6.179721094093913,6.777439024390244
6.175442424229044,6.227390180878553
4.114080044107689,3.981818181818182
2.1799530452160654,2.515527950310559
9.810464271249545,9.774193548387096
1.2326379539729526,0.9
2.473226616340007,2.5685714285714285
5.868116947691827,6.222222222222222
3.167333189413032,3.4838006230529595
2.088483869515111,2.411504424778761
3.7318544993544727,3.75
4.702931511060227,4.615487316421896
4.507946835684098,3.84622182942996
3.4682562987841106,3.922926447574335
3.6407965579471533,3.500354609929078
0.5183924459740257,0.3333333333333333
0.7183644390672399,0.5669642857142857
3.122240439657242,3.082089552238806
6.9378046811292,4.0
0.6115168995039464,0.4545454545454545
14.979086381391342,17.0
0.4364470864600961,0.3978494623655914
2.6751975728959327,2.9675
1.1558421143676716,1.1033550325488233
9.791718878972617,13.0
5.663942973605402,5.974317817014446
2.276478627583289,2.0310344827586206
2.6738995078500913,3.3821989528795813
6.371443198658017,5.350002910869185
2.4723552974027667,2.7545454545454544
2.8575840544287807,3.1336898395721926
4.173284472807074,4.3355263157894735
1.92025847839081,1.816326530612245
12.469777472909403,11.364963503649635
2.527074342377285,3.0
1.0571618843533375,0.9523809523809524
2.9932290288639116,3.1171875
1.528854886719993,1.874573911373565
4.257649560043358,3.8869552914544414
5.746581853410106,9.063013698630137
14.291866458226869,10.238095238095235
11.768218995746816,14.306666666666668
0.8794373842903092,0.8683017915720413
1.6387721338368864,1.5352112676056338
9.097670584525101,8.8
3.8087730155095434,7.417721518987341
8.25141501530702,7.821052631578947
1.282930340960903,1.2950819672131149
12.08168777060963,14.849468713105075
2.106848556161161,2.408450704225352
1.8201720546195164,1.3059071729957803
1.7498676062736545,1.963235294117647
1.9137168745515591,2.161764705882353
2.6480567923014027,4.095070422535211
3.852179057698846,4.003355704697986
0.2542632428902132,0.1578947368421052
2.3438499055620254,2.4176
0.36212824624165707,0.3488372093023256
2.2901461553300324,3.303333333333333
3.2058310520060314,2.882013201320132
2.203770268065396,3.6407766990291264
2.635158436324968,3.0
3.627697766324758,3.723140495867769
2.515627461898885,2.3306026916325338
1.2007504235101063,1.736842105263158
2.7223970890992115,2.2745098039215685
10.003926897776585,10.163934426229508
0.8989400454539387,1.009302325581395
1.3475093775775084,1.2173913043478262
1.6608288234862578,2.475757575757576
2.7508044007418637,2.92
3.6898599653050823,3.5692821368948247
0.8818334564681156,0.4461340206185567
3.0176535484795544,3.4244306418219463
0.31108067470377604,0.3888888888888889
0.6927370922856253,0.6782880071333036
2.387284329534199,2.431972789115646
4.6733648452591865,4.398104265402844
0.3298594754403401,0.3292698575644809
4.438463784467106,6.511111111111111
0.179293321281008,0.1428571428571428
0.20431236064816902,0.3305785123966942
2.1052243926398573,1.7629499561018438
0.9849768479897507,1.0336239558608875
4.378036162684084,4.39268680445151
1.531950556054999,1.2315608919382504
1.5222398741572687,1.2968036529680365
2.1877216112824183,1.5847750865051904
1.4528699681009747,1.6206896551724137
2.048837045085441,2.25
1.835096188561423,1.9257142857142853
3.4506206228103062,4.933518005540166
0.5300066913701333,0.5
1.3592192124883478,1.223959615858163
3.6048349819830934,2.8198830409356725
4.50161922439869,4.26448362720403
13.716694501530814,14.014112903225806
14.565403401064318,21.87471867966992
13.370286459748547,11.37092731829574
0.9705496764273283,0.848073326481441
1.8012775283689608,1.6900369003690037
17.673034376702756,19.06125249500998
15.360563881452148,14.937373737373738
2.8046370512292085,3.0
2.0617312922649877,1.8
14.290999264855728,16.295172413793104
3.012585733104122,2.838888888888889
2.5396360805966425,2.3225806451612905
1.2673196537452411,1.2053571428571428
2.294434012111927,2.618157543391188
3.9076068258755825,4.356635071090047
0.40662484708858154,0.4124261040918048
2.778534656573214,2.8292682926829267
6.217610351429527,7.220151426907397
6.94002793322497,7.557213930348259
0.43170704515776787,0.4283752231836286
3.3571741890685693,2.006
0.3956713238548294,0.4986324978457158
3.09036702009507,2.6125
1.6257549027950415,1.1045751633986929
7.586587231251029,7.35978835978836
8.267804891993299,8.775862068965518
5.181672763711719,7.5
3.5692189984700313,4.001656177542232
2.88542668679486,2.409863945578232
6.70728318337784,6.590909090909091
4.093197251369481,4.979978925184405
1.7730588462204309,1.9142857142857144
4.453691594864961,4.219387755102041
5.95321232213873,5.133333333333334
2.1795743651942945,2.372549019607843
2.7138232281162984,2.7444444444444445
2.1590254744008988,2.1545023696682466
3.457544169490566,7.544419134396355
4.258760598697112,4.2125
2.4232938084726405,3.2266368214885284
6.642553168473867,4.807738061519289
2.1536206430069313,1.826086956521739
0.38358311840812404,0.4925028835063437
0.6697575758787806,0.7488226059654631
2.0711370045483313,2.3471810089020773
10.62883105789557,12.647058823529411
0.38522266297415775,0.4199134199134199
9.58175719124686,9.181818181818182
0.4249394852709141,0.4816872427983539
0.4673400882792928,0.6459627329192547
0.4942305557496048,0.7142857142857143
2.823959959790695,2.777158774373259
0.9491249433289528,0.8668718373894354
3.0108626400286127,2.8766233766233764
2.2741862729213542,2.4725806451612904
1.1731020327500388,1.0396825396825398
4.387079339978568,5.009998143062384
2.1829796496117035,1.7293814432989691
3.7956945194766387,3.78343949044586
3.304416320420465,3.3773234200743496
1.7994298775103963,1.807692307692308
12.47211683855135,12.813909774436093
1.9444762443111085,2.0
1.1636314401301129,1.334080818047271
3.9784348000220024,4.201297898640297
1.890685454467222,1.5506412406781411
4.666742604845562,5.318059299191375
7.099043132562317,8.198552223371252
4.900988858149472,1.04576
19.20559561478998,19.53846153846154
1.1305582052721923,1.027408637873754
2.756295329019672,2.8308026030368763
13.678369820527136,11.493247391037446
22.675111486260345,23.43243243243243
6.498388801154239,6.315789473684211
2.0340778990921096,2.7
1.4663124739625144,1.3473684210526315
13.009885141032422,16.53968253968254
2.516163964750863,3.222520107238606
2.343760660489975,1.9603340292275573
2.7310187700044994,2.6109324758842445
0.3522573989519265,0.3487565066512434
2.7116289911059206,2.778644271145771
5.873552428600474,5.978482446206115
5.903943403579108,5.808668076109937
0.284726668027663,0.4333333333333333
0.33847704895286423,0.3435510492808299
1.1111162399408823,1.05
0.29207202675960237,0.3351955307262569
2.466580775994506,2.2045454545454546
3.2092812474106003,2.9
8.216731462523674,12.611940298507465
2.1072519952086486,2.3684210526315788
1.1788273116176438,1.4285714285714286
2.204689850810604,2.1088709677419355
6.30687585743886,6.657039711191335
5.3527687866531,5.489583333333333
3.1527931108178855,3.421686746987952
2.116451082330746,2.4239130434782608
6.410575332791497,6.346153846153846
11.786546886348898,22.5
2.898632053815894,3.66747572815534
3.0048899976021506,2.588235294117647
3.0903981337548743,3.4703763010408326
2.5474838290604263,2.953061224489796
3.0423160997247507,3.243781094527363
6.181056471076502,6.973193473193473
3.210998467210594,3.6105445716267774
3.1971014002279876,3.619426299346777
2.650738936003778,3.21978021978022
0.2761345753793113,0.4074074074074074
0.9205359645074365,0.7584990542405807
3.1334688802032655,2.857142857142857
0.5041320764878237,0.5691056910569106
7.9613800967305615,8.54054054054054
0.3073391131013484,0.325
0.35829786968311633,0.4387096774193548
2.482108069196253,2.98488120950324
1.1927276758191812,1.2465490205636938
6.1816281935059445,6.796407185628743
1.7758158155305024,1.7546816479400749
1.6355119837097756,1.6948356807511735
2.049695620091237,1.7837837837837838
2.1289291761818814,2.1780821917808217
2.6933348840176565,2.4180929095354524
3.3338245509396502,3.2379310344827585
1.283913186585334,1.2580645161290325
6.395957770586869,6.495614035087719
0.7576402726333329,0.7619047619047619
0.8282331365063067,1.3225806451612905
1.7787289920317204,1.4910714285714286
4.041137489018493,3.689680772086117
1.0469561701781895,0.8181634304207119
17.2449000860473,20.612
11.144539964076118,2.425
1.0409066952814214,1.0170975062134546
1.6341300148441311,1.6906474820143884
5.434010882516785,4.205882352941177
1.3159130238588777,1.2325
6.203949631312838,4.887118193891102
1.3655661397947676,1.3162217659137576
1.2284438410504634,1.1411764705882352
1.2705892489588657,1.4057971014492754
2.1401535583896383,2.5301204819277108
0.3188948342230424,0.3190298507462686
1.0498567906344691,0.819672131147541
1.5626348542456476,1.208955223880597
4.05621071522755,3.737864077669903
0.2919084078809545,0.3214285714285714
2.3038206703825055,3.525965379494008
0.3032297265706727,0.3637873754152824
1.7602478039984453,2.656716417910448
0.5100606235883036,0.4682080924855491
4.013133409764838,3.360071301247772
0.3617073229289759,0.5636363636363636
1.578737433412972,1.181818181818182
2.1250894646892053,2.185185185185185
0.9309292968245264,0.7898903775883069
1.8325151423222747,2.073170731707317
1.2008983918651874,1.2777777777777777
1.29813455831682,1.3541666666666667
3.297872991748065,2.4714828897338403
1.5654120445144941,1.6184971098265897
2.139127671597677,2.569230769230769
1.6088368982401287,1.6666666666666667
2.3757499147806374,1.5185185185185186
1.021853487936844,0.3448648648648648
1.7089789629659613,1.7450980392156863
0.4284898297242689,0.4144518272425249
6.604256067397675,6.615384615384615
0.36020633218445647,0.3673063141969902
1.2300979954993974,1.0228310502283104
1.4347174866634882,0.9090909090909092
0.7817352271814546,0.7493452329951625
2.4331997861547667,3.0292887029288704
4.146476230982731,3.958064516129032
1.354574735032139,0.8589743589743589
1.3555699742080192,1.6690140845070425
2.4367395656555737,2.5531914893617023
1.6493191519382306,1.2156862745098038
1.446916817055254,1.394904458598726
1.5319010677273739,1.1805555555555556
2.1397001519474586,2.00625
0.760921664681127,0.6363636363636364
0.7822754170257358,0.7368421052631579
1.925597593485529,1.866791744840525
1.149740964920058,1.7104693268957682
3.950941297960952,3.8568329718004337
2.007196126188449,1.2321707444039562
13.501245131751034,8.4875
18.756248427775205,17.307692307692307
0.9508092438058093,0.9485387360287828
2.2870822177519137,1.9808153477218224
8.389918520192865,11.647208121827411
6.093387757883755,3.463470319634703
2.20296983723374,2.3908045977011496
0.8175167350348871,0.6837606837606838
6.151803937310763,4.780923076923077
3.0939079382022108,4.521739130434782
1.5179005831261732,1.132867132867133
1.5785762277641413,1.7560975609756098
2.1297242380681563,2.1828358208955225
0.14655294258760204,0.2222222222222222
1.2327255951138785,1.2424242424242424
3.274564241745402,3.0054794520547947
3.756905440867392,3.205338809034908
0.3992116151317272,0.3465346534653465
1.2410564062831453,1.0875979714153987
0.43346057055653997,0.5194805194805194
6.063855793951148,7.530864197530864
2.647140606735543,2.3289473684210527
4.490746187501816,4.8291457286432165
2.673224262165423,1.3616438356164384
6.245382531545525,5.78125
3.846676637580746,3.1236959761549925
0.8402687472507913,0.922077922077922
3.614448929467187,2.1396648044692737
1.9632297647152166,1.681372549019608
1.6420232661390388,1.2666666666666666
2.350213512441,2.904109589041096
2.1687544857459895,1.75
2.421153737098234,2.4722222222222223
1.8476023819710456,1.3179723502304148
4.206957575105114,3.751633986928105
0.3849385560183239,0.3874501992031872
1.7400390201974938,1.1666666666666667
0.5503354583592073,0.6923076923076923
2.024974515468903,1.774468085106383
2.918100567558461,3.5294117647058822
0.23721153608848505,0.3538205980066445
3.8774989063150445,3.346613545816733
2.9368067734007828,1.7760736196319018
0.6308116734150433,0.6449257601362247
4.201059534523105,2.881057268722467
4.857016736611395,6.762658227848101
1.6271809174139409,1.0148809523809523
1.1868561539800795,1.039568345323741
3.0912287892960624,2.800429184549356
5.0004817338852545,2.31
2.1419914389309747,1.370044052863436
2.0486246683854414,1.5080645161290325
4.211003008981326,11.391610987379362
2.4769332461738163,2.0
0.9924037881337939,1.0597252840427336
2.2625028427588445,2.998561151079137
1.4656423659811169,1.7199938099659549
3.9416269703970146,3.827586206896552
6.18375082643659,5.960303139660772
26.695020767226648,22.23333333333333
0.9364438185375752,0.6995788488535329
3.183175568860186,1.872340425531915
19.698011326582893,17.64950015146925
15.39077246245921,11.943469785575047
6.944585972027453,2.3047210300429186
1.4299081586891376,1.698717948717949
16.668386951711962,27.588571428571427
3.9323570179942084,3.1379310344827585
2.248429206048961,2.4151624548736463
3.314053813920408,4.402930402930403
5.005095016137532,6.4055459272097055
0.32379433651949646,0.4648850217526414
2.772641339112516,2.543706777316736
5.286852462246314,5.972021660649819
6.868421539167149,6.742016806722689
0.6816308536444047,0.912621359223301
0.5443818523004247,0.3104789193614408
0.45162030433298156,0.5173427056925559
1.7486758160631837,1.675
4.615768783621456,7.391304347826087
9.667184036760588,5.8431372549019605
6.332030152412937,7.224043715846994
4.638794059129605,4.363636363636363
3.8725273728266236,4.965671641791045
5.234097311178919,5.438175270108043
3.2034129039026764,2.82521847690387
4.849599512066466,5.276041666666667
2.384764370969832,1.6103896103896105
7.799521761715393,11.767441860465116
7.837999108497353,3.9864864864864864
2.812355536293662,3.477777777777778
2.611460306754625,2.3529411764705883
4.0946179553789515,4.40341655716163
3.5106375034468966,3.923076923076923
5.183239877968351,4.1492932862190814
1.0890673985796622,1.2135922330097086
3.620716560031889,4.103280752425387
2.926369101856624,1.6
0.42555890796116586,0.4197667962243198
1.3677876565198002,1.6344827586206896
4.6798917368936905,4.491620111731844
20.66711565235473,27.149253731343283
0.45057301493407165,0.4
5.075312655612188,3.546916890080429
0.39225691728766604,0.4208494208494208
0.39799517343271484,0.5081967213114754
0.2259471674830741,0.2727272727272727
2.873909160948669,2.4465811965811968
0.9437592793155736,0.9136968912137812
12.335998020371497,13.60377358490566
5.111780988041222,4.725834797891037
2.813438752088724,3.966666666666667
1.6844974654980112,1.0
3.1891497995782574,3.25
4.690930454109573,4.070003026430829
3.6679403605616683,3.3391136801541426
4.4157519250706,4.63849765258216
4.592448636721989,5.516556291390729
7.152798005123476,5.85
4.399738139524955,5.0
1.2673261890255167,1.236269280668877
3.7901545436822186,3.3456983629397423
1.6662327396376457,1.6430805437710958
5.474758787131995,5.658333333333333
7.273863073200282,6.88534318665323
27.882945804883715,25.9675
18.96191683649168,16.462857142857143
1.3590732932150242,1.1516005544794412
2.6013224006423576,2.591743119266055
19.229397411515574,18.25776362188602
2.9869369998392306,2.912568306010929
2.6729955448050515,2.1024844720496896
23.691725005437114,13.595348837209302
2.914039693173473,2.967741935483871
2.9406019569523933,3.2816326530612243
2.759666816937793,2.338206627680312
5.348448851750057,4.543988269794721
0.29204063788416507,0.3968072976054732
3.3794653955187917,4.176351733613513
8.187358320520051,7.863433312061264
8.653419478886622,9.176252319109462
0.5640131692015333,0.5617327638804149
5.25009019935209,5.708583539385376
0.5734477775318232,0.5226903706965352
3.603983696082497,3.968510638297873
2.0925329730191025,2.211267605633803
10.889427961815413,10.235873287671232
17.526641308858146,18.83084577114428
1.3077720662213776,1.1875
4.728285602598355,5.6173200702165005
5.48356156692348,6.374137931034483
5.632495847069818,5.590062111801243
4.897063406938628,5.379834254143646
3.0567679311942806,2.6341463414634148
4.117132967974254,4.101449275362318
10.804618105453038,20.5
2.6566542533209296,2.5111876075731496
2.654424565494233,2.658735404274069
3.4109723574225175,3.417956656346749
4.804215416186076,4.660714285714286
6.277061027079293,6.426900584795321
3.0392019972444073,2.9346031746031747
6.916586881047349,6.893558197401161
2.8700838982950785,3.5
0.5507671113404002,0.5858178887993554
0.6720033223783441,0.8677098150782361
4.433275374556237,3.3564356435643563
6.048272553459495,7.039735099337748
0.5208643820653571,0.4377702465817459
5.718078392739211,5.28125
0.38443905941905726,0.3728668941979522
0.3564283144669711,0.4898419864559819
0.16239869791832023,0.1666666666666666
3.875470232986908,3.835004557885141
1.2161478926057008,1.2738517159212293
9.370071164620471,10.208672086720869
6.759281855431016,7.850719424460432
2.832588300524284,2.500733137829912
1.9657775661025148,1.0336134453781514
5.64574022447809,5.349990113273637
5.559245586087745,5.302197802197802
5.199812923307586,4.551212938005391
1.8018815976110574,1.68
8.428024322041145,5.878807947019868
5.707979962621249,5.625
2.2533037166683574,2.124548736462094
1.291537464424473,1.6158169409875551
3.452898426670979,3.67986798679868
3.024723466664496,1.634204909284952
8.215311363867729,13.875739644970414
15.389943434590823,15.46
0.8557771902646489,0.6259725951938305
1.8335867735754752,1.5183044315992291
13.263958346396763,14.49063670411985
3.192340366014805,1.7265625
9.10684270848405,15.42570281124498
3.2813785709204613,4.533333333333333
2.3450107125238913,1.7018299246501614
1.6954221006338925,2.0657276995305165
2.8112384161005575,3.321428571428572
1.6854282107163225,1.396681749622926
1.0497135040787549,0.8029197080291971
2.0752945339434863,1.6738197424892705
0.2273188457019787,0.4032710280373832
1.5098894305691348,1.673469387755102
4.364384117348755,4.631921824104235
0.32889883493921285,0.4390243902439024
0.28264901840975293,0.4633569739952718
0.6781489794904785,0.6875945537065052
1.2408286060183258,1.2844827586206895
0.3142777585467432,0.3472222222222222
2.5655934955487663,3.1415607985480944
0.7767429121536567,0.7533460803059273
4.610150883622674,4.629902491874323
1.9921725651792,3.380327868852459
0.7494250789767305,0.5405405405405406
1.4581685602426915,1.7142857142857142
3.865206193074153,3.808080808080808
2.2904553596517565,2.035830618892508
3.0877236077212213,3.078470824949698
2.064783074819216,1.5647668393782384
1.6373905888447884,1.4545454545454546
3.8129089808972862,3.2857142857142856
1.9143402841015429,1.7405966277561609
4.587564176159471,7.592033796016898
1.8584449844333077,1.336
1.836670020465554,1.477859778597786
3.6716009528380917,4.004056795131846
0.47200600784672736,0.543630017452007
1.8909318711117562,1.9824561403508767
3.125590591858888,4.177428106348345
0.5656513212137033,0.5740740740740741
0.34472434465951074,0.5789473684210527
2.27442030652312,2.0614617940199333
4.795910862867324,2.625
0.3032331402114692,0.5298013245033113
1.6517511407195036,1.4305993690851737
0.9932744801359807,1.1990412671946644
4.11366806272694,2.0
1.4825068969991753,1.2585034013605445
1.324271963571598,1.2956810631229236
1.3023993846035178,0.7777777777777778
1.897945043482157,1.6487179487179486
1.6622756337216953,2.056
2.686543717693962,2.6448275862068966
2.346249680263448,2.292929292929293
5.098314266983691,6.141769743101808
0.7865216038021552,0.5
1.511417000250915,1.6793388429752063
3.3677419208252806,3.2416160609081843
1.7463561721301923,1.7972113457967978
3.136897082566092,3.0206896551724136
16.1866305060906,14.82
1.1063447212300912,1.1101192802538808
2.0181795623364875,2.0010729613733904
22.02342207754634,22.99649010848756
13.420831303135708,10.0
22.883111840941368,14.705128205128204
2.6233437675316873,3.289473684210526
2.224209737108303,1.864
17.432598920595108,15.836601307189545
3.0047585178530847,3.232142857142857
1.494382695748313,1.4257142857142855
1.7549543072241414,1.6170212765957446
2.0487221238504256,2.227272727272727
0.3789803083329015,0.4166666666666667
2.2404027399632724,1.9629272989889264
8.397598607654558,10.511511511511513
8.034911808172188,6.564671814671815
0.47338448341065337,0.6
0.44150932953368777,0.4755228683061365
0.7072373719736655,0.7675747993189005
3.327143845455147,3.76
0.40538936403214915,0.5255813953488372
2.486983504436645,2.61875
4.958960029370147,6.2631578947368425
6.167686795341638,5.618698836708315
1.8845454496439804,2.975206611570248
2.806602044996071,2.8939759036144577
4.286356489593353,4.099115044247788
4.284289213148919,4.25925925925926
3.3392221624696408,3.119250425894378
1.8676667392121833,1.5488958990536277
12.414910636582892,16.23076923076923
2.014667948790984,1.9722222222222223
2.1249159610408506,2.0869565217391304
3.1785295797537696,3.127422751300013
1.7582666945777299,1.6757369614512472
2.27603378759324,2.5450236966824646
3.613761217072871,3.277482269503546
3.718989639147706,2.2436453812771235
3.050285257145598,3.379718875502008
2.8727582949018142,3.174950298210736
0.4893198288330516,0.5
0.6306227073692559,0.7394957983193278
2.3096734884988304,2.5144404332129966
11.988091693950802,19.23809523809524
0.4686737533293977,0.4347826086956521
12.069513982773222,11.412280701754383
0.48781065199417367,0.4583333333333333
0.41057244379377594,0.4711779448621553
0.47081230048454326,0.7349397590361446
1.9239773373797528,1.7095588235294117
1.0202248556161653,1.0923109207391588
4.192962432300383,4.4792122538293215
5.243027056305825,6.6875
1.9045887955508412,1.5357142857142858
1.836859018903783,1.5773809523809523
6.383797221383725,6.400010001500225
1.6234118712837526,1.584664536741214
1.6969326179366253,1.7088122605363985
4.523201607240096,4.34113712374582
2.240341542165558,2.0
11.186258884246728,8.880829015544041
3.060619432171424,3.142857142857143
1.0441187507651275,1.1747151383613674
2.9097665044764445,2.828767123287671
1.5001301027436234,1.5930982074525994
3.993021916155403,4.512820512820513
2.3417462682947914,3.1629231255931667
14.745001183775736,23.34
7.703323070646714,8.465
1.0528615704926345,1.1433066071247335
2.4415820142018694,2.705583756345177
13.533161971127337,15.508896797153024
3.6586268591358984,2.7493606138107416
1.2640840959603241,1.6810551558752995
8.918119214334064,9.785180930499711
4.644328079172331,4.828859060402684
1.990463631807014,1.6319218241042346
2.6578498213125354,2.449152542372881
3.3786536585808804,4.178861788617886
0.21455055450001034,0.2896341463414634
2.6042254098812743,2.591962905718702
7.383716322180378,7.923150816522575
0.4918920568195662,0.5342163355408388
1.0130025220065182,1.236923076923077
0.36241032937998846,0.3616187989556135
3.4414522486423813,4.53375
0.8491238770124065,0.4706896551724138
7.065574556339264,6.271356783919598
1.7151543354754049,1.2118380062305296
2.5855690282419945,1.6938775510204085
2.7982512988275117,2.984747378455672
4.681467321765874,6.190217391304348
1.7257001825717553,1.3566265060240963
3.450558002359325,3.75
2.4979745541756477,2.647887323943662
3.453112984433055,3.251336898395722
0.4038046742392005,0.2388380849919311
2.5923662639816962,2.588932806324111
2.797159063388865,2.75
2.968868997565059,3.2
2.7480345176958236,2.733674775928297
3.787831986717774,3.8369565217391295
4.763456665192926,4.258
1.048754541482412,1.2460567823343849
2.998149958900755,3.320987654320988
4.087821149990118,4.688311688311688
0.39183931427887236,0.3333333333333333
2.7360433040139576,2.756097560975609
5.888690005320449,5.642317380352645
0.26868583485887443,0.2666666666666666
0.3548909490345813,0.2939393939393939
2.695074569140891,2.5341074020319305
1.039312282563115,1.1084507855822552
5.222517028287658,5.361676646706587
7.115048141825477,7.391791044776119
2.0663441810924974,2.0052631578947366
2.3136133672200274,2.4375
3.3959158976631993,4.08
4.874349989421316,4.970013397430845
2.330031316025383,1.905579399141631
2.680433276264588,2.749546279491833
0.7439330888359128,0.8333333333333334
3.5995300491103777,3.627218934911242
1.2417431897560918,1.313157894736842
2.7830374153971884,3.09375
1.591340511841247,1.8809122675652064
4.559960707193233,4.552921253175275
0.8385887832981764,0.5859390559649472
10.115123243983541,7.598802395209581
15.65413483404085,16.075
1.1194755381965158,0.983107450878672
3.216302804805811,3.8121019108280256
16.57247053729149,15.187262357414449
15.482036765327255,11.428571428571429
7.020259408518346,4.047619047619048
8.187479151913447,11.714285714285714
3.729551776430151,1.469135802469136
1.9431848105411285,1.7303370786516854
2.4195339992464038,2.2704918032786887
3.752964265056381,4.041841004184101
0.2295700610201289,0.2461538461538461
2.827368560309496,2.77989417989418
5.492054777179084,7.313725490196078
7.612657533377968,14.098214285714286
0.4816597874628663,0.4199865604300662
2.6692801245503435,2.317765567765568
0.48096583028916484,0.5124240750966317
1.7419225756093732,1.6716666666666666
3.794096247525064,4.064516129032258
4.06188067993787,3.7845036319612593
2.233242079010913,2.5026178010471205
5.9167803056120745,6.151515151515151
2.6425387915451615,1.9523809523809523
5.508969523062128,5.989082969432315
2.797068993818764,3.808139534883721
5.71287957105535,7.864406779661017
5.342462875870562,5.410256410256411
3.0457119855970562,2.4451219512195124
4.658137183184863,4.471264367816092
5.183432327570636,5.055793991416309
3.198917987581945,3.2142857142857144
7.708965612182746,7.738341968911917
1.5567158859173817,3.79345703125
3.6159781983630293,4.251563691838292
0.5208569907027398,0.5639344262295082
0.8668733071890615,1.0448916408668731
4.929635128493868,6.151260504201681
7.262939353420947,6.338983050847458
0.28254492874565434,0.5023255813953489
4.240043772458488,3.6267123287671232
0.5125758145753487,0.5378151260504201
0.5041816221743056,0.7032967032967034
2.649312329128541,2.180904522613065
0.8311266516206417,0.7015016110401848
5.98228322176949,5.946428571428571
7.193811853651974,8.739612188365651
2.912367778146439,3.016759776536313
2.434349001827609,3.046875
5.089441207413739,4.0900077079391775
3.047349449267145,2.2996845425867507
3.6299161819205485,3.8142857142857145
4.75766007718074,3.771929824561404
2.1561546504013998,1.375
5.215743813639747,4.4035714285714285
8.717118572655346,8.333333333333334
2.8143040638100048,2.475026014568158
1.5378531989650366,1.672864613596746
5.388415737716503,6.452015355086372
5.716406207473551,4.86963906581741
3.3405362579574804,1.5205
9.24578704245801,9.121739130434785
2.6910008337131397,2.7806691449814127
19.160914297948594,21.45798319327731
11.113161291133887,13.175115207373272
5.129682255024825,5.258620689655173
2.441993005089451,5.44
1.7642389801967888,1.820224719101124
9.877028241224682,10.105527638190956
1.664361052308216,1.5142857142857142
2.7341904380731035,3.04320987654321
0.34046855711534024,0.3780487804878049
2.070999012439979,1.844097995545657
6.548103063507324,6.428942245295263
8.471080278742212,8.193863319386331
0.44172491814253995,0.4824231704620826
3.4144171352047437,4.525
0.41881392402997886,0.3458646616541353
3.0447311203209644,3.225
3.4327153094595557,5.631578947368421
5.728541301163639,5.585874799357946
2.750893932249464,2.6666666666666665
3.0220857146854714,3.43859649122807
5.489557687919301,5.929032258064516
1.5411490669819687,1.3997271487039564
4.140638463169144,4.576138147566719
2.1785527400756575,1.9280575539568343
2.954490281844444,3.3839662447257384
1.1927518129179169,0.5384615384615384
2.4236253258413605,2.8566666666666665
5.010278611693471,5.777777777777778
3.426741275664302,3.514705882352941
2.6516277651371687,2.5176470588235293
4.156742195389048,3.7639751552795033
5.592671035362669,6.429591174561973
1.4154137705430254,1.171614771904417
3.042551687169551,2.7730829420970267
2.975153763837091,3.2780269058295963
0.3386743349329717,0.3636363636363636
0.8433311837657886,0.970873786407767
6.532918549359818,6.747688243064729
5.719475123309348,5.222222222222222
0.35522355222167284,0.3636363636363636
5.1190876957142635,4.6869565217391305
0.5055214396788248,0.5607064017660044
0.4895986690821882,0.6896551724137931
0.32451891107747505,0.375
3.245533515952987,3.150093808630394
0.996777783511829,0.9527689388698934
3.901485615047683,4.733333333333333
5.0485822822755,5.144366197183099
2.014666153217015,2.0467032967032965
2.0209064539612944,2.9867109634551494
5.421766073485291,5.3500908540278616
2.3648653976564455,2.0444444444444443
4.360986485168551,4.837714285714286
5.806666672713598,5.944055944055944
2.6910133196984387,3.1574074074074074
5.080053269589396,3.8782894736842106
1.5056576414996092,1.3333333333333333
1.227821562403471,1.149331352154532
4.571870291084609,3.451316311681439
1.8736290681748495,1.7108959144641334
4.847735486765943,4.535757575757576
16.19847477940148,30.501295336787564
2.429116454683178,2.0179787234042554
17.300988698916278,16.005555555555556
1.1332556132755296,1.043884004318988
2.304944965240794,2.1635802469135803
18.93002364832319,16.321458863443596
13.117177869342049,12.130434782608695
20.147588024920594,13.30976430976431
3.9029495991165755,6.0
3.600659981943126,2.1953125
23.708717066211495,21.32558139534884
3.234541096076118,3.0625
1.6552833258566841,1.52
2.5683551060476093,2.5544554455445545
3.9017828704433253,5.470370370370371
0.4028183336603113,0.3612493564441393
2.0665141808567795,2.1941747572815533
5.9841296501873265,6.357396449704142
6.333442713202981,6.901986754966887
0.44054159856046304,0.5414847161572053
0.5145612976505121,0.4323559087389423
0.4447614390193932,0.4417974322396576
3.5549719678141463,3.9657142857142857
7.611879563110243,19.375
3.8697926688497546,5.127659574468085
7.243792082124624,5.0
2.7311822801888934,3.698224852071006
4.286122595331581,5.7938311688311686
3.3865066716146357,2.8666666666666667
4.9817666306902275,4.735802469135803
2.310801716004782,1.4594594594594594
7.460767554858867,10.75
1.8647747258344132,0.6805555555555556
2.4886537968782294,2.1923076923076925
3.470567686432207,2.2491803278688525
2.3960568315496205,1.5640495867768596
3.8248578908467152,4.215384615384616
4.963831078464635,5.893858984078848
3.218960914561043,3.303470031545741
3.6111679713453686,4.088042049934297
2.6849534985112307,2.150326797385621
0.34416711049244303,0.5
0.7050456623320871,0.7639633953928684
2.9054466398902496,2.5953757225433525
14.14772296744349,17.953125
0.3795948359948023,0.3157894736842105
17.180180526545858,15.428571428571429
0.3867679052313548,0.3365726799890501
0.35220824138310763,0.5192307692307693
3.4856932407052197,2.259183673469388
0.9973952588893271,1.1044982664388558
4.774661999037473,3.903162055335968
7.150212000145464,7.666666666666667
2.093912694683815,2.103671706263499
2.0878942161654557,1.927672955974843
4.885657300844087,4.139995760915642
2.184022256713916,1.7976878612716762
3.6281143097144906,5.355172413793103
4.463520962050213,3.2045454545454546
2.2016955706900854,1.7058823529411764
25.514362925491994,23.36764705882353
3.3058302921751226,2.8
0.7090492153135914,0.7081911262798635
2.5413436428287612,2.066666666666667
1.3775013102125442,1.5005947566255888
4.7873162733921,6.230440967283073
8.054132351315332,8.34733053389322
13.411388963951179,13.33
9.080466420332701,7.833333333333333
1.3800482152940607,1.0886544475673965
1.9567283378638276,1.7873303167420815
14.003865906215877,17.614525139664803
1.5984090837932672,0.7560975609756098
3.65631151013186,1.027027027027027
2.022353518637001,1.38
7.281273017854382,16.516483516483518
1.7739422169720647,2.1341463414634148
2.406696634568676,2.056603773584906
3.989584846163017,3.3674698795180724
0.6163649603018835,1.0
2.185125758442412,2.720812182741117
6.404858372105054,8.277675276752767
8.972576293449702,9.822934232715008
0.38275406250247973,0.4057187017001545
3.709367942575235,3.1075
2.124867619453025,1.0
5.733451452200132,5.996923076923077
5.0369921538018625,5.197278911564626
2.6057429747468297,2.333333333333333
4.0099888379660396,3.2814814814814817
2.558659442798314,2.586407766990291
4.780407851053069,5.102564102564102
2.6678344468771695,3.02247191011236
5.863539584212925,7.545253863134658
8.02340938785677,13.0
2.8703232291163223,2.4836065573770494
3.6958359064017037,2.75
2.580376723681811,2.891509433962264
3.4448810958775145,2.055555555555556
4.458532990758749,5.173151750972763
0.8944487816995745,1.2710280373831775
2.743469872536763,2.769470404984424
3.680263633087309,5.659574468085107
0.6939068206169459,0.7273383893102203
8.006299536761503,7.129411764705883
17.797605014938036,29.14018691588785
0.4343464935509217,0.4280575539568345
5.027538022628929,8.634567901234568
0.9692569135718516,1.0448518785217562
4.854380686938204,4.82306477093207
2.1761183581202133,2.991718426501035
1.7038877489773894,1.4689165186500888
3.4149045914722613,4.790499390986602
2.49224148596195,3.061224489795918
3.5239463519889984,4.211382113821138
3.457199896301816,3.3877551020408165
1.9347348984588133,1.9375
2.168149021151463,0.4218512898330804
1.813965897452991,0.5
0.8666517791422195,0.7406779661016949
2.445988580912722,1.827586206896552
1.4283316225507487,1.2254706273727056
3.3611653086027715,2.722772277227723
4.139884611769147,3.347679892400807
11.612352640655587,15.895555555555555
10.845745152970318,11.018181818181818
1.1099284271939958,1.072493239706909
1.3716818963935098,1.3037249283667622
13.547958344158708,13.75
3.047945949523653,2.121212121212121
5.646153191749198,3.6546762589928057
4.3397472302737565,21.0
6.3153702151231395,0.6458238247375627
1.7464895718605464,1.2421052631578948
1.8718483236256103,1.860635696821516
1.680920298998815,1.6071428571428572
2.5163687475329084,1.6347826086956525
0.4096620883108411,0.6470588235294118
1.568994755260431,1.4444444444444444
7.570318681165736,8.00984682713348
7.512571082408822,6.165739710789766
0.7422886527756654,0.5794334975369458
9.850316737767201,12.0
0.3936347547872164,0.5238095238095238
2.2690693362245806,3.1926470588235296
2.655877001758798,1.4705882352941178
4.517708567536667,3.9076023391812864
1.526636006617597,1.327659574468085
2.139647265556862,1.5769230769230769
4.850103504226967,4.401869158878505
1.8160733373728872,3.110823630875377
3.0915013900302135,3.1614906832298137
2.7314684545060124,1.4022988505747127
3.008533776463401,0.8116343490304709
0.24026487000601435,0.0209790209790209
2.4994835796572246,1.3058823529411765
2.2233029677579084,1.0766129032258065
3.2965155140526834,3.8541666666666665
4.501589507455477,3.3377982419422354
1.684149454572602,1.3617021276595744
2.5047274008342355,3.246006389776358
1.6158756513469164,1.2784810126582278
0.36538546856020604,0.3333333333333333
0.5830661194122584,0.75
3.144045239162261,3.8
0.35710554123396027,0.2222222222222222
2.743535998036136,0.8178294573643411
0.4936998138303296,0.2857142857142857
0.45939006443422764,0.5114503816793893
3.6628557551318046,2.3214750542299347
0.9987151485269012,1.0596983399773905
3.9655905709378283,3.288100208768267
1.3648315959503572,1.3108695652173914
1.1918892979486686,1.106060606060606
2.5338970817531172,2.5
1.644752457840215,1.7366071428571428
1.5900725571427303,1.983783783783784
2.2858956692542525,2.108433734939759
1.9435212605559387,1.5
3.6021492542798077,3.385281385281385
1.1195022765207634,1.1358364622444723
2.9765740661267093,2.931554977228367
1.577443610445176,1.7493186196399269
4.094032137787785,4.18977202711029
6.840729041265369,8.319419237749546
24.669918939774995,31.35498742665549
13.151648092408822,13.52051282051282
0.9650639138155224,0.8667341430499326
1.837727830567058,1.8832997987927564
18.53162085158533,17.352331606217618
1.793881230790637,0.9691119691119692
9.541028659411511,12.6497461928934
2.1348969786429874,2.026666666666667
1.5452770917283423,1.348088531187123
10.789795301372136,17.727941176470587
1.2734783724276366,1.4694835680751173
2.1565597501436646,2.126470588235294
2.8583993614726486,2.9157549234135667
0.26800569464398716,0.3000868809730669
2.371064071710863,2.77989417989418
5.000962912572233,6.349615806805708
7.996580806087726,10.192307692307692
0.4062941095327411,0.4626555098065258
0.4591707128935823,0.5058479532163743
2.79426074902834,2.38
0.27272828992155157,0.2750368188512518
2.4961515774407608,2.2394160583941605
5.272397557960973,5.0344827586206895
7.756057235848619,7.752962865420068
2.1943495803500244,3.661504424778761
2.6435974077710322,3.08445945945946
3.1016649078577876,3.4130434782608696
3.009750961419239,3.082808280828083
1.9939386626917583,2.149484536082474
6.775355219311074,6.3875
3.795608692799906,5.153846153846154
2.1969033544035894,1.739454094292804
5.575861063944324,7.102879057358826
2.1631981380420124,1.9885764499121263
3.2645145737566814,3.313725490196078
3.9037384908570605,4.658940397350993
1.534127777634942,1.3308089500860585
2.5436426046386327,2.08557457212714
2.6960581083986126,2.4747998115873764
0.23876969811032567,0.3
0.47517496747058646,0.5523255813953488
3.765857947111776,2.617794486215539
13.763738259988912,19.58620689655172
0.6684896721644558,0.5
11.504127299192918,12.264516129032256
0.34797193524600695,0.2970583752476756
0.5021577921604843,0.3333333333333333
2.1545019626541455,1.815050344462109
0.8134993452831962,0.8334115890730909
4.332455911718031,5.228260869565218
1.761490307033288,1.9279835390946505
1.7444294172615962,1.503370786516854
2.0591556490574727,2.333333333333333
3.6456418581516497,4.209985274914566
2.11978744236883,2.320754716981132
2.6142255424592262,2.617523609653725
3.7586008929931456,5.834635416666667
2.5780351686330403,4.026548672566372
0.9762538853952225,0.6608542633178691
3.251175536071532,3.4166666666666665
1.201929677639364,1.507652516626981
3.146131073149858,2.9917275430947363
3.8301804308834235,3.676691729323308
5.249961875561172,6.931562574778655
8.451651267082427,9.317444219066935
14.975819104630979,13.181818181818182
1.091817998186822,1.0787597304899588
1.6032633134400673,1.5319148936170213
15.950804372251266,13.535578791524012
12.734478229460557,14.208791208791208
7.525566356079194,6.75
4.293740446781114,4.875
2.3481897210801237,1.469387755102041
14.85985757998911,11.76271186440678
1.8289299902645744,1.0
1.415276659490659,1.4156626506024097
2.411409564284343,3.0220125786163523
2.26648737173981,3.188925081433225
0.2766724779812327,0.3085714285714285
1.8058983653061444,2.0906630581867387
5.105303277426794,5.112774451097804
7.756579977419262,7.804532577903683
0.2521137472134151,0.2522522522522522
0.4371084683165069,0.4168133206985244
0.39554241494560377,0.2933333333333333
0.3677661424961295,0.3922413793103448
2.4301504569599586,3.7066666666666666
6.682437141053517,8.4
5.907154256369358,5.04306632213609
-0.011963956169186326,0.2661224489795918
4.455112954698118,9.666666666666666
2.847523209565276,2.042168674698796
3.313021309396727,3.609375
2.990036520331838,2.925
2.4090749721264437,2.093851132686084
1.4776754474645757,1.2394366197183098
6.995532005574801,11.065217391304348
0.23723412699673363,0.0888888888888888
1.5453477973093213,1.395505617977528
2.119814653785081,2.117647058823529
2.518002294360466,2.593844262137601
1.876332899233013,1.9083333333333328
3.366642153544997,4.296296296296297
2.428340704000815,2.269751693002257
1.6766677344539005,1.950819672131148
2.2661932151688,2.3434959349593494
2.326576749429977,1.9921875
0.27009007332505214,0.28125
0.5150176362007566,0.6172839506172839
2.015633385538175,2.289473684210526
3.734780999519942,2.0
0.3445155800360738,0.3040935672514619
6.028256046110487,4.79047619047619
0.3436171791261887,0.3212951432129514
0.3802714435823863,0.4390243902439024
0.2762663644172385,0.35
2.168259517326271,2.3218085106382977
0.9735643028729346,1.0836957464471124
17.32199786830707,19.0
4.000934310682081,3.7931456548347615
1.7348507386945458,1.7065727699530515
1.6463229816349916,1.6578947368421053
3.0653235824025993,4.82051282051282
5.130640705768573,5.410018686215323
1.4762479290404462,1.4759358288770053
2.849001101856419,3.0684491978609625
1.6071923001655484,1.1896551724137931
7.21011334862027,7.575342465753424
2.904002344826067,3.0
